doc_id,contrast,budget,value
govreport_test_0000,Full - no_path,unit:10,0.0
govreport_test_0000,AB2 - AB0,unit:10,-0.005760368663594473
govreport_test_0000,TextRank - no_path,unit:10,0.023884236501058892
govreport_test_0000,Lead - no_path,unit:10,-0.10063045245724545
govreport_test_0000,Full - no_path,unit:5,0.0
govreport_test_0000,AB2 - AB0,unit:5,-0.01301158921967574
govreport_test_0000,TextRank - no_path,unit:5,0.022717049032838527
govreport_test_0000,Lead - no_path,unit:5,-0.08875787483597332
govreport_test_0000,Full - no_path,word:110,0.0
govreport_test_0000,AB2 - AB0,word:110,-0.03497615262321144
govreport_test_0000,TextRank - no_path,word:110,0.04985396825396825
govreport_test_0000,Lead - no_path,word:110,-0.022091813804173327
govreport_test_0000,Full - no_path,word:260,-0.009740852862884286
govreport_test_0000,AB2 - AB0,word:260,-0.0652235765786155
govreport_test_0000,TextRank - no_path,word:260,0.08313344397479447
govreport_test_0000,Lead - no_path,word:260,-0.04773678702250131
govreport_test_0001,Full - no_path,unit:10,0.0
govreport_test_0001,AB2 - AB0,unit:10,-0.059400161546481006
govreport_test_0001,TextRank - no_path,unit:10,0.02837744215047805
govreport_test_0001,Lead - no_path,unit:10,-0.010509031198686375
govreport_test_0001,Full - no_path,unit:5,0.0064855229182231855
govreport_test_0001,AB2 - AB0,unit:5,-0.002434323458847365
govreport_test_0001,TextRank - no_path,unit:5,0.02654787459540936
govreport_test_0001,Lead - no_path,unit:5,0.006205109524169583
govreport_test_0001,Full - no_path,word:110,0.0
govreport_test_0001,AB2 - AB0,word:110,-0.02695085432446717
govreport_test_0001,TextRank - no_path,word:110,0.031883036815219326
govreport_test_0001,Lead - no_path,word:110,0.007544412476594958
govreport_test_0001,Full - no_path,word:260,0.062434963579604597
govreport_test_0001,AB2 - AB0,word:260,-0.016839700502551735
govreport_test_0001,TextRank - no_path,word:260,0.04120405038451855
govreport_test_0001,Lead - no_path,word:260,0.0
govreport_test_0002,Full - no_path,unit:10,-0.0005021276047869339
govreport_test_0002,AB2 - AB0,unit:10,-0.008025206190343748
govreport_test_0002,TextRank - no_path,unit:10,0.06295062810400234
govreport_test_0002,Lead - no_path,unit:10,-0.07500254211436125
govreport_test_0002,Full - no_path,unit:5,-0.010675479036623026
govreport_test_0002,AB2 - AB0,unit:5,-0.01371583858893502
govreport_test_0002,TextRank - no_path,unit:5,0.04080228164559055
govreport_test_0002,Lead - no_path,unit:5,-0.05932957995330479
govreport_test_0002,Full - no_path,word:110,0.0
govreport_test_0002,AB2 - AB0,word:110,0.008875739644970376
govreport_test_0002,TextRank - no_path,word:110,0.012097304404996762
govreport_test_0002,Lead - no_path,word:110,-0.059171597633136064
govreport_test_0002,Full - no_path,word:260,-0.01694915254237292
govreport_test_0002,AB2 - AB0,word:260,-0.03936975481323021
govreport_test_0002,TextRank - no_path,word:260,0.0723200927533516
govreport_test_0002,Lead - no_path,word:260,-0.04842615012106538
govreport_test_0003,Full - no_path,unit:10,0.0
govreport_test_0003,AB2 - AB0,unit:10,0.047785091142535485
govreport_test_0003,TextRank - no_path,unit:10,-0.04719887955182073
govreport_test_0003,Lead - no_path,unit:10,-0.05818240102580541
govreport_test_0003,Full - no_path,unit:5,0.0
govreport_test_0003,AB2 - AB0,unit:5,0.030694342273561742
govreport_test_0003,TextRank - no_path,unit:5,-0.05603576637319507
govreport_test_0003,Lead - no_path,unit:5,-0.0705134356515898
govreport_test_0003,Full - no_path,word:110,0.0
govreport_test_0003,AB2 - AB0,word:110,-0.009331259720062185
govreport_test_0003,TextRank - no_path,word:110,-0.009583194042722287
govreport_test_0003,Lead - no_path,word:110,-0.031152647975077885
govreport_test_0003,Full - no_path,word:260,0.0
govreport_test_0003,AB2 - AB0,word:260,0.005037783375314853
govreport_test_0003,TextRank - no_path,word:260,-0.033548070707295874
govreport_test_0003,Lead - no_path,word:260,-0.01819013715140222
govreport_test_0004,Full - no_path,unit:10,-0.009120279040512352
govreport_test_0004,AB2 - AB0,unit:10,-0.015999692646077174
govreport_test_0004,TextRank - no_path,unit:10,0.036811296127832904
govreport_test_0004,Lead - no_path,unit:10,-0.03762981019379763
govreport_test_0004,Full - no_path,unit:5,0.0
govreport_test_0004,AB2 - AB0,unit:5,-0.0008276690910946072
govreport_test_0004,TextRank - no_path,unit:5,0.020694772104264708
govreport_test_0004,Lead - no_path,unit:5,-0.01134553465514318
govreport_test_0004,Full - no_path,word:110,0.0
govreport_test_0004,AB2 - AB0,word:110,0.0
govreport_test_0004,TextRank - no_path,word:110,0.00016732688033579968
govreport_test_0004,Lead - no_path,word:110,0.002866382210970117
govreport_test_0004,Full - no_path,word:260,0.0063687207134579815
govreport_test_0004,AB2 - AB0,word:260,-0.031354983202687564
govreport_test_0004,TextRank - no_path,word:260,0.04896961757444451
govreport_test_0004,Lead - no_path,word:260,-0.011235955056179747
govreport_test_0005,Full - no_path,unit:10,0.0
govreport_test_0005,AB2 - AB0,unit:10,0.044380524669791754
govreport_test_0005,TextRank - no_path,unit:10,-0.022922622932735143
govreport_test_0005,Lead - no_path,unit:10,-0.03487154556673269
govreport_test_0005,Full - no_path,unit:5,0.0
govreport_test_0005,AB2 - AB0,unit:5,0.024819246543486523
govreport_test_0005,TextRank - no_path,unit:5,-0.04371305863843178
govreport_test_0005,Lead - no_path,unit:5,-0.04609808102345414
govreport_test_0005,Full - no_path,word:110,0.0
govreport_test_0005,AB2 - AB0,word:110,0.01260642680582258
govreport_test_0005,TextRank - no_path,word:110,-0.02719033232628401
govreport_test_0005,Lead - no_path,word:110,-0.04229607250755285
govreport_test_0005,Full - no_path,word:260,0.0
govreport_test_0005,AB2 - AB0,word:260,0.033865482141344216
govreport_test_0005,TextRank - no_path,word:260,-0.010622865604883819
govreport_test_0005,Lead - no_path,word:260,-0.0051896824386963025
govreport_test_0006,Full - no_path,unit:10,0.0
govreport_test_0006,AB2 - AB0,unit:10,-0.0680768919748026
govreport_test_0006,TextRank - no_path,unit:10,0.05910484365419985
govreport_test_0006,Lead - no_path,unit:10,-0.07463946082181191
govreport_test_0006,Full - no_path,unit:5,0.0
govreport_test_0006,AB2 - AB0,unit:5,-0.006547668471445056
govreport_test_0006,TextRank - no_path,unit:5,0.0016459505800613117
govreport_test_0006,Lead - no_path,unit:5,-0.07302591642407405
govreport_test_0006,Full - no_path,word:110,0.0
govreport_test_0006,AB2 - AB0,word:110,-0.009053551232051676
govreport_test_0006,TextRank - no_path,word:110,0.0018548229524708304
govreport_test_0006,Lead - no_path,word:110,-0.03960379575637986
govreport_test_0006,Full - no_path,word:260,0.0
govreport_test_0006,AB2 - AB0,word:260,-0.022932081199013465
govreport_test_0006,TextRank - no_path,word:260,0.02542117811061914
govreport_test_0006,Lead - no_path,word:260,-0.07500927222042764
govreport_test_0007,Full - no_path,unit:10,0.0
govreport_test_0007,AB2 - AB0,unit:10,-0.021074443591711428
govreport_test_0007,TextRank - no_path,unit:10,0.037900790897100634
govreport_test_0007,Lead - no_path,unit:10,-0.016681748299853666
govreport_test_0007,Full - no_path,unit:5,-0.004861051363675428
govreport_test_0007,AB2 - AB0,unit:5,-0.016103928261907763
govreport_test_0007,TextRank - no_path,unit:5,0.019029962162909003
govreport_test_0007,Lead - no_path,unit:5,-0.04432316591447742
govreport_test_0007,Full - no_path,word:110,0.0
govreport_test_0007,AB2 - AB0,word:110,-0.02998415173517774
govreport_test_0007,TextRank - no_path,word:110,0.052650476459803586
govreport_test_0007,Lead - no_path,word:110,-0.0017889087656529495
govreport_test_0007,Full - no_path,word:260,0.0043649730060879854
govreport_test_0007,AB2 - AB0,word:260,-0.04753341194968555
govreport_test_0007,TextRank - no_path,word:260,0.05522103658536587
govreport_test_0007,Lead - no_path,word:260,0.0
govreport_test_0008,Full - no_path,unit:10,-0.0005001751851204661
govreport_test_0008,AB2 - AB0,unit:10,0.018100693487474784
govreport_test_0008,TextRank - no_path,unit:10,-0.023555214071084046
govreport_test_0008,Lead - no_path,unit:10,-0.08448489137700027
govreport_test_0008,Full - no_path,unit:5,-0.002765324332147101
govreport_test_0008,AB2 - AB0,unit:5,0.026240706925785895
govreport_test_0008,TextRank - no_path,unit:5,-0.022851407545920438
govreport_test_0008,Lead - no_path,unit:5,-0.10342888243831641
govreport_test_0008,Full - no_path,word:110,-0.03632926296703723
govreport_test_0008,AB2 - AB0,word:110,-0.013289036544850502
govreport_test_0008,TextRank - no_path,word:110,0.013289036544850502
govreport_test_0008,Lead - no_path,word:110,-0.046511627906976744
govreport_test_0008,Full - no_path,word:260,-0.011436974390816618
govreport_test_0008,AB2 - AB0,word:260,0.017177979030167295
govreport_test_0008,TextRank - no_path,word:260,-0.004063008204960805
govreport_test_0008,Lead - no_path,word:260,-0.05138371207390585
govreport_test_0009,Full - no_path,unit:10,0.0
govreport_test_0009,AB2 - AB0,unit:10,-0.01916375187150196
govreport_test_0009,TextRank - no_path,unit:10,0.044627095689534324
govreport_test_0009,Lead - no_path,unit:10,0.033400962724270955
govreport_test_0009,Full - no_path,unit:5,0.0
govreport_test_0009,AB2 - AB0,unit:5,-0.05890860435443826
govreport_test_0009,TextRank - no_path,unit:5,-0.015558563579902873
govreport_test_0009,Lead - no_path,unit:5,0.022139588100686503
govreport_test_0009,Full - no_path,word:110,0.0
govreport_test_0009,AB2 - AB0,word:110,-0.08062015503875969
govreport_test_0009,TextRank - no_path,word:110,0.040521931725167326
govreport_test_0009,Lead - no_path,word:110,0.05581395348837209
govreport_test_0009,Full - no_path,word:260,0.0
govreport_test_0009,AB2 - AB0,word:260,-0.0522222642032216
govreport_test_0009,TextRank - no_path,word:260,0.03300605741040144
govreport_test_0009,Lead - no_path,word:260,0.03421652367695055
govreport_test_0010,Full - no_path,unit:10,0.0
govreport_test_0010,AB2 - AB0,unit:10,-0.13702675905345096
govreport_test_0010,TextRank - no_path,unit:10,0.14742712987447193
govreport_test_0010,Lead - no_path,unit:10,0.0139692614025263
govreport_test_0010,Full - no_path,unit:5,-0.026073488127670796
govreport_test_0010,AB2 - AB0,unit:5,-0.052956172040079075
govreport_test_0010,TextRank - no_path,unit:5,0.0625492663633472
govreport_test_0010,Lead - no_path,unit:5,-0.05334109032785056
govreport_test_0010,Full - no_path,word:110,0.0
govreport_test_0010,AB2 - AB0,word:110,-0.12450639528534845
govreport_test_0010,TextRank - no_path,word:110,0.11327178060245789
govreport_test_0010,Lead - no_path,word:110,0.025970193300870567
govreport_test_0010,Full - no_path,word:260,0.0
govreport_test_0010,AB2 - AB0,word:260,-0.14442731556917193
govreport_test_0010,TextRank - no_path,word:260,0.1677704194260485
govreport_test_0010,Lead - no_path,word:260,0.06783946475284688
govreport_test_0011,Full - no_path,unit:10,-0.0029784136153340746
govreport_test_0011,AB2 - AB0,unit:10,-0.025628075064222544
govreport_test_0011,TextRank - no_path,unit:10,0.041969089388195435
govreport_test_0011,Lead - no_path,unit:10,-0.03271600674377492
govreport_test_0011,Full - no_path,unit:5,0.0
govreport_test_0011,AB2 - AB0,unit:5,-0.01908296928746525
govreport_test_0011,TextRank - no_path,unit:5,0.021022667297732583
govreport_test_0011,Lead - no_path,unit:5,-0.032230614538141786
govreport_test_0011,Full - no_path,word:110,0.0
govreport_test_0011,AB2 - AB0,word:110,-0.011280425791579077
govreport_test_0011,TextRank - no_path,word:110,0.05208118335053322
govreport_test_0011,Lead - no_path,word:110,0.025241887147872233
govreport_test_0011,Full - no_path,word:260,-0.01428571428571429
govreport_test_0011,AB2 - AB0,word:260,-0.00933034838041652
govreport_test_0011,TextRank - no_path,word:260,0.031660692951015534
govreport_test_0011,Lead - no_path,word:260,-0.028076463560334525
govreport_test_0012,Full - no_path,unit:10,-0.008985940249381735
govreport_test_0012,AB2 - AB0,unit:10,0.003394630804511245
govreport_test_0012,TextRank - no_path,unit:10,0.023341496587865218
govreport_test_0012,Lead - no_path,unit:10,-0.03237355390962035
govreport_test_0012,Full - no_path,unit:5,0.0007903707027529239
govreport_test_0012,AB2 - AB0,unit:5,-0.04214341350204259
govreport_test_0012,TextRank - no_path,unit:5,0.01568138369011382
govreport_test_0012,Lead - no_path,unit:5,-0.0903751552795031
govreport_test_0012,Full - no_path,word:110,-0.032543856073267846
govreport_test_0012,AB2 - AB0,word:110,-0.05476413770442423
govreport_test_0012,TextRank - no_path,word:110,-0.008611020659213459
govreport_test_0012,Lead - no_path,word:110,-0.035240989855210736
govreport_test_0012,Full - no_path,word:260,-0.009564480941365167
govreport_test_0012,AB2 - AB0,word:260,-0.03490637973396593
govreport_test_0012,TextRank - no_path,word:260,0.008522872514788726
govreport_test_0012,Lead - no_path,word:260,-0.02837749648890131
govreport_test_0013,Full - no_path,unit:10,0.0001708545674138917
govreport_test_0013,AB2 - AB0,unit:10,-0.0025085346762481475
govreport_test_0013,TextRank - no_path,unit:10,0.014186746987951804
govreport_test_0013,Lead - no_path,unit:10,-0.0654681149568261
govreport_test_0013,Full - no_path,unit:5,-0.003654686443320787
govreport_test_0013,AB2 - AB0,unit:5,0.02044939187796331
govreport_test_0013,TextRank - no_path,unit:5,-0.03572434648131857
govreport_test_0013,Lead - no_path,unit:5,-0.06569705115281842
govreport_test_0013,Full - no_path,word:110,0.014462992999664803
govreport_test_0013,AB2 - AB0,word:110,-0.011480455524776889
govreport_test_0013,TextRank - no_path,word:110,0.011280116489486403
govreport_test_0013,Lead - no_path,word:110,-0.06094182825484763
govreport_test_0013,Full - no_path,word:260,-0.002290950744558984
govreport_test_0013,AB2 - AB0,word:260,-0.013535006688505241
govreport_test_0013,TextRank - no_path,word:260,0.02545792742520256
govreport_test_0013,Lead - no_path,word:260,-0.07087234780415524
govreport_test_0014,Full - no_path,unit:10,0.0
govreport_test_0014,AB2 - AB0,unit:10,-0.007574965279534884
govreport_test_0014,TextRank - no_path,unit:10,0.022098753350995926
govreport_test_0014,Lead - no_path,unit:10,-0.047176880951960765
govreport_test_0014,Full - no_path,unit:5,0.0
govreport_test_0014,AB2 - AB0,unit:5,-0.027167725257964487
govreport_test_0014,TextRank - no_path,unit:5,-0.013197855348505816
govreport_test_0014,Lead - no_path,unit:5,-0.07316182469444676
govreport_test_0014,Full - no_path,word:110,0.0
govreport_test_0014,AB2 - AB0,word:110,0.014625155973739118
govreport_test_0014,TextRank - no_path,word:110,-0.023281052226074517
govreport_test_0014,Lead - no_path,word:110,-0.05894227065103737
govreport_test_0014,Full - no_path,word:260,0.0
govreport_test_0014,AB2 - AB0,word:260,-0.024809250466539118
govreport_test_0014,TextRank - no_path,word:260,-0.009708737864077666
govreport_test_0014,Lead - no_path,word:260,-0.08462074504523656
govreport_test_0015,Full - no_path,unit:10,0.0
govreport_test_0015,AB2 - AB0,unit:10,-0.006898401870233384
govreport_test_0015,TextRank - no_path,unit:10,0.01763026207910437
govreport_test_0015,Lead - no_path,unit:10,0.02295573700411621
govreport_test_0015,Full - no_path,unit:5,0.0
govreport_test_0015,AB2 - AB0,unit:5,-0.011661023451312647
govreport_test_0015,TextRank - no_path,unit:5,0.024329348242790913
govreport_test_0015,Lead - no_path,unit:5,0.015086073152871374
govreport_test_0015,Full - no_path,word:110,0.000208392535758245
govreport_test_0015,AB2 - AB0,word:110,-0.015383591943987085
govreport_test_0015,TextRank - no_path,word:110,0.028260869565217367
govreport_test_0015,Lead - no_path,word:110,0.005114529263298237
govreport_test_0015,Full - no_path,word:260,0.0
govreport_test_0015,AB2 - AB0,word:260,-0.0406222092999107
govreport_test_0015,TextRank - no_path,word:260,0.006049120521624041
govreport_test_0015,Lead - no_path,word:260,-0.007992390853694659
govreport_test_0016,Full - no_path,unit:10,-0.009211249097939522
govreport_test_0016,AB2 - AB0,unit:10,-0.04662418571859231
govreport_test_0016,TextRank - no_path,unit:10,0.00013808110122059958
govreport_test_0016,Lead - no_path,unit:10,-0.05128047502619629
govreport_test_0016,Full - no_path,unit:5,-0.0053958640074956155
govreport_test_0016,AB2 - AB0,unit:5,0.014808142231846705
govreport_test_0016,TextRank - no_path,unit:5,0.005578974050846841
govreport_test_0016,Lead - no_path,unit:5,-0.07660787547260878
govreport_test_0016,Full - no_path,word:110,0.0027106512649705816
govreport_test_0016,AB2 - AB0,word:110,-0.024602555925637218
govreport_test_0016,TextRank - no_path,word:110,0.02947464153261048
govreport_test_0016,Lead - no_path,word:110,-0.006891311803034428
govreport_test_0016,Full - no_path,word:260,0.0
govreport_test_0016,AB2 - AB0,word:260,-0.09222308278340657
govreport_test_0016,TextRank - no_path,word:260,0.01887342510203563
govreport_test_0016,Lead - no_path,word:260,-0.011825485274183367
govreport_test_0017,Full - no_path,unit:10,0.0
govreport_test_0017,AB2 - AB0,unit:10,-0.16123925377529022
govreport_test_0017,TextRank - no_path,unit:10,0.10080379005642501
govreport_test_0017,Lead - no_path,unit:10,-0.015893817204301053
govreport_test_0017,Full - no_path,unit:5,0.0
govreport_test_0017,AB2 - AB0,unit:5,-0.1009381429918016
govreport_test_0017,TextRank - no_path,unit:5,0.02276785714285709
govreport_test_0017,Lead - no_path,unit:5,-0.05029385171790238
govreport_test_0017,Full - no_path,word:110,0.0
govreport_test_0017,AB2 - AB0,word:110,-0.026808562046280765
govreport_test_0017,TextRank - no_path,word:110,0.02980132450331127
govreport_test_0017,Lead - no_path,word:110,-0.03994307919654094
govreport_test_0017,Full - no_path,word:260,0.0
govreport_test_0017,AB2 - AB0,word:260,-0.08851627448217556
govreport_test_0017,TextRank - no_path,word:260,0.0899038681701135
govreport_test_0017,Lead - no_path,word:260,-0.019616821134659956
govreport_test_0018,Full - no_path,unit:10,0.0030639014955669286
govreport_test_0018,AB2 - AB0,unit:10,-0.0188737545595703
govreport_test_0018,TextRank - no_path,unit:10,0.01624805491117029
govreport_test_0018,Lead - no_path,unit:10,-0.06956416538124188
govreport_test_0018,Full - no_path,unit:5,-0.004178400531171994
govreport_test_0018,AB2 - AB0,unit:5,-0.01640986659996896
govreport_test_0018,TextRank - no_path,unit:5,0.008302445405827225
govreport_test_0018,Lead - no_path,unit:5,-0.05490303821233146
govreport_test_0018,Full - no_path,word:110,-0.002621231979030164
govreport_test_0018,AB2 - AB0,word:110,-0.012812543168945964
govreport_test_0018,TextRank - no_path,word:110,0.020969855832241147
govreport_test_0018,Lead - no_path,word:110,-0.044271228530040715
govreport_test_0018,Full - no_path,word:260,0.0021929824561403577
govreport_test_0018,AB2 - AB0,word:260,-0.023873922349368054
govreport_test_0018,TextRank - no_path,word:260,0.03663359217716422
govreport_test_0018,Lead - no_path,word:260,-0.04580200501253133
govreport_test_0019,Full - no_path,unit:10,0.0
govreport_test_0019,AB2 - AB0,unit:10,-0.04612201645052233
govreport_test_0019,TextRank - no_path,unit:10,0.052060918488275376
govreport_test_0019,Lead - no_path,unit:10,-0.0018739016151005927
govreport_test_0019,Full - no_path,unit:5,-0.0023527882490576024
govreport_test_0019,AB2 - AB0,unit:5,-0.05004069369301539
govreport_test_0019,TextRank - no_path,unit:5,0.036014558689717924
govreport_test_0019,Lead - no_path,unit:5,-0.009853605169712315
govreport_test_0019,Full - no_path,word:110,-0.005194358445132427
govreport_test_0019,AB2 - AB0,word:110,-0.05797717494912025
govreport_test_0019,TextRank - no_path,word:110,0.05925238941700803
govreport_test_0019,Lead - no_path,word:110,0.023803399015623117
govreport_test_0019,Full - no_path,word:260,0.0
govreport_test_0019,AB2 - AB0,word:260,-0.03402063038564368
govreport_test_0019,TextRank - no_path,word:260,0.0735898528636334
govreport_test_0019,Lead - no_path,word:260,0.016545855657106867
govreport_test_0020,Full - no_path,unit:10,0.0
govreport_test_0020,AB2 - AB0,unit:10,-0.002653753026634398
govreport_test_0020,TextRank - no_path,unit:10,0.00143215479507669
govreport_test_0020,Lead - no_path,unit:10,-0.03631897661477004
govreport_test_0020,Full - no_path,unit:5,0.0
govreport_test_0020,AB2 - AB0,unit:5,0.022999106440706518
govreport_test_0020,TextRank - no_path,unit:5,0.002172652129296071
govreport_test_0020,Lead - no_path,unit:5,-0.018546460455174163
govreport_test_0020,Full - no_path,word:110,0.0
govreport_test_0020,AB2 - AB0,word:110,-0.018285170758220837
govreport_test_0020,TextRank - no_path,word:110,0.0005978829508241357
govreport_test_0020,Lead - no_path,word:110,0.006631065454594881
govreport_test_0020,Full - no_path,word:260,0.0004456327985739583
govreport_test_0020,AB2 - AB0,word:260,-0.03709018555644322
govreport_test_0020,TextRank - no_path,word:260,0.014946469385300087
govreport_test_0020,Lead - no_path,word:260,-0.0020113696584284635
govreport_test_0021,Full - no_path,unit:10,-0.0028847612349867102
govreport_test_0021,AB2 - AB0,unit:10,-0.005230370452454058
govreport_test_0021,TextRank - no_path,unit:10,0.008395140982579236
govreport_test_0021,Lead - no_path,unit:10,-0.06172534094513163
govreport_test_0021,Full - no_path,unit:5,-0.00260957270976557
govreport_test_0021,AB2 - AB0,unit:5,0.009060877772534198
govreport_test_0021,TextRank - no_path,unit:5,0.03340200506622115
govreport_test_0021,Lead - no_path,unit:5,-0.03609178229643964
govreport_test_0021,Full - no_path,word:110,0.0
govreport_test_0021,AB2 - AB0,word:110,-0.01706334166131665
govreport_test_0021,TextRank - no_path,word:110,0.01970624046360371
govreport_test_0021,Lead - no_path,word:110,-0.01987577639751552
govreport_test_0021,Full - no_path,word:260,-0.004363356549188346
govreport_test_0021,AB2 - AB0,word:260,-0.019047932650619576
govreport_test_0021,TextRank - no_path,word:260,0.018828451882845182
govreport_test_0021,Lead - no_path,word:260,-0.035711318931633484
govreport_test_0022,Full - no_path,unit:10,0.0
govreport_test_0022,AB2 - AB0,unit:10,-0.038492206585168914
govreport_test_0022,TextRank - no_path,unit:10,0.04080146502626006
govreport_test_0022,Lead - no_path,unit:10,0.012874566369932616
govreport_test_0022,Full - no_path,unit:5,-0.0014544709617946017
govreport_test_0022,AB2 - AB0,unit:5,0.013793822960641772
govreport_test_0022,TextRank - no_path,unit:5,-0.003291904601948309
govreport_test_0022,Lead - no_path,unit:5,-0.017150424897914185
govreport_test_0022,Full - no_path,word:110,0.0
govreport_test_0022,AB2 - AB0,word:110,-0.03456900307058086
govreport_test_0022,TextRank - no_path,word:110,0.04075691411935953
govreport_test_0022,Lead - no_path,word:110,0.0232896652110626
govreport_test_0022,Full - no_path,word:260,0.0
govreport_test_0022,AB2 - AB0,word:260,-0.04279924313880171
govreport_test_0022,TextRank - no_path,word:260,0.047578215659709766
govreport_test_0022,Lead - no_path,word:260,0.01890438053426169
govreport_test_0023,Full - no_path,unit:10,-0.010596606254773044
govreport_test_0023,AB2 - AB0,unit:10,-0.006142283863029924
govreport_test_0023,TextRank - no_path,unit:10,-0.006527016994723023
govreport_test_0023,Lead - no_path,unit:10,-0.03502850346552927
govreport_test_0023,Full - no_path,unit:5,0.007148485871890112
govreport_test_0023,AB2 - AB0,unit:5,-0.00885537782162403
govreport_test_0023,TextRank - no_path,unit:5,0.0037332915622389218
govreport_test_0023,Lead - no_path,unit:5,-0.006087224533826499
govreport_test_0023,Full - no_path,word:110,0.0
govreport_test_0023,AB2 - AB0,word:110,-0.02075707473490007
govreport_test_0023,TextRank - no_path,word:110,0.007011613446060383
govreport_test_0023,Lead - no_path,word:110,0.0035722325346244505
govreport_test_0023,Full - no_path,word:260,0.0
govreport_test_0023,AB2 - AB0,word:260,-0.008002993327374391
govreport_test_0023,TextRank - no_path,word:260,0.020319634703196324
govreport_test_0023,Lead - no_path,word:260,0.0077642893272635155
govreport_test_0024,Full - no_path,unit:10,0.0
govreport_test_0024,AB2 - AB0,unit:10,0.05345185727568316
govreport_test_0024,TextRank - no_path,unit:10,-0.028004179728317674
govreport_test_0024,Lead - no_path,unit:10,-0.12338670959360615
govreport_test_0024,Full - no_path,unit:5,0.06750466023571114
govreport_test_0024,AB2 - AB0,unit:5,-0.017181208053691305
govreport_test_0024,TextRank - no_path,unit:5,0.011826877345029851
govreport_test_0024,Lead - no_path,unit:5,-0.06463490624822978
govreport_test_0024,Full - no_path,word:110,-0.014931127090011265
govreport_test_0024,AB2 - AB0,word:110,0.029298091963939454
govreport_test_0024,TextRank - no_path,word:110,-0.023372910883174558
govreport_test_0024,Lead - no_path,word:110,-0.06198995061942304
govreport_test_0024,Full - no_path,word:260,0.0
govreport_test_0024,AB2 - AB0,word:260,0.016238108419166425
govreport_test_0024,TextRank - no_path,word:260,-0.023042996811871358
govreport_test_0024,Lead - no_path,word:260,-0.10860950878546369
govreport_test_0025,Full - no_path,unit:10,-0.004463443477620593
govreport_test_0025,AB2 - AB0,unit:10,0.012030912504733593
govreport_test_0025,TextRank - no_path,unit:10,-0.007484437111955455
govreport_test_0025,Lead - no_path,unit:10,-0.06180987526181787
govreport_test_0025,Full - no_path,unit:5,-0.016068146963476887
govreport_test_0025,AB2 - AB0,unit:5,0.025766606046419505
govreport_test_0025,TextRank - no_path,unit:5,-0.03142949216158325
govreport_test_0025,Lead - no_path,unit:5,-0.07277207502192941
govreport_test_0025,Full - no_path,word:110,0.0
govreport_test_0025,AB2 - AB0,word:110,0.0
govreport_test_0025,TextRank - no_path,word:110,0.00647679242438623
govreport_test_0025,Lead - no_path,word:110,-0.03344481605351171
govreport_test_0025,Full - no_path,word:260,-0.004882905006764915
govreport_test_0025,AB2 - AB0,word:260,-0.004890054208824629
govreport_test_0025,TextRank - no_path,word:260,-0.010459578903779021
govreport_test_0025,Lead - no_path,word:260,-0.06172099861510867
govreport_test_0026,Full - no_path,unit:10,0.0
govreport_test_0026,AB2 - AB0,unit:10,-0.021544646024093228
govreport_test_0026,TextRank - no_path,unit:10,0.05148556529300746
govreport_test_0026,Lead - no_path,unit:10,-0.004032143647600295
govreport_test_0026,Full - no_path,unit:5,0.0
govreport_test_0026,AB2 - AB0,unit:5,-0.02289668211191867
govreport_test_0026,TextRank - no_path,unit:5,0.05181135704299902
govreport_test_0026,Lead - no_path,unit:5,0.009359224271504984
govreport_test_0026,Full - no_path,word:110,0.0
govreport_test_0026,AB2 - AB0,word:110,-0.028742011644148857
govreport_test_0026,TextRank - no_path,word:110,0.0690737833594976
govreport_test_0026,Lead - no_path,word:110,0.022910513093316043
govreport_test_0026,Full - no_path,word:260,0.0
govreport_test_0026,AB2 - AB0,word:260,-0.020356234096692072
govreport_test_0026,TextRank - no_path,word:260,0.06405418854870737
govreport_test_0026,Lead - no_path,word:260,0.008962520369364485
govreport_test_0027,Full - no_path,unit:10,0.0012349433162877343
govreport_test_0027,AB2 - AB0,unit:10,-0.008236691174612759
govreport_test_0027,TextRank - no_path,unit:10,0.02925811782013371
govreport_test_0027,Lead - no_path,unit:10,-0.026629975515156806
govreport_test_0027,Full - no_path,unit:5,0.0
govreport_test_0027,AB2 - AB0,unit:5,-0.00034045450676653544
govreport_test_0027,TextRank - no_path,unit:5,-0.016143721233029318
govreport_test_0027,Lead - no_path,unit:5,-0.07093193950612697
govreport_test_0027,Full - no_path,word:110,0.0
govreport_test_0027,AB2 - AB0,word:110,0.0
govreport_test_0027,TextRank - no_path,word:110,0.012824306994179732
govreport_test_0027,Lead - no_path,word:110,-0.027250895855612467
govreport_test_0027,Full - no_path,word:260,0.0
govreport_test_0027,AB2 - AB0,word:260,-0.00726080191799458
govreport_test_0027,TextRank - no_path,word:260,0.0034937888198757483
govreport_test_0027,Lead - no_path,word:260,-0.027329192546583864
govreport_test_0028,Full - no_path,unit:10,0.0
govreport_test_0028,AB2 - AB0,unit:10,-0.00012024592230563957
govreport_test_0028,TextRank - no_path,unit:10,-0.013631544403493678
govreport_test_0028,Lead - no_path,unit:10,-0.021617363906879017
govreport_test_0028,Full - no_path,unit:5,0.00462211179152075
govreport_test_0028,AB2 - AB0,unit:5,0.03930456230830218
govreport_test_0028,TextRank - no_path,unit:5,-0.05012416552859625
govreport_test_0028,Lead - no_path,unit:5,-0.04304219043836521
govreport_test_0028,Full - no_path,word:110,-0.006956521739130417
govreport_test_0028,AB2 - AB0,word:110,0.013640357521587682
govreport_test_0028,TextRank - no_path,word:110,-0.007204106280193245
govreport_test_0028,Lead - no_path,word:110,-0.024565217391304323
govreport_test_0028,Full - no_path,word:260,0.0
govreport_test_0028,AB2 - AB0,word:260,0.01377410468319562
govreport_test_0028,TextRank - no_path,word:260,-0.0077013226184497185
govreport_test_0028,Lead - no_path,word:260,-0.030303030303030304
govreport_test_0029,Full - no_path,unit:10,0.009605425114377952
govreport_test_0029,AB2 - AB0,unit:10,0.047812324743590984
govreport_test_0029,TextRank - no_path,unit:10,-0.0535528211949895
govreport_test_0029,Lead - no_path,unit:10,-0.07595615610924525
govreport_test_0029,Full - no_path,unit:5,0.0
govreport_test_0029,AB2 - AB0,unit:5,0.02489596394628285
govreport_test_0029,TextRank - no_path,unit:5,-0.08860359886351674
govreport_test_0029,Lead - no_path,unit:5,-0.10494722012373152
govreport_test_0029,Full - no_path,word:110,0.0
govreport_test_0029,AB2 - AB0,word:110,-0.011482031808926305
govreport_test_0029,TextRank - no_path,word:110,-0.008677876689746095
govreport_test_0029,Lead - no_path,word:110,-0.02926861482582134
govreport_test_0029,Full - no_path,word:260,-0.012702855927999412
govreport_test_0029,AB2 - AB0,word:260,-0.01963812886142982
govreport_test_0029,TextRank - no_path,word:260,-0.03454751612217416
govreport_test_0029,Lead - no_path,word:260,-0.08759124087591241
govreport_test_0030,Full - no_path,unit:10,0.0
govreport_test_0030,AB2 - AB0,unit:10,-0.046881286074369644
govreport_test_0030,TextRank - no_path,unit:10,0.05698154107258385
govreport_test_0030,Lead - no_path,unit:10,-0.0893838444858853
govreport_test_0030,Full - no_path,unit:5,0.0
govreport_test_0030,AB2 - AB0,unit:5,-0.0018510520145615939
govreport_test_0030,TextRank - no_path,unit:5,0.057944156165060545
govreport_test_0030,Lead - no_path,unit:5,-0.06732028386314641
govreport_test_0030,Full - no_path,word:110,0.0
govreport_test_0030,AB2 - AB0,word:110,0.0
govreport_test_0030,TextRank - no_path,word:110,0.07008760951188986
govreport_test_0030,Lead - no_path,word:110,-0.027728168325262995
govreport_test_0030,Full - no_path,word:260,-0.014918368476396049
govreport_test_0030,AB2 - AB0,word:260,-0.02523659305993689
govreport_test_0030,TextRank - no_path,word:260,0.09081914480616712
govreport_test_0030,Lead - no_path,word:260,-0.0617139707908515
govreport_test_0031,Full - no_path,unit:10,0.0005180309234646963
govreport_test_0031,AB2 - AB0,unit:10,-0.015243286896830188
govreport_test_0031,TextRank - no_path,unit:10,-0.016804189818394544
govreport_test_0031,Lead - no_path,unit:10,-0.1357128539787929
govreport_test_0031,Full - no_path,unit:5,-0.019488983628832446
govreport_test_0031,AB2 - AB0,unit:5,-0.021091322555950837
govreport_test_0031,TextRank - no_path,unit:5,-0.04493143363009239
govreport_test_0031,Lead - no_path,unit:5,-0.1090752001943286
govreport_test_0031,Full - no_path,word:110,-0.0025348542458808465
govreport_test_0031,AB2 - AB0,word:110,-0.053418514729819275
govreport_test_0031,TextRank - no_path,word:110,0.010332426190062638
govreport_test_0031,Lead - no_path,word:110,-0.045505137261714027
govreport_test_0031,Full - no_path,word:260,0.0013374508957968712
govreport_test_0031,AB2 - AB0,word:260,0.04530126397550474
govreport_test_0031,TextRank - no_path,word:260,0.0037324840909116475
govreport_test_0031,Lead - no_path,word:260,-0.11753475343210767
govreport_test_0032,Full - no_path,unit:10,0.0008491948114759118
govreport_test_0032,AB2 - AB0,unit:10,-0.025805557021506054
govreport_test_0032,TextRank - no_path,unit:10,0.047823326653645276
govreport_test_0032,Lead - no_path,unit:10,-0.036820965694115027
govreport_test_0032,Full - no_path,unit:5,-0.033107088989441924
govreport_test_0032,AB2 - AB0,unit:5,-0.07016511924918023
govreport_test_0032,TextRank - no_path,unit:5,0.02323656735421442
govreport_test_0032,Lead - no_path,unit:5,-0.06630546955624356
govreport_test_0032,Full - no_path,word:110,0.030303030303030276
govreport_test_0032,AB2 - AB0,word:110,-0.036013505064399154
govreport_test_0032,TextRank - no_path,word:110,0.07713498622589532
govreport_test_0032,Lead - no_path,word:110,0.000579962302450332
govreport_test_0032,Full - no_path,word:260,0.015148487306382658
govreport_test_0032,AB2 - AB0,word:260,-0.049371172097807337
govreport_test_0032,TextRank - no_path,word:260,0.04935601296202691
govreport_test_0032,Lead - no_path,word:260,-0.02344301652308997
govreport_test_0033,Full - no_path,unit:10,0.014549392598173089
govreport_test_0033,AB2 - AB0,unit:10,-0.012404426234796928
govreport_test_0033,TextRank - no_path,unit:10,0.016497852686168074
govreport_test_0033,Lead - no_path,unit:10,-0.04288742164797965
govreport_test_0033,Full - no_path,unit:5,-0.0008401666890710813
govreport_test_0033,AB2 - AB0,unit:5,-0.03807324582725652
govreport_test_0033,TextRank - no_path,unit:5,0.01989332803286295
govreport_test_0033,Lead - no_path,unit:5,-0.03962196496260627
govreport_test_0033,Full - no_path,word:110,-0.008624274452048858
govreport_test_0033,AB2 - AB0,word:110,0.04195846728647143
govreport_test_0033,TextRank - no_path,word:110,0.017885298449276638
govreport_test_0033,Lead - no_path,word:110,-0.03481188634981319
govreport_test_0033,Full - no_path,word:260,0.006773126394435142
govreport_test_0033,AB2 - AB0,word:260,0.01404951548437186
govreport_test_0033,TextRank - no_path,word:260,0.007551439322184189
govreport_test_0033,Lead - no_path,word:260,-0.020496522034339076
govreport_test_0034,Full - no_path,unit:10,-0.0040333341786429056
govreport_test_0034,AB2 - AB0,unit:10,-0.04889075708747839
govreport_test_0034,TextRank - no_path,unit:10,0.024751434061960675
govreport_test_0034,Lead - no_path,unit:10,-0.03797133418389401
govreport_test_0034,Full - no_path,unit:5,-0.01223938968299873
govreport_test_0034,AB2 - AB0,unit:5,0.019875992711306828
govreport_test_0034,TextRank - no_path,unit:5,-0.04784457515341331
govreport_test_0034,Lead - no_path,unit:5,-0.06192415377897387
govreport_test_0034,Full - no_path,word:110,-0.045941807044410435
govreport_test_0034,AB2 - AB0,word:110,-0.02478069411040236
govreport_test_0034,TextRank - no_path,word:110,-0.0035116841822241396
govreport_test_0034,Lead - no_path,word:110,-0.049313210899781426
govreport_test_0034,Full - no_path,word:260,-0.007223305973720062
govreport_test_0034,AB2 - AB0,word:260,-0.03520239991111443
govreport_test_0034,TextRank - no_path,word:260,0.027227722772277224
govreport_test_0034,Lead - no_path,word:260,-0.03679704198707712
govreport_test_0035,Full - no_path,unit:10,0.0015301015301015242
govreport_test_0035,AB2 - AB0,unit:10,-0.04539182408882514
govreport_test_0035,TextRank - no_path,unit:10,0.035432020506647344
govreport_test_0035,Lead - no_path,unit:10,-0.03642692824750873
govreport_test_0035,Full - no_path,unit:5,-0.0051705994252641
govreport_test_0035,AB2 - AB0,unit:5,-0.04978646018474153
govreport_test_0035,TextRank - no_path,unit:5,0.061354661223765344
govreport_test_0035,Lead - no_path,unit:5,-0.05246244767298695
govreport_test_0035,Full - no_path,word:110,-0.02370744238214119
govreport_test_0035,AB2 - AB0,word:110,-0.012012012012011991
govreport_test_0035,TextRank - no_path,word:110,0.045306961096434756
govreport_test_0035,Lead - no_path,word:110,-0.015356674039308765
govreport_test_0035,Full - no_path,word:260,-0.012254901960784298
govreport_test_0035,AB2 - AB0,word:260,-0.014468884248926006
govreport_test_0035,TextRank - no_path,word:260,0.051197590419276656
govreport_test_0035,Lead - no_path,word:260,-0.01547106647537061
govreport_test_0036,Full - no_path,unit:10,0.0
govreport_test_0036,AB2 - AB0,unit:10,0.0777595695242754
govreport_test_0036,TextRank - no_path,unit:10,-0.043187535386401577
govreport_test_0036,Lead - no_path,unit:10,0.10642298643255699
govreport_test_0036,Full - no_path,unit:5,0.0
govreport_test_0036,AB2 - AB0,unit:5,0.00827253247986115
govreport_test_0036,TextRank - no_path,unit:5,-0.016656342487438885
govreport_test_0036,Lead - no_path,unit:5,0.025835858844657916
govreport_test_0036,Full - no_path,word:110,0.0
govreport_test_0036,AB2 - AB0,word:110,-0.0450023912003826
govreport_test_0036,TextRank - no_path,word:110,0.05912099707794147
govreport_test_0036,Lead - no_path,word:110,0.06890094817818598
govreport_test_0036,Full - no_path,word:260,-0.006703590527119996
govreport_test_0036,AB2 - AB0,word:260,0.07756402284446054
govreport_test_0036,TextRank - no_path,word:260,-0.02098930481283426
govreport_test_0036,Lead - no_path,word:260,0.1140819964349376
govreport_test_0037,Full - no_path,unit:10,-0.008451843931197717
govreport_test_0037,AB2 - AB0,unit:10,0.027607757098276786
govreport_test_0037,TextRank - no_path,unit:10,-0.040578141452883354
govreport_test_0037,Lead - no_path,unit:10,0.022926799557995675
govreport_test_0037,Full - no_path,unit:5,0.00754636122798813
govreport_test_0037,AB2 - AB0,unit:5,0.053696481192581025
govreport_test_0037,TextRank - no_path,unit:5,-0.07083991574512902
govreport_test_0037,Lead - no_path,unit:5,0.004016167870657034
govreport_test_0037,Full - no_path,word:110,0.0066282271050854685
govreport_test_0037,AB2 - AB0,word:110,-0.003407013892125027
govreport_test_0037,TextRank - no_path,word:110,0.032663976753321444
govreport_test_0037,Lead - no_path,word:110,0.07639663074445682
govreport_test_0037,Full - no_path,word:260,0.00518134715025903
govreport_test_0037,AB2 - AB0,word:260,0.033248099051207874
govreport_test_0037,TextRank - no_path,word:260,-0.04404145077720209
govreport_test_0037,Lead - no_path,word:260,0.0301955540698646
govreport_test_0038,Full - no_path,unit:10,-0.0011200750006167548
govreport_test_0038,AB2 - AB0,unit:10,-0.027022124425989363
govreport_test_0038,TextRank - no_path,unit:10,0.020445491457902393
govreport_test_0038,Lead - no_path,unit:10,-0.01256157510256159
govreport_test_0038,Full - no_path,unit:5,-0.015063385533184204
govreport_test_0038,AB2 - AB0,unit:5,0.01563356420349793
govreport_test_0038,TextRank - no_path,unit:5,0.01744252463230042
govreport_test_0038,Lead - no_path,unit:5,0.015536733302228767
govreport_test_0038,Full - no_path,word:110,-0.014597257890466175
govreport_test_0038,AB2 - AB0,word:110,-0.005942997272477019
govreport_test_0038,TextRank - no_path,word:110,0.011089470633129983
govreport_test_0038,Lead - no_path,word:110,0.025865169855198558
govreport_test_0038,Full - no_path,word:260,-0.004744958481613298
govreport_test_0038,AB2 - AB0,word:260,0.0025390581594328387
govreport_test_0038,TextRank - no_path,word:260,0.020145115249676188
govreport_test_0038,Lead - no_path,word:260,0.0027335700170530997
govreport_test_0039,Full - no_path,unit:10,-0.0018818271365353967
govreport_test_0039,AB2 - AB0,unit:10,0.009407527402945176
govreport_test_0039,TextRank - no_path,unit:10,-0.007333180735352746
govreport_test_0039,Lead - no_path,unit:10,-0.07941347270615565
govreport_test_0039,Full - no_path,unit:5,-0.004706935399240719
govreport_test_0039,AB2 - AB0,unit:5,0.027581051306263732
govreport_test_0039,TextRank - no_path,unit:5,-0.023003149381993132
govreport_test_0039,Lead - no_path,unit:5,-0.08809886575249702
govreport_test_0039,Full - no_path,word:110,-0.014771048744460835
govreport_test_0039,AB2 - AB0,word:110,0.02341517135290569
govreport_test_0039,TextRank - no_path,word:110,-0.023196017287597764
govreport_test_0039,Lead - no_path,word:110,-0.08192538749237782
govreport_test_0039,Full - no_path,word:260,0.018590617944546556
govreport_test_0039,AB2 - AB0,word:260,0.0007080316428956512
govreport_test_0039,TextRank - no_path,word:260,-0.00047373407727127614
govreport_test_0039,Lead - no_path,word:260,-0.060038423178650074
govreport_test_0040,Full - no_path,unit:10,0.0
govreport_test_0040,AB2 - AB0,unit:10,-0.0250402735777068
govreport_test_0040,TextRank - no_path,unit:10,0.043247445940692575
govreport_test_0040,Lead - no_path,unit:10,-0.0020379315658859976
govreport_test_0040,Full - no_path,unit:5,0.005808992675617963
govreport_test_0040,AB2 - AB0,unit:5,-0.039036786601885226
govreport_test_0040,TextRank - no_path,unit:5,0.048891786179921765
govreport_test_0040,Lead - no_path,unit:5,-0.03359743255440778
govreport_test_0040,Full - no_path,word:110,0.0
govreport_test_0040,AB2 - AB0,word:110,-0.02724072007543317
govreport_test_0040,TextRank - no_path,word:110,0.02724072007543317
govreport_test_0040,Lead - no_path,word:110,-0.00017174531886665623
govreport_test_0040,Full - no_path,word:260,0.0
govreport_test_0040,AB2 - AB0,word:260,-0.05013804082784187
govreport_test_0040,TextRank - no_path,word:260,0.06281602461343819
govreport_test_0040,Lead - no_path,word:260,0.03329799730682176
govreport_test_0041,Full - no_path,unit:10,0.0
govreport_test_0041,AB2 - AB0,unit:10,-0.0360314207650273
govreport_test_0041,TextRank - no_path,unit:10,0.031185405754231482
govreport_test_0041,Lead - no_path,unit:10,-0.014317184498528451
govreport_test_0041,Full - no_path,unit:5,0.0
govreport_test_0041,AB2 - AB0,unit:5,-0.019003333918231252
govreport_test_0041,TextRank - no_path,unit:5,0.01720377542962434
govreport_test_0041,Lead - no_path,unit:5,-0.04731371032311471
govreport_test_0041,Full - no_path,word:110,0.0
govreport_test_0041,AB2 - AB0,word:110,-0.0398293179006521
govreport_test_0041,TextRank - no_path,word:110,0.02657344119789616
govreport_test_0041,Lead - no_path,word:110,-0.01569868561848428
govreport_test_0041,Full - no_path,word:260,-0.008791208791208788
govreport_test_0041,AB2 - AB0,word:260,-0.011649509321793095
govreport_test_0041,TextRank - no_path,word:260,0.0
govreport_test_0041,Lead - no_path,word:260,-0.03296703296703296
govreport_test_0042,Full - no_path,unit:10,-0.006005763067061187
govreport_test_0042,AB2 - AB0,unit:10,-0.04236235092480181
govreport_test_0042,TextRank - no_path,unit:10,0.024593195266272183
govreport_test_0042,Lead - no_path,unit:10,-0.059726980172324334
govreport_test_0042,Full - no_path,unit:5,-0.014971779572112792
govreport_test_0042,AB2 - AB0,unit:5,-0.034711678242610206
govreport_test_0042,TextRank - no_path,unit:5,0.036103339533971324
govreport_test_0042,Lead - no_path,unit:5,-0.06772107620891842
govreport_test_0042,Full - no_path,word:110,-0.030042369201658203
govreport_test_0042,AB2 - AB0,word:110,-0.012786011947058806
govreport_test_0042,TextRank - no_path,word:110,0.033497721569900024
govreport_test_0042,Lead - no_path,word:110,-0.011690927400897194
govreport_test_0042,Full - no_path,word:260,0.0
govreport_test_0042,AB2 - AB0,word:260,-0.015076646724817705
govreport_test_0042,TextRank - no_path,word:260,0.06433096645265526
govreport_test_0042,Lead - no_path,word:260,0.0
govreport_test_0043,Full - no_path,unit:10,0.0
govreport_test_0043,AB2 - AB0,unit:10,-0.01896014615245975
govreport_test_0043,TextRank - no_path,unit:10,0.019044996853366886
govreport_test_0043,Lead - no_path,unit:10,-0.07790506635775826
govreport_test_0043,Full - no_path,unit:5,0.0
govreport_test_0043,AB2 - AB0,unit:5,0.01972473283701001
govreport_test_0043,TextRank - no_path,unit:5,-0.011097274110972749
govreport_test_0043,Lead - no_path,unit:5,-0.09254030993161429
govreport_test_0043,Full - no_path,word:110,0.0
govreport_test_0043,AB2 - AB0,word:110,0.0028024223865701914
govreport_test_0043,TextRank - no_path,word:110,0.008129673764941225
govreport_test_0043,Lead - no_path,word:110,-0.03847925434872926
govreport_test_0043,Full - no_path,word:260,0.0
govreport_test_0043,AB2 - AB0,word:260,-0.015243097216248225
govreport_test_0043,TextRank - no_path,word:260,-0.021067140085544972
govreport_test_0043,Lead - no_path,word:260,-0.05223040174496488
govreport_test_0044,Full - no_path,unit:10,-0.02385374705986465
govreport_test_0044,AB2 - AB0,unit:10,0.009746467350223664
govreport_test_0044,TextRank - no_path,unit:10,-0.010290261120110694
govreport_test_0044,Lead - no_path,unit:10,-0.09318732600292415
govreport_test_0044,Full - no_path,unit:5,0.0
govreport_test_0044,AB2 - AB0,unit:5,0.04166895919303071
govreport_test_0044,TextRank - no_path,unit:5,0.02076088347154534
govreport_test_0044,Lead - no_path,unit:5,-0.05708365401693212
govreport_test_0044,Full - no_path,word:110,-0.017689031040165892
govreport_test_0044,AB2 - AB0,word:110,-0.010322366429359658
govreport_test_0044,TextRank - no_path,word:110,0.01920755451713399
govreport_test_0044,Lead - no_path,word:110,-0.04033320211313125
govreport_test_0044,Full - no_path,word:260,-0.03639183715325847
govreport_test_0044,AB2 - AB0,word:260,-0.005664237309806919
govreport_test_0044,TextRank - no_path,word:260,0.021976294223722465
govreport_test_0044,Lead - no_path,word:260,-0.058562210084087685
govreport_test_0045,Full - no_path,unit:10,0.026300987038256063
govreport_test_0045,AB2 - AB0,unit:10,-0.008740222150973004
govreport_test_0045,TextRank - no_path,unit:10,0.02270373106079096
govreport_test_0045,Lead - no_path,unit:10,-0.08755675331496138
govreport_test_0045,Full - no_path,unit:5,0.019005934259313906
govreport_test_0045,AB2 - AB0,unit:5,0.0033217268049178794
govreport_test_0045,TextRank - no_path,unit:5,-0.010760897663262076
govreport_test_0045,Lead - no_path,unit:5,-0.09252799706260327
govreport_test_0045,Full - no_path,word:110,0.0
govreport_test_0045,AB2 - AB0,word:110,-0.02527946298399572
govreport_test_0045,TextRank - no_path,word:110,0.004008805053957787
govreport_test_0045,Lead - no_path,word:110,-0.06421671793211377
govreport_test_0045,Full - no_path,word:260,0.008150831833833555
govreport_test_0045,AB2 - AB0,word:260,-0.016512809874494355
govreport_test_0045,TextRank - no_path,word:260,0.043301216794651876
govreport_test_0045,Lead - no_path,word:260,-0.07961119844368737
govreport_test_0046,Full - no_path,unit:10,0.0009059494109613098
govreport_test_0046,AB2 - AB0,unit:10,0.02505780477852837
govreport_test_0046,TextRank - no_path,unit:10,-0.006964874019767059
govreport_test_0046,Lead - no_path,unit:10,-0.02805478155468738
govreport_test_0046,Full - no_path,unit:5,-0.04251475125859361
govreport_test_0046,AB2 - AB0,unit:5,0.019038778610097756
govreport_test_0046,TextRank - no_path,unit:5,-0.016470458378892994
govreport_test_0046,Lead - no_path,unit:5,-0.02804141353640796
govreport_test_0046,Full - no_path,word:110,-0.02134042219330065
govreport_test_0046,AB2 - AB0,word:110,-0.0027137042062415073
govreport_test_0046,TextRank - no_path,word:110,0.005648634298861421
govreport_test_0046,Lead - no_path,word:110,-0.04070556309362279
govreport_test_0046,Full - no_path,word:260,-0.024802705749718185
govreport_test_0046,AB2 - AB0,word:260,-0.009019165727170236
govreport_test_0046,TextRank - no_path,word:260,0.0022547914317924966
govreport_test_0046,Lead - no_path,word:260,-0.01620456969372633
govreport_test_0047,Full - no_path,unit:10,0.014348292508492788
govreport_test_0047,AB2 - AB0,unit:10,0.011230029680812936
govreport_test_0047,TextRank - no_path,unit:10,0.015145162980819638
govreport_test_0047,Lead - no_path,unit:10,-0.05610913574582782
govreport_test_0047,Full - no_path,unit:5,0.0005541542459680249
govreport_test_0047,AB2 - AB0,unit:5,0.05398783742398386
govreport_test_0047,TextRank - no_path,unit:5,-0.03374507697815968
govreport_test_0047,Lead - no_path,unit:5,-0.06632653061224492
govreport_test_0047,Full - no_path,word:110,0.0
govreport_test_0047,AB2 - AB0,word:110,-0.007001988247661545
govreport_test_0047,TextRank - no_path,word:110,0.022063033248153258
govreport_test_0047,Lead - no_path,word:110,-0.036367264357575105
govreport_test_0047,Full - no_path,word:260,0.0
govreport_test_0047,AB2 - AB0,word:260,0.018151870857321617
govreport_test_0047,TextRank - no_path,word:260,0.019309304455578907
govreport_test_0047,Lead - no_path,word:260,-0.057705553164012074
govreport_test_0048,Full - no_path,unit:10,-0.007271012637115215
govreport_test_0048,AB2 - AB0,unit:10,-0.06154612224573633
govreport_test_0048,TextRank - no_path,unit:10,-0.03285702062120305
govreport_test_0048,Lead - no_path,unit:10,-0.09588431590656282
govreport_test_0048,Full - no_path,unit:5,-0.01117589893100096
govreport_test_0048,AB2 - AB0,unit:5,-0.030994152046783602
govreport_test_0048,TextRank - no_path,unit:5,-0.0004725350166279174
govreport_test_0048,Lead - no_path,unit:5,-0.024237549923686458
govreport_test_0048,Full - no_path,word:110,0.0
govreport_test_0048,AB2 - AB0,word:110,-0.0033455732354140955
govreport_test_0048,TextRank - no_path,word:110,0.059006211180124224
govreport_test_0048,Lead - no_path,word:110,0.022451332835922128
govreport_test_0048,Full - no_path,word:260,0.009987515605493102
govreport_test_0048,AB2 - AB0,word:260,-0.1080577550069865
govreport_test_0048,TextRank - no_path,word:260,0.03724563439277728
govreport_test_0048,Lead - no_path,word:260,-0.029230379319084204
govreport_test_0049,Full - no_path,unit:10,-0.010119889539974447
govreport_test_0049,AB2 - AB0,unit:10,-0.035876289897348396
govreport_test_0049,TextRank - no_path,unit:10,-0.00940835049616176
govreport_test_0049,Lead - no_path,unit:10,-0.11948172662458377
govreport_test_0049,Full - no_path,unit:5,-0.04514628794101658
govreport_test_0049,AB2 - AB0,unit:5,0.00976716928829896
govreport_test_0049,TextRank - no_path,unit:5,-0.050129924080251964
govreport_test_0049,Lead - no_path,unit:5,-0.12750645448575515
govreport_test_0049,Full - no_path,word:110,-0.05075187969924812
govreport_test_0049,AB2 - AB0,word:110,0.0045186427184231714
govreport_test_0049,TextRank - no_path,word:110,-0.02650148972871258
govreport_test_0049,Lead - no_path,word:110,-0.05934065934065934
govreport_test_0049,Full - no_path,word:260,-0.04925793290216832
govreport_test_0049,AB2 - AB0,word:260,-0.03566055519001296
govreport_test_0049,TextRank - no_path,word:260,-0.024907462537791525
govreport_test_0049,Lead - no_path,word:260,-0.08723185181628548
govreport_test_0050,Full - no_path,unit:10,-0.0007040150860375405
govreport_test_0050,AB2 - AB0,unit:10,0.014428660770124169
govreport_test_0050,TextRank - no_path,unit:10,0.013458290804491041
govreport_test_0050,Lead - no_path,unit:10,-0.034884379424256734
govreport_test_0050,Full - no_path,unit:5,0.0
govreport_test_0050,AB2 - AB0,unit:5,0.05166165471508985
govreport_test_0050,TextRank - no_path,unit:5,-0.01719541758924585
govreport_test_0050,Lead - no_path,unit:5,-0.030438176126492827
govreport_test_0050,Full - no_path,word:110,0.0
govreport_test_0050,AB2 - AB0,word:110,0.003476101800124129
govreport_test_0050,TextRank - no_path,word:110,0.016915109769505415
govreport_test_0050,Lead - no_path,word:110,-0.019800371402042702
govreport_test_0050,Full - no_path,word:260,0.007228725086997817
govreport_test_0050,AB2 - AB0,word:260,-0.009398630191219004
govreport_test_0050,TextRank - no_path,word:260,0.0677306540533105
govreport_test_0050,Lead - no_path,word:260,0.006880733944954143
govreport_test_0051,Full - no_path,unit:10,0.0
govreport_test_0051,AB2 - AB0,unit:10,-0.03327553243519629
govreport_test_0051,TextRank - no_path,unit:10,-0.0018637399047421732
govreport_test_0051,Lead - no_path,unit:10,-0.013172101058086805
govreport_test_0051,Full - no_path,unit:5,0.01924125893198056
govreport_test_0051,AB2 - AB0,unit:5,0.008233673987098677
govreport_test_0051,TextRank - no_path,unit:5,-0.008233673987098677
govreport_test_0051,Lead - no_path,unit:5,-0.04758957126645151
govreport_test_0051,Full - no_path,word:110,0.005253995885424911
govreport_test_0051,AB2 - AB0,word:110,-0.010864060769109035
govreport_test_0051,TextRank - no_path,word:110,0.016489950941604714
govreport_test_0051,Lead - no_path,word:110,-0.025352112676056332
govreport_test_0051,Full - no_path,word:260,0.0
govreport_test_0051,AB2 - AB0,word:260,-0.006534290185075314
govreport_test_0051,TextRank - no_path,word:260,-0.020476986996168983
govreport_test_0051,Lead - no_path,word:260,-0.0251281497868667
govreport_test_0052,Full - no_path,unit:10,-0.026027116896096242
govreport_test_0052,AB2 - AB0,unit:10,-0.02356217111539405
govreport_test_0052,TextRank - no_path,unit:10,0.0037140827652326347
govreport_test_0052,Lead - no_path,unit:10,-0.0810385064177363
govreport_test_0052,Full - no_path,unit:5,-0.01712206306135755
govreport_test_0052,AB2 - AB0,unit:5,0.009033920996984496
govreport_test_0052,TextRank - no_path,unit:5,-0.022123801800677828
govreport_test_0052,Lead - no_path,unit:5,-0.06703757126176244
govreport_test_0052,Full - no_path,word:110,0.0
govreport_test_0052,AB2 - AB0,word:110,0.024835825678541312
govreport_test_0052,TextRank - no_path,word:110,0.006549780336616601
govreport_test_0052,Lead - no_path,word:110,0.002949587057811953
govreport_test_0052,Full - no_path,word:260,0.0
govreport_test_0052,AB2 - AB0,word:260,-0.025201481866632014
govreport_test_0052,TextRank - no_path,word:260,0.026411717055580264
govreport_test_0052,Lead - no_path,word:260,-0.057707421864766434
govreport_test_0053,Full - no_path,unit:10,-0.004017718427308942
govreport_test_0053,AB2 - AB0,unit:10,-0.048222089371268845
govreport_test_0053,TextRank - no_path,unit:10,0.09332552241720488
govreport_test_0053,Lead - no_path,unit:10,0.023748805475920592
govreport_test_0053,Full - no_path,unit:5,-0.007536913148236915
govreport_test_0053,AB2 - AB0,unit:5,-0.06865697019503936
govreport_test_0053,TextRank - no_path,unit:5,0.0851696349706023
govreport_test_0053,Lead - no_path,unit:5,0.030196130216881403
govreport_test_0053,Full - no_path,word:110,-0.006717831157181289
govreport_test_0053,AB2 - AB0,word:110,-0.06586936066953898
govreport_test_0053,TextRank - no_path,word:110,0.08434837990605845
govreport_test_0053,Lead - no_path,word:110,0.02424506964009364
govreport_test_0053,Full - no_path,word:260,-0.004601600811129619
govreport_test_0053,AB2 - AB0,word:260,-0.055394167511138986
govreport_test_0053,TextRank - no_path,word:260,0.06996007887719027
govreport_test_0053,Lead - no_path,word:260,0.027178149257577222
govreport_test_0054,Full - no_path,unit:10,-0.008750711255108679
govreport_test_0054,AB2 - AB0,unit:10,-0.016170624261308664
govreport_test_0054,TextRank - no_path,unit:10,0.034988179669030756
govreport_test_0054,Lead - no_path,unit:10,-0.032514702635701775
govreport_test_0054,Full - no_path,unit:5,-0.010175453289225728
govreport_test_0054,AB2 - AB0,unit:5,-0.04271024380977362
govreport_test_0054,TextRank - no_path,unit:5,0.025743603892314004
govreport_test_0054,Lead - no_path,unit:5,-0.048657048657048674
govreport_test_0054,Full - no_path,word:110,0.0407741215076797
govreport_test_0054,AB2 - AB0,word:110,-0.040472175379426656
govreport_test_0054,TextRank - no_path,word:110,0.050590219224283334
govreport_test_0054,Lead - no_path,word:110,-0.01706781133425314
govreport_test_0054,Full - no_path,word:260,0.008319246602136898
govreport_test_0054,AB2 - AB0,word:260,-0.029766967781761522
govreport_test_0054,TextRank - no_path,word:260,0.029766967781761522
govreport_test_0054,Lead - no_path,word:260,-0.044432897808664995
govreport_test_0055,Full - no_path,unit:10,0.0
govreport_test_0055,AB2 - AB0,unit:10,0.03208136938724884
govreport_test_0055,TextRank - no_path,unit:10,0.006016635800701359
govreport_test_0055,Lead - no_path,unit:10,0.018493552906991423
govreport_test_0055,Full - no_path,unit:5,0.0
govreport_test_0055,AB2 - AB0,unit:5,0.007638784045430114
govreport_test_0055,TextRank - no_path,unit:5,-0.0511366374213732
govreport_test_0055,Lead - no_path,unit:5,-0.019230630122320874
govreport_test_0055,Full - no_path,word:110,0.0
govreport_test_0055,AB2 - AB0,word:110,0.004767580452920139
govreport_test_0055,TextRank - no_path,word:110,0.0020740993294692256
govreport_test_0055,Lead - no_path,word:110,-0.00015360939406783292
govreport_test_0055,Full - no_path,word:260,0.0
govreport_test_0055,AB2 - AB0,word:260,0.02671534805863482
govreport_test_0055,TextRank - no_path,word:260,-0.01616161616161621
govreport_test_0055,Lead - no_path,word:260,0.01414141414141415
govreport_test_0056,Full - no_path,unit:10,0.0
govreport_test_0056,AB2 - AB0,unit:10,0.01966959698093279
govreport_test_0056,TextRank - no_path,unit:10,-0.03742317323013883
govreport_test_0056,Lead - no_path,unit:10,-0.10243669374104158
govreport_test_0056,Full - no_path,unit:5,0.0
govreport_test_0056,AB2 - AB0,unit:5,0.0838725568054951
govreport_test_0056,TextRank - no_path,unit:5,-0.039358293772362635
govreport_test_0056,Lead - no_path,unit:5,-0.06608114695084047
govreport_test_0056,Full - no_path,word:110,0.0
govreport_test_0056,AB2 - AB0,word:110,-0.06033558045396531
govreport_test_0056,TextRank - no_path,word:110,0.06714591938097976
govreport_test_0056,Lead - no_path,word:110,0.01598191478759843
govreport_test_0056,Full - no_path,word:260,0.0
govreport_test_0056,AB2 - AB0,word:260,0.04408208879406689
govreport_test_0056,TextRank - no_path,word:260,0.01753405717948331
govreport_test_0056,Lead - no_path,word:260,-0.0311284046692607
govreport_test_0057,Full - no_path,unit:10,0.002671928310108096
govreport_test_0057,AB2 - AB0,unit:10,-0.034024455077086624
govreport_test_0057,TextRank - no_path,unit:10,0.03781676413255364
govreport_test_0057,Lead - no_path,unit:10,-0.09536377232339227
govreport_test_0057,Full - no_path,unit:5,0.0
govreport_test_0057,AB2 - AB0,unit:5,-0.004090119342618742
govreport_test_0057,TextRank - no_path,unit:5,0.016172637449233196
govreport_test_0057,Lead - no_path,unit:5,-0.05846103643460471
govreport_test_0057,Full - no_path,word:110,-0.017805775700512533
govreport_test_0057,AB2 - AB0,word:110,-0.026659685114076764
govreport_test_0057,TextRank - no_path,word:110,0.04174039106572838
govreport_test_0057,Lead - no_path,word:110,-0.03585088848246741
govreport_test_0057,Full - no_path,word:260,0.0
govreport_test_0057,AB2 - AB0,word:260,-0.0347899510734134
govreport_test_0057,TextRank - no_path,word:260,0.05888501742160279
govreport_test_0057,Lead - no_path,word:260,-0.05915004593545328
govreport_test_0058,Full - no_path,unit:10,-0.03928037538859602
govreport_test_0058,AB2 - AB0,unit:10,0.023152116700503794
govreport_test_0058,TextRank - no_path,unit:10,-0.020865214413601535
govreport_test_0058,Lead - no_path,unit:10,-0.0558823459847351
govreport_test_0058,Full - no_path,unit:5,-0.005019059720457436
govreport_test_0058,AB2 - AB0,unit:5,-0.004677498032338495
govreport_test_0058,TextRank - no_path,unit:5,0.023465047859004662
govreport_test_0058,Lead - no_path,unit:5,-0.03480048048548477
govreport_test_0058,Full - no_path,word:110,0.0
govreport_test_0058,AB2 - AB0,word:110,-0.0156639017127701
govreport_test_0058,TextRank - no_path,word:110,0.01336898395721925
govreport_test_0058,Lead - no_path,word:110,0.005347593582887694
govreport_test_0058,Full - no_path,word:260,-0.015340979158959184
govreport_test_0058,AB2 - AB0,word:260,-0.015100222717149198
govreport_test_0058,TextRank - no_path,word:260,0.026881243063263005
govreport_test_0058,Lead - no_path,word:260,0.008879023307436146
govreport_test_0059,Full - no_path,unit:10,0.023430655515970344
govreport_test_0059,AB2 - AB0,unit:10,-0.0025953207892828734
govreport_test_0059,TextRank - no_path,unit:10,0.013173316152733733
govreport_test_0059,Lead - no_path,unit:10,-0.03349917115346865
govreport_test_0059,Full - no_path,unit:5,0.009950451466447435
govreport_test_0059,AB2 - AB0,unit:5,-0.03704582032966863
govreport_test_0059,TextRank - no_path,unit:5,0.03385944581707778
govreport_test_0059,Lead - no_path,unit:5,-0.011748785718098231
govreport_test_0059,Full - no_path,word:110,-0.0005214887369769661
govreport_test_0059,AB2 - AB0,word:110,-0.03426050158035773
govreport_test_0059,TextRank - no_path,word:110,0.02901594183263334
govreport_test_0059,Lead - no_path,word:110,-0.012280346191666486
govreport_test_0059,Full - no_path,word:260,0.0
govreport_test_0059,AB2 - AB0,word:260,-0.016023262042315495
govreport_test_0059,TextRank - no_path,word:260,-0.0008866332395744136
govreport_test_0059,Lead - no_path,word:260,-0.04801634468721144
govreport_test_0060,Full - no_path,unit:10,0.009787982211190455
govreport_test_0060,AB2 - AB0,unit:10,-0.008821374365415857
govreport_test_0060,TextRank - no_path,unit:10,-0.024643835970627748
govreport_test_0060,Lead - no_path,unit:10,-0.006800373253569553
govreport_test_0060,Full - no_path,unit:5,-0.013325975247883037
govreport_test_0060,AB2 - AB0,unit:5,0.028266053483222614
govreport_test_0060,TextRank - no_path,unit:5,-0.07518879625704553
govreport_test_0060,Lead - no_path,unit:5,-0.031977605504871165
govreport_test_0060,Full - no_path,word:110,0.0
govreport_test_0060,AB2 - AB0,word:110,-0.009449737079492204
govreport_test_0060,TextRank - no_path,word:110,-0.02012564111012266
govreport_test_0060,Lead - no_path,word:110,-0.055720285605915854
govreport_test_0060,Full - no_path,word:260,-0.0007167098800565097
govreport_test_0060,AB2 - AB0,word:260,-0.018519491896627244
govreport_test_0060,TextRank - no_path,word:260,-0.02676473592808254
govreport_test_0060,Lead - no_path,word:260,-0.010171475659722429
govreport_test_0061,Full - no_path,unit:10,0.0
govreport_test_0061,AB2 - AB0,unit:10,0.04678110777481914
govreport_test_0061,TextRank - no_path,unit:10,-0.03010863996152116
govreport_test_0061,Lead - no_path,unit:10,-0.07440668630409272
govreport_test_0061,Full - no_path,unit:5,0.0
govreport_test_0061,AB2 - AB0,unit:5,0.012752921060131095
govreport_test_0061,TextRank - no_path,unit:5,0.01109974382007517
govreport_test_0061,Lead - no_path,unit:5,-0.03606721410437705
govreport_test_0061,Full - no_path,word:110,-0.0005760314709876702
govreport_test_0061,AB2 - AB0,word:110,-0.024080223635579073
govreport_test_0061,TextRank - no_path,word:110,0.024080223635579073
govreport_test_0061,Lead - no_path,word:110,-0.018569321395353194
govreport_test_0061,Full - no_path,word:260,-0.00601971341262611
govreport_test_0061,AB2 - AB0,word:260,0.0016256322329132877
govreport_test_0061,TextRank - no_path,word:260,-0.0022316603492107123
govreport_test_0061,Lead - no_path,word:260,-0.04595313202767162
govreport_test_0062,Full - no_path,unit:10,0.0030576497622389898
govreport_test_0062,AB2 - AB0,unit:10,0.026411472419001658
govreport_test_0062,TextRank - no_path,unit:10,-0.02510601571992474
govreport_test_0062,Lead - no_path,unit:10,-0.08677328872520251
govreport_test_0062,Full - no_path,unit:5,-0.045733661898465366
govreport_test_0062,AB2 - AB0,unit:5,0.00643498993731656
govreport_test_0062,TextRank - no_path,unit:5,0.00944869473213017
govreport_test_0062,Lead - no_path,unit:5,-0.03945814072932716
govreport_test_0062,Full - no_path,word:110,0.020613530028114085
govreport_test_0062,AB2 - AB0,word:110,-0.04967806384706344
govreport_test_0062,TextRank - no_path,word:110,0.010398030649746898
govreport_test_0062,Lead - no_path,word:110,0.04781372973894943
govreport_test_0062,Full - no_path,word:260,-0.008576944556781652
govreport_test_0062,AB2 - AB0,word:260,-0.0008088297244923937
govreport_test_0062,TextRank - no_path,word:260,0.04360744413058934
govreport_test_0062,Lead - no_path,word:260,-0.02084059486464504
govreport_test_0063,Full - no_path,unit:10,0.0
govreport_test_0063,AB2 - AB0,unit:10,-0.07541626535660587
govreport_test_0063,TextRank - no_path,unit:10,0.06925534059916588
govreport_test_0063,Lead - no_path,unit:10,-0.018827092899379727
govreport_test_0063,Full - no_path,unit:5,0.0
govreport_test_0063,AB2 - AB0,unit:5,-0.0374149659863946
govreport_test_0063,TextRank - no_path,unit:5,0.06375653642534673
govreport_test_0063,Lead - no_path,unit:5,-0.002138011144593527
govreport_test_0063,Full - no_path,word:110,0.0
govreport_test_0063,AB2 - AB0,word:110,-0.05165794066317625
govreport_test_0063,TextRank - no_path,word:110,0.07013404955478122
govreport_test_0063,Lead - no_path,word:110,0.007653432228039547
govreport_test_0063,Full - no_path,word:260,0.0
govreport_test_0063,AB2 - AB0,word:260,-0.038193237299152
govreport_test_0063,TextRank - no_path,word:260,0.08653109747036564
govreport_test_0063,Lead - no_path,word:260,0.002232615868979465
govreport_test_0064,Full - no_path,unit:10,0.0
govreport_test_0064,AB2 - AB0,unit:10,-0.020624328250676227
govreport_test_0064,TextRank - no_path,unit:10,0.031746031746031744
govreport_test_0064,Lead - no_path,unit:10,-0.012818047811318373
govreport_test_0064,Full - no_path,unit:5,0.005932341489291643
govreport_test_0064,AB2 - AB0,unit:5,-0.02009644642418032
govreport_test_0064,TextRank - no_path,unit:5,0.010065777473355852
govreport_test_0064,Lead - no_path,unit:5,-0.00665107656421457
govreport_test_0064,Full - no_path,word:110,-0.04216867469879519
govreport_test_0064,AB2 - AB0,word:110,-0.015060240963855387
govreport_test_0064,TextRank - no_path,word:110,-0.0036894203500659473
govreport_test_0064,Lead - no_path,word:110,0.00602409638554216
govreport_test_0064,Full - no_path,word:260,0.010216357829576889
govreport_test_0064,AB2 - AB0,word:260,-0.032626707045311676
govreport_test_0064,TextRank - no_path,word:260,0.03959212282345695
govreport_test_0064,Lead - no_path,word:260,0.017794297206061876
govreport_test_0065,Full - no_path,unit:10,0.0
govreport_test_0065,AB2 - AB0,unit:10,0.005185840707964573
govreport_test_0065,TextRank - no_path,unit:10,0.005851619644723166
govreport_test_0065,Lead - no_path,unit:10,-0.014366612253152805
govreport_test_0065,Full - no_path,unit:5,0.0
govreport_test_0065,AB2 - AB0,unit:5,-0.013289931529913562
govreport_test_0065,TextRank - no_path,unit:5,-0.04666130902004853
govreport_test_0065,Lead - no_path,unit:5,-0.051719244394453856
govreport_test_0065,Full - no_path,word:110,0.0
govreport_test_0065,AB2 - AB0,word:110,-0.0201729106628242
govreport_test_0065,TextRank - no_path,word:110,-0.028130304407845613
govreport_test_0065,Lead - no_path,word:110,-0.04899135446685876
govreport_test_0065,Full - no_path,word:260,0.0
govreport_test_0065,AB2 - AB0,word:260,-0.00023556465408450245
govreport_test_0065,TextRank - no_path,word:260,-0.006087427618571867
govreport_test_0065,Lead - no_path,word:260,-0.0279475246899282
govreport_test_0066,Full - no_path,unit:10,0.0
govreport_test_0066,AB2 - AB0,unit:10,-0.054152106763348445
govreport_test_0066,TextRank - no_path,unit:10,0.050220016436449466
govreport_test_0066,Lead - no_path,unit:10,-0.01505431320275441
govreport_test_0066,Full - no_path,unit:5,0.0
govreport_test_0066,AB2 - AB0,unit:5,-0.03736842105263158
govreport_test_0066,TextRank - no_path,unit:5,0.010274770868880095
govreport_test_0066,Lead - no_path,unit:5,-0.03153087921530014
govreport_test_0066,Full - no_path,word:110,0.0
govreport_test_0066,AB2 - AB0,word:110,-0.02019093602545813
govreport_test_0066,TextRank - no_path,word:110,0.03692276339922558
govreport_test_0066,Lead - no_path,word:110,0.005539025881393933
govreport_test_0066,Full - no_path,word:260,0.0
govreport_test_0066,AB2 - AB0,word:260,-0.044854713868798385
govreport_test_0066,TextRank - no_path,word:260,0.070798368701182
govreport_test_0066,Lead - no_path,word:260,-0.0042906633780808445
govreport_test_0067,Full - no_path,unit:10,0.0
govreport_test_0067,AB2 - AB0,unit:10,0.005583729318904801
govreport_test_0067,TextRank - no_path,unit:10,-0.010446234496867407
govreport_test_0067,Lead - no_path,unit:10,-0.08777246145667203
govreport_test_0067,Full - no_path,unit:5,0.0
govreport_test_0067,AB2 - AB0,unit:5,0.04193175245806818
govreport_test_0067,TextRank - no_path,unit:5,-0.05239934814556141
govreport_test_0067,Lead - no_path,unit:5,-0.12750749162700512
govreport_test_0067,Full - no_path,word:110,0.0
govreport_test_0067,AB2 - AB0,word:110,0.01307189542483661
govreport_test_0067,TextRank - no_path,word:110,-0.03278688524590165
govreport_test_0067,Lead - no_path,word:110,-0.059016393442622966
govreport_test_0067,Full - no_path,word:260,0.0
govreport_test_0067,AB2 - AB0,word:260,0.020718740432675242
govreport_test_0067,TextRank - no_path,word:260,-0.058349106077228236
govreport_test_0067,Lead - no_path,word:260,-0.10755238951518092
govreport_test_0068,Full - no_path,unit:10,0.0
govreport_test_0068,AB2 - AB0,unit:10,-0.0032570824072905846
govreport_test_0068,TextRank - no_path,unit:10,0.02739136109816967
govreport_test_0068,Lead - no_path,unit:10,-0.011451415871961634
govreport_test_0068,Full - no_path,unit:5,0.0
govreport_test_0068,AB2 - AB0,unit:5,-0.004746225109346025
govreport_test_0068,TextRank - no_path,unit:5,-0.004981674459675817
govreport_test_0068,Lead - no_path,unit:5,-0.0056939537802791484
govreport_test_0068,Full - no_path,word:110,0.0
govreport_test_0068,AB2 - AB0,word:110,-0.01670644391408113
govreport_test_0068,TextRank - no_path,word:110,0.023575156159002394
govreport_test_0068,Lead - no_path,word:110,-0.009569377990430616
govreport_test_0068,Full - no_path,word:260,0.0
govreport_test_0068,AB2 - AB0,word:260,-0.03155933543085615
govreport_test_0068,TextRank - no_path,word:260,0.030230331236292873
govreport_test_0068,Lead - no_path,word:260,-0.005204198189799558
govreport_test_0069,Full - no_path,unit:10,0.0
govreport_test_0069,AB2 - AB0,unit:10,-0.00640827175278208
govreport_test_0069,TextRank - no_path,unit:10,0.014441388225037932
govreport_test_0069,Lead - no_path,unit:10,-0.02318716679134164
govreport_test_0069,Full - no_path,unit:5,0.0
govreport_test_0069,AB2 - AB0,unit:5,-0.007174447174447152
govreport_test_0069,TextRank - no_path,unit:5,0.006418205038894648
govreport_test_0069,Lead - no_path,unit:5,-0.034858934169279016
govreport_test_0069,Full - no_path,word:110,0.0
govreport_test_0069,AB2 - AB0,word:110,-0.069293747902677
govreport_test_0069,TextRank - no_path,word:110,0.04517588646852304
govreport_test_0069,Lead - no_path,word:110,0.048452220726783304
govreport_test_0069,Full - no_path,word:260,-0.0022222222222222643
govreport_test_0069,AB2 - AB0,word:260,-0.022616407982261666
govreport_test_0069,TextRank - no_path,word:260,0.005821042281219269
govreport_test_0069,Lead - no_path,word:260,0.006666666666666626
govreport_test_0070,Full - no_path,unit:10,0.004243099605691747
govreport_test_0070,AB2 - AB0,unit:10,-0.03085220650410228
govreport_test_0070,TextRank - no_path,unit:10,0.042517006802721136
govreport_test_0070,Lead - no_path,unit:10,-0.05505638336424293
govreport_test_0070,Full - no_path,unit:5,-0.005416914776520676
govreport_test_0070,AB2 - AB0,unit:5,-0.0411290552280042
govreport_test_0070,TextRank - no_path,unit:5,0.03895698079517115
govreport_test_0070,Lead - no_path,unit:5,-0.09109891690815296
govreport_test_0070,Full - no_path,word:110,-0.03461969691489747
govreport_test_0070,AB2 - AB0,word:110,-0.04354587869362364
govreport_test_0070,TextRank - no_path,word:110,0.0401166890449465
govreport_test_0070,Lead - no_path,word:110,-0.053224348077688166
govreport_test_0070,Full - no_path,word:260,0.0
govreport_test_0070,AB2 - AB0,word:260,-0.013209770064550291
govreport_test_0070,TextRank - no_path,word:260,0.06565656565656569
govreport_test_0070,Lead - no_path,word:260,-0.04315538741768249
govreport_test_0071,Full - no_path,unit:10,-0.03671866076704955
govreport_test_0071,AB2 - AB0,unit:10,-0.0026971634694212265
govreport_test_0071,TextRank - no_path,unit:10,0.019796053391583746
govreport_test_0071,Lead - no_path,unit:10,-0.11794107443432225
govreport_test_0071,Full - no_path,unit:5,0.0
govreport_test_0071,AB2 - AB0,unit:5,-0.027405319703494774
govreport_test_0071,TextRank - no_path,unit:5,0.0649332348331832
govreport_test_0071,Lead - no_path,unit:5,-0.06882418319350583
govreport_test_0071,Full - no_path,word:110,0.0
govreport_test_0071,AB2 - AB0,word:110,-0.038885182512560096
govreport_test_0071,TextRank - no_path,word:110,0.09200689426438524
govreport_test_0071,Lead - no_path,word:110,-0.022889561683441084
govreport_test_0071,Full - no_path,word:260,-0.04164398095796509
govreport_test_0071,AB2 - AB0,word:260,-0.022610025724814076
govreport_test_0071,TextRank - no_path,word:260,0.0395778364116095
govreport_test_0071,Lead - no_path,word:260,-0.07579374093553964
govreport_test_0072,Full - no_path,unit:10,0.0
govreport_test_0072,AB2 - AB0,unit:10,-0.028469196678187175
govreport_test_0072,TextRank - no_path,unit:10,0.014915551656064924
govreport_test_0072,Lead - no_path,unit:10,-0.08812189187621539
govreport_test_0072,Full - no_path,unit:5,0.0
govreport_test_0072,AB2 - AB0,unit:5,-0.026911824051654543
govreport_test_0072,TextRank - no_path,unit:5,0.012991833704528583
govreport_test_0072,Lead - no_path,unit:5,-0.047417453977486396
govreport_test_0072,Full - no_path,word:110,0.0
govreport_test_0072,AB2 - AB0,word:110,-0.03531824583849261
govreport_test_0072,TextRank - no_path,word:110,0.030620677537057522
govreport_test_0072,Lead - no_path,word:110,-0.009367681498829022
govreport_test_0072,Full - no_path,word:260,0.0
govreport_test_0072,AB2 - AB0,word:260,-0.02018097404393604
govreport_test_0072,TextRank - no_path,word:260,0.0341048567445075
govreport_test_0072,Lead - no_path,word:260,-0.049957384392777165
govreport_test_0073,Full - no_path,unit:10,0.0
govreport_test_0073,AB2 - AB0,unit:10,0.133356790992259
govreport_test_0073,TextRank - no_path,unit:10,-0.11636434368391207
govreport_test_0073,Lead - no_path,unit:10,-0.15443427023768583
govreport_test_0073,Full - no_path,unit:5,0.0
govreport_test_0073,AB2 - AB0,unit:5,0.06921589863629479
govreport_test_0073,TextRank - no_path,unit:5,-0.060542047227530094
govreport_test_0073,Lead - no_path,unit:5,-0.12809558224848822
govreport_test_0073,Full - no_path,word:110,0.0
govreport_test_0073,AB2 - AB0,word:110,0.056047765154656315
govreport_test_0073,TextRank - no_path,word:110,-0.0001700425106276604
govreport_test_0073,Lead - no_path,word:110,-0.03923795858990452
govreport_test_0073,Full - no_path,word:260,0.0
govreport_test_0073,AB2 - AB0,word:260,0.13313888213711123
govreport_test_0073,TextRank - no_path,word:260,-0.08611410118406893
govreport_test_0073,Lead - no_path,word:260,-0.1288599519498179
govreport_test_0074,Full - no_path,unit:10,0.0
govreport_test_0074,AB2 - AB0,unit:10,-0.00287448014720737
govreport_test_0074,TextRank - no_path,unit:10,0.07528244113609966
govreport_test_0074,Lead - no_path,unit:10,-0.06611788220676812
govreport_test_0074,Full - no_path,unit:5,0.0
govreport_test_0074,AB2 - AB0,unit:5,-0.0475135968886673
govreport_test_0074,TextRank - no_path,unit:5,0.03510375282105102
govreport_test_0074,Lead - no_path,unit:5,-0.10557552855555848
govreport_test_0074,Full - no_path,word:110,0.0
govreport_test_0074,AB2 - AB0,word:110,-0.08691249642689305
govreport_test_0074,TextRank - no_path,word:110,0.043843624406284296
govreport_test_0074,Lead - no_path,word:110,-0.01532147742818056
govreport_test_0074,Full - no_path,word:260,0.0
govreport_test_0074,AB2 - AB0,word:260,-0.053558252550695906
govreport_test_0074,TextRank - no_path,word:260,0.07102894826778725
govreport_test_0074,Lead - no_path,word:260,-0.028279696354110984
govreport_test_0075,Full - no_path,unit:10,0.004558612493280906
govreport_test_0075,AB2 - AB0,unit:10,-0.003476808905380324
govreport_test_0075,TextRank - no_path,unit:10,-0.019269424043293404
govreport_test_0075,Lead - no_path,unit:10,-0.0031985654413144438
govreport_test_0075,Full - no_path,unit:5,0.0
govreport_test_0075,AB2 - AB0,unit:5,0.00512079289696471
govreport_test_0075,TextRank - no_path,unit:5,4.6421483862718604e-05
govreport_test_0075,Lead - no_path,unit:5,0.015303246542977406
govreport_test_0075,Full - no_path,word:110,0.010738255033557007
govreport_test_0075,AB2 - AB0,word:110,-0.013632614075456961
govreport_test_0075,TextRank - no_path,word:110,0.008226888936999341
govreport_test_0075,Lead - no_path,word:110,0.002684563758389255
govreport_test_0075,Full - no_path,word:260,-0.022581330533788274
govreport_test_0075,AB2 - AB0,word:260,0.008468097618347548
govreport_test_0075,TextRank - no_path,word:260,-0.033359136811040885
govreport_test_0075,Lead - no_path,word:260,-0.004704235561721226
govreport_test_0076,Full - no_path,unit:10,0.0
govreport_test_0076,AB2 - AB0,unit:10,-0.04044980710826557
govreport_test_0076,TextRank - no_path,unit:10,0.04559234731420164
govreport_test_0076,Lead - no_path,unit:10,-0.04408085530017744
govreport_test_0076,Full - no_path,unit:5,0.0
govreport_test_0076,AB2 - AB0,unit:5,-0.016512786541354407
govreport_test_0076,TextRank - no_path,unit:5,0.009639500059444861
govreport_test_0076,Lead - no_path,unit:5,-0.059729468869336555
govreport_test_0076,Full - no_path,word:110,0.0
govreport_test_0076,AB2 - AB0,word:110,-0.057114531523054166
govreport_test_0076,TextRank - no_path,word:110,0.03512607857920749
govreport_test_0076,Lead - no_path,word:110,-0.008987023371258188
govreport_test_0076,Full - no_path,word:260,0.0
govreport_test_0076,AB2 - AB0,word:260,-0.05225653206650835
govreport_test_0076,TextRank - no_path,word:260,0.0260972716488731
govreport_test_0076,Lead - no_path,word:260,-0.003546143882901781
govreport_test_0078,Full - no_path,unit:10,-0.00893854748603351
govreport_test_0078,AB2 - AB0,unit:10,-0.03419494118054511
govreport_test_0078,TextRank - no_path,unit:10,0.048418011648077686
govreport_test_0078,Lead - no_path,unit:10,0.0004962744369598482
govreport_test_0078,Full - no_path,unit:5,0.008418185425279223
govreport_test_0078,AB2 - AB0,unit:5,-0.044747715272614313
govreport_test_0078,TextRank - no_path,unit:5,0.04322033107079834
govreport_test_0078,Lead - no_path,unit:5,-0.009294895637976752
govreport_test_0078,Full - no_path,word:110,0.0
govreport_test_0078,AB2 - AB0,word:110,-0.02613540200529499
govreport_test_0078,TextRank - no_path,word:110,0.04106768152019498
govreport_test_0078,Lead - no_path,word:110,0.005543987506507017
govreport_test_0078,Full - no_path,word:260,-0.014475271411338975
govreport_test_0078,AB2 - AB0,word:260,-0.03644167060016429
govreport_test_0078,TextRank - no_path,word:260,0.05520368567151601
govreport_test_0078,Lead - no_path,word:260,0.01617449197364762
govreport_test_0079,Full - no_path,unit:10,0.0
govreport_test_0079,AB2 - AB0,unit:10,-0.010526315789473717
govreport_test_0079,TextRank - no_path,unit:10,0.0012275834276237463
govreport_test_0079,Lead - no_path,unit:10,-0.05314455936004284
govreport_test_0079,Full - no_path,unit:5,0.0
govreport_test_0079,AB2 - AB0,unit:5,-0.002733155941000598
govreport_test_0079,TextRank - no_path,unit:5,0.002066153817772559
govreport_test_0079,Lead - no_path,unit:5,-0.07164453543366793
govreport_test_0079,Full - no_path,word:110,0.0
govreport_test_0079,AB2 - AB0,word:110,-0.0068681318681318715
govreport_test_0079,TextRank - no_path,word:110,0.015419600938967132
govreport_test_0079,Lead - no_path,word:110,-0.04734324952832257
govreport_test_0079,Full - no_path,word:260,0.0
govreport_test_0079,AB2 - AB0,word:260,-0.015427315461006591
govreport_test_0079,TextRank - no_path,word:260,0.03257671290458175
govreport_test_0079,Lead - no_path,word:260,-0.00041981528127624235
govreport_test_0080,Full - no_path,unit:10,0.001734652391923025
govreport_test_0080,AB2 - AB0,unit:10,0.005604642569245977
govreport_test_0080,TextRank - no_path,unit:10,0.011534992306467873
govreport_test_0080,Lead - no_path,unit:10,-0.026262305493807564
govreport_test_0080,Full - no_path,unit:5,-0.003453592352759771
govreport_test_0080,AB2 - AB0,unit:5,0.038609434384082264
govreport_test_0080,TextRank - no_path,unit:5,-0.007538870928723795
govreport_test_0080,Lead - no_path,unit:5,-0.03175504236012555
govreport_test_0080,Full - no_path,word:110,0.0
govreport_test_0080,AB2 - AB0,word:110,0.02243589743589744
govreport_test_0080,TextRank - no_path,word:110,0.009615384615384609
govreport_test_0080,Lead - no_path,word:110,-0.025300931651413977
govreport_test_0080,Full - no_path,word:260,-0.007296729190933271
govreport_test_0080,AB2 - AB0,word:260,-0.01267587271979706
govreport_test_0080,TextRank - no_path,word:260,0.008247312259843875
govreport_test_0080,Lead - no_path,word:260,-0.028423772609819098
govreport_test_0081,Full - no_path,unit:10,-0.02089838529629104
govreport_test_0081,AB2 - AB0,unit:10,0.10971683142614297
govreport_test_0081,TextRank - no_path,unit:10,-0.07277232389340013
govreport_test_0081,Lead - no_path,unit:10,-0.06093734183621824
govreport_test_0081,Full - no_path,unit:5,-0.03881320012110204
govreport_test_0081,AB2 - AB0,unit:5,0.1063728254739491
govreport_test_0081,TextRank - no_path,unit:5,-0.09110041020153381
govreport_test_0081,Lead - no_path,unit:5,-0.07763050237277043
govreport_test_0081,Full - no_path,word:110,-0.002715011385531596
govreport_test_0081,AB2 - AB0,word:110,0.00040812247005708735
govreport_test_0081,TextRank - no_path,word:110,0.04593485285127939
govreport_test_0081,Lead - no_path,word:110,-0.008820190376386317
govreport_test_0081,Full - no_path,word:260,-0.0306449931389704
govreport_test_0081,AB2 - AB0,word:260,-0.012090086747285955
govreport_test_0081,TextRank - no_path,word:260,0.025833038178925377
govreport_test_0081,Lead - no_path,word:260,-0.024134711898193995
govreport_test_0082,Full - no_path,unit:10,0.014465842573434529
govreport_test_0082,AB2 - AB0,unit:10,0.026018207110281577
govreport_test_0082,TextRank - no_path,unit:10,-0.028346380768141333
govreport_test_0082,Lead - no_path,unit:10,-0.08919935801299755
govreport_test_0082,Full - no_path,unit:5,-0.00455769387683741
govreport_test_0082,AB2 - AB0,unit:5,0.0274896000116977
govreport_test_0082,TextRank - no_path,unit:5,-0.016422516722758324
govreport_test_0082,Lead - no_path,unit:5,-0.05834404220864026
govreport_test_0082,Full - no_path,word:110,0.0
govreport_test_0082,AB2 - AB0,word:110,0.03537462356867915
govreport_test_0082,TextRank - no_path,word:110,-0.0066820823478727365
govreport_test_0082,Lead - no_path,word:110,-0.044195640668492825
govreport_test_0082,Full - no_path,word:260,-0.01664173139589703
govreport_test_0082,AB2 - AB0,word:260,0.040293184553112316
govreport_test_0082,TextRank - no_path,word:260,-0.018917876581443505
govreport_test_0082,Lead - no_path,word:260,-0.06968744274669311
govreport_test_0083,Full - no_path,unit:10,0.006414835164835181
govreport_test_0083,AB2 - AB0,unit:10,0.008276456642000135
govreport_test_0083,TextRank - no_path,unit:10,0.015115207373271933
govreport_test_0083,Lead - no_path,unit:10,-0.06232052211747641
govreport_test_0083,Full - no_path,unit:5,-0.03590512385536254
govreport_test_0083,AB2 - AB0,unit:5,-0.03103254508181244
govreport_test_0083,TextRank - no_path,unit:5,-0.055254394429622905
govreport_test_0083,Lead - no_path,unit:5,-0.05963049693606834
govreport_test_0083,Full - no_path,word:110,-0.049854961414263044
govreport_test_0083,AB2 - AB0,word:110,-0.030119820324426422
govreport_test_0083,TextRank - no_path,word:110,-0.043243391166329165
govreport_test_0083,Lead - no_path,word:110,-0.049668874172185434
govreport_test_0083,Full - no_path,word:260,-0.04796318091590987
govreport_test_0083,AB2 - AB0,word:260,-0.01622158580531985
govreport_test_0083,TextRank - no_path,word:260,0.013562020705859129
govreport_test_0083,Lead - no_path,word:260,-0.06385722065100921
govreport_test_0084,Full - no_path,unit:10,0.0
govreport_test_0084,AB2 - AB0,unit:10,0.0352780690342015
govreport_test_0084,TextRank - no_path,unit:10,-0.061728956283620684
govreport_test_0084,Lead - no_path,unit:10,-0.12889695181515515
govreport_test_0084,Full - no_path,unit:5,0.0
govreport_test_0084,AB2 - AB0,unit:5,0.03063812014598105
govreport_test_0084,TextRank - no_path,unit:5,-0.05656735011505844
govreport_test_0084,Lead - no_path,unit:5,-0.10920835832419871
govreport_test_0084,Full - no_path,word:110,0.0
govreport_test_0084,AB2 - AB0,word:110,0.0204969533888847
govreport_test_0084,TextRank - no_path,word:110,-0.017309205350118026
govreport_test_0084,Lead - no_path,word:110,-0.04415373956339468
govreport_test_0084,Full - no_path,word:260,0.0
govreport_test_0084,AB2 - AB0,word:260,0.01685393258426965
govreport_test_0084,TextRank - no_path,word:260,-0.03675161198850954
govreport_test_0084,Lead - no_path,word:260,-0.08854532677442022
govreport_test_0085,Full - no_path,unit:10,-0.00591639554978815
govreport_test_0085,AB2 - AB0,unit:10,0.0018404828682581365
govreport_test_0085,TextRank - no_path,unit:10,0.007601915491241701
govreport_test_0085,Lead - no_path,unit:10,-0.05523440228664295
govreport_test_0085,Full - no_path,unit:5,-0.032873336390714825
govreport_test_0085,AB2 - AB0,unit:5,-0.00021166008582665374
govreport_test_0085,TextRank - no_path,unit:5,-0.02421564602722051
govreport_test_0085,Lead - no_path,unit:5,-0.0637045674504194
govreport_test_0085,Full - no_path,word:110,-0.001507159005275066
govreport_test_0085,AB2 - AB0,word:110,0.007493668004211848
govreport_test_0085,TextRank - no_path,word:110,-0.010550113036925407
govreport_test_0085,Lead - no_path,word:110,-0.01657874905802563
govreport_test_0085,Full - no_path,word:260,-0.010825439783491222
govreport_test_0085,AB2 - AB0,word:260,-0.024464554056508755
govreport_test_0085,TextRank - no_path,word:260,0.00422272828952916
govreport_test_0085,Lead - no_path,word:260,-0.022877542713180862
govreport_test_0086,Full - no_path,unit:10,-0.001222714727774521
govreport_test_0086,AB2 - AB0,unit:10,0.017244955306963572
govreport_test_0086,TextRank - no_path,unit:10,0.047664884135472374
govreport_test_0086,Lead - no_path,unit:10,-0.04157789347216659
govreport_test_0086,Full - no_path,unit:5,-0.08997101233041677
govreport_test_0086,AB2 - AB0,unit:5,0.019459767399852695
govreport_test_0086,TextRank - no_path,unit:5,-0.019459767399852695
govreport_test_0086,Lead - no_path,unit:5,-0.08363967582969381
govreport_test_0086,Full - no_path,word:110,0.0
govreport_test_0086,AB2 - AB0,word:110,-0.02170749549261669
govreport_test_0086,TextRank - no_path,word:110,0.017001254705144297
govreport_test_0086,Lead - no_path,word:110,-0.02985409120680539
govreport_test_0086,Full - no_path,word:260,-0.05717823971693947
govreport_test_0086,AB2 - AB0,word:260,0.013243797389437484
govreport_test_0086,TextRank - no_path,word:260,-0.00929493545183721
govreport_test_0086,Lead - no_path,word:260,-0.07262153262264895
govreport_test_0087,Full - no_path,unit:10,0.0
govreport_test_0087,AB2 - AB0,unit:10,0.005706478694756878
govreport_test_0087,TextRank - no_path,unit:10,-0.011238452701320373
govreport_test_0087,Lead - no_path,unit:10,-0.07266440081295303
govreport_test_0087,Full - no_path,unit:5,0.0
govreport_test_0087,AB2 - AB0,unit:5,0.0077975664182560744
govreport_test_0087,TextRank - no_path,unit:5,-0.011000409045754667
govreport_test_0087,Lead - no_path,unit:5,-0.08034882009517734
govreport_test_0087,Full - no_path,word:110,0.0
govreport_test_0087,AB2 - AB0,word:110,-0.012605856984073183
govreport_test_0087,TextRank - no_path,word:110,0.023002231408722207
govreport_test_0087,Lead - no_path,word:110,-0.029146907073415704
govreport_test_0087,Full - no_path,word:260,0.0
govreport_test_0087,AB2 - AB0,word:260,0.006528835690968432
govreport_test_0087,TextRank - no_path,word:260,0.013043478260869518
govreport_test_0087,Lead - no_path,word:260,-0.024464176362522988
govreport_test_0088,Full - no_path,unit:10,0.0024411936467058637
govreport_test_0088,AB2 - AB0,unit:10,-0.025026004478059305
govreport_test_0088,TextRank - no_path,unit:10,0.04589257866250804
govreport_test_0088,Lead - no_path,unit:10,-0.039508731738802344
govreport_test_0088,Full - no_path,unit:5,-0.009125770593660515
govreport_test_0088,AB2 - AB0,unit:5,0.002864846646444208
govreport_test_0088,TextRank - no_path,unit:5,-0.007896325380812808
govreport_test_0088,Lead - no_path,unit:5,-0.044824119545021496
govreport_test_0088,Full - no_path,word:110,-0.0026701781338015207
govreport_test_0088,AB2 - AB0,word:110,-0.014058061133667393
govreport_test_0088,TextRank - no_path,word:110,0.008547008547008572
govreport_test_0088,Lead - no_path,word:110,-0.028773310023310003
govreport_test_0088,Full - no_path,word:260,-0.009400705052878988
govreport_test_0088,AB2 - AB0,word:260,-0.021338661118724844
govreport_test_0088,TextRank - no_path,word:260,0.042303172737955336
govreport_test_0088,Lead - no_path,word:260,-0.04511567875787406
govreport_test_0089,Full - no_path,unit:10,0.011519287833827885
govreport_test_0089,AB2 - AB0,unit:10,0.020926153459288582
govreport_test_0089,TextRank - no_path,unit:10,-0.005962174940898318
govreport_test_0089,Lead - no_path,unit:10,-0.046941176470588264
govreport_test_0089,Full - no_path,unit:5,-0.014421440588138046
govreport_test_0089,AB2 - AB0,unit:5,0.04125438054009481
govreport_test_0089,TextRank - no_path,unit:5,-0.046858796219410054
govreport_test_0089,Lead - no_path,unit:5,-0.0693303915065393
govreport_test_0089,Full - no_path,word:110,0.00576368876080692
govreport_test_0089,AB2 - AB0,word:110,0.011477761836441891
govreport_test_0089,TextRank - no_path,word:110,0.029034686095204806
govreport_test_0089,Lead - no_path,word:110,-0.020462751333267082
govreport_test_0089,Full - no_path,word:260,-0.008990152105399857
govreport_test_0089,AB2 - AB0,word:260,-0.02155077146893844
govreport_test_0089,TextRank - no_path,word:260,-0.0026130625148628184
govreport_test_0089,Lead - no_path,word:260,-0.04280218781037112
govreport_test_0090,Full - no_path,unit:10,0.0
govreport_test_0090,AB2 - AB0,unit:10,-0.03389875333060685
govreport_test_0090,TextRank - no_path,unit:10,0.009246151775601036
govreport_test_0090,Lead - no_path,unit:10,-0.04769219092778587
govreport_test_0090,Full - no_path,unit:5,0.0
govreport_test_0090,AB2 - AB0,unit:5,0.00881255963223182
govreport_test_0090,TextRank - no_path,unit:5,-0.012330796624674428
govreport_test_0090,Lead - no_path,unit:5,-0.0674005910183583
govreport_test_0090,Full - no_path,word:110,0.0
govreport_test_0090,AB2 - AB0,word:110,0.002535728187732844
govreport_test_0090,TextRank - no_path,word:110,-0.03976204465334898
govreport_test_0090,Lead - no_path,word:110,-0.05334900117508812
govreport_test_0090,Full - no_path,word:260,0.0
govreport_test_0090,AB2 - AB0,word:260,-0.023376819244400854
govreport_test_0090,TextRank - no_path,word:260,-0.006507526686898885
govreport_test_0090,Lead - no_path,word:260,-0.02242152466367714
govreport_test_0091,Full - no_path,unit:10,-0.0006562591376808036
govreport_test_0091,AB2 - AB0,unit:10,0.0009039778207131921
govreport_test_0091,TextRank - no_path,unit:10,0.034079131424264136
govreport_test_0091,Lead - no_path,unit:10,-0.055245327972600705
govreport_test_0091,Full - no_path,unit:5,0.0
govreport_test_0091,AB2 - AB0,unit:5,0.016525023607176587
govreport_test_0091,TextRank - no_path,unit:5,0.03467168393996889
govreport_test_0091,Lead - no_path,unit:5,-0.05273832124857995
govreport_test_0091,Full - no_path,word:110,-0.006103763987792471
govreport_test_0091,AB2 - AB0,word:110,-0.00619680917053321
govreport_test_0091,TextRank - no_path,word:110,0.010172939979654128
govreport_test_0091,Lead - no_path,word:110,-0.024826915869374508
govreport_test_0091,Full - no_path,word:260,0.0124888895115432
govreport_test_0091,AB2 - AB0,word:260,0.03027423802071688
govreport_test_0091,TextRank - no_path,word:260,0.02982386624089997
govreport_test_0091,Lead - no_path,word:260,-0.029282445949112654
govreport_test_0092,Full - no_path,unit:10,0.0011303118645335786
govreport_test_0092,AB2 - AB0,unit:10,-0.055678230390258654
govreport_test_0092,TextRank - no_path,unit:10,0.05174725068088487
govreport_test_0092,Lead - no_path,unit:10,-0.04816266820703352
govreport_test_0092,Full - no_path,unit:5,0.005233074018282741
govreport_test_0092,AB2 - AB0,unit:5,-0.056015478795952686
govreport_test_0092,TextRank - no_path,unit:5,0.039479831289520956
govreport_test_0092,Lead - no_path,unit:5,-0.05730405350878441
govreport_test_0092,Full - no_path,word:110,-0.006618492610689031
govreport_test_0092,AB2 - AB0,word:110,-0.042258766687217716
govreport_test_0092,TextRank - no_path,word:110,0.02490752994672367
govreport_test_0092,Lead - no_path,word:110,-0.011007172634645568
govreport_test_0092,Full - no_path,word:260,0.0035730104827993436
govreport_test_0092,AB2 - AB0,word:260,-0.03451581975071907
govreport_test_0092,TextRank - no_path,word:260,0.05384615384615385
govreport_test_0092,Lead - no_path,word:260,-0.018117698919991196
govreport_test_0093,Full - no_path,unit:10,0.0010556109187667695
govreport_test_0093,AB2 - AB0,unit:10,0.026239180978059135
govreport_test_0093,TextRank - no_path,unit:10,-0.03810628139848718
govreport_test_0093,Lead - no_path,unit:10,-0.07026172658783739
govreport_test_0093,Full - no_path,unit:5,-0.03923915235364775
govreport_test_0093,AB2 - AB0,unit:5,0.01285761994879217
govreport_test_0093,TextRank - no_path,unit:5,-0.041169937702812937
govreport_test_0093,Lead - no_path,unit:5,-0.09383306751727805
govreport_test_0093,Full - no_path,word:110,0.0
govreport_test_0093,AB2 - AB0,word:110,0.04995707886563343
govreport_test_0093,TextRank - no_path,word:110,0.0038202429250721315
govreport_test_0093,Lead - no_path,word:110,-0.0350490150254579
govreport_test_0093,Full - no_path,word:260,-0.0037504541565580307
govreport_test_0093,AB2 - AB0,word:260,0.03265481037068779
govreport_test_0093,TextRank - no_path,word:260,-0.039482086540910066
govreport_test_0093,Lead - no_path,word:260,-0.0516668419801857
govreport_test_0094,Full - no_path,unit:10,0.0
govreport_test_0094,AB2 - AB0,unit:10,-0.057076999806792844
govreport_test_0094,TextRank - no_path,unit:10,0.05626657390550102
govreport_test_0094,Lead - no_path,unit:10,-0.06354094943893407
govreport_test_0094,Full - no_path,unit:5,0.0
govreport_test_0094,AB2 - AB0,unit:5,0.02302242227223475
govreport_test_0094,TextRank - no_path,unit:5,-0.04899977753820353
govreport_test_0094,Lead - no_path,unit:5,-0.09186841819563563
govreport_test_0094,Full - no_path,word:110,0.0
govreport_test_0094,AB2 - AB0,word:110,0.006171917969670759
govreport_test_0094,TextRank - no_path,word:110,-0.003562237147699432
govreport_test_0094,Lead - no_path,word:110,-0.03385363316891751
govreport_test_0094,Full - no_path,word:260,0.0
govreport_test_0094,AB2 - AB0,word:260,-0.1000348703092728
govreport_test_0094,TextRank - no_path,word:260,0.070661172524287
govreport_test_0094,Lead - no_path,word:260,-0.02804386575723275
govreport_test_0095,Full - no_path,unit:10,0.0
govreport_test_0095,AB2 - AB0,unit:10,-0.003627950996372059
govreport_test_0095,TextRank - no_path,unit:10,-0.016411538061022607
govreport_test_0095,Lead - no_path,unit:10,-0.05082283509249802
govreport_test_0095,Full - no_path,unit:5,0.0
govreport_test_0095,AB2 - AB0,unit:5,-0.016534588150023122
govreport_test_0095,TextRank - no_path,unit:5,0.019222389951958074
govreport_test_0095,Lead - no_path,unit:5,-0.025605265768420538
govreport_test_0095,Full - no_path,word:110,0.0
govreport_test_0095,AB2 - AB0,word:110,-0.04199079415888138
govreport_test_0095,TextRank - no_path,word:110,0.046691542288557195
govreport_test_0095,Lead - no_path,word:110,-0.0050000000000000044
govreport_test_0095,Full - no_path,word:260,0.0
govreport_test_0095,AB2 - AB0,word:260,-0.020568829213890583
govreport_test_0095,TextRank - no_path,word:260,0.003422134870431248
govreport_test_0095,Lead - no_path,word:260,-0.029764879957365237
govreport_test_0096,Full - no_path,unit:10,-0.0040723824851559565
govreport_test_0096,AB2 - AB0,unit:10,0.0034953945110036966
govreport_test_0096,TextRank - no_path,unit:10,0.005537279003720724
govreport_test_0096,Lead - no_path,unit:10,-0.06290563874557831
govreport_test_0096,Full - no_path,unit:5,-0.012912037704996854
govreport_test_0096,AB2 - AB0,unit:5,0.00041993972629811305
govreport_test_0096,TextRank - no_path,unit:5,-0.017458806236898577
govreport_test_0096,Lead - no_path,unit:5,-0.057862066484233976
govreport_test_0096,Full - no_path,word:110,-0.008722741433021819
govreport_test_0096,AB2 - AB0,word:110,0.012866046993863539
govreport_test_0096,TextRank - no_path,word:110,0.009523809523809518
govreport_test_0096,Lead - no_path,word:110,-0.03132405976300877
govreport_test_0096,Full - no_path,word:260,-0.022817979483364115
govreport_test_0096,AB2 - AB0,word:260,-0.0006998628647089389
govreport_test_0096,TextRank - no_path,word:260,0.003464291152733362
govreport_test_0096,Lead - no_path,word:260,-0.04092964824120604
govreport_test_0097,Full - no_path,unit:10,0.00113029452177546
govreport_test_0097,AB2 - AB0,unit:10,-0.040444358886719434
govreport_test_0097,TextRank - no_path,unit:10,0.04863893238918768
govreport_test_0097,Lead - no_path,unit:10,-0.08787034851703254
govreport_test_0097,Full - no_path,unit:5,0.0
govreport_test_0097,AB2 - AB0,unit:5,0.004074437397410646
govreport_test_0097,TextRank - no_path,unit:5,-0.00653221524250347
govreport_test_0097,Lead - no_path,unit:5,-0.1479486204419656
govreport_test_0097,Full - no_path,word:110,0.0
govreport_test_0097,AB2 - AB0,word:110,-0.05156537753222837
govreport_test_0097,TextRank - no_path,word:110,0.026253146080444156
govreport_test_0097,Lead - no_path,word:110,-0.0850883094466304
govreport_test_0097,Full - no_path,word:260,0.0
govreport_test_0097,AB2 - AB0,word:260,-0.05282270826739516
govreport_test_0097,TextRank - no_path,word:260,0.04357597495490642
govreport_test_0097,Lead - no_path,word:260,-0.08368064169354167
govreport_test_0098,Full - no_path,unit:10,0.0
govreport_test_0098,AB2 - AB0,unit:10,-0.018075103994529496
govreport_test_0098,TextRank - no_path,unit:10,0.0438389100380685
govreport_test_0098,Lead - no_path,unit:10,-0.08323360045260597
govreport_test_0098,Full - no_path,unit:5,-0.06887927538191158
govreport_test_0098,AB2 - AB0,unit:5,-0.030614671263821225
govreport_test_0098,TextRank - no_path,unit:5,0.030614671263821225
govreport_test_0098,Lead - no_path,unit:5,-0.13409563409563408
govreport_test_0098,Full - no_path,word:110,-0.09282004967261234
govreport_test_0098,AB2 - AB0,word:110,-0.012019266952660479
govreport_test_0098,TextRank - no_path,word:110,0.0383023705636274
govreport_test_0098,Lead - no_path,word:110,-0.05426356589147288
govreport_test_0098,Full - no_path,word:260,0.0
govreport_test_0098,AB2 - AB0,word:260,-0.03012048192771083
govreport_test_0098,TextRank - no_path,word:260,0.07851611009505746
govreport_test_0098,Lead - no_path,word:260,-0.048048048048048075
govreport_test_0099,Full - no_path,unit:10,0.0
govreport_test_0099,AB2 - AB0,unit:10,-0.01569158269413945
govreport_test_0099,TextRank - no_path,unit:10,0.01905474548506486
govreport_test_0099,Lead - no_path,unit:10,-0.021939812330740688
govreport_test_0099,Full - no_path,unit:5,0.0
govreport_test_0099,AB2 - AB0,unit:5,0.007040793258549616
govreport_test_0099,TextRank - no_path,unit:5,-0.004410086210385716
govreport_test_0099,Lead - no_path,unit:5,-0.02970962538089264
govreport_test_0099,Full - no_path,word:110,0.0
govreport_test_0099,AB2 - AB0,word:110,-0.011133292383292387
govreport_test_0099,TextRank - no_path,word:110,0.008522727272727293
govreport_test_0099,Lead - no_path,word:110,-0.008744358478401021
govreport_test_0099,Full - no_path,word:260,-0.023952457916900316
govreport_test_0099,AB2 - AB0,word:260,0.00495351947558742
govreport_test_0099,TextRank - no_path,word:260,0.018202108827830327
govreport_test_0099,Lead - no_path,word:260,-0.012746259488394557
govreport_test_0100,Full - no_path,unit:10,0.0
govreport_test_0100,AB2 - AB0,unit:10,-0.08315955910997047
govreport_test_0100,TextRank - no_path,unit:10,-0.00933438239383197
govreport_test_0100,Lead - no_path,unit:10,-0.012574399601318315
govreport_test_0100,Full - no_path,unit:5,0.0
govreport_test_0100,AB2 - AB0,unit:5,-0.08211291561979264
govreport_test_0100,TextRank - no_path,unit:5,-0.022952443857331528
govreport_test_0100,Lead - no_path,unit:5,-0.04625752860309426
govreport_test_0100,Full - no_path,word:110,0.0
govreport_test_0100,AB2 - AB0,word:110,-0.056879781117932335
govreport_test_0100,TextRank - no_path,word:110,0.002516404866144087
govreport_test_0100,Lead - no_path,word:110,-0.011945070711211314
govreport_test_0100,Full - no_path,word:260,0.0
govreport_test_0100,AB2 - AB0,word:260,-0.02139432757926324
govreport_test_0100,TextRank - no_path,word:260,-0.013703396851698413
govreport_test_0100,Lead - no_path,word:260,-0.023474178403755874
govreport_test_0101,Full - no_path,unit:10,0.0
govreport_test_0101,AB2 - AB0,unit:10,-0.020660482040363415
govreport_test_0101,TextRank - no_path,unit:10,-0.01268782450228656
govreport_test_0101,Lead - no_path,unit:10,0.06557694387984585
govreport_test_0101,Full - no_path,unit:5,0.0
govreport_test_0101,AB2 - AB0,unit:5,0.013882103354328143
govreport_test_0101,TextRank - no_path,unit:5,-0.03196373518954164
govreport_test_0101,Lead - no_path,unit:5,0.03978791988867554
govreport_test_0101,Full - no_path,word:110,0.0
govreport_test_0101,AB2 - AB0,word:110,-0.05845578454845625
govreport_test_0101,TextRank - no_path,word:110,0.02240896358543419
govreport_test_0101,Lead - no_path,word:110,0.014005602240896378
govreport_test_0101,Full - no_path,word:260,0.0
govreport_test_0101,AB2 - AB0,word:260,-0.013683269033093526
govreport_test_0101,TextRank - no_path,word:260,-0.0026534925428858824
govreport_test_0101,Lead - no_path,word:260,0.001784715377853574
govreport_test_0102,Full - no_path,unit:10,0.0
govreport_test_0102,AB2 - AB0,unit:10,-0.0003219655268394406
govreport_test_0102,TextRank - no_path,unit:10,0.017669004933670407
govreport_test_0102,Lead - no_path,unit:10,-0.017821355346791523
govreport_test_0102,Full - no_path,unit:5,0.001266413999228333
govreport_test_0102,AB2 - AB0,unit:5,0.015669396623767373
govreport_test_0102,TextRank - no_path,unit:5,-0.007808601455064151
govreport_test_0102,Lead - no_path,unit:5,-0.02787651133719568
govreport_test_0102,Full - no_path,word:110,-0.020580702713590956
govreport_test_0102,AB2 - AB0,word:110,0.013536379018612515
govreport_test_0102,TextRank - no_path,word:110,-0.007707349753920206
govreport_test_0102,Lead - no_path,word:110,-0.030560271646859066
govreport_test_0102,Full - no_path,word:260,-0.002216950724891753
govreport_test_0102,AB2 - AB0,word:260,-0.01867388362652231
govreport_test_0102,TextRank - no_path,word:260,0.0026990553306342757
govreport_test_0102,Lead - no_path,word:260,-0.015748750454255778
govreport_test_0103,Full - no_path,unit:10,0.0
govreport_test_0103,AB2 - AB0,unit:10,-0.004476471441698493
govreport_test_0103,TextRank - no_path,unit:10,0.03554961602455009
govreport_test_0103,Lead - no_path,unit:10,-0.10504910149724439
govreport_test_0103,Full - no_path,unit:5,0.0
govreport_test_0103,AB2 - AB0,unit:5,-0.02078482531609338
govreport_test_0103,TextRank - no_path,unit:5,0.03301378683661005
govreport_test_0103,Lead - no_path,unit:5,-0.04933092781367293
govreport_test_0103,Full - no_path,word:110,0.0
govreport_test_0103,AB2 - AB0,word:110,-0.021164021164021163
govreport_test_0103,TextRank - no_path,word:110,0.025428040767273757
govreport_test_0103,Lead - no_path,word:110,-0.049853854188945
govreport_test_0103,Full - no_path,word:260,0.0
govreport_test_0103,AB2 - AB0,word:260,0.016736401673640183
govreport_test_0103,TextRank - no_path,word:260,0.08160470580912219
govreport_test_0103,Lead - no_path,word:260,-0.05615134633240482
govreport_test_0104,Full - no_path,unit:10,0.0
govreport_test_0104,AB2 - AB0,unit:10,0.018314244938316043
govreport_test_0104,TextRank - no_path,unit:10,-0.01133427928368727
govreport_test_0104,Lead - no_path,unit:10,-0.0717557205874815
govreport_test_0104,Full - no_path,unit:5,0.0
govreport_test_0104,AB2 - AB0,unit:5,0.02220108781967081
govreport_test_0104,TextRank - no_path,unit:5,-0.02490407844251813
govreport_test_0104,Lead - no_path,unit:5,-0.11318690225320151
govreport_test_0104,Full - no_path,word:110,0.0
govreport_test_0104,AB2 - AB0,word:110,0.0007176318150104721
govreport_test_0104,TextRank - no_path,word:110,-0.019406620612546388
govreport_test_0104,Lead - no_path,word:110,-0.03183554302397662
govreport_test_0104,Full - no_path,word:260,0.0
govreport_test_0104,AB2 - AB0,word:260,0.016095853684692824
govreport_test_0104,TextRank - no_path,word:260,0.009644434682870878
govreport_test_0104,Lead - no_path,word:260,-0.04175125482578493
govreport_test_0105,Full - no_path,unit:10,-0.004124618472791303
govreport_test_0105,AB2 - AB0,unit:10,0.08329398779777414
govreport_test_0105,TextRank - no_path,unit:10,-0.06810528435506935
govreport_test_0105,Lead - no_path,unit:10,-0.09148184832039338
govreport_test_0105,Full - no_path,unit:5,0.0
govreport_test_0105,AB2 - AB0,unit:5,0.11943344878772888
govreport_test_0105,TextRank - no_path,unit:5,-0.04582983676673616
govreport_test_0105,Lead - no_path,unit:5,-0.05017945176703004
govreport_test_0105,Full - no_path,word:110,0.009985217415557968
govreport_test_0105,AB2 - AB0,word:110,-0.026143922799721442
govreport_test_0105,TextRank - no_path,word:110,0.006577015381811158
govreport_test_0105,Lead - no_path,word:110,-0.016079945491710226
govreport_test_0105,Full - no_path,word:260,0.0002527988443481177
govreport_test_0105,AB2 - AB0,word:260,0.028205128205128188
govreport_test_0105,TextRank - no_path,word:260,-0.012804097311139573
govreport_test_0105,Lead - no_path,word:260,-0.04157085369359012
govreport_test_0106,Full - no_path,unit:10,-0.05708443232670479
govreport_test_0106,AB2 - AB0,unit:10,-0.04339048868144085
govreport_test_0106,TextRank - no_path,unit:10,-0.06812280063099141
govreport_test_0106,Lead - no_path,unit:10,-0.12951985125232418
govreport_test_0106,Full - no_path,unit:5,-0.00712954417965006
govreport_test_0106,AB2 - AB0,unit:5,0.04161508242106396
govreport_test_0106,TextRank - no_path,unit:5,-0.03904943074820047
govreport_test_0106,Lead - no_path,unit:5,-0.10902954307564142
govreport_test_0106,Full - no_path,word:110,0.0
govreport_test_0106,AB2 - AB0,word:110,0.009852216748768461
govreport_test_0106,TextRank - no_path,word:110,-0.002970789041569416
govreport_test_0106,Lead - no_path,word:110,-0.029825836496271768
govreport_test_0106,Full - no_path,word:260,0.010526315789473717
govreport_test_0106,AB2 - AB0,word:260,0.012164585776367587
govreport_test_0106,TextRank - no_path,word:260,0.03192566396227728
govreport_test_0106,Lead - no_path,word:260,-0.026045350530476352
govreport_test_0107,Full - no_path,unit:10,-0.0030425396523321435
govreport_test_0107,AB2 - AB0,unit:10,-0.05828206908842848
govreport_test_0107,TextRank - no_path,unit:10,0.0714175501468319
govreport_test_0107,Lead - no_path,unit:10,-0.02261034871977663
govreport_test_0107,Full - no_path,unit:5,0.0
govreport_test_0107,AB2 - AB0,unit:5,-0.029152784388386477
govreport_test_0107,TextRank - no_path,unit:5,0.03289395909681994
govreport_test_0107,Lead - no_path,unit:5,-0.02840080674340048
govreport_test_0107,Full - no_path,word:110,0.011888057552641551
govreport_test_0107,AB2 - AB0,word:110,-0.05143721633888049
govreport_test_0107,TextRank - no_path,word:110,0.026520605872810465
govreport_test_0107,Lead - no_path,word:110,-0.0005878278621292976
govreport_test_0107,Full - no_path,word:260,0.0
govreport_test_0107,AB2 - AB0,word:260,-0.042534910643224066
govreport_test_0107,TextRank - no_path,word:260,0.08989748797176081
govreport_test_0107,Lead - no_path,word:260,-0.014705882352941152
govreport_test_0108,Full - no_path,unit:10,0.0
govreport_test_0108,AB2 - AB0,unit:10,-0.05756249536384542
govreport_test_0108,TextRank - no_path,unit:10,0.05493967345093684
govreport_test_0108,Lead - no_path,unit:10,-0.015385735569221848
govreport_test_0108,Full - no_path,unit:5,-0.003385189493069707
govreport_test_0108,AB2 - AB0,unit:5,-0.04606612867935697
govreport_test_0108,TextRank - no_path,unit:5,0.042631277506480936
govreport_test_0108,Lead - no_path,unit:5,-0.026043592588027478
govreport_test_0108,Full - no_path,word:110,-0.009870250231696007
govreport_test_0108,AB2 - AB0,word:110,-0.02644230769230771
govreport_test_0108,TextRank - no_path,word:110,0.02859128822984247
govreport_test_0108,Lead - no_path,word:110,-0.0075847206352420565
govreport_test_0108,Full - no_path,word:260,-0.014052573593764467
govreport_test_0108,AB2 - AB0,word:260,-0.06331654267861411
govreport_test_0108,TextRank - no_path,word:260,0.07542043799497089
govreport_test_0108,Lead - no_path,word:260,-0.002186641347661583
govreport_test_0109,Full - no_path,unit:10,0.0
govreport_test_0109,AB2 - AB0,unit:10,0.02218045112781955
govreport_test_0109,TextRank - no_path,unit:10,-0.035072998825306234
govreport_test_0109,Lead - no_path,unit:10,-0.05554036814288313
govreport_test_0109,Full - no_path,unit:5,0.0
govreport_test_0109,AB2 - AB0,unit:5,0.023081721771678082
govreport_test_0109,TextRank - no_path,unit:5,-0.022600041467966014
govreport_test_0109,Lead - no_path,unit:5,-0.03903903197502781
govreport_test_0109,Full - no_path,word:110,0.0
govreport_test_0109,AB2 - AB0,word:110,-0.01440202118009759
govreport_test_0109,TextRank - no_path,word:110,0.01440202118009759
govreport_test_0109,Lead - no_path,word:110,-0.0031287831465829363
govreport_test_0109,Full - no_path,word:260,0.0
govreport_test_0109,AB2 - AB0,word:260,-0.02228116710875333
govreport_test_0109,TextRank - no_path,word:260,-0.010666666666666658
govreport_test_0109,Lead - no_path,word:260,-0.032205947625388365
govreport_test_0110,Full - no_path,unit:10,-0.003456122597957023
govreport_test_0110,AB2 - AB0,unit:10,0.014605263157894732
govreport_test_0110,TextRank - no_path,unit:10,-0.028745061008741163
govreport_test_0110,Lead - no_path,unit:10,-0.09042166846761249
govreport_test_0110,Full - no_path,unit:5,-0.003608714018466047
govreport_test_0110,AB2 - AB0,unit:5,0.01176780391206797
govreport_test_0110,TextRank - no_path,unit:5,-0.007606802581702737
govreport_test_0110,Lead - no_path,unit:5,-0.06540812964477043
govreport_test_0110,Full - no_path,word:110,-0.019181604796148694
govreport_test_0110,AB2 - AB0,word:110,0.006319115323854679
govreport_test_0110,TextRank - no_path,word:110,-0.025917314972130262
govreport_test_0110,Lead - no_path,word:110,-0.0633456426510383
govreport_test_0110,Full - no_path,word:260,-0.004603468788190179
govreport_test_0110,AB2 - AB0,word:260,0.02262917446676435
govreport_test_0110,TextRank - no_path,word:260,-0.0066761762419651205
govreport_test_0110,Lead - no_path,word:260,-0.06451302774755602
govreport_test_0111,Full - no_path,unit:10,0.0
govreport_test_0111,AB2 - AB0,unit:10,-0.0010676504810724352
govreport_test_0111,TextRank - no_path,unit:10,0.03225806451612906
govreport_test_0111,Lead - no_path,unit:10,-0.013664874551971323
govreport_test_0111,Full - no_path,unit:5,0.0
govreport_test_0111,AB2 - AB0,unit:5,-0.00871451380010052
govreport_test_0111,TextRank - no_path,unit:5,0.02569595376324127
govreport_test_0111,Lead - no_path,unit:5,-0.01307466167082641
govreport_test_0111,Full - no_path,word:110,0.0
govreport_test_0111,AB2 - AB0,word:110,0.01768368617683684
govreport_test_0111,TextRank - no_path,word:110,0.021793275217932742
govreport_test_0111,Lead - no_path,word:110,0.025437864887406167
govreport_test_0111,Full - no_path,word:260,0.0
govreport_test_0111,AB2 - AB0,word:260,0.024064252528512353
govreport_test_0111,TextRank - no_path,word:260,0.026628115103951577
govreport_test_0111,Lead - no_path,word:260,0.016751571894075
govreport_test_0112,Full - no_path,unit:10,-0.022126907890179404
govreport_test_0112,AB2 - AB0,unit:10,0.02308604230361269
govreport_test_0112,TextRank - no_path,unit:10,-0.016205584802553324
govreport_test_0112,Lead - no_path,unit:10,-0.06545885505924026
govreport_test_0112,Full - no_path,unit:5,-0.015354346516763706
govreport_test_0112,AB2 - AB0,unit:5,0.01203632042156727
govreport_test_0112,TextRank - no_path,unit:5,-0.028326366785545398
govreport_test_0112,Lead - no_path,unit:5,-0.062394066328910494
govreport_test_0112,Full - no_path,word:110,-0.029725048711842394
govreport_test_0112,AB2 - AB0,word:110,-0.0020759177240985693
govreport_test_0112,TextRank - no_path,word:110,-0.02419354838709678
govreport_test_0112,Lead - no_path,word:110,-0.03690689248766861
govreport_test_0112,Full - no_path,word:260,-0.011017430036306314
govreport_test_0112,AB2 - AB0,word:260,-0.017917133258678608
govreport_test_0112,TextRank - no_path,word:260,0.015677491601343796
govreport_test_0112,Lead - no_path,word:260,-0.01672382029553804
govreport_test_0113,Full - no_path,unit:10,-0.007312566171490231
govreport_test_0113,AB2 - AB0,unit:10,0.002082911121619485
govreport_test_0113,TextRank - no_path,unit:10,-0.012078778503918947
govreport_test_0113,Lead - no_path,unit:10,-0.02870756224701651
govreport_test_0113,Full - no_path,unit:5,-0.008453866983686664
govreport_test_0113,AB2 - AB0,unit:5,-0.012050309614107246
govreport_test_0113,TextRank - no_path,unit:5,-0.006138047038687394
govreport_test_0113,Lead - no_path,unit:5,-0.04479060688638588
govreport_test_0113,Full - no_path,word:110,-0.027719628531688606
govreport_test_0113,AB2 - AB0,word:110,-0.036974229370813336
govreport_test_0113,TextRank - no_path,word:110,-0.009005157883858361
govreport_test_0113,Lead - no_path,word:110,-0.033545035184471855
govreport_test_0113,Full - no_path,word:260,-0.004541009656521211
govreport_test_0113,AB2 - AB0,word:260,-0.0016017999416685635
govreport_test_0113,TextRank - no_path,word:260,0.0010275285637604825
govreport_test_0113,Lead - no_path,word:260,-0.015992497271036077
govreport_test_0114,Full - no_path,unit:10,0.0
govreport_test_0114,AB2 - AB0,unit:10,-0.02511448738165753
govreport_test_0114,TextRank - no_path,unit:10,0.014552759068888116
govreport_test_0114,Lead - no_path,unit:10,-0.040278139939156826
govreport_test_0114,Full - no_path,unit:5,0.0
govreport_test_0114,AB2 - AB0,unit:5,-0.0027226847777853114
govreport_test_0114,TextRank - no_path,unit:5,0.00819841284730688
govreport_test_0114,Lead - no_path,unit:5,-0.057557908871730734
govreport_test_0114,Full - no_path,word:110,0.0
govreport_test_0114,AB2 - AB0,word:110,-0.006013156496623928
govreport_test_0114,TextRank - no_path,word:110,0.021550766496334153
govreport_test_0114,Lead - no_path,word:110,-0.02842711939486442
govreport_test_0114,Full - no_path,word:260,0.0
govreport_test_0114,AB2 - AB0,word:260,-0.013435032784691603
govreport_test_0114,TextRank - no_path,word:260,0.02994532410480072
govreport_test_0114,Lead - no_path,word:260,-0.020664869721473467
govreport_test_0115,Full - no_path,unit:10,0.0
govreport_test_0115,AB2 - AB0,unit:10,0.18527729270509982
govreport_test_0115,TextRank - no_path,unit:10,-0.16632674357258723
govreport_test_0115,Lead - no_path,unit:10,-0.21203844043672693
govreport_test_0115,Full - no_path,unit:5,0.0
govreport_test_0115,AB2 - AB0,unit:5,0.11524767935721218
govreport_test_0115,TextRank - no_path,unit:5,-0.17653984617171242
govreport_test_0115,Lead - no_path,unit:5,-0.21724259606258978
govreport_test_0115,Full - no_path,word:110,0.0
govreport_test_0115,AB2 - AB0,word:110,0.021969065321104625
govreport_test_0115,TextRank - no_path,word:110,-0.016787695748957082
govreport_test_0115,Lead - no_path,word:110,-0.03724920114453417
govreport_test_0115,Full - no_path,word:260,0.0
govreport_test_0115,AB2 - AB0,word:260,0.05568096313017304
govreport_test_0115,TextRank - no_path,word:260,-0.051166290443942775
govreport_test_0115,Lead - no_path,word:260,-0.09781790820165537
govreport_test_0116,Full - no_path,unit:10,0.0
govreport_test_0116,AB2 - AB0,unit:10,-0.018517550432444074
govreport_test_0116,TextRank - no_path,unit:10,0.04371822803195352
govreport_test_0116,Lead - no_path,unit:10,-0.05858729033782187
govreport_test_0116,Full - no_path,unit:5,0.0
govreport_test_0116,AB2 - AB0,unit:5,-0.051418792148041154
govreport_test_0116,TextRank - no_path,unit:5,0.030625583566760012
govreport_test_0116,Lead - no_path,unit:5,-0.07433279500725372
govreport_test_0116,Full - no_path,word:110,0.0
govreport_test_0116,AB2 - AB0,word:110,-0.01009772771037934
govreport_test_0116,TextRank - no_path,word:110,-0.0002888503755054672
govreport_test_0116,Lead - no_path,word:110,-0.0553623188405797
govreport_test_0116,Full - no_path,word:260,0.0
govreport_test_0116,AB2 - AB0,word:260,-0.0829060897836689
govreport_test_0116,TextRank - no_path,word:260,0.07427785419532329
govreport_test_0116,Lead - no_path,word:260,-0.03576341127922969
govreport_test_0117,Full - no_path,unit:10,0.0
govreport_test_0117,AB2 - AB0,unit:10,0.03984862671660422
govreport_test_0117,TextRank - no_path,unit:10,-0.02698406794371086
govreport_test_0117,Lead - no_path,unit:10,-0.0933190118152524
govreport_test_0117,Full - no_path,unit:5,0.0
govreport_test_0117,AB2 - AB0,unit:5,0.031556487093789526
govreport_test_0117,TextRank - no_path,unit:5,-0.014782746056516777
govreport_test_0117,Lead - no_path,unit:5,-0.08070358773595575
govreport_test_0117,Full - no_path,word:110,0.0
govreport_test_0117,AB2 - AB0,word:110,-0.01743914060469548
govreport_test_0117,TextRank - no_path,word:110,-0.0027072684744000597
govreport_test_0117,Lead - no_path,word:110,-0.026867345178540614
govreport_test_0117,Full - no_path,word:260,0.0
govreport_test_0117,AB2 - AB0,word:260,-0.00965018094089265
govreport_test_0117,TextRank - no_path,word:260,-0.01686746987951812
govreport_test_0117,Lead - no_path,word:260,-0.0824917918974819
govreport_test_0118,Full - no_path,unit:10,0.0
govreport_test_0118,AB2 - AB0,unit:10,-0.022572660846882392
govreport_test_0118,TextRank - no_path,unit:10,0.03072477578906113
govreport_test_0118,Lead - no_path,unit:10,-0.026272577996715923
govreport_test_0118,Full - no_path,unit:5,0.0
govreport_test_0118,AB2 - AB0,unit:5,-0.009248829074524206
govreport_test_0118,TextRank - no_path,unit:5,0.023827345309381243
govreport_test_0118,Lead - no_path,unit:5,-0.03818245861218739
govreport_test_0118,Full - no_path,word:110,0.0
govreport_test_0118,AB2 - AB0,word:110,-0.0080971659919028
govreport_test_0118,TextRank - no_path,word:110,0.04745468821566448
govreport_test_0118,Lead - no_path,word:110,-0.03270072513159948
govreport_test_0118,Full - no_path,word:260,0.0
govreport_test_0118,AB2 - AB0,word:260,-0.015552099533436975
govreport_test_0118,TextRank - no_path,word:260,0.023849887705571254
govreport_test_0118,Lead - no_path,word:260,-0.04101120334358854
govreport_test_0119,Full - no_path,unit:10,0.0
govreport_test_0119,AB2 - AB0,unit:10,-0.05680894339656853
govreport_test_0119,TextRank - no_path,unit:10,0.055579594061204635
govreport_test_0119,Lead - no_path,unit:10,0.00579496816697514
govreport_test_0119,Full - no_path,unit:5,0.0
govreport_test_0119,AB2 - AB0,unit:5,-0.05042923439863303
govreport_test_0119,TextRank - no_path,unit:5,0.04215172470294862
govreport_test_0119,Lead - no_path,unit:5,-0.021004489777184998
govreport_test_0119,Full - no_path,word:110,0.0
govreport_test_0119,AB2 - AB0,word:110,-0.04351981701090579
govreport_test_0119,TextRank - no_path,word:110,0.04976593211215688
govreport_test_0119,Lead - no_path,word:110,0.013745966479229932
govreport_test_0119,Full - no_path,word:260,0.0
govreport_test_0119,AB2 - AB0,word:260,-0.094971792985038
govreport_test_0119,TextRank - no_path,word:260,0.07008524635936098
govreport_test_0119,Lead - no_path,word:260,0.032097247351871694
govreport_test_0120,Full - no_path,unit:10,-0.022657847317031216
govreport_test_0120,AB2 - AB0,unit:10,0.018882496229572276
govreport_test_0120,TextRank - no_path,unit:10,-0.03303950218723181
govreport_test_0120,Lead - no_path,unit:10,-0.08031066677683218
govreport_test_0120,Full - no_path,unit:5,-0.01866151866151869
govreport_test_0120,AB2 - AB0,unit:5,0.02488558505156016
govreport_test_0120,TextRank - no_path,unit:5,-0.02488558505156016
govreport_test_0120,Lead - no_path,unit:5,-0.0652736150689766
govreport_test_0120,Full - no_path,word:110,0.005649717514124311
govreport_test_0120,AB2 - AB0,word:110,-0.028248587570621486
govreport_test_0120,TextRank - no_path,word:110,0.028248587570621486
govreport_test_0120,Lead - no_path,word:110,-0.011299435028248594
govreport_test_0120,Full - no_path,word:260,-0.04449799327564169
govreport_test_0120,AB2 - AB0,word:260,0.009585709767827327
govreport_test_0120,TextRank - no_path,word:260,-0.025178092935102286
govreport_test_0120,Lead - no_path,word:260,-0.08175061260043798
govreport_test_0121,Full - no_path,unit:10,0.0
govreport_test_0121,AB2 - AB0,unit:10,0.018797169146326564
govreport_test_0121,TextRank - no_path,unit:10,-0.028856402962175953
govreport_test_0121,Lead - no_path,unit:10,-0.0688859049225036
govreport_test_0121,Full - no_path,unit:5,0.0
govreport_test_0121,AB2 - AB0,unit:5,0.008510427747952798
govreport_test_0121,TextRank - no_path,unit:5,-0.016775964617965544
govreport_test_0121,Lead - no_path,unit:5,-0.05283545529636273
govreport_test_0121,Full - no_path,word:110,0.0
govreport_test_0121,AB2 - AB0,word:110,0.018947950508052827
govreport_test_0121,TextRank - no_path,word:110,-0.004846892928734373
govreport_test_0121,Lead - no_path,word:110,-0.00705882352941177
govreport_test_0121,Full - no_path,word:260,0.0
govreport_test_0121,AB2 - AB0,word:260,0.027762656505171512
govreport_test_0121,TextRank - no_path,word:260,-0.041754652533095654
govreport_test_0121,Lead - no_path,word:260,-0.048507215176896934
govreport_test_0122,Full - no_path,unit:10,0.0
govreport_test_0122,AB2 - AB0,unit:10,-0.059174988895734526
govreport_test_0122,TextRank - no_path,unit:10,0.05923794618672129
govreport_test_0122,Lead - no_path,unit:10,-0.04314028314028309
govreport_test_0122,Full - no_path,unit:5,-0.026190553271391137
govreport_test_0122,AB2 - AB0,unit:5,-0.06405644926759824
govreport_test_0122,TextRank - no_path,unit:5,-0.027635655483756738
govreport_test_0122,Lead - no_path,unit:5,-0.07600480458283287
govreport_test_0122,Full - no_path,word:110,0.0
govreport_test_0122,AB2 - AB0,word:110,-0.026989138894785242
govreport_test_0122,TextRank - no_path,word:110,0.03230856786017186
govreport_test_0122,Lead - no_path,word:110,-0.015574322459568371
govreport_test_0122,Full - no_path,word:260,-0.01703163017031631
govreport_test_0122,AB2 - AB0,word:260,-0.07753072404383696
govreport_test_0122,TextRank - no_path,word:260,-0.004637985247354287
govreport_test_0122,Lead - no_path,word:260,-0.03221411192214113
govreport_test_0123,Full - no_path,unit:10,0.0
govreport_test_0123,AB2 - AB0,unit:10,-0.010770150093149106
govreport_test_0123,TextRank - no_path,unit:10,0.037586562022799114
govreport_test_0123,Lead - no_path,unit:10,-0.03942617055906733
govreport_test_0123,Full - no_path,unit:5,0.0
govreport_test_0123,AB2 - AB0,unit:5,-0.022077780905687933
govreport_test_0123,TextRank - no_path,unit:5,0.03220879173429575
govreport_test_0123,Lead - no_path,unit:5,-0.032674937594541945
govreport_test_0123,Full - no_path,word:110,0.0
govreport_test_0123,AB2 - AB0,word:110,0.010750610430902738
govreport_test_0123,TextRank - no_path,word:110,-0.0029515492115423647
govreport_test_0123,Lead - no_path,word:110,0.0
govreport_test_0123,Full - no_path,word:260,0.0
govreport_test_0123,AB2 - AB0,word:260,-0.02433628318584069
govreport_test_0123,TextRank - no_path,word:260,0.019933554817275767
govreport_test_0123,Lead - no_path,word:260,-0.020261497892231528
govreport_test_0124,Full - no_path,unit:10,0.0
govreport_test_0124,AB2 - AB0,unit:10,-0.05580115710998357
govreport_test_0124,TextRank - no_path,unit:10,0.05171732279258581
govreport_test_0124,Lead - no_path,unit:10,-0.04351226448631357
govreport_test_0124,Full - no_path,unit:5,0.0
govreport_test_0124,AB2 - AB0,unit:5,-0.02319144546829871
govreport_test_0124,TextRank - no_path,unit:5,0.03442630204876321
govreport_test_0124,Lead - no_path,unit:5,-0.05583570007148517
govreport_test_0124,Full - no_path,word:110,0.0
govreport_test_0124,AB2 - AB0,word:110,-0.06531881804043546
govreport_test_0124,TextRank - no_path,word:110,0.07161153642447879
govreport_test_0124,Lead - no_path,word:110,-0.00947032423740611
govreport_test_0124,Full - no_path,word:260,0.0
govreport_test_0124,AB2 - AB0,word:260,-0.048962336421786684
govreport_test_0124,TextRank - no_path,word:260,0.07886902653474076
govreport_test_0124,Lead - no_path,word:260,-0.024843083930100596
govreport_test_0125,Full - no_path,unit:10,0.0
govreport_test_0125,AB2 - AB0,unit:10,-0.019863209822449462
govreport_test_0125,TextRank - no_path,unit:10,0.012854351694428251
govreport_test_0125,Lead - no_path,unit:10,-0.06915447050392401
govreport_test_0125,Full - no_path,unit:5,-0.007841759047742758
govreport_test_0125,AB2 - AB0,unit:5,-0.006592178947751548
govreport_test_0125,TextRank - no_path,unit:5,-0.01979896584168281
govreport_test_0125,Lead - no_path,unit:5,-0.06938267212239815
govreport_test_0125,Full - no_path,word:110,0.0
govreport_test_0125,AB2 - AB0,word:110,0.0027044587707159007
govreport_test_0125,TextRank - no_path,word:110,-0.0027044587707159007
govreport_test_0125,Lead - no_path,word:110,-0.03193033381712629
govreport_test_0125,Full - no_path,word:260,-0.00023951890916246166
govreport_test_0125,AB2 - AB0,word:260,-0.03125951169280397
govreport_test_0125,TextRank - no_path,word:260,0.00905669405035009
govreport_test_0125,Lead - no_path,word:260,-0.03643113159242195
govreport_test_0126,Full - no_path,unit:10,0.00738123878038241
govreport_test_0126,AB2 - AB0,unit:10,-0.020910099889012157
govreport_test_0126,TextRank - no_path,unit:10,0.04767074161988158
govreport_test_0126,Lead - no_path,unit:10,-0.0067576279184140275
govreport_test_0126,Full - no_path,unit:5,-0.01380742913000979
govreport_test_0126,AB2 - AB0,unit:5,0.0005905483157936098
govreport_test_0126,TextRank - no_path,unit:5,0.005645575492486371
govreport_test_0126,Lead - no_path,unit:5,-0.05173810575931653
govreport_test_0126,Full - no_path,word:110,-0.019632204039187806
govreport_test_0126,AB2 - AB0,word:110,-0.046592961523726134
govreport_test_0126,TextRank - no_path,word:110,0.03363896769595548
govreport_test_0126,Lead - no_path,word:110,-0.015902913154498793
govreport_test_0126,Full - no_path,word:260,0.003176697184770816
govreport_test_0126,AB2 - AB0,word:260,-0.03973509933774835
govreport_test_0126,TextRank - no_path,word:260,0.03708609271523178
govreport_test_0126,Lead - no_path,word:260,0.010322716282981176
govreport_test_0127,Full - no_path,unit:10,-0.016595894339551415
govreport_test_0127,AB2 - AB0,unit:10,-0.06664683484055212
govreport_test_0127,TextRank - no_path,unit:10,0.03516745818024458
govreport_test_0127,Lead - no_path,unit:10,-0.0825667181473945
govreport_test_0127,Full - no_path,unit:5,0.0
govreport_test_0127,AB2 - AB0,unit:5,0.022314663555803416
govreport_test_0127,TextRank - no_path,unit:5,-0.02013019395515342
govreport_test_0127,Lead - no_path,unit:5,-0.1449728432487053
govreport_test_0127,Full - no_path,word:110,0.0
govreport_test_0127,AB2 - AB0,word:110,-0.08299678652075734
govreport_test_0127,TextRank - no_path,word:110,0.05649643911759597
govreport_test_0127,Lead - no_path,word:110,0.0003908285565398656
govreport_test_0127,Full - no_path,word:260,-0.04518948913047269
govreport_test_0127,AB2 - AB0,word:260,-0.018445322793148866
govreport_test_0127,TextRank - no_path,word:260,0.024145016879495107
govreport_test_0127,Lead - no_path,word:260,-0.08718626155878464
govreport_test_0128,Full - no_path,unit:10,0.008396843180950742
govreport_test_0128,AB2 - AB0,unit:10,0.027399362530988097
govreport_test_0128,TextRank - no_path,unit:10,-0.03270924064833444
govreport_test_0128,Lead - no_path,unit:10,-0.0427803649014423
govreport_test_0128,Full - no_path,unit:5,0.0
govreport_test_0128,AB2 - AB0,unit:5,0.07245989304812833
govreport_test_0128,TextRank - no_path,unit:5,-0.07245989304812833
govreport_test_0128,Lead - no_path,unit:5,-0.03557124977650636
govreport_test_0128,Full - no_path,word:110,0.01887971230914573
govreport_test_0128,AB2 - AB0,word:110,0.016152134824612224
govreport_test_0128,TextRank - no_path,word:110,0.0029561454301648693
govreport_test_0128,Lead - no_path,word:110,0.006379585326953735
govreport_test_0128,Full - no_path,word:260,-0.005134788189987138
govreport_test_0128,AB2 - AB0,word:260,-0.003753634681469775
govreport_test_0128,TextRank - no_path,word:260,-0.017714359256973677
govreport_test_0128,Lead - no_path,word:260,-0.02285574743178087
govreport_test_0129,Full - no_path,unit:10,0.0
govreport_test_0129,AB2 - AB0,unit:10,-0.01694957254367485
govreport_test_0129,TextRank - no_path,unit:10,0.02643059679139073
govreport_test_0129,Lead - no_path,unit:10,-0.024099852149209733
govreport_test_0129,Full - no_path,unit:5,-0.004081632653061218
govreport_test_0129,AB2 - AB0,unit:5,-0.008945303880140809
govreport_test_0129,TextRank - no_path,unit:5,0.024996044929599753
govreport_test_0129,Lead - no_path,unit:5,-0.02008348794063078
govreport_test_0129,Full - no_path,word:110,-0.016769732624814182
govreport_test_0129,AB2 - AB0,word:110,-0.03496503496503496
govreport_test_0129,TextRank - no_path,word:110,0.03483719703089597
govreport_test_0129,Lead - no_path,word:110,0.014002333722287041
govreport_test_0129,Full - no_path,word:260,0.001980198019801954
govreport_test_0129,AB2 - AB0,word:260,-0.057657321728208505
govreport_test_0129,TextRank - no_path,word:260,0.05786185761433285
govreport_test_0129,Lead - no_path,word:260,0.026115825868301107
govreport_test_0130,Full - no_path,unit:10,-0.01095562969971614
govreport_test_0130,AB2 - AB0,unit:10,-0.0419296613114791
govreport_test_0130,TextRank - no_path,unit:10,0.03308635424759812
govreport_test_0130,Lead - no_path,unit:10,-0.04809328381799538
govreport_test_0130,Full - no_path,unit:5,0.0
govreport_test_0130,AB2 - AB0,unit:5,-0.01923976806483335
govreport_test_0130,TextRank - no_path,unit:5,0.008576726935558637
govreport_test_0130,Lead - no_path,unit:5,-0.04439592430858805
govreport_test_0130,Full - no_path,word:110,0.008636937136812739
govreport_test_0130,AB2 - AB0,word:110,-0.0179372197309417
govreport_test_0130,TextRank - no_path,word:110,0.05097451274362816
govreport_test_0130,Lead - no_path,word:110,-0.009148120550503208
govreport_test_0130,Full - no_path,word:260,0.0
govreport_test_0130,AB2 - AB0,word:260,-0.02000597859306749
govreport_test_0130,TextRank - no_path,word:260,0.05393847345066852
govreport_test_0130,Lead - no_path,word:260,-0.019321599809404705
govreport_test_0131,Full - no_path,unit:10,-0.0014027606329256037
govreport_test_0131,AB2 - AB0,unit:10,-0.061589495235845365
govreport_test_0131,TextRank - no_path,unit:10,0.033947883407147966
govreport_test_0131,Lead - no_path,unit:10,-0.005908345160089007
govreport_test_0131,Full - no_path,unit:5,-0.025855621638947224
govreport_test_0131,AB2 - AB0,unit:5,-0.03309399856786202
govreport_test_0131,TextRank - no_path,unit:5,0.022728306521310637
govreport_test_0131,Lead - no_path,unit:5,-0.036464885525166746
govreport_test_0131,Full - no_path,word:110,-0.03586186378111536
govreport_test_0131,AB2 - AB0,word:110,-0.01976935749588138
govreport_test_0131,TextRank - no_path,word:110,0.039112189364631844
govreport_test_0131,Lead - no_path,word:110,-0.02008100268184554
govreport_test_0131,Full - no_path,word:260,-0.005093102766240032
govreport_test_0131,AB2 - AB0,word:260,-0.037532740711111595
govreport_test_0131,TextRank - no_path,word:260,0.05926229207019093
govreport_test_0131,Lead - no_path,word:260,0.011592227580904418
govreport_test_0132,Full - no_path,unit:10,0.015268198329952326
govreport_test_0132,AB2 - AB0,unit:10,-0.012771813927883263
govreport_test_0132,TextRank - no_path,unit:10,-0.03370123835120947
govreport_test_0132,Lead - no_path,unit:10,-0.0940384770184336
govreport_test_0132,Full - no_path,unit:5,-0.02802790107799616
govreport_test_0132,AB2 - AB0,unit:5,0.062363740676993684
govreport_test_0132,TextRank - no_path,unit:5,-0.0686513042461106
govreport_test_0132,Lead - no_path,unit:5,-0.13274776525456666
govreport_test_0132,Full - no_path,word:110,0.0
govreport_test_0132,AB2 - AB0,word:110,0.05168330160064971
govreport_test_0132,TextRank - no_path,word:110,-0.04907573967105386
govreport_test_0132,Lead - no_path,word:110,-0.07501519385319512
govreport_test_0132,Full - no_path,word:260,0.0
govreport_test_0132,AB2 - AB0,word:260,0.013043478260869518
govreport_test_0132,TextRank - no_path,word:260,-0.049686740461443085
govreport_test_0132,Lead - no_path,word:260,-0.09562813677215629
govreport_test_0133,Full - no_path,unit:10,0.011274906208158242
govreport_test_0133,AB2 - AB0,unit:10,-0.027693630260356983
govreport_test_0133,TextRank - no_path,unit:10,0.012977785586209434
govreport_test_0133,Lead - no_path,unit:10,-0.11881542641700191
govreport_test_0133,Full - no_path,unit:5,-0.012318280701177575
govreport_test_0133,AB2 - AB0,unit:5,0.022970021454664924
govreport_test_0133,TextRank - no_path,unit:5,-0.015468841857730758
govreport_test_0133,Lead - no_path,unit:5,-0.13089869643429192
govreport_test_0133,Full - no_path,word:110,0.0
govreport_test_0133,AB2 - AB0,word:110,-0.08152765722401957
govreport_test_0133,TextRank - no_path,word:110,-0.00029352660931611374
govreport_test_0133,Lead - no_path,word:110,-0.09307908325029442
govreport_test_0133,Full - no_path,word:260,0.0
govreport_test_0133,AB2 - AB0,word:260,-0.039604467825326756
govreport_test_0133,TextRank - no_path,word:260,0.024812801497587994
govreport_test_0133,Lead - no_path,word:260,-0.1003671970624235
govreport_test_0134,Full - no_path,unit:10,-0.00038301734402448884
govreport_test_0134,AB2 - AB0,unit:10,-0.031296729218003
govreport_test_0134,TextRank - no_path,unit:10,0.007445002910766579
govreport_test_0134,Lead - no_path,unit:10,-0.06321965966980142
govreport_test_0134,Full - no_path,unit:5,-0.015065077229572121
govreport_test_0134,AB2 - AB0,unit:5,-0.008411490095470403
govreport_test_0134,TextRank - no_path,unit:5,-0.012816437294049188
govreport_test_0134,Lead - no_path,unit:5,-0.10905314556959246
govreport_test_0134,Full - no_path,word:110,-0.029862327507638897
govreport_test_0134,AB2 - AB0,word:110,-0.018154311649016625
govreport_test_0134,TextRank - no_path,word:110,-0.018154311649016625
govreport_test_0134,Lead - no_path,word:110,-0.054302480172374254
govreport_test_0134,Full - no_path,word:260,-0.007398273736128225
govreport_test_0134,AB2 - AB0,word:260,-0.034525277435265095
govreport_test_0134,TextRank - no_path,word:260,0.01726263871763256
govreport_test_0134,Lead - no_path,word:260,-0.06200414655194644
govreport_test_0135,Full - no_path,unit:10,0.00021386453209495948
govreport_test_0135,AB2 - AB0,unit:10,-0.03218104062722735
govreport_test_0135,TextRank - no_path,unit:10,0.025774958803594178
govreport_test_0135,Lead - no_path,unit:10,-0.014726958240672161
govreport_test_0135,Full - no_path,unit:5,-0.028399792560844433
govreport_test_0135,AB2 - AB0,unit:5,-0.03026595744680849
govreport_test_0135,TextRank - no_path,unit:5,0.035763977383211076
govreport_test_0135,Lead - no_path,unit:5,-0.01138117614368453
govreport_test_0135,Full - no_path,word:110,-0.02391629297458893
govreport_test_0135,AB2 - AB0,word:110,-0.029572657617379608
govreport_test_0135,TextRank - no_path,word:110,0.011958146487294458
govreport_test_0135,Lead - no_path,word:110,-0.011779132318323005
govreport_test_0135,Full - no_path,word:260,-0.0146341463414634
govreport_test_0135,AB2 - AB0,word:260,-0.01267219273659731
govreport_test_0135,TextRank - no_path,word:260,0.024390243902439046
govreport_test_0135,Lead - no_path,word:260,-0.0146341463414634
govreport_test_0136,Full - no_path,unit:10,0.0003802962754220762
govreport_test_0136,AB2 - AB0,unit:10,0.0029250787421903346
govreport_test_0136,TextRank - no_path,unit:10,0.003023928826264677
govreport_test_0136,Lead - no_path,unit:10,-0.07445066151982122
govreport_test_0136,Full - no_path,unit:5,0.0
govreport_test_0136,AB2 - AB0,unit:5,0.003697478991596642
govreport_test_0136,TextRank - no_path,unit:5,0.01703371759845404
govreport_test_0136,Lead - no_path,unit:5,-0.06904533809587798
govreport_test_0136,Full - no_path,word:110,0.008580515961832985
govreport_test_0136,AB2 - AB0,word:110,-0.012251148545176116
govreport_test_0136,TextRank - no_path,word:110,0.03333647947144883
govreport_test_0136,Lead - no_path,word:110,-0.03429850394628341
govreport_test_0136,Full - no_path,word:260,-0.025676859149943165
govreport_test_0136,AB2 - AB0,word:260,0.022173706456151077
govreport_test_0136,TextRank - no_path,word:260,-0.0077490418772046266
govreport_test_0136,Lead - no_path,word:260,-0.0732923795627674
govreport_test_0137,Full - no_path,unit:10,0.0
govreport_test_0137,AB2 - AB0,unit:10,-0.03389515291130324
govreport_test_0137,TextRank - no_path,unit:10,0.06717738363086226
govreport_test_0137,Lead - no_path,unit:10,-0.041593179095890664
govreport_test_0137,Full - no_path,unit:5,0.0
govreport_test_0137,AB2 - AB0,unit:5,-0.05390099126566808
govreport_test_0137,TextRank - no_path,unit:5,0.05976538861973188
govreport_test_0137,Lead - no_path,unit:5,0.00921628185038581
govreport_test_0137,Full - no_path,word:110,0.0
govreport_test_0137,AB2 - AB0,word:110,-0.04143670841293427
govreport_test_0137,TextRank - no_path,word:110,0.05902924968206867
govreport_test_0137,Lead - no_path,word:110,0.0113756613756614
govreport_test_0137,Full - no_path,word:260,0.0
govreport_test_0137,AB2 - AB0,word:260,-0.05443177204443955
govreport_test_0137,TextRank - no_path,word:260,0.05118564283612825
govreport_test_0137,Lead - no_path,word:260,-0.022193397090615963
govreport_test_0138,Full - no_path,unit:10,-0.04134348193790022
govreport_test_0138,AB2 - AB0,unit:10,-0.03764298431745566
govreport_test_0138,TextRank - no_path,unit:10,0.04370199692780338
govreport_test_0138,Lead - no_path,unit:10,-0.022485976290393256
govreport_test_0138,Full - no_path,unit:5,0.0
govreport_test_0138,AB2 - AB0,unit:5,-0.03774271937692125
govreport_test_0138,TextRank - no_path,unit:5,0.042231638418079115
govreport_test_0138,Lead - no_path,unit:5,-0.006321410829607549
govreport_test_0138,Full - no_path,word:110,0.0
govreport_test_0138,AB2 - AB0,word:110,-0.055844292662370745
govreport_test_0138,TextRank - no_path,word:110,0.026666666666666644
govreport_test_0138,Lead - no_path,word:110,0.01777777777777778
govreport_test_0138,Full - no_path,word:260,-0.009626955475330906
govreport_test_0138,AB2 - AB0,word:260,-0.034233598117093256
govreport_test_0138,TextRank - no_path,word:260,0.08378951974619842
govreport_test_0138,Lead - no_path,word:260,0.0282937857067751
govreport_test_0139,Full - no_path,unit:10,-0.0012156738663424982
govreport_test_0139,AB2 - AB0,unit:10,-0.01684248401288782
govreport_test_0139,TextRank - no_path,unit:10,-0.024156517580184805
govreport_test_0139,Lead - no_path,unit:10,-0.041265816491411256
govreport_test_0139,Full - no_path,unit:5,0.014964170967264545
govreport_test_0139,AB2 - AB0,unit:5,0.0017203802761789622
govreport_test_0139,TextRank - no_path,unit:5,-0.022378908645003026
govreport_test_0139,Lead - no_path,unit:5,-0.043807480073574476
govreport_test_0139,Full - no_path,word:110,0.04116303561135645
govreport_test_0139,AB2 - AB0,word:110,-0.026312135517911686
govreport_test_0139,TextRank - no_path,word:110,0.004931780404469482
govreport_test_0139,Lead - no_path,word:110,0.014547165019854105
govreport_test_0139,Full - no_path,word:260,0.022598412609436735
govreport_test_0139,AB2 - AB0,word:260,-0.030518819938962355
govreport_test_0139,TextRank - no_path,word:260,0.008146639511201648
govreport_test_0139,Lead - no_path,word:260,-0.006275730182967898
govreport_test_0140,Full - no_path,unit:10,0.0033224661929048827
govreport_test_0140,AB2 - AB0,unit:10,-0.0396995730106737
govreport_test_0140,TextRank - no_path,unit:10,0.026059239725033934
govreport_test_0140,Lead - no_path,unit:10,-0.03741311584078809
govreport_test_0140,Full - no_path,unit:5,-0.00986759291311326
govreport_test_0140,AB2 - AB0,unit:5,-0.01248734027194176
govreport_test_0140,TextRank - no_path,unit:5,0.035862433030246346
govreport_test_0140,Lead - no_path,unit:5,-0.037466670937057106
govreport_test_0140,Full - no_path,word:110,-0.016628873771730918
govreport_test_0140,AB2 - AB0,word:110,0.00016809567045016072
govreport_test_0140,TextRank - no_path,word:110,0.014973402358847102
govreport_test_0140,Lead - no_path,word:110,-0.004420710163113101
govreport_test_0140,Full - no_path,word:260,-0.0026305677888452117
govreport_test_0140,AB2 - AB0,word:260,-0.00641053964887478
govreport_test_0140,TextRank - no_path,word:260,0.01736182756079588
govreport_test_0140,Lead - no_path,word:260,-0.024528468963074465
govreport_test_0141,Full - no_path,unit:10,0.0
govreport_test_0141,AB2 - AB0,unit:10,-0.01719709907520653
govreport_test_0141,TextRank - no_path,unit:10,0.034862943390487816
govreport_test_0141,Lead - no_path,unit:10,-0.009450830140485311
govreport_test_0141,Full - no_path,unit:5,-0.0034100937545162857
govreport_test_0141,AB2 - AB0,unit:5,0.008597603946441157
govreport_test_0141,TextRank - no_path,unit:5,0.01032443138667738
govreport_test_0141,Lead - no_path,unit:5,-0.008232619213652481
govreport_test_0141,Full - no_path,word:110,-0.005267580647671216
govreport_test_0141,AB2 - AB0,word:110,-0.006567448758010713
govreport_test_0141,TextRank - no_path,word:110,0.030842686371176722
govreport_test_0141,Lead - no_path,word:110,-0.016577118370803792
govreport_test_0141,Full - no_path,word:260,0.0026872249646681945
govreport_test_0141,AB2 - AB0,word:260,-0.0183490924928687
govreport_test_0141,TextRank - no_path,word:260,0.042084675717854764
govreport_test_0141,Lead - no_path,word:260,-0.011217757654103516
govreport_test_0142,Full - no_path,unit:10,0.00025690430314706525
govreport_test_0142,AB2 - AB0,unit:10,-0.00876541215743279
govreport_test_0142,TextRank - no_path,unit:10,-0.003535353535353558
govreport_test_0142,Lead - no_path,unit:10,-0.005843517347942112
govreport_test_0142,Full - no_path,unit:5,-0.03698953684735867
govreport_test_0142,AB2 - AB0,unit:5,0.017924267163047403
govreport_test_0142,TextRank - no_path,unit:5,-0.026601553393293148
govreport_test_0142,Lead - no_path,unit:5,-0.04884549821788314
govreport_test_0142,Full - no_path,word:110,0.0035787741670094547
govreport_test_0142,AB2 - AB0,word:110,-0.015105740181268881
govreport_test_0142,TextRank - no_path,word:110,0.012467968684040584
govreport_test_0142,Lead - no_path,word:110,-0.0236939531057178
govreport_test_0142,Full - no_path,word:260,-0.0024630541871921152
govreport_test_0142,AB2 - AB0,word:260,-0.017447391222680686
govreport_test_0142,TextRank - no_path,word:260,0.0004378762999452668
govreport_test_0142,Lead - no_path,word:260,-0.0020312595025238633
govreport_test_0143,Full - no_path,unit:10,-0.005195411748925738
govreport_test_0143,AB2 - AB0,unit:10,0.00974658869395717
govreport_test_0143,TextRank - no_path,unit:10,0.05379263550088437
govreport_test_0143,Lead - no_path,unit:10,-0.12755094367997594
govreport_test_0143,Full - no_path,unit:5,-0.010706777085021824
govreport_test_0143,AB2 - AB0,unit:5,0.000794461468618779
govreport_test_0143,TextRank - no_path,unit:5,0.023768551507953817
govreport_test_0143,Lead - no_path,unit:5,-0.1889729553512001
govreport_test_0143,Full - no_path,word:110,0.011985618989864
govreport_test_0143,AB2 - AB0,word:110,-0.009403964112718599
govreport_test_0143,TextRank - no_path,word:110,0.07321845037574504
govreport_test_0143,Lead - no_path,word:110,-0.019892098851374843
govreport_test_0143,Full - no_path,word:260,0.0093585511127528
govreport_test_0143,AB2 - AB0,word:260,-0.008544531913526943
govreport_test_0143,TextRank - no_path,word:260,0.10982175797823279
govreport_test_0143,Lead - no_path,word:260,-0.057338971269694144
govreport_test_0144,Full - no_path,unit:10,-0.00040996052232009084
govreport_test_0144,AB2 - AB0,unit:10,-0.03401068647027661
govreport_test_0144,TextRank - no_path,unit:10,0.04718869271108081
govreport_test_0144,Lead - no_path,unit:10,-0.039181743727198265
govreport_test_0144,Full - no_path,unit:5,-0.00366621346557372
govreport_test_0144,AB2 - AB0,unit:5,-0.0020376599775741022
govreport_test_0144,TextRank - no_path,unit:5,0.024699859043113365
govreport_test_0144,Lead - no_path,unit:5,-0.07662763957671352
govreport_test_0144,Full - no_path,word:110,-0.016
govreport_test_0144,AB2 - AB0,word:110,-0.03419483913114485
govreport_test_0144,TextRank - no_path,word:110,0.024805095541401256
govreport_test_0144,Lead - no_path,word:110,-0.035368690095846644
govreport_test_0144,Full - no_path,word:260,0.0
govreport_test_0144,AB2 - AB0,word:260,-0.024938124938124945
govreport_test_0144,TextRank - no_path,word:260,0.04273063706053401
govreport_test_0144,Lead - no_path,word:260,-0.015854822039063937
govreport_test_0145,Full - no_path,unit:10,0.0
govreport_test_0145,AB2 - AB0,unit:10,0.013499096618773132
govreport_test_0145,TextRank - no_path,unit:10,-0.024473583512533204
govreport_test_0145,Lead - no_path,unit:10,-0.03498983156906707
govreport_test_0145,Full - no_path,unit:5,0.0
govreport_test_0145,AB2 - AB0,unit:5,0.04150686971739212
govreport_test_0145,TextRank - no_path,unit:5,-0.043901953465223326
govreport_test_0145,Lead - no_path,unit:5,-0.05478818998716302
govreport_test_0145,Full - no_path,word:110,0.0
govreport_test_0145,AB2 - AB0,word:110,-0.010104952982472631
govreport_test_0145,TextRank - no_path,word:110,0.002547508988186953
govreport_test_0145,Lead - no_path,word:110,0.005101201250617082
govreport_test_0145,Full - no_path,word:260,0.0020387359836901153
govreport_test_0145,AB2 - AB0,word:260,0.013115093753237328
govreport_test_0145,TextRank - no_path,word:260,0.021941274458616156
govreport_test_0145,Lead - no_path,word:260,0.010493555282752282
govreport_test_0146,Full - no_path,unit:10,-0.012840655051675087
govreport_test_0146,AB2 - AB0,unit:10,-0.05738153207106117
govreport_test_0146,TextRank - no_path,unit:10,0.03276561708334513
govreport_test_0146,Lead - no_path,unit:10,-0.0038595513317568053
govreport_test_0146,Full - no_path,unit:5,-0.017519493177387907
govreport_test_0146,AB2 - AB0,unit:5,-0.03554986757674326
govreport_test_0146,TextRank - no_path,unit:5,0.047109191130930275
govreport_test_0146,Lead - no_path,unit:5,-0.014152318177741888
govreport_test_0146,Full - no_path,word:110,-0.0071577145174249734
govreport_test_0146,AB2 - AB0,word:110,-0.04390803015385168
govreport_test_0146,TextRank - no_path,word:110,0.04390803015385168
govreport_test_0146,Lead - no_path,word:110,0.009905920752633982
govreport_test_0146,Full - no_path,word:260,0.0
govreport_test_0146,AB2 - AB0,word:260,-0.08299252124501524
govreport_test_0146,TextRank - no_path,word:260,0.04901864823688623
govreport_test_0146,Lead - no_path,word:260,0.012852738406200492
govreport_test_0147,Full - no_path,unit:10,-0.021061752937278605
govreport_test_0147,AB2 - AB0,unit:10,-0.003034893791196258
govreport_test_0147,TextRank - no_path,unit:10,-0.010846779621901226
govreport_test_0147,Lead - no_path,unit:10,-0.03338922504920902
govreport_test_0147,Full - no_path,unit:5,0.0
govreport_test_0147,AB2 - AB0,unit:5,-0.0026619463898483464
govreport_test_0147,TextRank - no_path,unit:5,-0.015795404533561624
govreport_test_0147,Lead - no_path,unit:5,-0.023004596253003856
govreport_test_0147,Full - no_path,word:110,0.0
govreport_test_0147,AB2 - AB0,word:110,-0.02832784762315868
govreport_test_0147,TextRank - no_path,word:110,-0.0037401606447221847
govreport_test_0147,Lead - no_path,word:110,0.0004490633820888046
govreport_test_0147,Full - no_path,word:260,0.013769363166953541
govreport_test_0147,AB2 - AB0,word:260,-0.01721170395869187
govreport_test_0147,TextRank - no_path,word:260,0.0031170336722441683
govreport_test_0147,Lead - no_path,word:260,-0.006884681583476743
govreport_test_0148,Full - no_path,unit:10,0.0
govreport_test_0148,AB2 - AB0,unit:10,0.00954440896762454
govreport_test_0148,TextRank - no_path,unit:10,0.009616613647950939
govreport_test_0148,Lead - no_path,unit:10,-0.013879493924589759
govreport_test_0148,Full - no_path,unit:5,-0.01800838271426511
govreport_test_0148,AB2 - AB0,unit:5,0.06503902917827128
govreport_test_0148,TextRank - no_path,unit:5,-0.021133181374145243
govreport_test_0148,Lead - no_path,unit:5,-0.07433104746537583
govreport_test_0148,Full - no_path,word:110,-0.012973182302255776
govreport_test_0148,AB2 - AB0,word:110,0.02828963317384367
govreport_test_0148,TextRank - no_path,word:110,0.003194888178913724
govreport_test_0148,Lead - no_path,word:110,0.0029757810151285757
govreport_test_0148,Full - no_path,word:260,-0.017448239886316608
govreport_test_0148,AB2 - AB0,word:260,0.0
govreport_test_0148,TextRank - no_path,word:260,0.03433356777608915
govreport_test_0148,Lead - no_path,word:260,0.0011983439871038615
govreport_test_0149,Full - no_path,unit:10,0.0024254370329985786
govreport_test_0149,AB2 - AB0,unit:10,-0.035342572494016816
govreport_test_0149,TextRank - no_path,unit:10,0.045033363903734885
govreport_test_0149,Lead - no_path,unit:10,-0.0501021579944223
govreport_test_0149,Full - no_path,unit:5,-0.017762710012932836
govreport_test_0149,AB2 - AB0,unit:5,0.02677822815133707
govreport_test_0149,TextRank - no_path,unit:5,-0.026504803396918075
govreport_test_0149,Lead - no_path,unit:5,-0.05490123565967506
govreport_test_0149,Full - no_path,word:110,-0.02322931109802656
govreport_test_0149,AB2 - AB0,word:110,-0.012365108969871835
govreport_test_0149,TextRank - no_path,word:110,-0.010864202128154726
govreport_test_0149,Lead - no_path,word:110,-0.0080684142033835
govreport_test_0149,Full - no_path,word:260,-0.026858071138593537
govreport_test_0149,AB2 - AB0,word:260,-0.003610573023374114
govreport_test_0149,TextRank - no_path,word:260,-0.0034699950249845457
govreport_test_0149,Lead - no_path,word:260,-0.05759263112455473
govreport_test_0150,Full - no_path,unit:10,-0.008191012596899222
govreport_test_0150,AB2 - AB0,unit:10,-0.04705440900562852
govreport_test_0150,TextRank - no_path,unit:10,0.06260055579932719
govreport_test_0150,Lead - no_path,unit:10,-0.04231471880709031
govreport_test_0150,Full - no_path,unit:5,-0.0006641853527429298
govreport_test_0150,AB2 - AB0,unit:5,-0.00881629785739374
govreport_test_0150,TextRank - no_path,unit:5,0.04864789944777981
govreport_test_0150,Lead - no_path,unit:5,-0.013758287280591724
govreport_test_0150,Full - no_path,word:110,-0.010593645854963737
govreport_test_0150,AB2 - AB0,word:110,-0.03712021406581706
govreport_test_0150,TextRank - no_path,word:110,0.016034885787322484
govreport_test_0150,Lead - no_path,word:110,-0.0004889195218095166
govreport_test_0150,Full - no_path,word:260,-0.006326236925345258
govreport_test_0150,AB2 - AB0,word:260,-0.06098718501298922
govreport_test_0150,TextRank - no_path,word:260,0.0644554746184959
govreport_test_0150,Lead - no_path,word:260,-0.017353579175705014
govreport_test_0151,Full - no_path,unit:10,0.0
govreport_test_0151,AB2 - AB0,unit:10,-0.008983381398859513
govreport_test_0151,TextRank - no_path,unit:10,0.013366467110960456
govreport_test_0151,Lead - no_path,unit:10,-0.024466614839768558
govreport_test_0151,Full - no_path,unit:5,0.0
govreport_test_0151,AB2 - AB0,unit:5,-0.007501346926934355
govreport_test_0151,TextRank - no_path,unit:5,0.05272423398328693
govreport_test_0151,Lead - no_path,unit:5,-0.024124250865197955
govreport_test_0151,Full - no_path,word:110,-0.008665291797821911
govreport_test_0151,AB2 - AB0,word:110,-0.036036036036036
govreport_test_0151,TextRank - no_path,word:110,0.018443141937117852
govreport_test_0151,Lead - no_path,word:110,-0.0028223712434238823
govreport_test_0151,Full - no_path,word:260,0.0
govreport_test_0151,AB2 - AB0,word:260,-0.03943768449852397
govreport_test_0151,TextRank - no_path,word:260,0.021845302538193168
govreport_test_0151,Lead - no_path,word:260,-0.0026645013833755116
govreport_test_0152,Full - no_path,unit:10,0.0
govreport_test_0152,AB2 - AB0,unit:10,-0.041848192336531975
govreport_test_0152,TextRank - no_path,unit:10,0.009507034302102368
govreport_test_0152,Lead - no_path,unit:10,-0.06881815502505159
govreport_test_0152,Full - no_path,unit:5,0.0
govreport_test_0152,AB2 - AB0,unit:5,-0.017889812942494115
govreport_test_0152,TextRank - no_path,unit:5,0.021566947399218384
govreport_test_0152,Lead - no_path,unit:5,-0.028244365003256125
govreport_test_0152,Full - no_path,word:110,0.0
govreport_test_0152,AB2 - AB0,word:110,-0.01696278969458681
govreport_test_0152,TextRank - no_path,word:110,0.004694835680751172
govreport_test_0152,Lead - no_path,word:110,-0.007042253521126751
govreport_test_0152,Full - no_path,word:260,-0.00818581418581421
govreport_test_0152,AB2 - AB0,word:260,-0.02532328229539385
govreport_test_0152,TextRank - no_path,word:260,0.027556886227544874
govreport_test_0152,Lead - no_path,word:260,-0.023999999999999966
govreport_test_0153,Full - no_path,unit:10,0.0
govreport_test_0153,AB2 - AB0,unit:10,-0.029820753958684998
govreport_test_0153,TextRank - no_path,unit:10,-0.01022266281383366
govreport_test_0153,Lead - no_path,unit:10,-0.08228917308259112
govreport_test_0153,Full - no_path,unit:5,0.0
govreport_test_0153,AB2 - AB0,unit:5,0.11162369968340119
govreport_test_0153,TextRank - no_path,unit:5,-0.12563260340632598
govreport_test_0153,Lead - no_path,unit:5,-0.12509375628853148
govreport_test_0153,Full - no_path,word:110,0.0
govreport_test_0153,AB2 - AB0,word:110,0.09531222575795734
govreport_test_0153,TextRank - no_path,word:110,-0.008723811010104943
govreport_test_0153,Lead - no_path,word:110,0.007896687604853514
govreport_test_0153,Full - no_path,word:260,0.0
govreport_test_0153,AB2 - AB0,word:260,0.03207027625632286
govreport_test_0153,TextRank - no_path,word:260,-0.028236089463108682
govreport_test_0153,Lead - no_path,word:260,-0.08197486264770076
govreport_test_0154,Full - no_path,unit:10,0.0007762848357820151
govreport_test_0154,AB2 - AB0,unit:10,-0.02405803033403825
govreport_test_0154,TextRank - no_path,unit:10,0.0046239150453575295
govreport_test_0154,Lead - no_path,unit:10,-0.08630625337728792
govreport_test_0154,Full - no_path,unit:5,-0.016635035656774766
govreport_test_0154,AB2 - AB0,unit:5,-0.03855351936980089
govreport_test_0154,TextRank - no_path,unit:5,0.03671239310926
govreport_test_0154,Lead - no_path,unit:5,-0.05505060484313595
govreport_test_0154,Full - no_path,word:110,-0.011730205278592393
govreport_test_0154,AB2 - AB0,word:110,-0.031564895357850314
govreport_test_0154,TextRank - no_path,word:110,0.008797653958944301
govreport_test_0154,Lead - no_path,word:110,-0.05880559717994187
govreport_test_0154,Full - no_path,word:260,0.018389173851358742
govreport_test_0154,AB2 - AB0,word:260,-0.021926779598259727
govreport_test_0154,TextRank - no_path,word:260,0.02188567734786223
govreport_test_0154,Lead - no_path,word:260,-0.03099893803675316
govreport_test_0155,Full - no_path,unit:10,0.0
govreport_test_0155,AB2 - AB0,unit:10,0.07125382262996943
govreport_test_0155,TextRank - no_path,unit:10,-0.06832345219035191
govreport_test_0155,Lead - no_path,unit:10,-0.15788377008027146
govreport_test_0155,Full - no_path,unit:5,0.0
govreport_test_0155,AB2 - AB0,unit:5,0.030556107907470043
govreport_test_0155,TextRank - no_path,unit:5,-0.09792718005159606
govreport_test_0155,Lead - no_path,unit:5,-0.17022170776022447
govreport_test_0155,Full - no_path,word:110,0.0
govreport_test_0155,AB2 - AB0,word:110,0.03909774436090219
govreport_test_0155,TextRank - no_path,word:110,-0.07239819004524886
govreport_test_0155,Lead - no_path,word:110,-0.14820703055997175
govreport_test_0155,Full - no_path,word:260,-0.014144386842641438
govreport_test_0155,AB2 - AB0,word:260,-0.041717791411042926
govreport_test_0155,TextRank - no_path,word:260,-0.019064436043133487
govreport_test_0155,Lead - no_path,word:260,-0.11795380728978705
govreport_test_0156,Full - no_path,unit:10,0.0
govreport_test_0156,AB2 - AB0,unit:10,-0.008973110952473717
govreport_test_0156,TextRank - no_path,unit:10,0.023424916961162
govreport_test_0156,Lead - no_path,unit:10,-0.10032251040213755
govreport_test_0156,Full - no_path,unit:5,0.0
govreport_test_0156,AB2 - AB0,unit:5,-0.023810430712323832
govreport_test_0156,TextRank - no_path,unit:5,0.08226984421567449
govreport_test_0156,Lead - no_path,unit:5,-0.05554475338648002
govreport_test_0156,Full - no_path,word:110,0.0
govreport_test_0156,AB2 - AB0,word:110,-0.04334677171699303
govreport_test_0156,TextRank - no_path,word:110,0.08716523807067061
govreport_test_0156,Lead - no_path,word:110,-0.06223882188675692
govreport_test_0156,Full - no_path,word:260,-0.03220690653499106
govreport_test_0156,AB2 - AB0,word:260,-0.07042613237303505
govreport_test_0156,TextRank - no_path,word:260,0.07624833025888939
govreport_test_0156,Lead - no_path,word:260,-0.04556962025316458
govreport_test_0157,Full - no_path,unit:10,0.0
govreport_test_0157,AB2 - AB0,unit:10,-0.01573330076932472
govreport_test_0157,TextRank - no_path,unit:10,0.011724342202695387
govreport_test_0157,Lead - no_path,unit:10,0.004377541094011117
govreport_test_0157,Full - no_path,unit:5,0.0
govreport_test_0157,AB2 - AB0,unit:5,0.01425530879594003
govreport_test_0157,TextRank - no_path,unit:5,0.002150479632476554
govreport_test_0157,Lead - no_path,unit:5,-0.009231017509884615
govreport_test_0157,Full - no_path,word:110,0.0
govreport_test_0157,AB2 - AB0,word:110,-0.0010380824886297435
govreport_test_0157,TextRank - no_path,word:110,0.008242184135733355
govreport_test_0157,Lead - no_path,word:110,-0.015025012937726415
govreport_test_0157,Full - no_path,word:260,0.0
govreport_test_0157,AB2 - AB0,word:260,-0.024138326218376666
govreport_test_0157,TextRank - no_path,word:260,0.019335974344463297
govreport_test_0157,Lead - no_path,word:260,0.012370957010709782
govreport_test_0158,Full - no_path,unit:10,-0.0020070838252656265
govreport_test_0158,AB2 - AB0,unit:10,-0.01500553709856034
govreport_test_0158,TextRank - no_path,unit:10,0.0011109182433605147
govreport_test_0158,Lead - no_path,unit:10,-0.022360248447204994
govreport_test_0158,Full - no_path,unit:5,0.01583180092654704
govreport_test_0158,AB2 - AB0,unit:5,-0.021072959192316165
govreport_test_0158,TextRank - no_path,unit:5,0.013981652329842248
govreport_test_0158,Lead - no_path,unit:5,-0.014486871823828365
govreport_test_0158,Full - no_path,word:110,-0.02322525377280421
govreport_test_0158,AB2 - AB0,word:110,-0.034582132564841536
govreport_test_0158,TextRank - no_path,word:110,0.028860028860028863
govreport_test_0158,Lead - no_path,word:110,-0.00593418749038345
govreport_test_0158,Full - no_path,word:260,0.002369668246445522
govreport_test_0158,AB2 - AB0,word:260,-0.04744958481613287
govreport_test_0158,TextRank - no_path,word:260,0.02648287197037072
govreport_test_0158,Lead - no_path,word:260,0.005105199761344603
govreport_test_0159,Full - no_path,unit:10,0.0
govreport_test_0159,AB2 - AB0,unit:10,0.0175466019256032
govreport_test_0159,TextRank - no_path,unit:10,-0.027918178589832893
govreport_test_0159,Lead - no_path,unit:10,-0.03498983156906707
govreport_test_0159,Full - no_path,unit:5,0.0
govreport_test_0159,AB2 - AB0,unit:5,0.049390842982582644
govreport_test_0159,TextRank - no_path,unit:5,-0.01859678782755704
govreport_test_0159,Lead - no_path,unit:5,-0.020155454301795758
govreport_test_0159,Full - no_path,word:110,0.0
govreport_test_0159,AB2 - AB0,word:110,-0.006875571861052837
govreport_test_0159,TextRank - no_path,word:110,-0.004725218284540325
govreport_test_0159,Lead - no_path,word:110,0.005101201250617082
govreport_test_0159,Full - no_path,word:260,0.0
govreport_test_0159,AB2 - AB0,word:260,-0.028085777002307605
govreport_test_0159,TextRank - no_path,word:260,0.013824817821329966
govreport_test_0159,Lead - no_path,word:260,0.010354172312438764
govreport_test_0160,Full - no_path,unit:10,-0.024456960674499456
govreport_test_0160,AB2 - AB0,unit:10,0.036986986986986936
govreport_test_0160,TextRank - no_path,unit:10,-0.0029053026070363086
govreport_test_0160,Lead - no_path,unit:10,-0.08428954481800316
govreport_test_0160,Full - no_path,unit:5,-0.022524751758887074
govreport_test_0160,AB2 - AB0,unit:5,-0.02850927995715788
govreport_test_0160,TextRank - no_path,unit:5,-0.025883491821761057
govreport_test_0160,Lead - no_path,unit:5,-0.0787797340500703
govreport_test_0160,Full - no_path,word:110,-0.039802490339201385
govreport_test_0160,AB2 - AB0,word:110,-0.02332361516034981
govreport_test_0160,TextRank - no_path,word:110,-0.026042600418320766
govreport_test_0160,Lead - no_path,word:110,-0.05839416058394162
govreport_test_0160,Full - no_path,word:260,-0.009822251708124063
govreport_test_0160,AB2 - AB0,word:260,-0.023952095808383256
govreport_test_0160,TextRank - no_path,word:260,-0.027799294013405196
govreport_test_0160,Lead - no_path,word:260,-0.09206164566065089
govreport_test_0161,Full - no_path,unit:10,0.008991128732229042
govreport_test_0161,AB2 - AB0,unit:10,-0.003921638595489607
govreport_test_0161,TextRank - no_path,unit:10,0.022940147393561428
govreport_test_0161,Lead - no_path,unit:10,-0.01552028218694887
govreport_test_0161,Full - no_path,unit:5,0.013841246081740033
govreport_test_0161,AB2 - AB0,unit:5,0.03881842639872615
govreport_test_0161,TextRank - no_path,unit:5,-0.02497718031698612
govreport_test_0161,Lead - no_path,unit:5,-0.0342232007154229
govreport_test_0161,Full - no_path,word:110,0.03233331086091824
govreport_test_0161,AB2 - AB0,word:110,0.01035528888289626
govreport_test_0161,TextRank - no_path,word:110,0.007442435315295953
govreport_test_0161,Lead - no_path,word:110,0.034636931695755255
govreport_test_0161,Full - no_path,word:260,0.02099769958251682
govreport_test_0161,AB2 - AB0,word:260,-0.04379615014786187
govreport_test_0161,TextRank - no_path,word:260,0.0022320811124233175
govreport_test_0161,Lead - no_path,word:260,0.004641840531348973
govreport_test_0162,Full - no_path,unit:10,0.0
govreport_test_0162,AB2 - AB0,unit:10,-0.061222997673645696
govreport_test_0162,TextRank - no_path,unit:10,0.0019157686501118931
govreport_test_0162,Lead - no_path,unit:10,-0.04214605878091918
govreport_test_0162,Full - no_path,unit:5,0.0
govreport_test_0162,AB2 - AB0,unit:5,0.004821311832643255
govreport_test_0162,TextRank - no_path,unit:5,-0.020503527189912774
govreport_test_0162,Lead - no_path,unit:5,-0.059170663973744
govreport_test_0162,Full - no_path,word:110,0.0
govreport_test_0162,AB2 - AB0,word:110,-0.02846908726427924
govreport_test_0162,TextRank - no_path,word:110,0.01952580195258022
govreport_test_0162,Lead - no_path,word:110,-0.00017482313725947218
govreport_test_0162,Full - no_path,word:260,0.0
govreport_test_0162,AB2 - AB0,word:260,-0.04890858973403861
govreport_test_0162,TextRank - no_path,word:260,0.0576036866359447
govreport_test_0162,Lead - no_path,word:260,0.07603686635944698
govreport_test_0163,Full - no_path,unit:10,0.0033185271689640805
govreport_test_0163,AB2 - AB0,unit:10,-0.015432435862997279
govreport_test_0163,TextRank - no_path,unit:10,0.013626102717270383
govreport_test_0163,Lead - no_path,unit:10,-0.04093772289394762
govreport_test_0163,Full - no_path,unit:5,-0.01915459872802472
govreport_test_0163,AB2 - AB0,unit:5,-0.01769115442278857
govreport_test_0163,TextRank - no_path,unit:5,0.0038240391757682346
govreport_test_0163,Lead - no_path,unit:5,-0.05860247960941173
govreport_test_0163,Full - no_path,word:110,0.0
govreport_test_0163,AB2 - AB0,word:110,-0.029296751813308097
govreport_test_0163,TextRank - no_path,word:110,0.06312124366836679
govreport_test_0163,Lead - no_path,word:110,0.012923093073914996
govreport_test_0163,Full - no_path,word:260,0.013445050187211094
govreport_test_0163,AB2 - AB0,word:260,-0.014932997141646087
govreport_test_0163,TextRank - no_path,word:260,0.043218591562962455
govreport_test_0163,Lead - no_path,word:260,-0.011897752027585334
govreport_test_0164,Full - no_path,unit:10,0.0
govreport_test_0164,AB2 - AB0,unit:10,-0.05533521910564285
govreport_test_0164,TextRank - no_path,unit:10,-0.0006193472113601162
govreport_test_0164,Lead - no_path,unit:10,0.03529608224076769
govreport_test_0164,Full - no_path,unit:5,0.0
govreport_test_0164,AB2 - AB0,unit:5,-0.014846606625802367
govreport_test_0164,TextRank - no_path,unit:5,0.03318923018581724
govreport_test_0164,Lead - no_path,unit:5,0.049933275311865366
govreport_test_0164,Full - no_path,word:110,0.0
govreport_test_0164,AB2 - AB0,word:110,0.03794037940379401
govreport_test_0164,TextRank - no_path,word:110,-0.030622567806059528
govreport_test_0164,Lead - no_path,word:110,0.03195442160019818
govreport_test_0164,Full - no_path,word:260,0.0
govreport_test_0164,AB2 - AB0,word:260,0.022111666706825128
govreport_test_0164,TextRank - no_path,word:260,0.0067491563554556155
govreport_test_0164,Lead - no_path,word:260,0.044237743824622866
govreport_test_0165,Full - no_path,unit:10,-0.0028483804387629263
govreport_test_0165,AB2 - AB0,unit:10,-0.004808469965443735
govreport_test_0165,TextRank - no_path,unit:10,0.0025439115014355695
govreport_test_0165,Lead - no_path,unit:10,-0.056901381977014776
govreport_test_0165,Full - no_path,unit:5,-0.0007384772090654468
govreport_test_0165,AB2 - AB0,unit:5,0.007210724977222471
govreport_test_0165,TextRank - no_path,unit:5,0.015994531784005506
govreport_test_0165,Lead - no_path,unit:5,-0.04509445876068738
govreport_test_0165,Full - no_path,word:110,-0.053072625698323994
govreport_test_0165,AB2 - AB0,word:110,-0.01958041958041959
govreport_test_0165,TextRank - no_path,word:110,-0.010970035551041118
govreport_test_0165,Lead - no_path,word:110,-0.04189944134078209
govreport_test_0165,Full - no_path,word:260,-0.01199433807643599
govreport_test_0165,AB2 - AB0,word:260,-0.00692840646651266
govreport_test_0165,TextRank - no_path,word:260,0.021046870202512363
govreport_test_0165,Lead - no_path,word:260,-0.03483914962534396
govreport_test_0166,Full - no_path,unit:10,0.0
govreport_test_0166,AB2 - AB0,unit:10,-0.015015320548463773
govreport_test_0166,TextRank - no_path,unit:10,0.01600751169244849
govreport_test_0166,Lead - no_path,unit:10,-0.03417781196496364
govreport_test_0166,Full - no_path,unit:5,0.0
govreport_test_0166,AB2 - AB0,unit:5,0.007745358090185672
govreport_test_0166,TextRank - no_path,unit:5,-0.006717713272367948
govreport_test_0166,Lead - no_path,unit:5,-0.01495385193590587
govreport_test_0166,Full - no_path,word:110,0.0
govreport_test_0166,AB2 - AB0,word:110,-0.005218946230299004
govreport_test_0166,TextRank - no_path,word:110,0.03443658486886153
govreport_test_0166,Lead - no_path,word:110,0.017145518586440797
govreport_test_0166,Full - no_path,word:260,-0.0027805608402472204
govreport_test_0166,AB2 - AB0,word:260,-0.049088532516268685
govreport_test_0166,TextRank - no_path,word:260,0.040126457088274836
govreport_test_0166,Lead - no_path,word:260,-0.016998570318920186
govreport_test_0167,Full - no_path,unit:10,-0.0010434427394145906
govreport_test_0167,AB2 - AB0,unit:10,-0.027952409392386718
govreport_test_0167,TextRank - no_path,unit:10,0.03231571704019967
govreport_test_0167,Lead - no_path,unit:10,-0.03647399829497014
govreport_test_0167,Full - no_path,unit:5,-0.012931993048997836
govreport_test_0167,AB2 - AB0,unit:5,-0.018595274971113906
govreport_test_0167,TextRank - no_path,unit:5,-0.004102710719582597
govreport_test_0167,Lead - no_path,unit:5,-0.07987542454970142
govreport_test_0167,Full - no_path,word:110,0.03622250970245797
govreport_test_0167,AB2 - AB0,word:110,-0.007951987996999255
govreport_test_0167,TextRank - no_path,word:110,0.011701072958166081
govreport_test_0167,Lead - no_path,word:110,-0.04153420847665559
govreport_test_0167,Full - no_path,word:260,0.01508620689655174
govreport_test_0167,AB2 - AB0,word:260,-0.022169802585280923
govreport_test_0167,TextRank - no_path,word:260,0.031149517684887412
govreport_test_0167,Lead - no_path,word:260,-0.017057713052858692
govreport_test_0168,Full - no_path,unit:10,-0.0002198311537824904
govreport_test_0168,AB2 - AB0,unit:10,-0.048418362851352564
govreport_test_0168,TextRank - no_path,unit:10,0.05753648955964444
govreport_test_0168,Lead - no_path,unit:10,0.003782032400589108
govreport_test_0168,Full - no_path,unit:5,0.007414147100344076
govreport_test_0168,AB2 - AB0,unit:5,-0.028810932657086508
govreport_test_0168,TextRank - no_path,unit:5,0.023513377877055402
govreport_test_0168,Lead - no_path,unit:5,0.001955980978793681
govreport_test_0168,Full - no_path,word:110,0.0
govreport_test_0168,AB2 - AB0,word:110,-0.00020064205457462347
govreport_test_0168,TextRank - no_path,word:110,0.051035897435897454
govreport_test_0168,Lead - no_path,word:110,0.0060620955189645415
govreport_test_0168,Full - no_path,word:260,0.01288659793814434
govreport_test_0168,AB2 - AB0,word:260,-0.04850085108149624
govreport_test_0168,TextRank - no_path,word:260,0.09763629608990437
govreport_test_0168,Lead - no_path,word:260,0.01804123711340208
govreport_test_0169,Full - no_path,unit:10,-0.007453839009137375
govreport_test_0169,AB2 - AB0,unit:10,-0.010526472072928117
govreport_test_0169,TextRank - no_path,unit:10,-0.042591706920464906
govreport_test_0169,Lead - no_path,unit:10,-0.04953806345021955
govreport_test_0169,Full - no_path,unit:5,-0.014939800463491693
govreport_test_0169,AB2 - AB0,unit:5,-0.003377699580231208
govreport_test_0169,TextRank - no_path,unit:5,-0.01736979679024142
govreport_test_0169,Lead - no_path,unit:5,-0.03128733843509779
govreport_test_0169,Full - no_path,word:110,0.0
govreport_test_0169,AB2 - AB0,word:110,-0.03231742558953726
govreport_test_0169,TextRank - no_path,word:110,-0.0027899013554751606
govreport_test_0169,Lead - no_path,word:110,0.029527524234062102
govreport_test_0169,Full - no_path,word:260,0.005338624713580431
govreport_test_0169,AB2 - AB0,word:260,-0.03137001002208406
govreport_test_0169,TextRank - no_path,word:260,-0.009034684199945575
govreport_test_0169,Lead - no_path,word:260,-0.016559185505397672
govreport_test_0170,Full - no_path,unit:10,0.011258930771125886
govreport_test_0170,AB2 - AB0,unit:10,0.008839330534995221
govreport_test_0170,TextRank - no_path,unit:10,-0.018469391423128062
govreport_test_0170,Lead - no_path,unit:10,-0.029573764551343
govreport_test_0170,Full - no_path,unit:5,-0.010278318371721246
govreport_test_0170,AB2 - AB0,unit:5,0.056722218196342
govreport_test_0170,TextRank - no_path,unit:5,-0.055841916152337454
govreport_test_0170,Lead - no_path,unit:5,-0.08006538915629828
govreport_test_0170,Full - no_path,word:110,0.01896122535937747
govreport_test_0170,AB2 - AB0,word:110,0.03815002904634299
govreport_test_0170,TextRank - no_path,word:110,0.00016490826977494377
govreport_test_0170,Lead - no_path,word:110,-0.011093419449365718
govreport_test_0170,Full - no_path,word:260,-0.0047277499146129165
govreport_test_0170,AB2 - AB0,word:260,-0.018369663415877147
govreport_test_0170,TextRank - no_path,word:260,0.0
govreport_test_0170,Lead - no_path,word:260,-0.024603174603174627
govreport_test_0171,Full - no_path,unit:10,0.0
govreport_test_0171,AB2 - AB0,unit:10,-0.06717633558821134
govreport_test_0171,TextRank - no_path,unit:10,0.018790295267335
govreport_test_0171,Lead - no_path,unit:10,-0.10072672287169726
govreport_test_0171,Full - no_path,unit:5,0.006404064013618815
govreport_test_0171,AB2 - AB0,unit:5,-0.009030034990497482
govreport_test_0171,TextRank - no_path,unit:5,0.028243266015663127
govreport_test_0171,Lead - no_path,unit:5,-0.1296415193184101
govreport_test_0171,Full - no_path,word:110,0.0
govreport_test_0171,AB2 - AB0,word:110,-0.03916454946179605
govreport_test_0171,TextRank - no_path,word:110,0.051419683156210136
govreport_test_0171,Lead - no_path,word:110,-0.039172401465725246
govreport_test_0171,Full - no_path,word:260,-0.004083977156192631
govreport_test_0171,AB2 - AB0,word:260,-0.017777135424194235
govreport_test_0171,TextRank - no_path,word:260,0.0419426644586843
govreport_test_0171,Lead - no_path,word:260,-0.09350688121324302
govreport_test_0172,Full - no_path,unit:10,0.0
govreport_test_0172,AB2 - AB0,unit:10,0.007741462392625242
govreport_test_0172,TextRank - no_path,unit:10,0.028898695889324144
govreport_test_0172,Lead - no_path,unit:10,-0.03745789325796264
govreport_test_0172,Full - no_path,unit:5,0.0
govreport_test_0172,AB2 - AB0,unit:5,0.03897810411189773
govreport_test_0172,TextRank - no_path,unit:5,-0.030936182602208956
govreport_test_0172,Lead - no_path,unit:5,-0.1114054646460829
govreport_test_0172,Full - no_path,word:110,0.0
govreport_test_0172,AB2 - AB0,word:110,0.002328001687919745
govreport_test_0172,TextRank - no_path,word:110,0.04604359914230419
govreport_test_0172,Lead - no_path,word:110,-0.0019389526570415122
govreport_test_0172,Full - no_path,word:260,0.0
govreport_test_0172,AB2 - AB0,word:260,0.02788142511290262
govreport_test_0172,TextRank - no_path,word:260,-0.014563970742304866
govreport_test_0172,Lead - no_path,word:260,-0.05392666989881845
govreport_test_0173,Full - no_path,unit:10,0.0
govreport_test_0173,AB2 - AB0,unit:10,-0.025825667980727135
govreport_test_0173,TextRank - no_path,unit:10,0.006246530733079236
govreport_test_0173,Lead - no_path,unit:10,-0.06504552116654005
govreport_test_0173,Full - no_path,unit:5,0.0
govreport_test_0173,AB2 - AB0,unit:5,-0.004085972507025137
govreport_test_0173,TextRank - no_path,unit:5,-0.030334039049635414
govreport_test_0173,Lead - no_path,unit:5,-0.08153817561288797
govreport_test_0173,Full - no_path,word:110,-0.003649635036496346
govreport_test_0173,AB2 - AB0,word:110,0.02883258817685047
govreport_test_0173,TextRank - no_path,word:110,0.05373110601825479
govreport_test_0173,Lead - no_path,word:110,-0.018041340290102625
govreport_test_0173,Full - no_path,word:260,-0.008285305538524385
govreport_test_0173,AB2 - AB0,word:260,-0.033673538109261436
govreport_test_0173,TextRank - no_path,word:260,0.03679233747707364
govreport_test_0173,Lead - no_path,word:260,-0.05120376047414674
govreport_test_0174,Full - no_path,unit:10,0.0
govreport_test_0174,AB2 - AB0,unit:10,-0.04095727549493963
govreport_test_0174,TextRank - no_path,unit:10,0.05463502015226154
govreport_test_0174,Lead - no_path,unit:10,-0.014968566011376139
govreport_test_0174,Full - no_path,unit:5,0.0
govreport_test_0174,AB2 - AB0,unit:5,-0.02123889722663133
govreport_test_0174,TextRank - no_path,unit:5,0.039329963840645216
govreport_test_0174,Lead - no_path,unit:5,-0.014897929591934311
govreport_test_0174,Full - no_path,word:110,0.0
govreport_test_0174,AB2 - AB0,word:110,-0.034230608165500526
govreport_test_0174,TextRank - no_path,word:110,0.026007802340702213
govreport_test_0174,Lead - no_path,word:110,-0.015459064802774161
govreport_test_0174,Full - no_path,word:260,0.0
govreport_test_0174,AB2 - AB0,word:260,-0.03229443160087905
govreport_test_0174,TextRank - no_path,word:260,0.05147909642816792
govreport_test_0174,Lead - no_path,word:260,-0.007100253580485022
govreport_test_0175,Full - no_path,unit:10,-0.020983461162455558
govreport_test_0175,AB2 - AB0,unit:10,-0.11927138512012578
govreport_test_0175,TextRank - no_path,unit:10,0.09368521642584715
govreport_test_0175,Lead - no_path,unit:10,-0.02432413310204673
govreport_test_0175,Full - no_path,unit:5,0.02210487870647551
govreport_test_0175,AB2 - AB0,unit:5,-0.06093839623723754
govreport_test_0175,TextRank - no_path,unit:5,-0.01801939726111279
govreport_test_0175,Lead - no_path,unit:5,-0.03680721526666225
govreport_test_0175,Full - no_path,word:110,0.0
govreport_test_0175,AB2 - AB0,word:110,-0.03633478115603073
govreport_test_0175,TextRank - no_path,word:110,-0.0032615786040443573
govreport_test_0175,Lead - no_path,word:110,-0.014821011537523104
govreport_test_0175,Full - no_path,word:260,0.022522605420393388
govreport_test_0175,AB2 - AB0,word:260,-0.09202420242024204
govreport_test_0175,TextRank - no_path,word:260,0.054455445544554476
govreport_test_0175,Lead - no_path,word:260,-0.019415030833108082
govreport_test_0176,Full - no_path,unit:10,0.004098408400921738
govreport_test_0176,AB2 - AB0,unit:10,-0.01048401188188014
govreport_test_0176,TextRank - no_path,unit:10,0.042081029331764885
govreport_test_0176,Lead - no_path,unit:10,-0.0432065697698133
govreport_test_0176,Full - no_path,unit:5,0.0
govreport_test_0176,AB2 - AB0,unit:5,-0.02029991956485383
govreport_test_0176,TextRank - no_path,unit:5,0.031290993441049464
govreport_test_0176,Lead - no_path,unit:5,-0.060956316792044676
govreport_test_0176,Full - no_path,word:110,0.0
govreport_test_0176,AB2 - AB0,word:110,-0.03581656346749226
govreport_test_0176,TextRank - no_path,word:110,0.03981501067246121
govreport_test_0176,Lead - no_path,word:110,-0.04317834407228961
govreport_test_0176,Full - no_path,word:260,0.0027195648696208274
govreport_test_0176,AB2 - AB0,word:260,-0.048384567126725175
govreport_test_0176,TextRank - no_path,word:260,0.05900637761937935
govreport_test_0176,Lead - no_path,word:260,-0.016560373010343576
govreport_test_0177,Full - no_path,unit:10,0.0
govreport_test_0177,AB2 - AB0,unit:10,0.01882595118071556
govreport_test_0177,TextRank - no_path,unit:10,-0.014930266103425321
govreport_test_0177,Lead - no_path,unit:10,-0.07399723374827108
govreport_test_0177,Full - no_path,unit:5,0.0
govreport_test_0177,AB2 - AB0,unit:5,0.029599209654611297
govreport_test_0177,TextRank - no_path,unit:5,-0.030031572990200456
govreport_test_0177,Lead - no_path,unit:5,-0.07678786082431789
govreport_test_0177,Full - no_path,word:110,0.0
govreport_test_0177,AB2 - AB0,word:110,-0.0030864197530864335
govreport_test_0177,TextRank - no_path,word:110,-0.03319500134435313
govreport_test_0177,Lead - no_path,word:110,-0.042383362753235246
govreport_test_0177,Full - no_path,word:260,0.0
govreport_test_0177,AB2 - AB0,word:260,0.013185136754930826
govreport_test_0177,TextRank - no_path,word:260,0.02853461142682326
govreport_test_0177,Lead - no_path,word:260,-0.028054088381530645
govreport_test_0178,Full - no_path,unit:10,0.0
govreport_test_0178,AB2 - AB0,unit:10,-0.005515669217063174
govreport_test_0178,TextRank - no_path,unit:10,0.007519668737060031
govreport_test_0178,Lead - no_path,unit:10,-0.006344675593872834
govreport_test_0178,Full - no_path,unit:5,0.0
govreport_test_0178,AB2 - AB0,unit:5,0.007796867810000496
govreport_test_0178,TextRank - no_path,unit:5,-0.005363277117981485
govreport_test_0178,Lead - no_path,unit:5,-0.028965159999642776
govreport_test_0178,Full - no_path,word:110,0.0
govreport_test_0178,AB2 - AB0,word:110,0.00822926535182153
govreport_test_0178,TextRank - no_path,word:110,0.03813520664172976
govreport_test_0178,Lead - no_path,word:110,0.017153327355658637
govreport_test_0178,Full - no_path,word:260,0.0
govreport_test_0178,AB2 - AB0,word:260,0.004580249365933431
govreport_test_0178,TextRank - no_path,word:260,0.012033694344163653
govreport_test_0178,Lead - no_path,word:260,-0.022410053539131114
govreport_test_0179,Full - no_path,unit:10,0.0
govreport_test_0179,AB2 - AB0,unit:10,-0.033758394142888365
govreport_test_0179,TextRank - no_path,unit:10,-0.005885509946873618
govreport_test_0179,Lead - no_path,unit:10,-0.04035953250731236
govreport_test_0179,Full - no_path,unit:5,0.0
govreport_test_0179,AB2 - AB0,unit:5,-0.06649546576125517
govreport_test_0179,TextRank - no_path,unit:5,0.019786742882268893
govreport_test_0179,Lead - no_path,unit:5,0.020222757706772898
govreport_test_0179,Full - no_path,word:110,0.0
govreport_test_0179,AB2 - AB0,word:110,-0.01967229631868614
govreport_test_0179,TextRank - no_path,word:110,0.030829145728643176
govreport_test_0179,Lead - no_path,word:110,0.03814930991217064
govreport_test_0179,Full - no_path,word:260,0.0
govreport_test_0179,AB2 - AB0,word:260,-0.049158813200989
govreport_test_0179,TextRank - no_path,word:260,0.0032506901843921965
govreport_test_0179,Lead - no_path,word:260,-0.0054530501323034886
govreport_test_0180,Full - no_path,unit:10,-0.002597613191921422
govreport_test_0180,AB2 - AB0,unit:10,-0.08780698381863933
govreport_test_0180,TextRank - no_path,unit:10,0.06880965032745143
govreport_test_0180,Lead - no_path,unit:10,0.03100199907364204
govreport_test_0180,Full - no_path,unit:5,-0.017991837883478773
govreport_test_0180,AB2 - AB0,unit:5,-0.0065879367558071555
govreport_test_0180,TextRank - no_path,unit:5,0.051462724127084
govreport_test_0180,Lead - no_path,unit:5,0.006919811744187543
govreport_test_0180,Full - no_path,word:110,0.0
govreport_test_0180,AB2 - AB0,word:110,-0.005305022415357075
govreport_test_0180,TextRank - no_path,word:110,0.027891808064221868
govreport_test_0180,Lead - no_path,word:110,0.0
govreport_test_0180,Full - no_path,word:260,-0.012705334676547608
govreport_test_0180,AB2 - AB0,word:260,-0.021202127098007673
govreport_test_0180,TextRank - no_path,word:260,0.0645478842075726
govreport_test_0180,Lead - no_path,word:260,0.025132602303020307
govreport_test_0181,Full - no_path,unit:10,0.0023204137415688275
govreport_test_0181,AB2 - AB0,unit:10,-0.027629911280101366
govreport_test_0181,TextRank - no_path,unit:10,0.021833239224543555
govreport_test_0181,Lead - no_path,unit:10,-0.054012483680002873
govreport_test_0181,Full - no_path,unit:5,0.015125806248235368
govreport_test_0181,AB2 - AB0,unit:5,0.02173046251993621
govreport_test_0181,TextRank - no_path,unit:5,-0.00505240657298664
govreport_test_0181,Lead - no_path,unit:5,-0.0451983919744465
govreport_test_0181,Full - no_path,word:110,-0.003502626970227657
govreport_test_0181,AB2 - AB0,word:110,-0.003974972396025039
govreport_test_0181,TextRank - no_path,word:110,0.014010507880910683
govreport_test_0181,Lead - no_path,word:110,-0.03100564860264915
govreport_test_0181,Full - no_path,word:260,0.013888888888888895
govreport_test_0181,AB2 - AB0,word:260,-0.03100184672206835
govreport_test_0181,TextRank - no_path,word:260,0.038342566943674994
govreport_test_0181,Lead - no_path,word:260,-0.03002092050209204
govreport_test_0182,Full - no_path,unit:10,-0.0011236338603508034
govreport_test_0182,AB2 - AB0,unit:10,-0.00207580852742148
govreport_test_0182,TextRank - no_path,unit:10,0.014012303485987726
govreport_test_0182,Lead - no_path,unit:10,-0.006937167817601092
govreport_test_0182,Full - no_path,unit:5,-0.009972360420121645
govreport_test_0182,AB2 - AB0,unit:5,-0.0028544949026876876
govreport_test_0182,TextRank - no_path,unit:5,-0.01763159699206876
govreport_test_0182,Lead - no_path,unit:5,-0.002096877575313627
govreport_test_0182,Full - no_path,word:110,0.0026296449979252706
govreport_test_0182,AB2 - AB0,word:110,-0.035040823286324685
govreport_test_0182,TextRank - no_path,word:110,0.005968609719520401
govreport_test_0182,Lead - no_path,word:110,0.0344046286768664
govreport_test_0182,Full - no_path,word:260,-0.02023171420825537
govreport_test_0182,AB2 - AB0,word:260,-0.0005036605328008759
govreport_test_0182,TextRank - no_path,word:260,0.018131457147243374
govreport_test_0182,Lead - no_path,word:260,0.01532567049808431
govreport_test_0183,Full - no_path,unit:10,0.0
govreport_test_0183,AB2 - AB0,unit:10,0.026064557776506292
govreport_test_0183,TextRank - no_path,unit:10,-0.02484708216234094
govreport_test_0183,Lead - no_path,unit:10,-0.07204239642230936
govreport_test_0183,Full - no_path,unit:5,-0.039444541223900675
govreport_test_0183,AB2 - AB0,unit:5,0.1215756255455901
govreport_test_0183,TextRank - no_path,unit:5,-0.08888632750779218
govreport_test_0183,Lead - no_path,unit:5,-0.11856542034477979
govreport_test_0183,Full - no_path,word:110,-0.0019544776004555148
govreport_test_0183,AB2 - AB0,word:110,0.030598052851182195
govreport_test_0183,TextRank - no_path,word:110,0.039634544602309835
govreport_test_0183,Lead - no_path,word:110,0.01657458563535913
govreport_test_0183,Full - no_path,word:260,-0.04357798165137616
govreport_test_0183,AB2 - AB0,word:260,0.03969089667181486
govreport_test_0183,TextRank - no_path,word:260,-0.0034139432630110322
govreport_test_0183,Lead - no_path,word:260,-0.06533166654462147
govreport_test_0184,Full - no_path,unit:10,0.0
govreport_test_0184,AB2 - AB0,unit:10,-0.01838752628400553
govreport_test_0184,TextRank - no_path,unit:10,0.10196217494089835
govreport_test_0184,Lead - no_path,unit:10,-0.05522281165427592
govreport_test_0184,Full - no_path,unit:5,0.0
govreport_test_0184,AB2 - AB0,unit:5,0.02001687544622574
govreport_test_0184,TextRank - no_path,unit:5,-0.011879160266257016
govreport_test_0184,Lead - no_path,unit:5,-0.05695106871577457
govreport_test_0184,Full - no_path,word:110,0.0
govreport_test_0184,AB2 - AB0,word:110,0.0027881213926643222
govreport_test_0184,TextRank - no_path,word:110,0.028151313309036058
govreport_test_0184,Lead - no_path,word:110,-0.002839959906448364
govreport_test_0184,Full - no_path,word:260,0.0
govreport_test_0184,AB2 - AB0,word:260,-0.05688637557553844
govreport_test_0184,TextRank - no_path,word:260,0.11428571428571427
govreport_test_0184,Lead - no_path,word:260,-0.02526341714963018
govreport_test_0185,Full - no_path,unit:10,0.003993320525021077
govreport_test_0185,AB2 - AB0,unit:10,0.0016671122387728332
govreport_test_0185,TextRank - no_path,unit:10,-0.0020772321313067554
govreport_test_0185,Lead - no_path,unit:10,-0.027247840361778547
govreport_test_0185,Full - no_path,unit:5,0.0
govreport_test_0185,AB2 - AB0,unit:5,-0.014253980007404632
govreport_test_0185,TextRank - no_path,unit:5,0.01679827976124268
govreport_test_0185,Lead - no_path,unit:5,-0.036958815303223716
govreport_test_0185,Full - no_path,word:110,-0.014619883040935644
govreport_test_0185,AB2 - AB0,word:110,0.01187945532932086
govreport_test_0185,TextRank - no_path,word:110,-0.0031203312417296403
govreport_test_0185,Lead - no_path,word:110,-0.03801169590643273
govreport_test_0185,Full - no_path,word:260,-0.009767068733346707
govreport_test_0185,AB2 - AB0,word:260,0.0044117815795210735
govreport_test_0185,TextRank - no_path,word:260,0.002395209580838331
govreport_test_0185,Lead - no_path,word:260,-0.019336446723777295
govreport_test_0186,Full - no_path,unit:10,-0.006124352402153976
govreport_test_0186,AB2 - AB0,unit:10,-0.034119924971259125
govreport_test_0186,TextRank - no_path,unit:10,0.02120153808163125
govreport_test_0186,Lead - no_path,unit:10,0.016603023755490498
govreport_test_0186,Full - no_path,unit:5,-0.004686697483307661
govreport_test_0186,AB2 - AB0,unit:5,-0.017911099255522922
govreport_test_0186,TextRank - no_path,unit:5,0.020872046098691727
govreport_test_0186,Lead - no_path,unit:5,0.012160344363734199
govreport_test_0186,Full - no_path,word:110,-0.016935313329730486
govreport_test_0186,AB2 - AB0,word:110,-0.011257013941111838
govreport_test_0186,TextRank - no_path,word:110,0.050459732561667164
govreport_test_0186,Lead - no_path,word:110,0.050158419532196435
govreport_test_0186,Full - no_path,word:260,-0.002467994909989696
govreport_test_0186,AB2 - AB0,word:260,-0.06330110991765128
govreport_test_0186,TextRank - no_path,word:260,0.035182679296346414
govreport_test_0186,Lead - no_path,word:260,0.02463227609272034
govreport_test_0187,Full - no_path,unit:10,0.0
govreport_test_0187,AB2 - AB0,unit:10,0.0015526117471875711
govreport_test_0187,TextRank - no_path,unit:10,0.01263372715542091
govreport_test_0187,Lead - no_path,unit:10,-0.06697580826886793
govreport_test_0187,Full - no_path,unit:5,0.0
govreport_test_0187,AB2 - AB0,unit:5,0.02116402116402119
govreport_test_0187,TextRank - no_path,unit:5,-0.019872515935508067
govreport_test_0187,Lead - no_path,unit:5,-0.04723670104617206
govreport_test_0187,Full - no_path,word:110,0.0
govreport_test_0187,AB2 - AB0,word:110,0.006784027479604965
govreport_test_0187,TextRank - no_path,word:110,-0.006018696375976462
govreport_test_0187,Lead - no_path,word:110,-0.023536944551158942
govreport_test_0187,Full - no_path,word:260,0.0
govreport_test_0187,AB2 - AB0,word:260,0.0006909258406264385
govreport_test_0187,TextRank - no_path,word:260,0.022330188474321
govreport_test_0187,Lead - no_path,word:260,-0.0260884873006208
govreport_test_0188,Full - no_path,unit:10,-0.009538499113315113
govreport_test_0188,AB2 - AB0,unit:10,0.012655332302936612
govreport_test_0188,TextRank - no_path,unit:10,-0.005806753680324878
govreport_test_0188,Lead - no_path,unit:10,-0.02101852851787281
govreport_test_0188,Full - no_path,unit:5,0.0
govreport_test_0188,AB2 - AB0,unit:5,0.040581772298027396
govreport_test_0188,TextRank - no_path,unit:5,-0.012142812086040511
govreport_test_0188,Lead - no_path,unit:5,-0.05404276063792743
govreport_test_0188,Full - no_path,word:110,-0.006099571727728875
govreport_test_0188,AB2 - AB0,word:110,-0.02284398833015823
govreport_test_0188,TextRank - no_path,word:110,0.03483309143686501
govreport_test_0188,Lead - no_path,word:110,0.017962399556546674
govreport_test_0188,Full - no_path,word:260,0.03586105219157151
govreport_test_0188,AB2 - AB0,word:260,0.037807044548820695
govreport_test_0188,TextRank - no_path,word:260,0.012283678316932473
govreport_test_0188,Lead - no_path,word:260,0.022023164099326475
govreport_test_0189,Full - no_path,unit:10,-0.04041240628077461
govreport_test_0189,AB2 - AB0,unit:10,-0.013989582467095557
govreport_test_0189,TextRank - no_path,unit:10,-0.00556343113916602
govreport_test_0189,Lead - no_path,unit:10,-0.039430486957217376
govreport_test_0189,Full - no_path,unit:5,-0.02105363528009538
govreport_test_0189,AB2 - AB0,unit:5,0.037688746697690206
govreport_test_0189,TextRank - no_path,unit:5,0.013633375474083442
govreport_test_0189,Lead - no_path,unit:5,-0.03564912280701757
govreport_test_0189,Full - no_path,word:110,0.0028248587570621486
govreport_test_0189,AB2 - AB0,word:110,-0.03643298436599851
govreport_test_0189,TextRank - no_path,word:110,0.04519774011299435
govreport_test_0189,Lead - no_path,word:110,0.008124452932282991
govreport_test_0189,Full - no_path,word:260,-0.01147277459996246
govreport_test_0189,AB2 - AB0,word:260,0.030021387768362356
govreport_test_0189,TextRank - no_path,word:260,0.016317016317016347
govreport_test_0189,Lead - no_path,word:260,0.006586436818994956
govreport_test_0190,Full - no_path,unit:10,0.0025641025641026105
govreport_test_0190,AB2 - AB0,unit:10,-0.02200685294834484
govreport_test_0190,TextRank - no_path,unit:10,0.024582711840329563
govreport_test_0190,Lead - no_path,unit:10,-0.03160073757088677
govreport_test_0190,Full - no_path,unit:5,0.010281868348538364
govreport_test_0190,AB2 - AB0,unit:5,-0.026050177833317312
govreport_test_0190,TextRank - no_path,unit:5,-0.00030412854499839437
govreport_test_0190,Lead - no_path,unit:5,-0.021202156490104734
govreport_test_0190,Full - no_path,word:110,-0.0248730054383553
govreport_test_0190,AB2 - AB0,word:110,-0.009540882263607053
govreport_test_0190,TextRank - no_path,word:110,0.03688733642169573
govreport_test_0190,Lead - no_path,word:110,-0.0022542448885602695
govreport_test_0190,Full - no_path,word:260,0.0024773719618462198
govreport_test_0190,AB2 - AB0,word:260,-0.03937095446760233
govreport_test_0190,TextRank - no_path,word:260,0.04162376164011822
govreport_test_0190,Lead - no_path,word:260,-0.01095890410958908
govreport_test_0191,Full - no_path,unit:10,-0.0072845742733728125
govreport_test_0191,AB2 - AB0,unit:10,-0.026027075887004425
govreport_test_0191,TextRank - no_path,unit:10,0.04526594785118579
govreport_test_0191,Lead - no_path,unit:10,-0.0690293429146932
govreport_test_0191,Full - no_path,unit:5,-0.008197451661766025
govreport_test_0191,AB2 - AB0,unit:5,0.004081537612017766
govreport_test_0191,TextRank - no_path,unit:5,0.007441888492189047
govreport_test_0191,Lead - no_path,unit:5,-0.054875787912495366
govreport_test_0191,Full - no_path,word:110,0.0
govreport_test_0191,AB2 - AB0,word:110,0.008426415833823225
govreport_test_0191,TextRank - no_path,word:110,-0.041393448800856214
govreport_test_0191,Lead - no_path,word:110,-0.05801595664609363
govreport_test_0191,Full - no_path,word:260,0.0
govreport_test_0191,AB2 - AB0,word:260,-0.051674912389198135
govreport_test_0191,TextRank - no_path,word:260,0.04060984418532659
govreport_test_0191,Lead - no_path,word:260,-0.07466349140608822
govreport_test_0192,Full - no_path,unit:10,-0.03707253957546858
govreport_test_0192,AB2 - AB0,unit:10,0.015745544027666897
govreport_test_0192,TextRank - no_path,unit:10,-0.006332093694254137
govreport_test_0192,Lead - no_path,unit:10,-0.10018032989763631
govreport_test_0192,Full - no_path,unit:5,-0.017800127713920838
govreport_test_0192,AB2 - AB0,unit:5,-0.007142857142857173
govreport_test_0192,TextRank - no_path,unit:5,0.023882232612507298
govreport_test_0192,Lead - no_path,unit:5,-0.051031148790245784
govreport_test_0192,Full - no_path,word:110,-0.03856523863821473
govreport_test_0192,AB2 - AB0,word:110,0.004841201583119639
govreport_test_0192,TextRank - no_path,word:110,0.05265720102258109
govreport_test_0192,Lead - no_path,word:110,-0.03181768482216775
govreport_test_0192,Full - no_path,word:260,-0.006189273443010873
govreport_test_0192,AB2 - AB0,word:260,0.006248347247931718
govreport_test_0192,TextRank - no_path,word:260,0.05217648531185293
govreport_test_0192,Lead - no_path,word:260,-0.047045304571415564
govreport_test_0193,Full - no_path,unit:10,0.0
govreport_test_0193,AB2 - AB0,unit:10,0.11734544120344897
govreport_test_0193,TextRank - no_path,unit:10,-0.17602814609004444
govreport_test_0193,Lead - no_path,unit:10,0.056334015846167595
govreport_test_0193,Full - no_path,unit:5,-0.08204303706033814
govreport_test_0193,AB2 - AB0,unit:5,0.20637829912023464
govreport_test_0193,TextRank - no_path,unit:5,-0.23201921396052325
govreport_test_0193,Lead - no_path,unit:5,-0.017764284304927103
govreport_test_0193,Full - no_path,word:110,-0.1124031007751938
govreport_test_0193,AB2 - AB0,word:110,0.053932415142620566
govreport_test_0193,TextRank - no_path,word:110,-0.12816187605895674
govreport_test_0193,Lead - no_path,word:110,-0.03575169854239624
govreport_test_0193,Full - no_path,word:260,0.010557642844638393
govreport_test_0193,AB2 - AB0,word:260,0.11077844311377244
govreport_test_0193,TextRank - no_path,word:260,-0.10841426133779955
govreport_test_0193,Lead - no_path,word:260,0.06250028139083624
govreport_test_0194,Full - no_path,unit:10,0.0
govreport_test_0194,AB2 - AB0,unit:10,-0.12496283929138138
govreport_test_0194,TextRank - no_path,unit:10,0.09203672572093621
govreport_test_0194,Lead - no_path,unit:10,0.07098700295972207
govreport_test_0194,Full - no_path,unit:5,0.0
govreport_test_0194,AB2 - AB0,unit:5,-0.044917032930869294
govreport_test_0194,TextRank - no_path,unit:5,-0.0031366550366945523
govreport_test_0194,Lead - no_path,unit:5,0.027347271620159097
govreport_test_0194,Full - no_path,word:110,0.0
govreport_test_0194,AB2 - AB0,word:110,-0.04423655162571419
govreport_test_0194,TextRank - no_path,word:110,0.009699659945965389
govreport_test_0194,Lead - no_path,word:110,0.04702194357366776
govreport_test_0194,Full - no_path,word:260,0.0
govreport_test_0194,AB2 - AB0,word:260,-0.10349577093194692
govreport_test_0194,TextRank - no_path,word:260,0.07858048162230671
govreport_test_0194,Lead - no_path,word:260,0.06337135614702152
govreport_test_0195,Full - no_path,unit:10,0.0
govreport_test_0195,AB2 - AB0,unit:10,-0.053223270440251574
govreport_test_0195,TextRank - no_path,unit:10,0.06091380889386383
govreport_test_0195,Lead - no_path,unit:10,0.029545622019559042
govreport_test_0195,Full - no_path,unit:5,0.0
govreport_test_0195,AB2 - AB0,unit:5,-0.05642840292521821
govreport_test_0195,TextRank - no_path,unit:5,0.04530003231499663
govreport_test_0195,Lead - no_path,unit:5,0.03559570243964061
govreport_test_0195,Full - no_path,word:110,0.0
govreport_test_0195,AB2 - AB0,word:110,-0.045887814673362504
govreport_test_0195,TextRank - no_path,word:110,0.053712616327687854
govreport_test_0195,Lead - no_path,word:110,0.039721552878179384
govreport_test_0195,Full - no_path,word:260,0.0
govreport_test_0195,AB2 - AB0,word:260,-0.046356932913938026
govreport_test_0195,TextRank - no_path,word:260,0.07338483232476352
govreport_test_0195,Lead - no_path,word:260,0.035994662707270184
govreport_test_0196,Full - no_path,unit:10,0.0
govreport_test_0196,AB2 - AB0,unit:10,-0.07170268445825359
govreport_test_0196,TextRank - no_path,unit:10,0.05563353323976011
govreport_test_0196,Lead - no_path,unit:10,0.005857602508043874
govreport_test_0196,Full - no_path,unit:5,-0.007596291012838791
govreport_test_0196,AB2 - AB0,unit:5,-0.05718296813037313
govreport_test_0196,TextRank - no_path,unit:5,0.03347019098162107
govreport_test_0196,Lead - no_path,unit:5,-0.08342273729383051
govreport_test_0196,Full - no_path,word:110,0.0
govreport_test_0196,AB2 - AB0,word:110,0.0063391442155309174
govreport_test_0196,TextRank - no_path,word:110,-0.029070368028138116
govreport_test_0196,Lead - no_path,word:110,-0.03878972047252016
govreport_test_0196,Full - no_path,word:260,-0.005108556832694761
govreport_test_0196,AB2 - AB0,word:260,-0.05392728472365127
govreport_test_0196,TextRank - no_path,word:260,0.03347672568944288
govreport_test_0196,Lead - no_path,word:260,0.015573912390210137
govreport_test_0197,Full - no_path,unit:10,0.005206040242536597
govreport_test_0197,AB2 - AB0,unit:10,-0.01486295650196967
govreport_test_0197,TextRank - no_path,unit:10,0.028008566270869034
govreport_test_0197,Lead - no_path,unit:10,-0.08769749294535677
govreport_test_0197,Full - no_path,unit:5,0.0
govreport_test_0197,AB2 - AB0,unit:5,-0.015655961030383136
govreport_test_0197,TextRank - no_path,unit:5,0.05456432924787355
govreport_test_0197,Lead - no_path,unit:5,-0.0818046814228131
govreport_test_0197,Full - no_path,word:110,0.017426841963218587
govreport_test_0197,AB2 - AB0,word:110,-0.009000018367384427
govreport_test_0197,TextRank - no_path,word:110,0.04310444538689906
govreport_test_0197,Lead - no_path,word:110,-0.04258104258104256
govreport_test_0197,Full - no_path,word:260,0.0
govreport_test_0197,AB2 - AB0,word:260,-0.01930521703144225
govreport_test_0197,TextRank - no_path,word:260,0.04913527338079768
govreport_test_0197,Lead - no_path,word:260,-0.06146920740127036
govreport_test_0198,Full - no_path,unit:10,0.006794867566052021
govreport_test_0198,AB2 - AB0,unit:10,-0.17063199234854742
govreport_test_0198,TextRank - no_path,unit:10,0.07144878089373383
govreport_test_0198,Lead - no_path,unit:10,-0.004924643046007426
govreport_test_0198,Full - no_path,unit:5,-0.006783629197166796
govreport_test_0198,AB2 - AB0,unit:5,-0.06449977915993887
govreport_test_0198,TextRank - no_path,unit:5,0.062172633521445836
govreport_test_0198,Lead - no_path,unit:5,-0.002080857443505335
govreport_test_0198,Full - no_path,word:110,0.0
govreport_test_0198,AB2 - AB0,word:110,-0.06169665809768639
govreport_test_0198,TextRank - no_path,word:110,0.04905823928960178
govreport_test_0198,Lead - no_path,word:110,0.008036731773248859
govreport_test_0198,Full - no_path,word:260,-0.00466644082141382
govreport_test_0198,AB2 - AB0,word:260,-0.11784946236559135
govreport_test_0198,TextRank - no_path,word:260,0.08074477060483518
govreport_test_0198,Lead - no_path,word:260,-0.0019695816784826015
govreport_test_0199,Full - no_path,unit:10,0.005662218033885669
govreport_test_0199,AB2 - AB0,unit:10,0.03587532177933725
govreport_test_0199,TextRank - no_path,unit:10,-0.004459552547246143
govreport_test_0199,Lead - no_path,unit:10,-0.023799536695336992
govreport_test_0199,Full - no_path,unit:5,-0.0020721875562806635
govreport_test_0199,AB2 - AB0,unit:5,0.038366003837511944
govreport_test_0199,TextRank - no_path,unit:5,-0.02373213018821556
govreport_test_0199,Lead - no_path,unit:5,-0.01773047357953017
govreport_test_0199,Full - no_path,word:110,0.0
govreport_test_0199,AB2 - AB0,word:110,-0.005678261647143024
govreport_test_0199,TextRank - no_path,word:110,0.006101124151933854
govreport_test_0199,Lead - no_path,word:110,-0.0031496062992125845
govreport_test_0199,Full - no_path,word:260,-0.012499555434849374
govreport_test_0199,AB2 - AB0,word:260,0.024740534773190215
govreport_test_0199,TextRank - no_path,word:260,0.0032220003630422933
govreport_test_0199,Lead - no_path,word:260,-0.02287166454891995
govreport_test_0200,Full - no_path,unit:10,0.0
govreport_test_0200,AB2 - AB0,unit:10,0.09568644329966247
govreport_test_0200,TextRank - no_path,unit:10,-0.035641112134912334
govreport_test_0200,Lead - no_path,unit:10,-0.08995085661655919
govreport_test_0200,Full - no_path,unit:5,0.0
govreport_test_0200,AB2 - AB0,unit:5,0.038387916151611384
govreport_test_0200,TextRank - no_path,unit:5,-0.018772548597275313
govreport_test_0200,Lead - no_path,unit:5,-0.07145997934057344
govreport_test_0200,Full - no_path,word:110,0.0
govreport_test_0200,AB2 - AB0,word:110,-0.022503516174402216
govreport_test_0200,TextRank - no_path,word:110,0.014524924667575212
govreport_test_0200,Lead - no_path,word:110,-0.002606921415978264
govreport_test_0200,Full - no_path,word:260,0.0
govreport_test_0200,AB2 - AB0,word:260,0.020654728141965784
govreport_test_0200,TextRank - no_path,word:260,-0.019558165351714785
govreport_test_0200,Lead - no_path,word:260,-0.09523731991718029
govreport_test_0201,Full - no_path,unit:10,0.0
govreport_test_0201,AB2 - AB0,unit:10,0.08976394303551574
govreport_test_0201,TextRank - no_path,unit:10,-0.056031679906530824
govreport_test_0201,Lead - no_path,unit:10,-0.11885134403667563
govreport_test_0201,Full - no_path,unit:5,0.0
govreport_test_0201,AB2 - AB0,unit:5,0.02640938660194972
govreport_test_0201,TextRank - no_path,unit:5,0.0006636333212284296
govreport_test_0201,Lead - no_path,unit:5,-0.04439805342033956
govreport_test_0201,Full - no_path,word:110,0.0
govreport_test_0201,AB2 - AB0,word:110,0.04213433545378398
govreport_test_0201,TextRank - no_path,word:110,-0.011934011934011973
govreport_test_0201,Lead - no_path,word:110,-0.031941031941031914
govreport_test_0201,Full - no_path,word:260,0.0
govreport_test_0201,AB2 - AB0,word:260,0.10539267745845801
govreport_test_0201,TextRank - no_path,word:260,-0.04352331606217613
govreport_test_0201,Lead - no_path,word:260,-0.09966208605541788
govreport_test_0202,Full - no_path,unit:10,0.0
govreport_test_0202,AB2 - AB0,unit:10,0.023834636397627063
govreport_test_0202,TextRank - no_path,unit:10,-0.06727765770908944
govreport_test_0202,Lead - no_path,unit:10,-0.10575934323426778
govreport_test_0202,Full - no_path,unit:5,-0.04830917874396132
govreport_test_0202,AB2 - AB0,unit:5,0.07758806492894188
govreport_test_0202,TextRank - no_path,unit:5,-0.08057210652927715
govreport_test_0202,Lead - no_path,unit:5,-0.11901624945103204
govreport_test_0202,Full - no_path,word:110,-0.07081349836030888
govreport_test_0202,AB2 - AB0,word:110,-0.002664339979996183
govreport_test_0202,TextRank - no_path,word:110,0.007447371204908543
govreport_test_0202,Lead - no_path,word:110,-0.0522042085688942
govreport_test_0202,Full - no_path,word:260,-0.03261648745519713
govreport_test_0202,AB2 - AB0,word:260,0.04529201430274135
govreport_test_0202,TextRank - no_path,word:260,-0.0018297533810660571
govreport_test_0202,Lead - no_path,word:260,-0.041486810551558756
govreport_test_0203,Full - no_path,unit:10,-0.0010917798865233697
govreport_test_0203,AB2 - AB0,unit:10,-0.05326436781609198
govreport_test_0203,TextRank - no_path,unit:10,0.06593366692764183
govreport_test_0203,Lead - no_path,unit:10,-0.033773138811700715
govreport_test_0203,Full - no_path,unit:5,0.004326702845124791
govreport_test_0203,AB2 - AB0,unit:5,-0.04667644183773215
govreport_test_0203,TextRank - no_path,unit:5,0.04452616110663671
govreport_test_0203,Lead - no_path,unit:5,-0.03483397519907752
govreport_test_0203,Full - no_path,word:110,-0.008320060951639896
govreport_test_0203,AB2 - AB0,word:110,-0.09097300966059885
govreport_test_0203,TextRank - no_path,word:110,0.07112375533428161
govreport_test_0203,Lead - no_path,word:110,-0.02882075804808168
govreport_test_0203,Full - no_path,word:260,-0.030290241251661965
govreport_test_0203,AB2 - AB0,word:260,-0.023152889237873786
govreport_test_0203,TextRank - no_path,word:260,0.06136663301390796
govreport_test_0203,Lead - no_path,word:260,-0.056728348231465275
govreport_test_0204,Full - no_path,unit:10,0.0
govreport_test_0204,AB2 - AB0,unit:10,0.004902898764394231
govreport_test_0204,TextRank - no_path,unit:10,0.01601021123708818
govreport_test_0204,Lead - no_path,unit:10,0.011921123826333507
govreport_test_0204,Full - no_path,unit:5,0.0
govreport_test_0204,AB2 - AB0,unit:5,0.0012897927636346118
govreport_test_0204,TextRank - no_path,unit:5,0.0036412400704034786
govreport_test_0204,Lead - no_path,unit:5,-0.0013450023030861513
govreport_test_0204,Full - no_path,word:110,0.0
govreport_test_0204,AB2 - AB0,word:110,-0.006369426751592383
govreport_test_0204,TextRank - no_path,word:110,0.0005596141714657721
govreport_test_0204,Lead - no_path,word:110,-0.010079870589424722
govreport_test_0204,Full - no_path,word:260,0.0
govreport_test_0204,AB2 - AB0,word:260,-0.002293494724962125
govreport_test_0204,TextRank - no_path,word:260,0.04093194814844295
govreport_test_0204,Lead - no_path,word:260,0.027774096944319288
govreport_test_0205,Full - no_path,unit:10,-0.0031509384086703673
govreport_test_0205,AB2 - AB0,unit:10,-0.04024322476337264
govreport_test_0205,TextRank - no_path,unit:10,0.0539938529935467
govreport_test_0205,Lead - no_path,unit:10,-0.03455133288598791
govreport_test_0205,Full - no_path,unit:5,-0.0061385843699208464
govreport_test_0205,AB2 - AB0,unit:5,-0.0063791509037410266
govreport_test_0205,TextRank - no_path,unit:5,0.01119584730784759
govreport_test_0205,Lead - no_path,unit:5,-0.07596388975711996
govreport_test_0205,Full - no_path,word:110,-0.00042139391085799227
govreport_test_0205,AB2 - AB0,word:110,-0.06734992679355783
govreport_test_0205,TextRank - no_path,word:110,0.04935898676264128
govreport_test_0205,Lead - no_path,word:110,-0.017990940030916558
govreport_test_0205,Full - no_path,word:260,-0.0002447021974257835
govreport_test_0205,AB2 - AB0,word:260,-0.01923076923076919
govreport_test_0205,TextRank - no_path,word:260,0.03601440576230486
govreport_test_0205,Lead - no_path,word:260,-0.029021680614691958
govreport_test_0206,Full - no_path,unit:10,0.0
govreport_test_0206,AB2 - AB0,unit:10,-0.03202981791519002
govreport_test_0206,TextRank - no_path,unit:10,0.017917409795582373
govreport_test_0206,Lead - no_path,unit:10,-0.043937792541144494
govreport_test_0206,Full - no_path,unit:5,0.0
govreport_test_0206,AB2 - AB0,unit:5,-0.03343173127345783
govreport_test_0206,TextRank - no_path,unit:5,0.016005434610085773
govreport_test_0206,Lead - no_path,unit:5,-0.04755562699487932
govreport_test_0206,Full - no_path,word:110,0.0
govreport_test_0206,AB2 - AB0,word:110,-0.022109476295168823
govreport_test_0206,TextRank - no_path,word:110,0.02209021231939734
govreport_test_0206,Lead - no_path,word:110,-0.015813727685501766
govreport_test_0206,Full - no_path,word:260,0.0
govreport_test_0206,AB2 - AB0,word:260,-0.036640829685835846
govreport_test_0206,TextRank - no_path,word:260,0.023188030648167324
govreport_test_0206,Lead - no_path,word:260,-0.04287119486436114
govreport_test_0207,Full - no_path,unit:10,0.0
govreport_test_0207,AB2 - AB0,unit:10,-0.007980996712200705
govreport_test_0207,TextRank - no_path,unit:10,0.013082822085889595
govreport_test_0207,Lead - no_path,unit:10,-0.03821815718157179
govreport_test_0207,Full - no_path,unit:5,0.0
govreport_test_0207,AB2 - AB0,unit:5,-0.027124562310415795
govreport_test_0207,TextRank - no_path,unit:5,0.024402054367591658
govreport_test_0207,Lead - no_path,unit:5,-0.036448481629423296
govreport_test_0207,Full - no_path,word:110,0.0
govreport_test_0207,AB2 - AB0,word:110,0.01708333333333334
govreport_test_0207,TextRank - no_path,word:110,0.017986190150997783
govreport_test_0207,Lead - no_path,word:110,-0.020869565217391306
govreport_test_0207,Full - no_path,word:260,-0.0021633996279868395
govreport_test_0207,AB2 - AB0,word:260,0.0030512016718913237
govreport_test_0207,TextRank - no_path,word:260,0.007964282321649085
govreport_test_0207,Lead - no_path,word:260,-0.030860883176018622
govreport_test_0208,Full - no_path,unit:10,0.010654202665911244
govreport_test_0208,AB2 - AB0,unit:10,-0.06055172114894955
govreport_test_0208,TextRank - no_path,unit:10,0.050841181412212055
govreport_test_0208,Lead - no_path,unit:10,0.017368980686490204
govreport_test_0208,Full - no_path,unit:5,-0.015944061877702947
govreport_test_0208,AB2 - AB0,unit:5,-0.004844006568144488
govreport_test_0208,TextRank - no_path,unit:5,0.002149810783406564
govreport_test_0208,Lead - no_path,unit:5,-0.03546159004321059
govreport_test_0208,Full - no_path,word:110,0.0
govreport_test_0208,AB2 - AB0,word:110,0.01375916330205254
govreport_test_0208,TextRank - no_path,word:110,0.021709633649932197
govreport_test_0208,Lead - no_path,word:110,0.016282225237449127
govreport_test_0208,Full - no_path,word:260,0.0
govreport_test_0208,AB2 - AB0,word:260,-0.020006789691829063
govreport_test_0208,TextRank - no_path,word:260,0.029504757851214564
govreport_test_0208,Lead - no_path,word:260,0.036528128459703546
govreport_test_0209,Full - no_path,unit:10,0.0
govreport_test_0209,AB2 - AB0,unit:10,-0.1156007643025739
govreport_test_0209,TextRank - no_path,unit:10,0.08612477248964101
govreport_test_0209,Lead - no_path,unit:10,-0.03719815668202761
govreport_test_0209,Full - no_path,unit:5,0.0
govreport_test_0209,AB2 - AB0,unit:5,-0.026446999500097795
govreport_test_0209,TextRank - no_path,unit:5,0.10303275444011603
govreport_test_0209,Lead - no_path,unit:5,-0.03403806864929326
govreport_test_0209,Full - no_path,word:110,0.0
govreport_test_0209,AB2 - AB0,word:110,-0.0939840093603744
govreport_test_0209,TextRank - no_path,word:110,0.024516291065753537
govreport_test_0209,Lead - no_path,word:110,-0.06775855365474337
govreport_test_0209,Full - no_path,word:260,0.0
govreport_test_0209,AB2 - AB0,word:260,-0.17664985835246957
govreport_test_0209,TextRank - no_path,word:260,0.07678630538610678
govreport_test_0209,Lead - no_path,word:260,-0.052830188679245244
govreport_test_0210,Full - no_path,unit:10,0.019718015180221593
govreport_test_0210,AB2 - AB0,unit:10,-0.04962835906232135
govreport_test_0210,TextRank - no_path,unit:10,0.062470829668718836
govreport_test_0210,Lead - no_path,unit:10,-0.05204258029296696
govreport_test_0210,Full - no_path,unit:5,0.02165242165242165
govreport_test_0210,AB2 - AB0,unit:5,-0.04730307744815146
govreport_test_0210,TextRank - no_path,unit:5,0.008982322025800321
govreport_test_0210,Lead - no_path,unit:5,-0.06429861856314266
govreport_test_0210,Full - no_path,word:110,-0.0019491511924431826
govreport_test_0210,AB2 - AB0,word:110,-0.04654786811918332
govreport_test_0210,TextRank - no_path,word:110,0.06280634997681385
govreport_test_0210,Lead - no_path,word:110,0.009603841536614643
govreport_test_0210,Full - no_path,word:260,0.01629327902240324
govreport_test_0210,AB2 - AB0,word:260,-0.03499284795844074
govreport_test_0210,TextRank - no_path,word:260,0.059528658713994737
govreport_test_0210,Lead - no_path,word:260,-0.02141890737007285
govreport_test_0211,Full - no_path,unit:10,0.0
govreport_test_0211,AB2 - AB0,unit:10,0.0031488978857400207
govreport_test_0211,TextRank - no_path,unit:10,-0.0073350396794167605
govreport_test_0211,Lead - no_path,unit:10,-0.08276416231418238
govreport_test_0211,Full - no_path,unit:5,0.0
govreport_test_0211,AB2 - AB0,unit:5,-0.012752160500847737
govreport_test_0211,TextRank - no_path,unit:5,-0.0037424183765646934
govreport_test_0211,Lead - no_path,unit:5,-0.08937084184608937
govreport_test_0211,Full - no_path,word:110,0.0
govreport_test_0211,AB2 - AB0,word:110,-0.053990994678673784
govreport_test_0211,TextRank - no_path,word:110,0.04571428571428575
govreport_test_0211,Lead - no_path,word:110,-0.025468686041751926
govreport_test_0211,Full - no_path,word:260,0.0
govreport_test_0211,AB2 - AB0,word:260,-0.030155382907880113
govreport_test_0211,TextRank - no_path,word:260,-0.009658977265151025
govreport_test_0211,Lead - no_path,word:260,-0.05153552790044161
govreport_test_0212,Full - no_path,unit:10,-0.016174919756298617
govreport_test_0212,AB2 - AB0,unit:10,0.020601444702533583
govreport_test_0212,TextRank - no_path,unit:10,-0.04250341235543684
govreport_test_0212,Lead - no_path,unit:10,-0.053629191954871896
govreport_test_0212,Full - no_path,unit:5,0.00618652651172974
govreport_test_0212,AB2 - AB0,unit:5,0.025668845159067644
govreport_test_0212,TextRank - no_path,unit:5,-0.006446325840941319
govreport_test_0212,Lead - no_path,unit:5,-0.011346157687621122
govreport_test_0212,Full - no_path,word:110,0.0
govreport_test_0212,AB2 - AB0,word:110,-0.04126547455295734
govreport_test_0212,TextRank - no_path,word:110,0.027658099059874708
govreport_test_0212,Lead - no_path,word:110,0.030412919996513826
govreport_test_0212,Full - no_path,word:260,-0.0017892279171267123
govreport_test_0212,AB2 - AB0,word:260,0.02050113895216399
govreport_test_0212,TextRank - no_path,word:260,0.017978436172047307
govreport_test_0212,Lead - no_path,word:260,-0.0019498992121632364
govreport_test_0213,Full - no_path,unit:10,-0.0032434930427246156
govreport_test_0213,AB2 - AB0,unit:10,-0.0042385709960642
govreport_test_0213,TextRank - no_path,unit:10,0.0018674136321195356
govreport_test_0213,Lead - no_path,unit:10,-0.05807410683571676
govreport_test_0213,Full - no_path,unit:5,-0.023321416896031733
govreport_test_0213,AB2 - AB0,unit:5,0.00040404040404040664
govreport_test_0213,TextRank - no_path,unit:5,-0.002965539817018692
govreport_test_0213,Lead - no_path,unit:5,-0.06378498592282396
govreport_test_0213,Full - no_path,word:110,0.0
govreport_test_0213,AB2 - AB0,word:110,-0.03954238060198323
govreport_test_0213,TextRank - no_path,word:110,0.031209601326266975
govreport_test_0213,Lead - no_path,word:110,-0.0061494405521831524
govreport_test_0213,Full - no_path,word:260,-0.006615214994487334
govreport_test_0213,AB2 - AB0,word:260,-0.011655754861635004
govreport_test_0213,TextRank - no_path,word:260,0.015664283923664618
govreport_test_0213,Lead - no_path,word:260,-0.031225173233971698
govreport_test_0214,Full - no_path,unit:10,-0.0026110008985046063
govreport_test_0214,AB2 - AB0,unit:10,-0.006183064635166352
govreport_test_0214,TextRank - no_path,unit:10,0.025139962676619554
govreport_test_0214,Lead - no_path,unit:10,-0.02523631361187248
govreport_test_0214,Full - no_path,unit:5,-0.006014214488851283
govreport_test_0214,AB2 - AB0,unit:5,0.00325931026567966
govreport_test_0214,TextRank - no_path,unit:5,0.006387163827831749
govreport_test_0214,Lead - no_path,unit:5,-0.053639802107846524
govreport_test_0214,Full - no_path,word:110,-0.00019023462270131852
govreport_test_0214,AB2 - AB0,word:110,-0.012048192771084348
govreport_test_0214,TextRank - no_path,word:110,0.014847359362261087
govreport_test_0214,Lead - no_path,word:110,-0.011875556524741496
govreport_test_0214,Full - no_path,word:260,-0.004895960832313362
govreport_test_0214,AB2 - AB0,word:260,-0.005357399683589781
govreport_test_0214,TextRank - no_path,word:260,0.021789419816670763
govreport_test_0214,Lead - no_path,word:260,-0.004475448858985848
govreport_test_0215,Full - no_path,unit:10,0.004669794752368922
govreport_test_0215,AB2 - AB0,unit:10,-0.051640667025282444
govreport_test_0215,TextRank - no_path,unit:10,0.05377764215625505
govreport_test_0215,Lead - no_path,unit:10,-0.029170787436483298
govreport_test_0215,Full - no_path,unit:5,-0.01373876493807627
govreport_test_0215,AB2 - AB0,unit:5,0.004069747833027909
govreport_test_0215,TextRank - no_path,unit:5,0.013224912229241464
govreport_test_0215,Lead - no_path,unit:5,-0.036682293920336784
govreport_test_0215,Full - no_path,word:110,0.0
govreport_test_0215,AB2 - AB0,word:110,-0.08596255687327516
govreport_test_0215,TextRank - no_path,word:110,0.045731707317073156
govreport_test_0215,Lead - no_path,word:110,-0.02439024390243902
govreport_test_0215,Full - no_path,word:260,-0.019629178675461934
govreport_test_0215,AB2 - AB0,word:260,-0.04297398683967771
govreport_test_0215,TextRank - no_path,word:260,0.05024505265237089
govreport_test_0215,Lead - no_path,word:260,-0.025671660080262226
govreport_test_0216,Full - no_path,unit:10,0.0
govreport_test_0216,AB2 - AB0,unit:10,0.014619703652199167
govreport_test_0216,TextRank - no_path,unit:10,-0.020603968938740308
govreport_test_0216,Lead - no_path,unit:10,-0.0843195181414026
govreport_test_0216,Full - no_path,unit:5,0.0
govreport_test_0216,AB2 - AB0,unit:5,-0.00964902077542848
govreport_test_0216,TextRank - no_path,unit:5,0.003899350165413984
govreport_test_0216,Lead - no_path,unit:5,-0.06978703877521224
govreport_test_0216,Full - no_path,word:110,0.0
govreport_test_0216,AB2 - AB0,word:110,0.0003833489639309684
govreport_test_0216,TextRank - no_path,word:110,0.012084592145015116
govreport_test_0216,Lead - no_path,word:110,-0.017806463425798766
govreport_test_0216,Full - no_path,word:260,0.0022394081434672086
govreport_test_0216,AB2 - AB0,word:260,0.00021510067317423442
govreport_test_0216,TextRank - no_path,word:260,-0.0002175943135352687
govreport_test_0216,Lead - no_path,word:260,-0.05381720894890821
govreport_test_0217,Full - no_path,unit:10,-0.01642152749065634
govreport_test_0217,AB2 - AB0,unit:10,0.00046583159502794347
govreport_test_0217,TextRank - no_path,unit:10,0.014011272525204371
govreport_test_0217,Lead - no_path,unit:10,-0.08394477097384953
govreport_test_0217,Full - no_path,unit:5,-0.023119989164016835
govreport_test_0217,AB2 - AB0,unit:5,0.02562166185097628
govreport_test_0217,TextRank - no_path,unit:5,-0.01279014437280715
govreport_test_0217,Lead - no_path,unit:5,-0.07586418419410551
govreport_test_0217,Full - no_path,word:110,-0.029018052072807096
govreport_test_0217,AB2 - AB0,word:110,-0.01912773688429864
govreport_test_0217,TextRank - no_path,word:110,0.03937716993671084
govreport_test_0217,Lead - no_path,word:110,-0.037808714067706875
govreport_test_0217,Full - no_path,word:260,0.00998525289594851
govreport_test_0217,AB2 - AB0,word:260,-0.02934049399552552
govreport_test_0217,TextRank - no_path,word:260,0.034697314749016606
govreport_test_0217,Lead - no_path,word:260,-0.06110419214318319
govreport_test_0218,Full - no_path,unit:10,-0.012489881232858463
govreport_test_0218,AB2 - AB0,unit:10,0.018962864200687657
govreport_test_0218,TextRank - no_path,unit:10,0.06268283543315267
govreport_test_0218,Lead - no_path,unit:10,-0.09762389193291246
govreport_test_0218,Full - no_path,unit:5,-0.028768391308584274
govreport_test_0218,AB2 - AB0,unit:5,0.017760712846460358
govreport_test_0218,TextRank - no_path,unit:5,0.0022010090018794726
govreport_test_0218,Lead - no_path,unit:5,-0.0950164293537788
govreport_test_0218,Full - no_path,word:110,0.0045871559633027525
govreport_test_0218,AB2 - AB0,word:110,-0.009174311926605533
govreport_test_0218,TextRank - no_path,word:110,0.017986479961371343
govreport_test_0218,Lead - no_path,word:110,-0.041734740898998784
govreport_test_0218,Full - no_path,word:260,-0.009180261385896143
govreport_test_0218,AB2 - AB0,word:260,0.01827252693437806
govreport_test_0218,TextRank - no_path,word:260,0.051035175342131006
govreport_test_0218,Lead - no_path,word:260,-0.05649170637829909
govreport_test_0219,Full - no_path,unit:10,0.0
govreport_test_0219,AB2 - AB0,unit:10,-0.015596488207953174
govreport_test_0219,TextRank - no_path,unit:10,0.006055459576586375
govreport_test_0219,Lead - no_path,unit:10,-0.041026313698434874
govreport_test_0219,Full - no_path,unit:5,0.0
govreport_test_0219,AB2 - AB0,unit:5,-0.0019039721369930873
govreport_test_0219,TextRank - no_path,unit:5,0.007725046444857275
govreport_test_0219,Lead - no_path,unit:5,-0.025764261228794966
govreport_test_0219,Full - no_path,word:110,0.00017298410233908268
govreport_test_0219,AB2 - AB0,word:110,-0.011421720199406835
govreport_test_0219,TextRank - no_path,word:110,0.028599093885935498
govreport_test_0219,Lead - no_path,word:110,0.005986937590711214
govreport_test_0219,Full - no_path,word:260,0.0
govreport_test_0219,AB2 - AB0,word:260,0.004972649024866077
govreport_test_0219,TextRank - no_path,word:260,0.010681868652369836
govreport_test_0219,Lead - no_path,word:260,-0.0329138788462002
govreport_test_0220,Full - no_path,unit:10,0.0013979440581352032
govreport_test_0220,AB2 - AB0,unit:10,-0.00020596659479291124
govreport_test_0220,TextRank - no_path,unit:10,-0.012362153565467326
govreport_test_0220,Lead - no_path,unit:10,-0.028987470942664406
govreport_test_0220,Full - no_path,unit:5,0.015230570124650927
govreport_test_0220,AB2 - AB0,unit:5,0.0159522414433097
govreport_test_0220,TextRank - no_path,unit:5,-0.007402031930333813
govreport_test_0220,Lead - no_path,unit:5,-0.0240621907224723
govreport_test_0220,Full - no_path,word:110,0.026391196513279855
govreport_test_0220,AB2 - AB0,word:110,-0.01310615989515071
govreport_test_0220,TextRank - no_path,word:110,0.029015868429290395
govreport_test_0220,Lead - no_path,word:110,-0.0029022006356059227
govreport_test_0220,Full - no_path,word:260,-0.006324957742739223
govreport_test_0220,AB2 - AB0,word:260,-0.036100759575448865
govreport_test_0220,TextRank - no_path,word:260,-0.002176278563656181
govreport_test_0220,Lead - no_path,word:260,-0.021762785636561477
govreport_test_0221,Full - no_path,unit:10,0.0
govreport_test_0221,AB2 - AB0,unit:10,0.0010946622185153965
govreport_test_0221,TextRank - no_path,unit:10,0.00554781333291976
govreport_test_0221,Lead - no_path,unit:10,-0.09605077432853151
govreport_test_0221,Full - no_path,unit:5,0.0
govreport_test_0221,AB2 - AB0,unit:5,0.006488824801730353
govreport_test_0221,TextRank - no_path,unit:5,-0.039283422179727245
govreport_test_0221,Lead - no_path,unit:5,-0.09797966420930262
govreport_test_0221,Full - no_path,word:110,-0.055624381540091805
govreport_test_0221,AB2 - AB0,word:110,-0.025104602510460275
govreport_test_0221,TextRank - no_path,word:110,-0.022315202231520198
govreport_test_0221,Lead - no_path,word:110,-0.07823529640291682
govreport_test_0221,Full - no_path,word:260,0.00027639139147117575
govreport_test_0221,AB2 - AB0,word:260,0.00920598388952823
govreport_test_0221,TextRank - no_path,word:260,0.011520737327188946
govreport_test_0221,Lead - no_path,word:260,-0.09940145134805872
govreport_test_0222,Full - no_path,unit:10,-0.009660744755595696
govreport_test_0222,AB2 - AB0,unit:10,-0.00915078508457487
govreport_test_0222,TextRank - no_path,unit:10,-0.014668429816828282
govreport_test_0222,Lead - no_path,unit:10,-0.10143029208069858
govreport_test_0222,Full - no_path,unit:5,0.0
govreport_test_0222,AB2 - AB0,unit:5,-0.01037446450770485
govreport_test_0222,TextRank - no_path,unit:5,-0.005846760708593468
govreport_test_0222,Lead - no_path,unit:5,-0.09537101321960412
govreport_test_0222,Full - no_path,word:110,0.0
govreport_test_0222,AB2 - AB0,word:110,-0.002832861189801708
govreport_test_0222,TextRank - no_path,word:110,0.00034605974761782454
govreport_test_0222,Lead - no_path,word:110,-0.04575669313330408
govreport_test_0222,Full - no_path,word:260,-0.007199723652465795
govreport_test_0222,AB2 - AB0,word:260,-0.023364485981308414
govreport_test_0222,TextRank - no_path,word:260,0.009334889148191389
govreport_test_0222,Lead - no_path,word:260,-0.04015359149005454
govreport_test_0223,Full - no_path,unit:10,0.003873543696552517
govreport_test_0223,AB2 - AB0,unit:10,0.03058492321853909
govreport_test_0223,TextRank - no_path,unit:10,-0.023062483239474407
govreport_test_0223,Lead - no_path,unit:10,-0.10908862139831399
govreport_test_0223,Full - no_path,unit:5,-0.02230576441102755
govreport_test_0223,AB2 - AB0,unit:5,0.07164530311474396
govreport_test_0223,TextRank - no_path,unit:5,-0.03546365914786964
govreport_test_0223,Lead - no_path,unit:5,-0.0900505453578079
govreport_test_0223,Full - no_path,word:110,0.0
govreport_test_0223,AB2 - AB0,word:110,0.046447130262159186
govreport_test_0223,TextRank - no_path,word:110,-0.06358381502890173
govreport_test_0223,Lead - no_path,word:110,-0.07835118522096915
govreport_test_0223,Full - no_path,word:260,0.004744958481613298
govreport_test_0223,AB2 - AB0,word:260,0.07086235685011213
govreport_test_0223,TextRank - no_path,word:260,-0.02609727164887307
govreport_test_0223,Lead - no_path,word:260,-0.09271221601929466
govreport_test_0224,Full - no_path,unit:10,0.0
govreport_test_0224,AB2 - AB0,unit:10,0.03697470058819363
govreport_test_0224,TextRank - no_path,unit:10,-0.008807784083181863
govreport_test_0224,Lead - no_path,unit:10,-0.04454398928264916
govreport_test_0224,Full - no_path,unit:5,0.0
govreport_test_0224,AB2 - AB0,unit:5,0.014901765764272379
govreport_test_0224,TextRank - no_path,unit:5,-0.024955436720142582
govreport_test_0224,Lead - no_path,unit:5,-0.05449156406748744
govreport_test_0224,Full - no_path,word:110,0.0
govreport_test_0224,AB2 - AB0,word:110,-0.007787257485743215
govreport_test_0224,TextRank - no_path,word:110,0.007787257485743215
govreport_test_0224,Lead - no_path,word:110,-0.030511876881900282
govreport_test_0224,Full - no_path,word:260,0.0
govreport_test_0224,AB2 - AB0,word:260,-0.049545717755697105
govreport_test_0224,TextRank - no_path,word:260,0.006779661016949129
govreport_test_0224,Lead - no_path,word:260,-0.04745762711864407
govreport_test_0225,Full - no_path,unit:10,0.0
govreport_test_0225,AB2 - AB0,unit:10,-0.015737340416807133
govreport_test_0225,TextRank - no_path,unit:10,0.01267189992633666
govreport_test_0225,Lead - no_path,unit:10,-0.034235979585640536
govreport_test_0225,Full - no_path,unit:5,0.0
govreport_test_0225,AB2 - AB0,unit:5,-0.007936507936507936
govreport_test_0225,TextRank - no_path,unit:5,0.010220214568040648
govreport_test_0225,Lead - no_path,unit:5,-0.026044812811687842
govreport_test_0225,Full - no_path,word:110,0.0
govreport_test_0225,AB2 - AB0,word:110,-0.055347407859563436
govreport_test_0225,TextRank - no_path,word:110,0.032656970258266846
govreport_test_0225,Lead - no_path,word:110,0.0036315241596500264
govreport_test_0225,Full - no_path,word:260,0.0
govreport_test_0225,AB2 - AB0,word:260,-0.01644600638540325
govreport_test_0225,TextRank - no_path,word:260,0.02917618581375106
govreport_test_0225,Lead - no_path,word:260,-0.00022689098396183605
govreport_test_0226,Full - no_path,unit:10,0.0
govreport_test_0226,AB2 - AB0,unit:10,-0.08011864228298643
govreport_test_0226,TextRank - no_path,unit:10,0.09247781377658826
govreport_test_0226,Lead - no_path,unit:10,-0.0009995029210072004
govreport_test_0226,Full - no_path,unit:5,0.0
govreport_test_0226,AB2 - AB0,unit:5,-0.031222244995559173
govreport_test_0226,TextRank - no_path,unit:5,0.07554323872315508
govreport_test_0226,Lead - no_path,unit:5,-0.02204608704381239
govreport_test_0226,Full - no_path,word:110,0.0
govreport_test_0226,AB2 - AB0,word:110,-0.02376910016977929
govreport_test_0226,TextRank - no_path,word:110,0.03090098518184864
govreport_test_0226,Lead - no_path,word:110,-0.024263212476910268
govreport_test_0226,Full - no_path,word:260,0.0
govreport_test_0226,AB2 - AB0,word:260,-0.046008119079837595
govreport_test_0226,TextRank - no_path,word:260,0.0658306178203483
govreport_test_0226,Lead - no_path,word:260,0.0024335148466231027
govreport_test_0227,Full - no_path,unit:10,0.0
govreport_test_0227,AB2 - AB0,unit:10,0.03663149408697575
govreport_test_0227,TextRank - no_path,unit:10,-0.02179869252904132
govreport_test_0227,Lead - no_path,unit:10,-0.118221069088248
govreport_test_0227,Full - no_path,unit:5,0.0
govreport_test_0227,AB2 - AB0,unit:5,0.05098021322869614
govreport_test_0227,TextRank - no_path,unit:5,-0.05361352461776789
govreport_test_0227,Lead - no_path,unit:5,-0.09802895517181232
govreport_test_0227,Full - no_path,word:110,0.0
govreport_test_0227,AB2 - AB0,word:110,-0.009089205805588585
govreport_test_0227,TextRank - no_path,word:110,-0.01181683899556868
govreport_test_0227,Lead - no_path,word:110,-0.0595924928316969
govreport_test_0227,Full - no_path,word:260,0.0
govreport_test_0227,AB2 - AB0,word:260,0.02653799758745473
govreport_test_0227,TextRank - no_path,word:260,-0.03385731559854893
govreport_test_0227,Lead - no_path,word:260,-0.12179099618640127
govreport_test_0228,Full - no_path,unit:10,0.0
govreport_test_0228,AB2 - AB0,unit:10,-0.022360326036038852
govreport_test_0228,TextRank - no_path,unit:10,0.01983737599770244
govreport_test_0228,Lead - no_path,unit:10,-0.011818844126720324
govreport_test_0228,Full - no_path,unit:5,0.0
govreport_test_0228,AB2 - AB0,unit:5,0.018482592742147835
govreport_test_0228,TextRank - no_path,unit:5,0.004474028808380631
govreport_test_0228,Lead - no_path,unit:5,0.00010127095042786194
govreport_test_0228,Full - no_path,word:110,0.0
govreport_test_0228,AB2 - AB0,word:110,0.002128173393304539
govreport_test_0228,TextRank - no_path,word:110,0.034124808514069196
govreport_test_0228,Lead - no_path,word:110,0.015137466741917294
govreport_test_0228,Full - no_path,word:260,0.0
govreport_test_0228,AB2 - AB0,word:260,-0.026800263831768478
govreport_test_0228,TextRank - no_path,word:260,0.04626537032666081
govreport_test_0228,Lead - no_path,word:260,0.013395585244486391
govreport_test_0229,Full - no_path,unit:10,0.0
govreport_test_0229,AB2 - AB0,unit:10,-0.04289649424727521
govreport_test_0229,TextRank - no_path,unit:10,0.04496338129577343
govreport_test_0229,Lead - no_path,unit:10,-0.05300064627990464
govreport_test_0229,Full - no_path,unit:5,-0.00509322419281491
govreport_test_0229,AB2 - AB0,unit:5,0.004723547352780161
govreport_test_0229,TextRank - no_path,unit:5,0.006547619047619052
govreport_test_0229,Lead - no_path,unit:5,-0.046124031007751934
govreport_test_0229,Full - no_path,word:110,-0.008803021759172233
govreport_test_0229,AB2 - AB0,word:110,-0.029895366218236186
govreport_test_0229,TextRank - no_path,word:110,0.02113709800130681
govreport_test_0229,Lead - no_path,word:110,-0.04450638979786961
govreport_test_0229,Full - no_path,word:260,0.005093475144619386
govreport_test_0229,AB2 - AB0,word:260,-0.019330031554970456
govreport_test_0229,TextRank - no_path,word:260,0.0437590119741709
govreport_test_0229,Lead - no_path,word:260,-0.03178484107579463
govreport_test_0230,Full - no_path,unit:10,-0.010564131089788154
govreport_test_0230,AB2 - AB0,unit:10,-0.03737510329802418
govreport_test_0230,TextRank - no_path,unit:10,0.06753812636165579
govreport_test_0230,Lead - no_path,unit:10,-0.01617784159176
govreport_test_0230,Full - no_path,unit:5,0.008042443892374435
govreport_test_0230,AB2 - AB0,unit:5,-0.023328235214270965
govreport_test_0230,TextRank - no_path,unit:5,0.05253465022372589
govreport_test_0230,Lead - no_path,unit:5,-0.029903023302907783
govreport_test_0230,Full - no_path,word:110,0.0
govreport_test_0230,AB2 - AB0,word:110,-0.036179660770182726
govreport_test_0230,TextRank - no_path,word:110,0.03282012825025636
govreport_test_0230,Lead - no_path,word:110,-0.01633579562942443
govreport_test_0230,Full - no_path,word:260,-0.0064748650419696185
govreport_test_0230,AB2 - AB0,word:260,-0.05701254275940709
govreport_test_0230,TextRank - no_path,word:260,0.06150341685649205
govreport_test_0230,Lead - no_path,word:260,-0.0015377157363052063
govreport_test_0231,Full - no_path,unit:10,0.0
govreport_test_0231,AB2 - AB0,unit:10,-0.022280219780219795
govreport_test_0231,TextRank - no_path,unit:10,0.007966457023060786
govreport_test_0231,Lead - no_path,unit:10,-0.045131988233786724
govreport_test_0231,Full - no_path,unit:5,0.0
govreport_test_0231,AB2 - AB0,unit:5,-0.018908467502647214
govreport_test_0231,TextRank - no_path,unit:5,0.012631723475096973
govreport_test_0231,Lead - no_path,unit:5,-0.03496338294353887
govreport_test_0231,Full - no_path,word:110,0.0
govreport_test_0231,AB2 - AB0,word:110,-0.03345244670897635
govreport_test_0231,TextRank - no_path,word:110,0.030030030030030005
govreport_test_0231,Lead - no_path,word:110,-0.003003003003002991
govreport_test_0231,Full - no_path,word:260,0.0
govreport_test_0231,AB2 - AB0,word:260,-0.031117575235222322
govreport_test_0231,TextRank - no_path,word:260,0.014652014652014628
govreport_test_0231,Lead - no_path,word:260,-0.03380544384216358
govreport_test_0232,Full - no_path,unit:10,-0.0011328379086246732
govreport_test_0232,AB2 - AB0,unit:10,-0.03262155586568033
govreport_test_0232,TextRank - no_path,unit:10,0.028477482094298845
govreport_test_0232,Lead - no_path,unit:10,-0.02628760200862204
govreport_test_0232,Full - no_path,unit:5,0.026526214442344903
govreport_test_0232,AB2 - AB0,unit:5,-0.039113733270820045
govreport_test_0232,TextRank - no_path,unit:5,0.04422951510469447
govreport_test_0232,Lead - no_path,unit:5,0.00670199408202779
govreport_test_0232,Full - no_path,word:110,0.0028178554494344143
govreport_test_0232,AB2 - AB0,word:110,-0.012381779035294416
govreport_test_0232,TextRank - no_path,word:110,0.020619765305317284
govreport_test_0232,Lead - no_path,word:110,-0.009194156562577604
govreport_test_0232,Full - no_path,word:260,0.01713586291309671
govreport_test_0232,AB2 - AB0,word:260,-0.05630354957160341
govreport_test_0232,TextRank - no_path,word:260,0.056558547531619735
govreport_test_0232,Lead - no_path,word:260,-0.0003706343975621862
govreport_test_0233,Full - no_path,unit:10,0.006587346992866394
govreport_test_0233,AB2 - AB0,unit:10,-0.046396994914932516
govreport_test_0233,TextRank - no_path,unit:10,0.007006885721075218
govreport_test_0233,Lead - no_path,unit:10,-0.04056291779495372
govreport_test_0233,Full - no_path,unit:5,0.0020352169243404716
govreport_test_0233,AB2 - AB0,unit:5,-0.028632155702533135
govreport_test_0233,TextRank - no_path,unit:5,0.030658472166300743
govreport_test_0233,Lead - no_path,unit:5,-0.07460517683667585
govreport_test_0233,Full - no_path,word:110,0.0
govreport_test_0233,AB2 - AB0,word:110,-0.008590560182916873
govreport_test_0233,TextRank - no_path,word:110,0.07208997311299102
govreport_test_0233,Lead - no_path,word:110,-0.017653616630598723
govreport_test_0233,Full - no_path,word:260,0.01070663811563169
govreport_test_0233,AB2 - AB0,word:260,-0.04064171122994653
govreport_test_0233,TextRank - no_path,word:260,0.038759636548078874
govreport_test_0233,Lead - no_path,word:260,-0.00840006334474
govreport_test_0234,Full - no_path,unit:10,-0.0012805240455376898
govreport_test_0234,AB2 - AB0,unit:10,0.009312029176290065
govreport_test_0234,TextRank - no_path,unit:10,-0.009078200622664345
govreport_test_0234,Lead - no_path,unit:10,-0.04538809370006466
govreport_test_0234,Full - no_path,unit:5,-0.023743447425223524
govreport_test_0234,AB2 - AB0,unit:5,0.02831466362888424
govreport_test_0234,TextRank - no_path,unit:5,-0.04478327451894268
govreport_test_0234,Lead - no_path,unit:5,-0.0564825695260478
govreport_test_0234,Full - no_path,word:110,-0.0030526663624490524
govreport_test_0234,AB2 - AB0,word:110,-0.00039003307375051754
govreport_test_0234,TextRank - no_path,word:110,0.013154789067048506
govreport_test_0234,Lead - no_path,word:110,0.0
govreport_test_0234,Full - no_path,word:260,-0.010960617928633565
govreport_test_0234,AB2 - AB0,word:260,0.030774042645778932
govreport_test_0234,TextRank - no_path,word:260,-0.038497205958340885
govreport_test_0234,Lead - no_path,word:260,-0.054830287206266315
govreport_test_0235,Full - no_path,unit:10,0.0
govreport_test_0235,AB2 - AB0,unit:10,-0.16121313840264095
govreport_test_0235,TextRank - no_path,unit:10,0.04667148829399559
govreport_test_0235,Lead - no_path,unit:10,-0.09934645484970989
govreport_test_0235,Full - no_path,unit:5,0.0
govreport_test_0235,AB2 - AB0,unit:5,-0.09584588479815415
govreport_test_0235,TextRank - no_path,unit:5,0.06968201972261179
govreport_test_0235,Lead - no_path,unit:5,-0.059171318777772736
govreport_test_0235,Full - no_path,word:110,0.0
govreport_test_0235,AB2 - AB0,word:110,-0.1085972850678733
govreport_test_0235,TextRank - no_path,word:110,0.1055806938159879
govreport_test_0235,Lead - no_path,word:110,-0.008702934216861441
govreport_test_0235,Full - no_path,word:260,0.0
govreport_test_0235,AB2 - AB0,word:260,-0.20557684120902514
govreport_test_0235,TextRank - no_path,word:260,0.11742172086999672
govreport_test_0235,Lead - no_path,word:260,-0.05152976620726099
govreport_test_0236,Full - no_path,unit:10,0.0
govreport_test_0236,AB2 - AB0,unit:10,-0.030143468656901456
govreport_test_0236,TextRank - no_path,unit:10,0.028643714595990744
govreport_test_0236,Lead - no_path,unit:10,-0.055705404112864676
govreport_test_0236,Full - no_path,unit:5,0.0
govreport_test_0236,AB2 - AB0,unit:5,0.00417496613815635
govreport_test_0236,TextRank - no_path,unit:5,-0.003964047910236329
govreport_test_0236,Lead - no_path,unit:5,-0.08497909555452329
govreport_test_0236,Full - no_path,word:110,0.0
govreport_test_0236,AB2 - AB0,word:110,-0.03097836514701352
govreport_test_0236,TextRank - no_path,word:110,0.00448248354133729
govreport_test_0236,Lead - no_path,word:110,-0.03747870528109032
govreport_test_0236,Full - no_path,word:260,0.0
govreport_test_0236,AB2 - AB0,word:260,0.0023671169842487405
govreport_test_0236,TextRank - no_path,word:260,0.05170068027210886
govreport_test_0236,Lead - no_path,word:260,-0.019542362399505298
govreport_test_0237,Full - no_path,unit:10,-0.004257638373247163
govreport_test_0237,AB2 - AB0,unit:10,-0.033122119815668205
govreport_test_0237,TextRank - no_path,unit:10,0.02689194626313504
govreport_test_0237,Lead - no_path,unit:10,-0.002048582707970259
govreport_test_0237,Full - no_path,unit:5,0.009113764927718426
govreport_test_0237,AB2 - AB0,unit:5,0.00011454753722794919
govreport_test_0237,TextRank - no_path,unit:5,0.004795013186286251
govreport_test_0237,Lead - no_path,unit:5,-0.01148610323312535
govreport_test_0237,Full - no_path,word:110,-0.018152600346533307
govreport_test_0237,AB2 - AB0,word:110,-0.006195100647874263
govreport_test_0237,TextRank - no_path,word:110,0.017991004497751123
govreport_test_0237,Lead - no_path,word:110,0.008793507437897807
govreport_test_0237,Full - no_path,word:260,0.005099959200326354
govreport_test_0237,AB2 - AB0,word:260,-0.017530409207275777
govreport_test_0237,TextRank - no_path,word:260,0.03623549033585752
govreport_test_0237,Lead - no_path,word:260,0.011182684261153625
govreport_test_0238,Full - no_path,unit:10,0.0
govreport_test_0238,AB2 - AB0,unit:10,0.0015830239526601064
govreport_test_0238,TextRank - no_path,unit:10,0.06236908281444342
govreport_test_0238,Lead - no_path,unit:10,0.01900418945784149
govreport_test_0238,Full - no_path,unit:5,0.0
govreport_test_0238,AB2 - AB0,unit:5,-0.05897667599795256
govreport_test_0238,TextRank - no_path,unit:5,0.05728805728805729
govreport_test_0238,Lead - no_path,unit:5,-0.006649740055615985
govreport_test_0238,Full - no_path,word:110,0.0
govreport_test_0238,AB2 - AB0,word:110,-0.044223550141729864
govreport_test_0238,TextRank - no_path,word:110,0.05691411935953421
govreport_test_0238,Lead - no_path,word:110,0.022373321701283214
govreport_test_0238,Full - no_path,word:260,0.0
govreport_test_0238,AB2 - AB0,word:260,-0.008217093494125027
govreport_test_0238,TextRank - no_path,word:260,0.08290481613252323
govreport_test_0238,Lead - no_path,word:260,0.020120526034186598
govreport_test_0239,Full - no_path,unit:10,0.0
govreport_test_0239,AB2 - AB0,unit:10,-0.053765813474551366
govreport_test_0239,TextRank - no_path,unit:10,0.02875422796364968
govreport_test_0239,Lead - no_path,unit:10,-0.06854085819475902
govreport_test_0239,Full - no_path,unit:5,0.0
govreport_test_0239,AB2 - AB0,unit:5,0.0401931874612724
govreport_test_0239,TextRank - no_path,unit:5,-0.03625511452313662
govreport_test_0239,Lead - no_path,unit:5,-0.08341069918095355
govreport_test_0239,Full - no_path,word:110,0.0
govreport_test_0239,AB2 - AB0,word:110,-0.04107424960505532
govreport_test_0239,TextRank - no_path,word:110,0.02894675569509017
govreport_test_0239,Lead - no_path,word:110,-0.015612814206011127
govreport_test_0239,Full - no_path,word:260,0.0
govreport_test_0239,AB2 - AB0,word:260,-0.05081446205002077
govreport_test_0239,TextRank - no_path,word:260,0.04846938775510204
govreport_test_0239,Lead - no_path,word:260,-0.04611984921357076
govreport_test_0240,Full - no_path,unit:10,0.004678362573099393
govreport_test_0240,AB2 - AB0,unit:10,0.0011350860004522012
govreport_test_0240,TextRank - no_path,unit:10,0.0058112539192456125
govreport_test_0240,Lead - no_path,unit:10,-0.006340338179586458
govreport_test_0240,Full - no_path,unit:5,0.0
govreport_test_0240,AB2 - AB0,unit:5,0.027472460740614824
govreport_test_0240,TextRank - no_path,unit:5,-0.01744647873680133
govreport_test_0240,Lead - no_path,unit:5,-0.005154615324106826
govreport_test_0240,Full - no_path,word:110,0.0031999999999999806
govreport_test_0240,AB2 - AB0,word:110,0.0032000000000000084
govreport_test_0240,TextRank - no_path,word:110,-0.0036491228070175408
govreport_test_0240,Lead - no_path,word:110,-0.005958266452648492
govreport_test_0240,Full - no_path,word:260,-0.013136617487705254
govreport_test_0240,AB2 - AB0,word:260,0.0007283030538844659
govreport_test_0240,TextRank - no_path,word:260,0.004449632356609112
govreport_test_0240,Lead - no_path,word:260,-0.005620821012813332
govreport_test_0241,Full - no_path,unit:10,-0.0060904612628750465
govreport_test_0241,AB2 - AB0,unit:10,-0.012472499490359196
govreport_test_0241,TextRank - no_path,unit:10,-0.004086013895278212
govreport_test_0241,Lead - no_path,unit:10,-0.03627183627183628
govreport_test_0241,Full - no_path,unit:5,0.009964822587238242
govreport_test_0241,AB2 - AB0,unit:5,-0.022383132317985693
govreport_test_0241,TextRank - no_path,unit:5,0.0024923860645224005
govreport_test_0241,Lead - no_path,unit:5,-0.03170025040313593
govreport_test_0241,Full - no_path,word:110,0.0
govreport_test_0241,AB2 - AB0,word:110,-0.020645161290322622
govreport_test_0241,TextRank - no_path,word:110,0.031191605577116588
govreport_test_0241,Lead - no_path,word:110,0.010022909507445596
govreport_test_0241,Full - no_path,word:260,0.0
govreport_test_0241,AB2 - AB0,word:260,-0.03868075418831357
govreport_test_0241,TextRank - no_path,word:260,0.02788628801587764
govreport_test_0241,Lead - no_path,word:260,-0.006670947405288646
govreport_test_0242,Full - no_path,unit:10,-0.010644007155635071
govreport_test_0242,AB2 - AB0,unit:10,0.012913630153020356
govreport_test_0242,TextRank - no_path,unit:10,-0.018746310943218047
govreport_test_0242,Lead - no_path,unit:10,-0.02538759689922479
govreport_test_0242,Full - no_path,unit:5,-0.011865937022092016
govreport_test_0242,AB2 - AB0,unit:5,0.021118537462480214
govreport_test_0242,TextRank - no_path,unit:5,-0.022837552742616063
govreport_test_0242,Lead - no_path,unit:5,-0.03388164592065265
govreport_test_0242,Full - no_path,word:110,0.0033955857385398885
govreport_test_0242,AB2 - AB0,word:110,0.0099565480130068
govreport_test_0242,TextRank - no_path,word:110,0.023769100169779275
govreport_test_0242,Lead - no_path,word:110,0.0033955857385398885
govreport_test_0242,Full - no_path,word:260,-0.002699055330634248
govreport_test_0242,AB2 - AB0,word:260,-0.021833169201590286
govreport_test_0242,TextRank - no_path,word:260,0.011249107467325575
govreport_test_0242,Lead - no_path,word:260,0.007433285446867777
govreport_test_0243,Full - no_path,unit:10,0.0
govreport_test_0243,AB2 - AB0,unit:10,-0.054248533044702674
govreport_test_0243,TextRank - no_path,unit:10,0.020976218732179475
govreport_test_0243,Lead - no_path,unit:10,-0.0576365663322185
govreport_test_0243,Full - no_path,unit:5,0.0
govreport_test_0243,AB2 - AB0,unit:5,0.0003427283294997474
govreport_test_0243,TextRank - no_path,unit:5,-0.014889109388827787
govreport_test_0243,Lead - no_path,unit:5,-0.12004728916559285
govreport_test_0243,Full - no_path,word:110,0.0
govreport_test_0243,AB2 - AB0,word:110,-0.008784773060029283
govreport_test_0243,TextRank - no_path,word:110,-0.015114281598630902
govreport_test_0243,Lead - no_path,word:110,-0.04146860077871875
govreport_test_0243,Full - no_path,word:260,0.0
govreport_test_0243,AB2 - AB0,word:260,-0.04159085674804244
govreport_test_0243,TextRank - no_path,word:260,0.003163864578535236
govreport_test_0243,Lead - no_path,word:260,-0.04491305849838781
govreport_test_0244,Full - no_path,unit:10,0.0
govreport_test_0244,AB2 - AB0,unit:10,-0.026122161591269122
govreport_test_0244,TextRank - no_path,unit:10,0.03167952985741204
govreport_test_0244,Lead - no_path,unit:10,-0.11169733532634751
govreport_test_0244,Full - no_path,unit:5,0.0
govreport_test_0244,AB2 - AB0,unit:5,0.010275950735061212
govreport_test_0244,TextRank - no_path,unit:5,-0.0052842803750196565
govreport_test_0244,Lead - no_path,unit:5,-0.10502032072586337
govreport_test_0244,Full - no_path,word:110,0.0
govreport_test_0244,AB2 - AB0,word:110,0.03134106015564983
govreport_test_0244,TextRank - no_path,word:110,0.001635322976287809
govreport_test_0244,Lead - no_path,word:110,-0.03745157701432919
govreport_test_0244,Full - no_path,word:260,0.0
govreport_test_0244,AB2 - AB0,word:260,-0.01827182339063027
govreport_test_0244,TextRank - no_path,word:260,0.011195989091956182
govreport_test_0244,Lead - no_path,word:260,-0.08723835691248805
govreport_test_0245,Full - no_path,unit:10,0.0006890908307851384
govreport_test_0245,AB2 - AB0,unit:10,-0.02155034450228263
govreport_test_0245,TextRank - no_path,unit:10,0.0004236747686147957
govreport_test_0245,Lead - no_path,unit:10,-0.02667452577430071
govreport_test_0245,Full - no_path,unit:5,-0.0016053759205547913
govreport_test_0245,AB2 - AB0,unit:5,0.0006616433164388924
govreport_test_0245,TextRank - no_path,unit:5,-0.016478617649730215
govreport_test_0245,Lead - no_path,unit:5,-0.023067620565331903
govreport_test_0245,Full - no_path,word:110,0.0
govreport_test_0245,AB2 - AB0,word:110,-0.024670846092172766
govreport_test_0245,TextRank - no_path,word:110,0.002932254802831158
govreport_test_0245,Lead - no_path,word:110,0.002932254802831158
govreport_test_0245,Full - no_path,word:260,0.0
govreport_test_0245,AB2 - AB0,word:260,-0.021838992944520602
govreport_test_0245,TextRank - no_path,word:260,0.022445067566497112
govreport_test_0245,Lead - no_path,word:260,-0.002518891687657454
govreport_test_0246,Full - no_path,unit:10,0.006104863611492678
govreport_test_0246,AB2 - AB0,unit:10,-0.005552127714533256
govreport_test_0246,TextRank - no_path,unit:10,0.006658314865545245
govreport_test_0246,Lead - no_path,unit:10,-0.04199811467411979
govreport_test_0246,Full - no_path,unit:5,-0.00862525452689386
govreport_test_0246,AB2 - AB0,unit:5,0.017428000555839623
govreport_test_0246,TextRank - no_path,unit:5,-0.02939731806966886
govreport_test_0246,Lead - no_path,unit:5,-0.0708102291537127
govreport_test_0246,Full - no_path,word:110,0.0
govreport_test_0246,AB2 - AB0,word:110,0.024949188398043165
govreport_test_0246,TextRank - no_path,word:110,0.002330348473405991
govreport_test_0246,Lead - no_path,word:110,-0.037995288070250585
govreport_test_0246,Full - no_path,word:260,0.004365922583189102
govreport_test_0246,AB2 - AB0,word:260,-0.00400885013910493
govreport_test_0246,TextRank - no_path,word:260,0.0
govreport_test_0246,Lead - no_path,word:260,-0.03266850217876732
govreport_test_0247,Full - no_path,unit:10,0.0
govreport_test_0247,AB2 - AB0,unit:10,-0.04224790164322026
govreport_test_0247,TextRank - no_path,unit:10,0.08822371482086827
govreport_test_0247,Lead - no_path,unit:10,-0.03132112884532137
govreport_test_0247,Full - no_path,unit:5,-0.009690169577967589
govreport_test_0247,AB2 - AB0,unit:5,-0.05600821636425882
govreport_test_0247,TextRank - no_path,unit:5,0.05148378191856451
govreport_test_0247,Lead - no_path,unit:5,-0.04127779042415966
govreport_test_0247,Full - no_path,word:110,0.01392993313168539
govreport_test_0247,AB2 - AB0,word:110,-0.01664876476906549
govreport_test_0247,TextRank - no_path,word:110,0.017006802721088454
govreport_test_0247,Lead - no_path,word:110,-0.0337702372260659
govreport_test_0247,Full - no_path,word:260,0.013258197468723809
govreport_test_0247,AB2 - AB0,word:260,-0.061201847877487225
govreport_test_0247,TextRank - no_path,word:260,0.10772513404092354
govreport_test_0247,Lead - no_path,word:260,-0.00855977271071609
govreport_test_0248,Full - no_path,unit:10,0.016848140417934476
govreport_test_0248,AB2 - AB0,unit:10,-0.04643625838054477
govreport_test_0248,TextRank - no_path,unit:10,0.03643724696356271
govreport_test_0248,Lead - no_path,unit:10,-0.036090225563909756
govreport_test_0248,Full - no_path,unit:5,0.009604519774011278
govreport_test_0248,AB2 - AB0,unit:5,-0.04201013306741744
govreport_test_0248,TextRank - no_path,unit:5,0.04201013306741744
govreport_test_0248,Lead - no_path,unit:5,0.010868846844789948
govreport_test_0248,Full - no_path,word:110,0.02564102564102566
govreport_test_0248,AB2 - AB0,word:110,-0.04837694275034431
govreport_test_0248,TextRank - no_path,word:110,0.04837694275034431
govreport_test_0248,Lead - no_path,word:110,0.045819397993311015
govreport_test_0248,Full - no_path,word:260,0.006430868167202564
govreport_test_0248,AB2 - AB0,word:260,-0.045418202203821284
govreport_test_0248,TextRank - no_path,word:260,0.018550581251545822
govreport_test_0248,Lead - no_path,word:260,-0.05771221174944455
govreport_test_0249,Full - no_path,unit:10,0.0
govreport_test_0249,AB2 - AB0,unit:10,0.012200165425971854
govreport_test_0249,TextRank - no_path,unit:10,0.0025734681764972567
govreport_test_0249,Lead - no_path,unit:10,-0.04950960152162287
govreport_test_0249,Full - no_path,unit:5,0.0
govreport_test_0249,AB2 - AB0,unit:5,0.003704816754442619
govreport_test_0249,TextRank - no_path,unit:5,0.03081232492997199
govreport_test_0249,Lead - no_path,unit:5,0.0041169205434335165
govreport_test_0249,Full - no_path,word:110,0.0
govreport_test_0249,AB2 - AB0,word:110,-0.009364442959498093
govreport_test_0249,TextRank - no_path,word:110,0.030858477277781904
govreport_test_0249,Lead - no_path,word:110,0.006273334166076783
govreport_test_0249,Full - no_path,word:260,0.0
govreport_test_0249,AB2 - AB0,word:260,0.0016855724112796455
govreport_test_0249,TextRank - no_path,word:260,0.017530559741821522
govreport_test_0249,Lead - no_path,word:260,-0.007733440750774118
govreport_test_0250,Full - no_path,unit:10,0.0
govreport_test_0250,AB2 - AB0,unit:10,0.012611530542210037
govreport_test_0250,TextRank - no_path,unit:10,-0.022796369144264417
govreport_test_0250,Lead - no_path,unit:10,-0.045936610226978564
govreport_test_0250,Full - no_path,unit:5,0.002520067401632825
govreport_test_0250,AB2 - AB0,unit:5,0.030696707440893478
govreport_test_0250,TextRank - no_path,unit:5,-0.032969071870673716
govreport_test_0250,Lead - no_path,unit:5,-0.0747051439175544
govreport_test_0250,Full - no_path,word:110,0.002049578362882526
govreport_test_0250,AB2 - AB0,word:110,-0.013704979342640464
govreport_test_0250,TextRank - no_path,word:110,0.01793053122005396
govreport_test_0250,Lead - no_path,word:110,0.008844489521755303
govreport_test_0250,Full - no_path,word:260,0.0021446434239967838
govreport_test_0250,AB2 - AB0,word:260,0.003933136676499499
govreport_test_0250,TextRank - no_path,word:260,0.010018659172028266
govreport_test_0250,Lead - no_path,word:260,-0.025565388397246813
govreport_test_0251,Full - no_path,unit:10,-0.003816109548569757
govreport_test_0251,AB2 - AB0,unit:10,0.0023691633514280608
govreport_test_0251,TextRank - no_path,unit:10,-0.011827757105633774
govreport_test_0251,Lead - no_path,unit:10,-0.04193836888103969
govreport_test_0251,Full - no_path,unit:5,0.0
govreport_test_0251,AB2 - AB0,unit:5,0.011515151515151506
govreport_test_0251,TextRank - no_path,unit:5,-0.030638425379703016
govreport_test_0251,Lead - no_path,unit:5,-0.04236411067869822
govreport_test_0251,Full - no_path,word:110,0.0
govreport_test_0251,AB2 - AB0,word:110,-0.012236831326288194
govreport_test_0251,TextRank - no_path,word:110,0.03175384615384613
govreport_test_0251,Lead - no_path,word:110,-0.022855738510690615
govreport_test_0251,Full - no_path,word:260,-0.02011100446521724
govreport_test_0251,AB2 - AB0,word:260,-0.04415031592949786
govreport_test_0251,TextRank - no_path,word:260,0.022581475484701324
govreport_test_0251,Lead - no_path,word:260,-0.03637512470901233
govreport_test_0252,Full - no_path,unit:10,-0.0018426958092353507
govreport_test_0252,AB2 - AB0,unit:10,0.0034292356873001917
govreport_test_0252,TextRank - no_path,unit:10,0.009619789280806257
govreport_test_0252,Lead - no_path,unit:10,0.008933982366625626
govreport_test_0252,Full - no_path,unit:5,-0.0001383560312011589
govreport_test_0252,AB2 - AB0,unit:5,-0.004379690949227383
govreport_test_0252,TextRank - no_path,unit:5,0.01582998661311913
govreport_test_0252,Lead - no_path,unit:5,-0.011639149189349995
govreport_test_0252,Full - no_path,word:110,0.005715646582519662
govreport_test_0252,AB2 - AB0,word:110,-0.0021284000856714586
govreport_test_0252,TextRank - no_path,word:110,0.01774572177048958
govreport_test_0252,Lead - no_path,word:110,0.020934416398626185
govreport_test_0252,Full - no_path,word:260,0.005634885830484826
govreport_test_0252,AB2 - AB0,word:260,-0.001870017485108011
govreport_test_0252,TextRank - no_path,word:260,0.008829287566806399
govreport_test_0252,Lead - no_path,word:260,0.01526392368038157
govreport_test_0253,Full - no_path,unit:10,0.0
govreport_test_0253,AB2 - AB0,unit:10,0.012011551233023304
govreport_test_0253,TextRank - no_path,unit:10,-0.013693651982904842
govreport_test_0253,Lead - no_path,unit:10,-0.06294396131043425
govreport_test_0253,Full - no_path,unit:5,0.0
govreport_test_0253,AB2 - AB0,unit:5,0.014252409450332862
govreport_test_0253,TextRank - no_path,unit:5,-0.005391760409773794
govreport_test_0253,Lead - no_path,unit:5,-0.044655372662101
govreport_test_0253,Full - no_path,word:110,-0.024604340022842203
govreport_test_0253,AB2 - AB0,word:110,-0.008715952100266822
govreport_test_0253,TextRank - no_path,word:110,0.008715952100266822
govreport_test_0253,Lead - no_path,word:110,-0.021077003162172023
govreport_test_0253,Full - no_path,word:260,0.004779567741857255
govreport_test_0253,AB2 - AB0,word:260,0.009453677103409802
govreport_test_0253,TextRank - no_path,word:260,0.0015564202334630295
govreport_test_0253,Lead - no_path,word:260,-0.031783232671583894
govreport_test_0254,Full - no_path,unit:10,0.01817858275450368
govreport_test_0254,AB2 - AB0,unit:10,-0.035020993429445896
govreport_test_0254,TextRank - no_path,unit:10,0.0313835143879497
govreport_test_0254,Lead - no_path,unit:10,-0.0003754731395631261
govreport_test_0254,Full - no_path,unit:5,-0.0017690154267675506
govreport_test_0254,AB2 - AB0,unit:5,0.022270861007124748
govreport_test_0254,TextRank - no_path,unit:5,-0.01655502691874297
govreport_test_0254,Lead - no_path,unit:5,-0.01744706115179101
govreport_test_0254,Full - no_path,word:110,-0.02203684237991932
govreport_test_0254,AB2 - AB0,word:110,0.021590761645257528
govreport_test_0254,TextRank - no_path,word:110,-0.02221527374517948
govreport_test_0254,Lead - no_path,word:110,-0.030722855785222145
govreport_test_0254,Full - no_path,word:260,0.0047259003260031185
govreport_test_0254,AB2 - AB0,word:260,0.0006212148713215793
govreport_test_0254,TextRank - no_path,word:260,0.01420977722456604
govreport_test_0254,Lead - no_path,word:260,-0.013332790418917828
govreport_test_0255,Full - no_path,unit:10,0.003674336982262383
govreport_test_0255,AB2 - AB0,unit:10,-0.0072230718773882985
govreport_test_0255,TextRank - no_path,unit:10,0.01827600516629599
govreport_test_0255,Lead - no_path,unit:10,-0.011337516628702513
govreport_test_0255,Full - no_path,unit:5,0.0
govreport_test_0255,AB2 - AB0,unit:5,-0.029493525323733782
govreport_test_0255,TextRank - no_path,unit:5,0.010469952173008931
govreport_test_0255,Lead - no_path,unit:5,-0.020720524017467254
govreport_test_0255,Full - no_path,word:110,-0.007442435315295939
govreport_test_0255,AB2 - AB0,word:110,-0.014436807582462394
govreport_test_0255,TextRank - no_path,word:110,0.007586653243204386
govreport_test_0255,Lead - no_path,word:110,0.002444987775061122
govreport_test_0255,Full - no_path,word:260,0.0
govreport_test_0255,AB2 - AB0,word:260,-0.016511867905056765
govreport_test_0255,TextRank - no_path,word:260,0.033181519671809545
govreport_test_0255,Lead - no_path,word:260,0.014725358929289889
govreport_test_0256,Full - no_path,unit:10,0.004789833822091888
govreport_test_0256,AB2 - AB0,unit:10,0.01605284207243149
govreport_test_0256,TextRank - no_path,unit:10,-0.0011025804428529407
govreport_test_0256,Lead - no_path,unit:10,-0.05779719069612019
govreport_test_0256,Full - no_path,unit:5,0.012113873399807629
govreport_test_0256,AB2 - AB0,unit:5,0.012582078795643797
govreport_test_0256,TextRank - no_path,unit:5,0.0022413457668946923
govreport_test_0256,Lead - no_path,unit:5,-0.06258442938245519
govreport_test_0256,Full - no_path,word:110,-0.027812895069532217
govreport_test_0256,AB2 - AB0,word:110,-0.0025284450063211145
govreport_test_0256,TextRank - no_path,word:110,0.0025284450063211283
govreport_test_0256,Lead - no_path,word:110,-0.03516108822478482
govreport_test_0256,Full - no_path,word:260,0.0
govreport_test_0256,AB2 - AB0,word:260,-0.010818774804776943
govreport_test_0256,TextRank - no_path,word:260,0.01644926504005484
govreport_test_0256,Lead - no_path,word:260,-0.0070764119226134625
govreport_test_0257,Full - no_path,unit:10,0.0
govreport_test_0257,AB2 - AB0,unit:10,0.017444799565498964
govreport_test_0257,TextRank - no_path,unit:10,-0.033332114386016215
govreport_test_0257,Lead - no_path,unit:10,-0.10882327996456737
govreport_test_0257,Full - no_path,unit:5,0.0
govreport_test_0257,AB2 - AB0,unit:5,0.0074110679838344795
govreport_test_0257,TextRank - no_path,unit:5,-0.04163894593734632
govreport_test_0257,Lead - no_path,unit:5,-0.08749154111906542
govreport_test_0257,Full - no_path,word:110,0.0
govreport_test_0257,AB2 - AB0,word:110,-0.025635317205099012
govreport_test_0257,TextRank - no_path,word:110,0.017888242026173062
govreport_test_0257,Lead - no_path,word:110,-0.02570908790209213
govreport_test_0257,Full - no_path,word:260,0.0
govreport_test_0257,AB2 - AB0,word:260,0.0347252140292737
govreport_test_0257,TextRank - no_path,word:260,0.01645123384253816
govreport_test_0257,Lead - no_path,word:260,-0.051703877790834324
govreport_test_0258,Full - no_path,unit:10,-0.007707811308421381
govreport_test_0258,AB2 - AB0,unit:10,0.0339406948555597
govreport_test_0258,TextRank - no_path,unit:10,-0.027242285143556838
govreport_test_0258,Lead - no_path,unit:10,-0.04397922630734871
govreport_test_0258,Full - no_path,unit:5,-0.033718005946936136
govreport_test_0258,AB2 - AB0,unit:5,0.034326307329340694
govreport_test_0258,TextRank - no_path,unit:5,-0.0593985819986681
govreport_test_0258,Lead - no_path,unit:5,-0.08241462444116754
govreport_test_0258,Full - no_path,word:110,0.017135862913096683
govreport_test_0258,AB2 - AB0,word:110,0.00015299877600982725
govreport_test_0258,TextRank - no_path,word:110,0.017309861521107833
govreport_test_0258,Lead - no_path,word:110,0.014687882496940002
govreport_test_0258,Full - no_path,word:260,-0.02008949599623175
govreport_test_0258,AB2 - AB0,word:260,-0.02070393374741203
govreport_test_0258,TextRank - no_path,word:260,-0.005375330064126771
govreport_test_0258,Lead - no_path,word:260,-0.009726801695713633
govreport_test_0259,Full - no_path,unit:10,-0.010215369322171014
govreport_test_0259,AB2 - AB0,unit:10,0.025412014885699108
govreport_test_0259,TextRank - no_path,unit:10,-0.05210831869223126
govreport_test_0259,Lead - no_path,unit:10,-0.09300169497886601
govreport_test_0259,Full - no_path,unit:5,-0.006485912654483922
govreport_test_0259,AB2 - AB0,unit:5,0.010180457508336599
govreport_test_0259,TextRank - no_path,unit:5,-0.015233243432224541
govreport_test_0259,Lead - no_path,unit:5,-0.06864028829312784
govreport_test_0259,Full - no_path,word:110,-0.005332225018664344
govreport_test_0259,AB2 - AB0,word:110,0.042081517876456226
govreport_test_0259,TextRank - no_path,word:110,-0.024687123389264876
govreport_test_0259,Lead - no_path,word:110,-0.037408874435522405
govreport_test_0259,Full - no_path,word:260,-0.004651426874328457
govreport_test_0259,AB2 - AB0,word:260,0.018789144050104345
govreport_test_0259,TextRank - no_path,word:260,-0.03825245090553703
govreport_test_0259,Lead - no_path,word:260,-0.07756325336761055
govreport_test_0260,Full - no_path,unit:10,0.0
govreport_test_0260,AB2 - AB0,unit:10,-0.025642980030052914
govreport_test_0260,TextRank - no_path,unit:10,0.016501240694789115
govreport_test_0260,Lead - no_path,unit:10,-0.036153202715310584
govreport_test_0260,Full - no_path,unit:5,0.0
govreport_test_0260,AB2 - AB0,unit:5,-0.004651415825694366
govreport_test_0260,TextRank - no_path,unit:5,-0.024628756452208578
govreport_test_0260,Lead - no_path,unit:5,-0.05595563946159865
govreport_test_0260,Full - no_path,word:110,0.0
govreport_test_0260,AB2 - AB0,word:110,-0.051826539404231126
govreport_test_0260,TextRank - no_path,word:110,-0.02404564709379614
govreport_test_0260,Lead - no_path,word:110,-0.04278622711599003
govreport_test_0260,Full - no_path,word:260,0.0
govreport_test_0260,AB2 - AB0,word:260,-0.04367823809843552
govreport_test_0260,TextRank - no_path,word:260,-0.005470581667969182
govreport_test_0260,Lead - no_path,word:260,-0.01610197449233855
govreport_test_0261,Full - no_path,unit:10,0.0
govreport_test_0261,AB2 - AB0,unit:10,-0.003868673605671391
govreport_test_0261,TextRank - no_path,unit:10,-0.015512319503339783
govreport_test_0261,Lead - no_path,unit:10,-0.06889601329889877
govreport_test_0261,Full - no_path,unit:5,0.0
govreport_test_0261,AB2 - AB0,unit:5,0.003126414085318191
govreport_test_0261,TextRank - no_path,unit:5,-0.013831983703274486
govreport_test_0261,Lead - no_path,unit:5,-0.05105414147882184
govreport_test_0261,Full - no_path,word:110,-0.004538615229027432
govreport_test_0261,AB2 - AB0,word:110,-0.012974519622110908
govreport_test_0261,TextRank - no_path,word:110,-0.008041242199255089
govreport_test_0261,Lead - no_path,word:110,-0.047095838556645286
govreport_test_0261,Full - no_path,word:260,0.0
govreport_test_0261,AB2 - AB0,word:260,-0.005202070070423892
govreport_test_0261,TextRank - no_path,word:260,0.01046115753636645
govreport_test_0261,Lead - no_path,word:260,-0.03899721448467969
govreport_test_0262,Full - no_path,unit:10,0.0
govreport_test_0262,AB2 - AB0,unit:10,-0.027104809273595126
govreport_test_0262,TextRank - no_path,unit:10,0.02595078299776285
govreport_test_0262,Lead - no_path,unit:10,-0.01395348837209301
govreport_test_0262,Full - no_path,unit:5,0.0
govreport_test_0262,AB2 - AB0,unit:5,-0.009648099027409374
govreport_test_0262,TextRank - no_path,unit:5,0.011620432181179835
govreport_test_0262,Lead - no_path,unit:5,-0.005233797226544601
govreport_test_0262,Full - no_path,word:110,0.0
govreport_test_0262,AB2 - AB0,word:110,-0.042424242424242434
govreport_test_0262,TextRank - no_path,word:110,0.024476939347956056
govreport_test_0262,Lead - no_path,word:110,0.015151515151515138
govreport_test_0262,Full - no_path,word:260,0.0
govreport_test_0262,AB2 - AB0,word:260,-0.02712700369913687
govreport_test_0262,TextRank - no_path,word:260,0.05884977386627557
govreport_test_0262,Lead - no_path,word:260,0.01128018705929637
govreport_test_0263,Full - no_path,unit:10,0.0
govreport_test_0263,AB2 - AB0,unit:10,-0.006287297527706737
govreport_test_0263,TextRank - no_path,unit:10,-0.012514785268980755
govreport_test_0263,Lead - no_path,unit:10,-0.07332948411280052
govreport_test_0263,Full - no_path,unit:5,0.0
govreport_test_0263,AB2 - AB0,unit:5,0.036743744060817235
govreport_test_0263,TextRank - no_path,unit:5,0.010980803457920157
govreport_test_0263,Lead - no_path,unit:5,-0.029303479654231787
govreport_test_0263,Full - no_path,word:110,0.0
govreport_test_0263,AB2 - AB0,word:110,-0.009537526778906083
govreport_test_0263,TextRank - no_path,word:110,0.01488069218130568
govreport_test_0263,Lead - no_path,word:110,-0.009435159720753122
govreport_test_0263,Full - no_path,word:260,0.0
govreport_test_0263,AB2 - AB0,word:260,-0.02239331966705943
govreport_test_0263,TextRank - no_path,word:260,0.014553014553014554
govreport_test_0263,Lead - no_path,word:260,-0.0395010395010395
govreport_test_0264,Full - no_path,unit:10,0.0
govreport_test_0264,AB2 - AB0,unit:10,0.012559979492067275
govreport_test_0264,TextRank - no_path,unit:10,-0.017424084738314943
govreport_test_0264,Lead - no_path,unit:10,0.023152709359605894
govreport_test_0264,Full - no_path,unit:5,0.002298934408892367
govreport_test_0264,AB2 - AB0,unit:5,0.024603977081226858
govreport_test_0264,TextRank - no_path,unit:5,-0.0109588197457198
govreport_test_0264,Lead - no_path,unit:5,-0.016415361137945006
govreport_test_0264,Full - no_path,word:110,0.005427442611725716
govreport_test_0264,AB2 - AB0,word:110,0.0
govreport_test_0264,TextRank - no_path,word:110,-0.0029027576197387522
govreport_test_0264,Lead - no_path,word:110,-0.0058055152394775045
govreport_test_0264,Full - no_path,word:260,0.002556056724688699
govreport_test_0264,AB2 - AB0,word:260,0.01624250650378914
govreport_test_0264,TextRank - no_path,word:260,0.02158102699817266
govreport_test_0264,Lead - no_path,word:260,0.06464200882253138
govreport_test_0265,Full - no_path,unit:10,0.0
govreport_test_0265,AB2 - AB0,unit:10,0.012382950878855548
govreport_test_0265,TextRank - no_path,unit:10,-0.017235961701970337
govreport_test_0265,Lead - no_path,unit:10,0.0233408323959505
govreport_test_0265,Full - no_path,unit:5,0.0024797121086294893
govreport_test_0265,AB2 - AB0,unit:5,0.024403927068723685
govreport_test_0265,TextRank - no_path,unit:5,-0.010778042045982678
govreport_test_0265,Lead - no_path,unit:5,-0.016234583438207884
govreport_test_0265,Full - no_path,word:110,0.005608339101071738
govreport_test_0265,AB2 - AB0,word:110,-0.0054442458396258
govreport_test_0265,TextRank - no_path,word:110,-0.0027218611303927304
govreport_test_0265,Lead - no_path,word:110,-0.005624618750131483
govreport_test_0265,Full - no_path,word:260,0.0027335700170530997
govreport_test_0265,AB2 - AB0,word:260,0.02619047619047621
govreport_test_0265,TextRank - no_path,word:260,0.02175854029053706
govreport_test_0265,Lead - no_path,word:260,0.06481952211489578
govreport_test_0266,Full - no_path,unit:10,-0.006279728501950715
govreport_test_0266,AB2 - AB0,unit:10,0.012402975978289627
govreport_test_0266,TextRank - no_path,unit:10,-0.022898154477101862
govreport_test_0266,Lead - no_path,unit:10,-0.023669878508588205
govreport_test_0266,Full - no_path,unit:5,0.0018240149624780821
govreport_test_0266,AB2 - AB0,unit:5,0.01839486776643101
govreport_test_0266,TextRank - no_path,unit:5,-0.03549023601173881
govreport_test_0266,Lead - no_path,unit:5,-0.038671647986716476
govreport_test_0266,Full - no_path,word:110,0.0
govreport_test_0266,AB2 - AB0,word:110,0.0
govreport_test_0266,TextRank - no_path,word:110,-0.00798648441099678
govreport_test_0266,Lead - no_path,word:110,-0.0181706190329535
govreport_test_0266,Full - no_path,word:260,-0.01310043668122271
govreport_test_0266,AB2 - AB0,word:260,-0.012912335173077188
govreport_test_0266,TextRank - no_path,word:260,0.00892452334932109
govreport_test_0266,Lead - no_path,word:260,-0.008561815448493076
govreport_test_0267,Full - no_path,unit:10,-0.004889340560072286
govreport_test_0267,AB2 - AB0,unit:10,-0.0467153849128098
govreport_test_0267,TextRank - no_path,unit:10,0.011270271432873069
govreport_test_0267,Lead - no_path,unit:10,-0.0458149965367487
govreport_test_0267,Full - no_path,unit:5,-0.044156487289534474
govreport_test_0267,AB2 - AB0,unit:5,-0.05796508456082927
govreport_test_0267,TextRank - no_path,unit:5,0.014754641909814376
govreport_test_0267,Lead - no_path,unit:5,-0.058557584148135305
govreport_test_0267,Full - no_path,word:110,-0.007692949520233638
govreport_test_0267,AB2 - AB0,word:110,-0.004705882352941171
govreport_test_0267,TextRank - no_path,word:110,0.025248226950354613
govreport_test_0267,Lead - no_path,word:110,-0.026261207011909538
govreport_test_0267,Full - no_path,word:260,-0.01624670762947311
govreport_test_0267,AB2 - AB0,word:260,-0.02773426573426574
govreport_test_0267,TextRank - no_path,word:260,0.034068136272545096
govreport_test_0267,Lead - no_path,word:260,-0.023633612606739546
govreport_test_0268,Full - no_path,unit:10,0.0
govreport_test_0268,AB2 - AB0,unit:10,0.003152522856722323
govreport_test_0268,TextRank - no_path,unit:10,0.017570617072601352
govreport_test_0268,Lead - no_path,unit:10,-0.04976456090813389
govreport_test_0268,Full - no_path,unit:5,0.0
govreport_test_0268,AB2 - AB0,unit:5,-0.009345133458608657
govreport_test_0268,TextRank - no_path,unit:5,0.07658291743093176
govreport_test_0268,Lead - no_path,unit:5,0.0003677114843765733
govreport_test_0268,Full - no_path,word:110,0.0
govreport_test_0268,AB2 - AB0,word:110,-0.017279143343879255
govreport_test_0268,TextRank - no_path,word:110,0.05860805860805862
govreport_test_0268,Lead - no_path,word:110,0.003907203907203907
govreport_test_0268,Full - no_path,word:260,0.0
govreport_test_0268,AB2 - AB0,word:260,-0.02012213582626285
govreport_test_0268,TextRank - no_path,word:260,0.019948106358161383
govreport_test_0268,Lead - no_path,word:260,-0.03956903127383676
govreport_test_0269,Full - no_path,unit:10,0.0
govreport_test_0269,AB2 - AB0,unit:10,0.011575668955034008
govreport_test_0269,TextRank - no_path,unit:10,-0.023222671625179825
govreport_test_0269,Lead - no_path,unit:10,-0.03145419779070888
govreport_test_0269,Full - no_path,unit:5,0.0
govreport_test_0269,AB2 - AB0,unit:5,0.016113464801324834
govreport_test_0269,TextRank - no_path,unit:5,0.022749626700233894
govreport_test_0269,Lead - no_path,unit:5,-0.0365084928702174
govreport_test_0269,Full - no_path,word:110,0.0
govreport_test_0269,AB2 - AB0,word:110,-0.014140675130282498
govreport_test_0269,TextRank - no_path,word:110,0.027842296468346128
govreport_test_0269,Lead - no_path,word:110,-0.013423219186254609
govreport_test_0269,Full - no_path,word:260,0.0
govreport_test_0269,AB2 - AB0,word:260,-0.016777461221905682
govreport_test_0269,TextRank - no_path,word:260,-0.01614227086183309
govreport_test_0269,Lead - no_path,word:260,-0.029329084048646287
govreport_test_0270,Full - no_path,unit:10,-0.02679599610240055
govreport_test_0270,AB2 - AB0,unit:10,0.029221880258754718
govreport_test_0270,TextRank - no_path,unit:10,-0.0025471698113207764
govreport_test_0270,Lead - no_path,unit:10,-0.033982416807315396
govreport_test_0270,Full - no_path,unit:5,-0.016675935194453706
govreport_test_0270,AB2 - AB0,unit:5,0.07560409491706266
govreport_test_0270,TextRank - no_path,unit:5,-0.020860980741220253
govreport_test_0270,Lead - no_path,unit:5,-0.06834276136601719
govreport_test_0270,Full - no_path,word:110,0.0
govreport_test_0270,AB2 - AB0,word:110,0.017149422921918706
govreport_test_0270,TextRank - no_path,word:110,0.04093567251461991
govreport_test_0270,Lead - no_path,word:110,0.003292689201008392
govreport_test_0270,Full - no_path,word:260,-0.040767386091127095
govreport_test_0270,AB2 - AB0,word:260,0.0026565573888194804
govreport_test_0270,TextRank - no_path,word:260,0.009592326139088725
govreport_test_0270,Lead - no_path,word:260,-0.00024411608437799326
govreport_test_0271,Full - no_path,unit:10,-0.0025728057531656245
govreport_test_0271,AB2 - AB0,unit:10,-0.04376244167022625
govreport_test_0271,TextRank - no_path,unit:10,0.026561839282078586
govreport_test_0271,Lead - no_path,unit:10,-0.031040696290755787
govreport_test_0271,Full - no_path,unit:5,-0.006165057073015873
govreport_test_0271,AB2 - AB0,unit:5,-0.012683350975351587
govreport_test_0271,TextRank - no_path,unit:5,0.016291654618193152
govreport_test_0271,Lead - no_path,unit:5,-0.031011794396374137
govreport_test_0271,Full - no_path,word:110,0.00031460837970929967
govreport_test_0271,AB2 - AB0,word:110,-0.025330871037242256
govreport_test_0271,TextRank - no_path,word:110,0.005368209501539767
govreport_test_0271,Lead - no_path,word:110,-0.0027662517289073207
govreport_test_0271,Full - no_path,word:260,0.0024796789523487406
govreport_test_0271,AB2 - AB0,word:260,-0.03014891179839635
govreport_test_0271,TextRank - no_path,word:260,0.030418230971528543
govreport_test_0271,Lead - no_path,word:260,-0.011616868257600527
govreport_test_0272,Full - no_path,unit:10,-0.01839565980701452
govreport_test_0272,AB2 - AB0,unit:10,0.014623243933588714
govreport_test_0272,TextRank - no_path,unit:10,-0.0048864164272729715
govreport_test_0272,Lead - no_path,unit:10,-0.05661884507245332
govreport_test_0272,Full - no_path,unit:5,-0.004333694474539546
govreport_test_0272,AB2 - AB0,unit:5,0.050282665311567054
govreport_test_0272,TextRank - no_path,unit:5,-0.01684605285960253
govreport_test_0272,Lead - no_path,unit:5,-0.07549575034196368
govreport_test_0272,Full - no_path,word:110,0.011918951132300348
govreport_test_0272,AB2 - AB0,word:110,0.004756242568370955
govreport_test_0272,TextRank - no_path,word:110,0.03321414382201032
govreport_test_0272,Lead - no_path,word:110,-0.0022671608717048652
govreport_test_0272,Full - no_path,word:260,0.000379553494085777
govreport_test_0272,AB2 - AB0,word:260,0.0103105367663813
govreport_test_0272,TextRank - no_path,word:260,0.0016360741131411227
govreport_test_0272,Lead - no_path,word:260,-0.03384304897927501
govreport_test_0273,Full - no_path,unit:10,-0.0015881668113513214
govreport_test_0273,AB2 - AB0,unit:10,-0.031647534124459614
govreport_test_0273,TextRank - no_path,unit:10,0.007783880483012706
govreport_test_0273,Lead - no_path,unit:10,0.013349869124775676
govreport_test_0273,Full - no_path,unit:5,0.009880848590526042
govreport_test_0273,AB2 - AB0,unit:5,-0.015630177395239836
govreport_test_0273,TextRank - no_path,unit:5,0.019531595227574056
govreport_test_0273,Lead - no_path,unit:5,0.003006675839576034
govreport_test_0273,Full - no_path,word:110,0.0
govreport_test_0273,AB2 - AB0,word:110,-0.034263246048798296
govreport_test_0273,TextRank - no_path,word:110,0.010548840109399549
govreport_test_0273,Lead - no_path,word:110,0.007176158827780693
govreport_test_0273,Full - no_path,word:260,0.005136893122875463
govreport_test_0273,AB2 - AB0,word:260,-0.019445549374004445
govreport_test_0273,TextRank - no_path,word:260,0.0002473527796268693
govreport_test_0273,Lead - no_path,word:260,0.013477088948787047
govreport_test_0274,Full - no_path,unit:10,0.0
govreport_test_0274,AB2 - AB0,unit:10,-0.028984822535876698
govreport_test_0274,TextRank - no_path,unit:10,0.05366776540344442
govreport_test_0274,Lead - no_path,unit:10,-0.03443599842244878
govreport_test_0274,Full - no_path,unit:5,-0.010643299422821079
govreport_test_0274,AB2 - AB0,unit:5,-0.045544479726560616
govreport_test_0274,TextRank - no_path,unit:5,0.043212200563051056
govreport_test_0274,Lead - no_path,unit:5,-0.023979394669371157
govreport_test_0274,Full - no_path,word:110,-0.011102063473598961
govreport_test_0274,AB2 - AB0,word:110,-0.036508839666734405
govreport_test_0274,TextRank - no_path,word:110,0.036421184022824515
govreport_test_0274,Lead - no_path,word:110,-0.02296271911107864
govreport_test_0274,Full - no_path,word:260,0.00741421374481166
govreport_test_0274,AB2 - AB0,word:260,-0.03706391353585997
govreport_test_0274,TextRank - no_path,word:260,0.04899912418218111
govreport_test_0274,Lead - no_path,word:260,-0.032682220717819996
govreport_test_0275,Full - no_path,unit:10,-0.01236675671380899
govreport_test_0275,AB2 - AB0,unit:10,-0.05855407824773254
govreport_test_0275,TextRank - no_path,unit:10,0.04788626389742054
govreport_test_0275,Lead - no_path,unit:10,-0.03907723557576048
govreport_test_0275,Full - no_path,unit:5,0.0027784450316278297
govreport_test_0275,AB2 - AB0,unit:5,0.0036270934847849323
govreport_test_0275,TextRank - no_path,unit:5,0.02720524092160856
govreport_test_0275,Lead - no_path,unit:5,-0.03709047401203505
govreport_test_0275,Full - no_path,word:110,0.0
govreport_test_0275,AB2 - AB0,word:110,0.04472843450479233
govreport_test_0275,TextRank - no_path,word:110,0.04495773269945122
govreport_test_0275,Lead - no_path,word:110,-0.0031897926634768536
govreport_test_0275,Full - no_path,word:260,-0.02889661418791123
govreport_test_0275,AB2 - AB0,word:260,-0.0646246687377793
govreport_test_0275,TextRank - no_path,word:260,0.05289518609300997
govreport_test_0275,Lead - no_path,word:260,-0.024466535975029263
govreport_test_0276,Full - no_path,unit:10,0.0
govreport_test_0276,AB2 - AB0,unit:10,-0.09722486671744093
govreport_test_0276,TextRank - no_path,unit:10,0.07696199369163984
govreport_test_0276,Lead - no_path,unit:10,-0.0032861382694485686
govreport_test_0276,Full - no_path,unit:5,-0.01214487096074604
govreport_test_0276,AB2 - AB0,unit:5,-0.0570468089441247
govreport_test_0276,TextRank - no_path,unit:5,0.019476372924648794
govreport_test_0276,Lead - no_path,unit:5,0.02413793103448275
govreport_test_0276,Full - no_path,word:110,-0.003815839047547287
govreport_test_0276,AB2 - AB0,word:110,-0.028013285024154594
govreport_test_0276,TextRank - no_path,word:110,0.03478260869565218
govreport_test_0276,Lead - no_path,word:110,0.06119940029985006
govreport_test_0276,Full - no_path,word:260,0.0
govreport_test_0276,AB2 - AB0,word:260,-0.05226960110041265
govreport_test_0276,TextRank - no_path,word:260,0.09002930282669444
govreport_test_0276,Lead - no_path,word:260,-0.011479613497036745
govreport_test_0277,Full - no_path,unit:10,0.0
govreport_test_0277,AB2 - AB0,unit:10,0.018133990617135665
govreport_test_0277,TextRank - no_path,unit:10,0.023826721009819585
govreport_test_0277,Lead - no_path,unit:10,0.0033761666947234037
govreport_test_0277,Full - no_path,unit:5,0.0
govreport_test_0277,AB2 - AB0,unit:5,-0.023660733161388503
govreport_test_0277,TextRank - no_path,unit:5,0.012189716312056731
govreport_test_0277,Lead - no_path,unit:5,-0.009202560110707525
govreport_test_0277,Full - no_path,word:110,0.0
govreport_test_0277,AB2 - AB0,word:110,-0.059528744775968895
govreport_test_0277,TextRank - no_path,word:110,0.05322695015661556
govreport_test_0277,Lead - no_path,word:110,0.03010033444816053
govreport_test_0277,Full - no_path,word:260,0.0
govreport_test_0277,AB2 - AB0,word:260,-0.005054084430413303
govreport_test_0277,TextRank - no_path,word:260,0.06199643493761145
govreport_test_0277,Lead - no_path,word:260,0.044409030544488665
govreport_test_0278,Full - no_path,unit:10,-0.017890018410309794
govreport_test_0278,AB2 - AB0,unit:10,0.008383850630455852
govreport_test_0278,TextRank - no_path,unit:10,-0.0030911117332305393
govreport_test_0278,Lead - no_path,unit:10,-0.06263811934456281
govreport_test_0278,Full - no_path,unit:5,0.0
govreport_test_0278,AB2 - AB0,unit:5,0.01463087584746292
govreport_test_0278,TextRank - no_path,unit:5,0.026189735021504484
govreport_test_0278,Lead - no_path,unit:5,0.002672513762446177
govreport_test_0278,Full - no_path,word:110,0.0
govreport_test_0278,AB2 - AB0,word:110,-0.031041907724844997
govreport_test_0278,TextRank - no_path,word:110,0.010919414719371051
govreport_test_0278,Lead - no_path,word:110,0.012868710237131306
govreport_test_0278,Full - no_path,word:260,-0.01708265836256026
govreport_test_0278,AB2 - AB0,word:260,-0.0011821818200881407
govreport_test_0278,TextRank - no_path,word:260,0.017644570668922582
govreport_test_0278,Lead - no_path,word:260,-0.03763060356803971
govreport_test_0279,Full - no_path,unit:10,0.02913917203344288
govreport_test_0279,AB2 - AB0,unit:10,-0.029163391579498932
govreport_test_0279,TextRank - no_path,unit:10,0.045182023229345364
govreport_test_0279,Lead - no_path,unit:10,-0.04725718733947967
govreport_test_0279,Full - no_path,unit:5,0.023542376277299104
govreport_test_0279,AB2 - AB0,unit:5,-0.014260249554367166
govreport_test_0279,TextRank - no_path,unit:5,0.005335093364133819
govreport_test_0279,Lead - no_path,unit:5,-0.0693472833801906
govreport_test_0279,Full - no_path,word:110,0.0035791103005622382
govreport_test_0279,AB2 - AB0,word:110,-0.03722698907956318
govreport_test_0279,TextRank - no_path,word:110,0.03744149765990637
govreport_test_0279,Lead - no_path,word:110,-0.02203041392683744
govreport_test_0279,Full - no_path,word:260,0.01685725176291214
govreport_test_0279,AB2 - AB0,word:260,-0.06835443037974681
govreport_test_0279,TextRank - no_path,word:260,0.05840644114980398
govreport_test_0279,Lead - no_path,word:260,-0.035766989797216514
govreport_test_0280,Full - no_path,unit:10,-0.014755501222493889
govreport_test_0280,AB2 - AB0,unit:10,-0.06175250183060779
govreport_test_0280,TextRank - no_path,unit:10,0.08872755241357055
govreport_test_0280,Lead - no_path,unit:10,-0.10463033653211182
govreport_test_0280,Full - no_path,unit:5,0.007086902806250572
govreport_test_0280,AB2 - AB0,unit:5,-0.0029864259359775047
govreport_test_0280,TextRank - no_path,unit:5,-0.008055304946068376
govreport_test_0280,Lead - no_path,unit:5,-0.11197994468030219
govreport_test_0280,Full - no_path,word:110,0.0037559100349078556
govreport_test_0280,AB2 - AB0,word:110,-0.020149352657858693
govreport_test_0280,TextRank - no_path,word:110,0.02932803707381662
govreport_test_0280,Lead - no_path,word:110,-0.04255839278174099
govreport_test_0280,Full - no_path,word:260,-0.0027975857430268813
govreport_test_0280,AB2 - AB0,word:260,-0.03477238467298116
govreport_test_0280,TextRank - no_path,word:260,0.09122790276021656
govreport_test_0280,Lead - no_path,word:260,-0.0813483253933016
govreport_test_0281,Full - no_path,unit:10,0.0
govreport_test_0281,AB2 - AB0,unit:10,-0.00251506722299491
govreport_test_0281,TextRank - no_path,unit:10,-0.016178626470698787
govreport_test_0281,Lead - no_path,unit:10,0.0113692338896616
govreport_test_0281,Full - no_path,unit:5,0.0
govreport_test_0281,AB2 - AB0,unit:5,-0.007034613495951719
govreport_test_0281,TextRank - no_path,unit:5,-0.012786677649089168
govreport_test_0281,Lead - no_path,unit:5,0.053773674163369145
govreport_test_0281,Full - no_path,word:110,0.0
govreport_test_0281,AB2 - AB0,word:110,-0.034305317324185264
govreport_test_0281,TextRank - no_path,word:110,-0.0038954008379230853
govreport_test_0281,Lead - no_path,word:110,0.04874985187818459
govreport_test_0281,Full - no_path,word:260,0.0
govreport_test_0281,AB2 - AB0,word:260,-0.00900409276944067
govreport_test_0281,TextRank - no_path,word:260,-0.005744806500564387
govreport_test_0281,Lead - no_path,word:260,-0.0032883993408270584
govreport_test_0282,Full - no_path,unit:10,0.0
govreport_test_0282,AB2 - AB0,unit:10,0.048100670351640507
govreport_test_0282,TextRank - no_path,unit:10,-0.05892318117415135
govreport_test_0282,Lead - no_path,unit:10,-0.1727916893024782
govreport_test_0282,Full - no_path,unit:5,0.0
govreport_test_0282,AB2 - AB0,unit:5,0.035200864709061475
govreport_test_0282,TextRank - no_path,unit:5,-0.055787605542907376
govreport_test_0282,Lead - no_path,unit:5,-0.1380545380545381
govreport_test_0282,Full - no_path,word:110,0.0
govreport_test_0282,AB2 - AB0,word:110,-0.006908462867012105
govreport_test_0282,TextRank - no_path,word:110,0.0034542314335060664
govreport_test_0282,Lead - no_path,word:110,-0.04145077720207255
govreport_test_0282,Full - no_path,word:260,0.0
govreport_test_0282,AB2 - AB0,word:260,0.027020304798082595
govreport_test_0282,TextRank - no_path,word:260,-0.0768175582990398
govreport_test_0282,Lead - no_path,word:260,-0.14814814814814814
govreport_test_0283,Full - no_path,unit:10,0.0
govreport_test_0283,AB2 - AB0,unit:10,-0.007502863688430672
govreport_test_0283,TextRank - no_path,unit:10,0.0044444444444444176
govreport_test_0283,Lead - no_path,unit:10,0.020989010989010987
govreport_test_0283,Full - no_path,unit:5,0.0
govreport_test_0283,AB2 - AB0,unit:5,-0.07435438125093294
govreport_test_0283,TextRank - no_path,unit:5,0.017910194380782646
govreport_test_0283,Lead - no_path,unit:5,0.08454316686024
govreport_test_0283,Full - no_path,word:110,0.0
govreport_test_0283,AB2 - AB0,word:110,-0.0628552533110566
govreport_test_0283,TextRank - no_path,word:110,0.0628552533110566
govreport_test_0283,Lead - no_path,word:110,0.10509993349434701
govreport_test_0283,Full - no_path,word:260,0.0
govreport_test_0283,AB2 - AB0,word:260,-0.06986899563318777
govreport_test_0283,TextRank - no_path,word:260,0.02653188536799625
govreport_test_0283,Lead - no_path,word:260,0.05860185621347727
govreport_test_0284,Full - no_path,unit:10,0.0
govreport_test_0284,AB2 - AB0,unit:10,0.0038265253414327127
govreport_test_0284,TextRank - no_path,unit:10,0.003757888115577368
govreport_test_0284,Lead - no_path,unit:10,-0.06513626149536225
govreport_test_0284,Full - no_path,unit:5,0.0
govreport_test_0284,AB2 - AB0,unit:5,-0.015211114077850335
govreport_test_0284,TextRank - no_path,unit:5,0.024030305392972656
govreport_test_0284,Lead - no_path,unit:5,-0.07497826828152021
govreport_test_0284,Full - no_path,word:110,0.0
govreport_test_0284,AB2 - AB0,word:110,-0.034946236559139796
govreport_test_0284,TextRank - no_path,word:110,0.04545454545454547
govreport_test_0284,Lead - no_path,word:110,-0.0025413597348395295
govreport_test_0284,Full - no_path,word:260,-0.002224694104560637
govreport_test_0284,AB2 - AB0,word:260,-0.014102101504273934
govreport_test_0284,TextRank - no_path,word:260,0.0440296839872642
govreport_test_0284,Lead - no_path,word:260,-0.02034323499164814
govreport_test_0285,Full - no_path,unit:10,-0.01800046272007716
govreport_test_0285,AB2 - AB0,unit:10,-0.008665958946686037
govreport_test_0285,TextRank - no_path,unit:10,-0.00541885576999232
govreport_test_0285,Lead - no_path,unit:10,-0.0527274964499147
govreport_test_0285,Full - no_path,unit:5,-0.0004967105344853562
govreport_test_0285,AB2 - AB0,unit:5,-0.009723370120083619
govreport_test_0285,TextRank - no_path,unit:5,0.005618389232234899
govreport_test_0285,Lead - no_path,unit:5,-0.03865462770554809
govreport_test_0285,Full - no_path,word:110,0.0
govreport_test_0285,AB2 - AB0,word:110,-0.013773681515617003
govreport_test_0285,TextRank - no_path,word:110,0.006874520828009212
govreport_test_0285,Lead - no_path,word:110,-0.028622540250447234
govreport_test_0285,Full - no_path,word:260,0.0028169014084507005
govreport_test_0285,AB2 - AB0,word:260,-0.01078220736850477
govreport_test_0285,TextRank - no_path,word:260,0.01435864836409148
govreport_test_0285,Lead - no_path,word:260,-0.03682177452903068
govreport_test_0286,Full - no_path,unit:10,0.0
govreport_test_0286,AB2 - AB0,unit:10,-0.027157737279269317
govreport_test_0286,TextRank - no_path,unit:10,0.0380962426566018
govreport_test_0286,Lead - no_path,unit:10,-0.04806302949183994
govreport_test_0286,Full - no_path,unit:5,-0.009002354007229457
govreport_test_0286,AB2 - AB0,unit:5,-0.0012159615215732167
govreport_test_0286,TextRank - no_path,unit:5,-0.012391611211937908
govreport_test_0286,Lead - no_path,unit:5,-0.09014280738418672
govreport_test_0286,Full - no_path,word:110,0.0
govreport_test_0286,AB2 - AB0,word:110,-0.020461266247482124
govreport_test_0286,TextRank - no_path,word:110,-0.011664968412472027
govreport_test_0286,Lead - no_path,word:110,-0.06872630935398412
govreport_test_0286,Full - no_path,word:260,-0.002352941176470613
govreport_test_0286,AB2 - AB0,word:260,-0.04493537015276147
govreport_test_0286,TextRank - no_path,word:260,-0.002111827062980659
govreport_test_0286,Lead - no_path,word:260,-0.04000000000000001
govreport_test_0287,Full - no_path,unit:10,0.02567598437030358
govreport_test_0287,AB2 - AB0,unit:10,-0.002987063461218159
govreport_test_0287,TextRank - no_path,unit:10,0.04324008880431335
govreport_test_0287,Lead - no_path,unit:10,-0.02432043448744059
govreport_test_0287,Full - no_path,unit:5,0.01826828150342008
govreport_test_0287,AB2 - AB0,unit:5,-0.03818370506473401
govreport_test_0287,TextRank - no_path,unit:5,0.0338329044747519
govreport_test_0287,Lead - no_path,unit:5,-0.03952226766643946
govreport_test_0287,Full - no_path,word:110,0.007177994872860791
govreport_test_0287,AB2 - AB0,word:110,-0.007177994872860791
govreport_test_0287,TextRank - no_path,word:110,0.04251368391879719
govreport_test_0287,Lead - no_path,word:110,0.004822282269798375
govreport_test_0287,Full - no_path,word:260,-0.0001475570337845511
govreport_test_0287,AB2 - AB0,word:260,-0.0514137587238285
govreport_test_0287,TextRank - no_path,word:260,0.030147852147852178
govreport_test_0287,Lead - no_path,word:260,-0.01598401598401597
govreport_test_0288,Full - no_path,unit:10,0.0036147631606063546
govreport_test_0288,AB2 - AB0,unit:10,-0.026858570791031294
govreport_test_0288,TextRank - no_path,unit:10,0.01392203659506766
govreport_test_0288,Lead - no_path,unit:10,0.0021466742762270563
govreport_test_0288,Full - no_path,unit:5,-0.00348310693138279
govreport_test_0288,AB2 - AB0,unit:5,-0.006187413498331018
govreport_test_0288,TextRank - no_path,unit:5,-0.018659650396177327
govreport_test_0288,Lead - no_path,unit:5,-0.03681826185788149
govreport_test_0288,Full - no_path,word:110,0.000175507020280824
govreport_test_0288,AB2 - AB0,word:110,-0.012304992199687989
govreport_test_0288,TextRank - no_path,word:110,-0.005908217549359246
govreport_test_0288,Lead - no_path,word:110,-0.002949492979719179
govreport_test_0288,Full - no_path,word:260,0.004838173090632558
govreport_test_0288,AB2 - AB0,word:260,-0.012827388933583567
govreport_test_0288,TextRank - no_path,word:260,0.010282033282404901
govreport_test_0288,Lead - no_path,word:260,0.0007779867997321499
govreport_test_0289,Full - no_path,unit:10,0.0
govreport_test_0289,AB2 - AB0,unit:10,0.020624078476213392
govreport_test_0289,TextRank - no_path,unit:10,0.0777167178492538
govreport_test_0289,Lead - no_path,unit:10,-0.08178053830227744
govreport_test_0289,Full - no_path,unit:5,-0.00686723348593854
govreport_test_0289,AB2 - AB0,unit:5,0.006788381878078259
govreport_test_0289,TextRank - no_path,unit:5,0.07708665603402443
govreport_test_0289,Lead - no_path,unit:5,-0.02508984426993212
govreport_test_0289,Full - no_path,word:110,0.0
govreport_test_0289,AB2 - AB0,word:110,-0.01483679525222556
govreport_test_0289,TextRank - no_path,word:110,0.06508875739644973
govreport_test_0289,Lead - no_path,word:110,-0.029432390970852484
govreport_test_0289,Full - no_path,word:260,0.0
govreport_test_0289,AB2 - AB0,word:260,-0.0190703147984701
govreport_test_0289,TextRank - no_path,word:260,0.08980582524271849
govreport_test_0289,Lead - no_path,word:260,-0.061947238676059946
govreport_test_0290,Full - no_path,unit:10,-0.004183024373858424
govreport_test_0290,AB2 - AB0,unit:10,0.04149292149292147
govreport_test_0290,TextRank - no_path,unit:10,0.04516284836650972
govreport_test_0290,Lead - no_path,unit:10,-0.0012317496684285667
govreport_test_0290,Full - no_path,unit:5,0.0
govreport_test_0290,AB2 - AB0,unit:5,0.03215735039477993
govreport_test_0290,TextRank - no_path,unit:5,0.01565000195137181
govreport_test_0290,Lead - no_path,unit:5,-0.024623832490700867
govreport_test_0290,Full - no_path,word:110,0.0
govreport_test_0290,AB2 - AB0,word:110,-0.022222222222222227
govreport_test_0290,TextRank - no_path,word:110,0.022222222222222227
govreport_test_0290,Lead - no_path,word:110,-0.010244855039807738
govreport_test_0290,Full - no_path,word:260,0.003158847683403909
govreport_test_0290,AB2 - AB0,word:260,-0.012961254910054898
govreport_test_0290,TextRank - no_path,word:260,0.06627687227084797
govreport_test_0290,Lead - no_path,word:260,0.009115607349681809
govreport_test_0291,Full - no_path,unit:10,0.0
govreport_test_0291,AB2 - AB0,unit:10,0.01661374682737851
govreport_test_0291,TextRank - no_path,unit:10,0.006015346952210565
govreport_test_0291,Lead - no_path,unit:10,-0.12377709681080462
govreport_test_0291,Full - no_path,unit:5,0.0
govreport_test_0291,AB2 - AB0,unit:5,0.028805412141712644
govreport_test_0291,TextRank - no_path,unit:5,-0.013868533897845065
govreport_test_0291,Lead - no_path,unit:5,-0.08847649346058675
govreport_test_0291,Full - no_path,word:110,0.0
govreport_test_0291,AB2 - AB0,word:110,0.050697084917617236
govreport_test_0291,TextRank - no_path,word:110,-0.012474828382647185
govreport_test_0291,Lead - no_path,word:110,-0.0865019011406844
govreport_test_0291,Full - no_path,word:260,0.0
govreport_test_0291,AB2 - AB0,word:260,0.01470464418265438
govreport_test_0291,TextRank - no_path,word:260,0.00639658848614072
govreport_test_0291,Lead - no_path,word:260,-0.09449495440537056
govreport_test_0292,Full - no_path,unit:10,0.0
govreport_test_0292,AB2 - AB0,unit:10,-0.01268550271615429
govreport_test_0292,TextRank - no_path,unit:10,0.011005692599620476
govreport_test_0292,Lead - no_path,unit:10,-0.044343418829672895
govreport_test_0292,Full - no_path,unit:5,0.0011036309458117288
govreport_test_0292,AB2 - AB0,unit:5,-0.009593931280678286
govreport_test_0292,TextRank - no_path,unit:5,-0.020098097858595537
govreport_test_0292,Lead - no_path,unit:5,-0.03390612386114636
govreport_test_0292,Full - no_path,word:110,0.0
govreport_test_0292,AB2 - AB0,word:110,-0.002921804585747534
govreport_test_0292,TextRank - no_path,word:110,0.015240235799767382
govreport_test_0292,Lead - no_path,word:110,-0.03178170777390037
govreport_test_0292,Full - no_path,word:260,0.013359630120598792
govreport_test_0292,AB2 - AB0,word:260,-0.05329949238578682
govreport_test_0292,TextRank - no_path,word:260,0.01822502938479223
govreport_test_0292,Lead - no_path,word:260,-0.040917560881578094
govreport_test_0293,Full - no_path,unit:10,-0.007795288934078992
govreport_test_0293,AB2 - AB0,unit:10,-0.008792029151545172
govreport_test_0293,TextRank - no_path,unit:10,0.02642521797451372
govreport_test_0293,Lead - no_path,unit:10,-0.018377103122865862
govreport_test_0293,Full - no_path,unit:5,0.0
govreport_test_0293,AB2 - AB0,unit:5,0.002318193297975585
govreport_test_0293,TextRank - no_path,unit:5,-0.015074880142346425
govreport_test_0293,Lead - no_path,unit:5,-0.049549839145607316
govreport_test_0293,Full - no_path,word:110,0.0005305125592378612
govreport_test_0293,AB2 - AB0,word:110,-0.021543985637342916
govreport_test_0293,TextRank - no_path,word:110,0.026067963367446823
govreport_test_0293,Lead - no_path,word:110,-0.024694712665987356
govreport_test_0293,Full - no_path,word:260,-0.016973125884016976
govreport_test_0293,AB2 - AB0,word:260,-0.028527487588949185
govreport_test_0293,TextRank - no_path,word:260,0.033638593883601436
govreport_test_0293,Lead - no_path,word:260,-0.019801980198019792
govreport_test_0294,Full - no_path,unit:10,-0.006225580191121793
govreport_test_0294,AB2 - AB0,unit:10,-0.00029873233582708436
govreport_test_0294,TextRank - no_path,unit:10,0.011643835616438336
govreport_test_0294,Lead - no_path,unit:10,-0.06349071766666176
govreport_test_0294,Full - no_path,unit:5,-0.0074043167258719955
govreport_test_0294,AB2 - AB0,unit:5,-0.001622200263504625
govreport_test_0294,TextRank - no_path,unit:5,-0.0018121785291314862
govreport_test_0294,Lead - no_path,unit:5,-0.07954438810668482
govreport_test_0294,Full - no_path,word:110,0.0
govreport_test_0294,AB2 - AB0,word:110,0.0
govreport_test_0294,TextRank - no_path,word:110,-0.009975062344139654
govreport_test_0294,Lead - no_path,word:110,-0.04212247853457722
govreport_test_0294,Full - no_path,word:260,-0.0005135330406269012
govreport_test_0294,AB2 - AB0,word:260,-0.01241142942621884
govreport_test_0294,TextRank - no_path,word:260,0.008267279750845458
govreport_test_0294,Lead - no_path,word:260,-0.0368326326765091
govreport_test_0295,Full - no_path,unit:10,0.0012221842268576588
govreport_test_0295,AB2 - AB0,unit:10,0.04395590353396045
govreport_test_0295,TextRank - no_path,unit:10,-0.01329303510250937
govreport_test_0295,Lead - no_path,unit:10,-0.08638948180301699
govreport_test_0295,Full - no_path,unit:5,0.002435808902002623
govreport_test_0295,AB2 - AB0,unit:5,0.023642736390182023
govreport_test_0295,TextRank - no_path,unit:5,0.025578587140058395
govreport_test_0295,Lead - no_path,unit:5,-0.03759123639887635
govreport_test_0295,Full - no_path,word:110,-0.0022157874858366178
govreport_test_0295,AB2 - AB0,word:110,0.004879208807195695
govreport_test_0295,TextRank - no_path,word:110,0.023640661938534258
govreport_test_0295,Lead - no_path,word:110,-0.040189125295508304
govreport_test_0295,Full - no_path,word:260,0.0038667231741034702
govreport_test_0295,AB2 - AB0,word:260,0.0044273524089857574
govreport_test_0295,TextRank - no_path,word:260,0.05005146212992678
govreport_test_0295,Lead - no_path,word:260,-0.02236458118072812
govreport_test_0296,Full - no_path,unit:10,0.0
govreport_test_0296,AB2 - AB0,unit:10,-0.028347754891459825
govreport_test_0296,TextRank - no_path,unit:10,0.05271210913087515
govreport_test_0296,Lead - no_path,unit:10,-0.04128764645998395
govreport_test_0296,Full - no_path,unit:5,0.0
govreport_test_0296,AB2 - AB0,unit:5,-0.010974762196197224
govreport_test_0296,TextRank - no_path,unit:5,0.010974762196197224
govreport_test_0296,Lead - no_path,unit:5,-0.03035250015115784
govreport_test_0296,Full - no_path,word:110,0.0
govreport_test_0296,AB2 - AB0,word:110,-0.05944235459060254
govreport_test_0296,TextRank - no_path,word:110,0.06320507106423018
govreport_test_0296,Lead - no_path,word:110,-0.012385480116872197
govreport_test_0296,Full - no_path,word:260,0.0073878645030085455
govreport_test_0296,AB2 - AB0,word:260,-0.07337508626861625
govreport_test_0296,TextRank - no_path,word:260,0.05821378572283065
govreport_test_0296,Lead - no_path,word:260,-0.033078880407124645
govreport_test_0297,Full - no_path,unit:10,0.0
govreport_test_0297,AB2 - AB0,unit:10,-0.014794334128017811
govreport_test_0297,TextRank - no_path,unit:10,0.048740214655884156
govreport_test_0297,Lead - no_path,unit:10,-0.012425235635057319
govreport_test_0297,Full - no_path,unit:5,0.0
govreport_test_0297,AB2 - AB0,unit:5,-0.02648406540153353
govreport_test_0297,TextRank - no_path,unit:5,0.007976902243344047
govreport_test_0297,Lead - no_path,unit:5,-0.012468635398571681
govreport_test_0297,Full - no_path,word:110,0.0
govreport_test_0297,AB2 - AB0,word:110,-0.003327787021630599
govreport_test_0297,TextRank - no_path,word:110,0.04284606866002216
govreport_test_0297,Lead - no_path,word:110,-0.0036655592469545806
govreport_test_0297,Full - no_path,word:260,0.0
govreport_test_0297,AB2 - AB0,word:260,-0.02904637787913983
govreport_test_0297,TextRank - no_path,word:260,0.060605630201971405
govreport_test_0297,Lead - no_path,word:260,0.004560307944900421
govreport_test_0298,Full - no_path,unit:10,0.0
govreport_test_0298,AB2 - AB0,unit:10,-0.042972615702449535
govreport_test_0298,TextRank - no_path,unit:10,0.07953026095574692
govreport_test_0298,Lead - no_path,unit:10,-0.008974765072326057
govreport_test_0298,Full - no_path,unit:5,0.0
govreport_test_0298,AB2 - AB0,unit:5,-0.021564621867488643
govreport_test_0298,TextRank - no_path,unit:5,0.02458208522562566
govreport_test_0298,Lead - no_path,unit:5,-0.01732424712156222
govreport_test_0298,Full - no_path,word:110,0.0
govreport_test_0298,AB2 - AB0,word:110,0.00281369354217037
govreport_test_0298,TextRank - no_path,word:110,0.021192052980132464
govreport_test_0298,Lead - no_path,word:110,-0.018543046357615875
govreport_test_0298,Full - no_path,word:260,0.0
govreport_test_0298,AB2 - AB0,word:260,-0.07048110301667235
govreport_test_0298,TextRank - no_path,word:260,0.0734239778077321
govreport_test_0298,Lead - no_path,word:260,-0.019682167989950344
govreport_test_0299,Full - no_path,unit:10,-0.005560974483582587
govreport_test_0299,AB2 - AB0,unit:10,-0.04990613114403275
govreport_test_0299,TextRank - no_path,unit:10,0.054720950306688804
govreport_test_0299,Lead - no_path,unit:10,-0.03845223375087364
govreport_test_0299,Full - no_path,unit:5,0.0010038038884192801
govreport_test_0299,AB2 - AB0,unit:5,-0.019967340433657943
govreport_test_0299,TextRank - no_path,unit:5,0.03107151114498327
govreport_test_0299,Lead - no_path,unit:5,-0.05787955958355179
govreport_test_0299,Full - no_path,word:110,0.0
govreport_test_0299,AB2 - AB0,word:110,-0.017904354587869376
govreport_test_0299,TextRank - no_path,word:110,0.014268410852713187
govreport_test_0299,Lead - no_path,word:110,-0.0463451726844584
govreport_test_0299,Full - no_path,word:260,-0.005309096017060644
govreport_test_0299,AB2 - AB0,word:260,-0.062385495729139456
govreport_test_0299,TextRank - no_path,word:260,0.02548381431277083
govreport_test_0299,Lead - no_path,word:260,-0.02892464852708554
govreport_test_0300,Full - no_path,unit:10,-0.009153810195885043
govreport_test_0300,AB2 - AB0,unit:10,0.01721390999441591
govreport_test_0300,TextRank - no_path,unit:10,-0.02400603904526366
govreport_test_0300,Lead - no_path,unit:10,-0.035620909102330206
govreport_test_0300,Full - no_path,unit:5,0.0
govreport_test_0300,AB2 - AB0,unit:5,0.0074959261271048405
govreport_test_0300,TextRank - no_path,unit:5,0.0028221251440365136
govreport_test_0300,Lead - no_path,unit:5,-0.026953781716070366
govreport_test_0300,Full - no_path,word:110,0.0
govreport_test_0300,AB2 - AB0,word:110,0.00804540599617476
govreport_test_0300,TextRank - no_path,word:110,-0.009612757395861801
govreport_test_0300,Lead - no_path,word:110,-0.012401341629156765
govreport_test_0300,Full - no_path,word:260,0.005645730416372646
govreport_test_0300,AB2 - AB0,word:260,-0.008113749540290427
govreport_test_0300,TextRank - no_path,word:260,0.006723190235271931
govreport_test_0300,Lead - no_path,word:260,-0.004544415398530899
govreport_test_0301,Full - no_path,unit:10,0.017657086079434142
govreport_test_0301,AB2 - AB0,unit:10,0.008896171780734208
govreport_test_0301,TextRank - no_path,unit:10,0.0071113036988890155
govreport_test_0301,Lead - no_path,unit:10,-0.04788126974324286
govreport_test_0301,Full - no_path,unit:5,0.0
govreport_test_0301,AB2 - AB0,unit:5,0.010193140926782723
govreport_test_0301,TextRank - no_path,unit:5,0.01253510276100303
govreport_test_0301,Lead - no_path,unit:5,-0.026725959919520897
govreport_test_0301,Full - no_path,word:110,0.0
govreport_test_0301,AB2 - AB0,word:110,-0.011034482758620734
govreport_test_0301,TextRank - no_path,word:110,0.03258763969815649
govreport_test_0301,Lead - no_path,word:110,-0.00635937922704391
govreport_test_0301,Full - no_path,word:260,-0.013698630136986273
govreport_test_0301,AB2 - AB0,word:260,-0.011415525114155278
govreport_test_0301,TextRank - no_path,word:260,-0.0041430258194622704
govreport_test_0301,Lead - no_path,word:260,-0.05038711256202391
govreport_test_0302,Full - no_path,unit:10,0.0
govreport_test_0302,AB2 - AB0,unit:10,-0.007290392754693148
govreport_test_0302,TextRank - no_path,unit:10,-0.027503796536331726
govreport_test_0302,Lead - no_path,unit:10,-0.09146968139773898
govreport_test_0302,Full - no_path,unit:5,0.0
govreport_test_0302,AB2 - AB0,unit:5,-0.013058193870261275
govreport_test_0302,TextRank - no_path,unit:5,0.004397023553286944
govreport_test_0302,Lead - no_path,unit:5,-0.04894316653580953
govreport_test_0302,Full - no_path,word:110,0.0
govreport_test_0302,AB2 - AB0,word:110,-0.021437761006116232
govreport_test_0302,TextRank - no_path,word:110,-0.0029518998765162285
govreport_test_0302,Lead - no_path,word:110,-0.03428628583056555
govreport_test_0302,Full - no_path,word:260,0.0
govreport_test_0302,AB2 - AB0,word:260,0.013345247016775252
govreport_test_0302,TextRank - no_path,word:260,-0.005894405119053037
govreport_test_0302,Lead - no_path,word:260,-0.07017493513170953
govreport_test_0303,Full - no_path,unit:10,0.0
govreport_test_0303,AB2 - AB0,unit:10,-0.05043653036869544
govreport_test_0303,TextRank - no_path,unit:10,0.06786831071953325
govreport_test_0303,Lead - no_path,unit:10,-0.05837062639445961
govreport_test_0303,Full - no_path,unit:5,0.0
govreport_test_0303,AB2 - AB0,unit:5,-0.04103682576965015
govreport_test_0303,TextRank - no_path,unit:5,0.062191942993090416
govreport_test_0303,Lead - no_path,unit:5,-0.0378097028536154
govreport_test_0303,Full - no_path,word:110,0.0
govreport_test_0303,AB2 - AB0,word:110,-0.019099590723055948
govreport_test_0303,TextRank - no_path,word:110,0.043935768121128094
govreport_test_0303,Lead - no_path,word:110,-0.043656207366985
govreport_test_0303,Full - no_path,word:260,0.0
govreport_test_0303,AB2 - AB0,word:260,-0.08607021517553792
govreport_test_0303,TextRank - no_path,word:260,0.11809873062097623
govreport_test_0303,Lead - no_path,word:260,-0.00036854329423960386
govreport_test_0304,Full - no_path,unit:10,0.0
govreport_test_0304,AB2 - AB0,unit:10,-0.02105804122612953
govreport_test_0304,TextRank - no_path,unit:10,0.021829457746652486
govreport_test_0304,Lead - no_path,unit:10,-0.03752819851756367
govreport_test_0304,Full - no_path,unit:5,0.0
govreport_test_0304,AB2 - AB0,unit:5,-0.02981787069820785
govreport_test_0304,TextRank - no_path,unit:5,0.02981787069820785
govreport_test_0304,Lead - no_path,unit:5,-0.020767561168113652
govreport_test_0304,Full - no_path,word:110,0.0
govreport_test_0304,AB2 - AB0,word:110,-0.04326123128119799
govreport_test_0304,TextRank - no_path,word:110,0.06593764400405072
govreport_test_0304,Lead - no_path,word:110,-0.019800332778702176
govreport_test_0304,Full - no_path,word:260,0.0
govreport_test_0304,AB2 - AB0,word:260,-0.031240789861479518
govreport_test_0304,TextRank - no_path,word:260,0.022541373406886084
govreport_test_0304,Lead - no_path,word:260,-0.04359619273068008
govreport_test_0305,Full - no_path,unit:10,0.0
govreport_test_0305,AB2 - AB0,unit:10,0.026084455793690314
govreport_test_0305,TextRank - no_path,unit:10,-0.0310653059623284
govreport_test_0305,Lead - no_path,unit:10,-0.08692271229967058
govreport_test_0305,Full - no_path,unit:5,0.0
govreport_test_0305,AB2 - AB0,unit:5,0.0
govreport_test_0305,TextRank - no_path,unit:5,-0.02964274583271967
govreport_test_0305,Lead - no_path,unit:5,-0.09743095415443483
govreport_test_0305,Full - no_path,word:110,-0.005221881467946124
govreport_test_0305,AB2 - AB0,word:110,0.00018595929815862222
govreport_test_0305,TextRank - no_path,word:110,0.008534756955071499
govreport_test_0305,Lead - no_path,word:110,-0.027676942209273914
govreport_test_0305,Full - no_path,word:260,0.0
govreport_test_0305,AB2 - AB0,word:260,-0.020919804769651995
govreport_test_0305,TextRank - no_path,word:260,0.011757264575659482
govreport_test_0305,Lead - no_path,word:260,-0.033181834977644736
govreport_test_0306,Full - no_path,unit:10,0.0
govreport_test_0306,AB2 - AB0,unit:10,-0.008016185059357972
govreport_test_0306,TextRank - no_path,unit:10,-0.005361636940584225
govreport_test_0306,Lead - no_path,unit:10,-0.09701699042559073
govreport_test_0306,Full - no_path,unit:5,0.0
govreport_test_0306,AB2 - AB0,unit:5,0.020154898864576276
govreport_test_0306,TextRank - no_path,unit:5,-0.05372738698251897
govreport_test_0306,Lead - no_path,unit:5,-0.1345660157112193
govreport_test_0306,Full - no_path,word:110,-0.002295688469382884
govreport_test_0306,AB2 - AB0,word:110,-0.027548209366391185
govreport_test_0306,TextRank - no_path,word:110,0.002985968222932095
govreport_test_0306,Lead - no_path,word:110,-0.08229568846938291
govreport_test_0306,Full - no_path,word:260,0.0
govreport_test_0306,AB2 - AB0,word:260,-0.023388825541619168
govreport_test_0306,TextRank - no_path,word:260,-0.02052451539338651
govreport_test_0306,Lead - no_path,word:260,-0.10067935082236862
govreport_test_0307,Full - no_path,unit:10,-0.01223328591749645
govreport_test_0307,AB2 - AB0,unit:10,0.038195042324142975
govreport_test_0307,TextRank - no_path,unit:10,-0.00623366927958191
govreport_test_0307,Lead - no_path,unit:10,-0.07456388847472789
govreport_test_0307,Full - no_path,unit:5,-0.03618087891508323
govreport_test_0307,AB2 - AB0,unit:5,-0.04325717633274753
govreport_test_0307,TextRank - no_path,unit:5,0.026625352871655794
govreport_test_0307,Lead - no_path,unit:5,-0.08081261442154375
govreport_test_0307,Full - no_path,word:110,0.020500031369596577
govreport_test_0307,AB2 - AB0,word:110,-0.08106317010248279
govreport_test_0307,TextRank - no_path,word:110,0.05095461951649241
govreport_test_0307,Lead - no_path,word:110,-0.03135443979180527
govreport_test_0307,Full - no_path,word:260,-0.0365296803652968
govreport_test_0307,AB2 - AB0,word:260,0.04852347269883511
govreport_test_0307,TextRank - no_path,word:260,0.014090819956859096
govreport_test_0307,Lead - no_path,word:260,-0.07255742619122316
govreport_test_0308,Full - no_path,unit:10,0.0
govreport_test_0308,AB2 - AB0,unit:10,-0.08878391674096558
govreport_test_0308,TextRank - no_path,unit:10,0.09324685424184154
govreport_test_0308,Lead - no_path,unit:10,-0.014197911219042347
govreport_test_0308,Full - no_path,unit:5,0.0
govreport_test_0308,AB2 - AB0,unit:5,-0.036361678645454754
govreport_test_0308,TextRank - no_path,unit:5,0.06334375074933457
govreport_test_0308,Lead - no_path,unit:5,-0.026766688033817848
govreport_test_0308,Full - no_path,word:110,0.0
govreport_test_0308,AB2 - AB0,word:110,-0.010652026429119194
govreport_test_0308,TextRank - no_path,word:110,0.027362466725820753
govreport_test_0308,Lead - no_path,word:110,0.0027173913043478243
govreport_test_0308,Full - no_path,word:260,0.0
govreport_test_0308,AB2 - AB0,word:260,-0.03182920591132002
govreport_test_0308,TextRank - no_path,word:260,0.05916470805546534
govreport_test_0308,Lead - no_path,word:260,-0.018038331454340417
govreport_test_0309,Full - no_path,unit:10,-0.000594574507617962
govreport_test_0309,AB2 - AB0,unit:10,-0.014357110404361634
govreport_test_0309,TextRank - no_path,unit:10,0.011965811965811979
govreport_test_0309,Lead - no_path,unit:10,-0.004051504051504035
govreport_test_0309,Full - no_path,unit:5,-0.007667649738759136
govreport_test_0309,AB2 - AB0,unit:5,-0.009151163666490936
govreport_test_0309,TextRank - no_path,unit:5,0.008308565575928128
govreport_test_0309,Lead - no_path,unit:5,0.005305124202600375
govreport_test_0309,Full - no_path,word:110,0.010764504047902052
govreport_test_0309,AB2 - AB0,word:110,0.002226269985832821
govreport_test_0309,TextRank - no_path,word:110,0.030095759233926156
govreport_test_0309,Lead - no_path,word:110,0.027359781121751026
govreport_test_0309,Full - no_path,word:260,0.002457608184836757
govreport_test_0309,AB2 - AB0,word:260,-0.007043127520943243
govreport_test_0309,TextRank - no_path,word:260,0.04602594461031609
govreport_test_0309,Lead - no_path,word:260,0.016899831543428473
govreport_test_0310,Full - no_path,unit:10,-0.0007736251659543336
govreport_test_0310,AB2 - AB0,unit:10,0.010616629062231847
govreport_test_0310,TextRank - no_path,unit:10,-0.005241742017924683
govreport_test_0310,Lead - no_path,unit:10,-0.08123190791092483
govreport_test_0310,Full - no_path,unit:5,0.0311986607680739
govreport_test_0310,AB2 - AB0,unit:5,0.01621457774229082
govreport_test_0310,TextRank - no_path,unit:5,0.03281793518457801
govreport_test_0310,Lead - no_path,unit:5,-0.03713458922567564
govreport_test_0310,Full - no_path,word:110,0.018423851259672136
govreport_test_0310,AB2 - AB0,word:110,0.013531799729363997
govreport_test_0310,TextRank - no_path,word:110,0.02382925666507757
govreport_test_0310,Lead - no_path,word:110,-0.011753297625417491
govreport_test_0310,Full - no_path,word:260,0.006960995725040636
govreport_test_0310,AB2 - AB0,word:260,-0.006514584042673938
govreport_test_0310,TextRank - no_path,word:260,0.013702568758748507
govreport_test_0310,Lead - no_path,word:260,-0.021179052429052436
govreport_test_0311,Full - no_path,unit:10,0.0
govreport_test_0311,AB2 - AB0,unit:10,-0.005437740746943587
govreport_test_0311,TextRank - no_path,unit:10,0.0057987775984065515
govreport_test_0311,Lead - no_path,unit:10,-0.04713313896987367
govreport_test_0311,Full - no_path,unit:5,0.007409167389965637
govreport_test_0311,AB2 - AB0,unit:5,-0.055133015440124
govreport_test_0311,TextRank - no_path,unit:5,-0.011316859080454239
govreport_test_0311,Lead - no_path,unit:5,-0.07240412691449351
govreport_test_0311,Full - no_path,word:110,0.0
govreport_test_0311,AB2 - AB0,word:110,-0.037372265638414254
govreport_test_0311,TextRank - no_path,word:110,0.0407523510971787
govreport_test_0311,Lead - no_path,word:110,-0.006622257053291544
govreport_test_0311,Full - no_path,word:260,-0.0027857662143817297
govreport_test_0311,AB2 - AB0,word:260,-0.045215100258799906
govreport_test_0311,TextRank - no_path,word:260,0.010152284263959421
govreport_test_0311,Lead - no_path,word:260,-0.030669162919071208
govreport_test_0312,Full - no_path,unit:10,0.0
govreport_test_0312,AB2 - AB0,unit:10,0.009122346579436974
govreport_test_0312,TextRank - no_path,unit:10,-0.001629373763895936
govreport_test_0312,Lead - no_path,unit:10,-0.07848589058803448
govreport_test_0312,Full - no_path,unit:5,0.0
govreport_test_0312,AB2 - AB0,unit:5,0.03396343800323445
govreport_test_0312,TextRank - no_path,unit:5,-0.016442411906209542
govreport_test_0312,Lead - no_path,unit:5,-0.06278287857235225
govreport_test_0312,Full - no_path,word:110,0.0
govreport_test_0312,AB2 - AB0,word:110,-0.02524542449805138
govreport_test_0312,TextRank - no_path,word:110,0.02825105756737953
govreport_test_0312,Lead - no_path,word:110,-0.017059977902010248
govreport_test_0312,Full - no_path,word:260,0.0
govreport_test_0312,AB2 - AB0,word:260,-0.0298196718591881
govreport_test_0312,TextRank - no_path,word:260,0.027327486934183742
govreport_test_0312,Lead - no_path,word:260,-0.03083538902593505
govreport_test_0313,Full - no_path,unit:10,0.0
govreport_test_0313,AB2 - AB0,unit:10,0.04215222320812387
govreport_test_0313,TextRank - no_path,unit:10,-0.03617922872473797
govreport_test_0313,Lead - no_path,unit:10,-0.06814303128809429
govreport_test_0313,Full - no_path,unit:5,0.0
govreport_test_0313,AB2 - AB0,unit:5,0.037258466555466024
govreport_test_0313,TextRank - no_path,unit:5,-0.023461047254150713
govreport_test_0313,Lead - no_path,unit:5,-0.07403343782654126
govreport_test_0313,Full - no_path,word:110,0.0
govreport_test_0313,AB2 - AB0,word:110,0.0074692811619101185
govreport_test_0313,TextRank - no_path,word:110,-0.0074692811619101185
govreport_test_0313,Lead - no_path,word:110,-0.03563829524641715
govreport_test_0313,Full - no_path,word:260,0.0
govreport_test_0313,AB2 - AB0,word:260,-0.004776977861844001
govreport_test_0313,TextRank - no_path,word:260,-0.0073164877018355445
govreport_test_0313,Lead - no_path,word:260,-0.02250636111955706
govreport_test_0314,Full - no_path,unit:10,0.00036117940555027706
govreport_test_0314,AB2 - AB0,unit:10,-0.0006610305117767945
govreport_test_0314,TextRank - no_path,unit:10,0.01799738487870256
govreport_test_0314,Lead - no_path,unit:10,-0.047693740502916554
govreport_test_0314,Full - no_path,unit:5,0.0
govreport_test_0314,AB2 - AB0,unit:5,0.027524540346734877
govreport_test_0314,TextRank - no_path,unit:5,0.026798269542566033
govreport_test_0314,Lead - no_path,unit:5,-0.02397062649522992
govreport_test_0314,Full - no_path,word:110,0.0
govreport_test_0314,AB2 - AB0,word:110,-0.005649717514124297
govreport_test_0314,TextRank - no_path,word:110,0.025587084538579843
govreport_test_0314,Lead - no_path,word:110,-0.019474806638431333
govreport_test_0314,Full - no_path,word:260,-0.004863281409372422
govreport_test_0314,AB2 - AB0,word:260,-0.013535045906952675
govreport_test_0314,TextRank - no_path,word:260,0.04641876987267893
govreport_test_0314,Lead - no_path,word:260,-0.042311281604753254
govreport_test_0315,Full - no_path,unit:10,0.0
govreport_test_0315,AB2 - AB0,unit:10,-0.0674357213797418
govreport_test_0315,TextRank - no_path,unit:10,0.0674357213797418
govreport_test_0315,Lead - no_path,unit:10,-0.07184321850988518
govreport_test_0315,Full - no_path,unit:5,0.0
govreport_test_0315,AB2 - AB0,unit:5,-0.010197679629537382
govreport_test_0315,TextRank - no_path,unit:5,-0.008202832451172648
govreport_test_0315,Lead - no_path,unit:5,-0.12390585670141259
govreport_test_0315,Full - no_path,word:110,0.0
govreport_test_0315,AB2 - AB0,word:110,0.036036036036036
govreport_test_0315,TextRank - no_path,word:110,-0.015512500452259492
govreport_test_0315,Lead - no_path,word:110,-0.06656355150331053
govreport_test_0315,Full - no_path,word:260,0.0
govreport_test_0315,AB2 - AB0,word:260,-0.01009118577418125
govreport_test_0315,TextRank - no_path,word:260,0.021772357968677047
govreport_test_0315,Lead - no_path,word:260,-0.08458808458808453
govreport_test_0316,Full - no_path,unit:10,0.0
govreport_test_0316,AB2 - AB0,unit:10,0.008400752865124761
govreport_test_0316,TextRank - no_path,unit:10,-0.006171021867866638
govreport_test_0316,Lead - no_path,unit:10,-0.0773368547490618
govreport_test_0316,Full - no_path,unit:5,0.0
govreport_test_0316,AB2 - AB0,unit:5,0.026941742368471827
govreport_test_0316,TextRank - no_path,unit:5,-0.04347215313092381
govreport_test_0316,Lead - no_path,unit:5,-0.11234227735534454
govreport_test_0316,Full - no_path,word:110,0.0
govreport_test_0316,AB2 - AB0,word:110,-0.019140691865984022
govreport_test_0316,TextRank - no_path,word:110,0.007595254535183005
govreport_test_0316,Lead - no_path,word:110,-0.05966949391255358
govreport_test_0316,Full - no_path,word:260,0.0
govreport_test_0316,AB2 - AB0,word:260,0.048442906574394484
govreport_test_0316,TextRank - no_path,word:260,0.008055171382648663
govreport_test_0316,Lead - no_path,word:260,-0.06337340004592276
govreport_test_0317,Full - no_path,unit:10,-0.0040485829959514
govreport_test_0317,AB2 - AB0,unit:10,-0.0032230042545630666
govreport_test_0317,TextRank - no_path,unit:10,-0.0027355948883594494
govreport_test_0317,Lead - no_path,unit:10,-0.11239281388581937
govreport_test_0317,Full - no_path,unit:5,0.002157267228418608
govreport_test_0317,AB2 - AB0,unit:5,-0.012490396864758724
govreport_test_0317,TextRank - no_path,unit:5,0.01662499503909201
govreport_test_0317,Lead - no_path,unit:5,-0.07189189189189188
govreport_test_0317,Full - no_path,word:110,0.0
govreport_test_0317,AB2 - AB0,word:110,-0.05124098905613861
govreport_test_0317,TextRank - no_path,word:110,0.048091826902936646
govreport_test_0317,Lead - no_path,word:110,-0.030581039755351674
govreport_test_0317,Full - no_path,word:260,-0.0007618523107990327
govreport_test_0317,AB2 - AB0,word:260,-0.03393811611089531
govreport_test_0317,TextRank - no_path,word:260,0.041213456331176235
govreport_test_0317,Lead - no_path,word:260,-0.06461101500484623
govreport_test_0318,Full - no_path,unit:10,0.0
govreport_test_0318,AB2 - AB0,unit:10,-0.007983177499906152
govreport_test_0318,TextRank - no_path,unit:10,0.020045111307247232
govreport_test_0318,Lead - no_path,unit:10,-0.056426926140399986
govreport_test_0318,Full - no_path,unit:5,0.0
govreport_test_0318,AB2 - AB0,unit:5,0.03866129654380568
govreport_test_0318,TextRank - no_path,unit:5,-0.006052036199095001
govreport_test_0318,Lead - no_path,unit:5,-0.08312693498452012
govreport_test_0318,Full - no_path,word:110,-0.0050761421319797245
govreport_test_0318,AB2 - AB0,word:110,0.012185353770929483
govreport_test_0318,TextRank - no_path,word:110,-0.004918117376918066
govreport_test_0318,Lead - no_path,word:110,-0.0381868715137712
govreport_test_0318,Full - no_path,word:260,-0.013164342648644883
govreport_test_0318,AB2 - AB0,word:260,0.02108626198083066
govreport_test_0318,TextRank - no_path,word:260,0.0021299254526091493
govreport_test_0318,Lead - no_path,word:260,-0.047170718844181586
govreport_test_0319,Full - no_path,unit:10,0.0
govreport_test_0319,AB2 - AB0,unit:10,-0.04087385482734315
govreport_test_0319,TextRank - no_path,unit:10,0.013234977237196216
govreport_test_0319,Lead - no_path,unit:10,-0.1309727975515158
govreport_test_0319,Full - no_path,unit:5,-0.010820025745398865
govreport_test_0319,AB2 - AB0,unit:5,0.06162464985994401
govreport_test_0319,TextRank - no_path,unit:5,-0.020589572911067916
govreport_test_0319,Lead - no_path,unit:5,-0.10145875994848952
govreport_test_0319,Full - no_path,word:110,0.0
govreport_test_0319,AB2 - AB0,word:110,-0.03954802259887005
govreport_test_0319,TextRank - no_path,word:110,0.05091937765205093
govreport_test_0319,Lead - no_path,word:110,-0.016973125884016976
govreport_test_0319,Full - no_path,word:260,0.0
govreport_test_0319,AB2 - AB0,word:260,-0.04164054804334205
govreport_test_0319,TextRank - no_path,word:260,0.06263313713837576
govreport_test_0319,Lead - no_path,word:260,-0.0542836900145485
govreport_test_0320,Full - no_path,unit:10,0.011540542165053735
govreport_test_0320,AB2 - AB0,unit:10,0.008694859380323328
govreport_test_0320,TextRank - no_path,unit:10,0.019184348944333796
govreport_test_0320,Lead - no_path,unit:10,-0.07569615928186493
govreport_test_0320,Full - no_path,unit:5,0.012898750169200973
govreport_test_0320,AB2 - AB0,unit:5,0.008064516129032251
govreport_test_0320,TextRank - no_path,unit:5,0.008212612418547094
govreport_test_0320,Lead - no_path,unit:5,-0.08981143233802949
govreport_test_0320,Full - no_path,word:110,0.0
govreport_test_0320,AB2 - AB0,word:110,-0.0003819709702062579
govreport_test_0320,TextRank - no_path,word:110,-0.03558718861209964
govreport_test_0320,Lead - no_path,word:110,-0.06377782429697859
govreport_test_0320,Full - no_path,word:260,-0.0024156220822821872
govreport_test_0320,AB2 - AB0,word:260,-0.005625879043600512
govreport_test_0320,TextRank - no_path,word:260,0.004401161527368969
govreport_test_0320,Lead - no_path,word:260,-0.07694526203504334
govreport_test_0321,Full - no_path,unit:10,0.000191236091252045
govreport_test_0321,AB2 - AB0,unit:10,-0.01032224500413137
govreport_test_0321,TextRank - no_path,unit:10,0.013121045696253386
govreport_test_0321,Lead - no_path,unit:10,-0.07356054902514786
govreport_test_0321,Full - no_path,unit:5,-0.08115643774687162
govreport_test_0321,AB2 - AB0,unit:5,-0.01386364446345198
govreport_test_0321,TextRank - no_path,unit:5,0.01386364446345198
govreport_test_0321,Lead - no_path,unit:5,-0.099290780141844
govreport_test_0321,Full - no_path,word:110,-0.007745247011023859
govreport_test_0321,AB2 - AB0,word:110,-0.0432218101475578
govreport_test_0321,TextRank - no_path,word:110,0.0432218101475578
govreport_test_0321,Lead - no_path,word:110,0.0002573832700874523
govreport_test_0321,Full - no_path,word:260,-0.062118128339316125
govreport_test_0321,AB2 - AB0,word:260,0.000681814031164657
govreport_test_0321,TextRank - no_path,word:260,0.017069701280227556
govreport_test_0321,Lead - no_path,word:260,-0.03982930298719772
govreport_test_0322,Full - no_path,unit:10,-0.002441492726122707
govreport_test_0322,AB2 - AB0,unit:10,-0.005002858776443686
govreport_test_0322,TextRank - no_path,unit:10,0.02597936914912649
govreport_test_0322,Lead - no_path,unit:10,-0.04180848361696721
govreport_test_0322,Full - no_path,unit:5,-0.005756765030813654
govreport_test_0322,AB2 - AB0,unit:5,-0.004402907580477677
govreport_test_0322,TextRank - no_path,unit:5,0.020242722112809447
govreport_test_0322,Lead - no_path,unit:5,-0.04300914291824842
govreport_test_0322,Full - no_path,word:110,0.019580787173927333
govreport_test_0322,AB2 - AB0,word:110,-0.007988135131837076
govreport_test_0322,TextRank - no_path,word:110,0.02756892230576441
govreport_test_0322,Lead - no_path,word:110,-0.002506265664160387
govreport_test_0322,Full - no_path,word:260,0.0
govreport_test_0322,AB2 - AB0,word:260,-0.03834776815456367
govreport_test_0322,TextRank - no_path,word:260,0.04968443073431905
govreport_test_0322,Lead - no_path,word:260,-0.029842327337330693
govreport_test_0323,Full - no_path,unit:10,0.0
govreport_test_0323,AB2 - AB0,unit:10,-0.05298007254570289
govreport_test_0323,TextRank - no_path,unit:10,0.04747905318914403
govreport_test_0323,Lead - no_path,unit:10,-0.015829523110744453
govreport_test_0323,Full - no_path,unit:5,0.0
govreport_test_0323,AB2 - AB0,unit:5,-0.042919838781907776
govreport_test_0323,TextRank - no_path,unit:5,0.05239554825761725
govreport_test_0323,Lead - no_path,unit:5,-0.03335837951222567
govreport_test_0323,Full - no_path,word:110,0.0
govreport_test_0323,AB2 - AB0,word:110,-0.06858675925195298
govreport_test_0323,TextRank - no_path,word:110,0.03584637268847796
govreport_test_0323,Lead - no_path,word:110,0.047858384700489975
govreport_test_0323,Full - no_path,word:260,0.0
govreport_test_0323,AB2 - AB0,word:260,-0.04841895007171235
govreport_test_0323,TextRank - no_path,word:260,0.05398773006134974
govreport_test_0323,Lead - no_path,word:260,0.013621279878948594
govreport_test_0324,Full - no_path,unit:10,0.0
govreport_test_0324,AB2 - AB0,unit:10,0.0005076050107866159
govreport_test_0324,TextRank - no_path,unit:10,-0.004453914545041016
govreport_test_0324,Lead - no_path,unit:10,-0.0027526778768475757
govreport_test_0324,Full - no_path,unit:5,0.0
govreport_test_0324,AB2 - AB0,unit:5,0.008957414033513772
govreport_test_0324,TextRank - no_path,unit:5,-0.003610675039246475
govreport_test_0324,Lead - no_path,unit:5,-0.048251748251748244
govreport_test_0324,Full - no_path,word:110,0.0
govreport_test_0324,AB2 - AB0,word:110,0.002781992918563514
govreport_test_0324,TextRank - no_path,word:110,-0.017956499747091542
govreport_test_0324,Lead - no_path,word:110,-0.024242424242424288
govreport_test_0324,Full - no_path,word:260,0.0
govreport_test_0324,AB2 - AB0,word:260,0.0005806136169172194
govreport_test_0324,TextRank - no_path,word:260,-0.007416563658838082
govreport_test_0324,Lead - no_path,word:260,-0.027435181370080414
govreport_test_0325,Full - no_path,unit:10,0.01884057971014491
govreport_test_0325,AB2 - AB0,unit:10,-0.005491380842367166
govreport_test_0325,TextRank - no_path,unit:10,-0.004010285436792715
govreport_test_0325,Lead - no_path,unit:10,-0.05647306630413801
govreport_test_0325,Full - no_path,unit:5,0.005565756173941783
govreport_test_0325,AB2 - AB0,unit:5,-0.01294847898920573
govreport_test_0325,TextRank - no_path,unit:5,0.0037354183240803362
govreport_test_0325,Lead - no_path,unit:5,-0.05487552731431343
govreport_test_0325,Full - no_path,word:110,0.0053713059539330504
govreport_test_0325,AB2 - AB0,word:110,-0.010240994376234921
govreport_test_0325,TextRank - no_path,word:110,0.025474221789883275
govreport_test_0325,Lead - no_path,word:110,-0.023185922541340304
govreport_test_0325,Full - no_path,word:260,-0.005034485871840355
govreport_test_0325,AB2 - AB0,word:260,0.0030093032086576654
govreport_test_0325,TextRank - no_path,word:260,-0.003917774004931512
govreport_test_0325,Lead - no_path,word:260,-0.04994571118349622
govreport_test_0326,Full - no_path,unit:10,-0.00018458585087927082
govreport_test_0326,AB2 - AB0,unit:10,-0.02092198581560281
govreport_test_0326,TextRank - no_path,unit:10,0.007597162255533252
govreport_test_0326,Lead - no_path,unit:10,-0.009668870807968799
govreport_test_0326,Full - no_path,unit:5,-0.012118076885770629
govreport_test_0326,AB2 - AB0,unit:5,0.005964286487930626
govreport_test_0326,TextRank - no_path,unit:5,-0.0007344205637757895
govreport_test_0326,Lead - no_path,unit:5,-0.000341785131080935
govreport_test_0326,Full - no_path,word:110,0.005988638611196653
govreport_test_0326,AB2 - AB0,word:110,-0.028526148969889087
govreport_test_0326,TextRank - no_path,word:110,0.009508716323296348
govreport_test_0326,Lead - no_path,word:110,0.012678288431061793
govreport_test_0326,Full - no_path,word:260,-0.016134793707234724
govreport_test_0326,AB2 - AB0,word:260,-0.01595286001724633
govreport_test_0326,TextRank - no_path,word:260,0.010469811878262597
govreport_test_0326,Lead - no_path,word:260,0.0002134016218523216
govreport_test_0327,Full - no_path,unit:10,0.0
govreport_test_0327,AB2 - AB0,unit:10,-0.00046988460666175236
govreport_test_0327,TextRank - no_path,unit:10,0.011829645680509426
govreport_test_0327,Lead - no_path,unit:10,-0.03271862733477887
govreport_test_0327,Full - no_path,unit:5,0.0
govreport_test_0327,AB2 - AB0,unit:5,0.01653717026378898
govreport_test_0327,TextRank - no_path,unit:5,-0.0063184701133961185
govreport_test_0327,Lead - no_path,unit:5,-0.04494353668538263
govreport_test_0327,Full - no_path,word:110,0.0
govreport_test_0327,AB2 - AB0,word:110,0.006207973857382698
govreport_test_0327,TextRank - no_path,word:110,0.01779740760250506
govreport_test_0327,Lead - no_path,word:110,-0.015356674039308765
govreport_test_0327,Full - no_path,word:260,0.017369861041111684
govreport_test_0327,AB2 - AB0,word:260,-0.019559902200489004
govreport_test_0327,TextRank - no_path,word:260,0.03157236355801088
govreport_test_0327,Lead - no_path,word:260,-0.01019244593296001
govreport_test_0328,Full - no_path,unit:10,0.0
govreport_test_0328,AB2 - AB0,unit:10,-0.008319514960881208
govreport_test_0328,TextRank - no_path,unit:10,0.01989384004638925
govreport_test_0328,Lead - no_path,unit:10,-0.05557703543320619
govreport_test_0328,Full - no_path,unit:5,0.01908272568319036
govreport_test_0328,AB2 - AB0,unit:5,-0.039965297860034665
govreport_test_0328,TextRank - no_path,unit:5,0.06657138829977285
govreport_test_0328,Lead - no_path,unit:5,-0.010169048273642248
govreport_test_0328,Full - no_path,word:110,0.010682201415773071
govreport_test_0328,AB2 - AB0,word:110,-0.008985987360504766
govreport_test_0328,TextRank - no_path,word:110,0.03704991884461231
govreport_test_0328,Lead - no_path,word:110,-0.015068871545600326
govreport_test_0328,Full - no_path,word:260,-0.00019630884081012212
govreport_test_0328,AB2 - AB0,word:260,-0.0004484435272574805
govreport_test_0328,TextRank - no_path,word:260,0.045205327413984475
govreport_test_0328,Lead - no_path,word:260,-0.03703518286747323
govreport_test_0329,Full - no_path,unit:10,-0.008163531870428398
govreport_test_0329,AB2 - AB0,unit:10,0.007199242992566329
govreport_test_0329,TextRank - no_path,unit:10,-0.03227828900798868
govreport_test_0329,Lead - no_path,unit:10,-0.06161088868242756
govreport_test_0329,Full - no_path,unit:5,0.007608269489567804
govreport_test_0329,AB2 - AB0,unit:5,-0.030349741376357348
govreport_test_0329,TextRank - no_path,unit:5,0.00912786137060545
govreport_test_0329,Lead - no_path,unit:5,-0.03904466348585724
govreport_test_0329,Full - no_path,word:110,0.01166893132136644
govreport_test_0329,AB2 - AB0,word:110,-0.028519137423410515
govreport_test_0329,TextRank - no_path,word:110,0.03955943820447298
govreport_test_0329,Lead - no_path,word:110,0.003194355050179995
govreport_test_0329,Full - no_path,word:260,-0.028117656591848256
govreport_test_0329,AB2 - AB0,word:260,-0.009770632386012612
govreport_test_0329,TextRank - no_path,word:260,-0.034680672496412795
govreport_test_0329,Lead - no_path,word:260,-0.07705174553499161
govreport_test_0330,Full - no_path,unit:10,0.0
govreport_test_0330,AB2 - AB0,unit:10,0.03664525308919245
govreport_test_0330,TextRank - no_path,unit:10,0.00783078307830784
govreport_test_0330,Lead - no_path,unit:10,-0.031909476661951874
govreport_test_0330,Full - no_path,unit:5,0.0
govreport_test_0330,AB2 - AB0,unit:5,0.0003808168208662699
govreport_test_0330,TextRank - no_path,unit:5,-0.01454451345755689
govreport_test_0330,Lead - no_path,unit:5,-0.03846924464035259
govreport_test_0330,Full - no_path,word:110,0.0
govreport_test_0330,AB2 - AB0,word:110,-0.03179190751445085
govreport_test_0330,TextRank - no_path,word:110,0.011305555323189165
govreport_test_0330,Lead - no_path,word:110,-0.04574176286473933
govreport_test_0330,Full - no_path,word:260,0.0
govreport_test_0330,AB2 - AB0,word:260,-0.04956283829666139
govreport_test_0330,TextRank - no_path,word:260,0.014770869565830652
govreport_test_0330,Lead - no_path,word:260,-0.03257922386036269
govreport_test_0331,Full - no_path,unit:10,0.0
govreport_test_0331,AB2 - AB0,unit:10,0.004706143926480361
govreport_test_0331,TextRank - no_path,unit:10,-0.0009028806260748812
govreport_test_0331,Lead - no_path,unit:10,-0.04032368796527905
govreport_test_0331,Full - no_path,unit:5,-0.018555159829398093
govreport_test_0331,AB2 - AB0,unit:5,0.012897662809167237
govreport_test_0331,TextRank - no_path,unit:5,-0.02369054731772674
govreport_test_0331,Lead - no_path,unit:5,-0.04650381935700498
govreport_test_0331,Full - no_path,word:110,0.0
govreport_test_0331,AB2 - AB0,word:110,0.0
govreport_test_0331,TextRank - no_path,word:110,0.016142250478058923
govreport_test_0331,Lead - no_path,word:110,-0.007905550057975858
govreport_test_0331,Full - no_path,word:260,0.0
govreport_test_0331,AB2 - AB0,word:260,0.01903011506135968
govreport_test_0331,TextRank - no_path,word:260,0.002159097868022042
govreport_test_0331,Lead - no_path,word:260,-0.008868413475381559
govreport_test_0332,Full - no_path,unit:10,-0.03182112243247617
govreport_test_0332,AB2 - AB0,unit:10,0.0073668491786958445
govreport_test_0332,TextRank - no_path,unit:10,-0.0020776918510567455
govreport_test_0332,Lead - no_path,unit:10,-0.03745787216703364
govreport_test_0332,Full - no_path,unit:5,-0.018100529397459653
govreport_test_0332,AB2 - AB0,unit:5,-0.0038363617340354816
govreport_test_0332,TextRank - no_path,unit:5,0.0011296163236707846
govreport_test_0332,Lead - no_path,unit:5,-0.048471245087509704
govreport_test_0332,Full - no_path,word:110,0.0002861230329041786
govreport_test_0332,AB2 - AB0,word:110,-0.02575107296137341
govreport_test_0332,TextRank - no_path,word:110,0.00858369098712447
govreport_test_0332,Lead - no_path,word:110,-0.02598082914411226
govreport_test_0332,Full - no_path,word:260,-0.04538087520259318
govreport_test_0332,AB2 - AB0,word:260,0.022727272727272763
govreport_test_0332,TextRank - no_path,word:260,-0.025631985518533323
govreport_test_0332,Lead - no_path,word:260,-0.045648376894148024
govreport_test_0333,Full - no_path,unit:10,0.0
govreport_test_0333,AB2 - AB0,unit:10,-0.05667850178940831
govreport_test_0333,TextRank - no_path,unit:10,0.06048203325224466
govreport_test_0333,Lead - no_path,unit:10,-0.058313720501240396
govreport_test_0333,Full - no_path,unit:5,0.0
govreport_test_0333,AB2 - AB0,unit:5,-0.11060186206169156
govreport_test_0333,TextRank - no_path,unit:5,0.08540436113132907
govreport_test_0333,Lead - no_path,unit:5,-0.031223042121007155
govreport_test_0333,Full - no_path,word:110,0.0
govreport_test_0333,AB2 - AB0,word:110,-0.07566077142298633
govreport_test_0333,TextRank - no_path,word:110,0.0765704931450788
govreport_test_0333,Lead - no_path,word:110,0.011675616136582662
govreport_test_0333,Full - no_path,word:260,0.0
govreport_test_0333,AB2 - AB0,word:260,-0.07604088129345735
govreport_test_0333,TextRank - no_path,word:260,0.06289063886748397
govreport_test_0333,Lead - no_path,word:260,-0.019552430700049056
govreport_test_0334,Full - no_path,unit:10,-0.04090810838713008
govreport_test_0334,AB2 - AB0,unit:10,-0.0247090068010056
govreport_test_0334,TextRank - no_path,unit:10,-0.02042170483084138
govreport_test_0334,Lead - no_path,unit:10,-0.0925365389604774
govreport_test_0334,Full - no_path,unit:5,0.0012725810544495786
govreport_test_0334,AB2 - AB0,unit:5,-0.029452518366292202
govreport_test_0334,TextRank - no_path,unit:5,-0.0022002509749193544
govreport_test_0334,Lead - no_path,unit:5,-0.07079656588279205
govreport_test_0334,Full - no_path,word:110,0.02495656171353325
govreport_test_0334,AB2 - AB0,word:110,-0.03599087249778206
govreport_test_0334,TextRank - no_path,word:110,0.05240829519584153
govreport_test_0334,Lead - no_path,word:110,-0.011700806952203588
govreport_test_0334,Full - no_path,word:260,0.013620248858556727
govreport_test_0334,AB2 - AB0,word:260,-0.06137867909654135
govreport_test_0334,TextRank - no_path,word:260,0.03362744435925247
govreport_test_0334,Lead - no_path,word:260,-0.02607404817806097
govreport_test_0335,Full - no_path,unit:10,-0.009579696559663703
govreport_test_0335,AB2 - AB0,unit:10,-0.05766184145129222
govreport_test_0335,TextRank - no_path,unit:10,0.06493787233681822
govreport_test_0335,Lead - no_path,unit:10,-0.0650547337242367
govreport_test_0335,Full - no_path,unit:5,-0.001337853276880907
govreport_test_0335,AB2 - AB0,unit:5,-0.04641728800707695
govreport_test_0335,TextRank - no_path,unit:5,0.001128713941982773
govreport_test_0335,Lead - no_path,unit:5,-0.07156131996852949
govreport_test_0335,Full - no_path,word:110,-0.0058823529411764774
govreport_test_0335,AB2 - AB0,word:110,-0.06744868035190615
govreport_test_0335,TextRank - no_path,word:110,0.025978954631706047
govreport_test_0335,Lead - no_path,word:110,-0.03823529411764706
govreport_test_0335,Full - no_path,word:260,-0.024249122726013483
govreport_test_0335,AB2 - AB0,word:260,-0.06289707566729008
govreport_test_0335,TextRank - no_path,word:260,0.07451923076923073
govreport_test_0335,Lead - no_path,word:260,-0.041245849474266766
govreport_test_0336,Full - no_path,unit:10,0.010623741344588822
govreport_test_0336,AB2 - AB0,unit:10,-0.020978520627924574
govreport_test_0336,TextRank - no_path,unit:10,0.006050618198030322
govreport_test_0336,Lead - no_path,unit:10,-0.041173298824544374
govreport_test_0336,Full - no_path,unit:5,-0.004457426376440449
govreport_test_0336,AB2 - AB0,unit:5,-0.01035501523766294
govreport_test_0336,TextRank - no_path,unit:5,0.0050056298520435305
govreport_test_0336,Lead - no_path,unit:5,-0.03506468676311261
govreport_test_0336,Full - no_path,word:110,0.006144393241167445
govreport_test_0336,AB2 - AB0,word:110,-0.008663635418340615
govreport_test_0336,TextRank - no_path,word:110,0.018239989445214072
govreport_test_0336,Lead - no_path,word:110,-0.0032324031928227387
govreport_test_0336,Full - no_path,word:260,-0.002683204814861978
govreport_test_0336,AB2 - AB0,word:260,-0.02711341953978702
govreport_test_0336,TextRank - no_path,word:260,0.025161814564711837
govreport_test_0336,Lead - no_path,word:260,-0.02774779469237354
govreport_test_0337,Full - no_path,unit:10,0.006266874143824208
govreport_test_0337,AB2 - AB0,unit:10,-0.048215798793916465
govreport_test_0337,TextRank - no_path,unit:10,-0.01032922597426672
govreport_test_0337,Lead - no_path,unit:10,-0.10904103168531115
govreport_test_0337,Full - no_path,unit:5,-0.008862875293658118
govreport_test_0337,AB2 - AB0,unit:5,0.004749070962992846
govreport_test_0337,TextRank - no_path,unit:5,-0.010174482074571278
govreport_test_0337,Lead - no_path,unit:5,-0.11271837098030486
govreport_test_0337,Full - no_path,word:110,-0.022653352353780312
govreport_test_0337,AB2 - AB0,word:110,-0.0057061340941511884
govreport_test_0337,TextRank - no_path,word:110,0.011632361931933982
govreport_test_0337,Lead - no_path,word:110,-0.04279600570613411
govreport_test_0337,Full - no_path,word:260,0.00447140343037461
govreport_test_0337,AB2 - AB0,word:260,-0.02820211515863691
govreport_test_0337,TextRank - no_path,word:260,0.023753369738024444
govreport_test_0337,Lead - no_path,word:260,-0.07520564042303175
govreport_test_0338,Full - no_path,unit:10,-0.0064696884652764575
govreport_test_0338,AB2 - AB0,unit:10,-0.0007164179104477697
govreport_test_0338,TextRank - no_path,unit:10,0.001358920908085287
govreport_test_0338,Lead - no_path,unit:10,-0.061694078014339154
govreport_test_0338,Full - no_path,unit:5,-0.019817454363590892
govreport_test_0338,AB2 - AB0,unit:5,-0.005410379094589662
govreport_test_0338,TextRank - no_path,unit:5,-0.008951919389142637
govreport_test_0338,Lead - no_path,unit:5,-0.08197035522616916
govreport_test_0338,Full - no_path,word:110,0.0
govreport_test_0338,AB2 - AB0,word:110,-0.006990337723895901
govreport_test_0338,TextRank - no_path,word:110,0.007455144219850107
govreport_test_0338,Lead - no_path,word:110,-0.046906035141329266
govreport_test_0338,Full - no_path,word:260,-0.007833585913256863
govreport_test_0338,AB2 - AB0,word:260,0.002212516936204584
govreport_test_0338,TextRank - no_path,word:260,0.008780911376833844
govreport_test_0338,Lead - no_path,word:260,-0.037763823164258664
govreport_test_0339,Full - no_path,unit:10,-0.006454766500388509
govreport_test_0339,AB2 - AB0,unit:10,0.03340622588114234
govreport_test_0339,TextRank - no_path,unit:10,-0.014955271623782962
govreport_test_0339,Lead - no_path,unit:10,-0.05260935618366974
govreport_test_0339,Full - no_path,unit:5,0.0
govreport_test_0339,AB2 - AB0,unit:5,0.02111799977603357
govreport_test_0339,TextRank - no_path,unit:5,-0.030626028059990318
govreport_test_0339,Lead - no_path,unit:5,-0.03454901960784315
govreport_test_0339,Full - no_path,word:110,0.0
govreport_test_0339,AB2 - AB0,word:110,0.01192250372578238
govreport_test_0339,TextRank - no_path,word:110,-0.02980625931445602
govreport_test_0339,Lead - no_path,word:110,-0.029597170629712843
govreport_test_0339,Full - no_path,word:260,0.0
govreport_test_0339,AB2 - AB0,word:260,0.021724887578546126
govreport_test_0339,TextRank - no_path,word:260,0.0019679169896833493
govreport_test_0339,Lead - no_path,word:260,-0.017758175520937253
govreport_test_0340,Full - no_path,unit:10,0.006398940864960206
govreport_test_0340,AB2 - AB0,unit:10,0.01819830502563391
govreport_test_0340,TextRank - no_path,unit:10,0.02269316805304225
govreport_test_0340,Lead - no_path,unit:10,0.13541393015832218
govreport_test_0340,Full - no_path,unit:5,0.0
govreport_test_0340,AB2 - AB0,unit:5,0.02599719704658049
govreport_test_0340,TextRank - no_path,unit:5,0.002254791431792691
govreport_test_0340,Lead - no_path,unit:5,-0.08851692432170336
govreport_test_0340,Full - no_path,word:110,0.0
govreport_test_0340,AB2 - AB0,word:110,-0.024303989576845708
govreport_test_0340,TextRank - no_path,word:110,0.018952816614049767
govreport_test_0340,Lead - no_path,word:110,0.02115119624740297
govreport_test_0340,Full - no_path,word:260,0.0019330119886293295
govreport_test_0340,AB2 - AB0,word:260,0.0311457174638487
govreport_test_0340,TextRank - no_path,word:260,0.009198540323200055
govreport_test_0340,Lead - no_path,word:260,0.10233592880978865
govreport_test_0341,Full - no_path,unit:10,0.0009487666034155573
govreport_test_0341,AB2 - AB0,unit:10,-0.02109511406245526
govreport_test_0341,TextRank - no_path,unit:10,0.005085607730123759
govreport_test_0341,Lead - no_path,unit:10,0.04732544575904016
govreport_test_0341,Full - no_path,unit:5,-0.0005250187506696813
govreport_test_0341,AB2 - AB0,unit:5,-0.04323416113433329
govreport_test_0341,TextRank - no_path,unit:5,-0.025124602173782512
govreport_test_0341,Lead - no_path,unit:5,0.02406895146026844
govreport_test_0341,Full - no_path,word:110,0.0
govreport_test_0341,AB2 - AB0,word:110,-0.026824219423839918
govreport_test_0341,TextRank - no_path,word:110,-0.007073602048905392
govreport_test_0341,Lead - no_path,word:110,0.011621412613851162
govreport_test_0341,Full - no_path,word:260,0.003441435225116418
govreport_test_0341,AB2 - AB0,word:260,-0.022523689825252435
govreport_test_0341,TextRank - no_path,word:260,0.0012561888961564738
govreport_test_0341,Lead - no_path,word:260,0.04820110900613325
govreport_test_0342,Full - no_path,unit:10,-0.038173302107728346
govreport_test_0342,AB2 - AB0,unit:10,0.03226262032810592
govreport_test_0342,TextRank - no_path,unit:10,-0.02527596926154635
govreport_test_0342,Lead - no_path,unit:10,-0.0994266713799655
govreport_test_0342,Full - no_path,unit:5,-0.0847964824656891
govreport_test_0342,AB2 - AB0,unit:5,0.06169735069600363
govreport_test_0342,TextRank - no_path,unit:5,-0.040762296017345656
govreport_test_0342,Lead - no_path,unit:5,-0.063768115942029
govreport_test_0342,Full - no_path,word:110,-0.09735529162435425
govreport_test_0342,AB2 - AB0,word:110,-0.021943573667711574
govreport_test_0342,TextRank - no_path,word:110,-0.028213166144200608
govreport_test_0342,Lead - no_path,word:110,-0.07857594890134953
govreport_test_0342,Full - no_path,word:260,-0.05261665216576211
govreport_test_0342,AB2 - AB0,word:260,-0.006978089057379733
govreport_test_0342,TextRank - no_path,word:260,0.011076385992157989
govreport_test_0342,Lead - no_path,word:260,-0.07036063188692818
govreport_test_0343,Full - no_path,unit:10,0.0
govreport_test_0343,AB2 - AB0,unit:10,0.02781263616557733
govreport_test_0343,TextRank - no_path,unit:10,0.015010269454783204
govreport_test_0343,Lead - no_path,unit:10,-0.08080115453001538
govreport_test_0343,Full - no_path,unit:5,-0.047930622630731695
govreport_test_0343,AB2 - AB0,unit:5,0.012572030689189634
govreport_test_0343,TextRank - no_path,unit:5,-0.04408717543753082
govreport_test_0343,Lead - no_path,unit:5,-0.12097036484340626
govreport_test_0343,Full - no_path,word:110,0.0
govreport_test_0343,AB2 - AB0,word:110,-0.017021276595744678
govreport_test_0343,TextRank - no_path,word:110,0.02821163765312698
govreport_test_0343,Lead - no_path,word:110,-0.0032989906133470553
govreport_test_0343,Full - no_path,word:260,-0.025227109339258896
govreport_test_0343,AB2 - AB0,word:260,0.01578872840555079
govreport_test_0343,TextRank - no_path,word:260,0.02644256328466854
govreport_test_0343,Lead - no_path,word:260,-0.03457290373178226
govreport_test_0344,Full - no_path,unit:10,0.024772466195930765
govreport_test_0344,AB2 - AB0,unit:10,-0.07283657542672614
govreport_test_0344,TextRank - no_path,unit:10,0.012205955909250388
govreport_test_0344,Lead - no_path,unit:10,-0.034989019138073646
govreport_test_0344,Full - no_path,unit:5,-0.012201450048286905
govreport_test_0344,AB2 - AB0,unit:5,-0.12194895960184254
govreport_test_0344,TextRank - no_path,unit:5,-0.0017256419008609414
govreport_test_0344,Lead - no_path,unit:5,-0.047103941538893954
govreport_test_0344,Full - no_path,word:110,0.0
govreport_test_0344,AB2 - AB0,word:110,-0.002898550724637655
govreport_test_0344,TextRank - no_path,word:110,0.017601649102879646
govreport_test_0344,Lead - no_path,word:110,-0.026086956521739132
govreport_test_0344,Full - no_path,word:260,0.0003845718810089327
govreport_test_0344,AB2 - AB0,word:260,-0.012111431968744701
govreport_test_0344,TextRank - no_path,word:260,0.034183867255483336
govreport_test_0344,Lead - no_path,word:260,-0.02802793734198894
govreport_test_0345,Full - no_path,unit:10,-0.004349833702511491
govreport_test_0345,AB2 - AB0,unit:10,0.014701700248078875
govreport_test_0345,TextRank - no_path,unit:10,-0.039582204122291714
govreport_test_0345,Lead - no_path,unit:10,-0.10714974841553739
govreport_test_0345,Full - no_path,unit:5,0.006365750438006079
govreport_test_0345,AB2 - AB0,unit:5,0.03598904791889235
govreport_test_0345,TextRank - no_path,unit:5,-0.042855872768019096
govreport_test_0345,Lead - no_path,unit:5,-0.060690352762675426
govreport_test_0345,Full - no_path,word:110,0.001554952435781451
govreport_test_0345,AB2 - AB0,word:110,-0.00015755759468638608
govreport_test_0345,TextRank - no_path,word:110,-0.004441154700222064
govreport_test_0345,Lead - no_path,word:110,-0.019067093942941496
govreport_test_0345,Full - no_path,word:260,-0.005421358141862953
govreport_test_0345,AB2 - AB0,word:260,0.0009470636596878024
govreport_test_0345,TextRank - no_path,word:260,0.004099658950024981
govreport_test_0345,Lead - no_path,word:260,-0.05524355767944454
govreport_test_0346,Full - no_path,unit:10,0.0
govreport_test_0346,AB2 - AB0,unit:10,0.01760322267331757
govreport_test_0346,TextRank - no_path,unit:10,-0.007911361265817846
govreport_test_0346,Lead - no_path,unit:10,-0.09183584014827992
govreport_test_0346,Full - no_path,unit:5,0.0
govreport_test_0346,AB2 - AB0,unit:5,0.009612326087051204
govreport_test_0346,TextRank - no_path,unit:5,-0.01574639577880263
govreport_test_0346,Lead - no_path,unit:5,-0.05750807697710353
govreport_test_0346,Full - no_path,word:110,0.0
govreport_test_0346,AB2 - AB0,word:110,0.02292558725577845
govreport_test_0346,TextRank - no_path,word:110,-0.01969456948518067
govreport_test_0346,Lead - no_path,word:110,-0.0517799352750809
govreport_test_0346,Full - no_path,word:260,-0.002280728350767286
govreport_test_0346,AB2 - AB0,word:260,0.0292090221100052
govreport_test_0346,TextRank - no_path,word:260,-0.015859895297809873
govreport_test_0346,Lead - no_path,word:260,-0.07218767446057422
govreport_test_0347,Full - no_path,unit:10,0.0023299364166884107
govreport_test_0347,AB2 - AB0,unit:10,-0.055025844930417483
govreport_test_0347,TextRank - no_path,unit:10,0.05678065968940693
govreport_test_0347,Lead - no_path,unit:10,-0.03911699594837312
govreport_test_0347,Full - no_path,unit:5,0.03320236578816746
govreport_test_0347,AB2 - AB0,unit:5,-0.05112453372040393
govreport_test_0347,TextRank - no_path,unit:5,0.050664843682300065
govreport_test_0347,Lead - no_path,unit:5,-0.03245339689450405
govreport_test_0347,Full - no_path,word:110,0.0304242002781641
govreport_test_0347,AB2 - AB0,word:110,-0.04743470870035542
govreport_test_0347,TextRank - no_path,word:110,0.038942976356050055
govreport_test_0347,Lead - no_path,word:110,0.007634145029545333
govreport_test_0347,Full - no_path,word:260,0.0
govreport_test_0347,AB2 - AB0,word:260,-0.06444188722669736
govreport_test_0347,TextRank - no_path,word:260,0.04607122965204871
govreport_test_0347,Lead - no_path,word:260,-0.027659167341632124
govreport_test_0348,Full - no_path,unit:10,0.0
govreport_test_0348,AB2 - AB0,unit:10,0.0075717628345369214
govreport_test_0348,TextRank - no_path,unit:10,-0.012771928246302577
govreport_test_0348,Lead - no_path,unit:10,-0.04831319777380366
govreport_test_0348,Full - no_path,unit:5,-0.03259726152089068
govreport_test_0348,AB2 - AB0,unit:5,0.01661367249602544
govreport_test_0348,TextRank - no_path,unit:5,-0.0699210595671872
govreport_test_0348,Lead - no_path,unit:5,-0.11280421683906797
govreport_test_0348,Full - no_path,word:110,0.045321569297523456
govreport_test_0348,AB2 - AB0,word:110,-0.01607717041800641
govreport_test_0348,TextRank - no_path,word:110,0.025997897799938913
govreport_test_0348,Lead - no_path,word:110,0.006430868167202591
govreport_test_0348,Full - no_path,word:260,-0.007087593373116874
govreport_test_0348,AB2 - AB0,word:260,0.061221206728400646
govreport_test_0348,TextRank - no_path,word:260,-0.03296081458915823
govreport_test_0348,Lead - no_path,word:260,-0.04561925455457125
govreport_test_0349,Full - no_path,unit:10,-0.012733604618774763
govreport_test_0349,AB2 - AB0,unit:10,-0.008246573909581278
govreport_test_0349,TextRank - no_path,unit:10,0.0379558426381236
govreport_test_0349,Lead - no_path,unit:10,-0.04259858576399789
govreport_test_0349,Full - no_path,unit:5,-0.029905571475277393
govreport_test_0349,AB2 - AB0,unit:5,-0.008590945700052754
govreport_test_0349,TextRank - no_path,unit:5,0.012919871195186533
govreport_test_0349,Lead - no_path,unit:5,-0.09288647771637173
govreport_test_0349,Full - no_path,word:110,0.0
govreport_test_0349,AB2 - AB0,word:110,-0.029875327420098297
govreport_test_0349,TextRank - no_path,word:110,0.029875327420098297
govreport_test_0349,Lead - no_path,word:110,-0.04697986577181208
govreport_test_0349,Full - no_path,word:260,-0.03691847943621393
govreport_test_0349,AB2 - AB0,word:260,-0.016085790884718565
govreport_test_0349,TextRank - no_path,word:260,0.03771517103017927
govreport_test_0349,Lead - no_path,word:260,-0.04204712628455459
govreport_test_0350,Full - no_path,unit:10,-0.0411916534092035
govreport_test_0350,AB2 - AB0,unit:10,0.01355810653676126
govreport_test_0350,TextRank - no_path,unit:10,0.030221752765635157
govreport_test_0350,Lead - no_path,unit:10,-0.12541873171894397
govreport_test_0350,Full - no_path,unit:5,0.04574921187692596
govreport_test_0350,AB2 - AB0,unit:5,-0.030974741137852813
govreport_test_0350,TextRank - no_path,unit:5,0.0807537197362807
govreport_test_0350,Lead - no_path,unit:5,-0.017541394065586968
govreport_test_0350,Full - no_path,word:110,-0.010490142882980641
govreport_test_0350,AB2 - AB0,word:110,-0.0003214861348243281
govreport_test_0350,TextRank - no_path,word:110,0.023391812865497102
govreport_test_0350,Lead - no_path,word:110,-0.020467836257309913
govreport_test_0350,Full - no_path,word:260,-0.011688128488805571
govreport_test_0350,AB2 - AB0,word:260,-0.021608643457382948
govreport_test_0350,TextRank - no_path,word:260,0.0591025974401202
govreport_test_0350,Lead - no_path,word:260,-0.06667358420955546
govreport_test_0351,Full - no_path,unit:10,0.0
govreport_test_0351,AB2 - AB0,unit:10,-0.010153261494612098
govreport_test_0351,TextRank - no_path,unit:10,0.029172896715869423
govreport_test_0351,Lead - no_path,unit:10,-0.040784191583610185
govreport_test_0351,Full - no_path,unit:5,0.0
govreport_test_0351,AB2 - AB0,unit:5,-0.023848739121725387
govreport_test_0351,TextRank - no_path,unit:5,0.015461062235255757
govreport_test_0351,Lead - no_path,unit:5,-0.032437275985663094
govreport_test_0351,Full - no_path,word:110,0.0
govreport_test_0351,AB2 - AB0,word:110,-0.027138327611114232
govreport_test_0351,TextRank - no_path,word:110,0.009202453987730064
govreport_test_0351,Lead - no_path,word:110,-0.03115253126024449
govreport_test_0351,Full - no_path,word:260,0.0
govreport_test_0351,AB2 - AB0,word:260,-0.027641989306270598
govreport_test_0351,TextRank - no_path,word:260,0.006907151586978272
govreport_test_0351,Lead - no_path,word:260,-0.06276239619745141
govreport_test_0352,Full - no_path,unit:10,-0.02314669183181295
govreport_test_0352,AB2 - AB0,unit:10,-0.04881329602271556
govreport_test_0352,TextRank - no_path,unit:10,0.053906977390530936
govreport_test_0352,Lead - no_path,unit:10,-0.08238444380084245
govreport_test_0352,Full - no_path,unit:5,-0.03855108333158544
govreport_test_0352,AB2 - AB0,unit:5,-0.0392330803156723
govreport_test_0352,TextRank - no_path,unit:5,0.032776195961659704
govreport_test_0352,Lead - no_path,unit:5,-0.1036963532622178
govreport_test_0352,Full - no_path,word:110,-0.03005749849254888
govreport_test_0352,AB2 - AB0,word:110,-0.02547592385218367
govreport_test_0352,TextRank - no_path,word:110,0.038945211389128556
govreport_test_0352,Lead - no_path,word:110,-0.0422403276402928
govreport_test_0352,Full - no_path,word:260,-0.009827908934431556
govreport_test_0352,AB2 - AB0,word:260,-0.04875250143859561
govreport_test_0352,TextRank - no_path,word:260,0.07540143177617178
govreport_test_0352,Lead - no_path,word:260,-0.053943932939398115
govreport_test_0353,Full - no_path,unit:10,0.0
govreport_test_0353,AB2 - AB0,unit:10,-0.0625648336799996
govreport_test_0353,TextRank - no_path,unit:10,0.018835830294586853
govreport_test_0353,Lead - no_path,unit:10,-0.03538772896664141
govreport_test_0353,Full - no_path,unit:5,0.0
govreport_test_0353,AB2 - AB0,unit:5,-0.008197733861450673
govreport_test_0353,TextRank - no_path,unit:5,-0.00795959834833665
govreport_test_0353,Lead - no_path,unit:5,-0.0401485017236807
govreport_test_0353,Full - no_path,word:110,0.0
govreport_test_0353,AB2 - AB0,word:110,-0.056375838926174496
govreport_test_0353,TextRank - no_path,word:110,0.021534320323014805
govreport_test_0353,Lead - no_path,word:110,-0.019174939254067047
govreport_test_0353,Full - no_path,word:260,0.0
govreport_test_0353,AB2 - AB0,word:260,-0.07518723859546739
govreport_test_0353,TextRank - no_path,word:260,0.07142857142857142
govreport_test_0353,Lead - no_path,word:260,0.008722029781812385
govreport_test_0354,Full - no_path,unit:10,0.00028761651131825605
govreport_test_0354,AB2 - AB0,unit:10,-0.015761363678191392
govreport_test_0354,TextRank - no_path,unit:10,-0.004072171848470085
govreport_test_0354,Lead - no_path,unit:10,-0.034703481411530374
govreport_test_0354,Full - no_path,unit:5,0.0015409626393608489
govreport_test_0354,AB2 - AB0,unit:5,-0.020209467779800233
govreport_test_0354,TextRank - no_path,unit:5,0.01772555669957404
govreport_test_0354,Lead - no_path,unit:5,-4.42258948142038e-05
govreport_test_0354,Full - no_path,word:110,-0.007198067632850219
govreport_test_0354,AB2 - AB0,word:110,-0.04553249507650356
govreport_test_0354,TextRank - no_path,word:110,-0.0029804992791561957
govreport_test_0354,Lead - no_path,word:110,0.004262693827911224
govreport_test_0354,Full - no_path,word:260,0.003044966007928973
govreport_test_0354,AB2 - AB0,word:260,0.007928110404038874
govreport_test_0354,TextRank - no_path,word:260,-0.0076568493706401786
govreport_test_0354,Lead - no_path,word:260,-0.021142967270913388
govreport_test_0355,Full - no_path,unit:10,0.0
govreport_test_0355,AB2 - AB0,unit:10,0.04476874061595926
govreport_test_0355,TextRank - no_path,unit:10,-0.029478679435632996
govreport_test_0355,Lead - no_path,unit:10,0.016097841710920713
govreport_test_0355,Full - no_path,unit:5,0.0
govreport_test_0355,AB2 - AB0,unit:5,0.011791665143038255
govreport_test_0355,TextRank - no_path,unit:5,-0.03849687472579655
govreport_test_0355,Lead - no_path,unit:5,0.03275013484358144
govreport_test_0355,Full - no_path,word:110,0.0
govreport_test_0355,AB2 - AB0,word:110,-0.002283105022831078
govreport_test_0355,TextRank - no_path,word:110,0.011501434425162563
govreport_test_0355,Lead - no_path,word:110,0.03889869469913519
govreport_test_0355,Full - no_path,word:260,0.0
govreport_test_0355,AB2 - AB0,word:260,0.005847953216374241
govreport_test_0355,TextRank - no_path,word:260,-0.0018221470586560484
govreport_test_0355,Lead - no_path,word:260,0.019620348068049576
govreport_test_0356,Full - no_path,unit:10,0.011764240428078304
govreport_test_0356,AB2 - AB0,unit:10,0.00012236157846434725
govreport_test_0356,TextRank - no_path,unit:10,0.006436040138291604
govreport_test_0356,Lead - no_path,unit:10,0.006515368363661178
govreport_test_0356,Full - no_path,unit:5,-0.002463054187192143
govreport_test_0356,AB2 - AB0,unit:5,0.022930971437858036
govreport_test_0356,TextRank - no_path,unit:5,-0.018019691621772263
govreport_test_0356,Lead - no_path,unit:5,0.015282392026578079
govreport_test_0356,Full - no_path,word:110,-0.011424480821627642
govreport_test_0356,AB2 - AB0,word:110,-0.00780048341023952
govreport_test_0356,TextRank - no_path,word:110,-0.003024976195707879
govreport_test_0356,Lead - no_path,word:110,-0.016953170877603785
govreport_test_0356,Full - no_path,word:260,0.012947141940435586
govreport_test_0356,AB2 - AB0,word:260,-0.006918120026734281
govreport_test_0356,TextRank - no_path,word:260,0.011412899230292844
govreport_test_0356,Lead - no_path,word:260,0.023575441412520104
govreport_test_0357,Full - no_path,unit:10,0.0
govreport_test_0357,AB2 - AB0,unit:10,-0.026744532063680992
govreport_test_0357,TextRank - no_path,unit:10,0.010190044326692793
govreport_test_0357,Lead - no_path,unit:10,-0.01852631578947367
govreport_test_0357,Full - no_path,unit:5,0.0
govreport_test_0357,AB2 - AB0,unit:5,0.028904361019156444
govreport_test_0357,TextRank - no_path,unit:5,-0.01713697219361482
govreport_test_0357,Lead - no_path,unit:5,-0.04484997667791976
govreport_test_0357,Full - no_path,word:110,0.0
govreport_test_0357,AB2 - AB0,word:110,-0.016433438963515512
govreport_test_0357,TextRank - no_path,word:110,0.016433438963515512
govreport_test_0357,Lead - no_path,word:110,-0.021545494269100213
govreport_test_0357,Full - no_path,word:260,0.0
govreport_test_0357,AB2 - AB0,word:260,-0.024072216649949824
govreport_test_0357,TextRank - no_path,word:260,0.029125683502119276
govreport_test_0357,Lead - no_path,word:260,-0.011868940153794721
govreport_test_0358,Full - no_path,unit:10,0.0
govreport_test_0358,AB2 - AB0,unit:10,0.0330293072228556
govreport_test_0358,TextRank - no_path,unit:10,-0.001892279984423706
govreport_test_0358,Lead - no_path,unit:10,-0.06079716104118996
govreport_test_0358,Full - no_path,unit:5,0.0
govreport_test_0358,AB2 - AB0,unit:5,0.028854941898420167
govreport_test_0358,TextRank - no_path,unit:5,0.023280440626844118
govreport_test_0358,Lead - no_path,unit:5,-0.03973562249842005
govreport_test_0358,Full - no_path,word:110,0.0
govreport_test_0358,AB2 - AB0,word:110,0.027895060463209692
govreport_test_0358,TextRank - no_path,word:110,-0.03363394138143061
govreport_test_0358,Lead - no_path,word:110,-0.07207792207792209
govreport_test_0358,Full - no_path,word:260,0.0
govreport_test_0358,AB2 - AB0,word:260,0.014862423281152976
govreport_test_0358,TextRank - no_path,word:260,0.025821596244131412
govreport_test_0358,Lead - no_path,word:260,-0.031101227246520063
govreport_test_0359,Full - no_path,unit:10,0.0007099902731332597
govreport_test_0359,AB2 - AB0,unit:10,0.013209809928599991
govreport_test_0359,TextRank - no_path,unit:10,0.027401837928153733
govreport_test_0359,Lead - no_path,unit:10,-0.035331692062013406
govreport_test_0359,Full - no_path,unit:5,0.01605035366336975
govreport_test_0359,AB2 - AB0,unit:5,0.02237692936600355
govreport_test_0359,TextRank - no_path,unit:5,0.02370459436167631
govreport_test_0359,Lead - no_path,unit:5,-0.04654084614754322
govreport_test_0359,Full - no_path,word:110,-0.0022742910113685705
govreport_test_0359,AB2 - AB0,word:110,0.0028222909037391025
govreport_test_0359,TextRank - no_path,word:110,0.0027876615674969074
govreport_test_0359,Lead - no_path,word:110,-0.014169433683822175
govreport_test_0359,Full - no_path,word:260,0.0
govreport_test_0359,AB2 - AB0,word:260,-0.007807196198234945
govreport_test_0359,TextRank - no_path,word:260,0.030410799072395855
govreport_test_0359,Lead - no_path,word:260,-0.012232415902140692
govreport_test_0360,Full - no_path,unit:10,0.0
govreport_test_0360,AB2 - AB0,unit:10,-0.017332402405712988
govreport_test_0360,TextRank - no_path,unit:10,0.01290833878685635
govreport_test_0360,Lead - no_path,unit:10,-0.01647146371668637
govreport_test_0360,Full - no_path,unit:5,0.0
govreport_test_0360,AB2 - AB0,unit:5,-0.013498889331890418
govreport_test_0360,TextRank - no_path,unit:5,-0.004715447154471558
govreport_test_0360,Lead - no_path,unit:5,-0.04084561426089195
govreport_test_0360,Full - no_path,word:110,0.0
govreport_test_0360,AB2 - AB0,word:110,-0.058182661103384326
govreport_test_0360,TextRank - no_path,word:110,0.049296169700768167
govreport_test_0360,Lead - no_path,word:110,0.016371723473055516
govreport_test_0360,Full - no_path,word:260,0.0
govreport_test_0360,AB2 - AB0,word:260,-0.07759147948961298
govreport_test_0360,TextRank - no_path,word:260,0.011983104747132683
govreport_test_0360,Lead - no_path,word:260,-0.03134182693135337
govreport_test_0361,Full - no_path,unit:10,0.0
govreport_test_0361,AB2 - AB0,unit:10,0.044769539923981166
govreport_test_0361,TextRank - no_path,unit:10,-0.06144102717731964
govreport_test_0361,Lead - no_path,unit:10,-0.10249539282049336
govreport_test_0361,Full - no_path,unit:5,-0.01780493649652537
govreport_test_0361,AB2 - AB0,unit:5,0.06795189100743218
govreport_test_0361,TextRank - no_path,unit:5,-0.08887551519130474
govreport_test_0361,Lead - no_path,unit:5,-0.1210979177422131
govreport_test_0361,Full - no_path,word:110,-0.014471974356753015
govreport_test_0361,AB2 - AB0,word:110,-0.0034096824570536144
govreport_test_0361,TextRank - no_path,word:110,-0.008580958156458457
govreport_test_0361,Lead - no_path,word:110,-0.061435016484469876
govreport_test_0361,Full - no_path,word:260,-0.011305605274600894
govreport_test_0361,AB2 - AB0,word:260,0.03782596070919339
govreport_test_0361,TextRank - no_path,word:260,-0.059147514427457804
govreport_test_0361,Lead - no_path,word:260,-0.10686883449031792
govreport_test_0362,Full - no_path,unit:10,0.0
govreport_test_0362,AB2 - AB0,unit:10,-0.0011927097292950828
govreport_test_0362,TextRank - no_path,unit:10,0.0027906976744186407
govreport_test_0362,Lead - no_path,unit:10,-0.016208597603946412
govreport_test_0362,Full - no_path,unit:5,-0.003929494064032979
govreport_test_0362,AB2 - AB0,unit:5,0.010328436454685924
govreport_test_0362,TextRank - no_path,unit:5,-0.01659994385628638
govreport_test_0362,Lead - no_path,unit:5,-0.013606710492584412
govreport_test_0362,Full - no_path,word:110,-0.002936857562408246
govreport_test_0362,AB2 - AB0,word:110,-0.0029368575624082044
govreport_test_0362,TextRank - no_path,word:110,-0.017457026863608893
govreport_test_0362,Lead - no_path,word:110,-0.0117474302496329
govreport_test_0362,Full - no_path,word:260,0.0
govreport_test_0362,AB2 - AB0,word:260,0.01665869253186028
govreport_test_0362,TextRank - no_path,word:260,-0.009984320236118782
govreport_test_0362,Lead - no_path,word:260,-0.014423076923076872
govreport_test_0363,Full - no_path,unit:10,0.0
govreport_test_0363,AB2 - AB0,unit:10,-0.06345292535532163
govreport_test_0363,TextRank - no_path,unit:10,0.018013885980743077
govreport_test_0363,Lead - no_path,unit:10,-0.06573865817495098
govreport_test_0363,Full - no_path,unit:5,0.0
govreport_test_0363,AB2 - AB0,unit:5,0.0021818181818181737
govreport_test_0363,TextRank - no_path,unit:5,0.022453608247422624
govreport_test_0363,Lead - no_path,unit:5,-0.0451588785046729
govreport_test_0363,Full - no_path,word:110,0.0
govreport_test_0363,AB2 - AB0,word:110,0.016997167138810193
govreport_test_0363,TextRank - no_path,word:110,0.005248427578320142
govreport_test_0363,Lead - no_path,word:110,-0.02091151210461739
govreport_test_0363,Full - no_path,word:260,0.0
govreport_test_0363,AB2 - AB0,word:260,0.023557539310164743
govreport_test_0363,TextRank - no_path,word:260,0.019639319486142587
govreport_test_0363,Lead - no_path,word:260,-0.0426322342533626
govreport_test_0364,Full - no_path,unit:10,-0.009186122846954026
govreport_test_0364,AB2 - AB0,unit:10,-0.025830809882924743
govreport_test_0364,TextRank - no_path,unit:10,0.02238758555332454
govreport_test_0364,Lead - no_path,unit:10,-0.01380901876103735
govreport_test_0364,Full - no_path,unit:5,0.004932805907057053
govreport_test_0364,AB2 - AB0,unit:5,-0.03579999107899548
govreport_test_0364,TextRank - no_path,unit:5,0.019707992331998964
govreport_test_0364,Lead - no_path,unit:5,-0.012458314266995382
govreport_test_0364,Full - no_path,word:110,0.0
govreport_test_0364,AB2 - AB0,word:110,-0.041008341652037206
govreport_test_0364,TextRank - no_path,word:110,-0.0021617321527393346
govreport_test_0364,Lead - no_path,word:110,0.002398081534772195
govreport_test_0364,Full - no_path,word:260,0.007840909677719221
govreport_test_0364,AB2 - AB0,word:260,-0.04432790778212045
govreport_test_0364,TextRank - no_path,word:260,0.03626730561680552
govreport_test_0364,Lead - no_path,word:260,0.00942129562893071
govreport_test_0365,Full - no_path,unit:10,-0.006295237957093747
govreport_test_0365,AB2 - AB0,unit:10,0.012392798947176764
govreport_test_0365,TextRank - no_path,unit:10,-0.022906300075904523
govreport_test_0365,Lead - no_path,unit:10,-0.02368536478385888
govreport_test_0365,Full - no_path,unit:5,0.0018254611609932747
govreport_test_0365,AB2 - AB0,unit:5,0.01840922627104878
govreport_test_0365,TextRank - no_path,unit:5,-0.035525280757836966
govreport_test_0365,Lead - no_path,unit:5,-0.038711632134616744
govreport_test_0365,Full - no_path,word:110,0.0
govreport_test_0365,AB2 - AB0,word:110,0.0
govreport_test_0365,TextRank - no_path,word:110,-0.007997125551791384
govreport_test_0365,Lead - no_path,word:110,-0.018194231917273387
govreport_test_0365,Full - no_path,word:260,-0.00655737704918033
govreport_test_0365,AB2 - AB0,word:260,-0.01292624143937765
govreport_test_0365,TextRank - no_path,word:260,0.01549186306513134
govreport_test_0365,Lead - no_path,word:260,-0.0020136073943872457
govreport_test_0366,Full - no_path,unit:10,0.0
govreport_test_0366,AB2 - AB0,unit:10,0.019313175646734376
govreport_test_0366,TextRank - no_path,unit:10,-0.01717325084640267
govreport_test_0366,Lead - no_path,unit:10,-0.05116016757976152
govreport_test_0366,Full - no_path,unit:5,-0.007024613804274826
govreport_test_0366,AB2 - AB0,unit:5,0.029398987009133876
govreport_test_0366,TextRank - no_path,unit:5,0.0003648998976101825
govreport_test_0366,Lead - no_path,unit:5,-0.036326968911238544
govreport_test_0366,Full - no_path,word:110,-0.017879067883498093
govreport_test_0366,AB2 - AB0,word:110,0.024998811843543578
govreport_test_0366,TextRank - no_path,word:110,0.002668182872171798
govreport_test_0366,Lead - no_path,word:110,0.003981169633675813
govreport_test_0366,Full - no_path,word:260,0.0
govreport_test_0366,AB2 - AB0,word:260,0.007373990531885255
govreport_test_0366,TextRank - no_path,word:260,0.021164021164021163
govreport_test_0366,Lead - no_path,word:260,-0.011636873466526448
govreport_test_0367,Full - no_path,unit:10,0.005620821012813332
govreport_test_0367,AB2 - AB0,unit:10,0.02352386749661281
govreport_test_0367,TextRank - no_path,unit:10,0.053088724734150494
govreport_test_0367,Lead - no_path,unit:10,-0.007593061300080278
govreport_test_0367,Full - no_path,unit:5,-0.017394721601720897
govreport_test_0367,AB2 - AB0,unit:5,-0.012188289950126358
govreport_test_0367,TextRank - no_path,unit:5,0.02070823307877387
govreport_test_0367,Lead - no_path,unit:5,-0.036812428078250914
govreport_test_0367,Full - no_path,word:110,0.0
govreport_test_0367,AB2 - AB0,word:110,-0.006799159920479081
govreport_test_0367,TextRank - no_path,word:110,0.017605633802816878
govreport_test_0367,Lead - no_path,word:110,0.0
govreport_test_0367,Full - no_path,word:260,-0.008134452210093263
govreport_test_0367,AB2 - AB0,word:260,-0.03347280334728034
govreport_test_0367,TextRank - no_path,word:260,0.027894002789400296
govreport_test_0367,Lead - no_path,word:260,0.0025407629281709865
govreport_test_0368,Full - no_path,unit:10,-0.0074677903092715825
govreport_test_0368,AB2 - AB0,unit:10,-0.0278338334583646
govreport_test_0368,TextRank - no_path,unit:10,0.01786017484747071
govreport_test_0368,Lead - no_path,unit:10,-0.013150151313653796
govreport_test_0368,Full - no_path,unit:5,-0.008870549012106155
govreport_test_0368,AB2 - AB0,unit:5,-0.005227866803045794
govreport_test_0368,TextRank - no_path,unit:5,0.0024535131592156034
govreport_test_0368,Lead - no_path,unit:5,0.006215914911567089
govreport_test_0368,Full - no_path,word:110,-0.016574585635359115
govreport_test_0368,AB2 - AB0,word:110,-0.019535697637987792
govreport_test_0368,TextRank - no_path,word:110,0.0055248618784530246
govreport_test_0368,Lead - no_path,word:110,0.008677553144273875
govreport_test_0368,Full - no_path,word:260,-0.008930513943606971
govreport_test_0368,AB2 - AB0,word:260,-0.016537904394012537
govreport_test_0368,TextRank - no_path,word:260,0.025433747224777897
govreport_test_0368,Lead - no_path,word:260,0.007106141268305999
govreport_test_0369,Full - no_path,unit:10,-0.018068661411052733
govreport_test_0369,AB2 - AB0,unit:10,0.026021226825449023
govreport_test_0369,TextRank - no_path,unit:10,0.01355287710466932
govreport_test_0369,Lead - no_path,unit:10,-0.05111702397886611
govreport_test_0369,Full - no_path,unit:5,-0.011102624371758574
govreport_test_0369,AB2 - AB0,unit:5,0.01730853024970669
govreport_test_0369,TextRank - no_path,unit:5,-0.013581814532225817
govreport_test_0369,Lead - no_path,unit:5,-0.07297929481070779
govreport_test_0369,Full - no_path,word:110,0.03710234186803091
govreport_test_0369,AB2 - AB0,word:110,0.04991680532445922
govreport_test_0369,TextRank - no_path,word:110,0.017412935323383116
govreport_test_0369,Lead - no_path,word:110,-0.022375601126255196
govreport_test_0369,Full - no_path,word:260,-0.008252108300044386
govreport_test_0369,AB2 - AB0,word:260,0.012773049645390055
govreport_test_0369,TextRank - no_path,word:260,0.03139007092198581
govreport_test_0369,Lead - no_path,word:260,-0.03222015090989791
govreport_test_0370,Full - no_path,unit:10,0.0014248033535867455
govreport_test_0370,AB2 - AB0,unit:10,-0.045341818351972346
govreport_test_0370,TextRank - no_path,unit:10,0.026690033035210697
govreport_test_0370,Lead - no_path,unit:10,0.07120131459338508
govreport_test_0370,Full - no_path,unit:5,-0.007534901510805103
govreport_test_0370,AB2 - AB0,unit:5,-0.015175948350172691
govreport_test_0370,TextRank - no_path,unit:5,0.014412480536953348
govreport_test_0370,Lead - no_path,unit:5,0.05360248942791032
govreport_test_0370,Full - no_path,word:110,0.0
govreport_test_0370,AB2 - AB0,word:110,-0.04922593043090233
govreport_test_0370,TextRank - no_path,word:110,0.044964805458392654
govreport_test_0370,Lead - no_path,word:110,0.058876380168867704
govreport_test_0370,Full - no_path,word:260,-0.014070796460177032
govreport_test_0370,AB2 - AB0,word:260,-0.04511541525567947
govreport_test_0370,TextRank - no_path,word:260,0.07835189309576837
govreport_test_0370,Lead - no_path,word:260,0.0825139043381535
govreport_test_0371,Full - no_path,unit:10,0.0
govreport_test_0371,AB2 - AB0,unit:10,-0.020084391584109684
govreport_test_0371,TextRank - no_path,unit:10,0.008801627894186898
govreport_test_0371,Lead - no_path,unit:10,-0.044676250445526894
govreport_test_0371,Full - no_path,unit:5,0.0
govreport_test_0371,AB2 - AB0,unit:5,-0.003998087569897224
govreport_test_0371,TextRank - no_path,unit:5,-0.017577871628926017
govreport_test_0371,Lead - no_path,unit:5,-0.05248577418388739
govreport_test_0371,Full - no_path,word:110,0.0
govreport_test_0371,AB2 - AB0,word:110,-0.022360135450820523
govreport_test_0371,TextRank - no_path,word:110,0.010882373614378632
govreport_test_0371,Lead - no_path,word:110,-0.01494259051761565
govreport_test_0371,Full - no_path,word:260,0.0
govreport_test_0371,AB2 - AB0,word:260,0.01936611676971181
govreport_test_0371,TextRank - no_path,word:260,0.0
govreport_test_0371,Lead - no_path,word:260,-0.04004711425206123
govreport_test_0372,Full - no_path,unit:10,-0.011200871380593613
govreport_test_0372,AB2 - AB0,unit:10,-0.023518374741200804
govreport_test_0372,TextRank - no_path,unit:10,0.011287884241595297
govreport_test_0372,Lead - no_path,unit:10,-0.012029028730490082
govreport_test_0372,Full - no_path,unit:5,-0.0015404005041310398
govreport_test_0372,AB2 - AB0,unit:5,0.008651248109863452
govreport_test_0372,TextRank - no_path,unit:5,0.008706185176773407
govreport_test_0372,Lead - no_path,unit:5,0.005579773321708836
govreport_test_0372,Full - no_path,word:110,-0.032023289665211035
govreport_test_0372,AB2 - AB0,word:110,-0.014789446658264066
govreport_test_0372,TextRank - no_path,word:110,0.0
govreport_test_0372,Lead - no_path,word:110,-0.018024175685083216
govreport_test_0372,Full - no_path,word:260,-0.0002110047533097903
govreport_test_0372,AB2 - AB0,word:260,-0.004520098651366378
govreport_test_0372,TextRank - no_path,word:260,0.0332018830748525
govreport_test_0372,Lead - no_path,word:260,0.0019622837109091462
govreport_test_0373,Full - no_path,unit:10,0.00651670832176246
govreport_test_0373,AB2 - AB0,unit:10,-0.0013428226131328158
govreport_test_0373,TextRank - no_path,unit:10,0.005307437243495777
govreport_test_0373,Lead - no_path,unit:10,-0.03906124313854192
govreport_test_0373,Full - no_path,unit:5,-0.007150937297996124
govreport_test_0373,AB2 - AB0,unit:5,0.006572254958489787
govreport_test_0373,TextRank - no_path,unit:5,-0.0016172867860970719
govreport_test_0373,Lead - no_path,unit:5,-0.0315218192540174
govreport_test_0373,Full - no_path,word:110,-0.01238390092879256
govreport_test_0373,AB2 - AB0,word:110,-0.04619080203463473
govreport_test_0373,TextRank - no_path,word:110,0.05520200282842182
govreport_test_0373,Lead - no_path,word:110,-0.006191950464396287
govreport_test_0373,Full - no_path,word:260,0.00753768844221106
govreport_test_0373,AB2 - AB0,word:260,-0.014330098552839288
govreport_test_0373,TextRank - no_path,word:260,0.03714688731879953
govreport_test_0373,Lead - no_path,word:260,-0.034995733383900635
govreport_test_0374,Full - no_path,unit:10,-0.02312518938414121
govreport_test_0374,AB2 - AB0,unit:10,0.03807439556667158
govreport_test_0374,TextRank - no_path,unit:10,-0.07208174110987534
govreport_test_0374,Lead - no_path,unit:10,-0.10215682706389023
govreport_test_0374,Full - no_path,unit:5,-0.04090123825287853
govreport_test_0374,AB2 - AB0,unit:5,0.010749863606053872
govreport_test_0374,TextRank - no_path,unit:5,-0.015194262325257613
govreport_test_0374,Lead - no_path,unit:5,-0.0650826549718142
govreport_test_0374,Full - no_path,word:110,-0.005387088365626916
govreport_test_0374,AB2 - AB0,word:110,-0.06229394412632308
govreport_test_0374,TextRank - no_path,word:110,0.03869512406732603
govreport_test_0374,Lead - no_path,word:110,-0.011452368558042686
govreport_test_0374,Full - no_path,word:260,-0.04080639615857534
govreport_test_0374,AB2 - AB0,word:260,0.006835058628933355
govreport_test_0374,TextRank - no_path,word:260,-0.017826189583191543
govreport_test_0374,Lead - no_path,word:260,-0.06218291532433545
govreport_test_0375,Full - no_path,unit:10,0.0009142053445850284
govreport_test_0375,AB2 - AB0,unit:10,0.25202020202020203
govreport_test_0375,TextRank - no_path,unit:10,-0.1400875979714154
govreport_test_0375,Lead - no_path,unit:10,-0.18030052384891096
govreport_test_0375,Full - no_path,unit:5,0.0
govreport_test_0375,AB2 - AB0,unit:5,0.2421924920127796
govreport_test_0375,TextRank - no_path,unit:5,-0.17007744990199944
govreport_test_0375,Lead - no_path,unit:5,-0.19952416652417973
govreport_test_0375,Full - no_path,word:110,0.0
govreport_test_0375,AB2 - AB0,word:110,0.017817384895853564
govreport_test_0375,TextRank - no_path,word:110,0.0017766927745566652
govreport_test_0375,Lead - no_path,word:110,-0.021895535532822974
govreport_test_0375,Full - no_path,word:260,0.0
govreport_test_0375,AB2 - AB0,word:260,-0.11582733601102482
govreport_test_0375,TextRank - no_path,word:260,0.013836771949009452
govreport_test_0375,Lead - no_path,word:260,-0.03282139169028629
govreport_test_0376,Full - no_path,unit:10,-0.006405768955731667
govreport_test_0376,AB2 - AB0,unit:10,0.029864221548608322
govreport_test_0376,TextRank - no_path,unit:10,-0.039000220657559564
govreport_test_0376,Lead - no_path,unit:10,-0.046581101098119054
govreport_test_0376,Full - no_path,unit:5,-0.010901133063361546
govreport_test_0376,AB2 - AB0,unit:5,-0.009601886021288836
govreport_test_0376,TextRank - no_path,unit:5,-0.027966129976669585
govreport_test_0376,Lead - no_path,unit:5,-0.051191040329049864
govreport_test_0376,Full - no_path,word:110,-0.03773338750619695
govreport_test_0376,AB2 - AB0,word:110,-0.02694271973317848
govreport_test_0376,TextRank - no_path,word:110,-0.021957774935587315
govreport_test_0376,Lead - no_path,word:110,-0.032552572199649826
govreport_test_0376,Full - no_path,word:260,0.009247064972866065
govreport_test_0376,AB2 - AB0,word:260,0.027605914160535983
govreport_test_0376,TextRank - no_path,word:260,0.008852928394304266
govreport_test_0376,Lead - no_path,word:260,-0.013058484548101962
govreport_test_0377,Full - no_path,unit:10,-0.0006493506493506496
govreport_test_0377,AB2 - AB0,unit:10,-0.04957559279838508
govreport_test_0377,TextRank - no_path,unit:10,0.07011120809491489
govreport_test_0377,Lead - no_path,unit:10,-0.06410891570010298
govreport_test_0377,Full - no_path,unit:5,-0.005710905051675846
govreport_test_0377,AB2 - AB0,unit:5,-0.08396211368348735
govreport_test_0377,TextRank - no_path,unit:5,-0.0003499957477152149
govreport_test_0377,Lead - no_path,unit:5,-0.09474644606163768
govreport_test_0377,Full - no_path,word:110,-0.020453449107573532
govreport_test_0377,AB2 - AB0,word:110,-0.071634257884171
govreport_test_0377,TextRank - no_path,word:110,0.015138282387190699
govreport_test_0377,Lead - no_path,word:110,-0.055072463768115906
govreport_test_0377,Full - no_path,word:260,-0.0025743851482094016
govreport_test_0377,AB2 - AB0,word:260,-0.03062526943981872
govreport_test_0377,TextRank - no_path,word:260,0.02819484562102137
govreport_test_0377,Lead - no_path,word:260,-0.046477168614055125
govreport_test_0378,Full - no_path,unit:10,0.0
govreport_test_0378,AB2 - AB0,unit:10,0.04694813705298631
govreport_test_0378,TextRank - no_path,unit:10,-0.006754103510563103
govreport_test_0378,Lead - no_path,unit:10,-0.04295051353874882
govreport_test_0378,Full - no_path,unit:5,0.0
govreport_test_0378,AB2 - AB0,unit:5,0.041023232685985817
govreport_test_0378,TextRank - no_path,unit:5,-0.01498859563375693
govreport_test_0378,Lead - no_path,unit:5,-0.07679427133352047
govreport_test_0378,Full - no_path,word:110,0.0
govreport_test_0378,AB2 - AB0,word:110,-0.009917355371900832
govreport_test_0378,TextRank - no_path,word:110,0.009917355371900832
govreport_test_0378,Lead - no_path,word:110,-0.0035185336715489735
govreport_test_0378,Full - no_path,word:260,0.0
govreport_test_0378,AB2 - AB0,word:260,0.05291005291005291
govreport_test_0378,TextRank - no_path,word:260,-0.050008759942534786
govreport_test_0378,Lead - no_path,word:260,-0.08179683941273347
govreport_test_0379,Full - no_path,unit:10,0.0
govreport_test_0379,AB2 - AB0,unit:10,-0.00961148746453594
govreport_test_0379,TextRank - no_path,unit:10,-0.0027393163839895263
govreport_test_0379,Lead - no_path,unit:10,-0.04947978378866358
govreport_test_0379,Full - no_path,unit:5,-0.012812250473214243
govreport_test_0379,AB2 - AB0,unit:5,0.03716493532225648
govreport_test_0379,TextRank - no_path,unit:5,-0.04254256145433172
govreport_test_0379,Lead - no_path,unit:5,-0.07141249748844686
govreport_test_0379,Full - no_path,word:110,0.0
govreport_test_0379,AB2 - AB0,word:110,0.030150684236500885
govreport_test_0379,TextRank - no_path,word:110,-0.01890134218901343
govreport_test_0379,Lead - no_path,word:110,-0.05799133021517165
govreport_test_0379,Full - no_path,word:260,0.002469135802469158
govreport_test_0379,AB2 - AB0,word:260,-0.00788177339901483
govreport_test_0379,TextRank - no_path,word:260,0.002701094172045976
govreport_test_0379,Lead - no_path,word:260,-0.03363239015412928
govreport_test_0380,Full - no_path,unit:10,0.0
govreport_test_0380,AB2 - AB0,unit:10,0.013464732204640839
govreport_test_0380,TextRank - no_path,unit:10,-0.04411148159090594
govreport_test_0380,Lead - no_path,unit:10,-0.04184262169300462
govreport_test_0380,Full - no_path,unit:5,0.0
govreport_test_0380,AB2 - AB0,unit:5,0.05117508570484494
govreport_test_0380,TextRank - no_path,unit:5,-0.06191457631662728
govreport_test_0380,Lead - no_path,unit:5,-0.023003529506933407
govreport_test_0380,Full - no_path,word:110,0.0
govreport_test_0380,AB2 - AB0,word:110,-0.006182380216383343
govreport_test_0380,TextRank - no_path,word:110,-0.028136529158153123
govreport_test_0380,Lead - no_path,word:110,-0.003717081374460085
govreport_test_0380,Full - no_path,word:260,0.0
govreport_test_0380,AB2 - AB0,word:260,0.023412803365196966
govreport_test_0380,TextRank - no_path,word:260,-0.03410920247722582
govreport_test_0380,Lead - no_path,word:260,-0.026590405484744617
govreport_test_0381,Full - no_path,unit:10,-0.018443997317236754
govreport_test_0381,AB2 - AB0,unit:10,-0.021800595238095216
govreport_test_0381,TextRank - no_path,unit:10,0.017642312206572752
govreport_test_0381,Lead - no_path,unit:10,-0.06375889747084659
govreport_test_0381,Full - no_path,unit:5,0.0
govreport_test_0381,AB2 - AB0,unit:5,0.014252681527921918
govreport_test_0381,TextRank - no_path,unit:5,-0.02707255735292502
govreport_test_0381,Lead - no_path,unit:5,-0.028679199446458054
govreport_test_0381,Full - no_path,word:110,-0.015617569289885669
govreport_test_0381,AB2 - AB0,word:110,-0.027525728090699836
govreport_test_0381,TextRank - no_path,word:110,0.009483465949205294
govreport_test_0381,Lead - no_path,word:110,-0.0088674846156786
govreport_test_0381,Full - no_path,word:260,-0.009765917602996249
govreport_test_0381,AB2 - AB0,word:260,-0.008271643663738976
govreport_test_0381,TextRank - no_path,word:260,0.05865629067805769
govreport_test_0381,Lead - no_path,word:260,-0.0345750540235219
govreport_test_0382,Full - no_path,unit:10,-0.007807775950777085
govreport_test_0382,AB2 - AB0,unit:10,-0.023167903525046357
govreport_test_0382,TextRank - no_path,unit:10,0.02622950819672132
govreport_test_0382,Lead - no_path,unit:10,0.03653893092506716
govreport_test_0382,Full - no_path,unit:5,0.007335339749893227
govreport_test_0382,AB2 - AB0,unit:5,-0.024804705037263175
govreport_test_0382,TextRank - no_path,unit:5,0.0029270168362322546
govreport_test_0382,Lead - no_path,unit:5,0.01233410410027852
govreport_test_0382,Full - no_path,word:110,0.0
govreport_test_0382,AB2 - AB0,word:110,-0.03571428571428571
govreport_test_0382,TextRank - no_path,word:110,0.01017811704834605
govreport_test_0382,Lead - no_path,word:110,0.038339735174470424
govreport_test_0382,Full - no_path,word:260,-0.00015344272807429893
govreport_test_0382,AB2 - AB0,word:260,-0.02532989256757992
govreport_test_0382,TextRank - no_path,word:260,0.040291733011219105
govreport_test_0382,Lead - no_path,word:260,0.06401768026657811
govreport_test_0383,Full - no_path,unit:10,0.0
govreport_test_0383,AB2 - AB0,unit:10,-0.0017438766747275292
govreport_test_0383,TextRank - no_path,unit:10,-0.0151306569433593
govreport_test_0383,Lead - no_path,unit:10,-0.07480854421326208
govreport_test_0383,Full - no_path,unit:5,0.0
govreport_test_0383,AB2 - AB0,unit:5,0.010725625338805861
govreport_test_0383,TextRank - no_path,unit:5,0.006053165437869684
govreport_test_0383,Lead - no_path,unit:5,-0.07949917890400296
govreport_test_0383,Full - no_path,word:110,0.0
govreport_test_0383,AB2 - AB0,word:110,-0.005855393941531728
govreport_test_0383,TextRank - no_path,word:110,0.016422313989201298
govreport_test_0383,Lead - no_path,word:110,-0.05405825593291738
govreport_test_0383,Full - no_path,word:260,0.0
govreport_test_0383,AB2 - AB0,word:260,0.002560819462227859
govreport_test_0383,TextRank - no_path,word:260,-0.007958238944154372
govreport_test_0383,Lead - no_path,word:260,-0.04402911666338774
govreport_test_0384,Full - no_path,unit:10,0.0
govreport_test_0384,AB2 - AB0,unit:10,0.002800934773196262
govreport_test_0384,TextRank - no_path,unit:10,0.0035846882601459074
govreport_test_0384,Lead - no_path,unit:10,-0.1131564000619611
govreport_test_0384,Full - no_path,unit:5,0.0
govreport_test_0384,AB2 - AB0,unit:5,0.03490061562888511
govreport_test_0384,TextRank - no_path,unit:5,-0.001007125849491114
govreport_test_0384,Lead - no_path,unit:5,-0.0991551091981508
govreport_test_0384,Full - no_path,word:110,0.0
govreport_test_0384,AB2 - AB0,word:110,-0.024958792047373918
govreport_test_0384,TextRank - no_path,word:110,0.034782962037403886
govreport_test_0384,Lead - no_path,word:110,-0.044834872357500596
govreport_test_0384,Full - no_path,word:260,0.0
govreport_test_0384,AB2 - AB0,word:260,-0.007731958762886598
govreport_test_0384,TextRank - no_path,word:260,0.020883167412730358
govreport_test_0384,Lead - no_path,word:260,-0.08189118278430021
govreport_test_0385,Full - no_path,unit:10,-0.034232034706766085
govreport_test_0385,AB2 - AB0,unit:10,0.016891773194170456
govreport_test_0385,TextRank - no_path,unit:10,-0.0015191752251136337
govreport_test_0385,Lead - no_path,unit:10,-0.08469739642880383
govreport_test_0385,Full - no_path,unit:5,-0.019732955216826165
govreport_test_0385,AB2 - AB0,unit:5,0.02654558990768982
govreport_test_0385,TextRank - no_path,unit:5,-0.05280112044817928
govreport_test_0385,Lead - no_path,unit:5,-0.12224157955865272
govreport_test_0385,Full - no_path,word:110,-0.005971244131455389
govreport_test_0385,AB2 - AB0,word:110,0.0023718817091241406
govreport_test_0385,TextRank - no_path,word:110,-0.021875000000000006
govreport_test_0385,Lead - no_path,word:110,-0.06581025741029642
govreport_test_0385,Full - no_path,word:260,0.0
govreport_test_0385,AB2 - AB0,word:260,-0.005670630354174616
govreport_test_0385,TextRank - no_path,word:260,0.020590865517618517
govreport_test_0385,Lead - no_path,word:260,-0.05830164765525983
govreport_test_0386,Full - no_path,unit:10,0.0
govreport_test_0386,AB2 - AB0,unit:10,-0.01679628241642936
govreport_test_0386,TextRank - no_path,unit:10,0.060603890679078676
govreport_test_0386,Lead - no_path,unit:10,0.011179834286381168
govreport_test_0386,Full - no_path,unit:5,0.0
govreport_test_0386,AB2 - AB0,unit:5,0.015327089979760566
govreport_test_0386,TextRank - no_path,unit:5,0.007553191489361705
govreport_test_0386,Lead - no_path,unit:5,-0.007968545216251649
govreport_test_0386,Full - no_path,word:110,0.0
govreport_test_0386,AB2 - AB0,word:110,-0.030839229682942948
govreport_test_0386,TextRank - no_path,word:110,0.0222576042831088
govreport_test_0386,Lead - no_path,word:110,0.005412719891745604
govreport_test_0386,Full - no_path,word:260,0.0
govreport_test_0386,AB2 - AB0,word:260,0.0608108108108108
govreport_test_0386,TextRank - no_path,word:260,0.04596849874451517
govreport_test_0386,Lead - no_path,word:260,-0.007330422637995909
govreport_test_0387,Full - no_path,unit:10,0.0
govreport_test_0387,AB2 - AB0,unit:10,-0.08636251028905242
govreport_test_0387,TextRank - no_path,unit:10,0.03734836038751274
govreport_test_0387,Lead - no_path,unit:10,0.00791032522261323
govreport_test_0387,Full - no_path,unit:5,0.0
govreport_test_0387,AB2 - AB0,unit:5,-0.050106178582263114
govreport_test_0387,TextRank - no_path,unit:5,0.02668621700879764
govreport_test_0387,Lead - no_path,unit:5,0.0003549431047081969
govreport_test_0387,Full - no_path,word:110,0.0
govreport_test_0387,AB2 - AB0,word:110,-0.04719063545150502
govreport_test_0387,TextRank - no_path,word:110,0.016901078162600974
govreport_test_0387,Lead - no_path,word:110,-0.006844741235392332
govreport_test_0387,Full - no_path,word:260,0.0
govreport_test_0387,AB2 - AB0,word:260,-0.0992028312382782
govreport_test_0387,TextRank - no_path,word:260,0.005312084993359861
govreport_test_0387,Lead - no_path,word:260,-0.006182228374042392
govreport_test_0388,Full - no_path,unit:10,0.0
govreport_test_0388,AB2 - AB0,unit:10,-0.07106872095866956
govreport_test_0388,TextRank - no_path,unit:10,0.060939652781186376
govreport_test_0388,Lead - no_path,unit:10,0.02685854439232574
govreport_test_0388,Full - no_path,unit:5,0.0
govreport_test_0388,AB2 - AB0,unit:5,-0.0825151648982149
govreport_test_0388,TextRank - no_path,unit:5,0.0827770360480641
govreport_test_0388,Lead - no_path,unit:5,0.01975735426625927
govreport_test_0388,Full - no_path,word:110,0.009202453987730064
govreport_test_0388,AB2 - AB0,word:110,-0.018433179723502308
govreport_test_0388,TextRank - no_path,word:110,0.048292979909146244
govreport_test_0388,Lead - no_path,word:110,0.01533742331288343
govreport_test_0388,Full - no_path,word:260,-0.002913472340530604
govreport_test_0388,AB2 - AB0,word:260,-0.0312798504986721
govreport_test_0388,TextRank - no_path,word:260,0.07679315599126146
govreport_test_0388,Lead - no_path,word:260,0.02761410878360379
govreport_test_0389,Full - no_path,unit:10,0.0
govreport_test_0389,AB2 - AB0,unit:10,-0.04463379301691589
govreport_test_0389,TextRank - no_path,unit:10,0.03990482615539742
govreport_test_0389,Lead - no_path,unit:10,-0.014305093106424943
govreport_test_0389,Full - no_path,unit:5,0.0
govreport_test_0389,AB2 - AB0,unit:5,-0.04729151695582243
govreport_test_0389,TextRank - no_path,unit:5,0.03161745854669168
govreport_test_0389,Lead - no_path,unit:5,-0.01563621888474287
govreport_test_0389,Full - no_path,word:110,0.0
govreport_test_0389,AB2 - AB0,word:110,-0.03907355021216405
govreport_test_0389,TextRank - no_path,word:110,0.03394625176803395
govreport_test_0389,Lead - no_path,word:110,0.014348622235756558
govreport_test_0389,Full - no_path,word:260,0.0
govreport_test_0389,AB2 - AB0,word:260,-0.053060756027643985
govreport_test_0389,TextRank - no_path,word:260,0.06698564593301434
govreport_test_0389,Lead - no_path,word:260,0.04444444444444445
govreport_test_0390,Full - no_path,unit:10,0.0
govreport_test_0390,AB2 - AB0,unit:10,-0.06510749196656745
govreport_test_0390,TextRank - no_path,unit:10,0.05676712367085904
govreport_test_0390,Lead - no_path,unit:10,0.0027460426430263585
govreport_test_0390,Full - no_path,unit:5,0.0
govreport_test_0390,AB2 - AB0,unit:5,-0.05916116785682002
govreport_test_0390,TextRank - no_path,unit:5,0.07425269792760958
govreport_test_0390,Lead - no_path,unit:5,-0.03004149173243373
govreport_test_0390,Full - no_path,word:110,0.0
govreport_test_0390,AB2 - AB0,word:110,-0.03419242079565002
govreport_test_0390,TextRank - no_path,word:110,0.02572463015652146
govreport_test_0390,Lead - no_path,word:110,-0.029307854296106828
govreport_test_0390,Full - no_path,word:260,0.0
govreport_test_0390,AB2 - AB0,word:260,-0.01609274887201359
govreport_test_0390,TextRank - no_path,word:260,0.045217664383503525
govreport_test_0390,Lead - no_path,word:260,-0.009823408484394447
govreport_test_0391,Full - no_path,unit:10,0.0
govreport_test_0391,AB2 - AB0,unit:10,-0.04285867352405445
govreport_test_0391,TextRank - no_path,unit:10,0.03446712018140588
govreport_test_0391,Lead - no_path,unit:10,-0.03210478221139201
govreport_test_0391,Full - no_path,unit:5,0.0
govreport_test_0391,AB2 - AB0,unit:5,-0.014402939460210068
govreport_test_0391,TextRank - no_path,unit:5,0.014402939460210068
govreport_test_0391,Lead - no_path,unit:5,-0.02809841735098209
govreport_test_0391,Full - no_path,word:110,0.0
govreport_test_0391,AB2 - AB0,word:110,-0.014535283872936955
govreport_test_0391,TextRank - no_path,word:110,0.0451339915373766
govreport_test_0391,Lead - no_path,word:110,0.0028208744710860323
govreport_test_0391,Full - no_path,word:260,0.0
govreport_test_0391,AB2 - AB0,word:260,-0.027939464493597188
govreport_test_0391,TextRank - no_path,word:260,0.054445388594576094
govreport_test_0391,Lead - no_path,word:260,-0.02755547262773475
govreport_test_0392,Full - no_path,unit:10,0.0
govreport_test_0392,AB2 - AB0,unit:10,-0.05922060967192036
govreport_test_0392,TextRank - no_path,unit:10,0.055389789448697685
govreport_test_0392,Lead - no_path,unit:10,-0.01915591472209599
govreport_test_0392,Full - no_path,unit:5,0.0
govreport_test_0392,AB2 - AB0,unit:5,-0.04560558900515463
govreport_test_0392,TextRank - no_path,unit:5,0.027164560922417175
govreport_test_0392,Lead - no_path,unit:5,-0.06062132910485735
govreport_test_0392,Full - no_path,word:110,0.0
govreport_test_0392,AB2 - AB0,word:110,-0.02878660909581568
govreport_test_0392,TextRank - no_path,word:110,0.04334774830362571
govreport_test_0392,Lead - no_path,word:110,-0.01593625498007968
govreport_test_0392,Full - no_path,word:260,0.00019600348886208985
govreport_test_0392,AB2 - AB0,word:260,-0.05562635511586164
govreport_test_0392,TextRank - no_path,word:260,0.031897738446411
govreport_test_0392,Lead - no_path,word:260,-0.024504962597174024
govreport_test_0393,Full - no_path,unit:10,0.0020541549953314586
govreport_test_0393,AB2 - AB0,unit:10,-0.011802145844699019
govreport_test_0393,TextRank - no_path,unit:10,-0.003806650865474437
govreport_test_0393,Lead - no_path,unit:10,-0.06678460858027421
govreport_test_0393,Full - no_path,unit:5,-0.004565217391304444
govreport_test_0393,AB2 - AB0,unit:5,0.05541838134430724
govreport_test_0393,TextRank - no_path,unit:5,-0.06678743961352662
govreport_test_0393,Lead - no_path,unit:5,-0.09765369819263997
govreport_test_0393,Full - no_path,word:110,0.0
govreport_test_0393,AB2 - AB0,word:110,-0.016207455429497558
govreport_test_0393,TextRank - no_path,word:110,0.021400472069236787
govreport_test_0393,Lead - no_path,word:110,0.01897458196624105
govreport_test_0393,Full - no_path,word:260,-0.02337662337662344
govreport_test_0393,AB2 - AB0,word:260,-0.01857632565248618
govreport_test_0393,TextRank - no_path,word:260,-0.015584415584415645
govreport_test_0393,Lead - no_path,word:260,-0.047325213646457226
govreport_test_0394,Full - no_path,unit:10,0.0017341695632461795
govreport_test_0394,AB2 - AB0,unit:10,-0.005119231354476894
govreport_test_0394,TextRank - no_path,unit:10,0.018035343035343043
govreport_test_0394,Lead - no_path,unit:10,-0.022270471464019864
govreport_test_0394,Full - no_path,unit:5,-0.0063741047543165175
govreport_test_0394,AB2 - AB0,unit:5,0.012656811175435184
govreport_test_0394,TextRank - no_path,unit:5,-0.023174625700702473
govreport_test_0394,Lead - no_path,unit:5,-0.03880236933546982
govreport_test_0394,Full - no_path,word:110,0.0
govreport_test_0394,AB2 - AB0,word:110,-0.0028579407931484113
govreport_test_0394,TextRank - no_path,word:110,0.0026630415838823362
govreport_test_0394,Lead - no_path,word:110,0.012004282256563054
govreport_test_0394,Full - no_path,word:260,-0.0004135649296939381
govreport_test_0394,AB2 - AB0,word:260,-0.019011729558147034
govreport_test_0394,TextRank - no_path,word:260,0.03903345724907065
govreport_test_0394,Lead - no_path,word:260,-0.017783291976840337
govreport_test_0395,Full - no_path,unit:10,-0.0032280937453351144
govreport_test_0395,AB2 - AB0,unit:10,-0.020167240531234615
govreport_test_0395,TextRank - no_path,unit:10,0.0015036086607859156
govreport_test_0395,Lead - no_path,unit:10,-0.10676936122102881
govreport_test_0395,Full - no_path,unit:5,0.0
govreport_test_0395,AB2 - AB0,unit:5,-0.0002765242900539533
govreport_test_0395,TextRank - no_path,unit:5,0.005645269172702416
govreport_test_0395,Lead - no_path,unit:5,-0.13249159057096865
govreport_test_0395,Full - no_path,word:110,0.0
govreport_test_0395,AB2 - AB0,word:110,-0.06056352105253596
govreport_test_0395,TextRank - no_path,word:110,-0.0002762931424948045
govreport_test_0395,Lead - no_path,word:110,-0.07228915662650602
govreport_test_0395,Full - no_path,word:260,-0.016906588685729723
govreport_test_0395,AB2 - AB0,word:260,-0.009815950920245453
govreport_test_0395,TextRank - no_path,word:260,0.018120825652029382
govreport_test_0395,Lead - no_path,word:260,-0.06113263291177398
govreport_test_0396,Full - no_path,unit:10,-0.0262526415757747
govreport_test_0396,AB2 - AB0,unit:10,0.02139638488969725
govreport_test_0396,TextRank - no_path,unit:10,-0.023765383053480943
govreport_test_0396,Lead - no_path,unit:10,-0.0741848708793718
govreport_test_0396,Full - no_path,unit:5,0.0
govreport_test_0396,AB2 - AB0,unit:5,0.0012007800756781706
govreport_test_0396,TextRank - no_path,unit:5,0.004140935808770105
govreport_test_0396,Lead - no_path,unit:5,-0.04863598804979
govreport_test_0396,Full - no_path,word:110,0.0
govreport_test_0396,AB2 - AB0,word:110,0.013324428407868724
govreport_test_0396,TextRank - no_path,word:110,0.011646488307632125
govreport_test_0396,Lead - no_path,word:110,-0.006628381302795257
govreport_test_0396,Full - no_path,word:260,-0.002396644697423622
govreport_test_0396,AB2 - AB0,word:260,-0.0042873145800947365
govreport_test_0396,TextRank - no_path,word:260,0.008168946250369097
govreport_test_0396,Lead - no_path,word:260,-0.011983223487118055
govreport_test_0397,Full - no_path,unit:10,0.00904774324821267
govreport_test_0397,AB2 - AB0,unit:10,-0.009699208327247716
govreport_test_0397,TextRank - no_path,unit:10,0.020917435170877657
govreport_test_0397,Lead - no_path,unit:10,-0.03430747378282817
govreport_test_0397,Full - no_path,unit:5,0.0027864907168531905
govreport_test_0397,AB2 - AB0,unit:5,0.012075626167267872
govreport_test_0397,TextRank - no_path,unit:5,-0.013215352505217909
govreport_test_0397,Lead - no_path,unit:5,-0.060315217934173826
govreport_test_0397,Full - no_path,word:110,-0.002240120185285688
govreport_test_0397,AB2 - AB0,word:110,-0.028387096774193515
govreport_test_0397,TextRank - no_path,word:110,0.0024043897572331163
govreport_test_0397,Lead - no_path,word:110,-0.013215427408975813
govreport_test_0397,Full - no_path,word:260,0.007606953205290284
govreport_test_0397,AB2 - AB0,word:260,-0.0017426770485724774
govreport_test_0397,TextRank - no_path,word:260,0.003511461018602391
govreport_test_0397,Lead - no_path,word:260,0.0009640430482299456
govreport_test_0398,Full - no_path,unit:10,0.0
govreport_test_0398,AB2 - AB0,unit:10,-0.0711930345974231
govreport_test_0398,TextRank - no_path,unit:10,0.10465377953651844
govreport_test_0398,Lead - no_path,unit:10,-0.08298924105844724
govreport_test_0398,Full - no_path,unit:5,0.0034375746001432395
govreport_test_0398,AB2 - AB0,unit:5,-0.07697936308190842
govreport_test_0398,TextRank - no_path,unit:5,0.051139828662697895
govreport_test_0398,Lead - no_path,unit:5,-0.09962724046338249
govreport_test_0398,Full - no_path,word:110,0.0
govreport_test_0398,AB2 - AB0,word:110,-0.04703455080957433
govreport_test_0398,TextRank - no_path,word:110,-0.034525166476693264
govreport_test_0398,Lead - no_path,word:110,-0.06337554382764961
govreport_test_0398,Full - no_path,word:260,0.00735984048791935
govreport_test_0398,AB2 - AB0,word:260,-0.1317119259778129
govreport_test_0398,TextRank - no_path,word:260,0.08133943232465402
govreport_test_0398,Lead - no_path,word:260,-0.07407407407407407
govreport_test_0399,Full - no_path,unit:10,-0.001275157410076777
govreport_test_0399,AB2 - AB0,unit:10,-0.01793666820404788
govreport_test_0399,TextRank - no_path,unit:10,0.028796396710835198
govreport_test_0399,Lead - no_path,unit:10,-0.05644123761770825
govreport_test_0399,Full - no_path,unit:5,-0.014396134414804779
govreport_test_0399,AB2 - AB0,unit:5,6.039573141553012e-05
govreport_test_0399,TextRank - no_path,unit:5,0.011907874208320318
govreport_test_0399,Lead - no_path,unit:5,-0.041616578609418725
govreport_test_0399,Full - no_path,word:110,0.0128040973111396
govreport_test_0399,AB2 - AB0,word:110,-0.023047375160051203
govreport_test_0399,TextRank - no_path,word:110,0.015364916773367515
govreport_test_0399,Lead - no_path,word:110,-0.023764143966272744
govreport_test_0399,Full - no_path,word:260,-0.002332624940647121
govreport_test_0399,AB2 - AB0,word:260,-0.019532276429885254
govreport_test_0399,TextRank - no_path,word:260,0.03414806175463184
govreport_test_0399,Lead - no_path,word:260,-0.020651812095276945
govreport_test_0400,Full - no_path,unit:10,0.0
govreport_test_0400,AB2 - AB0,unit:10,-0.09887366637938722
govreport_test_0400,TextRank - no_path,unit:10,0.022342514178852024
govreport_test_0400,Lead - no_path,unit:10,-0.022338454832733973
govreport_test_0400,Full - no_path,unit:5,-0.011061691204706542
govreport_test_0400,AB2 - AB0,unit:5,0.023122794207131564
govreport_test_0400,TextRank - no_path,unit:5,-0.029500931250594803
govreport_test_0400,Lead - no_path,unit:5,-0.06267672589427933
govreport_test_0400,Full - no_path,word:110,0.0
govreport_test_0400,AB2 - AB0,word:110,0.003030303030303022
govreport_test_0400,TextRank - no_path,word:110,0.023661270236612686
govreport_test_0400,Lead - no_path,word:110,0.0005864856939382379
govreport_test_0400,Full - no_path,word:260,0.0
govreport_test_0400,AB2 - AB0,word:260,-0.09359215004044008
govreport_test_0400,TextRank - no_path,word:260,0.050038063115845105
govreport_test_0400,Lead - no_path,word:260,0.0022341253490821
govreport_test_0401,Full - no_path,unit:10,0.0
govreport_test_0401,AB2 - AB0,unit:10,-0.040307369891721984
govreport_test_0401,TextRank - no_path,unit:10,0.023321285725699942
govreport_test_0401,Lead - no_path,unit:10,-0.009370968852228434
govreport_test_0401,Full - no_path,unit:5,0.0
govreport_test_0401,AB2 - AB0,unit:5,-0.05274379979800245
govreport_test_0401,TextRank - no_path,unit:5,0.014533723251172082
govreport_test_0401,Lead - no_path,unit:5,0.027729503399216593
govreport_test_0401,Full - no_path,word:110,0.0
govreport_test_0401,AB2 - AB0,word:110,-0.01239403770538372
govreport_test_0401,TextRank - no_path,word:110,0.015112959750433697
govreport_test_0401,Lead - no_path,word:110,0.02193123232161126
govreport_test_0401,Full - no_path,word:260,0.05067340885885155
govreport_test_0401,AB2 - AB0,word:260,-0.033344678368259856
govreport_test_0401,TextRank - no_path,word:260,0.0464130284468523
govreport_test_0401,Lead - no_path,word:260,0.03134539886295143
govreport_test_0402,Full - no_path,unit:10,-0.02623973855868303
govreport_test_0402,AB2 - AB0,unit:10,-0.005892821680084315
govreport_test_0402,TextRank - no_path,unit:10,0.006448408615073925
govreport_test_0402,Lead - no_path,unit:10,-0.021508450110289346
govreport_test_0402,Full - no_path,unit:5,-0.008298238698836169
govreport_test_0402,AB2 - AB0,unit:5,0.0052052262811289884
govreport_test_0402,TextRank - no_path,unit:5,0.014165233767297142
govreport_test_0402,Lead - no_path,unit:5,-0.0192197426664526
govreport_test_0402,Full - no_path,word:110,-0.008632868266754135
govreport_test_0402,AB2 - AB0,word:110,-0.008174386920980936
govreport_test_0402,TextRank - no_path,word:110,0.013165496855861658
govreport_test_0402,Lead - no_path,word:110,0.007879467660029546
govreport_test_0402,Full - no_path,word:260,-0.009239785004224427
govreport_test_0402,AB2 - AB0,word:260,-0.007588670848810236
govreport_test_0402,TextRank - no_path,word:260,0.0017218186709712091
govreport_test_0402,Lead - no_path,word:260,0.006241592682270647
govreport_test_0403,Full - no_path,unit:10,0.007986774746649161
govreport_test_0403,AB2 - AB0,unit:10,-0.013971935788763823
govreport_test_0403,TextRank - no_path,unit:10,0.020296049202543548
govreport_test_0403,Lead - no_path,unit:10,-0.025893003665007353
govreport_test_0403,Full - no_path,unit:5,0.0020045718304905757
govreport_test_0403,AB2 - AB0,unit:5,0.0009971302106133728
govreport_test_0403,TextRank - no_path,unit:5,-0.0038518005311690695
govreport_test_0403,Lead - no_path,unit:5,-0.02377123767498099
govreport_test_0403,Full - no_path,word:110,0.01798554244626417
govreport_test_0403,AB2 - AB0,word:110,-0.024167922662647487
govreport_test_0403,TextRank - no_path,word:110,0.02372020021246256
govreport_test_0403,Lead - no_path,word:110,0.009519623658510681
govreport_test_0403,Full - no_path,word:260,0.013018492968621481
govreport_test_0403,AB2 - AB0,word:260,0.0007791013113307432
govreport_test_0403,TextRank - no_path,word:260,0.03691486217067816
govreport_test_0403,Lead - no_path,word:260,-0.0029281747081270626
govreport_test_0404,Full - no_path,unit:10,0.0
govreport_test_0404,AB2 - AB0,unit:10,-0.05168486252161786
govreport_test_0404,TextRank - no_path,unit:10,0.0547707558859975
govreport_test_0404,Lead - no_path,unit:10,-0.06374776263252102
govreport_test_0404,Full - no_path,unit:5,0.0
govreport_test_0404,AB2 - AB0,unit:5,-0.026805253146960917
govreport_test_0404,TextRank - no_path,unit:5,0.0032503205777147937
govreport_test_0404,Lead - no_path,unit:5,-0.04265141522693361
govreport_test_0404,Full - no_path,word:110,0.0
govreport_test_0404,AB2 - AB0,word:110,-0.05528065464774326
govreport_test_0404,TextRank - no_path,word:110,0.057595734831675904
govreport_test_0404,Lead - no_path,word:110,0.0026728273250870294
govreport_test_0404,Full - no_path,word:260,0.021164351212383165
govreport_test_0404,AB2 - AB0,word:260,-0.03007757910201736
govreport_test_0404,TextRank - no_path,word:260,0.028204048018397432
govreport_test_0404,Lead - no_path,word:260,-0.05656674122459163
govreport_test_0405,Full - no_path,unit:10,0.0
govreport_test_0405,AB2 - AB0,unit:10,0.027563251184678617
govreport_test_0405,TextRank - no_path,unit:10,-0.03874107514487876
govreport_test_0405,Lead - no_path,unit:10,-0.09569311729677327
govreport_test_0405,Full - no_path,unit:5,0.0
govreport_test_0405,AB2 - AB0,unit:5,0.012783495098278308
govreport_test_0405,TextRank - no_path,unit:5,0.0027365589040842797
govreport_test_0405,Lead - no_path,unit:5,-0.10280600961421621
govreport_test_0405,Full - no_path,word:110,0.0
govreport_test_0405,AB2 - AB0,word:110,-0.016556799018856372
govreport_test_0405,TextRank - no_path,word:110,0.0399585690928857
govreport_test_0405,Lead - no_path,word:110,-0.027914516060231195
govreport_test_0405,Full - no_path,word:260,0.0
govreport_test_0405,AB2 - AB0,word:260,-0.048452220726783346
govreport_test_0405,TextRank - no_path,word:260,0.026595898638185816
govreport_test_0405,Lead - no_path,word:260,-0.0381547688944692
govreport_test_0406,Full - no_path,unit:10,0.040101638782618604
govreport_test_0406,AB2 - AB0,unit:10,0.049065420560747586
govreport_test_0406,TextRank - no_path,unit:10,0.0020155459680227528
govreport_test_0406,Lead - no_path,unit:10,-0.04301515349534665
govreport_test_0406,Full - no_path,unit:5,0.030982905982905984
govreport_test_0406,AB2 - AB0,unit:5,0.030670162976731863
govreport_test_0406,TextRank - no_path,unit:5,0.06118744749789992
govreport_test_0406,Lead - no_path,unit:5,-0.0323753961394411
govreport_test_0406,Full - no_path,word:110,0.01028096060273112
govreport_test_0406,AB2 - AB0,word:110,0.006906861817066096
govreport_test_0406,TextRank - no_path,word:110,0.014191367245852654
govreport_test_0406,Lead - no_path,word:110,-0.011379689216763439
govreport_test_0406,Full - no_path,word:260,0.03441419888788308
govreport_test_0406,AB2 - AB0,word:260,0.004963530159498797
govreport_test_0406,TextRank - no_path,word:260,0.03409090909090909
govreport_test_0406,Lead - no_path,word:260,-0.003110896196002577
govreport_test_0407,Full - no_path,unit:10,0.00868396077190764
govreport_test_0407,AB2 - AB0,unit:10,-0.02101151107183008
govreport_test_0407,TextRank - no_path,unit:10,0.050982310263308045
govreport_test_0407,Lead - no_path,unit:10,-0.07042392782103574
govreport_test_0407,Full - no_path,unit:5,0.0
govreport_test_0407,AB2 - AB0,unit:5,0.028765190842135135
govreport_test_0407,TextRank - no_path,unit:5,-0.016073990391568982
govreport_test_0407,Lead - no_path,unit:5,-0.07887848181564579
govreport_test_0407,Full - no_path,word:110,0.0
govreport_test_0407,AB2 - AB0,word:110,-0.006321637836449789
govreport_test_0407,TextRank - no_path,word:110,0.03638056227890524
govreport_test_0407,Lead - no_path,word:110,-0.024595047477192336
govreport_test_0407,Full - no_path,word:260,0.007960101221040211
govreport_test_0407,AB2 - AB0,word:260,0.04133202140089784
govreport_test_0407,TextRank - no_path,word:260,0.04702970297029699
govreport_test_0407,Lead - no_path,word:260,-0.06665685155876183
govreport_test_0408,Full - no_path,unit:10,0.0
govreport_test_0408,AB2 - AB0,unit:10,-0.007417512149373334
govreport_test_0408,TextRank - no_path,unit:10,0.02321325756627532
govreport_test_0408,Lead - no_path,unit:10,-0.04468088416889568
govreport_test_0408,Full - no_path,unit:5,0.0
govreport_test_0408,AB2 - AB0,unit:5,0.003884331558682508
govreport_test_0408,TextRank - no_path,unit:5,0.010188679245282994
govreport_test_0408,Lead - no_path,unit:5,-0.03431794814794231
govreport_test_0408,Full - no_path,word:110,0.0
govreport_test_0408,AB2 - AB0,word:110,0.00921658986175114
govreport_test_0408,TextRank - no_path,word:110,0.024022870797064347
govreport_test_0408,Lead - no_path,word:110,-0.009771292029356546
govreport_test_0408,Full - no_path,word:260,0.0
govreport_test_0408,AB2 - AB0,word:260,-0.018829121718142022
govreport_test_0408,TextRank - no_path,word:260,0.021429057628880616
govreport_test_0408,Lead - no_path,word:260,-0.013936111513552368
govreport_test_0409,Full - no_path,unit:10,-0.002049399551709935
govreport_test_0409,AB2 - AB0,unit:10,-0.0007555662728077062
govreport_test_0409,TextRank - no_path,unit:10,-0.0062168207173461665
govreport_test_0409,Lead - no_path,unit:10,-0.058904330343097
govreport_test_0409,Full - no_path,unit:5,0.010871206401932648
govreport_test_0409,AB2 - AB0,unit:5,-0.0005741526533605823
govreport_test_0409,TextRank - no_path,unit:5,-0.007885781684584647
govreport_test_0409,Lead - no_path,unit:5,-0.04881700845869599
govreport_test_0409,Full - no_path,word:110,0.0
govreport_test_0409,AB2 - AB0,word:110,-0.030729845466393596
govreport_test_0409,TextRank - no_path,word:110,0.03332712716440142
govreport_test_0409,Lead - no_path,word:110,-0.012594838904574357
govreport_test_0409,Full - no_path,word:260,-0.002948185637422329
govreport_test_0409,AB2 - AB0,word:260,0.02333069735660165
govreport_test_0409,TextRank - no_path,word:260,0.009676496905181381
govreport_test_0409,Lead - no_path,word:260,-0.03265115593445203
govreport_test_0410,Full - no_path,unit:10,0.0006532610145787987
govreport_test_0410,AB2 - AB0,unit:10,-0.03404144756322647
govreport_test_0410,TextRank - no_path,unit:10,0.051152827272230306
govreport_test_0410,Lead - no_path,unit:10,-0.007015972533213899
govreport_test_0410,Full - no_path,unit:5,0.012242782240320993
govreport_test_0410,AB2 - AB0,unit:5,-0.004923750811161559
govreport_test_0410,TextRank - no_path,unit:5,0.02534556095329693
govreport_test_0410,Lead - no_path,unit:5,-0.03308329249751844
govreport_test_0410,Full - no_path,word:110,-0.012159537427387387
govreport_test_0410,AB2 - AB0,word:110,-0.03763201679849809
govreport_test_0410,TextRank - no_path,word:110,0.04304723885562206
govreport_test_0410,Lead - no_path,word:110,-0.012159537427387387
govreport_test_0410,Full - no_path,word:260,0.0
govreport_test_0410,AB2 - AB0,word:260,-0.05113593058364849
govreport_test_0410,TextRank - no_path,word:260,0.0654650539759502
govreport_test_0410,Lead - no_path,word:260,0.01389957973899586
govreport_test_0411,Full - no_path,unit:10,0.0
govreport_test_0411,AB2 - AB0,unit:10,0.02150674373795758
govreport_test_0411,TextRank - no_path,unit:10,-0.03630525959053982
govreport_test_0411,Lead - no_path,unit:10,-0.06368372786729953
govreport_test_0411,Full - no_path,unit:5,0.0
govreport_test_0411,AB2 - AB0,unit:5,-0.019563756886281147
govreport_test_0411,TextRank - no_path,unit:5,0.018272013228606887
govreport_test_0411,Lead - no_path,unit:5,0.0014713513843523929
govreport_test_0411,Full - no_path,word:110,0.0
govreport_test_0411,AB2 - AB0,word:110,0.013210039630118894
govreport_test_0411,TextRank - no_path,word:110,-0.0212502600374454
govreport_test_0411,Lead - no_path,word:110,-0.026350461133069852
govreport_test_0411,Full - no_path,word:260,0.0
govreport_test_0411,AB2 - AB0,word:260,0.017181520566985353
govreport_test_0411,TextRank - no_path,word:260,-0.01157396820047421
govreport_test_0411,Lead - no_path,word:260,-0.021610107953720287
govreport_test_0412,Full - no_path,unit:10,0.0
govreport_test_0412,AB2 - AB0,unit:10,0.0322192657098318
govreport_test_0412,TextRank - no_path,unit:10,-0.024839994162653506
govreport_test_0412,Lead - no_path,unit:10,-0.06460531358898991
govreport_test_0412,Full - no_path,unit:5,0.0
govreport_test_0412,AB2 - AB0,unit:5,0.07937399845996959
govreport_test_0412,TextRank - no_path,unit:5,-0.030966899648139617
govreport_test_0412,Lead - no_path,unit:5,-0.032834065730024176
govreport_test_0412,Full - no_path,word:110,0.0
govreport_test_0412,AB2 - AB0,word:110,-0.04366690501872478
govreport_test_0412,TextRank - no_path,word:110,0.026709401709401698
govreport_test_0412,Lead - no_path,word:110,0.0168855534709193
govreport_test_0412,Full - no_path,word:260,-0.0034096040945355843
govreport_test_0412,AB2 - AB0,word:260,-0.011683439953011049
govreport_test_0412,TextRank - no_path,word:260,0.017431749696415477
govreport_test_0412,Lead - no_path,word:260,-0.03685522128145077
govreport_test_0413,Full - no_path,unit:10,-0.0028210523192709336
govreport_test_0413,AB2 - AB0,unit:10,0.0
govreport_test_0413,TextRank - no_path,unit:10,-0.019978403817647705
govreport_test_0413,Lead - no_path,unit:10,-0.05799534364043657
govreport_test_0413,Full - no_path,unit:5,-0.027439291663013954
govreport_test_0413,AB2 - AB0,unit:5,-0.010785588617761799
govreport_test_0413,TextRank - no_path,unit:5,-0.026910470933241337
govreport_test_0413,Lead - no_path,unit:5,-0.06621025132870913
govreport_test_0413,Full - no_path,word:110,0.016845088566827704
govreport_test_0413,AB2 - AB0,word:110,-0.016845088566827704
govreport_test_0413,TextRank - no_path,word:110,0.019199999999999995
govreport_test_0413,Lead - no_path,word:110,-0.031732905296950234
govreport_test_0413,Full - no_path,word:260,-0.004219860050211022
govreport_test_0413,AB2 - AB0,word:260,-0.000977364963809041
govreport_test_0413,TextRank - no_path,word:260,-0.014803750283405137
govreport_test_0413,Lead - no_path,word:260,-0.043996868739136774
govreport_test_0414,Full - no_path,unit:10,0.0
govreport_test_0414,AB2 - AB0,unit:10,-0.02215688164786786
govreport_test_0414,TextRank - no_path,unit:10,0.01841486429366629
govreport_test_0414,Lead - no_path,unit:10,-0.016910452273638632
govreport_test_0414,Full - no_path,unit:5,0.0
govreport_test_0414,AB2 - AB0,unit:5,0.02655694715120946
govreport_test_0414,TextRank - no_path,unit:5,-0.010431291681291699
govreport_test_0414,Lead - no_path,unit:5,-0.01998124032022336
govreport_test_0414,Full - no_path,word:110,0.0
govreport_test_0414,AB2 - AB0,word:110,0.003750250624282303
govreport_test_0414,TextRank - no_path,word:110,0.04236006051437216
govreport_test_0414,Lead - no_path,word:110,0.021180030257186094
govreport_test_0414,Full - no_path,word:260,0.0
govreport_test_0414,AB2 - AB0,word:260,-0.03931203931203933
govreport_test_0414,TextRank - no_path,word:260,0.016644987233222525
govreport_test_0414,Lead - no_path,word:260,-0.011800873869839384
govreport_test_0415,Full - no_path,unit:10,0.0
govreport_test_0415,AB2 - AB0,unit:10,-0.11052257895095163
govreport_test_0415,TextRank - no_path,unit:10,0.08451454443227885
govreport_test_0415,Lead - no_path,unit:10,-0.04850358007520733
govreport_test_0415,Full - no_path,unit:5,0.0
govreport_test_0415,AB2 - AB0,unit:5,-0.050516307899751645
govreport_test_0415,TextRank - no_path,unit:5,0.07723959032157068
govreport_test_0415,Lead - no_path,unit:5,0.007026125625347407
govreport_test_0415,Full - no_path,word:110,0.0
govreport_test_0415,AB2 - AB0,word:110,-0.013452914798206206
govreport_test_0415,TextRank - no_path,word:110,0.013452914798206206
govreport_test_0415,Lead - no_path,word:110,-0.005285073670723922
govreport_test_0415,Full - no_path,word:260,0.0
govreport_test_0415,AB2 - AB0,word:260,-0.03678929765886288
govreport_test_0415,TextRank - no_path,word:260,0.07621602208704634
govreport_test_0415,Lead - no_path,word:260,-0.0007070548360305906
govreport_test_0416,Full - no_path,unit:10,0.0
govreport_test_0416,AB2 - AB0,unit:10,-0.008613605926015622
govreport_test_0416,TextRank - no_path,unit:10,-0.00018547684337597015
govreport_test_0416,Lead - no_path,unit:10,-0.00943113772455087
govreport_test_0416,Full - no_path,unit:5,0.0
govreport_test_0416,AB2 - AB0,unit:5,0.009502982951529682
govreport_test_0416,TextRank - no_path,unit:5,-0.025021747248406473
govreport_test_0416,Lead - no_path,unit:5,-0.03308233390319343
govreport_test_0416,Full - no_path,word:110,0.0
govreport_test_0416,AB2 - AB0,word:110,0.01805064233848447
govreport_test_0416,TextRank - no_path,word:110,-0.031154002738813413
govreport_test_0416,Lead - no_path,word:110,-0.028119101373107802
govreport_test_0416,Full - no_path,word:260,0.0
govreport_test_0416,AB2 - AB0,word:260,0.002215812846220716
govreport_test_0416,TextRank - no_path,word:260,0.02358418045741628
govreport_test_0416,Lead - no_path,word:260,-0.011453214813724216
govreport_test_0417,Full - no_path,unit:10,0.009156814303149685
govreport_test_0417,AB2 - AB0,unit:10,-0.03404808317089017
govreport_test_0417,TextRank - no_path,unit:10,0.023818262042119065
govreport_test_0417,Lead - no_path,unit:10,-0.019920374615270242
govreport_test_0417,Full - no_path,unit:5,-0.01163833805476866
govreport_test_0417,AB2 - AB0,unit:5,-0.03371727964261087
govreport_test_0417,TextRank - no_path,unit:5,0.003077974001968964
govreport_test_0417,Lead - no_path,unit:5,-0.030639305640641906
govreport_test_0417,Full - no_path,word:110,-0.011807013532334196
govreport_test_0417,AB2 - AB0,word:110,-0.021374045801526714
govreport_test_0417,TextRank - no_path,word:110,0.02211539575345481
govreport_test_0417,Lead - no_path,word:110,-0.0057187334714513816
govreport_test_0417,Full - no_path,word:260,0.012636951427484722
govreport_test_0417,AB2 - AB0,word:260,-0.04412451170675383
govreport_test_0417,TextRank - no_path,word:260,0.008191378144025568
govreport_test_0417,Lead - no_path,word:260,-0.01980198019801982
govreport_test_0418,Full - no_path,unit:10,0.0
govreport_test_0418,AB2 - AB0,unit:10,-0.08480960269444546
govreport_test_0418,TextRank - no_path,unit:10,0.09312214611872144
govreport_test_0418,Lead - no_path,unit:10,-0.01150362318840581
govreport_test_0418,Full - no_path,unit:5,0.0
govreport_test_0418,AB2 - AB0,unit:5,-0.06702567847146162
govreport_test_0418,TextRank - no_path,unit:5,0.035315523943429045
govreport_test_0418,Lead - no_path,unit:5,-0.012768394730592408
govreport_test_0418,Full - no_path,word:110,0.0
govreport_test_0418,AB2 - AB0,word:110,-0.04504336801432855
govreport_test_0418,TextRank - no_path,word:110,0.051701201322260734
govreport_test_0418,Lead - no_path,word:110,0.013070122563793432
govreport_test_0418,Full - no_path,word:260,0.0
govreport_test_0418,AB2 - AB0,word:260,-0.04079194233237873
govreport_test_0418,TextRank - no_path,word:260,0.11089497986049712
govreport_test_0418,Lead - no_path,word:260,0.013689489586970915
govreport_test_0419,Full - no_path,unit:10,0.016808461502932887
govreport_test_0419,AB2 - AB0,unit:10,0.004162785679361708
govreport_test_0419,TextRank - no_path,unit:10,0.0012324929971989085
govreport_test_0419,Lead - no_path,unit:10,-0.032709359605911315
govreport_test_0419,Full - no_path,unit:5,0.018779342723004716
govreport_test_0419,AB2 - AB0,unit:5,-0.0019504679960467564
govreport_test_0419,TextRank - no_path,unit:5,0.0015922634727734697
govreport_test_0419,Lead - no_path,unit:5,-0.058583384364155944
govreport_test_0419,Full - no_path,word:110,0.005035460992907803
govreport_test_0419,AB2 - AB0,word:110,0.00296453900709219
govreport_test_0419,TextRank - no_path,word:110,0.005035460992907803
govreport_test_0419,Lead - no_path,word:110,-0.014803149606299207
govreport_test_0419,Full - no_path,word:260,0.019212538554460673
govreport_test_0419,AB2 - AB0,word:260,0.02417907295956076
govreport_test_0419,TextRank - no_path,word:260,0.008879023307436201
govreport_test_0419,Lead - no_path,word:260,-0.006715064621580141
govreport_test_0420,Full - no_path,unit:10,-0.007065447569695293
govreport_test_0420,AB2 - AB0,unit:10,-0.023095843581940223
govreport_test_0420,TextRank - no_path,unit:10,0.025865281463497286
govreport_test_0420,Lead - no_path,unit:10,-0.03593232858421286
govreport_test_0420,Full - no_path,unit:5,0.0016279363041259987
govreport_test_0420,AB2 - AB0,unit:5,-0.018011556086869912
govreport_test_0420,TextRank - no_path,unit:5,0.0049892808419411405
govreport_test_0420,Lead - no_path,unit:5,-0.06833802476384548
govreport_test_0420,Full - no_path,word:110,0.0
govreport_test_0420,AB2 - AB0,word:110,-0.033930232339649924
govreport_test_0420,TextRank - no_path,word:110,0.028197442982250742
govreport_test_0420,Lead - no_path,word:110,-0.012566953652387067
govreport_test_0420,Full - no_path,word:260,-0.004968944099378869
govreport_test_0420,AB2 - AB0,word:260,-0.022861474439794888
govreport_test_0420,TextRank - no_path,word:260,0.04223602484472053
govreport_test_0420,Lead - no_path,word:260,-0.012834899597466254
govreport_test_0421,Full - no_path,unit:10,0.0
govreport_test_0421,AB2 - AB0,unit:10,0.04410748088600433
govreport_test_0421,TextRank - no_path,unit:10,-0.00808141275067345
govreport_test_0421,Lead - no_path,unit:10,-0.04413910505836574
govreport_test_0421,Full - no_path,unit:5,0.0
govreport_test_0421,AB2 - AB0,unit:5,0.034476873186550586
govreport_test_0421,TextRank - no_path,unit:5,-0.03536123820821328
govreport_test_0421,Lead - no_path,unit:5,-0.031070584262073625
govreport_test_0421,Full - no_path,word:110,0.0
govreport_test_0421,AB2 - AB0,word:110,-0.009409012905804065
govreport_test_0421,TextRank - no_path,word:110,0.009259694063230045
govreport_test_0421,Lead - no_path,word:110,0.004710208884966149
govreport_test_0421,Full - no_path,word:260,0.0
govreport_test_0421,AB2 - AB0,word:260,-0.0024602735394102793
govreport_test_0421,TextRank - no_path,word:260,-0.006153846153846149
govreport_test_0421,Lead - no_path,word:260,-0.03881219396619803
govreport_test_0422,Full - no_path,unit:10,-0.01226939516754147
govreport_test_0422,AB2 - AB0,unit:10,-0.027427031491100318
govreport_test_0422,TextRank - no_path,unit:10,0.0006709943819109554
govreport_test_0422,Lead - no_path,unit:10,-0.024633899819006655
govreport_test_0422,Full - no_path,unit:5,0.0
govreport_test_0422,AB2 - AB0,unit:5,-0.019955854375892673
govreport_test_0422,TextRank - no_path,unit:5,-0.010077569074940729
govreport_test_0422,Lead - no_path,unit:5,-0.014943834406159318
govreport_test_0422,Full - no_path,word:110,-0.02042328777547285
govreport_test_0422,AB2 - AB0,word:110,-0.022938247242031334
govreport_test_0422,TextRank - no_path,word:110,0.01010127676706346
govreport_test_0422,Lead - no_path,word:110,0.0049664885770762945
govreport_test_0422,Full - no_path,word:260,-0.006079168838906662
govreport_test_0422,AB2 - AB0,word:260,-0.0409041980624327
govreport_test_0422,TextRank - no_path,word:260,0.010987426998474908
govreport_test_0422,Lead - no_path,word:260,-0.014534016775396064
govreport_test_0423,Full - no_path,unit:10,-0.004263349068754668
govreport_test_0423,AB2 - AB0,unit:10,-0.06481793454816254
govreport_test_0423,TextRank - no_path,unit:10,0.06264943698055028
govreport_test_0423,Lead - no_path,unit:10,-0.06495971441859297
govreport_test_0423,Full - no_path,unit:5,0.0
govreport_test_0423,AB2 - AB0,unit:5,-0.017877813161783135
govreport_test_0423,TextRank - no_path,unit:5,0.02356250637671442
govreport_test_0423,Lead - no_path,unit:5,-0.05887247763677972
govreport_test_0423,Full - no_path,word:110,0.0
govreport_test_0423,AB2 - AB0,word:110,-0.03551912568306009
govreport_test_0423,TextRank - no_path,word:110,0.036216240527108756
govreport_test_0423,Lead - no_path,word:110,-0.010760766372885408
govreport_test_0423,Full - no_path,word:260,0.0
govreport_test_0423,AB2 - AB0,word:260,-0.06129398410896708
govreport_test_0423,TextRank - no_path,word:260,0.052213393870601615
govreport_test_0423,Lead - no_path,word:260,-0.04086265607264469
govreport_test_0424,Full - no_path,unit:10,0.007323037796237275
govreport_test_0424,AB2 - AB0,unit:10,-0.04143401182906098
govreport_test_0424,TextRank - no_path,unit:10,0.04586596899476744
govreport_test_0424,Lead - no_path,unit:10,-0.033287636020906564
govreport_test_0424,Full - no_path,unit:5,0.040816682967723894
govreport_test_0424,AB2 - AB0,unit:5,-0.03591449286194784
govreport_test_0424,TextRank - no_path,unit:5,0.04547930283224402
govreport_test_0424,Lead - no_path,unit:5,-0.02590787381809055
govreport_test_0424,Full - no_path,word:110,0.014539511515995265
govreport_test_0424,AB2 - AB0,word:110,-0.05173061768806449
govreport_test_0424,TextRank - no_path,word:110,0.034248065764023214
govreport_test_0424,Lead - no_path,word:110,0.0031597106625101956
govreport_test_0424,Full - no_path,word:260,0.042705240437817066
govreport_test_0424,AB2 - AB0,word:260,-0.05663944934630444
govreport_test_0424,TextRank - no_path,word:260,0.07059138961237935
govreport_test_0424,Lead - no_path,word:260,0.030576050718697095
govreport_test_0425,Full - no_path,unit:10,9.514949042158105e-05
govreport_test_0425,AB2 - AB0,unit:10,0.0024803809657382714
govreport_test_0425,TextRank - no_path,unit:10,-0.02488687782805432
govreport_test_0425,Lead - no_path,unit:10,-0.04162205105177716
govreport_test_0425,Full - no_path,unit:5,0.0
govreport_test_0425,AB2 - AB0,unit:5,-0.010230872739216551
govreport_test_0425,TextRank - no_path,unit:5,-0.0023970853621164967
govreport_test_0425,Lead - no_path,unit:5,-0.013875643074939242
govreport_test_0425,Full - no_path,word:110,0.01099404228696553
govreport_test_0425,AB2 - AB0,word:110,-0.036974789915966325
govreport_test_0425,TextRank - no_path,word:110,0.006722689075630242
govreport_test_0425,Lead - no_path,word:110,0.0010539809143996354
govreport_test_0425,Full - no_path,word:260,0.047852439321813406
govreport_test_0425,AB2 - AB0,word:260,-0.024428086887493705
govreport_test_0425,TextRank - no_path,word:260,0.00758398294597451
govreport_test_0425,Lead - no_path,word:260,-0.00046970832919329686
govreport_test_0426,Full - no_path,unit:10,0.02444559618042469
govreport_test_0426,AB2 - AB0,unit:10,-0.00661069342666909
govreport_test_0426,TextRank - no_path,unit:10,0.017030925109684264
govreport_test_0426,Lead - no_path,unit:10,-0.05686181591967032
govreport_test_0426,Full - no_path,unit:5,0.00861123846353179
govreport_test_0426,AB2 - AB0,unit:5,-0.036875940437603505
govreport_test_0426,TextRank - no_path,unit:5,0.012926358127596516
govreport_test_0426,Lead - no_path,unit:5,-0.0860109982334748
govreport_test_0426,Full - no_path,word:110,0.010961987676088608
govreport_test_0426,AB2 - AB0,word:110,-0.025976055869637527
govreport_test_0426,TextRank - no_path,word:110,0.017842668228272324
govreport_test_0426,Lead - no_path,word:110,-0.020717743082781653
govreport_test_0426,Full - no_path,word:260,0.005872684114226728
govreport_test_0426,AB2 - AB0,word:260,0.008629989212513511
govreport_test_0426,TextRank - no_path,word:260,0.022656146691938106
govreport_test_0426,Lead - no_path,word:260,-0.035031513948206
govreport_test_0427,Full - no_path,unit:10,-0.0009523887269828057
govreport_test_0427,AB2 - AB0,unit:10,-0.04441905245561695
govreport_test_0427,TextRank - no_path,unit:10,0.023225472002230407
govreport_test_0427,Lead - no_path,unit:10,-0.0034643704299907596
govreport_test_0427,Full - no_path,unit:5,0.0
govreport_test_0427,AB2 - AB0,unit:5,-0.012200920479136818
govreport_test_0427,TextRank - no_path,unit:5,0.004965778360273787
govreport_test_0427,Lead - no_path,unit:5,-0.025427626850654
govreport_test_0427,Full - no_path,word:110,0.0
govreport_test_0427,AB2 - AB0,word:110,-0.03461977620461289
govreport_test_0427,TextRank - no_path,word:110,0.010610079575596787
govreport_test_0427,Lead - no_path,word:110,-0.011225968099773942
govreport_test_0427,Full - no_path,word:260,0.0
govreport_test_0427,AB2 - AB0,word:260,-0.0373979367329976
govreport_test_0427,TextRank - no_path,word:260,0.04872646733111849
govreport_test_0427,Lead - no_path,word:260,0.015141670184712686
govreport_test_0428,Full - no_path,unit:10,0.008735604540409975
govreport_test_0428,AB2 - AB0,unit:10,-0.007925932058098606
govreport_test_0428,TextRank - no_path,unit:10,0.022396416573348232
govreport_test_0428,Lead - no_path,unit:10,0.05191074416216912
govreport_test_0428,Full - no_path,unit:5,-0.0008487719812652894
govreport_test_0428,AB2 - AB0,unit:5,-0.018516039798331302
govreport_test_0428,TextRank - no_path,unit:5,0.018716428155254566
govreport_test_0428,Lead - no_path,unit:5,-0.0005315868931935752
govreport_test_0428,Full - no_path,word:110,0.0
govreport_test_0428,AB2 - AB0,word:110,-0.025140138466979656
govreport_test_0428,TextRank - no_path,word:110,0.01620522720957103
govreport_test_0428,Lead - no_path,word:110,0.024922118380062294
govreport_test_0428,Full - no_path,word:260,-0.01562572604666887
govreport_test_0428,AB2 - AB0,word:260,-0.03787878787878787
govreport_test_0428,TextRank - no_path,word:260,0.0200253485424588
govreport_test_0428,Lead - no_path,word:260,0.05264228912400115
govreport_test_0429,Full - no_path,unit:10,-0.004329004329004349
govreport_test_0429,AB2 - AB0,unit:10,-0.014337528953369372
govreport_test_0429,TextRank - no_path,unit:10,0.026218405250663324
govreport_test_0429,Lead - no_path,unit:10,-0.06665927718559299
govreport_test_0429,Full - no_path,unit:5,-0.02144093599789801
govreport_test_0429,AB2 - AB0,unit:5,-0.0019553360090563132
govreport_test_0429,TextRank - no_path,unit:5,0.008643795229161116
govreport_test_0429,Lead - no_path,unit:5,-0.06270903010033442
govreport_test_0429,Full - no_path,word:110,0.0
govreport_test_0429,AB2 - AB0,word:110,-0.05517330580211244
govreport_test_0429,TextRank - no_path,word:110,0.06373292867981792
govreport_test_0429,Lead - no_path,word:110,-0.006069802731411264
govreport_test_0429,Full - no_path,word:260,-0.005161073723084442
govreport_test_0429,AB2 - AB0,word:260,-0.0491989866477377
govreport_test_0429,TextRank - no_path,word:260,0.037621981947207866
govreport_test_0429,Lead - no_path,word:260,-0.017506752735430148
govreport_test_0430,Full - no_path,unit:10,0.0
govreport_test_0430,AB2 - AB0,unit:10,-0.0018222082723024502
govreport_test_0430,TextRank - no_path,unit:10,-0.012659811245880698
govreport_test_0430,Lead - no_path,unit:10,-0.0005604178394629789
govreport_test_0430,Full - no_path,unit:5,0.01628908012475344
govreport_test_0430,AB2 - AB0,unit:5,0.028180274151212048
govreport_test_0430,TextRank - no_path,unit:5,-0.012210173292806298
govreport_test_0430,Lead - no_path,unit:5,-0.029108256010344113
govreport_test_0430,Full - no_path,word:110,0.0
govreport_test_0430,AB2 - AB0,word:110,0.008875739644970432
govreport_test_0430,TextRank - no_path,word:110,0.017751479289940836
govreport_test_0430,Lead - no_path,word:110,0.00021038790269559127
govreport_test_0430,Full - no_path,word:260,-0.003113957337904011
govreport_test_0430,AB2 - AB0,word:260,-0.016422781345404758
govreport_test_0430,TextRank - no_path,word:260,0.023748795223206942
govreport_test_0430,Lead - no_path,word:260,0.033161737946255626
govreport_test_0431,Full - no_path,unit:10,0.0
govreport_test_0431,AB2 - AB0,unit:10,-0.00907191321091666
govreport_test_0431,TextRank - no_path,unit:10,0.011630728907548737
govreport_test_0431,Lead - no_path,unit:10,-0.037528337812652135
govreport_test_0431,Full - no_path,unit:5,0.0
govreport_test_0431,AB2 - AB0,unit:5,-0.002088865962311226
govreport_test_0431,TextRank - no_path,unit:5,0.007877454284902663
govreport_test_0431,Lead - no_path,unit:5,-0.034138757530608285
govreport_test_0431,Full - no_path,word:110,0.0
govreport_test_0431,AB2 - AB0,word:110,-0.015065384148243766
govreport_test_0431,TextRank - no_path,word:110,0.046720313977275704
govreport_test_0431,Lead - no_path,word:110,-0.008595215059542999
govreport_test_0431,Full - no_path,word:260,0.0
govreport_test_0431,AB2 - AB0,word:260,0.008155456165593516
govreport_test_0431,TextRank - no_path,word:260,0.02968295326441056
govreport_test_0431,Lead - no_path,word:260,-0.019042731940537627
govreport_test_0432,Full - no_path,unit:10,-0.05261380127727053
govreport_test_0432,AB2 - AB0,unit:10,0.04736710116052914
govreport_test_0432,TextRank - no_path,unit:10,-0.07220451594408189
govreport_test_0432,Lead - no_path,unit:10,-0.12303065816095257
govreport_test_0432,Full - no_path,unit:5,-0.04366471368248806
govreport_test_0432,AB2 - AB0,unit:5,0.07264272189956314
govreport_test_0432,TextRank - no_path,unit:5,-0.04244802951082119
govreport_test_0432,Lead - no_path,unit:5,-0.07101284439389476
govreport_test_0432,Full - no_path,word:110,-0.005357590966122969
govreport_test_0432,AB2 - AB0,word:110,0.019700030781298075
govreport_test_0432,TextRank - no_path,word:110,0.022289467857406445
govreport_test_0432,Lead - no_path,word:110,0.01003764115432873
govreport_test_0432,Full - no_path,word:260,-0.03789473684210529
govreport_test_0432,AB2 - AB0,word:260,0.046751054852320645
govreport_test_0432,TextRank - no_path,word:260,-0.0022912170014943167
govreport_test_0432,Lead - no_path,word:260,-0.03819106590004426
govreport_test_0433,Full - no_path,unit:10,-0.005570829206434452
govreport_test_0433,AB2 - AB0,unit:10,-0.022190104129400923
govreport_test_0433,TextRank - no_path,unit:10,-0.02375071179522717
govreport_test_0433,Lead - no_path,unit:10,-0.017554526421891703
govreport_test_0433,Full - no_path,unit:5,-0.0019020217040018605
govreport_test_0433,AB2 - AB0,unit:5,-0.004374664022095798
govreport_test_0433,TextRank - no_path,unit:5,-0.00319592708817526
govreport_test_0433,Lead - no_path,unit:5,-0.018123616872965487
govreport_test_0433,Full - no_path,word:110,-0.016547049441786282
govreport_test_0433,AB2 - AB0,word:110,0.025958466453674126
govreport_test_0433,TextRank - no_path,word:110,-0.025958466453674126
govreport_test_0433,Lead - no_path,word:110,-0.010167464114832547
govreport_test_0433,Full - no_path,word:260,-0.03574881777771913
govreport_test_0433,AB2 - AB0,word:260,-0.026526566217287856
govreport_test_0433,TextRank - no_path,word:260,-0.047884885213601236
govreport_test_0433,Lead - no_path,word:260,-0.01989399573865519
govreport_test_0434,Full - no_path,unit:10,-0.0010492542916959724
govreport_test_0434,AB2 - AB0,unit:10,0.011593077987083478
govreport_test_0434,TextRank - no_path,unit:10,-0.006177897193195558
govreport_test_0434,Lead - no_path,unit:10,-0.04121242312187462
govreport_test_0434,Full - no_path,unit:5,-0.004179104477611911
govreport_test_0434,AB2 - AB0,unit:5,-0.002487562189054743
govreport_test_0434,TextRank - no_path,unit:5,0.002750029380655772
govreport_test_0434,Lead - no_path,unit:5,-0.0257175660160735
govreport_test_0434,Full - no_path,word:110,0.01667507250031519
govreport_test_0434,AB2 - AB0,word:110,-0.013929618768328461
govreport_test_0434,TextRank - no_path,word:110,0.01992182574706844
govreport_test_0434,Lead - no_path,word:110,-0.022285966460723755
govreport_test_0434,Full - no_path,word:260,-0.017514595496246843
govreport_test_0434,AB2 - AB0,word:260,0.014447802980138147
govreport_test_0434,TextRank - no_path,word:260,-0.013106159895150682
govreport_test_0434,Lead - no_path,word:260,-0.052424639580602866
govreport_test_0435,Full - no_path,unit:10,0.0
govreport_test_0435,AB2 - AB0,unit:10,-0.03536508272460687
govreport_test_0435,TextRank - no_path,unit:10,0.022186237138517056
govreport_test_0435,Lead - no_path,unit:10,-0.04863148111423221
govreport_test_0435,Full - no_path,unit:5,-0.015622517242570466
govreport_test_0435,AB2 - AB0,unit:5,-0.01730481922567978
govreport_test_0435,TextRank - no_path,unit:5,-0.0421580869360349
govreport_test_0435,Lead - no_path,unit:5,-0.07663218426727508
govreport_test_0435,Full - no_path,word:110,0.010025340513145381
govreport_test_0435,AB2 - AB0,word:110,-0.014984964962168654
govreport_test_0435,TextRank - no_path,word:110,-0.03613457739671333
govreport_test_0435,Lead - no_path,word:110,-0.04603675807229929
govreport_test_0435,Full - no_path,word:260,0.0
govreport_test_0435,AB2 - AB0,word:260,-0.015615391594503841
govreport_test_0435,TextRank - no_path,word:260,-0.01943192776954536
govreport_test_0435,Lead - no_path,word:260,-0.06539056399150617
govreport_test_0436,Full - no_path,unit:10,-0.01157347838818737
govreport_test_0436,AB2 - AB0,unit:10,0.009671101506044444
govreport_test_0436,TextRank - no_path,unit:10,0.02253272329788117
govreport_test_0436,Lead - no_path,unit:10,-0.06867971069024623
govreport_test_0436,Full - no_path,unit:5,-0.014621529733224864
govreport_test_0436,AB2 - AB0,unit:5,0.03662608516977445
govreport_test_0436,TextRank - no_path,unit:5,-0.008919572574957013
govreport_test_0436,Lead - no_path,unit:5,-0.06956658467827981
govreport_test_0436,Full - no_path,word:110,-0.012021629346893048
govreport_test_0436,AB2 - AB0,word:110,0.03244837758112096
govreport_test_0436,TextRank - no_path,word:110,0.005677485697354712
govreport_test_0436,Lead - no_path,word:110,-0.043998030526834056
govreport_test_0436,Full - no_path,word:260,-0.00506053163195605
govreport_test_0436,AB2 - AB0,word:260,0.01876491473138936
govreport_test_0436,TextRank - no_path,word:260,0.02224967655265661
govreport_test_0436,Lead - no_path,word:260,-0.05980541917243273
govreport_test_0437,Full - no_path,unit:10,0.003381508245321435
govreport_test_0437,AB2 - AB0,unit:10,-0.03189944281602364
govreport_test_0437,TextRank - no_path,unit:10,0.04217387248729065
govreport_test_0437,Lead - no_path,unit:10,-0.058501314636283996
govreport_test_0437,Full - no_path,unit:5,0.0
govreport_test_0437,AB2 - AB0,unit:5,-0.03130348994943888
govreport_test_0437,TextRank - no_path,unit:5,-0.00015852885225109414
govreport_test_0437,Lead - no_path,unit:5,-0.023082340888718147
govreport_test_0437,Full - no_path,word:110,0.0
govreport_test_0437,AB2 - AB0,word:110,-0.011914127375395558
govreport_test_0437,TextRank - no_path,word:110,0.02643277313378782
govreport_test_0437,Lead - no_path,word:110,0.011637359595577004
govreport_test_0437,Full - no_path,word:260,-0.030879973542813938
govreport_test_0437,AB2 - AB0,word:260,-0.05657956429277114
govreport_test_0437,TextRank - no_path,word:260,0.04453398544459233
govreport_test_0437,Lead - no_path,word:260,-0.03292496331786507
govreport_test_0438,Full - no_path,unit:10,0.0
govreport_test_0438,AB2 - AB0,unit:10,0.010496819466347729
govreport_test_0438,TextRank - no_path,unit:10,-0.002848546921008832
govreport_test_0438,Lead - no_path,unit:10,-0.010999897516482782
govreport_test_0438,Full - no_path,unit:5,0.01523213354199271
govreport_test_0438,AB2 - AB0,unit:5,0.02523759020109384
govreport_test_0438,TextRank - no_path,unit:5,-0.027025548443569136
govreport_test_0438,Lead - no_path,unit:5,-0.015618027666220446
govreport_test_0438,Full - no_path,word:110,0.018290247103806445
govreport_test_0438,AB2 - AB0,word:110,0.021604938271604923
govreport_test_0438,TextRank - no_path,word:110,-0.018346785734730087
govreport_test_0438,Lead - no_path,word:110,-0.018689722079552593
govreport_test_0438,Full - no_path,word:260,0.0054522356207492295
govreport_test_0438,AB2 - AB0,word:260,0.007098997493734327
govreport_test_0438,TextRank - no_path,word:260,-0.012515644555694622
govreport_test_0438,Lead - no_path,word:260,-0.00687431071016989
govreport_test_0439,Full - no_path,unit:10,-0.0025347513418834955
govreport_test_0439,AB2 - AB0,unit:10,-0.03212492865192382
govreport_test_0439,TextRank - no_path,unit:10,0.03631489433976992
govreport_test_0439,Lead - no_path,unit:10,-0.03990477329761237
govreport_test_0439,Full - no_path,unit:5,0.0
govreport_test_0439,AB2 - AB0,unit:5,-0.02791583529838562
govreport_test_0439,TextRank - no_path,unit:5,0.018064131730040095
govreport_test_0439,Lead - no_path,unit:5,-0.04331965344277244
govreport_test_0439,Full - no_path,word:110,0.0001561076045498988
govreport_test_0439,AB2 - AB0,word:110,-0.023793303346634098
govreport_test_0439,TextRank - no_path,word:110,0.04398079194157303
govreport_test_0439,Lead - no_path,word:110,-0.002598538480552165
govreport_test_0439,Full - no_path,word:260,0.00020481252542375872
govreport_test_0439,AB2 - AB0,word:260,-0.009737128812855433
govreport_test_0439,TextRank - no_path,word:260,0.021684526129242404
govreport_test_0439,Lead - no_path,word:260,-0.018888266233526102
govreport_test_0440,Full - no_path,unit:10,-0.00794689699955678
govreport_test_0440,AB2 - AB0,unit:10,-0.016026436680360162
govreport_test_0440,TextRank - no_path,unit:10,0.006934953176411074
govreport_test_0440,Lead - no_path,unit:10,-0.004752859203442872
govreport_test_0440,Full - no_path,unit:5,-0.00202306744802358
govreport_test_0440,AB2 - AB0,unit:5,0.013405757085914516
govreport_test_0440,TextRank - no_path,unit:5,0.000708280212317447
govreport_test_0440,Lead - no_path,unit:5,-0.0016653700757234824
govreport_test_0440,Full - no_path,word:110,0.017749815942707983
govreport_test_0440,AB2 - AB0,word:110,-0.0179640718562874
govreport_test_0440,TextRank - no_path,word:110,0.026905829596412537
govreport_test_0440,Lead - no_path,word:110,0.005640467009282696
govreport_test_0440,Full - no_path,word:260,-0.004693859362466968
govreport_test_0440,AB2 - AB0,word:260,-0.01685927334303794
govreport_test_0440,TextRank - no_path,word:260,0.026796589524969522
govreport_test_0440,Lead - no_path,word:260,0.007115528804407412
govreport_test_0441,Full - no_path,unit:10,-0.01409398943029816
govreport_test_0441,AB2 - AB0,unit:10,0.010377568843138008
govreport_test_0441,TextRank - no_path,unit:10,0.00636317907444664
govreport_test_0441,Lead - no_path,unit:10,-0.065703270932468
govreport_test_0441,Full - no_path,unit:5,-0.01528752362538291
govreport_test_0441,AB2 - AB0,unit:5,0.004086508235885855
govreport_test_0441,TextRank - no_path,unit:5,-0.004086508235885855
govreport_test_0441,Lead - no_path,unit:5,-0.05571264754238031
govreport_test_0441,Full - no_path,word:110,0.0
govreport_test_0441,AB2 - AB0,word:110,-0.01413418138421639
govreport_test_0441,TextRank - no_path,word:110,0.004765782482745742
govreport_test_0441,Lead - no_path,word:110,-0.046189376443418
govreport_test_0441,Full - no_path,word:260,0.0004868135349617164
govreport_test_0441,AB2 - AB0,word:260,-0.004280518718584869
govreport_test_0441,TextRank - no_path,word:260,0.01623484503102468
govreport_test_0441,Lead - no_path,word:260,-0.03716614192812015
govreport_test_0442,Full - no_path,unit:10,0.0
govreport_test_0442,AB2 - AB0,unit:10,-0.0018141000929726148
govreport_test_0442,TextRank - no_path,unit:10,-0.01200380631135936
govreport_test_0442,Lead - no_path,unit:10,-0.05284299276827639
govreport_test_0442,Full - no_path,unit:5,0.011582491582491555
govreport_test_0442,AB2 - AB0,unit:5,-0.012844574780058626
govreport_test_0442,TextRank - no_path,unit:5,0.026491155902920616
govreport_test_0442,Lead - no_path,unit:5,-0.03434343434343433
govreport_test_0442,Full - no_path,word:110,0.016025641025641024
govreport_test_0442,AB2 - AB0,word:110,-0.026343724839614585
govreport_test_0442,TextRank - no_path,word:110,0.022194871794871757
govreport_test_0442,Lead - no_path,word:110,-0.013005128205128225
govreport_test_0442,Full - no_path,word:260,0.0
govreport_test_0442,AB2 - AB0,word:260,-0.017815098104423
govreport_test_0442,TextRank - no_path,word:260,-0.007239137963184927
govreport_test_0442,Lead - no_path,word:260,-0.03329231792484197
govreport_test_0443,Full - no_path,unit:10,0.0
govreport_test_0443,AB2 - AB0,unit:10,-0.0403360307694926
govreport_test_0443,TextRank - no_path,unit:10,-0.004759716597027064
govreport_test_0443,Lead - no_path,unit:10,-0.013254341541598658
govreport_test_0443,Full - no_path,unit:5,0.0
govreport_test_0443,AB2 - AB0,unit:5,-0.025270984752312264
govreport_test_0443,TextRank - no_path,unit:5,0.012108117593511658
govreport_test_0443,Lead - no_path,unit:5,-0.01641231830937942
govreport_test_0443,Full - no_path,word:110,0.0
govreport_test_0443,AB2 - AB0,word:110,-0.05616741739865119
govreport_test_0443,TextRank - no_path,word:110,0.0406636573256923
govreport_test_0443,Lead - no_path,word:110,0.015157953676253721
govreport_test_0443,Full - no_path,word:260,0.0
govreport_test_0443,AB2 - AB0,word:260,-0.04818016378525933
govreport_test_0443,TextRank - no_path,word:260,0.03750305439262383
govreport_test_0443,Lead - no_path,word:260,0.004870113962626543
govreport_test_0444,Full - no_path,unit:10,0.0
govreport_test_0444,AB2 - AB0,unit:10,-0.06417480048311688
govreport_test_0444,TextRank - no_path,unit:10,0.05931837467052306
govreport_test_0444,Lead - no_path,unit:10,0.021939781886688964
govreport_test_0444,Full - no_path,unit:5,0.0
govreport_test_0444,AB2 - AB0,unit:5,-0.02604221297623624
govreport_test_0444,TextRank - no_path,unit:5,-0.013413552248503713
govreport_test_0444,Lead - no_path,unit:5,-0.043768768768768784
govreport_test_0444,Full - no_path,word:110,0.0
govreport_test_0444,AB2 - AB0,word:110,-0.01388641270973237
govreport_test_0444,TextRank - no_path,word:110,0.020245320993328125
govreport_test_0444,Lead - no_path,word:110,-0.008426966292134838
govreport_test_0444,Full - no_path,word:260,0.0
govreport_test_0444,AB2 - AB0,word:260,-0.06467288354905831
govreport_test_0444,TextRank - no_path,word:260,0.065335782418149
govreport_test_0444,Lead - no_path,word:260,0.009063904945407819
govreport_test_0445,Full - no_path,unit:10,0.0
govreport_test_0445,AB2 - AB0,unit:10,-0.012666617571249678
govreport_test_0445,TextRank - no_path,unit:10,0.011755993705452217
govreport_test_0445,Lead - no_path,unit:10,-0.06654686935077408
govreport_test_0445,Full - no_path,unit:5,0.0
govreport_test_0445,AB2 - AB0,unit:5,-0.001415914462108675
govreport_test_0445,TextRank - no_path,unit:5,0.018995452768665155
govreport_test_0445,Lead - no_path,unit:5,-0.060333803686392115
govreport_test_0445,Full - no_path,word:110,0.0
govreport_test_0445,AB2 - AB0,word:110,-0.02797636241093783
govreport_test_0445,TextRank - no_path,word:110,-0.02831843521722413
govreport_test_0445,Lead - no_path,word:110,-0.07563616938616938
govreport_test_0445,Full - no_path,word:260,0.0
govreport_test_0445,AB2 - AB0,word:260,0.010706371817482935
govreport_test_0445,TextRank - no_path,word:260,0.007031168013432704
govreport_test_0445,Lead - no_path,word:260,-0.0646159777077871
govreport_test_0446,Full - no_path,unit:10,0.0
govreport_test_0446,AB2 - AB0,unit:10,0.011103041063094371
govreport_test_0446,TextRank - no_path,unit:10,-0.010014576189427526
govreport_test_0446,Lead - no_path,unit:10,-0.005742203610291541
govreport_test_0446,Full - no_path,unit:5,0.0
govreport_test_0446,AB2 - AB0,unit:5,-0.009270081818548243
govreport_test_0446,TextRank - no_path,unit:5,0.012106869034579831
govreport_test_0446,Lead - no_path,unit:5,0.0011350822007240302
govreport_test_0446,Full - no_path,word:110,0.0
govreport_test_0446,AB2 - AB0,word:110,-0.012669024339504897
govreport_test_0446,TextRank - no_path,word:110,0.003206774700726972
govreport_test_0446,Lead - no_path,word:110,-0.006181596032181602
govreport_test_0446,Full - no_path,word:260,0.0
govreport_test_0446,AB2 - AB0,word:260,-0.010443819453971742
govreport_test_0446,TextRank - no_path,word:260,0.01771606279226645
govreport_test_0446,Lead - no_path,word:260,0.011004653396293307
govreport_test_0447,Full - no_path,unit:10,0.007371007371007349
govreport_test_0447,AB2 - AB0,unit:10,-0.03302949061662197
govreport_test_0447,TextRank - no_path,unit:10,0.03011767748609856
govreport_test_0447,Lead - no_path,unit:10,-0.04116237449570784
govreport_test_0447,Full - no_path,unit:5,-0.0071429109622586084
govreport_test_0447,AB2 - AB0,unit:5,-0.015798305357708764
govreport_test_0447,TextRank - no_path,unit:5,0.016214144782836115
govreport_test_0447,Lead - no_path,unit:5,-0.009622625721696934
govreport_test_0447,Full - no_path,word:110,0.016912245046091304
govreport_test_0447,AB2 - AB0,word:110,-0.03999999999999998
govreport_test_0447,TextRank - no_path,word:110,0.01626115628098966
govreport_test_0447,Lead - no_path,word:110,-0.007210245203800356
govreport_test_0447,Full - no_path,word:260,0.008010680907877155
govreport_test_0447,AB2 - AB0,word:260,-0.031751442521083
govreport_test_0447,TextRank - no_path,word:260,0.028874717999498672
govreport_test_0447,Lead - no_path,word:260,-0.038653034517180995
govreport_test_0448,Full - no_path,unit:10,-0.001843263330647521
govreport_test_0448,AB2 - AB0,unit:10,-0.021909128295736685
govreport_test_0448,TextRank - no_path,unit:10,0.03013710618436405
govreport_test_0448,Lead - no_path,unit:10,-0.0327845805626239
govreport_test_0448,Full - no_path,unit:5,0.015713087743326665
govreport_test_0448,AB2 - AB0,unit:5,-0.01217453123611481
govreport_test_0448,TextRank - no_path,unit:5,0.015207974427659532
govreport_test_0448,Lead - no_path,unit:5,-0.034249621249236875
govreport_test_0448,Full - no_path,word:110,0.011385199240986701
govreport_test_0448,AB2 - AB0,word:110,-0.04226431105401485
govreport_test_0448,TextRank - no_path,word:110,0.06468113191980858
govreport_test_0448,Lead - no_path,word:110,-0.0193324520819564
govreport_test_0448,Full - no_path,word:260,-0.013714098286611465
govreport_test_0448,AB2 - AB0,word:260,-0.04656184283936313
govreport_test_0448,TextRank - no_path,word:260,0.06488991888760146
govreport_test_0448,Lead - no_path,word:260,-0.03261394360757047
govreport_test_0449,Full - no_path,unit:10,-0.0009013358418787365
govreport_test_0449,AB2 - AB0,unit:10,-0.00502545246416275
govreport_test_0449,TextRank - no_path,unit:10,0.021592278050918956
govreport_test_0449,Lead - no_path,unit:10,-0.030591651393150593
govreport_test_0449,Full - no_path,unit:5,-0.019104982700709677
govreport_test_0449,AB2 - AB0,unit:5,0.009294501703516811
govreport_test_0449,TextRank - no_path,unit:5,-0.003847043850514903
govreport_test_0449,Lead - no_path,unit:5,-0.08085379553843687
govreport_test_0449,Full - no_path,word:110,0.0
govreport_test_0449,AB2 - AB0,word:110,-0.03818225105648475
govreport_test_0449,TextRank - no_path,word:110,0.047645973453961085
govreport_test_0449,Lead - no_path,word:110,0.006636509731563628
govreport_test_0449,Full - no_path,word:260,-0.020304568527918815
govreport_test_0449,AB2 - AB0,word:260,-0.01245874428210228
govreport_test_0449,TextRank - no_path,word:260,0.007369734869686589
govreport_test_0449,Lead - no_path,word:260,-0.03221796332746299
govreport_test_0450,Full - no_path,unit:10,-0.003002430622344232
govreport_test_0450,AB2 - AB0,unit:10,-0.04049980308617665
govreport_test_0450,TextRank - no_path,unit:10,0.04325129883935261
govreport_test_0450,Lead - no_path,unit:10,-0.004932848334199408
govreport_test_0450,Full - no_path,unit:5,0.0013234825130222228
govreport_test_0450,AB2 - AB0,unit:5,0.010671961283117204
govreport_test_0450,TextRank - no_path,unit:5,-0.015584813227189201
govreport_test_0450,Lead - no_path,unit:5,-0.016158958737191892
govreport_test_0450,Full - no_path,word:110,0.00500312695434646
govreport_test_0450,AB2 - AB0,word:110,0.000137890278735342
govreport_test_0450,TextRank - no_path,word:110,0.01511508072827207
govreport_test_0450,Lead - no_path,word:110,0.012554261266044156
govreport_test_0450,Full - no_path,word:260,-0.0021505376344086446
govreport_test_0450,AB2 - AB0,word:260,-0.11573605704249865
govreport_test_0450,TextRank - no_path,word:260,0.06923896922506487
govreport_test_0450,Lead - no_path,word:260,0.034408602150537565
govreport_test_0451,Full - no_path,unit:10,-0.005582368453307757
govreport_test_0451,AB2 - AB0,unit:10,0.020188734697678234
govreport_test_0451,TextRank - no_path,unit:10,-0.02402450339715262
govreport_test_0451,Lead - no_path,unit:10,-0.057176307345416705
govreport_test_0451,Full - no_path,unit:5,0.0160839160839161
govreport_test_0451,AB2 - AB0,unit:5,0.03382319425334901
govreport_test_0451,TextRank - no_path,unit:5,-0.024636653668911712
govreport_test_0451,Lead - no_path,unit:5,-0.05056088042715082
govreport_test_0451,Full - no_path,word:110,0.0
govreport_test_0451,AB2 - AB0,word:110,0.05011637696231366
govreport_test_0451,TextRank - no_path,word:110,0.031684247016292785
govreport_test_0451,Lead - no_path,word:110,-0.002961422275045797
govreport_test_0451,Full - no_path,word:260,-0.007351693898126094
govreport_test_0451,AB2 - AB0,word:260,-0.00025218968544185594
govreport_test_0451,TextRank - no_path,word:260,-0.008488351092649477
govreport_test_0451,Lead - no_path,word:260,-0.03165226634027718
govreport_test_0452,Full - no_path,unit:10,0.01446604271658275
govreport_test_0452,AB2 - AB0,unit:10,0.033198247983953544
govreport_test_0452,TextRank - no_path,unit:10,-0.026242638629911885
govreport_test_0452,Lead - no_path,unit:10,-0.07805920980866982
govreport_test_0452,Full - no_path,unit:5,-0.06182785078188588
govreport_test_0452,AB2 - AB0,unit:5,0.008003190839011687
govreport_test_0452,TextRank - no_path,unit:5,-0.04270958159631391
govreport_test_0452,Lead - no_path,unit:5,-0.09599785373859804
govreport_test_0452,Full - no_path,word:110,0.0
govreport_test_0452,AB2 - AB0,word:110,0.01939208148431998
govreport_test_0452,TextRank - no_path,word:110,0.049732852270262834
govreport_test_0452,Lead - no_path,word:110,-0.01022012578616352
govreport_test_0452,Full - no_path,word:260,-0.002531645569620211
govreport_test_0452,AB2 - AB0,word:260,0.06218314168840791
govreport_test_0452,TextRank - no_path,word:260,-0.019655593394589665
govreport_test_0452,Lead - no_path,word:260,-0.06377701061245361
govreport_test_0453,Full - no_path,unit:10,-0.018082190172633433
govreport_test_0453,AB2 - AB0,unit:10,-0.02525719679093913
govreport_test_0453,TextRank - no_path,unit:10,0.062419908504803806
govreport_test_0453,Lead - no_path,unit:10,-0.04014072013630174
govreport_test_0453,Full - no_path,unit:5,0.0
govreport_test_0453,AB2 - AB0,unit:5,-0.05812379554005692
govreport_test_0453,TextRank - no_path,unit:5,0.021869647572184098
govreport_test_0453,Lead - no_path,unit:5,-0.05364999206133769
govreport_test_0453,Full - no_path,word:110,-0.010234448718879283
govreport_test_0453,AB2 - AB0,word:110,-0.01669449081803001
govreport_test_0453,TextRank - no_path,word:110,0.039565217391304336
govreport_test_0453,Lead - no_path,word:110,-0.04013377926421405
govreport_test_0453,Full - no_path,word:260,0.0
govreport_test_0453,AB2 - AB0,word:260,-0.013351134846461998
govreport_test_0453,TextRank - no_path,word:260,0.0953360107095047
govreport_test_0453,Lead - no_path,word:260,-0.013794385374162443
govreport_test_0454,Full - no_path,unit:10,0.0
govreport_test_0454,AB2 - AB0,unit:10,-0.01947496947496949
govreport_test_0454,TextRank - no_path,unit:10,0.03740863577782383
govreport_test_0454,Lead - no_path,unit:10,-0.04216062194392656
govreport_test_0454,Full - no_path,unit:5,0.0
govreport_test_0454,AB2 - AB0,unit:5,-0.03253717494149877
govreport_test_0454,TextRank - no_path,unit:5,0.05471056883391831
govreport_test_0454,Lead - no_path,unit:5,-0.020122887864823358
govreport_test_0454,Full - no_path,word:110,0.0
govreport_test_0454,AB2 - AB0,word:110,-0.04342727397482442
govreport_test_0454,TextRank - no_path,word:110,0.025745858644496494
govreport_test_0454,Lead - no_path,word:110,-0.009067266465171864
govreport_test_0454,Full - no_path,word:260,0.0
govreport_test_0454,AB2 - AB0,word:260,-0.03745314135830957
govreport_test_0454,TextRank - no_path,word:260,0.047538713332494015
govreport_test_0454,Lead - no_path,word:260,-0.019091160290386627
govreport_test_0455,Full - no_path,unit:10,0.015164046917601454
govreport_test_0455,AB2 - AB0,unit:10,-0.03263601215133943
govreport_test_0455,TextRank - no_path,unit:10,0.04826762028963119
govreport_test_0455,Lead - no_path,unit:10,0.004501524364472431
govreport_test_0455,Full - no_path,unit:5,0.007159904534606187
govreport_test_0455,AB2 - AB0,unit:5,-0.045739275943876556
govreport_test_0455,TextRank - no_path,unit:5,0.039434034588018696
govreport_test_0455,Lead - no_path,unit:5,-0.03587716425921486
govreport_test_0455,Full - no_path,word:110,0.0
govreport_test_0455,AB2 - AB0,word:110,-0.031009285715671284
govreport_test_0455,TextRank - no_path,word:110,0.031024803936972767
govreport_test_0455,Lead - no_path,word:110,0.005920201426512506
govreport_test_0455,Full - no_path,word:260,-0.01418327533480962
govreport_test_0455,AB2 - AB0,word:260,-0.0374615754972038
govreport_test_0455,TextRank - no_path,word:260,0.016552783516076086
govreport_test_0455,Lead - no_path,word:260,0.021397605695422206
govreport_test_0456,Full - no_path,unit:10,0.0
govreport_test_0456,AB2 - AB0,unit:10,-0.01268550271615429
govreport_test_0456,TextRank - no_path,unit:10,0.011005692599620476
govreport_test_0456,Lead - no_path,unit:10,-0.044343418829672895
govreport_test_0456,Full - no_path,unit:5,0.0011036309458117288
govreport_test_0456,AB2 - AB0,unit:5,-0.009593931280678286
govreport_test_0456,TextRank - no_path,unit:5,-0.020098097858595537
govreport_test_0456,Lead - no_path,unit:5,-0.03390612386114636
govreport_test_0456,Full - no_path,word:110,0.0
govreport_test_0456,AB2 - AB0,word:110,-0.002921804585747534
govreport_test_0456,TextRank - no_path,word:110,0.015240235799767382
govreport_test_0456,Lead - no_path,word:110,-0.03178170777390037
govreport_test_0456,Full - no_path,word:260,0.013359630120598792
govreport_test_0456,AB2 - AB0,word:260,-0.05329949238578682
govreport_test_0456,TextRank - no_path,word:260,0.01822502938479223
govreport_test_0456,Lead - no_path,word:260,-0.040917560881578094
govreport_test_0457,Full - no_path,unit:10,-0.015517385462333777
govreport_test_0457,AB2 - AB0,unit:10,0.022601170986628782
govreport_test_0457,TextRank - no_path,unit:10,-0.010286081645773076
govreport_test_0457,Lead - no_path,unit:10,-0.018429478215537864
govreport_test_0457,Full - no_path,unit:5,0.0
govreport_test_0457,AB2 - AB0,unit:5,-0.013973811056453567
govreport_test_0457,TextRank - no_path,unit:5,0.01270846459130981
govreport_test_0457,Lead - no_path,unit:5,-0.007960131308148904
govreport_test_0457,Full - no_path,word:110,0.0
govreport_test_0457,AB2 - AB0,word:110,-0.015439396760379823
govreport_test_0457,TextRank - no_path,word:110,0.006643820266686584
govreport_test_0457,Lead - no_path,word:110,0.021546266989387455
govreport_test_0457,Full - no_path,word:260,0.02008281573498963
govreport_test_0457,AB2 - AB0,word:260,-0.03362588328578425
govreport_test_0457,TextRank - no_path,word:260,0.02570079326307953
govreport_test_0457,Lead - no_path,word:260,0.03975155279503104
govreport_test_0458,Full - no_path,unit:10,0.0
govreport_test_0458,AB2 - AB0,unit:10,-0.010053779006459096
govreport_test_0458,TextRank - no_path,unit:10,0.031820892286008595
govreport_test_0458,Lead - no_path,unit:10,0.0256966360346082
govreport_test_0458,Full - no_path,unit:5,0.0
govreport_test_0458,AB2 - AB0,unit:5,0.004035978724840766
govreport_test_0458,TextRank - no_path,unit:5,-0.014615634331183291
govreport_test_0458,Lead - no_path,unit:5,-0.019232107227582562
govreport_test_0458,Full - no_path,word:110,0.0
govreport_test_0458,AB2 - AB0,word:110,-0.012389861337490843
govreport_test_0458,TextRank - no_path,word:110,0.00497233658530831
govreport_test_0458,Lead - no_path,word:110,0.026699029126213608
govreport_test_0458,Full - no_path,word:260,0.0
govreport_test_0458,AB2 - AB0,word:260,-0.010775561886672974
govreport_test_0458,TextRank - no_path,word:260,0.00015225914506489246
govreport_test_0458,Lead - no_path,word:260,0.03513168301337766
govreport_test_0459,Full - no_path,unit:10,0.0
govreport_test_0459,AB2 - AB0,unit:10,-0.04189181208846371
govreport_test_0459,TextRank - no_path,unit:10,-0.008731915790839512
govreport_test_0459,Lead - no_path,unit:10,-0.08535906255118297
govreport_test_0459,Full - no_path,unit:5,0.0
govreport_test_0459,AB2 - AB0,unit:5,-0.0187810731682799
govreport_test_0459,TextRank - no_path,unit:5,-0.02370650398492624
govreport_test_0459,Lead - no_path,unit:5,-0.07119275274506034
govreport_test_0459,Full - no_path,word:110,0.0
govreport_test_0459,AB2 - AB0,word:110,-0.07260557424834013
govreport_test_0459,TextRank - no_path,word:110,0.05642588226005002
govreport_test_0459,Lead - no_path,word:110,0.010989820579858589
govreport_test_0459,Full - no_path,word:260,-0.03993967988533206
govreport_test_0459,AB2 - AB0,word:260,-0.04767308182275776
govreport_test_0459,TextRank - no_path,word:260,0.0024710344003822104
govreport_test_0459,Lead - no_path,word:260,-0.0713489409141583
govreport_test_0460,Full - no_path,unit:10,0.00041991444243238973
govreport_test_0460,AB2 - AB0,unit:10,0.013003912284487856
govreport_test_0460,TextRank - no_path,unit:10,0.005932317348972094
govreport_test_0460,Lead - no_path,unit:10,-0.04926787617800074
govreport_test_0460,Full - no_path,unit:5,0.0112171556498174
govreport_test_0460,AB2 - AB0,unit:5,-0.023663337637355425
govreport_test_0460,TextRank - no_path,unit:5,0.03515638774286828
govreport_test_0460,Lead - no_path,unit:5,-0.024457249287003047
govreport_test_0460,Full - no_path,word:110,-0.01589957757756799
govreport_test_0460,AB2 - AB0,word:110,0.002912999379906106
govreport_test_0460,TextRank - no_path,word:110,-0.015555224411511664
govreport_test_0460,Lead - no_path,word:110,-0.03355405424843812
govreport_test_0460,Full - no_path,word:260,0.03829787234042553
govreport_test_0460,AB2 - AB0,word:260,-0.0026314368994925508
govreport_test_0460,TextRank - no_path,word:260,0.0574468085106383
govreport_test_0460,Lead - no_path,word:260,-0.015408045847341012
govreport_test_0461,Full - no_path,unit:10,0.0
govreport_test_0461,AB2 - AB0,unit:10,-0.025978536905054445
govreport_test_0461,TextRank - no_path,unit:10,0.036007961032839236
govreport_test_0461,Lead - no_path,unit:10,-0.04078136985485231
govreport_test_0461,Full - no_path,unit:5,0.0
govreport_test_0461,AB2 - AB0,unit:5,-0.010788690476190438
govreport_test_0461,TextRank - no_path,unit:5,0.007538635506973229
govreport_test_0461,Lead - no_path,unit:5,-0.02317629179331311
govreport_test_0461,Full - no_path,word:110,0.0
govreport_test_0461,AB2 - AB0,word:110,-0.016877637130801648
govreport_test_0461,TextRank - no_path,word:110,0.008114466797906589
govreport_test_0461,Lead - no_path,word:110,-0.015276790006714641
govreport_test_0461,Full - no_path,word:260,0.016465440401912335
govreport_test_0461,AB2 - AB0,word:260,-0.012249175510292254
govreport_test_0461,TextRank - no_path,word:260,0.030418928774005316
govreport_test_0461,Lead - no_path,word:260,-0.01692614448852997
govreport_test_0462,Full - no_path,unit:10,0.009537480063795872
govreport_test_0462,AB2 - AB0,unit:10,0.004855014631550969
govreport_test_0462,TextRank - no_path,unit:10,0.027662337662337666
govreport_test_0462,Lead - no_path,unit:10,-0.05203426671781103
govreport_test_0462,Full - no_path,unit:5,-0.015125261796582662
govreport_test_0462,AB2 - AB0,unit:5,0.029177856709694167
govreport_test_0462,TextRank - no_path,unit:5,-0.014988364118764669
govreport_test_0462,Lead - no_path,unit:5,-0.05757325576964602
govreport_test_0462,Full - no_path,word:110,0.013223140495867786
govreport_test_0462,AB2 - AB0,word:110,0.006129133944602044
govreport_test_0462,TextRank - no_path,word:110,0.00044954291901377896
govreport_test_0462,Lead - no_path,word:110,-0.019643150347545296
govreport_test_0462,Full - no_path,word:260,0.0021332435125538396
govreport_test_0462,AB2 - AB0,word:260,0.01957671957671958
govreport_test_0462,TextRank - no_path,word:260,0.0016167073759649486
govreport_test_0462,Lead - no_path,word:260,-0.04832351632333412
govreport_test_0463,Full - no_path,unit:10,0.0015986090934019537
govreport_test_0463,AB2 - AB0,unit:10,-0.03571713306226579
govreport_test_0463,TextRank - no_path,unit:10,0.07181883359291952
govreport_test_0463,Lead - no_path,unit:10,-0.037588645321108935
govreport_test_0463,Full - no_path,unit:5,-0.00254387210908949
govreport_test_0463,AB2 - AB0,unit:5,0.007776989012619057
govreport_test_0463,TextRank - no_path,unit:5,0.045904625509204086
govreport_test_0463,Lead - no_path,unit:5,-0.03284731698828615
govreport_test_0463,Full - no_path,word:110,-0.004350292703350175
govreport_test_0463,AB2 - AB0,word:110,-0.031180400890868626
govreport_test_0463,TextRank - no_path,word:110,0.02027522219039364
govreport_test_0463,Lead - no_path,word:110,-0.01771332165657956
govreport_test_0463,Full - no_path,word:260,-0.007372342287838812
govreport_test_0463,AB2 - AB0,word:260,-0.034169219685778546
govreport_test_0463,TextRank - no_path,word:260,0.06317103235467786
govreport_test_0463,Lead - no_path,word:260,-0.011069065448391577
govreport_test_0464,Full - no_path,unit:10,0.0
govreport_test_0464,AB2 - AB0,unit:10,-0.0012490298639931119
govreport_test_0464,TextRank - no_path,unit:10,-0.02711220808809567
govreport_test_0464,Lead - no_path,unit:10,-0.05666675596753021
govreport_test_0464,Full - no_path,unit:5,0.0
govreport_test_0464,AB2 - AB0,unit:5,-0.010238095238095213
govreport_test_0464,TextRank - no_path,unit:5,-0.009465450468813669
govreport_test_0464,Lead - no_path,unit:5,-0.0038858411703239226
govreport_test_0464,Full - no_path,word:110,0.0
govreport_test_0464,AB2 - AB0,word:110,-0.015243902439024376
govreport_test_0464,TextRank - no_path,word:110,0.017678354488710135
govreport_test_0464,Lead - no_path,word:110,-0.015117242929598054
govreport_test_0464,Full - no_path,word:260,0.0
govreport_test_0464,AB2 - AB0,word:260,-0.04736471507067505
govreport_test_0464,TextRank - no_path,word:260,0.02530036097193039
govreport_test_0464,Lead - no_path,word:260,0.000913550641105737
govreport_test_0465,Full - no_path,unit:10,0.0
govreport_test_0465,AB2 - AB0,unit:10,-0.015156998586840414
govreport_test_0465,TextRank - no_path,unit:10,0.011788205931372947
govreport_test_0465,Lead - no_path,unit:10,0.013239307053740046
govreport_test_0465,Full - no_path,unit:5,-0.000979001529689827
govreport_test_0465,AB2 - AB0,unit:5,-0.034235753317720496
govreport_test_0465,TextRank - no_path,unit:5,-0.02294785076604247
govreport_test_0465,Lead - no_path,unit:5,-0.03227217925350906
govreport_test_0465,Full - no_path,word:110,0.0002071828707577439
govreport_test_0465,AB2 - AB0,word:110,-0.05670435801200069
govreport_test_0465,TextRank - no_path,word:110,-0.008657303482389411
govreport_test_0465,Lead - no_path,word:110,0.04231311706629057
govreport_test_0465,Full - no_path,word:260,0.0
govreport_test_0465,AB2 - AB0,word:260,-0.04215014754852858
govreport_test_0465,TextRank - no_path,word:260,0.02585212659393024
govreport_test_0465,Lead - no_path,word:260,0.018867260470530917
govreport_test_0466,Full - no_path,unit:10,0.0
govreport_test_0466,AB2 - AB0,unit:10,-0.02003768590850505
govreport_test_0466,TextRank - no_path,unit:10,-0.0941946941946942
govreport_test_0466,Lead - no_path,unit:10,-0.015384615384615385
govreport_test_0466,Full - no_path,unit:5,0.0
govreport_test_0466,AB2 - AB0,unit:5,-0.002364916344131912
govreport_test_0466,TextRank - no_path,unit:5,-0.07734143650686126
govreport_test_0466,Lead - no_path,unit:5,-0.007512330770291092
govreport_test_0466,Full - no_path,word:110,0.0
govreport_test_0466,AB2 - AB0,word:110,0.005486816646794651
govreport_test_0466,TextRank - no_path,word:110,0.016293031494022378
govreport_test_0466,Lead - no_path,word:110,0.02136181575433911
govreport_test_0466,Full - no_path,word:260,0.0
govreport_test_0466,AB2 - AB0,word:260,-0.03559510567296997
govreport_test_0466,TextRank - no_path,word:260,-0.00015855280923374182
govreport_test_0466,Lead - no_path,word:260,0.009077523941472793
govreport_test_0467,Full - no_path,unit:10,-0.012433843413393736
govreport_test_0467,AB2 - AB0,unit:10,-0.0010182243299046712
govreport_test_0467,TextRank - no_path,unit:10,0.00640542017410195
govreport_test_0467,Lead - no_path,unit:10,-0.031519399545806515
govreport_test_0467,Full - no_path,unit:5,-0.02766474073974426
govreport_test_0467,AB2 - AB0,unit:5,0.013385643978085254
govreport_test_0467,TextRank - no_path,unit:5,-0.0161556729167405
govreport_test_0467,Lead - no_path,unit:5,-0.05221311909462964
govreport_test_0467,Full - no_path,word:110,-0.011299057018002379
govreport_test_0467,AB2 - AB0,word:110,-0.005132696272975176
govreport_test_0467,TextRank - no_path,word:110,0.009567304486965772
govreport_test_0467,Lead - no_path,word:110,-0.006816825962344758
govreport_test_0467,Full - no_path,word:260,-0.00799999999999998
govreport_test_0467,AB2 - AB0,word:260,-0.022135549081656908
govreport_test_0467,TextRank - no_path,word:260,0.032178178178178196
govreport_test_0467,Lead - no_path,word:260,0.013521435692921246
govreport_test_0468,Full - no_path,unit:10,-0.002819670018045922
govreport_test_0468,AB2 - AB0,unit:10,0.015869565217391274
govreport_test_0468,TextRank - no_path,unit:10,0.02368967441179784
govreport_test_0468,Lead - no_path,unit:10,-0.03320161446249034
govreport_test_0468,Full - no_path,unit:5,0.0
govreport_test_0468,AB2 - AB0,unit:5,0.034342695259000744
govreport_test_0468,TextRank - no_path,unit:5,0.010479870063773211
govreport_test_0468,Lead - no_path,unit:5,-0.06421004004369993
govreport_test_0468,Full - no_path,word:110,0.0
govreport_test_0468,AB2 - AB0,word:110,0.0031999999999999806
govreport_test_0468,TextRank - no_path,word:110,0.01594896331738438
govreport_test_0468,Lead - no_path,word:110,-0.054383933197208426
govreport_test_0468,Full - no_path,word:260,0.01002471439489433
govreport_test_0468,AB2 - AB0,word:260,0.034056796572842774
govreport_test_0468,TextRank - no_path,word:260,0.03799545006220226
govreport_test_0468,Lead - no_path,word:260,-0.01127156056733522
govreport_test_0469,Full - no_path,unit:10,0.0
govreport_test_0469,AB2 - AB0,unit:10,0.020243911429023292
govreport_test_0469,TextRank - no_path,unit:10,-0.012414152996177125
govreport_test_0469,Lead - no_path,unit:10,-0.04727772359216639
govreport_test_0469,Full - no_path,unit:5,0.0
govreport_test_0469,AB2 - AB0,unit:5,-0.004618358317941662
govreport_test_0469,TextRank - no_path,unit:5,0.008274623566790984
govreport_test_0469,Lead - no_path,unit:5,-0.04555855751675898
govreport_test_0469,Full - no_path,word:110,0.0
govreport_test_0469,AB2 - AB0,word:110,-0.008344923504867846
govreport_test_0469,TextRank - no_path,word:110,0.013760523381623396
govreport_test_0469,Lead - no_path,word:110,-0.03407163581713586
govreport_test_0469,Full - no_path,word:260,0.0
govreport_test_0469,AB2 - AB0,word:260,0.0
govreport_test_0469,TextRank - no_path,word:260,-0.011103988065137349
govreport_test_0469,Lead - no_path,word:260,-0.046833073076447046
govreport_test_0470,Full - no_path,unit:10,0.011930119432720515
govreport_test_0470,AB2 - AB0,unit:10,-0.0202947663356777
govreport_test_0470,TextRank - no_path,unit:10,-0.010700254920129992
govreport_test_0470,Lead - no_path,unit:10,-0.01676742241190432
govreport_test_0470,Full - no_path,unit:5,-0.007566402000673572
govreport_test_0470,AB2 - AB0,unit:5,0.02997017455895043
govreport_test_0470,TextRank - no_path,unit:5,-0.02521081071960382
govreport_test_0470,Lead - no_path,unit:5,-0.02658092569251544
govreport_test_0470,Full - no_path,word:110,-0.0220507166482911
govreport_test_0470,AB2 - AB0,word:110,-0.017449101738367667
govreport_test_0470,TextRank - no_path,word:110,0.006615214994487306
govreport_test_0470,Lead - no_path,word:110,0.0
govreport_test_0470,Full - no_path,word:260,-0.002096413520254553
govreport_test_0470,AB2 - AB0,word:260,0.0042292668469801065
govreport_test_0470,TextRank - no_path,word:260,0.010506003430531763
govreport_test_0470,Lead - no_path,word:260,0.006732418524871359
govreport_test_0471,Full - no_path,unit:10,0.0
govreport_test_0471,AB2 - AB0,unit:10,-0.0892243186582809
govreport_test_0471,TextRank - no_path,unit:10,0.03410107516387706
govreport_test_0471,Lead - no_path,unit:10,0.0032333921222809925
govreport_test_0471,Full - no_path,unit:5,0.0
govreport_test_0471,AB2 - AB0,unit:5,-0.08735048323149011
govreport_test_0471,TextRank - no_path,unit:5,0.04654124423492026
govreport_test_0471,Lead - no_path,unit:5,0.01502396666520972
govreport_test_0471,Full - no_path,word:110,-0.010538413651092648
govreport_test_0471,AB2 - AB0,word:110,0.004918900707513121
govreport_test_0471,TextRank - no_path,word:110,0.009476134298377056
govreport_test_0471,Lead - no_path,word:110,-0.017849541519307413
govreport_test_0471,Full - no_path,word:260,0.0
govreport_test_0471,AB2 - AB0,word:260,-0.016477862501192264
govreport_test_0471,TextRank - no_path,word:260,0.025423728813559338
govreport_test_0471,Lead - no_path,word:260,-0.020084745762711853
govreport_test_0472,Full - no_path,unit:10,-0.03477083793128813
govreport_test_0472,AB2 - AB0,unit:10,0.02170911419246324
govreport_test_0472,TextRank - no_path,unit:10,0.003545242123922321
govreport_test_0472,Lead - no_path,unit:10,-0.02923342076626473
govreport_test_0472,Full - no_path,unit:5,-0.02638443405340654
govreport_test_0472,AB2 - AB0,unit:5,-0.00681249299064865
govreport_test_0472,TextRank - no_path,unit:5,0.019621412975670632
govreport_test_0472,Lead - no_path,unit:5,-0.0311519773663817
govreport_test_0472,Full - no_path,word:110,0.00958929226255957
govreport_test_0472,AB2 - AB0,word:110,-0.029084122795590125
govreport_test_0472,TextRank - no_path,word:110,0.041883391058512534
govreport_test_0472,Lead - no_path,word:110,-0.0033145206412533296
govreport_test_0472,Full - no_path,word:260,-0.02551154787759982
govreport_test_0472,AB2 - AB0,word:260,0.012705012705012675
govreport_test_0472,TextRank - no_path,word:260,0.022206294446051655
govreport_test_0472,Lead - no_path,word:260,-0.0033533512309212588
govreport_test_0473,Full - no_path,unit:10,0.0
govreport_test_0473,AB2 - AB0,unit:10,0.002916842345362408
govreport_test_0473,TextRank - no_path,unit:10,0.01109068149672221
govreport_test_0473,Lead - no_path,unit:10,-0.036647600481763964
govreport_test_0473,Full - no_path,unit:5,0.0
govreport_test_0473,AB2 - AB0,unit:5,0.002432688739537392
govreport_test_0473,TextRank - no_path,unit:5,-0.0075810516062088384
govreport_test_0473,Lead - no_path,unit:5,-0.07833547279772621
govreport_test_0473,Full - no_path,word:110,0.0
govreport_test_0473,AB2 - AB0,word:110,-0.013620885357548226
govreport_test_0473,TextRank - no_path,word:110,0.009080590238365494
govreport_test_0473,Lead - no_path,word:110,-0.03639957685684943
govreport_test_0473,Full - no_path,word:260,0.0
govreport_test_0473,AB2 - AB0,word:260,-0.01937984496124029
govreport_test_0473,TextRank - no_path,word:260,0.0195374351816415
govreport_test_0473,Lead - no_path,word:260,-0.01714329174111731
govreport_test_0474,Full - no_path,unit:10,0.0
govreport_test_0474,AB2 - AB0,unit:10,0.04642415025585078
govreport_test_0474,TextRank - no_path,unit:10,-0.037887067395264123
govreport_test_0474,Lead - no_path,unit:10,-0.014454596685852583
govreport_test_0474,Full - no_path,unit:5,0.0
govreport_test_0474,AB2 - AB0,unit:5,0.0005119735755574062
govreport_test_0474,TextRank - no_path,unit:5,-0.030409216070065997
govreport_test_0474,Lead - no_path,unit:5,-0.05210038020309063
govreport_test_0474,Full - no_path,word:110,0.0
govreport_test_0474,AB2 - AB0,word:110,-0.0268144121265029
govreport_test_0474,TextRank - no_path,word:110,-0.004697136687175196
govreport_test_0474,Lead - no_path,word:110,-0.015698587127158548
govreport_test_0474,Full - no_path,word:260,0.0
govreport_test_0474,AB2 - AB0,word:260,0.0387249715352295
govreport_test_0474,TextRank - no_path,word:260,-0.06044076109389035
govreport_test_0474,Lead - no_path,word:260,-0.05082592121982207
govreport_test_0475,Full - no_path,unit:10,0.002862864347697114
govreport_test_0475,AB2 - AB0,unit:10,0.008077703748724241
govreport_test_0475,TextRank - no_path,unit:10,0.013432443414039541
govreport_test_0475,Lead - no_path,unit:10,-0.08857860457196373
govreport_test_0475,Full - no_path,unit:5,0.0
govreport_test_0475,AB2 - AB0,unit:5,0.055104342921601795
govreport_test_0475,TextRank - no_path,unit:5,-0.01998557598957032
govreport_test_0475,Lead - no_path,unit:5,-0.07567441156645066
govreport_test_0475,Full - no_path,word:110,0.013590911224825086
govreport_test_0475,AB2 - AB0,word:110,0.022408963585434122
govreport_test_0475,TextRank - no_path,word:110,0.041769994711171154
govreport_test_0475,Lead - no_path,word:110,-0.01697126403008757
govreport_test_0475,Full - no_path,word:260,0.014126473454458083
govreport_test_0475,AB2 - AB0,word:260,0.006661415851232866
govreport_test_0475,TextRank - no_path,word:260,0.027999305824400272
govreport_test_0475,Lead - no_path,word:260,-0.048498845265588925
govreport_test_0476,Full - no_path,unit:10,0.0
govreport_test_0476,AB2 - AB0,unit:10,-0.037797620707541085
govreport_test_0476,TextRank - no_path,unit:10,0.01981929629484766
govreport_test_0476,Lead - no_path,unit:10,-0.028546265744786886
govreport_test_0476,Full - no_path,unit:5,0.0
govreport_test_0476,AB2 - AB0,unit:5,0.0013990471932417703
govreport_test_0476,TextRank - no_path,unit:5,-0.04722454959697836
govreport_test_0476,Lead - no_path,unit:5,-0.09866940373367593
govreport_test_0476,Full - no_path,word:110,0.0
govreport_test_0476,AB2 - AB0,word:110,-0.02162069640062597
govreport_test_0476,TextRank - no_path,word:110,0.01591842723004694
govreport_test_0476,Lead - no_path,word:110,-0.02500000000000005
govreport_test_0476,Full - no_path,word:260,0.0
govreport_test_0476,AB2 - AB0,word:260,-0.023433785259911355
govreport_test_0476,TextRank - no_path,word:260,0.0421653500356165
govreport_test_0476,Lead - no_path,word:260,-0.002808283955144625
govreport_test_0477,Full - no_path,unit:10,-0.01657577533063917
govreport_test_0477,AB2 - AB0,unit:10,0.04402129402129401
govreport_test_0477,TextRank - no_path,unit:10,-0.013489246259077242
govreport_test_0477,Lead - no_path,unit:10,-0.03335948355868676
govreport_test_0477,Full - no_path,unit:5,0.0
govreport_test_0477,AB2 - AB0,unit:5,0.05305640270274278
govreport_test_0477,TextRank - no_path,unit:5,0.004248231660394425
govreport_test_0477,Lead - no_path,unit:5,-0.009467900955821479
govreport_test_0477,Full - no_path,word:110,0.0
govreport_test_0477,AB2 - AB0,word:110,0.02345923312971407
govreport_test_0477,TextRank - no_path,word:110,0.0
govreport_test_0477,Lead - no_path,word:110,-0.02009808139034673
govreport_test_0477,Full - no_path,word:260,-0.005892150398773582
govreport_test_0477,AB2 - AB0,word:260,0.0320867480748315
govreport_test_0477,TextRank - no_path,word:260,0.008097165991902883
govreport_test_0477,Lead - no_path,word:260,-0.022490920124265207
govreport_test_0478,Full - no_path,unit:10,-0.006995408541670911
govreport_test_0478,AB2 - AB0,unit:10,-0.010838592154056331
govreport_test_0478,TextRank - no_path,unit:10,0.014224060305127462
govreport_test_0478,Lead - no_path,unit:10,-0.004644202824053922
govreport_test_0478,Full - no_path,unit:5,-0.0023104485481802994
govreport_test_0478,AB2 - AB0,unit:5,-0.018384216907307405
govreport_test_0478,TextRank - no_path,unit:5,0.0042365184948822965
govreport_test_0478,Lead - no_path,unit:5,-0.023401159079884618
govreport_test_0478,Full - no_path,word:110,-0.016263114540882695
govreport_test_0478,AB2 - AB0,word:110,0.009884678747940703
govreport_test_0478,TextRank - no_path,word:110,0.00021135003901845417
govreport_test_0478,Lead - no_path,word:110,-0.0030835428769617756
govreport_test_0478,Full - no_path,word:260,-0.0002056444164055815
govreport_test_0478,AB2 - AB0,word:260,-0.005492576331167565
govreport_test_0478,TextRank - no_path,word:260,0.025939714182778906
govreport_test_0478,Lead - no_path,word:260,0.009042998333183477
govreport_test_0479,Full - no_path,unit:10,0.00021515214180822806
govreport_test_0479,AB2 - AB0,unit:10,-0.004928315412186385
govreport_test_0479,TextRank - no_path,unit:10,-0.017017201969458745
govreport_test_0479,Lead - no_path,unit:10,-0.06739417569666392
govreport_test_0479,Full - no_path,unit:5,-0.0360216129677807
govreport_test_0479,AB2 - AB0,unit:5,-0.0016029560492586692
govreport_test_0479,TextRank - no_path,unit:5,-0.05989526774294748
govreport_test_0479,Lead - no_path,unit:5,-0.0640327609474615
govreport_test_0479,Full - no_path,word:110,0.0
govreport_test_0479,AB2 - AB0,word:110,-0.029615938919876322
govreport_test_0479,TextRank - no_path,word:110,0.005420054200541993
govreport_test_0479,Lead - no_path,word:110,-0.018583042973286876
govreport_test_0479,Full - no_path,word:260,-0.008826188082106862
govreport_test_0479,AB2 - AB0,word:260,-0.0069539060426435095
govreport_test_0479,TextRank - no_path,word:260,0.02274089196298898
govreport_test_0479,Lead - no_path,word:260,-0.020609373418362137
govreport_test_0480,Full - no_path,unit:10,0.0
govreport_test_0480,AB2 - AB0,unit:10,-0.02799564326250628
govreport_test_0480,TextRank - no_path,unit:10,0.012679730631559805
govreport_test_0480,Lead - no_path,unit:10,0.04370628432167223
govreport_test_0480,Full - no_path,unit:5,0.0
govreport_test_0480,AB2 - AB0,unit:5,-0.007450544090181657
govreport_test_0480,TextRank - no_path,unit:5,0.028539453570432513
govreport_test_0480,Lead - no_path,unit:5,0.04337735422785437
govreport_test_0480,Full - no_path,word:110,0.0
govreport_test_0480,AB2 - AB0,word:110,-0.026666666666666686
govreport_test_0480,TextRank - no_path,word:110,0.03245888269675143
govreport_test_0480,Lead - no_path,word:110,0.039961941008563276
govreport_test_0480,Full - no_path,word:260,-0.003429963297735733
govreport_test_0480,AB2 - AB0,word:260,-0.026644462947543718
govreport_test_0480,TextRank - no_path,word:260,0.02365752285951786
govreport_test_0480,Lead - no_path,word:260,0.05183959335632607
govreport_test_0481,Full - no_path,unit:10,-0.04239459585371538
govreport_test_0481,AB2 - AB0,unit:10,0.00403838962981426
govreport_test_0481,TextRank - no_path,unit:10,0.005370216797042332
govreport_test_0481,Lead - no_path,unit:10,-0.09803301739312187
govreport_test_0481,Full - no_path,unit:5,-0.017438354775537207
govreport_test_0481,AB2 - AB0,unit:5,0.024513855839157078
govreport_test_0481,TextRank - no_path,unit:5,0.0005132208979181652
govreport_test_0481,Lead - no_path,unit:5,-0.08071513978249728
govreport_test_0481,Full - no_path,word:110,0.0
govreport_test_0481,AB2 - AB0,word:110,-0.02801356193041095
govreport_test_0481,TextRank - no_path,word:110,0.0041124419363507275
govreport_test_0481,Lead - no_path,word:110,-0.045888760362444575
govreport_test_0481,Full - no_path,word:260,-0.010602348568049369
govreport_test_0481,AB2 - AB0,word:260,0.005254693958159917
govreport_test_0481,TextRank - no_path,word:260,0.041405600075819005
govreport_test_0481,Lead - no_path,word:260,-0.027805299660602495
govreport_test_0482,Full - no_path,unit:10,0.0
govreport_test_0482,AB2 - AB0,unit:10,0.004273093173055437
govreport_test_0482,TextRank - no_path,unit:10,0.02919639621627701
govreport_test_0482,Lead - no_path,unit:10,-0.041569125182155775
govreport_test_0482,Full - no_path,unit:5,0.0
govreport_test_0482,AB2 - AB0,unit:5,0.015779816513761424
govreport_test_0482,TextRank - no_path,unit:5,0.0007032587406116397
govreport_test_0482,Lead - no_path,unit:5,-0.049425217869949384
govreport_test_0482,Full - no_path,word:110,0.0
govreport_test_0482,AB2 - AB0,word:110,0.018970189701896997
govreport_test_0482,TextRank - no_path,word:110,-0.013550135501355004
govreport_test_0482,Lead - no_path,word:110,-0.038218706511389394
govreport_test_0482,Full - no_path,word:260,0.0
govreport_test_0482,AB2 - AB0,word:260,0.012681664848961355
govreport_test_0482,TextRank - no_path,word:260,0.022717599489253032
govreport_test_0482,Lead - no_path,word:260,-0.03437056370193367
govreport_test_0483,Full - no_path,unit:10,-0.012299406986798489
govreport_test_0483,AB2 - AB0,unit:10,-0.005921864907073582
govreport_test_0483,TextRank - no_path,unit:10,-0.028251519652582685
govreport_test_0483,Lead - no_path,unit:10,-0.06718414533443437
govreport_test_0483,Full - no_path,unit:5,0.0
govreport_test_0483,AB2 - AB0,unit:5,-0.01698859944473982
govreport_test_0483,TextRank - no_path,unit:5,-0.02804164883754101
govreport_test_0483,Lead - no_path,unit:5,-0.06581367453018794
govreport_test_0483,Full - no_path,word:110,0.01193968486788008
govreport_test_0483,AB2 - AB0,word:110,-0.023404697568073174
govreport_test_0483,TextRank - no_path,word:110,0.01867664380239728
govreport_test_0483,Lead - no_path,word:110,-0.04230559815098783
govreport_test_0483,Full - no_path,word:260,0.0
govreport_test_0483,AB2 - AB0,word:260,-0.007984031936127761
govreport_test_0483,TextRank - no_path,word:260,0.007600007600007619
govreport_test_0483,Lead - no_path,word:260,-0.05689271360913151
govreport_test_0484,Full - no_path,unit:10,-0.012075316396183755
govreport_test_0484,AB2 - AB0,unit:10,-0.038323136402648866
govreport_test_0484,TextRank - no_path,unit:10,0.036903543280627754
govreport_test_0484,Lead - no_path,unit:10,-0.0916910173137846
govreport_test_0484,Full - no_path,unit:5,0.007570821043967335
govreport_test_0484,AB2 - AB0,unit:5,-0.0007862161257945477
govreport_test_0484,TextRank - no_path,unit:5,0.019167385677307996
govreport_test_0484,Lead - no_path,unit:5,-0.0762728796709616
govreport_test_0484,Full - no_path,word:110,0.030702138370286042
govreport_test_0484,AB2 - AB0,word:110,-0.011966775372627955
govreport_test_0484,TextRank - no_path,word:110,0.014308695747335232
govreport_test_0484,Lead - no_path,word:110,-0.016136269123859154
govreport_test_0484,Full - no_path,word:260,-0.0036381420426080113
govreport_test_0484,AB2 - AB0,word:260,-0.05577689243027892
govreport_test_0484,TextRank - no_path,word:260,0.007968127490039834
govreport_test_0484,Lead - no_path,word:260,-0.0458167330677291
govreport_test_0485,Full - no_path,unit:10,0.0
govreport_test_0485,AB2 - AB0,unit:10,-0.04677071776671565
govreport_test_0485,TextRank - no_path,unit:10,-0.03153745593623472
govreport_test_0485,Lead - no_path,unit:10,-0.015246566926544747
govreport_test_0485,Full - no_path,unit:5,0.0
govreport_test_0485,AB2 - AB0,unit:5,0.0038450162673765165
govreport_test_0485,TextRank - no_path,unit:5,-0.05723614029416518
govreport_test_0485,Lead - no_path,unit:5,-0.022120738192055067
govreport_test_0485,Full - no_path,word:110,0.0
govreport_test_0485,AB2 - AB0,word:110,0.011650485436893204
govreport_test_0485,TextRank - no_path,word:110,-0.02305164141891125
govreport_test_0485,Lead - no_path,word:110,-0.0005859044900564936
govreport_test_0485,Full - no_path,word:260,0.0
govreport_test_0485,AB2 - AB0,word:260,0.0023889400591184107
govreport_test_0485,TextRank - no_path,word:260,0.0038917841608424597
govreport_test_0485,Lead - no_path,word:260,0.0017990524990171841
govreport_test_0486,Full - no_path,unit:10,-0.02137450585819789
govreport_test_0486,AB2 - AB0,unit:10,-0.003181016067614034
govreport_test_0486,TextRank - no_path,unit:10,-0.0182309387959263
govreport_test_0486,Lead - no_path,unit:10,-0.07690129999547038
govreport_test_0486,Full - no_path,unit:5,0.000725168940456461
govreport_test_0486,AB2 - AB0,unit:5,0.0365032702838681
govreport_test_0486,TextRank - no_path,unit:5,-0.013771186440677957
govreport_test_0486,Lead - no_path,unit:5,-0.04554769001490315
govreport_test_0486,Full - no_path,word:110,0.01208415516107822
govreport_test_0486,AB2 - AB0,word:110,-0.017312520850525842
govreport_test_0486,TextRank - no_path,word:110,0.024204168349340693
govreport_test_0486,Lead - no_path,word:110,-0.035323252246329165
govreport_test_0486,Full - no_path,word:260,-0.007037363930567836
govreport_test_0486,AB2 - AB0,word:260,-0.02154523442659037
govreport_test_0486,TextRank - no_path,word:260,0.03422477199176224
govreport_test_0486,Lead - no_path,word:260,-0.04140582581260549
govreport_test_0487,Full - no_path,unit:10,0.0
govreport_test_0487,AB2 - AB0,unit:10,-0.00889445614053136
govreport_test_0487,TextRank - no_path,unit:10,0.005304928825320382
govreport_test_0487,Lead - no_path,unit:10,-0.029317367873039124
govreport_test_0487,Full - no_path,unit:5,0.0
govreport_test_0487,AB2 - AB0,unit:5,-0.0020476723724204005
govreport_test_0487,TextRank - no_path,unit:5,0.012431009516407326
govreport_test_0487,Lead - no_path,unit:5,0.0022078552122214434
govreport_test_0487,Full - no_path,word:110,0.0
govreport_test_0487,AB2 - AB0,word:110,-0.040725533877450454
govreport_test_0487,TextRank - no_path,word:110,0.014571948998178513
govreport_test_0487,Lead - no_path,word:110,0.017930120880940537
govreport_test_0487,Full - no_path,word:260,0.0
govreport_test_0487,AB2 - AB0,word:260,-0.013643654853061349
govreport_test_0487,TextRank - no_path,word:260,0.031339031339031376
govreport_test_0487,Lead - no_path,word:260,-0.003326534576534562
govreport_test_0488,Full - no_path,unit:10,-0.012815558220483358
govreport_test_0488,AB2 - AB0,unit:10,0.026050059082608212
govreport_test_0488,TextRank - no_path,unit:10,-0.04080546307951108
govreport_test_0488,Lead - no_path,unit:10,-0.10546331619890265
govreport_test_0488,Full - no_path,unit:5,0.00719496005329423
govreport_test_0488,AB2 - AB0,unit:5,0.03451554327043649
govreport_test_0488,TextRank - no_path,unit:5,-0.04485205534216083
govreport_test_0488,Lead - no_path,unit:5,-0.06378318083352193
govreport_test_0488,Full - no_path,word:110,-0.008463503521333057
govreport_test_0488,AB2 - AB0,word:110,-0.01401448241170758
govreport_test_0488,TextRank - no_path,word:110,-0.0034217279726261735
govreport_test_0488,Lead - no_path,word:110,-0.02200353030767674
govreport_test_0488,Full - no_path,word:260,0.005904349313116342
govreport_test_0488,AB2 - AB0,word:260,0.007419532703838966
govreport_test_0488,TextRank - no_path,word:260,0.013739030355344545
govreport_test_0488,Lead - no_path,word:260,-0.049174517751825436
govreport_test_0489,Full - no_path,unit:10,0.0
govreport_test_0489,AB2 - AB0,unit:10,-0.004500818330605588
govreport_test_0489,TextRank - no_path,unit:10,0.026448801742919387
govreport_test_0489,Lead - no_path,unit:10,-0.06507282563462338
govreport_test_0489,Full - no_path,unit:5,0.0
govreport_test_0489,AB2 - AB0,unit:5,-0.014550687559961667
govreport_test_0489,TextRank - no_path,unit:5,0.01951130403013246
govreport_test_0489,Lead - no_path,unit:5,-0.03508627997921629
govreport_test_0489,Full - no_path,word:110,0.0
govreport_test_0489,AB2 - AB0,word:110,0.0012544977146747016
govreport_test_0489,TextRank - no_path,word:110,0.02722389674627096
govreport_test_0489,Lead - no_path,word:110,-0.04795642953537693
govreport_test_0489,Full - no_path,word:260,0.0
govreport_test_0489,AB2 - AB0,word:260,-0.0188003875014367
govreport_test_0489,TextRank - no_path,word:260,0.03699843668577382
govreport_test_0489,Lead - no_path,word:260,-0.04220948410630532
govreport_test_0490,Full - no_path,unit:10,0.0
govreport_test_0490,AB2 - AB0,unit:10,-0.024806826580662522
govreport_test_0490,TextRank - no_path,unit:10,0.04524817385127805
govreport_test_0490,Lead - no_path,unit:10,-0.049321432548963456
govreport_test_0490,Full - no_path,unit:5,0.0
govreport_test_0490,AB2 - AB0,unit:5,0.03374054682955205
govreport_test_0490,TextRank - no_path,unit:5,-0.030719705938729747
govreport_test_0490,Lead - no_path,unit:5,-0.10894100763960216
govreport_test_0490,Full - no_path,word:110,0.0
govreport_test_0490,AB2 - AB0,word:110,0.0332848708414423
govreport_test_0490,TextRank - no_path,word:110,0.028329225508117728
govreport_test_0490,Lead - no_path,word:110,-0.06189668323732872
govreport_test_0490,Full - no_path,word:260,0.00284495021337125
govreport_test_0490,AB2 - AB0,word:260,-0.00887620859090188
govreport_test_0490,TextRank - no_path,word:260,0.03982930298719772
govreport_test_0490,Lead - no_path,word:260,-0.06039676175355316
govreport_test_0491,Full - no_path,unit:10,0.0
govreport_test_0491,AB2 - AB0,unit:10,0.007530228666827649
govreport_test_0491,TextRank - no_path,unit:10,0.029545710396774255
govreport_test_0491,Lead - no_path,unit:10,-0.039525096451092645
govreport_test_0491,Full - no_path,unit:5,0.0
govreport_test_0491,AB2 - AB0,unit:5,0.03958203938475022
govreport_test_0491,TextRank - no_path,unit:5,-0.031333721607454845
govreport_test_0491,Lead - no_path,unit:5,-0.11124623951865839
govreport_test_0491,Full - no_path,word:110,0.0
govreport_test_0491,AB2 - AB0,word:110,0.002386077819407889
govreport_test_0491,TextRank - no_path,word:110,0.04712853961183584
govreport_test_0491,Lead - no_path,word:110,-0.001978603245307034
govreport_test_0491,Full - no_path,word:260,0.0
govreport_test_0491,AB2 - AB0,word:260,0.03034661008916789
govreport_test_0491,TextRank - no_path,word:260,-0.014851196123363442
govreport_test_0491,Lead - no_path,word:260,-0.0569162056835929
govreport_test_0492,Full - no_path,unit:10,0.0
govreport_test_0492,AB2 - AB0,unit:10,-0.02794176317874056
govreport_test_0492,TextRank - no_path,unit:10,0.019935561500301235
govreport_test_0492,Lead - no_path,unit:10,-0.02683227114716108
govreport_test_0492,Full - no_path,unit:5,0.0074717470388134255
govreport_test_0492,AB2 - AB0,unit:5,-0.01379681568360816
govreport_test_0492,TextRank - no_path,unit:5,-0.001263302774842101
govreport_test_0492,Lead - no_path,unit:5,-0.04447517174055461
govreport_test_0492,Full - no_path,word:110,0.0
govreport_test_0492,AB2 - AB0,word:110,-0.03389830508474574
govreport_test_0492,TextRank - no_path,word:110,0.02012028430836521
govreport_test_0492,Lead - no_path,word:110,-0.006583278472679394
govreport_test_0492,Full - no_path,word:260,0.0
govreport_test_0492,AB2 - AB0,word:260,-0.013531799729364052
govreport_test_0492,TextRank - no_path,word:260,0.01891891891891892
govreport_test_0492,Lead - no_path,word:260,-0.016216216216216245
govreport_test_0493,Full - no_path,unit:10,0.0
govreport_test_0493,AB2 - AB0,unit:10,0.005281355346183791
govreport_test_0493,TextRank - no_path,unit:10,-0.02013645583625301
govreport_test_0493,Lead - no_path,unit:10,-0.07967704179253016
govreport_test_0493,Full - no_path,unit:5,0.0
govreport_test_0493,AB2 - AB0,unit:5,-0.005318186751564674
govreport_test_0493,TextRank - no_path,unit:5,0.012058212058212087
govreport_test_0493,Lead - no_path,unit:5,-0.08985266379117038
govreport_test_0493,Full - no_path,word:110,0.0
govreport_test_0493,AB2 - AB0,word:110,0.009253325284566655
govreport_test_0493,TextRank - no_path,word:110,-0.0055712170516048765
govreport_test_0493,Lead - no_path,word:110,-0.03501524212490213
govreport_test_0493,Full - no_path,word:260,-0.0018630883362789896
govreport_test_0493,AB2 - AB0,word:260,0.0018789865738882139
govreport_test_0493,TextRank - no_path,word:260,-0.0031250524572368765
govreport_test_0493,Lead - no_path,word:260,-0.03965883539681378
govreport_test_0494,Full - no_path,unit:10,0.0
govreport_test_0494,AB2 - AB0,unit:10,-0.04828186167899087
govreport_test_0494,TextRank - no_path,unit:10,0.05089318921566141
govreport_test_0494,Lead - no_path,unit:10,-0.05663758040529643
govreport_test_0494,Full - no_path,unit:5,0.0054262760462925885
govreport_test_0494,AB2 - AB0,unit:5,0.012258644444357203
govreport_test_0494,TextRank - no_path,unit:5,-0.003476749239461091
govreport_test_0494,Lead - no_path,unit:5,-0.07458611104277876
govreport_test_0494,Full - no_path,word:110,0.011055127505311471
govreport_test_0494,AB2 - AB0,word:110,0.020138101450512258
govreport_test_0494,TextRank - no_path,word:110,0.04257247481213243
govreport_test_0494,Lead - no_path,word:110,-0.009602907871724811
govreport_test_0494,Full - no_path,word:260,0.004889754029722887
govreport_test_0494,AB2 - AB0,word:260,-0.0405721881131717
govreport_test_0494,TextRank - no_path,word:260,0.024104442493608547
govreport_test_0494,Lead - no_path,word:260,-0.029592864062784108
govreport_test_0495,Full - no_path,unit:10,-0.0026904338078138357
govreport_test_0495,AB2 - AB0,unit:10,-0.006541867954911407
govreport_test_0495,TextRank - no_path,unit:10,0.03783120737760662
govreport_test_0495,Lead - no_path,unit:10,-0.05713138529487097
govreport_test_0495,Full - no_path,unit:5,-0.003565373672989758
govreport_test_0495,AB2 - AB0,unit:5,-0.011143819158902307
govreport_test_0495,TextRank - no_path,unit:5,0.007817656686977065
govreport_test_0495,Lead - no_path,unit:5,-0.061836833400010754
govreport_test_0495,Full - no_path,word:110,0.0
govreport_test_0495,AB2 - AB0,word:110,-0.05114672561481076
govreport_test_0495,TextRank - no_path,word:110,0.036363636363636404
govreport_test_0495,Lead - no_path,word:110,-0.02015568529329996
govreport_test_0495,Full - no_path,word:260,0.0020088431776302262
govreport_test_0495,AB2 - AB0,word:260,-0.04081002776243822
govreport_test_0495,TextRank - no_path,word:260,0.040076104607479596
govreport_test_0495,Lead - no_path,word:260,-0.0391935214585602
govreport_test_0496,Full - no_path,unit:10,0.0
govreport_test_0496,AB2 - AB0,unit:10,-0.0052055270704788326
govreport_test_0496,TextRank - no_path,unit:10,0.004970125659780805
govreport_test_0496,Lead - no_path,unit:10,-0.04751723652566006
govreport_test_0496,Full - no_path,unit:5,0.0
govreport_test_0496,AB2 - AB0,unit:5,-0.00801270062921311
govreport_test_0496,TextRank - no_path,unit:5,0.000832613404449789
govreport_test_0496,Lead - no_path,unit:5,-0.06487875724395212
govreport_test_0496,Full - no_path,word:110,0.003082915662873026
govreport_test_0496,AB2 - AB0,word:110,0.0034498654255082084
govreport_test_0496,TextRank - no_path,word:110,-0.0011033742377026257
govreport_test_0496,Lead - no_path,word:110,-0.02857590171023007
govreport_test_0496,Full - no_path,word:260,0.014755508502613618
govreport_test_0496,AB2 - AB0,word:260,-0.009899825006927626
govreport_test_0496,TextRank - no_path,word:260,0.017441474898865966
govreport_test_0496,Lead - no_path,word:260,-0.03167420814479638
govreport_test_0497,Full - no_path,unit:10,0.0
govreport_test_0497,AB2 - AB0,unit:10,0.011376110168645814
govreport_test_0497,TextRank - no_path,unit:10,-0.007745183464033301
govreport_test_0497,Lead - no_path,unit:10,-0.01825715543210804
govreport_test_0497,Full - no_path,unit:5,0.0
govreport_test_0497,AB2 - AB0,unit:5,0.016348862054453017
govreport_test_0497,TextRank - no_path,unit:5,-0.02870469335791309
govreport_test_0497,Lead - no_path,unit:5,-0.03522640352485289
govreport_test_0497,Full - no_path,word:110,0.0
govreport_test_0497,AB2 - AB0,word:110,0.013072882814833015
govreport_test_0497,TextRank - no_path,word:110,-0.0022051571086374316
govreport_test_0497,Lead - no_path,word:110,-0.013378184239111385
govreport_test_0497,Full - no_path,word:260,0.0
govreport_test_0497,AB2 - AB0,word:260,0.028300450151370254
govreport_test_0497,TextRank - no_path,word:260,-0.017080828485895816
govreport_test_0497,Lead - no_path,word:260,-0.009188168659534313
govreport_test_0498,Full - no_path,unit:10,0.0
govreport_test_0498,AB2 - AB0,unit:10,-0.0020810529331084793
govreport_test_0498,TextRank - no_path,unit:10,-0.009809107258155758
govreport_test_0498,Lead - no_path,unit:10,-0.06732851477908713
govreport_test_0498,Full - no_path,unit:5,0.0
govreport_test_0498,AB2 - AB0,unit:5,0.01158348667982928
govreport_test_0498,TextRank - no_path,unit:5,-0.012101701156607969
govreport_test_0498,Lead - no_path,unit:5,-0.05505279034690799
govreport_test_0498,Full - no_path,word:110,0.004877333235542181
govreport_test_0498,AB2 - AB0,word:110,-0.04031631729408072
govreport_test_0498,TextRank - no_path,word:110,0.021503715715583183
govreport_test_0498,Lead - no_path,word:110,0.018390846749055695
govreport_test_0498,Full - no_path,word:260,0.009996510794493318
govreport_test_0498,AB2 - AB0,word:260,-0.02174143840810505
govreport_test_0498,TextRank - no_path,word:260,0.017553128294055337
govreport_test_0498,Lead - no_path,word:260,-0.03338371690125996
govreport_test_0499,Full - no_path,unit:10,-0.0033625465588632553
govreport_test_0499,AB2 - AB0,unit:10,0.01164135999269289
govreport_test_0499,TextRank - no_path,unit:10,-0.013875420761311485
govreport_test_0499,Lead - no_path,unit:10,-0.01756100578356476
govreport_test_0499,Full - no_path,unit:5,-0.012990326165683824
govreport_test_0499,AB2 - AB0,unit:5,0.04055802244676758
govreport_test_0499,TextRank - no_path,unit:5,-0.029329626235355316
govreport_test_0499,Lead - no_path,unit:5,-0.03662222697990028
govreport_test_0499,Full - no_path,word:110,0.0
govreport_test_0499,AB2 - AB0,word:110,-0.005284015852047574
govreport_test_0499,TextRank - no_path,word:110,-0.010253090361920139
govreport_test_0499,Lead - no_path,word:110,-0.031574790491567264
govreport_test_0499,Full - no_path,word:260,0.00681521593306747
govreport_test_0499,AB2 - AB0,word:260,-0.010635511399976844
govreport_test_0499,TextRank - no_path,word:260,0.010840385425109123
govreport_test_0499,Lead - no_path,word:260,-0.00865439732660106
govreport_test_0500,Full - no_path,unit:10,0.0
govreport_test_0500,AB2 - AB0,unit:10,-0.05771259183821925
govreport_test_0500,TextRank - no_path,unit:10,0.02368590567974635
govreport_test_0500,Lead - no_path,unit:10,0.01814290439815372
govreport_test_0500,Full - no_path,unit:5,0.0
govreport_test_0500,AB2 - AB0,unit:5,-0.05240789058471294
govreport_test_0500,TextRank - no_path,unit:5,-0.019018560243068347
govreport_test_0500,Lead - no_path,unit:5,0.02266792567205239
govreport_test_0500,Full - no_path,word:110,0.0
govreport_test_0500,AB2 - AB0,word:110,-0.061302681992337155
govreport_test_0500,TextRank - no_path,word:110,0.025405947819740926
govreport_test_0500,Lead - no_path,word:110,0.028237515229313448
govreport_test_0500,Full - no_path,word:260,0.0
govreport_test_0500,AB2 - AB0,word:260,-0.034135011509922875
govreport_test_0500,TextRank - no_path,word:260,0.027837259100642414
govreport_test_0500,Lead - no_path,word:260,0.021564752783381658
govreport_test_0501,Full - no_path,unit:10,0.011405194655191658
govreport_test_0501,AB2 - AB0,unit:10,-0.05279439492854482
govreport_test_0501,TextRank - no_path,unit:10,0.07043436255483596
govreport_test_0501,Lead - no_path,unit:10,-0.029167860779638927
govreport_test_0501,Full - no_path,unit:5,0.007034038102836648
govreport_test_0501,AB2 - AB0,unit:5,-0.04368548040587433
govreport_test_0501,TextRank - no_path,unit:5,0.06915698243490953
govreport_test_0501,Lead - no_path,unit:5,-0.017407457141578264
govreport_test_0501,Full - no_path,word:110,0.0
govreport_test_0501,AB2 - AB0,word:110,-0.05033006081207958
govreport_test_0501,TextRank - no_path,word:110,0.06278618511331849
govreport_test_0501,Lead - no_path,word:110,-0.00019140496025954468
govreport_test_0501,Full - no_path,word:260,0.012547051442910906
govreport_test_0501,AB2 - AB0,word:260,-0.07127377112548877
govreport_test_0501,TextRank - no_path,word:260,0.08849222319547362
govreport_test_0501,Lead - no_path,word:260,-0.0050188205771643235
govreport_test_0502,Full - no_path,unit:10,0.012530066565978604
govreport_test_0502,AB2 - AB0,unit:10,0.010290888417143512
govreport_test_0502,TextRank - no_path,unit:10,0.0069728363698911
govreport_test_0502,Lead - no_path,unit:10,-0.04853808404470289
govreport_test_0502,Full - no_path,unit:5,0.0
govreport_test_0502,AB2 - AB0,unit:5,0.0030818302130886654
govreport_test_0502,TextRank - no_path,unit:5,0.0067296463754229485
govreport_test_0502,Lead - no_path,unit:5,-0.05670509937373329
govreport_test_0502,Full - no_path,word:110,0.0
govreport_test_0502,AB2 - AB0,word:110,0.008242756444195282
govreport_test_0502,TextRank - no_path,word:110,-0.0024677862797707895
govreport_test_0502,Lead - no_path,word:110,-0.04871413214256183
govreport_test_0502,Full - no_path,word:260,0.018867924528301883
govreport_test_0502,AB2 - AB0,word:260,0.004493124624057543
govreport_test_0502,TextRank - no_path,word:260,0.01984038272377714
govreport_test_0502,Lead - no_path,word:260,-0.04464424940411221
govreport_test_0503,Full - no_path,unit:10,-0.015691476490283296
govreport_test_0503,AB2 - AB0,unit:10,0.012875279702289077
govreport_test_0503,TextRank - no_path,unit:10,-0.014546592108864859
govreport_test_0503,Lead - no_path,unit:10,-0.042470790925279805
govreport_test_0503,Full - no_path,unit:5,0.013786386482440849
govreport_test_0503,AB2 - AB0,unit:5,0.003638784912179699
govreport_test_0503,TextRank - no_path,unit:5,-0.004978509622472482
govreport_test_0503,Lead - no_path,unit:5,-0.029871485680820348
govreport_test_0503,Full - no_path,word:110,0.0
govreport_test_0503,AB2 - AB0,word:110,-0.002553933906626976
govreport_test_0503,TextRank - no_path,word:110,0.017150177340502476
govreport_test_0503,Lead - no_path,word:110,-0.018195919861264814
govreport_test_0503,Full - no_path,word:260,-0.0074672635051666325
govreport_test_0503,AB2 - AB0,word:260,0.01301268396381472
govreport_test_0503,TextRank - no_path,word:260,0.0014510025964547535
govreport_test_0503,Lead - no_path,word:260,-0.031963324672914545
govreport_test_0504,Full - no_path,unit:10,0.0054943596549436036
govreport_test_0504,AB2 - AB0,unit:10,-0.06888363612222309
govreport_test_0504,TextRank - no_path,unit:10,0.04865800865800865
govreport_test_0504,Lead - no_path,unit:10,0.012089314194577344
govreport_test_0504,Full - no_path,unit:5,0.0
govreport_test_0504,AB2 - AB0,unit:5,-0.01209779772360367
govreport_test_0504,TextRank - no_path,unit:5,0.03441352141314016
govreport_test_0504,Lead - no_path,unit:5,0.014741390265599147
govreport_test_0504,Full - no_path,word:110,-0.02066968620451072
govreport_test_0504,AB2 - AB0,word:110,-0.06448408060217867
govreport_test_0504,TextRank - no_path,word:110,0.020740351798372247
govreport_test_0504,Lead - no_path,word:110,0.010238907849829337
govreport_test_0504,Full - no_path,word:260,-0.008586661953576075
govreport_test_0504,AB2 - AB0,word:260,-0.0630502404489611
govreport_test_0504,TextRank - no_path,word:260,0.05434782608695651
govreport_test_0504,Lead - no_path,word:260,0.01111357586512865
govreport_test_0506,Full - no_path,unit:10,-0.028808893408847874
govreport_test_0506,AB2 - AB0,unit:10,-0.04033545790003354
govreport_test_0506,TextRank - no_path,unit:10,0.09286343737563249
govreport_test_0506,Lead - no_path,unit:10,-0.02075024435182171
govreport_test_0506,Full - no_path,unit:5,-0.01656504613392326
govreport_test_0506,AB2 - AB0,unit:5,-0.03849676972214283
govreport_test_0506,TextRank - no_path,unit:5,0.056364888488636966
govreport_test_0506,Lead - no_path,unit:5,-0.00475750706629724
govreport_test_0506,Full - no_path,word:110,0.0
govreport_test_0506,AB2 - AB0,word:110,-0.09160787029971472
govreport_test_0506,TextRank - no_path,word:110,0.009409695504012328
govreport_test_0506,Lead - no_path,word:110,0.017122683142100623
govreport_test_0506,Full - no_path,word:260,-0.006310792396908044
govreport_test_0506,AB2 - AB0,word:260,-0.044637768614435636
govreport_test_0506,TextRank - no_path,word:260,0.06886136235456311
govreport_test_0506,Lead - no_path,word:260,-0.0059713576186720685
govreport_test_0507,Full - no_path,unit:10,-7.367079468717508e-06
govreport_test_0507,AB2 - AB0,unit:10,-0.03438197161240261
govreport_test_0507,TextRank - no_path,unit:10,0.022052618836631538
govreport_test_0507,Lead - no_path,unit:10,-0.08576244165980051
govreport_test_0507,Full - no_path,unit:5,0.013674278681799518
govreport_test_0507,AB2 - AB0,unit:5,-0.09391137895855031
govreport_test_0507,TextRank - no_path,unit:5,0.047826421087686005
govreport_test_0507,Lead - no_path,unit:5,-0.024420585769532432
govreport_test_0507,Full - no_path,word:110,0.020979396847715548
govreport_test_0507,AB2 - AB0,word:110,-0.020300296690038355
govreport_test_0507,TextRank - no_path,word:110,0.01464128843338211
govreport_test_0507,Lead - no_path,word:110,-0.02342606149341142
govreport_test_0507,Full - no_path,word:260,0.0024009603841536886
govreport_test_0507,AB2 - AB0,word:260,-0.02613995238383124
govreport_test_0507,TextRank - no_path,word:260,0.050420168067226906
govreport_test_0507,Lead - no_path,word:260,-0.028447480075062537
govreport_test_0508,Full - no_path,unit:10,-0.021155500292751317
govreport_test_0508,AB2 - AB0,unit:10,0.029943931427176218
govreport_test_0508,TextRank - no_path,unit:10,-0.01102070754926296
govreport_test_0508,Lead - no_path,unit:10,-0.058742350571167085
govreport_test_0508,Full - no_path,unit:5,0.0
govreport_test_0508,AB2 - AB0,unit:5,0.05009872801579654
govreport_test_0508,TextRank - no_path,unit:5,-0.04100945125806041
govreport_test_0508,Lead - no_path,unit:5,-0.07292034125659178
govreport_test_0508,Full - no_path,word:110,-0.02852614896988906
govreport_test_0508,AB2 - AB0,word:110,0.009508716323296362
govreport_test_0508,TextRank - no_path,word:110,-0.019248129350638937
govreport_test_0508,Lead - no_path,word:110,-0.01315898183129166
govreport_test_0508,Full - no_path,word:260,0.00028162464674119647
govreport_test_0508,AB2 - AB0,word:260,0.0
govreport_test_0508,TextRank - no_path,word:260,-0.0283779678788057
govreport_test_0508,Lead - no_path,word:260,-0.03348652471150043
govreport_test_0509,Full - no_path,unit:10,-0.013795701963317336
govreport_test_0509,AB2 - AB0,unit:10,-0.0007996825687513476
govreport_test_0509,TextRank - no_path,unit:10,-0.00409194502635879
govreport_test_0509,Lead - no_path,unit:10,-0.044856967561378136
govreport_test_0509,Full - no_path,unit:5,0.008582887700534753
govreport_test_0509,AB2 - AB0,unit:5,-0.005507231240199667
govreport_test_0509,TextRank - no_path,unit:5,0.010855614973262068
govreport_test_0509,Lead - no_path,unit:5,-0.03537440172919559
govreport_test_0509,Full - no_path,word:110,0.0
govreport_test_0509,AB2 - AB0,word:110,-0.02332067749424771
govreport_test_0509,TextRank - no_path,word:110,0.020306777386952912
govreport_test_0509,Lead - no_path,word:110,-0.013025749058787964
govreport_test_0509,Full - no_path,word:260,-0.004376367614879667
govreport_test_0509,AB2 - AB0,word:260,0.0045477706399737194
govreport_test_0509,TextRank - no_path,word:260,0.016141716381917665
govreport_test_0509,Lead - no_path,word:260,-0.017347288497535
govreport_test_0510,Full - no_path,unit:10,0.0
govreport_test_0510,AB2 - AB0,unit:10,-0.023180762357012996
govreport_test_0510,TextRank - no_path,unit:10,0.018611258195056685
govreport_test_0510,Lead - no_path,unit:10,-0.04280527903241238
govreport_test_0510,Full - no_path,unit:5,0.0
govreport_test_0510,AB2 - AB0,unit:5,0.01889338731443993
govreport_test_0510,TextRank - no_path,unit:5,0.01845712341118233
govreport_test_0510,Lead - no_path,unit:5,-0.007331628303495291
govreport_test_0510,Full - no_path,word:110,0.0
govreport_test_0510,AB2 - AB0,word:110,0.00246812011517894
govreport_test_0510,TextRank - no_path,word:110,-0.009557109557109575
govreport_test_0510,Lead - no_path,word:110,0.0026824132564313846
govreport_test_0510,Full - no_path,word:260,0.0
govreport_test_0510,AB2 - AB0,word:260,-0.059813580604655664
govreport_test_0510,TextRank - no_path,word:260,0.041892217009503185
govreport_test_0510,Lead - no_path,word:260,-0.0035430013589594356
govreport_test_0511,Full - no_path,unit:10,0.0
govreport_test_0511,AB2 - AB0,unit:10,0.026737815045976443
govreport_test_0511,TextRank - no_path,unit:10,-0.003997512325975172
govreport_test_0511,Lead - no_path,unit:10,-0.04425253058943823
govreport_test_0511,Full - no_path,unit:5,0.0
govreport_test_0511,AB2 - AB0,unit:5,-0.013330308015202214
govreport_test_0511,TextRank - no_path,unit:5,0.024814014021168757
govreport_test_0511,Lead - no_path,unit:5,-0.03541714743784388
govreport_test_0511,Full - no_path,word:110,0.0
govreport_test_0511,AB2 - AB0,word:110,0.02873841844430078
govreport_test_0511,TextRank - no_path,word:110,0.057261832216128405
govreport_test_0511,Lead - no_path,word:110,0.00048303507035876714
govreport_test_0511,Full - no_path,word:260,0.0
govreport_test_0511,AB2 - AB0,word:260,0.007216887434258634
govreport_test_0511,TextRank - no_path,word:260,-0.0025272514388429423
govreport_test_0511,Lead - no_path,word:260,-0.042757136496314185
govreport_test_0512,Full - no_path,unit:10,-0.0010828157146091089
govreport_test_0512,AB2 - AB0,unit:10,0.008974859580091893
govreport_test_0512,TextRank - no_path,unit:10,0.011956387397698998
govreport_test_0512,Lead - no_path,unit:10,-0.03812602237780538
govreport_test_0512,Full - no_path,unit:5,0.0
govreport_test_0512,AB2 - AB0,unit:5,-0.02611691831204027
govreport_test_0512,TextRank - no_path,unit:5,0.02611691831204027
govreport_test_0512,Lead - no_path,unit:5,-0.03369505798062275
govreport_test_0512,Full - no_path,word:110,0.0
govreport_test_0512,AB2 - AB0,word:110,-0.04679318121010591
govreport_test_0512,TextRank - no_path,word:110,0.031313305049115184
govreport_test_0512,Lead - no_path,word:110,0.0
govreport_test_0512,Full - no_path,word:260,0.00250312891113888
govreport_test_0512,AB2 - AB0,word:260,-0.03806828799487444
govreport_test_0512,TextRank - no_path,word:260,0.025527517929406718
govreport_test_0512,Lead - no_path,word:260,-0.015215894868585739
govreport_test_0513,Full - no_path,unit:10,-0.005323431390249517
govreport_test_0513,AB2 - AB0,unit:10,-0.007258330583965689
govreport_test_0513,TextRank - no_path,unit:10,0.0024875405961417296
govreport_test_0513,Lead - no_path,unit:10,0.007630706452435632
govreport_test_0513,Full - no_path,unit:5,0.0036981787574024982
govreport_test_0513,AB2 - AB0,unit:5,0.011059884593239519
govreport_test_0513,TextRank - no_path,unit:5,-0.005306937378974669
govreport_test_0513,Lead - no_path,unit:5,-0.004403620904653599
govreport_test_0513,Full - no_path,word:110,-0.0016843353326823907
govreport_test_0513,AB2 - AB0,word:110,-0.004126861616249117
govreport_test_0513,TextRank - no_path,word:110,0.019207500454615375
govreport_test_0513,Lead - no_path,word:110,0.022728383340547026
govreport_test_0513,Full - no_path,word:260,-0.0002602559630812129
govreport_test_0513,AB2 - AB0,word:260,0.022185494378227172
govreport_test_0513,TextRank - no_path,word:260,0.021459406393308122
govreport_test_0513,Lead - no_path,word:260,0.031147540983606586
govreport_test_0514,Full - no_path,unit:10,0.0
govreport_test_0514,AB2 - AB0,unit:10,-0.05206311444070241
govreport_test_0514,TextRank - no_path,unit:10,0.041897422840482756
govreport_test_0514,Lead - no_path,unit:10,-0.05405382355324154
govreport_test_0514,Full - no_path,unit:5,0.0
govreport_test_0514,AB2 - AB0,unit:5,-0.0442171538069108
govreport_test_0514,TextRank - no_path,unit:5,0.04871765197220446
govreport_test_0514,Lead - no_path,unit:5,-0.03471600238841621
govreport_test_0514,Full - no_path,word:110,0.0
govreport_test_0514,AB2 - AB0,word:110,-0.04723423462776108
govreport_test_0514,TextRank - no_path,word:110,0.017869415807560185
govreport_test_0514,Lead - no_path,word:110,-0.040390131956396985
govreport_test_0514,Full - no_path,word:260,0.0
govreport_test_0514,AB2 - AB0,word:260,-0.05173988140422675
govreport_test_0514,TextRank - no_path,word:260,0.06162269785963162
govreport_test_0514,Lead - no_path,word:260,-0.03593827775012445
govreport_test_0515,Full - no_path,unit:10,-0.009383541128458545
govreport_test_0515,AB2 - AB0,unit:10,-0.004602991944764129
govreport_test_0515,TextRank - no_path,unit:10,-0.007544343478433385
govreport_test_0515,Lead - no_path,unit:10,-0.029987022617723375
govreport_test_0515,Full - no_path,unit:5,-0.01879299340472307
govreport_test_0515,AB2 - AB0,unit:5,0.01694915254237289
govreport_test_0515,TextRank - no_path,unit:5,-0.01694915254237289
govreport_test_0515,Lead - no_path,unit:5,-0.03093041550454126
govreport_test_0515,Full - no_path,word:110,-0.015797788309636684
govreport_test_0515,AB2 - AB0,word:110,0.03195382567700367
govreport_test_0515,TextRank - no_path,word:110,-0.03791469194312798
govreport_test_0515,Lead - no_path,word:110,-0.01242826004359393
govreport_test_0515,Full - no_path,word:260,0.023180728229989317
govreport_test_0515,AB2 - AB0,word:260,0.002797998180163741
govreport_test_0515,TextRank - no_path,word:260,0.012339668691904226
govreport_test_0515,Lead - no_path,word:260,0.020408163265306117
govreport_test_0516,Full - no_path,unit:10,0.0
govreport_test_0516,AB2 - AB0,unit:10,-0.03394613379669856
govreport_test_0516,TextRank - no_path,unit:10,0.021492547609230334
govreport_test_0516,Lead - no_path,unit:10,-0.1067418728549214
govreport_test_0516,Full - no_path,unit:5,0.0030227671774126774
govreport_test_0516,AB2 - AB0,unit:5,-0.06254888428801472
govreport_test_0516,TextRank - no_path,unit:5,0.0029559613319011524
govreport_test_0516,Lead - no_path,unit:5,-0.08904403866809883
govreport_test_0516,Full - no_path,word:110,-0.024620458293057382
govreport_test_0516,AB2 - AB0,word:110,-0.029107477887965694
govreport_test_0516,TextRank - no_path,word:110,0.004543260357213863
govreport_test_0516,Lead - no_path,word:110,-0.03953488372093024
govreport_test_0516,Full - no_path,word:260,0.0018469460491739031
govreport_test_0516,AB2 - AB0,word:260,-0.0597938144329897
govreport_test_0516,TextRank - no_path,word:260,0.022465502750204813
govreport_test_0516,Lead - no_path,word:260,-0.0661942910642282
govreport_test_0517,Full - no_path,unit:10,0.006944179514182469
govreport_test_0517,AB2 - AB0,unit:10,-0.02051670065050601
govreport_test_0517,TextRank - no_path,unit:10,0.010853527756385789
govreport_test_0517,Lead - no_path,unit:10,-0.008714482281555247
govreport_test_0517,Full - no_path,unit:5,0.0
govreport_test_0517,AB2 - AB0,unit:5,-0.0008478720206719081
govreport_test_0517,TextRank - no_path,unit:5,-0.012729977024000388
govreport_test_0517,Lead - no_path,unit:5,-0.04058151360484648
govreport_test_0517,Full - no_path,word:110,0.0
govreport_test_0517,AB2 - AB0,word:110,0.004669341810412217
govreport_test_0517,TextRank - no_path,word:110,-0.004669341810412217
govreport_test_0517,Lead - no_path,word:110,-0.019427620805281903
govreport_test_0517,Full - no_path,word:260,0.0027608107618865285
govreport_test_0517,AB2 - AB0,word:260,-0.011399951313247447
govreport_test_0517,TextRank - no_path,word:260,0.004434638034712612
govreport_test_0517,Lead - no_path,word:260,-0.00874170541352684
govreport_test_0518,Full - no_path,unit:10,0.0012334258402713072
govreport_test_0518,AB2 - AB0,unit:10,-0.016037077159806512
govreport_test_0518,TextRank - no_path,unit:10,-0.006478136290021197
govreport_test_0518,Lead - no_path,unit:10,-0.08598740143606012
govreport_test_0518,Full - no_path,unit:5,0.02711231117992091
govreport_test_0518,AB2 - AB0,unit:5,-0.008963800038306852
govreport_test_0518,TextRank - no_path,unit:5,0.02311088404553735
govreport_test_0518,Lead - no_path,unit:5,-0.05391448895775239
govreport_test_0518,Full - no_path,word:110,-0.007557770516467235
govreport_test_0518,AB2 - AB0,word:110,-0.01924683730508972
govreport_test_0518,TextRank - no_path,word:110,0.033230148679705473
govreport_test_0518,Lead - no_path,word:110,-0.03111532086194649
govreport_test_0518,Full - no_path,word:260,0.02649186542410359
govreport_test_0518,AB2 - AB0,word:260,-0.01120895058531024
govreport_test_0518,TextRank - no_path,word:260,0.03646534022516462
govreport_test_0518,Lead - no_path,word:260,-0.026988588548153614
govreport_test_0519,Full - no_path,unit:10,0.0
govreport_test_0519,AB2 - AB0,unit:10,0.0351475593922167
govreport_test_0519,TextRank - no_path,unit:10,-0.00697384216844632
govreport_test_0519,Lead - no_path,unit:10,-0.03663258464632921
govreport_test_0519,Full - no_path,unit:5,0.002967454762442312
govreport_test_0519,AB2 - AB0,unit:5,0.009979327603089977
govreport_test_0519,TextRank - no_path,unit:5,0.003238264823036102
govreport_test_0519,Lead - no_path,unit:5,-0.03912806145964534
govreport_test_0519,Full - no_path,word:110,-0.023431503252131072
govreport_test_0519,AB2 - AB0,word:110,-0.020532334729496254
govreport_test_0519,TextRank - no_path,word:110,0.030379429119520934
govreport_test_0519,Lead - no_path,word:110,0.01816098744215605
govreport_test_0519,Full - no_path,word:260,-0.026608892462550993
govreport_test_0519,AB2 - AB0,word:260,-0.001209070717202887
govreport_test_0519,TextRank - no_path,word:260,0.017347151493492974
govreport_test_0519,Lead - no_path,word:260,-0.009996732123228658
govreport_test_0520,Full - no_path,unit:10,0.0
govreport_test_0520,AB2 - AB0,unit:10,-0.045824556472651296
govreport_test_0520,TextRank - no_path,unit:10,0.016719226962391392
govreport_test_0520,Lead - no_path,unit:10,-0.02151497476732686
govreport_test_0520,Full - no_path,unit:5,0.0
govreport_test_0520,AB2 - AB0,unit:5,-0.017235855546642365
govreport_test_0520,TextRank - no_path,unit:5,0.019375824175824202
govreport_test_0520,Lead - no_path,unit:5,-0.055824175824175815
govreport_test_0520,Full - no_path,word:110,0.0
govreport_test_0520,AB2 - AB0,word:110,0.00028541721881306104
govreport_test_0520,TextRank - no_path,word:110,0.003690036900369037
govreport_test_0520,Lead - no_path,word:110,-0.022628608639027548
govreport_test_0520,Full - no_path,word:260,0.0
govreport_test_0520,AB2 - AB0,word:260,-0.01763382213931386
govreport_test_0520,TextRank - no_path,word:260,0.028597285822719365
govreport_test_0520,Lead - no_path,word:260,-0.0005247288900734337
govreport_test_0521,Full - no_path,unit:10,-0.041928191216063476
govreport_test_0521,AB2 - AB0,unit:10,-0.03795405368076982
govreport_test_0521,TextRank - no_path,unit:10,0.019027987606585917
govreport_test_0521,Lead - no_path,unit:10,-0.14588710135864935
govreport_test_0521,Full - no_path,unit:5,0.0
govreport_test_0521,AB2 - AB0,unit:5,0.003831322918726565
govreport_test_0521,TextRank - no_path,unit:5,0.041170984978324415
govreport_test_0521,Lead - no_path,unit:5,-0.08847537537273392
govreport_test_0521,Full - no_path,word:110,0.0
govreport_test_0521,AB2 - AB0,word:110,-0.13982192543127436
govreport_test_0521,TextRank - no_path,word:110,0.07065019625054514
govreport_test_0521,Lead - no_path,word:110,-0.04658901830282862
govreport_test_0521,Full - no_path,word:260,0.0
govreport_test_0521,AB2 - AB0,word:260,-0.026702269692923886
govreport_test_0521,TextRank - no_path,word:260,0.11518439716312057
govreport_test_0521,Lead - no_path,word:260,-0.05319148936170215
govreport_test_0522,Full - no_path,unit:10,0.0
govreport_test_0522,AB2 - AB0,unit:10,-0.04015545198042783
govreport_test_0522,TextRank - no_path,unit:10,0.030044437453301376
govreport_test_0522,Lead - no_path,unit:10,-0.029720242069218028
govreport_test_0522,Full - no_path,unit:5,0.0
govreport_test_0522,AB2 - AB0,unit:5,-0.014940215926113054
govreport_test_0522,TextRank - no_path,unit:5,-0.004126202861816419
govreport_test_0522,Lead - no_path,unit:5,-0.03447469907677926
govreport_test_0522,Full - no_path,word:110,0.0
govreport_test_0522,AB2 - AB0,word:110,0.0026875593542260157
govreport_test_0522,TextRank - no_path,word:110,0.012345679012345692
govreport_test_0522,Lead - no_path,word:110,-0.015432098765432098
govreport_test_0522,Full - no_path,word:260,0.0
govreport_test_0522,AB2 - AB0,word:260,-0.01584171995816691
govreport_test_0522,TextRank - no_path,word:260,0.04101519934744302
govreport_test_0522,Lead - no_path,word:260,-0.011550507786474401
govreport_test_0523,Full - no_path,unit:10,0.0010935335714806205
govreport_test_0523,AB2 - AB0,unit:10,-0.01591964006817226
govreport_test_0523,TextRank - no_path,unit:10,0.019272374056249708
govreport_test_0523,Lead - no_path,unit:10,0.02592016856630841
govreport_test_0523,Full - no_path,unit:5,0.0029206349206349347
govreport_test_0523,AB2 - AB0,unit:5,0.0007785736530675769
govreport_test_0523,TextRank - no_path,unit:5,0.026119658119658107
govreport_test_0523,Lead - no_path,unit:5,-0.0061573033707865155
govreport_test_0523,Full - no_path,word:110,0.005278056798465908
govreport_test_0523,AB2 - AB0,word:110,-0.0035762950488684997
govreport_test_0523,TextRank - no_path,word:110,0.04322604109838152
govreport_test_0523,Lead - no_path,word:110,0.02523377151375525
govreport_test_0523,Full - no_path,word:260,-0.01135797859098836
govreport_test_0523,AB2 - AB0,word:260,-0.017588476551303633
govreport_test_0523,TextRank - no_path,word:260,0.015862310543678815
govreport_test_0523,Lead - no_path,word:260,0.025221839440442567
govreport_test_0524,Full - no_path,unit:10,0.0
govreport_test_0524,AB2 - AB0,unit:10,0.009320165045905743
govreport_test_0524,TextRank - no_path,unit:10,0.004001223829158546
govreport_test_0524,Lead - no_path,unit:10,-0.07602204189380349
govreport_test_0524,Full - no_path,unit:5,0.0
govreport_test_0524,AB2 - AB0,unit:5,-0.05523310241527804
govreport_test_0524,TextRank - no_path,unit:5,0.0628316850238089
govreport_test_0524,Lead - no_path,unit:5,-0.05171860220932152
govreport_test_0524,Full - no_path,word:110,0.0
govreport_test_0524,AB2 - AB0,word:110,-0.07106791513571172
govreport_test_0524,TextRank - no_path,word:110,0.062089268755935415
govreport_test_0524,Lead - no_path,word:110,-0.025039462834256093
govreport_test_0524,Full - no_path,word:260,0.0
govreport_test_0524,AB2 - AB0,word:260,-0.032737203495630446
govreport_test_0524,TextRank - no_path,word:260,0.05562787863750643
govreport_test_0524,Lead - no_path,word:260,-0.02076069557681845
govreport_test_0525,Full - no_path,unit:10,0.00507776400429516
govreport_test_0525,AB2 - AB0,unit:10,-0.07665891215243162
govreport_test_0525,TextRank - no_path,unit:10,0.060740604837476675
govreport_test_0525,Lead - no_path,unit:10,0.03578729439708869
govreport_test_0525,Full - no_path,unit:5,0.0
govreport_test_0525,AB2 - AB0,unit:5,-0.08130043997165419
govreport_test_0525,TextRank - no_path,unit:5,0.04836682417704803
govreport_test_0525,Lead - no_path,unit:5,0.05430907629059907
govreport_test_0525,Full - no_path,word:110,-0.006891985260248729
govreport_test_0525,AB2 - AB0,word:110,-0.05300448636306265
govreport_test_0525,TextRank - no_path,word:110,0.030994470389364814
govreport_test_0525,Lead - no_path,word:110,0.061914879917584195
govreport_test_0525,Full - no_path,word:260,-0.0016260196154092021
govreport_test_0525,AB2 - AB0,word:260,-0.08310428789567084
govreport_test_0525,TextRank - no_path,word:260,0.054766734279918905
govreport_test_0525,Lead - no_path,word:260,0.030759906990550673
govreport_test_0526,Full - no_path,unit:10,0.0
govreport_test_0526,AB2 - AB0,unit:10,0.0007198529763900452
govreport_test_0526,TextRank - no_path,unit:10,-0.044942296310909485
govreport_test_0526,Lead - no_path,unit:10,-0.08478182380854143
govreport_test_0526,Full - no_path,unit:5,0.0
govreport_test_0526,AB2 - AB0,unit:5,0.00039586815261885566
govreport_test_0526,TextRank - no_path,unit:5,-0.03537565435375656
govreport_test_0526,Lead - no_path,unit:5,-0.07805566582859157
govreport_test_0526,Full - no_path,word:110,0.024947438983515674
govreport_test_0526,AB2 - AB0,word:110,-0.00874463628413967
govreport_test_0526,TextRank - no_path,word:110,-0.002252252252252257
govreport_test_0526,Lead - no_path,word:110,-0.026912763947713206
govreport_test_0526,Full - no_path,word:260,-0.04610951008645531
govreport_test_0526,AB2 - AB0,word:260,-0.015488486556213238
govreport_test_0526,TextRank - no_path,word:260,-0.048795554513740486
govreport_test_0526,Lead - no_path,word:260,-0.07417449457729283
govreport_test_0527,Full - no_path,unit:10,0.0
govreport_test_0527,AB2 - AB0,unit:10,0.02907957462412905
govreport_test_0527,TextRank - no_path,unit:10,-0.01764556318332061
govreport_test_0527,Lead - no_path,unit:10,-0.057609646620259386
govreport_test_0527,Full - no_path,unit:5,0.0
govreport_test_0527,AB2 - AB0,unit:5,0.06493331117297546
govreport_test_0527,TextRank - no_path,unit:5,-0.05819242851161871
govreport_test_0527,Lead - no_path,unit:5,-0.03973744727454634
govreport_test_0527,Full - no_path,word:110,0.0
govreport_test_0527,AB2 - AB0,word:110,-0.013628620102214661
govreport_test_0527,TextRank - no_path,word:110,0.002955952832016856
govreport_test_0527,Lead - no_path,word:110,0.014117852618704435
govreport_test_0527,Full - no_path,word:260,0.0
govreport_test_0527,AB2 - AB0,word:260,0.00030637925374768504
govreport_test_0527,TextRank - no_path,word:260,0.003961089409009799
govreport_test_0527,Lead - no_path,word:260,-0.02734963750178776
govreport_test_0528,Full - no_path,unit:10,0.019248206702757092
govreport_test_0528,AB2 - AB0,unit:10,-0.02538474132285526
govreport_test_0528,TextRank - no_path,unit:10,0.008143901314600355
govreport_test_0528,Lead - no_path,unit:10,-0.07677022883686653
govreport_test_0528,Full - no_path,unit:5,0.0
govreport_test_0528,AB2 - AB0,unit:5,-0.0048533853974802865
govreport_test_0528,TextRank - no_path,unit:5,0.0007865637745908538
govreport_test_0528,Lead - no_path,unit:5,-0.0956305385994159
govreport_test_0528,Full - no_path,word:110,0.0
govreport_test_0528,AB2 - AB0,word:110,-0.024322971695490206
govreport_test_0528,TextRank - no_path,word:110,0.02691390335124498
govreport_test_0528,Lead - no_path,word:110,-0.024325196940034308
govreport_test_0528,Full - no_path,word:260,0.0
govreport_test_0528,AB2 - AB0,word:260,-0.015634688407987984
govreport_test_0528,TextRank - no_path,word:260,0.021943405755329604
govreport_test_0528,Lead - no_path,word:260,-0.053874915896682626
govreport_test_0529,Full - no_path,unit:10,0.0
govreport_test_0529,AB2 - AB0,unit:10,0.04705888171071654
govreport_test_0529,TextRank - no_path,unit:10,0.017196059222055138
govreport_test_0529,Lead - no_path,unit:10,-0.13751646786540855
govreport_test_0529,Full - no_path,unit:5,0.0
govreport_test_0529,AB2 - AB0,unit:5,0.026570485127360183
govreport_test_0529,TextRank - no_path,unit:5,-0.03704031699535634
govreport_test_0529,Lead - no_path,unit:5,-0.0884588580411987
govreport_test_0529,Full - no_path,word:110,0.0
govreport_test_0529,AB2 - AB0,word:110,0.03806303118784965
govreport_test_0529,TextRank - no_path,word:110,-0.013516626987174568
govreport_test_0529,Lead - no_path,word:110,-0.05557252211653296
govreport_test_0529,Full - no_path,word:260,0.0
govreport_test_0529,AB2 - AB0,word:260,0.026937686928299537
govreport_test_0529,TextRank - no_path,word:260,-0.003593025709690806
govreport_test_0529,Lead - no_path,word:260,-0.09723546234509056
govreport_test_0530,Full - no_path,unit:10,-0.005757678794060972
govreport_test_0530,AB2 - AB0,unit:10,-0.03149819770283485
govreport_test_0530,TextRank - no_path,unit:10,0.024867357144067986
govreport_test_0530,Lead - no_path,unit:10,-0.06807802254869127
govreport_test_0530,Full - no_path,unit:5,0.0
govreport_test_0530,AB2 - AB0,unit:5,-0.00241550475829147
govreport_test_0530,TextRank - no_path,unit:5,0.010756364401430685
govreport_test_0530,Lead - no_path,unit:5,-0.04980887292945674
govreport_test_0530,Full - no_path,word:110,0.0
govreport_test_0530,AB2 - AB0,word:110,0.0004264053799657719
govreport_test_0530,TextRank - no_path,word:110,-0.0004264053799657719
govreport_test_0530,Lead - no_path,word:110,-0.018285812934997897
govreport_test_0530,Full - no_path,word:260,-0.021601146601146592
govreport_test_0530,AB2 - AB0,word:260,-0.016330891330891356
govreport_test_0530,TextRank - no_path,word:260,0.0021929824561403854
govreport_test_0530,Lead - no_path,word:260,-0.04676662586699304
govreport_test_0531,Full - no_path,unit:10,0.0
govreport_test_0531,AB2 - AB0,unit:10,0.004668993097124208
govreport_test_0531,TextRank - no_path,unit:10,-0.002437020810514834
govreport_test_0531,Lead - no_path,unit:10,-0.007414649445861565
govreport_test_0531,Full - no_path,unit:5,-0.0011439029970258807
govreport_test_0531,AB2 - AB0,unit:5,0.0018573435305134778
govreport_test_0531,TextRank - no_path,unit:5,-0.007923805937362721
govreport_test_0531,Lead - no_path,unit:5,-0.003952216807322023
govreport_test_0531,Full - no_path,word:110,-0.005846917080085043
govreport_test_0531,AB2 - AB0,word:110,-0.021297861127768977
govreport_test_0531,TextRank - no_path,word:110,0.003012048192771108
govreport_test_0531,Lead - no_path,word:110,0.00903614457831324
govreport_test_0531,Full - no_path,word:260,-0.00019897197811308276
govreport_test_0531,AB2 - AB0,word:260,-0.019873613969554893
govreport_test_0531,TextRank - no_path,word:260,0.012714685128478231
govreport_test_0531,Lead - no_path,word:260,-0.007750397456279784
govreport_test_0532,Full - no_path,unit:10,-0.0013985402735894326
govreport_test_0532,AB2 - AB0,unit:10,0.015576305669563584
govreport_test_0532,TextRank - no_path,unit:10,0.04336468129571577
govreport_test_0532,Lead - no_path,unit:10,0.050659855257556424
govreport_test_0532,Full - no_path,unit:5,-0.020378720425858116
govreport_test_0532,AB2 - AB0,unit:5,-0.03488676051509504
govreport_test_0532,TextRank - no_path,unit:5,0.022011499386479977
govreport_test_0532,Lead - no_path,unit:5,0.04877264347093438
govreport_test_0532,Full - no_path,word:110,-0.022947506093573516
govreport_test_0532,AB2 - AB0,word:110,-0.03542673107890501
govreport_test_0532,TextRank - no_path,word:110,0.02870072644992258
govreport_test_0532,Lead - no_path,word:110,0.022269858282720018
govreport_test_0532,Full - no_path,word:260,-0.00048448960366059834
govreport_test_0532,AB2 - AB0,word:260,-0.014651512619087426
govreport_test_0532,TextRank - no_path,word:260,0.040377193865565986
govreport_test_0532,Lead - no_path,word:260,0.04812913185006207
govreport_test_0533,Full - no_path,unit:10,-0.009656301145662849
govreport_test_0533,AB2 - AB0,unit:10,-0.009164814709290175
govreport_test_0533,TextRank - no_path,unit:10,0.0026937341401522263
govreport_test_0533,Lead - no_path,unit:10,-0.08875458075808129
govreport_test_0533,Full - no_path,unit:5,0.02474133109619686
govreport_test_0533,AB2 - AB0,unit:5,-0.014192785334121827
govreport_test_0533,TextRank - no_path,unit:5,0.032010767790262185
govreport_test_0533,Lead - no_path,unit:5,-0.06958521021021023
govreport_test_0533,Full - no_path,word:110,0.005698653125081943
govreport_test_0533,AB2 - AB0,word:110,-0.03512453243317218
govreport_test_0533,TextRank - no_path,word:110,0.03177314358916261
govreport_test_0533,Lead - no_path,word:110,-0.00907239561937892
govreport_test_0533,Full - no_path,word:260,-0.004565129768851955
govreport_test_0533,AB2 - AB0,word:260,-0.019052697213918196
govreport_test_0533,TextRank - no_path,word:260,0.019618667087254432
govreport_test_0533,Lead - no_path,word:260,-0.07301313242295818
govreport_test_0534,Full - no_path,unit:10,0.004401103880056018
govreport_test_0534,AB2 - AB0,unit:10,-0.022280497280497247
govreport_test_0534,TextRank - no_path,unit:10,0.03465145473342196
govreport_test_0534,Lead - no_path,unit:10,-0.021302937158469926
govreport_test_0534,Full - no_path,unit:5,-0.016093095966864174
govreport_test_0534,AB2 - AB0,unit:5,-0.010819830175386513
govreport_test_0534,TextRank - no_path,unit:5,0.0016024159502018298
govreport_test_0534,Lead - no_path,unit:5,-0.05691378049702908
govreport_test_0534,Full - no_path,word:110,0.0
govreport_test_0534,AB2 - AB0,word:110,-0.006389776357827476
govreport_test_0534,TextRank - no_path,word:110,0.01348724865255721
govreport_test_0534,Lead - no_path,word:110,-0.01635090860991839
govreport_test_0534,Full - no_path,word:260,0.0
govreport_test_0534,AB2 - AB0,word:260,-0.026367316279263864
govreport_test_0534,TextRank - no_path,word:260,0.038709677419354854
govreport_test_0534,Lead - no_path,word:260,-0.0013084961381190086
govreport_test_0535,Full - no_path,unit:10,0.0005217448508887113
govreport_test_0535,AB2 - AB0,unit:10,0.02027141536415264
govreport_test_0535,TextRank - no_path,unit:10,0.00014987635200955363
govreport_test_0535,Lead - no_path,unit:10,-0.06692201334756279
govreport_test_0535,Full - no_path,unit:5,0.0019131463445353492
govreport_test_0535,AB2 - AB0,unit:5,-0.001594638142715571
govreport_test_0535,TextRank - no_path,unit:5,-0.006106335870348201
govreport_test_0535,Lead - no_path,unit:5,-0.03931616243235993
govreport_test_0535,Full - no_path,word:110,-0.02063020777193103
govreport_test_0535,AB2 - AB0,word:110,0.015697583381178548
govreport_test_0535,TextRank - no_path,word:110,-0.01059554256485204
govreport_test_0535,Lead - no_path,word:110,-0.043478260869565216
govreport_test_0535,Full - no_path,word:260,-0.005716327259735615
govreport_test_0535,AB2 - AB0,word:260,0.03322025540696644
govreport_test_0535,TextRank - no_path,word:260,0.013323816321674953
govreport_test_0535,Lead - no_path,word:260,-0.07002500893176136
govreport_test_0536,Full - no_path,unit:10,0.0
govreport_test_0536,AB2 - AB0,unit:10,-0.0174992492394469
govreport_test_0536,TextRank - no_path,unit:10,-0.008402102615729268
govreport_test_0536,Lead - no_path,unit:10,-0.06391955014727324
govreport_test_0536,Full - no_path,unit:5,0.0
govreport_test_0536,AB2 - AB0,unit:5,-0.006627280367825228
govreport_test_0536,TextRank - no_path,unit:5,0.006627280367825228
govreport_test_0536,Lead - no_path,unit:5,-0.05417396242487338
govreport_test_0536,Full - no_path,word:110,0.0
govreport_test_0536,AB2 - AB0,word:110,0.01181297461053099
govreport_test_0536,TextRank - no_path,word:110,0.03623264112125493
govreport_test_0536,Lead - no_path,word:110,0.011166183107672478
govreport_test_0536,Full - no_path,word:260,0.0
govreport_test_0536,AB2 - AB0,word:260,-0.01586268029503815
govreport_test_0536,TextRank - no_path,word:260,0.036939963667403514
govreport_test_0536,Lead - no_path,word:260,-0.012539373195110864
govreport_test_0537,Full - no_path,unit:10,0.0
govreport_test_0537,AB2 - AB0,unit:10,-0.006750216915323154
govreport_test_0537,TextRank - no_path,unit:10,0.008777184248495967
govreport_test_0537,Lead - no_path,unit:10,-0.061268023289182516
govreport_test_0537,Full - no_path,unit:5,-0.0050197748707027645
govreport_test_0537,AB2 - AB0,unit:5,0.025640527069681812
govreport_test_0537,TextRank - no_path,unit:5,-0.017800664990673926
govreport_test_0537,Lead - no_path,unit:5,-0.0766836445953594
govreport_test_0537,Full - no_path,word:110,0.015198302945678172
govreport_test_0537,AB2 - AB0,word:110,-0.023665673138028864
govreport_test_0537,TextRank - no_path,word:110,0.03587443946188343
govreport_test_0537,Lead - no_path,word:110,-0.029895366218236172
govreport_test_0537,Full - no_path,word:260,0.0026772685309270627
govreport_test_0537,AB2 - AB0,word:260,-0.024174554769821027
govreport_test_0537,TextRank - no_path,word:260,0.057011075618712076
govreport_test_0537,Lead - no_path,word:260,-0.007317073170731714
govreport_test_0538,Full - no_path,unit:10,-0.002216390607048535
govreport_test_0538,AB2 - AB0,unit:10,0.03477851112111677
govreport_test_0538,TextRank - no_path,unit:10,-0.0323800925627378
govreport_test_0538,Lead - no_path,unit:10,-0.058774961597542225
govreport_test_0538,Full - no_path,unit:5,0.025238667543481696
govreport_test_0538,AB2 - AB0,unit:5,0.021444901438701564
govreport_test_0538,TextRank - no_path,unit:5,0.004691221401592588
govreport_test_0538,Lead - no_path,unit:5,-0.03903650297468993
govreport_test_0538,Full - no_path,word:110,0.04513093652907235
govreport_test_0538,AB2 - AB0,word:110,0.0001629033628920279
govreport_test_0538,TextRank - no_path,word:110,0.026135458167330677
govreport_test_0538,Lead - no_path,word:110,-0.00826241134751772
govreport_test_0538,Full - no_path,word:260,0.0420819490586932
govreport_test_0538,AB2 - AB0,word:260,-0.013656966819064809
govreport_test_0538,TextRank - no_path,word:260,0.013107733317653053
govreport_test_0538,Lead - no_path,word:260,0.00903615197432553
govreport_test_0539,Full - no_path,unit:10,-0.026366534824862203
govreport_test_0539,AB2 - AB0,unit:10,-0.20061365713539622
govreport_test_0539,TextRank - no_path,unit:10,0.10703637802679106
govreport_test_0539,Lead - no_path,unit:10,0.12730635079048946
govreport_test_0539,Full - no_path,unit:5,0.001859471102472865
govreport_test_0539,AB2 - AB0,unit:5,-0.051774710852092454
govreport_test_0539,TextRank - no_path,unit:5,0.04259412868271259
govreport_test_0539,Lead - no_path,unit:5,0.14976459368568992
govreport_test_0539,Full - no_path,word:110,0.008762873501892754
govreport_test_0539,AB2 - AB0,word:110,-0.04622585216677855
govreport_test_0539,TextRank - no_path,word:110,0.08858633106879012
govreport_test_0539,Lead - no_path,word:110,0.02825502714319346
govreport_test_0539,Full - no_path,word:260,-0.010108501579453338
govreport_test_0539,AB2 - AB0,word:260,-0.10429779037383294
govreport_test_0539,TextRank - no_path,word:260,0.11980602833507656
govreport_test_0539,Lead - no_path,word:260,0.1255465564636644
govreport_test_0540,Full - no_path,unit:10,-0.01705225007550587
govreport_test_0540,AB2 - AB0,unit:10,-0.0003396264109479241
govreport_test_0540,TextRank - no_path,unit:10,0.011567363933776165
govreport_test_0540,Lead - no_path,unit:10,-0.04498942917547566
govreport_test_0540,Full - no_path,unit:5,0.0
govreport_test_0540,AB2 - AB0,unit:5,0.011370223090921339
govreport_test_0540,TextRank - no_path,unit:5,0.02670282172957744
govreport_test_0540,Lead - no_path,unit:5,-0.04151507624572014
govreport_test_0540,Full - no_path,word:110,0.0
govreport_test_0540,AB2 - AB0,word:110,0.0055696159385092425
govreport_test_0540,TextRank - no_path,word:110,0.04132087083752242
govreport_test_0540,Lead - no_path,word:110,-0.023352317019617985
govreport_test_0540,Full - no_path,word:260,-0.02598460928052307
govreport_test_0540,AB2 - AB0,word:260,-0.012466084741816374
govreport_test_0540,TextRank - no_path,word:260,0.017635892355245764
govreport_test_0540,Lead - no_path,word:260,-0.038925516834584395
govreport_test_0541,Full - no_path,unit:10,-0.028406115543852084
govreport_test_0541,AB2 - AB0,unit:10,0.009116778619280841
govreport_test_0541,TextRank - no_path,unit:10,0.11051998189577433
govreport_test_0541,Lead - no_path,unit:10,-0.13917357009026957
govreport_test_0541,Full - no_path,unit:5,-0.10435136372111942
govreport_test_0541,AB2 - AB0,unit:5,0.0006983442366699788
govreport_test_0541,TextRank - no_path,unit:5,0.0269234335878335
govreport_test_0541,Lead - no_path,unit:5,-0.11680944759124567
govreport_test_0541,Full - no_path,word:110,0.0
govreport_test_0541,AB2 - AB0,word:110,-0.06629903526898412
govreport_test_0541,TextRank - no_path,word:110,0.09574118147868657
govreport_test_0541,Lead - no_path,word:110,-0.039678121856658755
govreport_test_0541,Full - no_path,word:260,-0.0181822733004377
govreport_test_0541,AB2 - AB0,word:260,0.0024968789013732895
govreport_test_0541,TextRank - no_path,word:260,0.00997506234413964
govreport_test_0541,Lead - no_path,word:260,-0.1045269254171777
govreport_test_0542,Full - no_path,unit:10,-0.012272097132343257
govreport_test_0542,AB2 - AB0,unit:10,0.0021870278730460324
govreport_test_0542,TextRank - no_path,unit:10,-0.011737319586901829
govreport_test_0542,Lead - no_path,unit:10,-0.03984644552279604
govreport_test_0542,Full - no_path,unit:5,-0.005680059223366327
govreport_test_0542,AB2 - AB0,unit:5,0.011401341616495975
govreport_test_0542,TextRank - no_path,unit:5,-0.007009501981569022
govreport_test_0542,Lead - no_path,unit:5,-0.03194780163356874
govreport_test_0542,Full - no_path,word:110,0.0
govreport_test_0542,AB2 - AB0,word:110,-0.013595241944024852
govreport_test_0542,TextRank - no_path,word:110,0.028929604628736755
govreport_test_0542,Lead - no_path,word:110,-0.005711456048968111
govreport_test_0542,Full - no_path,word:260,-0.00011327177012623868
govreport_test_0542,AB2 - AB0,word:260,-0.01696975370100892
govreport_test_0542,TextRank - no_path,word:260,0.015277742320707777
govreport_test_0542,Lead - no_path,word:260,-0.013161147338362544
govreport_test_0543,Full - no_path,unit:10,-0.041798905741934206
govreport_test_0543,AB2 - AB0,unit:10,0.004581406405324812
govreport_test_0543,TextRank - no_path,unit:10,0.0063767064980925214
govreport_test_0543,Lead - no_path,unit:10,-0.08464510928832203
govreport_test_0543,Full - no_path,unit:5,0.01983535040810583
govreport_test_0543,AB2 - AB0,unit:5,-0.022543310919219045
govreport_test_0543,TextRank - no_path,unit:5,0.015585220522981974
govreport_test_0543,Lead - no_path,unit:5,-0.07887525594664731
govreport_test_0543,Full - no_path,word:110,-0.036568087621728806
govreport_test_0543,AB2 - AB0,word:110,0.0
govreport_test_0543,TextRank - no_path,word:110,0.006571456231012823
govreport_test_0543,Lead - no_path,word:110,-0.036568087621728806
govreport_test_0543,Full - no_path,word:260,0.0018467220683287267
govreport_test_0543,AB2 - AB0,word:260,-0.029574861367837352
govreport_test_0543,TextRank - no_path,word:260,0.013090904125768243
govreport_test_0543,Lead - no_path,word:260,-0.02057946223793783
govreport_test_0544,Full - no_path,unit:10,0.0
govreport_test_0544,AB2 - AB0,unit:10,0.021393193074930705
govreport_test_0544,TextRank - no_path,unit:10,-0.022448493320413626
govreport_test_0544,Lead - no_path,unit:10,-0.0714670802407592
govreport_test_0544,Full - no_path,unit:5,0.0
govreport_test_0544,AB2 - AB0,unit:5,0.04473494096750069
govreport_test_0544,TextRank - no_path,unit:5,-0.06483975204255873
govreport_test_0544,Lead - no_path,unit:5,-0.08493114096410825
govreport_test_0544,Full - no_path,word:110,0.0
govreport_test_0544,AB2 - AB0,word:110,0.010437875992885204
govreport_test_0544,TextRank - no_path,word:110,-0.01797175866495504
govreport_test_0544,Lead - no_path,word:110,-0.023106546854942206
govreport_test_0544,Full - no_path,word:260,0.0
govreport_test_0544,AB2 - AB0,word:260,0.0
govreport_test_0544,TextRank - no_path,word:260,-0.015069967707212112
govreport_test_0544,Lead - no_path,word:260,-0.040215285252960226
govreport_test_0545,Full - no_path,unit:10,-0.001376742513666901
govreport_test_0545,AB2 - AB0,unit:10,-0.02011879670434949
govreport_test_0545,TextRank - no_path,unit:10,0.02602071716223614
govreport_test_0545,Lead - no_path,unit:10,0.0034818011644634494
govreport_test_0545,Full - no_path,unit:5,-0.008933961125196177
govreport_test_0545,AB2 - AB0,unit:5,-0.007405499505873797
govreport_test_0545,TextRank - no_path,unit:5,0.015059397114737416
govreport_test_0545,Lead - no_path,unit:5,-0.012991270621836234
govreport_test_0545,Full - no_path,word:110,0.0025721746849292487
govreport_test_0545,AB2 - AB0,word:110,-0.005589534136379651
govreport_test_0545,TextRank - no_path,word:110,0.020501001795965826
govreport_test_0545,Lead - no_path,word:110,0.005755395683453249
govreport_test_0545,Full - no_path,word:260,0.004214580774813015
govreport_test_0545,AB2 - AB0,word:260,-0.04084550132109585
govreport_test_0545,TextRank - no_path,word:260,0.02820093163792023
govreport_test_0545,Lead - no_path,word:260,0.01328228332753223
govreport_test_0546,Full - no_path,unit:10,0.005321177906621899
govreport_test_0546,AB2 - AB0,unit:10,-0.006648505009455852
govreport_test_0546,TextRank - no_path,unit:10,0.014481246218995741
govreport_test_0546,Lead - no_path,unit:10,-0.03945542472666108
govreport_test_0546,Full - no_path,unit:5,-0.03324675324675325
govreport_test_0546,AB2 - AB0,unit:5,-0.0041697082517812845
govreport_test_0546,TextRank - no_path,unit:5,-0.009356429384245829
govreport_test_0546,Lead - no_path,unit:5,-0.02932551319648094
govreport_test_0546,Full - no_path,word:110,-0.012267415021641637
govreport_test_0546,AB2 - AB0,word:110,-0.021560010985992875
govreport_test_0546,TextRank - no_path,word:110,0.022045837103968235
govreport_test_0546,Lead - no_path,word:110,0.018576718495680655
govreport_test_0546,Full - no_path,word:260,-0.0071322580547672765
govreport_test_0546,AB2 - AB0,word:260,-0.006951286261631079
govreport_test_0546,TextRank - no_path,word:260,0.010087914146954702
govreport_test_0546,Lead - no_path,word:260,-0.036652553257719295
govreport_test_0547,Full - no_path,unit:10,-0.0033209354777752886
govreport_test_0547,AB2 - AB0,unit:10,-0.013881520778072448
govreport_test_0547,TextRank - no_path,unit:10,0.015523629573317044
govreport_test_0547,Lead - no_path,unit:10,-0.05171720481353509
govreport_test_0547,Full - no_path,unit:5,0.0
govreport_test_0547,AB2 - AB0,unit:5,0.015678780974779233
govreport_test_0547,TextRank - no_path,unit:5,-0.02906582969693644
govreport_test_0547,Lead - no_path,unit:5,-0.0778420504145837
govreport_test_0547,Full - no_path,word:110,0.0
govreport_test_0547,AB2 - AB0,word:110,0.0026490066225165476
govreport_test_0547,TextRank - no_path,word:110,0.010746697501664376
govreport_test_0547,Lead - no_path,word:110,0.010746697501664376
govreport_test_0547,Full - no_path,word:260,0.022282389960118526
govreport_test_0547,AB2 - AB0,word:260,-0.043945214835412805
govreport_test_0547,TextRank - no_path,word:260,0.05273918091079682
govreport_test_0547,Lead - no_path,word:260,-0.012908046650647625
govreport_test_0548,Full - no_path,unit:10,-0.02314917501509492
govreport_test_0548,AB2 - AB0,unit:10,-0.010147512135205677
govreport_test_0548,TextRank - no_path,unit:10,-0.03278794287404718
govreport_test_0548,Lead - no_path,unit:10,-0.13819166458941234
govreport_test_0548,Full - no_path,unit:5,0.0391581673072309
govreport_test_0548,AB2 - AB0,unit:5,0.005698809974638813
govreport_test_0548,TextRank - no_path,unit:5,0.0031088059420792125
govreport_test_0548,Lead - no_path,unit:5,-0.09855662010026943
govreport_test_0548,Full - no_path,word:110,0.0
govreport_test_0548,AB2 - AB0,word:110,-0.0023781212841854638
govreport_test_0548,TextRank - no_path,word:110,-0.007134363852556502
govreport_test_0548,Lead - no_path,word:110,-0.04994054696789538
govreport_test_0548,Full - no_path,word:260,-0.005834327125951805
govreport_test_0548,AB2 - AB0,word:260,0.021786412512218967
govreport_test_0548,TextRank - no_path,word:260,-0.026036347327971998
govreport_test_0548,Lead - no_path,word:260,-0.1009081735620586
govreport_test_0549,Full - no_path,unit:10,0.0050253412022822075
govreport_test_0549,AB2 - AB0,unit:10,-0.06863957899860931
govreport_test_0549,TextRank - no_path,unit:10,0.06923486927397185
govreport_test_0549,Lead - no_path,unit:10,-0.04107055810462626
govreport_test_0549,Full - no_path,unit:5,0.006551835493982361
govreport_test_0549,AB2 - AB0,unit:5,-0.0038015206082433195
govreport_test_0549,TextRank - no_path,unit:5,0.006968169671548924
govreport_test_0549,Lead - no_path,unit:5,-0.042802061654878376
govreport_test_0549,Full - no_path,word:110,0.003030303030303008
govreport_test_0549,AB2 - AB0,word:110,-0.03389278821247978
govreport_test_0549,TextRank - no_path,word:110,0.042930828037211
govreport_test_0549,Lead - no_path,word:110,-0.023938472874643096
govreport_test_0549,Full - no_path,word:260,0.0020495174276896067
govreport_test_0549,AB2 - AB0,word:260,-0.055190910376347296
govreport_test_0549,TextRank - no_path,word:260,0.03270921598104867
govreport_test_0549,Lead - no_path,word:260,-0.033795690243676235
govreport_test_0550,Full - no_path,unit:10,-0.02296036219162892
govreport_test_0550,AB2 - AB0,unit:10,-0.013461786495803846
govreport_test_0550,TextRank - no_path,unit:10,0.03398473527328141
govreport_test_0550,Lead - no_path,unit:10,-0.042130162383326925
govreport_test_0550,Full - no_path,unit:5,0.0
govreport_test_0550,AB2 - AB0,unit:5,-0.052796078384140105
govreport_test_0550,TextRank - no_path,unit:5,0.05482152739346985
govreport_test_0550,Lead - no_path,unit:5,-0.04542829885519177
govreport_test_0550,Full - no_path,word:110,0.0
govreport_test_0550,AB2 - AB0,word:110,-0.02094240837696333
govreport_test_0550,TextRank - no_path,word:110,-0.0004402820535574087
govreport_test_0550,Lead - no_path,word:110,-0.018570666958292875
govreport_test_0550,Full - no_path,word:260,0.01126267050431734
govreport_test_0550,AB2 - AB0,word:260,-0.0362350484146573
govreport_test_0550,TextRank - no_path,word:260,0.058887677208287914
govreport_test_0550,Lead - no_path,word:260,-0.00016630910209716743
govreport_test_0551,Full - no_path,unit:10,-6.858683681426614e-05
govreport_test_0551,AB2 - AB0,unit:10,0.028844659613890378
govreport_test_0551,TextRank - no_path,unit:10,-0.010641333320882462
govreport_test_0551,Lead - no_path,unit:10,-0.0833880205406359
govreport_test_0551,Full - no_path,unit:5,0.028178214107862365
govreport_test_0551,AB2 - AB0,unit:5,0.04568043167868863
govreport_test_0551,TextRank - no_path,unit:5,-0.02485870964131831
govreport_test_0551,Lead - no_path,unit:5,-0.0940188308609361
govreport_test_0551,Full - no_path,word:110,-0.0314715703764695
govreport_test_0551,AB2 - AB0,word:110,0.04899135446685879
govreport_test_0551,TextRank - no_path,word:110,-0.03724357614847529
govreport_test_0551,Lead - no_path,word:110,-0.1006063533840849
govreport_test_0551,Full - no_path,word:260,0.03558718861209961
govreport_test_0551,AB2 - AB0,word:260,0.03105586570193339
govreport_test_0551,TextRank - no_path,word:260,-0.019193469497900212
govreport_test_0551,Lead - no_path,word:260,-0.04033214709371297
govreport_test_0552,Full - no_path,unit:10,0.012601633684845986
govreport_test_0552,AB2 - AB0,unit:10,0.042614469439906155
govreport_test_0552,TextRank - no_path,unit:10,-0.03848860982939881
govreport_test_0552,Lead - no_path,unit:10,-0.05061518485089758
govreport_test_0552,Full - no_path,unit:5,-0.016224341696039785
govreport_test_0552,AB2 - AB0,unit:5,0.021861428372718428
govreport_test_0552,TextRank - no_path,unit:5,-0.049243059591747546
govreport_test_0552,Lead - no_path,unit:5,-0.055031771603324994
govreport_test_0552,Full - no_path,word:110,-0.0030957025105392555
govreport_test_0552,AB2 - AB0,word:110,0.020289855072463794
govreport_test_0552,TextRank - no_path,word:110,-0.032039262568426374
govreport_test_0552,Lead - no_path,word:110,-0.03782797458000382
govreport_test_0552,Full - no_path,word:260,-0.0025961157352358266
govreport_test_0552,AB2 - AB0,word:260,0.028757756431801312
govreport_test_0552,TextRank - no_path,word:260,-0.03077075883988878
govreport_test_0552,Lead - no_path,word:260,-0.04319081551860651
govreport_test_0553,Full - no_path,unit:10,0.0
govreport_test_0553,AB2 - AB0,unit:10,-0.14457191880416448
govreport_test_0553,TextRank - no_path,unit:10,0.1348116952089894
govreport_test_0553,Lead - no_path,unit:10,-0.05539514311941918
govreport_test_0553,Full - no_path,unit:5,0.0
govreport_test_0553,AB2 - AB0,unit:5,-0.11656317220666418
govreport_test_0553,TextRank - no_path,unit:5,0.11132757011242336
govreport_test_0553,Lead - no_path,unit:5,-0.03030489682784107
govreport_test_0553,Full - no_path,word:110,0.0
govreport_test_0553,AB2 - AB0,word:110,-0.14671031319796085
govreport_test_0553,TextRank - no_path,word:110,0.1315321477428181
govreport_test_0553,Lead - no_path,word:110,-0.027291381668946596
govreport_test_0553,Full - no_path,word:260,0.0
govreport_test_0553,AB2 - AB0,word:260,-0.09438591899496171
govreport_test_0553,TextRank - no_path,word:260,0.21318681318681323
govreport_test_0553,Lead - no_path,word:260,0.007070414372645634
govreport_test_0554,Full - no_path,unit:10,0.002321854017760472
govreport_test_0554,AB2 - AB0,unit:10,-0.005501874009216923
govreport_test_0554,TextRank - no_path,unit:10,-0.0485246673731308
govreport_test_0554,Lead - no_path,unit:10,-0.04979892970333036
govreport_test_0554,Full - no_path,unit:5,0.0
govreport_test_0554,AB2 - AB0,unit:5,-0.010404928254826862
govreport_test_0554,TextRank - no_path,unit:5,-0.0008520524029616006
govreport_test_0554,Lead - no_path,unit:5,0.015637429956740168
govreport_test_0554,Full - no_path,word:110,0.0
govreport_test_0554,AB2 - AB0,word:110,-0.005936948538179027
govreport_test_0554,TextRank - no_path,word:110,0.016551724137931018
govreport_test_0554,Lead - no_path,word:110,-0.03294722804343683
govreport_test_0554,Full - no_path,word:260,-0.033781595143307946
govreport_test_0554,AB2 - AB0,word:260,-0.002528931023210196
govreport_test_0554,TextRank - no_path,word:260,-0.020300065231572073
govreport_test_0554,Lead - no_path,word:260,-0.050014350945857766
govreport_test_0555,Full - no_path,unit:10,0.017727368199958016
govreport_test_0555,AB2 - AB0,unit:10,-0.01322464725466363
govreport_test_0555,TextRank - no_path,unit:10,0.012560889563028949
govreport_test_0555,Lead - no_path,unit:10,-0.03913453615358517
govreport_test_0555,Full - no_path,unit:5,0.009999401233459076
govreport_test_0555,AB2 - AB0,unit:5,0.008740876945599996
govreport_test_0555,TextRank - no_path,unit:5,0.03034540513209452
govreport_test_0555,Lead - no_path,unit:5,-0.0261961392825842
govreport_test_0555,Full - no_path,word:110,0.0
govreport_test_0555,AB2 - AB0,word:110,-0.020178347934918642
govreport_test_0555,TextRank - no_path,word:110,0.007334581772784038
govreport_test_0555,Lead - no_path,word:110,-0.029881101376720898
govreport_test_0555,Full - no_path,word:260,0.012605042016806733
govreport_test_0555,AB2 - AB0,word:260,-0.015100909960576087
govreport_test_0555,TextRank - no_path,word:260,0.014705882352941207
govreport_test_0555,Lead - no_path,word:260,-0.04383900928792567
govreport_test_0556,Full - no_path,unit:10,9.618722215487541e-05
govreport_test_0556,AB2 - AB0,unit:10,0.010493110831440111
govreport_test_0556,TextRank - no_path,unit:10,-0.004106776180698102
govreport_test_0556,Lead - no_path,unit:10,-0.0826596186798946
govreport_test_0556,Full - no_path,unit:5,-0.00019488167293205128
govreport_test_0556,AB2 - AB0,unit:5,-0.010931304254635094
govreport_test_0556,TextRank - no_path,unit:5,-0.00034767855031950234
govreport_test_0556,Lead - no_path,unit:5,-0.037362258009720706
govreport_test_0556,Full - no_path,word:110,-0.02285315618648953
govreport_test_0556,AB2 - AB0,word:110,0.0001613615259320189
govreport_test_0556,TextRank - no_path,word:110,-0.013025146358479706
govreport_test_0556,Lead - no_path,word:110,-0.03499612773905518
govreport_test_0556,Full - no_path,word:260,0.02697095435684646
govreport_test_0556,AB2 - AB0,word:260,0.01452282157676349
govreport_test_0556,TextRank - no_path,word:260,0.04381406651930558
govreport_test_0556,Lead - no_path,word:260,-0.041807341735178666
govreport_test_0557,Full - no_path,unit:10,0.0
govreport_test_0557,AB2 - AB0,unit:10,-0.030567459138887726
govreport_test_0557,TextRank - no_path,unit:10,0.06337158373707477
govreport_test_0557,Lead - no_path,unit:10,-0.09420068661210312
govreport_test_0557,Full - no_path,unit:5,0.0
govreport_test_0557,AB2 - AB0,unit:5,-0.05447922595332952
govreport_test_0557,TextRank - no_path,unit:5,0.0690156016539838
govreport_test_0557,Lead - no_path,unit:5,-0.07465674550447339
govreport_test_0557,Full - no_path,word:110,0.0
govreport_test_0557,AB2 - AB0,word:110,-0.04958720919172899
govreport_test_0557,TextRank - no_path,word:110,0.036979969183359024
govreport_test_0557,Lead - no_path,word:110,-0.034045276757141155
govreport_test_0557,Full - no_path,word:260,0.0
govreport_test_0557,AB2 - AB0,word:260,-0.059749687108886146
govreport_test_0557,TextRank - no_path,word:260,0.08802826254416021
govreport_test_0557,Lead - no_path,word:260,-0.03462505410164701
govreport_test_0558,Full - no_path,unit:10,0.0
govreport_test_0558,AB2 - AB0,unit:10,-0.003138458012104217
govreport_test_0558,TextRank - no_path,unit:10,-0.02881260616076753
govreport_test_0558,Lead - no_path,unit:10,-0.09969536163522005
govreport_test_0558,Full - no_path,unit:5,0.0
govreport_test_0558,AB2 - AB0,unit:5,-0.0026261976615709615
govreport_test_0558,TextRank - no_path,unit:5,0.010082491222460549
govreport_test_0558,Lead - no_path,unit:5,-0.06475269613578483
govreport_test_0558,Full - no_path,word:110,0.0
govreport_test_0558,AB2 - AB0,word:110,0.012578616352201269
govreport_test_0558,TextRank - no_path,word:110,-0.012578616352201269
govreport_test_0558,Lead - no_path,word:110,-0.0378888855977805
govreport_test_0558,Full - no_path,word:260,0.0
govreport_test_0558,AB2 - AB0,word:260,-0.02317304419701466
govreport_test_0558,TextRank - no_path,word:260,-0.020460358056266004
govreport_test_0558,Lead - no_path,word:260,-0.07509497362836634
govreport_test_0559,Full - no_path,unit:10,0.0
govreport_test_0559,AB2 - AB0,unit:10,-0.0331063450158611
govreport_test_0559,TextRank - no_path,unit:10,0.04424069969622746
govreport_test_0559,Lead - no_path,unit:10,-0.07702383125362305
govreport_test_0559,Full - no_path,unit:5,0.0
govreport_test_0559,AB2 - AB0,unit:5,0.061120250685468086
govreport_test_0559,TextRank - no_path,unit:5,-0.06162115541591584
govreport_test_0559,Lead - no_path,unit:5,-0.09001548729818235
govreport_test_0559,Full - no_path,word:110,0.0025125628140703904
govreport_test_0559,AB2 - AB0,word:110,0.048026868178001725
govreport_test_0559,TextRank - no_path,word:110,-0.02495812395309882
govreport_test_0559,Lead - no_path,word:110,-0.0350210170348598
govreport_test_0559,Full - no_path,word:260,0.0
govreport_test_0559,AB2 - AB0,word:260,0.01873613352718609
govreport_test_0559,TextRank - no_path,word:260,0.06525558623984495
govreport_test_0559,Lead - no_path,word:260,-0.05496828752642707
govreport_test_0560,Full - no_path,unit:10,0.0
govreport_test_0560,AB2 - AB0,unit:10,-0.01688353413654614
govreport_test_0560,TextRank - no_path,unit:10,0.017819537379844458
govreport_test_0560,Lead - no_path,unit:10,-0.009074270990961503
govreport_test_0560,Full - no_path,unit:5,-0.0019129291183679065
govreport_test_0560,AB2 - AB0,unit:5,0.0
govreport_test_0560,TextRank - no_path,unit:5,-0.011488837207549146
govreport_test_0560,Lead - no_path,unit:5,-0.022228778983995834
govreport_test_0560,Full - no_path,word:110,0.0
govreport_test_0560,AB2 - AB0,word:110,0.005332741855180678
govreport_test_0560,TextRank - no_path,word:110,-0.0026232421121540894
govreport_test_0560,Lead - no_path,word:110,0.01698237677881448
govreport_test_0560,Full - no_path,word:260,-0.004754614087446374
govreport_test_0560,AB2 - AB0,word:260,-0.010214787625194177
govreport_test_0560,TextRank - no_path,word:260,0.0027266826706583425
govreport_test_0560,Lead - no_path,word:260,0.0036766886081954497
govreport_test_0561,Full - no_path,unit:10,0.016561085972850692
govreport_test_0561,AB2 - AB0,unit:10,-0.007719958918178699
govreport_test_0561,TextRank - no_path,unit:10,0.039203334877257995
govreport_test_0561,Lead - no_path,unit:10,0.045833530199228284
govreport_test_0561,Full - no_path,unit:5,-0.013737213629988754
govreport_test_0561,AB2 - AB0,unit:5,0.03524328198375759
govreport_test_0561,TextRank - no_path,unit:5,0.010822482779469206
govreport_test_0561,Lead - no_path,unit:5,0.02322558355466306
govreport_test_0561,Full - no_path,word:110,0.0
govreport_test_0561,AB2 - AB0,word:110,0.0027638108133464234
govreport_test_0561,TextRank - no_path,word:110,0.03170429704816788
govreport_test_0561,Lead - no_path,word:110,0.0447284345047923
govreport_test_0561,Full - no_path,word:260,0.012820512820512803
govreport_test_0561,AB2 - AB0,word:260,0.012605971006266675
govreport_test_0561,TextRank - no_path,word:260,0.062059191879243275
govreport_test_0561,Lead - no_path,word:260,0.08090984284532668
govreport_test_0562,Full - no_path,unit:10,-0.008678678678678692
govreport_test_0562,AB2 - AB0,unit:10,-0.015998588359850602
govreport_test_0562,TextRank - no_path,unit:10,0.02215286808264702
govreport_test_0562,Lead - no_path,unit:10,-0.07955732625055335
govreport_test_0562,Full - no_path,unit:5,-0.026449586478058507
govreport_test_0562,AB2 - AB0,unit:5,0.0022657736852730592
govreport_test_0562,TextRank - no_path,unit:5,-0.011710988035344372
govreport_test_0562,Lead - no_path,unit:5,-0.08398053910263642
govreport_test_0562,Full - no_path,word:110,-0.007327661408676217
govreport_test_0562,AB2 - AB0,word:110,-0.020461266247482124
govreport_test_0562,TextRank - no_path,word:110,0.03164458936213574
govreport_test_0562,Lead - no_path,word:110,-0.0533708268763021
govreport_test_0562,Full - no_path,word:260,-0.008372850185986158
govreport_test_0562,AB2 - AB0,word:260,-0.02563074583534941
govreport_test_0562,TextRank - no_path,word:260,0.050058480173644254
govreport_test_0562,Lead - no_path,word:260,-0.050926041675347866
govreport_test_0563,Full - no_path,unit:10,0.004319067387219072
govreport_test_0563,AB2 - AB0,unit:10,-0.005131513285215217
govreport_test_0563,TextRank - no_path,unit:10,0.01357429201264046
govreport_test_0563,Lead - no_path,unit:10,-0.04243654207305991
govreport_test_0563,Full - no_path,unit:5,-0.01237872075568408
govreport_test_0563,AB2 - AB0,unit:5,0.019222015098303707
govreport_test_0563,TextRank - no_path,unit:5,-0.01782451125516815
govreport_test_0563,Lead - no_path,unit:5,-0.07407115576129655
govreport_test_0563,Full - no_path,word:110,-0.019536262117035477
govreport_test_0563,AB2 - AB0,word:110,-0.014150110375275957
govreport_test_0563,TextRank - no_path,word:110,0.015184581295204613
govreport_test_0563,Lead - no_path,word:110,-0.025500637515937924
govreport_test_0563,Full - no_path,word:260,-0.017184944163962546
govreport_test_0563,AB2 - AB0,word:260,0.007449630340312652
govreport_test_0563,TextRank - no_path,word:260,0.0025245566469620784
govreport_test_0563,Lead - no_path,word:260,-0.03668504788791854
govreport_test_0564,Full - no_path,unit:10,0.0
govreport_test_0564,AB2 - AB0,unit:10,-0.002274403737398595
govreport_test_0564,TextRank - no_path,unit:10,0.020823340065640017
govreport_test_0564,Lead - no_path,unit:10,-0.07682403433476392
govreport_test_0564,Full - no_path,unit:5,0.0
govreport_test_0564,AB2 - AB0,unit:5,-0.023875581259036383
govreport_test_0564,TextRank - no_path,unit:5,-0.004883162971740018
govreport_test_0564,Lead - no_path,unit:5,-0.0714133252020125
govreport_test_0564,Full - no_path,word:110,0.0
govreport_test_0564,AB2 - AB0,word:110,0.007312734082396993
govreport_test_0564,TextRank - no_path,word:110,-0.015355361596009975
govreport_test_0564,Lead - no_path,word:110,-0.05223684210526315
govreport_test_0564,Full - no_path,word:260,0.0
govreport_test_0564,AB2 - AB0,word:260,0.0026979325363200024
govreport_test_0564,TextRank - no_path,word:260,0.011796350339298878
govreport_test_0564,Lead - no_path,word:260,-0.03721235329574868
govreport_test_0565,Full - no_path,unit:10,-0.004364679564898166
govreport_test_0565,AB2 - AB0,unit:10,-0.02766280353200884
govreport_test_0565,TextRank - no_path,unit:10,0.011721111319820343
govreport_test_0565,Lead - no_path,unit:10,-0.0975469733497181
govreport_test_0565,Full - no_path,unit:5,0.0
govreport_test_0565,AB2 - AB0,unit:5,-0.005409334569654811
govreport_test_0565,TextRank - no_path,unit:5,0.0002429825853864087
govreport_test_0565,Lead - no_path,unit:5,-0.09595504518224032
govreport_test_0565,Full - no_path,word:110,-0.007333102732618474
govreport_test_0565,AB2 - AB0,word:110,0.01335048499808783
govreport_test_0565,TextRank - no_path,word:110,0.003401360544217663
govreport_test_0565,Lead - no_path,word:110,-0.06802721088435376
govreport_test_0565,Full - no_path,word:260,0.0
govreport_test_0565,AB2 - AB0,word:260,0.00782650038401056
govreport_test_0565,TextRank - no_path,word:260,0.016194331983805627
govreport_test_0565,Lead - no_path,word:260,-0.08855315273800518
govreport_test_0566,Full - no_path,unit:10,0.0005577227487875147
govreport_test_0566,AB2 - AB0,unit:10,0.0007097754217060825
govreport_test_0566,TextRank - no_path,unit:10,-0.035168130220603944
govreport_test_0566,Lead - no_path,unit:10,-0.09876474282922741
govreport_test_0566,Full - no_path,unit:5,-0.0030117704263845635
govreport_test_0566,AB2 - AB0,unit:5,0.03226314809243416
govreport_test_0566,TextRank - no_path,unit:5,-0.05235724358712757
govreport_test_0566,Lead - no_path,unit:5,-0.07294806336932201
govreport_test_0566,Full - no_path,word:110,-0.004848759487934756
govreport_test_0566,AB2 - AB0,word:110,0.005899849828870388
govreport_test_0566,TextRank - no_path,word:110,-0.017383410870305246
govreport_test_0566,Lead - no_path,word:110,-0.02843515784692259
govreport_test_0566,Full - no_path,word:260,0.00153937655249628
govreport_test_0566,AB2 - AB0,word:260,-0.013447594067185015
govreport_test_0566,TextRank - no_path,word:260,0.008742644650006653
govreport_test_0566,Lead - no_path,word:260,-0.05761395196249558
govreport_test_0567,Full - no_path,unit:10,-0.0024313939712824195
govreport_test_0567,AB2 - AB0,unit:10,0.014400929675866009
govreport_test_0567,TextRank - no_path,unit:10,0.013383809144159237
govreport_test_0567,Lead - no_path,unit:10,-0.06839795778707733
govreport_test_0567,Full - no_path,unit:5,0.015024975024975018
govreport_test_0567,AB2 - AB0,unit:5,0.03624349219062878
govreport_test_0567,TextRank - no_path,unit:5,-0.01653193142554843
govreport_test_0567,Lead - no_path,unit:5,-0.0622980622980623
govreport_test_0567,Full - no_path,word:110,0.007782101167315175
govreport_test_0567,AB2 - AB0,word:110,-0.02361730328955293
govreport_test_0567,TextRank - no_path,word:110,0.025765609564323305
govreport_test_0567,Lead - no_path,word:110,-0.002869209356642713
govreport_test_0567,Full - no_path,word:260,0.017937503664184812
govreport_test_0567,AB2 - AB0,word:260,0.014956416288486818
govreport_test_0567,TextRank - no_path,word:260,0.01163717463391728
govreport_test_0567,Lead - no_path,word:260,-0.023615303615303618
govreport_test_0568,Full - no_path,unit:10,0.010548903139946941
govreport_test_0568,AB2 - AB0,unit:10,-0.06244244879252506
govreport_test_0568,TextRank - no_path,unit:10,0.09140699886449102
govreport_test_0568,Lead - no_path,unit:10,0.045316964072105836
govreport_test_0568,Full - no_path,unit:5,0.0
govreport_test_0568,AB2 - AB0,unit:5,-0.02479159234519604
govreport_test_0568,TextRank - no_path,unit:5,0.02760772080327553
govreport_test_0568,Lead - no_path,unit:5,-0.010477261473388011
govreport_test_0568,Full - no_path,word:110,0.0
govreport_test_0568,AB2 - AB0,word:110,-0.015914364627332117
govreport_test_0568,TextRank - no_path,word:110,0.009595070422535185
govreport_test_0568,Lead - no_path,word:110,-0.0029244913928012373
govreport_test_0568,Full - no_path,word:260,0.005050505050505055
govreport_test_0568,AB2 - AB0,word:260,-0.0326707416855177
govreport_test_0568,TextRank - no_path,word:260,0.06368111494693773
govreport_test_0568,Lead - no_path,word:260,0.05355453266845672
govreport_test_0569,Full - no_path,unit:10,-0.02156801585262927
govreport_test_0569,AB2 - AB0,unit:10,-0.011104496211369497
govreport_test_0569,TextRank - no_path,unit:10,-0.004346013214446082
govreport_test_0569,Lead - no_path,unit:10,-0.056577803535207194
govreport_test_0569,Full - no_path,unit:5,-0.01861560671681481
govreport_test_0569,AB2 - AB0,unit:5,0.0269339346270617
govreport_test_0569,TextRank - no_path,unit:5,-0.02062088146125124
govreport_test_0569,Lead - no_path,unit:5,-0.07760747663551401
govreport_test_0569,Full - no_path,word:110,0.0
govreport_test_0569,AB2 - AB0,word:110,0.02093160377358491
govreport_test_0569,TextRank - no_path,word:110,0.03139717425431712
govreport_test_0569,Lead - no_path,word:110,0.00919769885287125
govreport_test_0569,Full - no_path,word:260,0.011121385071581169
govreport_test_0569,AB2 - AB0,word:260,0.015170670037926659
govreport_test_0569,TextRank - no_path,word:260,0.004034062575918401
govreport_test_0569,Lead - no_path,word:260,-0.022231127394855332
govreport_test_0570,Full - no_path,unit:10,0.0
govreport_test_0570,AB2 - AB0,unit:10,-0.03270808440860484
govreport_test_0570,TextRank - no_path,unit:10,0.03467926683954606
govreport_test_0570,Lead - no_path,unit:10,-0.013431539701176887
govreport_test_0570,Full - no_path,unit:5,0.0
govreport_test_0570,AB2 - AB0,unit:5,-0.03259016746962559
govreport_test_0570,TextRank - no_path,unit:5,0.03259016746962559
govreport_test_0570,Lead - no_path,unit:5,-0.01718729543609751
govreport_test_0570,Full - no_path,word:110,0.0
govreport_test_0570,AB2 - AB0,word:110,-0.026914145900540795
govreport_test_0570,TextRank - no_path,word:110,0.03704749799934097
govreport_test_0570,Lead - no_path,word:110,0.038987606001304645
govreport_test_0570,Full - no_path,word:260,-0.016865343975050795
govreport_test_0570,AB2 - AB0,word:260,-0.06606198668585986
govreport_test_0570,TextRank - no_path,word:260,0.041161735328624216
govreport_test_0570,Lead - no_path,word:260,0.013500482160077154
govreport_test_0571,Full - no_path,unit:10,0.0038070136906069307
govreport_test_0571,AB2 - AB0,unit:10,-0.05699922055575185
govreport_test_0571,TextRank - no_path,unit:10,0.06568540092186179
govreport_test_0571,Lead - no_path,unit:10,0.013388150050708342
govreport_test_0571,Full - no_path,unit:5,0.011957193995164678
govreport_test_0571,AB2 - AB0,unit:5,-0.0923252805677417
govreport_test_0571,TextRank - no_path,unit:5,0.060975414687205076
govreport_test_0571,Lead - no_path,unit:5,-0.007167139679012169
govreport_test_0571,Full - no_path,word:110,0.00972447325769854
govreport_test_0571,AB2 - AB0,word:110,-0.04232820884014413
govreport_test_0571,TextRank - no_path,word:110,0.04804633394689509
govreport_test_0571,Lead - no_path,word:110,0.0
govreport_test_0571,Full - no_path,word:260,-0.0021780303030303205
govreport_test_0571,AB2 - AB0,word:260,-0.07504963353412808
govreport_test_0571,TextRank - no_path,word:260,0.05250946969696968
govreport_test_0571,Lead - no_path,word:260,0.005414351578200749
govreport_test_0572,Full - no_path,unit:10,0.0
govreport_test_0572,AB2 - AB0,unit:10,-0.004099687129140134
govreport_test_0572,TextRank - no_path,unit:10,0.032506423292787356
govreport_test_0572,Lead - no_path,unit:10,-0.02985977922686786
govreport_test_0572,Full - no_path,unit:5,0.0
govreport_test_0572,AB2 - AB0,unit:5,-0.014134455925500722
govreport_test_0572,TextRank - no_path,unit:5,-0.0376533777839515
govreport_test_0572,Lead - no_path,unit:5,-0.0620443082423546
govreport_test_0572,Full - no_path,word:110,0.0
govreport_test_0572,AB2 - AB0,word:110,-0.013494648673801762
govreport_test_0572,TextRank - no_path,word:110,0.029268292682926828
govreport_test_0572,Lead - no_path,word:110,-0.022943722943722947
govreport_test_0572,Full - no_path,word:260,0.0
govreport_test_0572,AB2 - AB0,word:260,-0.004374453193350808
govreport_test_0572,TextRank - no_path,word:260,0.02088772845953002
govreport_test_0572,Lead - no_path,word:260,-0.04260282798141807
govreport_test_0573,Full - no_path,unit:10,0.0
govreport_test_0573,AB2 - AB0,unit:10,0.0036059164350652206
govreport_test_0573,TextRank - no_path,unit:10,-0.008948762832946988
govreport_test_0573,Lead - no_path,unit:10,-0.09782106125882137
govreport_test_0573,Full - no_path,unit:5,-0.008861430614725496
govreport_test_0573,AB2 - AB0,unit:5,-0.020202314242049296
govreport_test_0573,TextRank - no_path,unit:5,0.0074474728019489345
govreport_test_0573,Lead - no_path,unit:5,-0.08601491470017363
govreport_test_0573,Full - no_path,word:110,0.0
govreport_test_0573,AB2 - AB0,word:110,-0.02037609105798935
govreport_test_0573,TextRank - no_path,word:110,0.020578687601444268
govreport_test_0573,Lead - no_path,word:110,-0.042538701747392174
govreport_test_0573,Full - no_path,word:260,0.0
govreport_test_0573,AB2 - AB0,word:260,-0.01233172421983611
govreport_test_0573,TextRank - no_path,word:260,0.008148529017258377
govreport_test_0573,Lead - no_path,word:260,-0.08222378339801059
govreport_test_0575,Full - no_path,unit:10,0.0
govreport_test_0575,AB2 - AB0,unit:10,0.01028049494025296
govreport_test_0575,TextRank - no_path,unit:10,-0.00900297736259234
govreport_test_0575,Lead - no_path,unit:10,-0.06925541841998695
govreport_test_0575,Full - no_path,unit:5,0.006473479071343824
govreport_test_0575,AB2 - AB0,unit:5,-0.007739732523949522
govreport_test_0575,TextRank - no_path,unit:5,0.024929971988795513
govreport_test_0575,Lead - no_path,unit:5,-0.07114845938375348
govreport_test_0575,Full - no_path,word:110,0.0
govreport_test_0575,AB2 - AB0,word:110,-0.042851309365290746
govreport_test_0575,TextRank - no_path,word:110,0.042851309365290746
govreport_test_0575,Lead - no_path,word:110,-0.03181535730137594
govreport_test_0575,Full - no_path,word:260,-0.010643015521064364
govreport_test_0575,AB2 - AB0,word:260,-0.005813492063492048
govreport_test_0575,TextRank - no_path,word:260,-0.0010555015857243166
govreport_test_0575,Lead - no_path,word:260,-0.05321507760532154
govreport_test_0576,Full - no_path,unit:10,-0.0022391401701746527
govreport_test_0576,AB2 - AB0,unit:10,0.029647587772463846
govreport_test_0576,TextRank - no_path,unit:10,-0.03928528764271208
govreport_test_0576,Lead - no_path,unit:10,-0.01683501683501684
govreport_test_0576,Full - no_path,unit:5,0.0
govreport_test_0576,AB2 - AB0,unit:5,0.007435691318327969
govreport_test_0576,TextRank - no_path,unit:5,-0.014380135762772445
govreport_test_0576,Lead - no_path,unit:5,-0.026190476190476236
govreport_test_0576,Full - no_path,word:110,0.0
govreport_test_0576,AB2 - AB0,word:110,0.023789717907365004
govreport_test_0576,TextRank - no_path,word:110,-0.0232860821096115
govreport_test_0576,Lead - no_path,word:110,-0.0036376966894140494
govreport_test_0576,Full - no_path,word:260,0.002684563758389269
govreport_test_0576,AB2 - AB0,word:260,-0.00024988755060223466
govreport_test_0576,TextRank - no_path,word:260,-0.019316640162439475
govreport_test_0576,Lead - no_path,word:260,-0.00536912751677851
govreport_test_0577,Full - no_path,unit:10,-0.006231294393490128
govreport_test_0577,AB2 - AB0,unit:10,-0.07460510328068043
govreport_test_0577,TextRank - no_path,unit:10,0.00925200445368693
govreport_test_0577,Lead - no_path,unit:10,-0.03894244245695577
govreport_test_0577,Full - no_path,unit:5,-0.029869970928541184
govreport_test_0577,AB2 - AB0,unit:5,-0.05934412483138282
govreport_test_0577,TextRank - no_path,unit:5,0.032959370420670736
govreport_test_0577,Lead - no_path,unit:5,-0.0277301361511888
govreport_test_0577,Full - no_path,word:110,-0.012480633499741794
govreport_test_0577,AB2 - AB0,word:110,-0.04700904625730787
govreport_test_0577,TextRank - no_path,word:110,0.04165949388879325
govreport_test_0577,Lead - no_path,word:110,-0.04451510333863276
govreport_test_0577,Full - no_path,word:260,-0.04924728673124054
govreport_test_0577,AB2 - AB0,word:260,-0.053657876586883785
govreport_test_0577,TextRank - no_path,word:260,0.013464775980822158
govreport_test_0577,Lead - no_path,word:260,-0.04924728673124054
govreport_test_0578,Full - no_path,unit:10,-0.003370786516853963
govreport_test_0578,AB2 - AB0,unit:10,-0.01740088105726864
govreport_test_0578,TextRank - no_path,unit:10,0.02474032105760149
govreport_test_0578,Lead - no_path,unit:10,0.008047105004906713
govreport_test_0578,Full - no_path,unit:5,-0.00024868483978957023
govreport_test_0578,AB2 - AB0,unit:5,-0.03828303215701112
govreport_test_0578,TextRank - no_path,unit:5,0.040262335797582316
govreport_test_0578,Lead - no_path,unit:5,0.01100122772928086
govreport_test_0578,Full - no_path,word:110,-0.007979378270237009
govreport_test_0578,AB2 - AB0,word:110,-0.011489219693710834
govreport_test_0578,TextRank - no_path,word:110,0.017221518036361655
govreport_test_0578,Lead - no_path,word:110,-0.010432179260642438
govreport_test_0578,Full - no_path,word:260,-0.0022883295194507935
govreport_test_0578,AB2 - AB0,word:260,-0.06996387520525452
govreport_test_0578,TextRank - no_path,word:260,0.04673452747310561
govreport_test_0578,Lead - no_path,word:260,0.01705845641772416
govreport_test_0579,Full - no_path,unit:10,0.0
govreport_test_0579,AB2 - AB0,unit:10,0.03438708265447557
govreport_test_0579,TextRank - no_path,unit:10,-0.03598829585266081
govreport_test_0579,Lead - no_path,unit:10,-0.08948731007554533
govreport_test_0579,Full - no_path,unit:5,0.0
govreport_test_0579,AB2 - AB0,unit:5,0.0694779868634196
govreport_test_0579,TextRank - no_path,unit:5,-0.020369385118188033
govreport_test_0579,Lead - no_path,unit:5,-0.11330677705746049
govreport_test_0579,Full - no_path,word:110,0.0
govreport_test_0579,AB2 - AB0,word:110,-0.05766312594840671
govreport_test_0579,TextRank - no_path,word:110,0.019933678342283906
govreport_test_0579,Lead - no_path,word:110,-0.040607530360226574
govreport_test_0579,Full - no_path,word:260,0.0
govreport_test_0579,AB2 - AB0,word:260,0.012701363073110261
govreport_test_0579,TextRank - no_path,word:260,0.019492956712234916
govreport_test_0579,Lead - no_path,word:260,-0.043862616075272115
govreport_test_0580,Full - no_path,unit:10,-0.008035022886014626
govreport_test_0580,AB2 - AB0,unit:10,-0.04084528614674934
govreport_test_0580,TextRank - no_path,unit:10,0.01701472098596374
govreport_test_0580,Lead - no_path,unit:10,-0.05143973791597217
govreport_test_0580,Full - no_path,unit:5,0.003972039720397225
govreport_test_0580,AB2 - AB0,unit:5,-0.009882287441342535
govreport_test_0580,TextRank - no_path,unit:5,0.0207941166548595
govreport_test_0580,Lead - no_path,unit:5,-0.04622970218920516
govreport_test_0580,Full - no_path,word:110,0.011861845885382305
govreport_test_0580,AB2 - AB0,word:110,-0.023323615160349864
govreport_test_0580,TextRank - no_path,word:110,0.0293800940605648
govreport_test_0580,Lead - no_path,word:110,-0.008746355685131185
govreport_test_0580,Full - no_path,word:260,-0.038071225969114386
govreport_test_0580,AB2 - AB0,word:260,-0.03781854898856038
govreport_test_0580,TextRank - no_path,word:260,0.024204223132681973
govreport_test_0580,Lead - no_path,word:260,-0.05502392344497606
govreport_test_0581,Full - no_path,unit:10,-0.04164310631301493
govreport_test_0581,AB2 - AB0,unit:10,-0.03210857752272614
govreport_test_0581,TextRank - no_path,unit:10,-0.02169707942255472
govreport_test_0581,Lead - no_path,unit:10,-0.050011202110975594
govreport_test_0581,Full - no_path,unit:5,-0.022823556674426176
govreport_test_0581,AB2 - AB0,unit:5,0.015108238615907293
govreport_test_0581,TextRank - no_path,unit:5,0.005652114988546869
govreport_test_0581,Lead - no_path,unit:5,0.013543698069496485
govreport_test_0581,Full - no_path,word:110,-0.0120997282287605
govreport_test_0581,AB2 - AB0,word:110,-0.01297149684246457
govreport_test_0581,TextRank - no_path,word:110,0.01938285410389909
govreport_test_0581,Lead - no_path,word:110,-0.014620237086209076
govreport_test_0581,Full - no_path,word:260,-0.012453300124532968
govreport_test_0581,AB2 - AB0,word:260,-0.0412550679313477
govreport_test_0581,TextRank - no_path,word:260,0.02340098223651299
govreport_test_0581,Lead - no_path,word:260,0.0006537982565379963
govreport_test_0582,Full - no_path,unit:10,0.0
govreport_test_0582,AB2 - AB0,unit:10,0.020085529118303747
govreport_test_0582,TextRank - no_path,unit:10,-0.04158441782039621
govreport_test_0582,Lead - no_path,unit:10,-0.1460333207151466
govreport_test_0582,Full - no_path,unit:5,0.0
govreport_test_0582,AB2 - AB0,unit:5,0.019798843747525136
govreport_test_0582,TextRank - no_path,unit:5,-0.04597163889265227
govreport_test_0582,Lead - no_path,unit:5,-0.1535220237566278
govreport_test_0582,Full - no_path,word:110,0.0
govreport_test_0582,AB2 - AB0,word:110,-0.009142965183804641
govreport_test_0582,TextRank - no_path,word:110,0.03484320557491287
govreport_test_0582,Lead - no_path,word:110,-0.030289066563188013
govreport_test_0582,Full - no_path,word:260,0.0
govreport_test_0582,AB2 - AB0,word:260,-0.07372417687260263
govreport_test_0582,TextRank - no_path,word:260,-0.030270573982055404
govreport_test_0582,Lead - no_path,word:260,-0.10274113464758935
govreport_test_0583,Full - no_path,unit:10,0.00639718071595638
govreport_test_0583,AB2 - AB0,unit:10,0.005874635178193699
govreport_test_0583,TextRank - no_path,unit:10,0.015108962186371339
govreport_test_0583,Lead - no_path,unit:10,-0.012590849160428463
govreport_test_0583,Full - no_path,unit:5,0.014316837846249625
govreport_test_0583,AB2 - AB0,unit:5,0.0049449062439590186
govreport_test_0583,TextRank - no_path,unit:5,-0.004973544973544949
govreport_test_0583,Lead - no_path,unit:5,-0.023648493213710584
govreport_test_0583,Full - no_path,word:110,0.0
govreport_test_0583,AB2 - AB0,word:110,-0.011347517730496456
govreport_test_0583,TextRank - no_path,word:110,0.014478174092196788
govreport_test_0583,Lead - no_path,word:110,0.003114537728560407
govreport_test_0583,Full - no_path,word:260,-0.0071500121829060626
govreport_test_0583,AB2 - AB0,word:260,-0.01614248792244191
govreport_test_0583,TextRank - no_path,word:260,0.007531578775581249
govreport_test_0583,Lead - no_path,word:260,-0.006653417789266813
govreport_test_0584,Full - no_path,unit:10,0.0013071022075123173
govreport_test_0584,AB2 - AB0,unit:10,-0.016599322740989075
govreport_test_0584,TextRank - no_path,unit:10,0.00023527080908392062
govreport_test_0584,Lead - no_path,unit:10,-0.04310285306595271
govreport_test_0584,Full - no_path,unit:5,0.009854661467564696
govreport_test_0584,AB2 - AB0,unit:5,-0.009384567496875634
govreport_test_0584,TextRank - no_path,unit:5,0.013410656034795188
govreport_test_0584,Lead - no_path,unit:5,-0.022384805823448983
govreport_test_0584,Full - no_path,word:110,0.0
govreport_test_0584,AB2 - AB0,word:110,-0.014035087719298248
govreport_test_0584,TextRank - no_path,word:110,0.023364485981308414
govreport_test_0584,Lead - no_path,word:110,-0.004811939061494658
govreport_test_0584,Full - no_path,word:260,0.013575915027761731
govreport_test_0584,AB2 - AB0,word:260,-0.015544916924809915
govreport_test_0584,TextRank - no_path,word:260,0.03325328279731124
govreport_test_0584,Lead - no_path,word:260,-0.008454760896829755
govreport_test_0585,Full - no_path,unit:10,-0.02030416560833123
govreport_test_0585,AB2 - AB0,unit:10,0.02972143490584081
govreport_test_0585,TextRank - no_path,unit:10,-0.039083098667336336
govreport_test_0585,Lead - no_path,unit:10,0.008893559619788521
govreport_test_0585,Full - no_path,unit:5,-0.009432179865420665
govreport_test_0585,AB2 - AB0,unit:5,0.0547771305559073
govreport_test_0585,TextRank - no_path,unit:5,-0.046854082998661284
govreport_test_0585,Lead - no_path,unit:5,0.03199387143951529
govreport_test_0585,Full - no_path,word:110,0.036597100789470954
govreport_test_0585,AB2 - AB0,word:110,-0.02856057466500897
govreport_test_0585,TextRank - no_path,word:110,0.03620546126273641
govreport_test_0585,Lead - no_path,word:110,0.11008791443776492
govreport_test_0585,Full - no_path,word:260,-0.03384423015890062
govreport_test_0585,AB2 - AB0,word:260,0.01117628408370322
govreport_test_0585,TextRank - no_path,word:260,-0.0012251922407669757
govreport_test_0585,Lead - no_path,word:260,0.014605549822268082
govreport_test_0586,Full - no_path,unit:10,0.0
govreport_test_0586,AB2 - AB0,unit:10,-0.012592756400805899
govreport_test_0586,TextRank - no_path,unit:10,0.04665408297640197
govreport_test_0586,Lead - no_path,unit:10,-0.061235181494609214
govreport_test_0586,Full - no_path,unit:5,0.0
govreport_test_0586,AB2 - AB0,unit:5,0.02386024585272703
govreport_test_0586,TextRank - no_path,unit:5,-0.04287811014816886
govreport_test_0586,Lead - no_path,unit:5,-0.06810776722839228
govreport_test_0586,Full - no_path,word:110,0.0
govreport_test_0586,AB2 - AB0,word:110,-0.007712082262210818
govreport_test_0586,TextRank - no_path,word:110,0.01530470087171118
govreport_test_0586,Lead - no_path,word:110,-0.002577319587628857
govreport_test_0586,Full - no_path,word:260,0.0
govreport_test_0586,AB2 - AB0,word:260,-0.05818965517241384
govreport_test_0586,TextRank - no_path,word:260,0.06276968716289108
govreport_test_0586,Lead - no_path,word:260,-0.04279157667386607
govreport_test_0587,Full - no_path,unit:10,0.0
govreport_test_0587,AB2 - AB0,unit:10,0.011222985374286426
govreport_test_0587,TextRank - no_path,unit:10,-0.0035544273486562417
govreport_test_0587,Lead - no_path,unit:10,-0.019743362034570222
govreport_test_0587,Full - no_path,unit:5,-0.007996025008680907
govreport_test_0587,AB2 - AB0,unit:5,0.04581764552432713
govreport_test_0587,TextRank - no_path,unit:5,-0.04581764552432713
govreport_test_0587,Lead - no_path,unit:5,-0.04977140677086267
govreport_test_0587,Full - no_path,word:110,-0.032565112483145295
govreport_test_0587,AB2 - AB0,word:110,0.002751310620323577
govreport_test_0587,TextRank - no_path,word:110,-0.0031928819075922044
govreport_test_0587,Lead - no_path,word:110,-0.01726991244928469
govreport_test_0587,Full - no_path,word:260,0.0
govreport_test_0587,AB2 - AB0,word:260,0.012771190162494478
govreport_test_0587,TextRank - no_path,word:260,-0.0012004169252931018
govreport_test_0587,Lead - no_path,word:260,-0.01721094439541046
govreport_test_0588,Full - no_path,unit:10,-0.015850314588360004
govreport_test_0588,AB2 - AB0,unit:10,-0.0006023642797982343
govreport_test_0588,TextRank - no_path,unit:10,0.003963659910130868
govreport_test_0588,Lead - no_path,unit:10,-0.035323190660789316
govreport_test_0588,Full - no_path,unit:5,-0.0012524471357871492
govreport_test_0588,AB2 - AB0,unit:5,-0.013426843257899695
govreport_test_0588,TextRank - no_path,unit:5,-0.0038567116188781836
govreport_test_0588,Lead - no_path,unit:5,-0.019586340567697813
govreport_test_0588,Full - no_path,word:110,-0.012415317005174537
govreport_test_0588,AB2 - AB0,word:110,-0.015674867692804878
govreport_test_0588,TextRank - no_path,word:110,0.014741132427798037
govreport_test_0588,Lead - no_path,word:110,-0.02118701128477679
govreport_test_0588,Full - no_path,word:260,-0.014634146341463428
govreport_test_0588,AB2 - AB0,word:260,-0.014652014652014655
govreport_test_0588,TextRank - no_path,word:260,0.029268292682926828
govreport_test_0588,Lead - no_path,word:260,0.00047707078537775893
govreport_test_0589,Full - no_path,unit:10,0.0
govreport_test_0589,AB2 - AB0,unit:10,0.0429749990999565
govreport_test_0589,TextRank - no_path,unit:10,-0.050771130104463436
govreport_test_0589,Lead - no_path,unit:10,-0.08834343434343433
govreport_test_0589,Full - no_path,unit:5,0.0
govreport_test_0589,AB2 - AB0,unit:5,0.03498094624374487
govreport_test_0589,TextRank - no_path,unit:5,-0.01671444497531452
govreport_test_0589,Lead - no_path,unit:5,-0.0659476246432768
govreport_test_0589,Full - no_path,word:110,0.0
govreport_test_0589,AB2 - AB0,word:110,0.0023081543255881187
govreport_test_0589,TextRank - no_path,word:110,0.02807963304487636
govreport_test_0589,Lead - no_path,word:110,0.012531328320802004
govreport_test_0589,Full - no_path,word:260,0.0
govreport_test_0589,AB2 - AB0,word:260,0.06611682320902568
govreport_test_0589,TextRank - no_path,word:260,-0.04098836660570715
govreport_test_0589,Lead - no_path,word:260,-0.09566765156890378
govreport_test_0590,Full - no_path,unit:10,0.0
govreport_test_0590,AB2 - AB0,unit:10,-0.026345864661654145
govreport_test_0590,TextRank - no_path,unit:10,0.03981531973679425
govreport_test_0590,Lead - no_path,unit:10,0.004732237241627496
govreport_test_0590,Full - no_path,unit:5,0.0
govreport_test_0590,AB2 - AB0,unit:5,-0.015249061705285644
govreport_test_0590,TextRank - no_path,unit:5,0.021739130434782622
govreport_test_0590,Lead - no_path,unit:5,-0.0023928316872008915
govreport_test_0590,Full - no_path,word:110,0.0
govreport_test_0590,AB2 - AB0,word:110,-0.035018936524768965
govreport_test_0590,TextRank - no_path,word:110,0.017832946186604734
govreport_test_0590,Lead - no_path,word:110,-0.00040849673202614234
govreport_test_0590,Full - no_path,word:260,0.0
govreport_test_0590,AB2 - AB0,word:260,-0.027548209366391158
govreport_test_0590,TextRank - no_path,word:260,0.02294688046923038
govreport_test_0590,Lead - no_path,word:260,-0.005697427513764397
govreport_test_0591,Full - no_path,unit:10,0.00577130263352002
govreport_test_0591,AB2 - AB0,unit:10,-0.0396629976899035
govreport_test_0591,TextRank - no_path,unit:10,0.06865499183751353
govreport_test_0591,Lead - no_path,unit:10,-0.021529977229735375
govreport_test_0591,Full - no_path,unit:5,0.0
govreport_test_0591,AB2 - AB0,unit:5,-0.038282602597955295
govreport_test_0591,TextRank - no_path,unit:5,0.07279502719019129
govreport_test_0591,Lead - no_path,unit:5,-0.03086585912965456
govreport_test_0591,Full - no_path,word:110,-0.026341162405029137
govreport_test_0591,AB2 - AB0,word:110,-0.0033222591362126463
govreport_test_0591,TextRank - no_path,word:110,0.033459502046798095
govreport_test_0591,Lead - no_path,word:110,-0.026341162405029137
govreport_test_0591,Full - no_path,word:260,0.0
govreport_test_0591,AB2 - AB0,word:260,-0.028735479741044734
govreport_test_0591,TextRank - no_path,word:260,0.09385540764391953
govreport_test_0591,Lead - no_path,word:260,-0.0004280521521900782
govreport_test_0592,Full - no_path,unit:10,0.0
govreport_test_0592,AB2 - AB0,unit:10,-0.027246809888369722
govreport_test_0592,TextRank - no_path,unit:10,0.03594944609143394
govreport_test_0592,Lead - no_path,unit:10,-0.006395865299200526
govreport_test_0592,Full - no_path,unit:5,0.0
govreport_test_0592,AB2 - AB0,unit:5,-0.04613622308427501
govreport_test_0592,TextRank - no_path,unit:5,0.04635155949172118
govreport_test_0592,Lead - no_path,unit:5,-0.027879187659459945
govreport_test_0592,Full - no_path,word:110,0.0
govreport_test_0592,AB2 - AB0,word:110,-0.02565180824222034
govreport_test_0592,TextRank - no_path,word:110,0.017316017316017313
govreport_test_0592,Lead - no_path,word:110,-0.014579720631593837
govreport_test_0592,Full - no_path,word:260,0.0
govreport_test_0592,AB2 - AB0,word:260,-0.03138885787652115
govreport_test_0592,TextRank - no_path,word:260,0.019093470851618333
govreport_test_0592,Lead - no_path,word:260,-0.011603105299503258
govreport_test_0593,Full - no_path,unit:10,0.0
govreport_test_0593,AB2 - AB0,unit:10,0.0350713340197088
govreport_test_0593,TextRank - no_path,unit:10,-0.07014733702481399
govreport_test_0593,Lead - no_path,unit:10,-0.0687776771099588
govreport_test_0593,Full - no_path,unit:5,0.0
govreport_test_0593,AB2 - AB0,unit:5,0.05666399860796936
govreport_test_0593,TextRank - no_path,unit:5,-0.03900603102987893
govreport_test_0593,Lead - no_path,unit:5,-0.016536441580012384
govreport_test_0593,Full - no_path,word:110,0.0
govreport_test_0593,AB2 - AB0,word:110,0.07687688960470176
govreport_test_0593,TextRank - no_path,word:110,-0.042978723404255334
govreport_test_0593,Lead - no_path,word:110,-0.005539280958721721
govreport_test_0593,Full - no_path,word:260,0.0
govreport_test_0593,AB2 - AB0,word:260,0.06507037060099802
govreport_test_0593,TextRank - no_path,word:260,-0.05599098381742229
govreport_test_0593,Lead - no_path,word:260,-0.0469556344799168
govreport_test_0594,Full - no_path,unit:10,0.0
govreport_test_0594,AB2 - AB0,unit:10,-0.030578012937918952
govreport_test_0594,TextRank - no_path,unit:10,-0.02348360727938975
govreport_test_0594,Lead - no_path,unit:10,-0.06272880121851543
govreport_test_0594,Full - no_path,unit:5,0.0
govreport_test_0594,AB2 - AB0,unit:5,-0.019152990349744936
govreport_test_0594,TextRank - no_path,unit:5,-0.055445956055526324
govreport_test_0594,Lead - no_path,unit:5,-0.0662159889684862
govreport_test_0594,Full - no_path,word:110,0.0
govreport_test_0594,AB2 - AB0,word:110,-0.0026564675382867303
govreport_test_0594,TextRank - no_path,word:110,0.023063648555758
govreport_test_0594,Lead - no_path,word:110,-0.007238796870888853
govreport_test_0594,Full - no_path,word:260,0.0
govreport_test_0594,AB2 - AB0,word:260,0.002306663947612919
govreport_test_0594,TextRank - no_path,word:260,0.0030109812256464974
govreport_test_0594,Lead - no_path,word:260,-0.02125398512221041
govreport_test_0595,Full - no_path,unit:10,-0.007908525438776765
govreport_test_0595,AB2 - AB0,unit:10,-0.08563208221099339
govreport_test_0595,TextRank - no_path,unit:10,0.08765779674870577
govreport_test_0595,Lead - no_path,unit:10,-0.08848194333953213
govreport_test_0595,Full - no_path,unit:5,-0.019344458320540908
govreport_test_0595,AB2 - AB0,unit:5,-0.06241104028714653
govreport_test_0595,TextRank - no_path,unit:5,0.031009961520127
govreport_test_0595,Lead - no_path,unit:5,-0.10887011021943668
govreport_test_0595,Full - no_path,word:110,0.0
govreport_test_0595,AB2 - AB0,word:110,-0.05590048539901046
govreport_test_0595,TextRank - no_path,word:110,0.0525566261651394
govreport_test_0595,Lead - no_path,word:110,-0.053638064100347355
govreport_test_0595,Full - no_path,word:260,0.0
govreport_test_0595,AB2 - AB0,word:260,-0.08303636731454545
govreport_test_0595,TextRank - no_path,word:260,0.09876697119036948
govreport_test_0595,Lead - no_path,word:260,-0.070205803607648
govreport_test_0596,Full - no_path,unit:10,-0.011523358655363497
govreport_test_0596,AB2 - AB0,unit:10,-0.00047538533166704977
govreport_test_0596,TextRank - no_path,unit:10,-0.0173697270471464
govreport_test_0596,Lead - no_path,unit:10,-0.023284598127949224
govreport_test_0596,Full - no_path,unit:5,0.0003333661920081332
govreport_test_0596,AB2 - AB0,unit:5,-0.009366281387006764
govreport_test_0596,TextRank - no_path,unit:5,-0.010714353875221877
govreport_test_0596,Lead - no_path,unit:5,0.03400489935823994
govreport_test_0596,Full - no_path,word:110,0.0
govreport_test_0596,AB2 - AB0,word:110,-0.014448639901363941
govreport_test_0596,TextRank - no_path,word:110,0.01171303074670571
govreport_test_0596,Lead - no_path,word:110,0.047092566433236144
govreport_test_0596,Full - no_path,word:260,0.00020827547903359833
govreport_test_0596,AB2 - AB0,word:260,-0.014405762304921993
govreport_test_0596,TextRank - no_path,word:260,0.013525947736474031
govreport_test_0596,Lead - no_path,word:260,-0.0028131341080981087
govreport_test_0597,Full - no_path,unit:10,0.006990842377457895
govreport_test_0597,AB2 - AB0,unit:10,-0.0070638740048387105
govreport_test_0597,TextRank - no_path,unit:10,-0.0060284543043163386
govreport_test_0597,Lead - no_path,unit:10,-0.018825739082843795
govreport_test_0597,Full - no_path,unit:5,0.0
govreport_test_0597,AB2 - AB0,unit:5,-0.019960665533355487
govreport_test_0597,TextRank - no_path,unit:5,-0.00942285041224969
govreport_test_0597,Lead - no_path,unit:5,-0.0617398620225475
govreport_test_0597,Full - no_path,word:110,0.0
govreport_test_0597,AB2 - AB0,word:110,-0.011361037297636711
govreport_test_0597,TextRank - no_path,word:110,0.00555693376333416
govreport_test_0597,Lead - no_path,word:110,0.005755395683453235
govreport_test_0597,Full - no_path,word:260,0.0070588235294117285
govreport_test_0597,AB2 - AB0,word:260,-0.014869391607982702
govreport_test_0597,TextRank - no_path,word:260,-0.0016695603861379416
govreport_test_0597,Lead - no_path,word:260,0.0009233764427756808
govreport_test_0598,Full - no_path,unit:10,0.0
govreport_test_0598,AB2 - AB0,unit:10,0.027115311816927334
govreport_test_0598,TextRank - no_path,unit:10,-0.028238909411880092
govreport_test_0598,Lead - no_path,unit:10,-0.08950512988273529
govreport_test_0598,Full - no_path,unit:5,0.0
govreport_test_0598,AB2 - AB0,unit:5,0.010304268139673028
govreport_test_0598,TextRank - no_path,unit:5,-0.025417586677678683
govreport_test_0598,Lead - no_path,unit:5,-0.09698596351238621
govreport_test_0598,Full - no_path,word:110,-0.00573327151908512
govreport_test_0598,AB2 - AB0,word:110,-0.008321775312066598
govreport_test_0598,TextRank - no_path,word:110,0.008155617369803747
govreport_test_0598,Lead - no_path,word:110,-0.027955493741307347
govreport_test_0598,Full - no_path,word:260,0.0
govreport_test_0598,AB2 - AB0,word:260,-0.004822043628013778
govreport_test_0598,TextRank - no_path,word:260,0.01148105625717566
govreport_test_0598,Lead - no_path,word:260,-0.03710235499741574
govreport_test_0599,Full - no_path,unit:10,-0.0007013828977247838
govreport_test_0599,AB2 - AB0,unit:10,-0.04032220623055849
govreport_test_0599,TextRank - no_path,unit:10,-0.00926268741348546
govreport_test_0599,Lead - no_path,unit:10,-0.03861849409164417
govreport_test_0599,Full - no_path,unit:5,-0.0018175389587430646
govreport_test_0599,AB2 - AB0,unit:5,-0.01050561147749629
govreport_test_0599,TextRank - no_path,unit:5,-0.06505321093324323
govreport_test_0599,Lead - no_path,unit:5,-0.07282954581980655
govreport_test_0599,Full - no_path,word:110,0.07424207279881104
govreport_test_0599,AB2 - AB0,word:110,0.0124223602484472
govreport_test_0599,TextRank - no_path,word:110,0.02975449515905948
govreport_test_0599,Lead - no_path,word:110,0.004149377593360981
govreport_test_0599,Full - no_path,word:260,-0.013796735123749376
govreport_test_0599,AB2 - AB0,word:260,-0.0006208956419635758
govreport_test_0599,TextRank - no_path,word:260,-0.03874824191279891
govreport_test_0599,Lead - no_path,word:260,-0.05576519916142558
govreport_test_0600,Full - no_path,unit:10,0.00022982252073097675
govreport_test_0600,AB2 - AB0,unit:10,0.012891131939437667
govreport_test_0600,TextRank - no_path,unit:10,-0.012005444646098012
govreport_test_0600,Lead - no_path,unit:10,-0.0990813400739455
govreport_test_0600,Full - no_path,unit:5,0.0025809423487929972
govreport_test_0600,AB2 - AB0,unit:5,0.00830227679503373
govreport_test_0600,TextRank - no_path,unit:5,-0.01357932164991496
govreport_test_0600,Lead - no_path,unit:5,-0.06528533547397995
govreport_test_0600,Full - no_path,word:110,-0.01411698930742894
govreport_test_0600,AB2 - AB0,word:110,0.006172738436348774
govreport_test_0600,TextRank - no_path,word:110,-0.037425548573279094
govreport_test_0600,Lead - no_path,word:110,-0.07188702415063451
govreport_test_0600,Full - no_path,word:260,0.004157791221856333
govreport_test_0600,AB2 - AB0,word:260,0.05148268473076659
govreport_test_0600,TextRank - no_path,word:260,-0.04904165328193599
govreport_test_0600,Lead - no_path,word:260,-0.0896833645118825
govreport_test_0601,Full - no_path,unit:10,-0.003134060190289556
govreport_test_0601,AB2 - AB0,unit:10,0.025387690662320717
govreport_test_0601,TextRank - no_path,unit:10,0.0066632674036482265
govreport_test_0601,Lead - no_path,unit:10,-0.06709988848276541
govreport_test_0601,Full - no_path,unit:5,-0.006918279849291942
govreport_test_0601,AB2 - AB0,unit:5,0.005603218941207744
govreport_test_0601,TextRank - no_path,unit:5,-0.005603218941207744
govreport_test_0601,Lead - no_path,unit:5,-0.07447478165079864
govreport_test_0601,Full - no_path,word:110,0.0036978679116930757
govreport_test_0601,AB2 - AB0,word:110,0.012576668293295817
govreport_test_0601,TextRank - no_path,word:110,-0.013628620102214634
govreport_test_0601,Lead - no_path,word:110,-0.04708758255349932
govreport_test_0601,Full - no_path,word:260,-0.013853149955634386
govreport_test_0601,AB2 - AB0,word:260,-0.002721088435374136
govreport_test_0601,TextRank - no_path,word:260,0.010323152327416762
govreport_test_0601,Lead - no_path,word:260,-0.045850154522927816
govreport_test_0602,Full - no_path,unit:10,-0.003284561578161427
govreport_test_0602,AB2 - AB0,unit:10,0.04982562818563899
govreport_test_0602,TextRank - no_path,unit:10,-0.03747165532879815
govreport_test_0602,Lead - no_path,unit:10,0.05366142386398248
govreport_test_0602,Full - no_path,unit:5,0.0
govreport_test_0602,AB2 - AB0,unit:5,0.12092192644678834
govreport_test_0602,TextRank - no_path,unit:5,-0.03717171717171719
govreport_test_0602,Lead - no_path,unit:5,0.1392714145060715
govreport_test_0602,Full - no_path,word:110,0.01867283950617285
govreport_test_0602,AB2 - AB0,word:110,-0.036755559342251
govreport_test_0602,TextRank - no_path,word:110,0.016311503811503814
govreport_test_0602,Lead - no_path,word:110,0.15545676429567645
govreport_test_0602,Full - no_path,word:260,0.011626771618059029
govreport_test_0602,AB2 - AB0,word:260,0.06967761105333531
govreport_test_0602,TextRank - no_path,word:260,-0.06894938884977375
govreport_test_0602,Lead - no_path,word:260,0.03430359686252482
govreport_test_0603,Full - no_path,unit:10,0.0
govreport_test_0603,AB2 - AB0,unit:10,-0.01972678839864564
govreport_test_0603,TextRank - no_path,unit:10,0.07800953045175166
govreport_test_0603,Lead - no_path,unit:10,-0.026212953740725048
govreport_test_0603,Full - no_path,unit:5,0.0
govreport_test_0603,AB2 - AB0,unit:5,-0.015958673955564467
govreport_test_0603,TextRank - no_path,unit:5,0.01778355889624772
govreport_test_0603,Lead - no_path,unit:5,-0.05111134106323231
govreport_test_0603,Full - no_path,word:110,0.0
govreport_test_0603,AB2 - AB0,word:110,-0.07098619452600015
govreport_test_0603,TextRank - no_path,word:110,0.02765210322563451
govreport_test_0603,Lead - no_path,word:110,-0.004694144367249853
govreport_test_0603,Full - no_path,word:260,0.003088047891414508
govreport_test_0603,AB2 - AB0,word:260,-0.02090450348086162
govreport_test_0603,TextRank - no_path,word:260,0.03775916721874473
govreport_test_0603,Lead - no_path,word:260,-0.01378559337247065
govreport_test_0604,Full - no_path,unit:10,0.0024694088161580086
govreport_test_0604,AB2 - AB0,unit:10,-0.017901985657700542
govreport_test_0604,TextRank - no_path,unit:10,-0.01719840478564308
govreport_test_0604,Lead - no_path,unit:10,-0.07312279750609924
govreport_test_0604,Full - no_path,unit:5,-0.00395645412130638
govreport_test_0604,AB2 - AB0,unit:5,0.020566406773303264
govreport_test_0604,TextRank - no_path,unit:5,-0.028435086599938847
govreport_test_0604,Lead - no_path,unit:5,-0.07071926247045252
govreport_test_0604,Full - no_path,word:110,-0.010937813683343359
govreport_test_0604,AB2 - AB0,word:110,-0.016007490506822986
govreport_test_0604,TextRank - no_path,word:110,0.022581739389282346
govreport_test_0604,Lead - no_path,word:110,0.021480254794577075
govreport_test_0604,Full - no_path,word:260,0.03147494765991876
govreport_test_0604,AB2 - AB0,word:260,-0.0020525451559934293
govreport_test_0604,TextRank - no_path,word:260,0.01184929272312052
govreport_test_0604,Lead - no_path,word:260,-0.03004204642522454
govreport_test_0605,Full - no_path,unit:10,0.0037974669691508145
govreport_test_0605,AB2 - AB0,unit:10,-0.017348977773544494
govreport_test_0605,TextRank - no_path,unit:10,0.008039248517401038
govreport_test_0605,Lead - no_path,unit:10,-0.05656143458506033
govreport_test_0605,Full - no_path,unit:5,-0.00038414065845485124
govreport_test_0605,AB2 - AB0,unit:5,-0.008376752498175127
govreport_test_0605,TextRank - no_path,unit:5,0.012002887518046984
govreport_test_0605,Lead - no_path,unit:5,-0.032589758480511044
govreport_test_0605,Full - no_path,word:110,0.0006499106883739725
govreport_test_0605,AB2 - AB0,word:110,0.014326647564469941
govreport_test_0605,TextRank - no_path,word:110,-0.013676736876095968
govreport_test_0605,Lead - no_path,word:110,-0.02835541063786426
govreport_test_0605,Full - no_path,word:260,0.0
govreport_test_0605,AB2 - AB0,word:260,0.003978255497899652
govreport_test_0605,TextRank - no_path,word:260,0.0034590908714757507
govreport_test_0605,Lead - no_path,word:260,-0.013030897349961268
govreport_test_0606,Full - no_path,unit:10,-0.015488308919104465
govreport_test_0606,AB2 - AB0,unit:10,-0.026444093983053113
govreport_test_0606,TextRank - no_path,unit:10,0.04939303399427508
govreport_test_0606,Lead - no_path,unit:10,-0.038019553418312285
govreport_test_0606,Full - no_path,unit:5,0.0031686691179786397
govreport_test_0606,AB2 - AB0,unit:5,-0.029444147601237036
govreport_test_0606,TextRank - no_path,unit:5,-0.0002772998556780648
govreport_test_0606,Lead - no_path,unit:5,-0.07971784302893811
govreport_test_0606,Full - no_path,word:110,0.0
govreport_test_0606,AB2 - AB0,word:110,0.003029350559264704
govreport_test_0606,TextRank - no_path,word:110,0.019465880516777972
govreport_test_0606,Lead - no_path,word:110,-0.03273144447887952
govreport_test_0606,Full - no_path,word:260,0.0
govreport_test_0606,AB2 - AB0,word:260,-0.035259426563774426
govreport_test_0606,TextRank - no_path,word:260,0.00527704485488123
govreport_test_0606,Lead - no_path,word:260,-0.04461786736283693
govreport_test_0607,Full - no_path,unit:10,0.0
govreport_test_0607,AB2 - AB0,unit:10,0.034493551757246665
govreport_test_0607,TextRank - no_path,unit:10,-0.008013032371968487
govreport_test_0607,Lead - no_path,unit:10,-0.11148355419652162
govreport_test_0607,Full - no_path,unit:5,0.0
govreport_test_0607,AB2 - AB0,unit:5,0.009680447091878347
govreport_test_0607,TextRank - no_path,unit:5,-0.00016687526074260495
govreport_test_0607,Lead - no_path,unit:5,-0.050929697304309685
govreport_test_0607,Full - no_path,word:110,0.0
govreport_test_0607,AB2 - AB0,word:110,-0.023774249147383464
govreport_test_0607,TextRank - no_path,word:110,0.04636525868680312
govreport_test_0607,Lead - no_path,word:110,-0.0030441959228338505
govreport_test_0607,Full - no_path,word:260,0.0
govreport_test_0607,AB2 - AB0,word:260,-0.009009009009009056
govreport_test_0607,TextRank - no_path,word:260,0.002252252252252257
govreport_test_0607,Lead - no_path,word:260,-0.08509696136814782
govreport_test_0608,Full - no_path,unit:10,0.0
govreport_test_0608,AB2 - AB0,unit:10,-0.0007604348560806273
govreport_test_0608,TextRank - no_path,unit:10,0.009906795704449134
govreport_test_0608,Lead - no_path,unit:10,-0.08678834605197597
govreport_test_0608,Full - no_path,unit:5,0.0
govreport_test_0608,AB2 - AB0,unit:5,0.013493227504097982
govreport_test_0608,TextRank - no_path,unit:5,0.008513683875690903
govreport_test_0608,Lead - no_path,unit:5,-0.08962013838441603
govreport_test_0608,Full - no_path,word:110,0.0
govreport_test_0608,AB2 - AB0,word:110,0.012986715529088422
govreport_test_0608,TextRank - no_path,word:110,0.010742098030233627
govreport_test_0608,Lead - no_path,word:110,-0.04688502061383418
govreport_test_0608,Full - no_path,word:260,0.0
govreport_test_0608,AB2 - AB0,word:260,-0.03234501347708893
govreport_test_0608,TextRank - no_path,word:260,0.004773295699129793
govreport_test_0608,Lead - no_path,word:260,-0.08405577563330627
govreport_test_0609,Full - no_path,unit:10,0.0009809454701819598
govreport_test_0609,AB2 - AB0,unit:10,0.018769181896900633
govreport_test_0609,TextRank - no_path,unit:10,-0.026244062551963987
govreport_test_0609,Lead - no_path,unit:10,0.004500294747739081
govreport_test_0609,Full - no_path,unit:5,-0.010631792808252966
govreport_test_0609,AB2 - AB0,unit:5,0.013270594653573387
govreport_test_0609,TextRank - no_path,unit:5,-0.017263548264847633
govreport_test_0609,Lead - no_path,unit:5,-0.034679471394566216
govreport_test_0609,Full - no_path,word:110,0.0028169014084507144
govreport_test_0609,AB2 - AB0,word:110,-0.00827288673967666
govreport_test_0609,TextRank - no_path,word:110,-0.005633802816901387
govreport_test_0609,Lead - no_path,word:110,-0.014523042885644877
govreport_test_0609,Full - no_path,word:260,0.009269988412514502
govreport_test_0609,AB2 - AB0,word:260,-0.0027337372174958963
govreport_test_0609,TextRank - no_path,word:260,-0.009095235150677616
govreport_test_0609,Lead - no_path,word:260,0.013503104508402614
govreport_test_0610,Full - no_path,unit:10,0.0
govreport_test_0610,AB2 - AB0,unit:10,-0.039592129716976066
govreport_test_0610,TextRank - no_path,unit:10,0.039867906346391646
govreport_test_0610,Lead - no_path,unit:10,-0.0996792480002095
govreport_test_0610,Full - no_path,unit:5,0.0
govreport_test_0610,AB2 - AB0,unit:5,-0.01840997040746639
govreport_test_0610,TextRank - no_path,unit:5,-0.012764058751243479
govreport_test_0610,Lead - no_path,unit:5,-0.06195652173913044
govreport_test_0610,Full - no_path,word:110,0.0
govreport_test_0610,AB2 - AB0,word:110,0.05887511324932293
govreport_test_0610,TextRank - no_path,word:110,-0.058427293934681185
govreport_test_0610,Lead - no_path,word:110,-0.08049242653998538
govreport_test_0610,Full - no_path,word:260,0.0
govreport_test_0610,AB2 - AB0,word:260,-0.025630110899518305
govreport_test_0610,TextRank - no_path,word:260,-0.0072812815055449676
govreport_test_0610,Lead - no_path,word:260,-0.08657854260939343
govreport_test_0611,Full - no_path,unit:10,0.0
govreport_test_0611,AB2 - AB0,unit:10,-0.106791757189033
govreport_test_0611,TextRank - no_path,unit:10,0.12087817477399909
govreport_test_0611,Lead - no_path,unit:10,-0.0024262657063246484
govreport_test_0611,Full - no_path,unit:5,0.017486967490633276
govreport_test_0611,AB2 - AB0,unit:5,-0.03171668075514228
govreport_test_0611,TextRank - no_path,unit:5,0.009876283555374427
govreport_test_0611,Lead - no_path,unit:5,-0.0023703740995725253
govreport_test_0611,Full - no_path,word:110,-0.011782032400589088
govreport_test_0611,AB2 - AB0,word:110,-0.05814375982267059
govreport_test_0611,TextRank - no_path,word:110,0.044182621502209155
govreport_test_0611,Lead - no_path,word:110,0.014118571817274841
govreport_test_0611,Full - no_path,word:260,-0.012019230769230782
govreport_test_0611,AB2 - AB0,word:260,-0.10576923076923084
govreport_test_0611,TextRank - no_path,word:260,0.12815685820203887
govreport_test_0611,Lead - no_path,word:260,0.012019230769230782
govreport_test_0612,Full - no_path,unit:10,0.006529484227689203
govreport_test_0612,AB2 - AB0,unit:10,-3.4671659385587805e-05
govreport_test_0612,TextRank - no_path,unit:10,0.014943960149439606
govreport_test_0612,Lead - no_path,unit:10,0.0363426927079096
govreport_test_0612,Full - no_path,unit:5,0.0040175154035983485
govreport_test_0612,AB2 - AB0,unit:5,-0.0006681430001079652
govreport_test_0612,TextRank - no_path,unit:5,-0.0035289309695760163
govreport_test_0612,Lead - no_path,unit:5,-0.008617989493749062
govreport_test_0612,Full - no_path,word:110,0.0
govreport_test_0612,AB2 - AB0,word:110,-0.017499999999999988
govreport_test_0612,TextRank - no_path,word:110,0.02250000000000002
govreport_test_0612,Lead - no_path,word:110,0.009868913857677922
govreport_test_0612,Full - no_path,word:260,0.0
govreport_test_0612,AB2 - AB0,word:260,-0.020631036025367755
govreport_test_0612,TextRank - no_path,word:260,0.03315334241494197
govreport_test_0612,Lead - no_path,word:260,0.03733307073260134
govreport_test_0613,Full - no_path,unit:10,0.0
govreport_test_0613,AB2 - AB0,unit:10,-0.02472839520548603
govreport_test_0613,TextRank - no_path,unit:10,-0.00977476466628091
govreport_test_0613,Lead - no_path,unit:10,-0.08358473683793782
govreport_test_0613,Full - no_path,unit:5,0.0
govreport_test_0613,AB2 - AB0,unit:5,-0.01229723755836426
govreport_test_0613,TextRank - no_path,unit:5,0.03239573738572332
govreport_test_0613,Lead - no_path,unit:5,-0.0612974122651542
govreport_test_0613,Full - no_path,word:110,0.0
govreport_test_0613,AB2 - AB0,word:110,-0.05076966473243069
govreport_test_0613,TextRank - no_path,word:110,0.00852272727272732
govreport_test_0613,Lead - no_path,word:110,-0.013100649350649363
govreport_test_0613,Full - no_path,word:260,0.0
govreport_test_0613,AB2 - AB0,word:260,-0.11282675005696932
govreport_test_0613,TextRank - no_path,word:260,-0.004683840749414581
govreport_test_0613,Lead - no_path,word:260,-0.06352219346179655
govreport_test_0614,Full - no_path,unit:10,0.0010529580775760494
govreport_test_0614,AB2 - AB0,unit:10,0.06083308296493409
govreport_test_0614,TextRank - no_path,unit:10,-0.07639500088012674
govreport_test_0614,Lead - no_path,unit:10,-0.05625770110895975
govreport_test_0614,Full - no_path,unit:5,-0.02723783252074244
govreport_test_0614,AB2 - AB0,unit:5,0.07754557661286693
govreport_test_0614,TextRank - no_path,unit:5,-0.12043583821874815
govreport_test_0614,Lead - no_path,unit:5,-0.0794101971931071
govreport_test_0614,Full - no_path,word:110,0.0
govreport_test_0614,AB2 - AB0,word:110,-0.0210030964797914
govreport_test_0614,TextRank - no_path,word:110,0.005208333333333329
govreport_test_0614,Lead - no_path,word:110,0.028287337662337653
govreport_test_0614,Full - no_path,word:260,-0.023965141612200425
govreport_test_0614,AB2 - AB0,word:260,0.052876597616969306
govreport_test_0614,TextRank - no_path,word:260,-0.07625272331154681
govreport_test_0614,Lead - no_path,word:260,-0.05546940095407368
govreport_test_0615,Full - no_path,unit:10,0.0
govreport_test_0615,AB2 - AB0,unit:10,-0.03175149271405958
govreport_test_0615,TextRank - no_path,unit:10,0.015735497765096085
govreport_test_0615,Lead - no_path,unit:10,0.13868750588456835
govreport_test_0615,Full - no_path,unit:5,0.0
govreport_test_0615,AB2 - AB0,unit:5,-0.06399642588215061
govreport_test_0615,TextRank - no_path,unit:5,0.05091016087688155
govreport_test_0615,Lead - no_path,unit:5,0.09810987072269395
govreport_test_0615,Full - no_path,word:110,0.0
govreport_test_0615,AB2 - AB0,word:110,-0.07285937433156936
govreport_test_0615,TextRank - no_path,word:110,0.04534909617311905
govreport_test_0615,Lead - no_path,word:110,0.10764262648008613
govreport_test_0615,Full - no_path,word:260,0.0018535681186283848
govreport_test_0615,AB2 - AB0,word:260,-0.055041722413612965
govreport_test_0615,TextRank - no_path,word:260,0.030976172570275406
govreport_test_0615,Lead - no_path,word:260,0.12604263206672844
govreport_test_0616,Full - no_path,unit:10,0.0
govreport_test_0616,AB2 - AB0,unit:10,0.008702125060783494
govreport_test_0616,TextRank - no_path,unit:10,-0.08986895594610855
govreport_test_0616,Lead - no_path,unit:10,0.06708304560849693
govreport_test_0616,Full - no_path,unit:5,0.0
govreport_test_0616,AB2 - AB0,unit:5,-0.013990690851037463
govreport_test_0616,TextRank - no_path,unit:5,-0.04937636620804939
govreport_test_0616,Lead - no_path,unit:5,0.18030611044841313
govreport_test_0616,Full - no_path,word:110,0.0
govreport_test_0616,AB2 - AB0,word:110,-0.10921568936445153
govreport_test_0616,TextRank - no_path,word:110,0.05048235969968898
govreport_test_0616,Lead - no_path,word:110,0.15138471277100804
govreport_test_0616,Full - no_path,word:260,0.0
govreport_test_0616,AB2 - AB0,word:260,-0.07545760475090726
govreport_test_0616,TextRank - no_path,word:260,0.0323227061562503
govreport_test_0616,Lead - no_path,word:260,0.209336656137399
govreport_test_0617,Full - no_path,unit:10,0.009932338653712652
govreport_test_0617,AB2 - AB0,unit:10,-0.03912443121655265
govreport_test_0617,TextRank - no_path,unit:10,-0.0013174543583754084
govreport_test_0617,Lead - no_path,unit:10,0.19213105794827498
govreport_test_0617,Full - no_path,unit:5,-0.02349241887954165
govreport_test_0617,AB2 - AB0,unit:5,-0.008399994912947822
govreport_test_0617,TextRank - no_path,unit:5,0.0064836003051106095
govreport_test_0617,Lead - no_path,unit:5,-0.0198321891685736
govreport_test_0617,Full - no_path,word:110,0.0
govreport_test_0617,AB2 - AB0,word:110,-0.05474798106377053
govreport_test_0617,TextRank - no_path,word:110,-0.007418776298544538
govreport_test_0617,Lead - no_path,word:110,0.055507428833207306
govreport_test_0617,Full - no_path,word:260,0.0023790774810890924
govreport_test_0617,AB2 - AB0,word:260,-0.03635121431497779
govreport_test_0617,TextRank - no_path,word:260,-0.010917030567685615
govreport_test_0617,Lead - no_path,word:260,0.19609939378931682
govreport_test_0618,Full - no_path,unit:10,0.0
govreport_test_0618,AB2 - AB0,unit:10,-0.026464298076447623
govreport_test_0618,TextRank - no_path,unit:10,0.018298916053485242
govreport_test_0618,Lead - no_path,unit:10,-0.01130787721164836
govreport_test_0618,Full - no_path,unit:5,0.0
govreport_test_0618,AB2 - AB0,unit:5,0.009883356327605647
govreport_test_0618,TextRank - no_path,unit:5,-0.009025261480739094
govreport_test_0618,Lead - no_path,unit:5,-0.05808807551449821
govreport_test_0618,Full - no_path,word:110,0.0
govreport_test_0618,AB2 - AB0,word:110,0.006455338608730932
govreport_test_0618,TextRank - no_path,word:110,-0.02054197979395811
govreport_test_0618,Lead - no_path,word:110,-0.04225352112676056
govreport_test_0618,Full - no_path,word:260,-0.0031001969674013252
govreport_test_0618,AB2 - AB0,word:260,-0.014612284278178012
govreport_test_0618,TextRank - no_path,word:260,0.020557176845633657
govreport_test_0618,Lead - no_path,word:260,-0.0006284879627097284
govreport_test_0619,Full - no_path,unit:10,0.0
govreport_test_0619,AB2 - AB0,unit:10,-0.013605164095159217
govreport_test_0619,TextRank - no_path,unit:10,0.009272123980727132
govreport_test_0619,Lead - no_path,unit:10,0.07815337570772354
govreport_test_0619,Full - no_path,unit:5,0.0
govreport_test_0619,AB2 - AB0,unit:5,0.04603489909096953
govreport_test_0619,TextRank - no_path,unit:5,-0.047482760042165006
govreport_test_0619,Lead - no_path,unit:5,0.06931986869890652
govreport_test_0619,Full - no_path,word:110,0.0
govreport_test_0619,AB2 - AB0,word:110,-0.022156883335083477
govreport_test_0619,TextRank - no_path,word:110,0.02646224929118976
govreport_test_0619,Lead - no_path,word:110,0.07618290807953429
govreport_test_0619,Full - no_path,word:260,0.0
govreport_test_0619,AB2 - AB0,word:260,0.006390263746694713
govreport_test_0619,TextRank - no_path,word:260,0.009034930254072954
govreport_test_0619,Lead - no_path,word:260,0.08319726599582306
govreport_test_0620,Full - no_path,unit:10,0.011971019587165815
govreport_test_0620,AB2 - AB0,unit:10,-0.083265879707701
govreport_test_0620,TextRank - no_path,unit:10,0.06359836881726566
govreport_test_0620,Lead - no_path,unit:10,0.05535676992690566
govreport_test_0620,Full - no_path,unit:5,0.0
govreport_test_0620,AB2 - AB0,unit:5,-0.06869764214704369
govreport_test_0620,TextRank - no_path,unit:5,0.04803236668844549
govreport_test_0620,Lead - no_path,unit:5,0.06326079308438454
govreport_test_0620,Full - no_path,word:110,-0.04553408864269491
govreport_test_0620,AB2 - AB0,word:110,-0.0878016182690593
govreport_test_0620,TextRank - no_path,word:110,0.05621127865198576
govreport_test_0620,Lead - no_path,word:110,0.09659789105273654
govreport_test_0620,Full - no_path,word:260,-0.00650100127028494
govreport_test_0620,AB2 - AB0,word:260,-0.057281143747586166
govreport_test_0620,TextRank - no_path,word:260,0.10367972880989193
govreport_test_0620,Lead - no_path,word:260,0.08668076109936573
govreport_test_0621,Full - no_path,unit:10,0.0
govreport_test_0621,AB2 - AB0,unit:10,-0.1075173552237772
govreport_test_0621,TextRank - no_path,unit:10,0.1075173552237772
govreport_test_0621,Lead - no_path,unit:10,-0.04415026545326442
govreport_test_0621,Full - no_path,unit:5,0.0
govreport_test_0621,AB2 - AB0,unit:5,-0.017360426119550187
govreport_test_0621,TextRank - no_path,unit:5,0.03528078977180771
govreport_test_0621,Lead - no_path,unit:5,-0.05748605748605748
govreport_test_0621,Full - no_path,word:110,0.0
govreport_test_0621,AB2 - AB0,word:110,-0.05643175080827892
govreport_test_0621,TextRank - no_path,word:110,0.07110167745864568
govreport_test_0621,Lead - no_path,word:110,0.0015898610226600385
govreport_test_0621,Full - no_path,word:260,-0.019275065956071646
govreport_test_0621,AB2 - AB0,word:260,-0.10567063836164908
govreport_test_0621,TextRank - no_path,word:260,0.11453427008816724
govreport_test_0621,Lead - no_path,word:260,-0.021970383479568006
govreport_test_0622,Full - no_path,unit:10,0.13090716701623115
govreport_test_0622,AB2 - AB0,unit:10,0.00950269242952173
govreport_test_0622,TextRank - no_path,unit:10,-0.09339894295607798
govreport_test_0622,Lead - no_path,unit:10,0.20743263062580505
govreport_test_0622,Full - no_path,unit:5,0.14982022170170228
govreport_test_0622,AB2 - AB0,unit:5,0.048105972577271686
govreport_test_0622,TextRank - no_path,unit:5,-0.12194219727551987
govreport_test_0622,Lead - no_path,unit:5,0.07744016398384279
govreport_test_0622,Full - no_path,word:110,0.0
govreport_test_0622,AB2 - AB0,word:110,-0.021726838370416446
govreport_test_0622,TextRank - no_path,word:110,-0.0956690766860258
govreport_test_0622,Lead - no_path,word:110,0.08238126007398838
govreport_test_0622,Full - no_path,word:260,0.13200498132004987
govreport_test_0622,AB2 - AB0,word:260,-0.0020635910224438836
govreport_test_0622,TextRank - no_path,word:260,-0.09728753492809923
govreport_test_0622,Lead - no_path,word:260,0.059775840597758395
govreport_test_0623,Full - no_path,unit:10,-0.0021813188723189547
govreport_test_0623,AB2 - AB0,unit:10,-0.014865651372587024
govreport_test_0623,TextRank - no_path,unit:10,0.012296768882486125
govreport_test_0623,Lead - no_path,unit:10,0.031262234750606854
govreport_test_0623,Full - no_path,unit:5,-0.015156994903830337
govreport_test_0623,AB2 - AB0,unit:5,0.04040926753095836
govreport_test_0623,TextRank - no_path,unit:5,-0.03337601365770379
govreport_test_0623,Lead - no_path,unit:5,-0.008929532006455076
govreport_test_0623,Full - no_path,word:110,0.0
govreport_test_0623,AB2 - AB0,word:110,-0.02056432329029173
govreport_test_0623,TextRank - no_path,word:110,0.06944513436987731
govreport_test_0623,Lead - no_path,word:110,0.020325203252032506
govreport_test_0623,Full - no_path,word:260,0.0
govreport_test_0623,AB2 - AB0,word:260,-0.03466792047934225
govreport_test_0623,TextRank - no_path,word:260,0.05641192568748718
govreport_test_0623,Lead - no_path,word:260,0.033057416896597025
govreport_test_0624,Full - no_path,unit:10,0.053571428571428575
govreport_test_0624,AB2 - AB0,unit:10,0.03034826188680212
govreport_test_0624,TextRank - no_path,unit:10,-0.026513652552433695
govreport_test_0624,Lead - no_path,unit:10,0.4298047276464542
govreport_test_0624,Full - no_path,unit:5,0.07591342547948143
govreport_test_0624,AB2 - AB0,unit:5,0.04672053075836703
govreport_test_0624,TextRank - no_path,unit:5,-0.04797296544966653
govreport_test_0624,Lead - no_path,unit:5,0.2784609778870898
govreport_test_0624,Full - no_path,word:110,0.0
govreport_test_0624,AB2 - AB0,word:110,0.056320400500625784
govreport_test_0624,TextRank - no_path,word:110,-0.06027442689549395
govreport_test_0624,Lead - no_path,word:110,0.23677323927636817
govreport_test_0624,Full - no_path,word:260,0.12894290471670225
govreport_test_0624,AB2 - AB0,word:260,-0.0264939309056956
govreport_test_0624,TextRank - no_path,word:260,-0.04325002942445759
govreport_test_0624,Lead - no_path,word:260,0.42947652598643904
govreport_test_0625,Full - no_path,unit:10,0.0009097087886233979
govreport_test_0625,AB2 - AB0,unit:10,-0.004030314241191019
govreport_test_0625,TextRank - no_path,unit:10,0.03512544802867382
govreport_test_0625,Lead - no_path,unit:10,0.06472804332469975
govreport_test_0625,Full - no_path,unit:5,0.0
govreport_test_0625,AB2 - AB0,unit:5,-0.01991006680009355
govreport_test_0625,TextRank - no_path,unit:5,0.006253887378905476
govreport_test_0625,Lead - no_path,unit:5,-0.014000620995286067
govreport_test_0625,Full - no_path,word:110,0.0
govreport_test_0625,AB2 - AB0,word:110,-0.004836842415085502
govreport_test_0625,TextRank - no_path,word:110,0.01848235219257674
govreport_test_0625,Lead - no_path,word:110,0.005948956965933644
govreport_test_0625,Full - no_path,word:260,-0.033112582781456956
govreport_test_0625,AB2 - AB0,word:260,-0.013982090603067043
govreport_test_0625,TextRank - no_path,word:260,0.013245033112582794
govreport_test_0625,Lead - no_path,word:260,0.03472406181015453
govreport_test_0626,Full - no_path,unit:10,0.0008644729503625159
govreport_test_0626,AB2 - AB0,unit:10,-0.056248586904165065
govreport_test_0626,TextRank - no_path,unit:10,0.08836595451964072
govreport_test_0626,Lead - no_path,unit:10,0.026622048707938245
govreport_test_0626,Full - no_path,unit:5,0.0
govreport_test_0626,AB2 - AB0,unit:5,-0.06654040671223316
govreport_test_0626,TextRank - no_path,unit:5,0.0405364948206694
govreport_test_0626,Lead - no_path,unit:5,0.023828227284629466
govreport_test_0626,Full - no_path,word:110,-0.010800132119331188
govreport_test_0626,AB2 - AB0,word:110,-0.0851746458613465
govreport_test_0626,TextRank - no_path,word:110,0.031802120141342746
govreport_test_0626,Lead - no_path,word:110,0.046840186030164
govreport_test_0626,Full - no_path,word:260,0.0
govreport_test_0626,AB2 - AB0,word:260,-0.02254288363467777
govreport_test_0626,TextRank - no_path,word:260,0.05987261391551585
govreport_test_0626,Lead - no_path,word:260,0.06778502109540721
govreport_test_0627,Full - no_path,unit:10,0.0
govreport_test_0627,AB2 - AB0,unit:10,-0.011476540158471216
govreport_test_0627,TextRank - no_path,unit:10,-0.04125570469267825
govreport_test_0627,Lead - no_path,unit:10,0.01242085829455536
govreport_test_0627,Full - no_path,unit:5,0.0022988776606955863
govreport_test_0627,AB2 - AB0,unit:5,-0.024756049809066816
govreport_test_0627,TextRank - no_path,unit:5,-0.06442739417901236
govreport_test_0627,Lead - no_path,unit:5,-0.03300718765626978
govreport_test_0627,Full - no_path,word:110,0.0
govreport_test_0627,AB2 - AB0,word:110,-0.0028481963752769457
govreport_test_0627,TextRank - no_path,word:110,-0.05291005291005289
govreport_test_0627,Lead - no_path,word:110,0.005291005291005291
govreport_test_0627,Full - no_path,word:260,-0.016075214752171774
govreport_test_0627,AB2 - AB0,word:260,-0.009302722227975152
govreport_test_0627,TextRank - no_path,word:260,-0.04428357027330265
govreport_test_0627,Lead - no_path,word:260,0.022562390736262455
govreport_test_0628,Full - no_path,unit:10,-0.008041724808758144
govreport_test_0628,AB2 - AB0,unit:10,-0.014331293821065572
govreport_test_0628,TextRank - no_path,unit:10,0.002488427232697321
govreport_test_0628,Lead - no_path,unit:10,0.01350385745977098
govreport_test_0628,Full - no_path,unit:5,-0.025848491238483498
govreport_test_0628,AB2 - AB0,unit:5,0.020778972825049313
govreport_test_0628,TextRank - no_path,unit:5,-0.012585812356979392
govreport_test_0628,Lead - no_path,unit:5,-0.036637878004970356
govreport_test_0628,Full - no_path,word:110,-0.020253164556962022
govreport_test_0628,AB2 - AB0,word:110,-0.023196041894236352
govreport_test_0628,TextRank - no_path,word:110,0.02998977112901162
govreport_test_0628,Lead - no_path,word:110,0.030184512474195443
govreport_test_0628,Full - no_path,word:260,-0.027600849256900234
govreport_test_0628,AB2 - AB0,word:260,-0.04700522305379068
govreport_test_0628,TextRank - no_path,word:260,0.04058337902263254
govreport_test_0628,Lead - no_path,word:260,0.04508289289424944
govreport_test_0629,Full - no_path,unit:10,-0.008434489899626724
govreport_test_0629,AB2 - AB0,unit:10,-0.12071356201657879
govreport_test_0629,TextRank - no_path,unit:10,0.06347183832883865
govreport_test_0629,Lead - no_path,unit:10,0.1323468623381964
govreport_test_0629,Full - no_path,unit:5,0.0
govreport_test_0629,AB2 - AB0,unit:5,-0.11673619292164386
govreport_test_0629,TextRank - no_path,unit:5,0.0054648571273261115
govreport_test_0629,Lead - no_path,unit:5,0.12412761036664172
govreport_test_0629,Full - no_path,word:110,0.0
govreport_test_0629,AB2 - AB0,word:110,-0.0893854748603352
govreport_test_0629,TextRank - no_path,word:110,0.02973977695167286
govreport_test_0629,Lead - no_path,word:110,0.058057352314498836
govreport_test_0629,Full - no_path,word:260,-0.0065199674001630015
govreport_test_0629,AB2 - AB0,word:260,-0.11944850178346511
govreport_test_0629,TextRank - no_path,word:260,0.03958476155755364
govreport_test_0629,Lead - no_path,word:260,0.15674113309694462
govreport_test_0630,Full - no_path,unit:10,0.0
govreport_test_0630,AB2 - AB0,unit:10,-0.06651503222231939
govreport_test_0630,TextRank - no_path,unit:10,-0.007887161209462618
govreport_test_0630,Lead - no_path,unit:10,0.05382379005301535
govreport_test_0630,Full - no_path,unit:5,0.0
govreport_test_0630,AB2 - AB0,unit:5,-0.0405731155710842
govreport_test_0630,TextRank - no_path,unit:5,0.017405134364908897
govreport_test_0630,Lead - no_path,unit:5,0.10628209014533135
govreport_test_0630,Full - no_path,word:110,0.0
govreport_test_0630,AB2 - AB0,word:110,-0.06515431839206123
govreport_test_0630,TextRank - no_path,word:110,0.04564078351485315
govreport_test_0630,Lead - no_path,word:110,0.06161947858808883
govreport_test_0630,Full - no_path,word:260,0.0002481685637244213
govreport_test_0630,AB2 - AB0,word:260,-0.09580586946661393
govreport_test_0630,TextRank - no_path,word:260,0.030068621334996826
govreport_test_0630,Lead - no_path,word:260,0.05990148163143327
govreport_test_0631,Full - no_path,unit:10,0.0
govreport_test_0631,AB2 - AB0,unit:10,0.017414841694792016
govreport_test_0631,TextRank - no_path,unit:10,-0.005720685793055902
govreport_test_0631,Lead - no_path,unit:10,0.4449540684254302
govreport_test_0631,Full - no_path,unit:5,0.0
govreport_test_0631,AB2 - AB0,unit:5,-0.015985279742395497
govreport_test_0631,TextRank - no_path,unit:5,-0.11965104604781157
govreport_test_0631,Lead - no_path,unit:5,0.22207004500097832
govreport_test_0631,Full - no_path,word:110,0.0
govreport_test_0631,AB2 - AB0,word:110,0.029478118618153054
govreport_test_0631,TextRank - no_path,word:110,-0.08978851641464652
govreport_test_0631,Lead - no_path,word:110,0.23317325851184373
govreport_test_0631,Full - no_path,word:260,0.0
govreport_test_0631,AB2 - AB0,word:260,0.028969902066348807
govreport_test_0631,TextRank - no_path,word:260,-0.1087328130806392
govreport_test_0631,Lead - no_path,word:260,0.262889951716187
govreport_test_0632,Full - no_path,unit:10,0.0
govreport_test_0632,AB2 - AB0,unit:10,-0.03015043473548107
govreport_test_0632,TextRank - no_path,unit:10,0.030790222603407247
govreport_test_0632,Lead - no_path,unit:10,-0.01763014493797052
govreport_test_0632,Full - no_path,unit:5,0.0
govreport_test_0632,AB2 - AB0,unit:5,0.0012192599527537096
govreport_test_0632,TextRank - no_path,unit:5,-0.010708714975196376
govreport_test_0632,Lead - no_path,unit:5,-0.03924106368500409
govreport_test_0632,Full - no_path,word:110,0.0
govreport_test_0632,AB2 - AB0,word:110,-0.010623332524860557
govreport_test_0632,TextRank - no_path,word:110,0.002150537634408603
govreport_test_0632,Lead - no_path,word:110,0.008348331718122715
govreport_test_0632,Full - no_path,word:260,0.0
govreport_test_0632,AB2 - AB0,word:260,-0.016956461725361582
govreport_test_0632,TextRank - no_path,word:260,0.033547960248548864
govreport_test_0632,Lead - no_path,word:260,0.03371724281535138
govreport_test_0633,Full - no_path,unit:10,-0.011564682178245134
govreport_test_0633,AB2 - AB0,unit:10,-0.1407098648477959
govreport_test_0633,TextRank - no_path,unit:10,0.060618361409918164
govreport_test_0633,Lead - no_path,unit:10,0.2891320673747452
govreport_test_0633,Full - no_path,unit:5,0.0
govreport_test_0633,AB2 - AB0,unit:5,-0.0902768759087656
govreport_test_0633,TextRank - no_path,unit:5,0.08389487163339415
govreport_test_0633,Lead - no_path,unit:5,0.08946161585437187
govreport_test_0633,Full - no_path,word:110,0.003546174892513257
govreport_test_0633,AB2 - AB0,word:110,-0.06688378349676095
govreport_test_0633,TextRank - no_path,word:110,0.10106398070648322
govreport_test_0633,Lead - no_path,word:110,0.08717765809466065
govreport_test_0633,Full - no_path,word:260,0.0034126371380560627
govreport_test_0633,AB2 - AB0,word:260,-0.1466422497694908
govreport_test_0633,TextRank - no_path,word:260,0.07396783116483965
govreport_test_0633,Lead - no_path,word:260,0.3215275119539618
govreport_test_0634,Full - no_path,unit:10,-0.005327935222672026
govreport_test_0634,AB2 - AB0,unit:10,0.015442532909289652
govreport_test_0634,TextRank - no_path,unit:10,-0.033225653206650774
govreport_test_0634,Lead - no_path,unit:10,0.024631578947368477
govreport_test_0634,Full - no_path,unit:5,0.0
govreport_test_0634,AB2 - AB0,unit:5,0.03703703703703698
govreport_test_0634,TextRank - no_path,unit:5,-0.06971836490112812
govreport_test_0634,Lead - no_path,unit:5,-0.04372290379116317
govreport_test_0634,Full - no_path,word:110,0.0
govreport_test_0634,AB2 - AB0,word:110,0.027777777777777735
govreport_test_0634,TextRank - no_path,word:110,-0.10060292850990521
govreport_test_0634,Lead - no_path,word:110,-0.10308926437958699
govreport_test_0634,Full - no_path,word:260,0.0
govreport_test_0634,AB2 - AB0,word:260,-0.000744479683149446
govreport_test_0634,TextRank - no_path,word:260,-0.058594678070800654
govreport_test_0634,Lead - no_path,word:260,-0.053740670536666285
govreport_test_0635,Full - no_path,unit:10,0.0
govreport_test_0635,AB2 - AB0,unit:10,0.003914483589280315
govreport_test_0635,TextRank - no_path,unit:10,-0.003914483589280315
govreport_test_0635,Lead - no_path,unit:10,0.03943637394756361
govreport_test_0635,Full - no_path,unit:5,0.0
govreport_test_0635,AB2 - AB0,unit:5,0.012771618625277148
govreport_test_0635,TextRank - no_path,unit:5,-0.012771618625277148
govreport_test_0635,Lead - no_path,unit:5,-0.09855799373040752
govreport_test_0635,Full - no_path,word:110,0.0
govreport_test_0635,AB2 - AB0,word:110,-0.062310756972111525
govreport_test_0635,TextRank - no_path,word:110,-0.0765991902834009
govreport_test_0635,Lead - no_path,word:110,0.025245901639344204
govreport_test_0635,Full - no_path,word:260,0.0
govreport_test_0635,AB2 - AB0,word:260,-0.03192579814495361
govreport_test_0635,TextRank - no_path,word:260,0.03273223975237782
govreport_test_0635,Lead - no_path,word:260,0.01897528354239386
govreport_test_0636,Full - no_path,unit:10,-0.0036630036630036777
govreport_test_0636,AB2 - AB0,unit:10,-0.020916833667334683
govreport_test_0636,TextRank - no_path,unit:10,0.03076115601165702
govreport_test_0636,Lead - no_path,unit:10,-0.01600154231733178
govreport_test_0636,Full - no_path,unit:5,0.0014625313399573014
govreport_test_0636,AB2 - AB0,unit:5,-0.013119578211691157
govreport_test_0636,TextRank - no_path,unit:5,0.016511763535904167
govreport_test_0636,Lead - no_path,unit:5,-0.04555669050051071
govreport_test_0636,Full - no_path,word:110,0.0
govreport_test_0636,AB2 - AB0,word:110,-0.00012786335508617463
govreport_test_0636,TextRank - no_path,word:110,0.04851122474884852
govreport_test_0636,Lead - no_path,word:110,-0.006494275801206512
govreport_test_0636,Full - no_path,word:260,0.0
govreport_test_0636,AB2 - AB0,word:260,-0.030372191636823642
govreport_test_0636,TextRank - no_path,word:260,0.06764751300606503
govreport_test_0636,Lead - no_path,word:260,0.0033129477794391904
govreport_test_0637,Full - no_path,unit:10,0.0
govreport_test_0637,AB2 - AB0,unit:10,-0.04566716012089922
govreport_test_0637,TextRank - no_path,unit:10,0.03744054723266299
govreport_test_0637,Lead - no_path,unit:10,-0.0797625790804726
govreport_test_0637,Full - no_path,unit:5,0.0
govreport_test_0637,AB2 - AB0,unit:5,-0.012169111047757836
govreport_test_0637,TextRank - no_path,unit:5,-0.008832918888221103
govreport_test_0637,Lead - no_path,unit:5,-0.09700812188086247
govreport_test_0637,Full - no_path,word:110,0.0
govreport_test_0637,AB2 - AB0,word:110,-0.07897880697160625
govreport_test_0637,TextRank - no_path,word:110,0.06270627062706266
govreport_test_0637,Lead - no_path,word:110,-0.023308920677899775
govreport_test_0637,Full - no_path,word:260,0.0
govreport_test_0637,AB2 - AB0,word:260,-0.028453200591389866
govreport_test_0637,TextRank - no_path,word:260,0.0563959567793656
govreport_test_0637,Lead - no_path,word:260,0.013655246736542004
govreport_test_0638,Full - no_path,unit:10,-0.014517116178282885
govreport_test_0638,AB2 - AB0,unit:10,0.00016692422328606904
govreport_test_0638,TextRank - no_path,unit:10,-0.11023914482714078
govreport_test_0638,Lead - no_path,unit:10,0.054551619963623954
govreport_test_0638,Full - no_path,unit:5,0.0
govreport_test_0638,AB2 - AB0,unit:5,-0.010570265842185955
govreport_test_0638,TextRank - no_path,unit:5,-0.12038481012658231
govreport_test_0638,Lead - no_path,unit:5,0.025862414578587734
govreport_test_0638,Full - no_path,word:110,-0.1348314606741573
govreport_test_0638,AB2 - AB0,word:110,-0.03454741975215542
govreport_test_0638,TextRank - no_path,word:110,-0.13033707865168537
govreport_test_0638,Lead - no_path,word:110,0.0390216926828042
govreport_test_0638,Full - no_path,word:260,-0.08967251015689884
govreport_test_0638,AB2 - AB0,word:260,-0.01959070715898331
govreport_test_0638,TextRank - no_path,word:260,-0.09944071273994545
govreport_test_0638,Lead - no_path,word:260,0.07140131534645688
govreport_test_0639,Full - no_path,unit:10,0.0025725984591347395
govreport_test_0639,AB2 - AB0,unit:10,-0.0005644162843201628
govreport_test_0639,TextRank - no_path,unit:10,-0.00893104403212408
govreport_test_0639,Lead - no_path,unit:10,-0.025794442228427084
govreport_test_0639,Full - no_path,unit:5,0.0056223564608383625
govreport_test_0639,AB2 - AB0,unit:5,0.012222928942599659
govreport_test_0639,TextRank - no_path,unit:5,-0.012222928942599659
govreport_test_0639,Lead - no_path,unit:5,-0.03455908244881535
govreport_test_0639,Full - no_path,word:110,0.0
govreport_test_0639,AB2 - AB0,word:110,0.02941962541888532
govreport_test_0639,TextRank - no_path,word:110,0.007702836806624924
govreport_test_0639,Lead - no_path,word:110,-0.0024805637707313866
govreport_test_0639,Full - no_path,word:260,0.002865138275100959
govreport_test_0639,AB2 - AB0,word:260,-0.00016868494641283927
govreport_test_0639,TextRank - no_path,word:260,0.00033773820056892667
govreport_test_0639,Lead - no_path,word:260,0.0005071609700346424
govreport_test_0640,Full - no_path,unit:10,0.0
govreport_test_0640,AB2 - AB0,unit:10,0.026461913174816942
govreport_test_0640,TextRank - no_path,unit:10,-0.026461913174816942
govreport_test_0640,Lead - no_path,unit:10,0.014053396292548731
govreport_test_0640,Full - no_path,unit:5,0.0
govreport_test_0640,AB2 - AB0,unit:5,0.041215357233663874
govreport_test_0640,TextRank - no_path,unit:5,-0.042022534985364304
govreport_test_0640,Lead - no_path,unit:5,-0.005036212348629471
govreport_test_0640,Full - no_path,word:110,0.0
govreport_test_0640,AB2 - AB0,word:110,0.00774771676411018
govreport_test_0640,TextRank - no_path,word:110,-0.002697211713605152
govreport_test_0640,Lead - no_path,word:110,-0.03242501056189269
govreport_test_0640,Full - no_path,word:260,0.0
govreport_test_0640,AB2 - AB0,word:260,-0.008068851191676912
govreport_test_0640,TextRank - no_path,word:260,0.009546269561147458
govreport_test_0640,Lead - no_path,word:260,0.015064628630224286
govreport_test_0641,Full - no_path,unit:10,-0.0040285706034673685
govreport_test_0641,AB2 - AB0,unit:10,-0.008695125505827628
govreport_test_0641,TextRank - no_path,unit:10,-0.057130743986267704
govreport_test_0641,Lead - no_path,unit:10,0.007845943568217106
govreport_test_0641,Full - no_path,unit:5,-0.007338911809848331
govreport_test_0641,AB2 - AB0,unit:5,0.02635530804760927
govreport_test_0641,TextRank - no_path,unit:5,-0.07744711802055143
govreport_test_0641,Lead - no_path,unit:5,-0.02603045051253336
govreport_test_0641,Full - no_path,word:110,-0.011508719050443816
govreport_test_0641,AB2 - AB0,word:110,-0.025980943481235516
govreport_test_0641,TextRank - no_path,word:110,0.011287065930215098
govreport_test_0641,Lead - no_path,word:110,0.03597710547833198
govreport_test_0641,Full - no_path,word:260,0.03182441352696251
govreport_test_0641,AB2 - AB0,word:260,-0.036062966213251446
govreport_test_0641,TextRank - no_path,word:260,0.045232923156190666
govreport_test_0641,Lead - no_path,word:260,0.06999621521737055
govreport_test_0642,Full - no_path,unit:10,-0.03690100392437151
govreport_test_0642,AB2 - AB0,unit:10,-0.07823045012692711
govreport_test_0642,TextRank - no_path,unit:10,0.04680195787273825
govreport_test_0642,Lead - no_path,unit:10,0.0704828884917661
govreport_test_0642,Full - no_path,unit:5,-0.007344506517690863
govreport_test_0642,AB2 - AB0,unit:5,-0.07603480767931284
govreport_test_0642,TextRank - no_path,unit:5,-0.008421857658481052
govreport_test_0642,Lead - no_path,unit:5,0.025714458584595534
govreport_test_0642,Full - no_path,word:110,0.0
govreport_test_0642,AB2 - AB0,word:110,-0.1025963655721441
govreport_test_0642,TextRank - no_path,word:110,0.029557271719638498
govreport_test_0642,Lead - no_path,word:110,0.09624712636760833
govreport_test_0642,Full - no_path,word:260,-0.012352388769345662
govreport_test_0642,AB2 - AB0,word:260,-0.10010943809200351
govreport_test_0642,TextRank - no_path,word:260,0.0763668749811309
govreport_test_0642,Lead - no_path,word:260,0.12569436593178818
govreport_test_0643,Full - no_path,unit:10,-0.009059806074731419
govreport_test_0643,AB2 - AB0,unit:10,0.052769711988394474
govreport_test_0643,TextRank - no_path,unit:10,0.09076038344331025
govreport_test_0643,Lead - no_path,unit:10,0.028859294076685443
govreport_test_0643,Full - no_path,unit:5,-0.004161982443131512
govreport_test_0643,AB2 - AB0,unit:5,-0.0595905565938433
govreport_test_0643,TextRank - no_path,unit:5,0.03216969825779448
govreport_test_0643,Lead - no_path,unit:5,0.021668416580601424
govreport_test_0643,Full - no_path,word:110,0.0
govreport_test_0643,AB2 - AB0,word:110,-0.04354979539708606
govreport_test_0643,TextRank - no_path,word:110,0.06418485237483956
govreport_test_0643,Lead - no_path,word:110,0.037750202063424165
govreport_test_0643,Full - no_path,word:260,-0.016967668936519825
govreport_test_0643,AB2 - AB0,word:260,-0.015276180771199244
govreport_test_0643,TextRank - no_path,word:260,0.10521882624032905
govreport_test_0643,Lead - no_path,word:260,0.04734101273550592
govreport_test_0644,Full - no_path,unit:10,0.0
govreport_test_0644,AB2 - AB0,unit:10,-0.027777777777777762
govreport_test_0644,TextRank - no_path,unit:10,0.021480769152739054
govreport_test_0644,Lead - no_path,unit:10,0.03686747626675152
govreport_test_0644,Full - no_path,unit:5,0.010482012759552961
govreport_test_0644,AB2 - AB0,unit:5,0.0335263274751926
govreport_test_0644,TextRank - no_path,unit:5,-0.0426291708514675
govreport_test_0644,Lead - no_path,unit:5,-0.006350705925576072
govreport_test_0644,Full - no_path,word:110,-0.00017611596558965437
govreport_test_0644,AB2 - AB0,word:110,-0.0030030030030030186
govreport_test_0644,TextRank - no_path,word:110,0.018453373252134878
govreport_test_0644,Lead - no_path,word:110,0.03308270676691731
govreport_test_0644,Full - no_path,word:260,-0.009208163459791724
govreport_test_0644,AB2 - AB0,word:260,-0.02214135052434571
govreport_test_0644,TextRank - no_path,word:260,0.04556677151074229
govreport_test_0644,Lead - no_path,word:260,0.06307067222632182
govreport_test_0645,Full - no_path,unit:10,0.0
govreport_test_0645,AB2 - AB0,unit:10,0.07627343243460688
govreport_test_0645,TextRank - no_path,unit:10,-0.04501469577720166
govreport_test_0645,Lead - no_path,unit:10,-0.029594724908129005
govreport_test_0645,Full - no_path,unit:5,0.0
govreport_test_0645,AB2 - AB0,unit:5,0.05615737356283648
govreport_test_0645,TextRank - no_path,unit:5,-0.014925232322279353
govreport_test_0645,Lead - no_path,unit:5,-0.014627363737486077
govreport_test_0645,Full - no_path,word:110,0.0
govreport_test_0645,AB2 - AB0,word:110,0.04353898096992022
govreport_test_0645,TextRank - no_path,word:110,0.02850099258135927
govreport_test_0645,Lead - no_path,word:110,-0.010280170853543782
govreport_test_0645,Full - no_path,word:260,0.0
govreport_test_0645,AB2 - AB0,word:260,0.024270494147887817
govreport_test_0645,TextRank - no_path,word:260,0.036793723439032366
govreport_test_0645,Lead - no_path,word:260,0.036793723439032366
govreport_test_0646,Full - no_path,unit:10,-0.010883601851904123
govreport_test_0646,AB2 - AB0,unit:10,0.02781676472849795
govreport_test_0646,TextRank - no_path,unit:10,-0.07518027363206814
govreport_test_0646,Lead - no_path,unit:10,-0.006393887604302845
govreport_test_0646,Full - no_path,unit:5,0.0
govreport_test_0646,AB2 - AB0,unit:5,0.035607755406413116
govreport_test_0646,TextRank - no_path,unit:5,-0.04008202833706187
govreport_test_0646,Lead - no_path,unit:5,0.009318405391730067
govreport_test_0646,Full - no_path,word:110,-0.02333722287047843
govreport_test_0646,AB2 - AB0,word:110,0.014160459765101052
govreport_test_0646,TextRank - no_path,word:110,-0.018385910322285703
govreport_test_0646,Lead - no_path,word:110,0.06301050175029169
govreport_test_0646,Full - no_path,word:260,-0.01343920603363935
govreport_test_0646,AB2 - AB0,word:260,0.017857142857142932
govreport_test_0646,TextRank - no_path,word:260,-0.04524835116286405
govreport_test_0646,Lead - no_path,word:260,-0.003968253968253926
govreport_test_0647,Full - no_path,unit:10,0.0
govreport_test_0647,AB2 - AB0,unit:10,-0.011672989268173561
govreport_test_0647,TextRank - no_path,unit:10,-0.01415989159891598
govreport_test_0647,Lead - no_path,unit:10,0.13365605411779308
govreport_test_0647,Full - no_path,unit:5,0.0
govreport_test_0647,AB2 - AB0,unit:5,0.01932195353247984
govreport_test_0647,TextRank - no_path,unit:5,-0.014048505983989823
govreport_test_0647,Lead - no_path,unit:5,0.1128336485783053
govreport_test_0647,Full - no_path,word:110,0.0
govreport_test_0647,AB2 - AB0,word:110,-0.040095530769296645
govreport_test_0647,TextRank - no_path,word:110,0.039620713150124914
govreport_test_0647,Lead - no_path,word:110,0.20608108108108109
govreport_test_0647,Full - no_path,word:260,0.0
govreport_test_0647,AB2 - AB0,word:260,-0.03373926391974358
govreport_test_0647,TextRank - no_path,word:260,-0.005903872383860115
govreport_test_0647,Lead - no_path,word:260,0.2029523091300755
govreport_test_0648,Full - no_path,unit:10,-0.004706963422055288
govreport_test_0648,AB2 - AB0,unit:10,-0.0072365161673877965
govreport_test_0648,TextRank - no_path,unit:10,0.007227161269428434
govreport_test_0648,Lead - no_path,unit:10,0.06286127984977544
govreport_test_0648,Full - no_path,unit:5,-0.015156248649409565
govreport_test_0648,AB2 - AB0,unit:5,-0.0077012227400648225
govreport_test_0648,TextRank - no_path,unit:5,0.024058310562380142
govreport_test_0648,Lead - no_path,unit:5,0.058584405464463
govreport_test_0648,Full - no_path,word:110,0.0
govreport_test_0648,AB2 - AB0,word:110,-0.017639908591432912
govreport_test_0648,TextRank - no_path,word:110,0.03401598693039265
govreport_test_0648,Lead - no_path,word:110,0.08228012016989536
govreport_test_0648,Full - no_path,word:260,-0.012642259701083208
govreport_test_0648,AB2 - AB0,word:260,-0.025451346039581324
govreport_test_0648,TextRank - no_path,word:260,0.021367521367521375
govreport_test_0648,Lead - no_path,word:260,0.10256410256410256
govreport_test_0649,Full - no_path,unit:10,-0.0022883295194507935
govreport_test_0649,AB2 - AB0,unit:10,-0.06423055165028602
govreport_test_0649,TextRank - no_path,unit:10,0.07672940894377175
govreport_test_0649,Lead - no_path,unit:10,-0.015226308836821217
govreport_test_0649,Full - no_path,unit:5,-0.010286042421849759
govreport_test_0649,AB2 - AB0,unit:5,-0.06830756135622075
govreport_test_0649,TextRank - no_path,unit:5,0.014727561786385318
govreport_test_0649,Lead - no_path,unit:5,-0.06132495249701353
govreport_test_0649,Full - no_path,word:110,-0.016291842139538937
govreport_test_0649,AB2 - AB0,word:110,-0.05128205128205124
govreport_test_0649,TextRank - no_path,word:110,0.005896475210068752
govreport_test_0649,Lead - no_path,word:110,0.0004910698046633327
govreport_test_0649,Full - no_path,word:260,0.0
govreport_test_0649,AB2 - AB0,word:260,-0.10780158582698515
govreport_test_0649,TextRank - no_path,word:260,0.07306181699354622
govreport_test_0649,Lead - no_path,word:260,0.034165894230528404
govreport_test_0650,Full - no_path,unit:10,0.0
govreport_test_0650,AB2 - AB0,unit:10,-0.02027027027027034
govreport_test_0650,TextRank - no_path,unit:10,0.036529680365296746
govreport_test_0650,Lead - no_path,unit:10,-0.06007751937984496
govreport_test_0650,Full - no_path,unit:5,0.0
govreport_test_0650,AB2 - AB0,unit:5,-0.07347868933234791
govreport_test_0650,TextRank - no_path,unit:5,-0.053113098195065406
govreport_test_0650,Lead - no_path,unit:5,-0.11782788515071976
govreport_test_0650,Full - no_path,word:110,0.0
govreport_test_0650,AB2 - AB0,word:110,0.009352209352209373
govreport_test_0650,TextRank - no_path,word:110,0.004761904761904773
govreport_test_0650,Lead - no_path,word:110,-0.009680873848789906
govreport_test_0650,Full - no_path,word:260,0.0
govreport_test_0650,AB2 - AB0,word:260,-0.07361963190184051
govreport_test_0650,TextRank - no_path,word:260,0.06962322383960029
govreport_test_0650,Lead - no_path,word:260,0.14643537127141953
govreport_test_0651,Full - no_path,unit:10,0.0
govreport_test_0651,AB2 - AB0,unit:10,-0.1711594856756147
govreport_test_0651,TextRank - no_path,unit:10,0.17947800231264796
govreport_test_0651,Lead - no_path,unit:10,0.296037296037296
govreport_test_0651,Full - no_path,unit:5,0.0
govreport_test_0651,AB2 - AB0,unit:5,-0.3322592689908866
govreport_test_0651,TextRank - no_path,unit:5,0.372805627254751
govreport_test_0651,Lead - no_path,unit:5,0.1733560228515862
govreport_test_0651,Full - no_path,word:110,0.0
govreport_test_0651,AB2 - AB0,word:110,-0.20453247000571323
govreport_test_0651,TextRank - no_path,word:110,0.2359550561797753
govreport_test_0651,Lead - no_path,word:110,0.05330836454431964
govreport_test_0651,Full - no_path,word:260,0.0
govreport_test_0651,AB2 - AB0,word:260,-0.01594321594321596
govreport_test_0651,TextRank - no_path,word:260,0.011402781615547558
govreport_test_0651,Lead - no_path,word:260,0.11550151975683892
govreport_test_0652,Full - no_path,unit:10,0.0
govreport_test_0652,AB2 - AB0,unit:10,-0.009566771446366418
govreport_test_0652,TextRank - no_path,unit:10,-0.039904985419587674
govreport_test_0652,Lead - no_path,unit:10,0.17218167364540668
govreport_test_0652,Full - no_path,unit:5,0.0
govreport_test_0652,AB2 - AB0,unit:5,0.03618870069866703
govreport_test_0652,TextRank - no_path,unit:5,-0.02045990098653158
govreport_test_0652,Lead - no_path,unit:5,0.041323246822401766
govreport_test_0652,Full - no_path,word:110,-0.024066918479283328
govreport_test_0652,AB2 - AB0,word:110,-0.07210499005448415
govreport_test_0652,TextRank - no_path,word:110,0.026686873060546998
govreport_test_0652,Lead - no_path,word:110,0.07232445695316449
govreport_test_0652,Full - no_path,word:260,0.04022346368715085
govreport_test_0652,AB2 - AB0,word:260,-0.013632282521947342
govreport_test_0652,TextRank - no_path,word:260,0.010966181165203509
govreport_test_0652,Lead - no_path,word:260,0.22703611666448684
govreport_test_0653,Full - no_path,unit:10,0.006993499679248255
govreport_test_0653,AB2 - AB0,unit:10,-0.03308354041344705
govreport_test_0653,TextRank - no_path,unit:10,0.010398770418440395
govreport_test_0653,Lead - no_path,unit:10,-0.03223977802120051
govreport_test_0653,Full - no_path,unit:5,-0.030956072351421116
govreport_test_0653,AB2 - AB0,unit:5,-0.004953560371517007
govreport_test_0653,TextRank - no_path,unit:5,-0.015038759689922465
govreport_test_0653,Lead - no_path,unit:5,-0.04117370892018776
govreport_test_0653,Full - no_path,word:110,0.020283975659229195
govreport_test_0653,AB2 - AB0,word:110,-0.03705646877052668
govreport_test_0653,TextRank - no_path,word:110,0.03705646877052668
govreport_test_0653,Lead - no_path,word:110,0.008220673180877464
govreport_test_0653,Full - no_path,word:260,0.0
govreport_test_0653,AB2 - AB0,word:260,-0.029754605026818787
govreport_test_0653,TextRank - no_path,word:260,0.03743494536932768
govreport_test_0653,Lead - no_path,word:260,-0.0039686486083313766
govreport_test_0654,Full - no_path,unit:10,0.0
govreport_test_0654,AB2 - AB0,unit:10,-0.0031417202463917826
govreport_test_0654,TextRank - no_path,unit:10,0.040077148510883426
govreport_test_0654,Lead - no_path,unit:10,0.028247333864167418
govreport_test_0654,Full - no_path,unit:5,0.0
govreport_test_0654,AB2 - AB0,unit:5,0.009657357542940642
govreport_test_0654,TextRank - no_path,unit:5,-0.03964267064618965
govreport_test_0654,Lead - no_path,unit:5,-0.0008409014463504894
govreport_test_0654,Full - no_path,word:110,0.0
govreport_test_0654,AB2 - AB0,word:110,0.022259806539671245
govreport_test_0654,TextRank - no_path,word:110,0.024360535931790495
govreport_test_0654,Lead - no_path,word:110,0.08060069516651322
govreport_test_0654,Full - no_path,word:260,0.0
govreport_test_0654,AB2 - AB0,word:260,-0.01709401709401709
govreport_test_0654,TextRank - no_path,word:260,0.06365503080082138
govreport_test_0654,Lead - no_path,word:260,0.05338809034907596
govreport_test_0655,Full - no_path,unit:10,0.013487815875629777
govreport_test_0655,AB2 - AB0,unit:10,0.02384432783608198
govreport_test_0655,TextRank - no_path,unit:10,-0.0419589297616403
govreport_test_0655,Lead - no_path,unit:10,-0.03313800767831884
govreport_test_0655,Full - no_path,unit:5,0.0
govreport_test_0655,AB2 - AB0,unit:5,0.04138377546020855
govreport_test_0655,TextRank - no_path,unit:5,-0.05802310654685493
govreport_test_0655,Lead - no_path,unit:5,-0.0325711259996522
govreport_test_0655,Full - no_path,word:110,0.0
govreport_test_0655,AB2 - AB0,word:110,-0.014662756598240456
govreport_test_0655,TextRank - no_path,word:110,0.047275405007363755
govreport_test_0655,Lead - no_path,word:110,0.020588235294117657
govreport_test_0655,Full - no_path,word:260,0.0
govreport_test_0655,AB2 - AB0,word:260,-0.016619147659063638
govreport_test_0655,TextRank - no_path,word:260,0.03121248499399759
govreport_test_0655,Lead - no_path,word:260,0.01420424284821839
govreport_test_0656,Full - no_path,unit:10,-0.012093291671854633
govreport_test_0656,AB2 - AB0,unit:10,0.0066788134145647216
govreport_test_0656,TextRank - no_path,unit:10,-0.026745457604306855
govreport_test_0656,Lead - no_path,unit:10,-0.06928658922549467
govreport_test_0656,Full - no_path,unit:5,0.00119964387253646
govreport_test_0656,AB2 - AB0,unit:5,-0.014527588813303127
govreport_test_0656,TextRank - no_path,unit:5,-0.0795431852895301
govreport_test_0656,Lead - no_path,unit:5,-0.09112357502118032
govreport_test_0656,Full - no_path,word:110,0.0
govreport_test_0656,AB2 - AB0,word:110,-0.02710027100271005
govreport_test_0656,TextRank - no_path,word:110,0.012902815530339465
govreport_test_0656,Lead - no_path,word:110,-0.03240959266649955
govreport_test_0656,Full - no_path,word:260,-0.033681084965062114
govreport_test_0656,AB2 - AB0,word:260,-0.022474934647151473
govreport_test_0656,TextRank - no_path,word:260,-0.0009544017842396391
govreport_test_0656,Lead - no_path,word:260,-0.047721619290256576
govreport_test_0657,Full - no_path,unit:10,0.0
govreport_test_0657,AB2 - AB0,unit:10,-0.013706435624243868
govreport_test_0657,TextRank - no_path,unit:10,-0.030284935836697335
govreport_test_0657,Lead - no_path,unit:10,0.10727226146470009
govreport_test_0657,Full - no_path,unit:5,0.0
govreport_test_0657,AB2 - AB0,unit:5,-0.028642826721674064
govreport_test_0657,TextRank - no_path,unit:5,0.09021492882984053
govreport_test_0657,Lead - no_path,unit:5,0.018703999444521585
govreport_test_0657,Full - no_path,word:110,0.0
govreport_test_0657,AB2 - AB0,word:110,0.06940063091482646
govreport_test_0657,TextRank - no_path,word:110,0.120731585766969
govreport_test_0657,Lead - no_path,word:110,0.12038163476010995
govreport_test_0657,Full - no_path,word:260,-0.00024126150817394
govreport_test_0657,AB2 - AB0,word:260,-0.020921416179399854
govreport_test_0657,TextRank - no_path,word:260,0.03639626240744931
govreport_test_0657,Lead - no_path,word:260,0.1247653816136585
govreport_test_0658,Full - no_path,unit:10,0.0
govreport_test_0658,AB2 - AB0,unit:10,-0.004597720846542697
govreport_test_0658,TextRank - no_path,unit:10,0.047847096596246336
govreport_test_0658,Lead - no_path,unit:10,-0.0511334485157446
govreport_test_0658,Full - no_path,unit:5,0.0
govreport_test_0658,AB2 - AB0,unit:5,0.003927965595940386
govreport_test_0658,TextRank - no_path,unit:5,0.0005407571159994073
govreport_test_0658,Lead - no_path,unit:5,-0.030214145700774728
govreport_test_0658,Full - no_path,word:110,0.0
govreport_test_0658,AB2 - AB0,word:110,-0.02807675850037851
govreport_test_0658,TextRank - no_path,word:110,0.020512820512820523
govreport_test_0658,Lead - no_path,word:110,-0.012820512820512803
govreport_test_0658,Full - no_path,word:260,0.0
govreport_test_0658,AB2 - AB0,word:260,-0.02757395357423048
govreport_test_0658,TextRank - no_path,word:260,0.084252612154714
govreport_test_0658,Lead - no_path,word:260,-0.00672098252061018
govreport_test_0659,Full - no_path,unit:10,-0.006099425545384146
govreport_test_0659,AB2 - AB0,unit:10,0.014205009951118314
govreport_test_0659,TextRank - no_path,unit:10,-0.035135441164795306
govreport_test_0659,Lead - no_path,unit:10,-0.015719851682209934
govreport_test_0659,Full - no_path,unit:5,-0.005891594658287508
govreport_test_0659,AB2 - AB0,unit:5,0.027183538857025458
govreport_test_0659,TextRank - no_path,unit:5,-0.03334092807777016
govreport_test_0659,Lead - no_path,unit:5,-0.028923660502607848
govreport_test_0659,Full - no_path,word:110,-0.015936254980079667
govreport_test_0659,AB2 - AB0,word:110,-0.013456811053657716
govreport_test_0659,TextRank - no_path,word:110,0.010970764080827158
govreport_test_0659,Lead - no_path,word:110,-0.0003166143373525693
govreport_test_0659,Full - no_path,word:260,0.004751259388305812
govreport_test_0659,AB2 - AB0,word:260,-0.046854255000214146
govreport_test_0659,TextRank - no_path,word:260,0.04074248821068946
govreport_test_0659,Lead - no_path,word:260,0.03287451005153261
govreport_test_0660,Full - no_path,unit:10,0.007153858625162102
govreport_test_0660,AB2 - AB0,unit:10,0.012644010140881234
govreport_test_0660,TextRank - no_path,unit:10,0.010193162115301246
govreport_test_0660,Lead - no_path,unit:10,-0.01421906952965235
govreport_test_0660,Full - no_path,unit:5,-0.024999999999999994
govreport_test_0660,AB2 - AB0,unit:5,-0.02673743516479321
govreport_test_0660,TextRank - no_path,unit:5,0.02954545454545454
govreport_test_0660,Lead - no_path,unit:5,0.014837398373983762
govreport_test_0660,Full - no_path,word:110,-0.040400801986783474
govreport_test_0660,AB2 - AB0,word:110,-0.04249352014428874
govreport_test_0660,TextRank - no_path,word:110,0.0059670496360913206
govreport_test_0660,Lead - no_path,word:110,0.008600991284519632
govreport_test_0660,Full - no_path,word:260,0.002301865076744569
govreport_test_0660,AB2 - AB0,word:260,0.0037922758974583415
govreport_test_0660,TextRank - no_path,word:260,0.016663612141034484
govreport_test_0660,Lead - no_path,word:260,0.021197173085246518
govreport_test_0661,Full - no_path,unit:10,0.0
govreport_test_0661,AB2 - AB0,unit:10,-0.030449413808076392
govreport_test_0661,TextRank - no_path,unit:10,0.012566498494618883
govreport_test_0661,Lead - no_path,unit:10,-0.014041559764362
govreport_test_0661,Full - no_path,unit:5,0.0
govreport_test_0661,AB2 - AB0,unit:5,-0.02629114607790714
govreport_test_0661,TextRank - no_path,unit:5,-0.0032414910858995227
govreport_test_0661,Lead - no_path,unit:5,-0.028173188238018093
govreport_test_0661,Full - no_path,word:110,0.0
govreport_test_0661,AB2 - AB0,word:110,-0.05310471762084669
govreport_test_0661,TextRank - no_path,word:110,0.017689491193863704
govreport_test_0661,Lead - no_path,word:110,0.029009467470906602
govreport_test_0661,Full - no_path,word:260,0.0
govreport_test_0661,AB2 - AB0,word:260,-0.014865352081426642
govreport_test_0661,TextRank - no_path,word:260,0.02161073030045632
govreport_test_0661,Lead - no_path,word:260,-0.014342029674530993
govreport_test_0662,Full - no_path,unit:10,-0.0028711897738446512
govreport_test_0662,AB2 - AB0,unit:10,-0.0055796581605347395
govreport_test_0662,TextRank - no_path,unit:10,-0.040919737217937735
govreport_test_0662,Lead - no_path,unit:10,0.19987958401751504
govreport_test_0662,Full - no_path,unit:5,-0.005498203687030731
govreport_test_0662,AB2 - AB0,unit:5,0.014043558660365718
govreport_test_0662,TextRank - no_path,unit:5,-0.04122080762321331
govreport_test_0662,Lead - no_path,unit:5,0.1600371780223423
govreport_test_0662,Full - no_path,word:110,0.0068699893750603785
govreport_test_0662,AB2 - AB0,word:110,-0.046855733662145474
govreport_test_0662,TextRank - no_path,word:110,0.041871921182266
govreport_test_0662,Lead - no_path,word:110,0.17141648281906374
govreport_test_0662,Full - no_path,word:260,0.003971984582119031
govreport_test_0662,AB2 - AB0,word:260,-0.1829087007665361
govreport_test_0662,TextRank - no_path,word:260,0.03367775598913525
govreport_test_0662,Lead - no_path,word:260,0.18814931804002805
govreport_test_0663,Full - no_path,unit:10,-0.059251940387297086
govreport_test_0663,AB2 - AB0,unit:10,0.08655462184873952
govreport_test_0663,TextRank - no_path,unit:10,-0.10026533345846378
govreport_test_0663,Lead - no_path,unit:10,-0.0701210221583736
govreport_test_0663,Full - no_path,unit:5,0.0
govreport_test_0663,AB2 - AB0,unit:5,0.013793103448275834
govreport_test_0663,TextRank - no_path,unit:5,-0.04145868049704482
govreport_test_0663,Lead - no_path,unit:5,-0.00912493096438724
govreport_test_0663,Full - no_path,word:110,0.06180121828976791
govreport_test_0663,AB2 - AB0,word:110,-0.009751876105966062
govreport_test_0663,TextRank - no_path,word:110,0.061400810131774605
govreport_test_0663,Lead - no_path,word:110,0.07155309439573397
govreport_test_0663,Full - no_path,word:260,0.007737673979712256
govreport_test_0663,AB2 - AB0,word:260,0.026071768815497
govreport_test_0663,TextRank - no_path,word:260,-0.023135707371883835
govreport_test_0663,Lead - no_path,word:260,0.0063694267515924385
govreport_test_0664,Full - no_path,unit:10,0.0
govreport_test_0664,AB2 - AB0,unit:10,-0.08100358422939066
govreport_test_0664,TextRank - no_path,unit:10,0.0704985337243402
govreport_test_0664,Lead - no_path,unit:10,0.06045851085412862
govreport_test_0664,Full - no_path,unit:5,0.01482741857073408
govreport_test_0664,AB2 - AB0,unit:5,-0.07322522522522523
govreport_test_0664,TextRank - no_path,unit:5,0.08315321042593768
govreport_test_0664,Lead - no_path,unit:5,0.06659900439804745
govreport_test_0664,Full - no_path,word:110,-0.0007769605304050464
govreport_test_0664,AB2 - AB0,word:110,-0.0792620078334364
govreport_test_0664,TextRank - no_path,word:110,0.06013674505335129
govreport_test_0664,Lead - no_path,word:110,0.01865594722737582
govreport_test_0664,Full - no_path,word:260,-0.00037658616455180094
govreport_test_0664,AB2 - AB0,word:260,-0.06079096045197739
govreport_test_0664,TextRank - no_path,word:260,0.039623413835448235
govreport_test_0664,Lead - no_path,word:260,0.01592211513414951
govreport_test_0665,Full - no_path,unit:10,-0.0023334089705771277
govreport_test_0665,AB2 - AB0,unit:10,-0.03248987520990418
govreport_test_0665,TextRank - no_path,unit:10,0.029605862383042136
govreport_test_0665,Lead - no_path,unit:10,-0.024358974358974383
govreport_test_0665,Full - no_path,unit:5,-0.0012777919754663747
govreport_test_0665,AB2 - AB0,unit:5,0.011177736666690669
govreport_test_0665,TextRank - no_path,unit:5,0.002883255358502923
govreport_test_0665,Lead - no_path,unit:5,-0.04405453701228346
govreport_test_0665,Full - no_path,word:110,-0.00973081540308432
govreport_test_0665,AB2 - AB0,word:110,-0.028846153846153827
govreport_test_0665,TextRank - no_path,word:110,0.043448579098398596
govreport_test_0665,Lead - no_path,word:110,-0.0022794594094232984
govreport_test_0665,Full - no_path,word:260,-0.003920303699476463
govreport_test_0665,AB2 - AB0,word:260,-0.02428421059187702
govreport_test_0665,TextRank - no_path,word:260,0.055493398970686975
govreport_test_0665,Lead - no_path,word:260,-0.001591208572636199
govreport_test_0666,Full - no_path,unit:10,0.0009484981113975777
govreport_test_0666,AB2 - AB0,unit:10,-0.057929745723120735
govreport_test_0666,TextRank - no_path,unit:10,0.058572394213870504
govreport_test_0666,Lead - no_path,unit:10,0.006257952573742037
govreport_test_0666,Full - no_path,unit:5,-0.007649505458356992
govreport_test_0666,AB2 - AB0,unit:5,-0.04411935446418208
govreport_test_0666,TextRank - no_path,unit:5,0.04620687892177397
govreport_test_0666,Lead - no_path,unit:5,-0.04221931551002611
govreport_test_0666,Full - no_path,word:110,0.0020152994605061314
govreport_test_0666,AB2 - AB0,word:110,-0.06094808126410832
govreport_test_0666,TextRank - no_path,word:110,0.05875706214689265
govreport_test_0666,Lead - no_path,word:110,0.004394791547104385
govreport_test_0666,Full - no_path,word:260,-0.005953779866823383
govreport_test_0666,AB2 - AB0,word:260,-0.07665242523247048
govreport_test_0666,TextRank - no_path,word:260,0.06717817561807324
govreport_test_0666,Lead - no_path,word:260,0.019142745229701746
govreport_test_0667,Full - no_path,unit:10,-0.0057815637753449445
govreport_test_0667,AB2 - AB0,unit:10,0.018185827292522244
govreport_test_0667,TextRank - no_path,unit:10,-0.08992029326291168
govreport_test_0667,Lead - no_path,unit:10,-0.06015558474172647
govreport_test_0667,Full - no_path,unit:5,-0.09207535899123112
govreport_test_0667,AB2 - AB0,unit:5,0.08561820624516545
govreport_test_0667,TextRank - no_path,unit:5,-0.12337644241093895
govreport_test_0667,Lead - no_path,unit:5,-0.1471206165662282
govreport_test_0667,Full - no_path,word:110,-0.0026336003511467365
govreport_test_0667,AB2 - AB0,word:110,-0.014043359123146373
govreport_test_0667,TextRank - no_path,word:110,-0.0454296060572808
govreport_test_0667,Lead - no_path,word:110,-0.038353196099675
govreport_test_0667,Full - no_path,word:260,-0.007465558377587944
govreport_test_0667,AB2 - AB0,word:260,0.044991259029587366
govreport_test_0667,TextRank - no_path,word:260,-0.02151708062583149
govreport_test_0667,Lead - no_path,word:260,0.05582606232911774
govreport_test_0668,Full - no_path,unit:10,0.0
govreport_test_0668,AB2 - AB0,unit:10,-0.004438606573078235
govreport_test_0668,TextRank - no_path,unit:10,-0.007231804681326476
govreport_test_0668,Lead - no_path,unit:10,0.05165728580362722
govreport_test_0668,Full - no_path,unit:5,0.0
govreport_test_0668,AB2 - AB0,unit:5,0.02101010101010098
govreport_test_0668,TextRank - no_path,unit:5,-0.029068187992393385
govreport_test_0668,Lead - no_path,unit:5,0.039141414141414144
govreport_test_0668,Full - no_path,word:110,0.0
govreport_test_0668,AB2 - AB0,word:110,0.0506746176731562
govreport_test_0668,TextRank - no_path,word:110,-0.017642114316991142
govreport_test_0668,Lead - no_path,word:110,0.041688442342365906
govreport_test_0668,Full - no_path,word:260,0.0
govreport_test_0668,AB2 - AB0,word:260,0.0207148157308929
govreport_test_0668,TextRank - no_path,word:260,0.004763081315543816
govreport_test_0668,Lead - no_path,word:260,0.051872289024323254
govreport_test_0669,Full - no_path,unit:10,0.0
govreport_test_0669,AB2 - AB0,unit:10,-0.07713777490297541
govreport_test_0669,TextRank - no_path,unit:10,-0.05271143679851656
govreport_test_0669,Lead - no_path,unit:10,0.05874824791273087
govreport_test_0669,Full - no_path,unit:5,0.0
govreport_test_0669,AB2 - AB0,unit:5,-0.08309854198679228
govreport_test_0669,TextRank - no_path,unit:5,-0.0011667098781436014
govreport_test_0669,Lead - no_path,unit:5,0.16339989301482621
govreport_test_0669,Full - no_path,word:110,0.0
govreport_test_0669,AB2 - AB0,word:110,-0.1464505814703076
govreport_test_0669,TextRank - no_path,word:110,0.053742951584678206
govreport_test_0669,Lead - no_path,word:110,0.1775096525096525
govreport_test_0669,Full - no_path,word:260,0.0
govreport_test_0669,AB2 - AB0,word:260,-0.0838706363880592
govreport_test_0669,TextRank - no_path,word:260,-0.05254835274859748
govreport_test_0669,Lead - no_path,word:260,0.04530531193772552
govreport_test_0670,Full - no_path,unit:10,0.0
govreport_test_0670,AB2 - AB0,unit:10,-0.012032702876440704
govreport_test_0670,TextRank - no_path,unit:10,0.0086256212899056
govreport_test_0670,Lead - no_path,unit:10,-0.01943090403421152
govreport_test_0670,Full - no_path,unit:5,0.0
govreport_test_0670,AB2 - AB0,unit:5,-0.015468518505836026
govreport_test_0670,TextRank - no_path,unit:5,-0.023446742343012444
govreport_test_0670,Lead - no_path,unit:5,-0.08669585932589254
govreport_test_0670,Full - no_path,word:110,0.0
govreport_test_0670,AB2 - AB0,word:110,0.009975359157965213
govreport_test_0670,TextRank - no_path,word:110,0.04294454845496129
govreport_test_0670,Lead - no_path,word:110,-0.02067035879533073
govreport_test_0670,Full - no_path,word:260,0.004237288135593237
govreport_test_0670,AB2 - AB0,word:260,-0.00425079702444206
govreport_test_0670,TextRank - no_path,word:260,0.030989122185681783
govreport_test_0670,Lead - no_path,word:260,-0.010770334499148049
govreport_test_0671,Full - no_path,unit:10,0.007080761459897333
govreport_test_0671,AB2 - AB0,unit:10,0.0024406819161492677
govreport_test_0671,TextRank - no_path,unit:10,-0.026239067055393583
govreport_test_0671,Lead - no_path,unit:10,0.08066083576287658
govreport_test_0671,Full - no_path,unit:5,0.0
govreport_test_0671,AB2 - AB0,unit:5,-0.007626725644775789
govreport_test_0671,TextRank - no_path,unit:5,-0.053161284854648716
govreport_test_0671,Lead - no_path,unit:5,0.025213184509339404
govreport_test_0671,Full - no_path,word:110,-0.006578947368421073
govreport_test_0671,AB2 - AB0,word:110,-0.048000403970938146
govreport_test_0671,TextRank - no_path,word:110,0.03289473684210527
govreport_test_0671,Lead - no_path,word:110,0.06596520114776512
govreport_test_0671,Full - no_path,word:260,-0.026109922262801316
govreport_test_0671,AB2 - AB0,word:260,-0.02999484288584997
govreport_test_0671,TextRank - no_path,word:260,0.011580888014748908
govreport_test_0671,Lead - no_path,word:260,0.11996251171508904
govreport_test_0672,Full - no_path,unit:10,0.0
govreport_test_0672,AB2 - AB0,unit:10,-2.1717413021787868e-05
govreport_test_0672,TextRank - no_path,unit:10,0.004922124951657669
govreport_test_0672,Lead - no_path,unit:10,-0.030130826561863805
govreport_test_0672,Full - no_path,unit:5,0.0
govreport_test_0672,AB2 - AB0,unit:5,0.0020116632363030573
govreport_test_0672,TextRank - no_path,unit:5,-0.001007586533902316
govreport_test_0672,Lead - no_path,unit:5,-0.021098672094601173
govreport_test_0672,Full - no_path,word:110,-0.01553895247740432
govreport_test_0672,AB2 - AB0,word:110,-0.011706829624505172
govreport_test_0672,TextRank - no_path,word:110,0.00013997012274107046
govreport_test_0672,Lead - no_path,word:110,-0.022547914317925605
govreport_test_0672,Full - no_path,word:260,0.0
govreport_test_0672,AB2 - AB0,word:260,0.007182150735807441
govreport_test_0672,TextRank - no_path,word:260,0.005609066843396626
govreport_test_0672,Lead - no_path,word:260,-0.02702702702702703
govreport_test_0673,Full - no_path,unit:10,0.0
govreport_test_0673,AB2 - AB0,unit:10,-0.009657805990230417
govreport_test_0673,TextRank - no_path,unit:10,-0.04570986677914865
govreport_test_0673,Lead - no_path,unit:10,-0.02225553889721804
govreport_test_0673,Full - no_path,unit:5,0.0
govreport_test_0673,AB2 - AB0,unit:5,0.012708095056551016
govreport_test_0673,TextRank - no_path,unit:5,-0.02955280564221581
govreport_test_0673,Lead - no_path,unit:5,-0.06723407529635057
govreport_test_0673,Full - no_path,word:110,0.0
govreport_test_0673,AB2 - AB0,word:110,-0.006535947712418319
govreport_test_0673,TextRank - no_path,word:110,0.014950533947640982
govreport_test_0673,Lead - no_path,word:110,-0.006743300498775404
govreport_test_0673,Full - no_path,word:260,0.0
govreport_test_0673,AB2 - AB0,word:260,0.007629027793835785
govreport_test_0673,TextRank - no_path,word:260,0.010965937036163553
govreport_test_0673,Lead - no_path,word:260,0.03765357097014124
govreport_test_0674,Full - no_path,unit:10,-0.0018706381754083068
govreport_test_0674,AB2 - AB0,unit:10,0.0023714532823703727
govreport_test_0674,TextRank - no_path,unit:10,0.010547580017551655
govreport_test_0674,Lead - no_path,unit:10,0.2299896339321665
govreport_test_0674,Full - no_path,unit:5,0.0
govreport_test_0674,AB2 - AB0,unit:5,0.035164374709719115
govreport_test_0674,TextRank - no_path,unit:5,-0.03913134596904455
govreport_test_0674,Lead - no_path,unit:5,0.08758874326425353
govreport_test_0674,Full - no_path,word:110,0.0
govreport_test_0674,AB2 - AB0,word:110,0.01941625542790279
govreport_test_0674,TextRank - no_path,word:110,0.0027266407785608293
govreport_test_0674,Lead - no_path,word:110,0.10024449877750613
govreport_test_0674,Full - no_path,word:260,-0.002059732234809486
govreport_test_0674,AB2 - AB0,word:260,-0.035398060790796854
govreport_test_0674,TextRank - no_path,word:260,0.02323156667319201
govreport_test_0674,Lead - no_path,word:260,0.2787595928751028
govreport_test_0675,Full - no_path,unit:10,0.0
govreport_test_0675,AB2 - AB0,unit:10,-0.042171850289931506
govreport_test_0675,TextRank - no_path,unit:10,0.05724417426545084
govreport_test_0675,Lead - no_path,unit:10,0.03073420603301083
govreport_test_0675,Full - no_path,unit:5,0.0
govreport_test_0675,AB2 - AB0,unit:5,-0.06484451845254233
govreport_test_0675,TextRank - no_path,unit:5,0.01153427814078653
govreport_test_0675,Lead - no_path,unit:5,0.0302739277529194
govreport_test_0675,Full - no_path,word:110,0.002659782202069444
govreport_test_0675,AB2 - AB0,word:110,-0.04411816463466392
govreport_test_0675,TextRank - no_path,word:110,0.07429302002441904
govreport_test_0675,Lead - no_path,word:110,-0.00822022439437256
govreport_test_0675,Full - no_path,word:260,0.0
govreport_test_0675,AB2 - AB0,word:260,-0.07083707748669385
govreport_test_0675,TextRank - no_path,word:260,0.015820091100472167
govreport_test_0675,Lead - no_path,word:260,-0.014134275618374548
govreport_test_0676,Full - no_path,unit:10,-0.007687292845335231
govreport_test_0676,AB2 - AB0,unit:10,-0.00559715191400359
govreport_test_0676,TextRank - no_path,unit:10,0.013831170457676456
govreport_test_0676,Lead - no_path,unit:10,0.12753535488009296
govreport_test_0676,Full - no_path,unit:5,0.0
govreport_test_0676,AB2 - AB0,unit:5,-0.03493181810643073
govreport_test_0676,TextRank - no_path,unit:5,-0.0031237673524958653
govreport_test_0676,Lead - no_path,unit:5,0.11762334572198294
govreport_test_0676,Full - no_path,word:110,0.0
govreport_test_0676,AB2 - AB0,word:110,0.011315417256011304
govreport_test_0676,TextRank - no_path,word:110,0.03111739745403115
govreport_test_0676,Lead - no_path,word:110,0.1354294025044151
govreport_test_0676,Full - no_path,word:260,-0.0067998901137757695
govreport_test_0676,AB2 - AB0,word:260,-0.0048596258494192635
govreport_test_0676,TextRank - no_path,word:260,0.0019244321569903133
govreport_test_0676,Lead - no_path,word:260,0.12785507081199746
govreport_test_0677,Full - no_path,unit:10,0.0
govreport_test_0677,AB2 - AB0,unit:10,-0.001338188788600092
govreport_test_0677,TextRank - no_path,unit:10,0.007869793905340927
govreport_test_0677,Lead - no_path,unit:10,0.03906908819613519
govreport_test_0677,Full - no_path,unit:5,0.0
govreport_test_0677,AB2 - AB0,unit:5,0.03429971416904862
govreport_test_0677,TextRank - no_path,unit:5,0.04527252502780865
govreport_test_0677,Lead - no_path,unit:5,0.1437445114454657
govreport_test_0677,Full - no_path,word:110,0.0
govreport_test_0677,AB2 - AB0,word:110,0.016169269149034438
govreport_test_0677,TextRank - no_path,word:110,0.08147991710774677
govreport_test_0677,Lead - no_path,word:110,0.11023824346090377
govreport_test_0677,Full - no_path,word:260,0.0
govreport_test_0677,AB2 - AB0,word:260,-0.03672316384180796
govreport_test_0677,TextRank - no_path,word:260,0.06754341164453528
govreport_test_0677,Lead - no_path,word:260,0.08340749805317607
govreport_test_0678,Full - no_path,unit:10,0.0
govreport_test_0678,AB2 - AB0,unit:10,-0.06593945020372374
govreport_test_0678,TextRank - no_path,unit:10,0.0305429175402121
govreport_test_0678,Lead - no_path,unit:10,0.05879498735641836
govreport_test_0678,Full - no_path,unit:5,-0.002074443968274664
govreport_test_0678,AB2 - AB0,unit:5,-0.026414212248714347
govreport_test_0678,TextRank - no_path,unit:5,0.026064084170253465
govreport_test_0678,Lead - no_path,unit:5,0.010631985404821381
govreport_test_0678,Full - no_path,word:110,-0.005689821335903317
govreport_test_0678,AB2 - AB0,word:110,-0.04014113740141137
govreport_test_0678,TextRank - no_path,word:110,0.021276595744680882
govreport_test_0678,Lead - no_path,word:110,0.02407626919298378
govreport_test_0678,Full - no_path,word:260,0.0
govreport_test_0678,AB2 - AB0,word:260,-0.06708021650550386
govreport_test_0678,TextRank - no_path,word:260,0.03776965242763486
govreport_test_0678,Lead - no_path,word:260,0.06529182843705736
govreport_test_0679,Full - no_path,unit:10,0.0041963968397167595
govreport_test_0679,AB2 - AB0,unit:10,0.02510135890246623
govreport_test_0679,TextRank - no_path,unit:10,0.02361095022973861
govreport_test_0679,Lead - no_path,unit:10,0.11767511108009401
govreport_test_0679,Full - no_path,unit:5,0.0
govreport_test_0679,AB2 - AB0,unit:5,-0.010273008725021099
govreport_test_0679,TextRank - no_path,unit:5,-0.011666203722074525
govreport_test_0679,Lead - no_path,unit:5,0.023581220084501614
govreport_test_0679,Full - no_path,word:110,0.0
govreport_test_0679,AB2 - AB0,word:110,-0.01556420233463035
govreport_test_0679,TextRank - no_path,word:110,0.007616570685491347
govreport_test_0679,Lead - no_path,word:110,-0.020954857885937234
govreport_test_0679,Full - no_path,word:260,-0.03840282799068048
govreport_test_0679,AB2 - AB0,word:260,-0.004131131633304391
govreport_test_0679,TextRank - no_path,word:260,-0.004732794320646827
govreport_test_0679,Lead - no_path,word:260,0.03277584253652424
govreport_test_0680,Full - no_path,unit:10,0.0
govreport_test_0680,AB2 - AB0,unit:10,-0.03774633279004297
govreport_test_0680,TextRank - no_path,unit:10,0.0952828829993917
govreport_test_0680,Lead - no_path,unit:10,-0.11976083551302419
govreport_test_0680,Full - no_path,unit:5,0.0
govreport_test_0680,AB2 - AB0,unit:5,-0.1281782368929033
govreport_test_0680,TextRank - no_path,unit:5,-0.0028117572988671236
govreport_test_0680,Lead - no_path,unit:5,-0.05159279516449938
govreport_test_0680,Full - no_path,word:110,0.0
govreport_test_0680,AB2 - AB0,word:110,-0.009757854301001512
govreport_test_0680,TextRank - no_path,word:110,0.009757854301001512
govreport_test_0680,Lead - no_path,word:110,0.07445008460236885
govreport_test_0680,Full - no_path,word:260,0.0
govreport_test_0680,AB2 - AB0,word:260,0.019771253733517846
govreport_test_0680,TextRank - no_path,word:260,-0.09581317522098143
govreport_test_0680,Lead - no_path,word:260,-0.08613728129205922
govreport_test_0681,Full - no_path,unit:10,0.0
govreport_test_0681,AB2 - AB0,unit:10,0.027436471929642714
govreport_test_0681,TextRank - no_path,unit:10,0.009201720601205887
govreport_test_0681,Lead - no_path,unit:10,-0.02685017505734638
govreport_test_0681,Full - no_path,unit:5,-0.02770453284149549
govreport_test_0681,AB2 - AB0,unit:5,0.04182375889692963
govreport_test_0681,TextRank - no_path,unit:5,-0.02989712979039777
govreport_test_0681,Lead - no_path,unit:5,-0.040979637753223386
govreport_test_0681,Full - no_path,word:110,0.0
govreport_test_0681,AB2 - AB0,word:110,-0.03448214482785629
govreport_test_0681,TextRank - no_path,word:110,0.015393943717230824
govreport_test_0681,Lead - no_path,word:110,-0.018632521311124597
govreport_test_0681,Full - no_path,word:260,0.00648611350698633
govreport_test_0681,AB2 - AB0,word:260,0.01302655263588523
govreport_test_0681,TextRank - no_path,word:260,0.007739159103923338
govreport_test_0681,Lead - no_path,word:260,-0.013538179396015565
govreport_test_0682,Full - no_path,unit:10,0.0
govreport_test_0682,AB2 - AB0,unit:10,-0.03706488566500066
govreport_test_0682,TextRank - no_path,unit:10,-0.0023993224401883395
govreport_test_0682,Lead - no_path,unit:10,0.06886162914019164
govreport_test_0682,Full - no_path,unit:5,0.0
govreport_test_0682,AB2 - AB0,unit:5,-0.03723201116729877
govreport_test_0682,TextRank - no_path,unit:5,-0.04354166666666667
govreport_test_0682,Lead - no_path,unit:5,0.03831550802139039
govreport_test_0682,Full - no_path,word:110,0.0
govreport_test_0682,AB2 - AB0,word:110,-0.052567246742460425
govreport_test_0682,TextRank - no_path,word:110,0.0
govreport_test_0682,Lead - no_path,word:110,0.019822635465093552
govreport_test_0682,Full - no_path,word:260,0.0
govreport_test_0682,AB2 - AB0,word:260,-0.043489789100242315
govreport_test_0682,TextRank - no_path,word:260,0.00973391736837545
govreport_test_0682,Lead - no_path,word:260,0.08501161375366084
govreport_test_0683,Full - no_path,unit:10,0.00964980544747085
govreport_test_0683,AB2 - AB0,unit:10,-0.04807894672442062
govreport_test_0683,TextRank - no_path,unit:10,-0.048532012734347346
govreport_test_0683,Lead - no_path,unit:10,-0.027742371082117884
govreport_test_0683,Full - no_path,unit:5,-0.05001112677101108
govreport_test_0683,AB2 - AB0,unit:5,-0.0031933668087837652
govreport_test_0683,TextRank - no_path,unit:5,-0.010287383022499541
govreport_test_0683,Lead - no_path,unit:5,-0.08457161205158856
govreport_test_0683,Full - no_path,word:110,0.0
govreport_test_0683,AB2 - AB0,word:110,-0.06581466698023349
govreport_test_0683,TextRank - no_path,word:110,0.059764065452809864
govreport_test_0683,Lead - no_path,word:110,0.06121120638896917
govreport_test_0683,Full - no_path,word:260,0.0
govreport_test_0683,AB2 - AB0,word:260,0.0014588659589174213
govreport_test_0683,TextRank - no_path,word:260,0.10692143494329037
govreport_test_0683,Lead - no_path,word:260,0.09715079365079365
govreport_test_0684,Full - no_path,unit:10,0.0005416066512612672
govreport_test_0684,AB2 - AB0,unit:10,-0.0015811140874697205
govreport_test_0684,TextRank - no_path,unit:10,0.008127090860741953
govreport_test_0684,Lead - no_path,unit:10,0.043092515504524864
govreport_test_0684,Full - no_path,unit:5,-0.008494706284152997
govreport_test_0684,AB2 - AB0,unit:5,0.03959204290212684
govreport_test_0684,TextRank - no_path,unit:5,-0.009770102590554774
govreport_test_0684,Lead - no_path,unit:5,0.013688453487038343
govreport_test_0684,Full - no_path,word:110,0.0
govreport_test_0684,AB2 - AB0,word:110,-0.011198221078242865
govreport_test_0684,TextRank - no_path,word:110,0.020918586349978535
govreport_test_0684,Lead - no_path,word:110,0.05395313393027244
govreport_test_0684,Full - no_path,word:260,-0.007481296758104744
govreport_test_0684,AB2 - AB0,word:260,-0.02907127104816451
govreport_test_0684,TextRank - no_path,word:260,0.03785876147654631
govreport_test_0684,Lead - no_path,word:260,0.08312499902404293
govreport_test_0685,Full - no_path,unit:10,0.0
govreport_test_0685,AB2 - AB0,unit:10,-0.00845217319468397
govreport_test_0685,TextRank - no_path,unit:10,-0.010553728070175433
govreport_test_0685,Lead - no_path,unit:10,0.0038604480737018942
govreport_test_0685,Full - no_path,unit:5,0.0
govreport_test_0685,AB2 - AB0,unit:5,0.016745159602302467
govreport_test_0685,TextRank - no_path,unit:5,-0.04624303969324198
govreport_test_0685,Lead - no_path,unit:5,-0.06425412343708434
govreport_test_0685,Full - no_path,word:110,0.0
govreport_test_0685,AB2 - AB0,word:110,-0.04719854528923742
govreport_test_0685,TextRank - no_path,word:110,0.04227127917055981
govreport_test_0685,Lead - no_path,word:110,0.00038457188100890494
govreport_test_0685,Full - no_path,word:260,0.0
govreport_test_0685,AB2 - AB0,word:260,-0.003086230756983832
govreport_test_0685,TextRank - no_path,word:260,0.023641271009692016
govreport_test_0685,Lead - no_path,word:260,0.010964141460857751
govreport_test_0686,Full - no_path,unit:10,-0.004044864542656568
govreport_test_0686,AB2 - AB0,unit:10,-0.020210540522302464
govreport_test_0686,TextRank - no_path,unit:10,0.01207329525071063
govreport_test_0686,Lead - no_path,unit:10,0.49019717054695333
govreport_test_0686,Full - no_path,unit:5,-0.0033013788111505155
govreport_test_0686,AB2 - AB0,unit:5,0.0027114647804303005
govreport_test_0686,TextRank - no_path,unit:5,-0.010791065221645496
govreport_test_0686,Lead - no_path,unit:5,0.19164257367069515
govreport_test_0686,Full - no_path,word:110,-0.017119628726920647
govreport_test_0686,AB2 - AB0,word:110,0.0
govreport_test_0686,TextRank - no_path,word:110,-0.016636494686379052
govreport_test_0686,Lead - no_path,word:110,0.2501496358860108
govreport_test_0686,Full - no_path,word:260,0.006201550387596899
govreport_test_0686,AB2 - AB0,word:260,-0.007077543887830218
govreport_test_0686,TextRank - no_path,word:260,0.01363856589147286
govreport_test_0686,Lead - no_path,word:260,0.39747344243468274
govreport_test_0687,Full - no_path,unit:10,0.0
govreport_test_0687,AB2 - AB0,unit:10,-0.0744100498445805
govreport_test_0687,TextRank - no_path,unit:10,0.02766468778514186
govreport_test_0687,Lead - no_path,unit:10,0.05884125909089297
govreport_test_0687,Full - no_path,unit:5,0.0
govreport_test_0687,AB2 - AB0,unit:5,-0.01640302996546729
govreport_test_0687,TextRank - no_path,unit:5,0.003664137215848323
govreport_test_0687,Lead - no_path,unit:5,0.05164185571477206
govreport_test_0687,Full - no_path,word:110,0.0
govreport_test_0687,AB2 - AB0,word:110,-0.01020615796519414
govreport_test_0687,TextRank - no_path,word:110,0.01806235066560473
govreport_test_0687,Lead - no_path,word:110,0.03781307794870323
govreport_test_0687,Full - no_path,word:260,0.0
govreport_test_0687,AB2 - AB0,word:260,-0.006420557596757498
govreport_test_0687,TextRank - no_path,word:260,0.04702887909936371
govreport_test_0687,Lead - no_path,word:260,0.06888888888888894
govreport_test_0688,Full - no_path,unit:10,0.0
govreport_test_0688,AB2 - AB0,unit:10,0.01735569080735974
govreport_test_0688,TextRank - no_path,unit:10,0.006649620546837348
govreport_test_0688,Lead - no_path,unit:10,0.05463595323532813
govreport_test_0688,Full - no_path,unit:5,0.0
govreport_test_0688,AB2 - AB0,unit:5,0.01184421042577069
govreport_test_0688,TextRank - no_path,unit:5,-0.005285568450462047
govreport_test_0688,Lead - no_path,unit:5,0.015449796126401655
govreport_test_0688,Full - no_path,word:110,0.0
govreport_test_0688,AB2 - AB0,word:110,-0.0372695715377771
govreport_test_0688,TextRank - no_path,word:110,-0.016930461044901424
govreport_test_0688,Lead - no_path,word:110,0.03282078273619307
govreport_test_0688,Full - no_path,word:260,0.0
govreport_test_0688,AB2 - AB0,word:260,0.0036231884057971453
govreport_test_0688,TextRank - no_path,word:260,0.018457876324995404
govreport_test_0688,Lead - no_path,word:260,0.05992597226566573
govreport_test_0689,Full - no_path,unit:10,0.0
govreport_test_0689,AB2 - AB0,unit:10,-0.0334427254258477
govreport_test_0689,TextRank - no_path,unit:10,-0.06049824883916266
govreport_test_0689,Lead - no_path,unit:10,0.06248968291281409
govreport_test_0689,Full - no_path,unit:5,0.0
govreport_test_0689,AB2 - AB0,unit:5,-0.10411325780903141
govreport_test_0689,TextRank - no_path,unit:5,-0.0009524082322443506
govreport_test_0689,Lead - no_path,unit:5,0.16581849024597123
govreport_test_0689,Full - no_path,word:110,0.0
govreport_test_0689,AB2 - AB0,word:110,-0.16560095939838598
govreport_test_0689,TextRank - no_path,word:110,0.017617303331589035
govreport_test_0689,Lead - no_path,word:110,0.16498019101338335
govreport_test_0689,Full - no_path,word:260,0.0
govreport_test_0689,AB2 - AB0,word:260,-0.08280790007717148
govreport_test_0689,TextRank - no_path,word:260,0.014985240940571576
govreport_test_0689,Lead - no_path,word:260,0.1791890880837962
govreport_test_0690,Full - no_path,unit:10,0.0
govreport_test_0690,AB2 - AB0,unit:10,0.008185387207726796
govreport_test_0690,TextRank - no_path,unit:10,-0.02636300638660498
govreport_test_0690,Lead - no_path,unit:10,0.3299366897799216
govreport_test_0690,Full - no_path,unit:5,0.0
govreport_test_0690,AB2 - AB0,unit:5,0.0005134338808016892
govreport_test_0690,TextRank - no_path,unit:5,-0.0005134338808016892
govreport_test_0690,Lead - no_path,unit:5,0.2125100887812752
govreport_test_0690,Full - no_path,word:110,0.0
govreport_test_0690,AB2 - AB0,word:110,-0.005826258301505821
govreport_test_0690,TextRank - no_path,word:110,-0.029872894240710338
govreport_test_0690,Lead - no_path,word:110,0.1918019826065803
govreport_test_0690,Full - no_path,word:260,-0.02150537634408603
govreport_test_0690,AB2 - AB0,word:260,0.036523286324964765
govreport_test_0690,TextRank - no_path,word:260,-0.08621386115759709
govreport_test_0690,Lead - no_path,word:260,0.14756471882782185
govreport_test_0691,Full - no_path,unit:10,0.0020918527838943157
govreport_test_0691,AB2 - AB0,unit:10,0.006808146987608676
govreport_test_0691,TextRank - no_path,unit:10,-0.03275663206459056
govreport_test_0691,Lead - no_path,unit:10,0.13054612022898748
govreport_test_0691,Full - no_path,unit:5,-0.0035753408264523334
govreport_test_0691,AB2 - AB0,unit:5,0.07781040473743452
govreport_test_0691,TextRank - no_path,unit:5,-0.07781040473743452
govreport_test_0691,Lead - no_path,unit:5,0.06680339351556111
govreport_test_0691,Full - no_path,word:110,0.0
govreport_test_0691,AB2 - AB0,word:110,-0.08160046728971963
govreport_test_0691,TextRank - no_path,word:110,0.06663151007334059
govreport_test_0691,Lead - no_path,word:110,0.14813621226769794
govreport_test_0691,Full - no_path,word:260,0.012578616352201283
govreport_test_0691,AB2 - AB0,word:260,-0.06652372784448252
govreport_test_0691,TextRank - no_path,word:260,0.09439209980201799
govreport_test_0691,Lead - no_path,word:260,0.28655392028242255
govreport_test_0692,Full - no_path,unit:10,0.01746909532907756
govreport_test_0692,AB2 - AB0,unit:10,-0.10154761329012918
govreport_test_0692,TextRank - no_path,unit:10,0.0850971582759727
govreport_test_0692,Lead - no_path,unit:10,0.1781987875694147
govreport_test_0692,Full - no_path,unit:5,0.000591110605888373
govreport_test_0692,AB2 - AB0,unit:5,-0.08304943141220764
govreport_test_0692,TextRank - no_path,unit:5,0.11399107086713198
govreport_test_0692,Lead - no_path,unit:5,0.17135105805751485
govreport_test_0692,Full - no_path,word:110,-0.008214340549669893
govreport_test_0692,AB2 - AB0,word:110,-0.04454035390591285
govreport_test_0692,TextRank - no_path,word:110,0.04237471003938072
govreport_test_0692,Lead - no_path,word:110,0.09102878580189021
govreport_test_0692,Full - no_path,word:260,0.0006299968500157738
govreport_test_0692,AB2 - AB0,word:260,-0.09313725490196076
govreport_test_0692,TextRank - no_path,word:260,0.10513447432762843
govreport_test_0692,Lead - no_path,word:260,0.20689963623352617
govreport_test_0693,Full - no_path,unit:10,0.0
govreport_test_0693,AB2 - AB0,unit:10,0.025692040988815085
govreport_test_0693,TextRank - no_path,unit:10,-0.013206416996747655
govreport_test_0693,Lead - no_path,unit:10,-0.004325579935336055
govreport_test_0693,Full - no_path,unit:5,0.0
govreport_test_0693,AB2 - AB0,unit:5,0.0415510442529575
govreport_test_0693,TextRank - no_path,unit:5,-0.04588484241006793
govreport_test_0693,Lead - no_path,unit:5,-0.06097560975609756
govreport_test_0693,Full - no_path,word:110,0.0
govreport_test_0693,AB2 - AB0,word:110,0.0
govreport_test_0693,TextRank - no_path,word:110,0.03446181630753127
govreport_test_0693,Lead - no_path,word:110,0.039703409751938326
govreport_test_0693,Full - no_path,word:260,0.0
govreport_test_0693,AB2 - AB0,word:260,-0.030267753201396963
govreport_test_0693,TextRank - no_path,word:260,0.0430601235251338
govreport_test_0693,Lead - no_path,word:260,0.004236632334871621
govreport_test_0694,Full - no_path,unit:10,-0.0007680679821873149
govreport_test_0694,AB2 - AB0,unit:10,0.004911026466645707
govreport_test_0694,TextRank - no_path,unit:10,0.005979899497487423
govreport_test_0694,Lead - no_path,unit:10,0.006694185211773146
govreport_test_0694,Full - no_path,unit:5,-0.04267882225107994
govreport_test_0694,AB2 - AB0,unit:5,0.02914077343748439
govreport_test_0694,TextRank - no_path,unit:5,-0.05363178906686808
govreport_test_0694,Lead - no_path,unit:5,-0.0713687863631724
govreport_test_0694,Full - no_path,word:110,0.0
govreport_test_0694,AB2 - AB0,word:110,-0.01215768229359658
govreport_test_0694,TextRank - no_path,word:110,0.024098437264857067
govreport_test_0694,Lead - no_path,word:110,0.0320665647548969
govreport_test_0694,Full - no_path,word:260,-0.008766714203328724
govreport_test_0694,AB2 - AB0,word:260,-0.007068187483859595
govreport_test_0694,TextRank - no_path,word:260,0.03834017605823187
govreport_test_0694,Lead - no_path,word:260,0.057560056523787095
govreport_test_0695,Full - no_path,unit:10,0.0
govreport_test_0695,AB2 - AB0,unit:10,0.006499133448873429
govreport_test_0695,TextRank - no_path,unit:10,0.04574440052700923
govreport_test_0695,Lead - no_path,unit:10,0.40431915910176786
govreport_test_0695,Full - no_path,unit:5,0.0
govreport_test_0695,AB2 - AB0,unit:5,-0.04675123578107321
govreport_test_0695,TextRank - no_path,unit:5,0.04675123578107321
govreport_test_0695,Lead - no_path,unit:5,0.42545126629678875
govreport_test_0695,Full - no_path,word:110,0.0
govreport_test_0695,AB2 - AB0,word:110,-0.03937177280550774
govreport_test_0695,TextRank - no_path,word:110,0.03274820349647847
govreport_test_0695,Lead - no_path,word:110,0.45029676227032017
govreport_test_0695,Full - no_path,word:260,0.0
govreport_test_0695,AB2 - AB0,word:260,-0.010313494824278513
govreport_test_0695,TextRank - no_path,word:260,0.03961262105592009
govreport_test_0695,Lead - no_path,word:260,0.34834989317347387
govreport_test_0696,Full - no_path,unit:10,-0.005036545452644259
govreport_test_0696,AB2 - AB0,unit:10,-0.015690707966077355
govreport_test_0696,TextRank - no_path,unit:10,0.06927866426547166
govreport_test_0696,Lead - no_path,unit:10,-0.006222543835995187
govreport_test_0696,Full - no_path,unit:5,0.023231516194456403
govreport_test_0696,AB2 - AB0,unit:5,-0.06702700336995054
govreport_test_0696,TextRank - no_path,unit:5,0.06534072524106393
govreport_test_0696,Lead - no_path,unit:5,-0.020161652210179543
govreport_test_0696,Full - no_path,word:110,0.0
govreport_test_0696,AB2 - AB0,word:110,-0.010261153763142489
govreport_test_0696,TextRank - no_path,word:110,0.05614035087719299
govreport_test_0696,Lead - no_path,word:110,-0.017371196004069916
govreport_test_0696,Full - no_path,word:260,0.0
govreport_test_0696,AB2 - AB0,word:260,-0.04282933901042768
govreport_test_0696,TextRank - no_path,word:260,0.07389312512366253
govreport_test_0696,Lead - no_path,word:260,-0.021670926370885052
govreport_test_0697,Full - no_path,unit:10,0.01700387056461644
govreport_test_0697,AB2 - AB0,unit:10,-0.05295467584624211
govreport_test_0697,TextRank - no_path,unit:10,-0.02208335799629635
govreport_test_0697,Lead - no_path,unit:10,0.0022276251382161716
govreport_test_0697,Full - no_path,unit:5,-0.01656311153551346
govreport_test_0697,AB2 - AB0,unit:5,0.009028238869554006
govreport_test_0697,TextRank - no_path,unit:5,-0.04101709005604315
govreport_test_0697,Lead - no_path,unit:5,-0.0010524046519067298
govreport_test_0697,Full - no_path,word:110,-0.015290519877675823
govreport_test_0697,AB2 - AB0,word:110,-0.0178904176846732
govreport_test_0697,TextRank - no_path,word:110,0.002833998646030289
govreport_test_0697,Lead - no_path,word:110,0.03975535168195721
govreport_test_0697,Full - no_path,word:260,0.007206818427014816
govreport_test_0697,AB2 - AB0,word:260,-0.06131054763357935
govreport_test_0697,TextRank - no_path,word:260,0.006715454154111095
govreport_test_0697,Lead - no_path,word:260,0.02430903507354129
govreport_test_0698,Full - no_path,unit:10,0.0
govreport_test_0698,AB2 - AB0,unit:10,0.0071333526272305825
govreport_test_0698,TextRank - no_path,unit:10,-0.002856951692760623
govreport_test_0698,Lead - no_path,unit:10,0.02063610374357089
govreport_test_0698,Full - no_path,unit:5,0.0
govreport_test_0698,AB2 - AB0,unit:5,0.003042577397211338
govreport_test_0698,TextRank - no_path,unit:5,-0.014843049277637535
govreport_test_0698,Lead - no_path,unit:5,-0.02778803309640776
govreport_test_0698,Full - no_path,word:110,0.0
govreport_test_0698,AB2 - AB0,word:110,0.015861982786898043
govreport_test_0698,TextRank - no_path,word:110,0.004685962418581394
govreport_test_0698,Lead - no_path,word:110,-0.020137901128626318
govreport_test_0698,Full - no_path,word:260,0.0
govreport_test_0698,AB2 - AB0,word:260,0.00027577348796795076
govreport_test_0698,TextRank - no_path,word:260,0.0041754841058547765
govreport_test_0698,Lead - no_path,word:260,0.007927968204774594
govreport_test_0699,Full - no_path,unit:10,-0.005216006285682556
govreport_test_0699,AB2 - AB0,unit:10,-0.07977114004985694
govreport_test_0699,TextRank - no_path,unit:10,0.04805617478868138
govreport_test_0699,Lead - no_path,unit:10,0.1312634657743648
govreport_test_0699,Full - no_path,unit:5,0.00246984692185509
govreport_test_0699,AB2 - AB0,unit:5,-0.042237975385041676
govreport_test_0699,TextRank - no_path,unit:5,0.03661365468163322
govreport_test_0699,Lead - no_path,unit:5,0.05185300529430087
govreport_test_0699,Full - no_path,word:110,-0.021511606610656597
govreport_test_0699,AB2 - AB0,word:110,-0.03343493489478891
govreport_test_0699,TextRank - no_path,word:110,0.04765798465690772
govreport_test_0699,Lead - no_path,word:110,0.19672131147540983
govreport_test_0699,Full - no_path,word:260,0.034008559201141236
govreport_test_0699,AB2 - AB0,word:260,-0.009804699662391086
govreport_test_0699,TextRank - no_path,word:260,0.12571428571428575
govreport_test_0699,Lead - no_path,word:260,0.24798858773181168
govreport_test_0700,Full - no_path,unit:10,0.0
govreport_test_0700,AB2 - AB0,unit:10,0.0134340722120658
govreport_test_0700,TextRank - no_path,unit:10,0.0028676207020155997
govreport_test_0700,Lead - no_path,unit:10,0.053559238671873344
govreport_test_0700,Full - no_path,unit:5,-0.013582342954159582
govreport_test_0700,AB2 - AB0,unit:5,0.024423443850100313
govreport_test_0700,TextRank - no_path,unit:5,0.0022052972604297283
govreport_test_0700,Lead - no_path,unit:5,0.00857009781089893
govreport_test_0700,Full - no_path,word:110,-0.0044684983560496355
govreport_test_0700,AB2 - AB0,word:110,-0.01011202117416514
govreport_test_0700,TextRank - no_path,word:110,0.007574987290289756
govreport_test_0700,Lead - no_path,word:110,0.02811598475436418
govreport_test_0700,Full - no_path,word:260,0.004733813703866496
govreport_test_0700,AB2 - AB0,word:260,-0.02251539672177605
govreport_test_0700,TextRank - no_path,word:260,0.011526082467966242
govreport_test_0700,Lead - no_path,word:260,0.03807615230460923
govreport_test_0701,Full - no_path,unit:10,-0.0030694359203050636
govreport_test_0701,AB2 - AB0,unit:10,-0.01033850128392741
govreport_test_0701,TextRank - no_path,unit:10,-0.013103917629703088
govreport_test_0701,Lead - no_path,unit:10,0.025051395945845212
govreport_test_0701,Full - no_path,unit:5,0.010525932155116435
govreport_test_0701,AB2 - AB0,unit:5,-0.012041457126081734
govreport_test_0701,TextRank - no_path,unit:5,-0.02124361027589955
govreport_test_0701,Lead - no_path,unit:5,0.005583806619286841
govreport_test_0701,Full - no_path,word:110,0.0
govreport_test_0701,AB2 - AB0,word:110,-0.04579073000125633
govreport_test_0701,TextRank - no_path,word:110,-0.019736335525809195
govreport_test_0701,Lead - no_path,word:110,0.05974395448079661
govreport_test_0701,Full - no_path,word:260,0.011013525952718761
govreport_test_0701,AB2 - AB0,word:260,-0.03474683475283258
govreport_test_0701,TextRank - no_path,word:260,-0.023822786010991165
govreport_test_0701,Lead - no_path,word:260,0.048083376311964576
govreport_test_0702,Full - no_path,unit:10,0.0
govreport_test_0702,AB2 - AB0,unit:10,-0.010449410702949996
govreport_test_0702,TextRank - no_path,unit:10,-0.04650546488428525
govreport_test_0702,Lead - no_path,unit:10,-0.004521271553455775
govreport_test_0702,Full - no_path,unit:5,0.0
govreport_test_0702,AB2 - AB0,unit:5,-0.003574340001254117
govreport_test_0702,TextRank - no_path,unit:5,-0.016085123891815323
govreport_test_0702,Lead - no_path,unit:5,0.027009333075474012
govreport_test_0702,Full - no_path,word:110,0.0
govreport_test_0702,AB2 - AB0,word:110,-0.008255755213971289
govreport_test_0702,TextRank - no_path,word:110,0.02246077143777156
govreport_test_0702,Lead - no_path,word:110,0.04089644546599361
govreport_test_0702,Full - no_path,word:260,0.0
govreport_test_0702,AB2 - AB0,word:260,-0.007043755611442631
govreport_test_0702,TextRank - no_path,word:260,-0.07580824972129319
govreport_test_0702,Lead - no_path,word:260,-0.06593085574535498
govreport_test_0703,Full - no_path,unit:10,0.0
govreport_test_0703,AB2 - AB0,unit:10,0.03781623672466611
govreport_test_0703,TextRank - no_path,unit:10,0.014270613107822405
govreport_test_0703,Lead - no_path,unit:10,0.19972997299729975
govreport_test_0703,Full - no_path,unit:5,0.0
govreport_test_0703,AB2 - AB0,unit:5,-0.02953369362475486
govreport_test_0703,TextRank - no_path,unit:5,0.03086850366236485
govreport_test_0703,Lead - no_path,unit:5,0.1757049641465495
govreport_test_0703,Full - no_path,word:110,0.0
govreport_test_0703,AB2 - AB0,word:110,-0.03647457295525966
govreport_test_0703,TextRank - no_path,word:110,0.02002861230329045
govreport_test_0703,Lead - no_path,word:110,0.17322670970739637
govreport_test_0703,Full - no_path,word:260,0.0
govreport_test_0703,AB2 - AB0,word:260,0.04453327037727503
govreport_test_0703,TextRank - no_path,word:260,-0.015083677461421391
govreport_test_0703,Lead - no_path,word:260,0.19677542766573758
govreport_test_0704,Full - no_path,unit:10,0.0
govreport_test_0704,AB2 - AB0,unit:10,0.02301059524535823
govreport_test_0704,TextRank - no_path,unit:10,1.1907366641195072e-05
govreport_test_0704,Lead - no_path,unit:10,0.2411904415685134
govreport_test_0704,Full - no_path,unit:5,0.0
govreport_test_0704,AB2 - AB0,unit:5,-0.010810293936320936
govreport_test_0704,TextRank - no_path,unit:5,0.022307937220433116
govreport_test_0704,Lead - no_path,unit:5,0.06656769059174633
govreport_test_0704,Full - no_path,word:110,0.0
govreport_test_0704,AB2 - AB0,word:110,-0.07444168734491317
govreport_test_0704,TextRank - no_path,word:110,0.058671078025916715
govreport_test_0704,Lead - no_path,word:110,0.1616814775880404
govreport_test_0704,Full - no_path,word:260,0.0
govreport_test_0704,AB2 - AB0,word:260,-0.018809187464029736
govreport_test_0704,TextRank - no_path,word:260,0.03692512949301524
govreport_test_0704,Lead - no_path,word:260,0.27269303690621516
govreport_test_0705,Full - no_path,unit:10,0.0
govreport_test_0705,AB2 - AB0,unit:10,-0.05973571087406457
govreport_test_0705,TextRank - no_path,unit:10,0.047076590349765024
govreport_test_0705,Lead - no_path,unit:10,-0.03697969937080392
govreport_test_0705,Full - no_path,unit:5,-0.012509631991497266
govreport_test_0705,AB2 - AB0,unit:5,-0.021690191173843104
govreport_test_0705,TextRank - no_path,unit:5,-0.05387279264037223
govreport_test_0705,Lead - no_path,unit:5,-0.12304482386897105
govreport_test_0705,Full - no_path,word:110,0.002842236548562166
govreport_test_0705,AB2 - AB0,word:110,-0.005101790532254097
govreport_test_0705,TextRank - no_path,word:110,0.005101790532254097
govreport_test_0705,Lead - no_path,word:110,-0.04000804850096669
govreport_test_0705,Full - no_path,word:260,-0.017640573318632835
govreport_test_0705,AB2 - AB0,word:260,-0.060914038423709904
govreport_test_0705,TextRank - no_path,word:260,0.16463322186683937
govreport_test_0705,Lead - no_path,word:260,0.15036074198727245
govreport_test_0706,Full - no_path,unit:10,0.0
govreport_test_0706,AB2 - AB0,unit:10,0.03292585281799587
govreport_test_0706,TextRank - no_path,unit:10,-0.013862823294821441
govreport_test_0706,Lead - no_path,unit:10,-0.05802559360458179
govreport_test_0706,Full - no_path,unit:5,0.0
govreport_test_0706,AB2 - AB0,unit:5,0.04711212640395965
govreport_test_0706,TextRank - no_path,unit:5,-0.020903707081513706
govreport_test_0706,Lead - no_path,unit:5,-0.08197121190165679
govreport_test_0706,Full - no_path,word:110,0.0
govreport_test_0706,AB2 - AB0,word:110,-0.013624537861152947
govreport_test_0706,TextRank - no_path,word:110,0.022790949978407166
govreport_test_0706,Lead - no_path,word:110,-0.014163472375843034
govreport_test_0706,Full - no_path,word:260,0.0
govreport_test_0706,AB2 - AB0,word:260,-0.056118388834476035
govreport_test_0706,TextRank - no_path,word:260,0.07179503856513222
govreport_test_0706,Lead - no_path,word:260,0.022787797711473684
govreport_test_0707,Full - no_path,unit:10,0.0
govreport_test_0707,AB2 - AB0,unit:10,0.07641686421081717
govreport_test_0707,TextRank - no_path,unit:10,-0.033813126485128214
govreport_test_0707,Lead - no_path,unit:10,0.007998720204767273
govreport_test_0707,Full - no_path,unit:5,0.0
govreport_test_0707,AB2 - AB0,unit:5,0.038277812696417335
govreport_test_0707,TextRank - no_path,unit:5,-0.05180044092430797
govreport_test_0707,Lead - no_path,unit:5,-0.059844364488327334
govreport_test_0707,Full - no_path,word:110,0.0
govreport_test_0707,AB2 - AB0,word:110,0.044558761773351774
govreport_test_0707,TextRank - no_path,word:110,-0.04772331873537708
govreport_test_0707,Lead - no_path,word:110,-0.03904943873895392
govreport_test_0707,Full - no_path,word:260,-0.0018886484359630362
govreport_test_0707,AB2 - AB0,word:260,-0.0036555209117299092
govreport_test_0707,TextRank - no_path,word:260,-0.05705768322283222
govreport_test_0707,Lead - no_path,word:260,0.05759199830583017
govreport_test_0708,Full - no_path,unit:10,0.0
govreport_test_0708,AB2 - AB0,unit:10,-0.01691508750905052
govreport_test_0708,TextRank - no_path,unit:10,0.021146391752577348
govreport_test_0708,Lead - no_path,unit:10,-0.024339393939393966
govreport_test_0708,Full - no_path,unit:5,0.0
govreport_test_0708,AB2 - AB0,unit:5,0.03859675895220596
govreport_test_0708,TextRank - no_path,unit:5,0.006582245631005013
govreport_test_0708,Lead - no_path,unit:5,-0.010688661922668513
govreport_test_0708,Full - no_path,word:110,0.0
govreport_test_0708,AB2 - AB0,word:110,0.0
govreport_test_0708,TextRank - no_path,word:110,0.027475871663333623
govreport_test_0708,Lead - no_path,word:110,-0.03225806451612906
govreport_test_0708,Full - no_path,word:260,0.0
govreport_test_0708,AB2 - AB0,word:260,-0.02530692396849188
govreport_test_0708,TextRank - no_path,word:260,0.03407093638081793
govreport_test_0708,Lead - no_path,word:260,0.0
govreport_test_0709,Full - no_path,unit:10,0.0
govreport_test_0709,AB2 - AB0,unit:10,0.009201214917697847
govreport_test_0709,TextRank - no_path,unit:10,-0.027781143557224997
govreport_test_0709,Lead - no_path,unit:10,0.03577131284807414
govreport_test_0709,Full - no_path,unit:5,0.006916126042632073
govreport_test_0709,AB2 - AB0,unit:5,-0.010583562007612624
govreport_test_0709,TextRank - no_path,unit:5,-0.0012185624627788771
govreport_test_0709,Lead - no_path,unit:5,0.0541419265579063
govreport_test_0709,Full - no_path,word:110,-0.002567394094993583
govreport_test_0709,AB2 - AB0,word:110,0.010147476660803664
govreport_test_0709,TextRank - no_path,word:110,0.0031371899457534602
govreport_test_0709,Lead - no_path,word:110,0.06205361789443943
govreport_test_0709,Full - no_path,word:260,0.0
govreport_test_0709,AB2 - AB0,word:260,0.0023253246484412626
govreport_test_0709,TextRank - no_path,word:260,-0.007513047024907543
govreport_test_0709,Lead - no_path,word:260,0.045299484148753205
govreport_test_0710,Full - no_path,unit:10,0.0
govreport_test_0710,AB2 - AB0,unit:10,-0.017331200838033245
govreport_test_0710,TextRank - no_path,unit:10,0.06536660903193714
govreport_test_0710,Lead - no_path,unit:10,0.05123324459128564
govreport_test_0710,Full - no_path,unit:5,-0.02070845637086427
govreport_test_0710,AB2 - AB0,unit:5,-0.03229798346787155
govreport_test_0710,TextRank - no_path,unit:5,0.02259232359193314
govreport_test_0710,Lead - no_path,unit:5,0.0005527021744112515
govreport_test_0710,Full - no_path,word:110,-0.016585712593294638
govreport_test_0710,AB2 - AB0,word:110,-0.046448087431694
govreport_test_0710,TextRank - no_path,word:110,0.05765995145992467
govreport_test_0710,Lead - no_path,word:110,0.02997275204359673
govreport_test_0710,Full - no_path,word:260,-0.0030427171134469744
govreport_test_0710,AB2 - AB0,word:260,-0.050656502132098075
govreport_test_0710,TextRank - no_path,word:260,0.066776574428691
govreport_test_0710,Lead - no_path,word:260,0.0744920993227991
govreport_test_0711,Full - no_path,unit:10,0.0
govreport_test_0711,AB2 - AB0,unit:10,0.055423803249890186
govreport_test_0711,TextRank - no_path,unit:10,-0.04108335442668273
govreport_test_0711,Lead - no_path,unit:10,-0.09693784476393172
govreport_test_0711,Full - no_path,unit:5,-0.0037078235076010713
govreport_test_0711,AB2 - AB0,unit:5,0.02124416939915949
govreport_test_0711,TextRank - no_path,unit:5,-0.13260503624308634
govreport_test_0711,Lead - no_path,unit:5,-0.11933250374908269
govreport_test_0711,Full - no_path,word:110,0.005530487561394348
govreport_test_0711,AB2 - AB0,word:110,0.014795255036736149
govreport_test_0711,TextRank - no_path,word:110,-0.09987058680794275
govreport_test_0711,Lead - no_path,word:110,-0.08227848101265828
govreport_test_0711,Full - no_path,word:260,0.0
govreport_test_0711,AB2 - AB0,word:260,0.061827061827061824
govreport_test_0711,TextRank - no_path,word:260,-0.050493378819559065
govreport_test_0711,Lead - no_path,word:260,-0.09799776716264941
govreport_test_0712,Full - no_path,unit:10,-0.021206229389451214
govreport_test_0712,AB2 - AB0,unit:10,-0.09241564499848096
govreport_test_0712,TextRank - no_path,unit:10,0.02192427692048235
govreport_test_0712,Lead - no_path,unit:10,0.13556675496974008
govreport_test_0712,Full - no_path,unit:5,-0.010877789352486442
govreport_test_0712,AB2 - AB0,unit:5,-0.03784638428892405
govreport_test_0712,TextRank - no_path,unit:5,0.03784638428892405
govreport_test_0712,Lead - no_path,unit:5,0.15211736671355974
govreport_test_0712,Full - no_path,word:110,-0.018089534414022015
govreport_test_0712,AB2 - AB0,word:110,-0.08825447175962639
govreport_test_0712,TextRank - no_path,word:110,0.03780068728522337
govreport_test_0712,Lead - no_path,word:110,0.15812227609262597
govreport_test_0712,Full - no_path,word:260,-0.00506558118498418
govreport_test_0712,AB2 - AB0,word:260,-0.12389686415249757
govreport_test_0712,TextRank - no_path,word:260,0.04416239338358985
govreport_test_0712,Lead - no_path,word:260,0.1705441749125768
govreport_test_0713,Full - no_path,unit:10,-0.00973259650614361
govreport_test_0713,AB2 - AB0,unit:10,0.0009995840240396847
govreport_test_0713,TextRank - no_path,unit:10,0.04857045026536555
govreport_test_0713,Lead - no_path,unit:10,-0.10775843541800989
govreport_test_0713,Full - no_path,unit:5,-0.0060225100870673065
govreport_test_0713,AB2 - AB0,unit:5,-0.0002077991926390521
govreport_test_0713,TextRank - no_path,unit:5,0.019189802944839213
govreport_test_0713,Lead - no_path,unit:5,-0.05447245564892625
govreport_test_0713,Full - no_path,word:110,0.0
govreport_test_0713,AB2 - AB0,word:110,-0.043621578938525904
govreport_test_0713,TextRank - no_path,word:110,0.009649466638180337
govreport_test_0713,Lead - no_path,word:110,-0.028469738838318173
govreport_test_0713,Full - no_path,word:260,0.0
govreport_test_0713,AB2 - AB0,word:260,-0.044901600629755956
govreport_test_0713,TextRank - no_path,word:260,0.04652488872079835
govreport_test_0713,Lead - no_path,word:260,-0.06891745483294778
govreport_test_0714,Full - no_path,unit:10,0.0
govreport_test_0714,AB2 - AB0,unit:10,-0.008752885675677835
govreport_test_0714,TextRank - no_path,unit:10,0.054358252861802125
govreport_test_0714,Lead - no_path,unit:10,0.03947368421052633
govreport_test_0714,Full - no_path,unit:5,0.0
govreport_test_0714,AB2 - AB0,unit:5,-0.042035092406067925
govreport_test_0714,TextRank - no_path,unit:5,0.04015215817460119
govreport_test_0714,Lead - no_path,unit:5,-0.0456492355536218
govreport_test_0714,Full - no_path,word:110,0.0
govreport_test_0714,AB2 - AB0,word:110,-0.038160055740805304
govreport_test_0714,TextRank - no_path,word:110,0.03180212014134279
govreport_test_0714,Lead - no_path,word:110,-0.01033178023077641
govreport_test_0714,Full - no_path,word:260,0.0
govreport_test_0714,AB2 - AB0,word:260,-0.07673439217250067
govreport_test_0714,TextRank - no_path,word:260,0.052783529319842204
govreport_test_0714,Lead - no_path,word:260,0.05411810411810414
govreport_test_0715,Full - no_path,unit:10,0.0
govreport_test_0715,AB2 - AB0,unit:10,-0.04947006755182859
govreport_test_0715,TextRank - no_path,unit:10,0.013965191155941858
govreport_test_0715,Lead - no_path,unit:10,-0.00234879481859257
govreport_test_0715,Full - no_path,unit:5,0.0
govreport_test_0715,AB2 - AB0,unit:5,-0.035585720055490266
govreport_test_0715,TextRank - no_path,unit:5,0.006703665839053685
govreport_test_0715,Lead - no_path,unit:5,0.07944488381727116
govreport_test_0715,Full - no_path,word:110,0.0
govreport_test_0715,AB2 - AB0,word:110,-0.07236987818383159
govreport_test_0715,TextRank - no_path,word:110,0.031081703170843994
govreport_test_0715,Lead - no_path,word:110,0.08162323933994128
govreport_test_0715,Full - no_path,word:260,0.0
govreport_test_0715,AB2 - AB0,word:260,-0.017125671107576013
govreport_test_0715,TextRank - no_path,word:260,0.023519217676548854
govreport_test_0715,Lead - no_path,word:260,0.020309369438878955
govreport_test_0716,Full - no_path,unit:10,-0.003054833099924603
govreport_test_0716,AB2 - AB0,unit:10,-0.1994828089311049
govreport_test_0716,TextRank - no_path,unit:10,0.07255505825218078
govreport_test_0716,Lead - no_path,unit:10,-0.04964298407159706
govreport_test_0716,Full - no_path,unit:5,0.07150828044664437
govreport_test_0716,AB2 - AB0,unit:5,-0.0648656954944988
govreport_test_0716,TextRank - no_path,unit:5,0.003616020638129852
govreport_test_0716,Lead - no_path,unit:5,-0.01595387408476362
govreport_test_0716,Full - no_path,word:110,0.04150943396226417
govreport_test_0716,AB2 - AB0,word:110,-0.06337907375643226
govreport_test_0716,TextRank - no_path,word:110,0.055539792878422506
govreport_test_0716,Lead - no_path,word:110,-0.015492307145649004
govreport_test_0716,Full - no_path,word:260,-0.00388994307400381
govreport_test_0716,AB2 - AB0,word:260,-0.19676945668135093
govreport_test_0716,TextRank - no_path,word:260,0.03956162259925933
govreport_test_0716,Lead - no_path,word:260,-0.08962848297213624
govreport_test_0717,Full - no_path,unit:10,0.0
govreport_test_0717,AB2 - AB0,unit:10,-0.04092082780607373
govreport_test_0717,TextRank - no_path,unit:10,-0.016136735518622214
govreport_test_0717,Lead - no_path,unit:10,0.03654292343387475
govreport_test_0717,Full - no_path,unit:5,-0.014101375367022079
govreport_test_0717,AB2 - AB0,unit:5,-0.022438047500358993
govreport_test_0717,TextRank - no_path,unit:5,0.0038724808421282397
govreport_test_0717,Lead - no_path,unit:5,0.03994451835278465
govreport_test_0717,Full - no_path,word:110,0.0
govreport_test_0717,AB2 - AB0,word:110,-0.02083031849135239
govreport_test_0717,TextRank - no_path,word:110,0.014388489208633087
govreport_test_0717,Lead - no_path,word:110,0.03716199454229721
govreport_test_0717,Full - no_path,word:260,0.0
govreport_test_0717,AB2 - AB0,word:260,-0.037735849056603765
govreport_test_0717,TextRank - no_path,word:260,-0.005212048899809918
govreport_test_0717,Lead - no_path,word:260,0.03512675146465888
govreport_test_0718,Full - no_path,unit:10,-0.003595338166295231
govreport_test_0718,AB2 - AB0,unit:10,-0.016932747260955422
govreport_test_0718,TextRank - no_path,unit:10,0.039172217074720767
govreport_test_0718,Lead - no_path,unit:10,0.18350342726580354
govreport_test_0718,Full - no_path,unit:5,0.003484596499564424
govreport_test_0718,AB2 - AB0,unit:5,0.01026551770665049
govreport_test_0718,TextRank - no_path,unit:5,0.027829604920123374
govreport_test_0718,Lead - no_path,unit:5,0.07016297874544092
govreport_test_0718,Full - no_path,word:110,0.0
govreport_test_0718,AB2 - AB0,word:110,0.024823269116615393
govreport_test_0718,TextRank - no_path,word:110,0.0036079730289229617
govreport_test_0718,Lead - no_path,word:110,0.09518426184187792
govreport_test_0718,Full - no_path,word:260,0.0
govreport_test_0718,AB2 - AB0,word:260,-0.0025252525252525415
govreport_test_0718,TextRank - no_path,word:260,0.03907019293687147
govreport_test_0718,Lead - no_path,word:260,0.1896538530214525
govreport_test_0719,Full - no_path,unit:10,-0.10409048760431802
govreport_test_0719,AB2 - AB0,unit:10,-0.05198605706874193
govreport_test_0719,TextRank - no_path,unit:10,-0.09744990892531882
govreport_test_0719,Lead - no_path,unit:10,-0.11398285324819751
govreport_test_0719,Full - no_path,unit:5,-0.007991390364535611
govreport_test_0719,AB2 - AB0,unit:5,0.009219554030874766
govreport_test_0719,TextRank - no_path,unit:5,-0.05268766279895806
govreport_test_0719,Lead - no_path,unit:5,-0.05003922722369322
govreport_test_0719,Full - no_path,word:110,-0.022988505747126436
govreport_test_0719,AB2 - AB0,word:110,-0.06130268199233718
govreport_test_0719,TextRank - no_path,word:110,-0.0029056950647110835
govreport_test_0719,Lead - no_path,word:110,0.010217113665389493
govreport_test_0719,Full - no_path,word:260,-0.10661136249371547
govreport_test_0719,AB2 - AB0,word:260,-0.07206980978090272
govreport_test_0719,TextRank - no_path,word:260,-0.13227981169157643
govreport_test_0719,Lead - no_path,word:260,-0.11560125514234376
govreport_test_0720,Full - no_path,unit:10,0.0
govreport_test_0720,AB2 - AB0,unit:10,0.04306975389544199
govreport_test_0720,TextRank - no_path,unit:10,-0.03554265441057894
govreport_test_0720,Lead - no_path,unit:10,-0.03734475686344063
govreport_test_0720,Full - no_path,unit:5,0.0
govreport_test_0720,AB2 - AB0,unit:5,0.06111918885185996
govreport_test_0720,TextRank - no_path,unit:5,-0.03224760978771675
govreport_test_0720,Lead - no_path,unit:5,-0.007371369600471772
govreport_test_0720,Full - no_path,word:110,0.0
govreport_test_0720,AB2 - AB0,word:110,0.00032051124814602705
govreport_test_0720,TextRank - no_path,word:110,0.040568401273552906
govreport_test_0720,Lead - no_path,word:110,0.007138998978283628
govreport_test_0720,Full - no_path,word:260,0.0
govreport_test_0720,AB2 - AB0,word:260,0.028244704549614696
govreport_test_0720,TextRank - no_path,word:260,0.01301972998660239
govreport_test_0720,Lead - no_path,word:260,-0.019402166460989995
govreport_test_0721,Full - no_path,unit:10,0.0
govreport_test_0721,AB2 - AB0,unit:10,-0.05570972685794323
govreport_test_0721,TextRank - no_path,unit:10,0.03496805524860283
govreport_test_0721,Lead - no_path,unit:10,0.01337915234822451
govreport_test_0721,Full - no_path,unit:5,0.0
govreport_test_0721,AB2 - AB0,unit:5,-0.03761696869182049
govreport_test_0721,TextRank - no_path,unit:5,0.04747140691745899
govreport_test_0721,Lead - no_path,unit:5,0.04299364308557868
govreport_test_0721,Full - no_path,word:110,0.0
govreport_test_0721,AB2 - AB0,word:110,-0.04119993862206536
govreport_test_0721,TextRank - no_path,word:110,0.0468472686259071
govreport_test_0721,Lead - no_path,word:110,0.038275962013878256
govreport_test_0721,Full - no_path,word:260,0.0
govreport_test_0721,AB2 - AB0,word:260,-0.05311917240278072
govreport_test_0721,TextRank - no_path,word:260,0.059977248432256935
govreport_test_0721,Lead - no_path,word:260,0.03126911446096506
govreport_test_0722,Full - no_path,unit:10,0.0
govreport_test_0722,AB2 - AB0,unit:10,-0.0628890377436247
govreport_test_0722,TextRank - no_path,unit:10,0.03466183574879228
govreport_test_0722,Lead - no_path,unit:10,0.14739475500345064
govreport_test_0722,Full - no_path,unit:5,0.0
govreport_test_0722,AB2 - AB0,unit:5,-0.09070809946497485
govreport_test_0722,TextRank - no_path,unit:5,-0.021779951527325897
govreport_test_0722,Lead - no_path,unit:5,0.10205650062409044
govreport_test_0722,Full - no_path,word:110,0.0
govreport_test_0722,AB2 - AB0,word:110,-0.09729012176142084
govreport_test_0722,TextRank - no_path,word:110,0.03636363636363635
govreport_test_0722,Lead - no_path,word:110,0.1749336262931429
govreport_test_0722,Full - no_path,word:260,0.0
govreport_test_0722,AB2 - AB0,word:260,-0.0987085064574677
govreport_test_0722,TextRank - no_path,word:260,0.056102551179590565
govreport_test_0722,Lead - no_path,word:260,0.1678966458378223
govreport_test_0723,Full - no_path,unit:10,0.0
govreport_test_0723,AB2 - AB0,unit:10,-0.06393542801853641
govreport_test_0723,TextRank - no_path,unit:10,0.06820879421371628
govreport_test_0723,Lead - no_path,unit:10,0.11176031953457807
govreport_test_0723,Full - no_path,unit:5,0.0
govreport_test_0723,AB2 - AB0,unit:5,-0.08215416764536743
govreport_test_0723,TextRank - no_path,unit:5,-0.020631369624658225
govreport_test_0723,Lead - no_path,unit:5,0.09328255229894578
govreport_test_0723,Full - no_path,word:110,0.0
govreport_test_0723,AB2 - AB0,word:110,-0.1579637780390288
govreport_test_0723,TextRank - no_path,word:110,0.044628012756835866
govreport_test_0723,Lead - no_path,word:110,0.1098540279985104
govreport_test_0723,Full - no_path,word:260,0.0
govreport_test_0723,AB2 - AB0,word:260,-0.12853170310730996
govreport_test_0723,TextRank - no_path,word:260,0.09576046546521516
govreport_test_0723,Lead - no_path,word:260,0.13023831838264827
govreport_test_0724,Full - no_path,unit:10,0.0010224012696087859
govreport_test_0724,AB2 - AB0,unit:10,0.005890384785658037
govreport_test_0724,TextRank - no_path,unit:10,-0.007532543513236789
govreport_test_0724,Lead - no_path,unit:10,-0.0338531164583053
govreport_test_0724,Full - no_path,unit:5,-0.02884311207875101
govreport_test_0724,AB2 - AB0,unit:5,0.069536966020045
govreport_test_0724,TextRank - no_path,unit:5,-0.06348567956803383
govreport_test_0724,Lead - no_path,unit:5,-0.07417120895323963
govreport_test_0724,Full - no_path,word:110,-0.013277853102061823
govreport_test_0724,AB2 - AB0,word:110,-0.06133942161339424
govreport_test_0724,TextRank - no_path,word:110,0.03466735237739023
govreport_test_0724,Lead - no_path,word:110,-0.009464832342282126
govreport_test_0724,Full - no_path,word:260,-0.04468664850136239
govreport_test_0724,AB2 - AB0,word:260,-0.05085354896675648
govreport_test_0724,TextRank - no_path,word:260,0.03641304347826088
govreport_test_0724,Lead - no_path,word:260,-0.0451086956521739
govreport_test_0725,Full - no_path,unit:10,-0.003905506232426331
govreport_test_0725,AB2 - AB0,unit:10,-0.0083464257659073
govreport_test_0725,TextRank - no_path,unit:10,0.006868781336866442
govreport_test_0725,Lead - no_path,unit:10,-0.031467714830955035
govreport_test_0725,Full - no_path,unit:5,0.006525752107897798
govreport_test_0725,AB2 - AB0,unit:5,0.006344165296130355
govreport_test_0725,TextRank - no_path,unit:5,-0.0231561479496685
govreport_test_0725,Lead - no_path,unit:5,-0.06620011047923345
govreport_test_0725,Full - no_path,word:110,0.0003256003256003476
govreport_test_0725,AB2 - AB0,word:110,-0.02295818085291769
govreport_test_0725,TextRank - no_path,word:110,0.022210098805843473
govreport_test_0725,Lead - no_path,word:110,0.0026828447881079576
govreport_test_0725,Full - no_path,word:260,-0.0068601976134125275
govreport_test_0725,AB2 - AB0,word:260,-0.0019479524612051324
govreport_test_0725,TextRank - no_path,word:260,0.020484309364961734
govreport_test_0725,Lead - no_path,word:260,0.012853343839259346
govreport_test_0726,Full - no_path,unit:10,0.0
govreport_test_0726,AB2 - AB0,unit:10,-0.052144931148933454
govreport_test_0726,TextRank - no_path,unit:10,0.04706329956722313
govreport_test_0726,Lead - no_path,unit:10,0.08876455617721915
govreport_test_0726,Full - no_path,unit:5,0.0
govreport_test_0726,AB2 - AB0,unit:5,-0.0041936345583810375
govreport_test_0726,TextRank - no_path,unit:5,0.014968167696698342
govreport_test_0726,Lead - no_path,unit:5,0.005986177117943081
govreport_test_0726,Full - no_path,word:110,0.0
govreport_test_0726,AB2 - AB0,word:110,-0.061027924820079696
govreport_test_0726,TextRank - no_path,word:110,0.07363575865128662
govreport_test_0726,Lead - no_path,word:110,0.09297624689017887
govreport_test_0726,Full - no_path,word:260,0.0
govreport_test_0726,AB2 - AB0,word:260,-0.02803378391260411
govreport_test_0726,TextRank - no_path,word:260,0.09864890484195091
govreport_test_0726,Lead - no_path,word:260,0.12148481439820016
govreport_test_0727,Full - no_path,unit:10,0.0012015166449626524
govreport_test_0727,AB2 - AB0,unit:10,0.04594633732596873
govreport_test_0727,TextRank - no_path,unit:10,0.002942754734894082
govreport_test_0727,Lead - no_path,unit:10,-0.12139653547401608
govreport_test_0727,Full - no_path,unit:5,0.0
govreport_test_0727,AB2 - AB0,unit:5,0.032629521206757384
govreport_test_0727,TextRank - no_path,unit:5,0.0015879317189360642
govreport_test_0727,Lead - no_path,unit:5,-0.06989604069896041
govreport_test_0727,Full - no_path,word:110,0.048957826199716975
govreport_test_0727,AB2 - AB0,word:110,0.021891488951880894
govreport_test_0727,TextRank - no_path,word:110,0.049139601416483936
govreport_test_0727,Lead - no_path,word:110,0.0049321824907521405
govreport_test_0727,Full - no_path,word:260,0.0
govreport_test_0727,AB2 - AB0,word:260,0.061971921828306076
govreport_test_0727,TextRank - no_path,word:260,0.00829875518672199
govreport_test_0727,Lead - no_path,word:260,-0.0557405474417923
govreport_test_0728,Full - no_path,unit:10,0.0
govreport_test_0728,AB2 - AB0,unit:10,0.09761922457574627
govreport_test_0728,TextRank - no_path,unit:10,-0.09693153423288353
govreport_test_0728,Lead - no_path,unit:10,0.08047976011994004
govreport_test_0728,Full - no_path,unit:5,0.0
govreport_test_0728,AB2 - AB0,unit:5,0.08321078431372551
govreport_test_0728,TextRank - no_path,unit:5,-0.08846872082166202
govreport_test_0728,Lead - no_path,unit:5,0.08920345685051567
govreport_test_0728,Full - no_path,word:110,0.0
govreport_test_0728,AB2 - AB0,word:110,0.019999999999999976
govreport_test_0728,TextRank - no_path,word:110,-0.07463840399002496
govreport_test_0728,Lead - no_path,word:110,0.03036159600997504
govreport_test_0728,Full - no_path,word:260,-0.0069384385564902895
govreport_test_0728,AB2 - AB0,word:260,0.0645273713628144
govreport_test_0728,TextRank - no_path,word:260,-0.06433528658056568
govreport_test_0728,Lead - no_path,word:260,0.11008989646809797
govreport_test_0729,Full - no_path,unit:10,-0.009711400220161648
govreport_test_0729,AB2 - AB0,unit:10,0.00469634154514903
govreport_test_0729,TextRank - no_path,unit:10,-0.01762944233740696
govreport_test_0729,Lead - no_path,unit:10,-0.006391347099311717
govreport_test_0729,Full - no_path,unit:5,0.00917966450065838
govreport_test_0729,AB2 - AB0,unit:5,0.029518716577540113
govreport_test_0729,TextRank - no_path,unit:5,-0.024774747681314574
govreport_test_0729,Lead - no_path,unit:5,-0.034576574506804666
govreport_test_0729,Full - no_path,word:110,0.0018867924528302021
govreport_test_0729,AB2 - AB0,word:110,0.0022228939182126067
govreport_test_0729,TextRank - no_path,word:110,0.037565184412629196
govreport_test_0729,Lead - no_path,word:110,0.01997724471413674
govreport_test_0729,Full - no_path,word:260,0.006315789473684191
govreport_test_0729,AB2 - AB0,word:260,-0.0005602178625020993
govreport_test_0729,TextRank - no_path,word:260,0.021241195718484818
govreport_test_0729,Lead - no_path,word:260,0.011059856610904223
govreport_test_0730,Full - no_path,unit:10,-0.0027812200359988437
govreport_test_0730,AB2 - AB0,unit:10,-0.03573269903478993
govreport_test_0730,TextRank - no_path,unit:10,0.036056654418314016
govreport_test_0730,Lead - no_path,unit:10,0.1573326387079969
govreport_test_0730,Full - no_path,unit:5,-0.00877138836078123
govreport_test_0730,AB2 - AB0,unit:5,-0.03712208189820132
govreport_test_0730,TextRank - no_path,unit:5,0.05111401944792182
govreport_test_0730,Lead - no_path,unit:5,0.059268062084723044
govreport_test_0730,Full - no_path,word:110,-0.006043683746116912
govreport_test_0730,AB2 - AB0,word:110,-0.04150038239588405
govreport_test_0730,TextRank - no_path,word:110,0.05243048332293185
govreport_test_0730,Lead - no_path,word:110,0.08184789909181953
govreport_test_0730,Full - no_path,word:260,0.006550218340611341
govreport_test_0730,AB2 - AB0,word:260,-0.04192664702370638
govreport_test_0730,TextRank - no_path,word:260,0.05175872162771725
govreport_test_0730,Lead - no_path,word:260,0.18914290607072526
govreport_test_0731,Full - no_path,unit:10,0.0
govreport_test_0731,AB2 - AB0,unit:10,-0.04652169827892591
govreport_test_0731,TextRank - no_path,unit:10,0.0032686359522940966
govreport_test_0731,Lead - no_path,unit:10,0.03192379713757576
govreport_test_0731,Full - no_path,unit:5,0.0
govreport_test_0731,AB2 - AB0,unit:5,-0.044226347718921005
govreport_test_0731,TextRank - no_path,unit:5,0.03960119083298369
govreport_test_0731,Lead - no_path,unit:5,0.06215104319717893
govreport_test_0731,Full - no_path,word:110,0.0
govreport_test_0731,AB2 - AB0,word:110,-0.01253918495297801
govreport_test_0731,TextRank - no_path,word:110,0.03372743328100472
govreport_test_0731,Lead - no_path,word:110,0.008957284611208177
govreport_test_0731,Full - no_path,word:260,-0.0022775086371619735
govreport_test_0731,AB2 - AB0,word:260,-0.020021488358328038
govreport_test_0731,TextRank - no_path,word:260,0.02027883396704694
govreport_test_0731,Lead - no_path,word:260,0.0050697084917617485
govreport_test_0732,Full - no_path,unit:10,0.010691297728334825
govreport_test_0732,AB2 - AB0,unit:10,-0.05393230966306531
govreport_test_0732,TextRank - no_path,unit:10,0.05028515788009463
govreport_test_0732,Lead - no_path,unit:10,-0.03345512355664643
govreport_test_0732,Full - no_path,unit:5,0.0
govreport_test_0732,AB2 - AB0,unit:5,-0.027307893811406858
govreport_test_0732,TextRank - no_path,unit:5,0.03807503222347697
govreport_test_0732,Lead - no_path,unit:5,-0.05507161340795569
govreport_test_0732,Full - no_path,word:110,0.0
govreport_test_0732,AB2 - AB0,word:110,-0.08248873873873874
govreport_test_0732,TextRank - no_path,word:110,0.06597222222222221
govreport_test_0732,Lead - no_path,word:110,-0.020195578231292505
govreport_test_0732,Full - no_path,word:260,0.0
govreport_test_0732,AB2 - AB0,word:260,-0.03259558009223293
govreport_test_0732,TextRank - no_path,word:260,0.031148259280417506
govreport_test_0732,Lead - no_path,word:260,-0.04564639848252075
govreport_test_0733,Full - no_path,unit:10,0.002883356607588261
govreport_test_0733,AB2 - AB0,unit:10,-0.0027678796833161268
govreport_test_0733,TextRank - no_path,unit:10,-0.00634777633667033
govreport_test_0733,Lead - no_path,unit:10,-0.029829167350361896
govreport_test_0733,Full - no_path,unit:5,-0.02384489487599145
govreport_test_0733,AB2 - AB0,unit:5,-0.003168543615193753
govreport_test_0733,TextRank - no_path,unit:5,-0.013890775050926368
govreport_test_0733,Lead - no_path,unit:5,-0.04871158618056881
govreport_test_0733,Full - no_path,word:110,-0.03314917127071826
govreport_test_0733,AB2 - AB0,word:110,-0.002586177170377346
govreport_test_0733,TextRank - no_path,word:110,-0.0131522406384285
govreport_test_0733,Lead - no_path,word:110,-0.029675961856169178
govreport_test_0733,Full - no_path,word:260,-0.021401200763275896
govreport_test_0733,AB2 - AB0,word:260,0.000623373385073317
govreport_test_0733,TextRank - no_path,word:260,-0.009599062899259075
govreport_test_0733,Lead - no_path,word:260,-0.037221161624332616
govreport_test_0734,Full - no_path,unit:10,0.007674168658464237
govreport_test_0734,AB2 - AB0,unit:10,-0.0519903080650744
govreport_test_0734,TextRank - no_path,unit:10,0.06612618104236512
govreport_test_0734,Lead - no_path,unit:10,0.017721203666799523
govreport_test_0734,Full - no_path,unit:5,-0.002674358209285105
govreport_test_0734,AB2 - AB0,unit:5,-0.007212314526647487
govreport_test_0734,TextRank - no_path,unit:5,0.009998452850622702
govreport_test_0734,Lead - no_path,unit:5,-0.025867131192446838
govreport_test_0734,Full - no_path,word:110,0.013523261948598694
govreport_test_0734,AB2 - AB0,word:110,-0.04874336053892987
govreport_test_0734,TextRank - no_path,word:110,0.04874336053892987
govreport_test_0734,Lead - no_path,word:110,0.02424712253841102
govreport_test_0734,Full - no_path,word:260,0.0
govreport_test_0734,AB2 - AB0,word:260,-0.07674159342511211
govreport_test_0734,TextRank - no_path,word:260,0.09176638676649798
govreport_test_0734,Lead - no_path,word:260,0.0534837834504871
govreport_test_0735,Full - no_path,unit:10,0.0
govreport_test_0735,AB2 - AB0,unit:10,-0.03901754014095701
govreport_test_0735,TextRank - no_path,unit:10,0.0464971185578012
govreport_test_0735,Lead - no_path,unit:10,-0.02499329578975601
govreport_test_0735,Full - no_path,unit:5,0.0
govreport_test_0735,AB2 - AB0,unit:5,0.011151657303811985
govreport_test_0735,TextRank - no_path,unit:5,0.00400065619228554
govreport_test_0735,Lead - no_path,unit:5,-0.0614415630322311
govreport_test_0735,Full - no_path,word:110,0.0
govreport_test_0735,AB2 - AB0,word:110,-0.022617723396366335
govreport_test_0735,TextRank - no_path,word:110,0.027713625866050806
govreport_test_0735,Lead - no_path,word:110,-0.037524886517480274
govreport_test_0735,Full - no_path,word:260,0.0
govreport_test_0735,AB2 - AB0,word:260,-0.054067525765638946
govreport_test_0735,TextRank - no_path,word:260,0.03829409280857321
govreport_test_0735,Lead - no_path,word:260,-0.027257240204429295
govreport_test_0736,Full - no_path,unit:10,0.005364197856559227
govreport_test_0736,AB2 - AB0,unit:10,-0.013530858661336131
govreport_test_0736,TextRank - no_path,unit:10,0.018897117824796555
govreport_test_0736,Lead - no_path,unit:10,0.00862458689281037
govreport_test_0736,Full - no_path,unit:5,-0.02012738603752963
govreport_test_0736,AB2 - AB0,unit:5,0.012314856981762184
govreport_test_0736,TextRank - no_path,unit:5,-0.007942591356284695
govreport_test_0736,Lead - no_path,unit:5,-0.013242495686050765
govreport_test_0736,Full - no_path,word:110,0.010524973793806847
govreport_test_0736,AB2 - AB0,word:110,-0.005961146727101144
govreport_test_0736,TextRank - no_path,word:110,0.023678035306620854
govreport_test_0736,Lead - no_path,word:110,0.031957390146471365
govreport_test_0736,Full - no_path,word:260,-0.00014147549181028896
govreport_test_0736,AB2 - AB0,word:260,-0.026548672566371723
govreport_test_0736,TextRank - no_path,word:260,0.04015100065466248
govreport_test_0736,Lead - no_path,word:260,0.030939226519337032
govreport_test_0737,Full - no_path,unit:10,0.0
govreport_test_0737,AB2 - AB0,unit:10,-0.000922946359933341
govreport_test_0737,TextRank - no_path,unit:10,0.0031516548948932466
govreport_test_0737,Lead - no_path,unit:10,-0.0311447538860104
govreport_test_0737,Full - no_path,unit:5,0.0
govreport_test_0737,AB2 - AB0,unit:5,0.016796048488107923
govreport_test_0737,TextRank - no_path,unit:5,-0.018239965308832706
govreport_test_0737,Lead - no_path,unit:5,-0.03570385209298449
govreport_test_0737,Full - no_path,word:110,0.0
govreport_test_0737,AB2 - AB0,word:110,-0.016427626070280615
govreport_test_0737,TextRank - no_path,word:110,0.04424521209083486
govreport_test_0737,Lead - no_path,word:110,0.004640371229698376
govreport_test_0737,Full - no_path,word:260,0.0
govreport_test_0737,AB2 - AB0,word:260,-0.01829367824579678
govreport_test_0737,TextRank - no_path,word:260,0.025498558268205046
govreport_test_0737,Lead - no_path,word:260,-0.0008355972188215377
govreport_test_0738,Full - no_path,unit:10,0.0
govreport_test_0738,AB2 - AB0,unit:10,0.028327371176157357
govreport_test_0738,TextRank - no_path,unit:10,-0.0419169661692006
govreport_test_0738,Lead - no_path,unit:10,0.11996801155516401
govreport_test_0738,Full - no_path,unit:5,0.0
govreport_test_0738,AB2 - AB0,unit:5,0.03330056305299847
govreport_test_0738,TextRank - no_path,unit:5,0.0017726043276661413
govreport_test_0738,Lead - no_path,unit:5,-0.015867932862190834
govreport_test_0738,Full - no_path,word:110,0.0
govreport_test_0738,AB2 - AB0,word:110,0.05220228384991843
govreport_test_0738,TextRank - no_path,word:110,0.006684145017345947
govreport_test_0738,Lead - no_path,word:110,0.07834538280236221
govreport_test_0738,Full - no_path,word:260,0.0
govreport_test_0738,AB2 - AB0,word:260,0.017352115716753047
govreport_test_0738,TextRank - no_path,word:260,-0.048852842073181024
govreport_test_0738,Lead - no_path,word:260,0.15670995670995672
govreport_test_0739,Full - no_path,unit:10,0.0
govreport_test_0739,AB2 - AB0,unit:10,0.01202125583904326
govreport_test_0739,TextRank - no_path,unit:10,0.0527237769707328
govreport_test_0739,Lead - no_path,unit:10,0.030945787490956278
govreport_test_0739,Full - no_path,unit:5,0.0
govreport_test_0739,AB2 - AB0,unit:5,-0.01763387877435814
govreport_test_0739,TextRank - no_path,unit:5,0.013931558935361216
govreport_test_0739,Lead - no_path,unit:5,0.010424116445510057
govreport_test_0739,Full - no_path,word:110,0.0
govreport_test_0739,AB2 - AB0,word:110,0.0050150043412678785
govreport_test_0739,TextRank - no_path,word:110,0.029177718832891233
govreport_test_0739,Lead - no_path,word:110,0.029686324511614917
govreport_test_0739,Full - no_path,word:260,0.0
govreport_test_0739,AB2 - AB0,word:260,-0.014150530097257502
govreport_test_0739,TextRank - no_path,word:260,0.0526151722565284
govreport_test_0739,Lead - no_path,word:260,0.04154097513581964
govreport_test_0740,Full - no_path,unit:10,-0.007718522612139664
govreport_test_0740,AB2 - AB0,unit:10,0.012597920197901888
govreport_test_0740,TextRank - no_path,unit:10,-0.009341551244814603
govreport_test_0740,Lead - no_path,unit:10,0.020151260187220632
govreport_test_0740,Full - no_path,unit:5,-0.011575605680868822
govreport_test_0740,AB2 - AB0,unit:5,0.01612165990299773
govreport_test_0740,TextRank - no_path,unit:5,-0.02773961120028534
govreport_test_0740,Lead - no_path,unit:5,-0.02067080745341611
govreport_test_0740,Full - no_path,word:110,-0.01700147176919793
govreport_test_0740,AB2 - AB0,word:110,0.0022437317433975784
govreport_test_0740,TextRank - no_path,word:110,-0.012012739062922662
govreport_test_0740,Lead - no_path,word:110,-0.0071167782306093275
govreport_test_0740,Full - no_path,word:260,-0.0018308437280769446
govreport_test_0740,AB2 - AB0,word:260,-0.004004033946686927
govreport_test_0740,TextRank - no_path,word:260,0.01059151652037027
govreport_test_0740,Lead - no_path,word:260,0.039096282271064126
govreport_test_0741,Full - no_path,unit:10,0.0054042201929526135
govreport_test_0741,AB2 - AB0,unit:10,-0.026383782784612536
govreport_test_0741,TextRank - no_path,unit:10,0.01945166142485988
govreport_test_0741,Lead - no_path,unit:10,0.08304879783753027
govreport_test_0741,Full - no_path,unit:5,-0.001310470221861204
govreport_test_0741,AB2 - AB0,unit:5,0.013586848880966534
govreport_test_0741,TextRank - no_path,unit:5,-0.01682615629984055
govreport_test_0741,Lead - no_path,unit:5,-0.05592915079426784
govreport_test_0741,Full - no_path,word:110,-0.005403977420620584
govreport_test_0741,AB2 - AB0,word:110,-0.030067410506741027
govreport_test_0741,TextRank - no_path,word:110,0.018895915994112167
govreport_test_0741,Lead - no_path,word:110,0.017309153242300868
govreport_test_0741,Full - no_path,word:260,-0.00475228112115042
govreport_test_0741,AB2 - AB0,word:260,-0.04173257407993253
govreport_test_0741,TextRank - no_path,word:260,0.08760848151523642
govreport_test_0741,Lead - no_path,word:260,0.16834538057431764
govreport_test_0742,Full - no_path,unit:10,0.006828630076795461
govreport_test_0742,AB2 - AB0,unit:10,0.029365050320219577
govreport_test_0742,TextRank - no_path,unit:10,-0.03354933945090566
govreport_test_0742,Lead - no_path,unit:10,0.01435545130610455
govreport_test_0742,Full - no_path,unit:5,-0.028849047141424278
govreport_test_0742,AB2 - AB0,unit:5,0.04225462921480912
govreport_test_0742,TextRank - no_path,unit:5,-0.034540651016558815
govreport_test_0742,Lead - no_path,unit:5,0.014085735467271349
govreport_test_0742,Full - no_path,word:110,-0.008297397520009409
govreport_test_0742,AB2 - AB0,word:110,-0.018423746161719545
govreport_test_0742,TextRank - no_path,word:110,0.00398509992113695
govreport_test_0742,Lead - no_path,word:110,0.0018270810285292705
govreport_test_0742,Full - no_path,word:260,-0.014196983141082531
govreport_test_0742,AB2 - AB0,word:260,-0.03534903806298176
govreport_test_0742,TextRank - no_path,word:260,0.015971606033717778
govreport_test_0742,Lead - no_path,word:260,0.007098491570541238
govreport_test_0743,Full - no_path,unit:10,0.0
govreport_test_0743,AB2 - AB0,unit:10,0.005519779208831649
govreport_test_0743,TextRank - no_path,unit:10,-0.023133488875927005
govreport_test_0743,Lead - no_path,unit:10,-0.03565643351895667
govreport_test_0743,Full - no_path,unit:5,-0.03327733781297498
govreport_test_0743,AB2 - AB0,unit:5,0.030738185936373924
govreport_test_0743,TextRank - no_path,unit:5,-0.026649186082042087
govreport_test_0743,Lead - no_path,unit:5,-0.03911290654562122
govreport_test_0743,Full - no_path,word:110,0.0
govreport_test_0743,AB2 - AB0,word:110,-0.020997375328083975
govreport_test_0743,TextRank - no_path,word:110,0.004932462804167093
govreport_test_0743,Lead - no_path,word:110,0.008050349263434536
govreport_test_0743,Full - no_path,word:260,-0.02844638949671771
govreport_test_0743,AB2 - AB0,word:260,-0.0021881838074398197
govreport_test_0743,TextRank - no_path,word:260,-0.0023842833399098096
govreport_test_0743,Lead - no_path,word:260,-0.013313245088543701
govreport_test_0744,Full - no_path,unit:10,0.004559562176148668
govreport_test_0744,AB2 - AB0,unit:10,-0.025620842653788528
govreport_test_0744,TextRank - no_path,unit:10,0.02328569959905416
govreport_test_0744,Lead - no_path,unit:10,-0.018603315651871677
govreport_test_0744,Full - no_path,unit:5,0.002059592462605883
govreport_test_0744,AB2 - AB0,unit:5,-0.026313565290886035
govreport_test_0744,TextRank - no_path,unit:5,0.02413015917734891
govreport_test_0744,Lead - no_path,unit:5,-0.037191032364555704
govreport_test_0744,Full - no_path,word:110,0.0
govreport_test_0744,AB2 - AB0,word:110,-0.015973826020015403
govreport_test_0744,TextRank - no_path,word:110,0.023228183529348925
govreport_test_0744,Lead - no_path,word:110,-0.0071252966656378675
govreport_test_0744,Full - no_path,word:260,-0.009842519685039353
govreport_test_0744,AB2 - AB0,word:260,-0.02728008098774043
govreport_test_0744,TextRank - no_path,word:260,0.003793773565914871
govreport_test_0744,Lead - no_path,word:260,0.039192003654410446
govreport_test_0745,Full - no_path,unit:10,-0.012896866313071742
govreport_test_0745,AB2 - AB0,unit:10,-0.04414621277987091
govreport_test_0745,TextRank - no_path,unit:10,0.007178026659400871
govreport_test_0745,Lead - no_path,unit:10,0.16440101954120645
govreport_test_0745,Full - no_path,unit:5,-0.07624396978461828
govreport_test_0745,AB2 - AB0,unit:5,0.05049157782501723
govreport_test_0745,TextRank - no_path,unit:5,-0.08772637314519424
govreport_test_0745,Lead - no_path,unit:5,0.036874150331733746
govreport_test_0745,Full - no_path,word:110,0.0
govreport_test_0745,AB2 - AB0,word:110,-0.00985409871124332
govreport_test_0745,TextRank - no_path,word:110,-0.0022988600796332026
govreport_test_0745,Lead - no_path,word:110,0.15290608259446958
govreport_test_0745,Full - no_path,word:260,0.04218336778007423
govreport_test_0745,AB2 - AB0,word:260,-0.010727552777022753
govreport_test_0745,TextRank - no_path,word:260,0.03669229391884332
govreport_test_0745,Lead - no_path,word:260,0.23398621104453007
govreport_test_0746,Full - no_path,unit:10,-0.019771060357814396
govreport_test_0746,AB2 - AB0,unit:10,-0.07071423188105885
govreport_test_0746,TextRank - no_path,unit:10,0.010054826351082846
govreport_test_0746,Lead - no_path,unit:10,0.16013483977268902
govreport_test_0746,Full - no_path,unit:5,0.007522391195860567
govreport_test_0746,AB2 - AB0,unit:5,0.05506767703366382
govreport_test_0746,TextRank - no_path,unit:5,-0.03144602571220258
govreport_test_0746,Lead - no_path,unit:5,0.04320610891996088
govreport_test_0746,Full - no_path,word:110,-0.020866505115241116
govreport_test_0746,AB2 - AB0,word:110,0.0017606450543988378
govreport_test_0746,TextRank - no_path,word:110,0.014364224351725102
govreport_test_0746,Lead - no_path,word:110,0.09083001754018566
govreport_test_0746,Full - no_path,word:260,-0.018043101312856052
govreport_test_0746,AB2 - AB0,word:260,-0.03589059865525124
govreport_test_0746,TextRank - no_path,word:260,0.03797405757181646
govreport_test_0746,Lead - no_path,word:260,0.1919264033438653
govreport_test_0747,Full - no_path,unit:10,0.0
govreport_test_0747,AB2 - AB0,unit:10,-0.11086204510862047
govreport_test_0747,TextRank - no_path,unit:10,0.09949415088819846
govreport_test_0747,Lead - no_path,unit:10,0.23447825049248538
govreport_test_0747,Full - no_path,unit:5,0.0
govreport_test_0747,AB2 - AB0,unit:5,-0.07686519879613496
govreport_test_0747,TextRank - no_path,unit:5,-0.0036963510380778053
govreport_test_0747,Lead - no_path,unit:5,0.1673545862283457
govreport_test_0747,Full - no_path,word:110,0.0
govreport_test_0747,AB2 - AB0,word:110,-0.04226014240304356
govreport_test_0747,TextRank - no_path,word:110,0.055261845386533656
govreport_test_0747,Lead - no_path,word:110,0.14681850790210033
govreport_test_0747,Full - no_path,word:260,0.0
govreport_test_0747,AB2 - AB0,word:260,-0.16108466338984925
govreport_test_0747,TextRank - no_path,word:260,0.138801261829653
govreport_test_0747,Lead - no_path,word:260,0.27668892191684236
govreport_test_0748,Full - no_path,unit:10,0.0
govreport_test_0748,AB2 - AB0,unit:10,-0.08945607403990236
govreport_test_0748,TextRank - no_path,unit:10,0.051900584795321614
govreport_test_0748,Lead - no_path,unit:10,0.11111111111111116
govreport_test_0748,Full - no_path,unit:5,0.0
govreport_test_0748,AB2 - AB0,unit:5,-0.09135711505310568
govreport_test_0748,TextRank - no_path,unit:5,0.02125306793969306
govreport_test_0748,Lead - no_path,unit:5,0.09487831829979695
govreport_test_0748,Full - no_path,word:110,-0.037342875493164535
govreport_test_0748,AB2 - AB0,word:110,-0.11239193083573487
govreport_test_0748,TextRank - no_path,word:110,0.057408169800100634
govreport_test_0748,Lead - no_path,word:110,0.025707881615662564
govreport_test_0748,Full - no_path,word:260,0.006634518871036776
govreport_test_0748,AB2 - AB0,word:260,-0.08080148069211135
govreport_test_0748,TextRank - no_path,word:260,0.07829181494661919
govreport_test_0748,Lead - no_path,word:260,0.1158804315438543
govreport_test_0749,Full - no_path,unit:10,0.0
govreport_test_0749,AB2 - AB0,unit:10,-0.05135769814423902
govreport_test_0749,TextRank - no_path,unit:10,0.009947359280738116
govreport_test_0749,Lead - no_path,unit:10,0.1194658007914641
govreport_test_0749,Full - no_path,unit:5,0.0
govreport_test_0749,AB2 - AB0,unit:5,0.011740265642022324
govreport_test_0749,TextRank - no_path,unit:5,-0.02905328567947363
govreport_test_0749,Lead - no_path,unit:5,0.05260885730810541
govreport_test_0749,Full - no_path,word:110,0.0
govreport_test_0749,AB2 - AB0,word:110,-0.041635049037153704
govreport_test_0749,TextRank - no_path,word:110,0.026332116352876606
govreport_test_0749,Lead - no_path,word:110,0.058785292843094764
govreport_test_0749,Full - no_path,word:260,0.0
govreport_test_0749,AB2 - AB0,word:260,-0.018246557999683527
govreport_test_0749,TextRank - no_path,word:260,0.02198754951498566
govreport_test_0749,Lead - no_path,word:260,0.1704047322213849
govreport_test_0750,Full - no_path,unit:10,0.0
govreport_test_0750,AB2 - AB0,unit:10,-0.017280878316559944
govreport_test_0750,TextRank - no_path,unit:10,0.010630369359261538
govreport_test_0750,Lead - no_path,unit:10,-0.032986903870390355
govreport_test_0750,Full - no_path,unit:5,-0.024406897493513408
govreport_test_0750,AB2 - AB0,unit:5,-0.009242397272465896
govreport_test_0750,TextRank - no_path,unit:5,0.016448063070461538
govreport_test_0750,Lead - no_path,unit:5,-0.0660122502474122
govreport_test_0750,Full - no_path,word:110,0.008691650230111744
govreport_test_0750,AB2 - AB0,word:110,-0.002962962962962959
govreport_test_0750,TextRank - no_path,word:110,-0.006101249178172272
govreport_test_0750,Lead - no_path,word:110,-0.03286394222878715
govreport_test_0750,Full - no_path,word:260,0.009019297441124868
govreport_test_0750,AB2 - AB0,word:260,-0.017171666896012572
govreport_test_0750,TextRank - no_path,word:260,0.007704694515621002
govreport_test_0750,Lead - no_path,word:260,-0.034575104291256986
govreport_test_0751,Full - no_path,unit:10,0.0
govreport_test_0751,AB2 - AB0,unit:10,-0.025212175514572277
govreport_test_0751,TextRank - no_path,unit:10,0.03673671432107206
govreport_test_0751,Lead - no_path,unit:10,0.0761000715406874
govreport_test_0751,Full - no_path,unit:5,0.0
govreport_test_0751,AB2 - AB0,unit:5,-0.019407563629391722
govreport_test_0751,TextRank - no_path,unit:5,-0.015456825688529047
govreport_test_0751,Lead - no_path,unit:5,-0.017723880597014935
govreport_test_0751,Full - no_path,word:110,0.0
govreport_test_0751,AB2 - AB0,word:110,-0.08219253892787964
govreport_test_0751,TextRank - no_path,word:110,0.05653003817560781
govreport_test_0751,Lead - no_path,word:110,-0.0033859079817875337
govreport_test_0751,Full - no_path,word:260,0.0
govreport_test_0751,AB2 - AB0,word:260,-0.06607566398206793
govreport_test_0751,TextRank - no_path,word:260,0.06545582170746689
govreport_test_0751,Lead - no_path,word:260,0.09706257982120053
govreport_test_0752,Full - no_path,unit:10,0.0
govreport_test_0752,AB2 - AB0,unit:10,-0.002782364092215467
govreport_test_0752,TextRank - no_path,unit:10,-0.01149793328287832
govreport_test_0752,Lead - no_path,unit:10,0.056478080527352204
govreport_test_0752,Full - no_path,unit:5,0.0
govreport_test_0752,AB2 - AB0,unit:5,-0.02280043230177456
govreport_test_0752,TextRank - no_path,unit:5,-0.027763475071022503
govreport_test_0752,Lead - no_path,unit:5,0.05350845774971219
govreport_test_0752,Full - no_path,word:110,0.0
govreport_test_0752,AB2 - AB0,word:110,-0.01255897435897435
govreport_test_0752,TextRank - no_path,word:110,-0.019230769230769218
govreport_test_0752,Lead - no_path,word:110,0.047421561399197176
govreport_test_0752,Full - no_path,word:260,0.0
govreport_test_0752,AB2 - AB0,word:260,0.010256410256410275
govreport_test_0752,TextRank - no_path,word:260,-0.016937002852495775
govreport_test_0752,Lead - no_path,word:260,0.0422650563495634
govreport_test_0753,Full - no_path,unit:10,0.004852486707487946
govreport_test_0753,AB2 - AB0,unit:10,-0.033704471915705636
govreport_test_0753,TextRank - no_path,unit:10,0.04692753016670154
govreport_test_0753,Lead - no_path,unit:10,0.1385431491784189
govreport_test_0753,Full - no_path,unit:5,-0.01364093522825277
govreport_test_0753,AB2 - AB0,unit:5,-0.013362722532898025
govreport_test_0753,TextRank - no_path,unit:5,0.01985955672591616
govreport_test_0753,Lead - no_path,unit:5,0.05404044219485782
govreport_test_0753,Full - no_path,word:110,0.0
govreport_test_0753,AB2 - AB0,word:110,-0.003129626262888624
govreport_test_0753,TextRank - no_path,word:110,0.04053931653791909
govreport_test_0753,Lead - no_path,word:110,0.09469094108665554
govreport_test_0753,Full - no_path,word:260,-0.019774011299435013
govreport_test_0753,AB2 - AB0,word:260,-0.02841534396789766
govreport_test_0753,TextRank - no_path,word:260,0.03054826131932839
govreport_test_0753,Lead - no_path,word:260,0.11261584311475537
govreport_test_0754,Full - no_path,unit:10,0.0
govreport_test_0754,AB2 - AB0,unit:10,-0.04757092887679751
govreport_test_0754,TextRank - no_path,unit:10,0.020490922762917613
govreport_test_0754,Lead - no_path,unit:10,-0.00880653934040182
govreport_test_0754,Full - no_path,unit:5,0.006924571630453985
govreport_test_0754,AB2 - AB0,unit:5,-0.012265742895161358
govreport_test_0754,TextRank - no_path,unit:5,-0.02797990297990298
govreport_test_0754,Lead - no_path,unit:5,-0.04046104928457871
govreport_test_0754,Full - no_path,word:110,0.003018680156739159
govreport_test_0754,AB2 - AB0,word:110,-0.03963191814497377
govreport_test_0754,TextRank - no_path,word:110,0.06882907467129744
govreport_test_0754,Lead - no_path,word:110,-0.01737782188042669
govreport_test_0754,Full - no_path,word:260,0.014046944670349726
govreport_test_0754,AB2 - AB0,word:260,-0.0673264338619016
govreport_test_0754,TextRank - no_path,word:260,0.06565407879496635
govreport_test_0754,Lead - no_path,word:260,0.00865529002618079
govreport_test_0755,Full - no_path,unit:10,0.0
govreport_test_0755,AB2 - AB0,unit:10,-0.018048245009691266
govreport_test_0755,TextRank - no_path,unit:10,-0.03725402670832867
govreport_test_0755,Lead - no_path,unit:10,0.21128730038873506
govreport_test_0755,Full - no_path,unit:5,0.0
govreport_test_0755,AB2 - AB0,unit:5,0.058697390840703356
govreport_test_0755,TextRank - no_path,unit:5,-0.06558834730585132
govreport_test_0755,Lead - no_path,unit:5,0.07104912116823636
govreport_test_0755,Full - no_path,word:110,0.0
govreport_test_0755,AB2 - AB0,word:110,-0.04061681263567632
govreport_test_0755,TextRank - no_path,word:110,-0.038199181446111855
govreport_test_0755,Lead - no_path,word:110,0.12080108543306278
govreport_test_0755,Full - no_path,word:260,0.0
govreport_test_0755,AB2 - AB0,word:260,-0.05191873589164786
govreport_test_0755,TextRank - no_path,word:260,-0.024858757062146852
govreport_test_0755,Lead - no_path,word:260,0.22465529045178548
govreport_test_0756,Full - no_path,unit:10,-0.00982841572846882
govreport_test_0756,AB2 - AB0,unit:10,0.003195891804315232
govreport_test_0756,TextRank - no_path,unit:10,-0.017024483856192846
govreport_test_0756,Lead - no_path,unit:10,-0.06393258252760659
govreport_test_0756,Full - no_path,unit:5,0.0
govreport_test_0756,AB2 - AB0,unit:5,0.020412737883867688
govreport_test_0756,TextRank - no_path,unit:5,0.0002361471891538791
govreport_test_0756,Lead - no_path,unit:5,-0.05651217261693521
govreport_test_0756,Full - no_path,word:110,0.0
govreport_test_0756,AB2 - AB0,word:110,-0.016911128180743
govreport_test_0756,TextRank - no_path,word:110,0.00892445865792213
govreport_test_0756,Lead - no_path,word:110,-0.036854668433615775
govreport_test_0756,Full - no_path,word:260,0.004678362573099393
govreport_test_0756,AB2 - AB0,word:260,0.00513567239700069
govreport_test_0756,TextRank - no_path,word:260,0.014462886407107994
govreport_test_0756,Lead - no_path,word:260,-0.016196228275607072
govreport_test_0757,Full - no_path,unit:10,-0.00730606662390948
govreport_test_0757,AB2 - AB0,unit:10,-0.011762529895450097
govreport_test_0757,TextRank - no_path,unit:10,0.011222244304695567
govreport_test_0757,Lead - no_path,unit:10,0.034979477189428426
govreport_test_0757,Full - no_path,unit:5,-0.00010849083537942117
govreport_test_0757,AB2 - AB0,unit:5,0.007949412827461616
govreport_test_0757,TextRank - no_path,unit:5,-0.009222371337666041
govreport_test_0757,Lead - no_path,unit:5,-0.009555901707092224
govreport_test_0757,Full - no_path,word:110,-0.020815463896303496
govreport_test_0757,AB2 - AB0,word:110,-0.002617801047120394
govreport_test_0757,TextRank - no_path,word:110,0.010136289694202577
govreport_test_0757,Lead - no_path,word:110,0.02617801047120419
govreport_test_0757,Full - no_path,word:260,0.0021834061135370952
govreport_test_0757,AB2 - AB0,word:260,-0.020294987221674693
govreport_test_0757,TextRank - no_path,word:260,0.019236806804235507
govreport_test_0757,Lead - no_path,word:260,0.07258272576992536
govreport_test_0758,Full - no_path,unit:10,-0.01011215015304806
govreport_test_0758,AB2 - AB0,unit:10,-0.06541343041329284
govreport_test_0758,TextRank - no_path,unit:10,0.048436696324020256
govreport_test_0758,Lead - no_path,unit:10,0.053376136502666954
govreport_test_0758,Full - no_path,unit:5,0.0
govreport_test_0758,AB2 - AB0,unit:5,-0.029053466448672932
govreport_test_0758,TextRank - no_path,unit:5,0.010694710879693065
govreport_test_0758,Lead - no_path,unit:5,0.030274656679151024
govreport_test_0758,Full - no_path,word:110,-0.009473493425092572
govreport_test_0758,AB2 - AB0,word:110,-0.019219154443485764
govreport_test_0758,TextRank - no_path,word:110,0.03967893872612564
govreport_test_0758,Lead - no_path,word:110,0.032067999613638584
govreport_test_0758,Full - no_path,word:260,0.0
govreport_test_0758,AB2 - AB0,word:260,-0.03703167196084717
govreport_test_0758,TextRank - no_path,word:260,0.05140450312438402
govreport_test_0758,Lead - no_path,word:260,0.052932131148668876
govreport_test_0759,Full - no_path,unit:10,-0.009662897343161059
govreport_test_0759,AB2 - AB0,unit:10,-0.021724103880714912
govreport_test_0759,TextRank - no_path,unit:10,0.03313094515280307
govreport_test_0759,Lead - no_path,unit:10,0.07333931393908324
govreport_test_0759,Full - no_path,unit:5,0.023659804533166975
govreport_test_0759,AB2 - AB0,unit:5,0.043809667641125746
govreport_test_0759,TextRank - no_path,unit:5,-0.002355233060817974
govreport_test_0759,Lead - no_path,unit:5,0.08882007362695409
govreport_test_0759,Full - no_path,word:110,0.014185814185814216
govreport_test_0759,AB2 - AB0,word:110,-0.02566638382537964
govreport_test_0759,TextRank - no_path,word:110,0.05060038001214473
govreport_test_0759,Lead - no_path,word:110,0.04148208834401304
govreport_test_0759,Full - no_path,word:260,-0.026755888437310804
govreport_test_0759,AB2 - AB0,word:260,-0.0520139955623827
govreport_test_0759,TextRank - no_path,word:260,0.04492041214072384
govreport_test_0759,Lead - no_path,word:260,0.042016237890268815
govreport_test_0760,Full - no_path,unit:10,0.0
govreport_test_0760,AB2 - AB0,unit:10,0.001159865312135272
govreport_test_0760,TextRank - no_path,unit:10,-0.010299056221411612
govreport_test_0760,Lead - no_path,unit:10,-0.010472107234378053
govreport_test_0760,Full - no_path,unit:5,0.0
govreport_test_0760,AB2 - AB0,unit:5,-0.023565154217026624
govreport_test_0760,TextRank - no_path,unit:5,-0.02397313050325417
govreport_test_0760,Lead - no_path,unit:5,-0.010496309564465872
govreport_test_0760,Full - no_path,word:110,0.0
govreport_test_0760,AB2 - AB0,word:110,-0.01458196378413909
govreport_test_0760,TextRank - no_path,word:110,-0.0032160085760228885
govreport_test_0760,Lead - no_path,word:110,0.027872074325531515
govreport_test_0760,Full - no_path,word:260,0.0
govreport_test_0760,AB2 - AB0,word:260,-0.010676223639186577
govreport_test_0760,TextRank - no_path,word:260,0.006705095722831039
govreport_test_0760,Lead - no_path,word:260,-0.011271650160539048
govreport_test_0761,Full - no_path,unit:10,-0.025216804278963445
govreport_test_0761,AB2 - AB0,unit:10,-0.05720617332805705
govreport_test_0761,TextRank - no_path,unit:10,0.017943018791675036
govreport_test_0761,Lead - no_path,unit:10,0.18490992488200497
govreport_test_0761,Full - no_path,unit:5,0.0
govreport_test_0761,AB2 - AB0,unit:5,-0.12491956534935955
govreport_test_0761,TextRank - no_path,unit:5,0.12124964818463269
govreport_test_0761,Lead - no_path,unit:5,0.13131048261222455
govreport_test_0761,Full - no_path,word:110,0.0
govreport_test_0761,AB2 - AB0,word:110,-0.049713193116634774
govreport_test_0761,TextRank - no_path,word:110,0.11472275334608031
govreport_test_0761,Lead - no_path,word:110,0.003386218673828323
govreport_test_0761,Full - no_path,word:260,-0.005917159763313612
govreport_test_0761,AB2 - AB0,word:260,-0.053254437869822535
govreport_test_0761,TextRank - no_path,word:260,0.12622401424307483
govreport_test_0761,Lead - no_path,word:260,0.4271089699952872
govreport_test_0762,Full - no_path,unit:10,0.0
govreport_test_0762,AB2 - AB0,unit:10,0.004728176183742244
govreport_test_0762,TextRank - no_path,unit:10,-0.008778319649361072
govreport_test_0762,Lead - no_path,unit:10,0.0013693239946486468
govreport_test_0762,Full - no_path,unit:5,0.0
govreport_test_0762,AB2 - AB0,unit:5,-0.0037761516089689917
govreport_test_0762,TextRank - no_path,unit:5,-0.019316074345811507
govreport_test_0762,Lead - no_path,unit:5,-0.017749088699878485
govreport_test_0762,Full - no_path,word:110,0.0
govreport_test_0762,AB2 - AB0,word:110,-0.007065150959540384
govreport_test_0762,TextRank - no_path,word:110,-0.004950495049504955
govreport_test_0762,Lead - no_path,word:110,0.010269513303687694
govreport_test_0762,Full - no_path,word:260,0.0
govreport_test_0762,AB2 - AB0,word:260,-0.012461059190031182
govreport_test_0762,TextRank - no_path,word:260,-0.027607169513342772
govreport_test_0762,Lead - no_path,word:260,-0.0055454418148718765
govreport_test_0763,Full - no_path,unit:10,-0.002330587709456433
govreport_test_0763,AB2 - AB0,unit:10,-0.017099000180754248
govreport_test_0763,TextRank - no_path,unit:10,0.0005613501376213192
govreport_test_0763,Lead - no_path,unit:10,0.04606147766202484
govreport_test_0763,Full - no_path,unit:5,0.006157965194109771
govreport_test_0763,AB2 - AB0,unit:5,-0.004949107995189772
govreport_test_0763,TextRank - no_path,unit:5,0.014536835868062425
govreport_test_0763,Lead - no_path,unit:5,0.03457867076615065
govreport_test_0763,Full - no_path,word:110,-0.017432149864965246
govreport_test_0763,AB2 - AB0,word:110,0.03491219508018459
govreport_test_0763,TextRank - no_path,word:110,0.011533225450155407
govreport_test_0763,Lead - no_path,word:110,0.0843466458625001
govreport_test_0763,Full - no_path,word:260,0.0022220426632191537
govreport_test_0763,AB2 - AB0,word:260,0.009194567422984662
govreport_test_0763,TextRank - no_path,word:260,0.03561381663899649
govreport_test_0763,Lead - no_path,word:260,0.2122055576002944
govreport_test_0764,Full - no_path,unit:10,0.0
govreport_test_0764,AB2 - AB0,unit:10,-0.03505420859549527
govreport_test_0764,TextRank - no_path,unit:10,0.025639333443326168
govreport_test_0764,Lead - no_path,unit:10,0.14792050055207953
govreport_test_0764,Full - no_path,unit:5,0.0
govreport_test_0764,AB2 - AB0,unit:5,-0.026042521528849227
govreport_test_0764,TextRank - no_path,unit:5,0.03477246390428765
govreport_test_0764,Lead - no_path,unit:5,0.13146757566775352
govreport_test_0764,Full - no_path,word:110,-0.0024898358604965726
govreport_test_0764,AB2 - AB0,word:110,-0.00038739747586330475
govreport_test_0764,TextRank - no_path,word:110,0.03164956669995864
govreport_test_0764,Lead - no_path,word:110,0.13406777438132422
govreport_test_0764,Full - no_path,word:260,0.006789485252814698
govreport_test_0764,AB2 - AB0,word:260,-0.003724759052101817
govreport_test_0764,TextRank - no_path,word:260,0.023310023310023298
govreport_test_0764,Lead - no_path,word:260,0.22053992519108792
govreport_test_0765,Full - no_path,unit:10,0.0
govreport_test_0765,AB2 - AB0,unit:10,-0.035277518369906447
govreport_test_0765,TextRank - no_path,unit:10,0.036430643446303757
govreport_test_0765,Lead - no_path,unit:10,0.2503974521811316
govreport_test_0765,Full - no_path,unit:5,0.0
govreport_test_0765,AB2 - AB0,unit:5,0.0008577073583218575
govreport_test_0765,TextRank - no_path,unit:5,0.0055534855853118514
govreport_test_0765,Lead - no_path,unit:5,0.08167315417283103
govreport_test_0765,Full - no_path,word:110,0.0
govreport_test_0765,AB2 - AB0,word:110,-0.02609937389948827
govreport_test_0765,TextRank - no_path,word:110,0.021479713603818604
govreport_test_0765,Lead - no_path,word:110,0.14110230023695264
govreport_test_0765,Full - no_path,word:260,0.0
govreport_test_0765,AB2 - AB0,word:260,0.005883252301012137
govreport_test_0765,TextRank - no_path,word:260,0.02460229828650881
govreport_test_0765,Lead - no_path,word:260,0.3246814651069971
govreport_test_0766,Full - no_path,unit:10,0.0
govreport_test_0766,AB2 - AB0,unit:10,-0.024946236559139745
govreport_test_0766,TextRank - no_path,unit:10,0.018039761738995908
govreport_test_0766,Lead - no_path,unit:10,-0.06448914612592924
govreport_test_0766,Full - no_path,unit:5,0.0
govreport_test_0766,AB2 - AB0,unit:5,0.008176243470361111
govreport_test_0766,TextRank - no_path,unit:5,-0.008176243470361111
govreport_test_0766,Lead - no_path,unit:5,-0.023155238239037118
govreport_test_0766,Full - no_path,word:110,0.0
govreport_test_0766,AB2 - AB0,word:110,-0.08305069328031398
govreport_test_0766,TextRank - no_path,word:110,0.11254921835406026
govreport_test_0766,Lead - no_path,word:110,0.013998306483595416
govreport_test_0766,Full - no_path,word:260,0.0
govreport_test_0766,AB2 - AB0,word:260,-0.08632150791446827
govreport_test_0766,TextRank - no_path,word:260,0.11311672683513843
govreport_test_0766,Lead - no_path,word:260,-0.015827610866512132
govreport_test_0767,Full - no_path,unit:10,0.002633136062903163
govreport_test_0767,AB2 - AB0,unit:10,-0.07554088514039731
govreport_test_0767,TextRank - no_path,unit:10,0.01660066725570361
govreport_test_0767,Lead - no_path,unit:10,0.030174560675326506
govreport_test_0767,Full - no_path,unit:5,0.007164901755137801
govreport_test_0767,AB2 - AB0,unit:5,-0.017392798562836848
govreport_test_0767,TextRank - no_path,unit:5,0.02860222627776178
govreport_test_0767,Lead - no_path,unit:5,0.02447853685109276
govreport_test_0767,Full - no_path,word:110,0.0
govreport_test_0767,AB2 - AB0,word:110,0.01741503349044901
govreport_test_0767,TextRank - no_path,word:110,0.008452105421104791
govreport_test_0767,Lead - no_path,word:110,0.035016269810095965
govreport_test_0767,Full - no_path,word:260,0.0
govreport_test_0767,AB2 - AB0,word:260,-0.003938256153525277
govreport_test_0767,TextRank - no_path,word:260,0.005734176969616367
govreport_test_0767,Lead - no_path,word:260,0.04939977280402813
govreport_test_0768,Full - no_path,unit:10,-0.0039407753456655314
govreport_test_0768,AB2 - AB0,unit:10,-0.00534396529420933
govreport_test_0768,TextRank - no_path,unit:10,0.011028683747177248
govreport_test_0768,Lead - no_path,unit:10,0.1752044091817576
govreport_test_0768,Full - no_path,unit:5,0.0
govreport_test_0768,AB2 - AB0,unit:5,0.00981438385812429
govreport_test_0768,TextRank - no_path,unit:5,0.0030063792385909976
govreport_test_0768,Lead - no_path,unit:5,0.021862738349280653
govreport_test_0768,Full - no_path,word:110,0.0
govreport_test_0768,AB2 - AB0,word:110,-0.0056497175141242695
govreport_test_0768,TextRank - no_path,word:110,-0.00581037912121031
govreport_test_0768,Lead - no_path,word:110,0.04497276475367902
govreport_test_0768,Full - no_path,word:260,-0.00015196289934357732
govreport_test_0768,AB2 - AB0,word:260,-0.0024683972394911324
govreport_test_0768,TextRank - no_path,word:260,-0.0026291537919444774
govreport_test_0768,Lead - no_path,word:260,0.17016317016317015
govreport_test_0769,Full - no_path,unit:10,-0.0320727562237805
govreport_test_0769,AB2 - AB0,unit:10,0.023104494072236026
govreport_test_0769,TextRank - no_path,unit:10,-0.025754362466049063
govreport_test_0769,Lead - no_path,unit:10,0.07854671280276815
govreport_test_0769,Full - no_path,unit:5,-0.0036403925292814165
govreport_test_0769,AB2 - AB0,unit:5,0.046223614985796344
govreport_test_0769,TextRank - no_path,unit:5,-0.034624742653939736
govreport_test_0769,Lead - no_path,unit:5,0.013818516812528797
govreport_test_0769,Full - no_path,word:110,0.010023810267415612
govreport_test_0769,AB2 - AB0,word:110,-0.0417230148281493
govreport_test_0769,TextRank - no_path,word:110,0.03183506134695939
govreport_test_0769,Lead - no_path,word:110,0.06110335402988622
govreport_test_0769,Full - no_path,word:260,0.03520231029759949
govreport_test_0769,AB2 - AB0,word:260,-0.05381464577149364
govreport_test_0769,TextRank - no_path,word:260,0.05190142618920843
govreport_test_0769,Lead - no_path,word:260,0.18331616889804328
govreport_test_0770,Full - no_path,unit:10,0.0
govreport_test_0770,AB2 - AB0,unit:10,0.014803564236608557
govreport_test_0770,TextRank - no_path,unit:10,0.011548864046159402
govreport_test_0770,Lead - no_path,unit:10,-0.014567095007373076
govreport_test_0770,Full - no_path,unit:5,0.0
govreport_test_0770,AB2 - AB0,unit:5,-0.01463625222816392
govreport_test_0770,TextRank - no_path,unit:5,0.009299262531011682
govreport_test_0770,Lead - no_path,unit:5,0.031188367397087552
govreport_test_0770,Full - no_path,word:110,0.0
govreport_test_0770,AB2 - AB0,word:110,0.03986674011143834
govreport_test_0770,TextRank - no_path,word:110,-0.028122084499533517
govreport_test_0770,Lead - no_path,word:110,0.04400906304145008
govreport_test_0770,Full - no_path,word:260,0.0
govreport_test_0770,AB2 - AB0,word:260,0.02122220515708459
govreport_test_0770,TextRank - no_path,word:260,0.023622047244094557
govreport_test_0770,Lead - no_path,word:260,0.017056940989426006
govreport_test_0771,Full - no_path,unit:10,0.0
govreport_test_0771,AB2 - AB0,unit:10,-0.0034534161490683
govreport_test_0771,TextRank - no_path,unit:10,0.011976529487261078
govreport_test_0771,Lead - no_path,unit:10,-0.00016354220297404298
govreport_test_0771,Full - no_path,unit:5,0.0
govreport_test_0771,AB2 - AB0,unit:5,0.02073190925649937
govreport_test_0771,TextRank - no_path,unit:5,-0.020907578997386517
govreport_test_0771,Lead - no_path,unit:5,-0.011476495254910596
govreport_test_0771,Full - no_path,word:110,0.0
govreport_test_0771,AB2 - AB0,word:110,0.01599999999999996
govreport_test_0771,TextRank - no_path,word:110,-0.021333333333333343
govreport_test_0771,Lead - no_path,word:110,-0.04266666666666666
govreport_test_0771,Full - no_path,word:260,0.0
govreport_test_0771,AB2 - AB0,word:260,-0.006934353091140849
govreport_test_0771,TextRank - no_path,word:260,0.01901140684410646
govreport_test_0771,Lead - no_path,word:260,0.006141043116435901
govreport_test_0772,Full - no_path,unit:10,0.0
govreport_test_0772,AB2 - AB0,unit:10,-0.04107299446200202
govreport_test_0772,TextRank - no_path,unit:10,0.04107299446200202
govreport_test_0772,Lead - no_path,unit:10,-0.04539503439739104
govreport_test_0772,Full - no_path,unit:5,0.0
govreport_test_0772,AB2 - AB0,unit:5,-0.02153417284318579
govreport_test_0772,TextRank - no_path,unit:5,0.003234701333013623
govreport_test_0772,Lead - no_path,unit:5,-0.04290379846326889
govreport_test_0772,Full - no_path,word:110,0.0
govreport_test_0772,AB2 - AB0,word:110,-0.009140258215962482
govreport_test_0772,TextRank - no_path,word:110,0.030732496905510026
govreport_test_0772,Lead - no_path,word:110,-0.025624149883726022
govreport_test_0772,Full - no_path,word:260,0.0
govreport_test_0772,AB2 - AB0,word:260,-0.015491488986218688
govreport_test_0772,TextRank - no_path,word:260,0.04017347053081341
govreport_test_0772,Lead - no_path,word:260,-0.04439285032758736
govreport_test_0773,Full - no_path,unit:10,0.0
govreport_test_0773,AB2 - AB0,unit:10,0.012235133287764849
govreport_test_0773,TextRank - no_path,unit:10,0.048164976579504276
govreport_test_0773,Lead - no_path,unit:10,0.008424380894630268
govreport_test_0773,Full - no_path,unit:5,0.0
govreport_test_0773,AB2 - AB0,unit:5,0.02118394545172786
govreport_test_0773,TextRank - no_path,unit:5,-0.02118394545172786
govreport_test_0773,Lead - no_path,unit:5,-0.03373624670695799
govreport_test_0773,Full - no_path,word:110,0.0
govreport_test_0773,AB2 - AB0,word:110,-0.030640397043167955
govreport_test_0773,TextRank - no_path,word:110,0.01937984496124029
govreport_test_0773,Lead - no_path,word:110,0.00775193798449611
govreport_test_0773,Full - no_path,word:260,0.0
govreport_test_0773,AB2 - AB0,word:260,-0.06307922272047833
govreport_test_0773,TextRank - no_path,word:260,0.058243097756937784
govreport_test_0773,Lead - no_path,word:260,0.07842363221041884
govreport_test_0774,Full - no_path,unit:10,-0.015201794553308251
govreport_test_0774,AB2 - AB0,unit:10,-0.011791643471032787
govreport_test_0774,TextRank - no_path,unit:10,0.014584812138640657
govreport_test_0774,Lead - no_path,unit:10,-0.01322754947770366
govreport_test_0774,Full - no_path,unit:5,-0.008040447577480625
govreport_test_0774,AB2 - AB0,unit:5,-0.04206679662824424
govreport_test_0774,TextRank - no_path,unit:5,0.03751465416178194
govreport_test_0774,Lead - no_path,unit:5,0.0014265377897935277
govreport_test_0774,Full - no_path,word:110,-0.007481296758104744
govreport_test_0774,AB2 - AB0,word:110,-0.029962546816479405
govreport_test_0774,TextRank - no_path,word:110,0.04005591514347712
govreport_test_0774,Lead - no_path,word:110,0.030211970074812966
govreport_test_0774,Full - no_path,word:260,-0.00015021781583296479
govreport_test_0774,AB2 - AB0,word:260,-0.042206788078007235
govreport_test_0774,TextRank - no_path,word:260,0.03172948143228735
govreport_test_0774,Lead - no_path,word:260,0.025059866217780474
govreport_test_0775,Full - no_path,unit:10,0.006187951807228864
govreport_test_0775,AB2 - AB0,unit:10,0.013863488879712116
govreport_test_0775,TextRank - no_path,unit:10,-0.04036837003185159
govreport_test_0775,Lead - no_path,unit:10,-0.08341204819277112
govreport_test_0775,Full - no_path,unit:5,0.05953608247422676
govreport_test_0775,AB2 - AB0,unit:5,0.015082864321948358
govreport_test_0775,TextRank - no_path,unit:5,-0.038333333333333386
govreport_test_0775,Lead - no_path,unit:5,-0.0892714570858284
govreport_test_0775,Full - no_path,word:110,0.04741379310344829
govreport_test_0775,AB2 - AB0,word:110,0.06978332056016165
govreport_test_0775,TextRank - no_path,word:110,-0.07758620689655174
govreport_test_0775,Lead - no_path,word:110,-0.11182691591569226
govreport_test_0775,Full - no_path,word:260,0.05166706390190931
govreport_test_0775,AB2 - AB0,word:260,0.040069897951103106
govreport_test_0775,TextRank - no_path,word:260,-0.02378325299996306
govreport_test_0775,Lead - no_path,word:260,-0.055650009268822354
govreport_test_0776,Full - no_path,unit:10,0.0
govreport_test_0776,AB2 - AB0,unit:10,0.009681146332718021
govreport_test_0776,TextRank - no_path,unit:10,-0.028913043478260875
govreport_test_0776,Lead - no_path,unit:10,-0.0009026628554235361
govreport_test_0776,Full - no_path,unit:5,0.0
govreport_test_0776,AB2 - AB0,unit:5,0.03099356991040919
govreport_test_0776,TextRank - no_path,unit:5,-0.039285611572862394
govreport_test_0776,Lead - no_path,unit:5,0.00032120129283524923
govreport_test_0776,Full - no_path,word:110,0.0
govreport_test_0776,AB2 - AB0,word:110,0.03749287749287747
govreport_test_0776,TextRank - no_path,word:110,-0.03794592138150418
govreport_test_0776,Lead - no_path,word:110,-0.03839619435949712
govreport_test_0776,Full - no_path,word:260,0.0
govreport_test_0776,AB2 - AB0,word:260,0.008792569659442723
govreport_test_0776,TextRank - no_path,word:260,-0.03431976166832176
govreport_test_0776,Lead - no_path,word:260,-0.004969656846518816
govreport_test_0777,Full - no_path,unit:10,-0.0042418842062418305
govreport_test_0777,AB2 - AB0,unit:10,0.005725919774046906
govreport_test_0777,TextRank - no_path,unit:10,-0.012477102632543063
govreport_test_0777,Lead - no_path,unit:10,0.05983718885983058
govreport_test_0777,Full - no_path,unit:5,-0.024082496393454292
govreport_test_0777,AB2 - AB0,unit:5,0.007666186790272492
govreport_test_0777,TextRank - no_path,unit:5,0.002996565550279856
govreport_test_0777,Lead - no_path,unit:5,0.013611365940416537
govreport_test_0777,Full - no_path,word:110,-0.013615849460720586
govreport_test_0777,AB2 - AB0,word:110,-0.018622739615723985
govreport_test_0777,TextRank - no_path,word:110,0.015512210105974464
govreport_test_0777,Lead - no_path,word:110,0.023529411764705868
govreport_test_0777,Full - no_path,word:260,0.001850191221870523
govreport_test_0777,AB2 - AB0,word:260,-0.05403673567708489
govreport_test_0777,TextRank - no_path,word:260,0.025926101149642805
govreport_test_0777,Lead - no_path,word:260,0.08202401057390107
govreport_test_0778,Full - no_path,unit:10,0.006953162723322054
govreport_test_0778,AB2 - AB0,unit:10,-0.038729154686601514
govreport_test_0778,TextRank - no_path,unit:10,0.033691558739781385
govreport_test_0778,Lead - no_path,unit:10,0.10727924784336526
govreport_test_0778,Full - no_path,unit:5,0.0
govreport_test_0778,AB2 - AB0,unit:5,-0.05291548933984075
govreport_test_0778,TextRank - no_path,unit:5,-0.009411764705882342
govreport_test_0778,Lead - no_path,unit:5,-0.034805120092046615
govreport_test_0778,Full - no_path,word:110,0.0
govreport_test_0778,AB2 - AB0,word:110,-0.08566416040100255
govreport_test_0778,TextRank - no_path,word:110,-0.019523809523809527
govreport_test_0778,Lead - no_path,word:110,-0.020473815461346634
govreport_test_0778,Full - no_path,word:260,0.0
govreport_test_0778,AB2 - AB0,word:260,-0.07180394435341197
govreport_test_0778,TextRank - no_path,word:260,0.028622339547929337
govreport_test_0778,Lead - no_path,word:260,0.11263570961412686
govreport_test_0779,Full - no_path,unit:10,0.0
govreport_test_0779,AB2 - AB0,unit:10,-0.014755693505277778
govreport_test_0779,TextRank - no_path,unit:10,0.01578286001507917
govreport_test_0779,Lead - no_path,unit:10,-0.08292454304014998
govreport_test_0779,Full - no_path,unit:5,0.0
govreport_test_0779,AB2 - AB0,unit:5,0.09526538470148413
govreport_test_0779,TextRank - no_path,unit:5,-0.09013302997794437
govreport_test_0779,Lead - no_path,unit:5,-0.11777598568288022
govreport_test_0779,Full - no_path,word:110,0.0
govreport_test_0779,AB2 - AB0,word:110,0.01025557101164662
govreport_test_0779,TextRank - no_path,word:110,-0.00960829792768575
govreport_test_0779,Lead - no_path,word:110,-0.04565094667361473
govreport_test_0779,Full - no_path,word:260,0.0
govreport_test_0779,AB2 - AB0,word:260,-0.044282503385405736
govreport_test_0779,TextRank - no_path,word:260,0.0579710144927536
govreport_test_0779,Lead - no_path,word:260,-0.04016889193198678
govreport_test_0780,Full - no_path,unit:10,0.0
govreport_test_0780,AB2 - AB0,unit:10,-0.018330691313576425
govreport_test_0780,TextRank - no_path,unit:10,0.027746875204502308
govreport_test_0780,Lead - no_path,unit:10,0.008773985263870465
govreport_test_0780,Full - no_path,unit:5,0.0
govreport_test_0780,AB2 - AB0,unit:5,0.007959579180509435
govreport_test_0780,TextRank - no_path,unit:5,0.04197610232991203
govreport_test_0780,Lead - no_path,unit:5,-0.08059559522938464
govreport_test_0780,Full - no_path,word:110,0.007476635514018698
govreport_test_0780,AB2 - AB0,word:110,-0.022758934509433282
govreport_test_0780,TextRank - no_path,word:110,0.033973887780461315
govreport_test_0780,Lead - no_path,word:110,-0.026384432975310373
govreport_test_0780,Full - no_path,word:260,0.0002995578357579687
govreport_test_0780,AB2 - AB0,word:260,-0.01483866068113543
govreport_test_0780,TextRank - no_path,word:260,0.04897667276666459
govreport_test_0780,Lead - no_path,word:260,0.029027576197387578
govreport_test_0781,Full - no_path,unit:10,-0.008069860824139435
govreport_test_0781,AB2 - AB0,unit:10,-0.03442893992095508
govreport_test_0781,TextRank - no_path,unit:10,0.03328118128005653
govreport_test_0781,Lead - no_path,unit:10,0.05313087340559092
govreport_test_0781,Full - no_path,unit:5,-0.0076179402708696775
govreport_test_0781,AB2 - AB0,unit:5,-0.035911272685961004
govreport_test_0781,TextRank - no_path,unit:5,-0.003406377300182617
govreport_test_0781,Lead - no_path,unit:5,0.05380680333071952
govreport_test_0781,Full - no_path,word:110,-0.0261110341963173
govreport_test_0781,AB2 - AB0,word:110,-0.017204301075268796
govreport_test_0781,TextRank - no_path,word:110,-0.021505376344086002
govreport_test_0781,Lead - no_path,word:110,0.06881720430107527
govreport_test_0781,Full - no_path,word:260,0.002966898115786709
govreport_test_0781,AB2 - AB0,word:260,0.01497532088100001
govreport_test_0781,TextRank - no_path,word:260,0.053202835811531485
govreport_test_0781,Lead - no_path,word:260,0.07555649511818918
govreport_test_0782,Full - no_path,unit:10,-0.0018416574536181674
govreport_test_0782,AB2 - AB0,unit:10,-0.005128108230670392
govreport_test_0782,TextRank - no_path,unit:10,0.008768097440116474
govreport_test_0782,Lead - no_path,unit:10,0.01685922913393101
govreport_test_0782,Full - no_path,unit:5,-0.0055999888335217796
govreport_test_0782,AB2 - AB0,unit:5,-0.047443758451779505
govreport_test_0782,TextRank - no_path,unit:5,0.03836179451654245
govreport_test_0782,Lead - no_path,unit:5,0.021098934524279578
govreport_test_0782,Full - no_path,word:110,-0.01267427122940433
govreport_test_0782,AB2 - AB0,word:110,-0.05266543764642623
govreport_test_0782,TextRank - no_path,word:110,0.03745631217114104
govreport_test_0782,Lead - no_path,word:110,0.04582681927261262
govreport_test_0782,Full - no_path,word:260,0.005975203353997205
govreport_test_0782,AB2 - AB0,word:260,-0.0021231422505307573
govreport_test_0782,TextRank - no_path,word:260,0.019682451052792732
govreport_test_0782,Lead - no_path,word:260,0.030526505589614172
govreport_test_0783,Full - no_path,unit:10,0.0
govreport_test_0783,AB2 - AB0,unit:10,0.10044792594833815
govreport_test_0783,TextRank - no_path,unit:10,-0.051558827811401586
govreport_test_0783,Lead - no_path,unit:10,-0.07348488199552025
govreport_test_0783,Full - no_path,unit:5,0.0
govreport_test_0783,AB2 - AB0,unit:5,0.04649506232799097
govreport_test_0783,TextRank - no_path,unit:5,-0.04680514478299749
govreport_test_0783,Lead - no_path,unit:5,-0.16573603776335122
govreport_test_0783,Full - no_path,word:110,0.0
govreport_test_0783,AB2 - AB0,word:110,0.007518796992481203
govreport_test_0783,TextRank - no_path,word:110,-0.019827415848758356
govreport_test_0783,Lead - no_path,word:110,-0.0955303718689458
govreport_test_0783,Full - no_path,word:260,0.0
govreport_test_0783,AB2 - AB0,word:260,0.06096088469472771
govreport_test_0783,TextRank - no_path,word:260,-0.019874483963692374
govreport_test_0783,Lead - no_path,word:260,-0.03198268128870804
govreport_test_0784,Full - no_path,unit:10,0.0016017999416685358
govreport_test_0784,AB2 - AB0,unit:10,-0.01855730075625367
govreport_test_0784,TextRank - no_path,unit:10,0.021313732683414716
govreport_test_0784,Lead - no_path,unit:10,-0.02279321606875373
govreport_test_0784,Full - no_path,unit:5,0.014070839398350313
govreport_test_0784,AB2 - AB0,unit:5,0.026770805278750337
govreport_test_0784,TextRank - no_path,unit:5,0.036817882971729096
govreport_test_0784,Lead - no_path,unit:5,-0.004889563311414602
govreport_test_0784,Full - no_path,word:110,-0.011875186326145301
govreport_test_0784,AB2 - AB0,word:110,-0.01729106628242079
govreport_test_0784,TextRank - no_path,word:110,0.023504522663290617
govreport_test_0784,Lead - no_path,word:110,-0.00306843862086123
govreport_test_0784,Full - no_path,word:260,-0.014396521166347126
govreport_test_0784,AB2 - AB0,word:260,-0.05137847774328427
govreport_test_0784,TextRank - no_path,word:260,0.036277058462263256
govreport_test_0784,Lead - no_path,word:260,0.008976760783264204
govreport_test_0785,Full - no_path,unit:10,-0.01935251286121517
govreport_test_0785,AB2 - AB0,unit:10,0.025961538461538453
govreport_test_0785,TextRank - no_path,unit:10,-0.04449432215631238
govreport_test_0785,Lead - no_path,unit:10,-0.0804650539640058
govreport_test_0785,Full - no_path,unit:5,-0.01594121777714458
govreport_test_0785,AB2 - AB0,unit:5,0.0024173927913502813
govreport_test_0785,TextRank - no_path,unit:5,-0.03630316798648145
govreport_test_0785,Lead - no_path,unit:5,-0.07415939834432689
govreport_test_0785,Full - no_path,word:110,-0.02499546632206484
govreport_test_0785,AB2 - AB0,word:110,0.011497153611153707
govreport_test_0785,TextRank - no_path,word:110,-0.0067643742953776426
govreport_test_0785,Lead - no_path,word:110,-0.031655951329006546
govreport_test_0785,Full - no_path,word:260,-0.009925351039451746
govreport_test_0785,AB2 - AB0,word:260,0.009924195566009236
govreport_test_0785,TextRank - no_path,word:260,-0.0038572806171648932
govreport_test_0785,Lead - no_path,word:260,-0.034949412637141825
govreport_test_0786,Full - no_path,unit:10,0.0
govreport_test_0786,AB2 - AB0,unit:10,-0.02418178377083746
govreport_test_0786,TextRank - no_path,unit:10,0.027283734603672477
govreport_test_0786,Lead - no_path,unit:10,0.01878614869057965
govreport_test_0786,Full - no_path,unit:5,0.0
govreport_test_0786,AB2 - AB0,unit:5,-0.04639561887269633
govreport_test_0786,TextRank - no_path,unit:5,0.061804262632312174
govreport_test_0786,Lead - no_path,unit:5,0.03599265397018206
govreport_test_0786,Full - no_path,word:110,0.0
govreport_test_0786,AB2 - AB0,word:110,-0.06933582849075808
govreport_test_0786,TextRank - no_path,word:110,0.06646968055418759
govreport_test_0786,Lead - no_path,word:110,0.07374005305039788
govreport_test_0786,Full - no_path,word:260,0.0
govreport_test_0786,AB2 - AB0,word:260,-0.047161359769436445
govreport_test_0786,TextRank - no_path,word:260,0.06244612143479486
govreport_test_0786,Lead - no_path,word:260,0.0746523788955161
govreport_test_0787,Full - no_path,unit:10,0.0
govreport_test_0787,AB2 - AB0,unit:10,0.048102402625480906
govreport_test_0787,TextRank - no_path,unit:10,-0.040983807554294927
govreport_test_0787,Lead - no_path,unit:10,-0.02707110486483233
govreport_test_0787,Full - no_path,unit:5,0.0
govreport_test_0787,AB2 - AB0,unit:5,0.025707716084285112
govreport_test_0787,TextRank - no_path,unit:5,-0.01963267552648594
govreport_test_0787,Lead - no_path,unit:5,0.0161405916069568
govreport_test_0787,Full - no_path,word:110,0.0
govreport_test_0787,AB2 - AB0,word:110,-0.013089005235602122
govreport_test_0787,TextRank - no_path,word:110,0.01820758643701649
govreport_test_0787,Lead - no_path,word:110,0.01264988935206629
govreport_test_0787,Full - no_path,word:260,0.0
govreport_test_0787,AB2 - AB0,word:260,0.040025717624742885
govreport_test_0787,TextRank - no_path,word:260,-0.008483217674550347
govreport_test_0787,Lead - no_path,word:260,-0.016204766736085174
govreport_test_0788,Full - no_path,unit:10,0.0
govreport_test_0788,AB2 - AB0,unit:10,0.012842310331850071
govreport_test_0788,TextRank - no_path,unit:10,-0.007551305040844808
govreport_test_0788,Lead - no_path,unit:10,0.028423791711637142
govreport_test_0788,Full - no_path,unit:5,0.0
govreport_test_0788,AB2 - AB0,unit:5,-0.020671461841264588
govreport_test_0788,TextRank - no_path,unit:5,-0.01916344869897868
govreport_test_0788,Lead - no_path,unit:5,0.032578267028027796
govreport_test_0788,Full - no_path,word:110,0.0
govreport_test_0788,AB2 - AB0,word:110,-0.008400741489720281
govreport_test_0788,TextRank - no_path,word:110,0.0030593074032700396
govreport_test_0788,Lead - no_path,word:110,0.040697674418604696
govreport_test_0788,Full - no_path,word:260,0.0
govreport_test_0788,AB2 - AB0,word:260,0.008769498131978692
govreport_test_0788,TextRank - no_path,word:260,0.010453648915187352
govreport_test_0788,Lead - no_path,word:260,0.03664412510566353
govreport_test_0789,Full - no_path,unit:10,0.0
govreport_test_0789,AB2 - AB0,unit:10,-0.02261489576067585
govreport_test_0789,TextRank - no_path,unit:10,0.018604990515102865
govreport_test_0789,Lead - no_path,unit:10,0.008890251379521735
govreport_test_0789,Full - no_path,unit:5,0.0
govreport_test_0789,AB2 - AB0,unit:5,0.024141216026898282
govreport_test_0789,TextRank - no_path,unit:5,0.05364167291878136
govreport_test_0789,Lead - no_path,unit:5,0.030455391672121745
govreport_test_0789,Full - no_path,word:110,0.012203786918615817
govreport_test_0789,AB2 - AB0,word:110,-0.05251328874487206
govreport_test_0789,TextRank - no_path,word:110,0.0502868935857933
govreport_test_0789,Lead - no_path,word:110,0.05323193916349814
govreport_test_0789,Full - no_path,word:260,0.0
govreport_test_0789,AB2 - AB0,word:260,-0.04902364725668862
govreport_test_0789,TextRank - no_path,word:260,0.05495628758558424
govreport_test_0789,Lead - no_path,word:260,0.046946036989154144
govreport_test_0790,Full - no_path,unit:10,0.007663465720095464
govreport_test_0790,AB2 - AB0,unit:10,-0.05202970628767545
govreport_test_0790,TextRank - no_path,unit:10,0.07080913958223356
govreport_test_0790,Lead - no_path,unit:10,0.36526719483271936
govreport_test_0790,Full - no_path,unit:5,0.012485099441621073
govreport_test_0790,AB2 - AB0,unit:5,0.09992518548936005
govreport_test_0790,TextRank - no_path,unit:5,-0.1641185818401009
govreport_test_0790,Lead - no_path,unit:5,0.05933282403870632
govreport_test_0790,Full - no_path,word:110,0.0
govreport_test_0790,AB2 - AB0,word:110,0.0768588137009189
govreport_test_0790,TextRank - no_path,word:110,-0.22856435030348074
govreport_test_0790,Lead - no_path,word:110,-0.06956521739130439
govreport_test_0790,Full - no_path,word:260,-0.011005482375750497
govreport_test_0790,AB2 - AB0,word:260,-0.09875358005728091
govreport_test_0790,TextRank - no_path,word:260,0.0398223348218939
govreport_test_0790,Lead - no_path,word:260,0.36243981396111213
govreport_test_0791,Full - no_path,unit:10,0.0
govreport_test_0791,AB2 - AB0,unit:10,-0.0179640452038759
govreport_test_0791,TextRank - no_path,unit:10,0.02787558298274015
govreport_test_0791,Lead - no_path,unit:10,-0.0032195436457548576
govreport_test_0791,Full - no_path,unit:5,0.0
govreport_test_0791,AB2 - AB0,unit:5,-0.009312194259444823
govreport_test_0791,TextRank - no_path,unit:5,0.01744925298578634
govreport_test_0791,Lead - no_path,unit:5,-0.02497236399557823
govreport_test_0791,Full - no_path,word:110,0.0
govreport_test_0791,AB2 - AB0,word:110,-0.04603947683210821
govreport_test_0791,TextRank - no_path,word:110,0.02848345722995313
govreport_test_0791,Lead - no_path,word:110,0.026139251079244225
govreport_test_0791,Full - no_path,word:260,0.0
govreport_test_0791,AB2 - AB0,word:260,-0.015882243512231442
govreport_test_0791,TextRank - no_path,word:260,0.06808063031037659
govreport_test_0791,Lead - no_path,word:260,0.021047324234322956
govreport_test_0792,Full - no_path,unit:10,0.0
govreport_test_0792,AB2 - AB0,unit:10,-0.015733292474271576
govreport_test_0792,TextRank - no_path,unit:10,0.015733292474271576
govreport_test_0792,Lead - no_path,unit:10,0.07890455396132254
govreport_test_0792,Full - no_path,unit:5,0.0
govreport_test_0792,AB2 - AB0,unit:5,-0.0026610450043093037
govreport_test_0792,TextRank - no_path,unit:5,0.024113281236305295
govreport_test_0792,Lead - no_path,unit:5,0.0015272871822946399
govreport_test_0792,Full - no_path,word:110,-0.0025235017407316818
govreport_test_0792,AB2 - AB0,word:110,0.021828103683492528
govreport_test_0792,TextRank - no_path,word:110,0.025041851506934165
govreport_test_0792,Lead - no_path,word:110,0.0037966808089591186
govreport_test_0792,Full - no_path,word:260,0.0
govreport_test_0792,AB2 - AB0,word:260,0.02407504491802781
govreport_test_0792,TextRank - no_path,word:260,0.02737452813457983
govreport_test_0792,Lead - no_path,word:260,0.07130859673232551
govreport_test_0793,Full - no_path,unit:10,-0.001705972515111065
govreport_test_0793,AB2 - AB0,unit:10,0.031847946809526434
govreport_test_0793,TextRank - no_path,unit:10,-0.029480434085150414
govreport_test_0793,Lead - no_path,unit:10,0.0005205657461911928
govreport_test_0793,Full - no_path,unit:5,0.0012213359920239114
govreport_test_0793,AB2 - AB0,unit:5,0.03560673863996569
govreport_test_0793,TextRank - no_path,unit:5,-0.02174922600619196
govreport_test_0793,Lead - no_path,unit:5,-0.005564731292084887
govreport_test_0793,Full - no_path,word:110,-0.014213197969543165
govreport_test_0793,AB2 - AB0,word:110,-0.014363831455573406
govreport_test_0793,TextRank - no_path,word:110,0.022495976228797815
govreport_test_0793,Lead - no_path,word:110,0.00013825265156203193
govreport_test_0793,Full - no_path,word:260,0.0059729157561611845
govreport_test_0793,AB2 - AB0,word:260,-0.024847986598002136
govreport_test_0793,TextRank - no_path,word:260,0.0428017311459164
govreport_test_0793,Lead - no_path,word:260,0.0022730967846828765
govreport_test_0794,Full - no_path,unit:10,-0.037501593777891085
govreport_test_0794,AB2 - AB0,unit:10,0.047318827552782994
govreport_test_0794,TextRank - no_path,unit:10,-0.08609162695358108
govreport_test_0794,Lead - no_path,unit:10,-0.139693417331049
govreport_test_0794,Full - no_path,unit:5,0.0
govreport_test_0794,AB2 - AB0,unit:5,-0.0031746269663426308
govreport_test_0794,TextRank - no_path,unit:5,-0.03849462962448999
govreport_test_0794,Lead - no_path,unit:5,-0.05912814794686555
govreport_test_0794,Full - no_path,word:110,0.0
govreport_test_0794,AB2 - AB0,word:110,0.022572115142923205
govreport_test_0794,TextRank - no_path,word:110,-0.017017926356589136
govreport_test_0794,Lead - no_path,word:110,-0.03125
govreport_test_0794,Full - no_path,word:260,-0.009465149458885824
govreport_test_0794,AB2 - AB0,word:260,-0.014155296308148768
govreport_test_0794,TextRank - no_path,word:260,-0.01294498381877024
govreport_test_0794,Lead - no_path,word:260,-0.06010608480189181
govreport_test_0795,Full - no_path,unit:10,-0.01748795736322717
govreport_test_0795,AB2 - AB0,unit:10,-0.017865726702103152
govreport_test_0795,TextRank - no_path,unit:10,0.0008056658922281357
govreport_test_0795,Lead - no_path,unit:10,0.06992679633411328
govreport_test_0795,Full - no_path,unit:5,0.006280428432327151
govreport_test_0795,AB2 - AB0,unit:5,-0.010770024793087418
govreport_test_0795,TextRank - no_path,unit:5,0.0049278517359390706
govreport_test_0795,Lead - no_path,unit:5,0.003959888846651882
govreport_test_0795,Full - no_path,word:110,0.0
govreport_test_0795,AB2 - AB0,word:110,-0.024122324412979845
govreport_test_0795,TextRank - no_path,word:110,0.005914626543081586
govreport_test_0795,Lead - no_path,word:110,0.04285714285714286
govreport_test_0795,Full - no_path,word:260,-0.0048064751087688595
govreport_test_0795,AB2 - AB0,word:260,-0.005425947757026733
govreport_test_0795,TextRank - no_path,word:260,0.019383259911894296
govreport_test_0795,Lead - no_path,word:260,0.09536240666930831
govreport_test_0796,Full - no_path,unit:10,0.019142105679575916
govreport_test_0796,AB2 - AB0,unit:10,-0.05534748966540648
govreport_test_0796,TextRank - no_path,unit:10,0.061814722802685684
govreport_test_0796,Lead - no_path,unit:10,0.3550496682115441
govreport_test_0796,Full - no_path,unit:5,-0.005727702496393899
govreport_test_0796,AB2 - AB0,unit:5,-0.0861875915133071
govreport_test_0796,TextRank - no_path,unit:5,0.04004970516501494
govreport_test_0796,Lead - no_path,unit:5,0.06336946873803725
govreport_test_0796,Full - no_path,word:110,-0.017031783424245106
govreport_test_0796,AB2 - AB0,word:110,-0.012320328542094472
govreport_test_0796,TextRank - no_path,word:110,0.0734338708048608
govreport_test_0796,Lead - no_path,word:110,0.20715752420064537
govreport_test_0796,Full - no_path,word:260,0.01207346792440031
govreport_test_0796,AB2 - AB0,word:260,-0.08931727848904766
govreport_test_0796,TextRank - no_path,word:260,0.08361312577821059
govreport_test_0796,Lead - no_path,word:260,0.4893744606789229
govreport_test_0797,Full - no_path,unit:10,0.0
govreport_test_0797,AB2 - AB0,unit:10,0.06493506493506493
govreport_test_0797,TextRank - no_path,unit:10,-0.06493506493506493
govreport_test_0797,Lead - no_path,unit:10,0.647772657450077
govreport_test_0797,Full - no_path,unit:5,0.0
govreport_test_0797,AB2 - AB0,unit:5,0.14421383742455937
govreport_test_0797,TextRank - no_path,unit:5,-0.15118731507472877
govreport_test_0797,Lead - no_path,unit:5,0.5200730170150965
govreport_test_0797,Full - no_path,word:110,0.0
govreport_test_0797,AB2 - AB0,word:110,0.2723519896473633
govreport_test_0797,TextRank - no_path,word:110,-0.2774138496882179
govreport_test_0797,Lead - no_path,word:110,0.3709090909090908
govreport_test_0797,Full - no_path,word:260,0.16181041181041178
govreport_test_0797,AB2 - AB0,word:260,0.08816705336426917
govreport_test_0797,TextRank - no_path,word:260,-0.2402036607373034
govreport_test_0797,Lead - no_path,word:260,0.2859173126614989
govreport_test_0798,Full - no_path,unit:10,0.0
govreport_test_0798,AB2 - AB0,unit:10,-0.030047573384971993
govreport_test_0798,TextRank - no_path,unit:10,0.0256252781486426
govreport_test_0798,Lead - no_path,unit:10,0.07507521773555029
govreport_test_0798,Full - no_path,unit:5,0.0
govreport_test_0798,AB2 - AB0,unit:5,-0.004226657940663181
govreport_test_0798,TextRank - no_path,unit:5,-0.018975678370486387
govreport_test_0798,Lead - no_path,unit:5,0.06515797708834276
govreport_test_0798,Full - no_path,word:110,0.0
govreport_test_0798,AB2 - AB0,word:110,0.005642645886117487
govreport_test_0798,TextRank - no_path,word:110,0.02563831660503607
govreport_test_0798,Lead - no_path,word:110,0.09114647879566273
govreport_test_0798,Full - no_path,word:260,0.0
govreport_test_0798,AB2 - AB0,word:260,-0.002567394094993569
govreport_test_0798,TextRank - no_path,word:260,0.03871105420401194
govreport_test_0798,Lead - no_path,word:260,0.07426376440460947
govreport_test_0799,Full - no_path,unit:10,-0.020268362151738356
govreport_test_0799,AB2 - AB0,unit:10,-0.014505715033592215
govreport_test_0799,TextRank - no_path,unit:10,0.01060982855795381
govreport_test_0799,Lead - no_path,unit:10,0.02672705198103134
govreport_test_0799,Full - no_path,unit:5,-0.027359514821660436
govreport_test_0799,AB2 - AB0,unit:5,-0.008173418621179818
govreport_test_0799,TextRank - no_path,unit:5,0.0020892632738155614
govreport_test_0799,Lead - no_path,unit:5,-0.009977101733725902
govreport_test_0799,Full - no_path,word:110,0.0
govreport_test_0799,AB2 - AB0,word:110,-0.028063473405818426
govreport_test_0799,TextRank - no_path,word:110,0.048211480899742185
govreport_test_0799,Lead - no_path,word:110,0.02926829268292684
govreport_test_0799,Full - no_path,word:260,0.008477803718974053
govreport_test_0799,AB2 - AB0,word:260,-0.010277363741544143
govreport_test_0799,TextRank - no_path,word:260,0.034321450906816736
govreport_test_0799,Lead - no_path,word:260,0.053225712113236234
govreport_test_0800,Full - no_path,unit:10,-0.006324116212351988
govreport_test_0800,AB2 - AB0,unit:10,0.04289855072463769
govreport_test_0800,TextRank - no_path,unit:10,-0.048947447078792006
govreport_test_0800,Lead - no_path,unit:10,0.018332026436652882
govreport_test_0800,Full - no_path,unit:5,0.0
govreport_test_0800,AB2 - AB0,unit:5,0.0626559326950972
govreport_test_0800,TextRank - no_path,unit:5,-0.0618495077355837
govreport_test_0800,Lead - no_path,unit:5,-0.020130500707020826
govreport_test_0800,Full - no_path,word:110,0.0
govreport_test_0800,AB2 - AB0,word:110,0.016161368818965127
govreport_test_0800,TextRank - no_path,word:110,-0.00019156867928721288
govreport_test_0800,Lead - no_path,word:110,0.002574683049620108
govreport_test_0800,Full - no_path,word:260,0.0
govreport_test_0800,AB2 - AB0,word:260,0.0075616635659845055
govreport_test_0800,TextRank - no_path,word:260,-0.003195321174085053
govreport_test_0800,Lead - no_path,word:260,0.10297482837528607
govreport_test_0801,Full - no_path,unit:10,0.0
govreport_test_0801,AB2 - AB0,unit:10,-0.051496111545228845
govreport_test_0801,TextRank - no_path,unit:10,0.056153013352580355
govreport_test_0801,Lead - no_path,unit:10,0.07559449311639549
govreport_test_0801,Full - no_path,unit:5,0.0
govreport_test_0801,AB2 - AB0,unit:5,-0.05579989900470768
govreport_test_0801,TextRank - no_path,unit:5,0.042362573099415185
govreport_test_0801,Lead - no_path,unit:5,0.06254014598540145
govreport_test_0801,Full - no_path,word:110,0.0
govreport_test_0801,AB2 - AB0,word:110,-0.04477611940298508
govreport_test_0801,TextRank - no_path,word:110,0.041568610005116
govreport_test_0801,Lead - no_path,word:110,0.01791044776119402
govreport_test_0801,Full - no_path,word:260,-0.00037063439756215844
govreport_test_0801,AB2 - AB0,word:260,-0.05059427199818933
govreport_test_0801,TextRank - no_path,word:260,0.06963640641239835
govreport_test_0801,Lead - no_path,word:260,0.0893945199230124
govreport_test_0802,Full - no_path,unit:10,0.0
govreport_test_0802,AB2 - AB0,unit:10,-0.0798567692889861
govreport_test_0802,TextRank - no_path,unit:10,0.04603860772806978
govreport_test_0802,Lead - no_path,unit:10,0.03237968843808253
govreport_test_0802,Full - no_path,unit:5,0.0
govreport_test_0802,AB2 - AB0,unit:5,-0.18776277763626703
govreport_test_0802,TextRank - no_path,unit:5,0.071008337266006
govreport_test_0802,Lead - no_path,unit:5,0.10502611231963768
govreport_test_0802,Full - no_path,word:110,0.0
govreport_test_0802,AB2 - AB0,word:110,-0.1568156880550466
govreport_test_0802,TextRank - no_path,word:110,0.09098368029940443
govreport_test_0802,Lead - no_path,word:110,0.15570469798657718
govreport_test_0802,Full - no_path,word:260,0.0
govreport_test_0802,AB2 - AB0,word:260,-0.11524801587301586
govreport_test_0802,TextRank - no_path,word:260,0.06041774811518963
govreport_test_0802,Lead - no_path,word:260,0.1464980158730158
govreport_test_0803,Full - no_path,unit:10,-0.0059729401856015996
govreport_test_0803,AB2 - AB0,unit:10,0.010194234813806824
govreport_test_0803,TextRank - no_path,unit:10,0.017439959763611235
govreport_test_0803,Lead - no_path,unit:10,0.15688051920417068
govreport_test_0803,Full - no_path,unit:5,0.0
govreport_test_0803,AB2 - AB0,unit:5,-0.0019911284951036334
govreport_test_0803,TextRank - no_path,unit:5,-0.03384920704002231
govreport_test_0803,Lead - no_path,unit:5,0.05345153420609555
govreport_test_0803,Full - no_path,word:110,0.0
govreport_test_0803,AB2 - AB0,word:110,0.01099068486730334
govreport_test_0803,TextRank - no_path,word:110,-0.031683168316831684
govreport_test_0803,Lead - no_path,word:110,0.01050128634910738
govreport_test_0803,Full - no_path,word:260,0.013294885136776902
govreport_test_0803,AB2 - AB0,word:260,-0.08801213960546289
govreport_test_0803,TextRank - no_path,word:260,-0.007949424423162432
govreport_test_0803,Lead - no_path,word:260,0.15285007097877917
govreport_test_0804,Full - no_path,unit:10,-0.017021513818365946
govreport_test_0804,AB2 - AB0,unit:10,0.03701689113233686
govreport_test_0804,TextRank - no_path,unit:10,-0.002560780834072768
govreport_test_0804,Lead - no_path,unit:10,0.10469541751303466
govreport_test_0804,Full - no_path,unit:5,-0.0017999110007106411
govreport_test_0804,AB2 - AB0,unit:5,-0.012769230589660618
govreport_test_0804,TextRank - no_path,unit:5,0.009269713422746434
govreport_test_0804,Lead - no_path,unit:5,0.06009430112889336
govreport_test_0804,Full - no_path,word:110,0.014364550736292489
govreport_test_0804,AB2 - AB0,word:110,-0.03884632163278691
govreport_test_0804,TextRank - no_path,word:110,0.03169924319519013
govreport_test_0804,Lead - no_path,word:110,0.10215195432586738
govreport_test_0804,Full - no_path,word:260,0.010086802176019843
govreport_test_0804,AB2 - AB0,word:260,-0.02402606897416079
govreport_test_0804,TextRank - no_path,word:260,0.04671070996557178
govreport_test_0804,Lead - no_path,word:260,0.16346103530485415
govreport_test_0805,Full - no_path,unit:10,0.0
govreport_test_0805,AB2 - AB0,unit:10,-0.02061903370348725
govreport_test_0805,TextRank - no_path,unit:10,0.0010634762379528317
govreport_test_0805,Lead - no_path,unit:10,0.011774593574647968
govreport_test_0805,Full - no_path,unit:5,-0.012792132175757809
govreport_test_0805,AB2 - AB0,unit:5,-0.005675766812789862
govreport_test_0805,TextRank - no_path,unit:5,0.022993035566218872
govreport_test_0805,Lead - no_path,unit:5,-0.0009862373703515281
govreport_test_0805,Full - no_path,word:110,-0.017580593991751464
govreport_test_0805,AB2 - AB0,word:110,-0.013288097257562914
govreport_test_0805,TextRank - no_path,word:110,0.06624203821656051
govreport_test_0805,Lead - no_path,word:110,0.007802547770700649
govreport_test_0805,Full - no_path,word:260,0.0
govreport_test_0805,AB2 - AB0,word:260,-0.0687956007537106
govreport_test_0805,TextRank - no_path,word:260,0.09809634809634812
govreport_test_0805,Lead - no_path,word:260,0.030628170113148667
govreport_test_0806,Full - no_path,unit:10,0.004417606963641824
govreport_test_0806,AB2 - AB0,unit:10,-0.001809042785683057
govreport_test_0806,TextRank - no_path,unit:10,0.022352973522861586
govreport_test_0806,Lead - no_path,unit:10,0.13475108592097398
govreport_test_0806,Full - no_path,unit:5,-0.0020726039442281186
govreport_test_0806,AB2 - AB0,unit:5,-0.013048281957794727
govreport_test_0806,TextRank - no_path,unit:5,0.016106902793631
govreport_test_0806,Lead - no_path,unit:5,0.05464361408175289
govreport_test_0806,Full - no_path,word:110,0.0
govreport_test_0806,AB2 - AB0,word:110,-0.04792516039316076
govreport_test_0806,TextRank - no_path,word:110,0.020258525331057806
govreport_test_0806,Lead - no_path,word:110,0.09271577460703771
govreport_test_0806,Full - no_path,word:260,0.0
govreport_test_0806,AB2 - AB0,word:260,-0.05958554723074258
govreport_test_0806,TextRank - no_path,word:260,0.0251977135698066
govreport_test_0806,Lead - no_path,word:260,0.15138302859821848
govreport_test_0807,Full - no_path,unit:10,-0.0027291598879077006
govreport_test_0807,AB2 - AB0,unit:10,-0.07581755934301995
govreport_test_0807,TextRank - no_path,unit:10,0.04064043918138327
govreport_test_0807,Lead - no_path,unit:10,0.10220389209361647
govreport_test_0807,Full - no_path,unit:5,0.007675343768918097
govreport_test_0807,AB2 - AB0,unit:5,-0.036516797992605016
govreport_test_0807,TextRank - no_path,unit:5,0.057640067911714776
govreport_test_0807,Lead - no_path,unit:5,0.12577585453273887
govreport_test_0807,Full - no_path,word:110,0.0193103448275862
govreport_test_0807,AB2 - AB0,word:110,-0.01449424459609297
govreport_test_0807,TextRank - no_path,word:110,0.06595611285266459
govreport_test_0807,Lead - no_path,word:110,0.11586206896551723
govreport_test_0807,Full - no_path,word:260,0.0
govreport_test_0807,AB2 - AB0,word:260,-0.0218315487487081
govreport_test_0807,TextRank - no_path,word:260,0.05070157373025036
govreport_test_0807,Lead - no_path,word:260,0.09498343342306897
govreport_test_0808,Full - no_path,unit:10,-0.015000000000000013
govreport_test_0808,AB2 - AB0,unit:10,-0.013261000602772688
govreport_test_0808,TextRank - no_path,unit:10,0.01909282700421941
govreport_test_0808,Lead - no_path,unit:10,-0.02769121813031164
govreport_test_0808,Full - no_path,unit:5,0.00015252206122670642
govreport_test_0808,AB2 - AB0,unit:5,0.03314088592845854
govreport_test_0808,TextRank - no_path,unit:5,0.011273572958161587
govreport_test_0808,Lead - no_path,unit:5,-0.06260155890711415
govreport_test_0808,Full - no_path,word:110,0.0
govreport_test_0808,AB2 - AB0,word:110,-0.012307692307692325
govreport_test_0808,TextRank - no_path,word:110,0.03692307692307689
govreport_test_0808,Lead - no_path,word:110,-0.009410374571664895
govreport_test_0808,Full - no_path,word:260,-0.0018929016189290215
govreport_test_0808,AB2 - AB0,word:260,-0.05006785651065365
govreport_test_0808,TextRank - no_path,word:260,0.06310709838107098
govreport_test_0808,Lead - no_path,word:260,0.012888621477200823
govreport_test_0809,Full - no_path,unit:10,0.013405592563320884
govreport_test_0809,AB2 - AB0,unit:10,0.03376450906525161
govreport_test_0809,TextRank - no_path,unit:10,0.011035413722553816
govreport_test_0809,Lead - no_path,unit:10,0.011095627481397696
govreport_test_0809,Full - no_path,unit:5,0.0
govreport_test_0809,AB2 - AB0,unit:5,-0.0069462044624670205
govreport_test_0809,TextRank - no_path,unit:5,-0.022824709782085284
govreport_test_0809,Lead - no_path,unit:5,-0.02153744150367362
govreport_test_0809,Full - no_path,word:110,0.0
govreport_test_0809,AB2 - AB0,word:110,-0.00035252449769851424
govreport_test_0809,TextRank - no_path,word:110,-0.002187886097546582
govreport_test_0809,Lead - no_path,word:110,-0.013531799729363969
govreport_test_0809,Full - no_path,word:260,0.0020723760881241615
govreport_test_0809,AB2 - AB0,word:260,0.0288861862954842
govreport_test_0809,TextRank - no_path,word:260,0.02539318979996949
govreport_test_0809,Lead - no_path,word:260,0.01947238718539171
govreport_test_0810,Full - no_path,unit:10,0.0
govreport_test_0810,AB2 - AB0,unit:10,-0.058799092201291425
govreport_test_0810,TextRank - no_path,unit:10,0.015911624607276798
govreport_test_0810,Lead - no_path,unit:10,0.2668859551266115
govreport_test_0810,Full - no_path,unit:5,-0.00047389498278874176
govreport_test_0810,AB2 - AB0,unit:5,-0.06338227615671552
govreport_test_0810,TextRank - no_path,unit:5,0.003755238161516211
govreport_test_0810,Lead - no_path,unit:5,0.192036977845125
govreport_test_0810,Full - no_path,word:110,-0.0019523968369209305
govreport_test_0810,AB2 - AB0,word:110,-0.1177815277750525
govreport_test_0810,TextRank - no_path,word:110,0.02053097345132744
govreport_test_0810,Lead - no_path,word:110,0.10744977211651095
govreport_test_0810,Full - no_path,word:260,0.0
govreport_test_0810,AB2 - AB0,word:260,-0.14365907653383936
govreport_test_0810,TextRank - no_path,word:260,0.03201958086064044
govreport_test_0810,Lead - no_path,word:260,0.2742144720621542
govreport_test_0811,Full - no_path,unit:10,0.0
govreport_test_0811,AB2 - AB0,unit:10,-0.011175898931000933
govreport_test_0811,TextRank - no_path,unit:10,-0.02189561100350662
govreport_test_0811,Lead - no_path,unit:10,0.31554522016076036
govreport_test_0811,Full - no_path,unit:5,-0.000792875114319247
govreport_test_0811,AB2 - AB0,unit:5,0.04591671942222966
govreport_test_0811,TextRank - no_path,unit:5,-0.07196863098253317
govreport_test_0811,Lead - no_path,unit:5,0.26112946358345135
govreport_test_0811,Full - no_path,word:110,-0.01301518438177876
govreport_test_0811,AB2 - AB0,word:110,0.043290043290043295
govreport_test_0811,TextRank - no_path,word:110,-0.06476468923889464
govreport_test_0811,Lead - no_path,word:110,0.2004527020654532
govreport_test_0811,Full - no_path,word:260,0.0058483861415457306
govreport_test_0811,AB2 - AB0,word:260,-0.010907520644855173
govreport_test_0811,TextRank - no_path,word:260,-0.005886610887568977
govreport_test_0811,Lead - no_path,word:260,0.3168004846140357
govreport_test_0812,Full - no_path,unit:10,-0.0029605450439337266
govreport_test_0812,AB2 - AB0,unit:10,0.008954585087831257
govreport_test_0812,TextRank - no_path,unit:10,-0.009838622592836993
govreport_test_0812,Lead - no_path,unit:10,-0.030103088256282468
govreport_test_0812,Full - no_path,unit:5,-0.014826403932944987
govreport_test_0812,AB2 - AB0,unit:5,0.04833833833833831
govreport_test_0812,TextRank - no_path,unit:5,-0.03463324095497192
govreport_test_0812,Lead - no_path,unit:5,-0.03238351459309599
govreport_test_0812,Full - no_path,word:110,-0.008810572687224669
govreport_test_0812,AB2 - AB0,word:110,-0.024549989789071427
govreport_test_0812,TextRank - no_path,word:110,0.030994856451777436
govreport_test_0812,Lead - no_path,word:110,-0.013215859030836996
govreport_test_0812,Full - no_path,word:260,0.0
govreport_test_0812,AB2 - AB0,word:260,-0.03457810463933167
govreport_test_0812,TextRank - no_path,word:260,0.036363310271850496
govreport_test_0812,Lead - no_path,word:260,-0.009785922886498821
govreport_test_0813,Full - no_path,unit:10,0.0
govreport_test_0813,AB2 - AB0,unit:10,0.025887995452900714
govreport_test_0813,TextRank - no_path,unit:10,0.0018006900727611241
govreport_test_0813,Lead - no_path,unit:10,-0.11717360035683322
govreport_test_0813,Full - no_path,unit:5,0.0
govreport_test_0813,AB2 - AB0,unit:5,0.00012614078573094933
govreport_test_0813,TextRank - no_path,unit:5,0.0011067646216963989
govreport_test_0813,Lead - no_path,unit:5,-0.09573077457933526
govreport_test_0813,Full - no_path,word:110,0.0
govreport_test_0813,AB2 - AB0,word:110,-0.02151643597418948
govreport_test_0813,TextRank - no_path,word:110,0.045523520485584196
govreport_test_0813,Lead - no_path,word:110,-0.04552352048558425
govreport_test_0813,Full - no_path,word:260,0.0
govreport_test_0813,AB2 - AB0,word:260,-0.0015489137862437774
govreport_test_0813,TextRank - no_path,word:260,0.021177005226084927
govreport_test_0813,Lead - no_path,word:260,-0.06605568200660228
govreport_test_0814,Full - no_path,unit:10,0.0
govreport_test_0814,AB2 - AB0,unit:10,0.028185288564157307
govreport_test_0814,TextRank - no_path,unit:10,-0.05148927572602857
govreport_test_0814,Lead - no_path,unit:10,-0.027646287063762792
govreport_test_0814,Full - no_path,unit:5,0.0
govreport_test_0814,AB2 - AB0,unit:5,0.026970590933988764
govreport_test_0814,TextRank - no_path,unit:5,-0.010925306577480504
govreport_test_0814,Lead - no_path,unit:5,0.029236912156166805
govreport_test_0814,Full - no_path,word:110,0.0
govreport_test_0814,AB2 - AB0,word:110,-0.010922277549253095
govreport_test_0814,TextRank - no_path,word:110,-0.010611586274765203
govreport_test_0814,Lead - no_path,word:110,0.008230944007872762
govreport_test_0814,Full - no_path,word:260,0.0
govreport_test_0814,AB2 - AB0,word:260,0.02554536769111379
govreport_test_0814,TextRank - no_path,word:260,-0.02621714439630987
govreport_test_0814,Lead - no_path,word:260,-0.004866053325694508
govreport_test_0815,Full - no_path,unit:10,-0.0011984339525827614
govreport_test_0815,AB2 - AB0,unit:10,0.07851926363189826
govreport_test_0815,TextRank - no_path,unit:10,-0.008440467715443628
govreport_test_0815,Lead - no_path,unit:10,0.21755920850278535
govreport_test_0815,Full - no_path,unit:5,-0.016208054725295046
govreport_test_0815,AB2 - AB0,unit:5,0.028990164051482525
govreport_test_0815,TextRank - no_path,unit:5,-0.05887124479902281
govreport_test_0815,Lead - no_path,unit:5,0.08925326423475563
govreport_test_0815,Full - no_path,word:110,0.0
govreport_test_0815,AB2 - AB0,word:110,-0.02619245471165034
govreport_test_0815,TextRank - no_path,word:110,0.037161376101047014
govreport_test_0815,Lead - no_path,word:110,0.051786604620242635
govreport_test_0815,Full - no_path,word:260,0.01116435210586425
govreport_test_0815,AB2 - AB0,word:260,-0.09985734664764623
govreport_test_0815,TextRank - no_path,word:260,0.04081357373216324
govreport_test_0815,Lead - no_path,word:260,0.13567063286214498
govreport_test_0816,Full - no_path,unit:10,0.010382037768743385
govreport_test_0816,AB2 - AB0,unit:10,-0.03143848021896803
govreport_test_0816,TextRank - no_path,unit:10,-0.023722943890543427
govreport_test_0816,Lead - no_path,unit:10,0.053533827136026946
govreport_test_0816,Full - no_path,unit:5,0.0
govreport_test_0816,AB2 - AB0,unit:5,-0.00065993788819875
govreport_test_0816,TextRank - no_path,unit:5,-0.0245747425179898
govreport_test_0816,Lead - no_path,unit:5,0.08193678131284482
govreport_test_0816,Full - no_path,word:110,0.0
govreport_test_0816,AB2 - AB0,word:110,-0.011130064221116981
govreport_test_0816,TextRank - no_path,word:110,0.019693654266958432
govreport_test_0816,Lead - no_path,word:110,0.021776613935024086
govreport_test_0816,Full - no_path,word:260,-0.0034932969302390593
govreport_test_0816,AB2 - AB0,word:260,-0.0023795443665342864
govreport_test_0816,TextRank - no_path,word:260,0.001741755892388147
govreport_test_0816,Lead - no_path,word:260,0.05064039236599846
govreport_test_0817,Full - no_path,unit:10,-0.07258621218458725
govreport_test_0817,AB2 - AB0,unit:10,-0.03977649884353446
govreport_test_0817,TextRank - no_path,unit:10,0.12905588515344613
govreport_test_0817,Lead - no_path,unit:10,0.03332002983570931
govreport_test_0817,Full - no_path,unit:5,-0.012544151561487249
govreport_test_0817,AB2 - AB0,unit:5,-0.019741271340537325
govreport_test_0817,TextRank - no_path,unit:5,0.02101902382225096
govreport_test_0817,Lead - no_path,unit:5,0.08752494339767453
govreport_test_0817,Full - no_path,word:110,-0.008737846852600928
govreport_test_0817,AB2 - AB0,word:110,-0.12500000000000003
govreport_test_0817,TextRank - no_path,word:110,0.006807812945537506
govreport_test_0817,Lead - no_path,word:110,0.15308029041212903
govreport_test_0817,Full - no_path,word:260,0.029221517106344325
govreport_test_0817,AB2 - AB0,word:260,-0.18376109765940274
govreport_test_0817,TextRank - no_path,word:260,0.016632028718008368
govreport_test_0817,Lead - no_path,word:260,0.14552021049674396
govreport_test_0818,Full - no_path,unit:10,0.0006007827674503752
govreport_test_0818,AB2 - AB0,unit:10,0.04111863956423539
govreport_test_0818,TextRank - no_path,unit:10,0.014876551507819136
govreport_test_0818,Lead - no_path,unit:10,0.09992532566308043
govreport_test_0818,Full - no_path,unit:5,0.07320521942571845
govreport_test_0818,AB2 - AB0,unit:5,-0.05882363539724153
govreport_test_0818,TextRank - no_path,unit:5,-0.023468602465627722
govreport_test_0818,Lead - no_path,unit:5,0.14405802504936685
govreport_test_0818,Full - no_path,word:110,0.07275428472999743
govreport_test_0818,AB2 - AB0,word:110,-0.10944820406038522
govreport_test_0818,TextRank - no_path,word:110,0.023529411764705882
govreport_test_0818,Lead - no_path,word:110,0.15
govreport_test_0818,Full - no_path,word:260,0.06780415515488492
govreport_test_0818,AB2 - AB0,word:260,-0.09194277108433738
govreport_test_0818,TextRank - no_path,word:260,0.07952107213750534
govreport_test_0818,Lead - no_path,word:260,0.1646226659527059
govreport_test_0819,Full - no_path,unit:10,0.0
govreport_test_0819,AB2 - AB0,unit:10,-0.01751701252256191
govreport_test_0819,TextRank - no_path,unit:10,0.0279321009923183
govreport_test_0819,Lead - no_path,unit:10,-0.03958890981791746
govreport_test_0819,Full - no_path,unit:5,0.0
govreport_test_0819,AB2 - AB0,unit:5,-0.006939587329382435
govreport_test_0819,TextRank - no_path,unit:5,0.04727851835179939
govreport_test_0819,Lead - no_path,unit:5,-0.05339605810041559
govreport_test_0819,Full - no_path,word:110,0.0
govreport_test_0819,AB2 - AB0,word:110,-0.029064559955718813
govreport_test_0819,TextRank - no_path,word:110,0.02469722972721307
govreport_test_0819,Lead - no_path,word:110,-0.0014417457185608856
govreport_test_0819,Full - no_path,word:260,0.0
govreport_test_0819,AB2 - AB0,word:260,-0.009772482167617752
govreport_test_0819,TextRank - no_path,word:260,0.027812033491270205
govreport_test_0819,Lead - no_path,word:260,-0.01782339524275009
govreport_test_0820,Full - no_path,unit:10,0.0023268671056158596
govreport_test_0820,AB2 - AB0,unit:10,-0.12987368226572918
govreport_test_0820,TextRank - no_path,unit:10,0.11035885634445275
govreport_test_0820,Lead - no_path,unit:10,0.06172339008037192
govreport_test_0820,Full - no_path,unit:5,-0.003570957249431378
govreport_test_0820,AB2 - AB0,unit:5,-0.12486286573848923
govreport_test_0820,TextRank - no_path,unit:5,0.04641534955179652
govreport_test_0820,Lead - no_path,unit:5,0.04447181682073992
govreport_test_0820,Full - no_path,word:110,0.005999952000384001
govreport_test_0820,AB2 - AB0,word:110,-0.1458280822732137
govreport_test_0820,TextRank - no_path,word:110,0.03671087787402802
govreport_test_0820,Lead - no_path,word:110,0.0895912832697339
govreport_test_0820,Full - no_path,word:260,0.01761006289308173
govreport_test_0820,AB2 - AB0,word:260,-0.11327067669172927
govreport_test_0820,TextRank - no_path,word:260,0.07861870774739121
govreport_test_0820,Lead - no_path,word:260,0.09274991308744979
govreport_test_0821,Full - no_path,unit:10,0.005715749315862523
govreport_test_0821,AB2 - AB0,unit:10,0.01613207547169812
govreport_test_0821,TextRank - no_path,unit:10,0.0062521174042933225
govreport_test_0821,Lead - no_path,unit:10,-0.04066150375723791
govreport_test_0821,Full - no_path,unit:5,-0.007027006041493089
govreport_test_0821,AB2 - AB0,unit:5,0.027047163747525707
govreport_test_0821,TextRank - no_path,unit:5,-0.013722190434519208
govreport_test_0821,Lead - no_path,unit:5,-0.0312687525406668
govreport_test_0821,Full - no_path,word:110,-0.021084291389111637
govreport_test_0821,AB2 - AB0,word:110,0.005515078695537315
govreport_test_0821,TextRank - no_path,word:110,0.015965777880035115
govreport_test_0821,Lead - no_path,word:110,-0.015645371577574965
govreport_test_0821,Full - no_path,word:260,-0.006853272710050207
govreport_test_0821,AB2 - AB0,word:260,-0.011251621232599568
govreport_test_0821,TextRank - no_path,word:260,0.028519635165346863
govreport_test_0821,Lead - no_path,word:260,-0.030898497654581192
govreport_test_0822,Full - no_path,unit:10,-0.02138179592310574
govreport_test_0822,AB2 - AB0,unit:10,0.040744579243634366
govreport_test_0822,TextRank - no_path,unit:10,0.009677619914372132
govreport_test_0822,Lead - no_path,unit:10,-0.0453346364948575
govreport_test_0822,Full - no_path,unit:5,-0.013495535600071634
govreport_test_0822,AB2 - AB0,unit:5,0.0757840128891652
govreport_test_0822,TextRank - no_path,unit:5,-0.021131213266464527
govreport_test_0822,Lead - no_path,unit:5,-0.07440928141893945
govreport_test_0822,Full - no_path,word:110,0.0
govreport_test_0822,AB2 - AB0,word:110,-0.006038847229471983
govreport_test_0822,TextRank - no_path,word:110,0.0029112081513828214
govreport_test_0822,Lead - no_path,word:110,-0.02054771334755086
govreport_test_0822,Full - no_path,word:260,-0.012334761613857326
govreport_test_0822,AB2 - AB0,word:260,0.00424670372516614
govreport_test_0822,TextRank - no_path,word:260,0.02867383512544805
govreport_test_0822,Lead - no_path,word:260,-0.019670592251237407
govreport_test_0823,Full - no_path,unit:10,0.0
govreport_test_0823,AB2 - AB0,unit:10,-0.03893028824675204
govreport_test_0823,TextRank - no_path,unit:10,0.11493417558766802
govreport_test_0823,Lead - no_path,unit:10,0.09291632103392836
govreport_test_0823,Full - no_path,unit:5,0.0
govreport_test_0823,AB2 - AB0,unit:5,-0.0016263135609530799
govreport_test_0823,TextRank - no_path,unit:5,0.0475215751550187
govreport_test_0823,Lead - no_path,unit:5,0.09999092341840563
govreport_test_0823,Full - no_path,word:110,0.0
govreport_test_0823,AB2 - AB0,word:110,0.005410951014821197
govreport_test_0823,TextRank - no_path,word:110,-0.02208434733773701
govreport_test_0823,Lead - no_path,word:110,0.08440361122476633
govreport_test_0823,Full - no_path,word:260,0.0
govreport_test_0823,AB2 - AB0,word:260,-0.0738529562911075
govreport_test_0823,TextRank - no_path,word:260,0.042678858018882465
govreport_test_0823,Lead - no_path,word:260,0.08877284595300267
govreport_test_0824,Full - no_path,unit:10,0.0
govreport_test_0824,AB2 - AB0,unit:10,-0.006731859410430918
govreport_test_0824,TextRank - no_path,unit:10,-0.06781688752195209
govreport_test_0824,Lead - no_path,unit:10,0.23388723271599166
govreport_test_0824,Full - no_path,unit:5,0.0
govreport_test_0824,AB2 - AB0,unit:5,0.009787314135140224
govreport_test_0824,TextRank - no_path,unit:5,-0.1059467543217
govreport_test_0824,Lead - no_path,unit:5,0.15091916224431756
govreport_test_0824,Full - no_path,word:110,0.0
govreport_test_0824,AB2 - AB0,word:110,0.0028404200378722433
govreport_test_0824,TextRank - no_path,word:110,-0.0606606606606607
govreport_test_0824,Lead - no_path,word:110,0.07221484559043984
govreport_test_0824,Full - no_path,word:260,0.0
govreport_test_0824,AB2 - AB0,word:260,0.011975791016011761
govreport_test_0824,TextRank - no_path,word:260,-0.06223057148507022
govreport_test_0824,Lead - no_path,word:260,0.24224101326820469
govreport_test_0825,Full - no_path,unit:10,0.004192080279036808
govreport_test_0825,AB2 - AB0,unit:10,-0.04168903202719623
govreport_test_0825,TextRank - no_path,unit:10,0.04323980469018637
govreport_test_0825,Lead - no_path,unit:10,0.08241439723803878
govreport_test_0825,Full - no_path,unit:5,-0.007842242904776087
govreport_test_0825,AB2 - AB0,unit:5,-0.030442225715754112
govreport_test_0825,TextRank - no_path,unit:5,0.014048814846573138
govreport_test_0825,Lead - no_path,unit:5,-0.03499591954298881
govreport_test_0825,Full - no_path,word:110,-0.03708269923522954
govreport_test_0825,AB2 - AB0,word:110,-0.04460093896713613
govreport_test_0825,TextRank - no_path,word:110,0.0003463403371045948
govreport_test_0825,Lead - no_path,word:110,0.01620170645192212
govreport_test_0825,Full - no_path,word:260,-0.008288250900413519
govreport_test_0825,AB2 - AB0,word:260,-0.02028070620104075
govreport_test_0825,TextRank - no_path,word:260,0.06415380723501135
govreport_test_0825,Lead - no_path,word:260,0.09127919052847094
govreport_test_0826,Full - no_path,unit:10,0.0
govreport_test_0826,AB2 - AB0,unit:10,-0.07025160430733188
govreport_test_0826,TextRank - no_path,unit:10,0.07378677938473618
govreport_test_0826,Lead - no_path,unit:10,0.01786552265122801
govreport_test_0826,Full - no_path,unit:5,0.0
govreport_test_0826,AB2 - AB0,unit:5,-0.056630546955624306
govreport_test_0826,TextRank - no_path,unit:5,0.08316162810336095
govreport_test_0826,Lead - no_path,unit:5,-0.08489969415789747
govreport_test_0826,Full - no_path,word:110,0.0
govreport_test_0826,AB2 - AB0,word:110,-0.042707022056811345
govreport_test_0826,TextRank - no_path,word:110,0.042707022056811345
govreport_test_0826,Lead - no_path,word:110,-0.04597258586169721
govreport_test_0826,Full - no_path,word:260,0.01750534729258138
govreport_test_0826,AB2 - AB0,word:260,-0.09407372710829956
govreport_test_0826,TextRank - no_path,word:260,0.09913151016048796
govreport_test_0826,Lead - no_path,word:260,-0.001766041544024849
govreport_test_0827,Full - no_path,unit:10,0.0
govreport_test_0827,AB2 - AB0,unit:10,-0.09547673572606788
govreport_test_0827,TextRank - no_path,unit:10,0.09681668579020475
govreport_test_0827,Lead - no_path,unit:10,-0.10949612209156867
govreport_test_0827,Full - no_path,unit:5,0.0
govreport_test_0827,AB2 - AB0,unit:5,-0.0800071881959554
govreport_test_0827,TextRank - no_path,unit:5,0.08981419839012289
govreport_test_0827,Lead - no_path,unit:5,-0.07561942198021716
govreport_test_0827,Full - no_path,word:110,0.0
govreport_test_0827,AB2 - AB0,word:110,-0.11620518733585065
govreport_test_0827,TextRank - no_path,word:110,0.11121320023992871
govreport_test_0827,Lead - no_path,word:110,-0.00475630861846596
govreport_test_0827,Full - no_path,word:260,0.0
govreport_test_0827,AB2 - AB0,word:260,-0.11066648833558057
govreport_test_0827,TextRank - no_path,word:260,0.14099190283400806
govreport_test_0827,Lead - no_path,word:260,-0.01285425101214574
govreport_test_0828,Full - no_path,unit:10,-0.0034929350090516786
govreport_test_0828,AB2 - AB0,unit:10,0.051501685975971476
govreport_test_0828,TextRank - no_path,unit:10,-0.060866839436783976
govreport_test_0828,Lead - no_path,unit:10,-0.005863820289546989
govreport_test_0828,Full - no_path,unit:5,-0.03172268569867068
govreport_test_0828,AB2 - AB0,unit:5,0.07314174589455488
govreport_test_0828,TextRank - no_path,unit:5,-0.06462005431599128
govreport_test_0828,Lead - no_path,unit:5,-0.056742412791185914
govreport_test_0828,Full - no_path,word:110,-0.00842696629213481
govreport_test_0828,AB2 - AB0,word:110,-0.005827935262772144
govreport_test_0828,TextRank - no_path,word:110,0.04494382022471913
govreport_test_0828,Lead - no_path,word:110,0.008426966292134852
govreport_test_0828,Full - no_path,word:260,0.0002070154024836346
govreport_test_0828,AB2 - AB0,word:260,-0.02042515253072097
govreport_test_0828,TextRank - no_path,word:260,0.04403244495944378
govreport_test_0828,Lead - no_path,word:260,0.011148098781639526
govreport_test_0829,Full - no_path,unit:10,0.0
govreport_test_0829,AB2 - AB0,unit:10,-0.02678509230233364
govreport_test_0829,TextRank - no_path,unit:10,0.029232410108045948
govreport_test_0829,Lead - no_path,unit:10,0.040040785961879294
govreport_test_0829,Full - no_path,unit:5,0.0
govreport_test_0829,AB2 - AB0,unit:5,0.015901116940805315
govreport_test_0829,TextRank - no_path,unit:5,0.011282655572389305
govreport_test_0829,Lead - no_path,unit:5,0.03860754818286152
govreport_test_0829,Full - no_path,word:110,0.0
govreport_test_0829,AB2 - AB0,word:110,-0.012319838914794407
govreport_test_0829,TextRank - no_path,word:110,0.05423500953004287
govreport_test_0829,Lead - no_path,word:110,0.047742293905229716
govreport_test_0829,Full - no_path,word:260,0.0
govreport_test_0829,AB2 - AB0,word:260,-0.03250854734132505
govreport_test_0829,TextRank - no_path,word:260,0.037026238635573167
govreport_test_0829,Lead - no_path,word:260,0.03317456067831914
govreport_test_0830,Full - no_path,unit:10,0.0
govreport_test_0830,AB2 - AB0,unit:10,-0.02204902293008021
govreport_test_0830,TextRank - no_path,unit:10,0.006984969053934559
govreport_test_0830,Lead - no_path,unit:10,0.020066238067406983
govreport_test_0830,Full - no_path,unit:5,0.0
govreport_test_0830,AB2 - AB0,unit:5,-0.024210709924995633
govreport_test_0830,TextRank - no_path,unit:5,-0.01723949809056194
govreport_test_0830,Lead - no_path,unit:5,-0.028123851832058566
govreport_test_0830,Full - no_path,word:110,0.0
govreport_test_0830,AB2 - AB0,word:110,-0.01570255130177342
govreport_test_0830,TextRank - no_path,word:110,-0.0038022813688212975
govreport_test_0830,Lead - no_path,word:110,-0.007198212057005202
govreport_test_0830,Full - no_path,word:260,0.0
govreport_test_0830,AB2 - AB0,word:260,-0.02143102855177159
govreport_test_0830,TextRank - no_path,word:260,-0.009030191067991272
govreport_test_0830,Lead - no_path,word:260,0.0011730052394233748
govreport_test_0831,Full - no_path,unit:10,0.0
govreport_test_0831,AB2 - AB0,unit:10,-0.09922314702019205
govreport_test_0831,TextRank - no_path,unit:10,0.10894152088552103
govreport_test_0831,Lead - no_path,unit:10,0.03560518453013237
govreport_test_0831,Full - no_path,unit:5,0.0
govreport_test_0831,AB2 - AB0,unit:5,-0.03130272952853594
govreport_test_0831,TextRank - no_path,unit:5,0.06057900350004891
govreport_test_0831,Lead - no_path,unit:5,0.0378140522233793
govreport_test_0831,Full - no_path,word:110,0.0
govreport_test_0831,AB2 - AB0,word:110,-0.005991566012173918
govreport_test_0831,TextRank - no_path,word:110,0.08655332302936627
govreport_test_0831,Lead - no_path,word:110,0.09582689335394123
govreport_test_0831,Full - no_path,word:260,0.0
govreport_test_0831,AB2 - AB0,word:260,-0.13000296288980517
govreport_test_0831,TextRank - no_path,word:260,0.07565756823821346
govreport_test_0831,Lead - no_path,word:260,0.07592220828105395
govreport_test_0832,Full - no_path,unit:10,0.00822401091000724
govreport_test_0832,AB2 - AB0,unit:10,-0.045408920689287674
govreport_test_0832,TextRank - no_path,unit:10,0.03685439286241221
govreport_test_0832,Lead - no_path,unit:10,0.06705519075676572
govreport_test_0832,Full - no_path,unit:5,-0.02888055605155776
govreport_test_0832,AB2 - AB0,unit:5,0.017282528186980478
govreport_test_0832,TextRank - no_path,unit:5,-0.047604561966543196
govreport_test_0832,Lead - no_path,unit:5,-0.008543540497283675
govreport_test_0832,Full - no_path,word:110,-0.01924500996525913
govreport_test_0832,AB2 - AB0,word:110,-0.061419284222166734
govreport_test_0832,TextRank - no_path,word:110,0.028370817458008638
govreport_test_0832,Lead - no_path,word:110,0.05647474514091212
govreport_test_0832,Full - no_path,word:260,-0.030740395526017206
govreport_test_0832,AB2 - AB0,word:260,-0.05595265139222433
govreport_test_0832,TextRank - no_path,word:260,0.06854838709677416
govreport_test_0832,Lead - no_path,word:260,0.1223429285389758
govreport_test_0833,Full - no_path,unit:10,0.0
govreport_test_0833,AB2 - AB0,unit:10,0.021477129581110976
govreport_test_0833,TextRank - no_path,unit:10,-0.015021222035546872
govreport_test_0833,Lead - no_path,unit:10,0.1832567052117166
govreport_test_0833,Full - no_path,unit:5,-0.007104023196810416
govreport_test_0833,AB2 - AB0,unit:5,0.03227923382962142
govreport_test_0833,TextRank - no_path,unit:5,-0.011424020026170573
govreport_test_0833,Lead - no_path,unit:5,0.15491052726075763
govreport_test_0833,Full - no_path,word:110,0.0
govreport_test_0833,AB2 - AB0,word:110,0.01761614152059361
govreport_test_0833,TextRank - no_path,word:110,0.006634535482798742
govreport_test_0833,Lead - no_path,word:110,0.18024587826845345
govreport_test_0833,Full - no_path,word:260,-0.0012502664502271055
govreport_test_0833,AB2 - AB0,word:260,0.0037919486852621975
govreport_test_0833,TextRank - no_path,word:260,-0.012662534638529566
govreport_test_0833,Lead - no_path,word:260,0.25184107080658796
govreport_test_0834,Full - no_path,unit:10,0.0008839110275863649
govreport_test_0834,AB2 - AB0,unit:10,0.004252850625815069
govreport_test_0834,TextRank - no_path,unit:10,-0.00518507367822435
govreport_test_0834,Lead - no_path,unit:10,0.08694389534787789
govreport_test_0834,Full - no_path,unit:5,0.0
govreport_test_0834,AB2 - AB0,unit:5,0.0017656394319335855
govreport_test_0834,TextRank - no_path,unit:5,-0.005994793093998391
govreport_test_0834,Lead - no_path,unit:5,0.07022471910112357
govreport_test_0834,Full - no_path,word:110,-0.00024229334108671896
govreport_test_0834,AB2 - AB0,word:110,-0.019421186116805073
govreport_test_0834,TextRank - no_path,word:110,0.030093943689374347
govreport_test_0834,Lead - no_path,word:110,0.13358670294144112
govreport_test_0834,Full - no_path,word:260,0.009427691582808845
govreport_test_0834,AB2 - AB0,word:260,0.0026664866506902474
govreport_test_0834,TextRank - no_path,word:260,0.018148621815367
govreport_test_0834,Lead - no_path,word:260,0.09560274010335773
govreport_test_0835,Full - no_path,unit:10,-0.013187540536986703
govreport_test_0835,AB2 - AB0,unit:10,0.030094283342949668
govreport_test_0835,TextRank - no_path,unit:10,0.0059228405170575205
govreport_test_0835,Lead - no_path,unit:10,-0.0306347344140388
govreport_test_0835,Full - no_path,unit:5,-0.004948640430740836
govreport_test_0835,AB2 - AB0,unit:5,-0.02164862416796562
govreport_test_0835,TextRank - no_path,unit:5,0.030562673064264273
govreport_test_0835,Lead - no_path,unit:5,-0.021628056091480774
govreport_test_0835,Full - no_path,word:110,0.0
govreport_test_0835,AB2 - AB0,word:110,-0.005151701021666261
govreport_test_0835,TextRank - no_path,word:110,0.02238805970149252
govreport_test_0835,Lead - no_path,word:110,0.02756764124582564
govreport_test_0835,Full - no_path,word:260,-0.008738510839323699
govreport_test_0835,AB2 - AB0,word:260,-0.022252452961626673
govreport_test_0835,TextRank - no_path,word:260,0.016044905539432858
govreport_test_0835,Lead - no_path,word:260,0.019226565232598858
govreport_test_0836,Full - no_path,unit:10,0.0
govreport_test_0836,AB2 - AB0,unit:10,0.10176648379559075
govreport_test_0836,TextRank - no_path,unit:10,-0.09841545717669645
govreport_test_0836,Lead - no_path,unit:10,-0.09449873301240888
govreport_test_0836,Full - no_path,unit:5,0.0
govreport_test_0836,AB2 - AB0,unit:5,-0.020007050943063626
govreport_test_0836,TextRank - no_path,unit:5,-0.030520756570867114
govreport_test_0836,Lead - no_path,unit:5,0.029442211667275564
govreport_test_0836,Full - no_path,word:110,0.0
govreport_test_0836,AB2 - AB0,word:110,-0.04762152542902037
govreport_test_0836,TextRank - no_path,word:110,0.00529184191939952
govreport_test_0836,Lead - no_path,word:110,0.016946489730510994
govreport_test_0836,Full - no_path,word:260,0.0
govreport_test_0836,AB2 - AB0,word:260,0.005805987133932544
govreport_test_0836,TextRank - no_path,word:260,-0.005641670157799206
govreport_test_0836,Lead - no_path,word:260,0.01928202801565243
govreport_test_0837,Full - no_path,unit:10,0.0
govreport_test_0837,AB2 - AB0,unit:10,-0.01681167083253221
govreport_test_0837,TextRank - no_path,unit:10,-0.06817072887381213
govreport_test_0837,Lead - no_path,unit:10,0.036912129859541176
govreport_test_0837,Full - no_path,unit:5,0.0
govreport_test_0837,AB2 - AB0,unit:5,-0.004045089865985396
govreport_test_0837,TextRank - no_path,unit:5,-0.09895986086007569
govreport_test_0837,Lead - no_path,unit:5,-0.011720557883544924
govreport_test_0837,Full - no_path,word:110,0.0
govreport_test_0837,AB2 - AB0,word:110,0.01589914251008072
govreport_test_0837,TextRank - no_path,word:110,-0.04807218256353457
govreport_test_0837,Lead - no_path,word:110,-0.015440004040374891
govreport_test_0837,Full - no_path,word:260,0.0
govreport_test_0837,AB2 - AB0,word:260,-0.024403785759456342
govreport_test_0837,TextRank - no_path,word:260,-0.026740501159789626
govreport_test_0837,Lead - no_path,word:260,0.01271069831441346
govreport_test_0838,Full - no_path,unit:10,0.0
govreport_test_0838,AB2 - AB0,unit:10,-0.02637156540502264
govreport_test_0838,TextRank - no_path,unit:10,0.06430450678238284
govreport_test_0838,Lead - no_path,unit:10,-0.0013948713370678656
govreport_test_0838,Full - no_path,unit:5,0.0
govreport_test_0838,AB2 - AB0,unit:5,0.028819528809678613
govreport_test_0838,TextRank - no_path,unit:5,-0.03514650129047847
govreport_test_0838,Lead - no_path,unit:5,-0.009876178905459332
govreport_test_0838,Full - no_path,word:110,0.0
govreport_test_0838,AB2 - AB0,word:110,-0.036206922900588356
govreport_test_0838,TextRank - no_path,word:110,0.010845853688512014
govreport_test_0838,Lead - no_path,word:110,0.04163962132438492
govreport_test_0838,Full - no_path,word:260,0.0
govreport_test_0838,AB2 - AB0,word:260,0.019008428662035892
govreport_test_0838,TextRank - no_path,word:260,0.08565527956194699
govreport_test_0838,Lead - no_path,word:260,0.014115073801401284
govreport_test_0839,Full - no_path,unit:10,0.0
govreport_test_0839,AB2 - AB0,unit:10,-0.02335935092944444
govreport_test_0839,TextRank - no_path,unit:10,0.029956412269540045
govreport_test_0839,Lead - no_path,unit:10,-0.041362301103215954
govreport_test_0839,Full - no_path,unit:5,0.0
govreport_test_0839,AB2 - AB0,unit:5,-0.016490780266690125
govreport_test_0839,TextRank - no_path,unit:5,0.003401360544217691
govreport_test_0839,Lead - no_path,unit:5,-0.008804587081170712
govreport_test_0839,Full - no_path,word:110,0.0
govreport_test_0839,AB2 - AB0,word:110,0.002339371861197259
govreport_test_0839,TextRank - no_path,word:110,0.013463324048282294
govreport_test_0839,Lead - no_path,word:110,-0.0029947195307626906
govreport_test_0839,Full - no_path,word:260,-0.009443498686936669
govreport_test_0839,AB2 - AB0,word:260,-0.01457088890887634
govreport_test_0839,TextRank - no_path,word:260,0.04168617647447853
govreport_test_0839,Lead - no_path,word:260,-0.01633213244124207
govreport_test_0840,Full - no_path,unit:10,0.0
govreport_test_0840,AB2 - AB0,unit:10,0.05878381887105985
govreport_test_0840,TextRank - no_path,unit:10,0.016401902286581865
govreport_test_0840,Lead - no_path,unit:10,-0.01249480153412505
govreport_test_0840,Full - no_path,unit:5,0.0
govreport_test_0840,AB2 - AB0,unit:5,0.022031595261144954
govreport_test_0840,TextRank - no_path,unit:5,-0.08257133493998267
govreport_test_0840,Lead - no_path,unit:5,-0.07218187946196039
govreport_test_0840,Full - no_path,word:110,0.0
govreport_test_0840,AB2 - AB0,word:110,0.15573074590661
govreport_test_0840,TextRank - no_path,word:110,-0.15309665716506865
govreport_test_0840,Lead - no_path,word:110,-0.07593267395453754
govreport_test_0840,Full - no_path,word:260,0.0
govreport_test_0840,AB2 - AB0,word:260,0.1278648974668275
govreport_test_0840,TextRank - no_path,word:260,-0.07284667273431952
govreport_test_0840,Lead - no_path,word:260,-0.035628071291149255
govreport_test_0841,Full - no_path,unit:10,0.0
govreport_test_0841,AB2 - AB0,unit:10,-0.009989920637923838
govreport_test_0841,TextRank - no_path,unit:10,0.017943754727895667
govreport_test_0841,Lead - no_path,unit:10,0.000996200537484948
govreport_test_0841,Full - no_path,unit:5,0.0
govreport_test_0841,AB2 - AB0,unit:5,0.039921075574725795
govreport_test_0841,TextRank - no_path,unit:5,-0.027738190792886377
govreport_test_0841,Lead - no_path,unit:5,-0.0027582324795947244
govreport_test_0841,Full - no_path,word:110,0.0
govreport_test_0841,AB2 - AB0,word:110,-0.012455807637376803
govreport_test_0841,TextRank - no_path,word:110,0.03852206993590079
govreport_test_0841,Lead - no_path,word:110,-0.007167362052915044
govreport_test_0841,Full - no_path,word:260,0.005201560468140437
govreport_test_0841,AB2 - AB0,word:260,-0.004201483271250694
govreport_test_0841,TextRank - no_path,word:260,0.045995404839068305
govreport_test_0841,Lead - no_path,word:260,0.004326783157845127
govreport_test_0842,Full - no_path,unit:10,-0.0005320996635044262
govreport_test_0842,AB2 - AB0,unit:10,-0.12621133362063375
govreport_test_0842,TextRank - no_path,unit:10,0.05943263954813277
govreport_test_0842,Lead - no_path,unit:10,0.21147183827993854
govreport_test_0842,Full - no_path,unit:5,-0.04713657733794893
govreport_test_0842,AB2 - AB0,unit:5,-0.011470669666349464
govreport_test_0842,TextRank - no_path,unit:5,-0.014336480185187295
govreport_test_0842,Lead - no_path,unit:5,0.04761274443164498
govreport_test_0842,Full - no_path,word:110,-0.05843234215845089
govreport_test_0842,AB2 - AB0,word:110,-0.0027733755942947746
govreport_test_0842,TextRank - no_path,word:110,-0.05300882482130731
govreport_test_0842,Lead - no_path,word:110,-0.001984732061171751
govreport_test_0842,Full - no_path,word:260,0.0
govreport_test_0842,AB2 - AB0,word:260,-0.029910158043150392
govreport_test_0842,TextRank - no_path,word:260,0.07672634271099738
govreport_test_0842,Lead - no_path,word:260,0.23335549217181717
govreport_test_0843,Full - no_path,unit:10,-0.024939275436293373
govreport_test_0843,AB2 - AB0,unit:10,-0.024100578932016226
govreport_test_0843,TextRank - no_path,unit:10,-0.03995311847505845
govreport_test_0843,Lead - no_path,unit:10,0.42729550242503617
govreport_test_0843,Full - no_path,unit:5,-0.013153615039003252
govreport_test_0843,AB2 - AB0,unit:5,-0.07036636297585633
govreport_test_0843,TextRank - no_path,unit:5,-0.03494437520195723
govreport_test_0843,Lead - no_path,unit:5,0.07851458885941645
govreport_test_0843,Full - no_path,word:110,-0.05047560250605934
govreport_test_0843,AB2 - AB0,word:110,-0.04160739687055476
govreport_test_0843,TextRank - no_path,word:110,-0.033095489377322984
govreport_test_0843,Lead - no_path,word:110,0.10272794016427295
govreport_test_0843,Full - no_path,word:260,-0.010143979647176865
govreport_test_0843,AB2 - AB0,word:260,-0.09209344115004492
govreport_test_0843,TextRank - no_path,word:260,-0.04112794392930219
govreport_test_0843,Lead - no_path,word:260,0.35477865385069474
govreport_test_0844,Full - no_path,unit:10,0.0
govreport_test_0844,AB2 - AB0,unit:10,-0.03471013406803694
govreport_test_0844,TextRank - no_path,unit:10,-0.048460448818310575
govreport_test_0844,Lead - no_path,unit:10,0.06538387679072089
govreport_test_0844,Full - no_path,unit:5,0.0
govreport_test_0844,AB2 - AB0,unit:5,0.1311039331179935
govreport_test_0844,TextRank - no_path,unit:5,-0.12201646624938318
govreport_test_0844,Lead - no_path,unit:5,0.006653636628269621
govreport_test_0844,Full - no_path,word:110,0.0
govreport_test_0844,AB2 - AB0,word:110,-0.057120487747996884
govreport_test_0844,TextRank - no_path,word:110,-0.016936299292214352
govreport_test_0844,Lead - no_path,word:110,0.03417944207087209
govreport_test_0844,Full - no_path,word:260,0.0
govreport_test_0844,AB2 - AB0,word:260,-0.030464646464646472
govreport_test_0844,TextRank - no_path,word:260,-0.07582284073337753
govreport_test_0844,Lead - no_path,word:260,0.05382534452603016
govreport_test_0845,Full - no_path,unit:10,-0.023978992730299076
govreport_test_0845,AB2 - AB0,unit:10,-0.07802649245506105
govreport_test_0845,TextRank - no_path,unit:10,0.08548915607349136
govreport_test_0845,Lead - no_path,unit:10,0.007782735562018528
govreport_test_0845,Full - no_path,unit:5,-0.03658203658203657
govreport_test_0845,AB2 - AB0,unit:5,-0.0636115657392253
govreport_test_0845,TextRank - no_path,unit:5,0.05381474317644533
govreport_test_0845,Lead - no_path,unit:5,-0.030748008721577014
govreport_test_0845,Full - no_path,word:110,0.0036203090507726104
govreport_test_0845,AB2 - AB0,word:110,-0.012876990850559128
govreport_test_0845,TextRank - no_path,word:110,0.09286031042128605
govreport_test_0845,Lead - no_path,word:110,0.02096916299559469
govreport_test_0845,Full - no_path,word:260,-0.009933774834437137
govreport_test_0845,AB2 - AB0,word:260,-0.10584555651423647
govreport_test_0845,TextRank - no_path,word:260,0.10220020797985879
govreport_test_0845,Lead - no_path,word:260,0.03308022520870629
govreport_test_0846,Full - no_path,unit:10,0.0
govreport_test_0846,AB2 - AB0,unit:10,0.0005350972200732218
govreport_test_0846,TextRank - no_path,unit:10,0.06514026105141701
govreport_test_0846,Lead - no_path,unit:10,0.01449928808732795
govreport_test_0846,Full - no_path,unit:5,0.0
govreport_test_0846,AB2 - AB0,unit:5,-0.060714997636418494
govreport_test_0846,TextRank - no_path,unit:5,0.07279127867363167
govreport_test_0846,Lead - no_path,unit:5,-0.005492169537113373
govreport_test_0846,Full - no_path,word:110,0.0
govreport_test_0846,AB2 - AB0,word:110,-0.05498281786941579
govreport_test_0846,TextRank - no_path,word:110,0.08258249267816468
govreport_test_0846,Lead - no_path,word:110,0.06904604285796197
govreport_test_0846,Full - no_path,word:260,0.0
govreport_test_0846,AB2 - AB0,word:260,-0.008732064688715985
govreport_test_0846,TextRank - no_path,word:260,0.11031385895254303
govreport_test_0846,Lead - no_path,word:260,0.06760234980620158
govreport_test_0847,Full - no_path,unit:10,-0.01483766972512271
govreport_test_0847,AB2 - AB0,unit:10,-0.04947089947089947
govreport_test_0847,TextRank - no_path,unit:10,0.011570858318532745
govreport_test_0847,Lead - no_path,unit:10,-0.008182595907225587
govreport_test_0847,Full - no_path,unit:5,0.016393442622950838
govreport_test_0847,AB2 - AB0,unit:5,0.019347515093982665
govreport_test_0847,TextRank - no_path,unit:5,-0.012672231720808641
govreport_test_0847,Lead - no_path,unit:5,0.0006120218579235004
govreport_test_0847,Full - no_path,word:110,0.0
govreport_test_0847,AB2 - AB0,word:110,-0.04538451929883
govreport_test_0847,TextRank - no_path,word:110,0.024560561964107053
govreport_test_0847,Lead - no_path,word:110,0.00606980273141125
govreport_test_0847,Full - no_path,word:260,-0.03082632734984478
govreport_test_0847,AB2 - AB0,word:260,-0.04045749402526458
govreport_test_0847,TextRank - no_path,word:260,0.03337120351435277
govreport_test_0847,Lead - no_path,word:260,-0.006381578449690978
govreport_test_0848,Full - no_path,unit:10,0.0
govreport_test_0848,AB2 - AB0,unit:10,-0.002714270800709906
govreport_test_0848,TextRank - no_path,unit:10,0.0027842652378989863
govreport_test_0848,Lead - no_path,unit:10,-0.004299678438942245
govreport_test_0848,Full - no_path,unit:5,0.0
govreport_test_0848,AB2 - AB0,unit:5,0.010695945586592842
govreport_test_0848,TextRank - no_path,unit:5,-0.00032111319240032965
govreport_test_0848,Lead - no_path,unit:5,-0.036568471661981045
govreport_test_0848,Full - no_path,word:110,0.0
govreport_test_0848,AB2 - AB0,word:110,-0.003310428044222616
govreport_test_0848,TextRank - no_path,word:110,0.017722304724638357
govreport_test_0848,Lead - no_path,word:110,-0.008223619955463515
govreport_test_0848,Full - no_path,word:260,0.0
govreport_test_0848,AB2 - AB0,word:260,0.00192277133322738
govreport_test_0848,TextRank - no_path,word:260,0.014417531718569798
govreport_test_0848,Lead - no_path,word:260,0.006189441400927226
govreport_test_0849,Full - no_path,unit:10,0.0
govreport_test_0849,AB2 - AB0,unit:10,0.011052034829320934
govreport_test_0849,TextRank - no_path,unit:10,-0.051281195806929636
govreport_test_0849,Lead - no_path,unit:10,0.07567278399472019
govreport_test_0849,Full - no_path,unit:5,0.0
govreport_test_0849,AB2 - AB0,unit:5,0.0038335085024388538
govreport_test_0849,TextRank - no_path,unit:5,-0.07791845030211846
govreport_test_0849,Lead - no_path,unit:5,0.02894508853390959
govreport_test_0849,Full - no_path,word:110,0.0
govreport_test_0849,AB2 - AB0,word:110,-0.013521994245522084
govreport_test_0849,TextRank - no_path,word:110,0.01344735430107391
govreport_test_0849,Lead - no_path,word:110,0.05388977580520754
govreport_test_0849,Full - no_path,word:260,-0.00827302016417425
govreport_test_0849,AB2 - AB0,word:260,-0.06839281758046994
govreport_test_0849,TextRank - no_path,word:260,0.013714406187822048
govreport_test_0849,Lead - no_path,word:260,0.08525912163497648
govreport_test_0850,Full - no_path,unit:10,-0.021680876979293523
govreport_test_0850,AB2 - AB0,unit:10,-0.09818443254855083
govreport_test_0850,TextRank - no_path,unit:10,0.05148985472802356
govreport_test_0850,Lead - no_path,unit:10,0.014616321559074275
govreport_test_0850,Full - no_path,unit:5,-0.06108539889699219
govreport_test_0850,AB2 - AB0,unit:5,-0.05257885626362352
govreport_test_0850,TextRank - no_path,unit:5,-0.00039188109456742004
govreport_test_0850,Lead - no_path,unit:5,-0.0004902136866815898
govreport_test_0850,Full - no_path,word:110,0.00020050860719872388
govreport_test_0850,AB2 - AB0,word:110,-0.10129861293364051
govreport_test_0850,TextRank - no_path,word:110,0.04660198907956317
govreport_test_0850,Lead - no_path,word:110,0.06532273790951637
govreport_test_0850,Full - no_path,word:260,-0.00452255553011216
govreport_test_0850,AB2 - AB0,word:260,-0.12021866602290848
govreport_test_0850,TextRank - no_path,word:260,0.047277167589407865
govreport_test_0850,Lead - no_path,word:260,0.010906705474370032
govreport_test_0851,Full - no_path,unit:10,-0.00657880196553684
govreport_test_0851,AB2 - AB0,unit:10,0.032164743210875035
govreport_test_0851,TextRank - no_path,unit:10,0.05450635589546157
govreport_test_0851,Lead - no_path,unit:10,0.13412117227989176
govreport_test_0851,Full - no_path,unit:5,0.0
govreport_test_0851,AB2 - AB0,unit:5,-0.003236245954692518
govreport_test_0851,TextRank - no_path,unit:5,0.03173598553345397
govreport_test_0851,Lead - no_path,unit:5,0.11401264259397265
govreport_test_0851,Full - no_path,word:110,0.0
govreport_test_0851,AB2 - AB0,word:110,0.008428150021070335
govreport_test_0851,TextRank - no_path,word:110,0.00723403508155851
govreport_test_0851,Lead - no_path,word:110,-0.013989225470281696
govreport_test_0851,Full - no_path,word:260,-0.02453987730061341
govreport_test_0851,AB2 - AB0,word:260,0.040279593683998804
govreport_test_0851,TextRank - no_path,word:260,-0.02312896033055767
govreport_test_0851,Lead - no_path,word:260,-0.027934225082972886
govreport_test_0852,Full - no_path,unit:10,-0.002761443964725635
govreport_test_0852,AB2 - AB0,unit:10,-0.04778254804208887
govreport_test_0852,TextRank - no_path,unit:10,-0.011895769554747415
govreport_test_0852,Lead - no_path,unit:10,0.046953835839049746
govreport_test_0852,Full - no_path,unit:5,0.004434296512085684
govreport_test_0852,AB2 - AB0,unit:5,-0.010599047102572062
govreport_test_0852,TextRank - no_path,unit:5,-0.020283085553362723
govreport_test_0852,Lead - no_path,unit:5,0.04776225851700466
govreport_test_0852,Full - no_path,word:110,0.0
govreport_test_0852,AB2 - AB0,word:110,-0.026905829596412564
govreport_test_0852,TextRank - no_path,word:110,-0.008672013151296454
govreport_test_0852,Lead - no_path,word:110,0.03564136673255325
govreport_test_0852,Full - no_path,word:260,-0.0020870243589463378
govreport_test_0852,AB2 - AB0,word:260,-0.026414042399564935
govreport_test_0852,TextRank - no_path,word:260,0.028653295128939826
govreport_test_0852,Lead - no_path,word:260,0.06758774385491112
govreport_test_0853,Full - no_path,unit:10,0.0
govreport_test_0853,AB2 - AB0,unit:10,0.004105088701689713
govreport_test_0853,TextRank - no_path,unit:10,0.008532956405296832
govreport_test_0853,Lead - no_path,unit:10,-0.02374950630764583
govreport_test_0853,Full - no_path,unit:5,-0.016685180627523485
govreport_test_0853,AB2 - AB0,unit:5,-0.022966167309509067
govreport_test_0853,TextRank - no_path,unit:5,0.03029602382203536
govreport_test_0853,Lead - no_path,unit:5,-0.016047201174039336
govreport_test_0853,Full - no_path,word:110,0.0
govreport_test_0853,AB2 - AB0,word:110,-0.055099840482210324
govreport_test_0853,TextRank - no_path,word:110,0.05276381909547741
govreport_test_0853,Lead - no_path,word:110,0.035327581302740135
govreport_test_0853,Full - no_path,word:260,0.01448977025780486
govreport_test_0853,AB2 - AB0,word:260,-0.039353895249484516
govreport_test_0853,TextRank - no_path,word:260,0.06046433643460951
govreport_test_0853,Lead - no_path,word:260,0.03362383542967133
govreport_test_0854,Full - no_path,unit:10,0.033046031793811825
govreport_test_0854,AB2 - AB0,unit:10,-0.0054810665915693
govreport_test_0854,TextRank - no_path,unit:10,-0.008517682895104045
govreport_test_0854,Lead - no_path,unit:10,-0.011218479934831938
govreport_test_0854,Full - no_path,unit:5,0.0
govreport_test_0854,AB2 - AB0,unit:5,0.013518645097592485
govreport_test_0854,TextRank - no_path,unit:5,-0.02510376888593724
govreport_test_0854,Lead - no_path,unit:5,-0.04482057358804786
govreport_test_0854,Full - no_path,word:110,0.0
govreport_test_0854,AB2 - AB0,word:110,-0.013140604467805517
govreport_test_0854,TextRank - no_path,word:110,0.034089175507939815
govreport_test_0854,Lead - no_path,word:110,-0.00012135080784966834
govreport_test_0854,Full - no_path,word:260,-0.003882657463330469
govreport_test_0854,AB2 - AB0,word:260,-0.017714398262908104
govreport_test_0854,TextRank - no_path,word:260,0.016411477213295056
govreport_test_0854,Lead - no_path,word:260,-0.013114754098360687
govreport_test_0855,Full - no_path,unit:10,-0.027499759138781665
govreport_test_0855,AB2 - AB0,unit:10,-0.0024483133841131655
govreport_test_0855,TextRank - no_path,unit:10,0.038290551858391086
govreport_test_0855,Lead - no_path,unit:10,0.060999210930686526
govreport_test_0855,Full - no_path,unit:5,-0.008835419926969235
govreport_test_0855,AB2 - AB0,unit:5,-0.062290559117139654
govreport_test_0855,TextRank - no_path,unit:5,0.05252901054123485
govreport_test_0855,Lead - no_path,unit:5,0.014695018834288781
govreport_test_0855,Full - no_path,word:110,-0.013184939838888021
govreport_test_0855,AB2 - AB0,word:110,-0.05710494031442315
govreport_test_0855,TextRank - no_path,word:110,0.06225680933852139
govreport_test_0855,Lead - no_path,word:110,0.05946116677755152
govreport_test_0855,Full - no_path,word:260,0.002166847237269759
govreport_test_0855,AB2 - AB0,word:260,-0.055590080318930674
govreport_test_0855,TextRank - no_path,word:260,0.08259166210343988
govreport_test_0855,Lead - no_path,word:260,0.14053083067167574
govreport_test_0856,Full - no_path,unit:10,-0.005984753128933401
govreport_test_0856,AB2 - AB0,unit:10,-0.007554138573842739
govreport_test_0856,TextRank - no_path,unit:10,-0.007837763112024693
govreport_test_0856,Lead - no_path,unit:10,-0.01543510404269896
govreport_test_0856,Full - no_path,unit:5,0.0018551221466185375
govreport_test_0856,AB2 - AB0,unit:5,-0.016369157233939793
govreport_test_0856,TextRank - no_path,unit:5,-0.015098102054623808
govreport_test_0856,Lead - no_path,unit:5,-0.030516772385132937
govreport_test_0856,Full - no_path,word:110,0.0
govreport_test_0856,AB2 - AB0,word:110,-0.010964525751836568
govreport_test_0856,TextRank - no_path,word:110,0.007885649722046736
govreport_test_0856,Lead - no_path,word:110,0.0002476871376738826
govreport_test_0856,Full - no_path,word:260,-0.004629442281699925
govreport_test_0856,AB2 - AB0,word:260,-0.0033151606542164425
govreport_test_0856,TextRank - no_path,word:260,-0.021096094874304555
govreport_test_0856,Lead - no_path,word:260,-0.002808168840863129
govreport_test_0857,Full - no_path,unit:10,0.0
govreport_test_0857,AB2 - AB0,unit:10,-0.0016354447843074382
govreport_test_0857,TextRank - no_path,unit:10,-0.015147499694568967
govreport_test_0857,Lead - no_path,unit:10,-0.02560542155314227
govreport_test_0857,Full - no_path,unit:5,0.0
govreport_test_0857,AB2 - AB0,unit:5,-0.005472672009090462
govreport_test_0857,TextRank - no_path,unit:5,-0.005236163705577418
govreport_test_0857,Lead - no_path,unit:5,-0.008220737816912072
govreport_test_0857,Full - no_path,word:110,0.0
govreport_test_0857,AB2 - AB0,word:110,-0.034275248560962854
govreport_test_0857,TextRank - no_path,word:110,0.029575747016290635
govreport_test_0857,Lead - no_path,word:110,0.04696036770444888
govreport_test_0857,Full - no_path,word:260,0.0
govreport_test_0857,AB2 - AB0,word:260,-0.026712684316118812
govreport_test_0857,TextRank - no_path,word:260,0.06336303144813782
govreport_test_0857,Lead - no_path,word:260,0.028215993410926427
govreport_test_0858,Full - no_path,unit:10,0.0
govreport_test_0858,AB2 - AB0,unit:10,-0.052190898532361946
govreport_test_0858,TextRank - no_path,unit:10,0.055228085383031755
govreport_test_0858,Lead - no_path,unit:10,0.05168955744495318
govreport_test_0858,Full - no_path,unit:5,0.0
govreport_test_0858,AB2 - AB0,unit:5,0.00639302410525687
govreport_test_0858,TextRank - no_path,unit:5,0.02383813451982722
govreport_test_0858,Lead - no_path,unit:5,-0.006684119855258935
govreport_test_0858,Full - no_path,word:110,0.0
govreport_test_0858,AB2 - AB0,word:110,-0.02290912323807061
govreport_test_0858,TextRank - no_path,word:110,0.04537330853120328
govreport_test_0858,Lead - no_path,word:110,0.01374795417348608
govreport_test_0858,Full - no_path,word:260,0.0
govreport_test_0858,AB2 - AB0,word:260,-0.04991183679708269
govreport_test_0858,TextRank - no_path,word:260,0.070989120169448
govreport_test_0858,Lead - no_path,word:260,0.04780877582753312
govreport_test_0859,Full - no_path,unit:10,0.0
govreport_test_0859,AB2 - AB0,unit:10,-0.03317224114652012
govreport_test_0859,TextRank - no_path,unit:10,0.022029396326847334
govreport_test_0859,Lead - no_path,unit:10,-0.08027493885822551
govreport_test_0859,Full - no_path,unit:5,0.0
govreport_test_0859,AB2 - AB0,unit:5,-0.012588818570220928
govreport_test_0859,TextRank - no_path,unit:5,0.03657180200956395
govreport_test_0859,Lead - no_path,unit:5,-0.015397891327285973
govreport_test_0859,Full - no_path,word:110,0.0
govreport_test_0859,AB2 - AB0,word:110,-0.1157177295638834
govreport_test_0859,TextRank - no_path,word:110,0.009116096947025226
govreport_test_0859,Lead - no_path,word:110,-0.038770195982883865
govreport_test_0859,Full - no_path,word:260,0.0
govreport_test_0859,AB2 - AB0,word:260,-0.047934076474777265
govreport_test_0859,TextRank - no_path,word:260,0.06085210406844774
govreport_test_0859,Lead - no_path,word:260,-0.029505778214900386
govreport_test_0860,Full - no_path,unit:10,0.0
govreport_test_0860,AB2 - AB0,unit:10,-0.020927380218802333
govreport_test_0860,TextRank - no_path,unit:10,-0.008544885292702753
govreport_test_0860,Lead - no_path,unit:10,0.3203950494377446
govreport_test_0860,Full - no_path,unit:5,0.007546339100955438
govreport_test_0860,AB2 - AB0,unit:5,0.03979806031619501
govreport_test_0860,TextRank - no_path,unit:5,-0.024091975356378692
govreport_test_0860,Lead - no_path,unit:5,0.16406204272753877
govreport_test_0860,Full - no_path,word:110,0.03730011700468018
govreport_test_0860,AB2 - AB0,word:110,-0.08524102719594678
govreport_test_0860,TextRank - no_path,word:110,0.03810341444270017
govreport_test_0860,Lead - no_path,word:110,0.2645151869158879
govreport_test_0860,Full - no_path,word:260,0.0
govreport_test_0860,AB2 - AB0,word:260,-0.023663570329939765
govreport_test_0860,TextRank - no_path,word:260,-0.02137425433107379
govreport_test_0860,Lead - no_path,word:260,0.40027495970418125
govreport_test_0861,Full - no_path,unit:10,0.0
govreport_test_0861,AB2 - AB0,unit:10,-0.14216387675820966
govreport_test_0861,TextRank - no_path,unit:10,-0.08210596118944577
govreport_test_0861,Lead - no_path,unit:10,0.1859791052569842
govreport_test_0861,Full - no_path,unit:5,0.0016750948166877333
govreport_test_0861,AB2 - AB0,unit:5,-0.05723365836041888
govreport_test_0861,TextRank - no_path,unit:5,-0.0716768525592055
govreport_test_0861,Lead - no_path,unit:5,0.13864468864468868
govreport_test_0861,Full - no_path,word:110,0.0003746633883620065
govreport_test_0861,AB2 - AB0,word:110,-0.003424657534246589
govreport_test_0861,TextRank - no_path,word:110,-0.06442949084458521
govreport_test_0861,Lead - no_path,word:110,-0.010256410256410303
govreport_test_0861,Full - no_path,word:260,-0.003019733349064968
govreport_test_0861,AB2 - AB0,word:260,-0.07784337476492392
govreport_test_0861,TextRank - no_path,word:260,0.00179075719244573
govreport_test_0861,Lead - no_path,word:260,0.2285105757931845
govreport_test_0862,Full - no_path,unit:10,-0.03184329636721331
govreport_test_0862,AB2 - AB0,unit:10,0.07425598859538701
govreport_test_0862,TextRank - no_path,unit:10,-0.06538457765614114
govreport_test_0862,Lead - no_path,unit:10,-0.0137516983072008
govreport_test_0862,Full - no_path,unit:5,0.003929887367133206
govreport_test_0862,AB2 - AB0,unit:5,0.061960168682857766
govreport_test_0862,TextRank - no_path,unit:5,-0.057158247914550445
govreport_test_0862,Lead - no_path,unit:5,-0.011004401760704302
govreport_test_0862,Full - no_path,word:110,0.0
govreport_test_0862,AB2 - AB0,word:110,0.05984355444305381
govreport_test_0862,TextRank - no_path,word:110,-0.03237756468768921
govreport_test_0862,Lead - no_path,word:110,-0.0023023767177643983
govreport_test_0862,Full - no_path,word:260,-0.00021207221058769377
govreport_test_0862,AB2 - AB0,word:260,0.048039085054408154
govreport_test_0862,TextRank - no_path,word:260,-0.014917954563528874
govreport_test_0862,Lead - no_path,word:260,0.047052403199829645
govreport_test_0863,Full - no_path,unit:10,-0.021562573823507847
govreport_test_0863,AB2 - AB0,unit:10,-0.012561351143995203
govreport_test_0863,TextRank - no_path,unit:10,0.002700523804698818
govreport_test_0863,Lead - no_path,unit:10,0.014940709837851202
govreport_test_0863,Full - no_path,unit:5,0.0
govreport_test_0863,AB2 - AB0,unit:5,-0.04387625009374324
govreport_test_0863,TextRank - no_path,unit:5,0.01395877009084559
govreport_test_0863,Lead - no_path,unit:5,0.029811353409484292
govreport_test_0863,Full - no_path,word:110,0.0
govreport_test_0863,AB2 - AB0,word:110,-0.0752105001578071
govreport_test_0863,TextRank - no_path,word:110,0.01617250673854448
govreport_test_0863,Lead - no_path,word:110,0.013698978942275841
govreport_test_0863,Full - no_path,word:260,-0.010970235813723944
govreport_test_0863,AB2 - AB0,word:260,-0.03327459287865722
govreport_test_0863,TextRank - no_path,word:260,0.03722325724076525
govreport_test_0863,Lead - no_path,word:260,0.024099153084052416
govreport_test_0864,Full - no_path,unit:10,0.0
govreport_test_0864,AB2 - AB0,unit:10,-0.0025760445842800406
govreport_test_0864,TextRank - no_path,unit:10,0.020737251823504416
govreport_test_0864,Lead - no_path,unit:10,0.11173964662336758
govreport_test_0864,Full - no_path,unit:5,-0.009244992295839777
govreport_test_0864,AB2 - AB0,unit:5,0.006106990645149496
govreport_test_0864,TextRank - no_path,unit:5,-0.006106990645149496
govreport_test_0864,Lead - no_path,unit:5,0.057260038067615315
govreport_test_0864,Full - no_path,word:110,0.0
govreport_test_0864,AB2 - AB0,word:110,0.017677504976775033
govreport_test_0864,TextRank - no_path,word:110,0.04510547421245589
govreport_test_0864,Lead - no_path,word:110,0.11697517672201216
govreport_test_0864,Full - no_path,word:260,0.0
govreport_test_0864,AB2 - AB0,word:260,-0.005948532264321765
govreport_test_0864,TextRank - no_path,word:260,0.026025718279490517
govreport_test_0864,Lead - no_path,word:260,0.11325092011787288
govreport_test_0865,Full - no_path,unit:10,0.0
govreport_test_0865,AB2 - AB0,unit:10,0.039223300970873815
govreport_test_0865,TextRank - no_path,unit:10,-0.02067735959190925
govreport_test_0865,Lead - no_path,unit:10,0.05888380771760246
govreport_test_0865,Full - no_path,unit:5,0.015342861520278389
govreport_test_0865,AB2 - AB0,unit:5,0.013963161021984569
govreport_test_0865,TextRank - no_path,unit:5,-0.05360158966716347
govreport_test_0865,Lead - no_path,unit:5,-0.06333045729076793
govreport_test_0865,Full - no_path,word:110,0.00597633951117979
govreport_test_0865,AB2 - AB0,word:110,0.04419889502762431
govreport_test_0865,TextRank - no_path,word:110,-0.015988383230779862
govreport_test_0865,Lead - no_path,word:110,0.021851781291674588
govreport_test_0865,Full - no_path,word:260,-0.013745704467353959
govreport_test_0865,AB2 - AB0,word:260,0.013729977116704817
govreport_test_0865,TextRank - no_path,word:260,0.008967211095121636
govreport_test_0865,Lead - no_path,word:260,0.10644169896071295
govreport_test_0866,Full - no_path,unit:10,0.0
govreport_test_0866,AB2 - AB0,unit:10,-0.09392912005738607
govreport_test_0866,TextRank - no_path,unit:10,0.03494317563696231
govreport_test_0866,Lead - no_path,unit:10,0.6839935472306866
govreport_test_0866,Full - no_path,unit:5,0.0
govreport_test_0866,AB2 - AB0,unit:5,-0.039246356203341604
govreport_test_0866,TextRank - no_path,unit:5,0.0211882799782962
govreport_test_0866,Lead - no_path,unit:5,0.40056972327726525
govreport_test_0866,Full - no_path,word:110,0.0
govreport_test_0866,AB2 - AB0,word:110,-0.12698412698412698
govreport_test_0866,TextRank - no_path,word:110,0.04328016628990153
govreport_test_0866,Lead - no_path,word:110,0.3919532046181122
govreport_test_0866,Full - no_path,word:260,0.0
govreport_test_0866,AB2 - AB0,word:260,-0.07981683467421374
govreport_test_0866,TextRank - no_path,word:260,0.03342549619828178
govreport_test_0866,Lead - no_path,word:260,0.7142857142857143
govreport_test_0867,Full - no_path,unit:10,0.0
govreport_test_0867,AB2 - AB0,unit:10,-0.0041646392077167305
govreport_test_0867,TextRank - no_path,unit:10,0.012092196432539448
govreport_test_0867,Lead - no_path,unit:10,-0.024416122834400533
govreport_test_0867,Full - no_path,unit:5,0.0
govreport_test_0867,AB2 - AB0,unit:5,0.02041160949868079
govreport_test_0867,TextRank - no_path,unit:5,-0.023784498032973972
govreport_test_0867,Lead - no_path,unit:5,-0.030756350181626646
govreport_test_0867,Full - no_path,word:110,0.0
govreport_test_0867,AB2 - AB0,word:110,-0.035477257978880294
govreport_test_0867,TextRank - no_path,word:110,0.04085264733244347
govreport_test_0867,Lead - no_path,word:110,0.016260162601626035
govreport_test_0867,Full - no_path,word:260,-0.008761264392512708
govreport_test_0867,AB2 - AB0,word:260,-0.022497187851518524
govreport_test_0867,TextRank - no_path,word:260,0.031188287368062645
govreport_test_0867,Lead - no_path,word:260,-0.009442233083085616
govreport_test_0868,Full - no_path,unit:10,0.0
govreport_test_0868,AB2 - AB0,unit:10,-0.02463033855107158
govreport_test_0868,TextRank - no_path,unit:10,-0.007536853438877333
govreport_test_0868,Lead - no_path,unit:10,-0.019125044305849853
govreport_test_0868,Full - no_path,unit:5,0.0
govreport_test_0868,AB2 - AB0,unit:5,-0.035159335288367566
govreport_test_0868,TextRank - no_path,unit:5,-0.01078316167830233
govreport_test_0868,Lead - no_path,unit:5,-0.038457895235388825
govreport_test_0868,Full - no_path,word:110,0.0
govreport_test_0868,AB2 - AB0,word:110,0.0
govreport_test_0868,TextRank - no_path,word:110,0.05531225678887694
govreport_test_0868,Lead - no_path,word:110,-0.026208603368359243
govreport_test_0868,Full - no_path,word:260,0.0
govreport_test_0868,AB2 - AB0,word:260,-0.038662938485002546
govreport_test_0868,TextRank - no_path,word:260,0.06486344166083932
govreport_test_0868,Lead - no_path,word:260,0.002037576972003019
govreport_test_0869,Full - no_path,unit:10,-0.017842102245917618
govreport_test_0869,AB2 - AB0,unit:10,-0.004322716939539367
govreport_test_0869,TextRank - no_path,unit:10,0.023568173974076706
govreport_test_0869,Lead - no_path,unit:10,0.019529855065325286
govreport_test_0869,Full - no_path,unit:5,-0.014285571292728116
govreport_test_0869,AB2 - AB0,unit:5,-0.007512214188000771
govreport_test_0869,TextRank - no_path,unit:5,0.01154978690430064
govreport_test_0869,Lead - no_path,unit:5,-0.07347350714886461
govreport_test_0869,Full - no_path,word:110,0.0027830396179155947
govreport_test_0869,AB2 - AB0,word:110,-0.014992503748125968
govreport_test_0869,TextRank - no_path,word:110,0.01799100449775115
govreport_test_0869,Lead - no_path,word:110,-0.04212714002280296
govreport_test_0869,Full - no_path,word:260,-0.010018777744939145
govreport_test_0869,AB2 - AB0,word:260,0.006125958300494366
govreport_test_0869,TextRank - no_path,word:260,0.029339853300733437
govreport_test_0869,Lead - no_path,word:260,0.0
govreport_test_0870,Full - no_path,unit:10,0.0
govreport_test_0870,AB2 - AB0,unit:10,0.06453388372893012
govreport_test_0870,TextRank - no_path,unit:10,-0.06187771058579197
govreport_test_0870,Lead - no_path,unit:10,-0.07413684567333309
govreport_test_0870,Full - no_path,unit:5,0.0
govreport_test_0870,AB2 - AB0,unit:5,0.10107469761359925
govreport_test_0870,TextRank - no_path,unit:5,-0.02130501077869501
govreport_test_0870,Lead - no_path,unit:5,-0.01210058378199974
govreport_test_0870,Full - no_path,word:110,0.0
govreport_test_0870,AB2 - AB0,word:110,-0.022256221462551712
govreport_test_0870,TextRank - no_path,word:110,0.020374685996186526
govreport_test_0870,Lead - no_path,word:110,-0.002611218568665391
govreport_test_0870,Full - no_path,word:260,0.0
govreport_test_0870,AB2 - AB0,word:260,0.03920914165384476
govreport_test_0870,TextRank - no_path,word:260,-0.016807363433364197
govreport_test_0870,Lead - no_path,word:260,-0.026175044932193248
govreport_test_0871,Full - no_path,unit:10,0.0
govreport_test_0871,AB2 - AB0,unit:10,-0.003513345747982566
govreport_test_0871,TextRank - no_path,unit:10,-0.017821955513193433
govreport_test_0871,Lead - no_path,unit:10,0.11547397491740757
govreport_test_0871,Full - no_path,unit:5,0.0
govreport_test_0871,AB2 - AB0,unit:5,-0.047843182092472264
govreport_test_0871,TextRank - no_path,unit:5,-0.04584120982986761
govreport_test_0871,Lead - no_path,unit:5,0.14259259259259263
govreport_test_0871,Full - no_path,word:110,0.0
govreport_test_0871,AB2 - AB0,word:110,-0.0464385398123118
govreport_test_0871,TextRank - no_path,word:110,-0.0017948717948717552
govreport_test_0871,Lead - no_path,word:110,0.1402788339670469
govreport_test_0871,Full - no_path,word:260,0.0
govreport_test_0871,AB2 - AB0,word:260,-0.013841615611527025
govreport_test_0871,TextRank - no_path,word:260,-0.016071006538693866
govreport_test_0871,Lead - no_path,word:260,0.12094395280235981
govreport_test_0872,Full - no_path,unit:10,-0.01385384513578472
govreport_test_0872,AB2 - AB0,unit:10,0.0005194273130975924
govreport_test_0872,TextRank - no_path,unit:10,0.013851320686212226
govreport_test_0872,Lead - no_path,unit:10,-0.05758621248948624
govreport_test_0872,Full - no_path,unit:5,0.0
govreport_test_0872,AB2 - AB0,unit:5,-0.0018059618368903019
govreport_test_0872,TextRank - no_path,unit:5,-0.021293468377164407
govreport_test_0872,Lead - no_path,unit:5,-0.053821208155246186
govreport_test_0872,Full - no_path,word:110,0.0
govreport_test_0872,AB2 - AB0,word:110,-0.02422099680747211
govreport_test_0872,TextRank - no_path,word:110,0.0372828359126601
govreport_test_0872,Lead - no_path,word:110,-0.028811469635057055
govreport_test_0872,Full - no_path,word:260,0.004873572936657938
govreport_test_0872,AB2 - AB0,word:260,-0.011592376752244449
govreport_test_0872,TextRank - no_path,word:260,0.05960011062215256
govreport_test_0872,Lead - no_path,word:260,-0.027403017085223233
govreport_test_0873,Full - no_path,unit:10,-0.021047109052753477
govreport_test_0873,AB2 - AB0,unit:10,0.01939679875174244
govreport_test_0873,TextRank - no_path,unit:10,0.012036264596657908
govreport_test_0873,Lead - no_path,unit:10,-0.030352319970867625
govreport_test_0873,Full - no_path,unit:5,-0.0018278544567693067
govreport_test_0873,AB2 - AB0,unit:5,0.0012683201803833088
govreport_test_0873,TextRank - no_path,unit:5,-0.006418782804505835
govreport_test_0873,Lead - no_path,unit:5,-0.03423717882148458
govreport_test_0873,Full - no_path,word:110,0.0
govreport_test_0873,AB2 - AB0,word:110,-0.002809658163160242
govreport_test_0873,TextRank - no_path,word:110,0.017390460107267178
govreport_test_0873,Lead - no_path,word:110,-0.007146525790593591
govreport_test_0873,Full - no_path,word:260,0.010224948875255602
govreport_test_0873,AB2 - AB0,word:260,-0.010747207802422554
govreport_test_0873,TextRank - no_path,word:260,0.04356142834670443
govreport_test_0873,Lead - no_path,word:260,0.006806834548989477
govreport_test_0874,Full - no_path,unit:10,0.0
govreport_test_0874,AB2 - AB0,unit:10,-0.009049298031925168
govreport_test_0874,TextRank - no_path,unit:10,0.006076917097126128
govreport_test_0874,Lead - no_path,unit:10,-0.061485223819912865
govreport_test_0874,Full - no_path,unit:5,0.0
govreport_test_0874,AB2 - AB0,unit:5,0.020142802337578175
govreport_test_0874,TextRank - no_path,unit:5,-0.0518665169138223
govreport_test_0874,Lead - no_path,unit:5,-0.05346185099050127
govreport_test_0874,Full - no_path,word:110,0.0
govreport_test_0874,AB2 - AB0,word:110,-0.014836795252225532
govreport_test_0874,TextRank - no_path,word:110,0.0388181709957187
govreport_test_0874,Lead - no_path,word:110,-0.01796241345202769
govreport_test_0874,Full - no_path,word:260,0.0
govreport_test_0874,AB2 - AB0,word:260,-0.03659549490057962
govreport_test_0874,TextRank - no_path,word:260,0.017466325019393963
govreport_test_0874,Lead - no_path,word:260,-0.06779661016949157
govreport_test_0875,Full - no_path,unit:10,-0.0007268228562591905
govreport_test_0875,AB2 - AB0,unit:10,-0.044925792218211
govreport_test_0875,TextRank - no_path,unit:10,0.08879822294754977
govreport_test_0875,Lead - no_path,unit:10,-0.0007565760534881394
govreport_test_0875,Full - no_path,unit:5,0.007251202367739545
govreport_test_0875,AB2 - AB0,unit:5,-0.025994969081999414
govreport_test_0875,TextRank - no_path,unit:5,0.046761818331820804
govreport_test_0875,Lead - no_path,unit:5,-0.0034354237562793655
govreport_test_0875,Full - no_path,word:110,-0.01650618982118296
govreport_test_0875,AB2 - AB0,word:110,-0.06629834254143649
govreport_test_0875,TextRank - no_path,word:110,0.06103875160081579
govreport_test_0875,Lead - no_path,word:110,0.017496866033903963
govreport_test_0875,Full - no_path,word:260,0.00042969558914890404
govreport_test_0875,AB2 - AB0,word:260,-0.0884170125128717
govreport_test_0875,TextRank - no_path,word:260,0.11010936042292943
govreport_test_0875,Lead - no_path,word:260,0.047061576867068855
govreport_test_0876,Full - no_path,unit:10,-0.005275524626617095
govreport_test_0876,AB2 - AB0,unit:10,0.02316390005842528
govreport_test_0876,TextRank - no_path,unit:10,-0.0043897541270693785
govreport_test_0876,Lead - no_path,unit:10,-0.0025284450063211006
govreport_test_0876,Full - no_path,unit:5,-0.008570983325541529
govreport_test_0876,AB2 - AB0,unit:5,0.04986447879276244
govreport_test_0876,TextRank - no_path,unit:5,-0.054743370672742236
govreport_test_0876,Lead - no_path,unit:5,-0.03799780781877969
govreport_test_0876,Full - no_path,word:110,0.0026281208935611117
govreport_test_0876,AB2 - AB0,word:110,-0.04479578392621873
govreport_test_0876,TextRank - no_path,word:110,0.034706451378029884
govreport_test_0876,Lead - no_path,word:110,0.02070118816553375
govreport_test_0876,Full - no_path,word:260,-0.007003163646821936
govreport_test_0876,AB2 - AB0,word:260,-0.04605263157894737
govreport_test_0876,TextRank - no_path,word:260,0.06007033001004716
govreport_test_0876,Lead - no_path,word:260,0.01939613804752585
govreport_test_0877,Full - no_path,unit:10,-0.012587683969937563
govreport_test_0877,AB2 - AB0,unit:10,-0.08165511805852027
govreport_test_0877,TextRank - no_path,unit:10,0.05946283016346715
govreport_test_0877,Lead - no_path,unit:10,0.07126461784572441
govreport_test_0877,Full - no_path,unit:5,-0.00035936203438115266
govreport_test_0877,AB2 - AB0,unit:5,-0.07136539997717675
govreport_test_0877,TextRank - no_path,unit:5,0.04784967329103476
govreport_test_0877,Lead - no_path,unit:5,0.08531686948696063
govreport_test_0877,Full - no_path,word:110,-0.007640974980343149
govreport_test_0877,AB2 - AB0,word:110,-0.06002287867572845
govreport_test_0877,TextRank - no_path,word:110,0.0524400843569133
govreport_test_0877,Lead - no_path,word:110,0.06758600297037023
govreport_test_0877,Full - no_path,word:260,-0.012681822877050636
govreport_test_0877,AB2 - AB0,word:260,-0.08260341290190668
govreport_test_0877,TextRank - no_path,word:260,0.06757848081058496
govreport_test_0877,Lead - no_path,word:260,0.06999027031600322
govreport_test_0878,Full - no_path,unit:10,0.0
govreport_test_0878,AB2 - AB0,unit:10,-0.11413928537216211
govreport_test_0878,TextRank - no_path,unit:10,0.13072750993764692
govreport_test_0878,Lead - no_path,unit:10,0.0962697513130753
govreport_test_0878,Full - no_path,unit:5,0.0
govreport_test_0878,AB2 - AB0,unit:5,-0.10430211779019807
govreport_test_0878,TextRank - no_path,unit:5,0.0011786279742692918
govreport_test_0878,Lead - no_path,unit:5,0.08447991456658752
govreport_test_0878,Full - no_path,word:110,0.0
govreport_test_0878,AB2 - AB0,word:110,-0.09540816326530614
govreport_test_0878,TextRank - no_path,word:110,0.034891598915989155
govreport_test_0878,Lead - no_path,word:110,0.09752374491180464
govreport_test_0878,Full - no_path,word:260,0.0
govreport_test_0878,AB2 - AB0,word:260,-0.10226571565687476
govreport_test_0878,TextRank - no_path,word:260,0.06009314399144905
govreport_test_0878,Lead - no_path,word:260,0.0665357508277567
govreport_test_0879,Full - no_path,unit:10,-0.00844068952333657
govreport_test_0879,AB2 - AB0,unit:10,-0.08696138855677757
govreport_test_0879,TextRank - no_path,unit:10,-0.010713896401189749
govreport_test_0879,Lead - no_path,unit:10,0.17063470055539273
govreport_test_0879,Full - no_path,unit:5,0.003021731251083376
govreport_test_0879,AB2 - AB0,unit:5,-0.09894923136163034
govreport_test_0879,TextRank - no_path,unit:5,-0.02728964423544082
govreport_test_0879,Lead - no_path,unit:5,0.12512309390946255
govreport_test_0879,Full - no_path,word:110,0.0
govreport_test_0879,AB2 - AB0,word:110,-0.1391585760517799
govreport_test_0879,TextRank - no_path,word:110,0.009913297981149025
govreport_test_0879,Lead - no_path,word:110,0.1395729414171295
govreport_test_0879,Full - no_path,word:260,0.0
govreport_test_0879,AB2 - AB0,word:260,-0.11235943611473273
govreport_test_0879,TextRank - no_path,word:260,0.016099745177790614
govreport_test_0879,Lead - no_path,word:260,0.2418725617685306
govreport_test_0880,Full - no_path,unit:10,-0.001750722674743077
govreport_test_0880,AB2 - AB0,unit:10,-0.038766891604476966
govreport_test_0880,TextRank - no_path,unit:10,0.0479929173108877
govreport_test_0880,Lead - no_path,unit:10,0.1295471283205576
govreport_test_0880,Full - no_path,unit:5,-0.018373252878517335
govreport_test_0880,AB2 - AB0,unit:5,-0.07567483226712436
govreport_test_0880,TextRank - no_path,unit:5,0.03691396373618436
govreport_test_0880,Lead - no_path,unit:5,0.03000119146908134
govreport_test_0880,Full - no_path,word:110,-0.010812735415924882
govreport_test_0880,AB2 - AB0,word:110,-0.025311514899185122
govreport_test_0880,TextRank - no_path,word:110,0.018808449805252855
govreport_test_0880,Lead - no_path,word:110,0.007738270518903995
govreport_test_0880,Full - no_path,word:260,-0.010925711264311716
govreport_test_0880,AB2 - AB0,word:260,-0.08249809580977266
govreport_test_0880,TextRank - no_path,word:260,0.05461522975489458
govreport_test_0880,Lead - no_path,word:260,0.14325751090456976
govreport_test_0881,Full - no_path,unit:10,0.0
govreport_test_0881,AB2 - AB0,unit:10,-0.04909761571068674
govreport_test_0881,TextRank - no_path,unit:10,0.05327282185588461
govreport_test_0881,Lead - no_path,unit:10,0.07176680808419622
govreport_test_0881,Full - no_path,unit:5,0.0
govreport_test_0881,AB2 - AB0,unit:5,-0.05894116052060741
govreport_test_0881,TextRank - no_path,unit:5,0.06653346604484642
govreport_test_0881,Lead - no_path,unit:5,0.029930268487201983
govreport_test_0881,Full - no_path,word:110,0.0
govreport_test_0881,AB2 - AB0,word:110,-0.04735197181497894
govreport_test_0881,TextRank - no_path,word:110,0.03593321973823821
govreport_test_0881,Lead - no_path,word:110,0.07889264694587544
govreport_test_0881,Full - no_path,word:260,0.0
govreport_test_0881,AB2 - AB0,word:260,-0.07178563195379709
govreport_test_0881,TextRank - no_path,word:260,0.05416385523615003
govreport_test_0881,Lead - no_path,word:260,0.1205622455782023
govreport_test_0882,Full - no_path,unit:10,0.0
govreport_test_0882,AB2 - AB0,unit:10,-0.008673962172147692
govreport_test_0882,TextRank - no_path,unit:10,0.04347323967401312
govreport_test_0882,Lead - no_path,unit:10,0.012866730957173472
govreport_test_0882,Full - no_path,unit:5,0.0
govreport_test_0882,AB2 - AB0,unit:5,-0.02784160483166731
govreport_test_0882,TextRank - no_path,unit:5,0.0357543129327943
govreport_test_0882,Lead - no_path,unit:5,-0.044459528253860514
govreport_test_0882,Full - no_path,word:110,0.0035523978685612634
govreport_test_0882,AB2 - AB0,word:110,-0.032249704493593684
govreport_test_0882,TextRank - no_path,word:110,0.03580210236215495
govreport_test_0882,Lead - no_path,word:110,0.003331947646221481
govreport_test_0882,Full - no_path,word:260,0.0
govreport_test_0882,AB2 - AB0,word:260,-0.03641456582633054
govreport_test_0882,TextRank - no_path,word:260,0.042244030479324596
govreport_test_0882,Lead - no_path,word:260,0.014728529897069242
govreport_test_0883,Full - no_path,unit:10,0.0
govreport_test_0883,AB2 - AB0,unit:10,-0.01178638049971617
govreport_test_0883,TextRank - no_path,unit:10,-0.0017760927189699183
govreport_test_0883,Lead - no_path,unit:10,-0.006151449549764543
govreport_test_0883,Full - no_path,unit:5,0.0
govreport_test_0883,AB2 - AB0,unit:5,0.007948214834269218
govreport_test_0883,TextRank - no_path,unit:5,-0.013248275564131745
govreport_test_0883,Lead - no_path,unit:5,0.0019472327354506103
govreport_test_0883,Full - no_path,word:110,0.0
govreport_test_0883,AB2 - AB0,word:110,-0.0087448883296634
govreport_test_0883,TextRank - no_path,word:110,0.019521907894000892
govreport_test_0883,Lead - no_path,word:110,0.00402002098830119
govreport_test_0883,Full - no_path,word:260,0.0
govreport_test_0883,AB2 - AB0,word:260,-0.01993085096502145
govreport_test_0883,TextRank - no_path,word:260,0.005582477314630269
govreport_test_0883,Lead - no_path,word:260,-0.009847455278275602
govreport_test_0884,Full - no_path,unit:10,-0.002098777058752277
govreport_test_0884,AB2 - AB0,unit:10,-0.007961649911019608
govreport_test_0884,TextRank - no_path,unit:10,-0.005519451615774912
govreport_test_0884,Lead - no_path,unit:10,-0.030115575671290085
govreport_test_0884,Full - no_path,unit:5,0.0
govreport_test_0884,AB2 - AB0,unit:5,-0.005601716695361442
govreport_test_0884,TextRank - no_path,unit:5,-0.009258732817550075
govreport_test_0884,Lead - no_path,unit:5,-0.04112216872768788
govreport_test_0884,Full - no_path,word:110,0.0
govreport_test_0884,AB2 - AB0,word:110,-0.009955609833484522
govreport_test_0884,TextRank - no_path,word:110,0.009955609833484522
govreport_test_0884,Lead - no_path,word:110,0.0028387019661746254
govreport_test_0884,Full - no_path,word:260,0.0
govreport_test_0884,AB2 - AB0,word:260,-0.02125644533305271
govreport_test_0884,TextRank - no_path,word:260,0.007765073681879703
govreport_test_0884,Lead - no_path,word:260,-0.0004428606546456326
govreport_test_0885,Full - no_path,unit:10,0.0
govreport_test_0885,AB2 - AB0,unit:10,-0.04430674226658435
govreport_test_0885,TextRank - no_path,unit:10,-0.006476120828000864
govreport_test_0885,Lead - no_path,unit:10,0.05125563254194879
govreport_test_0885,Full - no_path,unit:5,0.0
govreport_test_0885,AB2 - AB0,unit:5,-0.04686428858473396
govreport_test_0885,TextRank - no_path,unit:5,0.006938699260761627
govreport_test_0885,Lead - no_path,unit:5,0.05736913913014538
govreport_test_0885,Full - no_path,word:110,0.0
govreport_test_0885,AB2 - AB0,word:110,-0.027894002789400296
govreport_test_0885,TextRank - no_path,word:110,0.028100480743008957
govreport_test_0885,Lead - no_path,word:110,0.05068515863494945
govreport_test_0885,Full - no_path,word:260,0.0
govreport_test_0885,AB2 - AB0,word:260,-0.06375531957204786
govreport_test_0885,TextRank - no_path,word:260,0.008993864445068972
govreport_test_0885,Lead - no_path,word:260,0.061928271809856106
govreport_test_0886,Full - no_path,unit:10,-0.0062034451552021586
govreport_test_0886,AB2 - AB0,unit:10,0.002807141179234224
govreport_test_0886,TextRank - no_path,unit:10,0.005980139068160056
govreport_test_0886,Lead - no_path,unit:10,0.024868941677260836
govreport_test_0886,Full - no_path,unit:5,0.00308045265898485
govreport_test_0886,AB2 - AB0,unit:5,-0.007500936131094038
govreport_test_0886,TextRank - no_path,unit:5,-0.01523537328554797
govreport_test_0886,Lead - no_path,unit:5,0.010284503930137134
govreport_test_0886,Full - no_path,word:110,0.005830903790087466
govreport_test_0886,AB2 - AB0,word:110,-0.023750948477626627
govreport_test_0886,TextRank - no_path,word:110,0.035771996272325426
govreport_test_0886,Lead - no_path,word:110,0.026422080823987545
govreport_test_0886,Full - no_path,word:260,-0.007142857142857145
govreport_test_0886,AB2 - AB0,word:260,-0.01235568852702379
govreport_test_0886,TextRank - no_path,word:260,0.027067669172932324
govreport_test_0886,Lead - no_path,word:260,0.03832794142686871
govreport_test_0887,Full - no_path,unit:10,0.0
govreport_test_0887,AB2 - AB0,unit:10,-0.193984962406015
govreport_test_0887,TextRank - no_path,unit:10,0.20504201680672274
govreport_test_0887,Lead - no_path,unit:10,0.2858204992033988
govreport_test_0887,Full - no_path,unit:5,0.0
govreport_test_0887,AB2 - AB0,unit:5,-0.13230115990057995
govreport_test_0887,TextRank - no_path,unit:5,0.13230115990057995
govreport_test_0887,Lead - no_path,unit:5,0.16194067057210515
govreport_test_0887,Full - no_path,word:110,0.0
govreport_test_0887,AB2 - AB0,word:110,-0.019214876033057826
govreport_test_0887,TextRank - no_path,word:110,0.05785123966942149
govreport_test_0887,Lead - no_path,word:110,0.24044795783926215
govreport_test_0887,Full - no_path,word:260,0.0
govreport_test_0887,AB2 - AB0,word:260,-0.19391004280149882
govreport_test_0887,TextRank - no_path,word:260,0.22893772893772898
govreport_test_0887,Lead - no_path,word:260,0.3167456556082149
govreport_test_0888,Full - no_path,unit:10,0.006045115882809343
govreport_test_0888,AB2 - AB0,unit:10,-0.05207525540308172
govreport_test_0888,TextRank - no_path,unit:10,0.004167509895188631
govreport_test_0888,Lead - no_path,unit:10,0.01149015020597216
govreport_test_0888,Full - no_path,unit:5,-0.02078005115089515
govreport_test_0888,AB2 - AB0,unit:5,0.02225370267980123
govreport_test_0888,TextRank - no_path,unit:5,-0.020613606410548962
govreport_test_0888,Lead - no_path,unit:5,-0.011009161663024541
govreport_test_0888,Full - no_path,word:110,0.0028171975191842724
govreport_test_0888,AB2 - AB0,word:110,0.023617314238186096
govreport_test_0888,TextRank - no_path,word:110,0.0024742613910381794
govreport_test_0888,Lead - no_path,word:110,0.02136024387680016
govreport_test_0888,Full - no_path,word:260,-0.0020318807703096353
govreport_test_0888,AB2 - AB0,word:260,-0.04643239654361911
govreport_test_0888,TextRank - no_path,word:260,0.034456492734638466
govreport_test_0888,Lead - no_path,word:260,0.024847720762628006
govreport_test_0889,Full - no_path,unit:10,0.0
govreport_test_0889,AB2 - AB0,unit:10,-0.0013253313328332184
govreport_test_0889,TextRank - no_path,unit:10,0.006908821349147526
govreport_test_0889,Lead - no_path,unit:10,0.1716253685465153
govreport_test_0889,Full - no_path,unit:5,0.0
govreport_test_0889,AB2 - AB0,unit:5,0.00022080679405521442
govreport_test_0889,TextRank - no_path,unit:5,-0.004387309435517087
govreport_test_0889,Lead - no_path,unit:5,0.06514114584903577
govreport_test_0889,Full - no_path,word:110,0.0
govreport_test_0889,AB2 - AB0,word:110,-0.01837270341207349
govreport_test_0889,TextRank - no_path,word:110,0.008029219737808749
govreport_test_0889,Lead - no_path,word:110,0.10965906748567422
govreport_test_0889,Full - no_path,word:260,0.0
govreport_test_0889,AB2 - AB0,word:260,-0.09665456082704024
govreport_test_0889,TextRank - no_path,word:260,0.015868564854759848
govreport_test_0889,Lead - no_path,word:260,0.2561896904257991
govreport_test_0890,Full - no_path,unit:10,-0.011062217332844404
govreport_test_0890,AB2 - AB0,unit:10,-0.07365557648043516
govreport_test_0890,TextRank - no_path,unit:10,0.1046007391388917
govreport_test_0890,Lead - no_path,unit:10,-0.01634018257544284
govreport_test_0890,Full - no_path,unit:5,0.003078700471009471
govreport_test_0890,AB2 - AB0,unit:5,-0.10289583459282994
govreport_test_0890,TextRank - no_path,unit:5,0.09446917339473282
govreport_test_0890,Lead - no_path,unit:5,-0.010641579889978214
govreport_test_0890,Full - no_path,word:110,0.0
govreport_test_0890,AB2 - AB0,word:110,-0.07659535450321085
govreport_test_0890,TextRank - no_path,word:110,0.06083252763333248
govreport_test_0890,Lead - no_path,word:110,0.025118241919046727
govreport_test_0890,Full - no_path,word:260,0.0
govreport_test_0890,AB2 - AB0,word:260,-0.12820512820512822
govreport_test_0890,TextRank - no_path,word:260,0.09667545160050514
govreport_test_0890,Lead - no_path,word:260,0.014611010879667569
govreport_test_0891,Full - no_path,unit:10,0.0
govreport_test_0891,AB2 - AB0,unit:10,0.012786008091760087
govreport_test_0891,TextRank - no_path,unit:10,-0.002186452045606968
govreport_test_0891,Lead - no_path,unit:10,-0.005550527903469077
govreport_test_0891,Full - no_path,unit:5,0.0
govreport_test_0891,AB2 - AB0,unit:5,0.0234072012619774
govreport_test_0891,TextRank - no_path,unit:5,-0.005429203083157252
govreport_test_0891,Lead - no_path,unit:5,-0.04556661409329055
govreport_test_0891,Full - no_path,word:110,0.0
govreport_test_0891,AB2 - AB0,word:110,0.02192751197817565
govreport_test_0891,TextRank - no_path,word:110,0.008619258835312615
govreport_test_0891,Lead - no_path,word:110,0.011034482758620665
govreport_test_0891,Full - no_path,word:260,0.0
govreport_test_0891,AB2 - AB0,word:260,0.005176933158584501
govreport_test_0891,TextRank - no_path,word:260,0.01198176642339574
govreport_test_0891,Lead - no_path,word:260,0.01864538198403648
govreport_test_0892,Full - no_path,unit:10,0.0
govreport_test_0892,AB2 - AB0,unit:10,-0.012919896640826878
govreport_test_0892,TextRank - no_path,unit:10,0.01478228599703113
govreport_test_0892,Lead - no_path,unit:10,0.2588097223509065
govreport_test_0892,Full - no_path,unit:5,0.0
govreport_test_0892,AB2 - AB0,unit:5,-0.03605991368367603
govreport_test_0892,TextRank - no_path,unit:5,0.04414120126448895
govreport_test_0892,Lead - no_path,unit:5,0.26181149908112367
govreport_test_0892,Full - no_path,word:110,0.006818181818181807
govreport_test_0892,AB2 - AB0,word:110,-0.01087919038583171
govreport_test_0892,TextRank - no_path,word:110,0.03992467043314499
govreport_test_0892,Lead - no_path,word:110,0.189247311827957
govreport_test_0892,Full - no_path,word:260,0.0
govreport_test_0892,AB2 - AB0,word:260,-0.011465823442779188
govreport_test_0892,TextRank - no_path,word:260,0.004172119358892945
govreport_test_0892,Lead - no_path,word:260,0.20418033751192796
govreport_test_0893,Full - no_path,unit:10,0.007025761124121788
govreport_test_0893,AB2 - AB0,unit:10,-0.07374786046894036
govreport_test_0893,TextRank - no_path,unit:10,-0.027809470432421213
govreport_test_0893,Lead - no_path,unit:10,0.21411515827311328
govreport_test_0893,Full - no_path,unit:5,0.0
govreport_test_0893,AB2 - AB0,unit:5,-0.07742723635586232
govreport_test_0893,TextRank - no_path,unit:5,-0.01856543828899787
govreport_test_0893,Lead - no_path,unit:5,0.1334518258160504
govreport_test_0893,Full - no_path,word:110,0.0
govreport_test_0893,AB2 - AB0,word:110,-0.06816935540932573
govreport_test_0893,TextRank - no_path,word:110,0.017623379085630123
govreport_test_0893,Lead - no_path,word:110,0.0734237759040594
govreport_test_0893,Full - no_path,word:260,-0.0033314857492925953
govreport_test_0893,AB2 - AB0,word:260,-0.08099995309788474
govreport_test_0893,TextRank - no_path,word:260,0.005796998992594671
govreport_test_0893,Lead - no_path,word:260,0.22225963326121131
govreport_test_0894,Full - no_path,unit:10,0.0
govreport_test_0894,AB2 - AB0,unit:10,0.060425872383757906
govreport_test_0894,TextRank - no_path,unit:10,-0.05433832709113606
govreport_test_0894,Lead - no_path,unit:10,-0.023866213151927412
govreport_test_0894,Full - no_path,unit:5,0.0
govreport_test_0894,AB2 - AB0,unit:5,0.03147725392886684
govreport_test_0894,TextRank - no_path,unit:5,-0.04792583635630794
govreport_test_0894,Lead - no_path,unit:5,-0.011337844637881428
govreport_test_0894,Full - no_path,word:110,0.0
govreport_test_0894,AB2 - AB0,word:110,-0.031515151515151524
govreport_test_0894,TextRank - no_path,word:110,0.02474730280226814
govreport_test_0894,Lead - no_path,word:110,0.005165072734601178
govreport_test_0894,Full - no_path,word:260,0.00038972141204871025
govreport_test_0894,AB2 - AB0,word:260,-0.0044922726206040875
govreport_test_0894,TextRank - no_path,word:260,0.03750825861255308
govreport_test_0894,Lead - no_path,word:260,0.010841591945886436
govreport_test_0895,Full - no_path,unit:10,0.0
govreport_test_0895,AB2 - AB0,unit:10,-0.025211549310221015
govreport_test_0895,TextRank - no_path,unit:10,0.030504606906053583
govreport_test_0895,Lead - no_path,unit:10,0.06751941282842253
govreport_test_0895,Full - no_path,unit:5,0.0
govreport_test_0895,AB2 - AB0,unit:5,-0.05519909463912692
govreport_test_0895,TextRank - no_path,unit:5,0.05208673858559437
govreport_test_0895,Lead - no_path,unit:5,0.049523809523809526
govreport_test_0895,Full - no_path,word:110,0.0
govreport_test_0895,AB2 - AB0,word:110,-0.08306280569622992
govreport_test_0895,TextRank - no_path,word:110,0.08016014716225722
govreport_test_0895,Lead - no_path,word:110,0.0991587575496117
govreport_test_0895,Full - no_path,word:260,0.0
govreport_test_0895,AB2 - AB0,word:260,-0.0608564628200699
govreport_test_0895,TextRank - no_path,word:260,0.04950693727783512
govreport_test_0895,Lead - no_path,word:260,0.06378547503191193
govreport_test_0896,Full - no_path,unit:10,0.0038569162371748233
govreport_test_0896,AB2 - AB0,unit:10,-0.04306859172974001
govreport_test_0896,TextRank - no_path,unit:10,0.041368899759238686
govreport_test_0896,Lead - no_path,unit:10,-0.029935534423193355
govreport_test_0896,Full - no_path,unit:5,-0.020685817358432612
govreport_test_0896,AB2 - AB0,unit:5,-0.004217440152104401
govreport_test_0896,TextRank - no_path,unit:5,0.013600529578142923
govreport_test_0896,Lead - no_path,unit:5,-0.03636438008753626
govreport_test_0896,Full - no_path,word:110,-0.035398230088495575
govreport_test_0896,AB2 - AB0,word:110,-0.02006936560026129
govreport_test_0896,TextRank - no_path,word:110,0.0315457018668501
govreport_test_0896,Lead - no_path,word:110,-0.02123893805309733
govreport_test_0896,Full - no_path,word:260,-0.014412126808248715
govreport_test_0896,AB2 - AB0,word:260,-0.0430750408301063
govreport_test_0896,TextRank - no_path,word:260,0.04929978454909201
govreport_test_0896,Lead - no_path,word:260,-0.027045560204556035
govreport_test_0897,Full - no_path,unit:10,0.006842094876050864
govreport_test_0897,AB2 - AB0,unit:10,-0.00012499239911084592
govreport_test_0897,TextRank - no_path,unit:10,-0.06884443488881671
govreport_test_0897,Lead - no_path,unit:10,0.09255758766638003
govreport_test_0897,Full - no_path,unit:5,0.01659065875480066
govreport_test_0897,AB2 - AB0,unit:5,0.0017942227282850415
govreport_test_0897,TextRank - no_path,unit:5,-0.06111854579203569
govreport_test_0897,Lead - no_path,unit:5,0.10397639694799897
govreport_test_0897,Full - no_path,word:110,-0.021113309698518712
govreport_test_0897,AB2 - AB0,word:110,-0.002136752136752129
govreport_test_0897,TextRank - no_path,word:110,-0.01896968697611784
govreport_test_0897,Lead - no_path,word:110,0.08566890625714155
govreport_test_0897,Full - no_path,word:260,0.005504587155963275
govreport_test_0897,AB2 - AB0,word:260,-0.0038109974015926584
govreport_test_0897,TextRank - no_path,word:260,-0.008687718586851856
govreport_test_0897,Lead - no_path,word:260,0.108028153617168
govreport_test_0898,Full - no_path,unit:10,0.0
govreport_test_0898,AB2 - AB0,unit:10,-0.02921290410509661
govreport_test_0898,TextRank - no_path,unit:10,0.0015208544480217745
govreport_test_0898,Lead - no_path,unit:10,0.24497932998840857
govreport_test_0898,Full - no_path,unit:5,0.0
govreport_test_0898,AB2 - AB0,unit:5,0.012091503267973827
govreport_test_0898,TextRank - no_path,unit:5,-0.012091503267973827
govreport_test_0898,Lead - no_path,unit:5,0.2249671580791126
govreport_test_0898,Full - no_path,word:110,0.0
govreport_test_0898,AB2 - AB0,word:110,-0.03395361755311764
govreport_test_0898,TextRank - no_path,word:110,0.018164143868907093
govreport_test_0898,Lead - no_path,word:110,0.11026940702680184
govreport_test_0898,Full - no_path,word:260,0.0
govreport_test_0898,AB2 - AB0,word:260,-0.03516483516483518
govreport_test_0898,TextRank - no_path,word:260,0.011001100110010986
govreport_test_0898,Lead - no_path,word:260,0.25126609577257286
govreport_test_0899,Full - no_path,unit:10,-0.0020833584615603806
govreport_test_0899,AB2 - AB0,unit:10,-0.04662879229628639
govreport_test_0899,TextRank - no_path,unit:10,0.009057177282436074
govreport_test_0899,Lead - no_path,unit:10,0.027458270447086347
govreport_test_0899,Full - no_path,unit:5,0.0009222674509257733
govreport_test_0899,AB2 - AB0,unit:5,-0.053584814020318144
govreport_test_0899,TextRank - no_path,unit:5,-0.007928994877372447
govreport_test_0899,Lead - no_path,unit:5,0.010938393624635723
govreport_test_0899,Full - no_path,word:110,0.0004848093083387184
govreport_test_0899,AB2 - AB0,word:110,-0.0025630907416802906
govreport_test_0899,TextRank - no_path,word:110,0.0004848093083387184
govreport_test_0899,Lead - no_path,word:110,0.027757605099653027
govreport_test_0899,Full - no_path,word:260,0.0026403641491510033
govreport_test_0899,AB2 - AB0,word:260,-0.05043394942400492
govreport_test_0899,TextRank - no_path,word:260,0.005676718866825664
govreport_test_0899,Lead - no_path,word:260,0.041001224952041976
govreport_test_0900,Full - no_path,unit:10,0.0015769753280337473
govreport_test_0900,AB2 - AB0,unit:10,-0.02242061935999637
govreport_test_0900,TextRank - no_path,unit:10,0.02742569409236076
govreport_test_0900,Lead - no_path,unit:10,-0.02891887102413418
govreport_test_0900,Full - no_path,unit:5,-0.008350951374207188
govreport_test_0900,AB2 - AB0,unit:5,-0.02539202644782418
govreport_test_0900,TextRank - no_path,unit:5,0.03683651804670912
govreport_test_0900,Lead - no_path,unit:5,-0.04891696750902527
govreport_test_0900,Full - no_path,word:110,-0.01717407560011598
govreport_test_0900,AB2 - AB0,word:110,-0.017621065099539895
govreport_test_0900,TextRank - no_path,word:110,0.00246913580246913
govreport_test_0900,Lead - no_path,word:110,-0.02706282714523342
govreport_test_0900,Full - no_path,word:260,-0.00400256475022831
govreport_test_0900,AB2 - AB0,word:260,0.03495915321641466
govreport_test_0900,TextRank - no_path,word:260,0.03946002076843197
govreport_test_0900,Lead - no_path,word:260,0.004153686396677042
govreport_test_0901,Full - no_path,unit:10,0.003202529592994996
govreport_test_0901,AB2 - AB0,unit:10,0.06250970221079052
govreport_test_0901,TextRank - no_path,unit:10,-0.07312157368590777
govreport_test_0901,Lead - no_path,unit:10,0.12488015340364339
govreport_test_0901,Full - no_path,unit:5,0.0
govreport_test_0901,AB2 - AB0,unit:5,-0.048913596299195505
govreport_test_0901,TextRank - no_path,unit:5,0.043741261314298396
govreport_test_0901,Lead - no_path,unit:5,0.11450522327093221
govreport_test_0901,Full - no_path,word:110,0.0
govreport_test_0901,AB2 - AB0,word:110,-0.16558544662704713
govreport_test_0901,TextRank - no_path,word:110,-0.02622012775069149
govreport_test_0901,Lead - no_path,word:110,0.21404880360104242
govreport_test_0901,Full - no_path,word:260,-0.016451093449690923
govreport_test_0901,AB2 - AB0,word:260,-0.04545994126542563
govreport_test_0901,TextRank - no_path,word:260,0.10489825506135772
govreport_test_0901,Lead - no_path,word:260,0.22580645161290322
govreport_test_0902,Full - no_path,unit:10,0.0034434169672065695
govreport_test_0902,AB2 - AB0,unit:10,0.021658507639816055
govreport_test_0902,TextRank - no_path,unit:10,-0.009953379451041244
govreport_test_0902,Lead - no_path,unit:10,-0.017151835756640393
govreport_test_0902,Full - no_path,unit:5,-0.0006621001231701118
govreport_test_0902,AB2 - AB0,unit:5,0.053982183220316435
govreport_test_0902,TextRank - no_path,unit:5,-0.051599515421311026
govreport_test_0902,Lead - no_path,unit:5,-0.02558500364142996
govreport_test_0902,Full - no_path,word:110,0.0
govreport_test_0902,AB2 - AB0,word:110,-0.016736401673640156
govreport_test_0902,TextRank - no_path,word:110,0.025486925905335953
govreport_test_0902,Lead - no_path,word:110,-0.010735675023147331
govreport_test_0902,Full - no_path,word:260,0.0
govreport_test_0902,AB2 - AB0,word:260,-0.013458575063410555
govreport_test_0902,TextRank - no_path,word:260,0.024966054925320808
govreport_test_0902,Lead - no_path,word:260,-0.011534025374855844
govreport_test_0903,Full - no_path,unit:10,0.0
govreport_test_0903,AB2 - AB0,unit:10,-0.04932180298752528
govreport_test_0903,TextRank - no_path,unit:10,0.014065188463581901
govreport_test_0903,Lead - no_path,unit:10,-0.030942513538938787
govreport_test_0903,Full - no_path,unit:5,-0.0033999386896301775
govreport_test_0903,AB2 - AB0,unit:5,-0.04332102724406481
govreport_test_0903,TextRank - no_path,unit:5,0.005986723742167632
govreport_test_0903,Lead - no_path,unit:5,-0.06340269728247869
govreport_test_0903,Full - no_path,word:110,0.0
govreport_test_0903,AB2 - AB0,word:110,-0.009100724006657457
govreport_test_0903,TextRank - no_path,word:110,0.029481559949453062
govreport_test_0903,Lead - no_path,word:110,0.023266838828798486
govreport_test_0903,Full - no_path,word:260,0.0
govreport_test_0903,AB2 - AB0,word:260,-0.05189657789546476
govreport_test_0903,TextRank - no_path,word:260,0.0365273800561462
govreport_test_0903,Lead - no_path,word:260,0.016335837285100796
govreport_test_0904,Full - no_path,unit:10,0.0
govreport_test_0904,AB2 - AB0,unit:10,-0.009661208300446561
govreport_test_0904,TextRank - no_path,unit:10,0.018552144401903586
govreport_test_0904,Lead - no_path,unit:10,-0.062039601457186525
govreport_test_0904,Full - no_path,unit:5,0.0
govreport_test_0904,AB2 - AB0,unit:5,-0.015472971940918623
govreport_test_0904,TextRank - no_path,unit:5,0.010772212900606037
govreport_test_0904,Lead - no_path,unit:5,-0.06636912746221822
govreport_test_0904,Full - no_path,word:110,0.0
govreport_test_0904,AB2 - AB0,word:110,-0.037037037037037035
govreport_test_0904,TextRank - no_path,word:110,0.037037037037037035
govreport_test_0904,Lead - no_path,word:110,-0.01706392861508374
govreport_test_0904,Full - no_path,word:260,0.0
govreport_test_0904,AB2 - AB0,word:260,-0.03299048718585848
govreport_test_0904,TextRank - no_path,word:260,0.04391042317030866
govreport_test_0904,Lead - no_path,word:260,0.014743756503642014
govreport_test_0905,Full - no_path,unit:10,-0.012678867506423913
govreport_test_0905,AB2 - AB0,unit:10,-0.03867157727311335
govreport_test_0905,TextRank - no_path,unit:10,0.015222609966282913
govreport_test_0905,Lead - no_path,unit:10,-0.05441146100980221
govreport_test_0905,Full - no_path,unit:5,-0.019323857087975405
govreport_test_0905,AB2 - AB0,unit:5,-0.01258024470069638
govreport_test_0905,TextRank - no_path,unit:5,0.014943140879045136
govreport_test_0905,Lead - no_path,unit:5,-0.032689796207619165
govreport_test_0905,Full - no_path,word:110,0.0
govreport_test_0905,AB2 - AB0,word:110,-0.035155023547880665
govreport_test_0905,TextRank - no_path,word:110,0.0010334645669291265
govreport_test_0905,Lead - no_path,word:110,0.007114779874213828
govreport_test_0905,Full - no_path,word:260,0.0
govreport_test_0905,AB2 - AB0,word:260,-0.02025316455696205
govreport_test_0905,TextRank - no_path,word:260,0.03299492385786798
govreport_test_0905,Lead - no_path,word:260,-0.028108574112318485
govreport_test_0906,Full - no_path,unit:10,0.0
govreport_test_0906,AB2 - AB0,unit:10,-0.14233594191400104
govreport_test_0906,TextRank - no_path,unit:10,0.14820981007790512
govreport_test_0906,Lead - no_path,unit:10,0.13321481992484568
govreport_test_0906,Full - no_path,unit:5,0.01835013597780405
govreport_test_0906,AB2 - AB0,unit:5,-0.12827523353839143
govreport_test_0906,TextRank - no_path,unit:5,0.09182388947459519
govreport_test_0906,Lead - no_path,unit:5,-0.05104258272706794
govreport_test_0906,Full - no_path,word:110,0.0
govreport_test_0906,AB2 - AB0,word:110,0.035851281019064346
govreport_test_0906,TextRank - no_path,word:110,0.08923850742776934
govreport_test_0906,Lead - no_path,word:110,-0.04718924122640686
govreport_test_0906,Full - no_path,word:260,0.007461536089785087
govreport_test_0906,AB2 - AB0,word:260,-0.041970397094071965
govreport_test_0906,TextRank - no_path,word:260,0.14022667287688242
govreport_test_0906,Lead - no_path,word:260,0.08890553786601732
govreport_test_0907,Full - no_path,unit:10,0.0032244008714596983
govreport_test_0907,AB2 - AB0,unit:10,-0.012437057236433957
govreport_test_0907,TextRank - no_path,unit:10,0.021644748930362
govreport_test_0907,Lead - no_path,unit:10,-0.10243547659169644
govreport_test_0907,Full - no_path,unit:5,-0.007656504495886451
govreport_test_0907,AB2 - AB0,unit:5,-0.06457351482078633
govreport_test_0907,TextRank - no_path,unit:5,0.07010581147150396
govreport_test_0907,Lead - no_path,unit:5,-0.05021429692499005
govreport_test_0907,Full - no_path,word:110,-0.056026974568257615
govreport_test_0907,AB2 - AB0,word:110,-0.04357706522824892
govreport_test_0907,TextRank - no_path,word:110,0.04357706522824892
govreport_test_0907,Lead - no_path,word:110,-0.006313099837965852
govreport_test_0907,Full - no_path,word:260,0.040799606750778344
govreport_test_0907,AB2 - AB0,word:260,-0.0784313725490196
govreport_test_0907,TextRank - no_path,word:260,0.14005602240896353
govreport_test_0907,Lead - no_path,word:260,0.018787431290507833
govreport_test_0908,Full - no_path,unit:10,-0.004007130124777186
govreport_test_0908,AB2 - AB0,unit:10,0.011494116364162449
govreport_test_0908,TextRank - no_path,unit:10,-0.006218053927315392
govreport_test_0908,Lead - no_path,unit:10,0.30849918962722844
govreport_test_0908,Full - no_path,unit:5,0.0
govreport_test_0908,AB2 - AB0,unit:5,0.018204155430726066
govreport_test_0908,TextRank - no_path,unit:5,-0.00700474041735219
govreport_test_0908,Lead - no_path,unit:5,0.16972797023947922
govreport_test_0908,Full - no_path,word:110,0.0
govreport_test_0908,AB2 - AB0,word:110,-0.029651300424347174
govreport_test_0908,TextRank - no_path,word:110,0.029651300424347174
govreport_test_0908,Lead - no_path,word:110,0.28783935335068456
govreport_test_0908,Full - no_path,word:260,0.0
govreport_test_0908,AB2 - AB0,word:260,0.013868025581056348
govreport_test_0908,TextRank - no_path,word:260,0.008054842936965595
govreport_test_0908,Lead - no_path,word:260,0.2960225565351934
govreport_test_0909,Full - no_path,unit:10,-0.0026362864138310127
govreport_test_0909,AB2 - AB0,unit:10,-0.06923762725218224
govreport_test_0909,TextRank - no_path,unit:10,0.006288606548910225
govreport_test_0909,Lead - no_path,unit:10,0.005633232016210743
govreport_test_0909,Full - no_path,unit:5,-0.004761606228598891
govreport_test_0909,AB2 - AB0,unit:5,-2.7002870405107293e-06
govreport_test_0909,TextRank - no_path,unit:5,0.00012530926172979462
govreport_test_0909,Lead - no_path,unit:5,-0.0045035924432909324
govreport_test_0909,Full - no_path,word:110,-0.017094017094017117
govreport_test_0909,AB2 - AB0,word:110,-0.04192804739770668
govreport_test_0909,TextRank - no_path,word:110,0.010331318306778442
govreport_test_0909,Lead - no_path,word:110,0.009908320421767855
govreport_test_0909,Full - no_path,word:260,0.01081933481751332
govreport_test_0909,AB2 - AB0,word:260,-0.08923236673447321
govreport_test_0909,TextRank - no_path,word:260,0.022196976131827056
govreport_test_0909,Lead - no_path,word:260,0.02157243397790523
govreport_test_0910,Full - no_path,unit:10,0.0
govreport_test_0910,AB2 - AB0,unit:10,-0.03722051144731556
govreport_test_0910,TextRank - no_path,unit:10,0.020220823067798183
govreport_test_0910,Lead - no_path,unit:10,0.14817389552163623
govreport_test_0910,Full - no_path,unit:5,0.0
govreport_test_0910,AB2 - AB0,unit:5,-0.022048920794714655
govreport_test_0910,TextRank - no_path,unit:5,-0.014192855864989001
govreport_test_0910,Lead - no_path,unit:5,0.1786644565474781
govreport_test_0910,Full - no_path,word:110,0.0
govreport_test_0910,AB2 - AB0,word:110,-0.1271542664985288
govreport_test_0910,TextRank - no_path,word:110,0.024056483056588446
govreport_test_0910,Lead - no_path,word:110,0.14872158560710685
govreport_test_0910,Full - no_path,word:260,0.0
govreport_test_0910,AB2 - AB0,word:260,-0.03565106233904658
govreport_test_0910,TextRank - no_path,word:260,0.04550648652282041
govreport_test_0910,Lead - no_path,word:260,0.18713177260499342
govreport_test_0911,Full - no_path,unit:10,0.0012326380059369813
govreport_test_0911,AB2 - AB0,unit:10,-0.0006407702087100897
govreport_test_0911,TextRank - no_path,unit:10,0.030808528697573945
govreport_test_0911,Lead - no_path,unit:10,0.06676001801456699
govreport_test_0911,Full - no_path,unit:5,-0.001870589118488336
govreport_test_0911,AB2 - AB0,unit:5,-0.0007103473937015714
govreport_test_0911,TextRank - no_path,unit:5,-0.020514606300191834
govreport_test_0911,Lead - no_path,unit:5,0.010552051272489815
govreport_test_0911,Full - no_path,word:110,-0.0001541293054208026
govreport_test_0911,AB2 - AB0,word:110,-0.019933745349723447
govreport_test_0911,TextRank - no_path,word:110,-0.010123831299662683
govreport_test_0911,Lead - no_path,word:110,0.0585878251420551
govreport_test_0911,Full - no_path,word:260,-0.012090886101829845
govreport_test_0911,AB2 - AB0,word:260,0.00657339884585087
govreport_test_0911,TextRank - no_path,word:260,0.0037678627880684545
govreport_test_0911,Lead - no_path,word:260,0.10777202072538863
govreport_test_0912,Full - no_path,unit:10,-0.005123213612738625
govreport_test_0912,AB2 - AB0,unit:10,-0.038494455697163366
govreport_test_0912,TextRank - no_path,unit:10,-0.018043053449434854
govreport_test_0912,Lead - no_path,unit:10,0.1339394480419153
govreport_test_0912,Full - no_path,unit:5,0.0
govreport_test_0912,AB2 - AB0,unit:5,0.024094920987262847
govreport_test_0912,TextRank - no_path,unit:5,-0.010611238380982824
govreport_test_0912,Lead - no_path,unit:5,0.11929423918658069
govreport_test_0912,Full - no_path,word:110,0.0
govreport_test_0912,AB2 - AB0,word:110,0.015383823832064214
govreport_test_0912,TextRank - no_path,word:110,-0.001919527500922849
govreport_test_0912,Lead - no_path,word:110,0.12943629996168995
govreport_test_0912,Full - no_path,word:260,0.0
govreport_test_0912,AB2 - AB0,word:260,-0.004071790006325099
govreport_test_0912,TextRank - no_path,word:260,-0.007448042663021459
govreport_test_0912,Lead - no_path,word:260,0.1541306040516151
govreport_test_0913,Full - no_path,unit:10,0.0
govreport_test_0913,AB2 - AB0,unit:10,0.039585071404033945
govreport_test_0913,TextRank - no_path,unit:10,-3.769785171850448e-05
govreport_test_0913,Lead - no_path,unit:10,0.2869730132028743
govreport_test_0913,Full - no_path,unit:5,0.0
govreport_test_0913,AB2 - AB0,unit:5,0.08230268851726738
govreport_test_0913,TextRank - no_path,unit:5,-0.03328284684949634
govreport_test_0913,Lead - no_path,unit:5,0.2173012488577521
govreport_test_0913,Full - no_path,word:110,0.0
govreport_test_0913,AB2 - AB0,word:110,-0.016078093597473475
govreport_test_0913,TextRank - no_path,word:110,0.018518518518518517
govreport_test_0913,Lead - no_path,word:110,0.2103917415612418
govreport_test_0913,Full - no_path,word:260,0.004517543859649142
govreport_test_0913,AB2 - AB0,word:260,0.06799875311720702
govreport_test_0913,TextRank - no_path,word:260,0.009517543859649119
govreport_test_0913,Lead - no_path,word:260,0.24756823222009966
govreport_test_0914,Full - no_path,unit:10,2.9385644133322897e-05
govreport_test_0914,AB2 - AB0,unit:10,-0.08200712737840243
govreport_test_0914,TextRank - no_path,unit:10,0.0016718125873624035
govreport_test_0914,Lead - no_path,unit:10,0.11188571576742351
govreport_test_0914,Full - no_path,unit:5,0.0
govreport_test_0914,AB2 - AB0,unit:5,0.027076222980659842
govreport_test_0914,TextRank - no_path,unit:5,-0.04812930414225511
govreport_test_0914,Lead - no_path,unit:5,0.08504452592980619
govreport_test_0914,Full - no_path,word:110,0.0
govreport_test_0914,AB2 - AB0,word:110,0.0
govreport_test_0914,TextRank - no_path,word:110,-0.005263157894736886
govreport_test_0914,Lead - no_path,word:110,0.11052631578947367
govreport_test_0914,Full - no_path,word:260,-0.001955319871799449
govreport_test_0914,AB2 - AB0,word:260,-0.06291966284108766
govreport_test_0914,TextRank - no_path,word:260,-0.018251504024121096
govreport_test_0914,Lead - no_path,word:260,0.10443183121201693
govreport_test_0915,Full - no_path,unit:10,0.01351875785508555
govreport_test_0915,AB2 - AB0,unit:10,-0.041089345437171465
govreport_test_0915,TextRank - no_path,unit:10,-0.05210254896655758
govreport_test_0915,Lead - no_path,unit:10,0.015808449662568225
govreport_test_0915,Full - no_path,unit:5,0.018311314570161885
govreport_test_0915,AB2 - AB0,unit:5,0.042362847788530056
govreport_test_0915,TextRank - no_path,unit:5,-0.08279631291296191
govreport_test_0915,Lead - no_path,unit:5,-0.0955757286192069
govreport_test_0915,Full - no_path,word:110,0.0
govreport_test_0915,AB2 - AB0,word:110,-0.01876172607879925
govreport_test_0915,TextRank - no_path,word:110,-0.05293487000804076
govreport_test_0915,Lead - no_path,word:110,-0.06419190565532032
govreport_test_0915,Full - no_path,word:260,0.0025234582574357733
govreport_test_0915,AB2 - AB0,word:260,-0.022671537102776446
govreport_test_0915,TextRank - no_path,word:260,-0.015458276627902667
govreport_test_0915,Lead - no_path,word:260,-0.008413233134663523
govreport_test_0916,Full - no_path,unit:10,0.0
govreport_test_0916,AB2 - AB0,unit:10,-0.026398224890687216
govreport_test_0916,TextRank - no_path,unit:10,0.03399917704048927
govreport_test_0916,Lead - no_path,unit:10,0.05796184626822723
govreport_test_0916,Full - no_path,unit:5,-0.032063482767708096
govreport_test_0916,AB2 - AB0,unit:5,0.030382471320031856
govreport_test_0916,TextRank - no_path,unit:5,-0.03090783090783089
govreport_test_0916,Lead - no_path,unit:5,0.030880786978348007
govreport_test_0916,Full - no_path,word:110,-0.02614839685024574
govreport_test_0916,AB2 - AB0,word:110,-0.018181818181818202
govreport_test_0916,TextRank - no_path,word:110,0.02075226977950713
govreport_test_0916,Lead - no_path,word:110,0.07286539660080517
govreport_test_0916,Full - no_path,word:260,-0.002312557138257537
govreport_test_0916,AB2 - AB0,word:260,-0.045672637221933016
govreport_test_0916,TextRank - no_path,word:260,0.030011925890450847
govreport_test_0916,Lead - no_path,word:260,0.09135123804409523
govreport_test_0917,Full - no_path,unit:10,0.010510184845468812
govreport_test_0917,AB2 - AB0,unit:10,-0.0994049561472421
govreport_test_0917,TextRank - no_path,unit:10,0.04727635611639738
govreport_test_0917,Lead - no_path,unit:10,0.029154603598596368
govreport_test_0917,Full - no_path,unit:5,0.01388734344670696
govreport_test_0917,AB2 - AB0,unit:5,-0.03552137304233258
govreport_test_0917,TextRank - no_path,unit:5,0.05644325273413374
govreport_test_0917,Lead - no_path,unit:5,0.012871437258386978
govreport_test_0917,Full - no_path,word:110,0.016418278158358224
govreport_test_0917,AB2 - AB0,word:110,-0.04849870167867458
govreport_test_0917,TextRank - no_path,word:110,0.06729656485754046
govreport_test_0917,Lead - no_path,word:110,0.016418278158358224
govreport_test_0917,Full - no_path,word:260,0.0030588624338624415
govreport_test_0917,AB2 - AB0,word:260,-0.054200298953662185
govreport_test_0917,TextRank - no_path,word:260,0.054910714285714285
govreport_test_0917,Lead - no_path,word:260,0.026081885456885473
govreport_test_0918,Full - no_path,unit:10,0.0
govreport_test_0918,AB2 - AB0,unit:10,-0.11548281734117405
govreport_test_0918,TextRank - no_path,unit:10,0.09777969070022863
govreport_test_0918,Lead - no_path,unit:10,0.025298949776437568
govreport_test_0918,Full - no_path,unit:5,0.0
govreport_test_0918,AB2 - AB0,unit:5,-0.07410762276142815
govreport_test_0918,TextRank - no_path,unit:5,0.08125712424686535
govreport_test_0918,Lead - no_path,unit:5,0.015675835551611977
govreport_test_0918,Full - no_path,word:110,0.0
govreport_test_0918,AB2 - AB0,word:110,-0.03707888184046959
govreport_test_0918,TextRank - no_path,word:110,0.07865704363968057
govreport_test_0918,Lead - no_path,word:110,0.04321400566499703
govreport_test_0918,Full - no_path,word:260,0.0
govreport_test_0918,AB2 - AB0,word:260,-0.03895761049932117
govreport_test_0918,TextRank - no_path,word:260,0.1011525015472626
govreport_test_0918,Lead - no_path,word:260,0.04315560476489863
govreport_test_0919,Full - no_path,unit:10,-0.004663226873797333
govreport_test_0919,AB2 - AB0,unit:10,-0.051870155231851456
govreport_test_0919,TextRank - no_path,unit:10,0.02617673471175752
govreport_test_0919,Lead - no_path,unit:10,0.07150428637627432
govreport_test_0919,Full - no_path,unit:5,0.0
govreport_test_0919,AB2 - AB0,unit:5,-0.015500183175734122
govreport_test_0919,TextRank - no_path,unit:5,-0.03509964095520372
govreport_test_0919,Lead - no_path,unit:5,-0.025691943748398144
govreport_test_0919,Full - no_path,word:110,-0.003524229074889876
govreport_test_0919,AB2 - AB0,word:110,-0.051168021343922565
govreport_test_0919,TextRank - no_path,word:110,0.04217596326859836
govreport_test_0919,Lead - no_path,word:110,0.03380240033623387
govreport_test_0919,Full - no_path,word:260,0.0
govreport_test_0919,AB2 - AB0,word:260,-0.06686776305962058
govreport_test_0919,TextRank - no_path,word:260,0.05289260778011748
govreport_test_0919,Lead - no_path,word:260,0.131088387251999
govreport_test_0920,Full - no_path,unit:10,-0.005730976036111779
govreport_test_0920,AB2 - AB0,unit:10,0.00882794551276253
govreport_test_0920,TextRank - no_path,unit:10,-0.022884541286928628
govreport_test_0920,Lead - no_path,unit:10,0.15571850064819834
govreport_test_0920,Full - no_path,unit:5,0.00031796709561818237
govreport_test_0920,AB2 - AB0,unit:5,0.005616808820470137
govreport_test_0920,TextRank - no_path,unit:5,0.006600323986670681
govreport_test_0920,Lead - no_path,unit:5,0.09095773279688726
govreport_test_0920,Full - no_path,word:110,-0.007058823529411798
govreport_test_0920,AB2 - AB0,word:110,-0.016470588235294098
govreport_test_0920,TextRank - no_path,word:110,0.016470588235294098
govreport_test_0920,Lead - no_path,word:110,0.075056335107486
govreport_test_0920,Full - no_path,word:260,-0.049487899936553975
govreport_test_0920,AB2 - AB0,word:260,-0.030471520511361178
govreport_test_0920,TextRank - no_path,word:260,-0.033503883952538005
govreport_test_0920,Lead - no_path,word:260,0.18022473335460817
govreport_test_0921,Full - no_path,unit:10,0.0
govreport_test_0921,AB2 - AB0,unit:10,0.017393987624445786
govreport_test_0921,TextRank - no_path,unit:10,-0.09030096648703453
govreport_test_0921,Lead - no_path,unit:10,0.5009721837697817
govreport_test_0921,Full - no_path,unit:5,0.0
govreport_test_0921,AB2 - AB0,unit:5,0.05274230637506727
govreport_test_0921,TextRank - no_path,unit:5,-0.08975047555107979
govreport_test_0921,Lead - no_path,unit:5,0.26001804296743875
govreport_test_0921,Full - no_path,word:110,0.0
govreport_test_0921,AB2 - AB0,word:110,0.01082153941454965
govreport_test_0921,TextRank - no_path,word:110,-0.014095317842439448
govreport_test_0921,Lead - no_path,word:110,0.28977419456429315
govreport_test_0921,Full - no_path,word:260,0.0
govreport_test_0921,AB2 - AB0,word:260,0.0017996306844856036
govreport_test_0921,TextRank - no_path,word:260,-0.06783216783216782
govreport_test_0921,Lead - no_path,word:260,0.5286713286713287
govreport_test_0922,Full - no_path,unit:10,0.10146965243477471
govreport_test_0922,AB2 - AB0,unit:10,-0.0406377212843585
govreport_test_0922,TextRank - no_path,unit:10,0.03985894014487229
govreport_test_0922,Lead - no_path,unit:10,-0.00448181242524448
govreport_test_0922,Full - no_path,unit:5,-0.0030467236839241685
govreport_test_0922,AB2 - AB0,unit:5,0.021603734865585894
govreport_test_0922,TextRank - no_path,unit:5,0.004428775228920712
govreport_test_0922,Lead - no_path,unit:5,-0.052994942660915034
govreport_test_0922,Full - no_path,word:110,0.0
govreport_test_0922,AB2 - AB0,word:110,0.005048198202232429
govreport_test_0922,TextRank - no_path,word:110,0.022687799009179194
govreport_test_0922,Lead - no_path,word:110,-0.02355349977208701
govreport_test_0922,Full - no_path,word:260,0.0101054285623281
govreport_test_0922,AB2 - AB0,word:260,0.004303435558431573
govreport_test_0922,TextRank - no_path,word:260,0.017709943055526117
govreport_test_0922,Lead - no_path,word:260,0.011128897995773823
govreport_test_0923,Full - no_path,unit:10,0.0
govreport_test_0923,AB2 - AB0,unit:10,-0.0042348955392433885
govreport_test_0923,TextRank - no_path,unit:10,-0.018572467300024792
govreport_test_0923,Lead - no_path,unit:10,-0.023755528044669932
govreport_test_0923,Full - no_path,unit:5,-0.001318939807619629
govreport_test_0923,AB2 - AB0,unit:5,0.014664804469273762
govreport_test_0923,TextRank - no_path,unit:5,-0.08583457672600253
govreport_test_0923,Lead - no_path,unit:5,-0.06619541671417171
govreport_test_0923,Full - no_path,word:110,-0.02160240175771093
govreport_test_0923,AB2 - AB0,word:110,0.029357798165137616
govreport_test_0923,TextRank - no_path,word:110,-0.010781418459663433
govreport_test_0923,Lead - no_path,word:110,-0.010781418459663433
govreport_test_0923,Full - no_path,word:260,-0.008583690987124443
govreport_test_0923,AB2 - AB0,word:260,-0.011871848079753222
govreport_test_0923,TextRank - no_path,word:260,-0.005142814858665079
govreport_test_0923,Lead - no_path,word:260,-0.002861230329041481
govreport_test_0924,Full - no_path,unit:10,-0.008060287150555151
govreport_test_0924,AB2 - AB0,unit:10,0.008429737243296584
govreport_test_0924,TextRank - no_path,unit:10,0.02096965731181233
govreport_test_0924,Lead - no_path,unit:10,0.06962629569012546
govreport_test_0924,Full - no_path,unit:5,-0.0175298976167943
govreport_test_0924,AB2 - AB0,unit:5,-0.02332397118085236
govreport_test_0924,TextRank - no_path,unit:5,0.012727570448218872
govreport_test_0924,Lead - no_path,unit:5,0.05885581012484564
govreport_test_0924,Full - no_path,word:110,0.0
govreport_test_0924,AB2 - AB0,word:110,-0.023324003731840598
govreport_test_0924,TextRank - no_path,word:110,-0.015568941114512375
govreport_test_0924,Lead - no_path,word:110,0.04858299595141702
govreport_test_0924,Full - no_path,word:260,0.0
govreport_test_0924,AB2 - AB0,word:260,-0.02144318612909446
govreport_test_0924,TextRank - no_path,word:260,0.010372079750871566
govreport_test_0924,Lead - no_path,word:260,0.041297273033329585
govreport_test_0925,Full - no_path,unit:10,-0.016828840526102562
govreport_test_0925,AB2 - AB0,unit:10,0.01704768873673923
govreport_test_0925,TextRank - no_path,unit:10,-0.05500911167874489
govreport_test_0925,Lead - no_path,unit:10,0.0769372626468614
govreport_test_0925,Full - no_path,unit:5,0.0
govreport_test_0925,AB2 - AB0,unit:5,0.05426701975617787
govreport_test_0925,TextRank - no_path,unit:5,-0.04624163715072807
govreport_test_0925,Lead - no_path,unit:5,0.0012531328320802004
govreport_test_0925,Full - no_path,word:110,-0.014598540145985411
govreport_test_0925,AB2 - AB0,word:110,0.00015077471596704195
govreport_test_0925,TextRank - no_path,word:110,0.004174794128809611
govreport_test_0925,Lead - no_path,word:110,0.10922297806671336
govreport_test_0925,Full - no_path,word:260,-0.03457242996811344
govreport_test_0925,AB2 - AB0,word:260,-0.09666715607106152
govreport_test_0925,TextRank - no_path,word:260,-0.007396730899785903
govreport_test_0925,Lead - no_path,word:260,0.17677670720791866
govreport_test_0926,Full - no_path,unit:10,0.0
govreport_test_0926,AB2 - AB0,unit:10,0.011190555108354233
govreport_test_0926,TextRank - no_path,unit:10,0.02180388513417819
govreport_test_0926,Lead - no_path,unit:10,-0.04953408408866644
govreport_test_0926,Full - no_path,unit:5,0.0
govreport_test_0926,AB2 - AB0,unit:5,0.030992631122670172
govreport_test_0926,TextRank - no_path,unit:5,-0.017242882505865198
govreport_test_0926,Lead - no_path,unit:5,-0.028712919959048733
govreport_test_0926,Full - no_path,word:110,0.0
govreport_test_0926,AB2 - AB0,word:110,-0.019342051426476284
govreport_test_0926,TextRank - no_path,word:110,-0.00020192251489177526
govreport_test_0926,Lead - no_path,word:110,0.009787928221859712
govreport_test_0926,Full - no_path,word:260,0.0
govreport_test_0926,AB2 - AB0,word:260,-0.010231666837764775
govreport_test_0926,TextRank - no_path,word:260,0.06797385620915031
govreport_test_0926,Lead - no_path,word:260,0.0
govreport_test_0927,Full - no_path,unit:10,0.0
govreport_test_0927,AB2 - AB0,unit:10,0.0625999114790804
govreport_test_0927,TextRank - no_path,unit:10,-0.048986227902090895
govreport_test_0927,Lead - no_path,unit:10,0.2166122262293623
govreport_test_0927,Full - no_path,unit:5,0.0
govreport_test_0927,AB2 - AB0,unit:5,0.0852182774370826
govreport_test_0927,TextRank - no_path,unit:5,-0.07329681491692665
govreport_test_0927,Lead - no_path,unit:5,0.14327618991465338
govreport_test_0927,Full - no_path,word:110,0.0
govreport_test_0927,AB2 - AB0,word:110,-0.014224751066856306
govreport_test_0927,TextRank - no_path,word:110,0.051460367249840905
govreport_test_0927,Lead - no_path,word:110,0.13050400879348245
govreport_test_0927,Full - no_path,word:260,0.0
govreport_test_0927,AB2 - AB0,word:260,-0.01213290672999745
govreport_test_0927,TextRank - no_path,word:260,0.10093896713615025
govreport_test_0927,Lead - no_path,word:260,0.21224775553908248
govreport_test_0928,Full - no_path,unit:10,0.0
govreport_test_0928,AB2 - AB0,unit:10,-0.009068014992971996
govreport_test_0928,TextRank - no_path,unit:10,-0.01189063162356932
govreport_test_0928,Lead - no_path,unit:10,0.04702527516467786
govreport_test_0928,Full - no_path,unit:5,0.0
govreport_test_0928,AB2 - AB0,unit:5,-0.0008208298515850754
govreport_test_0928,TextRank - no_path,unit:5,-0.014446793516560946
govreport_test_0928,Lead - no_path,unit:5,0.03934191702432052
govreport_test_0928,Full - no_path,word:110,0.008264462809917328
govreport_test_0928,AB2 - AB0,word:110,-0.036424854606672774
govreport_test_0928,TextRank - no_path,word:110,0.028211406999285787
govreport_test_0928,Lead - no_path,word:110,0.0821760245377865
govreport_test_0928,Full - no_path,word:260,0.0034507271704037334
govreport_test_0928,AB2 - AB0,word:260,-0.005257263582079341
govreport_test_0928,TextRank - no_path,word:260,0.006279434850863408
govreport_test_0928,Lead - no_path,word:260,0.06158751962323383
govreport_test_0929,Full - no_path,unit:10,0.0
govreport_test_0929,AB2 - AB0,unit:10,-0.05858257591549401
govreport_test_0929,TextRank - no_path,unit:10,0.0396788622608337
govreport_test_0929,Lead - no_path,unit:10,-0.0016984907825254025
govreport_test_0929,Full - no_path,unit:5,0.0
govreport_test_0929,AB2 - AB0,unit:5,-0.04616719115629789
govreport_test_0929,TextRank - no_path,unit:5,0.004088668815731306
govreport_test_0929,Lead - no_path,unit:5,-0.010238051651309615
govreport_test_0929,Full - no_path,word:110,0.0
govreport_test_0929,AB2 - AB0,word:110,-0.05765440457383586
govreport_test_0929,TextRank - no_path,word:110,0.03252716438836313
govreport_test_0929,Lead - no_path,word:110,0.028630376605319433
govreport_test_0929,Full - no_path,word:260,0.0
govreport_test_0929,AB2 - AB0,word:260,-0.06740337799815688
govreport_test_0929,TextRank - no_path,word:260,0.023213308311830466
govreport_test_0929,Lead - no_path,word:260,0.020659029895483072
govreport_test_0930,Full - no_path,unit:10,0.0
govreport_test_0930,AB2 - AB0,unit:10,0.05645686245055331
govreport_test_0930,TextRank - no_path,unit:10,-0.04612181923377995
govreport_test_0930,Lead - no_path,unit:10,-0.006535724563106332
govreport_test_0930,Full - no_path,unit:5,0.0
govreport_test_0930,AB2 - AB0,unit:5,0.061481136469492284
govreport_test_0930,TextRank - no_path,unit:5,-0.07560389995431259
govreport_test_0930,Lead - no_path,unit:5,-0.04144970310249112
govreport_test_0930,Full - no_path,word:110,-0.0031583231583231647
govreport_test_0930,AB2 - AB0,word:110,0.01711840228245365
govreport_test_0930,TextRank - no_path,word:110,-0.0028571428571428636
govreport_test_0930,Lead - no_path,word:110,0.005551253311595672
govreport_test_0930,Full - no_path,word:260,0.0
govreport_test_0930,AB2 - AB0,word:260,-0.001769455796474223
govreport_test_0930,TextRank - no_path,word:260,-0.01528300153433329
govreport_test_0930,Lead - no_path,word:260,-0.0015676704226007532
govreport_test_0931,Full - no_path,unit:10,0.0
govreport_test_0931,AB2 - AB0,unit:10,-0.026167290223861495
govreport_test_0931,TextRank - no_path,unit:10,0.03385252942061964
govreport_test_0931,Lead - no_path,unit:10,0.022545219912468023
govreport_test_0931,Full - no_path,unit:5,0.0
govreport_test_0931,AB2 - AB0,unit:5,0.03378172271929117
govreport_test_0931,TextRank - no_path,unit:5,-0.030664146710711826
govreport_test_0931,Lead - no_path,unit:5,-0.04235058787208312
govreport_test_0931,Full - no_path,word:110,0.0
govreport_test_0931,AB2 - AB0,word:110,-0.018052612994350292
govreport_test_0931,TextRank - no_path,word:110,0.015665796344647487
govreport_test_0931,Lead - no_path,word:110,-0.007360665779234804
govreport_test_0931,Full - no_path,word:260,0.004352557127312251
govreport_test_0931,AB2 - AB0,word:260,-0.03244030050661298
govreport_test_0931,TextRank - no_path,word:260,0.05950791395621782
govreport_test_0931,Lead - no_path,word:260,0.038945924208733496
govreport_test_0932,Full - no_path,unit:10,0.0
govreport_test_0932,AB2 - AB0,unit:10,0.04134150138363832
govreport_test_0932,TextRank - no_path,unit:10,-0.047625842152933695
govreport_test_0932,Lead - no_path,unit:10,0.008499627338608151
govreport_test_0932,Full - no_path,unit:5,-0.06099095126953241
govreport_test_0932,AB2 - AB0,unit:5,-0.0027576815913004094
govreport_test_0932,TextRank - no_path,unit:5,-0.09695363748598995
govreport_test_0932,Lead - no_path,unit:5,-0.07772476337906709
govreport_test_0932,Full - no_path,word:110,0.0
govreport_test_0932,AB2 - AB0,word:110,0.002333411113703776
govreport_test_0932,TextRank - no_path,word:110,-0.021688818198701845
govreport_test_0932,Lead - no_path,word:110,0.00029080334423844945
govreport_test_0932,Full - no_path,word:260,-0.011904543135592277
govreport_test_0932,AB2 - AB0,word:260,-0.012744583289579614
govreport_test_0932,TextRank - no_path,word:260,-0.004776000510092221
govreport_test_0932,Lead - no_path,word:260,0.035405017392738936
govreport_test_0933,Full - no_path,unit:10,0.0
govreport_test_0933,AB2 - AB0,unit:10,0.0044631080628256825
govreport_test_0933,TextRank - no_path,unit:10,-0.0014743580245084043
govreport_test_0933,Lead - no_path,unit:10,0.10421105644442724
govreport_test_0933,Full - no_path,unit:5,0.0
govreport_test_0933,AB2 - AB0,unit:5,0.00281135285164294
govreport_test_0933,TextRank - no_path,unit:5,-0.03751456876456874
govreport_test_0933,Lead - no_path,unit:5,0.05428602081321751
govreport_test_0933,Full - no_path,word:110,0.07433412948658394
govreport_test_0933,AB2 - AB0,word:110,-0.03679083094555874
govreport_test_0933,TextRank - no_path,word:110,0.045222381635581066
govreport_test_0933,Lead - no_path,word:110,0.12372812876201783
govreport_test_0933,Full - no_path,word:260,0.0
govreport_test_0933,AB2 - AB0,word:260,0.022442987015859645
govreport_test_0933,TextRank - no_path,word:260,0.036812961443806386
govreport_test_0933,Lead - no_path,word:260,0.14798131091835823
govreport_test_0934,Full - no_path,unit:10,-4.095674967233287e-05
govreport_test_0934,AB2 - AB0,unit:10,-0.0014193548387096688
govreport_test_0934,TextRank - no_path,unit:10,0.009037456445993047
govreport_test_0934,Lead - no_path,unit:10,0.3336223878040425
govreport_test_0934,Full - no_path,unit:5,-0.025385157068512437
govreport_test_0934,AB2 - AB0,unit:5,0.008059840622051478
govreport_test_0934,TextRank - no_path,unit:5,-0.016374215210542054
govreport_test_0934,Lead - no_path,unit:5,0.23708155580494175
govreport_test_0934,Full - no_path,word:110,-0.03316950747673325
govreport_test_0934,AB2 - AB0,word:110,0.0064855426445216136
govreport_test_0934,TextRank - no_path,word:110,-0.030116072362229435
govreport_test_0934,Lead - no_path,word:110,0.15614346962250344
govreport_test_0934,Full - no_path,word:260,-0.015243626917132713
govreport_test_0934,AB2 - AB0,word:260,-0.015267082263781928
govreport_test_0934,TextRank - no_path,word:260,0.011950439831940274
govreport_test_0934,Lead - no_path,word:260,0.317306796113538
govreport_test_0935,Full - no_path,unit:10,0.0
govreport_test_0935,AB2 - AB0,unit:10,0.03555917212938298
govreport_test_0935,TextRank - no_path,unit:10,-0.025247948287334843
govreport_test_0935,Lead - no_path,unit:10,0.007567691624549067
govreport_test_0935,Full - no_path,unit:5,0.0
govreport_test_0935,AB2 - AB0,unit:5,0.014289886515353789
govreport_test_0935,TextRank - no_path,unit:5,-0.0713372663207338
govreport_test_0935,Lead - no_path,unit:5,0.029934144294685522
govreport_test_0935,Full - no_path,word:110,0.020592020592020616
govreport_test_0935,AB2 - AB0,word:110,-0.010498348127214091
govreport_test_0935,TextRank - no_path,word:110,-0.015444015444015427
govreport_test_0935,Lead - no_path,word:110,0.06949806949806953
govreport_test_0935,Full - no_path,word:260,0.0
govreport_test_0935,AB2 - AB0,word:260,0.03448275862068961
govreport_test_0935,TextRank - no_path,word:260,-0.0017009640341119903
govreport_test_0935,Lead - no_path,word:260,0.017942025959564317
govreport_test_0936,Full - no_path,unit:10,0.0018750170112430131
govreport_test_0936,AB2 - AB0,unit:10,0.0021609201197870243
govreport_test_0936,TextRank - no_path,unit:10,0.021812932829881976
govreport_test_0936,Lead - no_path,unit:10,0.016950791144339533
govreport_test_0936,Full - no_path,unit:5,-0.03501737503341351
govreport_test_0936,AB2 - AB0,unit:5,0.0383846817511341
govreport_test_0936,TextRank - no_path,unit:5,-0.0383846817511341
govreport_test_0936,Lead - no_path,unit:5,-0.02140391945019654
govreport_test_0936,Full - no_path,word:110,0.0
govreport_test_0936,AB2 - AB0,word:110,-0.004398142337140698
govreport_test_0936,TextRank - no_path,word:110,-0.025839793281653742
govreport_test_0936,Lead - no_path,word:110,0.0439276485788114
govreport_test_0936,Full - no_path,word:260,0.001333054645950904
govreport_test_0936,AB2 - AB0,word:260,-0.035888842340455224
govreport_test_0936,TextRank - no_path,word:260,0.020575813218330158
govreport_test_0936,Lead - no_path,word:260,0.033848248661846186
govreport_test_0937,Full - no_path,unit:10,0.0
govreport_test_0937,AB2 - AB0,unit:10,-0.0004304546677428023
govreport_test_0937,TextRank - no_path,unit:10,0.020201459782019038
govreport_test_0937,Lead - no_path,unit:10,0.32243365412656755
govreport_test_0937,Full - no_path,unit:5,0.0
govreport_test_0937,AB2 - AB0,unit:5,-0.003893251697058453
govreport_test_0937,TextRank - no_path,unit:5,0.013788291580835943
govreport_test_0937,Lead - no_path,unit:5,0.19146019410943466
govreport_test_0937,Full - no_path,word:110,0.0
govreport_test_0937,AB2 - AB0,word:110,-0.0061319383900028945
govreport_test_0937,TextRank - no_path,word:110,0.011495978552278796
govreport_test_0937,Lead - no_path,word:110,0.23365957446808516
govreport_test_0937,Full - no_path,word:260,0.0
govreport_test_0937,AB2 - AB0,word:260,-0.03831417624521072
govreport_test_0937,TextRank - no_path,word:260,0.030534351145038136
govreport_test_0937,Lead - no_path,word:260,0.2955391670620031
govreport_test_0938,Full - no_path,unit:10,0.0
govreport_test_0938,AB2 - AB0,unit:10,-0.014255105681345553
govreport_test_0938,TextRank - no_path,unit:10,-0.01879836472477736
govreport_test_0938,Lead - no_path,unit:10,0.05883696291055032
govreport_test_0938,Full - no_path,unit:5,0.0
govreport_test_0938,AB2 - AB0,unit:5,0.002319565649961608
govreport_test_0938,TextRank - no_path,unit:5,-0.013496271167859855
govreport_test_0938,Lead - no_path,unit:5,0.040675261801918494
govreport_test_0938,Full - no_path,word:110,0.0
govreport_test_0938,AB2 - AB0,word:110,-0.054133028423593535
govreport_test_0938,TextRank - no_path,word:110,0.020859424485817485
govreport_test_0938,Lead - no_path,word:110,0.04130235463913945
govreport_test_0938,Full - no_path,word:260,0.0
govreport_test_0938,AB2 - AB0,word:260,-0.08283438216143463
govreport_test_0938,TextRank - no_path,word:260,0.05542233363686164
govreport_test_0938,Lead - no_path,word:260,0.08820302680238601
govreport_test_0939,Full - no_path,unit:10,0.018885241272194597
govreport_test_0939,AB2 - AB0,unit:10,0.0501905561656224
govreport_test_0939,TextRank - no_path,unit:10,0.02816901408450706
govreport_test_0939,Lead - no_path,unit:10,0.15276995305164315
govreport_test_0939,Full - no_path,unit:5,0.0
govreport_test_0939,AB2 - AB0,unit:5,-0.12855381923734538
govreport_test_0939,TextRank - no_path,unit:5,0.04681124497991962
govreport_test_0939,Lead - no_path,unit:5,0.5483994802740373
govreport_test_0939,Full - no_path,word:110,-0.03791816606690651
govreport_test_0939,AB2 - AB0,word:110,-0.13008130081300823
govreport_test_0939,TextRank - no_path,word:110,0.0015264642442343046
govreport_test_0939,Lead - no_path,word:110,0.2711775504851823
govreport_test_0939,Full - no_path,word:260,0.0
govreport_test_0939,AB2 - AB0,word:260,0.10929108485499461
govreport_test_0939,TextRank - no_path,word:260,0.03630936638077603
govreport_test_0939,Lead - no_path,word:260,0.1347307663097137
govreport_test_0940,Full - no_path,unit:10,0.030070082202849874
govreport_test_0940,AB2 - AB0,unit:10,0.036417491166720634
govreport_test_0940,TextRank - no_path,unit:10,-0.016949574748229584
govreport_test_0940,Lead - no_path,unit:10,0.006110102843315202
govreport_test_0940,Full - no_path,unit:5,0.03957733330685048
govreport_test_0940,AB2 - AB0,unit:5,0.06365647084209959
govreport_test_0940,TextRank - no_path,unit:5,-0.003943797076488731
govreport_test_0940,Lead - no_path,unit:5,-0.0294222931897285
govreport_test_0940,Full - no_path,word:110,0.03520270809990439
govreport_test_0940,AB2 - AB0,word:110,-0.03485477178423238
govreport_test_0940,TextRank - no_path,word:110,0.04128673838217409
govreport_test_0940,Lead - no_path,word:110,-0.010208766458766463
govreport_test_0940,Full - no_path,word:260,-0.0037587180929110897
govreport_test_0940,AB2 - AB0,word:260,-0.013531736655913895
govreport_test_0940,TextRank - no_path,word:260,0.014761048304213792
govreport_test_0940,Lead - no_path,word:260,-0.0017985611510791255
govreport_test_0941,Full - no_path,unit:10,0.0
govreport_test_0941,AB2 - AB0,unit:10,0.005564108797234124
govreport_test_0941,TextRank - no_path,unit:10,-0.003500418498173591
govreport_test_0941,Lead - no_path,unit:10,0.057800017818430166
govreport_test_0941,Full - no_path,unit:5,-0.04494253282286517
govreport_test_0941,AB2 - AB0,unit:5,0.04569259286240421
govreport_test_0941,TextRank - no_path,unit:5,-0.034654339709975446
govreport_test_0941,Lead - no_path,unit:5,-0.044924937411748384
govreport_test_0941,Full - no_path,word:110,0.0
govreport_test_0941,AB2 - AB0,word:110,0.04182593387990689
govreport_test_0941,TextRank - no_path,word:110,-0.02044269345148053
govreport_test_0941,Lead - no_path,word:110,0.006261020559777314
govreport_test_0941,Full - no_path,word:260,-0.00949335912661095
govreport_test_0941,AB2 - AB0,word:260,0.010243917673881109
govreport_test_0941,TextRank - no_path,word:260,0.002731579748694618
govreport_test_0941,Lead - no_path,word:260,0.11233211233211232
govreport_test_0942,Full - no_path,unit:10,-0.020172931514778752
govreport_test_0942,AB2 - AB0,unit:10,0.001515151515151525
govreport_test_0942,TextRank - no_path,unit:10,0.009841685993748073
govreport_test_0942,Lead - no_path,unit:10,0.1014362171805453
govreport_test_0942,Full - no_path,unit:5,-0.009858161645189184
govreport_test_0942,AB2 - AB0,unit:5,0.020353665972791674
govreport_test_0942,TextRank - no_path,unit:5,-0.0070072963092540075
govreport_test_0942,Lead - no_path,unit:5,0.06456391633017583
govreport_test_0942,Full - no_path,word:110,-0.01826484018264843
govreport_test_0942,AB2 - AB0,word:110,-0.06794187703477181
govreport_test_0942,TextRank - no_path,word:110,0.059893629248821856
govreport_test_0942,Lead - no_path,word:110,0.0091324200913242
govreport_test_0942,Full - no_path,word:260,-0.007515103461946171
govreport_test_0942,AB2 - AB0,word:260,-0.041155650197116644
govreport_test_0942,TextRank - no_path,word:260,0.0586736390903069
govreport_test_0942,Lead - no_path,word:260,0.10921889978402224
govreport_test_0943,Full - no_path,unit:10,-0.010572842227847767
govreport_test_0943,AB2 - AB0,unit:10,0.03367135386289338
govreport_test_0943,TextRank - no_path,unit:10,-0.030607685433422682
govreport_test_0943,Lead - no_path,unit:10,-0.08158329518952026
govreport_test_0943,Full - no_path,unit:5,-0.03814537902388365
govreport_test_0943,AB2 - AB0,unit:5,0.03178559066409531
govreport_test_0943,TextRank - no_path,unit:5,-0.05170188222217792
govreport_test_0943,Lead - no_path,unit:5,-0.07744749719556704
govreport_test_0943,Full - no_path,word:110,0.0
govreport_test_0943,AB2 - AB0,word:110,-0.011703772418058117
govreport_test_0943,TextRank - no_path,word:110,-0.05421118994974358
govreport_test_0943,Lead - no_path,word:110,-0.036070600380582574
govreport_test_0943,Full - no_path,word:260,0.0
govreport_test_0943,AB2 - AB0,word:260,0.005808325266214942
govreport_test_0943,TextRank - no_path,word:260,0.019128901005690313
govreport_test_0943,Lead - no_path,word:260,-0.018970482327611726
govreport_test_0944,Full - no_path,unit:10,-0.001994870333428267
govreport_test_0944,AB2 - AB0,unit:10,-0.027059804441749435
govreport_test_0944,TextRank - no_path,unit:10,-0.015537190082644592
govreport_test_0944,Lead - no_path,unit:10,0.09496408434386347
govreport_test_0944,Full - no_path,unit:5,-0.0016219751471550081
govreport_test_0944,AB2 - AB0,unit:5,0.01849444616389831
govreport_test_0944,TextRank - no_path,unit:5,-0.03412045768892241
govreport_test_0944,Lead - no_path,unit:5,0.004570133915928309
govreport_test_0944,Full - no_path,word:110,0.0030981421439967155
govreport_test_0944,AB2 - AB0,word:110,-0.04000054823434275
govreport_test_0944,TextRank - no_path,word:110,0.024095517472080705
govreport_test_0944,Lead - no_path,word:110,0.05582266196009723
govreport_test_0944,Full - no_path,word:260,0.00831202046035806
govreport_test_0944,AB2 - AB0,word:260,-0.054288816503800186
govreport_test_0944,TextRank - no_path,word:260,0.023965141612200452
govreport_test_0944,Lead - no_path,word:260,0.08903539653075598
govreport_test_0945,Full - no_path,unit:10,-0.00758670641939127
govreport_test_0945,AB2 - AB0,unit:10,-0.010099130943205664
govreport_test_0945,TextRank - no_path,unit:10,0.0028029039702191227
govreport_test_0945,Lead - no_path,unit:10,0.02282243875298509
govreport_test_0945,Full - no_path,unit:5,0.0
govreport_test_0945,AB2 - AB0,unit:5,-0.02079588991855237
govreport_test_0945,TextRank - no_path,unit:5,0.018180099139619377
govreport_test_0945,Lead - no_path,unit:5,-0.0069688282894383585
govreport_test_0945,Full - no_path,word:110,0.00285203687537422
govreport_test_0945,AB2 - AB0,word:110,-0.018181818181818174
govreport_test_0945,TextRank - no_path,word:110,0.003199926649245871
govreport_test_0945,Lead - no_path,word:110,0.03630862329803329
govreport_test_0945,Full - no_path,word:260,-0.005325522566901858
govreport_test_0945,AB2 - AB0,word:260,-0.020345314564256756
govreport_test_0945,TextRank - no_path,word:260,0.002882685641306365
govreport_test_0945,Lead - no_path,word:260,0.048463235516334746
govreport_test_0946,Full - no_path,unit:10,0.0
govreport_test_0946,AB2 - AB0,unit:10,-0.0051681972337196125
govreport_test_0946,TextRank - no_path,unit:10,-0.04305955602106426
govreport_test_0946,Lead - no_path,unit:10,-0.025708607621135415
govreport_test_0946,Full - no_path,unit:5,-0.028396537635059504
govreport_test_0946,AB2 - AB0,unit:5,0.002347151954491658
govreport_test_0946,TextRank - no_path,unit:5,-0.04958537352977775
govreport_test_0946,Lead - no_path,unit:5,-0.03870262685681136
govreport_test_0946,Full - no_path,word:110,0.012142839594133106
govreport_test_0946,AB2 - AB0,word:110,-0.012262071729112409
govreport_test_0946,TextRank - no_path,word:110,0.040035554238731896
govreport_test_0946,Lead - no_path,word:110,0.019992910315490955
govreport_test_0946,Full - no_path,word:260,-0.001717988865692438
govreport_test_0946,AB2 - AB0,word:260,0.0020898641588296407
govreport_test_0946,TextRank - no_path,word:260,0.00740303983228513
govreport_test_0946,Lead - no_path,word:260,-0.02050713291579681
govreport_test_0947,Full - no_path,unit:10,-0.021280124890233204
govreport_test_0947,AB2 - AB0,unit:10,0.04087817542052871
govreport_test_0947,TextRank - no_path,unit:10,-0.0490912611690503
govreport_test_0947,Lead - no_path,unit:10,0.05796389274650146
govreport_test_0947,Full - no_path,unit:5,0.0
govreport_test_0947,AB2 - AB0,unit:5,0.016593334832086165
govreport_test_0947,TextRank - no_path,unit:5,-0.03419546529240776
govreport_test_0947,Lead - no_path,unit:5,0.057466517493999336
govreport_test_0947,Full - no_path,word:110,-0.0043522611356681395
govreport_test_0947,AB2 - AB0,word:110,-0.03913014457541819
govreport_test_0947,TextRank - no_path,word:110,-0.00692041522491349
govreport_test_0947,Lead - no_path,word:110,0.08813328799727985
govreport_test_0947,Full - no_path,word:260,-0.017345265535324783
govreport_test_0947,AB2 - AB0,word:260,0.037328094302554016
govreport_test_0947,TextRank - no_path,word:260,-0.017345265535324783
govreport_test_0947,Lead - no_path,word:260,0.08134563086124633
govreport_test_0948,Full - no_path,unit:10,0.0
govreport_test_0948,AB2 - AB0,unit:10,-0.002741774675972114
govreport_test_0948,TextRank - no_path,unit:10,0.027218098267939195
govreport_test_0948,Lead - no_path,unit:10,-0.009783547429358691
govreport_test_0948,Full - no_path,unit:5,0.0
govreport_test_0948,AB2 - AB0,unit:5,0.03166173679621112
govreport_test_0948,TextRank - no_path,unit:5,-0.037308637308637316
govreport_test_0948,Lead - no_path,unit:5,-0.02513598237736167
govreport_test_0948,Full - no_path,word:110,0.0
govreport_test_0948,AB2 - AB0,word:110,-0.010575078929509305
govreport_test_0948,TextRank - no_path,word:110,0.01623243142230482
govreport_test_0948,Lead - no_path,word:110,0.014064697609001392
govreport_test_0948,Full - no_path,word:260,0.0
govreport_test_0948,AB2 - AB0,word:260,-0.022915804509471477
govreport_test_0948,TextRank - no_path,word:260,0.04144187540141295
govreport_test_0948,Lead - no_path,word:260,0.01157407407407407
govreport_test_0949,Full - no_path,unit:10,0.018152955936195814
govreport_test_0949,AB2 - AB0,unit:10,0.031819053095648864
govreport_test_0949,TextRank - no_path,unit:10,-0.01663266297483723
govreport_test_0949,Lead - no_path,unit:10,0.030198477006987662
govreport_test_0949,Full - no_path,unit:5,-0.010944799080392309
govreport_test_0949,AB2 - AB0,unit:5,0.04563233376792698
govreport_test_0949,TextRank - no_path,unit:5,-0.026851582537877755
govreport_test_0949,Lead - no_path,unit:5,0.01024575041204398
govreport_test_0949,Full - no_path,word:110,0.0
govreport_test_0949,AB2 - AB0,word:110,-0.014881731879795468
govreport_test_0949,TextRank - no_path,word:110,0.011473290351305343
govreport_test_0949,Lead - no_path,word:110,0.02557316589049341
govreport_test_0949,Full - no_path,word:260,0.036641654418400754
govreport_test_0949,AB2 - AB0,word:260,-0.011739947777672205
govreport_test_0949,TextRank - no_path,word:260,0.028931076469276784
govreport_test_0949,Lead - no_path,word:260,0.057056825861198784
govreport_test_0950,Full - no_path,unit:10,-0.0069635170797547885
govreport_test_0950,AB2 - AB0,unit:10,0.005205247945972352
govreport_test_0950,TextRank - no_path,unit:10,-0.029042633915081356
govreport_test_0950,Lead - no_path,unit:10,0.12726541034109512
govreport_test_0950,Full - no_path,unit:5,-0.030066057445077538
govreport_test_0950,AB2 - AB0,unit:5,-0.037484049208964615
govreport_test_0950,TextRank - no_path,unit:5,-0.02637800174194352
govreport_test_0950,Lead - no_path,unit:5,-0.033149836213121814
govreport_test_0950,Full - no_path,word:110,-0.0076045627376425395
govreport_test_0950,AB2 - AB0,word:110,-0.01794709718199934
govreport_test_0950,TextRank - no_path,word:110,0.015016604899648678
govreport_test_0950,Lead - no_path,word:110,0.014441956472748735
govreport_test_0950,Full - no_path,word:260,-0.014676555045560369
govreport_test_0950,AB2 - AB0,word:260,-0.03977669698757996
govreport_test_0950,TextRank - no_path,word:260,0.008501594048884148
govreport_test_0950,Lead - no_path,word:260,0.08197646417273166
govreport_test_0951,Full - no_path,unit:10,0.0
govreport_test_0951,AB2 - AB0,unit:10,0.006319838798314714
govreport_test_0951,TextRank - no_path,unit:10,0.029766676393607944
govreport_test_0951,Lead - no_path,unit:10,0.007989814309572213
govreport_test_0951,Full - no_path,unit:5,-0.004964314533950381
govreport_test_0951,AB2 - AB0,unit:5,-0.002945567526126791
govreport_test_0951,TextRank - no_path,unit:5,-0.05454002389486262
govreport_test_0951,Lead - no_path,unit:5,-0.02994949711310077
govreport_test_0951,Full - no_path,word:110,0.0054083961546441545
govreport_test_0951,AB2 - AB0,word:110,-0.023459945299216037
govreport_test_0951,TextRank - no_path,word:110,0.04972390934707406
govreport_test_0951,Lead - no_path,word:110,0.028909329829172145
govreport_test_0951,Full - no_path,word:260,0.004587728906054855
govreport_test_0951,AB2 - AB0,word:260,-0.050181587594396754
govreport_test_0951,TextRank - no_path,word:260,0.05450327268892563
govreport_test_0951,Lead - no_path,word:260,0.03043325080708753
govreport_test_0952,Full - no_path,unit:10,0.0
govreport_test_0952,AB2 - AB0,unit:10,-0.010062822400287746
govreport_test_0952,TextRank - no_path,unit:10,0.016308355519528445
govreport_test_0952,Lead - no_path,unit:10,-0.038206498290796836
govreport_test_0952,Full - no_path,unit:5,0.0
govreport_test_0952,AB2 - AB0,unit:5,-0.00792540792540794
govreport_test_0952,TextRank - no_path,unit:5,0.0001799007444168721
govreport_test_0952,Lead - no_path,unit:5,-0.05353228377839776
govreport_test_0952,Full - no_path,word:110,0.0
govreport_test_0952,AB2 - AB0,word:110,-0.018791946308724855
govreport_test_0952,TextRank - no_path,word:110,0.03991178759837412
govreport_test_0952,Lead - no_path,word:110,-0.008345585055781354
govreport_test_0952,Full - no_path,word:260,0.0
govreport_test_0952,AB2 - AB0,word:260,-0.02656374700718278
govreport_test_0952,TextRank - no_path,word:260,0.0421469382067208
govreport_test_0952,Lead - no_path,word:260,-0.01156836621062679
govreport_test_0953,Full - no_path,unit:10,0.0
govreport_test_0953,AB2 - AB0,unit:10,0.03427830962077538
govreport_test_0953,TextRank - no_path,unit:10,0.002906599930930426
govreport_test_0953,Lead - no_path,unit:10,0.05076399575196691
govreport_test_0953,Full - no_path,unit:5,0.0
govreport_test_0953,AB2 - AB0,unit:5,-0.0027122452254854934
govreport_test_0953,TextRank - no_path,unit:5,0.037354654995122194
govreport_test_0953,Lead - no_path,unit:5,0.10529139490847886
govreport_test_0953,Full - no_path,word:110,0.0
govreport_test_0953,AB2 - AB0,word:110,-0.005724582278383766
govreport_test_0953,TextRank - no_path,word:110,0.03036677454153182
govreport_test_0953,Lead - no_path,word:110,0.11111111111111109
govreport_test_0953,Full - no_path,word:260,0.0
govreport_test_0953,AB2 - AB0,word:260,-0.028154897494305192
govreport_test_0953,TextRank - no_path,word:260,-0.04018893939155643
govreport_test_0953,Lead - no_path,word:260,0.028612104313596898
govreport_test_0954,Full - no_path,unit:10,-0.024573536973313242
govreport_test_0954,AB2 - AB0,unit:10,0.03507658458153501
govreport_test_0954,TextRank - no_path,unit:10,0.004638236581790939
govreport_test_0954,Lead - no_path,unit:10,0.06755113793912504
govreport_test_0954,Full - no_path,unit:5,0.0
govreport_test_0954,AB2 - AB0,unit:5,0.012345679012345678
govreport_test_0954,TextRank - no_path,unit:5,-0.0040108800885159945
govreport_test_0954,Lead - no_path,unit:5,0.0512586556008299
govreport_test_0954,Full - no_path,word:110,0.0
govreport_test_0954,AB2 - AB0,word:110,0.00028706956652495286
govreport_test_0954,TextRank - no_path,word:110,0.010313793929439138
govreport_test_0954,Lead - no_path,word:110,0.0950457857187085
govreport_test_0954,Full - no_path,word:260,0.006564551422319487
govreport_test_0954,AB2 - AB0,word:260,0.011351800712831928
govreport_test_0954,TextRank - no_path,word:260,0.04987912434426153
govreport_test_0954,Lead - no_path,word:260,0.22100656455142237
govreport_test_0955,Full - no_path,unit:10,0.0
govreport_test_0955,AB2 - AB0,unit:10,-0.026793463083948865
govreport_test_0955,TextRank - no_path,unit:10,0.01417635932186112
govreport_test_0955,Lead - no_path,unit:10,-0.05868037766229964
govreport_test_0955,Full - no_path,unit:5,0.0
govreport_test_0955,AB2 - AB0,unit:5,-0.08777239709443099
govreport_test_0955,TextRank - no_path,unit:5,0.06634382566585956
govreport_test_0955,Lead - no_path,unit:5,-0.015168779376157238
govreport_test_0955,Full - no_path,word:110,0.0
govreport_test_0955,AB2 - AB0,word:110,-0.028320945302077377
govreport_test_0955,TextRank - no_path,word:110,0.02291515406269501
govreport_test_0955,Lead - no_path,word:110,-0.014963633816092892
govreport_test_0955,Full - no_path,word:260,0.0
govreport_test_0955,AB2 - AB0,word:260,-0.026219121760523045
govreport_test_0955,TextRank - no_path,word:260,0.006856424671907196
govreport_test_0955,Lead - no_path,word:260,-0.019499058569808297
govreport_test_0956,Full - no_path,unit:10,0.0
govreport_test_0956,AB2 - AB0,unit:10,-0.06837226548016315
govreport_test_0956,TextRank - no_path,unit:10,0.06685198353696642
govreport_test_0956,Lead - no_path,unit:10,0.13869060434919434
govreport_test_0956,Full - no_path,unit:5,0.0
govreport_test_0956,AB2 - AB0,unit:5,-0.03259651307596509
govreport_test_0956,TextRank - no_path,unit:5,0.046560909374211645
govreport_test_0956,Lead - no_path,unit:5,0.05324331745559352
govreport_test_0956,Full - no_path,word:110,0.0
govreport_test_0956,AB2 - AB0,word:110,-0.0761904761904762
govreport_test_0956,TextRank - no_path,word:110,0.0461102152032475
govreport_test_0956,Lead - no_path,word:110,0.12678053211049822
govreport_test_0956,Full - no_path,word:260,0.0
govreport_test_0956,AB2 - AB0,word:260,-0.09431907209600066
govreport_test_0956,TextRank - no_path,word:260,0.06950107962471103
govreport_test_0956,Lead - no_path,word:260,0.17429061131213103
govreport_test_0957,Full - no_path,unit:10,0.0
govreport_test_0957,AB2 - AB0,unit:10,-0.032253968253968285
govreport_test_0957,TextRank - no_path,unit:10,-0.08074474769827608
govreport_test_0957,Lead - no_path,unit:10,0.09109962827238938
govreport_test_0957,Full - no_path,unit:5,0.0
govreport_test_0957,AB2 - AB0,unit:5,0.028659078810928246
govreport_test_0957,TextRank - no_path,unit:5,-0.025751218609242926
govreport_test_0957,Lead - no_path,unit:5,0.1894874594813323
govreport_test_0957,Full - no_path,word:110,0.0
govreport_test_0957,AB2 - AB0,word:110,-0.015851011738549275
govreport_test_0957,TextRank - no_path,word:110,0.015552864228412275
govreport_test_0957,Lead - no_path,word:110,0.13772329269934236
govreport_test_0957,Full - no_path,word:260,0.0
govreport_test_0957,AB2 - AB0,word:260,-0.02484289903644743
govreport_test_0957,TextRank - no_path,word:260,0.03413444064734206
govreport_test_0957,Lead - no_path,word:260,0.18377386094790985
govreport_test_0958,Full - no_path,unit:10,0.0
govreport_test_0958,AB2 - AB0,unit:10,0.017844919154962807
govreport_test_0958,TextRank - no_path,unit:10,-0.09048562128127366
govreport_test_0958,Lead - no_path,unit:10,0.3744660814583123
govreport_test_0958,Full - no_path,unit:5,0.0
govreport_test_0958,AB2 - AB0,unit:5,0.014793715485552472
govreport_test_0958,TextRank - no_path,unit:5,-0.04602393010444565
govreport_test_0958,Lead - no_path,unit:5,0.2768070697853129
govreport_test_0958,Full - no_path,word:110,0.0
govreport_test_0958,AB2 - AB0,word:110,-0.004576659038901643
govreport_test_0958,TextRank - no_path,word:110,-0.02315496901873501
govreport_test_0958,Lead - no_path,word:110,0.30003700942958567
govreport_test_0958,Full - no_path,word:260,0.0
govreport_test_0958,AB2 - AB0,word:260,-0.0009150868469214868
govreport_test_0958,TextRank - no_path,word:260,-0.02238247617293615
govreport_test_0958,Lead - no_path,word:260,0.41356128856128865
govreport_test_0959,Full - no_path,unit:10,0.010290001090843187
govreport_test_0959,AB2 - AB0,unit:10,-0.01282752573230056
govreport_test_0959,TextRank - no_path,unit:10,-0.02744546921409513
govreport_test_0959,Lead - no_path,unit:10,-0.03470097569143185
govreport_test_0959,Full - no_path,unit:5,0.0
govreport_test_0959,AB2 - AB0,unit:5,0.03830439462722887
govreport_test_0959,TextRank - no_path,unit:5,-0.0498040881839211
govreport_test_0959,Lead - no_path,unit:5,-0.017581367928928338
govreport_test_0959,Full - no_path,word:110,-0.009390971439939999
govreport_test_0959,AB2 - AB0,word:110,-0.006263965320458892
govreport_test_0959,TextRank - no_path,word:110,0.045707120772895085
govreport_test_0959,Lead - no_path,word:110,0.04657887148974242
govreport_test_0959,Full - no_path,word:260,-0.009852216748768516
govreport_test_0959,AB2 - AB0,word:260,-0.012461462007208268
govreport_test_0959,TextRank - no_path,word:260,-0.03927635179903782
govreport_test_0959,Lead - no_path,word:260,-0.011043058377551401
govreport_test_0960,Full - no_path,unit:10,0.0
govreport_test_0960,AB2 - AB0,unit:10,-0.10565784121257138
govreport_test_0960,TextRank - no_path,unit:10,0.09213652528139776
govreport_test_0960,Lead - no_path,unit:10,0.04939853991507834
govreport_test_0960,Full - no_path,unit:5,0.0
govreport_test_0960,AB2 - AB0,unit:5,-0.07695207766782194
govreport_test_0960,TextRank - no_path,unit:5,-0.00330983493810183
govreport_test_0960,Lead - no_path,unit:5,0.012271150977391149
govreport_test_0960,Full - no_path,word:110,0.0
govreport_test_0960,AB2 - AB0,word:110,-0.024732413168371103
govreport_test_0960,TextRank - no_path,word:110,0.0
govreport_test_0960,Lead - no_path,word:110,0.014306372694677189
govreport_test_0960,Full - no_path,word:260,0.0
govreport_test_0960,AB2 - AB0,word:260,-0.0976843848550758
govreport_test_0960,TextRank - no_path,word:260,0.11869325852688428
govreport_test_0960,Lead - no_path,word:260,0.05597548849204104
govreport_test_0961,Full - no_path,unit:10,0.0
govreport_test_0961,AB2 - AB0,unit:10,-0.010493969611212961
govreport_test_0961,TextRank - no_path,unit:10,0.010493969611212961
govreport_test_0961,Lead - no_path,unit:10,-0.04954850229236221
govreport_test_0961,Full - no_path,unit:5,0.0
govreport_test_0961,AB2 - AB0,unit:5,-0.013889790355033432
govreport_test_0961,TextRank - no_path,unit:5,0.013889790355033432
govreport_test_0961,Lead - no_path,unit:5,-0.03963133640552996
govreport_test_0961,Full - no_path,word:110,0.0
govreport_test_0961,AB2 - AB0,word:110,-0.06895059502344034
govreport_test_0961,TextRank - no_path,word:110,0.03490804183195095
govreport_test_0961,Lead - no_path,word:110,-0.006808633927277985
govreport_test_0961,Full - no_path,word:260,0.012720612720612756
govreport_test_0961,AB2 - AB0,word:260,-0.04155844155844157
govreport_test_0961,TextRank - no_path,word:260,0.004643025368413961
govreport_test_0961,Lead - no_path,word:260,-0.012920412920412905
govreport_test_0962,Full - no_path,unit:10,-0.00130951379795044
govreport_test_0962,AB2 - AB0,unit:10,0.04421055869810153
govreport_test_0962,TextRank - no_path,unit:10,-0.04724105532204828
govreport_test_0962,Lead - no_path,unit:10,-0.08207035802236384
govreport_test_0962,Full - no_path,unit:5,-0.04722809946465492
govreport_test_0962,AB2 - AB0,unit:5,0.04720084576992106
govreport_test_0962,TextRank - no_path,unit:5,-0.06971775263986721
govreport_test_0962,Lead - no_path,unit:5,-0.08404580015273573
govreport_test_0962,Full - no_path,word:110,0.00432552712273751
govreport_test_0962,AB2 - AB0,word:110,0.03741543671695009
govreport_test_0962,TextRank - no_path,word:110,0.008857844871164158
govreport_test_0962,Lead - no_path,word:110,-0.009627961249355513
govreport_test_0962,Full - no_path,word:260,-0.03557312252964431
govreport_test_0962,AB2 - AB0,word:260,0.05577497870304743
govreport_test_0962,TextRank - no_path,word:260,-0.031620553359683834
govreport_test_0962,Lead - no_path,word:260,-0.05151216010051157
govreport_test_0963,Full - no_path,unit:10,-0.012181077451805994
govreport_test_0963,AB2 - AB0,unit:10,-0.052632154854522994
govreport_test_0963,TextRank - no_path,unit:10,0.01771460591057436
govreport_test_0963,Lead - no_path,unit:10,0.12051273051721945
govreport_test_0963,Full - no_path,unit:5,0.003581921656564735
govreport_test_0963,AB2 - AB0,unit:5,0.011338495575221236
govreport_test_0963,TextRank - no_path,unit:5,-0.0063149713397454565
govreport_test_0963,Lead - no_path,unit:5,0.02358097523580971
govreport_test_0963,Full - no_path,word:110,0.018369175627240164
govreport_test_0963,AB2 - AB0,word:110,-0.06451612903225803
govreport_test_0963,TextRank - no_path,word:110,0.01528776978417265
govreport_test_0963,Lead - no_path,word:110,0.06854838709677422
govreport_test_0963,Full - no_path,word:260,-0.005392127731225604
govreport_test_0963,AB2 - AB0,word:260,-0.04513399153737657
govreport_test_0963,TextRank - no_path,word:260,0.032088199778386534
govreport_test_0963,Lead - no_path,word:260,0.15189873417721517
govreport_test_0964,Full - no_path,unit:10,0.0
govreport_test_0964,AB2 - AB0,unit:10,-0.11541247484909453
govreport_test_0964,TextRank - no_path,unit:10,0.007230594268400697
govreport_test_0964,Lead - no_path,unit:10,0.0729699976444233
govreport_test_0964,Full - no_path,unit:5,0.0
govreport_test_0964,AB2 - AB0,unit:5,0.021981709874989513
govreport_test_0964,TextRank - no_path,unit:5,-0.02346259593538183
govreport_test_0964,Lead - no_path,unit:5,-0.04646021393338881
govreport_test_0964,Full - no_path,word:110,0.0
govreport_test_0964,AB2 - AB0,word:110,-0.007746263849792781
govreport_test_0964,TextRank - no_path,word:110,0.011527377521613855
govreport_test_0964,Lead - no_path,word:110,0.041046472347222626
govreport_test_0964,Full - no_path,word:260,0.0
govreport_test_0964,AB2 - AB0,word:260,0.014184397163120532
govreport_test_0964,TextRank - no_path,word:260,-0.004957003022767026
govreport_test_0964,Lead - no_path,word:260,0.08407877225787977
govreport_test_0965,Full - no_path,unit:10,0.0
govreport_test_0965,AB2 - AB0,unit:10,0.07082682351499558
govreport_test_0965,TextRank - no_path,unit:10,-0.10979035803570236
govreport_test_0965,Lead - no_path,unit:10,-0.034936458754322164
govreport_test_0965,Full - no_path,unit:5,0.004601456674154236
govreport_test_0965,AB2 - AB0,unit:5,0.031599612736660954
govreport_test_0965,TextRank - no_path,unit:5,-0.03040514548615919
govreport_test_0965,Lead - no_path,unit:5,0.020329295619134213
govreport_test_0965,Full - no_path,word:110,0.0
govreport_test_0965,AB2 - AB0,word:110,-0.030098813888041642
govreport_test_0965,TextRank - no_path,word:110,0.00832177531206657
govreport_test_0965,Lead - no_path,word:110,0.032865065616948935
govreport_test_0965,Full - no_path,word:260,-0.04765078831902256
govreport_test_0965,AB2 - AB0,word:260,0.04118993135011445
govreport_test_0965,TextRank - no_path,word:260,-0.01830663615560643
govreport_test_0965,Lead - no_path,word:260,0.0591722785223929
govreport_test_0966,Full - no_path,unit:10,0.00014331878019122057
govreport_test_0966,AB2 - AB0,unit:10,-0.05758145363408526
govreport_test_0966,TextRank - no_path,unit:10,0.061489017163629145
govreport_test_0966,Lead - no_path,unit:10,-0.023937898149412218
govreport_test_0966,Full - no_path,unit:5,-0.0034642068017120137
govreport_test_0966,AB2 - AB0,unit:5,0.0027757579589643144
govreport_test_0966,TextRank - no_path,unit:5,-0.0027757579589643144
govreport_test_0966,Lead - no_path,unit:5,-0.05522192153748927
govreport_test_0966,Full - no_path,word:110,0.0
govreport_test_0966,AB2 - AB0,word:110,-0.028478575957967198
govreport_test_0966,TextRank - no_path,word:110,0.026974816559470968
govreport_test_0966,Lead - no_path,word:110,-0.012085588403274505
govreport_test_0966,Full - no_path,word:260,0.0
govreport_test_0966,AB2 - AB0,word:260,-0.05029826168509671
govreport_test_0966,TextRank - no_path,word:260,0.057387872394601885
govreport_test_0966,Lead - no_path,word:260,-0.011326087351642158
govreport_test_0967,Full - no_path,unit:10,-0.008991871827990688
govreport_test_0967,AB2 - AB0,unit:10,-0.032868366201699556
govreport_test_0967,TextRank - no_path,unit:10,0.018455789772958003
govreport_test_0967,Lead - no_path,unit:10,-0.016192168116734268
govreport_test_0967,Full - no_path,unit:5,-0.009183889961369693
govreport_test_0967,AB2 - AB0,unit:5,-0.024142183030449932
govreport_test_0967,TextRank - no_path,unit:5,0.029793251009694724
govreport_test_0967,Lead - no_path,unit:5,0.00621641666472976
govreport_test_0967,Full - no_path,word:110,-0.005834920377649003
govreport_test_0967,AB2 - AB0,word:110,-0.005592418766071472
govreport_test_0967,TextRank - no_path,word:110,0.030417873769882017
govreport_test_0967,Lead - no_path,word:110,0.009365242190934611
govreport_test_0967,Full - no_path,word:260,-0.004507392512288461
govreport_test_0967,AB2 - AB0,word:260,-0.04590429194570489
govreport_test_0967,TextRank - no_path,word:260,0.033952768099109576
govreport_test_0967,Lead - no_path,word:260,0.0204109455643198
govreport_test_0968,Full - no_path,unit:10,0.0
govreport_test_0968,AB2 - AB0,unit:10,0.0537538357806044
govreport_test_0968,TextRank - no_path,unit:10,-0.05171665259905543
govreport_test_0968,Lead - no_path,unit:10,0.06754478050711465
govreport_test_0968,Full - no_path,unit:5,0.0
govreport_test_0968,AB2 - AB0,unit:5,0.06269442308829619
govreport_test_0968,TextRank - no_path,unit:5,-0.0711218607822872
govreport_test_0968,Lead - no_path,unit:5,-0.046380492760985534
govreport_test_0968,Full - no_path,word:110,0.0
govreport_test_0968,AB2 - AB0,word:110,-0.021930304688925373
govreport_test_0968,TextRank - no_path,word:110,0.04180481344476411
govreport_test_0968,Lead - no_path,word:110,0.03424557562488598
govreport_test_0968,Full - no_path,word:260,0.0
govreport_test_0968,AB2 - AB0,word:260,-0.018328565414980708
govreport_test_0968,TextRank - no_path,word:260,0.04144374904000295
govreport_test_0968,Lead - no_path,word:260,0.15637364990578798
govreport_test_0969,Full - no_path,unit:10,0.0
govreport_test_0969,AB2 - AB0,unit:10,-0.030041882327121072
govreport_test_0969,TextRank - no_path,unit:10,0.024588418093891312
govreport_test_0969,Lead - no_path,unit:10,0.05344247257915316
govreport_test_0969,Full - no_path,unit:5,0.0
govreport_test_0969,AB2 - AB0,unit:5,0.002993117553112018
govreport_test_0969,TextRank - no_path,unit:5,0.00654997176736305
govreport_test_0969,Lead - no_path,unit:5,0.001205337925096861
govreport_test_0969,Full - no_path,word:110,-0.008075370121130562
govreport_test_0969,AB2 - AB0,word:110,-0.03735085721343427
govreport_test_0969,TextRank - no_path,word:110,0.00807537012113052
govreport_test_0969,Lead - no_path,word:110,0.06191117092866755
govreport_test_0969,Full - no_path,word:260,0.0
govreport_test_0969,AB2 - AB0,word:260,-0.03177135060844091
govreport_test_0969,TextRank - no_path,word:260,0.045488441461595835
govreport_test_0969,Lead - no_path,word:260,0.08111375287166062
govreport_test_0970,Full - no_path,unit:10,-0.027381578572881732
govreport_test_0970,AB2 - AB0,unit:10,-0.007169483101391622
govreport_test_0970,TextRank - no_path,unit:10,0.01038378503909243
govreport_test_0970,Lead - no_path,unit:10,0.021969431956087027
govreport_test_0970,Full - no_path,unit:5,-0.004631509434804115
govreport_test_0970,AB2 - AB0,unit:5,-0.014780461660950844
govreport_test_0970,TextRank - no_path,unit:5,0.025572125934882894
govreport_test_0970,Lead - no_path,unit:5,0.03764037395818709
govreport_test_0970,Full - no_path,word:110,0.0028409465427460256
govreport_test_0970,AB2 - AB0,word:110,-0.010269576379974332
govreport_test_0970,TextRank - no_path,word:110,0.04911344011601082
govreport_test_0970,Lead - no_path,word:110,0.08229156380632635
govreport_test_0970,Full - no_path,word:260,-0.010752688172043001
govreport_test_0970,AB2 - AB0,word:260,-0.021773904186487947
govreport_test_0970,TextRank - no_path,word:260,0.06504449388209127
govreport_test_0970,Lead - no_path,word:260,0.06372782906337521
govreport_test_0971,Full - no_path,unit:10,0.0
govreport_test_0971,AB2 - AB0,unit:10,0.03628960233352241
govreport_test_0971,TextRank - no_path,unit:10,-0.07084501741991095
govreport_test_0971,Lead - no_path,unit:10,-0.007650100242692803
govreport_test_0971,Full - no_path,unit:5,0.0
govreport_test_0971,AB2 - AB0,unit:5,-0.02268041237113405
govreport_test_0971,TextRank - no_path,unit:5,0.08736485504410729
govreport_test_0971,Lead - no_path,unit:5,-0.03103339573222702
govreport_test_0971,Full - no_path,word:110,0.0
govreport_test_0971,AB2 - AB0,word:110,-0.08333333333333331
govreport_test_0971,TextRank - no_path,word:110,0.17555308127995353
govreport_test_0971,Lead - no_path,word:110,0.06607929515418504
govreport_test_0971,Full - no_path,word:260,0.0
govreport_test_0971,AB2 - AB0,word:260,0.07021509495922501
govreport_test_0971,TextRank - no_path,word:260,-0.09410915582197438
govreport_test_0971,Lead - no_path,word:260,-0.13404260008154184
govreport_test_0972,Full - no_path,unit:10,0.0
govreport_test_0972,AB2 - AB0,unit:10,-0.10648442466624289
govreport_test_0972,TextRank - no_path,unit:10,0.0456550930366392
govreport_test_0972,Lead - no_path,unit:10,0.050320512820512836
govreport_test_0972,Full - no_path,unit:5,0.0
govreport_test_0972,AB2 - AB0,unit:5,-0.09533101045296169
govreport_test_0972,TextRank - no_path,unit:5,0.025081266039349903
govreport_test_0972,Lead - no_path,unit:5,0.02209523809523814
govreport_test_0972,Full - no_path,word:110,0.0
govreport_test_0972,AB2 - AB0,word:110,-0.07017820533038957
govreport_test_0972,TextRank - no_path,word:110,0.012949760499053137
govreport_test_0972,Lead - no_path,word:110,-0.004865248226950336
govreport_test_0972,Full - no_path,word:260,0.0
govreport_test_0972,AB2 - AB0,word:260,-0.05728537749410614
govreport_test_0972,TextRank - no_path,word:260,0.03313945240459637
govreport_test_0972,Lead - no_path,word:260,0.01243779313307794
