doc_id,contrast,budget,value
govreport_test_0004,Full - no_path,unit:10,-0.009120279040512352
govreport_test_0004,AB2 - AB0,unit:10,-0.015999692646077174
govreport_test_0004,TextRank - no_path,unit:10,0.036811296127832904
govreport_test_0004,Lead - no_path,unit:10,-0.03762981019379763
govreport_test_0004,Full - no_path,unit:5,0.0
govreport_test_0004,AB2 - AB0,unit:5,-0.0008276690910946072
govreport_test_0004,TextRank - no_path,unit:5,0.020694772104264708
govreport_test_0004,Lead - no_path,unit:5,-0.01134553465514318
govreport_test_0004,Full - no_path,word:110,0.0
govreport_test_0004,AB2 - AB0,word:110,0.0
govreport_test_0004,TextRank - no_path,word:110,0.00016732688033579968
govreport_test_0004,Lead - no_path,word:110,0.002866382210970117
govreport_test_0004,Full - no_path,word:260,0.0063687207134579815
govreport_test_0004,AB2 - AB0,word:260,-0.031354983202687564
govreport_test_0004,TextRank - no_path,word:260,0.04896961757444451
govreport_test_0004,Lead - no_path,word:260,-0.011235955056179747
govreport_test_0007,Full - no_path,unit:10,0.0
govreport_test_0007,AB2 - AB0,unit:10,-0.021074443591711428
govreport_test_0007,TextRank - no_path,unit:10,0.037900790897100634
govreport_test_0007,Lead - no_path,unit:10,-0.016681748299853666
govreport_test_0007,Full - no_path,unit:5,-0.004861051363675428
govreport_test_0007,AB2 - AB0,unit:5,-0.016103928261907763
govreport_test_0007,TextRank - no_path,unit:5,0.019029962162909003
govreport_test_0007,Lead - no_path,unit:5,-0.04432316591447742
govreport_test_0007,Full - no_path,word:110,0.0
govreport_test_0007,AB2 - AB0,word:110,-0.02998415173517774
govreport_test_0007,TextRank - no_path,word:110,0.052650476459803586
govreport_test_0007,Lead - no_path,word:110,-0.0017889087656529495
govreport_test_0007,Full - no_path,word:260,0.0043649730060879854
govreport_test_0007,AB2 - AB0,word:260,-0.04753341194968555
govreport_test_0007,TextRank - no_path,word:260,0.05522103658536587
govreport_test_0007,Lead - no_path,word:260,0.0
govreport_test_0024,Full - no_path,unit:10,0.0
govreport_test_0024,AB2 - AB0,unit:10,0.05345185727568316
govreport_test_0024,TextRank - no_path,unit:10,-0.028004179728317674
govreport_test_0024,Lead - no_path,unit:10,-0.12338670959360615
govreport_test_0024,Full - no_path,unit:5,0.06750466023571114
govreport_test_0024,AB2 - AB0,unit:5,-0.017181208053691305
govreport_test_0024,TextRank - no_path,unit:5,0.011826877345029851
govreport_test_0024,Lead - no_path,unit:5,-0.06463490624822978
govreport_test_0024,Full - no_path,word:110,-0.014931127090011265
govreport_test_0024,AB2 - AB0,word:110,0.029298091963939454
govreport_test_0024,TextRank - no_path,word:110,-0.023372910883174558
govreport_test_0024,Lead - no_path,word:110,-0.06198995061942304
govreport_test_0024,Full - no_path,word:260,0.0
govreport_test_0024,AB2 - AB0,word:260,0.016238108419166425
govreport_test_0024,TextRank - no_path,word:260,-0.023042996811871358
govreport_test_0024,Lead - no_path,word:260,-0.10860950878546369
govreport_test_0027,Full - no_path,unit:10,0.0012349433162877343
govreport_test_0027,AB2 - AB0,unit:10,-0.008236691174612759
govreport_test_0027,TextRank - no_path,unit:10,0.02925811782013371
govreport_test_0027,Lead - no_path,unit:10,-0.026629975515156806
govreport_test_0027,Full - no_path,unit:5,0.0
govreport_test_0027,AB2 - AB0,unit:5,-0.00034045450676653544
govreport_test_0027,TextRank - no_path,unit:5,-0.016143721233029318
govreport_test_0027,Lead - no_path,unit:5,-0.07093193950612697
govreport_test_0027,Full - no_path,word:110,0.0
govreport_test_0027,AB2 - AB0,word:110,0.0
govreport_test_0027,TextRank - no_path,word:110,0.012824306994179732
govreport_test_0027,Lead - no_path,word:110,-0.027250895855612467
govreport_test_0027,Full - no_path,word:260,0.0
govreport_test_0027,AB2 - AB0,word:260,-0.00726080191799458
govreport_test_0027,TextRank - no_path,word:260,0.0034937888198757483
govreport_test_0027,Lead - no_path,word:260,-0.027329192546583864
govreport_test_0029,Full - no_path,unit:10,0.009605425114377952
govreport_test_0029,AB2 - AB0,unit:10,0.047812324743590984
govreport_test_0029,TextRank - no_path,unit:10,-0.0535528211949895
govreport_test_0029,Lead - no_path,unit:10,-0.07595615610924525
govreport_test_0029,Full - no_path,unit:5,0.0
govreport_test_0029,AB2 - AB0,unit:5,0.02489596394628285
govreport_test_0029,TextRank - no_path,unit:5,-0.08860359886351674
govreport_test_0029,Lead - no_path,unit:5,-0.10494722012373152
govreport_test_0029,Full - no_path,word:110,0.0
govreport_test_0029,AB2 - AB0,word:110,-0.011482031808926305
govreport_test_0029,TextRank - no_path,word:110,-0.008677876689746095
govreport_test_0029,Lead - no_path,word:110,-0.02926861482582134
govreport_test_0029,Full - no_path,word:260,-0.012702855927999412
govreport_test_0029,AB2 - AB0,word:260,-0.01963812886142982
govreport_test_0029,TextRank - no_path,word:260,-0.03454751612217416
govreport_test_0029,Lead - no_path,word:260,-0.08759124087591241
govreport_test_0042,Full - no_path,unit:10,-0.006005763067061187
govreport_test_0042,AB2 - AB0,unit:10,-0.04236235092480181
govreport_test_0042,TextRank - no_path,unit:10,0.024593195266272183
govreport_test_0042,Lead - no_path,unit:10,-0.059726980172324334
govreport_test_0042,Full - no_path,unit:5,-0.014971779572112792
govreport_test_0042,AB2 - AB0,unit:5,-0.034711678242610206
govreport_test_0042,TextRank - no_path,unit:5,0.036103339533971324
govreport_test_0042,Lead - no_path,unit:5,-0.06772107620891842
govreport_test_0042,Full - no_path,word:110,-0.030042369201658203
govreport_test_0042,AB2 - AB0,word:110,-0.012786011947058806
govreport_test_0042,TextRank - no_path,word:110,0.033497721569900024
govreport_test_0042,Lead - no_path,word:110,-0.011690927400897194
govreport_test_0042,Full - no_path,word:260,0.0
govreport_test_0042,AB2 - AB0,word:260,-0.015076646724817705
govreport_test_0042,TextRank - no_path,word:260,0.06433096645265526
govreport_test_0042,Lead - no_path,word:260,0.0
govreport_test_0047,Full - no_path,unit:10,0.014348292508492788
govreport_test_0047,AB2 - AB0,unit:10,0.011230029680812936
govreport_test_0047,TextRank - no_path,unit:10,0.015145162980819638
govreport_test_0047,Lead - no_path,unit:10,-0.05610913574582782
govreport_test_0047,Full - no_path,unit:5,0.0005541542459680249
govreport_test_0047,AB2 - AB0,unit:5,0.05398783742398386
govreport_test_0047,TextRank - no_path,unit:5,-0.03374507697815968
govreport_test_0047,Lead - no_path,unit:5,-0.06632653061224492
govreport_test_0047,Full - no_path,word:110,0.0
govreport_test_0047,AB2 - AB0,word:110,-0.007001988247661545
govreport_test_0047,TextRank - no_path,word:110,0.022063033248153258
govreport_test_0047,Lead - no_path,word:110,-0.036367264357575105
govreport_test_0047,Full - no_path,word:260,0.0
govreport_test_0047,AB2 - AB0,word:260,0.018151870857321617
govreport_test_0047,TextRank - no_path,word:260,0.019309304455578907
govreport_test_0047,Lead - no_path,word:260,-0.057705553164012074
govreport_test_0049,Full - no_path,unit:10,-0.010119889539974447
govreport_test_0049,AB2 - AB0,unit:10,-0.035876289897348396
govreport_test_0049,TextRank - no_path,unit:10,-0.00940835049616176
govreport_test_0049,Lead - no_path,unit:10,-0.11948172662458377
govreport_test_0049,Full - no_path,unit:5,-0.04514628794101658
govreport_test_0049,AB2 - AB0,unit:5,0.00976716928829896
govreport_test_0049,TextRank - no_path,unit:5,-0.050129924080251964
govreport_test_0049,Lead - no_path,unit:5,-0.12750645448575515
govreport_test_0049,Full - no_path,word:110,-0.05075187969924812
govreport_test_0049,AB2 - AB0,word:110,0.0045186427184231714
govreport_test_0049,TextRank - no_path,word:110,-0.02650148972871258
govreport_test_0049,Lead - no_path,word:110,-0.05934065934065934
govreport_test_0049,Full - no_path,word:260,-0.04925793290216832
govreport_test_0049,AB2 - AB0,word:260,-0.03566055519001296
govreport_test_0049,TextRank - no_path,word:260,-0.024907462537791525
govreport_test_0049,Lead - no_path,word:260,-0.08723185181628548
govreport_test_0055,Full - no_path,unit:10,0.0
govreport_test_0055,AB2 - AB0,unit:10,0.03208136938724884
govreport_test_0055,TextRank - no_path,unit:10,0.006016635800701359
govreport_test_0055,Lead - no_path,unit:10,0.018493552906991423
govreport_test_0055,Full - no_path,unit:5,0.0
govreport_test_0055,AB2 - AB0,unit:5,0.007638784045430114
govreport_test_0055,TextRank - no_path,unit:5,-0.0511366374213732
govreport_test_0055,Lead - no_path,unit:5,-0.019230630122320874
govreport_test_0055,Full - no_path,word:110,0.0
govreport_test_0055,AB2 - AB0,word:110,0.004767580452920139
govreport_test_0055,TextRank - no_path,word:110,0.0020740993294692256
govreport_test_0055,Lead - no_path,word:110,-0.00015360939406783292
govreport_test_0055,Full - no_path,word:260,0.0
govreport_test_0055,AB2 - AB0,word:260,0.02671534805863482
govreport_test_0055,TextRank - no_path,word:260,-0.01616161616161621
govreport_test_0055,Lead - no_path,word:260,0.01414141414141415
govreport_test_0058,Full - no_path,unit:10,-0.03928037538859602
govreport_test_0058,AB2 - AB0,unit:10,0.023152116700503794
govreport_test_0058,TextRank - no_path,unit:10,-0.020865214413601535
govreport_test_0058,Lead - no_path,unit:10,-0.0558823459847351
govreport_test_0058,Full - no_path,unit:5,-0.005019059720457436
govreport_test_0058,AB2 - AB0,unit:5,-0.004677498032338495
govreport_test_0058,TextRank - no_path,unit:5,0.023465047859004662
govreport_test_0058,Lead - no_path,unit:5,-0.03480048048548477
govreport_test_0058,Full - no_path,word:110,0.0
govreport_test_0058,AB2 - AB0,word:110,-0.0156639017127701
govreport_test_0058,TextRank - no_path,word:110,0.01336898395721925
govreport_test_0058,Lead - no_path,word:110,0.005347593582887694
govreport_test_0058,Full - no_path,word:260,-0.015340979158959184
govreport_test_0058,AB2 - AB0,word:260,-0.015100222717149198
govreport_test_0058,TextRank - no_path,word:260,0.026881243063263005
govreport_test_0058,Lead - no_path,word:260,0.008879023307436146
govreport_test_0072,Full - no_path,unit:10,0.0
govreport_test_0072,AB2 - AB0,unit:10,-0.028469196678187175
govreport_test_0072,TextRank - no_path,unit:10,0.014915551656064924
govreport_test_0072,Lead - no_path,unit:10,-0.08812189187621539
govreport_test_0072,Full - no_path,unit:5,0.0
govreport_test_0072,AB2 - AB0,unit:5,-0.026911824051654543
govreport_test_0072,TextRank - no_path,unit:5,0.012991833704528583
govreport_test_0072,Lead - no_path,unit:5,-0.047417453977486396
govreport_test_0072,Full - no_path,word:110,0.0
govreport_test_0072,AB2 - AB0,word:110,-0.03531824583849261
govreport_test_0072,TextRank - no_path,word:110,0.030620677537057522
govreport_test_0072,Lead - no_path,word:110,-0.009367681498829022
govreport_test_0072,Full - no_path,word:260,0.0
govreport_test_0072,AB2 - AB0,word:260,-0.02018097404393604
govreport_test_0072,TextRank - no_path,word:260,0.0341048567445075
govreport_test_0072,Lead - no_path,word:260,-0.049957384392777165
govreport_test_0080,Full - no_path,unit:10,0.001734652391923025
govreport_test_0080,AB2 - AB0,unit:10,0.005604642569245977
govreport_test_0080,TextRank - no_path,unit:10,0.011534992306467873
govreport_test_0080,Lead - no_path,unit:10,-0.026262305493807564
govreport_test_0080,Full - no_path,unit:5,-0.003453592352759771
govreport_test_0080,AB2 - AB0,unit:5,0.038609434384082264
govreport_test_0080,TextRank - no_path,unit:5,-0.007538870928723795
govreport_test_0080,Lead - no_path,unit:5,-0.03175504236012555
govreport_test_0080,Full - no_path,word:110,0.0
govreport_test_0080,AB2 - AB0,word:110,0.02243589743589744
govreport_test_0080,TextRank - no_path,word:110,0.009615384615384609
govreport_test_0080,Lead - no_path,word:110,-0.025300931651413977
govreport_test_0080,Full - no_path,word:260,-0.007296729190933271
govreport_test_0080,AB2 - AB0,word:260,-0.01267587271979706
govreport_test_0080,TextRank - no_path,word:260,0.008247312259843875
govreport_test_0080,Lead - no_path,word:260,-0.028423772609819098
govreport_test_0081,Full - no_path,unit:10,-0.02089838529629104
govreport_test_0081,AB2 - AB0,unit:10,0.10971683142614297
govreport_test_0081,TextRank - no_path,unit:10,-0.07277232389340013
govreport_test_0081,Lead - no_path,unit:10,-0.06093734183621824
govreport_test_0081,Full - no_path,unit:5,-0.03881320012110204
govreport_test_0081,AB2 - AB0,unit:5,0.1063728254739491
govreport_test_0081,TextRank - no_path,unit:5,-0.09110041020153381
govreport_test_0081,Lead - no_path,unit:5,-0.07763050237277043
govreport_test_0081,Full - no_path,word:110,-0.002715011385531596
govreport_test_0081,AB2 - AB0,word:110,0.00040812247005708735
govreport_test_0081,TextRank - no_path,word:110,0.04593485285127939
govreport_test_0081,Lead - no_path,word:110,-0.008820190376386317
govreport_test_0081,Full - no_path,word:260,-0.0306449931389704
govreport_test_0081,AB2 - AB0,word:260,-0.012090086747285955
govreport_test_0081,TextRank - no_path,word:260,0.025833038178925377
govreport_test_0081,Lead - no_path,word:260,-0.024134711898193995
govreport_test_0085,Full - no_path,unit:10,-0.00591639554978815
govreport_test_0085,AB2 - AB0,unit:10,0.0018404828682581365
govreport_test_0085,TextRank - no_path,unit:10,0.007601915491241701
govreport_test_0085,Lead - no_path,unit:10,-0.05523440228664295
govreport_test_0085,Full - no_path,unit:5,-0.032873336390714825
govreport_test_0085,AB2 - AB0,unit:5,-0.00021166008582665374
govreport_test_0085,TextRank - no_path,unit:5,-0.02421564602722051
govreport_test_0085,Lead - no_path,unit:5,-0.0637045674504194
govreport_test_0085,Full - no_path,word:110,-0.001507159005275066
govreport_test_0085,AB2 - AB0,word:110,0.007493668004211848
govreport_test_0085,TextRank - no_path,word:110,-0.010550113036925407
govreport_test_0085,Lead - no_path,word:110,-0.01657874905802563
govreport_test_0085,Full - no_path,word:260,-0.010825439783491222
govreport_test_0085,AB2 - AB0,word:260,-0.024464554056508755
govreport_test_0085,TextRank - no_path,word:260,0.00422272828952916
govreport_test_0085,Lead - no_path,word:260,-0.022877542713180862
govreport_test_0089,Full - no_path,unit:10,0.011519287833827885
govreport_test_0089,AB2 - AB0,unit:10,0.020926153459288582
govreport_test_0089,TextRank - no_path,unit:10,-0.005962174940898318
govreport_test_0089,Lead - no_path,unit:10,-0.046941176470588264
govreport_test_0089,Full - no_path,unit:5,-0.014421440588138046
govreport_test_0089,AB2 - AB0,unit:5,0.04125438054009481
govreport_test_0089,TextRank - no_path,unit:5,-0.046858796219410054
govreport_test_0089,Lead - no_path,unit:5,-0.0693303915065393
govreport_test_0089,Full - no_path,word:110,0.00576368876080692
govreport_test_0089,AB2 - AB0,word:110,0.011477761836441891
govreport_test_0089,TextRank - no_path,word:110,0.029034686095204806
govreport_test_0089,Lead - no_path,word:110,-0.020462751333267082
govreport_test_0089,Full - no_path,word:260,-0.008990152105399857
govreport_test_0089,AB2 - AB0,word:260,-0.02155077146893844
govreport_test_0089,TextRank - no_path,word:260,-0.0026130625148628184
govreport_test_0089,Lead - no_path,word:260,-0.04280218781037112
govreport_test_0100,Full - no_path,unit:10,0.0
govreport_test_0100,AB2 - AB0,unit:10,-0.08315955910997047
govreport_test_0100,TextRank - no_path,unit:10,-0.00933438239383197
govreport_test_0100,Lead - no_path,unit:10,-0.012574399601318315
govreport_test_0100,Full - no_path,unit:5,0.0
govreport_test_0100,AB2 - AB0,unit:5,-0.08211291561979264
govreport_test_0100,TextRank - no_path,unit:5,-0.022952443857331528
govreport_test_0100,Lead - no_path,unit:5,-0.04625752860309426
govreport_test_0100,Full - no_path,word:110,0.0
govreport_test_0100,AB2 - AB0,word:110,-0.056879781117932335
govreport_test_0100,TextRank - no_path,word:110,0.002516404866144087
govreport_test_0100,Lead - no_path,word:110,-0.011945070711211314
govreport_test_0100,Full - no_path,word:260,0.0
govreport_test_0100,AB2 - AB0,word:260,-0.02139432757926324
govreport_test_0100,TextRank - no_path,word:260,-0.013703396851698413
govreport_test_0100,Lead - no_path,word:260,-0.023474178403755874
govreport_test_0101,Full - no_path,unit:10,0.0
govreport_test_0101,AB2 - AB0,unit:10,-0.020660482040363415
govreport_test_0101,TextRank - no_path,unit:10,-0.01268782450228656
govreport_test_0101,Lead - no_path,unit:10,0.06557694387984585
govreport_test_0101,Full - no_path,unit:5,0.0
govreport_test_0101,AB2 - AB0,unit:5,0.013882103354328143
govreport_test_0101,TextRank - no_path,unit:5,-0.03196373518954164
govreport_test_0101,Lead - no_path,unit:5,0.03978791988867554
govreport_test_0101,Full - no_path,word:110,0.0
govreport_test_0101,AB2 - AB0,word:110,-0.05845578454845625
govreport_test_0101,TextRank - no_path,word:110,0.02240896358543419
govreport_test_0101,Lead - no_path,word:110,0.014005602240896378
govreport_test_0101,Full - no_path,word:260,0.0
govreport_test_0101,AB2 - AB0,word:260,-0.013683269033093526
govreport_test_0101,TextRank - no_path,word:260,-0.0026534925428858824
govreport_test_0101,Lead - no_path,word:260,0.001784715377853574
govreport_test_0107,Full - no_path,unit:10,-0.0030425396523321435
govreport_test_0107,AB2 - AB0,unit:10,-0.05828206908842848
govreport_test_0107,TextRank - no_path,unit:10,0.0714175501468319
govreport_test_0107,Lead - no_path,unit:10,-0.02261034871977663
govreport_test_0107,Full - no_path,unit:5,0.0
govreport_test_0107,AB2 - AB0,unit:5,-0.029152784388386477
govreport_test_0107,TextRank - no_path,unit:5,0.03289395909681994
govreport_test_0107,Lead - no_path,unit:5,-0.02840080674340048
govreport_test_0107,Full - no_path,word:110,0.011888057552641551
govreport_test_0107,AB2 - AB0,word:110,-0.05143721633888049
govreport_test_0107,TextRank - no_path,word:110,0.026520605872810465
govreport_test_0107,Lead - no_path,word:110,-0.0005878278621292976
govreport_test_0107,Full - no_path,word:260,0.0
govreport_test_0107,AB2 - AB0,word:260,-0.042534910643224066
govreport_test_0107,TextRank - no_path,word:260,0.08989748797176081
govreport_test_0107,Lead - no_path,word:260,-0.014705882352941152
govreport_test_0137,Full - no_path,unit:10,0.0
govreport_test_0137,AB2 - AB0,unit:10,-0.03389515291130324
govreport_test_0137,TextRank - no_path,unit:10,0.06717738363086226
govreport_test_0137,Lead - no_path,unit:10,-0.041593179095890664
govreport_test_0137,Full - no_path,unit:5,0.0
govreport_test_0137,AB2 - AB0,unit:5,-0.05390099126566808
govreport_test_0137,TextRank - no_path,unit:5,0.05976538861973188
govreport_test_0137,Lead - no_path,unit:5,0.00921628185038581
govreport_test_0137,Full - no_path,word:110,0.0
govreport_test_0137,AB2 - AB0,word:110,-0.04143670841293427
govreport_test_0137,TextRank - no_path,word:110,0.05902924968206867
govreport_test_0137,Lead - no_path,word:110,0.0113756613756614
govreport_test_0137,Full - no_path,word:260,0.0
govreport_test_0137,AB2 - AB0,word:260,-0.05443177204443955
govreport_test_0137,TextRank - no_path,word:260,0.05118564283612825
govreport_test_0137,Lead - no_path,word:260,-0.022193397090615963
govreport_test_0140,Full - no_path,unit:10,0.0033224661929048827
govreport_test_0140,AB2 - AB0,unit:10,-0.0396995730106737
govreport_test_0140,TextRank - no_path,unit:10,0.026059239725033934
govreport_test_0140,Lead - no_path,unit:10,-0.03741311584078809
govreport_test_0140,Full - no_path,unit:5,-0.00986759291311326
govreport_test_0140,AB2 - AB0,unit:5,-0.01248734027194176
govreport_test_0140,TextRank - no_path,unit:5,0.035862433030246346
govreport_test_0140,Lead - no_path,unit:5,-0.037466670937057106
govreport_test_0140,Full - no_path,word:110,-0.016628873771730918
govreport_test_0140,AB2 - AB0,word:110,0.00016809567045016072
govreport_test_0140,TextRank - no_path,word:110,0.014973402358847102
govreport_test_0140,Lead - no_path,word:110,-0.004420710163113101
govreport_test_0140,Full - no_path,word:260,-0.0026305677888452117
govreport_test_0140,AB2 - AB0,word:260,-0.00641053964887478
govreport_test_0140,TextRank - no_path,word:260,0.01736182756079588
govreport_test_0140,Lead - no_path,word:260,-0.024528468963074465
govreport_test_0145,Full - no_path,unit:10,0.0
govreport_test_0145,AB2 - AB0,unit:10,0.013499096618773132
govreport_test_0145,TextRank - no_path,unit:10,-0.024473583512533204
govreport_test_0145,Lead - no_path,unit:10,-0.03498983156906707
govreport_test_0145,Full - no_path,unit:5,0.0
govreport_test_0145,AB2 - AB0,unit:5,0.04150686971739212
govreport_test_0145,TextRank - no_path,unit:5,-0.043901953465223326
govreport_test_0145,Lead - no_path,unit:5,-0.05478818998716302
govreport_test_0145,Full - no_path,word:110,0.0
govreport_test_0145,AB2 - AB0,word:110,-0.010104952982472631
govreport_test_0145,TextRank - no_path,word:110,0.002547508988186953
govreport_test_0145,Lead - no_path,word:110,0.005101201250617082
govreport_test_0145,Full - no_path,word:260,0.0020387359836901153
govreport_test_0145,AB2 - AB0,word:260,0.013115093753237328
govreport_test_0145,TextRank - no_path,word:260,0.021941274458616156
govreport_test_0145,Lead - no_path,word:260,0.010493555282752282
govreport_test_0146,Full - no_path,unit:10,-0.012840655051675087
govreport_test_0146,AB2 - AB0,unit:10,-0.05738153207106117
govreport_test_0146,TextRank - no_path,unit:10,0.03276561708334513
govreport_test_0146,Lead - no_path,unit:10,-0.0038595513317568053
govreport_test_0146,Full - no_path,unit:5,-0.017519493177387907
govreport_test_0146,AB2 - AB0,unit:5,-0.03554986757674326
govreport_test_0146,TextRank - no_path,unit:5,0.047109191130930275
govreport_test_0146,Lead - no_path,unit:5,-0.014152318177741888
govreport_test_0146,Full - no_path,word:110,-0.0071577145174249734
govreport_test_0146,AB2 - AB0,word:110,-0.04390803015385168
govreport_test_0146,TextRank - no_path,word:110,0.04390803015385168
govreport_test_0146,Lead - no_path,word:110,0.009905920752633982
govreport_test_0146,Full - no_path,word:260,0.0
govreport_test_0146,AB2 - AB0,word:260,-0.08299252124501524
govreport_test_0146,TextRank - no_path,word:260,0.04901864823688623
govreport_test_0146,Lead - no_path,word:260,0.012852738406200492
govreport_test_0159,Full - no_path,unit:10,0.0
govreport_test_0159,AB2 - AB0,unit:10,0.0175466019256032
govreport_test_0159,TextRank - no_path,unit:10,-0.027918178589832893
govreport_test_0159,Lead - no_path,unit:10,-0.03498983156906707
govreport_test_0159,Full - no_path,unit:5,0.0
govreport_test_0159,AB2 - AB0,unit:5,0.049390842982582644
govreport_test_0159,TextRank - no_path,unit:5,-0.01859678782755704
govreport_test_0159,Lead - no_path,unit:5,-0.020155454301795758
govreport_test_0159,Full - no_path,word:110,0.0
govreport_test_0159,AB2 - AB0,word:110,-0.006875571861052837
govreport_test_0159,TextRank - no_path,word:110,-0.004725218284540325
govreport_test_0159,Lead - no_path,word:110,0.005101201250617082
govreport_test_0159,Full - no_path,word:260,0.0
govreport_test_0159,AB2 - AB0,word:260,-0.028085777002307605
govreport_test_0159,TextRank - no_path,word:260,0.013824817821329966
govreport_test_0159,Lead - no_path,word:260,0.010354172312438764
govreport_test_0161,Full - no_path,unit:10,0.008991128732229042
govreport_test_0161,AB2 - AB0,unit:10,-0.003921638595489607
govreport_test_0161,TextRank - no_path,unit:10,0.022940147393561428
govreport_test_0161,Lead - no_path,unit:10,-0.01552028218694887
govreport_test_0161,Full - no_path,unit:5,0.013841246081740033
govreport_test_0161,AB2 - AB0,unit:5,0.03881842639872615
govreport_test_0161,TextRank - no_path,unit:5,-0.02497718031698612
govreport_test_0161,Lead - no_path,unit:5,-0.0342232007154229
govreport_test_0161,Full - no_path,word:110,0.03233331086091824
govreport_test_0161,AB2 - AB0,word:110,0.01035528888289626
govreport_test_0161,TextRank - no_path,word:110,0.007442435315295953
govreport_test_0161,Lead - no_path,word:110,0.034636931695755255
govreport_test_0161,Full - no_path,word:260,0.02099769958251682
govreport_test_0161,AB2 - AB0,word:260,-0.04379615014786187
govreport_test_0161,TextRank - no_path,word:260,0.0022320811124233175
govreport_test_0161,Lead - no_path,word:260,0.004641840531348973
govreport_test_0165,Full - no_path,unit:10,-0.0028483804387629263
govreport_test_0165,AB2 - AB0,unit:10,-0.004808469965443735
govreport_test_0165,TextRank - no_path,unit:10,0.0025439115014355695
govreport_test_0165,Lead - no_path,unit:10,-0.056901381977014776
govreport_test_0165,Full - no_path,unit:5,-0.0007384772090654468
govreport_test_0165,AB2 - AB0,unit:5,0.007210724977222471
govreport_test_0165,TextRank - no_path,unit:5,0.015994531784005506
govreport_test_0165,Lead - no_path,unit:5,-0.04509445876068738
govreport_test_0165,Full - no_path,word:110,-0.053072625698323994
govreport_test_0165,AB2 - AB0,word:110,-0.01958041958041959
govreport_test_0165,TextRank - no_path,word:110,-0.010970035551041118
govreport_test_0165,Lead - no_path,word:110,-0.04189944134078209
govreport_test_0165,Full - no_path,word:260,-0.01199433807643599
govreport_test_0165,AB2 - AB0,word:260,-0.00692840646651266
govreport_test_0165,TextRank - no_path,word:260,0.021046870202512363
govreport_test_0165,Lead - no_path,word:260,-0.03483914962534396
govreport_test_0168,Full - no_path,unit:10,-0.0002198311537824904
govreport_test_0168,AB2 - AB0,unit:10,-0.048418362851352564
govreport_test_0168,TextRank - no_path,unit:10,0.05753648955964444
govreport_test_0168,Lead - no_path,unit:10,0.003782032400589108
govreport_test_0168,Full - no_path,unit:5,0.007414147100344076
govreport_test_0168,AB2 - AB0,unit:5,-0.028810932657086508
govreport_test_0168,TextRank - no_path,unit:5,0.023513377877055402
govreport_test_0168,Lead - no_path,unit:5,0.001955980978793681
govreport_test_0168,Full - no_path,word:110,0.0
govreport_test_0168,AB2 - AB0,word:110,-0.00020064205457462347
govreport_test_0168,TextRank - no_path,word:110,0.051035897435897454
govreport_test_0168,Lead - no_path,word:110,0.0060620955189645415
govreport_test_0168,Full - no_path,word:260,0.01288659793814434
govreport_test_0168,AB2 - AB0,word:260,-0.04850085108149624
govreport_test_0168,TextRank - no_path,word:260,0.09763629608990437
govreport_test_0168,Lead - no_path,word:260,0.01804123711340208
govreport_test_0169,Full - no_path,unit:10,-0.007453839009137375
govreport_test_0169,AB2 - AB0,unit:10,-0.010526472072928117
govreport_test_0169,TextRank - no_path,unit:10,-0.042591706920464906
govreport_test_0169,Lead - no_path,unit:10,-0.04953806345021955
govreport_test_0169,Full - no_path,unit:5,-0.014939800463491693
govreport_test_0169,AB2 - AB0,unit:5,-0.003377699580231208
govreport_test_0169,TextRank - no_path,unit:5,-0.01736979679024142
govreport_test_0169,Lead - no_path,unit:5,-0.03128733843509779
govreport_test_0169,Full - no_path,word:110,0.0
govreport_test_0169,AB2 - AB0,word:110,-0.03231742558953726
govreport_test_0169,TextRank - no_path,word:110,-0.0027899013554751606
govreport_test_0169,Lead - no_path,word:110,0.029527524234062102
govreport_test_0169,Full - no_path,word:260,0.005338624713580431
govreport_test_0169,AB2 - AB0,word:260,-0.03137001002208406
govreport_test_0169,TextRank - no_path,word:260,-0.009034684199945575
govreport_test_0169,Lead - no_path,word:260,-0.016559185505397672
govreport_test_0173,Full - no_path,unit:10,0.0
govreport_test_0173,AB2 - AB0,unit:10,-0.025825667980727135
govreport_test_0173,TextRank - no_path,unit:10,0.006246530733079236
govreport_test_0173,Lead - no_path,unit:10,-0.06504552116654005
govreport_test_0173,Full - no_path,unit:5,0.0
govreport_test_0173,AB2 - AB0,unit:5,-0.004085972507025137
govreport_test_0173,TextRank - no_path,unit:5,-0.030334039049635414
govreport_test_0173,Lead - no_path,unit:5,-0.08153817561288797
govreport_test_0173,Full - no_path,word:110,-0.003649635036496346
govreport_test_0173,AB2 - AB0,word:110,0.02883258817685047
govreport_test_0173,TextRank - no_path,word:110,0.05373110601825479
govreport_test_0173,Lead - no_path,word:110,-0.018041340290102625
govreport_test_0173,Full - no_path,word:260,-0.008285305538524385
govreport_test_0173,AB2 - AB0,word:260,-0.033673538109261436
govreport_test_0173,TextRank - no_path,word:260,0.03679233747707364
govreport_test_0173,Lead - no_path,word:260,-0.05120376047414674
govreport_test_0178,Full - no_path,unit:10,0.0
govreport_test_0178,AB2 - AB0,unit:10,-0.005515669217063174
govreport_test_0178,TextRank - no_path,unit:10,0.007519668737060031
govreport_test_0178,Lead - no_path,unit:10,-0.006344675593872834
govreport_test_0178,Full - no_path,unit:5,0.0
govreport_test_0178,AB2 - AB0,unit:5,0.007796867810000496
govreport_test_0178,TextRank - no_path,unit:5,-0.005363277117981485
govreport_test_0178,Lead - no_path,unit:5,-0.028965159999642776
govreport_test_0178,Full - no_path,word:110,0.0
govreport_test_0178,AB2 - AB0,word:110,0.00822926535182153
govreport_test_0178,TextRank - no_path,word:110,0.03813520664172976
govreport_test_0178,Lead - no_path,word:110,0.017153327355658637
govreport_test_0178,Full - no_path,word:260,0.0
govreport_test_0178,AB2 - AB0,word:260,0.004580249365933431
govreport_test_0178,TextRank - no_path,word:260,0.012033694344163653
govreport_test_0178,Lead - no_path,word:260,-0.022410053539131114
govreport_test_0206,Full - no_path,unit:10,0.0
govreport_test_0206,AB2 - AB0,unit:10,-0.03202981791519002
govreport_test_0206,TextRank - no_path,unit:10,0.017917409795582373
govreport_test_0206,Lead - no_path,unit:10,-0.043937792541144494
govreport_test_0206,Full - no_path,unit:5,0.0
govreport_test_0206,AB2 - AB0,unit:5,-0.03343173127345783
govreport_test_0206,TextRank - no_path,unit:5,0.016005434610085773
govreport_test_0206,Lead - no_path,unit:5,-0.04755562699487932
govreport_test_0206,Full - no_path,word:110,0.0
govreport_test_0206,AB2 - AB0,word:110,-0.022109476295168823
govreport_test_0206,TextRank - no_path,word:110,0.02209021231939734
govreport_test_0206,Lead - no_path,word:110,-0.015813727685501766
govreport_test_0206,Full - no_path,word:260,0.0
govreport_test_0206,AB2 - AB0,word:260,-0.036640829685835846
govreport_test_0206,TextRank - no_path,word:260,0.023188030648167324
govreport_test_0206,Lead - no_path,word:260,-0.04287119486436114
govreport_test_0209,Full - no_path,unit:10,0.0
govreport_test_0209,AB2 - AB0,unit:10,-0.1156007643025739
govreport_test_0209,TextRank - no_path,unit:10,0.08612477248964101
govreport_test_0209,Lead - no_path,unit:10,-0.03719815668202761
govreport_test_0209,Full - no_path,unit:5,0.0
govreport_test_0209,AB2 - AB0,unit:5,-0.026446999500097795
govreport_test_0209,TextRank - no_path,unit:5,0.10303275444011603
govreport_test_0209,Lead - no_path,unit:5,-0.03403806864929326
govreport_test_0209,Full - no_path,word:110,0.0
govreport_test_0209,AB2 - AB0,word:110,-0.0939840093603744
govreport_test_0209,TextRank - no_path,word:110,0.024516291065753537
govreport_test_0209,Lead - no_path,word:110,-0.06775855365474337
govreport_test_0209,Full - no_path,word:260,0.0
govreport_test_0209,AB2 - AB0,word:260,-0.17664985835246957
govreport_test_0209,TextRank - no_path,word:260,0.07678630538610678
govreport_test_0209,Lead - no_path,word:260,-0.052830188679245244
govreport_test_0214,Full - no_path,unit:10,-0.0026110008985046063
govreport_test_0214,AB2 - AB0,unit:10,-0.006183064635166352
govreport_test_0214,TextRank - no_path,unit:10,0.025139962676619554
govreport_test_0214,Lead - no_path,unit:10,-0.02523631361187248
govreport_test_0214,Full - no_path,unit:5,-0.006014214488851283
govreport_test_0214,AB2 - AB0,unit:5,0.00325931026567966
govreport_test_0214,TextRank - no_path,unit:5,0.006387163827831749
govreport_test_0214,Lead - no_path,unit:5,-0.053639802107846524
govreport_test_0214,Full - no_path,word:110,-0.00019023462270131852
govreport_test_0214,AB2 - AB0,word:110,-0.012048192771084348
govreport_test_0214,TextRank - no_path,word:110,0.014847359362261087
govreport_test_0214,Lead - no_path,word:110,-0.011875556524741496
govreport_test_0214,Full - no_path,word:260,-0.004895960832313362
govreport_test_0214,AB2 - AB0,word:260,-0.005357399683589781
govreport_test_0214,TextRank - no_path,word:260,0.021789419816670763
govreport_test_0214,Lead - no_path,word:260,-0.004475448858985848
govreport_test_0224,Full - no_path,unit:10,0.0
govreport_test_0224,AB2 - AB0,unit:10,0.03697470058819363
govreport_test_0224,TextRank - no_path,unit:10,-0.008807784083181863
govreport_test_0224,Lead - no_path,unit:10,-0.04454398928264916
govreport_test_0224,Full - no_path,unit:5,0.0
govreport_test_0224,AB2 - AB0,unit:5,0.014901765764272379
govreport_test_0224,TextRank - no_path,unit:5,-0.024955436720142582
govreport_test_0224,Lead - no_path,unit:5,-0.05449156406748744
govreport_test_0224,Full - no_path,word:110,0.0
govreport_test_0224,AB2 - AB0,word:110,-0.007787257485743215
govreport_test_0224,TextRank - no_path,word:110,0.007787257485743215
govreport_test_0224,Lead - no_path,word:110,-0.030511876881900282
govreport_test_0224,Full - no_path,word:260,0.0
govreport_test_0224,AB2 - AB0,word:260,-0.049545717755697105
govreport_test_0224,TextRank - no_path,word:260,0.006779661016949129
govreport_test_0224,Lead - no_path,word:260,-0.04745762711864407
govreport_test_0237,Full - no_path,unit:10,-0.004257638373247163
govreport_test_0237,AB2 - AB0,unit:10,-0.033122119815668205
govreport_test_0237,TextRank - no_path,unit:10,0.02689194626313504
govreport_test_0237,Lead - no_path,unit:10,-0.002048582707970259
govreport_test_0237,Full - no_path,unit:5,0.009113764927718426
govreport_test_0237,AB2 - AB0,unit:5,0.00011454753722794919
govreport_test_0237,TextRank - no_path,unit:5,0.004795013186286251
govreport_test_0237,Lead - no_path,unit:5,-0.01148610323312535
govreport_test_0237,Full - no_path,word:110,-0.018152600346533307
govreport_test_0237,AB2 - AB0,word:110,-0.006195100647874263
govreport_test_0237,TextRank - no_path,word:110,0.017991004497751123
govreport_test_0237,Lead - no_path,word:110,0.008793507437897807
govreport_test_0237,Full - no_path,word:260,0.005099959200326354
govreport_test_0237,AB2 - AB0,word:260,-0.017530409207275777
govreport_test_0237,TextRank - no_path,word:260,0.03623549033585752
govreport_test_0237,Lead - no_path,word:260,0.011182684261153625
govreport_test_0243,Full - no_path,unit:10,0.0
govreport_test_0243,AB2 - AB0,unit:10,-0.054248533044702674
govreport_test_0243,TextRank - no_path,unit:10,0.020976218732179475
govreport_test_0243,Lead - no_path,unit:10,-0.0576365663322185
govreport_test_0243,Full - no_path,unit:5,0.0
govreport_test_0243,AB2 - AB0,unit:5,0.0003427283294997474
govreport_test_0243,TextRank - no_path,unit:5,-0.014889109388827787
govreport_test_0243,Lead - no_path,unit:5,-0.12004728916559285
govreport_test_0243,Full - no_path,word:110,0.0
govreport_test_0243,AB2 - AB0,word:110,-0.008784773060029283
govreport_test_0243,TextRank - no_path,word:110,-0.015114281598630902
govreport_test_0243,Lead - no_path,word:110,-0.04146860077871875
govreport_test_0243,Full - no_path,word:260,0.0
govreport_test_0243,AB2 - AB0,word:260,-0.04159085674804244
govreport_test_0243,TextRank - no_path,word:260,0.003163864578535236
govreport_test_0243,Lead - no_path,word:260,-0.04491305849838781
govreport_test_0251,Full - no_path,unit:10,-0.003816109548569757
govreport_test_0251,AB2 - AB0,unit:10,0.0023691633514280608
govreport_test_0251,TextRank - no_path,unit:10,-0.011827757105633774
govreport_test_0251,Lead - no_path,unit:10,-0.04193836888103969
govreport_test_0251,Full - no_path,unit:5,0.0
govreport_test_0251,AB2 - AB0,unit:5,0.011515151515151506
govreport_test_0251,TextRank - no_path,unit:5,-0.030638425379703016
govreport_test_0251,Lead - no_path,unit:5,-0.04236411067869822
govreport_test_0251,Full - no_path,word:110,0.0
govreport_test_0251,AB2 - AB0,word:110,-0.012236831326288194
govreport_test_0251,TextRank - no_path,word:110,0.03175384615384613
govreport_test_0251,Lead - no_path,word:110,-0.022855738510690615
govreport_test_0251,Full - no_path,word:260,-0.02011100446521724
govreport_test_0251,AB2 - AB0,word:260,-0.04415031592949786
govreport_test_0251,TextRank - no_path,word:260,0.022581475484701324
govreport_test_0251,Lead - no_path,word:260,-0.03637512470901233
govreport_test_0262,Full - no_path,unit:10,0.0
govreport_test_0262,AB2 - AB0,unit:10,-0.027104809273595126
govreport_test_0262,TextRank - no_path,unit:10,0.02595078299776285
govreport_test_0262,Lead - no_path,unit:10,-0.01395348837209301
govreport_test_0262,Full - no_path,unit:5,0.0
govreport_test_0262,AB2 - AB0,unit:5,-0.009648099027409374
govreport_test_0262,TextRank - no_path,unit:5,0.011620432181179835
govreport_test_0262,Lead - no_path,unit:5,-0.005233797226544601
govreport_test_0262,Full - no_path,word:110,0.0
govreport_test_0262,AB2 - AB0,word:110,-0.042424242424242434
govreport_test_0262,TextRank - no_path,word:110,0.024476939347956056
govreport_test_0262,Lead - no_path,word:110,0.015151515151515138
govreport_test_0262,Full - no_path,word:260,0.0
govreport_test_0262,AB2 - AB0,word:260,-0.02712700369913687
govreport_test_0262,TextRank - no_path,word:260,0.05884977386627557
govreport_test_0262,Lead - no_path,word:260,0.01128018705929637
govreport_test_0264,Full - no_path,unit:10,0.0
govreport_test_0264,AB2 - AB0,unit:10,0.012559979492067275
govreport_test_0264,TextRank - no_path,unit:10,-0.017424084738314943
govreport_test_0264,Lead - no_path,unit:10,0.023152709359605894
govreport_test_0264,Full - no_path,unit:5,0.002298934408892367
govreport_test_0264,AB2 - AB0,unit:5,0.024603977081226858
govreport_test_0264,TextRank - no_path,unit:5,-0.0109588197457198
govreport_test_0264,Lead - no_path,unit:5,-0.016415361137945006
govreport_test_0264,Full - no_path,word:110,0.005427442611725716
govreport_test_0264,AB2 - AB0,word:110,0.0
govreport_test_0264,TextRank - no_path,word:110,-0.0029027576197387522
govreport_test_0264,Lead - no_path,word:110,-0.0058055152394775045
govreport_test_0264,Full - no_path,word:260,0.002556056724688699
govreport_test_0264,AB2 - AB0,word:260,0.01624250650378914
govreport_test_0264,TextRank - no_path,word:260,0.02158102699817266
govreport_test_0264,Lead - no_path,word:260,0.06464200882253138
govreport_test_0265,Full - no_path,unit:10,0.0
govreport_test_0265,AB2 - AB0,unit:10,0.012382950878855548
govreport_test_0265,TextRank - no_path,unit:10,-0.017235961701970337
govreport_test_0265,Lead - no_path,unit:10,0.0233408323959505
govreport_test_0265,Full - no_path,unit:5,0.0024797121086294893
govreport_test_0265,AB2 - AB0,unit:5,0.024403927068723685
govreport_test_0265,TextRank - no_path,unit:5,-0.010778042045982678
govreport_test_0265,Lead - no_path,unit:5,-0.016234583438207884
govreport_test_0265,Full - no_path,word:110,0.005608339101071738
govreport_test_0265,AB2 - AB0,word:110,-0.0054442458396258
govreport_test_0265,TextRank - no_path,word:110,-0.0027218611303927304
govreport_test_0265,Lead - no_path,word:110,-0.005624618750131483
govreport_test_0265,Full - no_path,word:260,0.0027335700170530997
govreport_test_0265,AB2 - AB0,word:260,0.02619047619047621
govreport_test_0265,TextRank - no_path,word:260,0.02175854029053706
govreport_test_0265,Lead - no_path,word:260,0.06481952211489578
govreport_test_0284,Full - no_path,unit:10,0.0
govreport_test_0284,AB2 - AB0,unit:10,0.0038265253414327127
govreport_test_0284,TextRank - no_path,unit:10,0.003757888115577368
govreport_test_0284,Lead - no_path,unit:10,-0.06513626149536225
govreport_test_0284,Full - no_path,unit:5,0.0
govreport_test_0284,AB2 - AB0,unit:5,-0.015211114077850335
govreport_test_0284,TextRank - no_path,unit:5,0.024030305392972656
govreport_test_0284,Lead - no_path,unit:5,-0.07497826828152021
govreport_test_0284,Full - no_path,word:110,0.0
govreport_test_0284,AB2 - AB0,word:110,-0.034946236559139796
govreport_test_0284,TextRank - no_path,word:110,0.04545454545454547
govreport_test_0284,Lead - no_path,word:110,-0.0025413597348395295
govreport_test_0284,Full - no_path,word:260,-0.002224694104560637
govreport_test_0284,AB2 - AB0,word:260,-0.014102101504273934
govreport_test_0284,TextRank - no_path,word:260,0.0440296839872642
govreport_test_0284,Lead - no_path,word:260,-0.02034323499164814
govreport_test_0285,Full - no_path,unit:10,-0.01800046272007716
govreport_test_0285,AB2 - AB0,unit:10,-0.008665958946686037
govreport_test_0285,TextRank - no_path,unit:10,-0.00541885576999232
govreport_test_0285,Lead - no_path,unit:10,-0.0527274964499147
govreport_test_0285,Full - no_path,unit:5,-0.0004967105344853562
govreport_test_0285,AB2 - AB0,unit:5,-0.009723370120083619
govreport_test_0285,TextRank - no_path,unit:5,0.005618389232234899
govreport_test_0285,Lead - no_path,unit:5,-0.03865462770554809
govreport_test_0285,Full - no_path,word:110,0.0
govreport_test_0285,AB2 - AB0,word:110,-0.013773681515617003
govreport_test_0285,TextRank - no_path,word:110,0.006874520828009212
govreport_test_0285,Lead - no_path,word:110,-0.028622540250447234
govreport_test_0285,Full - no_path,word:260,0.0028169014084507005
govreport_test_0285,AB2 - AB0,word:260,-0.01078220736850477
govreport_test_0285,TextRank - no_path,word:260,0.01435864836409148
govreport_test_0285,Lead - no_path,word:260,-0.03682177452903068
govreport_test_0288,Full - no_path,unit:10,0.0036147631606063546
govreport_test_0288,AB2 - AB0,unit:10,-0.026858570791031294
govreport_test_0288,TextRank - no_path,unit:10,0.01392203659506766
govreport_test_0288,Lead - no_path,unit:10,0.0021466742762270563
govreport_test_0288,Full - no_path,unit:5,-0.00348310693138279
govreport_test_0288,AB2 - AB0,unit:5,-0.006187413498331018
govreport_test_0288,TextRank - no_path,unit:5,-0.018659650396177327
govreport_test_0288,Lead - no_path,unit:5,-0.03681826185788149
govreport_test_0288,Full - no_path,word:110,0.000175507020280824
govreport_test_0288,AB2 - AB0,word:110,-0.012304992199687989
govreport_test_0288,TextRank - no_path,word:110,-0.005908217549359246
govreport_test_0288,Lead - no_path,word:110,-0.002949492979719179
govreport_test_0288,Full - no_path,word:260,0.004838173090632558
govreport_test_0288,AB2 - AB0,word:260,-0.012827388933583567
govreport_test_0288,TextRank - no_path,word:260,0.010282033282404901
govreport_test_0288,Lead - no_path,word:260,0.0007779867997321499
govreport_test_0293,Full - no_path,unit:10,-0.007795288934078992
govreport_test_0293,AB2 - AB0,unit:10,-0.008792029151545172
govreport_test_0293,TextRank - no_path,unit:10,0.02642521797451372
govreport_test_0293,Lead - no_path,unit:10,-0.018377103122865862
govreport_test_0293,Full - no_path,unit:5,0.0
govreport_test_0293,AB2 - AB0,unit:5,0.002318193297975585
govreport_test_0293,TextRank - no_path,unit:5,-0.015074880142346425
govreport_test_0293,Lead - no_path,unit:5,-0.049549839145607316
govreport_test_0293,Full - no_path,word:110,0.0005305125592378612
govreport_test_0293,AB2 - AB0,word:110,-0.021543985637342916
govreport_test_0293,TextRank - no_path,word:110,0.026067963367446823
govreport_test_0293,Lead - no_path,word:110,-0.024694712665987356
govreport_test_0293,Full - no_path,word:260,-0.016973125884016976
govreport_test_0293,AB2 - AB0,word:260,-0.028527487588949185
govreport_test_0293,TextRank - no_path,word:260,0.033638593883601436
govreport_test_0293,Lead - no_path,word:260,-0.019801980198019792
govreport_test_0298,Full - no_path,unit:10,0.0
govreport_test_0298,AB2 - AB0,unit:10,-0.042972615702449535
govreport_test_0298,TextRank - no_path,unit:10,0.07953026095574692
govreport_test_0298,Lead - no_path,unit:10,-0.008974765072326057
govreport_test_0298,Full - no_path,unit:5,0.0
govreport_test_0298,AB2 - AB0,unit:5,-0.021564621867488643
govreport_test_0298,TextRank - no_path,unit:5,0.02458208522562566
govreport_test_0298,Lead - no_path,unit:5,-0.01732424712156222
govreport_test_0298,Full - no_path,word:110,0.0
govreport_test_0298,AB2 - AB0,word:110,0.00281369354217037
govreport_test_0298,TextRank - no_path,word:110,0.021192052980132464
govreport_test_0298,Lead - no_path,word:110,-0.018543046357615875
govreport_test_0298,Full - no_path,word:260,0.0
govreport_test_0298,AB2 - AB0,word:260,-0.07048110301667235
govreport_test_0298,TextRank - no_path,word:260,0.0734239778077321
govreport_test_0298,Lead - no_path,word:260,-0.019682167989950344
govreport_test_0310,Full - no_path,unit:10,-0.0007736251659543336
govreport_test_0310,AB2 - AB0,unit:10,0.010616629062231847
govreport_test_0310,TextRank - no_path,unit:10,-0.005241742017924683
govreport_test_0310,Lead - no_path,unit:10,-0.08123190791092483
govreport_test_0310,Full - no_path,unit:5,0.0311986607680739
govreport_test_0310,AB2 - AB0,unit:5,0.01621457774229082
govreport_test_0310,TextRank - no_path,unit:5,0.03281793518457801
govreport_test_0310,Lead - no_path,unit:5,-0.03713458922567564
govreport_test_0310,Full - no_path,word:110,0.018423851259672136
govreport_test_0310,AB2 - AB0,word:110,0.013531799729363997
govreport_test_0310,TextRank - no_path,word:110,0.02382925666507757
govreport_test_0310,Lead - no_path,word:110,-0.011753297625417491
govreport_test_0310,Full - no_path,word:260,0.006960995725040636
govreport_test_0310,AB2 - AB0,word:260,-0.006514584042673938
govreport_test_0310,TextRank - no_path,word:260,0.013702568758748507
govreport_test_0310,Lead - no_path,word:260,-0.021179052429052436
govreport_test_0314,Full - no_path,unit:10,0.00036117940555027706
govreport_test_0314,AB2 - AB0,unit:10,-0.0006610305117767945
govreport_test_0314,TextRank - no_path,unit:10,0.01799738487870256
govreport_test_0314,Lead - no_path,unit:10,-0.047693740502916554
govreport_test_0314,Full - no_path,unit:5,0.0
govreport_test_0314,AB2 - AB0,unit:5,0.027524540346734877
govreport_test_0314,TextRank - no_path,unit:5,0.026798269542566033
govreport_test_0314,Lead - no_path,unit:5,-0.02397062649522992
govreport_test_0314,Full - no_path,word:110,0.0
govreport_test_0314,AB2 - AB0,word:110,-0.005649717514124297
govreport_test_0314,TextRank - no_path,word:110,0.025587084538579843
govreport_test_0314,Lead - no_path,word:110,-0.019474806638431333
govreport_test_0314,Full - no_path,word:260,-0.004863281409372422
govreport_test_0314,AB2 - AB0,word:260,-0.013535045906952675
govreport_test_0314,TextRank - no_path,word:260,0.04641876987267893
govreport_test_0314,Lead - no_path,word:260,-0.042311281604753254
govreport_test_0328,Full - no_path,unit:10,0.0
govreport_test_0328,AB2 - AB0,unit:10,-0.008319514960881208
govreport_test_0328,TextRank - no_path,unit:10,0.01989384004638925
govreport_test_0328,Lead - no_path,unit:10,-0.05557703543320619
govreport_test_0328,Full - no_path,unit:5,0.01908272568319036
govreport_test_0328,AB2 - AB0,unit:5,-0.039965297860034665
govreport_test_0328,TextRank - no_path,unit:5,0.06657138829977285
govreport_test_0328,Lead - no_path,unit:5,-0.010169048273642248
govreport_test_0328,Full - no_path,word:110,0.010682201415773071
govreport_test_0328,AB2 - AB0,word:110,-0.008985987360504766
govreport_test_0328,TextRank - no_path,word:110,0.03704991884461231
govreport_test_0328,Lead - no_path,word:110,-0.015068871545600326
govreport_test_0328,Full - no_path,word:260,-0.00019630884081012212
govreport_test_0328,AB2 - AB0,word:260,-0.0004484435272574805
govreport_test_0328,TextRank - no_path,word:260,0.045205327413984475
govreport_test_0328,Lead - no_path,word:260,-0.03703518286747323
govreport_test_0335,Full - no_path,unit:10,-0.009579696559663703
govreport_test_0335,AB2 - AB0,unit:10,-0.05766184145129222
govreport_test_0335,TextRank - no_path,unit:10,0.06493787233681822
govreport_test_0335,Lead - no_path,unit:10,-0.0650547337242367
govreport_test_0335,Full - no_path,unit:5,-0.001337853276880907
govreport_test_0335,AB2 - AB0,unit:5,-0.04641728800707695
govreport_test_0335,TextRank - no_path,unit:5,0.001128713941982773
govreport_test_0335,Lead - no_path,unit:5,-0.07156131996852949
govreport_test_0335,Full - no_path,word:110,-0.0058823529411764774
govreport_test_0335,AB2 - AB0,word:110,-0.06744868035190615
govreport_test_0335,TextRank - no_path,word:110,0.025978954631706047
govreport_test_0335,Lead - no_path,word:110,-0.03823529411764706
govreport_test_0335,Full - no_path,word:260,-0.024249122726013483
govreport_test_0335,AB2 - AB0,word:260,-0.06289707566729008
govreport_test_0335,TextRank - no_path,word:260,0.07451923076923073
govreport_test_0335,Lead - no_path,word:260,-0.041245849474266766
govreport_test_0349,Full - no_path,unit:10,-0.012733604618774763
govreport_test_0349,AB2 - AB0,unit:10,-0.008246573909581278
govreport_test_0349,TextRank - no_path,unit:10,0.0379558426381236
govreport_test_0349,Lead - no_path,unit:10,-0.04259858576399789
govreport_test_0349,Full - no_path,unit:5,-0.029905571475277393
govreport_test_0349,AB2 - AB0,unit:5,-0.008590945700052754
govreport_test_0349,TextRank - no_path,unit:5,0.012919871195186533
govreport_test_0349,Lead - no_path,unit:5,-0.09288647771637173
govreport_test_0349,Full - no_path,word:110,0.0
govreport_test_0349,AB2 - AB0,word:110,-0.029875327420098297
govreport_test_0349,TextRank - no_path,word:110,0.029875327420098297
govreport_test_0349,Lead - no_path,word:110,-0.04697986577181208
govreport_test_0349,Full - no_path,word:260,-0.03691847943621393
govreport_test_0349,AB2 - AB0,word:260,-0.016085790884718565
govreport_test_0349,TextRank - no_path,word:260,0.03771517103017927
govreport_test_0349,Lead - no_path,word:260,-0.04204712628455459
govreport_test_0385,Full - no_path,unit:10,-0.034232034706766085
govreport_test_0385,AB2 - AB0,unit:10,0.016891773194170456
govreport_test_0385,TextRank - no_path,unit:10,-0.0015191752251136337
govreport_test_0385,Lead - no_path,unit:10,-0.08469739642880383
govreport_test_0385,Full - no_path,unit:5,-0.019732955216826165
govreport_test_0385,AB2 - AB0,unit:5,0.02654558990768982
govreport_test_0385,TextRank - no_path,unit:5,-0.05280112044817928
govreport_test_0385,Lead - no_path,unit:5,-0.12224157955865272
govreport_test_0385,Full - no_path,word:110,-0.005971244131455389
govreport_test_0385,AB2 - AB0,word:110,0.0023718817091241406
govreport_test_0385,TextRank - no_path,word:110,-0.021875000000000006
govreport_test_0385,Lead - no_path,word:110,-0.06581025741029642
govreport_test_0385,Full - no_path,word:260,0.0
govreport_test_0385,AB2 - AB0,word:260,-0.005670630354174616
govreport_test_0385,TextRank - no_path,word:260,0.020590865517618517
govreport_test_0385,Lead - no_path,word:260,-0.05830164765525983
govreport_test_0388,Full - no_path,unit:10,0.0
govreport_test_0388,AB2 - AB0,unit:10,-0.07106872095866956
govreport_test_0388,TextRank - no_path,unit:10,0.060939652781186376
govreport_test_0388,Lead - no_path,unit:10,0.02685854439232574
govreport_test_0388,Full - no_path,unit:5,0.0
govreport_test_0388,AB2 - AB0,unit:5,-0.0825151648982149
govreport_test_0388,TextRank - no_path,unit:5,0.0827770360480641
govreport_test_0388,Lead - no_path,unit:5,0.01975735426625927
govreport_test_0388,Full - no_path,word:110,0.009202453987730064
govreport_test_0388,AB2 - AB0,word:110,-0.018433179723502308
govreport_test_0388,TextRank - no_path,word:110,0.048292979909146244
govreport_test_0388,Lead - no_path,word:110,0.01533742331288343
govreport_test_0388,Full - no_path,word:260,-0.002913472340530604
govreport_test_0388,AB2 - AB0,word:260,-0.0312798504986721
govreport_test_0388,TextRank - no_path,word:260,0.07679315599126146
govreport_test_0388,Lead - no_path,word:260,0.02761410878360379
govreport_test_0394,Full - no_path,unit:10,0.0017341695632461795
govreport_test_0394,AB2 - AB0,unit:10,-0.005119231354476894
govreport_test_0394,TextRank - no_path,unit:10,0.018035343035343043
govreport_test_0394,Lead - no_path,unit:10,-0.022270471464019864
govreport_test_0394,Full - no_path,unit:5,-0.0063741047543165175
govreport_test_0394,AB2 - AB0,unit:5,0.012656811175435184
govreport_test_0394,TextRank - no_path,unit:5,-0.023174625700702473
govreport_test_0394,Lead - no_path,unit:5,-0.03880236933546982
govreport_test_0394,Full - no_path,word:110,0.0
govreport_test_0394,AB2 - AB0,word:110,-0.0028579407931484113
govreport_test_0394,TextRank - no_path,word:110,0.0026630415838823362
govreport_test_0394,Lead - no_path,word:110,0.012004282256563054
govreport_test_0394,Full - no_path,word:260,-0.0004135649296939381
govreport_test_0394,AB2 - AB0,word:260,-0.019011729558147034
govreport_test_0394,TextRank - no_path,word:260,0.03903345724907065
govreport_test_0394,Lead - no_path,word:260,-0.017783291976840337
govreport_test_0395,Full - no_path,unit:10,-0.0032280937453351144
govreport_test_0395,AB2 - AB0,unit:10,-0.020167240531234615
govreport_test_0395,TextRank - no_path,unit:10,0.0015036086607859156
govreport_test_0395,Lead - no_path,unit:10,-0.10676936122102881
govreport_test_0395,Full - no_path,unit:5,0.0
govreport_test_0395,AB2 - AB0,unit:5,-0.0002765242900539533
govreport_test_0395,TextRank - no_path,unit:5,0.005645269172702416
govreport_test_0395,Lead - no_path,unit:5,-0.13249159057096865
govreport_test_0395,Full - no_path,word:110,0.0
govreport_test_0395,AB2 - AB0,word:110,-0.06056352105253596
govreport_test_0395,TextRank - no_path,word:110,-0.0002762931424948045
govreport_test_0395,Lead - no_path,word:110,-0.07228915662650602
govreport_test_0395,Full - no_path,word:260,-0.016906588685729723
govreport_test_0395,AB2 - AB0,word:260,-0.009815950920245453
govreport_test_0395,TextRank - no_path,word:260,0.018120825652029382
govreport_test_0395,Lead - no_path,word:260,-0.06113263291177398
govreport_test_0403,Full - no_path,unit:10,0.007986774746649161
govreport_test_0403,AB2 - AB0,unit:10,-0.013971935788763823
govreport_test_0403,TextRank - no_path,unit:10,0.020296049202543548
govreport_test_0403,Lead - no_path,unit:10,-0.025893003665007353
govreport_test_0403,Full - no_path,unit:5,0.0020045718304905757
govreport_test_0403,AB2 - AB0,unit:5,0.0009971302106133728
govreport_test_0403,TextRank - no_path,unit:5,-0.0038518005311690695
govreport_test_0403,Lead - no_path,unit:5,-0.02377123767498099
govreport_test_0403,Full - no_path,word:110,0.01798554244626417
govreport_test_0403,AB2 - AB0,word:110,-0.024167922662647487
govreport_test_0403,TextRank - no_path,word:110,0.02372020021246256
govreport_test_0403,Lead - no_path,word:110,0.009519623658510681
govreport_test_0403,Full - no_path,word:260,0.013018492968621481
govreport_test_0403,AB2 - AB0,word:260,0.0007791013113307432
govreport_test_0403,TextRank - no_path,word:260,0.03691486217067816
govreport_test_0403,Lead - no_path,word:260,-0.0029281747081270626
govreport_test_0417,Full - no_path,unit:10,0.009156814303149685
govreport_test_0417,AB2 - AB0,unit:10,-0.03404808317089017
govreport_test_0417,TextRank - no_path,unit:10,0.023818262042119065
govreport_test_0417,Lead - no_path,unit:10,-0.019920374615270242
govreport_test_0417,Full - no_path,unit:5,-0.01163833805476866
govreport_test_0417,AB2 - AB0,unit:5,-0.03371727964261087
govreport_test_0417,TextRank - no_path,unit:5,0.003077974001968964
govreport_test_0417,Lead - no_path,unit:5,-0.030639305640641906
govreport_test_0417,Full - no_path,word:110,-0.011807013532334196
govreport_test_0417,AB2 - AB0,word:110,-0.021374045801526714
govreport_test_0417,TextRank - no_path,word:110,0.02211539575345481
govreport_test_0417,Lead - no_path,word:110,-0.0057187334714513816
govreport_test_0417,Full - no_path,word:260,0.012636951427484722
govreport_test_0417,AB2 - AB0,word:260,-0.04412451170675383
govreport_test_0417,TextRank - no_path,word:260,0.008191378144025568
govreport_test_0417,Lead - no_path,word:260,-0.01980198019801982
govreport_test_0421,Full - no_path,unit:10,0.0
govreport_test_0421,AB2 - AB0,unit:10,0.04410748088600433
govreport_test_0421,TextRank - no_path,unit:10,-0.00808141275067345
govreport_test_0421,Lead - no_path,unit:10,-0.04413910505836574
govreport_test_0421,Full - no_path,unit:5,0.0
govreport_test_0421,AB2 - AB0,unit:5,0.034476873186550586
govreport_test_0421,TextRank - no_path,unit:5,-0.03536123820821328
govreport_test_0421,Lead - no_path,unit:5,-0.031070584262073625
govreport_test_0421,Full - no_path,word:110,0.0
govreport_test_0421,AB2 - AB0,word:110,-0.009409012905804065
govreport_test_0421,TextRank - no_path,word:110,0.009259694063230045
govreport_test_0421,Lead - no_path,word:110,0.004710208884966149
govreport_test_0421,Full - no_path,word:260,0.0
govreport_test_0421,AB2 - AB0,word:260,-0.0024602735394102793
govreport_test_0421,TextRank - no_path,word:260,-0.006153846153846149
govreport_test_0421,Lead - no_path,word:260,-0.03881219396619803
govreport_test_0426,Full - no_path,unit:10,0.02444559618042469
govreport_test_0426,AB2 - AB0,unit:10,-0.00661069342666909
govreport_test_0426,TextRank - no_path,unit:10,0.017030925109684264
govreport_test_0426,Lead - no_path,unit:10,-0.05686181591967032
govreport_test_0426,Full - no_path,unit:5,0.00861123846353179
govreport_test_0426,AB2 - AB0,unit:5,-0.036875940437603505
govreport_test_0426,TextRank - no_path,unit:5,0.012926358127596516
govreport_test_0426,Lead - no_path,unit:5,-0.0860109982334748
govreport_test_0426,Full - no_path,word:110,0.010961987676088608
govreport_test_0426,AB2 - AB0,word:110,-0.025976055869637527
govreport_test_0426,TextRank - no_path,word:110,0.017842668228272324
govreport_test_0426,Lead - no_path,word:110,-0.020717743082781653
govreport_test_0426,Full - no_path,word:260,0.005872684114226728
govreport_test_0426,AB2 - AB0,word:260,0.008629989212513511
govreport_test_0426,TextRank - no_path,word:260,0.022656146691938106
govreport_test_0426,Lead - no_path,word:260,-0.035031513948206
govreport_test_0429,Full - no_path,unit:10,-0.004329004329004349
govreport_test_0429,AB2 - AB0,unit:10,-0.014337528953369372
govreport_test_0429,TextRank - no_path,unit:10,0.026218405250663324
govreport_test_0429,Lead - no_path,unit:10,-0.06665927718559299
govreport_test_0429,Full - no_path,unit:5,-0.02144093599789801
govreport_test_0429,AB2 - AB0,unit:5,-0.0019553360090563132
govreport_test_0429,TextRank - no_path,unit:5,0.008643795229161116
govreport_test_0429,Lead - no_path,unit:5,-0.06270903010033442
govreport_test_0429,Full - no_path,word:110,0.0
govreport_test_0429,AB2 - AB0,word:110,-0.05517330580211244
govreport_test_0429,TextRank - no_path,word:110,0.06373292867981792
govreport_test_0429,Lead - no_path,word:110,-0.006069802731411264
govreport_test_0429,Full - no_path,word:260,-0.005161073723084442
govreport_test_0429,AB2 - AB0,word:260,-0.0491989866477377
govreport_test_0429,TextRank - no_path,word:260,0.037621981947207866
govreport_test_0429,Lead - no_path,word:260,-0.017506752735430148
govreport_test_0438,Full - no_path,unit:10,0.0
govreport_test_0438,AB2 - AB0,unit:10,0.010496819466347729
govreport_test_0438,TextRank - no_path,unit:10,-0.002848546921008832
govreport_test_0438,Lead - no_path,unit:10,-0.010999897516482782
govreport_test_0438,Full - no_path,unit:5,0.01523213354199271
govreport_test_0438,AB2 - AB0,unit:5,0.02523759020109384
govreport_test_0438,TextRank - no_path,unit:5,-0.027025548443569136
govreport_test_0438,Lead - no_path,unit:5,-0.015618027666220446
govreport_test_0438,Full - no_path,word:110,0.018290247103806445
govreport_test_0438,AB2 - AB0,word:110,0.021604938271604923
govreport_test_0438,TextRank - no_path,word:110,-0.018346785734730087
govreport_test_0438,Lead - no_path,word:110,-0.018689722079552593
govreport_test_0438,Full - no_path,word:260,0.0054522356207492295
govreport_test_0438,AB2 - AB0,word:260,0.007098997493734327
govreport_test_0438,TextRank - no_path,word:260,-0.012515644555694622
govreport_test_0438,Lead - no_path,word:260,-0.00687431071016989
govreport_test_0439,Full - no_path,unit:10,-0.0025347513418834955
govreport_test_0439,AB2 - AB0,unit:10,-0.03212492865192382
govreport_test_0439,TextRank - no_path,unit:10,0.03631489433976992
govreport_test_0439,Lead - no_path,unit:10,-0.03990477329761237
govreport_test_0439,Full - no_path,unit:5,0.0
govreport_test_0439,AB2 - AB0,unit:5,-0.02791583529838562
govreport_test_0439,TextRank - no_path,unit:5,0.018064131730040095
govreport_test_0439,Lead - no_path,unit:5,-0.04331965344277244
govreport_test_0439,Full - no_path,word:110,0.0001561076045498988
govreport_test_0439,AB2 - AB0,word:110,-0.023793303346634098
govreport_test_0439,TextRank - no_path,word:110,0.04398079194157303
govreport_test_0439,Lead - no_path,word:110,-0.002598538480552165
govreport_test_0439,Full - no_path,word:260,0.00020481252542375872
govreport_test_0439,AB2 - AB0,word:260,-0.009737128812855433
govreport_test_0439,TextRank - no_path,word:260,0.021684526129242404
govreport_test_0439,Lead - no_path,word:260,-0.018888266233526102
govreport_test_0449,Full - no_path,unit:10,-0.0009013358418787365
govreport_test_0449,AB2 - AB0,unit:10,-0.00502545246416275
govreport_test_0449,TextRank - no_path,unit:10,0.021592278050918956
govreport_test_0449,Lead - no_path,unit:10,-0.030591651393150593
govreport_test_0449,Full - no_path,unit:5,-0.019104982700709677
govreport_test_0449,AB2 - AB0,unit:5,0.009294501703516811
govreport_test_0449,TextRank - no_path,unit:5,-0.003847043850514903
govreport_test_0449,Lead - no_path,unit:5,-0.08085379553843687
govreport_test_0449,Full - no_path,word:110,0.0
govreport_test_0449,AB2 - AB0,word:110,-0.03818225105648475
govreport_test_0449,TextRank - no_path,word:110,0.047645973453961085
govreport_test_0449,Lead - no_path,word:110,0.006636509731563628
govreport_test_0449,Full - no_path,word:260,-0.020304568527918815
govreport_test_0449,AB2 - AB0,word:260,-0.01245874428210228
govreport_test_0449,TextRank - no_path,word:260,0.007369734869686589
govreport_test_0449,Lead - no_path,word:260,-0.03221796332746299
govreport_test_0454,Full - no_path,unit:10,0.0
govreport_test_0454,AB2 - AB0,unit:10,-0.01947496947496949
govreport_test_0454,TextRank - no_path,unit:10,0.03740863577782383
govreport_test_0454,Lead - no_path,unit:10,-0.04216062194392656
govreport_test_0454,Full - no_path,unit:5,0.0
govreport_test_0454,AB2 - AB0,unit:5,-0.03253717494149877
govreport_test_0454,TextRank - no_path,unit:5,0.05471056883391831
govreport_test_0454,Lead - no_path,unit:5,-0.020122887864823358
govreport_test_0454,Full - no_path,word:110,0.0
govreport_test_0454,AB2 - AB0,word:110,-0.04342727397482442
govreport_test_0454,TextRank - no_path,word:110,0.025745858644496494
govreport_test_0454,Lead - no_path,word:110,-0.009067266465171864
govreport_test_0454,Full - no_path,word:260,0.0
govreport_test_0454,AB2 - AB0,word:260,-0.03745314135830957
govreport_test_0454,TextRank - no_path,word:260,0.047538713332494015
govreport_test_0454,Lead - no_path,word:260,-0.019091160290386627
govreport_test_0463,Full - no_path,unit:10,0.0015986090934019537
govreport_test_0463,AB2 - AB0,unit:10,-0.03571713306226579
govreport_test_0463,TextRank - no_path,unit:10,0.07181883359291952
govreport_test_0463,Lead - no_path,unit:10,-0.037588645321108935
govreport_test_0463,Full - no_path,unit:5,-0.00254387210908949
govreport_test_0463,AB2 - AB0,unit:5,0.007776989012619057
govreport_test_0463,TextRank - no_path,unit:5,0.045904625509204086
govreport_test_0463,Lead - no_path,unit:5,-0.03284731698828615
govreport_test_0463,Full - no_path,word:110,-0.004350292703350175
govreport_test_0463,AB2 - AB0,word:110,-0.031180400890868626
govreport_test_0463,TextRank - no_path,word:110,0.02027522219039364
govreport_test_0463,Lead - no_path,word:110,-0.01771332165657956
govreport_test_0463,Full - no_path,word:260,-0.007372342287838812
govreport_test_0463,AB2 - AB0,word:260,-0.034169219685778546
govreport_test_0463,TextRank - no_path,word:260,0.06317103235467786
govreport_test_0463,Lead - no_path,word:260,-0.011069065448391577
govreport_test_0469,Full - no_path,unit:10,0.0
govreport_test_0469,AB2 - AB0,unit:10,0.020243911429023292
govreport_test_0469,TextRank - no_path,unit:10,-0.012414152996177125
govreport_test_0469,Lead - no_path,unit:10,-0.04727772359216639
govreport_test_0469,Full - no_path,unit:5,0.0
govreport_test_0469,AB2 - AB0,unit:5,-0.004618358317941662
govreport_test_0469,TextRank - no_path,unit:5,0.008274623566790984
govreport_test_0469,Lead - no_path,unit:5,-0.04555855751675898
govreport_test_0469,Full - no_path,word:110,0.0
govreport_test_0469,AB2 - AB0,word:110,-0.008344923504867846
govreport_test_0469,TextRank - no_path,word:110,0.013760523381623396
govreport_test_0469,Lead - no_path,word:110,-0.03407163581713586
govreport_test_0469,Full - no_path,word:260,0.0
govreport_test_0469,AB2 - AB0,word:260,0.0
govreport_test_0469,TextRank - no_path,word:260,-0.011103988065137349
govreport_test_0469,Lead - no_path,word:260,-0.046833073076447046
govreport_test_0482,Full - no_path,unit:10,0.0
govreport_test_0482,AB2 - AB0,unit:10,0.004273093173055437
govreport_test_0482,TextRank - no_path,unit:10,0.02919639621627701
govreport_test_0482,Lead - no_path,unit:10,-0.041569125182155775
govreport_test_0482,Full - no_path,unit:5,0.0
govreport_test_0482,AB2 - AB0,unit:5,0.015779816513761424
govreport_test_0482,TextRank - no_path,unit:5,0.0007032587406116397
govreport_test_0482,Lead - no_path,unit:5,-0.049425217869949384
govreport_test_0482,Full - no_path,word:110,0.0
govreport_test_0482,AB2 - AB0,word:110,0.018970189701896997
govreport_test_0482,TextRank - no_path,word:110,-0.013550135501355004
govreport_test_0482,Lead - no_path,word:110,-0.038218706511389394
govreport_test_0482,Full - no_path,word:260,0.0
govreport_test_0482,AB2 - AB0,word:260,0.012681664848961355
govreport_test_0482,TextRank - no_path,word:260,0.022717599489253032
govreport_test_0482,Lead - no_path,word:260,-0.03437056370193367
govreport_test_0484,Full - no_path,unit:10,-0.012075316396183755
govreport_test_0484,AB2 - AB0,unit:10,-0.038323136402648866
govreport_test_0484,TextRank - no_path,unit:10,0.036903543280627754
govreport_test_0484,Lead - no_path,unit:10,-0.0916910173137846
govreport_test_0484,Full - no_path,unit:5,0.007570821043967335
govreport_test_0484,AB2 - AB0,unit:5,-0.0007862161257945477
govreport_test_0484,TextRank - no_path,unit:5,0.019167385677307996
govreport_test_0484,Lead - no_path,unit:5,-0.0762728796709616
govreport_test_0484,Full - no_path,word:110,0.030702138370286042
govreport_test_0484,AB2 - AB0,word:110,-0.011966775372627955
govreport_test_0484,TextRank - no_path,word:110,0.014308695747335232
govreport_test_0484,Lead - no_path,word:110,-0.016136269123859154
govreport_test_0484,Full - no_path,word:260,-0.0036381420426080113
govreport_test_0484,AB2 - AB0,word:260,-0.05577689243027892
govreport_test_0484,TextRank - no_path,word:260,0.007968127490039834
govreport_test_0484,Lead - no_path,word:260,-0.0458167330677291
govreport_test_0486,Full - no_path,unit:10,-0.02137450585819789
govreport_test_0486,AB2 - AB0,unit:10,-0.003181016067614034
govreport_test_0486,TextRank - no_path,unit:10,-0.0182309387959263
govreport_test_0486,Lead - no_path,unit:10,-0.07690129999547038
govreport_test_0486,Full - no_path,unit:5,0.000725168940456461
govreport_test_0486,AB2 - AB0,unit:5,0.0365032702838681
govreport_test_0486,TextRank - no_path,unit:5,-0.013771186440677957
govreport_test_0486,Lead - no_path,unit:5,-0.04554769001490315
govreport_test_0486,Full - no_path,word:110,0.01208415516107822
govreport_test_0486,AB2 - AB0,word:110,-0.017312520850525842
govreport_test_0486,TextRank - no_path,word:110,0.024204168349340693
govreport_test_0486,Lead - no_path,word:110,-0.035323252246329165
govreport_test_0486,Full - no_path,word:260,-0.007037363930567836
govreport_test_0486,AB2 - AB0,word:260,-0.02154523442659037
govreport_test_0486,TextRank - no_path,word:260,0.03422477199176224
govreport_test_0486,Lead - no_path,word:260,-0.04140582581260549
govreport_test_0489,Full - no_path,unit:10,0.0
govreport_test_0489,AB2 - AB0,unit:10,-0.004500818330605588
govreport_test_0489,TextRank - no_path,unit:10,0.026448801742919387
govreport_test_0489,Lead - no_path,unit:10,-0.06507282563462338
govreport_test_0489,Full - no_path,unit:5,0.0
govreport_test_0489,AB2 - AB0,unit:5,-0.014550687559961667
govreport_test_0489,TextRank - no_path,unit:5,0.01951130403013246
govreport_test_0489,Lead - no_path,unit:5,-0.03508627997921629
govreport_test_0489,Full - no_path,word:110,0.0
govreport_test_0489,AB2 - AB0,word:110,0.0012544977146747016
govreport_test_0489,TextRank - no_path,word:110,0.02722389674627096
govreport_test_0489,Lead - no_path,word:110,-0.04795642953537693
govreport_test_0489,Full - no_path,word:260,0.0
govreport_test_0489,AB2 - AB0,word:260,-0.0188003875014367
govreport_test_0489,TextRank - no_path,word:260,0.03699843668577382
govreport_test_0489,Lead - no_path,word:260,-0.04220948410630532
govreport_test_0493,Full - no_path,unit:10,0.0
govreport_test_0493,AB2 - AB0,unit:10,0.005281355346183791
govreport_test_0493,TextRank - no_path,unit:10,-0.02013645583625301
govreport_test_0493,Lead - no_path,unit:10,-0.07967704179253016
govreport_test_0493,Full - no_path,unit:5,0.0
govreport_test_0493,AB2 - AB0,unit:5,-0.005318186751564674
govreport_test_0493,TextRank - no_path,unit:5,0.012058212058212087
govreport_test_0493,Lead - no_path,unit:5,-0.08985266379117038
govreport_test_0493,Full - no_path,word:110,0.0
govreport_test_0493,AB2 - AB0,word:110,0.009253325284566655
govreport_test_0493,TextRank - no_path,word:110,-0.0055712170516048765
govreport_test_0493,Lead - no_path,word:110,-0.03501524212490213
govreport_test_0493,Full - no_path,word:260,-0.0018630883362789896
govreport_test_0493,AB2 - AB0,word:260,0.0018789865738882139
govreport_test_0493,TextRank - no_path,word:260,-0.0031250524572368765
govreport_test_0493,Lead - no_path,word:260,-0.03965883539681378
govreport_test_0505,Full - no_path,unit:10,0.0
govreport_test_0505,AB2 - AB0,unit:10,-0.016941529584757753
govreport_test_0505,TextRank - no_path,unit:10,0.020532741398446186
govreport_test_0505,Lead - no_path,unit:10,-0.04533813525410166
govreport_test_0505,Full - no_path,unit:5,0.0
govreport_test_0505,AB2 - AB0,unit:5,-0.029415408439798674
govreport_test_0505,TextRank - no_path,unit:5,0.001773635218279418
govreport_test_0505,Lead - no_path,unit:5,-0.08321441784260875
govreport_test_0505,Full - no_path,word:110,0.0
govreport_test_0505,AB2 - AB0,word:110,-0.02163833075734159
govreport_test_0505,TextRank - no_path,word:110,0.00903431412425057
govreport_test_0505,Lead - no_path,word:110,-0.03989192931177046
govreport_test_0505,Full - no_path,word:260,0.0
govreport_test_0505,AB2 - AB0,word:260,-0.02509410288582184
govreport_test_0505,TextRank - no_path,word:260,0.03764115432873272
govreport_test_0505,Lead - no_path,word:260,-0.0066548421650546585
govreport_test_0509,Full - no_path,unit:10,-0.013795701963317336
govreport_test_0509,AB2 - AB0,unit:10,-0.0007996825687513476
govreport_test_0509,TextRank - no_path,unit:10,-0.00409194502635879
govreport_test_0509,Lead - no_path,unit:10,-0.044856967561378136
govreport_test_0509,Full - no_path,unit:5,0.008582887700534753
govreport_test_0509,AB2 - AB0,unit:5,-0.005507231240199667
govreport_test_0509,TextRank - no_path,unit:5,0.010855614973262068
govreport_test_0509,Lead - no_path,unit:5,-0.03537440172919559
govreport_test_0509,Full - no_path,word:110,0.0
govreport_test_0509,AB2 - AB0,word:110,-0.02332067749424771
govreport_test_0509,TextRank - no_path,word:110,0.020306777386952912
govreport_test_0509,Lead - no_path,word:110,-0.013025749058787964
govreport_test_0509,Full - no_path,word:260,-0.004376367614879667
govreport_test_0509,AB2 - AB0,word:260,0.0045477706399737194
govreport_test_0509,TextRank - no_path,word:260,0.016141716381917665
govreport_test_0509,Lead - no_path,word:260,-0.017347288497535
govreport_test_0510,Full - no_path,unit:10,0.0
govreport_test_0510,AB2 - AB0,unit:10,-0.023180762357012996
govreport_test_0510,TextRank - no_path,unit:10,0.018611258195056685
govreport_test_0510,Lead - no_path,unit:10,-0.04280527903241238
govreport_test_0510,Full - no_path,unit:5,0.0
govreport_test_0510,AB2 - AB0,unit:5,0.01889338731443993
govreport_test_0510,TextRank - no_path,unit:5,0.01845712341118233
govreport_test_0510,Lead - no_path,unit:5,-0.007331628303495291
govreport_test_0510,Full - no_path,word:110,0.0
govreport_test_0510,AB2 - AB0,word:110,0.00246812011517894
govreport_test_0510,TextRank - no_path,word:110,-0.009557109557109575
govreport_test_0510,Lead - no_path,word:110,0.0026824132564313846
govreport_test_0510,Full - no_path,word:260,0.0
govreport_test_0510,AB2 - AB0,word:260,-0.059813580604655664
govreport_test_0510,TextRank - no_path,word:260,0.041892217009503185
govreport_test_0510,Lead - no_path,word:260,-0.0035430013589594356
govreport_test_0512,Full - no_path,unit:10,-0.0010828157146091089
govreport_test_0512,AB2 - AB0,unit:10,0.008974859580091893
govreport_test_0512,TextRank - no_path,unit:10,0.011956387397698998
govreport_test_0512,Lead - no_path,unit:10,-0.03812602237780538
govreport_test_0512,Full - no_path,unit:5,0.0
govreport_test_0512,AB2 - AB0,unit:5,-0.02611691831204027
govreport_test_0512,TextRank - no_path,unit:5,0.02611691831204027
govreport_test_0512,Lead - no_path,unit:5,-0.03369505798062275
govreport_test_0512,Full - no_path,word:110,0.0
govreport_test_0512,AB2 - AB0,word:110,-0.04679318121010591
govreport_test_0512,TextRank - no_path,word:110,0.031313305049115184
govreport_test_0512,Lead - no_path,word:110,0.0
govreport_test_0512,Full - no_path,word:260,0.00250312891113888
govreport_test_0512,AB2 - AB0,word:260,-0.03806828799487444
govreport_test_0512,TextRank - no_path,word:260,0.025527517929406718
govreport_test_0512,Lead - no_path,word:260,-0.015215894868585739
govreport_test_0530,Full - no_path,unit:10,-0.005757678794060972
govreport_test_0530,AB2 - AB0,unit:10,-0.03149819770283485
govreport_test_0530,TextRank - no_path,unit:10,0.024867357144067986
govreport_test_0530,Lead - no_path,unit:10,-0.06807802254869127
govreport_test_0530,Full - no_path,unit:5,0.0
govreport_test_0530,AB2 - AB0,unit:5,-0.00241550475829147
govreport_test_0530,TextRank - no_path,unit:5,0.010756364401430685
govreport_test_0530,Lead - no_path,unit:5,-0.04980887292945674
govreport_test_0530,Full - no_path,word:110,0.0
govreport_test_0530,AB2 - AB0,word:110,0.0004264053799657719
govreport_test_0530,TextRank - no_path,word:110,-0.0004264053799657719
govreport_test_0530,Lead - no_path,word:110,-0.018285812934997897
govreport_test_0530,Full - no_path,word:260,-0.021601146601146592
govreport_test_0530,AB2 - AB0,word:260,-0.016330891330891356
govreport_test_0530,TextRank - no_path,word:260,0.0021929824561403854
govreport_test_0530,Lead - no_path,word:260,-0.04676662586699304
govreport_test_0531,Full - no_path,unit:10,0.0
govreport_test_0531,AB2 - AB0,unit:10,0.004668993097124208
govreport_test_0531,TextRank - no_path,unit:10,-0.002437020810514834
govreport_test_0531,Lead - no_path,unit:10,-0.007414649445861565
govreport_test_0531,Full - no_path,unit:5,-0.0011439029970258807
govreport_test_0531,AB2 - AB0,unit:5,0.0018573435305134778
govreport_test_0531,TextRank - no_path,unit:5,-0.007923805937362721
govreport_test_0531,Lead - no_path,unit:5,-0.003952216807322023
govreport_test_0531,Full - no_path,word:110,-0.005846917080085043
govreport_test_0531,AB2 - AB0,word:110,-0.021297861127768977
govreport_test_0531,TextRank - no_path,word:110,0.003012048192771108
govreport_test_0531,Lead - no_path,word:110,0.00903614457831324
govreport_test_0531,Full - no_path,word:260,-0.00019897197811308276
govreport_test_0531,AB2 - AB0,word:260,-0.019873613969554893
govreport_test_0531,TextRank - no_path,word:260,0.012714685128478231
govreport_test_0531,Lead - no_path,word:260,-0.007750397456279784
govreport_test_0536,Full - no_path,unit:10,0.0
govreport_test_0536,AB2 - AB0,unit:10,-0.0174992492394469
govreport_test_0536,TextRank - no_path,unit:10,-0.008402102615729268
govreport_test_0536,Lead - no_path,unit:10,-0.06391955014727324
govreport_test_0536,Full - no_path,unit:5,0.0
govreport_test_0536,AB2 - AB0,unit:5,-0.006627280367825228
govreport_test_0536,TextRank - no_path,unit:5,0.006627280367825228
govreport_test_0536,Lead - no_path,unit:5,-0.05417396242487338
govreport_test_0536,Full - no_path,word:110,0.0
govreport_test_0536,AB2 - AB0,word:110,0.01181297461053099
govreport_test_0536,TextRank - no_path,word:110,0.03623264112125493
govreport_test_0536,Lead - no_path,word:110,0.011166183107672478
govreport_test_0536,Full - no_path,word:260,0.0
govreport_test_0536,AB2 - AB0,word:260,-0.01586268029503815
govreport_test_0536,TextRank - no_path,word:260,0.036939963667403514
govreport_test_0536,Lead - no_path,word:260,-0.012539373195110864
govreport_test_0538,Full - no_path,unit:10,-0.002216390607048535
govreport_test_0538,AB2 - AB0,unit:10,0.03477851112111677
govreport_test_0538,TextRank - no_path,unit:10,-0.0323800925627378
govreport_test_0538,Lead - no_path,unit:10,-0.058774961597542225
govreport_test_0538,Full - no_path,unit:5,0.025238667543481696
govreport_test_0538,AB2 - AB0,unit:5,0.021444901438701564
govreport_test_0538,TextRank - no_path,unit:5,0.004691221401592588
govreport_test_0538,Lead - no_path,unit:5,-0.03903650297468993
govreport_test_0538,Full - no_path,word:110,0.04513093652907235
govreport_test_0538,AB2 - AB0,word:110,0.0001629033628920279
govreport_test_0538,TextRank - no_path,word:110,0.026135458167330677
govreport_test_0538,Lead - no_path,word:110,-0.00826241134751772
govreport_test_0538,Full - no_path,word:260,0.0420819490586932
govreport_test_0538,AB2 - AB0,word:260,-0.013656966819064809
govreport_test_0538,TextRank - no_path,word:260,0.013107733317653053
govreport_test_0538,Lead - no_path,word:260,0.00903615197432553
govreport_test_0540,Full - no_path,unit:10,-0.01705225007550587
govreport_test_0540,AB2 - AB0,unit:10,-0.0003396264109479241
govreport_test_0540,TextRank - no_path,unit:10,0.011567363933776165
govreport_test_0540,Lead - no_path,unit:10,-0.04498942917547566
govreport_test_0540,Full - no_path,unit:5,0.0
govreport_test_0540,AB2 - AB0,unit:5,0.011370223090921339
govreport_test_0540,TextRank - no_path,unit:5,0.02670282172957744
govreport_test_0540,Lead - no_path,unit:5,-0.04151507624572014
govreport_test_0540,Full - no_path,word:110,0.0
govreport_test_0540,AB2 - AB0,word:110,0.0055696159385092425
govreport_test_0540,TextRank - no_path,word:110,0.04132087083752242
govreport_test_0540,Lead - no_path,word:110,-0.023352317019617985
govreport_test_0540,Full - no_path,word:260,-0.02598460928052307
govreport_test_0540,AB2 - AB0,word:260,-0.012466084741816374
govreport_test_0540,TextRank - no_path,word:260,0.017635892355245764
govreport_test_0540,Lead - no_path,word:260,-0.038925516834584395
govreport_test_0543,Full - no_path,unit:10,-0.041798905741934206
govreport_test_0543,AB2 - AB0,unit:10,0.004581406405324812
govreport_test_0543,TextRank - no_path,unit:10,0.0063767064980925214
govreport_test_0543,Lead - no_path,unit:10,-0.08464510928832203
govreport_test_0543,Full - no_path,unit:5,0.01983535040810583
govreport_test_0543,AB2 - AB0,unit:5,-0.022543310919219045
govreport_test_0543,TextRank - no_path,unit:5,0.015585220522981974
govreport_test_0543,Lead - no_path,unit:5,-0.07887525594664731
govreport_test_0543,Full - no_path,word:110,-0.036568087621728806
govreport_test_0543,AB2 - AB0,word:110,0.0
govreport_test_0543,TextRank - no_path,word:110,0.006571456231012823
govreport_test_0543,Lead - no_path,word:110,-0.036568087621728806
govreport_test_0543,Full - no_path,word:260,0.0018467220683287267
govreport_test_0543,AB2 - AB0,word:260,-0.029574861367837352
govreport_test_0543,TextRank - no_path,word:260,0.013090904125768243
govreport_test_0543,Lead - no_path,word:260,-0.02057946223793783
govreport_test_0561,Full - no_path,unit:10,0.016561085972850692
govreport_test_0561,AB2 - AB0,unit:10,-0.007719958918178699
govreport_test_0561,TextRank - no_path,unit:10,0.039203334877257995
govreport_test_0561,Lead - no_path,unit:10,0.045833530199228284
govreport_test_0561,Full - no_path,unit:5,-0.013737213629988754
govreport_test_0561,AB2 - AB0,unit:5,0.03524328198375759
govreport_test_0561,TextRank - no_path,unit:5,0.010822482779469206
govreport_test_0561,Lead - no_path,unit:5,0.02322558355466306
govreport_test_0561,Full - no_path,word:110,0.0
govreport_test_0561,AB2 - AB0,word:110,0.0027638108133464234
govreport_test_0561,TextRank - no_path,word:110,0.03170429704816788
govreport_test_0561,Lead - no_path,word:110,0.0447284345047923
govreport_test_0561,Full - no_path,word:260,0.012820512820512803
govreport_test_0561,AB2 - AB0,word:260,0.012605971006266675
govreport_test_0561,TextRank - no_path,word:260,0.062059191879243275
govreport_test_0561,Lead - no_path,word:260,0.08090984284532668
govreport_test_0562,Full - no_path,unit:10,-0.008678678678678692
govreport_test_0562,AB2 - AB0,unit:10,-0.015998588359850602
govreport_test_0562,TextRank - no_path,unit:10,0.02215286808264702
govreport_test_0562,Lead - no_path,unit:10,-0.07955732625055335
govreport_test_0562,Full - no_path,unit:5,-0.026449586478058507
govreport_test_0562,AB2 - AB0,unit:5,0.0022657736852730592
govreport_test_0562,TextRank - no_path,unit:5,-0.011710988035344372
govreport_test_0562,Lead - no_path,unit:5,-0.08398053910263642
govreport_test_0562,Full - no_path,word:110,-0.007327661408676217
govreport_test_0562,AB2 - AB0,word:110,-0.020461266247482124
govreport_test_0562,TextRank - no_path,word:110,0.03164458936213574
govreport_test_0562,Lead - no_path,word:110,-0.0533708268763021
govreport_test_0562,Full - no_path,word:260,-0.008372850185986158
govreport_test_0562,AB2 - AB0,word:260,-0.02563074583534941
govreport_test_0562,TextRank - no_path,word:260,0.050058480173644254
govreport_test_0562,Lead - no_path,word:260,-0.050926041675347866
govreport_test_0582,Full - no_path,unit:10,0.0
govreport_test_0582,AB2 - AB0,unit:10,0.020085529118303747
govreport_test_0582,TextRank - no_path,unit:10,-0.04158441782039621
govreport_test_0582,Lead - no_path,unit:10,-0.1460333207151466
govreport_test_0582,Full - no_path,unit:5,0.0
govreport_test_0582,AB2 - AB0,unit:5,0.019798843747525136
govreport_test_0582,TextRank - no_path,unit:5,-0.04597163889265227
govreport_test_0582,Lead - no_path,unit:5,-0.1535220237566278
govreport_test_0582,Full - no_path,word:110,0.0
govreport_test_0582,AB2 - AB0,word:110,-0.009142965183804641
govreport_test_0582,TextRank - no_path,word:110,0.03484320557491287
govreport_test_0582,Lead - no_path,word:110,-0.030289066563188013
govreport_test_0582,Full - no_path,word:260,0.0
govreport_test_0582,AB2 - AB0,word:260,-0.07372417687260263
govreport_test_0582,TextRank - no_path,word:260,-0.030270573982055404
govreport_test_0582,Lead - no_path,word:260,-0.10274113464758935
govreport_test_0584,Full - no_path,unit:10,0.0013071022075123173
govreport_test_0584,AB2 - AB0,unit:10,-0.016599322740989075
govreport_test_0584,TextRank - no_path,unit:10,0.00023527080908392062
govreport_test_0584,Lead - no_path,unit:10,-0.04310285306595271
govreport_test_0584,Full - no_path,unit:5,0.009854661467564696
govreport_test_0584,AB2 - AB0,unit:5,-0.009384567496875634
govreport_test_0584,TextRank - no_path,unit:5,0.013410656034795188
govreport_test_0584,Lead - no_path,unit:5,-0.022384805823448983
govreport_test_0584,Full - no_path,word:110,0.0
govreport_test_0584,AB2 - AB0,word:110,-0.014035087719298248
govreport_test_0584,TextRank - no_path,word:110,0.023364485981308414
govreport_test_0584,Lead - no_path,word:110,-0.004811939061494658
govreport_test_0584,Full - no_path,word:260,0.013575915027761731
govreport_test_0584,AB2 - AB0,word:260,-0.015544916924809915
govreport_test_0584,TextRank - no_path,word:260,0.03325328279731124
govreport_test_0584,Lead - no_path,word:260,-0.008454760896829755
govreport_test_0606,Full - no_path,unit:10,-0.015488308919104465
govreport_test_0606,AB2 - AB0,unit:10,-0.026444093983053113
govreport_test_0606,TextRank - no_path,unit:10,0.04939303399427508
govreport_test_0606,Lead - no_path,unit:10,-0.038019553418312285
govreport_test_0606,Full - no_path,unit:5,0.0031686691179786397
govreport_test_0606,AB2 - AB0,unit:5,-0.029444147601237036
govreport_test_0606,TextRank - no_path,unit:5,-0.0002772998556780648
govreport_test_0606,Lead - no_path,unit:5,-0.07971784302893811
govreport_test_0606,Full - no_path,word:110,0.0
govreport_test_0606,AB2 - AB0,word:110,0.003029350559264704
govreport_test_0606,TextRank - no_path,word:110,0.019465880516777972
govreport_test_0606,Lead - no_path,word:110,-0.03273144447887952
govreport_test_0606,Full - no_path,word:260,0.0
govreport_test_0606,AB2 - AB0,word:260,-0.035259426563774426
govreport_test_0606,TextRank - no_path,word:260,0.00527704485488123
govreport_test_0606,Lead - no_path,word:260,-0.04461786736283693
govreport_test_0612,Full - no_path,unit:10,0.006529484227689203
govreport_test_0612,AB2 - AB0,unit:10,-3.4671659385587805e-05
govreport_test_0612,TextRank - no_path,unit:10,0.014943960149439606
govreport_test_0612,Lead - no_path,unit:10,0.0363426927079096
govreport_test_0612,Full - no_path,unit:5,0.0040175154035983485
govreport_test_0612,AB2 - AB0,unit:5,-0.0006681430001079652
govreport_test_0612,TextRank - no_path,unit:5,-0.0035289309695760163
govreport_test_0612,Lead - no_path,unit:5,-0.008617989493749062
govreport_test_0612,Full - no_path,word:110,0.0
govreport_test_0612,AB2 - AB0,word:110,-0.017499999999999988
govreport_test_0612,TextRank - no_path,word:110,0.02250000000000002
govreport_test_0612,Lead - no_path,word:110,0.009868913857677922
govreport_test_0612,Full - no_path,word:260,0.0
govreport_test_0612,AB2 - AB0,word:260,-0.020631036025367755
govreport_test_0612,TextRank - no_path,word:260,0.03315334241494197
govreport_test_0612,Lead - no_path,word:260,0.03733307073260134
govreport_test_0623,Full - no_path,unit:10,-0.0021813188723189547
govreport_test_0623,AB2 - AB0,unit:10,-0.014865651372587024
govreport_test_0623,TextRank - no_path,unit:10,0.012296768882486125
govreport_test_0623,Lead - no_path,unit:10,0.031262234750606854
govreport_test_0623,Full - no_path,unit:5,-0.015156994903830337
govreport_test_0623,AB2 - AB0,unit:5,0.04040926753095836
govreport_test_0623,TextRank - no_path,unit:5,-0.03337601365770379
govreport_test_0623,Lead - no_path,unit:5,-0.008929532006455076
govreport_test_0623,Full - no_path,word:110,0.0
govreport_test_0623,AB2 - AB0,word:110,-0.02056432329029173
govreport_test_0623,TextRank - no_path,word:110,0.06944513436987731
govreport_test_0623,Lead - no_path,word:110,0.020325203252032506
govreport_test_0623,Full - no_path,word:260,0.0
govreport_test_0623,AB2 - AB0,word:260,-0.03466792047934225
govreport_test_0623,TextRank - no_path,word:260,0.05641192568748718
govreport_test_0623,Lead - no_path,word:260,0.033057416896597025
govreport_test_0628,Full - no_path,unit:10,-0.008041724808758144
govreport_test_0628,AB2 - AB0,unit:10,-0.014331293821065572
govreport_test_0628,TextRank - no_path,unit:10,0.002488427232697321
govreport_test_0628,Lead - no_path,unit:10,0.01350385745977098
govreport_test_0628,Full - no_path,unit:5,-0.025848491238483498
govreport_test_0628,AB2 - AB0,unit:5,0.020778972825049313
govreport_test_0628,TextRank - no_path,unit:5,-0.012585812356979392
govreport_test_0628,Lead - no_path,unit:5,-0.036637878004970356
govreport_test_0628,Full - no_path,word:110,-0.020253164556962022
govreport_test_0628,AB2 - AB0,word:110,-0.023196041894236352
govreport_test_0628,TextRank - no_path,word:110,0.02998977112901162
govreport_test_0628,Lead - no_path,word:110,0.030184512474195443
govreport_test_0628,Full - no_path,word:260,-0.027600849256900234
govreport_test_0628,AB2 - AB0,word:260,-0.04700522305379068
govreport_test_0628,TextRank - no_path,word:260,0.04058337902263254
govreport_test_0628,Lead - no_path,word:260,0.04508289289424944
govreport_test_0636,Full - no_path,unit:10,-0.0036630036630036777
govreport_test_0636,AB2 - AB0,unit:10,-0.020916833667334683
govreport_test_0636,TextRank - no_path,unit:10,0.03076115601165702
govreport_test_0636,Lead - no_path,unit:10,-0.01600154231733178
govreport_test_0636,Full - no_path,unit:5,0.0014625313399573014
govreport_test_0636,AB2 - AB0,unit:5,-0.013119578211691157
govreport_test_0636,TextRank - no_path,unit:5,0.016511763535904167
govreport_test_0636,Lead - no_path,unit:5,-0.04555669050051071
govreport_test_0636,Full - no_path,word:110,0.0
govreport_test_0636,AB2 - AB0,word:110,-0.00012786335508617463
govreport_test_0636,TextRank - no_path,word:110,0.04851122474884852
govreport_test_0636,Lead - no_path,word:110,-0.006494275801206512
govreport_test_0636,Full - no_path,word:260,0.0
govreport_test_0636,AB2 - AB0,word:260,-0.030372191636823642
govreport_test_0636,TextRank - no_path,word:260,0.06764751300606503
govreport_test_0636,Lead - no_path,word:260,0.0033129477794391904
govreport_test_0642,Full - no_path,unit:10,-0.03690100392437151
govreport_test_0642,AB2 - AB0,unit:10,-0.07823045012692711
govreport_test_0642,TextRank - no_path,unit:10,0.04680195787273825
govreport_test_0642,Lead - no_path,unit:10,0.0704828884917661
govreport_test_0642,Full - no_path,unit:5,-0.007344506517690863
govreport_test_0642,AB2 - AB0,unit:5,-0.07603480767931284
govreport_test_0642,TextRank - no_path,unit:5,-0.008421857658481052
govreport_test_0642,Lead - no_path,unit:5,0.025714458584595534
govreport_test_0642,Full - no_path,word:110,0.0
govreport_test_0642,AB2 - AB0,word:110,-0.1025963655721441
govreport_test_0642,TextRank - no_path,word:110,0.029557271719638498
govreport_test_0642,Lead - no_path,word:110,0.09624712636760833
govreport_test_0642,Full - no_path,word:260,-0.012352388769345662
govreport_test_0642,AB2 - AB0,word:260,-0.10010943809200351
govreport_test_0642,TextRank - no_path,word:260,0.0763668749811309
govreport_test_0642,Lead - no_path,word:260,0.12569436593178818
govreport_test_0643,Full - no_path,unit:10,-0.009059806074731419
govreport_test_0643,AB2 - AB0,unit:10,0.052769711988394474
govreport_test_0643,TextRank - no_path,unit:10,0.09076038344331025
govreport_test_0643,Lead - no_path,unit:10,0.028859294076685443
govreport_test_0643,Full - no_path,unit:5,-0.004161982443131512
govreport_test_0643,AB2 - AB0,unit:5,-0.0595905565938433
govreport_test_0643,TextRank - no_path,unit:5,0.03216969825779448
govreport_test_0643,Lead - no_path,unit:5,0.021668416580601424
govreport_test_0643,Full - no_path,word:110,0.0
govreport_test_0643,AB2 - AB0,word:110,-0.04354979539708606
govreport_test_0643,TextRank - no_path,word:110,0.06418485237483956
govreport_test_0643,Lead - no_path,word:110,0.037750202063424165
govreport_test_0643,Full - no_path,word:260,-0.016967668936519825
govreport_test_0643,AB2 - AB0,word:260,-0.015276180771199244
govreport_test_0643,TextRank - no_path,word:260,0.10521882624032905
govreport_test_0643,Lead - no_path,word:260,0.04734101273550592
govreport_test_0644,Full - no_path,unit:10,0.0
govreport_test_0644,AB2 - AB0,unit:10,-0.027777777777777762
govreport_test_0644,TextRank - no_path,unit:10,0.021480769152739054
govreport_test_0644,Lead - no_path,unit:10,0.03686747626675152
govreport_test_0644,Full - no_path,unit:5,0.010482012759552961
govreport_test_0644,AB2 - AB0,unit:5,0.0335263274751926
govreport_test_0644,TextRank - no_path,unit:5,-0.0426291708514675
govreport_test_0644,Lead - no_path,unit:5,-0.006350705925576072
govreport_test_0644,Full - no_path,word:110,-0.00017611596558965437
govreport_test_0644,AB2 - AB0,word:110,-0.0030030030030030186
govreport_test_0644,TextRank - no_path,word:110,0.018453373252134878
govreport_test_0644,Lead - no_path,word:110,0.03308270676691731
govreport_test_0644,Full - no_path,word:260,-0.009208163459791724
govreport_test_0644,AB2 - AB0,word:260,-0.02214135052434571
govreport_test_0644,TextRank - no_path,word:260,0.04556677151074229
govreport_test_0644,Lead - no_path,word:260,0.06307067222632182
govreport_test_0646,Full - no_path,unit:10,-0.010883601851904123
govreport_test_0646,AB2 - AB0,unit:10,0.02781676472849795
govreport_test_0646,TextRank - no_path,unit:10,-0.07518027363206814
govreport_test_0646,Lead - no_path,unit:10,-0.006393887604302845
govreport_test_0646,Full - no_path,unit:5,0.0
govreport_test_0646,AB2 - AB0,unit:5,0.035607755406413116
govreport_test_0646,TextRank - no_path,unit:5,-0.04008202833706187
govreport_test_0646,Lead - no_path,unit:5,0.009318405391730067
govreport_test_0646,Full - no_path,word:110,-0.02333722287047843
govreport_test_0646,AB2 - AB0,word:110,0.014160459765101052
govreport_test_0646,TextRank - no_path,word:110,-0.018385910322285703
govreport_test_0646,Lead - no_path,word:110,0.06301050175029169
govreport_test_0646,Full - no_path,word:260,-0.01343920603363935
govreport_test_0646,AB2 - AB0,word:260,0.017857142857142932
govreport_test_0646,TextRank - no_path,word:260,-0.04524835116286405
govreport_test_0646,Lead - no_path,word:260,-0.003968253968253926
govreport_test_0652,Full - no_path,unit:10,0.0
govreport_test_0652,AB2 - AB0,unit:10,-0.009566771446366418
govreport_test_0652,TextRank - no_path,unit:10,-0.039904985419587674
govreport_test_0652,Lead - no_path,unit:10,0.17218167364540668
govreport_test_0652,Full - no_path,unit:5,0.0
govreport_test_0652,AB2 - AB0,unit:5,0.03618870069866703
govreport_test_0652,TextRank - no_path,unit:5,-0.02045990098653158
govreport_test_0652,Lead - no_path,unit:5,0.041323246822401766
govreport_test_0652,Full - no_path,word:110,-0.024066918479283328
govreport_test_0652,AB2 - AB0,word:110,-0.07210499005448415
govreport_test_0652,TextRank - no_path,word:110,0.026686873060546998
govreport_test_0652,Lead - no_path,word:110,0.07232445695316449
govreport_test_0652,Full - no_path,word:260,0.04022346368715085
govreport_test_0652,AB2 - AB0,word:260,-0.013632282521947342
govreport_test_0652,TextRank - no_path,word:260,0.010966181165203509
govreport_test_0652,Lead - no_path,word:260,0.22703611666448684
govreport_test_0655,Full - no_path,unit:10,0.013487815875629777
govreport_test_0655,AB2 - AB0,unit:10,0.02384432783608198
govreport_test_0655,TextRank - no_path,unit:10,-0.0419589297616403
govreport_test_0655,Lead - no_path,unit:10,-0.03313800767831884
govreport_test_0655,Full - no_path,unit:5,0.0
govreport_test_0655,AB2 - AB0,unit:5,0.04138377546020855
govreport_test_0655,TextRank - no_path,unit:5,-0.05802310654685493
govreport_test_0655,Lead - no_path,unit:5,-0.0325711259996522
govreport_test_0655,Full - no_path,word:110,0.0
govreport_test_0655,AB2 - AB0,word:110,-0.014662756598240456
govreport_test_0655,TextRank - no_path,word:110,0.047275405007363755
govreport_test_0655,Lead - no_path,word:110,0.020588235294117657
govreport_test_0655,Full - no_path,word:260,0.0
govreport_test_0655,AB2 - AB0,word:260,-0.016619147659063638
govreport_test_0655,TextRank - no_path,word:260,0.03121248499399759
govreport_test_0655,Lead - no_path,word:260,0.01420424284821839
govreport_test_0659,Full - no_path,unit:10,-0.006099425545384146
govreport_test_0659,AB2 - AB0,unit:10,0.014205009951118314
govreport_test_0659,TextRank - no_path,unit:10,-0.035135441164795306
govreport_test_0659,Lead - no_path,unit:10,-0.015719851682209934
govreport_test_0659,Full - no_path,unit:5,-0.005891594658287508
govreport_test_0659,AB2 - AB0,unit:5,0.027183538857025458
govreport_test_0659,TextRank - no_path,unit:5,-0.03334092807777016
govreport_test_0659,Lead - no_path,unit:5,-0.028923660502607848
govreport_test_0659,Full - no_path,word:110,-0.015936254980079667
govreport_test_0659,AB2 - AB0,word:110,-0.013456811053657716
govreport_test_0659,TextRank - no_path,word:110,0.010970764080827158
govreport_test_0659,Lead - no_path,word:110,-0.0003166143373525693
govreport_test_0659,Full - no_path,word:260,0.004751259388305812
govreport_test_0659,AB2 - AB0,word:260,-0.046854255000214146
govreport_test_0659,TextRank - no_path,word:260,0.04074248821068946
govreport_test_0659,Lead - no_path,word:260,0.03287451005153261
govreport_test_0662,Full - no_path,unit:10,-0.0028711897738446512
govreport_test_0662,AB2 - AB0,unit:10,-0.0055796581605347395
govreport_test_0662,TextRank - no_path,unit:10,-0.040919737217937735
govreport_test_0662,Lead - no_path,unit:10,0.19987958401751504
govreport_test_0662,Full - no_path,unit:5,-0.005498203687030731
govreport_test_0662,AB2 - AB0,unit:5,0.014043558660365718
govreport_test_0662,TextRank - no_path,unit:5,-0.04122080762321331
govreport_test_0662,Lead - no_path,unit:5,0.1600371780223423
govreport_test_0662,Full - no_path,word:110,0.0068699893750603785
govreport_test_0662,AB2 - AB0,word:110,-0.046855733662145474
govreport_test_0662,TextRank - no_path,word:110,0.041871921182266
govreport_test_0662,Lead - no_path,word:110,0.17141648281906374
govreport_test_0662,Full - no_path,word:260,0.003971984582119031
govreport_test_0662,AB2 - AB0,word:260,-0.1829087007665361
govreport_test_0662,TextRank - no_path,word:260,0.03367775598913525
govreport_test_0662,Lead - no_path,word:260,0.18814931804002805
govreport_test_0664,Full - no_path,unit:10,0.0
govreport_test_0664,AB2 - AB0,unit:10,-0.08100358422939066
govreport_test_0664,TextRank - no_path,unit:10,0.0704985337243402
govreport_test_0664,Lead - no_path,unit:10,0.06045851085412862
govreport_test_0664,Full - no_path,unit:5,0.01482741857073408
govreport_test_0664,AB2 - AB0,unit:5,-0.07322522522522523
govreport_test_0664,TextRank - no_path,unit:5,0.08315321042593768
govreport_test_0664,Lead - no_path,unit:5,0.06659900439804745
govreport_test_0664,Full - no_path,word:110,-0.0007769605304050464
govreport_test_0664,AB2 - AB0,word:110,-0.0792620078334364
govreport_test_0664,TextRank - no_path,word:110,0.06013674505335129
govreport_test_0664,Lead - no_path,word:110,0.01865594722737582
govreport_test_0664,Full - no_path,word:260,-0.00037658616455180094
govreport_test_0664,AB2 - AB0,word:260,-0.06079096045197739
govreport_test_0664,TextRank - no_path,word:260,0.039623413835448235
govreport_test_0664,Lead - no_path,word:260,0.01592211513414951
govreport_test_0668,Full - no_path,unit:10,0.0
govreport_test_0668,AB2 - AB0,unit:10,-0.004438606573078235
govreport_test_0668,TextRank - no_path,unit:10,-0.007231804681326476
govreport_test_0668,Lead - no_path,unit:10,0.05165728580362722
govreport_test_0668,Full - no_path,unit:5,0.0
govreport_test_0668,AB2 - AB0,unit:5,0.02101010101010098
govreport_test_0668,TextRank - no_path,unit:5,-0.029068187992393385
govreport_test_0668,Lead - no_path,unit:5,0.039141414141414144
govreport_test_0668,Full - no_path,word:110,0.0
govreport_test_0668,AB2 - AB0,word:110,0.0506746176731562
govreport_test_0668,TextRank - no_path,word:110,-0.017642114316991142
govreport_test_0668,Lead - no_path,word:110,0.041688442342365906
govreport_test_0668,Full - no_path,word:260,0.0
govreport_test_0668,AB2 - AB0,word:260,0.0207148157308929
govreport_test_0668,TextRank - no_path,word:260,0.004763081315543816
govreport_test_0668,Lead - no_path,word:260,0.051872289024323254
govreport_test_0669,Full - no_path,unit:10,0.0
govreport_test_0669,AB2 - AB0,unit:10,-0.07713777490297541
govreport_test_0669,TextRank - no_path,unit:10,-0.05271143679851656
govreport_test_0669,Lead - no_path,unit:10,0.05874824791273087
govreport_test_0669,Full - no_path,unit:5,0.0
govreport_test_0669,AB2 - AB0,unit:5,-0.08309854198679228
govreport_test_0669,TextRank - no_path,unit:5,-0.0011667098781436014
govreport_test_0669,Lead - no_path,unit:5,0.16339989301482621
govreport_test_0669,Full - no_path,word:110,0.0
govreport_test_0669,AB2 - AB0,word:110,-0.1464505814703076
govreport_test_0669,TextRank - no_path,word:110,0.053742951584678206
govreport_test_0669,Lead - no_path,word:110,0.1775096525096525
govreport_test_0669,Full - no_path,word:260,0.0
govreport_test_0669,AB2 - AB0,word:260,-0.0838706363880592
govreport_test_0669,TextRank - no_path,word:260,-0.05254835274859748
govreport_test_0669,Lead - no_path,word:260,0.04530531193772552
govreport_test_0671,Full - no_path,unit:10,0.007080761459897333
govreport_test_0671,AB2 - AB0,unit:10,0.0024406819161492677
govreport_test_0671,TextRank - no_path,unit:10,-0.026239067055393583
govreport_test_0671,Lead - no_path,unit:10,0.08066083576287658
govreport_test_0671,Full - no_path,unit:5,0.0
govreport_test_0671,AB2 - AB0,unit:5,-0.007626725644775789
govreport_test_0671,TextRank - no_path,unit:5,-0.053161284854648716
govreport_test_0671,Lead - no_path,unit:5,0.025213184509339404
govreport_test_0671,Full - no_path,word:110,-0.006578947368421073
govreport_test_0671,AB2 - AB0,word:110,-0.048000403970938146
govreport_test_0671,TextRank - no_path,word:110,0.03289473684210527
govreport_test_0671,Lead - no_path,word:110,0.06596520114776512
govreport_test_0671,Full - no_path,word:260,-0.026109922262801316
govreport_test_0671,AB2 - AB0,word:260,-0.02999484288584997
govreport_test_0671,TextRank - no_path,word:260,0.011580888014748908
govreport_test_0671,Lead - no_path,word:260,0.11996251171508904
govreport_test_0683,Full - no_path,unit:10,0.00964980544747085
govreport_test_0683,AB2 - AB0,unit:10,-0.04807894672442062
govreport_test_0683,TextRank - no_path,unit:10,-0.048532012734347346
govreport_test_0683,Lead - no_path,unit:10,-0.027742371082117884
govreport_test_0683,Full - no_path,unit:5,-0.05001112677101108
govreport_test_0683,AB2 - AB0,unit:5,-0.0031933668087837652
govreport_test_0683,TextRank - no_path,unit:5,-0.010287383022499541
govreport_test_0683,Lead - no_path,unit:5,-0.08457161205158856
govreport_test_0683,Full - no_path,word:110,0.0
govreport_test_0683,AB2 - AB0,word:110,-0.06581466698023349
govreport_test_0683,TextRank - no_path,word:110,0.059764065452809864
govreport_test_0683,Lead - no_path,word:110,0.06121120638896917
govreport_test_0683,Full - no_path,word:260,0.0
govreport_test_0683,AB2 - AB0,word:260,0.0014588659589174213
govreport_test_0683,TextRank - no_path,word:260,0.10692143494329037
govreport_test_0683,Lead - no_path,word:260,0.09715079365079365
govreport_test_0684,Full - no_path,unit:10,0.0005416066512612672
govreport_test_0684,AB2 - AB0,unit:10,-0.0015811140874697205
govreport_test_0684,TextRank - no_path,unit:10,0.008127090860741953
govreport_test_0684,Lead - no_path,unit:10,0.043092515504524864
govreport_test_0684,Full - no_path,unit:5,-0.008494706284152997
govreport_test_0684,AB2 - AB0,unit:5,0.03959204290212684
govreport_test_0684,TextRank - no_path,unit:5,-0.009770102590554774
govreport_test_0684,Lead - no_path,unit:5,0.013688453487038343
govreport_test_0684,Full - no_path,word:110,0.0
govreport_test_0684,AB2 - AB0,word:110,-0.011198221078242865
govreport_test_0684,TextRank - no_path,word:110,0.020918586349978535
govreport_test_0684,Lead - no_path,word:110,0.05395313393027244
govreport_test_0684,Full - no_path,word:260,-0.007481296758104744
govreport_test_0684,AB2 - AB0,word:260,-0.02907127104816451
govreport_test_0684,TextRank - no_path,word:260,0.03785876147654631
govreport_test_0684,Lead - no_path,word:260,0.08312499902404293
govreport_test_0686,Full - no_path,unit:10,-0.004044864542656568
govreport_test_0686,AB2 - AB0,unit:10,-0.020210540522302464
govreport_test_0686,TextRank - no_path,unit:10,0.01207329525071063
govreport_test_0686,Lead - no_path,unit:10,0.49019717054695333
govreport_test_0686,Full - no_path,unit:5,-0.0033013788111505155
govreport_test_0686,AB2 - AB0,unit:5,0.0027114647804303005
govreport_test_0686,TextRank - no_path,unit:5,-0.010791065221645496
govreport_test_0686,Lead - no_path,unit:5,0.19164257367069515
govreport_test_0686,Full - no_path,word:110,-0.017119628726920647
govreport_test_0686,AB2 - AB0,word:110,0.0
govreport_test_0686,TextRank - no_path,word:110,-0.016636494686379052
govreport_test_0686,Lead - no_path,word:110,0.2501496358860108
govreport_test_0686,Full - no_path,word:260,0.006201550387596899
govreport_test_0686,AB2 - AB0,word:260,-0.007077543887830218
govreport_test_0686,TextRank - no_path,word:260,0.01363856589147286
govreport_test_0686,Lead - no_path,word:260,0.39747344243468274
govreport_test_0690,Full - no_path,unit:10,0.0
govreport_test_0690,AB2 - AB0,unit:10,0.008185387207726796
govreport_test_0690,TextRank - no_path,unit:10,-0.02636300638660498
govreport_test_0690,Lead - no_path,unit:10,0.3299366897799216
govreport_test_0690,Full - no_path,unit:5,0.0
govreport_test_0690,AB2 - AB0,unit:5,0.0005134338808016892
govreport_test_0690,TextRank - no_path,unit:5,-0.0005134338808016892
govreport_test_0690,Lead - no_path,unit:5,0.2125100887812752
govreport_test_0690,Full - no_path,word:110,0.0
govreport_test_0690,AB2 - AB0,word:110,-0.005826258301505821
govreport_test_0690,TextRank - no_path,word:110,-0.029872894240710338
govreport_test_0690,Lead - no_path,word:110,0.1918019826065803
govreport_test_0690,Full - no_path,word:260,-0.02150537634408603
govreport_test_0690,AB2 - AB0,word:260,0.036523286324964765
govreport_test_0690,TextRank - no_path,word:260,-0.08621386115759709
govreport_test_0690,Lead - no_path,word:260,0.14756471882782185
govreport_test_0700,Full - no_path,unit:10,0.0
govreport_test_0700,AB2 - AB0,unit:10,0.0134340722120658
govreport_test_0700,TextRank - no_path,unit:10,0.0028676207020155997
govreport_test_0700,Lead - no_path,unit:10,0.053559238671873344
govreport_test_0700,Full - no_path,unit:5,-0.013582342954159582
govreport_test_0700,AB2 - AB0,unit:5,0.024423443850100313
govreport_test_0700,TextRank - no_path,unit:5,0.0022052972604297283
govreport_test_0700,Lead - no_path,unit:5,0.00857009781089893
govreport_test_0700,Full - no_path,word:110,-0.0044684983560496355
govreport_test_0700,AB2 - AB0,word:110,-0.01011202117416514
govreport_test_0700,TextRank - no_path,word:110,0.007574987290289756
govreport_test_0700,Lead - no_path,word:110,0.02811598475436418
govreport_test_0700,Full - no_path,word:260,0.004733813703866496
govreport_test_0700,AB2 - AB0,word:260,-0.02251539672177605
govreport_test_0700,TextRank - no_path,word:260,0.011526082467966242
govreport_test_0700,Lead - no_path,word:260,0.03807615230460923
govreport_test_0706,Full - no_path,unit:10,0.0
govreport_test_0706,AB2 - AB0,unit:10,0.03292585281799587
govreport_test_0706,TextRank - no_path,unit:10,-0.013862823294821441
govreport_test_0706,Lead - no_path,unit:10,-0.05802559360458179
govreport_test_0706,Full - no_path,unit:5,0.0
govreport_test_0706,AB2 - AB0,unit:5,0.04711212640395965
govreport_test_0706,TextRank - no_path,unit:5,-0.020903707081513706
govreport_test_0706,Lead - no_path,unit:5,-0.08197121190165679
govreport_test_0706,Full - no_path,word:110,0.0
govreport_test_0706,AB2 - AB0,word:110,-0.013624537861152947
govreport_test_0706,TextRank - no_path,word:110,0.022790949978407166
govreport_test_0706,Lead - no_path,word:110,-0.014163472375843034
govreport_test_0706,Full - no_path,word:260,0.0
govreport_test_0706,AB2 - AB0,word:260,-0.056118388834476035
govreport_test_0706,TextRank - no_path,word:260,0.07179503856513222
govreport_test_0706,Lead - no_path,word:260,0.022787797711473684
govreport_test_0710,Full - no_path,unit:10,0.0
govreport_test_0710,AB2 - AB0,unit:10,-0.017331200838033245
govreport_test_0710,TextRank - no_path,unit:10,0.06536660903193714
govreport_test_0710,Lead - no_path,unit:10,0.05123324459128564
govreport_test_0710,Full - no_path,unit:5,-0.02070845637086427
govreport_test_0710,AB2 - AB0,unit:5,-0.03229798346787155
govreport_test_0710,TextRank - no_path,unit:5,0.02259232359193314
govreport_test_0710,Lead - no_path,unit:5,0.0005527021744112515
govreport_test_0710,Full - no_path,word:110,-0.016585712593294638
govreport_test_0710,AB2 - AB0,word:110,-0.046448087431694
govreport_test_0710,TextRank - no_path,word:110,0.05765995145992467
govreport_test_0710,Lead - no_path,word:110,0.02997275204359673
govreport_test_0710,Full - no_path,word:260,-0.0030427171134469744
govreport_test_0710,AB2 - AB0,word:260,-0.050656502132098075
govreport_test_0710,TextRank - no_path,word:260,0.066776574428691
govreport_test_0710,Lead - no_path,word:260,0.0744920993227991
govreport_test_0713,Full - no_path,unit:10,-0.00973259650614361
govreport_test_0713,AB2 - AB0,unit:10,0.0009995840240396847
govreport_test_0713,TextRank - no_path,unit:10,0.04857045026536555
govreport_test_0713,Lead - no_path,unit:10,-0.10775843541800989
govreport_test_0713,Full - no_path,unit:5,-0.0060225100870673065
govreport_test_0713,AB2 - AB0,unit:5,-0.0002077991926390521
govreport_test_0713,TextRank - no_path,unit:5,0.019189802944839213
govreport_test_0713,Lead - no_path,unit:5,-0.05447245564892625
govreport_test_0713,Full - no_path,word:110,0.0
govreport_test_0713,AB2 - AB0,word:110,-0.043621578938525904
govreport_test_0713,TextRank - no_path,word:110,0.009649466638180337
govreport_test_0713,Lead - no_path,word:110,-0.028469738838318173
govreport_test_0713,Full - no_path,word:260,0.0
govreport_test_0713,AB2 - AB0,word:260,-0.044901600629755956
govreport_test_0713,TextRank - no_path,word:260,0.04652488872079835
govreport_test_0713,Lead - no_path,word:260,-0.06891745483294778
govreport_test_0720,Full - no_path,unit:10,0.0
govreport_test_0720,AB2 - AB0,unit:10,0.04306975389544199
govreport_test_0720,TextRank - no_path,unit:10,-0.03554265441057894
govreport_test_0720,Lead - no_path,unit:10,-0.03734475686344063
govreport_test_0720,Full - no_path,unit:5,0.0
govreport_test_0720,AB2 - AB0,unit:5,0.06111918885185996
govreport_test_0720,TextRank - no_path,unit:5,-0.03224760978771675
govreport_test_0720,Lead - no_path,unit:5,-0.007371369600471772
govreport_test_0720,Full - no_path,word:110,0.0
govreport_test_0720,AB2 - AB0,word:110,0.00032051124814602705
govreport_test_0720,TextRank - no_path,word:110,0.040568401273552906
govreport_test_0720,Lead - no_path,word:110,0.007138998978283628
govreport_test_0720,Full - no_path,word:260,0.0
govreport_test_0720,AB2 - AB0,word:260,0.028244704549614696
govreport_test_0720,TextRank - no_path,word:260,0.01301972998660239
govreport_test_0720,Lead - no_path,word:260,-0.019402166460989995
govreport_test_0721,Full - no_path,unit:10,0.0
govreport_test_0721,AB2 - AB0,unit:10,-0.05570972685794323
govreport_test_0721,TextRank - no_path,unit:10,0.03496805524860283
govreport_test_0721,Lead - no_path,unit:10,0.01337915234822451
govreport_test_0721,Full - no_path,unit:5,0.0
govreport_test_0721,AB2 - AB0,unit:5,-0.03761696869182049
govreport_test_0721,TextRank - no_path,unit:5,0.04747140691745899
govreport_test_0721,Lead - no_path,unit:5,0.04299364308557868
govreport_test_0721,Full - no_path,word:110,0.0
govreport_test_0721,AB2 - AB0,word:110,-0.04119993862206536
govreport_test_0721,TextRank - no_path,word:110,0.0468472686259071
govreport_test_0721,Lead - no_path,word:110,0.038275962013878256
govreport_test_0721,Full - no_path,word:260,0.0
govreport_test_0721,AB2 - AB0,word:260,-0.05311917240278072
govreport_test_0721,TextRank - no_path,word:260,0.059977248432256935
govreport_test_0721,Lead - no_path,word:260,0.03126911446096506
govreport_test_0731,Full - no_path,unit:10,0.0
govreport_test_0731,AB2 - AB0,unit:10,-0.04652169827892591
govreport_test_0731,TextRank - no_path,unit:10,0.0032686359522940966
govreport_test_0731,Lead - no_path,unit:10,0.03192379713757576
govreport_test_0731,Full - no_path,unit:5,0.0
govreport_test_0731,AB2 - AB0,unit:5,-0.044226347718921005
govreport_test_0731,TextRank - no_path,unit:5,0.03960119083298369
govreport_test_0731,Lead - no_path,unit:5,0.06215104319717893
govreport_test_0731,Full - no_path,word:110,0.0
govreport_test_0731,AB2 - AB0,word:110,-0.01253918495297801
govreport_test_0731,TextRank - no_path,word:110,0.03372743328100472
govreport_test_0731,Lead - no_path,word:110,0.008957284611208177
govreport_test_0731,Full - no_path,word:260,-0.0022775086371619735
govreport_test_0731,AB2 - AB0,word:260,-0.020021488358328038
govreport_test_0731,TextRank - no_path,word:260,0.02027883396704694
govreport_test_0731,Lead - no_path,word:260,0.0050697084917617485
govreport_test_0733,Full - no_path,unit:10,0.002883356607588261
govreport_test_0733,AB2 - AB0,unit:10,-0.0027678796833161268
govreport_test_0733,TextRank - no_path,unit:10,-0.00634777633667033
govreport_test_0733,Lead - no_path,unit:10,-0.029829167350361896
govreport_test_0733,Full - no_path,unit:5,-0.02384489487599145
govreport_test_0733,AB2 - AB0,unit:5,-0.003168543615193753
govreport_test_0733,TextRank - no_path,unit:5,-0.013890775050926368
govreport_test_0733,Lead - no_path,unit:5,-0.04871158618056881
govreport_test_0733,Full - no_path,word:110,-0.03314917127071826
govreport_test_0733,AB2 - AB0,word:110,-0.002586177170377346
govreport_test_0733,TextRank - no_path,word:110,-0.0131522406384285
govreport_test_0733,Lead - no_path,word:110,-0.029675961856169178
govreport_test_0733,Full - no_path,word:260,-0.021401200763275896
govreport_test_0733,AB2 - AB0,word:260,0.000623373385073317
govreport_test_0733,TextRank - no_path,word:260,-0.009599062899259075
govreport_test_0733,Lead - no_path,word:260,-0.037221161624332616
govreport_test_0734,Full - no_path,unit:10,0.007674168658464237
govreport_test_0734,AB2 - AB0,unit:10,-0.0519903080650744
govreport_test_0734,TextRank - no_path,unit:10,0.06612618104236512
govreport_test_0734,Lead - no_path,unit:10,0.017721203666799523
govreport_test_0734,Full - no_path,unit:5,-0.002674358209285105
govreport_test_0734,AB2 - AB0,unit:5,-0.007212314526647487
govreport_test_0734,TextRank - no_path,unit:5,0.009998452850622702
govreport_test_0734,Lead - no_path,unit:5,-0.025867131192446838
govreport_test_0734,Full - no_path,word:110,0.013523261948598694
govreport_test_0734,AB2 - AB0,word:110,-0.04874336053892987
govreport_test_0734,TextRank - no_path,word:110,0.04874336053892987
govreport_test_0734,Lead - no_path,word:110,0.02424712253841102
govreport_test_0734,Full - no_path,word:260,0.0
govreport_test_0734,AB2 - AB0,word:260,-0.07674159342511211
govreport_test_0734,TextRank - no_path,word:260,0.09176638676649798
govreport_test_0734,Lead - no_path,word:260,0.0534837834504871
govreport_test_0738,Full - no_path,unit:10,0.0
govreport_test_0738,AB2 - AB0,unit:10,0.028327371176157357
govreport_test_0738,TextRank - no_path,unit:10,-0.0419169661692006
govreport_test_0738,Lead - no_path,unit:10,0.11996801155516401
govreport_test_0738,Full - no_path,unit:5,0.0
govreport_test_0738,AB2 - AB0,unit:5,0.03330056305299847
govreport_test_0738,TextRank - no_path,unit:5,0.0017726043276661413
govreport_test_0738,Lead - no_path,unit:5,-0.015867932862190834
govreport_test_0738,Full - no_path,word:110,0.0
govreport_test_0738,AB2 - AB0,word:110,0.05220228384991843
govreport_test_0738,TextRank - no_path,word:110,0.006684145017345947
govreport_test_0738,Lead - no_path,word:110,0.07834538280236221
govreport_test_0738,Full - no_path,word:260,0.0
govreport_test_0738,AB2 - AB0,word:260,0.017352115716753047
govreport_test_0738,TextRank - no_path,word:260,-0.048852842073181024
govreport_test_0738,Lead - no_path,word:260,0.15670995670995672
govreport_test_0757,Full - no_path,unit:10,-0.00730606662390948
govreport_test_0757,AB2 - AB0,unit:10,-0.011762529895450097
govreport_test_0757,TextRank - no_path,unit:10,0.011222244304695567
govreport_test_0757,Lead - no_path,unit:10,0.034979477189428426
govreport_test_0757,Full - no_path,unit:5,-0.00010849083537942117
govreport_test_0757,AB2 - AB0,unit:5,0.007949412827461616
govreport_test_0757,TextRank - no_path,unit:5,-0.009222371337666041
govreport_test_0757,Lead - no_path,unit:5,-0.009555901707092224
govreport_test_0757,Full - no_path,word:110,-0.020815463896303496
govreport_test_0757,AB2 - AB0,word:110,-0.002617801047120394
govreport_test_0757,TextRank - no_path,word:110,0.010136289694202577
govreport_test_0757,Lead - no_path,word:110,0.02617801047120419
govreport_test_0757,Full - no_path,word:260,0.0021834061135370952
govreport_test_0757,AB2 - AB0,word:260,-0.020294987221674693
govreport_test_0757,TextRank - no_path,word:260,0.019236806804235507
govreport_test_0757,Lead - no_path,word:260,0.07258272576992536
govreport_test_0758,Full - no_path,unit:10,-0.01011215015304806
govreport_test_0758,AB2 - AB0,unit:10,-0.06541343041329284
govreport_test_0758,TextRank - no_path,unit:10,0.048436696324020256
govreport_test_0758,Lead - no_path,unit:10,0.053376136502666954
govreport_test_0758,Full - no_path,unit:5,0.0
govreport_test_0758,AB2 - AB0,unit:5,-0.029053466448672932
govreport_test_0758,TextRank - no_path,unit:5,0.010694710879693065
govreport_test_0758,Lead - no_path,unit:5,0.030274656679151024
govreport_test_0758,Full - no_path,word:110,-0.009473493425092572
govreport_test_0758,AB2 - AB0,word:110,-0.019219154443485764
govreport_test_0758,TextRank - no_path,word:110,0.03967893872612564
govreport_test_0758,Lead - no_path,word:110,0.032067999613638584
govreport_test_0758,Full - no_path,word:260,0.0
govreport_test_0758,AB2 - AB0,word:260,-0.03703167196084717
govreport_test_0758,TextRank - no_path,word:260,0.05140450312438402
govreport_test_0758,Lead - no_path,word:260,0.052932131148668876
govreport_test_0766,Full - no_path,unit:10,0.0
govreport_test_0766,AB2 - AB0,unit:10,-0.024946236559139745
govreport_test_0766,TextRank - no_path,unit:10,0.018039761738995908
govreport_test_0766,Lead - no_path,unit:10,-0.06448914612592924
govreport_test_0766,Full - no_path,unit:5,0.0
govreport_test_0766,AB2 - AB0,unit:5,0.008176243470361111
govreport_test_0766,TextRank - no_path,unit:5,-0.008176243470361111
govreport_test_0766,Lead - no_path,unit:5,-0.023155238239037118
govreport_test_0766,Full - no_path,word:110,0.0
govreport_test_0766,AB2 - AB0,word:110,-0.08305069328031398
govreport_test_0766,TextRank - no_path,word:110,0.11254921835406026
govreport_test_0766,Lead - no_path,word:110,0.013998306483595416
govreport_test_0766,Full - no_path,word:260,0.0
govreport_test_0766,AB2 - AB0,word:260,-0.08632150791446827
govreport_test_0766,TextRank - no_path,word:260,0.11311672683513843
govreport_test_0766,Lead - no_path,word:260,-0.015827610866512132
govreport_test_0774,Full - no_path,unit:10,-0.015201794553308251
govreport_test_0774,AB2 - AB0,unit:10,-0.011791643471032787
govreport_test_0774,TextRank - no_path,unit:10,0.014584812138640657
govreport_test_0774,Lead - no_path,unit:10,-0.01322754947770366
govreport_test_0774,Full - no_path,unit:5,-0.008040447577480625
govreport_test_0774,AB2 - AB0,unit:5,-0.04206679662824424
govreport_test_0774,TextRank - no_path,unit:5,0.03751465416178194
govreport_test_0774,Lead - no_path,unit:5,0.0014265377897935277
govreport_test_0774,Full - no_path,word:110,-0.007481296758104744
govreport_test_0774,AB2 - AB0,word:110,-0.029962546816479405
govreport_test_0774,TextRank - no_path,word:110,0.04005591514347712
govreport_test_0774,Lead - no_path,word:110,0.030211970074812966
govreport_test_0774,Full - no_path,word:260,-0.00015021781583296479
govreport_test_0774,AB2 - AB0,word:260,-0.042206788078007235
govreport_test_0774,TextRank - no_path,word:260,0.03172948143228735
govreport_test_0774,Lead - no_path,word:260,0.025059866217780474
govreport_test_0777,Full - no_path,unit:10,-0.0042418842062418305
govreport_test_0777,AB2 - AB0,unit:10,0.005725919774046906
govreport_test_0777,TextRank - no_path,unit:10,-0.012477102632543063
govreport_test_0777,Lead - no_path,unit:10,0.05983718885983058
govreport_test_0777,Full - no_path,unit:5,-0.024082496393454292
govreport_test_0777,AB2 - AB0,unit:5,0.007666186790272492
govreport_test_0777,TextRank - no_path,unit:5,0.002996565550279856
govreport_test_0777,Lead - no_path,unit:5,0.013611365940416537
govreport_test_0777,Full - no_path,word:110,-0.013615849460720586
govreport_test_0777,AB2 - AB0,word:110,-0.018622739615723985
govreport_test_0777,TextRank - no_path,word:110,0.015512210105974464
govreport_test_0777,Lead - no_path,word:110,0.023529411764705868
govreport_test_0777,Full - no_path,word:260,0.001850191221870523
govreport_test_0777,AB2 - AB0,word:260,-0.05403673567708489
govreport_test_0777,TextRank - no_path,word:260,0.025926101149642805
govreport_test_0777,Lead - no_path,word:260,0.08202401057390107
govreport_test_0778,Full - no_path,unit:10,0.006953162723322054
govreport_test_0778,AB2 - AB0,unit:10,-0.038729154686601514
govreport_test_0778,TextRank - no_path,unit:10,0.033691558739781385
govreport_test_0778,Lead - no_path,unit:10,0.10727924784336526
govreport_test_0778,Full - no_path,unit:5,0.0
govreport_test_0778,AB2 - AB0,unit:5,-0.05291548933984075
govreport_test_0778,TextRank - no_path,unit:5,-0.009411764705882342
govreport_test_0778,Lead - no_path,unit:5,-0.034805120092046615
govreport_test_0778,Full - no_path,word:110,0.0
govreport_test_0778,AB2 - AB0,word:110,-0.08566416040100255
govreport_test_0778,TextRank - no_path,word:110,-0.019523809523809527
govreport_test_0778,Lead - no_path,word:110,-0.020473815461346634
govreport_test_0778,Full - no_path,word:260,0.0
govreport_test_0778,AB2 - AB0,word:260,-0.07180394435341197
govreport_test_0778,TextRank - no_path,word:260,0.028622339547929337
govreport_test_0778,Lead - no_path,word:260,0.11263570961412686
govreport_test_0787,Full - no_path,unit:10,0.0
govreport_test_0787,AB2 - AB0,unit:10,0.048102402625480906
govreport_test_0787,TextRank - no_path,unit:10,-0.040983807554294927
govreport_test_0787,Lead - no_path,unit:10,-0.02707110486483233
govreport_test_0787,Full - no_path,unit:5,0.0
govreport_test_0787,AB2 - AB0,unit:5,0.025707716084285112
govreport_test_0787,TextRank - no_path,unit:5,-0.01963267552648594
govreport_test_0787,Lead - no_path,unit:5,0.0161405916069568
govreport_test_0787,Full - no_path,word:110,0.0
govreport_test_0787,AB2 - AB0,word:110,-0.013089005235602122
govreport_test_0787,TextRank - no_path,word:110,0.01820758643701649
govreport_test_0787,Lead - no_path,word:110,0.01264988935206629
govreport_test_0787,Full - no_path,word:260,0.0
govreport_test_0787,AB2 - AB0,word:260,0.040025717624742885
govreport_test_0787,TextRank - no_path,word:260,-0.008483217674550347
govreport_test_0787,Lead - no_path,word:260,-0.016204766736085174
govreport_test_0792,Full - no_path,unit:10,0.0
govreport_test_0792,AB2 - AB0,unit:10,-0.015733292474271576
govreport_test_0792,TextRank - no_path,unit:10,0.015733292474271576
govreport_test_0792,Lead - no_path,unit:10,0.07890455396132254
govreport_test_0792,Full - no_path,unit:5,0.0
govreport_test_0792,AB2 - AB0,unit:5,-0.0026610450043093037
govreport_test_0792,TextRank - no_path,unit:5,0.024113281236305295
govreport_test_0792,Lead - no_path,unit:5,0.0015272871822946399
govreport_test_0792,Full - no_path,word:110,-0.0025235017407316818
govreport_test_0792,AB2 - AB0,word:110,0.021828103683492528
govreport_test_0792,TextRank - no_path,word:110,0.025041851506934165
govreport_test_0792,Lead - no_path,word:110,0.0037966808089591186
govreport_test_0792,Full - no_path,word:260,0.0
govreport_test_0792,AB2 - AB0,word:260,0.02407504491802781
govreport_test_0792,TextRank - no_path,word:260,0.02737452813457983
govreport_test_0792,Lead - no_path,word:260,0.07130859673232551
govreport_test_0798,Full - no_path,unit:10,0.0
govreport_test_0798,AB2 - AB0,unit:10,-0.030047573384971993
govreport_test_0798,TextRank - no_path,unit:10,0.0256252781486426
govreport_test_0798,Lead - no_path,unit:10,0.07507521773555029
govreport_test_0798,Full - no_path,unit:5,0.0
govreport_test_0798,AB2 - AB0,unit:5,-0.004226657940663181
govreport_test_0798,TextRank - no_path,unit:5,-0.018975678370486387
govreport_test_0798,Lead - no_path,unit:5,0.06515797708834276
govreport_test_0798,Full - no_path,word:110,0.0
govreport_test_0798,AB2 - AB0,word:110,0.005642645886117487
govreport_test_0798,TextRank - no_path,word:110,0.02563831660503607
govreport_test_0798,Lead - no_path,word:110,0.09114647879566273
govreport_test_0798,Full - no_path,word:260,0.0
govreport_test_0798,AB2 - AB0,word:260,-0.002567394094993569
govreport_test_0798,TextRank - no_path,word:260,0.03871105420401194
govreport_test_0798,Lead - no_path,word:260,0.07426376440460947
govreport_test_0799,Full - no_path,unit:10,-0.020268362151738356
govreport_test_0799,AB2 - AB0,unit:10,-0.014505715033592215
govreport_test_0799,TextRank - no_path,unit:10,0.01060982855795381
govreport_test_0799,Lead - no_path,unit:10,0.02672705198103134
govreport_test_0799,Full - no_path,unit:5,-0.027359514821660436
govreport_test_0799,AB2 - AB0,unit:5,-0.008173418621179818
govreport_test_0799,TextRank - no_path,unit:5,0.0020892632738155614
govreport_test_0799,Lead - no_path,unit:5,-0.009977101733725902
govreport_test_0799,Full - no_path,word:110,0.0
govreport_test_0799,AB2 - AB0,word:110,-0.028063473405818426
govreport_test_0799,TextRank - no_path,word:110,0.048211480899742185
govreport_test_0799,Lead - no_path,word:110,0.02926829268292684
govreport_test_0799,Full - no_path,word:260,0.008477803718974053
govreport_test_0799,AB2 - AB0,word:260,-0.010277363741544143
govreport_test_0799,TextRank - no_path,word:260,0.034321450906816736
govreport_test_0799,Lead - no_path,word:260,0.053225712113236234
govreport_test_0801,Full - no_path,unit:10,0.0
govreport_test_0801,AB2 - AB0,unit:10,-0.051496111545228845
govreport_test_0801,TextRank - no_path,unit:10,0.056153013352580355
govreport_test_0801,Lead - no_path,unit:10,0.07559449311639549
govreport_test_0801,Full - no_path,unit:5,0.0
govreport_test_0801,AB2 - AB0,unit:5,-0.05579989900470768
govreport_test_0801,TextRank - no_path,unit:5,0.042362573099415185
govreport_test_0801,Lead - no_path,unit:5,0.06254014598540145
govreport_test_0801,Full - no_path,word:110,0.0
govreport_test_0801,AB2 - AB0,word:110,-0.04477611940298508
govreport_test_0801,TextRank - no_path,word:110,0.041568610005116
govreport_test_0801,Lead - no_path,word:110,0.01791044776119402
govreport_test_0801,Full - no_path,word:260,-0.00037063439756215844
govreport_test_0801,AB2 - AB0,word:260,-0.05059427199818933
govreport_test_0801,TextRank - no_path,word:260,0.06963640641239835
govreport_test_0801,Lead - no_path,word:260,0.0893945199230124
govreport_test_0815,Full - no_path,unit:10,-0.0011984339525827614
govreport_test_0815,AB2 - AB0,unit:10,0.07851926363189826
govreport_test_0815,TextRank - no_path,unit:10,-0.008440467715443628
govreport_test_0815,Lead - no_path,unit:10,0.21755920850278535
govreport_test_0815,Full - no_path,unit:5,-0.016208054725295046
govreport_test_0815,AB2 - AB0,unit:5,0.028990164051482525
govreport_test_0815,TextRank - no_path,unit:5,-0.05887124479902281
govreport_test_0815,Lead - no_path,unit:5,0.08925326423475563
govreport_test_0815,Full - no_path,word:110,0.0
govreport_test_0815,AB2 - AB0,word:110,-0.02619245471165034
govreport_test_0815,TextRank - no_path,word:110,0.037161376101047014
govreport_test_0815,Lead - no_path,word:110,0.051786604620242635
govreport_test_0815,Full - no_path,word:260,0.01116435210586425
govreport_test_0815,AB2 - AB0,word:260,-0.09985734664764623
govreport_test_0815,TextRank - no_path,word:260,0.04081357373216324
govreport_test_0815,Lead - no_path,word:260,0.13567063286214498
govreport_test_0816,Full - no_path,unit:10,0.010382037768743385
govreport_test_0816,AB2 - AB0,unit:10,-0.03143848021896803
govreport_test_0816,TextRank - no_path,unit:10,-0.023722943890543427
govreport_test_0816,Lead - no_path,unit:10,0.053533827136026946
govreport_test_0816,Full - no_path,unit:5,0.0
govreport_test_0816,AB2 - AB0,unit:5,-0.00065993788819875
govreport_test_0816,TextRank - no_path,unit:5,-0.0245747425179898
govreport_test_0816,Lead - no_path,unit:5,0.08193678131284482
govreport_test_0816,Full - no_path,word:110,0.0
govreport_test_0816,AB2 - AB0,word:110,-0.011130064221116981
govreport_test_0816,TextRank - no_path,word:110,0.019693654266958432
govreport_test_0816,Lead - no_path,word:110,0.021776613935024086
govreport_test_0816,Full - no_path,word:260,-0.0034932969302390593
govreport_test_0816,AB2 - AB0,word:260,-0.0023795443665342864
govreport_test_0816,TextRank - no_path,word:260,0.001741755892388147
govreport_test_0816,Lead - no_path,word:260,0.05064039236599846
govreport_test_0818,Full - no_path,unit:10,0.0006007827674503752
govreport_test_0818,AB2 - AB0,unit:10,0.04111863956423539
govreport_test_0818,TextRank - no_path,unit:10,0.014876551507819136
govreport_test_0818,Lead - no_path,unit:10,0.09992532566308043
govreport_test_0818,Full - no_path,unit:5,0.07320521942571845
govreport_test_0818,AB2 - AB0,unit:5,-0.05882363539724153
govreport_test_0818,TextRank - no_path,unit:5,-0.023468602465627722
govreport_test_0818,Lead - no_path,unit:5,0.14405802504936685
govreport_test_0818,Full - no_path,word:110,0.07275428472999743
govreport_test_0818,AB2 - AB0,word:110,-0.10944820406038522
govreport_test_0818,TextRank - no_path,word:110,0.023529411764705882
govreport_test_0818,Lead - no_path,word:110,0.15
govreport_test_0818,Full - no_path,word:260,0.06780415515488492
govreport_test_0818,AB2 - AB0,word:260,-0.09194277108433738
govreport_test_0818,TextRank - no_path,word:260,0.07952107213750534
govreport_test_0818,Lead - no_path,word:260,0.1646226659527059
govreport_test_0821,Full - no_path,unit:10,0.005715749315862523
govreport_test_0821,AB2 - AB0,unit:10,0.01613207547169812
govreport_test_0821,TextRank - no_path,unit:10,0.0062521174042933225
govreport_test_0821,Lead - no_path,unit:10,-0.04066150375723791
govreport_test_0821,Full - no_path,unit:5,-0.007027006041493089
govreport_test_0821,AB2 - AB0,unit:5,0.027047163747525707
govreport_test_0821,TextRank - no_path,unit:5,-0.013722190434519208
govreport_test_0821,Lead - no_path,unit:5,-0.0312687525406668
govreport_test_0821,Full - no_path,word:110,-0.021084291389111637
govreport_test_0821,AB2 - AB0,word:110,0.005515078695537315
govreport_test_0821,TextRank - no_path,word:110,0.015965777880035115
govreport_test_0821,Lead - no_path,word:110,-0.015645371577574965
govreport_test_0821,Full - no_path,word:260,-0.006853272710050207
govreport_test_0821,AB2 - AB0,word:260,-0.011251621232599568
govreport_test_0821,TextRank - no_path,word:260,0.028519635165346863
govreport_test_0821,Lead - no_path,word:260,-0.030898497654581192
govreport_test_0829,Full - no_path,unit:10,0.0
govreport_test_0829,AB2 - AB0,unit:10,-0.02678509230233364
govreport_test_0829,TextRank - no_path,unit:10,0.029232410108045948
govreport_test_0829,Lead - no_path,unit:10,0.040040785961879294
govreport_test_0829,Full - no_path,unit:5,0.0
govreport_test_0829,AB2 - AB0,unit:5,0.015901116940805315
govreport_test_0829,TextRank - no_path,unit:5,0.011282655572389305
govreport_test_0829,Lead - no_path,unit:5,0.03860754818286152
govreport_test_0829,Full - no_path,word:110,0.0
govreport_test_0829,AB2 - AB0,word:110,-0.012319838914794407
govreport_test_0829,TextRank - no_path,word:110,0.05423500953004287
govreport_test_0829,Lead - no_path,word:110,0.047742293905229716
govreport_test_0829,Full - no_path,word:260,0.0
govreport_test_0829,AB2 - AB0,word:260,-0.03250854734132505
govreport_test_0829,TextRank - no_path,word:260,0.037026238635573167
govreport_test_0829,Lead - no_path,word:260,0.03317456067831914
govreport_test_0831,Full - no_path,unit:10,0.0
govreport_test_0831,AB2 - AB0,unit:10,-0.09922314702019205
govreport_test_0831,TextRank - no_path,unit:10,0.10894152088552103
govreport_test_0831,Lead - no_path,unit:10,0.03560518453013237
govreport_test_0831,Full - no_path,unit:5,0.0
govreport_test_0831,AB2 - AB0,unit:5,-0.03130272952853594
govreport_test_0831,TextRank - no_path,unit:5,0.06057900350004891
govreport_test_0831,Lead - no_path,unit:5,0.0378140522233793
govreport_test_0831,Full - no_path,word:110,0.0
govreport_test_0831,AB2 - AB0,word:110,-0.005991566012173918
govreport_test_0831,TextRank - no_path,word:110,0.08655332302936627
govreport_test_0831,Lead - no_path,word:110,0.09582689335394123
govreport_test_0831,Full - no_path,word:260,0.0
govreport_test_0831,AB2 - AB0,word:260,-0.13000296288980517
govreport_test_0831,TextRank - no_path,word:260,0.07565756823821346
govreport_test_0831,Lead - no_path,word:260,0.07592220828105395
govreport_test_0847,Full - no_path,unit:10,-0.01483766972512271
govreport_test_0847,AB2 - AB0,unit:10,-0.04947089947089947
govreport_test_0847,TextRank - no_path,unit:10,0.011570858318532745
govreport_test_0847,Lead - no_path,unit:10,-0.008182595907225587
govreport_test_0847,Full - no_path,unit:5,0.016393442622950838
govreport_test_0847,AB2 - AB0,unit:5,0.019347515093982665
govreport_test_0847,TextRank - no_path,unit:5,-0.012672231720808641
govreport_test_0847,Lead - no_path,unit:5,0.0006120218579235004
govreport_test_0847,Full - no_path,word:110,0.0
govreport_test_0847,AB2 - AB0,word:110,-0.04538451929883
govreport_test_0847,TextRank - no_path,word:110,0.024560561964107053
govreport_test_0847,Lead - no_path,word:110,0.00606980273141125
govreport_test_0847,Full - no_path,word:260,-0.03082632734984478
govreport_test_0847,AB2 - AB0,word:260,-0.04045749402526458
govreport_test_0847,TextRank - no_path,word:260,0.03337120351435277
govreport_test_0847,Lead - no_path,word:260,-0.006381578449690978
govreport_test_0848,Full - no_path,unit:10,0.0
govreport_test_0848,AB2 - AB0,unit:10,-0.002714270800709906
govreport_test_0848,TextRank - no_path,unit:10,0.0027842652378989863
govreport_test_0848,Lead - no_path,unit:10,-0.004299678438942245
govreport_test_0848,Full - no_path,unit:5,0.0
govreport_test_0848,AB2 - AB0,unit:5,0.010695945586592842
govreport_test_0848,TextRank - no_path,unit:5,-0.00032111319240032965
govreport_test_0848,Lead - no_path,unit:5,-0.036568471661981045
govreport_test_0848,Full - no_path,word:110,0.0
govreport_test_0848,AB2 - AB0,word:110,-0.003310428044222616
govreport_test_0848,TextRank - no_path,word:110,0.017722304724638357
govreport_test_0848,Lead - no_path,word:110,-0.008223619955463515
govreport_test_0848,Full - no_path,word:260,0.0
govreport_test_0848,AB2 - AB0,word:260,0.00192277133322738
govreport_test_0848,TextRank - no_path,word:260,0.014417531718569798
govreport_test_0848,Lead - no_path,word:260,0.006189441400927226
govreport_test_0853,Full - no_path,unit:10,0.0
govreport_test_0853,AB2 - AB0,unit:10,0.004105088701689713
govreport_test_0853,TextRank - no_path,unit:10,0.008532956405296832
govreport_test_0853,Lead - no_path,unit:10,-0.02374950630764583
govreport_test_0853,Full - no_path,unit:5,-0.016685180627523485
govreport_test_0853,AB2 - AB0,unit:5,-0.022966167309509067
govreport_test_0853,TextRank - no_path,unit:5,0.03029602382203536
govreport_test_0853,Lead - no_path,unit:5,-0.016047201174039336
govreport_test_0853,Full - no_path,word:110,0.0
govreport_test_0853,AB2 - AB0,word:110,-0.055099840482210324
govreport_test_0853,TextRank - no_path,word:110,0.05276381909547741
govreport_test_0853,Lead - no_path,word:110,0.035327581302740135
govreport_test_0853,Full - no_path,word:260,0.01448977025780486
govreport_test_0853,AB2 - AB0,word:260,-0.039353895249484516
govreport_test_0853,TextRank - no_path,word:260,0.06046433643460951
govreport_test_0853,Lead - no_path,word:260,0.03362383542967133
govreport_test_0855,Full - no_path,unit:10,-0.027499759138781665
govreport_test_0855,AB2 - AB0,unit:10,-0.0024483133841131655
govreport_test_0855,TextRank - no_path,unit:10,0.038290551858391086
govreport_test_0855,Lead - no_path,unit:10,0.060999210930686526
govreport_test_0855,Full - no_path,unit:5,-0.008835419926969235
govreport_test_0855,AB2 - AB0,unit:5,-0.062290559117139654
govreport_test_0855,TextRank - no_path,unit:5,0.05252901054123485
govreport_test_0855,Lead - no_path,unit:5,0.014695018834288781
govreport_test_0855,Full - no_path,word:110,-0.013184939838888021
govreport_test_0855,AB2 - AB0,word:110,-0.05710494031442315
govreport_test_0855,TextRank - no_path,word:110,0.06225680933852139
govreport_test_0855,Lead - no_path,word:110,0.05946116677755152
govreport_test_0855,Full - no_path,word:260,0.002166847237269759
govreport_test_0855,AB2 - AB0,word:260,-0.055590080318930674
govreport_test_0855,TextRank - no_path,word:260,0.08259166210343988
govreport_test_0855,Lead - no_path,word:260,0.14053083067167574
govreport_test_0859,Full - no_path,unit:10,0.0
govreport_test_0859,AB2 - AB0,unit:10,-0.03317224114652012
govreport_test_0859,TextRank - no_path,unit:10,0.022029396326847334
govreport_test_0859,Lead - no_path,unit:10,-0.08027493885822551
govreport_test_0859,Full - no_path,unit:5,0.0
govreport_test_0859,AB2 - AB0,unit:5,-0.012588818570220928
govreport_test_0859,TextRank - no_path,unit:5,0.03657180200956395
govreport_test_0859,Lead - no_path,unit:5,-0.015397891327285973
govreport_test_0859,Full - no_path,word:110,0.0
govreport_test_0859,AB2 - AB0,word:110,-0.1157177295638834
govreport_test_0859,TextRank - no_path,word:110,0.009116096947025226
govreport_test_0859,Lead - no_path,word:110,-0.038770195982883865
govreport_test_0859,Full - no_path,word:260,0.0
govreport_test_0859,AB2 - AB0,word:260,-0.047934076474777265
govreport_test_0859,TextRank - no_path,word:260,0.06085210406844774
govreport_test_0859,Lead - no_path,word:260,-0.029505778214900386
govreport_test_0860,Full - no_path,unit:10,0.0
govreport_test_0860,AB2 - AB0,unit:10,-0.020927380218802333
govreport_test_0860,TextRank - no_path,unit:10,-0.008544885292702753
govreport_test_0860,Lead - no_path,unit:10,0.3203950494377446
govreport_test_0860,Full - no_path,unit:5,0.007546339100955438
govreport_test_0860,AB2 - AB0,unit:5,0.03979806031619501
govreport_test_0860,TextRank - no_path,unit:5,-0.024091975356378692
govreport_test_0860,Lead - no_path,unit:5,0.16406204272753877
govreport_test_0860,Full - no_path,word:110,0.03730011700468018
govreport_test_0860,AB2 - AB0,word:110,-0.08524102719594678
govreport_test_0860,TextRank - no_path,word:110,0.03810341444270017
govreport_test_0860,Lead - no_path,word:110,0.2645151869158879
govreport_test_0860,Full - no_path,word:260,0.0
govreport_test_0860,AB2 - AB0,word:260,-0.023663570329939765
govreport_test_0860,TextRank - no_path,word:260,-0.02137425433107379
govreport_test_0860,Lead - no_path,word:260,0.40027495970418125
govreport_test_0862,Full - no_path,unit:10,-0.03184329636721331
govreport_test_0862,AB2 - AB0,unit:10,0.07425598859538701
govreport_test_0862,TextRank - no_path,unit:10,-0.06538457765614114
govreport_test_0862,Lead - no_path,unit:10,-0.0137516983072008
govreport_test_0862,Full - no_path,unit:5,0.003929887367133206
govreport_test_0862,AB2 - AB0,unit:5,0.061960168682857766
govreport_test_0862,TextRank - no_path,unit:5,-0.057158247914550445
govreport_test_0862,Lead - no_path,unit:5,-0.011004401760704302
govreport_test_0862,Full - no_path,word:110,0.0
govreport_test_0862,AB2 - AB0,word:110,0.05984355444305381
govreport_test_0862,TextRank - no_path,word:110,-0.03237756468768921
govreport_test_0862,Lead - no_path,word:110,-0.0023023767177643983
govreport_test_0862,Full - no_path,word:260,-0.00021207221058769377
govreport_test_0862,AB2 - AB0,word:260,0.048039085054408154
govreport_test_0862,TextRank - no_path,word:260,-0.014917954563528874
govreport_test_0862,Lead - no_path,word:260,0.047052403199829645
govreport_test_0865,Full - no_path,unit:10,0.0
govreport_test_0865,AB2 - AB0,unit:10,0.039223300970873815
govreport_test_0865,TextRank - no_path,unit:10,-0.02067735959190925
govreport_test_0865,Lead - no_path,unit:10,0.05888380771760246
govreport_test_0865,Full - no_path,unit:5,0.015342861520278389
govreport_test_0865,AB2 - AB0,unit:5,0.013963161021984569
govreport_test_0865,TextRank - no_path,unit:5,-0.05360158966716347
govreport_test_0865,Lead - no_path,unit:5,-0.06333045729076793
govreport_test_0865,Full - no_path,word:110,0.00597633951117979
govreport_test_0865,AB2 - AB0,word:110,0.04419889502762431
govreport_test_0865,TextRank - no_path,word:110,-0.015988383230779862
govreport_test_0865,Lead - no_path,word:110,0.021851781291674588
govreport_test_0865,Full - no_path,word:260,-0.013745704467353959
govreport_test_0865,AB2 - AB0,word:260,0.013729977116704817
govreport_test_0865,TextRank - no_path,word:260,0.008967211095121636
govreport_test_0865,Lead - no_path,word:260,0.10644169896071295
govreport_test_0872,Full - no_path,unit:10,-0.01385384513578472
govreport_test_0872,AB2 - AB0,unit:10,0.0005194273130975924
govreport_test_0872,TextRank - no_path,unit:10,0.013851320686212226
govreport_test_0872,Lead - no_path,unit:10,-0.05758621248948624
govreport_test_0872,Full - no_path,unit:5,0.0
govreport_test_0872,AB2 - AB0,unit:5,-0.0018059618368903019
govreport_test_0872,TextRank - no_path,unit:5,-0.021293468377164407
govreport_test_0872,Lead - no_path,unit:5,-0.053821208155246186
govreport_test_0872,Full - no_path,word:110,0.0
govreport_test_0872,AB2 - AB0,word:110,-0.02422099680747211
govreport_test_0872,TextRank - no_path,word:110,0.0372828359126601
govreport_test_0872,Lead - no_path,word:110,-0.028811469635057055
govreport_test_0872,Full - no_path,word:260,0.004873572936657938
govreport_test_0872,AB2 - AB0,word:260,-0.011592376752244449
govreport_test_0872,TextRank - no_path,word:260,0.05960011062215256
govreport_test_0872,Lead - no_path,word:260,-0.027403017085223233
govreport_test_0876,Full - no_path,unit:10,-0.005275524626617095
govreport_test_0876,AB2 - AB0,unit:10,0.02316390005842528
govreport_test_0876,TextRank - no_path,unit:10,-0.0043897541270693785
govreport_test_0876,Lead - no_path,unit:10,-0.0025284450063211006
govreport_test_0876,Full - no_path,unit:5,-0.008570983325541529
govreport_test_0876,AB2 - AB0,unit:5,0.04986447879276244
govreport_test_0876,TextRank - no_path,unit:5,-0.054743370672742236
govreport_test_0876,Lead - no_path,unit:5,-0.03799780781877969
govreport_test_0876,Full - no_path,word:110,0.0026281208935611117
govreport_test_0876,AB2 - AB0,word:110,-0.04479578392621873
govreport_test_0876,TextRank - no_path,word:110,0.034706451378029884
govreport_test_0876,Lead - no_path,word:110,0.02070118816553375
govreport_test_0876,Full - no_path,word:260,-0.007003163646821936
govreport_test_0876,AB2 - AB0,word:260,-0.04605263157894737
govreport_test_0876,TextRank - no_path,word:260,0.06007033001004716
govreport_test_0876,Lead - no_path,word:260,0.01939613804752585
govreport_test_0889,Full - no_path,unit:10,0.0
govreport_test_0889,AB2 - AB0,unit:10,-0.0013253313328332184
govreport_test_0889,TextRank - no_path,unit:10,0.006908821349147526
govreport_test_0889,Lead - no_path,unit:10,0.1716253685465153
govreport_test_0889,Full - no_path,unit:5,0.0
govreport_test_0889,AB2 - AB0,unit:5,0.00022080679405521442
govreport_test_0889,TextRank - no_path,unit:5,-0.004387309435517087
govreport_test_0889,Lead - no_path,unit:5,0.06514114584903577
govreport_test_0889,Full - no_path,word:110,0.0
govreport_test_0889,AB2 - AB0,word:110,-0.01837270341207349
govreport_test_0889,TextRank - no_path,word:110,0.008029219737808749
govreport_test_0889,Lead - no_path,word:110,0.10965906748567422
govreport_test_0889,Full - no_path,word:260,0.0
govreport_test_0889,AB2 - AB0,word:260,-0.09665456082704024
govreport_test_0889,TextRank - no_path,word:260,0.015868564854759848
govreport_test_0889,Lead - no_path,word:260,0.2561896904257991
govreport_test_0893,Full - no_path,unit:10,0.007025761124121788
govreport_test_0893,AB2 - AB0,unit:10,-0.07374786046894036
govreport_test_0893,TextRank - no_path,unit:10,-0.027809470432421213
govreport_test_0893,Lead - no_path,unit:10,0.21411515827311328
govreport_test_0893,Full - no_path,unit:5,0.0
govreport_test_0893,AB2 - AB0,unit:5,-0.07742723635586232
govreport_test_0893,TextRank - no_path,unit:5,-0.01856543828899787
govreport_test_0893,Lead - no_path,unit:5,0.1334518258160504
govreport_test_0893,Full - no_path,word:110,0.0
govreport_test_0893,AB2 - AB0,word:110,-0.06816935540932573
govreport_test_0893,TextRank - no_path,word:110,0.017623379085630123
govreport_test_0893,Lead - no_path,word:110,0.0734237759040594
govreport_test_0893,Full - no_path,word:260,-0.0033314857492925953
govreport_test_0893,AB2 - AB0,word:260,-0.08099995309788474
govreport_test_0893,TextRank - no_path,word:260,0.005796998992594671
govreport_test_0893,Lead - no_path,word:260,0.22225963326121131
govreport_test_0894,Full - no_path,unit:10,0.0
govreport_test_0894,AB2 - AB0,unit:10,0.060425872383757906
govreport_test_0894,TextRank - no_path,unit:10,-0.05433832709113606
govreport_test_0894,Lead - no_path,unit:10,-0.023866213151927412
govreport_test_0894,Full - no_path,unit:5,0.0
govreport_test_0894,AB2 - AB0,unit:5,0.03147725392886684
govreport_test_0894,TextRank - no_path,unit:5,-0.04792583635630794
govreport_test_0894,Lead - no_path,unit:5,-0.011337844637881428
govreport_test_0894,Full - no_path,word:110,0.0
govreport_test_0894,AB2 - AB0,word:110,-0.031515151515151524
govreport_test_0894,TextRank - no_path,word:110,0.02474730280226814
govreport_test_0894,Lead - no_path,word:110,0.005165072734601178
govreport_test_0894,Full - no_path,word:260,0.00038972141204871025
govreport_test_0894,AB2 - AB0,word:260,-0.0044922726206040875
govreport_test_0894,TextRank - no_path,word:260,0.03750825861255308
govreport_test_0894,Lead - no_path,word:260,0.010841591945886436
govreport_test_0897,Full - no_path,unit:10,0.006842094876050864
govreport_test_0897,AB2 - AB0,unit:10,-0.00012499239911084592
govreport_test_0897,TextRank - no_path,unit:10,-0.06884443488881671
govreport_test_0897,Lead - no_path,unit:10,0.09255758766638003
govreport_test_0897,Full - no_path,unit:5,0.01659065875480066
govreport_test_0897,AB2 - AB0,unit:5,0.0017942227282850415
govreport_test_0897,TextRank - no_path,unit:5,-0.06111854579203569
govreport_test_0897,Lead - no_path,unit:5,0.10397639694799897
govreport_test_0897,Full - no_path,word:110,-0.021113309698518712
govreport_test_0897,AB2 - AB0,word:110,-0.002136752136752129
govreport_test_0897,TextRank - no_path,word:110,-0.01896968697611784
govreport_test_0897,Lead - no_path,word:110,0.08566890625714155
govreport_test_0897,Full - no_path,word:260,0.005504587155963275
govreport_test_0897,AB2 - AB0,word:260,-0.0038109974015926584
govreport_test_0897,TextRank - no_path,word:260,-0.008687718586851856
govreport_test_0897,Lead - no_path,word:260,0.108028153617168
govreport_test_0899,Full - no_path,unit:10,-0.0020833584615603806
govreport_test_0899,AB2 - AB0,unit:10,-0.04662879229628639
govreport_test_0899,TextRank - no_path,unit:10,0.009057177282436074
govreport_test_0899,Lead - no_path,unit:10,0.027458270447086347
govreport_test_0899,Full - no_path,unit:5,0.0009222674509257733
govreport_test_0899,AB2 - AB0,unit:5,-0.053584814020318144
govreport_test_0899,TextRank - no_path,unit:5,-0.007928994877372447
govreport_test_0899,Lead - no_path,unit:5,0.010938393624635723
govreport_test_0899,Full - no_path,word:110,0.0004848093083387184
govreport_test_0899,AB2 - AB0,word:110,-0.0025630907416802906
govreport_test_0899,TextRank - no_path,word:110,0.0004848093083387184
govreport_test_0899,Lead - no_path,word:110,0.027757605099653027
govreport_test_0899,Full - no_path,word:260,0.0026403641491510033
govreport_test_0899,AB2 - AB0,word:260,-0.05043394942400492
govreport_test_0899,TextRank - no_path,word:260,0.005676718866825664
govreport_test_0899,Lead - no_path,word:260,0.041001224952041976
govreport_test_0902,Full - no_path,unit:10,0.0034434169672065695
govreport_test_0902,AB2 - AB0,unit:10,0.021658507639816055
govreport_test_0902,TextRank - no_path,unit:10,-0.009953379451041244
govreport_test_0902,Lead - no_path,unit:10,-0.017151835756640393
govreport_test_0902,Full - no_path,unit:5,-0.0006621001231701118
govreport_test_0902,AB2 - AB0,unit:5,0.053982183220316435
govreport_test_0902,TextRank - no_path,unit:5,-0.051599515421311026
govreport_test_0902,Lead - no_path,unit:5,-0.02558500364142996
govreport_test_0902,Full - no_path,word:110,0.0
govreport_test_0902,AB2 - AB0,word:110,-0.016736401673640156
govreport_test_0902,TextRank - no_path,word:110,0.025486925905335953
govreport_test_0902,Lead - no_path,word:110,-0.010735675023147331
govreport_test_0902,Full - no_path,word:260,0.0
govreport_test_0902,AB2 - AB0,word:260,-0.013458575063410555
govreport_test_0902,TextRank - no_path,word:260,0.024966054925320808
govreport_test_0902,Lead - no_path,word:260,-0.011534025374855844
govreport_test_0908,Full - no_path,unit:10,-0.004007130124777186
govreport_test_0908,AB2 - AB0,unit:10,0.011494116364162449
govreport_test_0908,TextRank - no_path,unit:10,-0.006218053927315392
govreport_test_0908,Lead - no_path,unit:10,0.30849918962722844
govreport_test_0908,Full - no_path,unit:5,0.0
govreport_test_0908,AB2 - AB0,unit:5,0.018204155430726066
govreport_test_0908,TextRank - no_path,unit:5,-0.00700474041735219
govreport_test_0908,Lead - no_path,unit:5,0.16972797023947922
govreport_test_0908,Full - no_path,word:110,0.0
govreport_test_0908,AB2 - AB0,word:110,-0.029651300424347174
govreport_test_0908,TextRank - no_path,word:110,0.029651300424347174
govreport_test_0908,Lead - no_path,word:110,0.28783935335068456
govreport_test_0908,Full - no_path,word:260,0.0
govreport_test_0908,AB2 - AB0,word:260,0.013868025581056348
govreport_test_0908,TextRank - no_path,word:260,0.008054842936965595
govreport_test_0908,Lead - no_path,word:260,0.2960225565351934
govreport_test_0924,Full - no_path,unit:10,-0.008060287150555151
govreport_test_0924,AB2 - AB0,unit:10,0.008429737243296584
govreport_test_0924,TextRank - no_path,unit:10,0.02096965731181233
govreport_test_0924,Lead - no_path,unit:10,0.06962629569012546
govreport_test_0924,Full - no_path,unit:5,-0.0175298976167943
govreport_test_0924,AB2 - AB0,unit:5,-0.02332397118085236
govreport_test_0924,TextRank - no_path,unit:5,0.012727570448218872
govreport_test_0924,Lead - no_path,unit:5,0.05885581012484564
govreport_test_0924,Full - no_path,word:110,0.0
govreport_test_0924,AB2 - AB0,word:110,-0.023324003731840598
govreport_test_0924,TextRank - no_path,word:110,-0.015568941114512375
govreport_test_0924,Lead - no_path,word:110,0.04858299595141702
govreport_test_0924,Full - no_path,word:260,0.0
govreport_test_0924,AB2 - AB0,word:260,-0.02144318612909446
govreport_test_0924,TextRank - no_path,word:260,0.010372079750871566
govreport_test_0924,Lead - no_path,word:260,0.041297273033329585
govreport_test_0925,Full - no_path,unit:10,-0.016828840526102562
govreport_test_0925,AB2 - AB0,unit:10,0.01704768873673923
govreport_test_0925,TextRank - no_path,unit:10,-0.05500911167874489
govreport_test_0925,Lead - no_path,unit:10,0.0769372626468614
govreport_test_0925,Full - no_path,unit:5,0.0
govreport_test_0925,AB2 - AB0,unit:5,0.05426701975617787
govreport_test_0925,TextRank - no_path,unit:5,-0.04624163715072807
govreport_test_0925,Lead - no_path,unit:5,0.0012531328320802004
govreport_test_0925,Full - no_path,word:110,-0.014598540145985411
govreport_test_0925,AB2 - AB0,word:110,0.00015077471596704195
govreport_test_0925,TextRank - no_path,word:110,0.004174794128809611
govreport_test_0925,Lead - no_path,word:110,0.10922297806671336
govreport_test_0925,Full - no_path,word:260,-0.03457242996811344
govreport_test_0925,AB2 - AB0,word:260,-0.09666715607106152
govreport_test_0925,TextRank - no_path,word:260,-0.007396730899785903
govreport_test_0925,Lead - no_path,word:260,0.17677670720791866
govreport_test_0940,Full - no_path,unit:10,0.030070082202849874
govreport_test_0940,AB2 - AB0,unit:10,0.036417491166720634
govreport_test_0940,TextRank - no_path,unit:10,-0.016949574748229584
govreport_test_0940,Lead - no_path,unit:10,0.006110102843315202
govreport_test_0940,Full - no_path,unit:5,0.03957733330685048
govreport_test_0940,AB2 - AB0,unit:5,0.06365647084209959
govreport_test_0940,TextRank - no_path,unit:5,-0.003943797076488731
govreport_test_0940,Lead - no_path,unit:5,-0.0294222931897285
govreport_test_0940,Full - no_path,word:110,0.03520270809990439
govreport_test_0940,AB2 - AB0,word:110,-0.03485477178423238
govreport_test_0940,TextRank - no_path,word:110,0.04128673838217409
govreport_test_0940,Lead - no_path,word:110,-0.010208766458766463
govreport_test_0940,Full - no_path,word:260,-0.0037587180929110897
govreport_test_0940,AB2 - AB0,word:260,-0.013531736655913895
govreport_test_0940,TextRank - no_path,word:260,0.014761048304213792
govreport_test_0940,Lead - no_path,word:260,-0.0017985611510791255
govreport_test_0944,Full - no_path,unit:10,-0.001994870333428267
govreport_test_0944,AB2 - AB0,unit:10,-0.027059804441749435
govreport_test_0944,TextRank - no_path,unit:10,-0.015537190082644592
govreport_test_0944,Lead - no_path,unit:10,0.09496408434386347
govreport_test_0944,Full - no_path,unit:5,-0.0016219751471550081
govreport_test_0944,AB2 - AB0,unit:5,0.01849444616389831
govreport_test_0944,TextRank - no_path,unit:5,-0.03412045768892241
govreport_test_0944,Lead - no_path,unit:5,0.004570133915928309
govreport_test_0944,Full - no_path,word:110,0.0030981421439967155
govreport_test_0944,AB2 - AB0,word:110,-0.04000054823434275
govreport_test_0944,TextRank - no_path,word:110,0.024095517472080705
govreport_test_0944,Lead - no_path,word:110,0.05582266196009723
govreport_test_0944,Full - no_path,word:260,0.00831202046035806
govreport_test_0944,AB2 - AB0,word:260,-0.054288816503800186
govreport_test_0944,TextRank - no_path,word:260,0.023965141612200452
govreport_test_0944,Lead - no_path,word:260,0.08903539653075598
govreport_test_0946,Full - no_path,unit:10,0.0
govreport_test_0946,AB2 - AB0,unit:10,-0.0051681972337196125
govreport_test_0946,TextRank - no_path,unit:10,-0.04305955602106426
govreport_test_0946,Lead - no_path,unit:10,-0.025708607621135415
govreport_test_0946,Full - no_path,unit:5,-0.028396537635059504
govreport_test_0946,AB2 - AB0,unit:5,0.002347151954491658
govreport_test_0946,TextRank - no_path,unit:5,-0.04958537352977775
govreport_test_0946,Lead - no_path,unit:5,-0.03870262685681136
govreport_test_0946,Full - no_path,word:110,0.012142839594133106
govreport_test_0946,AB2 - AB0,word:110,-0.012262071729112409
govreport_test_0946,TextRank - no_path,word:110,0.040035554238731896
govreport_test_0946,Lead - no_path,word:110,0.019992910315490955
govreport_test_0946,Full - no_path,word:260,-0.001717988865692438
govreport_test_0946,AB2 - AB0,word:260,0.0020898641588296407
govreport_test_0946,TextRank - no_path,word:260,0.00740303983228513
govreport_test_0946,Lead - no_path,word:260,-0.02050713291579681
govreport_test_0948,Full - no_path,unit:10,0.0
govreport_test_0948,AB2 - AB0,unit:10,-0.002741774675972114
govreport_test_0948,TextRank - no_path,unit:10,0.027218098267939195
govreport_test_0948,Lead - no_path,unit:10,-0.009783547429358691
govreport_test_0948,Full - no_path,unit:5,0.0
govreport_test_0948,AB2 - AB0,unit:5,0.03166173679621112
govreport_test_0948,TextRank - no_path,unit:5,-0.037308637308637316
govreport_test_0948,Lead - no_path,unit:5,-0.02513598237736167
govreport_test_0948,Full - no_path,word:110,0.0
govreport_test_0948,AB2 - AB0,word:110,-0.010575078929509305
govreport_test_0948,TextRank - no_path,word:110,0.01623243142230482
govreport_test_0948,Lead - no_path,word:110,0.014064697609001392
govreport_test_0948,Full - no_path,word:260,0.0
govreport_test_0948,AB2 - AB0,word:260,-0.022915804509471477
govreport_test_0948,TextRank - no_path,word:260,0.04144187540141295
govreport_test_0948,Lead - no_path,word:260,0.01157407407407407
govreport_test_0949,Full - no_path,unit:10,0.018152955936195814
govreport_test_0949,AB2 - AB0,unit:10,0.031819053095648864
govreport_test_0949,TextRank - no_path,unit:10,-0.01663266297483723
govreport_test_0949,Lead - no_path,unit:10,0.030198477006987662
govreport_test_0949,Full - no_path,unit:5,-0.010944799080392309
govreport_test_0949,AB2 - AB0,unit:5,0.04563233376792698
govreport_test_0949,TextRank - no_path,unit:5,-0.026851582537877755
govreport_test_0949,Lead - no_path,unit:5,0.01024575041204398
govreport_test_0949,Full - no_path,word:110,0.0
govreport_test_0949,AB2 - AB0,word:110,-0.014881731879795468
govreport_test_0949,TextRank - no_path,word:110,0.011473290351305343
govreport_test_0949,Lead - no_path,word:110,0.02557316589049341
govreport_test_0949,Full - no_path,word:260,0.036641654418400754
govreport_test_0949,AB2 - AB0,word:260,-0.011739947777672205
govreport_test_0949,TextRank - no_path,word:260,0.028931076469276784
govreport_test_0949,Lead - no_path,word:260,0.057056825861198784
govreport_test_0951,Full - no_path,unit:10,0.0
govreport_test_0951,AB2 - AB0,unit:10,0.006319838798314714
govreport_test_0951,TextRank - no_path,unit:10,0.029766676393607944
govreport_test_0951,Lead - no_path,unit:10,0.007989814309572213
govreport_test_0951,Full - no_path,unit:5,-0.004964314533950381
govreport_test_0951,AB2 - AB0,unit:5,-0.002945567526126791
govreport_test_0951,TextRank - no_path,unit:5,-0.05454002389486262
govreport_test_0951,Lead - no_path,unit:5,-0.02994949711310077
govreport_test_0951,Full - no_path,word:110,0.0054083961546441545
govreport_test_0951,AB2 - AB0,word:110,-0.023459945299216037
govreport_test_0951,TextRank - no_path,word:110,0.04972390934707406
govreport_test_0951,Lead - no_path,word:110,0.028909329829172145
govreport_test_0951,Full - no_path,word:260,0.004587728906054855
govreport_test_0951,AB2 - AB0,word:260,-0.050181587594396754
govreport_test_0951,TextRank - no_path,word:260,0.05450327268892563
govreport_test_0951,Lead - no_path,word:260,0.03043325080708753
govreport_test_0957,Full - no_path,unit:10,0.0
govreport_test_0957,AB2 - AB0,unit:10,-0.032253968253968285
govreport_test_0957,TextRank - no_path,unit:10,-0.08074474769827608
govreport_test_0957,Lead - no_path,unit:10,0.09109962827238938
govreport_test_0957,Full - no_path,unit:5,0.0
govreport_test_0957,AB2 - AB0,unit:5,0.028659078810928246
govreport_test_0957,TextRank - no_path,unit:5,-0.025751218609242926
govreport_test_0957,Lead - no_path,unit:5,0.1894874594813323
govreport_test_0957,Full - no_path,word:110,0.0
govreport_test_0957,AB2 - AB0,word:110,-0.015851011738549275
govreport_test_0957,TextRank - no_path,word:110,0.015552864228412275
govreport_test_0957,Lead - no_path,word:110,0.13772329269934236
govreport_test_0957,Full - no_path,word:260,0.0
govreport_test_0957,AB2 - AB0,word:260,-0.02484289903644743
govreport_test_0957,TextRank - no_path,word:260,0.03413444064734206
govreport_test_0957,Lead - no_path,word:260,0.18377386094790985
govreport_test_0967,Full - no_path,unit:10,-0.008991871827990688
govreport_test_0967,AB2 - AB0,unit:10,-0.032868366201699556
govreport_test_0967,TextRank - no_path,unit:10,0.018455789772958003
govreport_test_0967,Lead - no_path,unit:10,-0.016192168116734268
govreport_test_0967,Full - no_path,unit:5,-0.009183889961369693
govreport_test_0967,AB2 - AB0,unit:5,-0.024142183030449932
govreport_test_0967,TextRank - no_path,unit:5,0.029793251009694724
govreport_test_0967,Lead - no_path,unit:5,0.00621641666472976
govreport_test_0967,Full - no_path,word:110,-0.005834920377649003
govreport_test_0967,AB2 - AB0,word:110,-0.005592418766071472
govreport_test_0967,TextRank - no_path,word:110,0.030417873769882017
govreport_test_0967,Lead - no_path,word:110,0.009365242190934611
govreport_test_0967,Full - no_path,word:260,-0.004507392512288461
govreport_test_0967,AB2 - AB0,word:260,-0.04590429194570489
govreport_test_0967,TextRank - no_path,word:260,0.033952768099109576
govreport_test_0967,Lead - no_path,word:260,0.0204109455643198
govreport_test_0968,Full - no_path,unit:10,0.0
govreport_test_0968,AB2 - AB0,unit:10,0.0537538357806044
govreport_test_0968,TextRank - no_path,unit:10,-0.05171665259905543
govreport_test_0968,Lead - no_path,unit:10,0.06754478050711465
govreport_test_0968,Full - no_path,unit:5,0.0
govreport_test_0968,AB2 - AB0,unit:5,0.06269442308829619
govreport_test_0968,TextRank - no_path,unit:5,-0.0711218607822872
govreport_test_0968,Lead - no_path,unit:5,-0.046380492760985534
govreport_test_0968,Full - no_path,word:110,0.0
govreport_test_0968,AB2 - AB0,word:110,-0.021930304688925373
govreport_test_0968,TextRank - no_path,word:110,0.04180481344476411
govreport_test_0968,Lead - no_path,word:110,0.03424557562488598
govreport_test_0968,Full - no_path,word:260,0.0
govreport_test_0968,AB2 - AB0,word:260,-0.018328565414980708
govreport_test_0968,TextRank - no_path,word:260,0.04144374904000295
govreport_test_0968,Lead - no_path,word:260,0.15637364990578798
govreport_test_0969,Full - no_path,unit:10,0.0
govreport_test_0969,AB2 - AB0,unit:10,-0.030041882327121072
govreport_test_0969,TextRank - no_path,unit:10,0.024588418093891312
govreport_test_0969,Lead - no_path,unit:10,0.05344247257915316
govreport_test_0969,Full - no_path,unit:5,0.0
govreport_test_0969,AB2 - AB0,unit:5,0.002993117553112018
govreport_test_0969,TextRank - no_path,unit:5,0.00654997176736305
govreport_test_0969,Lead - no_path,unit:5,0.001205337925096861
govreport_test_0969,Full - no_path,word:110,-0.008075370121130562
govreport_test_0969,AB2 - AB0,word:110,-0.03735085721343427
govreport_test_0969,TextRank - no_path,word:110,0.00807537012113052
govreport_test_0969,Lead - no_path,word:110,0.06191117092866755
govreport_test_0969,Full - no_path,word:260,0.0
govreport_test_0969,AB2 - AB0,word:260,-0.03177135060844091
govreport_test_0969,TextRank - no_path,word:260,0.045488441461595835
govreport_test_0969,Lead - no_path,word:260,0.08111375287166062
