dataset,horizon_hours,method,method_role,seed,reconciliation,hierarchy_weighted_smape,leaf_smape,region_smape,system_smape,leaf_mae,region_mae,system_mae,coherence_violation,runtime_s,train_samples,test_samples,source_status
Ausgrid exact 12-leaf/4-region/system hierarchy,24,HyG-LoadFormer (neural),proposed,11,Base,0.28473011,0.40876680,0.27156104,0.17386248,0.50763628,1.03859314,2.68858884,0.04500289,4.3475,51692,133756,public_ausgrid_exact_hierarchy_v8_reconciliation
Ausgrid exact 12-leaf/4-region/system hierarchy,24,HyG-LoadFormer (neural),proposed,11,Bottom-Up,0.28540568,0.40876680,0.27229381,0.17515645,0.50763628,1.04017683,2.70668355,0.00000000,4.3475,51692,133756,public_ausgrid_exact_hierarchy_v8_reconciliation
Ausgrid exact 12-leaf/4-region/system hierarchy,24,HyG-LoadFormer (neural),proposed,11,Top-Down,0.35831768,0.55843999,0.34265056,0.17386248,0.69762493,1.31177018,2.68858884,0.00000000,4.3475,51692,133756,public_ausgrid_exact_hierarchy_v8_reconciliation
Ausgrid exact 12-leaf/4-region/system hierarchy,24,HyG-LoadFormer (neural),proposed,11,OLS-Reconciled,0.28363652,0.40620244,0.27152252,0.17318461,0.50649037,1.03637601,2.68081133,0.00000000,4.3475,51692,133756,public_ausgrid_exact_hierarchy_v8_reconciliation
Ausgrid exact 12-leaf/4-region/system hierarchy,24,HyG-LoadFormer (neural),proposed,23,Base,0.29215316,0.41630237,0.27950054,0.18065656,0.51762949,1.06025542,2.76107860,0.04239318,3.1629,51692,133756,public_ausgrid_exact_hierarchy_v8_reconciliation
Ausgrid exact 12-leaf/4-region/system hierarchy,24,HyG-LoadFormer (neural),proposed,23,Bottom-Up,0.29251116,0.41630237,0.27989622,0.18133489,0.51762949,1.06454567,2.79482246,0.00000000,3.1629,51692,133756,public_ausgrid_exact_hierarchy_v8_reconciliation
Ausgrid exact 12-leaf/4-region/system hierarchy,24,HyG-LoadFormer (neural),proposed,23,Top-Down,0.36485391,0.56466906,0.34923612,0.18065656,0.70547829,1.33210307,2.76107860,0.00000000,3.1629,51692,133756,public_ausgrid_exact_hierarchy_v8_reconciliation
Ausgrid exact 12-leaf/4-region/system hierarchy,24,HyG-LoadFormer (neural),proposed,23,OLS-Reconciled,0.29178962,0.41572204,0.27937282,0.18027400,0.51530075,1.05773075,2.75834341,0.00000000,3.1629,51692,133756,public_ausgrid_exact_hierarchy_v8_reconciliation
Ausgrid exact 12-leaf/4-region/system hierarchy,24,HyG-LoadFormer (neural),proposed,47,Base,0.29798735,0.42518563,0.28452408,0.18425233,0.52555174,1.07467673,2.80146529,0.03771674,3.1546,51692,133756,public_ausgrid_exact_hierarchy_v8_reconciliation
Ausgrid exact 12-leaf/4-region/system hierarchy,24,HyG-LoadFormer (neural),proposed,47,Bottom-Up,0.29907878,0.42518563,0.28577219,0.18627850,0.52555174,1.08196965,2.85781888,0.00000000,3.1546,51692,133756,public_ausgrid_exact_hierarchy_v8_reconciliation
Ausgrid exact 12-leaf/4-region/system hierarchy,24,HyG-LoadFormer (neural),proposed,47,Top-Down,0.36844137,0.56777747,0.35329431,0.18425233,0.70944207,1.34424550,2.80146529,0.00000000,3.1546,51692,133756,public_ausgrid_exact_hierarchy_v8_reconciliation
Ausgrid exact 12-leaf/4-region/system hierarchy,24,HyG-LoadFormer (neural),proposed,47,OLS-Reconciled,0.29726532,0.42335333,0.28440020,0.18404244,0.52189263,1.07173975,2.80188683,0.00000000,3.1546,51692,133756,public_ausgrid_exact_hierarchy_v8_reconciliation
Ausgrid exact 12-leaf/4-region/system hierarchy,24,HyG-LoadFormer (neural),proposed,59,Base,0.28407672,0.40845424,0.27034031,0.17343560,0.50343293,1.03603824,2.68050852,0.04503369,3.1626,51692,133756,public_ausgrid_exact_hierarchy_v8_reconciliation
Ausgrid exact 12-leaf/4-region/system hierarchy,24,HyG-LoadFormer (neural),proposed,59,Bottom-Up,0.28499840,0.40845424,0.27084516,0.17569579,0.50343293,1.03272452,2.69610197,0.00000000,3.1626,51692,133756,public_ausgrid_exact_hierarchy_v8_reconciliation
Ausgrid exact 12-leaf/4-region/system hierarchy,24,HyG-LoadFormer (neural),proposed,59,Top-Down,0.35672331,0.55571248,0.34102185,0.17343560,0.69408147,1.30535815,2.68050852,0.00000000,3.1626,51692,133756,public_ausgrid_exact_hierarchy_v8_reconciliation
Ausgrid exact 12-leaf/4-region/system hierarchy,24,HyG-LoadFormer (neural),proposed,59,OLS-Reconciled,0.28268177,0.40543191,0.26983203,0.17278136,0.50424112,1.03288529,2.67183343,0.00000000,3.1626,51692,133756,public_ausgrid_exact_hierarchy_v8_reconciliation
Ausgrid exact 12-leaf/4-region/system hierarchy,24,HyG-LoadFormer (neural),proposed,71,Base,0.29206243,0.41664441,0.27901851,0.18052438,0.52120626,1.06376857,2.77887003,0.04407126,3.2513,51692,133756,public_ausgrid_exact_hierarchy_v8_reconciliation
Ausgrid exact 12-leaf/4-region/system hierarchy,24,HyG-LoadFormer (neural),proposed,71,Bottom-Up,0.29353571,0.41664441,0.28076735,0.18319537,0.52120626,1.07622994,2.85521696,0.00000000,3.2513,51692,133756,public_ausgrid_exact_hierarchy_v8_reconciliation
Ausgrid exact 12-leaf/4-region/system hierarchy,24,HyG-LoadFormer (neural),proposed,71,Top-Down,0.36512795,0.56533565,0.34952382,0.18052438,0.70775641,1.33705012,2.77887003,0.00000000,3.2513,51692,133756,public_ausgrid_exact_hierarchy_v8_reconciliation
Ausgrid exact 12-leaf/4-region/system hierarchy,24,HyG-LoadFormer (neural),proposed,71,OLS-Reconciled,0.29109537,0.41446765,0.27867556,0.18014290,0.51640644,1.06051039,2.77773564,0.00000000,3.2513,51692,133756,public_ausgrid_exact_hierarchy_v8_reconciliation
Ausgrid exact 12-leaf/4-region/system hierarchy,24,HyG-LoadFormer (neural),proposed,83,Base,0.29374804,0.42022622,0.28039247,0.18062543,0.52140338,1.06405723,2.76398127,0.04539395,3.2476,51692,133756,public_ausgrid_exact_hierarchy_v8_reconciliation
Ausgrid exact 12-leaf/4-region/system hierarchy,24,HyG-LoadFormer (neural),proposed,83,Bottom-Up,0.29439670,0.42022622,0.28092322,0.18204067,0.52140338,1.07050535,2.81778644,0.00000000,3.2476,51692,133756,public_ausgrid_exact_hierarchy_v8_reconciliation
Ausgrid exact 12-leaf/4-region/system hierarchy,24,HyG-LoadFormer (neural),proposed,83,Top-Down,0.36502675,0.56497453,0.34948028,0.18062543,0.70618665,1.33389180,2.76398127,0.00000000,3.2476,51692,133756,public_ausgrid_exact_hierarchy_v8_reconciliation
Ausgrid exact 12-leaf/4-region/system hierarchy,24,HyG-LoadFormer (neural),proposed,83,OLS-Reconciled,0.29264947,0.41794384,0.27990118,0.18010338,0.51739026,1.06009955,2.76132022,0.00000000,3.2476,51692,133756,public_ausgrid_exact_hierarchy_v8_reconciliation
Ausgrid exact 12-leaf/4-region/system hierarchy,24,HyG-LoadFormer (neural),proposed,97,Base,0.28487508,0.40715952,0.27251392,0.17495181,0.50896444,1.04188461,2.70280726,0.04433118,2.5687,51692,133756,public_ausgrid_exact_hierarchy_v8_reconciliation
Ausgrid exact 12-leaf/4-region/system hierarchy,24,HyG-LoadFormer (neural),proposed,97,Bottom-Up,0.28585166,0.40715952,0.27329538,0.17710009,0.50896444,1.04541136,2.74397647,0.00000000,2.5687,51692,133756,public_ausgrid_exact_hierarchy_v8_reconciliation
Ausgrid exact 12-leaf/4-region/system hierarchy,24,HyG-LoadFormer (neural),proposed,97,Top-Down,0.35954671,0.55958947,0.34409886,0.17495181,0.69911617,1.31641080,2.70280726,0.00000000,2.5687,51692,133756,public_ausgrid_exact_hierarchy_v8_reconciliation
Ausgrid exact 12-leaf/4-region/system hierarchy,24,HyG-LoadFormer (neural),proposed,97,OLS-Reconciled,0.28375868,0.40486721,0.27221778,0.17419107,0.50795643,1.03915124,2.69543644,0.00000000,2.5687,51692,133756,public_ausgrid_exact_hierarchy_v8_reconciliation
Ausgrid exact 12-leaf/4-region/system hierarchy,24,HyG-LoadFormer (neural),proposed,109,Base,0.28916388,0.41589631,0.27520656,0.17638878,0.51689352,1.05249150,2.72865592,0.04250796,2.6414,51692,133756,public_ausgrid_exact_hierarchy_v8_reconciliation
Ausgrid exact 12-leaf/4-region/system hierarchy,24,HyG-LoadFormer (neural),proposed,109,Bottom-Up,0.29183556,0.41589631,0.27836460,0.18124578,0.51689352,1.06521002,2.81825341,0.00000000,2.6414,51692,133756,public_ausgrid_exact_hierarchy_v8_reconciliation
Ausgrid exact 12-leaf/4-region/system hierarchy,24,HyG-LoadFormer (neural),proposed,109,Top-Down,0.36072111,0.56093495,0.34483961,0.17638878,0.70244766,1.32286689,2.72865592,0.00000000,2.6414,51692,133756,public_ausgrid_exact_hierarchy_v8_reconciliation
Ausgrid exact 12-leaf/4-region/system hierarchy,24,HyG-LoadFormer (neural),proposed,109,OLS-Reconciled,0.28640057,0.40907099,0.27377310,0.17635761,0.50985155,1.04582119,2.73178334,0.00000000,2.6414,51692,133756,public_ausgrid_exact_hierarchy_v8_reconciliation
Ausgrid exact 12-leaf/4-region/system hierarchy,24,HyG-LoadFormer (neural),proposed,127,Base,0.29200633,0.41639933,0.27956079,0.18005885,0.51776494,1.06243218,2.75858171,0.04824707,3.2145,51692,133756,public_ausgrid_exact_hierarchy_v8_reconciliation
Ausgrid exact 12-leaf/4-region/system hierarchy,24,HyG-LoadFormer (neural),proposed,127,Bottom-Up,0.29125061,0.41639933,0.27833698,0.17901551,0.51776494,1.05970962,2.76410602,0.00000000,3.2145,51692,133756,public_ausgrid_exact_hierarchy_v8_reconciliation
Ausgrid exact 12-leaf/4-region/system hierarchy,24,HyG-LoadFormer (neural),proposed,127,Top-Down,0.36428631,0.56378328,0.34901681,0.18005885,0.70448224,1.33144688,2.75858171,0.00000000,3.2145,51692,133756,public_ausgrid_exact_hierarchy_v8_reconciliation
Ausgrid exact 12-leaf/4-region/system hierarchy,24,HyG-LoadFormer (neural),proposed,127,OLS-Reconciled,0.29238289,0.41783325,0.28050731,0.17880811,0.51875351,1.06243113,2.74429333,0.00000000,3.2145,51692,133756,public_ausgrid_exact_hierarchy_v8_reconciliation
Ausgrid exact 12-leaf/4-region/system hierarchy,24,HyG-LoadFormer (neural),proposed,139,Base,0.29429580,0.42018375,0.28222511,0.18047854,0.52346388,1.07013383,2.76223209,0.04064661,3.0923,51692,133756,public_ausgrid_exact_hierarchy_v8_reconciliation
Ausgrid exact 12-leaf/4-region/system hierarchy,24,HyG-LoadFormer (neural),proposed,139,Bottom-Up,0.29515143,0.42018375,0.28260504,0.18266550,0.52346388,1.07600323,2.82382131,0.00000000,3.0923,51692,133756,public_ausgrid_exact_hierarchy_v8_reconciliation
Ausgrid exact 12-leaf/4-region/system hierarchy,24,HyG-LoadFormer (neural),proposed,139,Top-Down,0.36496724,0.56502462,0.34939857,0.18047854,0.70585963,1.33305332,2.76223209,0.00000000,3.0923,51692,133756,public_ausgrid_exact_hierarchy_v8_reconciliation
Ausgrid exact 12-leaf/4-region/system hierarchy,24,HyG-LoadFormer (neural),proposed,139,OLS-Reconciled,0.29321834,0.41796455,0.28138518,0.18030530,0.51914078,1.06573498,2.76300035,0.00000000,3.0923,51692,133756,public_ausgrid_exact_hierarchy_v8_reconciliation
Ausgrid exact 12-leaf/4-region/system hierarchy,24,Ablation-EuclideanGraph (neural),ablation,11,Base,0.28515190,0.40953737,0.27206723,0.17385111,0.50823346,1.04023361,2.68909554,0.04509560,2.1413,51692,133756,public_ausgrid_exact_hierarchy_v8_reconciliation
Ausgrid exact 12-leaf/4-region/system hierarchy,24,Ablation-EuclideanGraph (neural),ablation,11,Bottom-Up,0.28582191,0.40953737,0.27268696,0.17524141,0.50823346,1.04143177,2.70895728,0.00000000,2.1413,51692,133756,public_ausgrid_exact_hierarchy_v8_reconciliation
Ausgrid exact 12-leaf/4-region/system hierarchy,24,Ablation-EuclideanGraph (neural),ablation,11,Top-Down,0.35840138,0.55856544,0.34278758,0.17385111,0.69778775,1.31234370,2.68909554,0.00000000,2.1413,51692,133756,public_ausgrid_exact_hierarchy_v8_reconciliation
Ausgrid exact 12-leaf/4-region/system hierarchy,24,Ablation-EuclideanGraph (neural),ablation,11,OLS-Reconciled,0.28394774,0.40675994,0.27184703,0.17323626,0.50693843,1.03744404,2.68253021,0.00000000,2.1413,51692,133756,public_ausgrid_exact_hierarchy_v8_reconciliation
Ausgrid exact 12-leaf/4-region/system hierarchy,24,Ablation-EuclideanGraph (neural),ablation,23,Base,0.29292554,0.41794497,0.27996011,0.18087153,0.51877307,1.06092546,2.76301746,0.04270762,2.7653,51692,133756,public_ausgrid_exact_hierarchy_v8_reconciliation
Ausgrid exact 12-leaf/4-region/system hierarchy,24,Ablation-EuclideanGraph (neural),ablation,23,Bottom-Up,0.29369752,0.41794497,0.28088575,0.18226183,0.51877307,1.06727082,2.80663386,0.00000000,2.7653,51692,133756,public_ausgrid_exact_hierarchy_v8_reconciliation
Ausgrid exact 12-leaf/4-region/system hierarchy,24,Ablation-EuclideanGraph (neural),ablation,23,Top-Down,0.36501152,0.56483642,0.34932663,0.18087153,0.70573349,1.33247207,2.76301746,0.00000000,2.7653,51692,133756,public_ausgrid_exact_hierarchy_v8_reconciliation
Ausgrid exact 12-leaf/4-region/system hierarchy,24,Ablation-EuclideanGraph (neural),ablation,23,OLS-Reconciled,0.29226827,0.41653675,0.27962860,0.18063948,0.51556736,1.05789799,2.76230842,0.00000000,2.7653,51692,133756,public_ausgrid_exact_hierarchy_v8_reconciliation
Ausgrid exact 12-leaf/4-region/system hierarchy,24,Ablation-EuclideanGraph (neural),ablation,47,Base,0.29916564,0.42689198,0.28559217,0.18501277,0.52686380,1.07785016,2.80922109,0.03763806,2.7533,51692,133756,public_ausgrid_exact_hierarchy_v8_reconciliation
Ausgrid exact 12-leaf/4-region/system hierarchy,24,Ablation-EuclideanGraph (neural),ablation,47,Bottom-Up,0.30029301,0.42689198,0.28675928,0.18722778,0.52686380,1.08525883,2.86973940,0.00000000,2.7533,51692,133756,public_ausgrid_exact_hierarchy_v8_reconciliation
Ausgrid exact 12-leaf/4-region/system hierarchy,24,Ablation-EuclideanGraph (neural),ablation,47,Top-Down,0.36905119,0.56824821,0.35389260,0.18501277,0.70994732,1.34586336,2.80922109,0.00000000,2.7533,51692,133756,public_ausgrid_exact_hierarchy_v8_reconciliation
Ausgrid exact 12-leaf/4-region/system hierarchy,24,Ablation-EuclideanGraph (neural),ablation,47,OLS-Reconciled,0.29844527,0.42505686,0.28545431,0.18482465,0.52304122,1.07487934,2.80996609,0.00000000,2.7533,51692,133756,public_ausgrid_exact_hierarchy_v8_reconciliation
Ausgrid exact 12-leaf/4-region/system hierarchy,24,Ablation-EuclideanGraph (neural),ablation,59,Base,0.28251235,0.40476788,0.26945326,0.17331592,0.50216716,1.03288095,2.67815661,0.04387499,2.7132,51692,133756,public_ausgrid_exact_hierarchy_v8_reconciliation
Ausgrid exact 12-leaf/4-region/system hierarchy,24,Ablation-EuclideanGraph (neural),ablation,59,Bottom-Up,0.28326809,0.40476788,0.26997607,0.17506032,0.50216716,1.03047718,2.68844931,0.00000000,2.7132,51692,133756,public_ausgrid_exact_hierarchy_v8_reconciliation
Ausgrid exact 12-leaf/4-region/system hierarchy,24,Ablation-EuclideanGraph (neural),ablation,59,Top-Down,0.35687028,0.55612486,0.34117004,0.17331592,0.69447714,1.30557532,2.67815661,0.00000000,2.7132,51692,133756,public_ausgrid_exact_hierarchy_v8_reconciliation
Ausgrid exact 12-leaf/4-region/system hierarchy,24,Ablation-EuclideanGraph (neural),ablation,59,OLS-Reconciled,0.28145373,0.40262309,0.26916062,0.17257748,0.50299972,1.03041858,2.66862778,0.00000000,2.7132,51692,133756,public_ausgrid_exact_hierarchy_v8_reconciliation
Ausgrid exact 12-leaf/4-region/system hierarchy,24,Ablation-EuclideanGraph (neural),ablation,71,Base,0.29175077,0.41654572,0.27867478,0.18003180,0.52098881,1.06291600,2.77371087,0.04495700,2.4869,51692,133756,public_ausgrid_exact_hierarchy_v8_reconciliation
Ausgrid exact 12-leaf/4-region/system hierarchy,24,Ablation-EuclideanGraph (neural),ablation,71,Bottom-Up,0.29325868,0.41654572,0.28033946,0.18289085,0.52098881,1.07534431,2.85427339,0.00000000,2.4869,51692,133756,public_ausgrid_exact_hierarchy_v8_reconciliation
Ausgrid exact 12-leaf/4-region/system hierarchy,24,Ablation-EuclideanGraph (neural),ablation,71,Top-Down,0.36484963,0.56518424,0.34933287,0.18003180,0.70765570,1.33662639,2.77371087,0.00000000,2.4869,51692,133756,public_ausgrid_exact_hierarchy_v8_reconciliation
Ausgrid exact 12-leaf/4-region/system hierarchy,24,Ablation-EuclideanGraph (neural),ablation,71,OLS-Reconciled,0.29062543,0.41407927,0.27822478,0.17957223,0.51582920,1.05924374,2.77192657,0.00000000,2.4869,51692,133756,public_ausgrid_exact_hierarchy_v8_reconciliation
Ausgrid exact 12-leaf/4-region/system hierarchy,24,Ablation-EuclideanGraph (neural),ablation,83,Base,0.29427903,0.42034183,0.28104972,0.18144555,0.52131363,1.06591339,2.77264913,0.04545460,2.1113,51692,133756,public_ausgrid_exact_hierarchy_v8_reconciliation
Ausgrid exact 12-leaf/4-region/system hierarchy,24,Ablation-EuclideanGraph (neural),ablation,83,Bottom-Up,0.29482623,0.42034183,0.28141189,0.18272498,0.52131363,1.07181790,2.82402697,0.00000000,2.1113,51692,133756,public_ausgrid_exact_hierarchy_v8_reconciliation
Ausgrid exact 12-leaf/4-region/system hierarchy,24,Ablation-EuclideanGraph (neural),ablation,83,Top-Down,0.36570618,0.56551504,0.35015795,0.18144555,0.70691812,1.33593451,2.77264913,0.00000000,2.1113,51692,133756,public_ausgrid_exact_hierarchy_v8_reconciliation
Ausgrid exact 12-leaf/4-region/system hierarchy,24,Ablation-EuclideanGraph (neural),ablation,83,OLS-Reconciled,0.29326720,0.41832487,0.28066482,0.18081190,0.51776807,1.06216400,2.76854347,0.00000000,2.1113,51692,133756,public_ausgrid_exact_hierarchy_v8_reconciliation
Ausgrid exact 12-leaf/4-region/system hierarchy,24,Ablation-EuclideanGraph (neural),ablation,97,Base,0.28557122,0.40785386,0.27319195,0.17566784,0.51054883,1.04402636,2.70988710,0.04470079,2.6296,51692,133756,public_ausgrid_exact_hierarchy_v8_reconciliation
Ausgrid exact 12-leaf/4-region/system hierarchy,24,Ablation-EuclideanGraph (neural),ablation,97,Bottom-Up,0.28637167,0.40785386,0.27390021,0.17736096,0.51054883,1.04831437,2.75356733,0.00000000,2.6296,51692,133756,public_ausgrid_exact_hierarchy_v8_reconciliation
Ausgrid exact 12-leaf/4-region/system hierarchy,24,Ablation-EuclideanGraph (neural),ablation,97,Top-Down,0.36041468,0.56050218,0.34507401,0.17566784,0.70020886,1.31929511,2.70988710,0.00000000,2.6296,51692,133756,public_ausgrid_exact_hierarchy_v8_reconciliation
Ausgrid exact 12-leaf/4-region/system hierarchy,24,Ablation-EuclideanGraph (neural),ablation,97,OLS-Reconciled,0.28455559,0.40577381,0.27295262,0.17494034,0.50890800,1.04110726,2.70360784,0.00000000,2.6296,51692,133756,public_ausgrid_exact_hierarchy_v8_reconciliation
Ausgrid exact 12-leaf/4-region/system hierarchy,24,Ablation-EuclideanGraph (neural),ablation,109,Base,0.28891260,0.41463264,0.27550099,0.17660418,0.51726019,1.05253833,2.72823324,0.04258586,2.0915,51692,133756,public_ausgrid_exact_hierarchy_v8_reconciliation
Ausgrid exact 12-leaf/4-region/system hierarchy,24,Ablation-EuclideanGraph (neural),ablation,109,Bottom-Up,0.29158605,0.41463264,0.27883662,0.18128889,0.51726019,1.06622813,2.81814995,0.00000000,2.0915,51692,133756,public_ausgrid_exact_hierarchy_v8_reconciliation
Ausgrid exact 12-leaf/4-region/system hierarchy,24,Ablation-EuclideanGraph (neural),ablation,109,Top-Down,0.36124334,0.56168846,0.34543738,0.17660418,0.70317087,1.32414379,2.72823324,0.00000000,2.0915,51692,133756,public_ausgrid_exact_hierarchy_v8_reconciliation
Ausgrid exact 12-leaf/4-region/system hierarchy,24,Ablation-EuclideanGraph (neural),ablation,109,OLS-Reconciled,0.28644871,0.40851612,0.27426698,0.17656304,0.51025182,1.04657694,2.73087618,0.00000000,2.0915,51692,133756,public_ausgrid_exact_hierarchy_v8_reconciliation
Ausgrid exact 12-leaf/4-region/system hierarchy,24,Ablation-EuclideanGraph (neural),ablation,127,Base,0.29235709,0.41653787,0.28002242,0.18051099,0.51863156,1.06451919,2.76991339,0.04727506,2.1186,51692,133756,public_ausgrid_exact_hierarchy_v8_reconciliation
Ausgrid exact 12-leaf/4-region/system hierarchy,24,Ablation-EuclideanGraph (neural),ablation,127,Bottom-Up,0.29184045,0.41653787,0.27923628,0.17974720,0.51863156,1.06327957,2.77859649,0.00000000,2.1186,51692,133756,public_ausgrid_exact_hierarchy_v8_reconciliation
Ausgrid exact 12-leaf/4-region/system hierarchy,24,Ablation-EuclideanGraph (neural),ablation,127,Top-Down,0.36486611,0.56462414,0.34946322,0.18051099,0.70606492,1.33454126,2.76991339,0.00000000,2.1186,51692,133756,public_ausgrid_exact_hierarchy_v8_reconciliation
Ausgrid exact 12-leaf/4-region/system hierarchy,24,Ablation-EuclideanGraph (neural),ablation,127,OLS-Reconciled,0.29266097,0.41768082,0.28092283,0.17937926,0.51941107,1.06473063,2.75697931,0.00000000,2.1186,51692,133756,public_ausgrid_exact_hierarchy_v8_reconciliation
Ausgrid exact 12-leaf/4-region/system hierarchy,24,Ablation-EuclideanGraph (neural),ablation,139,Base,0.29363458,0.41940703,0.28147566,0.18002103,0.52249363,1.06741929,2.75662896,0.04112291,2.1447,51692,133756,public_ausgrid_exact_hierarchy_v8_reconciliation
Ausgrid exact 12-leaf/4-region/system hierarchy,24,Ablation-EuclideanGraph (neural),ablation,139,Bottom-Up,0.29444193,0.41940703,0.28190388,0.18201488,0.52249363,1.07311688,2.81328001,0.00000000,2.1447,51692,133756,public_ausgrid_exact_hierarchy_v8_reconciliation
Ausgrid exact 12-leaf/4-region/system hierarchy,24,Ablation-EuclideanGraph (neural),ablation,139,Top-Down,0.36452982,0.56458378,0.34898466,0.18002103,0.70526772,1.33143299,2.75662896,0.00000000,2.1447,51692,133756,public_ausgrid_exact_hierarchy_v8_reconciliation
Ausgrid exact 12-leaf/4-region/system hierarchy,24,Ablation-EuclideanGraph (neural),ablation,139,OLS-Reconciled,0.29250523,0.41694495,0.28080306,0.17976766,0.51806506,1.06359531,2.75601160,0.00000000,2.1447,51692,133756,public_ausgrid_exact_hierarchy_v8_reconciliation
Ausgrid exact 12-leaf/4-region/system hierarchy,24,Ablation-FixedCurvature (neural),ablation,11,Base,0.28503771,0.40912747,0.27185117,0.17413448,0.50844295,1.03975229,2.69330881,0.04518043,2.4596,51692,133756,public_ausgrid_exact_hierarchy_v8_reconciliation
Ausgrid exact 12-leaf/4-region/system hierarchy,24,Ablation-FixedCurvature (neural),ablation,11,Bottom-Up,0.28589322,0.40912747,0.27280596,0.17574623,0.50844295,1.04240061,2.71648662,0.00000000,2.4596,51692,133756,public_ausgrid_exact_hierarchy_v8_reconciliation
Ausgrid exact 12-leaf/4-region/system hierarchy,24,Ablation-FixedCurvature (neural),ablation,11,Top-Down,0.35842651,0.55841657,0.34272848,0.17413448,0.69770794,1.31233615,2.69330881,0.00000000,2.4596,51692,133756,public_ausgrid_exact_hierarchy_v8_reconciliation
Ausgrid exact 12-leaf/4-region/system hierarchy,24,Ablation-FixedCurvature (neural),ablation,11,OLS-Reconciled,0.28400759,0.40668425,0.27181396,0.17352456,0.50721479,1.03765068,2.68652435,0.00000000,2.4596,51692,133756,public_ausgrid_exact_hierarchy_v8_reconciliation
Ausgrid exact 12-leaf/4-region/system hierarchy,24,Ablation-FixedCurvature (neural),ablation,23,Base,0.29231989,0.41676056,0.27946255,0.18073657,0.51773029,1.05969512,2.76210129,0.04246667,2.4589,51692,133756,public_ausgrid_exact_hierarchy_v8_reconciliation
Ausgrid exact 12-leaf/4-region/system hierarchy,24,Ablation-FixedCurvature (neural),ablation,23,Bottom-Up,0.29293730,0.41676056,0.28022265,0.18182868,0.51773029,1.06477749,2.79736814,0.00000000,2.4589,51692,133756,public_ausgrid_exact_hierarchy_v8_reconciliation
Ausgrid exact 12-leaf/4-region/system hierarchy,24,Ablation-FixedCurvature (neural),ablation,23,Top-Down,0.36505129,0.56491644,0.34950088,0.18073657,0.70579642,1.33299857,2.76210129,0.00000000,2.4589,51692,133756,public_ausgrid_exact_hierarchy_v8_reconciliation
Ausgrid exact 12-leaf/4-region/system hierarchy,24,Ablation-FixedCurvature (neural),ablation,23,OLS-Reconciled,0.29185317,0.41587073,0.27925512,0.18043366,0.51521014,1.05710304,2.75993584,0.00000000,2.4589,51692,133756,public_ausgrid_exact_hierarchy_v8_reconciliation
Ausgrid exact 12-leaf/4-region/system hierarchy,24,Ablation-FixedCurvature (neural),ablation,47,Base,0.29144590,0.41698323,0.27834071,0.17901376,0.52303920,1.06334477,2.76307058,0.03912959,2.4667,51692,133756,public_ausgrid_exact_hierarchy_v8_reconciliation
Ausgrid exact 12-leaf/4-region/system hierarchy,24,Ablation-FixedCurvature (neural),ablation,47,Bottom-Up,0.29472384,0.41698323,0.28275947,0.18442881,0.52303920,1.07969393,2.85534898,0.00000000,2.4667,51692,133756,public_ausgrid_exact_hierarchy_v8_reconciliation
Ausgrid exact 12-leaf/4-region/system hierarchy,24,Ablation-FixedCurvature (neural),ablation,47,Top-Down,0.36317351,0.56305840,0.34744838,0.17901376,0.70496392,1.33144796,2.76307058,0.00000000,2.4667,51692,133756,public_ausgrid_exact_hierarchy_v8_reconciliation
Ausgrid exact 12-leaf/4-region/system hierarchy,24,Ablation-FixedCurvature (neural),ablation,47,OLS-Reconciled,0.28942549,0.41161885,0.27741349,0.17924413,0.51605657,1.05861136,2.76767375,0.00000000,2.4667,51692,133756,public_ausgrid_exact_hierarchy_v8_reconciliation
Ausgrid exact 12-leaf/4-region/system hierarchy,24,Ablation-FixedCurvature (neural),ablation,59,Base,0.28331754,0.40651881,0.27002424,0.17340958,0.50262360,1.03488919,2.68009561,0.04490469,2.4548,51692,133756,public_ausgrid_exact_hierarchy_v8_reconciliation
Ausgrid exact 12-leaf/4-region/system hierarchy,24,Ablation-FixedCurvature (neural),ablation,59,Bottom-Up,0.28398255,0.40651881,0.27023178,0.17519706,0.50262360,1.03143864,2.69085938,0.00000000,2.4548,51692,133756,public_ausgrid_exact_hierarchy_v8_reconciliation
Ausgrid exact 12-leaf/4-region/system hierarchy,24,Ablation-FixedCurvature (neural),ablation,59,Top-Down,0.35664956,0.55561726,0.34092185,0.17340958,0.69387683,1.30474579,2.68009561,0.00000000,2.4548,51692,133756,public_ausgrid_exact_hierarchy_v8_reconciliation
Ausgrid exact 12-leaf/4-region/system hierarchy,24,Ablation-FixedCurvature (neural),ablation,59,OLS-Reconciled,0.28218939,0.40429559,0.26956513,0.17270745,0.50352725,1.03182368,2.67103963,0.00000000,2.4548,51692,133756,public_ausgrid_exact_hierarchy_v8_reconciliation
Ausgrid exact 12-leaf/4-region/system hierarchy,24,Ablation-FixedCurvature (neural),ablation,71,Base,0.30803916,0.44026222,0.29312032,0.19073495,0.54002309,1.10146850,2.88719728,0.03881555,2.4386,51692,133756,public_ausgrid_exact_hierarchy_v8_reconciliation
Ausgrid exact 12-leaf/4-region/system hierarchy,24,Ablation-FixedCurvature (neural),ablation,71,Bottom-Up,0.31251289,0.44026222,0.29782604,0.19945042,0.54002309,1.12303923,3.04034642,0.00000000,2.4386,51692,133756,public_ausgrid_exact_hierarchy_v8_reconciliation
Ausgrid exact 12-leaf/4-region/system hierarchy,24,Ablation-FixedCurvature (neural),ablation,71,Top-Down,0.37330640,0.57167803,0.35750623,0.19073495,0.71526770,1.36044945,2.88719728,0.00000000,2.4386,51692,133756,public_ausgrid_exact_hierarchy_v8_reconciliation
Ausgrid exact 12-leaf/4-region/system hierarchy,24,Ablation-FixedCurvature (neural),ablation,71,OLS-Reconciled,0.30525135,0.43305095,0.29122243,0.19148067,0.53015677,1.09351369,2.90006054,0.00000000,2.4386,51692,133756,public_ausgrid_exact_hierarchy_v8_reconciliation
Ausgrid exact 12-leaf/4-region/system hierarchy,24,Ablation-FixedCurvature (neural),ablation,83,Base,0.29360456,0.42002553,0.27999263,0.18079551,0.52131409,1.06261999,2.76472619,0.04560960,2.4465,51692,133756,public_ausgrid_exact_hierarchy_v8_reconciliation
Ausgrid exact 12-leaf/4-region/system hierarchy,24,Ablation-FixedCurvature (neural),ablation,83,Bottom-Up,0.29424364,0.42002553,0.28070837,0.18199701,0.52131409,1.06993170,2.81790476,0.00000000,2.4465,51692,133756,public_ausgrid_exact_hierarchy_v8_reconciliation
Ausgrid exact 12-leaf/4-region/system hierarchy,24,Ablation-FixedCurvature (neural),ablation,83,Top-Down,0.36514781,0.56501786,0.34963005,0.18079551,0.70623475,1.33413701,2.76472619,0.00000000,2.4465,51692,133756,public_ausgrid_exact_hierarchy_v8_reconciliation
Ausgrid exact 12-leaf/4-region/system hierarchy,24,Ablation-FixedCurvature (neural),ablation,83,OLS-Reconciled,0.29266093,0.41799903,0.27984180,0.18014195,0.51748951,1.05949014,2.76080331,0.00000000,2.4465,51692,133756,public_ausgrid_exact_hierarchy_v8_reconciliation
Ausgrid exact 12-leaf/4-region/system hierarchy,24,Ablation-FixedCurvature (neural),ablation,97,Base,0.28556545,0.40772110,0.27321418,0.17576108,0.51006523,1.04423273,2.71292493,0.04485077,2.4473,51692,133756,public_ausgrid_exact_hierarchy_v8_reconciliation
Ausgrid exact 12-leaf/4-region/system hierarchy,24,Ablation-FixedCurvature (neural),ablation,97,Bottom-Up,0.28626056,0.40772110,0.27376928,0.17729130,0.51006523,1.04766050,2.75061507,0.00000000,2.4473,51692,133756,public_ausgrid_exact_hierarchy_v8_reconciliation
Ausgrid exact 12-leaf/4-region/system hierarchy,24,Ablation-FixedCurvature (neural),ablation,97,Top-Down,0.36019882,0.56014929,0.34468609,0.17576108,0.69985136,1.31833907,2.71292493,0.00000000,2.4473,51692,133756,public_ausgrid_exact_hierarchy_v8_reconciliation
Ausgrid exact 12-leaf/4-region/system hierarchy,24,Ablation-FixedCurvature (neural),ablation,97,OLS-Reconciled,0.28449424,0.40562064,0.27294703,0.17491506,0.50876224,1.04158301,2.70483149,0.00000000,2.4473,51692,133756,public_ausgrid_exact_hierarchy_v8_reconciliation
Ausgrid exact 12-leaf/4-region/system hierarchy,24,Ablation-FixedCurvature (neural),ablation,109,Base,0.28792393,0.41407735,0.27427191,0.17542251,0.51435511,1.04825263,2.71297160,0.04110755,2.4559,51692,133756,public_ausgrid_exact_hierarchy_v8_reconciliation
Ausgrid exact 12-leaf/4-region/system hierarchy,24,Ablation-FixedCurvature (neural),ablation,109,Bottom-Up,0.29012177,0.41407735,0.27686994,0.17941801,0.51435511,1.05821914,2.78606487,0.00000000,2.4559,51692,133756,public_ausgrid_exact_hierarchy_v8_reconciliation
Ausgrid exact 12-leaf/4-region/system hierarchy,24,Ablation-FixedCurvature (neural),ablation,109,Top-Down,0.36005471,0.56039363,0.34434798,0.17542251,0.70134823,1.32026078,2.71297160,0.00000000,2.4559,51692,133756,public_ausgrid_exact_hierarchy_v8_reconciliation
Ausgrid exact 12-leaf/4-region/system hierarchy,24,Ablation-FixedCurvature (neural),ablation,109,OLS-Reconciled,0.28553799,0.40822037,0.27302747,0.17536613,0.50875086,1.04241375,2.71500523,0.00000000,2.4559,51692,133756,public_ausgrid_exact_hierarchy_v8_reconciliation
Ausgrid exact 12-leaf/4-region/system hierarchy,24,Ablation-FixedCurvature (neural),ablation,127,Base,0.29186250,0.41617813,0.27941366,0.17999570,0.51830255,1.06302887,2.76565108,0.04849168,2.4679,51692,133756,public_ausgrid_exact_hierarchy_v8_reconciliation
Ausgrid exact 12-leaf/4-region/system hierarchy,24,Ablation-FixedCurvature (neural),ablation,127,Bottom-Up,0.29160271,0.41617813,0.27893335,0.17969666,0.51830255,1.06252688,2.77740660,0.00000000,2.4679,51692,133756,public_ausgrid_exact_hierarchy_v8_reconciliation
Ausgrid exact 12-leaf/4-region/system hierarchy,24,Ablation-FixedCurvature (neural),ablation,127,Top-Down,0.36425949,0.56391065,0.34887211,0.17999570,0.70525566,1.33291247,2.76565108,0.00000000,2.4679,51692,133756,public_ausgrid_exact_hierarchy_v8_reconciliation
Ausgrid exact 12-leaf/4-region/system hierarchy,24,Ablation-FixedCurvature (neural),ablation,127,OLS-Reconciled,0.29184537,0.41665732,0.28004198,0.17883682,0.51849311,1.06252688,2.75161708,0.00000000,2.4679,51692,133756,public_ausgrid_exact_hierarchy_v8_reconciliation
Ausgrid exact 12-leaf/4-region/system hierarchy,24,Ablation-FixedCurvature (neural),ablation,139,Base,0.29553743,0.42243338,0.28317007,0.18100884,0.52598795,1.07334336,2.76881808,0.04163068,2.4532,51692,133756,public_ausgrid_exact_hierarchy_v8_reconciliation
Ausgrid exact 12-leaf/4-region/system hierarchy,24,Ablation-FixedCurvature (neural),ablation,139,Bottom-Up,0.29679002,0.42243338,0.28410828,0.18382841,0.52598795,1.08124504,2.84126270,0.00000000,2.4532,51692,133756,public_ausgrid_exact_hierarchy_v8_reconciliation
Ausgrid exact 12-leaf/4-region/system hierarchy,24,Ablation-FixedCurvature (neural),ablation,139,Top-Down,0.36554741,0.56560172,0.35003168,0.18100884,0.70680061,1.33552030,2.76881808,0.00000000,2.4532,51692,133756,public_ausgrid_exact_hierarchy_v8_reconciliation
Ausgrid exact 12-leaf/4-region/system hierarchy,24,Ablation-FixedCurvature (neural),ablation,139,OLS-Reconciled,0.29423694,0.41952042,0.28227383,0.18091656,0.52074660,1.06860742,2.77074788,0.00000000,2.4532,51692,133756,public_ausgrid_exact_hierarchy_v8_reconciliation
Ausgrid exact 12-leaf/4-region/system hierarchy,24,Ablation-TemporalOnly (neural),ablation,11,Base,0.28658446,0.40959510,0.27490874,0.17524955,0.51231097,1.04876027,2.69890684,0.04323036,1.3573,51692,133756,public_ausgrid_exact_hierarchy_v8_reconciliation
Ausgrid exact 12-leaf/4-region/system hierarchy,24,Ablation-TemporalOnly (neural),ablation,11,Bottom-Up,0.28698058,0.40959510,0.27483249,0.17651415,0.51231097,1.04982047,2.73182774,0.00000000,1.3573,51692,133756,public_ausgrid_exact_hierarchy_v8_reconciliation
Ausgrid exact 12-leaf/4-region/system hierarchy,24,Ablation-TemporalOnly (neural),ablation,11,Top-Down,0.36076779,0.56155243,0.34550140,0.17524955,0.70164560,1.32081818,2.69890684,0.00000000,1.3573,51692,133756,public_ausgrid_exact_hierarchy_v8_reconciliation
Ausgrid exact 12-leaf/4-region/system hierarchy,24,Ablation-TemporalOnly (neural),ablation,11,OLS-Reconciled,0.28627390,0.40975474,0.27413893,0.17492803,0.51092067,1.04467925,2.69483824,0.00000000,1.3573,51692,133756,public_ausgrid_exact_hierarchy_v8_reconciliation
Ausgrid exact 12-leaf/4-region/system hierarchy,24,Ablation-TemporalOnly (neural),ablation,23,Base,0.29043643,0.41502085,0.27804794,0.17824052,0.51608334,1.05506631,2.73224800,0.03350382,1.3890,51692,133756,public_ausgrid_exact_hierarchy_v8_reconciliation
Ausgrid exact 12-leaf/4-region/system hierarchy,24,Ablation-TemporalOnly (neural),ablation,23,Bottom-Up,0.29111440,0.41502085,0.27857772,0.17974462,0.51608334,1.05899014,2.77118438,0.00000000,1.3890,51692,133756,public_ausgrid_exact_hierarchy_v8_reconciliation
Ausgrid exact 12-leaf/4-region/system hierarchy,24,Ablation-TemporalOnly (neural),ablation,23,Top-Down,0.36327159,0.56376715,0.34780709,0.17824052,0.70406861,1.32783156,2.73224800,0.00000000,1.3890,51692,133756,public_ausgrid_exact_hierarchy_v8_reconciliation
Ausgrid exact 12-leaf/4-region/system hierarchy,24,Ablation-TemporalOnly (neural),ablation,23,OLS-Reconciled,0.29017398,0.41467707,0.27760661,0.17823826,0.51415637,1.05225121,2.73370551,0.00000000,1.3890,51692,133756,public_ausgrid_exact_hierarchy_v8_reconciliation
Ausgrid exact 12-leaf/4-region/system hierarchy,24,Ablation-TemporalOnly (neural),ablation,47,Base,0.28770857,0.40917265,0.27670884,0.17724424,0.51278491,1.05218276,2.72550989,0.03461729,1.5005,51692,133756,public_ausgrid_exact_hierarchy_v8_reconciliation
Ausgrid exact 12-leaf/4-region/system hierarchy,24,Ablation-TemporalOnly (neural),ablation,47,Bottom-Up,0.28711177,0.40917265,0.27648245,0.17568021,0.51278491,1.05255905,2.71551720,0.00000000,1.5005,51692,133756,public_ausgrid_exact_hierarchy_v8_reconciliation
Ausgrid exact 12-leaf/4-region/system hierarchy,24,Ablation-TemporalOnly (neural),ablation,47,Top-Down,0.36194410,0.56214250,0.34644555,0.17724424,0.70223090,1.32435730,2.72550989,0.00000000,1.5005,51692,133756,public_ausgrid_exact_hierarchy_v8_reconciliation
Ausgrid exact 12-leaf/4-region/system hierarchy,24,Ablation-TemporalOnly (neural),ablation,47,OLS-Reconciled,0.28797826,0.41032392,0.27693495,0.17667590,0.51301654,1.05165559,2.71908242,0.00000000,1.5005,51692,133756,public_ausgrid_exact_hierarchy_v8_reconciliation
Ausgrid exact 12-leaf/4-region/system hierarchy,24,Ablation-TemporalOnly (neural),ablation,59,Base,0.28162412,0.40434361,0.26879103,0.17173772,0.49960726,1.02795179,2.64826880,0.04234405,1.4743,51692,133756,public_ausgrid_exact_hierarchy_v8_reconciliation
Ausgrid exact 12-leaf/4-region/system hierarchy,24,Ablation-TemporalOnly (neural),ablation,59,Bottom-Up,0.28246630,0.40434361,0.26862883,0.17442647,0.49960726,1.02320203,2.66572131,0.00000000,1.4743,51692,133756,public_ausgrid_exact_hierarchy_v8_reconciliation
Ausgrid exact 12-leaf/4-region/system hierarchy,24,Ablation-TemporalOnly (neural),ablation,59,Top-Down,0.35559834,0.55519708,0.33986022,0.17173772,0.69284513,1.29994265,2.64826880,0.00000000,1.4743,51692,133756,public_ausgrid_exact_hierarchy_v8_reconciliation
Ausgrid exact 12-leaf/4-region/system hierarchy,24,Ablation-TemporalOnly (neural),ablation,59,OLS-Reconciled,0.28067123,0.40240421,0.26835526,0.17125424,0.50152334,1.02548063,2.64128196,0.00000000,1.4743,51692,133756,public_ausgrid_exact_hierarchy_v8_reconciliation
Ausgrid exact 12-leaf/4-region/system hierarchy,24,Ablation-TemporalOnly (neural),ablation,71,Base,0.29834463,0.42483792,0.28500517,0.18519081,0.52475411,1.07624642,2.81285494,0.03855247,1.3219,51692,133756,public_ausgrid_exact_hierarchy_v8_reconciliation
Ausgrid exact 12-leaf/4-region/system hierarchy,24,Ablation-TemporalOnly (neural),ablation,71,Bottom-Up,0.29796630,0.42483792,0.28436697,0.18469400,0.52475411,1.07847403,2.83786012,0.00000000,1.3219,51692,133756,public_ausgrid_exact_hierarchy_v8_reconciliation
Ausgrid exact 12-leaf/4-region/system hierarchy,24,Ablation-TemporalOnly (neural),ablation,71,Top-Down,0.36890720,0.56829970,0.35323109,0.18519081,0.71031654,1.34526230,2.81285494,0.00000000,1.3219,51692,133756,public_ausgrid_exact_hierarchy_v8_reconciliation
Ausgrid exact 12-leaf/4-region/system hierarchy,24,Ablation-TemporalOnly (neural),ablation,71,OLS-Reconciled,0.29868094,0.42618221,0.28502114,0.18483948,0.52356789,1.07430267,2.81047512,0.00000000,1.3219,51692,133756,public_ausgrid_exact_hierarchy_v8_reconciliation
Ausgrid exact 12-leaf/4-region/system hierarchy,24,Ablation-TemporalOnly (neural),ablation,83,Base,0.28682213,0.40730623,0.27569565,0.17746451,0.51069450,1.04865105,2.72420241,0.04318581,1.3185,51692,133756,public_ausgrid_exact_hierarchy_v8_reconciliation
Ausgrid exact 12-leaf/4-region/system hierarchy,24,Ablation-TemporalOnly (neural),ablation,83,Bottom-Up,0.28569287,0.40730623,0.27373231,0.17604008,0.51069450,1.04520185,2.72037790,0.00000000,1.3185,51692,133756,public_ausgrid_exact_hierarchy_v8_reconciliation
Ausgrid exact 12-leaf/4-region/system hierarchy,24,Ablation-TemporalOnly (neural),ablation,83,Top-Down,0.36233262,0.56271259,0.34682076,0.17746451,0.70298899,1.32449244,2.72420241,0.00000000,1.3185,51692,133756,public_ausgrid_exact_hierarchy_v8_reconciliation
Ausgrid exact 12-leaf/4-region/system hierarchy,24,Ablation-TemporalOnly (neural),ablation,83,OLS-Reconciled,0.28729742,0.40957772,0.27554629,0.17676825,0.51141584,1.04711302,2.71571855,0.00000000,1.3185,51692,133756,public_ausgrid_exact_hierarchy_v8_reconciliation
Ausgrid exact 12-leaf/4-region/system hierarchy,24,Ablation-TemporalOnly (neural),ablation,97,Base,0.28302543,0.40213772,0.27176170,0.17517687,0.50433288,1.03657996,2.69871799,0.03747956,1.4193,51692,133756,public_ausgrid_exact_hierarchy_v8_reconciliation
Ausgrid exact 12-leaf/4-region/system hierarchy,24,Ablation-TemporalOnly (neural),ablation,97,Bottom-Up,0.28183170,0.40213772,0.27011674,0.17324065,0.50433288,1.03246079,2.68009222,0.00000000,1.4193,51692,133756,public_ausgrid_exact_hierarchy_v8_reconciliation
Ausgrid exact 12-leaf/4-region/system hierarchy,24,Ablation-TemporalOnly (neural),ablation,97,Top-Down,0.35938301,0.55948701,0.34348515,0.17517687,0.69852689,1.31304032,2.69871799,0.00000000,1.4193,51692,133756,public_ausgrid_exact_hierarchy_v8_reconciliation
Ausgrid exact 12-leaf/4-region/system hierarchy,24,Ablation-TemporalOnly (neural),ablation,97,OLS-Reconciled,0.28347103,0.40412830,0.27191918,0.17436562,0.50582182,1.03600138,2.68865209,0.00000000,1.4193,51692,133756,public_ausgrid_exact_hierarchy_v8_reconciliation
Ausgrid exact 12-leaf/4-region/system hierarchy,24,Ablation-TemporalOnly (neural),ablation,109,Base,0.28486213,0.40900562,0.27150322,0.17407754,0.50573518,1.03666430,2.68649773,0.04123594,1.3387,51692,133756,public_ausgrid_exact_hierarchy_v8_reconciliation
Ausgrid exact 12-leaf/4-region/system hierarchy,24,Ablation-TemporalOnly (neural),ablation,109,Bottom-Up,0.28447531,0.40900562,0.27078545,0.17363486,0.50573518,1.03285952,2.67805627,0.00000000,1.3387,51692,133756,public_ausgrid_exact_hierarchy_v8_reconciliation
Ausgrid exact 12-leaf/4-region/system hierarchy,24,Ablation-TemporalOnly (neural),ablation,109,Top-Down,0.35864333,0.55880511,0.34304735,0.17407754,0.69799293,1.31290625,2.68649773,0.00000000,1.3387,51692,133756,public_ausgrid_exact_hierarchy_v8_reconciliation
Ausgrid exact 12-leaf/4-region/system hierarchy,24,Ablation-TemporalOnly (neural),ablation,109,OLS-Reconciled,0.28451640,0.40866911,0.27158595,0.17329413,0.50747506,1.03564522,2.67692887,0.00000000,1.3387,51692,133756,public_ausgrid_exact_hierarchy_v8_reconciliation
Ausgrid exact 12-leaf/4-region/system hierarchy,24,Ablation-TemporalOnly (neural),ablation,127,Base,0.30076347,0.42788934,0.28662205,0.18777901,0.52870765,1.08373710,2.86084192,0.04481528,1.2352,51692,133756,public_ausgrid_exact_hierarchy_v8_reconciliation
Ausgrid exact 12-leaf/4-region/system hierarchy,24,Ablation-TemporalOnly (neural),ablation,127,Bottom-Up,0.30114930,0.42788934,0.28662274,0.18893582,0.52870765,1.08821352,2.90857394,0.00000000,1.2352,51692,133756,public_ausgrid_exact_hierarchy_v8_reconciliation
Ausgrid exact 12-leaf/4-region/system hierarchy,24,Ablation-TemporalOnly (neural),ablation,127,Top-Down,0.37115230,0.57023955,0.35543835,0.18777901,0.71377399,1.35547134,2.86084192,0.00000000,1.2352,51692,133756,public_ausgrid_exact_hierarchy_v8_reconciliation
Ausgrid exact 12-leaf/4-region/system hierarchy,24,Ablation-TemporalOnly (neural),ablation,127,OLS-Reconciled,0.30094187,0.42860301,0.28689511,0.18732748,0.52705581,1.08274448,2.85745082,0.00000000,1.2352,51692,133756,public_ausgrid_exact_hierarchy_v8_reconciliation
Ausgrid exact 12-leaf/4-region/system hierarchy,24,Ablation-TemporalOnly (neural),ablation,139,Base,0.29220602,0.41545143,0.28116302,0.18000362,0.51892919,1.06593760,2.75576050,0.03997906,1.2516,51692,133756,public_ausgrid_exact_hierarchy_v8_reconciliation
Ausgrid exact 12-leaf/4-region/system hierarchy,24,Ablation-TemporalOnly (neural),ablation,139,Bottom-Up,0.29142958,0.41545143,0.27974260,0.17909471,0.51892919,1.06392175,2.76179764,0.00000000,1.2516,51692,133756,public_ausgrid_exact_hierarchy_v8_reconciliation
Ausgrid exact 12-leaf/4-region/system hierarchy,24,Ablation-TemporalOnly (neural),ablation,139,Top-Down,0.36482136,0.56507565,0.34938482,0.18000362,0.70593166,1.33278874,2.75576050,0.00000000,1.2516,51692,133756,public_ausgrid_exact_hierarchy_v8_reconciliation
Ausgrid exact 12-leaf/4-region/system hierarchy,24,Ablation-TemporalOnly (neural),ablation,139,OLS-Reconciled,0.29230771,0.41689117,0.28055496,0.17947699,0.51866604,1.06272928,2.74939018,0.00000000,1.2516,51692,133756,public_ausgrid_exact_hierarchy_v8_reconciliation
Ausgrid exact 12-leaf/4-region/system hierarchy,24,Ablation-NoCalendar (neural),ablation,11,Base,0.28553057,0.40680721,0.27391864,0.17586585,0.51015497,1.04706269,2.71492106,0.04193355,2.5601,51692,133756,public_ausgrid_exact_hierarchy_v8_reconciliation
Ausgrid exact 12-leaf/4-region/system hierarchy,24,Ablation-NoCalendar (neural),ablation,11,Bottom-Up,0.28545388,0.40680721,0.27410601,0.17544841,0.51015497,1.04791088,2.72276791,0.00000000,2.5601,51692,133756,public_ausgrid_exact_hierarchy_v8_reconciliation
Ausgrid exact 12-leaf/4-region/system hierarchy,24,Ablation-NoCalendar (neural),ablation,11,Top-Down,0.36064109,0.56074546,0.34531195,0.17586585,0.70091672,1.32141402,2.71492106,0.00000000,2.5601,51692,133756,public_ausgrid_exact_hierarchy_v8_reconciliation
Ausgrid exact 12-leaf/4-region/system hierarchy,24,Ablation-NoCalendar (neural),ablation,11,OLS-Reconciled,0.28549813,0.40695867,0.27425902,0.17527670,0.51007169,1.04615630,2.70822761,0.00000000,2.5601,51692,133756,public_ausgrid_exact_hierarchy_v8_reconciliation
Ausgrid exact 12-leaf/4-region/system hierarchy,24,Ablation-NoCalendar (neural),ablation,23,Base,0.29774842,0.42387992,0.28420883,0.18515652,0.52537072,1.07583723,2.82810069,0.04173940,2.5327,51692,133756,public_ausgrid_exact_hierarchy_v8_reconciliation
Ausgrid exact 12-leaf/4-region/system hierarchy,24,Ablation-NoCalendar (neural),ablation,23,Bottom-Up,0.30063383,0.42387992,0.28785345,0.19016812,0.52537072,1.09015788,2.90952859,0.00000000,2.5327,51692,133756,public_ausgrid_exact_hierarchy_v8_reconciliation
Ausgrid exact 12-leaf/4-region/system hierarchy,24,Ablation-NoCalendar (neural),ablation,23,Top-Down,0.36841962,0.56753629,0.35256604,0.18515652,0.71022680,1.34593889,2.82810069,0.00000000,2.5327,51692,133756,public_ausgrid_exact_hierarchy_v8_reconciliation
Ausgrid exact 12-leaf/4-region/system hierarchy,24,Ablation-NoCalendar (neural),ablation,23,OLS-Reconciled,0.29580431,0.41886726,0.28327337,0.18527231,0.51959416,1.07203111,2.82962587,0.00000000,2.5327,51692,133756,public_ausgrid_exact_hierarchy_v8_reconciliation
Ausgrid exact 12-leaf/4-region/system hierarchy,24,Ablation-NoCalendar (neural),ablation,47,Base,0.29141271,0.41499297,0.27890600,0.18033917,0.52087236,1.06247018,2.77173226,0.03624556,2.5327,51692,133756,public_ausgrid_exact_hierarchy_v8_reconciliation
Ausgrid exact 12-leaf/4-region/system hierarchy,24,Ablation-NoCalendar (neural),ablation,47,Bottom-Up,0.29253836,0.41499297,0.28180006,0.18082204,0.52087236,1.07400124,2.80275501,0.00000000,2.5327,51692,133756,public_ausgrid_exact_hierarchy_v8_reconciliation
Ausgrid exact 12-leaf/4-region/system hierarchy,24,Ablation-NoCalendar (neural),ablation,47,Top-Down,0.36469223,0.56462195,0.34911556,0.18033917,0.70651543,1.33539577,2.77173226,0.00000000,2.5327,51692,133756,public_ausgrid_exact_hierarchy_v8_reconciliation
Ausgrid exact 12-leaf/4-region/system hierarchy,24,Ablation-NoCalendar (neural),ablation,47,OLS-Reconciled,0.29043953,0.41227586,0.27907589,0.17996685,0.51700572,1.06132563,2.76917407,0.00000000,2.5327,51692,133756,public_ausgrid_exact_hierarchy_v8_reconciliation
Ausgrid exact 12-leaf/4-region/system hierarchy,24,Ablation-NoCalendar (neural),ablation,59,Base,0.28480797,0.40841369,0.27131369,0.17469652,0.50494083,1.03878289,2.69894890,0.04391106,2.5656,51692,133756,public_ausgrid_exact_hierarchy_v8_reconciliation
Ausgrid exact 12-leaf/4-region/system hierarchy,24,Ablation-NoCalendar (neural),ablation,59,Bottom-Up,0.28535516,0.40841369,0.27141760,0.17623420,0.50494083,1.03672608,2.71142508,0.00000000,2.5656,51692,133756,public_ausgrid_exact_hierarchy_v8_reconciliation
Ausgrid exact 12-leaf/4-region/system hierarchy,24,Ablation-NoCalendar (neural),ablation,59,Top-Down,0.35796282,0.55701904,0.34217291,0.17469652,0.69617783,1.31030343,2.69894890,0.00000000,2.5656,51692,133756,public_ausgrid_exact_hierarchy_v8_reconciliation
Ausgrid exact 12-leaf/4-region/system hierarchy,24,Ablation-NoCalendar (neural),ablation,59,OLS-Reconciled,0.28406148,0.40720786,0.27099477,0.17398180,0.50669095,1.03654814,2.69029000,0.00000000,2.5656,51692,133756,public_ausgrid_exact_hierarchy_v8_reconciliation
Ausgrid exact 12-leaf/4-region/system hierarchy,24,Ablation-NoCalendar (neural),ablation,71,Base,0.31073744,0.44464443,0.29484025,0.19272765,0.54649860,1.11308627,2.93068899,0.04186029,2.7939,51692,133756,public_ausgrid_exact_hierarchy_v8_reconciliation
Ausgrid exact 12-leaf/4-region/system hierarchy,24,Ablation-NoCalendar (neural),ablation,71,Bottom-Up,0.31684350,0.44464443,0.30183653,0.20404953,0.54649860,1.14179131,3.13233769,0.00000000,2.7939,51692,133756,public_ausgrid_exact_hierarchy_v8_reconciliation
Ausgrid exact 12-leaf/4-region/system hierarchy,24,Ablation-NoCalendar (neural),ablation,71,Top-Down,0.37519417,0.57364910,0.35920575,0.19272765,0.71973345,1.37100370,2.93068899,0.00000000,2.7939,51692,133756,public_ausgrid_exact_hierarchy_v8_reconciliation
Ausgrid exact 12-leaf/4-region/system hierarchy,24,Ablation-NoCalendar (neural),ablation,71,OLS-Reconciled,0.30704585,0.43463148,0.29271767,0.19378841,0.53386339,1.10335620,2.94947674,0.00000000,2.7939,51692,133756,public_ausgrid_exact_hierarchy_v8_reconciliation
Ausgrid exact 12-leaf/4-region/system hierarchy,24,Ablation-NoCalendar (neural),ablation,83,Base,0.29464555,0.42039190,0.28136151,0.18218324,0.52171350,1.06640714,2.78544448,0.04139396,2.7691,51692,133756,public_ausgrid_exact_hierarchy_v8_reconciliation
Ausgrid exact 12-leaf/4-region/system hierarchy,24,Ablation-NoCalendar (neural),ablation,83,Bottom-Up,0.29614286,0.42039190,0.28296242,0.18507427,0.52171350,1.07564286,2.85414798,0.00000000,2.7691,51692,133756,public_ausgrid_exact_hierarchy_v8_reconciliation
Ausgrid exact 12-leaf/4-region/system hierarchy,24,Ablation-NoCalendar (neural),ablation,83,Top-Down,0.36638330,0.56607113,0.35089553,0.18218324,0.70796772,1.33931369,2.78544448,0.00000000,2.7691,51692,133756,public_ausgrid_exact_hierarchy_v8_reconciliation
Ausgrid exact 12-leaf/4-region/system hierarchy,24,Ablation-NoCalendar (neural),ablation,83,OLS-Reconciled,0.29331227,0.41718694,0.28065187,0.18209800,0.51694468,1.06266816,2.78662657,0.00000000,2.7691,51692,133756,public_ausgrid_exact_hierarchy_v8_reconciliation
Ausgrid exact 12-leaf/4-region/system hierarchy,24,Ablation-NoCalendar (neural),ablation,97,Base,0.28561365,0.40519127,0.27441226,0.17723743,0.51058882,1.04853759,2.73457305,0.03918681,2.6998,51692,133756,public_ausgrid_exact_hierarchy_v8_reconciliation
Ausgrid exact 12-leaf/4-region/system hierarchy,24,Ablation-NoCalendar (neural),ablation,97,Bottom-Up,0.28575866,0.40519127,0.27460514,0.17747956,0.51058882,1.05133893,2.76046318,0.00000000,2.6998,51692,133756,public_ausgrid_exact_hierarchy_v8_reconciliation
Ausgrid exact 12-leaf/4-region/system hierarchy,24,Ablation-NoCalendar (neural),ablation,97,Top-Down,0.36174984,0.56174680,0.34626530,0.17723743,0.70231259,1.32455639,2.73457305,0.00000000,2.6998,51692,133756,public_ausgrid_exact_hierarchy_v8_reconciliation
Ausgrid exact 12-leaf/4-region/system hierarchy,24,Ablation-NoCalendar (neural),ablation,97,OLS-Reconciled,0.28545786,0.40513707,0.27453013,0.17670637,0.50958489,1.04753960,2.72980084,0.00000000,2.6998,51692,133756,public_ausgrid_exact_hierarchy_v8_reconciliation
Ausgrid exact 12-leaf/4-region/system hierarchy,24,Ablation-NoCalendar (neural),ablation,109,Base,0.28810795,0.41086283,0.27519400,0.17826701,0.51362100,1.05090585,2.75093490,0.03965394,2.6872,51692,133756,public_ausgrid_exact_hierarchy_v8_reconciliation
Ausgrid exact 12-leaf/4-region/system hierarchy,24,Ablation-NoCalendar (neural),ablation,109,Bottom-Up,0.28808331,0.41086283,0.27579009,0.17759700,0.51362100,1.05507584,2.76599900,0.00000000,2.6872,51692,133756,public_ausgrid_exact_hierarchy_v8_reconciliation
Ausgrid exact 12-leaf/4-region/system hierarchy,24,Ablation-NoCalendar (neural),ablation,109,Top-Down,0.36198159,0.56182430,0.34585346,0.17826701,0.70310215,1.32510027,2.75093490,0.00000000,2.6872,51692,133756,public_ausgrid_exact_hierarchy_v8_reconciliation
Ausgrid exact 12-leaf/4-region/system hierarchy,24,Ablation-NoCalendar (neural),ablation,109,OLS-Reconciled,0.28740312,0.40930630,0.27542706,0.17747600,0.51165065,1.04966834,2.74342279,0.00000000,2.6872,51692,133756,public_ausgrid_exact_hierarchy_v8_reconciliation
Ausgrid exact 12-leaf/4-region/system hierarchy,24,Ablation-NoCalendar (neural),ablation,127,Base,0.29604556,0.42235061,0.28248426,0.18330180,0.52483802,1.07310161,2.81295105,0.04668511,2.6085,51692,133756,public_ausgrid_exact_hierarchy_v8_reconciliation
Ausgrid exact 12-leaf/4-region/system hierarchy,24,Ablation-NoCalendar (neural),ablation,127,Bottom-Up,0.29736655,0.42235061,0.28440751,0.18534154,0.52483802,1.08185055,2.86202327,0.00000000,2.6085,51692,133756,public_ausgrid_exact_hierarchy_v8_reconciliation
Ausgrid exact 12-leaf/4-region/system hierarchy,24,Ablation-NoCalendar (neural),ablation,127,Top-Down,0.36728924,0.56683405,0.35173188,0.18330180,0.70978136,1.34428428,2.81295105,0.00000000,2.6085,51692,133756,public_ausgrid_exact_hierarchy_v8_reconciliation
Ausgrid exact 12-leaf/4-region/system hierarchy,24,Ablation-NoCalendar (neural),ablation,127,OLS-Reconciled,0.29535405,0.42058307,0.28266302,0.18281605,0.52228686,1.07239745,2.80641265,0.00000000,2.6085,51692,133756,public_ausgrid_exact_hierarchy_v8_reconciliation
Ausgrid exact 12-leaf/4-region/system hierarchy,24,Ablation-NoCalendar (neural),ablation,139,Base,0.28996264,0.41285291,0.27899267,0.17804233,0.51688327,1.06147052,2.73664969,0.03943953,2.6001,51692,133756,public_ausgrid_exact_hierarchy_v8_reconciliation
Ausgrid exact 12-leaf/4-region/system hierarchy,24,Ablation-NoCalendar (neural),ablation,139,Bottom-Up,0.28948313,0.41285291,0.27809640,0.17750007,0.51688327,1.06091865,2.74923052,0.00000000,2.6001,51692,133756,public_ausgrid_exact_hierarchy_v8_reconciliation
Ausgrid exact 12-leaf/4-region/system hierarchy,24,Ablation-NoCalendar (neural),ablation,139,Top-Down,0.36266241,0.56257769,0.34736720,0.17804233,0.70280281,1.32675403,2.73664969,0.00000000,2.6001,51692,133756,public_ausgrid_exact_hierarchy_v8_reconciliation
Ausgrid exact 12-leaf/4-region/system hierarchy,24,Ablation-NoCalendar (neural),ablation,139,OLS-Reconciled,0.28962094,0.41277414,0.27856755,0.17752112,0.51584429,1.05876500,2.73121727,0.00000000,2.6001,51692,133756,public_ausgrid_exact_hierarchy_v8_reconciliation
Ausgrid exact 12-leaf/4-region/system hierarchy,24,Ablation-EqualNeighbors (neural),ablation,11,Base,0.28533969,0.40933390,0.27228175,0.17440342,0.50848711,1.04124328,2.69750230,0.04527967,1.9088,51692,133756,public_ausgrid_exact_hierarchy_v8_reconciliation
Ausgrid exact 12-leaf/4-region/system hierarchy,24,Ablation-EqualNeighbors (neural),ablation,11,Bottom-Up,0.28601573,0.40933390,0.27303708,0.17567620,0.50848711,1.04314361,2.71611691,0.00000000,1.9088,51692,133756,public_ausgrid_exact_hierarchy_v8_reconciliation
Ausgrid exact 12-leaf/4-region/system hierarchy,24,Ablation-EqualNeighbors (neural),ablation,11,Top-Down,0.35883422,0.55896920,0.34313003,0.17440342,0.69851014,1.31404944,2.69750230,0.00000000,1.9088,51692,133756,public_ausgrid_exact_hierarchy_v8_reconciliation
Ausgrid exact 12-leaf/4-region/system hierarchy,24,Ablation-EqualNeighbors (neural),ablation,11,OLS-Reconciled,0.28421584,0.40673343,0.27225615,0.17365796,0.50732283,1.03902236,2.68910803,0.00000000,1.9088,51692,133756,public_ausgrid_exact_hierarchy_v8_reconciliation
Ausgrid exact 12-leaf/4-region/system hierarchy,24,Ablation-EqualNeighbors (neural),ablation,23,Base,0.29270209,0.41752353,0.27997492,0.18060783,0.51879068,1.06150863,2.75972450,0.04309958,1.9242,51692,133756,public_ausgrid_exact_hierarchy_v8_reconciliation
Ausgrid exact 12-leaf/4-region/system hierarchy,24,Ablation-EqualNeighbors (neural),ablation,23,Bottom-Up,0.29338175,0.41752353,0.28056793,0.18205379,0.51879068,1.06707645,2.80656610,0.00000000,1.9242,51692,133756,public_ausgrid_exact_hierarchy_v8_reconciliation
Ausgrid exact 12-leaf/4-region/system hierarchy,24,Ablation-EqualNeighbors (neural),ablation,23,Top-Down,0.36495395,0.56485338,0.34940063,0.18060783,0.70578058,1.33287714,2.75972450,0.00000000,1.9242,51692,133756,public_ausgrid_exact_hierarchy_v8_reconciliation
Ausgrid exact 12-leaf/4-region/system hierarchy,24,Ablation-EqualNeighbors (neural),ablation,23,OLS-Reconciled,0.29207772,0.41625225,0.27960810,0.18037280,0.51556463,1.05824378,2.75924378,0.00000000,1.9242,51692,133756,public_ausgrid_exact_hierarchy_v8_reconciliation
Ausgrid exact 12-leaf/4-region/system hierarchy,24,Ablation-EqualNeighbors (neural),ablation,47,Base,0.29171804,0.41781272,0.27830086,0.17904055,0.52254504,1.06330296,2.76449354,0.03917311,1.9550,51692,133756,public_ausgrid_exact_hierarchy_v8_reconciliation
Ausgrid exact 12-leaf/4-region/system hierarchy,24,Ablation-EqualNeighbors (neural),ablation,47,Bottom-Up,0.29485561,0.41781272,0.28244522,0.18430890,0.52254504,1.07836756,2.85177969,0.00000000,1.9550,51692,133756,public_ausgrid_exact_hierarchy_v8_reconciliation
Ausgrid exact 12-leaf/4-region/system hierarchy,24,Ablation-EqualNeighbors (neural),ablation,47,Top-Down,0.36285987,0.56239062,0.34714845,0.17904055,0.70419551,1.33078897,2.76449354,0.00000000,1.9550,51692,133756,public_ausgrid_exact_hierarchy_v8_reconciliation
Ausgrid exact 12-leaf/4-region/system hierarchy,24,Ablation-EqualNeighbors (neural),ablation,47,OLS-Reconciled,0.28981427,0.41291321,0.27727905,0.17925055,0.51594467,1.05851039,2.76840808,0.00000000,1.9550,51692,133756,public_ausgrid_exact_hierarchy_v8_reconciliation
Ausgrid exact 12-leaf/4-region/system hierarchy,24,Ablation-EqualNeighbors (neural),ablation,59,Base,0.28272455,0.40542457,0.26947813,0.17327094,0.50191743,1.03310406,2.67635810,0.04433888,1.9225,51692,133756,public_ausgrid_exact_hierarchy_v8_reconciliation
Ausgrid exact 12-leaf/4-region/system hierarchy,24,Ablation-EqualNeighbors (neural),ablation,59,Bottom-Up,0.28338088,0.40542457,0.26982835,0.17488970,0.50191743,1.02983911,2.68480624,0.00000000,1.9225,51692,133756,public_ausgrid_exact_hierarchy_v8_reconciliation
Ausgrid exact 12-leaf/4-region/system hierarchy,24,Ablation-EqualNeighbors (neural),ablation,59,Top-Down,0.35663252,0.55570915,0.34091748,0.17327094,0.69385019,1.30456907,2.67635810,0.00000000,1.9225,51692,133756,public_ausgrid_exact_hierarchy_v8_reconciliation
Ausgrid exact 12-leaf/4-region/system hierarchy,24,Ablation-EqualNeighbors (neural),ablation,59,OLS-Reconciled,0.28160900,0.40320696,0.26912612,0.17249392,0.50288469,1.03036348,2.66621123,0.00000000,1.9225,51692,133756,public_ausgrid_exact_hierarchy_v8_reconciliation
Ausgrid exact 12-leaf/4-region/system hierarchy,24,Ablation-EqualNeighbors (neural),ablation,71,Base,0.30701624,0.43861676,0.29217443,0.19025755,0.53921907,1.09952991,2.88065766,0.03990674,1.9747,51692,133756,public_ausgrid_exact_hierarchy_v8_reconciliation
Ausgrid exact 12-leaf/4-region/system hierarchy,24,Ablation-EqualNeighbors (neural),ablation,71,Bottom-Up,0.31091277,0.43861676,0.29622653,0.19789502,0.53921907,1.12023649,3.02762512,0.00000000,1.9747,51692,133756,public_ausgrid_exact_hierarchy_v8_reconciliation
Ausgrid exact 12-leaf/4-region/system hierarchy,24,Ablation-EqualNeighbors (neural),ablation,71,Top-Down,0.37290185,0.57140961,0.35703839,0.19025755,0.71497010,1.35894618,2.88065766,0.00000000,1.9747,51692,133756,public_ausgrid_exact_hierarchy_v8_reconciliation
Ausgrid exact 12-leaf/4-region/system hierarchy,24,Ablation-EqualNeighbors (neural),ablation,71,OLS-Reconciled,0.30458802,0.43236192,0.29058299,0.19081915,0.52972554,1.09211385,2.89209465,0.00000000,1.9747,51692,133756,public_ausgrid_exact_hierarchy_v8_reconciliation
Ausgrid exact 12-leaf/4-region/system hierarchy,24,Ablation-EqualNeighbors (neural),ablation,83,Base,0.29332590,0.41857615,0.28034422,0.18105734,0.52031154,1.06286046,2.76472781,0.04527662,1.9553,51692,133756,public_ausgrid_exact_hierarchy_v8_reconciliation
Ausgrid exact 12-leaf/4-region/system hierarchy,24,Ablation-EqualNeighbors (neural),ablation,83,Bottom-Up,0.29341988,0.41857615,0.28027969,0.18140379,0.52031154,1.06807107,2.80516688,0.00000000,1.9553,51692,133756,public_ausgrid_exact_hierarchy_v8_reconciliation
Ausgrid exact 12-leaf/4-region/system hierarchy,24,Ablation-EqualNeighbors (neural),ablation,83,Top-Down,0.36536403,0.56518081,0.34985394,0.18105734,0.70621360,1.33403855,2.76472781,0.00000000,1.9553,51692,133756,public_ausgrid_exact_hierarchy_v8_reconciliation
Ausgrid exact 12-leaf/4-region/system hierarchy,24,Ablation-EqualNeighbors (neural),ablation,83,OLS-Reconciled,0.29268077,0.41749831,0.28019214,0.18035184,0.51720381,1.05978617,2.75998342,0.00000000,1.9553,51692,133756,public_ausgrid_exact_hierarchy_v8_reconciliation
Ausgrid exact 12-leaf/4-region/system hierarchy,24,Ablation-EqualNeighbors (neural),ablation,97,Base,0.28549821,0.40834891,0.27292408,0.17522164,0.51045558,1.04333320,2.70530137,0.04414176,1.9697,51692,133756,public_ausgrid_exact_hierarchy_v8_reconciliation
Ausgrid exact 12-leaf/4-region/system hierarchy,24,Ablation-EqualNeighbors (neural),ablation,97,Bottom-Up,0.28668585,0.40834891,0.27404714,0.17766151,0.51045558,1.04825806,2.75413879,0.00000000,1.9697,51692,133756,public_ausgrid_exact_hierarchy_v8_reconciliation
Ausgrid exact 12-leaf/4-region/system hierarchy,24,Ablation-EqualNeighbors (neural),ablation,97,Top-Down,0.35993157,0.56008893,0.34448415,0.17522164,0.69962825,1.31753579,2.70530137,0.00000000,1.9697,51692,133756,public_ausgrid_exact_hierarchy_v8_reconciliation
Ausgrid exact 12-leaf/4-region/system hierarchy,24,Ablation-EqualNeighbors (neural),ablation,97,OLS-Reconciled,0.28448634,0.40617158,0.27274476,0.17454270,0.50902709,1.04069943,2.69957765,0.00000000,1.9697,51692,133756,public_ausgrid_exact_hierarchy_v8_reconciliation
Ausgrid exact 12-leaf/4-region/system hierarchy,24,Ablation-EqualNeighbors (neural),ablation,109,Base,0.28814878,0.41367584,0.27466100,0.17610948,0.51486331,1.04940625,2.72038359,0.04182803,2.0694,51692,133756,public_ausgrid_exact_hierarchy_v8_reconciliation
Ausgrid exact 12-leaf/4-region/system hierarchy,24,Ablation-EqualNeighbors (neural),ablation,109,Bottom-Up,0.28999869,0.41367584,0.27698851,0.17933172,0.51486331,1.05905132,2.78498155,0.00000000,2.0694,51692,133756,public_ausgrid_exact_hierarchy_v8_reconciliation
Ausgrid exact 12-leaf/4-region/system hierarchy,24,Ablation-EqualNeighbors (neural),ablation,109,Top-Down,0.36068169,0.56102517,0.34491040,0.17610948,0.70212424,1.32206782,2.72038359,0.00000000,2.0694,51692,133756,public_ausgrid_exact_hierarchy_v8_reconciliation
Ausgrid exact 12-leaf/4-region/system hierarchy,24,Ablation-EqualNeighbors (neural),ablation,109,OLS-Reconciled,0.28595629,0.40840496,0.27363008,0.17583382,0.50948947,1.04414064,2.71978224,0.00000000,2.0694,51692,133756,public_ausgrid_exact_hierarchy_v8_reconciliation
Ausgrid exact 12-leaf/4-region/system hierarchy,24,Ablation-EqualNeighbors (neural),ablation,127,Base,0.29160657,0.41544330,0.27944050,0.17993591,0.51816776,1.06308740,2.76204292,0.04779175,2.0270,51692,133756,public_ausgrid_exact_hierarchy_v8_reconciliation
Ausgrid exact 12-leaf/4-region/system hierarchy,24,Ablation-EqualNeighbors (neural),ablation,127,Bottom-Up,0.29130674,0.41544330,0.27877644,0.17970049,0.51816776,1.06264052,2.77978812,0.00000000,2.0270,51692,133756,public_ausgrid_exact_hierarchy_v8_reconciliation
Ausgrid exact 12-leaf/4-region/system hierarchy,24,Ablation-EqualNeighbors (neural),ablation,127,Top-Down,0.36430190,0.56405188,0.34891791,0.17993591,0.70517645,1.33252332,2.76204292,0.00000000,2.0270,51692,133756,public_ausgrid_exact_hierarchy_v8_reconciliation
Ausgrid exact 12-leaf/4-region/system hierarchy,24,Ablation-EqualNeighbors (neural),ablation,127,OLS-Reconciled,0.29174929,0.41632956,0.27998256,0.17893577,0.51842929,1.06198425,2.75082297,0.00000000,2.0270,51692,133756,public_ausgrid_exact_hierarchy_v8_reconciliation
Ausgrid exact 12-leaf/4-region/system hierarchy,24,Ablation-EqualNeighbors (neural),ablation,139,Base,0.29377228,0.41984738,0.28166240,0.17980707,0.52315794,1.06801117,2.75406620,0.04095554,2.0165,51692,133756,public_ausgrid_exact_hierarchy_v8_reconciliation
Ausgrid exact 12-leaf/4-region/system hierarchy,24,Ablation-EqualNeighbors (neural),ablation,139,Bottom-Up,0.29478431,0.41984738,0.28233570,0.18216985,0.52315794,1.07496647,2.81699623,0.00000000,2.0165,51692,133756,public_ausgrid_exact_hierarchy_v8_reconciliation
Ausgrid exact 12-leaf/4-region/system hierarchy,24,Ablation-EqualNeighbors (neural),ablation,139,Top-Down,0.36447707,0.56457996,0.34904417,0.17980707,0.70528952,1.33179199,2.75406620,0.00000000,2.0165,51692,133756,public_ausgrid_exact_hierarchy_v8_reconciliation
Ausgrid exact 12-leaf/4-region/system hierarchy,24,Ablation-EqualNeighbors (neural),ablation,139,OLS-Reconciled,0.29255033,0.41712633,0.28087494,0.17964974,0.51843158,1.06392200,2.75490821,0.00000000,2.0165,51692,133756,public_ausgrid_exact_hierarchy_v8_reconciliation
Ausgrid exact 12-leaf/4-region/system hierarchy,24,MLP,baseline,11,Base,0.28134042,0.39891243,0.27110732,0.17400150,0.49723952,1.02923480,2.66989410,0.03385572,2.9507,51692,133756,public_ausgrid_exact_hierarchy_v8_reconciliation
Ausgrid exact 12-leaf/4-region/system hierarchy,24,MLP,baseline,11,Bottom-Up,0.27919265,0.39891243,0.26795669,0.17070882,0.49723952,1.01982939,2.63482460,0.00000000,2.9507,51692,133756,public_ausgrid_exact_hierarchy_v8_reconciliation
Ausgrid exact 12-leaf/4-region/system hierarchy,24,MLP,baseline,11,Top-Down,0.35760442,0.55654218,0.34226959,0.17400150,0.69301218,1.30380353,2.66989410,0.00000000,2.9507,51692,133756,public_ausgrid_exact_hierarchy_v8_reconciliation
Ausgrid exact 12-leaf/4-region/system hierarchy,24,MLP,baseline,11,OLS-Reconciled,0.28181052,0.40124459,0.27117741,0.17300956,0.50007058,1.02894367,2.65827490,0.00000000,2.9507,51692,133756,public_ausgrid_exact_hierarchy_v8_reconciliation
Ausgrid exact 12-leaf/4-region/system hierarchy,24,MLP,baseline,23,Base,0.29289844,0.41551184,0.28019497,0.18298852,0.51423221,1.06082520,2.78814944,0.03356030,3.0262,51692,133756,public_ausgrid_exact_hierarchy_v8_reconciliation
Ausgrid exact 12-leaf/4-region/system hierarchy,24,MLP,baseline,23,Bottom-Up,0.29133606,0.41551184,0.27770406,0.18079229,0.51423221,1.05595990,2.78185384,0.00000000,3.0262,51692,133756,public_ausgrid_exact_hierarchy_v8_reconciliation
Ausgrid exact 12-leaf/4-region/system hierarchy,24,MLP,baseline,23,Top-Down,0.36658776,0.56614300,0.35063178,0.18298852,0.70731166,1.33685252,2.78814944,0.00000000,3.0262,51692,133756,public_ausgrid_exact_hierarchy_v8_reconciliation
Ausgrid exact 12-leaf/4-region/system hierarchy,24,MLP,baseline,23,OLS-Reconciled,0.29358432,0.41825626,0.27996029,0.18253641,0.51517634,1.05851913,2.78445758,0.00000000,3.0262,51692,133756,public_ausgrid_exact_hierarchy_v8_reconciliation
Ausgrid exact 12-leaf/4-region/system hierarchy,24,MLP,baseline,47,Base,0.28619710,0.40560880,0.27484179,0.17814071,0.50886961,1.05087099,2.75070085,0.04044737,2.9077,51692,133756,public_ausgrid_exact_hierarchy_v8_reconciliation
Ausgrid exact 12-leaf/4-region/system hierarchy,24,MLP,baseline,47,Bottom-Up,0.28606530,0.40560880,0.27414002,0.17844708,0.50886961,1.04942732,2.75928021,0.00000000,2.9077,51692,133756,public_ausgrid_exact_hierarchy_v8_reconciliation
Ausgrid exact 12-leaf/4-region/system hierarchy,24,MLP,baseline,47,Top-Down,0.36231311,0.56241084,0.34638779,0.17814071,0.70378490,1.32663419,2.75070085,0.00000000,2.9077,51692,133756,public_ausgrid_exact_hierarchy_v8_reconciliation
Ausgrid exact 12-leaf/4-region/system hierarchy,24,MLP,baseline,47,OLS-Reconciled,0.28592283,0.40609823,0.27396351,0.17770676,0.50839091,1.04732205,2.74408337,0.00000000,2.9077,51692,133756,public_ausgrid_exact_hierarchy_v8_reconciliation
Ausgrid exact 12-leaf/4-region/system hierarchy,24,MLP,baseline,59,Base,0.28649429,0.40772666,0.27515779,0.17659842,0.51112719,1.04916700,2.72475874,0.03844452,2.9324,51692,133756,public_ausgrid_exact_hierarchy_v8_reconciliation
Ausgrid exact 12-leaf/4-region/system hierarchy,24,MLP,baseline,59,Bottom-Up,0.28834647,0.40772666,0.27719544,0.18011730,0.51112719,1.05743610,2.78610998,0.00000000,2.9324,51692,133756,public_ausgrid_exact_hierarchy_v8_reconciliation
Ausgrid exact 12-leaf/4-region/system hierarchy,24,MLP,baseline,59,Top-Down,0.36152744,0.56188759,0.34609632,0.17659842,0.70272514,1.32457257,2.72475874,0.00000000,2.9324,51692,133756,public_ausgrid_exact_hierarchy_v8_reconciliation
Ausgrid exact 12-leaf/4-region/system hierarchy,24,MLP,baseline,59,OLS-Reconciled,0.28497565,0.40437604,0.27394078,0.17661014,0.50686033,1.04446101,2.72546663,0.00000000,2.9324,51692,133756,public_ausgrid_exact_hierarchy_v8_reconciliation
Ausgrid exact 12-leaf/4-region/system hierarchy,24,MLP,baseline,71,Base,0.29159235,0.41527918,0.28012232,0.17937554,0.51594066,1.06161291,2.75300931,0.04038125,2.9014,51692,133756,public_ausgrid_exact_hierarchy_v8_reconciliation
Ausgrid exact 12-leaf/4-region/system hierarchy,24,MLP,baseline,71,Bottom-Up,0.29243782,0.41527918,0.28004791,0.18198637,0.51594066,1.06281792,2.79867123,0.00000000,2.9014,51692,133756,public_ausgrid_exact_hierarchy_v8_reconciliation
Ausgrid exact 12-leaf/4-region/system hierarchy,24,MLP,baseline,71,Top-Down,0.36307582,0.56272839,0.34712351,0.17937554,0.70284851,1.32542289,2.75300931,0.00000000,2.9014,51692,133756,public_ausgrid_exact_hierarchy_v8_reconciliation
Ausgrid exact 12-leaf/4-region/system hierarchy,24,MLP,baseline,71,OLS-Reconciled,0.29066521,0.41425719,0.27829481,0.17944365,0.51370201,1.05488036,2.75454006,0.00000000,2.9014,51692,133756,public_ausgrid_exact_hierarchy_v8_reconciliation
Ausgrid exact 12-leaf/4-region/system hierarchy,24,MLP,baseline,83,Base,0.28635423,0.40911919,0.27383570,0.17610780,0.51292004,1.04932714,2.72985610,0.05130637,2.9358,51692,133756,public_ausgrid_exact_hierarchy_v8_reconciliation
Ausgrid exact 12-leaf/4-region/system hierarchy,24,MLP,baseline,83,Bottom-Up,0.28707783,0.40911919,0.27479561,0.17731869,0.51292004,1.05193954,2.74268373,0.00000000,2.9358,51692,133756,public_ausgrid_exact_hierarchy_v8_reconciliation
Ausgrid exact 12-leaf/4-region/system hierarchy,24,MLP,baseline,83,Top-Down,0.36005220,0.56011434,0.34393447,0.17610780,0.70079266,1.32000462,2.72985610,0.00000000,2.9358,51692,133756,public_ausgrid_exact_hierarchy_v8_reconciliation
Ausgrid exact 12-leaf/4-region/system hierarchy,24,MLP,baseline,83,OLS-Reconciled,0.28663792,0.41081207,0.27363684,0.17546484,0.51320776,1.04757655,2.71890501,0.00000000,2.9358,51692,133756,public_ausgrid_exact_hierarchy_v8_reconciliation
Ausgrid exact 12-leaf/4-region/system hierarchy,24,MLP,baseline,97,Base,0.28651601,0.40640894,0.27530801,0.17783109,0.50589467,1.04509273,2.73258068,0.03345455,2.9270,51692,133756,public_ausgrid_exact_hierarchy_v8_reconciliation
Ausgrid exact 12-leaf/4-region/system hierarchy,24,MLP,baseline,97,Bottom-Up,0.28474668,0.40640894,0.27296393,0.17486716,0.50589467,1.03851775,2.69864537,0.00000000,2.9270,51692,133756,public_ausgrid_exact_hierarchy_v8_reconciliation
Ausgrid exact 12-leaf/4-region/system hierarchy,24,MLP,baseline,97,Top-Down,0.36046226,0.55902264,0.34453304,0.17783109,0.69743429,1.31481501,2.73258068,0.00000000,2.9270,51692,133756,public_ausgrid_exact_hierarchy_v8_reconciliation
Ausgrid exact 12-leaf/4-region/system hierarchy,24,MLP,baseline,97,OLS-Reconciled,0.28654273,0.40758008,0.27502840,0.17701970,0.50673723,1.04338944,2.72243607,0.00000000,2.9270,51692,133756,public_ausgrid_exact_hierarchy_v8_reconciliation
Ausgrid exact 12-leaf/4-region/system hierarchy,24,MLP,baseline,109,Base,0.28820074,0.40920820,0.27629679,0.17909724,0.51166600,1.05192773,2.75428276,0.03205833,2.9021,51692,133756,public_ausgrid_exact_hierarchy_v8_reconciliation
Ausgrid exact 12-leaf/4-region/system hierarchy,24,MLP,baseline,109,Bottom-Up,0.28773947,0.40920820,0.27540101,0.17860921,0.51166600,1.05143090,2.76392815,0.00000000,2.9021,51692,133756,public_ausgrid_exact_hierarchy_v8_reconciliation
Ausgrid exact 12-leaf/4-region/system hierarchy,24,MLP,baseline,109,Top-Down,0.36336432,0.56366126,0.34733447,0.17909724,0.70508634,1.32914137,2.75428276,0.00000000,2.9021,51692,133756,public_ausgrid_exact_hierarchy_v8_reconciliation
Ausgrid exact 12-leaf/4-region/system hierarchy,24,MLP,baseline,109,OLS-Reconciled,0.28808777,0.40981529,0.27562206,0.17882597,0.51109612,1.04889695,2.75229685,0.00000000,2.9021,51692,133756,public_ausgrid_exact_hierarchy_v8_reconciliation
Ausgrid exact 12-leaf/4-region/system hierarchy,24,MLP,baseline,127,Base,0.28453010,0.40390179,0.27327577,0.17641274,0.50425050,1.03836854,2.70966865,0.03785734,2.9431,51692,133756,public_ausgrid_exact_hierarchy_v8_reconciliation
Ausgrid exact 12-leaf/4-region/system hierarchy,24,MLP,baseline,127,Bottom-Up,0.28398355,0.40390179,0.27236694,0.17568192,0.50425050,1.03591871,2.70295593,0.00000000,2.9431,51692,133756,public_ausgrid_exact_hierarchy_v8_reconciliation
Ausgrid exact 12-leaf/4-region/system hierarchy,24,MLP,baseline,127,Top-Down,0.36016882,0.55976783,0.34432590,0.17641274,0.69832004,1.31460173,2.70966865,0.00000000,2.9431,51692,133756,public_ausgrid_exact_hierarchy_v8_reconciliation
Ausgrid exact 12-leaf/4-region/system hierarchy,24,MLP,baseline,127,OLS-Reconciled,0.28455052,0.40502134,0.27275930,0.17587091,0.50494835,1.03682012,2.70202285,0.00000000,2.9431,51692,133756,public_ausgrid_exact_hierarchy_v8_reconciliation
Ausgrid exact 12-leaf/4-region/system hierarchy,24,MLP,baseline,139,Base,0.28464179,0.40434675,0.27318724,0.17639137,0.50650490,1.04315300,2.71812114,0.03364711,2.9815,51692,133756,public_ausgrid_exact_hierarchy_v8_reconciliation
Ausgrid exact 12-leaf/4-region/system hierarchy,24,MLP,baseline,139,Bottom-Up,0.28423109,0.40434675,0.27227849,0.17606802,0.50650490,1.04321388,2.73204248,0.00000000,2.9815,51692,133756,public_ausgrid_exact_hierarchy_v8_reconciliation
Ausgrid exact 12-leaf/4-region/system hierarchy,24,MLP,baseline,139,Top-Down,0.36131693,0.56180109,0.34575833,0.17639137,0.70278088,1.32340471,2.71812114,0.00000000,2.9815,51692,133756,public_ausgrid_exact_hierarchy_v8_reconciliation
Ausgrid exact 12-leaf/4-region/system hierarchy,24,MLP,baseline,139,OLS-Reconciled,0.28442425,0.40475398,0.27259052,0.17592824,0.50585769,1.04000740,2.71451152,0.00000000,2.9815,51692,133756,public_ausgrid_exact_hierarchy_v8_reconciliation
Ausgrid exact 12-leaf/4-region/system hierarchy,24,DLinear,baseline,11,Base,0.27869941,0.39235061,0.26944113,0.17430649,0.49517343,1.02623968,2.67600285,0.00287021,2.5536,51692,133756,public_ausgrid_exact_hierarchy_v8_reconciliation
Ausgrid exact 12-leaf/4-region/system hierarchy,24,DLinear,baseline,11,Bottom-Up,0.27828568,0.39235061,0.26887164,0.17363479,0.49517343,1.02449916,2.66752225,0.00000000,2.5536,51692,133756,public_ausgrid_exact_hierarchy_v8_reconciliation
Ausgrid exact 12-leaf/4-region/system hierarchy,24,DLinear,baseline,11,Top-Down,0.35877456,0.55842122,0.34359597,0.17430649,0.69567227,1.30884868,2.67600285,0.00000000,2.5536,51692,133756,public_ausgrid_exact_hierarchy_v8_reconciliation
Ausgrid exact 12-leaf/4-region/system hierarchy,24,DLinear,baseline,11,OLS-Reconciled,0.27915063,0.39359838,0.26963636,0.17421715,0.49621476,1.02683400,2.67487144,0.00000000,2.5536,51692,133756,public_ausgrid_exact_hierarchy_v8_reconciliation
Ausgrid exact 12-leaf/4-region/system hierarchy,24,DLinear,baseline,23,Base,0.28084737,0.39647038,0.27080495,0.17526677,0.49979845,1.03359794,2.69947375,0.00052231,2.5445,51692,133756,public_ausgrid_exact_hierarchy_v8_reconciliation
Ausgrid exact 12-leaf/4-region/system hierarchy,24,DLinear,baseline,23,Bottom-Up,0.28076580,0.39647038,0.27069667,0.17513036,0.49979845,1.03325473,2.69769666,0.00000000,2.5445,51692,133756,public_ausgrid_exact_hierarchy_v8_reconciliation
Ausgrid exact 12-leaf/4-region/system hierarchy,24,DLinear,baseline,23,Top-Down,0.35975642,0.55953313,0.34446935,0.17526677,0.69800922,1.31476016,2.69947375,0.00000000,2.5445,51692,133756,public_ausgrid_exact_hierarchy_v8_reconciliation
Ausgrid exact 12-leaf/4-region/system hierarchy,24,DLinear,baseline,23,OLS-Reconciled,0.28092449,0.39668316,0.27084095,0.17524937,0.49999160,1.03371215,2.69924688,0.00000000,2.5445,51692,133756,public_ausgrid_exact_hierarchy_v8_reconciliation
Ausgrid exact 12-leaf/4-region/system hierarchy,24,DLinear,baseline,47,Base,0.27908328,0.39345956,0.26969868,0.17409161,0.49686293,1.02909537,2.68115365,0.00037007,2.5086,51692,133756,public_ausgrid_exact_hierarchy_v8_reconciliation
Ausgrid exact 12-leaf/4-region/system hierarchy,24,DLinear,baseline,47,Bottom-Up,0.27902643,0.39345956,0.26962246,0.17399727,0.49686293,1.02885537,2.67993041,0.00000000,2.5086,51692,133756,public_ausgrid_exact_hierarchy_v8_reconciliation
Ausgrid exact 12-leaf/4-region/system hierarchy,24,DLinear,baseline,47,Top-Down,0.35894808,0.55900482,0.34374782,0.17409161,0.69718863,1.31166765,2.68115365,0.00000000,2.5086,51692,133756,public_ausgrid_exact_hierarchy_v8_reconciliation
Ausgrid exact 12-leaf/4-region/system hierarchy,24,DLinear,baseline,47,OLS-Reconciled,0.27913891,0.39361289,0.26972427,0.17407956,0.49699843,1.02917568,2.68099737,0.00000000,2.5086,51692,133756,public_ausgrid_exact_hierarchy_v8_reconciliation
Ausgrid exact 12-leaf/4-region/system hierarchy,24,DLinear,baseline,59,Base,0.28029547,0.39532788,0.27042332,0.17513521,0.49925828,1.03267323,2.69813413,0.00095203,2.6076,51692,133756,public_ausgrid_exact_hierarchy_v8_reconciliation
Ausgrid exact 12-leaf/4-region/system hierarchy,24,DLinear,baseline,59,Bottom-Up,0.28044225,0.39532788,0.27061546,0.17538341,0.49925828,1.03328125,2.70136926,0.00000000,2.6076,51692,133756,public_ausgrid_exact_hierarchy_v8_reconciliation
Ausgrid exact 12-leaf/4-region/system hierarchy,24,DLinear,baseline,59,Top-Down,0.35945604,0.55905179,0.34418112,0.17513521,0.69738677,1.31371841,2.69813413,0.00000000,2.6076,51692,133756,public_ausgrid_exact_hierarchy_v8_reconciliation
Ausgrid exact 12-leaf/4-region/system hierarchy,24,DLinear,baseline,59,OLS-Reconciled,0.28015388,0.39493623,0.27035906,0.17516635,0.49890827,1.03247095,2.69853974,0.00000000,2.6076,51692,133756,public_ausgrid_exact_hierarchy_v8_reconciliation
Ausgrid exact 12-leaf/4-region/system hierarchy,24,DLinear,baseline,71,Base,0.28247974,0.39933166,0.27174996,0.17635759,0.50019494,1.03407225,2.70929459,0.00161570,2.5596,51692,133756,public_ausgrid_exact_hierarchy_v8_reconciliation
Ausgrid exact 12-leaf/4-region/system hierarchy,24,DLinear,baseline,71,Bottom-Up,0.28220069,0.39933166,0.27139184,0.17587855,0.50019494,1.03293644,2.70309791,0.00000000,2.5596,51692,133756,public_ausgrid_exact_hierarchy_v8_reconciliation
Ausgrid exact 12-leaf/4-region/system hierarchy,24,DLinear,baseline,71,Top-Down,0.36065407,0.56027015,0.34533448,0.17635759,0.69882791,1.31727830,2.70929459,0.00000000,2.5596,51692,133756,public_ausgrid_exact_hierarchy_v8_reconciliation
Ausgrid exact 12-leaf/4-region/system hierarchy,24,DLinear,baseline,71,OLS-Reconciled,0.28272787,0.40001823,0.27186987,0.17629552,0.50082012,1.03445235,2.70849049,0.00000000,2.5596,51692,133756,public_ausgrid_exact_hierarchy_v8_reconciliation
Ausgrid exact 12-leaf/4-region/system hierarchy,24,DLinear,baseline,83,Base,0.27879032,0.39178271,0.26958799,0.17500026,0.49562455,1.02840672,2.69304171,0.00237933,2.5309,51692,133756,public_ausgrid_exact_hierarchy_v8_reconciliation
Ausgrid exact 12-leaf/4-region/system hierarchy,24,DLinear,baseline,83,Bottom-Up,0.27848232,0.39178271,0.26915235,0.17451189,0.49562455,1.02705529,2.68683291,0.00000000,2.5309,51692,133756,public_ausgrid_exact_hierarchy_v8_reconciliation
Ausgrid exact 12-leaf/4-region/system hierarchy,24,DLinear,baseline,83,Top-Down,0.35869808,0.55774023,0.34335375,0.17500026,0.69505671,1.30920760,2.69304171,0.00000000,2.5309,51692,133756,public_ausgrid_exact_hierarchy_v8_reconciliation
Ausgrid exact 12-leaf/4-region/system hierarchy,24,DLinear,baseline,83,OLS-Reconciled,0.27912894,0.39271335,0.26973824,0.17493521,0.49643999,1.02886918,2.69221494,0.00000000,2.5309,51692,133756,public_ausgrid_exact_hierarchy_v8_reconciliation
Ausgrid exact 12-leaf/4-region/system hierarchy,24,DLinear,baseline,97,Base,0.27990811,0.39451211,0.27047377,0.17473846,0.49693082,1.02913899,2.68228858,0.00277697,2.4810,51692,133756,public_ausgrid_exact_hierarchy_v8_reconciliation
Ausgrid exact 12-leaf/4-region/system hierarchy,24,DLinear,baseline,97,Bottom-Up,0.27949635,0.39451211,0.26991345,0.17406351,0.49693082,1.02740694,2.67364058,0.00000000,2.4810,51692,133756,public_ausgrid_exact_hierarchy_v8_reconciliation
Ausgrid exact 12-leaf/4-region/system hierarchy,24,DLinear,baseline,97,Top-Down,0.35951944,0.55923883,0.34458103,0.17473846,0.69699833,1.31264652,2.68228858,0.00000000,2.4810,51692,133756,public_ausgrid_exact_hierarchy_v8_reconciliation
Ausgrid exact 12-leaf/4-region/system hierarchy,24,DLinear,baseline,97,OLS-Reconciled,0.28032388,0.39566169,0.27066081,0.17464913,0.49793735,1.02971815,2.68114272,0.00000000,2.4810,51692,133756,public_ausgrid_exact_hierarchy_v8_reconciliation
Ausgrid exact 12-leaf/4-region/system hierarchy,24,DLinear,baseline,109,Base,0.28130033,0.39701553,0.27118347,0.17570198,0.49816032,1.03207913,2.69472030,0.00003681,2.5640,51692,133756,public_ausgrid_exact_hierarchy_v8_reconciliation
Ausgrid exact 12-leaf/4-region/system hierarchy,24,DLinear,baseline,109,Bottom-Up,0.28129359,0.39701553,0.27117481,0.17569044,0.49816032,1.03205211,2.69457218,0.00000000,2.5640,51692,133756,public_ausgrid_exact_hierarchy_v8_reconciliation
Ausgrid exact 12-leaf/4-region/system hierarchy,24,DLinear,baseline,109,Top-Down,0.36065215,0.56065666,0.34559780,0.17570198,0.69912979,1.31691489,2.69472030,0.00000000,2.5640,51692,133756,public_ausgrid_exact_hierarchy_v8_reconciliation
Ausgrid exact 12-leaf/4-region/system hierarchy,24,DLinear,baseline,109,OLS-Reconciled,0.28130656,0.39703278,0.27118639,0.17570052,0.49817519,1.03208816,2.69470150,0.00000000,2.5640,51692,133756,public_ausgrid_exact_hierarchy_v8_reconciliation
Ausgrid exact 12-leaf/4-region/system hierarchy,24,DLinear,baseline,127,Base,0.28137067,0.39742195,0.27099513,0.17569492,0.49893183,1.03189843,2.69769017,0.00187858,2.4841,51692,133756,public_ausgrid_exact_hierarchy_v8_reconciliation
Ausgrid exact 12-leaf/4-region/system hierarchy,24,DLinear,baseline,127,Bottom-Up,0.28171769,0.39742195,0.27144228,0.17628885,0.49893183,1.03331148,2.70544964,0.00000000,2.4841,51692,133756,public_ausgrid_exact_hierarchy_v8_reconciliation
Ausgrid exact 12-leaf/4-region/system hierarchy,24,DLinear,baseline,127,Top-Down,0.36072081,0.56072755,0.34573996,0.17569492,0.69953456,1.31813732,2.69769017,0.00000000,2.4841,51692,133756,public_ausgrid_exact_hierarchy_v8_reconciliation
Ausgrid exact 12-leaf/4-region/system hierarchy,24,DLinear,baseline,127,OLS-Reconciled,0.28106261,0.39657122,0.27084768,0.17576892,0.49817663,1.03143620,2.69865700,0.00000000,2.4841,51692,133756,public_ausgrid_exact_hierarchy_v8_reconciliation
Ausgrid exact 12-leaf/4-region/system hierarchy,24,DLinear,baseline,139,Base,0.28037034,0.39577752,0.27014655,0.17518697,0.49679890,1.02851286,2.68962402,0.00234761,2.5646,51692,133756,public_ausgrid_exact_hierarchy_v8_reconciliation
Ausgrid exact 12-leaf/4-region/system hierarchy,24,DLinear,baseline,139,Bottom-Up,0.27997646,0.39577752,0.26962604,0.17452581,0.49679890,1.02688578,2.68116013,0.00000000,2.5646,51692,133756,public_ausgrid_exact_hierarchy_v8_reconciliation
Ausgrid exact 12-leaf/4-region/system hierarchy,24,DLinear,baseline,139,Top-Down,0.35996459,0.55979754,0.34490925,0.17518697,0.69786882,1.31433604,2.68962402,0.00000000,2.5646,51692,133756,public_ausgrid_exact_hierarchy_v8_reconciliation
Ausgrid exact 12-leaf/4-region/system hierarchy,24,DLinear,baseline,139,OLS-Reconciled,0.28074597,0.39681156,0.27032522,0.17510113,0.49770807,1.02906769,2.68852244,0.00000000,2.5646,51692,133756,public_ausgrid_exact_hierarchy_v8_reconciliation
Ausgrid exact 12-leaf/4-region/system hierarchy,24,TCN,baseline,11,Base,0.28559665,0.40541211,0.27535605,0.17602179,0.51190794,1.05478113,2.73228055,0.05326511,16.0133,51692,133756,public_ausgrid_exact_hierarchy_v8_reconciliation
Ausgrid exact 12-leaf/4-region/system hierarchy,24,TCN,baseline,11,Bottom-Up,0.28778690,0.40541211,0.27686750,0.18108107,0.51190794,1.05977141,2.80180188,0.00000000,16.0133,51692,133756,public_ausgrid_exact_hierarchy_v8_reconciliation
Ausgrid exact 12-leaf/4-region/system hierarchy,24,TCN,baseline,11,Top-Down,0.36103647,0.56152849,0.34555913,0.17602179,0.70355672,1.32631991,2.73228055,0.00000000,16.0133,51692,133756,public_ausgrid_exact_hierarchy_v8_reconciliation
Ausgrid exact 12-leaf/4-region/system hierarchy,24,TCN,baseline,11,OLS-Reconciled,0.28379163,0.40258631,0.27290608,0.17588249,0.50673872,1.04588908,2.72878794,0.00000000,16.0133,51692,133756,public_ausgrid_exact_hierarchy_v8_reconciliation
Ausgrid exact 12-leaf/4-region/system hierarchy,24,TCN,baseline,23,Base,0.29525793,0.42082233,0.28261877,0.18233268,0.52024493,1.07157378,2.79512029,0.04110361,15.9085,51692,133756,public_ausgrid_exact_hierarchy_v8_reconciliation
Ausgrid exact 12-leaf/4-region/system hierarchy,24,TCN,baseline,23,Bottom-Up,0.29829204,0.42082233,0.28595535,0.18809842,0.52024493,1.08214875,2.86805015,0.00000000,15.9085,51692,133756,public_ausgrid_exact_hierarchy_v8_reconciliation
Ausgrid exact 12-leaf/4-region/system hierarchy,24,TCN,baseline,23,Top-Down,0.36684050,0.56681456,0.35137425,0.18233268,0.70924305,1.34224247,2.79512029,0.00000000,15.9085,51692,133756,public_ausgrid_exact_hierarchy_v8_reconciliation
Ausgrid exact 12-leaf/4-region/system hierarchy,24,TCN,baseline,23,OLS-Reconciled,0.29269771,0.41474211,0.28048567,0.18286536,0.51482367,1.06481610,2.80008031,0.00000000,15.9085,51692,133756,public_ausgrid_exact_hierarchy_v8_reconciliation
Ausgrid exact 12-leaf/4-region/system hierarchy,24,TCN,baseline,47,Base,0.29146118,0.41617957,0.27846954,0.17973442,0.51747191,1.06201030,2.76761809,0.04534973,15.8843,51692,133756,public_ausgrid_exact_hierarchy_v8_reconciliation
Ausgrid exact 12-leaf/4-region/system hierarchy,24,TCN,baseline,47,Bottom-Up,0.29553687,0.41617957,0.28352512,0.18690592,0.51747191,1.07575779,2.86377503,0.00000000,15.8843,51692,133756,public_ausgrid_exact_hierarchy_v8_reconciliation
Ausgrid exact 12-leaf/4-region/system hierarchy,24,TCN,baseline,47,Top-Down,0.36468793,0.56529204,0.34903731,0.17973442,0.70793434,1.33655799,2.76761809,0.00000000,15.8843,51692,133756,public_ausgrid_exact_hierarchy_v8_reconciliation
Ausgrid exact 12-leaf/4-region/system hierarchy,24,TCN,baseline,47,OLS-Reconciled,0.28885099,0.40966473,0.27681334,0.18007491,0.51099994,1.05530309,2.77108464,0.00000000,15.8843,51692,133756,public_ausgrid_exact_hierarchy_v8_reconciliation
Ausgrid exact 12-leaf/4-region/system hierarchy,24,TCN,baseline,59,Base,0.29567175,0.41970707,0.28307334,0.18423483,0.52240137,1.07530377,2.82805103,0.04470637,15.9141,51692,133756,public_ausgrid_exact_hierarchy_v8_reconciliation
Ausgrid exact 12-leaf/4-region/system hierarchy,24,TCN,baseline,59,Bottom-Up,0.29919820,0.41970707,0.28754917,0.19033837,0.52240137,1.09044789,2.91999774,0.00000000,15.9141,51692,133756,public_ausgrid_exact_hierarchy_v8_reconciliation
Ausgrid exact 12-leaf/4-region/system hierarchy,24,TCN,baseline,59,Top-Down,0.36831319,0.56783185,0.35287288,0.18423483,0.71158885,1.34986525,2.82805103,0.00000000,15.9141,51692,133756,public_ausgrid_exact_hierarchy_v8_reconciliation
Ausgrid exact 12-leaf/4-region/system hierarchy,24,TCN,baseline,59,OLS-Reconciled,0.29327491,0.41379498,0.28180971,0.18422003,0.51547435,1.07008377,2.82843612,0.00000000,15.9141,51692,133756,public_ausgrid_exact_hierarchy_v8_reconciliation
Ausgrid exact 12-leaf/4-region/system hierarchy,24,TCN,baseline,71,Base,0.29327960,0.41953122,0.28054819,0.17975939,0.51735739,1.06421263,2.76414137,0.03928711,15.8975,51692,133756,public_ausgrid_exact_hierarchy_v8_reconciliation
Ausgrid exact 12-leaf/4-region/system hierarchy,24,TCN,baseline,71,Bottom-Up,0.29721158,0.41953122,0.28476426,0.18733927,0.51735739,1.07538080,2.86264881,0.00000000,15.8975,51692,133756,public_ausgrid_exact_hierarchy_v8_reconciliation
Ausgrid exact 12-leaf/4-region/system hierarchy,24,TCN,baseline,71,Top-Down,0.36457491,0.56499210,0.34897325,0.17975939,0.70680198,1.33434378,2.76414137,0.00000000,15.8975,51692,133756,public_ausgrid_exact_hierarchy_v8_reconciliation
Ausgrid exact 12-leaf/4-region/system hierarchy,24,TCN,baseline,71,OLS-Reconciled,0.29016474,0.41194726,0.27819789,0.18034907,0.51026915,1.05584468,2.77093218,0.00000000,15.8975,51692,133756,public_ausgrid_exact_hierarchy_v8_reconciliation
Ausgrid exact 12-leaf/4-region/system hierarchy,24,TCN,baseline,83,Base,0.28324660,0.39997834,0.27399219,0.17576928,0.50124263,1.04098764,2.70032215,0.04118813,15.9113,51692,133756,public_ausgrid_exact_hierarchy_v8_reconciliation
Ausgrid exact 12-leaf/4-region/system hierarchy,24,TCN,baseline,83,Bottom-Up,0.28145592,0.39997834,0.27082462,0.17356478,0.50124263,1.03153199,2.67628978,0.00000000,15.9113,51692,133756,public_ausgrid_exact_hierarchy_v8_reconciliation
Ausgrid exact 12-leaf/4-region/system hierarchy,24,TCN,baseline,83,Top-Down,0.36002292,0.55970347,0.34459601,0.17576928,0.69851827,1.31588163,2.70032215,0.00000000,15.9113,51692,133756,public_ausgrid_exact_hierarchy_v8_reconciliation
Ausgrid exact 12-leaf/4-region/system hierarchy,24,TCN,baseline,83,OLS-Reconciled,0.28396068,0.40357378,0.27349832,0.17480994,0.50339649,1.03903331,2.68878111,0.00000000,15.9113,51692,133756,public_ausgrid_exact_hierarchy_v8_reconciliation
Ausgrid exact 12-leaf/4-region/system hierarchy,24,TCN,baseline,97,Base,0.29857789,0.42659205,0.28538185,0.18375977,0.52492630,1.07685317,2.80841841,0.04674076,15.9298,51692,133756,public_ausgrid_exact_hierarchy_v8_reconciliation
Ausgrid exact 12-leaf/4-region/system hierarchy,24,TCN,baseline,97,Bottom-Up,0.30409489,0.42659205,0.29039550,0.19529710,0.52492630,1.09482578,2.97092925,0.00000000,15.9298,51692,133756,public_ausgrid_exact_hierarchy_v8_reconciliation
Ausgrid exact 12-leaf/4-region/system hierarchy,24,TCN,baseline,97,Top-Down,0.36805438,0.56789665,0.35250670,0.18375977,0.71078629,1.34557315,2.80841841,0.00000000,15.9298,51692,133756,public_ausgrid_exact_hierarchy_v8_reconciliation
Ausgrid exact 12-leaf/4-region/system hierarchy,24,TCN,baseline,97,OLS-Reconciled,0.29417741,0.41632574,0.28121092,0.18499558,0.51425760,1.06294845,2.82359856,0.00000000,15.9298,51692,133756,public_ausgrid_exact_hierarchy_v8_reconciliation
Ausgrid exact 12-leaf/4-region/system hierarchy,24,TCN,baseline,109,Base,0.29417778,0.41811082,0.28163602,0.18278648,0.52229187,1.07588738,2.82156195,0.04863131,15.8756,51692,133756,public_ausgrid_exact_hierarchy_v8_reconciliation
Ausgrid exact 12-leaf/4-region/system hierarchy,24,TCN,baseline,109,Bottom-Up,0.29722427,0.41811082,0.28497511,0.18858687,0.52229187,1.08568984,2.89549447,0.00000000,15.8756,51692,133756,public_ausgrid_exact_hierarchy_v8_reconciliation
Ausgrid exact 12-leaf/4-region/system hierarchy,24,TCN,baseline,109,Top-Down,0.36675293,0.56653008,0.35094221,0.18278648,0.71068604,1.34566675,2.82156195,0.00000000,15.8756,51692,133756,public_ausgrid_exact_hierarchy_v8_reconciliation
Ausgrid exact 12-leaf/4-region/system hierarchy,24,TCN,baseline,109,OLS-Reconciled,0.29155468,0.41232579,0.27964896,0.18268930,0.51615415,1.06902194,2.81882504,0.00000000,15.8756,51692,133756,public_ausgrid_exact_hierarchy_v8_reconciliation
Ausgrid exact 12-leaf/4-region/system hierarchy,24,TCN,baseline,127,Base,0.29402418,0.42135653,0.28107840,0.17963761,0.52068836,1.06721136,2.76652682,0.04556965,15.8973,51692,133756,public_ausgrid_exact_hierarchy_v8_reconciliation
Ausgrid exact 12-leaf/4-region/system hierarchy,24,TCN,baseline,127,Bottom-Up,0.30012458,0.42135653,0.28746739,0.19154982,0.52068836,1.08669813,2.92292169,0.00000000,15.8973,51692,133756,public_ausgrid_exact_hierarchy_v8_reconciliation
Ausgrid exact 12-leaf/4-region/system hierarchy,24,TCN,baseline,127,Top-Down,0.36445423,0.56496737,0.34875773,0.17963761,0.70760401,1.33473123,2.76652682,0.00000000,15.8973,51692,133756,public_ausgrid_exact_hierarchy_v8_reconciliation
Ausgrid exact 12-leaf/4-region/system hierarchy,24,TCN,baseline,127,OLS-Reconciled,0.28907393,0.40943647,0.27719944,0.18058590,0.50969711,1.05473580,2.77772074,0.00000000,15.8973,51692,133756,public_ausgrid_exact_hierarchy_v8_reconciliation
Ausgrid exact 12-leaf/4-region/system hierarchy,24,TCN,baseline,139,Base,0.28444940,0.40072496,0.27509178,0.17753145,0.50135337,1.04400673,2.71410496,0.03673905,15.8811,51692,133756,public_ausgrid_exact_hierarchy_v8_reconciliation
Ausgrid exact 12-leaf/4-region/system hierarchy,24,TCN,baseline,139,Bottom-Up,0.28213956,0.40072496,0.27109741,0.17459630,0.50135337,1.03247838,2.68655553,0.00000000,15.8811,51692,133756,public_ausgrid_exact_hierarchy_v8_reconciliation
Ausgrid exact 12-leaf/4-region/system hierarchy,24,TCN,baseline,139,Top-Down,0.36157238,0.56080376,0.34638193,0.17753145,0.69925733,1.31905391,2.71410496,0.00000000,15.8811,51692,133756,public_ausgrid_exact_hierarchy_v8_reconciliation
Ausgrid exact 12-leaf/4-region/system hierarchy,24,TCN,baseline,139,OLS-Reconciled,0.28507319,0.40406849,0.27443351,0.17671756,0.50375243,1.04114964,2.70474871,0.00000000,15.8811,51692,133756,public_ausgrid_exact_hierarchy_v8_reconciliation
Ausgrid exact 12-leaf/4-region/system hierarchy,24,PatchTST-lite,baseline,11,Base,0.29323351,0.41880163,0.27935790,0.18154100,0.52488222,1.07153571,2.82337274,0.05061033,6.8371,51692,133756,public_ausgrid_exact_hierarchy_v8_reconciliation
Ausgrid exact 12-leaf/4-region/system hierarchy,24,PatchTST-lite,baseline,11,Bottom-Up,0.29955392,0.41880163,0.28778515,0.19207498,0.52488222,1.09742578,2.96885387,0.00000000,6.8371,51692,133756,public_ausgrid_exact_hierarchy_v8_reconciliation
Ausgrid exact 12-leaf/4-region/system hierarchy,24,PatchTST-lite,baseline,11,Top-Down,0.36494820,0.56426793,0.34903568,0.18154100,0.70902230,1.34380795,2.82337274,0.00000000,6.8371,51692,133756,public_ausgrid_exact_hierarchy_v8_reconciliation
Ausgrid exact 12-leaf/4-region/system hierarchy,24,PatchTST-lite,baseline,11,OLS-Reconciled,0.29046494,0.41166165,0.27812488,0.18160830,0.51355817,1.06550366,2.82486459,0.00000000,6.8371,51692,133756,public_ausgrid_exact_hierarchy_v8_reconciliation
Ausgrid exact 12-leaf/4-region/system hierarchy,24,PatchTST-lite,baseline,23,Base,0.28295839,0.40368400,0.27052499,0.17466618,0.49784989,1.03316212,2.70100181,0.03867418,6.8332,51692,133756,public_ausgrid_exact_hierarchy_v8_reconciliation
Ausgrid exact 12-leaf/4-region/system hierarchy,24,PatchTST-lite,baseline,23,Bottom-Up,0.28129771,0.40368400,0.26876620,0.17144295,0.49784989,1.02392223,2.64524396,0.00000000,6.8332,51692,133756,public_ausgrid_exact_hierarchy_v8_reconciliation
Ausgrid exact 12-leaf/4-region/system hierarchy,24,PatchTST-lite,baseline,23,Top-Down,0.35769535,0.55658365,0.34183622,0.17466618,0.69608230,1.31001004,2.70100181,0.00000000,6.8332,51692,133756,public_ausgrid_exact_hierarchy_v8_reconciliation
Ausgrid exact 12-leaf/4-region/system hierarchy,24,PatchTST-lite,baseline,23,OLS-Reconciled,0.28332822,0.40583647,0.27037520,0.17377300,0.50029568,1.03184319,2.68647915,0.00000000,6.8332,51692,133756,public_ausgrid_exact_hierarchy_v8_reconciliation
Ausgrid exact 12-leaf/4-region/system hierarchy,24,PatchTST-lite,baseline,47,Base,0.29236171,0.41564590,0.28096880,0.18047044,0.51687088,1.06560120,2.78335116,0.03978826,6.9599,51692,133756,public_ausgrid_exact_hierarchy_v8_reconciliation
Ausgrid exact 12-leaf/4-region/system hierarchy,24,PatchTST-lite,baseline,47,Bottom-Up,0.29435485,0.41564590,0.28331410,0.18410457,0.51687088,1.07130127,2.81821217,0.00000000,6.9599,51692,133756,public_ausgrid_exact_hierarchy_v8_reconciliation
Ausgrid exact 12-leaf/4-region/system hierarchy,24,PatchTST-lite,baseline,47,Top-Down,0.36460113,0.56396208,0.34937086,0.18047044,0.70581010,1.33630417,2.78335116,0.00000000,6.9599,51692,133756,public_ausgrid_exact_hierarchy_v8_reconciliation
Ausgrid exact 12-leaf/4-region/system hierarchy,24,PatchTST-lite,baseline,47,OLS-Reconciled,0.28994406,0.41035138,0.27890043,0.18058038,0.51189146,1.05942024,2.78106588,0.00000000,6.9599,51692,133756,public_ausgrid_exact_hierarchy_v8_reconciliation
Ausgrid exact 12-leaf/4-region/system hierarchy,24,PatchTST-lite,baseline,59,Base,0.29686840,0.42665970,0.28301315,0.18093236,0.52645434,1.07267037,2.77677293,0.03738587,6.9042,51692,133756,public_ausgrid_exact_hierarchy_v8_reconciliation
Ausgrid exact 12-leaf/4-region/system hierarchy,24,PatchTST-lite,baseline,59,Bottom-Up,0.30057891,0.42665970,0.28746114,0.18761590,0.52645434,1.08701849,2.86910302,0.00000000,6.9042,51692,133756,public_ausgrid_exact_hierarchy_v8_reconciliation
Ausgrid exact 12-leaf/4-region/system hierarchy,24,PatchTST-lite,baseline,59,Top-Down,0.36563865,0.56596392,0.35001967,0.18093236,0.70815486,1.33722265,2.77677293,0.00000000,6.9042,51692,133756,public_ausgrid_exact_hierarchy_v8_reconciliation
Ausgrid exact 12-leaf/4-region/system hierarchy,24,PatchTST-lite,baseline,59,OLS-Reconciled,0.29435111,0.42034717,0.28119264,0.18151352,0.51973090,1.06617765,2.78340334,0.00000000,6.9042,51692,133756,public_ausgrid_exact_hierarchy_v8_reconciliation
Ausgrid exact 12-leaf/4-region/system hierarchy,24,PatchTST-lite,baseline,71,Base,0.28831739,0.41078120,0.27716864,0.17700233,0.51266018,1.05151235,2.71924126,0.03380436,6.8651,51692,133756,public_ausgrid_exact_hierarchy_v8_reconciliation
Ausgrid exact 12-leaf/4-region/system hierarchy,24,PatchTST-lite,baseline,71,Bottom-Up,0.29031017,0.41078120,0.27965218,0.18049714,0.51266018,1.05900726,2.76419477,0.00000000,6.8651,51692,133756,public_ausgrid_exact_hierarchy_v8_reconciliation
Ausgrid exact 12-leaf/4-region/system hierarchy,24,PatchTST-lite,baseline,71,Top-Down,0.36173733,0.56172235,0.34648730,0.17700233,0.70150519,1.32263483,2.71924126,0.00000000,6.8651,51692,133756,public_ausgrid_exact_hierarchy_v8_reconciliation
Ausgrid exact 12-leaf/4-region/system hierarchy,24,PatchTST-lite,baseline,71,OLS-Reconciled,0.28654716,0.40678806,0.27557842,0.17727500,0.50840594,1.04565398,2.72186678,0.00000000,6.8651,51692,133756,public_ausgrid_exact_hierarchy_v8_reconciliation
Ausgrid exact 12-leaf/4-region/system hierarchy,24,PatchTST-lite,baseline,83,Base,0.28637419,0.40753664,0.27436269,0.17722325,0.50569001,1.04393275,2.73041537,0.03934139,6.9191,51692,133756,public_ausgrid_exact_hierarchy_v8_reconciliation
Ausgrid exact 12-leaf/4-region/system hierarchy,24,PatchTST-lite,baseline,83,Bottom-Up,0.28532583,0.40753664,0.27339634,0.17504450,0.50569001,1.03984212,2.69854913,0.00000000,6.9191,51692,133756,public_ausgrid_exact_hierarchy_v8_reconciliation
Ausgrid exact 12-leaf/4-region/system hierarchy,24,PatchTST-lite,baseline,83,Top-Down,0.36124901,0.56133800,0.34518578,0.17722325,0.70112896,1.32010300,2.73041537,0.00000000,6.9191,51692,133756,public_ausgrid_exact_hierarchy_v8_reconciliation
Ausgrid exact 12-leaf/4-region/system hierarchy,24,PatchTST-lite,baseline,83,OLS-Reconciled,0.28667343,0.40924047,0.27418730,0.17659251,0.50684426,1.04284763,2.72067946,0.00000000,6.9191,51692,133756,public_ausgrid_exact_hierarchy_v8_reconciliation
Ausgrid exact 12-leaf/4-region/system hierarchy,24,PatchTST-lite,baseline,97,Base,0.29026269,0.41283832,0.27830731,0.17964243,0.51444795,1.06130261,2.77845464,0.03301641,6.7179,51692,133756,public_ausgrid_exact_hierarchy_v8_reconciliation
Ausgrid exact 12-leaf/4-region/system hierarchy,24,PatchTST-lite,baseline,97,Bottom-Up,0.29219150,0.41283832,0.28036734,0.18336882,0.51444795,1.06648180,2.81927119,0.00000000,6.7179,51692,133756,public_ausgrid_exact_hierarchy_v8_reconciliation
Ausgrid exact 12-leaf/4-region/system hierarchy,24,PatchTST-lite,baseline,97,Top-Down,0.36383188,0.56395641,0.34789679,0.17964243,0.70637108,1.33438096,2.77845464,0.00000000,6.7179,51692,133756,public_ausgrid_exact_hierarchy_v8_reconciliation
Ausgrid exact 12-leaf/4-region/system hierarchy,24,PatchTST-lite,baseline,97,OLS-Reconciled,0.28875904,0.40966413,0.27674302,0.17986998,0.51128565,1.05617410,2.77959700,0.00000000,6.7179,51692,133756,public_ausgrid_exact_hierarchy_v8_reconciliation
Ausgrid exact 12-leaf/4-region/system hierarchy,24,PatchTST-lite,baseline,109,Base,0.28518851,0.40318581,0.27513301,0.17724671,0.50473903,1.04998660,2.74301603,0.03589694,6.6558,51692,133756,public_ausgrid_exact_hierarchy_v8_reconciliation
Ausgrid exact 12-leaf/4-region/system hierarchy,24,PatchTST-lite,baseline,109,Bottom-Up,0.28445794,0.40318581,0.27419220,0.17599581,0.50473903,1.04514656,2.71551271,0.00000000,6.6558,51692,133756,public_ausgrid_exact_hierarchy_v8_reconciliation
Ausgrid exact 12-leaf/4-region/system hierarchy,24,PatchTST-lite,baseline,109,Top-Down,0.36052705,0.55950358,0.34483086,0.17724671,0.69990000,1.32144864,2.74301603,0.00000000,6.6558,51692,133756,public_ausgrid_exact_hierarchy_v8_reconciliation
Ausgrid exact 12-leaf/4-region/system hierarchy,24,PatchTST-lite,baseline,109,OLS-Reconciled,0.28503733,0.40410944,0.27419282,0.17680974,0.50489389,1.04701110,2.73557347,0.00000000,6.6558,51692,133756,public_ausgrid_exact_hierarchy_v8_reconciliation
Ausgrid exact 12-leaf/4-region/system hierarchy,24,PatchTST-lite,baseline,127,Base,0.27798993,0.39163293,0.26818527,0.17415159,0.49149546,1.02501380,2.68824920,0.03270089,6.2497,51692,133756,public_ausgrid_exact_hierarchy_v8_reconciliation
Ausgrid exact 12-leaf/4-region/system hierarchy,24,PatchTST-lite,baseline,127,Bottom-Up,0.27565999,0.39163293,0.26501369,0.17033336,0.49149546,1.01276002,2.62646379,0.00000000,6.2497,51692,133756,public_ausgrid_exact_hierarchy_v8_reconciliation
Ausgrid exact 12-leaf/4-region/system hierarchy,24,PatchTST-lite,baseline,127,Top-Down,0.35770452,0.55698729,0.34197467,0.17415159,0.69507885,1.30728290,2.68824920,0.00000000,6.2497,51692,133756,public_ausgrid_exact_hierarchy_v8_reconciliation
Ausgrid exact 12-leaf/4-region/system hierarchy,24,PatchTST-lite,baseline,127,OLS-Reconciled,0.27938269,0.39635771,0.26855614,0.17323423,0.49697415,1.02582559,2.67524642,0.00000000,6.2497,51692,133756,public_ausgrid_exact_hierarchy_v8_reconciliation
Ausgrid exact 12-leaf/4-region/system hierarchy,24,PatchTST-lite,baseline,139,Base,0.27879620,0.39484500,0.26880297,0.17274063,0.49281625,1.02455605,2.67082347,0.03036724,6.2353,51692,133756,public_ausgrid_exact_hierarchy_v8_reconciliation
Ausgrid exact 12-leaf/4-region/system hierarchy,24,PatchTST-lite,baseline,139,Bottom-Up,0.27677178,0.39484500,0.26614278,0.16932756,0.49281625,1.01394755,2.61216521,0.00000000,6.2353,51692,133756,public_ausgrid_exact_hierarchy_v8_reconciliation
Ausgrid exact 12-leaf/4-region/system hierarchy,24,PatchTST-lite,baseline,139,Top-Down,0.35712025,0.55671062,0.34190951,0.17274063,0.69501683,1.30842623,2.67082347,0.00000000,6.2353,51692,133756,public_ausgrid_exact_hierarchy_v8_reconciliation
Ausgrid exact 12-leaf/4-region/system hierarchy,24,PatchTST-lite,baseline,139,OLS-Reconciled,0.27979632,0.39859234,0.26870634,0.17209030,0.49717539,1.02488576,2.65950491,0.00000000,6.2353,51692,133756,public_ausgrid_exact_hierarchy_v8_reconciliation
Ausgrid exact 12-leaf/4-region/system hierarchy,24,LSTM,baseline,11,Base,0.31524038,0.44938855,0.30222403,0.19410857,0.56833223,1.15828906,2.96311982,0.04368200,2.9997,51692,133756,public_ausgrid_exact_hierarchy_v8_reconciliation
Ausgrid exact 12-leaf/4-region/system hierarchy,24,LSTM,baseline,11,Bottom-Up,0.31621793,0.44938855,0.30394126,0.19532398,0.56833223,1.16887753,3.01510354,0.00000000,2.9997,51692,133756,public_ausgrid_exact_hierarchy_v8_reconciliation
Ausgrid exact 12-leaf/4-region/system hierarchy,24,LSTM,baseline,11,Top-Down,0.37450475,0.57104802,0.35835766,0.19410857,0.71459156,1.36748120,2.96311982,0.00000000,2.9997,51692,133756,public_ausgrid_exact_hierarchy_v8_reconciliation
Ausgrid exact 12-leaf/4-region/system hierarchy,24,LSTM,baseline,11,OLS-Reconciled,0.31646305,0.45228467,0.30343633,0.19366815,0.56679813,1.15980017,2.95931254,0.00000000,2.9997,51692,133756,public_ausgrid_exact_hierarchy_v8_reconciliation
Ausgrid exact 12-leaf/4-region/system hierarchy,24,LSTM,baseline,23,Base,0.30812729,0.43878441,0.29676429,0.18883316,0.55549489,1.13788641,2.89712133,0.04739509,2.9550,51692,133756,public_ausgrid_exact_hierarchy_v8_reconciliation
Ausgrid exact 12-leaf/4-region/system hierarchy,24,LSTM,baseline,23,Bottom-Up,0.30812798,0.43878441,0.29694658,0.18865296,0.55549489,1.14104536,2.91350598,0.00000000,2.9550,51692,133756,public_ausgrid_exact_hierarchy_v8_reconciliation
Ausgrid exact 12-leaf/4-region/system hierarchy,24,LSTM,baseline,23,Top-Down,0.36851217,0.56439373,0.35230962,0.18883316,0.70536497,1.34555037,2.89712133,0.00000000,2.9550,51692,133756,public_ausgrid_exact_hierarchy_v8_reconciliation
Ausgrid exact 12-leaf/4-region/system hierarchy,24,LSTM,baseline,23,OLS-Reconciled,0.30826654,0.43928027,0.29758675,0.18793261,0.55477559,1.13861665,2.88586973,0.00000000,2.9550,51692,133756,public_ausgrid_exact_hierarchy_v8_reconciliation
Ausgrid exact 12-leaf/4-region/system hierarchy,24,LSTM,baseline,47,Base,0.31073845,0.44097630,0.29946620,0.19177287,0.56165501,1.15023764,2.93594683,0.04537020,2.9633,51692,133756,public_ausgrid_exact_hierarchy_v8_reconciliation
Ausgrid exact 12-leaf/4-region/system hierarchy,24,LSTM,baseline,47,Bottom-Up,0.31131856,0.44097630,0.30069386,0.19228552,0.56165501,1.15781508,2.97097653,0.00000000,2.9633,51692,133756,public_ausgrid_exact_hierarchy_v8_reconciliation
Ausgrid exact 12-leaf/4-region/system hierarchy,24,LSTM,baseline,47,Top-Down,0.37278346,0.56965785,0.35691967,0.19177287,0.71297207,1.36295860,2.93594683,0.00000000,2.9633,51692,133756,public_ausgrid_exact_hierarchy_v8_reconciliation
Ausgrid exact 12-leaf/4-region/system hierarchy,24,LSTM,baseline,47,OLS-Reconciled,0.31230825,0.44498819,0.30077100,0.19116557,0.56125694,1.15210978,2.92908774,0.00000000,2.9633,51692,133756,public_ausgrid_exact_hierarchy_v8_reconciliation
Ausgrid exact 12-leaf/4-region/system hierarchy,24,LSTM,baseline,59,Base,0.31105303,0.44287881,0.29914408,0.19113620,0.56172692,1.14816959,2.93267259,0.04188837,2.9524,51692,133756,public_ausgrid_exact_hierarchy_v8_reconciliation
Ausgrid exact 12-leaf/4-region/system hierarchy,24,LSTM,baseline,59,Bottom-Up,0.31205477,0.44287881,0.30100801,0.19227750,0.56172692,1.15739360,2.96801259,0.00000000,2.9524,51692,133756,public_ausgrid_exact_hierarchy_v8_reconciliation
Ausgrid exact 12-leaf/4-region/system hierarchy,24,LSTM,baseline,59,Top-Down,0.37190446,0.56878263,0.35579456,0.19113620,0.71173607,1.35957567,2.93267259,0.00000000,2.9524,51692,133756,public_ausgrid_exact_hierarchy_v8_reconciliation
Ausgrid exact 12-leaf/4-region/system hierarchy,24,LSTM,baseline,59,OLS-Reconciled,0.31195227,0.44502353,0.29995976,0.19087351,0.56031744,1.14934755,2.92921386,0.00000000,2.9524,51692,133756,public_ausgrid_exact_hierarchy_v8_reconciliation
Ausgrid exact 12-leaf/4-region/system hierarchy,24,LSTM,baseline,71,Base,0.29979216,0.42468763,0.29018631,0.18450252,0.54474646,1.11858753,2.84617183,0.04573920,2.9582,51692,133756,public_ausgrid_exact_hierarchy_v8_reconciliation
Ausgrid exact 12-leaf/4-region/system hierarchy,24,LSTM,baseline,71,Bottom-Up,0.30005492,0.42468763,0.29093260,0.18454452,0.54474646,1.11992538,2.84948319,0.00000000,2.9582,51692,133756,public_ausgrid_exact_hierarchy_v8_reconciliation
Ausgrid exact 12-leaf/4-region/system hierarchy,24,LSTM,baseline,71,Top-Down,0.36504366,0.56171518,0.34891329,0.18450252,0.70127789,1.33362785,2.84617183,0.00000000,2.9582,51692,133756,public_ausgrid_exact_hierarchy_v8_reconciliation
Ausgrid exact 12-leaf/4-region/system hierarchy,24,LSTM,baseline,71,OLS-Reconciled,0.30092482,0.42810884,0.29089487,0.18377076,0.54680228,1.11916295,2.83613687,0.00000000,2.9582,51692,133756,public_ausgrid_exact_hierarchy_v8_reconciliation
Ausgrid exact 12-leaf/4-region/system hierarchy,24,LSTM,baseline,83,Base,0.30817450,0.43820915,0.29720719,0.18910716,0.55844588,1.14208758,2.90011402,0.04396947,2.9604,51692,133756,public_ausgrid_exact_hierarchy_v8_reconciliation
Ausgrid exact 12-leaf/4-region/system hierarchy,24,LSTM,baseline,83,Bottom-Up,0.30986143,0.43820915,0.29995424,0.19142091,0.55844588,1.15265762,2.95367012,0.00000000,2.9604,51692,133756,public_ausgrid_exact_hierarchy_v8_reconciliation
Ausgrid exact 12-leaf/4-region/system hierarchy,24,LSTM,baseline,83,Top-Down,0.36966124,0.56607642,0.35380013,0.18910716,0.70803313,1.35137674,2.90011402,0.00000000,2.9604,51692,133756,public_ausgrid_exact_hierarchy_v8_reconciliation
Ausgrid exact 12-leaf/4-region/system hierarchy,24,LSTM,baseline,83,OLS-Reconciled,0.30799605,0.43753884,0.29763557,0.18881375,0.55518171,1.14077862,2.89832877,0.00000000,2.9604,51692,133756,public_ausgrid_exact_hierarchy_v8_reconciliation
Ausgrid exact 12-leaf/4-region/system hierarchy,24,LSTM,baseline,97,Base,0.29985790,0.42283498,0.29109981,0.18563891,0.54397922,1.12162904,2.85624032,0.04878208,2.9691,51692,133756,public_ausgrid_exact_hierarchy_v8_reconciliation
Ausgrid exact 12-leaf/4-region/system hierarchy,24,LSTM,baseline,97,Bottom-Up,0.30099527,0.42283498,0.29229396,0.18785686,0.54397922,1.12376274,2.88042829,0.00000000,2.9691,51692,133756,public_ausgrid_exact_hierarchy_v8_reconciliation
Ausgrid exact 12-leaf/4-region/system hierarchy,24,LSTM,baseline,97,Top-Down,0.36566217,0.56168752,0.34966008,0.18563891,0.70101103,1.33510300,2.85624032,0.00000000,2.9691,51692,133756,public_ausgrid_exact_hierarchy_v8_reconciliation
Ausgrid exact 12-leaf/4-region/system hierarchy,24,LSTM,baseline,97,OLS-Reconciled,0.30254617,0.42983629,0.29303689,0.18476533,0.54860129,1.12635789,2.84384810,0.00000000,2.9691,51692,133756,public_ausgrid_exact_hierarchy_v8_reconciliation
Ausgrid exact 12-leaf/4-region/system hierarchy,24,LSTM,baseline,109,Base,0.31580028,0.44996850,0.30285671,0.19457564,0.57063262,1.16124370,2.97404860,0.04862484,2.9748,51692,133756,public_ausgrid_exact_hierarchy_v8_reconciliation
Ausgrid exact 12-leaf/4-region/system hierarchy,24,LSTM,baseline,109,Bottom-Up,0.31907483,0.44996850,0.30749618,0.19975981,0.57063262,1.18216375,3.08416588,0.00000000,2.9748,51692,133756,public_ausgrid_exact_hierarchy_v8_reconciliation
Ausgrid exact 12-leaf/4-region/system hierarchy,24,LSTM,baseline,109,Top-Down,0.37494858,0.57160677,0.35866334,0.19457564,0.71608459,1.37007886,2.97404860,0.00000000,2.9748,51692,133756,public_ausgrid_exact_hierarchy_v8_reconciliation
Ausgrid exact 12-leaf/4-region/system hierarchy,24,LSTM,baseline,109,OLS-Reconciled,0.31476588,0.44675368,0.30296217,0.19458179,0.56334788,1.15865319,2.97666359,0.00000000,2.9748,51692,133756,public_ausgrid_exact_hierarchy_v8_reconciliation
Ausgrid exact 12-leaf/4-region/system hierarchy,24,LSTM,baseline,127,Base,0.30694904,0.43456978,0.29634489,0.18993244,0.55223138,1.13430887,2.90935582,0.04610271,2.9750,51692,133756,public_ausgrid_exact_hierarchy_v8_reconciliation
Ausgrid exact 12-leaf/4-region/system hierarchy,24,LSTM,baseline,127,Bottom-Up,0.30655404,0.43456978,0.29704985,0.18804249,0.55223138,1.13836270,2.89878035,0.00000000,2.9750,51692,133756,public_ausgrid_exact_hierarchy_v8_reconciliation
Ausgrid exact 12-leaf/4-region/system hierarchy,24,LSTM,baseline,127,Top-Down,0.36960400,0.56536083,0.35351873,0.18993244,0.70615743,1.34816341,2.90935582,0.00000000,2.9750,51692,133756,public_ausgrid_exact_hierarchy_v8_reconciliation
Ausgrid exact 12-leaf/4-region/system hierarchy,24,LSTM,baseline,127,OLS-Reconciled,0.30824715,0.43784927,0.29804619,0.18884599,0.55364975,1.13832210,2.89508129,0.00000000,2.9750,51692,133756,public_ausgrid_exact_hierarchy_v8_reconciliation
Ausgrid exact 12-leaf/4-region/system hierarchy,24,LSTM,baseline,139,Base,0.30589096,0.43434890,0.29645204,0.18687194,0.55659306,1.14081341,2.87401795,0.04314324,2.9887,51692,133756,public_ausgrid_exact_hierarchy_v8_reconciliation
Ausgrid exact 12-leaf/4-region/system hierarchy,24,LSTM,baseline,139,Bottom-Up,0.30709826,0.43434890,0.29801945,0.18892641,0.55659306,1.14691893,2.91588341,0.00000000,2.9887,51692,133756,public_ausgrid_exact_hierarchy_v8_reconciliation
Ausgrid exact 12-leaf/4-region/system hierarchy,24,LSTM,baseline,139,Top-Down,0.36781113,0.56427057,0.35229090,0.18687194,0.70565348,1.34643195,2.87401795,0.00000000,2.9887,51692,133756,public_ausgrid_exact_hierarchy_v8_reconciliation
Ausgrid exact 12-leaf/4-region/system hierarchy,24,LSTM,baseline,139,OLS-Reconciled,0.30591205,0.43465315,0.29649820,0.18658480,0.55503399,1.13907170,2.87057759,0.00000000,2.9887,51692,133756,public_ausgrid_exact_hierarchy_v8_reconciliation
