cap,horizon_hours,selection_objective,condition_id,method_role,architecture,retrieval_space,k_neighbors,rank_eligible,run_namespace,n_expected_rows,n_completed_rows,aggregation_status,primary_cap,primary_k,scope,mean_curtailment_mae,sample_sd_curtailment_mae,mean_curtailment_rmse,sample_sd_curtailment_rmse,mean_event_f1,sample_sd_event_f1,mean_event_precision,sample_sd_event_precision,mean_event_recall,sample_sd_event_recall,mean_onset_f1,sample_sd_onset_f1,mean_onset_precision,sample_sd_onset_precision,mean_onset_recall,sample_sd_onset_recall,mean_onset_mae,sample_sd_onset_mae,mean_stress_subset_mae,sample_sd_stress_subset_mae
0.60,1,mae,Ridge,trained_baseline,linear,,,True,p1_ieee_access_upgrade_v2,1,1,complete,False,True,descriptive_sensitivity,0.0261055405983,0,0.0494415448685,0,0.455621301775,0,0.939024390244,0,0.30078125,0,0.124074074074,0,0.0662055335968,0,0.985294117647,0,0.04250391486,0,0.073494041253,0
0.60,1,mae,dlinear_head,architecture_head,DLinear,,,True,p1_ieee_access_upgrade_v2,10,10,complete,False,True,descriptive_sensitivity,0.0429482355844,0.0049837177172,0.0738241149598,0.00757811844087,0.0523804891307,0.0681776834818,0.645024644473,0.398043291898,0.028515625,0.037919474627,0.0802518665734,0.0149687966257,0.0420981338698,0.0079610416249,0.860294117647,0.12405932093,0.0587418541439,0.00949757485393,0.0986049613864,0.00778088434418
0.60,1,mae,gru_head,architecture_head,GRU,,,True,p1_ieee_access_upgrade_v2,10,10,complete,False,True,descriptive_sensitivity,0.0164419477297,0.00322721134346,0.0345256804593,0.00427632007945,0.784417645016,0.0639902521788,0.916699099003,0.0254342459608,0.692578125,0.0927874852303,0.148035784232,0.0114085184789,0.0809481706996,0.00691287223552,0.876470588235,0.056404509269,0.0565642722003,0.00376914794748,0.0483599203821,0.00749712478509
0.60,1,mae,gru_learned_k16_retrieval,retrieval_only,GRU,learned,16,True,p1_ieee_access_upgrade_v2,10,10,complete,False,False,descriptive_sensitivity,0.0135734722135,0.000225638947068,0.0350837601235,0.000460863153181,0.802983642773,0.0103894344407,0.878170053674,0.00962295524663,0.73984375,0.0162838522926,0.126632885502,0.006023352058,0.0707058587921,0.00336327094312,0.605882352941,0.0292479095882,0.0694865820245,0.0013216377608,0.0463229799272,0.000702158166254
0.60,1,mae,gru_learned_k32_retrieval,retrieval_only,GRU,learned,32,True,p1_ieee_access_upgrade_v2,10,10,complete,False,False,descriptive_sensitivity,0.0140321968971,0.000248684670077,0.0358427164072,0.000523791128575,0.809705037538,0.00765145883573,0.89452656576,0.0129676903813,0.73984375,0.0145227536392,0.128832073942,0.00539972007252,0.0718189649687,0.0029868917721,0.625,0.0287925003047,0.0695754406555,0.000716076263664,0.0477337719942,0.000821660632001
0.60,1,mae,gru_learned_k4_retrieval,retrieval_only,GRU,learned,4,True,p1_ieee_access_upgrade_v2,10,10,complete,False,False,descriptive_sensitivity,0.0134280204194,0.000305499169487,0.0360248979426,0.000677289163113,0.796535079283,0.0134333994139,0.865146819357,0.0134221839942,0.73828125,0.019918044975,0.114677571931,0.00658451212834,0.0642609559444,0.0036594348259,0.532352941177,0.0331018490514,0.0701419582672,0.00228235267555,0.0460334268828,0.0010186278802
0.60,1,mae,gru_learned_k8_fixed_0_5,mechanism_control,GRU,learned,8,True,p1_ieee_access_upgrade_v2,10,10,complete,False,True,descriptive_sensitivity,0.0143675067753,0.001513268926,0.033221863194,0.00170252797287,0.805836176153,0.0287288664134,0.904406760522,0.018635740598,0.72890625,0.050704402323,0.145483424447,0.0053413135263,0.080311625083,0.00260478374736,0.776470588235,0.0842795188248,0.0620073264907,0.00271905030828,0.0451370097751,0.00336816492935
0.60,1,mae,gru_learned_k8_fixed_1,mechanism_control,GRU,learned,8,True,p1_ieee_access_upgrade_v2,10,10,complete,False,True,descriptive_sensitivity,0.0164419477297,0.00322721134346,0.0345256804593,0.00427632007945,0.784417645016,0.0639902521788,0.916699099003,0.0254342459608,0.692578125,0.0927874852303,0.148035784232,0.0114085184789,0.0809481706996,0.00691287223552,0.876470588235,0.056404509269,0.0565642722003,0.00376914794748,0.0483599203821,0.00749712478509
0.60,1,mae,gru_learned_k8_retrieval,retrieval_only,GRU,learned,8,True,p1_ieee_access_upgrade_v2,10,10,complete,False,True,descriptive_sensitivity,0.0132670505391,0.000220375734057,0.0349569165501,0.000556232913922,0.80224176213,0.00975835248559,0.875719116108,0.008419686815,0.740234375,0.0135629340208,0.124312273326,0.00530522387494,0.0694597521721,0.00297955603818,0.591176470589,0.0248021777269,0.0706267292069,0.00140840281931,0.0452673017672,0.000771797555394
0.60,1,mae,gru_learned_k8_selected_blend,selected_blend,GRU,learned,8,True,p1_ieee_access_upgrade_v2,10,10,complete,False,True,descriptive_sensitivity,0.0132670505391,0.000220375734057,0.0349569165501,0.000556232913922,0.80224176213,0.00975835248559,0.875719116108,0.008419686815,0.740234375,0.0135629340208,0.124312273326,0.00530522387494,0.0694597521721,0.00297955603818,0.591176470589,0.0248021777269,0.0706267292069,0.00140840281931,0.0452673017672,0.000771797555394
0.60,1,mae,gru_randomized_k16_retrieval,attribution_control,GRU-untrained,randomized,16,True,p1_ieee_access_upgrade_v2,10,10,complete,False,False,descriptive_sensitivity,0.0140664917299,0.000335259982972,0.0360681479146,0.000617751397655,0.794207275213,0.00629860928273,0.882268713068,0.00787848638179,0.722265625,0.0117115139697,0.125363661025,0.00422111185893,0.0698589336309,0.00236543703319,0.610294117647,0.0221945714167,0.0697861297146,0.0011013863942,0.0478863828236,0.0010809030326
0.60,1,mae,gru_randomized_k32_retrieval,attribution_control,GRU-untrained,randomized,32,True,p1_ieee_access_upgrade_v2,10,10,complete,False,False,descriptive_sensitivity,0.0146196285222,0.000381785843056,0.0369495111541,0.000657538446873,0.803173998089,0.00938722690374,0.90337702695,0.0128594908425,0.7234375,0.020154971428,0.12795543554,0.00265650350491,0.0712183263068,0.00149428975598,0.629411764706,0.0151881699847,0.0698677655598,0.00100363734405,0.0495860363522,0.00118918864317
0.60,1,mae,gru_randomized_k4_retrieval,attribution_control,GRU-untrained,randomized,4,True,p1_ieee_access_upgrade_v2,10,10,complete,False,False,descriptive_sensitivity,0.01391337904,0.000277855989219,0.0372508019704,0.00056959982264,0.771707790078,0.0110414970114,0.841868780042,0.0138024649481,0.7125,0.0142873611712,0.112092667649,0.00882174295148,0.0628091746109,0.00487008509752,0.520588235294,0.0460888598964,0.0729054780458,0.00216026776826,0.0475401136949,0.000878948064653
0.60,1,mae,gru_randomized_k8_retrieval,attribution_control,GRU-untrained,randomized,8,True,p1_ieee_access_upgrade_v2,10,10,complete,False,True,descriptive_sensitivity,0.0137580226355,0.000255666830255,0.0359358408451,0.000488623009436,0.779588163031,0.00724117992855,0.860198226116,0.0126968917748,0.712890625,0.00828640759203,0.125252399119,0.00508375708367,0.0698473188638,0.0028811430152,0.605882352941,0.0227822549777,0.0714667628938,0.000826804170878,0.0468427962288,0.000840291602641
0.60,1,mae,lstm_head,architecture_head,LSTM,,,True,p1_ieee_access_upgrade_v2,10,10,complete,False,True,descriptive_sensitivity,0.0151185620744,0.000847134450904,0.0323405365263,0.000623698904341,0.813972168617,0.0125691388104,0.901782276912,0.022742581971,0.74296875,0.0305254547127,0.150636541291,0.00589534955919,0.0826517010675,0.00343354600159,0.851470588235,0.0429865907223,0.0564012867637,0.00344211464181,0.044700468453,0.00116556674299
0.60,1,mae,raw_k16_retrieval,attribution_control,none,raw,16,True,p1_ieee_access_upgrade_v2,10,10,complete,False,False,descriptive_sensitivity,0.0247276576437,0,0.0554642436629,0,0.517333333333,0,0.81512605042,0,0.37890625,0,0.120576671035,0,0.0661870503597,1.46284727857e-17,0.676470588235,1.17027782286e-16,0.0534988644112,0,0.0741919737255,0
0.60,1,mae,raw_k32_retrieval,attribution_control,none,raw,32,True,p1_ieee_access_upgrade_v2,10,10,complete,False,False,descriptive_sensitivity,0.0261556336145,0,0.0571364359447,7.31423639287e-18,0.506963788301,1.17027782286e-16,0.883495145631,0,0.35546875,0,0.11013767209,0,0.0601915184679,7.31423639287e-18,0.647058823529,0,0.0501812627513,7.31423639287e-18,0.0767098857205,0
0.60,1,mae,raw_k4_retrieval,attribution_control,none,raw,4,True,p1_ieee_access_upgrade_v2,10,10,complete,False,False,descriptive_sensitivity,0.0238836608924,3.65711819643e-18,0.0563009522861,7.31423639287e-18,0.586797066015,1.17027782286e-16,0.78431372549,1.17027782286e-16,0.46875,0,0.128935532234,0,0.0717863105175,1.46284727857e-17,0.632352941176,0,0.0563971306621,7.31423639287e-18,0.0748527691105,0
0.60,1,mae,raw_k8_retrieval,attribution_control,none,raw,8,True,p1_ieee_access_upgrade_v2,10,10,complete,False,True,descriptive_sensitivity,0.0238095585962,3.65711819643e-18,0.0549911799809,7.31423639287e-18,0.545454545455,1.17027782286e-16,0.771428571429,1.17027782286e-16,0.421875,0,0.118644067797,1.46284727857e-17,0.065625,1.46284727857e-17,0.617647058824,0,0.0533170148383,0,0.0730902463631,0
0.60,1,mae,tcn_head,architecture_head,TCN,,,True,p1_ieee_access_upgrade_v2,10,10,complete,False,True,descriptive_sensitivity,0.0139863283805,0.00086449039278,0.0311618195364,0.000631047493676,0.82162290597,0.0133466988044,0.907993322424,0.0251242722238,0.7515625,0.0311521906834,0.146317360263,0.00562203665688,0.08102128671,0.00307680403177,0.757352941176,0.0628713496982,0.0583152888852,0.00353360949736,0.0414069917292,0.00109542490881
0.60,1,not_applicable,DirectPolicyTransform-Privileged,privileged_audit,,,,False,p1_ieee_access_upgrade_v2,1,1,complete,False,True,descriptive_sensitivity,0,0,0,0,1,0,1,0,1,0,0.236111111111,0,0.133858267717,0,1,0,0,0,0,0
0.60,1,not_applicable,Persistence,naive_baseline,,,,True,p1_ieee_access_upgrade_v2,1,1,complete,False,True,descriptive_sensitivity,0.0133698805313,0,0.0376433398413,0,0.8046875,0,0.8046875,0,0.8046875,0,0,0,0,0,0,0,0.0996983990777,0,0.0464064733604,0
0.60,1,not_applicable,Seasonal-24h,naive_baseline,,,,True,p1_ieee_access_upgrade_v2,1,1,complete,False,True,descriptive_sensitivity,0.0426413499914,0,0.0950255570462,0,0.38747553816,0,0.388235294118,0,0.38671875,0,0.0845070422535,0,0.048,0,0.352941176471,0,0.0914930092093,0,0.105245003731,0
0.60,1,onset_f1,Ridge,trained_baseline,linear,,,True,p1_ieee_access_upgrade_v2,1,1,complete,False,True,descriptive_sensitivity,0.0318471110248,0,0.0640610101388,0,0.506738544474,0,0.817391304348,0,0.3671875,0,0.112531969309,0,0.0597285067873,0,0.970588235294,0,0.0501367129074,0,0.084439980344,0
0.60,1,onset_f1,dlinear_head,architecture_head,DLinear,,,True,p1_ieee_access_upgrade_v2,10,10,complete,False,True,descriptive_sensitivity,0.0550079815447,0.020812822814,0.0946475645735,0.0113528789014,0.147457178966,0.118126233707,0.389089409158,0.219985545973,0.123828125,0.117028972636,0.0642872071734,0.0207902345003,0.0357563697967,0.010807344011,0.530882352941,0.285111288362,0.0846767534195,0.0122010280944,0.114098269327,0.0073438505439
0.60,1,onset_f1,gru_head,architecture_head,GRU,,,True,p1_ieee_access_upgrade_v2,10,10,complete,False,True,descriptive_sensitivity,0.0214510578767,0.00153285310028,0.0412005819491,0.00275555480904,0.690407561886,0.0763622707365,0.933959986855,0.026785149734,0.554296875,0.0923368978352,0.127585260418,0.00446119449245,0.0685236273589,0.00251345393118,0.925,0.0263523138348,0.0534671633602,0.00237604538023,0.0595660840124,0.00469450622789
0.60,1,onset_f1,gru_learned_k16_retrieval,retrieval_only,GRU,learned,16,True,p1_ieee_access_upgrade_v2,10,10,complete,False,False,descriptive_sensitivity,0.0137785856838,0.000258103159328,0.0354602475493,0.000468447330045,0.804876033035,0.00978823762691,0.884868716525,0.00729033778013,0.73828125,0.0151847705595,0.127289307944,0.00365394008661,0.0709963532555,0.00205241083034,0.614705882353,0.0180775381512,0.0692815349764,0.000927765384161,0.0469451240823,0.00083474838501
0.60,1,onset_f1,gru_learned_k32_retrieval,retrieval_only,GRU,learned,32,True,p1_ieee_access_upgrade_v2,10,10,complete,False,False,descriptive_sensitivity,0.0143305926384,0.000312205874203,0.0364247395124,0.000564967100759,0.803896102343,0.0137814072976,0.900793934024,0.0080016674006,0.726171875,0.0229587976832,0.129790652916,0.00529346297751,0.0722797696117,0.00295389769671,0.635294117647,0.0266695500167,0.0694625089583,0.000837316810302,0.0486787770545,0.00102193049473
0.60,1,onset_f1,gru_learned_k4_retrieval,retrieval_only,GRU,learned,4,True,p1_ieee_access_upgrade_v2,10,10,complete,False,False,descriptive_sensitivity,0.013656257229,0.000242360461668,0.0366161507494,0.000525059201487,0.782270721458,0.00592976905838,0.850646580712,0.0114186283549,0.72421875,0.00977863716433,0.113361960225,0.00510435238216,0.0635211194521,0.0028620208765,0.526470588235,0.0248021777269,0.0716840076933,0.00242706033245,0.0467709942957,0.000809229464335
0.60,1,onset_f1,gru_learned_k8_fixed_0_5,mechanism_control,GRU,learned,8,True,p1_ieee_access_upgrade_v2,10,10,complete,False,True,descriptive_sensitivity,0.016800064887,0.00065246213809,0.0360450004956,0.00102893944868,0.76223052956,0.0284356514951,0.917553728275,0.0143247275862,0.653515625,0.0449190442949,0.147739796333,0.00523000403738,0.0806769570983,0.00294579536223,0.876470588235,0.0354842373936,0.0594458354595,0.00190995845043,0.0503859252527,0.00195932486315
0.60,1,onset_f1,gru_learned_k8_fixed_1,mechanism_control,GRU,learned,8,True,p1_ieee_access_upgrade_v2,10,10,complete,False,True,descriptive_sensitivity,0.0214510578767,0.00153285310028,0.0412005819491,0.00275555480904,0.690407561886,0.0763622707365,0.933959986855,0.026785149734,0.554296875,0.0923368978352,0.127585260418,0.00446119449245,0.0685236273589,0.00251345393118,0.925,0.0263523138348,0.0534671633602,0.00237604538023,0.0595660840124,0.00469450622789
0.60,1,onset_f1,gru_learned_k8_retrieval,retrieval_only,GRU,learned,8,True,p1_ieee_access_upgrade_v2,10,10,complete,False,True,descriptive_sensitivity,0.0135202949363,0.000145528303622,0.0354345204773,0.000337462551134,0.795891514251,0.00763843503888,0.871125983248,0.01118688298,0.7328125,0.0133042080984,0.124149459628,0.00379021857632,0.0692980912885,0.00214382228501,0.595588235294,0.0173310485586,0.071122569513,0.00125166803352,0.0460576069088,0.000572111170495
0.60,1,onset_f1,gru_learned_k8_selected_blend,selected_blend,GRU,learned,8,True,p1_ieee_access_upgrade_v2,10,10,complete,False,True,descriptive_sensitivity,0.0214510578767,0.00153285310028,0.0412005819491,0.00275555480904,0.690407561886,0.0763622707365,0.933959986855,0.026785149734,0.554296875,0.0923368978352,0.127585260418,0.00446119449245,0.0685236273589,0.00251345393118,0.925,0.0263523138348,0.0534671633602,0.00237604538023,0.0595660840124,0.00469450622789
0.60,1,onset_f1,gru_randomized_k16_retrieval,attribution_control,GRU-untrained,randomized,16,True,p1_ieee_access_upgrade_v2,10,10,complete,False,False,descriptive_sensitivity,0.0140664917299,0.000335259982972,0.0360681479146,0.000617751397655,0.794207275213,0.00629860928273,0.882268713068,0.00787848638179,0.722265625,0.0117115139697,0.125363661025,0.00422111185893,0.0698589336309,0.00236543703319,0.610294117647,0.0221945714167,0.0697861297146,0.0011013863942,0.0478863828236,0.0010809030326
0.60,1,onset_f1,gru_randomized_k32_retrieval,attribution_control,GRU-untrained,randomized,32,True,p1_ieee_access_upgrade_v2,10,10,complete,False,False,descriptive_sensitivity,0.0146196285222,0.000381785843056,0.0369495111541,0.000657538446873,0.803173998089,0.00938722690374,0.90337702695,0.0128594908425,0.7234375,0.020154971428,0.12795543554,0.00265650350491,0.0712183263068,0.00149428975598,0.629411764706,0.0151881699847,0.0698677655598,0.00100363734405,0.0495860363522,0.00118918864317
0.60,1,onset_f1,gru_randomized_k4_retrieval,attribution_control,GRU-untrained,randomized,4,True,p1_ieee_access_upgrade_v2,10,10,complete,False,False,descriptive_sensitivity,0.01391337904,0.000277855989219,0.0372508019704,0.00056959982264,0.771707790078,0.0110414970114,0.841868780042,0.0138024649481,0.7125,0.0142873611712,0.112092667649,0.00882174295148,0.0628091746109,0.00487008509752,0.520588235294,0.0460888598964,0.0729054780458,0.00216026776826,0.0475401136949,0.000878948064653
0.60,1,onset_f1,gru_randomized_k8_retrieval,attribution_control,GRU-untrained,randomized,8,True,p1_ieee_access_upgrade_v2,10,10,complete,False,True,descriptive_sensitivity,0.0137580226355,0.000255666830255,0.0359358408451,0.000488623009436,0.779588163031,0.00724117992855,0.860198226116,0.0126968917748,0.712890625,0.00828640759203,0.125252399119,0.00508375708367,0.0698473188638,0.0028811430152,0.605882352941,0.0227822549777,0.0714667628938,0.000826804170878,0.0468427962288,0.000840291602641
0.60,1,onset_f1,lstm_head,architecture_head,LSTM,,,True,p1_ieee_access_upgrade_v2,10,10,complete,False,True,descriptive_sensitivity,0.0192597972741,0.000994206771052,0.0364720075047,0.00116816047091,0.789477146811,0.0112391080663,0.916251910665,0.0174860439768,0.69375,0.014754391119,0.125935283271,0.00557988644064,0.0677074902522,0.00318038459164,0.901470588235,0.0302574497292,0.0548430261196,0.00234851183974,0.0507323060972,0.00201587361552
0.60,1,onset_f1,raw_k16_retrieval,attribution_control,none,raw,16,True,p1_ieee_access_upgrade_v2,10,10,complete,False,False,descriptive_sensitivity,0.0247276576437,0,0.0554642436629,0,0.517333333333,0,0.81512605042,0,0.37890625,0,0.120576671035,0,0.0661870503597,1.46284727857e-17,0.676470588235,1.17027782286e-16,0.0534988644112,0,0.0741919737255,0
0.60,1,onset_f1,raw_k32_retrieval,attribution_control,none,raw,32,True,p1_ieee_access_upgrade_v2,10,10,complete,False,False,descriptive_sensitivity,0.0261556336145,0,0.0571364359447,7.31423639287e-18,0.506963788301,1.17027782286e-16,0.883495145631,0,0.35546875,0,0.11013767209,0,0.0601915184679,7.31423639287e-18,0.647058823529,0,0.0501812627513,7.31423639287e-18,0.0767098857205,0
0.60,1,onset_f1,raw_k4_retrieval,attribution_control,none,raw,4,True,p1_ieee_access_upgrade_v2,10,10,complete,False,False,descriptive_sensitivity,0.0238836608924,3.65711819643e-18,0.0563009522861,7.31423639287e-18,0.586797066015,1.17027782286e-16,0.78431372549,1.17027782286e-16,0.46875,0,0.128935532234,0,0.0717863105175,1.46284727857e-17,0.632352941176,0,0.0563971306621,7.31423639287e-18,0.0748527691105,0
0.60,1,onset_f1,raw_k8_retrieval,attribution_control,none,raw,8,True,p1_ieee_access_upgrade_v2,10,10,complete,False,True,descriptive_sensitivity,0.0238095585962,3.65711819643e-18,0.0549911799809,7.31423639287e-18,0.545454545455,1.17027782286e-16,0.771428571429,1.17027782286e-16,0.421875,0,0.118644067797,1.46284727857e-17,0.065625,1.46284727857e-17,0.617647058824,0,0.0533170148383,0,0.0730902463631,0
0.60,1,onset_f1,tcn_head,architecture_head,TCN,,,True,p1_ieee_access_upgrade_v2,10,10,complete,False,True,descriptive_sensitivity,0.0177111677324,0.0024029159716,0.035673751125,0.00310505786175,0.784365593712,0.0286140879601,0.89270980898,0.036259934229,0.702734375,0.0551336587154,0.13548254807,0.0124427992722,0.0738457585442,0.0073050830393,0.829411764706,0.0510369219012,0.0587652175665,0.00412179867681,0.0488958268732,0.00461996498142
0.60,24,mae,Ridge,trained_baseline,linear,,,True,p1_ieee_access_upgrade_v2,1,1,complete,False,True,descriptive_sensitivity,0.0443623375708,0,0.0792487150482,0,0,0,0,0,0,0,0.23143812709,0,0.140422077922,0,0.657794676806,0,0.120414195451,0,0.103665424435,0
0.60,24,mae,dlinear_head,architecture_head,DLinear,,,True,p1_ieee_access_upgrade_v2,10,10,complete,False,True,descriptive_sensitivity,0.0505357563603,0.00185319883313,0.0845052801759,0.00231204159002,0.00375939849624,0.0118882618803,0.05,0.158113883008,0.001953125,0.00617632355502,0.214606846707,0.0100741577024,0.125575730854,0.00532747626784,0.74030418251,0.0681600106349,0.121911195349,0.00323851463658,0.109580339916,0.00283379875424
0.60,24,mae,gru_head,architecture_head,GRU,,,True,p1_ieee_access_upgrade_v2,10,10,complete,False,True,descriptive_sensitivity,0.0457349554979,0.00148806215594,0.0799591636016,0.00110754727655,0.00153256704981,0.00323093502955,0.04,0.0843274042712,0.00078125,0.00164701961467,0.253682199388,0.00814827401898,0.153388321041,0.00471334366602,0.737642585551,0.0666816042482,0.122198455321,0.00428352818823,0.104097256684,0.00225986519297
0.60,24,mae,gru_learned_k16_retrieval,retrieval_only,GRU,learned,16,True,p1_ieee_access_upgrade_v2,10,10,complete,False,False,descriptive_sensitivity,0.0435347067832,0.000280320071455,0.0817714278972,0.000355422757968,0.0181827907522,0.0112060162002,0.140801820728,0.0658999428795,0.009765625,0.00617632355502,0.226082964059,0.00611279105621,0.143125569598,0.00399691182933,0.538022813688,0.0170279199526,0.131569419105,0.000574728829999,0.10607952422,0.000739128661266
0.60,24,mae,gru_learned_k32_retrieval,retrieval_only,GRU,learned,32,True,p1_ieee_access_upgrade_v2,10,10,complete,False,False,descriptive_sensitivity,0.0434166683271,0.000252183516657,0.0805810640948,0.000302577230497,0.0125927882142,0.0158756039739,0.134089769879,0.146709434657,0.006640625,0.00844850426954,0.233290502574,0.0074266853561,0.146419512394,0.00441971624131,0.573764258555,0.0235380019219,0.129451209127,0.000911256077877,0.104974858932,0.00044934368011
0.60,24,mae,gru_learned_k4_retrieval,retrieval_only,GRU,learned,4,True,p1_ieee_access_upgrade_v2,10,10,complete,False,False,descriptive_sensitivity,0.0448520459428,0.000495789671466,0.0885455202502,0.00061636568087,0.0849830029955,0.0264879827775,0.207405075119,0.0522411983702,0.053515625,0.0175708897147,0.195622866798,0.00508292599337,0.131577140053,0.00347910690999,0.381368821293,0.013419174583,0.13582223289,0.00147319847146,0.110718286467,0.00119934544832
0.60,24,mae,gru_learned_k8_fixed_0_5,mechanism_control,GRU,learned,8,True,p1_ieee_access_upgrade_v2,10,10,complete,False,True,descriptive_sensitivity,0.0445864987848,0.000715825697155,0.0804695310911,0.000728086935192,0.00520804532157,0.00786629638298,0.0603174603176,0.0870366349842,0.002734375,0.00413808556825,0.242337931189,0.0082590384708,0.151009377526,0.00506131806871,0.613688212928,0.0290238043832,0.127211973137,0.00241034569394,0.105209572298,0.00134724683835
0.60,24,mae,gru_learned_k8_fixed_1,mechanism_control,GRU,learned,8,True,p1_ieee_access_upgrade_v2,10,10,complete,False,True,descriptive_sensitivity,0.0457349554979,0.00148806215594,0.0799591636016,0.00110754727655,0.00153256704981,0.00323093502955,0.04,0.0843274042712,0.00078125,0.00164701961467,0.253682199388,0.00814827401898,0.153388321041,0.00471334366602,0.737642585551,0.0666816042482,0.122198455321,0.00428352818823,0.104097256684,0.00225986519297
0.60,24,mae,gru_learned_k8_retrieval,retrieval_only,GRU,learned,8,True,p1_ieee_access_upgrade_v2,10,10,complete,False,True,descriptive_sensitivity,0.0438427457439,0.000393878598277,0.0839168832918,0.000573278582838,0.0670941221523,0.0102501381235,0.240035840212,0.0248441060826,0.0390625,0.0063788795385,0.210871385309,0.00593991526969,0.136666881903,0.00348231224994,0.461596958175,0.0195693374558,0.133112477379,0.00111603217813,0.107476383967,0.000813982982338
0.60,24,mae,gru_learned_k8_selected_blend,selected_blend,GRU,learned,8,True,p1_ieee_access_upgrade_v2,10,10,complete,False,True,descriptive_sensitivity,0.0438427457439,0.000393878598277,0.0839168832918,0.000573278582838,0.0670941221523,0.0102501381235,0.240035840212,0.0248441060826,0.0390625,0.0063788795385,0.210871385309,0.00593991526969,0.136666881903,0.00348231224994,0.461596958175,0.0195693374558,0.133112477379,0.00111603217813,0.107476383967,0.000813982982338
0.60,24,mae,gru_randomized_k16_retrieval,attribution_control,GRU-untrained,randomized,16,True,p1_ieee_access_upgrade_v2,10,10,complete,False,False,descriptive_sensitivity,0.0435971426041,0.000186911694499,0.0815124400908,0.00025782275481,0.0155702392442,0.00731470768335,0.156216308202,0.06948690854,0.008203125,0.00388448799223,0.22545910635,0.00664804824494,0.142063847071,0.00404589191878,0.546007604563,0.0191545099997,0.131326985552,0.000965317853186,0.105904688498,0.000470588192228
0.60,24,mae,gru_randomized_k32_retrieval,attribution_control,GRU-untrained,randomized,32,True,p1_ieee_access_upgrade_v2,10,10,complete,False,False,descriptive_sensitivity,0.0435742002913,0.000205550297114,0.0805109910784,0.000222062485102,0.00597121240726,0.00765602197335,0.0743055555556,0.0888147115265,0.003125,0.0040343576523,0.236285832143,0.00819174578074,0.148083945918,0.00490101861494,0.584410646388,0.0247748774915,0.12968418434,0.000969528949971,0.105146566776,0.000438331405028
0.60,24,mae,gru_randomized_k4_retrieval,attribution_control,GRU-untrained,randomized,4,True,p1_ieee_access_upgrade_v2,10,10,complete,False,False,descriptive_sensitivity,0.0449745223875,0.000395589972561,0.0884179312082,0.000451376210628,0.0815062036546,0.0157124861829,0.213690148982,0.0408903441834,0.050390625,0.00982188654461,0.198790211924,0.0109789775759,0.133075269919,0.00738063782595,0.392775665399,0.0219561401603,0.136482138921,0.00143453172382,0.111161672482,0.000808728436426
0.60,24,mae,gru_randomized_k8_retrieval,attribution_control,GRU-untrained,randomized,8,True,p1_ieee_access_upgrade_v2,10,10,complete,False,True,descriptive_sensitivity,0.0439140204228,0.000319649534126,0.0836239438197,0.000386690906581,0.070293158253,0.0149920091037,0.264010776504,0.0410770528885,0.040625,0.00924387466109,0.212990676503,0.00743102610617,0.137544258954,0.00470272742532,0.471863117871,0.0190071816174,0.133039769024,0.000700976548687,0.107235270517,0.000439196220956
0.60,24,mae,lstm_head,architecture_head,LSTM,,,True,p1_ieee_access_upgrade_v2,10,10,complete,False,True,descriptive_sensitivity,0.0438913199469,0.00103734005146,0.0801227765505,0.00194199373121,0.0706848620383,0.092809263189,0.305148683946,0.2389992005,0.04296875,0.060121856149,0.26789101138,0.00968612636143,0.16554480546,0.00695490082022,0.704182509506,0.0399511042938,0.120879651775,0.00348660390494,0.101805159049,0.00428713706761
0.60,24,mae,raw_k16_retrieval,attribution_control,none,raw,16,True,p1_ieee_access_upgrade_v2,10,10,complete,False,False,descriptive_sensitivity,0.0405875554687,7.31423639287e-18,0.0773609704248,1.46284727857e-17,0.132867132867,2.92569455715e-17,0.633333333333,0,0.07421875,0,0.264860797592,0,0.165103189493,0,0.669201520913,0,0.116537419511,1.46284727857e-17,0.096687167452,0
0.60,24,mae,raw_k32_retrieval,attribution_control,none,raw,32,True,p1_ieee_access_upgrade_v2,10,10,complete,False,False,descriptive_sensitivity,0.0413993652274,0,0.0766831210413,1.46284727857e-17,0.108303249097,0,0.714285714286,1.17027782286e-16,0.05859375,0,0.250368188513,5.85138911429e-17,0.155251141553,0,0.6463878327,1.17027782286e-16,0.117183728079,1.46284727857e-17,0.0974408505729,0
0.60,24,mae,raw_k4_retrieval,attribution_control,none,raw,4,True,p1_ieee_access_upgrade_v2,10,10,complete,False,False,descriptive_sensitivity,0.0426171099484,0,0.086181537193,1.46284727857e-17,0.168284789644,0,0.490566037736,5.85138911429e-17,0.1015625,0,0.230483271375,2.92569455715e-17,0.152521525215,0,0.471482889734,5.85138911429e-17,0.124577051306,1.46284727857e-17,0.106167371696,1.46284727857e-17
0.60,24,mae,raw_k8_retrieval,attribution_control,none,raw,8,True,p1_ieee_access_upgrade_v2,10,10,complete,False,True,descriptive_sensitivity,0.0411388907665,0,0.0799228575914,1.46284727857e-17,0.137457044674,0,0.571428571429,0,0.078125,0,0.266249021143,0,0.167652859961,2.92569455715e-17,0.6463878327,1.17027782286e-16,0.116514127743,0,0.0989940235522,0
0.60,24,mae,tcn_head,architecture_head,TCN,,,True,p1_ieee_access_upgrade_v2,10,10,complete,False,True,descriptive_sensitivity,0.0461156404972,0.00236407910181,0.0835258661639,0.00241522774473,0.0118311756486,0.0166173797327,0.140606725146,0.161329418465,0.00625,0.00886947206559,0.245120220732,0.0134049288721,0.151253441497,0.00610225359531,0.657414448669,0.105591969521,0.123549851706,0.00572977276912,0.107131976869,0.00436521888385
0.60,24,not_applicable,DirectPolicyTransform-Privileged,privileged_audit,,,,False,p1_ieee_access_upgrade_v2,1,1,complete,False,True,descriptive_sensitivity,0,0,0,0,1,0,1,0,1,0,0.682230869001,0,0.517716535433,0,1,0,0,0,0,0
0.60,24,not_applicable,Persistence,naive_baseline,,,,True,p1_ieee_access_upgrade_v2,1,1,complete,False,True,descriptive_sensitivity,0.043017982499,0,0.0954442941663,0,0.38747553816,0,0.388235294118,0,0.38671875,0,0,0,0,0,0,0,0.15814225532,0,0.105245003731,0
0.60,24,not_applicable,Seasonal-24h,naive_baseline,,,,True,p1_ieee_access_upgrade_v2,1,1,complete,False,True,descriptive_sensitivity,0.043017982499,0,0.0954442941663,0,0.38747553816,0,0.388235294118,0,0.38671875,0,0,0,0,0,0,0,0.15814225532,0,0.105245003731,0
0.60,24,onset_f1,Ridge,trained_baseline,linear,,,True,p1_ieee_access_upgrade_v2,1,1,complete,False,True,descriptive_sensitivity,0.0505687510831,0,0.08475750878,0,0,0,0,0,0,0,0.236811254396,0,0.139986139986,0,0.768060836502,0,0.112576129376,0,0.107841244906,0
0.60,24,onset_f1,dlinear_head,architecture_head,DLinear,,,True,p1_ieee_access_upgrade_v2,10,10,complete,False,True,descriptive_sensitivity,0.0592227782088,0.0224538433611,0.0999958902771,0.0111962430709,0.0852559632229,0.0684822476111,0.311748542557,0.248011782732,0.0671875,0.0642073650019,0.163323562036,0.035863371182,0.115809376009,0.013140769312,0.453612167301,0.291651752847,0.129071879646,0.0207236869973,0.11782125521,0.00590223461711
0.60,24,onset_f1,gru_head,architecture_head,GRU,,,True,p1_ieee_access_upgrade_v2,10,10,complete,False,True,descriptive_sensitivity,0.0450134514469,0.00103382961841,0.0787856557424,0.000599816199841,0,0,0,0,0,0,0.251738363216,0.00789639471939,0.152093447637,0.00370551903894,0.733079847909,0.0628572300601,0.124380681358,0.00203434789496,0.103814699202,0.00146321090738
0.60,24,onset_f1,gru_learned_k16_retrieval,retrieval_only,GRU,learned,16,True,p1_ieee_access_upgrade_v2,10,10,complete,False,False,descriptive_sensitivity,0.0435941902228,0.000138171836752,0.0815747492073,0.000243509605777,0.0147500320734,0.00601213360019,0.133626373626,0.0550997356369,0.0078125,0.00318943976925,0.226111701054,0.0036107078341,0.142632537475,0.0022993749429,0.545247148289,0.00968566447384,0.131460011704,0.00079576142703,0.105970678686,0.000548022776374
0.60,24,onset_f1,gru_learned_k32_retrieval,retrieval_only,GRU,learned,32,True,p1_ieee_access_upgrade_v2,10,10,complete,False,False,descriptive_sensitivity,0.0435054004947,0.000240322945847,0.08043947693,0.000215189930134,0.00814302578491,0.0135016310685,0.0915789473684,0.11321666962,0.004296875,0.00723799068213,0.236437020446,0.00597796843074,0.148201699779,0.00371861021788,0.584410646388,0.0167233154677,0.129637173131,0.00102526202414,0.104975360156,0.000456378822029
0.60,24,onset_f1,gru_learned_k4_retrieval,retrieval_only,GRU,learned,4,True,p1_ieee_access_upgrade_v2,10,10,complete,False,False,descriptive_sensitivity,0.0448224628053,0.0004720396688,0.0880974605793,0.000535800539877,0.0836499868764,0.0157956184374,0.223041183717,0.0500614601948,0.0515625,0.00953281521756,0.195181339039,0.00582367544526,0.130714852426,0.00391504434546,0.385171102662,0.0124246650781,0.136330519137,0.000984464843576,0.11096009891,0.000784659983623
0.60,24,onset_f1,gru_learned_k8_fixed_0_5,mechanism_control,GRU,learned,8,True,p1_ieee_access_upgrade_v2,10,10,complete,False,True,descriptive_sensitivity,0.0442126899576,0.0006037741425,0.079775126742,0.00036622831423,0.000760456273764,0.00240477388606,0.0142857142857,0.0451753951452,0.000390625,0.001235264711,0.240241385381,0.0074444691893,0.149462337241,0.00438277738812,0.61216730038,0.0264646552823,0.128303440737,0.00107495083267,0.104910220185,0.000902173529394
0.60,24,onset_f1,gru_learned_k8_fixed_1,mechanism_control,GRU,learned,8,True,p1_ieee_access_upgrade_v2,10,10,complete,False,True,descriptive_sensitivity,0.0450134514469,0.00103382961841,0.0787856557424,0.000599816199841,0,0,0,0,0,0,0.251738363216,0.00789639471939,0.152093447637,0.00370551903894,0.733079847909,0.0628572300601,0.124380681358,0.00203434789496,0.103814699202,0.00146321090738
0.60,24,onset_f1,gru_learned_k8_retrieval,retrieval_only,GRU,learned,8,True,p1_ieee_access_upgrade_v2,10,10,complete,False,True,descriptive_sensitivity,0.0438405970568,0.000327845704907,0.0835751066945,0.000514546656141,0.0674072641709,0.0136205678697,0.248768501363,0.0309127561991,0.0390625,0.00843846445105,0.212508521974,0.00529764166035,0.137268226472,0.00346367626805,0.470342205323,0.0125532882275,0.133101243911,0.000664723407619,0.107265241348,0.000572306996963
0.60,24,onset_f1,gru_learned_k8_selected_blend,selected_blend,GRU,learned,8,True,p1_ieee_access_upgrade_v2,10,10,complete,False,True,descriptive_sensitivity,0.0450134514469,0.00103382961841,0.0787856557424,0.000599816199841,0,0,0,0,0,0,0.251738363216,0.00789639471939,0.152093447637,0.00370551903894,0.733079847909,0.0628572300601,0.124380681358,0.00203434789496,0.103814699202,0.00146321090738
0.60,24,onset_f1,gru_randomized_k16_retrieval,attribution_control,GRU-untrained,randomized,16,True,p1_ieee_access_upgrade_v2,10,10,complete,False,False,descriptive_sensitivity,0.0435971426041,0.000186911694499,0.0815124400908,0.00025782275481,0.0155702392442,0.00731470768335,0.156216308202,0.06948690854,0.008203125,0.00388448799223,0.22545910635,0.00664804824494,0.142063847071,0.00404589191878,0.546007604563,0.0191545099997,0.131326985552,0.000965317853186,0.105904688498,0.000470588192228
0.60,24,onset_f1,gru_randomized_k32_retrieval,attribution_control,GRU-untrained,randomized,32,True,p1_ieee_access_upgrade_v2,10,10,complete,False,False,descriptive_sensitivity,0.0435742002913,0.000205550297114,0.0805109910784,0.000222062485102,0.00597121240726,0.00765602197335,0.0743055555556,0.0888147115265,0.003125,0.0040343576523,0.236285832143,0.00819174578074,0.148083945918,0.00490101861494,0.584410646388,0.0247748774915,0.12968418434,0.000969528949971,0.105146566776,0.000438331405028
0.60,24,onset_f1,gru_randomized_k4_retrieval,attribution_control,GRU-untrained,randomized,4,True,p1_ieee_access_upgrade_v2,10,10,complete,False,False,descriptive_sensitivity,0.0449745223875,0.000395589972561,0.0884179312082,0.000451376210628,0.0815062036546,0.0157124861829,0.213690148982,0.0408903441834,0.050390625,0.00982188654461,0.198790211924,0.0109789775759,0.133075269919,0.00738063782595,0.392775665399,0.0219561401603,0.136482138921,0.00143453172382,0.111161672482,0.000808728436426
0.60,24,onset_f1,gru_randomized_k8_retrieval,attribution_control,GRU-untrained,randomized,8,True,p1_ieee_access_upgrade_v2,10,10,complete,False,True,descriptive_sensitivity,0.0439140204228,0.000319649534126,0.0836239438197,0.000386690906581,0.070293158253,0.0149920091037,0.264010776504,0.0410770528885,0.040625,0.00924387466109,0.212990676503,0.00743102610617,0.137544258954,0.00470272742532,0.471863117871,0.0190071816174,0.133039769024,0.000700976548687,0.107235270517,0.000439196220956
0.60,24,onset_f1,lstm_head,architecture_head,LSTM,,,True,p1_ieee_access_upgrade_v2,10,10,complete,False,True,descriptive_sensitivity,0.0445231850039,0.000592528164915,0.0786898820776,0.000709198737841,0,0,0,0,0,0,0.256320125972,0.00765909183231,0.155408949508,0.00408007555145,0.731939163498,0.0425013501576,0.125430517134,0.00189990443941,0.104079266246,0.00165350086436
0.60,24,onset_f1,raw_k16_retrieval,attribution_control,none,raw,16,True,p1_ieee_access_upgrade_v2,10,10,complete,False,False,descriptive_sensitivity,0.0405875554687,7.31423639287e-18,0.0773609704248,1.46284727857e-17,0.132867132867,2.92569455715e-17,0.633333333333,0,0.07421875,0,0.264860797592,0,0.165103189493,0,0.669201520913,0,0.116537419511,1.46284727857e-17,0.096687167452,0
0.60,24,onset_f1,raw_k32_retrieval,attribution_control,none,raw,32,True,p1_ieee_access_upgrade_v2,10,10,complete,False,False,descriptive_sensitivity,0.0413993652274,0,0.0766831210413,1.46284727857e-17,0.108303249097,0,0.714285714286,1.17027782286e-16,0.05859375,0,0.250368188513,5.85138911429e-17,0.155251141553,0,0.6463878327,1.17027782286e-16,0.117183728079,1.46284727857e-17,0.0974408505729,0
0.60,24,onset_f1,raw_k4_retrieval,attribution_control,none,raw,4,True,p1_ieee_access_upgrade_v2,10,10,complete,False,False,descriptive_sensitivity,0.0426171099484,0,0.086181537193,1.46284727857e-17,0.168284789644,0,0.490566037736,5.85138911429e-17,0.1015625,0,0.230483271375,2.92569455715e-17,0.152521525215,0,0.471482889734,5.85138911429e-17,0.124577051306,1.46284727857e-17,0.106167371696,1.46284727857e-17
0.60,24,onset_f1,raw_k8_retrieval,attribution_control,none,raw,8,True,p1_ieee_access_upgrade_v2,10,10,complete,False,True,descriptive_sensitivity,0.0411388907665,0,0.0799228575914,1.46284727857e-17,0.137457044674,0,0.571428571429,0,0.078125,0,0.266249021143,0,0.167652859961,2.92569455715e-17,0.6463878327,1.17027782286e-16,0.116514127743,0,0.0989940235522,0
0.60,24,onset_f1,tcn_head,architecture_head,TCN,,,True,p1_ieee_access_upgrade_v2,10,10,complete,False,True,descriptive_sensitivity,0.045595540799,0.00187868896303,0.0807189403963,0.00130766658646,0.00296296296296,0.00936971158567,0.0285714285714,0.0903507902904,0.0015625,0.00494105884401,0.243051556165,0.00911110142805,0.147756345686,0.00568301481998,0.689353612167,0.0649004371444,0.123400313952,0.0039830248233,0.103999309909,0.00316653731731
0.70,1,mae,Ridge,trained_baseline,linear,,,True,p1_ieee_access_upgrade_v2,1,1,complete,True,True,primary,0.0176835201894,0,0.0354673120622,0,0.376963350785,0,0.923076923077,0,0.236842105263,0,0.124575311438,0,0.0665859564165,0,0.964912280702,0,0.0379286643344,0,0.0502029686077,0
0.70,1,mae,dlinear_head,architecture_head,DLinear,,,True,p1_ieee_access_upgrade_v2,10,10,complete,True,True,primary,0.0256718548439,0.00208764086861,0.0502667997981,0.00271129219193,0.0160377013599,0.0381369279586,0.166666666667,0.325462633686,0.00986842105263,0.0246649602614,0.0699772478793,0.0148204775432,0.0370581440271,0.00786996221422,0.628070175439,0.131494449802,0.0502211195789,0.00588518096447,0.058498239209,0.00125995070162
0.70,1,mae,gru_head,architecture_head,GRU,,,True,p1_ieee_access_upgrade_v2,10,10,complete,True,True,primary,0.0127346022972,0.00152027603906,0.0283362609238,0.00268542755231,0.66979919597,0.0858211746534,0.866265093933,0.0440689206695,0.558552631579,0.10909729563,0.159197111006,0.0155374085513,0.0877019356473,0.00881257275417,0.868421052632,0.09218644895,0.0424507845618,0.00224960008432,0.0380999224338,0.00420254019307
0.70,1,mae,gru_learned_k16_retrieval,retrieval_only,GRU,learned,16,True,p1_ieee_access_upgrade_v2,10,10,complete,True,False,descriptive_sensitivity,0.00812946634544,0.000127783778066,0.0262063334164,0.000417624601876,0.669556631059,0.0108019428021,0.818720334065,0.0197184337238,0.566447368421,0.00787644078776,0.161113304109,0.00961327872131,0.0937673568612,0.00568263451021,0.571929824561,0.0322433888936,0.049218417627,0.000644043668895,0.0288490587702,0.000441183434036
0.70,1,mae,gru_learned_k32_retrieval,retrieval_only,GRU,learned,32,True,p1_ieee_access_upgrade_v2,10,10,complete,True,False,descriptive_sensitivity,0.00856876410378,0.000182878760717,0.0275158678899,0.000487241296383,0.673212086805,0.00774156877461,0.838454014616,0.0135633112952,0.5625,0.00943237419649,0.16251584198,0.00628331650656,0.0939488648024,0.00374297281195,0.601754385965,0.0219590448601,0.0486745621886,0.000358291122652,0.030337724684,0.000663079888481
0.70,1,mae,gru_learned_k4_retrieval,retrieval_only,GRU,learned,4,True,p1_ieee_access_upgrade_v2,10,10,complete,True,False,descriptive_sensitivity,0.00772118935171,0.000151919544582,0.0263595398303,0.000390160988401,0.653467997832,0.0106724873804,0.794161878688,0.0143695041743,0.555263157895,0.0124826749744,0.153420622368,0.0113822896422,0.0899064725577,0.0065037468977,0.522807017544,0.0451468048318,0.0502924782227,0.00148665834117,0.0273309591578,0.000523150714193
0.70,1,mae,gru_learned_k8_fixed_0_5,mechanism_control,GRU,learned,8,True,p1_ieee_access_upgrade_v2,10,10,complete,True,True,primary,0.0100441305083,0.000749017296376,0.0257928748141,0.00111243240069,0.683301438602,0.00859097546463,0.82962759347,0.0235790856301,0.581578947369,0.0191682222661,0.16667210438,0.00647398915166,0.0941727608646,0.00389211242618,0.728070175438,0.0531166728789,0.043966517483,0.00175904138355,0.0320987108578,0.0020967250274
0.70,1,mae,gru_learned_k8_fixed_1,mechanism_control,GRU,learned,8,True,p1_ieee_access_upgrade_v2,10,10,complete,True,True,primary,0.0127346022972,0.00152027603906,0.0283362609238,0.00268542755231,0.66979919597,0.0858211746534,0.866265093933,0.0440689206695,0.558552631579,0.10909729563,0.159197111006,0.0155374085513,0.0877019356473,0.00881257275417,0.868421052632,0.09218644895,0.0424507845618,0.00224960008432,0.0380999224338,0.00420254019307
0.70,1,mae,gru_learned_k8_retrieval,retrieval_only,GRU,learned,8,True,p1_ieee_access_upgrade_v2,10,10,complete,True,True,primary,0.00777391317709,0.000165149682372,0.0256044223376,0.000378532168737,0.674369779333,0.00733205291911,0.8076247357,0.0167625280306,0.578947368421,0.004385964912,0.154164970342,0.0113119963623,0.0901603522945,0.00663395642088,0.531578947368,0.0397058367176,0.0490079178392,0.00139148294185,0.0275780902691,0.000607090188486
0.70,1,mae,gru_learned_k8_selected_blend,selected_blend,GRU,learned,8,True,p1_ieee_access_upgrade_v2,10,10,complete,True,True,primary,0.00777391317709,0.000165149682372,0.0256044223376,0.000378532168737,0.674369779333,0.00733205291911,0.8076247357,0.0167625280306,0.578947368421,0.004385964912,0.154164970342,0.0113119963623,0.0901603522945,0.00663395642088,0.531578947368,0.0397058367176,0.0490079178392,0.00139148294185,0.0275780902691,0.000607090188486
0.70,1,mae,gru_randomized_k16_retrieval,attribution_control,GRU-untrained,randomized,16,True,p1_ieee_access_upgrade_v2,10,10,complete,True,False,descriptive_sensitivity,0.00842198896942,0.000210141640735,0.0268821319687,0.000631680319359,0.672880400801,0.00830111436468,0.825866240983,0.00896500675183,0.567763157895,0.00932984534485,0.161775545539,0.0126005750191,0.0938934627888,0.00743918761552,0.584210526316,0.0422107191405,0.0500432571791,0.000757907796677,0.0298545862928,0.000731105836471
0.70,1,mae,gru_randomized_k32_retrieval,attribution_control,GRU-untrained,randomized,32,True,p1_ieee_access_upgrade_v2,10,10,complete,True,False,descriptive_sensitivity,0.00888129916271,0.000236507132773,0.0282735498734,0.00058597751779,0.67425501141,0.00808146836996,0.838700607533,0.0124127236759,0.563815789474,0.00932984534474,0.16228933852,0.00911926926036,0.0935865986132,0.00528248968451,0.610526315789,0.034892243018,0.0487503340552,0.000577791848923,0.0314186298661,0.000824202654632
0.70,1,mae,gru_randomized_k4_retrieval,attribution_control,GRU-untrained,randomized,4,True,p1_ieee_access_upgrade_v2,10,10,complete,True,False,descriptive_sensitivity,0.00795184149161,0.00015781928955,0.0267756232775,0.000400885525824,0.660786885323,0.0112585608952,0.785639190652,0.0170916477439,0.570394736842,0.0138869650867,0.140023577416,0.00776609115158,0.0819511508346,0.00444420839025,0.480701754386,0.0311647078234,0.0531126359866,0.00110688452482,0.0281431836811,0.000555324913363
0.70,1,mae,gru_randomized_k8_retrieval,attribution_control,GRU-untrained,randomized,8,True,p1_ieee_access_upgrade_v2,10,10,complete,True,True,primary,0.00804202938142,0.000182175320071,0.026153693996,0.000546005287115,0.673781917248,0.00920592793397,0.806109112485,0.0140516587216,0.578947368421,0.0120114595943,0.150709499367,0.0126091000388,0.0879493622179,0.00740811467373,0.526315789474,0.0429735042594,0.0502528502667,0.000891230102111,0.0284975642935,0.000636709046885
0.70,1,mae,lstm_head,architecture_head,LSTM,,,True,p1_ieee_access_upgrade_v2,10,10,complete,True,True,primary,0.0103859298152,0.00102570561872,0.0240992586676,0.00106013362858,0.73391253403,0.0262748524236,0.845792295473,0.0261533712844,0.65,0.0441655995618,0.173048223802,0.0109234886013,0.0970511247798,0.00582290802506,0.80350877193,0.0923902580497,0.0432230314369,0.0022771200909,0.0311077571142,0.00218394439069
0.70,1,mae,raw_k16_retrieval,attribution_control,none,raw,16,True,p1_ieee_access_upgrade_v2,10,10,complete,True,False,descriptive_sensitivity,0.0133774851386,1.82855909822e-18,0.0371004979617,0,0.525862068966,0,0.7625,0,0.401315789474,0,0.147826086957,0,0.0843672456576,0,0.59649122807,1.17027782286e-16,0.0498907020383,0,0.0430943149537,7.31423639287e-18
0.70,1,mae,raw_k32_retrieval,attribution_control,none,raw,32,True,p1_ieee_access_upgrade_v2,10,10,complete,True,False,descriptive_sensitivity,0.0138521735527,1.82855909822e-18,0.0379838731311,7.31423639287e-18,0.506787330317,1.17027782286e-16,0.811594202899,0,0.368421052632,5.85138911429e-17,0.143149284254,2.92569455715e-17,0.0810185185185,1.46284727857e-17,0.614035087719,1.17027782286e-16,0.0473551072992,0,0.0438088438819,0
0.70,1,mae,raw_k4_retrieval,attribution_control,none,raw,4,True,p1_ieee_access_upgrade_v2,10,10,complete,True,False,descriptive_sensitivity,0.0122470620067,1.82855909822e-18,0.0370733005772,0,0.520325203252,0,0.68085106383,1.17027782286e-16,0.421052631579,0,0.151515151515,0,0.0884955752212,0,0.526315789474,0,0.0496224934351,0,0.0409092565959,0
0.70,1,mae,raw_k8_retrieval,attribution_control,none,raw,8,True,p1_ieee_access_upgrade_v2,10,10,complete,True,True,primary,0.0127596615998,1.82855909822e-18,0.0365716069525,0,0.544,1.17027782286e-16,0.69387755102,0,0.447368421053,1.17027782286e-16,0.13698630137,2.92569455715e-17,0.0787401574803,1.46284727857e-17,0.526315789474,0,0.0493129338678,0,0.0416546872135,7.31423639287e-18
0.70,1,mae,tcn_head,architecture_head,TCN,,,True,p1_ieee_access_upgrade_v2,10,10,complete,True,True,primary,0.0101508971171,0.00193958482966,0.0240277203913,0.00249393879603,0.725045673649,0.0363832273015,0.826802148302,0.0406539358925,0.648684210526,0.0584502850841,0.172937105032,0.0164861008952,0.0981280648471,0.0106191280693,0.745614035088,0.0914414957376,0.0459647222285,0.00224680711296,0.0289127537159,0.00469671180908
0.70,1,not_applicable,DirectPolicyTransform-Privileged,privileged_audit,,,,False,p1_ieee_access_upgrade_v2,1,1,complete,True,True,primary,0,0,0,0,1,0,1,0,1,0,0.333333333333,0,0.2,0,1,0,0,0,0,0
0.70,1,not_applicable,Persistence,naive_baseline,,,,True,p1_ieee_access_upgrade_v2,1,1,complete,True,True,primary,0.00690794195226,0,0.0239618849157,0,0.769736842105,0,0.769736842105,0,0.769736842105,0,0,0,0,0,0,0,0.0675322458255,0,0.0245880406808,0
0.70,1,not_applicable,Seasonal-24h,naive_baseline,,,,True,p1_ieee_access_upgrade_v2,1,1,complete,True,True,primary,0.0203666184332,0,0.0593524295402,0,0.342105263158,0,0.342105263158,0,0.342105263158,0,0.10650887574,0,0.0640569395018,0,0.315789473684,0,0.0704356697351,0,0.0551652762639,0
0.70,1,onset_f1,Ridge,trained_baseline,linear,,,True,p1_ieee_access_upgrade_v2,1,1,complete,True,True,primary,0.0203672886692,0,0.0511172399203,0,0.464454976303,0,0.830508474576,0,0.322368421053,0,0.111627906977,0,0.0597758405978,0,0.842105263158,0,0.0448051373343,0,0.0587984631404,0
0.70,1,onset_f1,dlinear_head,architecture_head,DLinear,,,True,p1_ieee_access_upgrade_v2,10,10,complete,True,True,primary,0.041371603676,0.0267116665045,0.0714701480606,0.0203759632053,0.113667941232,0.067060870861,0.150445374371,0.0671732557768,0.173684210526,0.164611053745,0.0536686640877,0.0204448096655,0.0302251842035,0.0112508007565,0.456140350877,0.270020967968,0.068847624426,0.0146323323666,0.0699458105617,0.0152819766731
0.70,1,onset_f1,gru_head,architecture_head,GRU,,,True,p1_ieee_access_upgrade_v2,10,10,complete,True,True,primary,0.0151732176625,0.000720098947499,0.0331739712602,0.00128746577954,0.583200368353,0.105284272151,0.896066349974,0.0362005484419,0.444078947368,0.115512111317,0.13977661899,0.00525825362918,0.0758097348699,0.00307974727594,0.89649122807,0.0254234679757,0.0430974058798,0.00063800158765,0.0454387202497,0.00150663191536
0.70,1,onset_f1,gru_learned_k16_retrieval,retrieval_only,GRU,learned,16,True,p1_ieee_access_upgrade_v2,10,10,complete,True,False,descriptive_sensitivity,0.00829729472577,0.000175874765672,0.026575878698,0.000550358313223,0.671088753769,0.00765221603206,0.819108176596,0.0142199385686,0.568421052632,0.00554785554427,0.163475466816,0.00857734935253,0.0950404096043,0.00507428661268,0.584210526316,0.0298761164312,0.0498009823672,0.000397077066897,0.0294290292505,0.000608647797098
0.70,1,onset_f1,gru_learned_k32_retrieval,retrieval_only,GRU,learned,32,True,p1_ieee_access_upgrade_v2,10,10,complete,True,False,descriptive_sensitivity,0.00873322009283,0.000202783217607,0.027898828246,0.000522770292653,0.67529549104,0.00708811997643,0.839118353106,0.0133068590945,0.565131578947,0.00953380049094,0.168065302001,0.00963316344323,0.0969347659848,0.00556619340333,0.631578947368,0.0378990684119,0.0484957573749,0.00039611182023,0.0309142964236,0.000716056485037
0.70,1,onset_f1,gru_learned_k4_retrieval,retrieval_only,GRU,learned,4,True,p1_ieee_access_upgrade_v2,10,10,complete,True,False,descriptive_sensitivity,0.00780764653122,0.000158642723269,0.0265035154471,0.000366322700284,0.659971215182,0.0100425219342,0.795969409649,0.0157777969638,0.563815789474,0.0116248756847,0.147502958235,0.00908490509399,0.0863621872926,0.00518765921258,0.505263157895,0.0368003104623,0.0512735624674,0.00159146956132,0.0276562978399,0.000546505795714
0.70,1,onset_f1,gru_learned_k8_fixed_0_5,mechanism_control,GRU,learned,8,True,p1_ieee_access_upgrade_v2,10,10,complete,True,True,primary,0.0112625560808,0.000386707541345,0.0279166597233,0.000663981708401,0.674964677319,0.0111031860193,0.852611597481,0.0198808298569,0.559210526316,0.0203368826656,0.164195328859,0.00529177427114,0.091610380361,0.00300012242621,0.791228070176,0.0314378480837,0.0437167562895,0.000587420399751,0.0357547171009,0.000829665483752
0.70,1,onset_f1,gru_learned_k8_fixed_1,mechanism_control,GRU,learned,8,True,p1_ieee_access_upgrade_v2,10,10,complete,True,True,primary,0.0151732176625,0.000720098947499,0.0331739712602,0.00128746577954,0.583200368353,0.105284272151,0.896066349974,0.0362005484419,0.444078947368,0.115512111317,0.13977661899,0.00525825362918,0.0758097348699,0.00307974727594,0.89649122807,0.0254234679757,0.0430974058798,0.00063800158765,0.0454387202497,0.00150663191536
0.70,1,onset_f1,gru_learned_k8_retrieval,retrieval_only,GRU,learned,8,True,p1_ieee_access_upgrade_v2,10,10,complete,True,True,primary,0.00790408536552,0.000145042977203,0.0259008402027,0.000386597977019,0.674534715883,0.00798718640457,0.806819621676,0.00691169580964,0.579605263158,0.0109429604822,0.15548707005,0.0121587134249,0.0908148614784,0.00712982527544,0.540350877193,0.042814047293,0.0498072237222,0.000914355696381,0.0280318569011,0.000508658485757
0.70,1,onset_f1,gru_learned_k8_selected_blend,selected_blend,GRU,learned,8,True,p1_ieee_access_upgrade_v2,10,10,complete,True,True,primary,0.0151732176625,0.000720098947499,0.0331739712602,0.00128746577954,0.583200368353,0.105284272151,0.896066349974,0.0362005484419,0.444078947368,0.115512111317,0.13977661899,0.00525825362918,0.0758097348699,0.00307974727594,0.89649122807,0.0254234679757,0.0430974058798,0.00063800158765,0.0454387202497,0.00150663191536
0.70,1,onset_f1,gru_randomized_k16_retrieval,attribution_control,GRU-untrained,randomized,16,True,p1_ieee_access_upgrade_v2,10,10,complete,True,False,descriptive_sensitivity,0.00842198896942,0.000210141640735,0.0268821319687,0.000631680319359,0.672880400801,0.00830111436468,0.825866240983,0.00896500675183,0.567763157895,0.00932984534485,0.161775545539,0.0126005750191,0.0938934627888,0.00743918761552,0.584210526316,0.0422107191405,0.0500432571791,0.000757907796677,0.0298545862928,0.000731105836471
0.70,1,onset_f1,gru_randomized_k32_retrieval,attribution_control,GRU-untrained,randomized,32,True,p1_ieee_access_upgrade_v2,10,10,complete,True,False,descriptive_sensitivity,0.00888129916271,0.000236507132773,0.0282735498734,0.00058597751779,0.67425501141,0.00808146836996,0.838700607533,0.0124127236759,0.563815789474,0.00932984534474,0.16228933852,0.00911926926036,0.0935865986132,0.00528248968451,0.610526315789,0.034892243018,0.0487503340552,0.000577791848923,0.0314186298661,0.000824202654632
0.70,1,onset_f1,gru_randomized_k4_retrieval,attribution_control,GRU-untrained,randomized,4,True,p1_ieee_access_upgrade_v2,10,10,complete,True,False,descriptive_sensitivity,0.00795184149161,0.00015781928955,0.0267756232775,0.000400885525824,0.660786885323,0.0112585608952,0.785639190652,0.0170916477439,0.570394736842,0.0138869650867,0.140023577416,0.00776609115158,0.0819511508346,0.00444420839025,0.480701754386,0.0311647078234,0.0531126359866,0.00110688452482,0.0281431836811,0.000555324913363
0.70,1,onset_f1,gru_randomized_k8_retrieval,attribution_control,GRU-untrained,randomized,8,True,p1_ieee_access_upgrade_v2,10,10,complete,True,True,primary,0.00804202938142,0.000182175320071,0.026153693996,0.000546005287115,0.673781917248,0.00920592793397,0.806109112485,0.0140516587216,0.578947368421,0.0120114595943,0.150709499367,0.0126091000388,0.0879493622179,0.00740811467373,0.526315789474,0.0429735042594,0.0502528502667,0.000891230102111,0.0284975642935,0.000636709046885
0.70,1,onset_f1,lstm_head,architecture_head,LSTM,,,True,p1_ieee_access_upgrade_v2,10,10,complete,True,True,primary,0.0149212682645,0.000920148129402,0.03060941361,0.00147878667563,0.658687467707,0.0181056972471,0.869500323483,0.0182283732796,0.530921052631,0.0270457957777,0.134362276944,0.00638743276912,0.0728668182461,0.00350418645756,0.863157894737,0.0559695256796,0.0424364594588,0.000957200116327,0.0418223797553,0.00279689988735
0.70,1,onset_f1,raw_k16_retrieval,attribution_control,none,raw,16,True,p1_ieee_access_upgrade_v2,10,10,complete,True,False,descriptive_sensitivity,0.0133774851386,1.82855909822e-18,0.0371004979617,0,0.525862068966,0,0.7625,0,0.401315789474,0,0.147826086957,0,0.0843672456576,0,0.59649122807,1.17027782286e-16,0.0498907020383,0,0.0430943149537,7.31423639287e-18
0.70,1,onset_f1,raw_k32_retrieval,attribution_control,none,raw,32,True,p1_ieee_access_upgrade_v2,10,10,complete,True,False,descriptive_sensitivity,0.0138521735527,1.82855909822e-18,0.0379838731311,7.31423639287e-18,0.506787330317,1.17027782286e-16,0.811594202899,0,0.368421052632,5.85138911429e-17,0.143149284254,2.92569455715e-17,0.0810185185185,1.46284727857e-17,0.614035087719,1.17027782286e-16,0.0473551072992,0,0.0438088438819,0
0.70,1,onset_f1,raw_k4_retrieval,attribution_control,none,raw,4,True,p1_ieee_access_upgrade_v2,10,10,complete,True,False,descriptive_sensitivity,0.0122470620067,1.82855909822e-18,0.0370733005772,0,0.520325203252,0,0.68085106383,1.17027782286e-16,0.421052631579,0,0.151515151515,0,0.0884955752212,0,0.526315789474,0,0.0496224934351,0,0.0409092565959,0
0.70,1,onset_f1,raw_k8_retrieval,attribution_control,none,raw,8,True,p1_ieee_access_upgrade_v2,10,10,complete,True,True,primary,0.0127596615998,1.82855909822e-18,0.0365716069525,0,0.544,1.17027782286e-16,0.69387755102,0,0.447368421053,1.17027782286e-16,0.13698630137,2.92569455715e-17,0.0787401574803,1.46284727857e-17,0.526315789474,0,0.0493129338678,0,0.0416546872135,7.31423639287e-18
0.70,1,onset_f1,tcn_head,architecture_head,TCN,,,True,p1_ieee_access_upgrade_v2,10,10,complete,True,True,primary,0.0145687955903,0.00240836676201,0.0307535571549,0.00332727661145,0.655201708539,0.0497033433984,0.800573887173,0.0684566931958,0.559210526316,0.0627974608039,0.140868394855,0.0181807594811,0.0772223302997,0.0108161142135,0.819298245614,0.06136172346,0.0448745312909,0.00161222088356,0.0397612276241,0.00454809083389
0.70,24,mae,Ridge,trained_baseline,linear,,,True,p1_ieee_access_upgrade_v2,1,1,complete,True,True,primary,0.0226168227231,0,0.0493340381846,0,0,0,0,0,0,0,0.232288037166,0,0.145137880987,0,0.581395348837,0,0.107157546544,0,0.054248679924,0
0.70,24,mae,dlinear_head,architecture_head,DLinear,,,True,p1_ieee_access_upgrade_v2,10,10,complete,True,True,primary,0.0268053242967,0.00215064220666,0.0529077301989,0.00214306506878,0.00531914893617,0.016820625852,0.0131578947368,0.041608916581,0.00333333333333,0.0105409255339,0.162984591136,0.0147908311446,0.0969808538985,0.00912402226781,0.513953488372,0.0578935364163,0.111124595963,0.00279325353419,0.0572728477921,0.0010366289652
0.70,24,mae,gru_head,architecture_head,GRU,,,True,p1_ieee_access_upgrade_v2,10,10,complete,True,True,primary,0.0229691226584,0.00117318491504,0.0494688310829,0.000561195729343,0,0,0,0,0,0,0.218457681765,0.00848515532423,0.137493341335,0.00789927483969,0.54011627907,0.0610665034325,0.109260302895,0.00284777568679,0.0538749849223,0.000492736361462
0.70,24,mae,gru_learned_k16_retrieval,retrieval_only,GRU,learned,16,True,p1_ieee_access_upgrade_v2,10,10,complete,True,False,descriptive_sensitivity,0.0208355698457,0.000118633668102,0.0500479505188,0.00015411050957,0.00612318840579,0.00855553164559,0.040202020202,0.0521196460496,0.00333333333333,0.0047140452079,0.209672438179,0.00803851112061,0.140598163483,0.00543138946915,0.412209302326,0.0160864387359,0.110762986584,0.000552281127804,0.0530319881645,0.000271837367506
0.70,24,mae,gru_learned_k32_retrieval,retrieval_only,GRU,learned,32,True,p1_ieee_access_upgrade_v2,10,10,complete,True,False,descriptive_sensitivity,0.0208733421887,0.000157095684618,0.0496610357519,0.000206743537673,0.00503940769047,0.0121576164402,0.0458333333333,0.108386738973,0.00266666666667,0.0064406118872,0.199581024769,0.0109405928918,0.131099155448,0.00768228534473,0.418023255814,0.0192729610704,0.111041061529,0.000593881503677,0.0530944999646,0.000227073958991
0.70,24,mae,gru_learned_k4_retrieval,retrieval_only,GRU,learned,4,True,p1_ieee_access_upgrade_v2,10,10,complete,True,False,descriptive_sensitivity,0.0211105480522,0.000242393021856,0.0536397330405,0.000384171124184,0.0680771290409,0.0172891523085,0.151394824456,0.0387592215729,0.044,0.0114179845144,0.196808120302,0.0147807767038,0.136913863622,0.0102327861616,0.35,0.0276528046229,0.11303494795,0.00100900159797,0.0540566970153,0.000632289757902
0.70,24,mae,gru_learned_k8_fixed_0_5,mechanism_control,GRU,learned,8,True,p1_ieee_access_upgrade_v2,10,10,complete,True,True,primary,0.0217429151604,0.000589733938528,0.0494416202406,0.000398078764312,0,0,0,0,0,0,0.232069416741,0.0120002008975,0.152355105516,0.00973873211244,0.488953488372,0.0281441792566,0.109121301214,0.00165075584039,0.0530198586203,0.00037021351734
0.70,24,mae,gru_learned_k8_fixed_1,mechanism_control,GRU,learned,8,True,p1_ieee_access_upgrade_v2,10,10,complete,True,True,primary,0.0229691226584,0.00117318491504,0.0494688310829,0.000561195729343,0,0,0,0,0,0,0.218457681765,0.00848515532423,0.137493341335,0.00789927483969,0.54011627907,0.0610665034325,0.109260302895,0.00284777568679,0.0538749849223,0.000492736361462
0.70,24,mae,gru_learned_k8_retrieval,retrieval_only,GRU,learned,8,True,p1_ieee_access_upgrade_v2,10,10,complete,True,True,primary,0.0207685687361,0.000231377935727,0.0511149768422,0.000346127276958,0.0303816026654,0.0146014712751,0.1250039212,0.0534687623177,0.0173333333333,0.00843274042712,0.22301655181,0.0104231179612,0.149043686491,0.00748747351738,0.443023255814,0.0189486923436,0.110351366283,0.00101758664198,0.0529236957749,0.000432714260847
0.70,24,mae,gru_learned_k8_selected_blend,selected_blend,GRU,learned,8,True,p1_ieee_access_upgrade_v2,10,10,complete,True,True,primary,0.0207685687361,0.000231377935727,0.0511149768422,0.000346127276958,0.0303816026654,0.0146014712751,0.1250039212,0.0534687623177,0.0173333333333,0.00843274042712,0.22301655181,0.0104231179612,0.149043686491,0.00748747351738,0.443023255814,0.0189486923436,0.110351366283,0.00101758664198,0.0529236957749,0.000432714260847
0.70,24,mae,gru_randomized_k16_retrieval,attribution_control,GRU-untrained,randomized,16,True,p1_ieee_access_upgrade_v2,10,10,complete,True,False,descriptive_sensitivity,0.0208370912161,0.000102101599862,0.0499621255424,0.000196105583229,0.00890250629177,0.00614504011161,0.104725829726,0.0832915997354,0.00466666666667,0.0032203059436,0.205491484618,0.0103988556362,0.137398889802,0.00659951760235,0.407558139535,0.0248863168489,0.110864951454,0.000800883481297,0.0531704193063,0.000326934724972
0.70,24,mae,gru_randomized_k32_retrieval,attribution_control,GRU-untrained,randomized,32,True,p1_ieee_access_upgrade_v2,10,10,complete,True,False,descriptive_sensitivity,0.020902338916,0.00016716943374,0.0496275098851,0.000162538232801,0.00130718954248,0.00413369628779,0.0333333333333,0.105409255339,0.000666666666667,0.00210818510678,0.196826851786,0.00654423013958,0.129116791061,0.00439301398191,0.413953488372,0.0144506603741,0.111180440738,0.000604290949824,0.0532341924422,0.000284372368042
0.70,24,mae,gru_randomized_k4_retrieval,attribution_control,GRU-untrained,randomized,4,True,p1_ieee_access_upgrade_v2,10,10,complete,True,False,descriptive_sensitivity,0.0211811963771,0.000241641077833,0.0537025217477,0.000299650353751,0.0685247239066,0.0133270780317,0.155847763877,0.0282040975099,0.044,0.0089993141028,0.198011404528,0.0149463203933,0.137450934676,0.010687286435,0.354069767442,0.0254828380986,0.113331436497,0.00118456290252,0.0543498866509,0.000693685189355
0.70,24,mae,gru_randomized_k8_retrieval,attribution_control,GRU-untrained,randomized,8,True,p1_ieee_access_upgrade_v2,10,10,complete,True,True,primary,0.0208168272566,0.000222191177745,0.0509880939211,0.000356090381378,0.0343571964958,0.0139670760763,0.157012826183,0.0593498045774,0.0193333333333,0.00798145999826,0.218931086251,0.00789816080842,0.145784316733,0.0054616098189,0.439534883721,0.0160279636652,0.110267234551,0.00127368965287,0.0530262712322,0.000432545714752
0.70,24,mae,lstm_head,architecture_head,LSTM,,,True,p1_ieee_access_upgrade_v2,10,10,complete,True,True,primary,0.022322533795,0.00118173462041,0.0493812851856,0.000940864928363,0.00129032258065,0.0040803582712,0.02,0.0632455532034,0.000666666666667,0.00210818510678,0.21945809851,0.00922234245491,0.140881716581,0.0088116064135,0.506976744186,0.0631438056813,0.110330982513,0.00215706686556,0.0535531488743,0.00054886722167
0.70,24,mae,raw_k16_retrieval,attribution_control,none,raw,16,True,p1_ieee_access_upgrade_v2,10,10,complete,True,False,descriptive_sensitivity,0.0196700438407,0,0.0487217194134,7.31423639287e-18,0.0625,0,0.5,0,0.0333333333333,7.31423639287e-18,0.245856353591,2.92569455715e-17,0.161231884058,0,0.517441860465,1.17027782286e-16,0.106575139996,1.46284727857e-17,0.0507111697703,7.31423639287e-18
0.70,24,mae,raw_k32_retrieval,attribution_control,none,raw,32,True,p1_ieee_access_upgrade_v2,10,10,complete,True,False,descriptive_sensitivity,0.0197403923992,0,0.0478324052674,0,0.038961038961,0,0.75,0,0.02,3.65711819643e-18,0.241820768137,0,0.160075329567,2.92569455715e-17,0.494186046512,5.85138911429e-17,0.104902982276,0,0.0502696450056,7.31423639287e-18
0.70,24,mae,raw_k4_retrieval,attribution_control,none,raw,4,True,p1_ieee_access_upgrade_v2,10,10,complete,True,False,descriptive_sensitivity,0.0199615332929,3.65711819643e-18,0.0527659736284,0,0.173469387755,0,0.369565217391,0,0.113333333333,0,0.199004975124,0,0.139211136891,0,0.348837209302,5.85138911429e-17,0.114801557949,0,0.053139929299,0
0.70,24,mae,raw_k8_retrieval,attribution_control,none,raw,8,True,p1_ieee_access_upgrade_v2,10,10,complete,True,True,primary,0.0195031409947,3.65711819643e-18,0.0495381964163,7.31423639287e-18,0.129411764706,0,0.55,0,0.0733333333333,1.46284727857e-17,0.228571428571,2.92569455715e-17,0.15415821501,0,0.441860465116,5.85138911429e-17,0.107646336976,1.46284727857e-17,0.0506639227797,0
0.70,24,mae,tcn_head,architecture_head,TCN,,,True,p1_ieee_access_upgrade_v2,10,10,complete,True,True,primary,0.0228471374964,0.00137077635383,0.0510443913542,0.000635980588539,0.00528058556988,0.00681726853503,0.3,0.421637021356,0.00266666666667,0.0034426518633,0.202946971152,0.00787333832571,0.129729081166,0.00785664137889,0.476162790698,0.0672148232311,0.110891744745,0.00238102951574,0.0542716739976,0.000495998227459
0.70,24,not_applicable,DirectPolicyTransform-Privileged,privileged_audit,,,,False,p1_ieee_access_upgrade_v2,1,1,complete,True,True,primary,0,0,0,0,1,0,1,0,1,0,0.752735229759,0,0.60350877193,0,1,0,0,0,0,0
0.70,24,not_applicable,Persistence,naive_baseline,,,,True,p1_ieee_access_upgrade_v2,1,1,complete,True,True,primary,0.0205465079202,0,0.059613970395,0,0.34,0,0.34,0,0.34,0,0,0,0,0,0,0,0.132283270724,0,0.0551652762639,0
0.70,24,not_applicable,Seasonal-24h,naive_baseline,,,,True,p1_ieee_access_upgrade_v2,1,1,complete,True,True,primary,0.0205465079202,0,0.059613970395,0,0.34,0,0.34,0,0.34,0,0,0,0,0,0,0,0.132283270724,0,0.0551652762639,0
0.70,24,onset_f1,Ridge,trained_baseline,linear,,,True,p1_ieee_access_upgrade_v2,1,1,complete,True,True,primary,0.0254937101208,0,0.0519513313823,0,0.0251572327044,0,0.222222222222,0,0.0133333333333,0,0.217882836588,0,0.132334581773,0,0.616279069767,0,0.105965698158,0,0.0579013406684,0
0.70,24,onset_f1,dlinear_head,architecture_head,DLinear,,,True,p1_ieee_access_upgrade_v2,10,10,complete,True,True,primary,0.0425424475715,0.0273646575155,0.0731357015428,0.0207848093731,0.0775159733177,0.0518412915112,0.0921043302659,0.0524581848054,0.128666666667,0.149403753238,0.120047685451,0.0171681639541,0.0812335833804,0.0160170067392,0.423255813953,0.286884552092,0.112749304519,0.0160014026566,0.0684501750348,0.0140177263665
0.70,24,onset_f1,gru_head,architecture_head,GRU,,,True,p1_ieee_access_upgrade_v2,10,10,complete,True,True,primary,0.0226467488494,0.000866996984191,0.0487266026238,0.000348358683849,0,0,0,0,0,0,0.218688563102,0.00841884372293,0.138546469952,0.00669016275634,0.525581395349,0.0599335609558,0.109981545948,0.00207256320531,0.0537593150153,0.000737655003228
0.70,24,onset_f1,gru_learned_k16_retrieval,retrieval_only,GRU,learned,16,True,p1_ieee_access_upgrade_v2,10,10,complete,True,False,descriptive_sensitivity,0.0208441353772,0.000115177227711,0.0499852690135,0.000142902778365,0.00507982198269,0.00655850942054,0.0552380952381,0.0730917480166,0.00266666666667,0.0034426518633,0.208014317446,0.00873583275774,0.138983820205,0.00567939722699,0.413372093023,0.019658844423,0.110799486007,0.000544203647418,0.0531517957616,0.000267505706787
0.70,24,onset_f1,gru_learned_k32_retrieval,retrieval_only,GRU,learned,32,True,p1_ieee_access_upgrade_v2,10,10,complete,True,False,descriptive_sensitivity,0.0208974757159,0.000168593406358,0.0495884778541,0.000146269587214,0.00375,0.0118585412256,0.03,0.0948683298051,0.002,0.00632455532034,0.19468787104,0.00852019191531,0.1275596061,0.0056333706191,0.411046511628,0.0187994485469,0.111104522139,0.000615116876026,0.0532087265542,0.000297331087655
0.70,24,onset_f1,gru_learned_k4_retrieval,retrieval_only,GRU,learned,4,True,p1_ieee_access_upgrade_v2,10,10,complete,True,False,descriptive_sensitivity,0.0210799887311,0.000355279150252,0.0534635673113,0.000490900569462,0.0707801256591,0.0197568611391,0.162704804867,0.049969049802,0.0453333333333,0.0124919727312,0.197998568876,0.0165554356585,0.137275431186,0.0118606013182,0.35523255814,0.0282773123521,0.112905749107,0.00118746448423,0.0540632410183,0.00087600668865
0.70,24,onset_f1,gru_learned_k8_fixed_0_5,mechanism_control,GRU,learned,8,True,p1_ieee_access_upgrade_v2,10,10,complete,True,True,primary,0.0216040742847,0.000422285862794,0.0490136026068,0.000244928300655,0,0,0,0,0,0,0.220322956366,0.00881966513683,0.144674859081,0.00529063255422,0.462790697674,0.0325673667248,0.109533386835,0.0011514823429,0.0530511227119,0.000506329632004
0.70,24,onset_f1,gru_learned_k8_fixed_1,mechanism_control,GRU,learned,8,True,p1_ieee_access_upgrade_v2,10,10,complete,True,True,primary,0.0226467488494,0.000866996984191,0.0487266026238,0.000348358683849,0,0,0,0,0,0,0.218688563102,0.00841884372293,0.138546469952,0.00669016275634,0.525581395349,0.0599335609558,0.109981545948,0.00207256320531,0.0537593150153,0.000737655003228
0.70,24,onset_f1,gru_learned_k8_retrieval,retrieval_only,GRU,learned,8,True,p1_ieee_access_upgrade_v2,10,10,complete,True,True,primary,0.0208030329817,0.000217710941734,0.0510095809898,0.00042621309949,0.0295797457468,0.0147384799048,0.134255926523,0.0570218617361,0.0166666666667,0.00846197011763,0.22076828502,0.00659085891099,0.147160681474,0.00471336925096,0.441860465116,0.0131440503547,0.110268919894,0.00123158250512,0.0531019551012,0.000475693928185
0.70,24,onset_f1,gru_learned_k8_selected_blend,selected_blend,GRU,learned,8,True,p1_ieee_access_upgrade_v2,10,10,complete,True,True,primary,0.0226467488494,0.000866996984191,0.0487266026238,0.000348358683849,0,0,0,0,0,0,0.218688563102,0.00841884372293,0.138546469952,0.00669016275634,0.525581395349,0.0599335609558,0.109981545948,0.00207256320531,0.0537593150153,0.000737655003228
0.70,24,onset_f1,gru_randomized_k16_retrieval,attribution_control,GRU-untrained,randomized,16,True,p1_ieee_access_upgrade_v2,10,10,complete,True,False,descriptive_sensitivity,0.0208370912161,0.000102101599862,0.0499621255424,0.000196105583229,0.00890250629177,0.00614504011161,0.104725829726,0.0832915997354,0.00466666666667,0.0032203059436,0.205491484618,0.0103988556362,0.137398889802,0.00659951760235,0.407558139535,0.0248863168489,0.110864951454,0.000800883481297,0.0531704193063,0.000326934724972
0.70,24,onset_f1,gru_randomized_k32_retrieval,attribution_control,GRU-untrained,randomized,32,True,p1_ieee_access_upgrade_v2,10,10,complete,True,False,descriptive_sensitivity,0.020902338916,0.00016716943374,0.0496275098851,0.000162538232801,0.00130718954248,0.00413369628779,0.0333333333333,0.105409255339,0.000666666666667,0.00210818510678,0.196826851786,0.00654423013958,0.129116791061,0.00439301398191,0.413953488372,0.0144506603741,0.111180440738,0.000604290949824,0.0532341924422,0.000284372368042
0.70,24,onset_f1,gru_randomized_k4_retrieval,attribution_control,GRU-untrained,randomized,4,True,p1_ieee_access_upgrade_v2,10,10,complete,True,False,descriptive_sensitivity,0.0211811963771,0.000241641077833,0.0537025217477,0.000299650353751,0.0685247239066,0.0133270780317,0.155847763877,0.0282040975099,0.044,0.0089993141028,0.198011404528,0.0149463203933,0.137450934676,0.010687286435,0.354069767442,0.0254828380986,0.113331436497,0.00118456290252,0.0543498866509,0.000693685189355
0.70,24,onset_f1,gru_randomized_k8_retrieval,attribution_control,GRU-untrained,randomized,8,True,p1_ieee_access_upgrade_v2,10,10,complete,True,True,primary,0.0208168272566,0.000222191177745,0.0509880939211,0.000356090381378,0.0343571964958,0.0139670760763,0.157012826183,0.0593498045774,0.0193333333333,0.00798145999826,0.218931086251,0.00789816080842,0.145784316733,0.0054616098189,0.439534883721,0.0160279636652,0.110267234551,0.00127368965287,0.0530262712322,0.000432545714752
0.70,24,onset_f1,lstm_head,architecture_head,LSTM,,,True,p1_ieee_access_upgrade_v2,10,10,complete,True,True,primary,0.0222177748948,0.00100558820402,0.0488624057751,0.000491505505034,0,0,0,0,0,0,0.224643816351,0.0105259337697,0.144108917221,0.00980132720115,0.514534883721,0.0368981255129,0.110904885135,0.00216571905309,0.0537660832823,0.000378806860311
0.70,24,onset_f1,raw_k16_retrieval,attribution_control,none,raw,16,True,p1_ieee_access_upgrade_v2,10,10,complete,True,False,descriptive_sensitivity,0.0196700438407,0,0.0487217194134,7.31423639287e-18,0.0625,0,0.5,0,0.0333333333333,7.31423639287e-18,0.245856353591,2.92569455715e-17,0.161231884058,0,0.517441860465,1.17027782286e-16,0.106575139996,1.46284727857e-17,0.0507111697703,7.31423639287e-18
0.70,24,onset_f1,raw_k32_retrieval,attribution_control,none,raw,32,True,p1_ieee_access_upgrade_v2,10,10,complete,True,False,descriptive_sensitivity,0.0197403923992,0,0.0478324052674,0,0.038961038961,0,0.75,0,0.02,3.65711819643e-18,0.241820768137,0,0.160075329567,2.92569455715e-17,0.494186046512,5.85138911429e-17,0.104902982276,0,0.0502696450056,7.31423639287e-18
0.70,24,onset_f1,raw_k4_retrieval,attribution_control,none,raw,4,True,p1_ieee_access_upgrade_v2,10,10,complete,True,False,descriptive_sensitivity,0.0199615332929,3.65711819643e-18,0.0527659736284,0,0.173469387755,0,0.369565217391,0,0.113333333333,0,0.199004975124,0,0.139211136891,0,0.348837209302,5.85138911429e-17,0.114801557949,0,0.053139929299,0
0.70,24,onset_f1,raw_k8_retrieval,attribution_control,none,raw,8,True,p1_ieee_access_upgrade_v2,10,10,complete,True,True,primary,0.0195031409947,3.65711819643e-18,0.0495381964163,7.31423639287e-18,0.129411764706,0,0.55,0,0.0733333333333,1.46284727857e-17,0.228571428571,2.92569455715e-17,0.15415821501,0,0.441860465116,5.85138911429e-17,0.107646336976,1.46284727857e-17,0.0506639227797,0
0.70,24,onset_f1,tcn_head,architecture_head,TCN,,,True,p1_ieee_access_upgrade_v2,10,10,complete,True,True,primary,0.0238901992402,0.00194114892292,0.0504121905489,0.000923696193629,0.00744215886763,0.0193815548795,0.0717948717948,0.151838755495,0.004,0.0105174751699,0.197145474223,0.0203640072553,0.122296136153,0.0152423565956,0.51976744186,0.0656173046631,0.109265120727,0.003902696365,0.0544871563125,0.00111293888927
0.80,1,mae,Ridge,trained_baseline,linear,,,True,p1_ieee_access_upgrade_v2,1,1,complete,False,True,descriptive_sensitivity,0.00939620321285,0,0.0363178537999,0,0.519230769231,0,0.658536585366,0,0.428571428571,0,0.141342756184,0,0.0793650793651,0,0.645161290323,0,0.0463915515442,0,0.0280042495732,0
0.80,1,mae,dlinear_head,architecture_head,DLinear,,,True,p1_ieee_access_upgrade_v2,10,10,complete,False,True,descriptive_sensitivity,0.01353595167,0.00304848772848,0.0305856808708,0.00342139105489,0.0108024691358,0.0266399328729,0.0122222222222,0.0258994573882,0.0126984126984,0.0349366645909,0.045462219065,0.014130346907,0.0245093366745,0.00796164890157,0.351612903226,0.113235557995,0.051494557978,0.00248618969742,0.0268424376868,0.00352983718338
0.80,1,mae,gru_head,architecture_head,GRU,,,True,p1_ieee_access_upgrade_v2,10,10,complete,False,True,descriptive_sensitivity,0.00709797176714,0.000565419309587,0.0204096132903,0.000661480075941,0.563192780293,0.104477696086,0.905747681576,0.0538134549937,0.420634920635,0.118369615456,0.140531280184,0.00944369501891,0.0781519673862,0.00500383777574,0.709677419355,0.115809995852,0.0355156441363,0.00234615919027,0.0218739514127,0.00176678338503
0.80,1,mae,gru_learned_k16_retrieval,retrieval_only,GRU,learned,16,True,p1_ieee_access_upgrade_v2,10,10,complete,False,False,descriptive_sensitivity,0.0038081083706,0.000111319928015,0.017976035386,0.000567134164138,0.750145947572,0.0307397749286,0.835451735411,0.0419026071415,0.680952380953,0.026402063386,0.136662914397,0.00706716877829,0.0837820332009,0.00437429390972,0.370967741935,0.0228098961677,0.047483578002,0.000595513785483,0.0136475417247,0.000397162779369
0.80,1,mae,gru_learned_k32_retrieval,retrieval_only,GRU,learned,32,True,p1_ieee_access_upgrade_v2,10,10,complete,False,False,descriptive_sensitivity,0.00405209297339,9.17410208008e-05,0.0191718208228,0.000440108558105,0.702805708253,0.0386929738983,0.852809543485,0.0343962737873,0.598412698413,0.0430168817442,0.140543237207,0.00671890707415,0.0867095847876,0.00402803352793,0.370967741935,0.0228098961677,0.0471192617834,0.000778910082753,0.0145104806456,0.000332986448172
0.80,1,mae,gru_learned_k4_retrieval,retrieval_only,GRU,learned,4,True,p1_ieee_access_upgrade_v2,10,10,complete,False,False,descriptive_sensitivity,0.00348849742096,7.95298604546e-05,0.0171028105179,0.000443605600664,0.725862751971,0.0282101667247,0.790794357114,0.0252772896709,0.671428571429,0.036695324623,0.111859727978,0.0175388047326,0.0681219447698,0.0107831386689,0.312903225806,0.0482075521967,0.0501718788423,0.00160448318565,0.0125009425435,0.000285274306072
0.80,1,mae,gru_learned_k8_fixed_0_5,mechanism_control,GRU,learned,8,True,p1_ieee_access_upgrade_v2,10,10,complete,False,True,descriptive_sensitivity,0.00526513747746,0.00031131031757,0.0180731598186,0.000426783820943,0.733568683982,0.031020193853,0.914163944628,0.0296094718259,0.614285714286,0.0449268353764,0.138497597172,0.01208741031,0.0815328384484,0.00706923954669,0.461290322581,0.0505490721441,0.041278400641,0.00137494972259,0.0170895376105,0.000977885829893
0.80,1,mae,gru_learned_k8_fixed_1,mechanism_control,GRU,learned,8,True,p1_ieee_access_upgrade_v2,10,10,complete,False,True,descriptive_sensitivity,0.00709797176714,0.000565419309587,0.0204096132903,0.000661480075941,0.563192780293,0.104477696086,0.905747681576,0.0538134549937,0.420634920635,0.118369615456,0.140531280184,0.00944369501891,0.0781519673862,0.00500383777574,0.709677419355,0.115809995852,0.0355156441363,0.00234615919027,0.0218739514127,0.00176678338503
0.80,1,mae,gru_learned_k8_retrieval,retrieval_only,GRU,learned,8,True,p1_ieee_access_upgrade_v2,10,10,complete,False,True,descriptive_sensitivity,0.00356056135125,8.61387731189e-05,0.0170151439024,0.000448936656583,0.734044554299,0.023597061466,0.832578616352,0.0370371997321,0.657142857143,0.0261356381698,0.124692713718,0.0146142681775,0.076579699154,0.00905881119372,0.335483870967,0.0378641222831,0.0484792681657,0.000808190720096,0.0127637280439,0.000312624580556
0.80,1,mae,gru_learned_k8_selected_blend,selected_blend,GRU,learned,8,True,p1_ieee_access_upgrade_v2,10,10,complete,False,True,descriptive_sensitivity,0.00356056135125,8.61387731189e-05,0.0170151439024,0.000448936656583,0.734044554299,0.023597061466,0.832578616352,0.0370371997321,0.657142857143,0.0261356381698,0.124692713718,0.0146142681775,0.076579699154,0.00905881119372,0.335483870967,0.0378641222831,0.0484792681657,0.000808190720096,0.0127637280439,0.000312624580556
0.80,1,mae,gru_randomized_k16_retrieval,attribution_control,GRU-untrained,randomized,16,True,p1_ieee_access_upgrade_v2,10,10,complete,False,False,descriptive_sensitivity,0.00383957035843,0.000118623481729,0.0181462270684,0.000578195360494,0.740112083731,0.0349365012657,0.856295117216,0.0327140719198,0.652380952381,0.0412901862754,0.137175803754,0.00992548151512,0.0843355834401,0.00623650074792,0.367741935484,0.0272023884749,0.0471157379801,0.000517935566913,0.0137579539414,0.000424798049356
0.80,1,mae,gru_randomized_k32_retrieval,attribution_control,GRU-untrained,randomized,32,True,p1_ieee_access_upgrade_v2,10,10,complete,False,False,descriptive_sensitivity,0.00410209325048,0.000105674633279,0.0193553428798,0.00046818015438,0.689151760217,0.0321121667386,0.847455793157,0.0393891952678,0.580952380953,0.0301169300968,0.142369283614,0.0119331358667,0.087755182932,0.00773992919083,0.377419354839,0.0265571807213,0.0468598524773,0.000664442919321,0.0146907644888,0.00037745708907
0.80,1,mae,gru_randomized_k4_retrieval,attribution_control,GRU-untrained,randomized,4,True,p1_ieee_access_upgrade_v2,10,10,complete,False,False,descriptive_sensitivity,0.00350844997826,7.91650637286e-05,0.0172137151033,0.000426242703879,0.709494096247,0.0245684957164,0.788208803192,0.0320947802837,0.646031746032,0.0326588346286,0.113376822154,0.0161924835923,0.0689367416295,0.00972591101368,0.319354838709,0.0491575460244,0.049634547449,0.00180282836163,0.0125718792791,0.000282271091546
0.80,1,mae,gru_randomized_k8_retrieval,attribution_control,GRU-untrained,randomized,8,True,p1_ieee_access_upgrade_v2,10,10,complete,False,True,descriptive_sensitivity,0.00359297751116,0.000105045256355,0.0171654169424,0.000506846259097,0.71928385125,0.0151067277249,0.817314912872,0.0248765455942,0.642857142858,0.0214921650916,0.125869055011,0.00938359321438,0.0771384835524,0.00572046763909,0.341935483871,0.0272023884746,0.0478804801185,0.00081469677084,0.0128726680355,0.000374066139892
0.80,1,mae,lstm_head,architecture_head,LSTM,,,True,p1_ieee_access_upgrade_v2,10,10,complete,False,True,descriptive_sensitivity,0.00625907981666,0.000839136946031,0.0181808265133,0.00145609559796,0.712985904897,0.0433058056344,0.833993714878,0.0533071648995,0.631746031746,0.0865528255943,0.15071790394,0.00755285584465,0.0845644123376,0.00417464306156,0.706451612903,0.117248684504,0.0350822314437,0.0023477240001,0.0188724982234,0.00301264796999
0.80,1,mae,raw_k16_retrieval,attribution_control,none,raw,16,True,p1_ieee_access_upgrade_v2,10,10,complete,False,False,descriptive_sensitivity,0.00563757862209,0,0.0227414498609,3.65711819643e-18,0.341463414634,0,0.736842105263,1.17027782286e-16,0.222222222222,0,0.142180094787,0,0.0833333333333,1.46284727857e-17,0.483870967742,0,0.0456147428427,0,0.0187929762647,0
0.80,1,mae,raw_k32_retrieval,attribution_control,none,raw,32,True,p1_ieee_access_upgrade_v2,10,10,complete,False,False,descriptive_sensitivity,0.00579441181608,0,0.0233230032658,0,0.115942028986,0,0.666666666667,0,0.0634920634921,0,0.15,2.92569455715e-17,0.0887573964497,1.46284727857e-17,0.483870967742,0,0.045410767502,0,0.0191357433419,3.65711819643e-18
0.80,1,mae,raw_k4_retrieval,attribution_control,none,raw,4,True,p1_ieee_access_upgrade_v2,10,10,complete,False,False,descriptive_sensitivity,0.0052082929855,9.14279549109e-19,0.0226498100099,3.65711819643e-18,0.47619047619,5.85138911429e-17,0.595238095238,0,0.396825396825,5.85138911429e-17,0.171717171717,2.92569455715e-17,0.101796407186,0,0.548387096774,1.17027782286e-16,0.0488767173071,7.31423639287e-18,0.0178406422909,3.65711819643e-18
0.80,1,mae,raw_k8_retrieval,attribution_control,none,raw,8,True,p1_ieee_access_upgrade_v2,10,10,complete,False,True,descriptive_sensitivity,0.00544813593627,0,0.0225086605486,3.65711819643e-18,0.458333333333,5.85138911429e-17,0.666666666667,0,0.349206349206,5.85138911429e-17,0.154589371981,2.92569455715e-17,0.0909090909091,1.46284727857e-17,0.516129032258,0,0.0461861716664,0,0.0183072296284,0
0.80,1,mae,tcn_head,architecture_head,TCN,,,True,p1_ieee_access_upgrade_v2,10,10,complete,False,True,descriptive_sensitivity,0.00698784226107,0.00147479272123,0.0184337849696,0.00254403739463,0.656072728122,0.165770184607,0.745698020518,0.118269674146,0.607936507937,0.20272906396,0.137473462802,0.0154882109291,0.0775692785016,0.00870904266362,0.638709677419,0.147276504673,0.035503526766,0.00446460578671,0.018248272351,0.00360261028588
0.80,1,not_applicable,DirectPolicyTransform-Privileged,privileged_audit,,,,False,p1_ieee_access_upgrade_v2,1,1,complete,False,True,descriptive_sensitivity,0,0,0,0,1,0,1,0,1,0,0.392405063291,0,0.244094488189,0,1,0,0,0,0,0
0.80,1,not_applicable,Persistence,naive_baseline,,,,True,p1_ieee_access_upgrade_v2,1,1,complete,False,True,descriptive_sensitivity,0.00280581035572,0,0.0147866817363,0,0.730158730159,0,0.730158730159,0,0.730158730159,0,0,0,0,0,0,0,0.0613896166597,0,0.0100694860717,0
0.80,1,not_applicable,Seasonal-24h,naive_baseline,,,,True,p1_ieee_access_upgrade_v2,1,1,complete,False,True,descriptive_sensitivity,0.00797425497395,0,0.033993586455,0,0.174603174603,0,0.174603174603,0,0.174603174603,0,0.113924050633,0,0.0708661417323,0,0.290322580645,0,0.0714762886664,0,0.0235254029274,0
0.80,1,onset_f1,Ridge,trained_baseline,linear,,,True,p1_ieee_access_upgrade_v2,1,1,complete,False,True,descriptive_sensitivity,0.00939620321285,0,0.0363178537999,0,0.519230769231,0,0.658536585366,0,0.428571428571,0,0.141342756184,0,0.0793650793651,0,0.645161290323,0,0.0463915515442,0,0.0280042495732,0
0.80,1,onset_f1,dlinear_head,architecture_head,DLinear,,,True,p1_ieee_access_upgrade_v2,10,10,complete,False,True,descriptive_sensitivity,0.0344720016098,0.0304288959909,0.0584217552793,0.0278501439942,0.0446370047906,0.0294676630007,0.027734384154,0.0163628440647,0.214285714286,0.218185815879,0.0358585908801,0.0178540691869,0.0202025862656,0.0131480684255,0.441935483871,0.237071780801,0.0642501526423,0.00980834536716,0.0469385078344,0.02627358721
0.80,1,onset_f1,gru_head,architecture_head,GRU,,,True,p1_ieee_access_upgrade_v2,10,10,complete,False,True,descriptive_sensitivity,0.00795468814682,0.000528391296122,0.0225842620093,0.000502318750877,0.088166904843,0.105004118667,0.649206349206,0.45952312416,0.0507936507936,0.0668428008353,0.126660992639,0.0158631706572,0.0704661533534,0.00857221091635,0.638709677419,0.143297473109,0.038535401952,0.00310003814527,0.0232546750287,0.00099484021332
0.80,1,onset_f1,gru_learned_k16_retrieval,retrieval_only,GRU,learned,16,True,p1_ieee_access_upgrade_v2,10,10,complete,False,False,descriptive_sensitivity,0.00382318322772,0.000112629371152,0.0180799040394,0.000626503033258,0.744999726748,0.0322493357587,0.842437366945,0.0377034539708,0.668253968254,0.0338376231858,0.136509094071,0.006352877086,0.0836783752968,0.00397449396758,0.370967741935,0.0228098961677,0.0471712542164,0.000771609160189,0.013700108695,0.000403892445171
0.80,1,onset_f1,gru_learned_k32_retrieval,retrieval_only,GRU,learned,32,True,p1_ieee_access_upgrade_v2,10,10,complete,False,False,descriptive_sensitivity,0.00408327017504,9.79809749643e-05,0.0193016832271,0.00049079744899,0.702805251167,0.0340497074023,0.853500157804,0.0329086761766,0.598412698413,0.0410180898271,0.139362557962,0.0104445662098,0.0859903684342,0.00680948130252,0.367741935484,0.0225550289933,0.046880465197,0.000738635754126,0.0146231808439,0.000353976804426
0.80,1,onset_f1,gru_learned_k4_retrieval,retrieval_only,GRU,learned,4,True,p1_ieee_access_upgrade_v2,10,10,complete,False,False,descriptive_sensitivity,0.00350869932592,6.32199609638e-05,0.0172207873125,0.000385901052486,0.710869922619,0.0209995120458,0.787409120187,0.0207836612375,0.649206349207,0.0369992248403,0.108839800394,0.0150858073653,0.0661853124418,0.00917487050948,0.306451612903,0.0436776258315,0.0504095573771,0.00138388417549,0.0125785238478,0.000226034370458
0.80,1,onset_f1,gru_learned_k8_fixed_0_5,mechanism_control,GRU,learned,8,True,p1_ieee_access_upgrade_v2,10,10,complete,False,True,descriptive_sensitivity,0.00569382096836,0.000267011161446,0.019076546415,0.000434813989213,0.663659218319,0.0649013747283,0.953919511723,0.0307690149305,0.511111111111,0.067675246372,0.140313534018,0.0138228428598,0.083433572952,0.0084191379567,0.441935483871,0.0431449519307,0.0427346349817,0.00182807840801,0.0177770455742,0.000457548527285
0.80,1,onset_f1,gru_learned_k8_fixed_1,mechanism_control,GRU,learned,8,True,p1_ieee_access_upgrade_v2,10,10,complete,False,True,descriptive_sensitivity,0.00795468814682,0.000528391296122,0.0225842620093,0.000502318750877,0.088166904843,0.105004118667,0.649206349206,0.45952312416,0.0507936507936,0.0668428008353,0.126660992639,0.0158631706572,0.0704661533534,0.00857221091635,0.638709677419,0.143297473109,0.038535401952,0.00310003814527,0.0232546750287,0.00099484021332
0.80,1,onset_f1,gru_learned_k8_retrieval,retrieval_only,GRU,learned,8,True,p1_ieee_access_upgrade_v2,10,10,complete,False,True,descriptive_sensitivity,0.00358157054779,7.98734440575e-05,0.0171434912889,0.000505341457864,0.727687833448,0.018942800023,0.839754559049,0.0326523908487,0.642857142858,0.0250974417473,0.124359202714,0.00922641810833,0.0763324383327,0.00558570257604,0.335483870967,0.0272023884747,0.04837882144,0.000778610555868,0.0128316230854,0.000284195435611
0.80,1,onset_f1,gru_learned_k8_selected_blend,selected_blend,GRU,learned,8,True,p1_ieee_access_upgrade_v2,10,10,complete,False,True,descriptive_sensitivity,0.00795468814682,0.000528391296122,0.0225842620093,0.000502318750877,0.088166904843,0.105004118667,0.649206349206,0.45952312416,0.0507936507936,0.0668428008353,0.126660992639,0.0158631706572,0.0704661533534,0.00857221091635,0.638709677419,0.143297473109,0.038535401952,0.00310003814527,0.0232546750287,0.00099484021332
0.80,1,onset_f1,gru_randomized_k16_retrieval,attribution_control,GRU-untrained,randomized,16,True,p1_ieee_access_upgrade_v2,10,10,complete,False,False,descriptive_sensitivity,0.00383957035843,0.000118623481729,0.0181462270684,0.000578195360494,0.740112083731,0.0349365012657,0.856295117216,0.0327140719198,0.652380952381,0.0412901862754,0.137175803754,0.00992548151512,0.0843355834401,0.00623650074792,0.367741935484,0.0272023884749,0.0471157379801,0.000517935566913,0.0137579539414,0.000424798049356
0.80,1,onset_f1,gru_randomized_k32_retrieval,attribution_control,GRU-untrained,randomized,32,True,p1_ieee_access_upgrade_v2,10,10,complete,False,False,descriptive_sensitivity,0.00410209325048,0.000105674633279,0.0193553428798,0.00046818015438,0.689151760217,0.0321121667386,0.847455793157,0.0393891952678,0.580952380953,0.0301169300968,0.142369283614,0.0119331358667,0.087755182932,0.00773992919083,0.377419354839,0.0265571807213,0.0468598524773,0.000664442919321,0.0146907644888,0.00037745708907
0.80,1,onset_f1,gru_randomized_k4_retrieval,attribution_control,GRU-untrained,randomized,4,True,p1_ieee_access_upgrade_v2,10,10,complete,False,False,descriptive_sensitivity,0.00350844997826,7.91650637286e-05,0.0172137151033,0.000426242703879,0.709494096247,0.0245684957164,0.788208803192,0.0320947802837,0.646031746032,0.0326588346286,0.113376822154,0.0161924835923,0.0689367416295,0.00972591101368,0.319354838709,0.0491575460244,0.049634547449,0.00180282836163,0.0125718792791,0.000282271091546
0.80,1,onset_f1,gru_randomized_k8_retrieval,attribution_control,GRU-untrained,randomized,8,True,p1_ieee_access_upgrade_v2,10,10,complete,False,True,descriptive_sensitivity,0.00359297751116,0.000105045256355,0.0171654169424,0.000506846259097,0.71928385125,0.0151067277249,0.817314912872,0.0248765455942,0.642857142858,0.0214921650916,0.125869055011,0.00938359321438,0.0771384835524,0.00572046763909,0.341935483871,0.0272023884746,0.0478804801185,0.00081469677084,0.0128726680355,0.000374066139892
0.80,1,onset_f1,lstm_head,architecture_head,LSTM,,,True,p1_ieee_access_upgrade_v2,10,10,complete,False,True,descriptive_sensitivity,0.00813609853165,0.000593805373805,0.0219658681807,0.0010019801295,0.226107704526,0.239873911538,0.637337662338,0.456314399028,0.150793650794,0.166351427749,0.136516710171,0.0188824662139,0.0754271730123,0.0107455932228,0.722580645161,0.0807526165827,0.0368011590987,0.00106178831801,0.0232516737223,0.00125546627819
0.80,1,onset_f1,raw_k16_retrieval,attribution_control,none,raw,16,True,p1_ieee_access_upgrade_v2,10,10,complete,False,False,descriptive_sensitivity,0.00563757862209,0,0.0227414498609,3.65711819643e-18,0.341463414634,0,0.736842105263,1.17027782286e-16,0.222222222222,0,0.142180094787,0,0.0833333333333,1.46284727857e-17,0.483870967742,0,0.0456147428427,0,0.0187929762647,0
0.80,1,onset_f1,raw_k32_retrieval,attribution_control,none,raw,32,True,p1_ieee_access_upgrade_v2,10,10,complete,False,False,descriptive_sensitivity,0.00579441181608,0,0.0233230032658,0,0.115942028986,0,0.666666666667,0,0.0634920634921,0,0.15,2.92569455715e-17,0.0887573964497,1.46284727857e-17,0.483870967742,0,0.045410767502,0,0.0191357433419,3.65711819643e-18
0.80,1,onset_f1,raw_k4_retrieval,attribution_control,none,raw,4,True,p1_ieee_access_upgrade_v2,10,10,complete,False,False,descriptive_sensitivity,0.0052082929855,9.14279549109e-19,0.0226498100099,3.65711819643e-18,0.47619047619,5.85138911429e-17,0.595238095238,0,0.396825396825,5.85138911429e-17,0.171717171717,2.92569455715e-17,0.101796407186,0,0.548387096774,1.17027782286e-16,0.0488767173071,7.31423639287e-18,0.0178406422909,3.65711819643e-18
0.80,1,onset_f1,raw_k8_retrieval,attribution_control,none,raw,8,True,p1_ieee_access_upgrade_v2,10,10,complete,False,True,descriptive_sensitivity,0.00544813593627,0,0.0225086605486,3.65711819643e-18,0.458333333333,5.85138911429e-17,0.666666666667,0,0.349206349206,5.85138911429e-17,0.154589371981,2.92569455715e-17,0.0909090909091,1.46284727857e-17,0.516129032258,0,0.0461861716664,0,0.0183072296284,0
0.80,1,onset_f1,tcn_head,architecture_head,TCN,,,True,p1_ieee_access_upgrade_v2,10,10,complete,False,True,descriptive_sensitivity,0.00954214344911,0.00215623049746,0.0229195834631,0.00305816045648,0.415943247742,0.213012861303,0.647727601358,0.274615410408,0.323809523809,0.17180701581,0.109265753072,0.0240784281135,0.0597376807709,0.0141580956297,0.677419354839,0.0924981211509,0.0364728449299,0.00252086603881,0.0230342063946,0.0035784002391
0.80,24,mae,Ridge,trained_baseline,linear,,,True,p1_ieee_access_upgrade_v2,1,1,complete,False,True,descriptive_sensitivity,0.0091109368352,0,0.0275652869777,0,0,0,0,0,0,0,0.173913043478,0,0.126315789474,0,0.279069767442,0,0.0995432903527,0,0.0222502363115,0
0.80,24,mae,dlinear_head,architecture_head,DLinear,,,True,p1_ieee_access_upgrade_v2,10,10,complete,False,True,descriptive_sensitivity,0.0137673428286,0.00319096485616,0.0313557007915,0.00359607593847,0.00606060606061,0.0191653191525,0.00490196078431,0.0155013610792,0.00793650793651,0.0250974417474,0.0766254089353,0.0196061455599,0.0472059897377,0.0142259956191,0.233720930233,0.079518788888,0.100294579296,0.00226981870514,0.0257801474127,0.00282227749935
0.80,24,mae,gru_head,architecture_head,GRU,,,True,p1_ieee_access_upgrade_v2,10,10,complete,False,True,descriptive_sensitivity,0.0093726338371,0.000563572632306,0.02760426175,0.000174127364891,0,0,0,0,0,0,0.135975543789,0.0132032353887,0.10794291349,0.011465625521,0.196511627907,0.0535529326141,0.0998392382574,0.00181034785682,0.0218692477657,0.000617588701445
0.80,24,mae,gru_learned_k16_retrieval,retrieval_only,GRU,learned,16,True,p1_ieee_access_upgrade_v2,10,10,complete,False,False,descriptive_sensitivity,0.00788863198346,5.64576520025e-05,0.0274370368046,0.000105632241866,0,0,0,0,0,0,0.179617704966,0.015720796249,0.127586562158,0.0114730444978,0.303488372093,0.0259718846013,0.0984343374779,0.000513781951785,0.0206512457872,0.000174573569662
0.80,24,mae,gru_learned_k32_retrieval,retrieval_only,GRU,learned,32,True,p1_ieee_access_upgrade_v2,10,10,complete,False,False,descriptive_sensitivity,0.00795586023024,6.25253045889e-05,0.0274583969325,8.06236186908e-05,0,0,0,0,0,0,0.169563721692,0.0146936823065,0.124966677105,0.0102723215388,0.263953488372,0.0268814587354,0.0990307022071,0.000337139787747,0.0209293829215,0.000121890929323
0.80,24,mae,gru_learned_k4_retrieval,retrieval_only,GRU,learned,4,True,p1_ieee_access_upgrade_v2,10,10,complete,False,False,descriptive_sensitivity,0.00794257901951,0.000160283950668,0.0288717160105,0.000179016804177,0.0320403515082,0.0238846993986,0.117034632035,0.0864189246804,0.0190476190476,0.0145862949757,0.165688663973,0.0145605857168,0.116088925001,0.0109264921884,0.289534883721,0.0222319851159,0.0988619979207,0.000924077004741,0.0207056032773,0.000418306642404
0.80,24,mae,gru_learned_k8_fixed_0_5,mechanism_control,GRU,learned,8,True,p1_ieee_access_upgrade_v2,10,10,complete,False,True,descriptive_sensitivity,0.00861652825603,0.000252508768939,0.0273507056219,0.000158491554472,0,0,0,0,0,0,0.162272003398,0.0211071816763,0.12144205852,0.0150722224928,0.245348837209,0.0377583841177,0.0989533145315,0.000938312432706,0.0212189838946,0.000281683134963
0.80,24,mae,gru_learned_k8_fixed_1,mechanism_control,GRU,learned,8,True,p1_ieee_access_upgrade_v2,10,10,complete,False,True,descriptive_sensitivity,0.0093726338371,0.000563572632306,0.02760426175,0.000174127364891,0,0,0,0,0,0,0.135975543789,0.0132032353887,0.10794291349,0.011465625521,0.196511627907,0.0535529326141,0.0998392382574,0.00181034785682,0.0218692477657,0.000617588701445
0.80,24,mae,gru_learned_k8_retrieval,retrieval_only,GRU,learned,8,True,p1_ieee_access_upgrade_v2,10,10,complete,False,True,descriptive_sensitivity,0.00790534605033,0.000110751678262,0.0278507179232,0.000258496977248,0,0,0,0,0,0,0.192109608384,0.0173117377021,0.13452682879,0.0120020753508,0.336046511628,0.0321728774719,0.0983368867102,0.00101774407165,0.020707093799,0.000221412993817
0.80,24,mae,gru_learned_k8_selected_blend,selected_blend,GRU,learned,8,True,p1_ieee_access_upgrade_v2,10,10,complete,False,True,descriptive_sensitivity,0.00790534605033,0.000110751678262,0.0278507179232,0.000258496977248,0,0,0,0,0,0,0.192109608384,0.0173117377021,0.13452682879,0.0120020753508,0.336046511628,0.0321728774719,0.0983368867102,0.00101774407165,0.020707093799,0.000221412993817
0.80,24,mae,gru_randomized_k16_retrieval,attribution_control,GRU-untrained,randomized,16,True,p1_ieee_access_upgrade_v2,10,10,complete,False,False,descriptive_sensitivity,0.00787380214634,5.13677830614e-05,0.0274221630747,0.000113698710221,0,0,0,0,0,0,0.182758493287,0.0152547071876,0.130144722454,0.0109359861624,0.306976744186,0.0264021494047,0.0985094036035,0.000610716699149,0.0206608005221,0.000175683082254
0.80,24,mae,gru_randomized_k32_retrieval,attribution_control,GRU-untrained,randomized,32,True,p1_ieee_access_upgrade_v2,10,10,complete,False,False,descriptive_sensitivity,0.00794487022128,7.56853896053e-05,0.0274576601723,8.01808572826e-05,0,0,0,0,0,0,0.174882688324,0.0103198848214,0.129191884949,0.00802264103896,0.270930232558,0.0173771409082,0.0990563083179,0.000389082982613,0.020917009786,0.000147162453192
0.80,24,mae,gru_randomized_k4_retrieval,attribution_control,GRU-untrained,randomized,4,True,p1_ieee_access_upgrade_v2,10,10,complete,False,False,descriptive_sensitivity,0.00800424491682,0.00014070415477,0.0290028726683,0.000162160910677,0.0160716170549,0.0182985239815,0.0560689310689,0.0618264017017,0.0095238095238,0.0110985063298,0.154359868813,0.0167478089519,0.108167495244,0.0119854117457,0.269767441861,0.0294165363737,0.0996352778031,0.00112670235286,0.0209021490948,0.000348947530632
0.80,24,mae,gru_randomized_k8_retrieval,attribution_control,GRU-untrained,randomized,8,True,p1_ieee_access_upgrade_v2,10,10,complete,False,True,descriptive_sensitivity,0.00789495273874,0.000114901000635,0.0278145267558,0.000244989176305,0,0,0,0,0,0,0.190641706249,0.0153627030736,0.134111792461,0.0101426701154,0.33023255814,0.0334323389967,0.0981837933665,0.000916774648571,0.0206262892639,0.000267096188782
0.80,24,mae,lstm_head,architecture_head,LSTM,,,True,p1_ieee_access_upgrade_v2,10,10,complete,False,True,descriptive_sensitivity,0.00862585173448,0.000668769402157,0.0276373081511,0.000358460179889,0,0,0,0,0,0,0.122440784122,0.0386189841833,0.107027337419,0.0231032058023,0.154651162791,0.0851037818588,0.101119118399,0.00204568164655,0.0212817861535,0.000664179309878
0.80,24,mae,raw_k16_retrieval,attribution_control,none,raw,16,True,p1_ieee_access_upgrade_v2,10,10,complete,False,False,descriptive_sensitivity,0.00769153568792,0,0.0277713113655,0,0,0,0,0,0,0,0.141342756184,0,0.10152284264,0,0.232558139535,2.92569455715e-17,0.0998924443462,1.46284727857e-17,0.021556436988,0
0.80,24,mae,raw_k32_retrieval,attribution_control,none,raw,32,True,p1_ieee_access_upgrade_v2,10,10,complete,False,False,descriptive_sensitivity,0.00768081522139,0,0.0272574997367,3.65711819643e-18,0,0,0,0,0,0,0.161403508772,0,0.115577889447,1.46284727857e-17,0.267441860465,0,0.0978990886263,1.46284727857e-17,0.0211948733438,0
0.80,24,mae,raw_k4_retrieval,attribution_control,none,raw,4,True,p1_ieee_access_upgrade_v2,10,10,complete,False,False,descriptive_sensitivity,0.00737593834212,0,0.0286623381656,3.65711819643e-18,0.102564102564,1.46284727857e-17,0.266666666667,0,0.0634920634921,0,0.111524163569,1.46284727857e-17,0.0819672131148,1.46284727857e-17,0.174418604651,2.92569455715e-17,0.103921063313,0,0.0213394803767,0
0.80,24,mae,raw_k8_retrieval,attribution_control,none,raw,8,True,p1_ieee_access_upgrade_v2,10,10,complete,False,True,descriptive_sensitivity,0.00740573651785,9.14279549109e-19,0.027888201104,3.65711819643e-18,0,0,0,0,0,0,0.140845070423,0,0.10101010101,0,0.232558139535,2.92569455715e-17,0.100985201176,0,0.0211139530514,3.65711819643e-18
0.80,24,mae,tcn_head,architecture_head,TCN,,,True,p1_ieee_access_upgrade_v2,10,10,complete,False,True,descriptive_sensitivity,0.0100096742694,0.0010572601412,0.0285914891163,0.000332521724121,0.003125,0.00988211768803,0.1,0.316227766017,0.0015873015873,0.00501948834947,0.14037208108,0.012501771847,0.098441924989,0.0103848771942,0.260465116279,0.0637358288097,0.0994794324433,0.00234276465044,0.0222278533524,0.000903294921055
0.80,24,not_applicable,DirectPolicyTransform-Privileged,privileged_audit,,,,False,p1_ieee_access_upgrade_v2,1,1,complete,False,True,descriptive_sensitivity,0,0,0,0,1,0,1,0,1,0,0.807511737089,0,0.677165354331,0,1,0,0,0,0,0
0.80,24,not_applicable,Persistence,naive_baseline,,,,True,p1_ieee_access_upgrade_v2,1,1,complete,False,True,descriptive_sensitivity,0.0080446881016,0,0.0341433816989,0,0.174603174603,0,0.174603174603,0,0.174603174603,0,0,0,0,0,0,0,0.111536618924,0,0.0235254029274,0
0.80,24,not_applicable,Seasonal-24h,naive_baseline,,,,True,p1_ieee_access_upgrade_v2,1,1,complete,False,True,descriptive_sensitivity,0.0080446881016,0,0.0341433816989,0,0.174603174603,0,0.174603174603,0,0.174603174603,0,0,0,0,0,0,0,0.111536618924,0,0.0235254029274,0
0.80,24,onset_f1,Ridge,trained_baseline,linear,,,True,p1_ieee_access_upgrade_v2,1,1,complete,False,True,descriptive_sensitivity,0.00992780747452,0,0.028657627492,0,0.0555555555556,0,0.222222222222,0,0.031746031746,0,0.171821305842,0,0.121951219512,0,0.290697674419,0,0.09894660448,0,0.0237424146816,0
0.80,24,onset_f1,dlinear_head,architecture_head,DLinear,,,True,p1_ieee_access_upgrade_v2,10,10,complete,False,True,descriptive_sensitivity,0.0348393989979,0.0307377233881,0.0589129196367,0.0281836815909,0.0500579529767,0.0165274848761,0.0380980661326,0.012903205838,0.195238095238,0.185570272325,0.0605550650584,0.0130314044496,0.0365260478092,0.007898346954,0.355813953488,0.251442565968,0.0982971716418,0.0087042397835,0.0453723858143,0.0259645474553
0.80,24,onset_f1,gru_head,architecture_head,GRU,,,True,p1_ieee_access_upgrade_v2,10,10,complete,False,True,descriptive_sensitivity,0.00929182072838,0.000806427889269,0.0273880545888,0.0002160714006,0,0,0,0,0,0,0.133501583493,0.0124458546861,0.104408495524,0.0128992440131,0.193023255814,0.0368522924776,0.10006933756,0.00139483837914,0.0220095699912,0.000747558547856
0.80,24,onset_f1,gru_learned_k16_retrieval,retrieval_only,GRU,learned,16,True,p1_ieee_access_upgrade_v2,10,10,complete,False,False,descriptive_sensitivity,0.0079022518764,6.98249771808e-05,0.0274315091061,9.86353898977e-05,0,0,0,0,0,0,0.179339070049,0.0106224059631,0.1268966017,0.0076114679059,0.305813953488,0.0190278104009,0.0984156441682,0.000382440418596,0.020688434639,0.000166058014471
0.80,24,onset_f1,gru_learned_k32_retrieval,retrieval_only,GRU,learned,32,True,p1_ieee_access_upgrade_v2,10,10,complete,False,False,descriptive_sensitivity,0.00796317751088,6.90116529151e-05,0.0274499130441,7.51890179148e-05,0,0,0,0,0,0,0.169525755735,0.0137934867997,0.12465978512,0.00969553896046,0.26511627907,0.0249992488319,0.0990773742253,0.000317860579731,0.020951002237,0.000139259521046
0.80,24,onset_f1,gru_learned_k4_retrieval,retrieval_only,GRU,learned,4,True,p1_ieee_access_upgrade_v2,10,10,complete,False,False,descriptive_sensitivity,0.00796492722887,0.000131613509988,0.028896795406,0.000192568575833,0.0291752621853,0.0226415573581,0.104115971748,0.0800820580521,0.0174603174603,0.0138983339011,0.161425820778,0.0183211470414,0.11302166132,0.0129178983053,0.282558139535,0.0324518382774,0.099176975844,0.00100566941706,0.0208040052292,0.000394892308657
0.80,24,onset_f1,gru_learned_k8_fixed_0_5,mechanism_control,GRU,learned,8,True,p1_ieee_access_upgrade_v2,10,10,complete,False,True,descriptive_sensitivity,0.0085705344491,0.000401062209106,0.0271982917937,0.000104338735459,0,0,0,0,0,0,0.170899675277,0.0186191802022,0.129037033893,0.0151282759507,0.253488372093,0.0255931380142,0.0989951194989,0.000604643333616,0.0212714316573,0.000378950005906
0.80,24,onset_f1,gru_learned_k8_fixed_1,mechanism_control,GRU,learned,8,True,p1_ieee_access_upgrade_v2,10,10,complete,False,True,descriptive_sensitivity,0.00929182072838,0.000806427889269,0.0273880545888,0.0002160714006,0,0,0,0,0,0,0.133501583493,0.0124458546861,0.104408495524,0.0128992440131,0.193023255814,0.0368522924776,0.10006933756,0.00139483837914,0.0220095699912,0.000747558547856
0.80,24,onset_f1,gru_learned_k8_retrieval,retrieval_only,GRU,learned,8,True,p1_ieee_access_upgrade_v2,10,10,complete,False,True,descriptive_sensitivity,0.00790466919505,9.59067944855e-05,0.0278288011129,0.00024022235771,0,0,0,0,0,0,0.191492829951,0.0170814422613,0.133935819301,0.0114378597446,0.336046511628,0.0344285550251,0.0982237894085,0.00115358793525,0.0206873212091,0.000200301600493
0.80,24,onset_f1,gru_learned_k8_selected_blend,selected_blend,GRU,learned,8,True,p1_ieee_access_upgrade_v2,10,10,complete,False,True,descriptive_sensitivity,0.00929182072838,0.000806427889269,0.0273880545888,0.0002160714006,0,0,0,0,0,0,0.133501583493,0.0124458546861,0.104408495524,0.0128992440131,0.193023255814,0.0368522924776,0.10006933756,0.00139483837914,0.0220095699912,0.000747558547856
0.80,24,onset_f1,gru_randomized_k16_retrieval,attribution_control,GRU-untrained,randomized,16,True,p1_ieee_access_upgrade_v2,10,10,complete,False,False,descriptive_sensitivity,0.00787380214634,5.13677830614e-05,0.0274221630747,0.000113698710221,0,0,0,0,0,0,0.182758493287,0.0152547071876,0.130144722454,0.0109359861624,0.306976744186,0.0264021494047,0.0985094036035,0.000610716699149,0.0206608005221,0.000175683082254
0.80,24,onset_f1,gru_randomized_k32_retrieval,attribution_control,GRU-untrained,randomized,32,True,p1_ieee_access_upgrade_v2,10,10,complete,False,False,descriptive_sensitivity,0.00794487022128,7.56853896053e-05,0.0274576601723,8.01808572826e-05,0,0,0,0,0,0,0.174882688324,0.0103198848214,0.129191884949,0.00802264103896,0.270930232558,0.0173771409082,0.0990563083179,0.000389082982613,0.020917009786,0.000147162453192
0.80,24,onset_f1,gru_randomized_k4_retrieval,attribution_control,GRU-untrained,randomized,4,True,p1_ieee_access_upgrade_v2,10,10,complete,False,False,descriptive_sensitivity,0.00800424491682,0.00014070415477,0.0290028726683,0.000162160910677,0.0160716170549,0.0182985239815,0.0560689310689,0.0618264017017,0.0095238095238,0.0110985063298,0.154359868813,0.0167478089519,0.108167495244,0.0119854117457,0.269767441861,0.0294165363737,0.0996352778031,0.00112670235286,0.0209021490948,0.000348947530632
0.80,24,onset_f1,gru_randomized_k8_retrieval,attribution_control,GRU-untrained,randomized,8,True,p1_ieee_access_upgrade_v2,10,10,complete,False,True,descriptive_sensitivity,0.00789495273874,0.000114901000635,0.0278145267558,0.000244989176305,0,0,0,0,0,0,0.190641706249,0.0153627030736,0.134111792461,0.0101426701154,0.33023255814,0.0334323389967,0.0981837933665,0.000916774648571,0.0206262892639,0.000267096188782
0.80,24,onset_f1,lstm_head,architecture_head,LSTM,,,True,p1_ieee_access_upgrade_v2,10,10,complete,False,True,descriptive_sensitivity,0.00902970102324,0.000846754979695,0.02739242131,0.000232694561305,0,0,0,0,0,0,0.123282970418,0.0449263003048,0.103577390209,0.0263729680876,0.169767441861,0.110339245573,0.100375879723,0.00204197714553,0.021844309497,0.000725984877461
0.80,24,onset_f1,raw_k16_retrieval,attribution_control,none,raw,16,True,p1_ieee_access_upgrade_v2,10,10,complete,False,False,descriptive_sensitivity,0.00769153568792,0,0.0277713113655,0,0,0,0,0,0,0,0.141342756184,0,0.10152284264,0,0.232558139535,2.92569455715e-17,0.0998924443462,1.46284727857e-17,0.021556436988,0
0.80,24,onset_f1,raw_k32_retrieval,attribution_control,none,raw,32,True,p1_ieee_access_upgrade_v2,10,10,complete,False,False,descriptive_sensitivity,0.00768081522139,0,0.0272574997367,3.65711819643e-18,0,0,0,0,0,0,0.161403508772,0,0.115577889447,1.46284727857e-17,0.267441860465,0,0.0978990886263,1.46284727857e-17,0.0211948733438,0
0.80,24,onset_f1,raw_k4_retrieval,attribution_control,none,raw,4,True,p1_ieee_access_upgrade_v2,10,10,complete,False,False,descriptive_sensitivity,0.00737593834212,0,0.0286623381656,3.65711819643e-18,0.102564102564,1.46284727857e-17,0.266666666667,0,0.0634920634921,0,0.111524163569,1.46284727857e-17,0.0819672131148,1.46284727857e-17,0.174418604651,2.92569455715e-17,0.103921063313,0,0.0213394803767,0
0.80,24,onset_f1,raw_k8_retrieval,attribution_control,none,raw,8,True,p1_ieee_access_upgrade_v2,10,10,complete,False,True,descriptive_sensitivity,0.00740573651785,9.14279549109e-19,0.027888201104,3.65711819643e-18,0,0,0,0,0,0,0.140845070423,0,0.10101010101,0,0.232558139535,2.92569455715e-17,0.100985201176,0,0.0211139530514,3.65711819643e-18
0.80,24,onset_f1,tcn_head,architecture_head,TCN,,,True,p1_ieee_access_upgrade_v2,10,10,complete,False,True,descriptive_sensitivity,0.0113399489078,0.00183899373189,0.0288320897675,0.00117480150095,0.00987654320988,0.0312323719523,0.0222222222222,0.0702728368926,0.00634920634921,0.0200779533979,0.128503275569,0.0224396391818,0.0825100896338,0.016508592568,0.310465116279,0.0900777195156,0.0974368465764,0.00334099920572,0.0235906564307,0.00175995540926
