qid,underlying_document_id,category,mean_delta_f1,wins,ties,losses,gold_sentence_ids
fever_test_100389_Future_-LRB-rapper-RRB-::supports,Future_-LRB-rapper-RRB-,all_tie,0.0,0,5,0,s000
fever_test_100539_Champion_-LRB-1949_film-RRB-::refutes,Champion_-LRB-1949_film-RRB-,all_tie,0.0,0,5,0,s000
fever_test_100620_Cancer::supports,Cancer,all_tie,0.0,0,5,0,s000
fever_test_100656_Community_-LRB-TV_series-RRB-::supports,Community_-LRB-TV_series-RRB-,all_tie,0.0,0,5,0,s015
fever_test_100832_Eric_Church::supports,Eric_Church,all_tie,0.0,0,5,0,s000
fever_test_101111_Ice-T::supports,Ice-T,all_tie,0.0,0,5,0,s000
fever_test_101179_Keanu_Reeves::supports,Keanu_Reeves,all_tie,0.0,0,5,0,s016
fever_test_101206_Jon_Snow_-LRB-character-RRB-::supports,Jon_Snow_-LRB-character-RRB-,all_tie,0.0,0,5,0,s017
fever_test_101668_Grateful_Dead::refutes,Grateful_Dead,consistent_bm25_win,-0.5,0,0,5,s015
fever_test_101828_Keanu_Reeves::supports,Keanu_Reeves,all_tie,0.0,0,5,0,s000
fever_test_102173_Grateful_Dead::refutes,Grateful_Dead,consistent_bm25_win,-0.5,0,0,5,s015
fever_test_102183_Josh_Hartnett::supports,Josh_Hartnett,mixed_across_seeds,-0.17777777777777776,0,1,4,s000|s002|s003|s006|s007|s008
fever_test_102294_Catherine_of_Alexandria::supports,Catherine_of_Alexandria,all_tie,0.0,0,5,0,s000|s001|s002|s003|s006|s007|s008|s009
fever_test_10231_Keanu_Reeves::supports,Keanu_Reeves,consistent_bm25_win,-0.4,0,0,5,s000|s016
fever_test_102391_Harald_V_of_Norway::supports,Harald_V_of_Norway,all_tie,0.0,0,5,0,s012
fever_test_10243_Borrelia_afzelii::supports,Borrelia_afzelii,all_tie,0.0,0,5,0,s003
fever_test_10244_Borrelia_afzelii::refutes,Borrelia_afzelii,all_tie,0.0,0,5,0,s003
fever_test_103002_Farrah_Fawcett::supports,Farrah_Fawcett,consistent_bm25_win,-0.125,0,0,5,s000|s001|s005|s006|s007|s010|s011|s014|s015|s016|s020|s021|s023
fever_test_103484_Ann_Richards::supports,Ann_Richards,all_tie,0.0,0,5,0,s000|s002|s003
fever_test_103565_Donkey_-LRB-Shrek-RRB-::supports,Donkey_-LRB-Shrek-RRB-,all_tie,0.0,0,5,0,s000
fever_test_103636_Cancer::refutes,Cancer,all_tie,0.0,0,5,0,s002
fever_test_10382_Anne_Hathaway::supports,Anne_Hathaway,all_tie,0.0,0,5,0,s000
fever_test_104203_Journey_-LRB-band-RRB-::refutes,Journey_-LRB-band-RRB-,all_tie,0.0,0,5,0,s000
fever_test_104300_Inspectah_Deck::supports,Inspectah_Deck,all_tie,0.0,0,5,0,s000
fever_test_104459_Anne_Hathaway::supports,Anne_Hathaway,consistent_bm25_win,-0.3333333333333333,0,0,5,s008|s013|s014
fever_test_104532_Julia_Louis-Dreyfus::refutes,Julia_Louis-Dreyfus,consistent_bm25_win,-0.28571428571428575,0,0,5,s001|s005|s006|s007
fever_test_104635_Dhool::refutes,Dhool,all_tie,0.0,0,5,0,s000|s001|s002
fever_test_104735_Despacito::refutes,Despacito,all_tie,0.0,0,5,0,s012
fever_test_104819_Inspectah_Deck::supports,Inspectah_Deck,all_tie,0.0,0,5,0,s000
fever_test_104878_Diego_Costa::supports,Diego_Costa,all_tie,0.0,0,5,0,s000|s001|s007|s008|s011|s012
fever_test_104886_Inspectah_Deck::refutes,Inspectah_Deck,all_tie,0.0,0,5,0,s000
fever_test_104967_Azerbaijan::supports,Azerbaijan,all_tie,0.0,0,5,0,s005
fever_test_105020_Hannibal::supports,Hannibal,mixed_across_seeds,0.13333333333333333,2,3,0,s009|s010|s023
fever_test_105527_Azerbaijan::refutes,Azerbaijan,all_tie,0.0,0,5,0,s000|s005|s006|s007|s013|s014|s015|s018|s020|s025|s028
fever_test_105598_Kevin_Durant::supports,Kevin_Durant,all_tie,0.0,0,5,0,s015
fever_test_105602_Foo_Fighters::refutes,Foo_Fighters,all_tie,0.0,0,5,0,s000
fever_test_105623_Jon_Snow_-LRB-character-RRB-::refutes,Jon_Snow_-LRB-character-RRB-,all_tie,0.0,0,5,0,s000
fever_test_10565_Ballet_Shoes_-LRB-novel-RRB-::supports,Ballet_Shoes_-LRB-novel-RRB-,all_tie,0.0,0,5,0,s000
fever_test_10566_Ballet_Shoes_-LRB-novel-RRB-::supports,Ballet_Shoes_-LRB-novel-RRB-,all_tie,0.0,0,5,0,s000
fever_test_10568_Bryan_Cranston::supports,Bryan_Cranston,all_tie,0.0,0,5,0,s012
fever_test_105693_Benzodiazepine::refutes,Benzodiazepine,all_tie,0.0,0,5,0,s002
fever_test_105832_Eva_Longoria::refutes,Eva_Longoria,all_tie,0.0,0,5,0,s000|s001|s002|s004|s007|s008
fever_test_105871_Adventure_Time::refutes,Adventure_Time,all_tie,0.0,0,5,0,s000
fever_test_106199_Champion_-LRB-1949_film-RRB-::supports,Champion_-LRB-1949_film-RRB-,all_tie,0.0,0,5,0,s000
fever_test_106576_Judd_Apatow::supports,Judd_Apatow,all_tie,0.0,0,5,0,s000|s008
fever_test_106654_Al_Gore::refutes,Al_Gore,all_tie,0.0,0,5,0,s020
fever_test_10679_Farrah_Fawcett::supports,Farrah_Fawcett,consistent_bm25_win,-0.5,0,0,5,s023
fever_test_106900_Donkey_-LRB-Shrek-RRB-::refutes,Donkey_-LRB-Shrek-RRB-,all_tie,0.0,0,5,0,s000
fever_test_106950_Chris_McKenna_-LRB-writer-RRB-::supports,Chris_McKenna_-LRB-writer-RRB-,mixed_across_seeds,-0.04444444444444444,0,4,1,s000|s001|s006|s010|s012|s016
fever_test_10703_Bryan_Cranston::supports,Bryan_Cranston,all_tie,0.0,0,5,0,s001
fever_test_107304_Henry_VIII_of_England::refutes,Henry_VIII_of_England,all_tie,0.0,0,5,0,s015
fever_test_107313_Gianluigi_Buffon::supports,Gianluigi_Buffon,all_tie,0.0,0,5,0,s009|s014
fever_test_107327_Dhool::refutes,Dhool,all_tie,0.0,0,5,0,s000
fever_test_107396_Hannibal::refutes,Hannibal,all_tie,0.0,0,5,0,s021
fever_test_10743_American_Horror_Story::supports,American_Horror_Story,all_tie,0.0,0,5,0,s000
fever_test_107703_Edward_Norton::supports,Edward_Norton,all_tie,0.0,0,5,0,s007
fever_test_107741_Chris_Evans_-LRB-actor-RRB-::refutes,Chris_Evans_-LRB-actor-RRB-,all_tie,0.0,0,5,0,s005
fever_test_107989_Keanu_Reeves::supports,Keanu_Reeves,all_tie,0.0,0,5,0,s016
fever_test_108009_John_Nash_-LRB-architect-RRB-::supports,John_Nash_-LRB-architect-RRB-,all_tie,0.0,0,5,0,s000|s001|s002|s003|s004
fever_test_108052_Jim_Carrey::supports,Jim_Carrey,mixed_across_seeds,0.15,3,2,0,s000|s006|s009|s015|s016
fever_test_108079_Baloch_people::refutes,Baloch_people,mixed_across_seeds,0.24000000000000005,3,2,0,s000|s003
fever_test_10807_Jeffrey_Dahmer::supports,Jeffrey_Dahmer,all_tie,0.0,0,5,0,s000
fever_test_108264_Ben_Kingsley::refutes,Ben_Kingsley,all_tie,0.0,0,5,0,s000
fever_test_108346_Elizabeth_I_of_England::supports,Elizabeth_I_of_England,all_tie,0.0,0,5,0,s000
fever_test_108379_Demi_Moore::refutes,Demi_Moore,all_tie,0.0,0,5,0,s009
fever_test_108449_Eva_Longoria::supports,Eva_Longoria,all_tie,0.0,0,5,0,s000
fever_test_108632_Isis::refutes,Isis,all_tie,0.0,0,5,0,s000
fever_test_108899_Journey_-LRB-band-RRB-::supports,Journey_-LRB-band-RRB-,all_tie,0.0,0,5,0,s000|s001|s002|s003|s011|s016|s021
fever_test_109212_Borrelia_afzelii::supports,Borrelia_afzelii,all_tie,0.0,0,5,0,s003
fever_test_109426_John_Malkovich::supports,John_Malkovich,all_tie,0.0,0,5,0,s003
fever_test_109496_Hannah_Simone::supports,Hannah_Simone,all_tie,0.0,0,5,0,s000
fever_test_109605_Azerbaijan::supports,Azerbaijan,all_tie,0.0,0,5,0,s005
fever_test_110013_Cancer::refutes,Cancer,all_tie,0.0,0,5,0,s000
fever_test_110026_Galaxy_Quest::supports,Galaxy_Quest,all_tie,0.0,0,5,0,s000
fever_test_110152_Gianluigi_Buffon::supports,Gianluigi_Buffon,all_tie,0.0,0,5,0,s000|s001
fever_test_110270_Farrah_Fawcett::supports,Farrah_Fawcett,all_tie,0.0,0,5,0,s014
fever_test_110288_Kris_Jenner::supports,Kris_Jenner,all_tie,0.0,0,5,0,s004
fever_test_110296_Borrelia_afzelii::supports,Borrelia_afzelii,all_tie,0.0,0,5,0,s003
fever_test_110366_Ballet_Shoes_-LRB-novel-RRB-::supports,Ballet_Shoes_-LRB-novel-RRB-,all_tie,0.0,0,5,0,s000|s004|s005
fever_test_110507_Allen_Ginsberg::supports,Allen_Ginsberg,all_tie,0.0,0,5,0,s000|s001|s002|s005|s008|s012|s013|s014|s015|s018|s019|s022|s023|s024
fever_test_110740_Guyana::supports,Guyana,all_tie,0.0,0,5,0,s002
fever_test_110883_John_Nash_-LRB-architect-RRB-::supports,John_Nash_-LRB-architect-RRB-,all_tie,0.0,0,5,0,s000
fever_test_11092_KJ_Apa::supports,KJ_Apa,all_tie,0.0,0,5,0,s001
fever_test_110943_Kristen_Stewart::supports,Kristen_Stewart,mixed_across_seeds,0.3,3,2,0,s002
fever_test_111108_Heinrich_Himmler::supports,Heinrich_Himmler,consistent_bm25_win,-0.5,0,0,5,s015
fever_test_111281_Eva_Longoria::supports,Eva_Longoria,all_tie,0.0,0,5,0,s000|s001|s002|s003|s004|s007
fever_test_111328_Keanu_Reeves::supports,Keanu_Reeves,all_tie,0.0,0,5,0,s017
fever_test_111330_Kevin_Durant::refutes,Kevin_Durant,all_tie,0.0,0,5,0,s015
fever_test_11145_Benzodiazepine::supports,Benzodiazepine,all_tie,0.0,0,5,0,s002|s016
fever_test_11146_Benzodiazepine::supports,Benzodiazepine,all_tie,0.0,0,5,0,s000|s002
fever_test_11147_Dhool::supports,Dhool,all_tie,0.0,0,5,0,s000
fever_test_111634_Grand_Theft_Auto_V::supports,Grand_Theft_Auto_V,all_tie,0.0,0,5,0,s004|s011|s016|s021
fever_test_111_Julia_Louis-Dreyfus::supports,Julia_Louis-Dreyfus,consistent_bm25_win,-0.4,0,0,5,s001|s007
fever_test_112038_Dhool::supports,Dhool,consistent_bm25_win,-0.4,0,0,5,s000|s002
fever_test_112239_Iain_Glen::supports,Iain_Glen,all_tie,0.0,0,5,0,s000
fever_test_11243_Kris_Jenner::supports,Kris_Jenner,all_tie,0.0,0,5,0,s004
fever_test_112541_Cate_Blanchett::refutes,Cate_Blanchett,consistent_c2ges_win,0.28571428571428575,5,0,0,s000|s003|s007|s008
fever_test_112603_Anorexia_nervosa::supports,Anorexia_nervosa,all_tie,0.0,0,5,0,s000
fever_test_112743_Journey_-LRB-band-RRB-::supports,Journey_-LRB-band-RRB-,all_tie,0.0,0,5,0,s000
fever_test_112871_Galaxy_Quest::refutes,Galaxy_Quest,all_tie,0.0,0,5,0,s000
fever_test_112_Julia_Louis-Dreyfus::supports,Julia_Louis-Dreyfus,consistent_bm25_win,-0.4,0,0,5,s001|s007
fever_test_113530_Annie_Parisse::supports,Annie_Parisse,all_tie,0.0,0,5,0,s000
fever_test_113902_Grand_Theft_Auto_V::refutes,Grand_Theft_Auto_V,all_tie,0.0,0,5,0,s000
fever_test_113903_Dhool::supports,Dhool,all_tie,0.0,0,5,0,s000
fever_test_113990_Chile::refutes,Chile,all_tie,0.0,0,5,0,s000|s001|s002|s003|s006|s007|s008|s009|s012|s013|s014|s016|s020|s021|s022|s023
fever_test_114286_Annie_Parisse::refutes,Annie_Parisse,all_tie,0.0,0,5,0,s000
fever_test_114396_Galaxy_Quest::supports,Galaxy_Quest,all_tie,0.0,0,5,0,s000
fever_test_114440_Journey_-LRB-band-RRB-::supports,Journey_-LRB-band-RRB-,all_tie,0.0,0,5,0,s000|s001|s002|s003|s004|s011|s014|s015|s016
fever_test_114529_American_Horror_Story::refutes,American_Horror_Story,all_tie,0.0,0,5,0,s000
fever_test_114718_Grand_Theft_Auto_V::supports,Grand_Theft_Auto_V,all_tie,0.0,0,5,0,s000
fever_test_115090_Jimmy_Carter::supports,Jimmy_Carter,mixed_across_seeds,0.22222222222222224,4,1,0,s000|s010|s011|s015|s023|s026
fever_test_11516_Al_Gore::supports,Al_Gore,all_tie,0.0,0,5,0,s000|s008
fever_test_11517_Al_Gore::supports,Al_Gore,all_tie,0.0,0,5,0,s000|s008
fever_test_115227_Iain_Glen::supports,Iain_Glen,all_tie,0.0,0,5,0,s000
fever_test_115466_Allen_Ginsberg::refutes,Allen_Ginsberg,all_tie,0.0,0,5,0,s019
fever_test_115883_Diane_Ruggiero::supports,Diane_Ruggiero,all_tie,0.0,0,5,0,s000
fever_test_115892_Beverly_Hills__90210::refutes,"Beverly_Hills,_90210",all_tie,0.0,0,5,0,s010
fever_test_116008_Eliza_Dushku::supports,Eliza_Dushku,all_tie,0.0,0,5,0,s002
fever_test_11620_Arizona::supports,Arizona,all_tie,0.0,0,5,0,s000|s021
fever_test_116502_Cthulhu::supports,Cthulhu,all_tie,0.0,0,5,0,s000|s002
fever_test_11660_Catherine_of_Alexandria::supports,Catherine_of_Alexandria,consistent_c2ges_win,0.4,5,0,0,s000|s003
fever_test_116778_Judd_Apatow::supports,Judd_Apatow,all_tie,0.0,0,5,0,s008
fever_test_116911_Beverly_Hills__90210::refutes,"Beverly_Hills,_90210",all_tie,0.0,0,5,0,s010
fever_test_117111_Inspectah_Deck::supports,Inspectah_Deck,all_tie,0.0,0,5,0,s000
fever_test_117308_Josh_Hartnett::refutes,Josh_Hartnett,all_tie,0.0,0,5,0,s000|s001|s002|s003|s006|s007|s008
fever_test_117312_James_Arness::refutes,James_Arness,all_tie,0.0,0,5,0,s000
fever_test_11731_Josh_Hartnett::supports,Josh_Hartnett,all_tie,0.0,0,5,0,s000
fever_test_117664_Guyana::supports,Guyana,all_tie,0.0,0,5,0,s007
fever_test_117764_American_Horror_Story::refutes,American_Horror_Story,all_tie,0.0,0,5,0,s005
fever_test_117820_Grand_Theft_Auto_V::supports,Grand_Theft_Auto_V,all_tie,0.0,0,5,0,s000|s004|s016|s021
fever_test_117882_Ben_Kingsley::refutes,Ben_Kingsley,all_tie,0.0,0,5,0,s000
fever_test_117917_Galaxy_Quest::supports,Galaxy_Quest,all_tie,0.0,0,5,0,s000
fever_test_118035_Boomerang_-LRB-1992_film-RRB-::supports,Boomerang_-LRB-1992_film-RRB-,all_tie,0.0,0,5,0,s000|s012
fever_test_118193_American_Horror_Story::supports,American_Horror_Story,all_tie,0.0,0,5,0,s016
fever_test_11830_Kenny_Chesney::supports,Kenny_Chesney,all_tie,0.0,0,5,0,s000
fever_test_118466_Diego_Costa::supports,Diego_Costa,all_tie,0.0,0,5,0,s008
fever_test_118516_Fahrenheit_451_-LRB-film-RRB-::supports,Fahrenheit_451_-LRB-film-RRB-,all_tie,0.0,0,5,0,s000|s003
fever_test_118535_James_Arness::supports,James_Arness,all_tie,0.0,0,5,0,s000
fever_test_118673_George_Best::supports,George_Best,consistent_c2ges_win,0.5,5,0,0,s000
fever_test_118946_Edward_Norton::supports,Edward_Norton,all_tie,0.0,0,5,0,s007
fever_test_118984_Fahrenheit_451_-LRB-film-RRB-::refutes,Fahrenheit_451_-LRB-film-RRB-,consistent_c2ges_win,0.5,5,0,0,s000
fever_test_119133_Champion_-LRB-1949_film-RRB-::refutes,Champion_-LRB-1949_film-RRB-,all_tie,0.0,0,5,0,s000
fever_test_11947_James_Bond::supports,James_Bond,mixed_across_seeds,-0.4,0,1,4,s008
fever_test_119497_Iain_Glen::supports,Iain_Glen,all_tie,0.0,0,5,0,s000|s001|s002
fever_test_119602_Hannibal::supports,Hannibal,all_tie,0.0,0,5,0,s006
fever_test_119863_Daenerys_Targaryen::supports,Daenerys_Targaryen,all_tie,0.0,0,5,0,s000
fever_test_120471_Ben_Kingsley::supports,Ben_Kingsley,all_tie,0.0,0,5,0,s000
fever_test_120778_Eric_Church::refutes,Eric_Church,all_tie,0.0,0,5,0,s000
fever_test_120946_Elizabeth_I_of_England::supports,Elizabeth_I_of_England,consistent_bm25_win,-0.45714285714285713,0,0,5,s006|s007|s008|s011
fever_test_121171_Farrah_Fawcett::refutes,Farrah_Fawcett,all_tie,0.0,0,5,0,s001|s002
fever_test_121236_Kevin_Durant::supports,Kevin_Durant,all_tie,0.0,0,5,0,s016
fever_test_121253_Azerbaijan::supports,Azerbaijan,all_tie,0.0,0,5,0,s000
fever_test_121365_Jimmy_Carter::supports,Jimmy_Carter,all_tie,0.0,0,5,0,s001|s008
fever_test_121785_Jimmy_Carter::supports,Jimmy_Carter,all_tie,0.0,0,5,0,s010
fever_test_121895_Diane_Ruggiero::refutes,Diane_Ruggiero,all_tie,0.0,0,5,0,s005
fever_test_12229_Borrelia_afzelii::supports,Borrelia_afzelii,all_tie,0.0,0,5,0,s003
fever_test_122411_James_Bond::supports,James_Bond,mixed_across_seeds,0.2,2,3,0,s000
fever_test_122476_Journey_-LRB-band-RRB-::supports,Journey_-LRB-band-RRB-,all_tie,0.0,0,5,0,s011
fever_test_12247_Jimmy_Carter::supports,Jimmy_Carter,mixed_across_seeds,-0.03636363636363636,0,4,1,s000|s001|s002|s011|s015|s019|s023|s026
fever_test_122794_Faye_Resnick::supports,Faye_Resnick,all_tie,0.0,0,5,0,s000|s001
fever_test_122896_Ji_Chang-wook::supports,Ji_Chang-wook,all_tie,0.0,0,5,0,s000|s001
fever_test_122970_Daenerys_Targaryen::refutes,Daenerys_Targaryen,all_tie,0.0,0,5,0,s000
fever_test_123035_Grand_Theft_Auto_V::refutes,Grand_Theft_Auto_V,all_tie,0.0,0,5,0,s000
fever_test_12313_Eva_Longoria::supports,Eva_Longoria,all_tie,0.0,0,5,0,s000
fever_test_123276_Dan_Trachtenberg::refutes,Dan_Trachtenberg,all_tie,0.0,0,5,0,s000
fever_test_123292_Judd_Apatow::supports,Judd_Apatow,all_tie,0.0,0,5,0,s008
fever_test_123409_Dhool::supports,Dhool,all_tie,0.0,0,5,0,s000
fever_test_123490_Champion_-LRB-1949_film-RRB-::supports,Champion_-LRB-1949_film-RRB-,all_tie,0.0,0,5,0,s000
fever_test_123675_Dan_Trachtenberg::refutes,Dan_Trachtenberg,all_tie,0.0,0,5,0,s000
fever_test_123853_Edward_Norton::supports,Edward_Norton,all_tie,0.0,0,5,0,s007
fever_test_124066_Demi_Moore::supports,Demi_Moore,all_tie,0.0,0,5,0,s006|s008
fever_test_124144_Holiday-COLON-_A_Soldier_Is_Never_Off_Duty::refutes,Holiday-COLON-_A_Soldier_Is_Never_Off_Duty,all_tie,0.0,0,5,0,s000
fever_test_124382_Judd_Apatow::supports,Judd_Apatow,all_tie,0.0,0,5,0,s000
fever_test_12443_Ann_Richards::supports,Ann_Richards,all_tie,0.0,0,5,0,s000
fever_test_124540_Francis_I_of_France::supports,Francis_I_of_France,all_tie,0.0,0,5,0,s000
fever_test_1248_Ghost_-LRB-1990_film-RRB-::refutes,Ghost_-LRB-1990_film-RRB-,all_tie,0.0,0,5,0,s000
fever_test_124941_Grand_Theft_Auto_V::refutes,Grand_Theft_Auto_V,all_tie,0.0,0,5,0,s000
fever_test_125024_Grateful_Dead::refutes,Grateful_Dead,consistent_bm25_win,-0.4,0,0,5,s010|s012
fever_test_125085_Community_-LRB-TV_series-RRB-::supports,Community_-LRB-TV_series-RRB-,consistent_bm25_win,-0.5,0,0,5,s015
fever_test_12517_Champion_-LRB-1949_film-RRB-::supports,Champion_-LRB-1949_film-RRB-,all_tie,0.0,0,5,0,s000
fever_test_12518_Champion_-LRB-1949_film-RRB-::refutes,Champion_-LRB-1949_film-RRB-,consistent_c2ges_win,0.4,5,0,0,s000|s001
fever_test_125238_Josh_Hartnett::refutes,Josh_Hartnett,all_tie,0.0,0,5,0,s000
fever_test_125243_Holiday-COLON-_A_Soldier_Is_Never_Off_Duty::refutes,Holiday-COLON-_A_Soldier_Is_Never_Off_Duty,consistent_c2ges_win,0.4,5,0,0,s000|s003
fever_test_125306_Isis::supports,Isis,all_tie,0.0,0,5,0,s000
fever_test_125557_Chile::supports,Chile,all_tie,0.0,0,5,0,s000
fever_test_126090_Keanu_Reeves::supports,Keanu_Reeves,all_tie,0.0,0,5,0,s016
fever_test_126181_Diego_Costa::refutes,Diego_Costa,all_tie,0.0,0,5,0,s000
fever_test_126393_David_Jones_-LRB-video_game_developer-RRB-::supports,David_Jones_-LRB-video_game_developer-RRB-,all_tie,0.0,0,5,0,s000
fever_test_126402_Hugh_Jackman::supports,Hugh_Jackman,all_tie,0.0,0,5,0,s008
fever_test_126511_Julianne_Hough::supports,Julianne_Hough,consistent_bm25_win,-0.3333333333333333,0,0,5,s000|s003|s006
fever_test_126554_Edward_Norton::supports,Edward_Norton,all_tie,0.0,0,5,0,s007
fever_test_126589_Annie_Parisse::supports,Annie_Parisse,all_tie,0.0,0,5,0,s002
fever_test_126769_Galaxy_Quest::supports,Galaxy_Quest,all_tie,0.0,0,5,0,s000
fever_test_126860_Borrelia_afzelii::refutes,Borrelia_afzelii,all_tie,0.0,0,5,0,s000
fever_test_127124_Janet_Jackson::refutes,Janet_Jackson,all_tie,0.0,0,5,0,s000
fever_test_127186_Hannah_Simone::supports,Hannah_Simone,all_tie,0.0,0,5,0,s000
fever_test_127528_Game_of_Thrones::supports,Game_of_Thrones,all_tie,0.0,0,5,0,s012
fever_test_127915_Bryan_Cranston::supports,Bryan_Cranston,mixed_across_seeds,-0.08,0,4,1,s001|s008
fever_test_127999_David_Arquette::refutes,David_Arquette,all_tie,0.0,0,5,0,s002
fever_test_12838_Eva_Longoria::supports,Eva_Longoria,all_tie,0.0,0,5,0,s000
fever_test_128468_Annie_Parisse::supports,Annie_Parisse,all_tie,0.0,0,5,0,s000
fever_test_128521_Anne_Hathaway::supports,Anne_Hathaway,all_tie,0.0,0,5,0,s014
fever_test_128634_Janet_Jackson::supports,Janet_Jackson,all_tie,0.0,0,5,0,s000
fever_test_128729_Borrelia_afzelii::refutes,Borrelia_afzelii,all_tie,0.0,0,5,0,s000|s003|s006
fever_test_129063_Annette_Badland::supports,Annette_Badland,all_tie,0.0,0,5,0,s001
fever_test_129104_Journey_-LRB-band-RRB-::refutes,Journey_-LRB-band-RRB-,all_tie,0.0,0,5,0,s000
fever_test_129137_Faye_Resnick::refutes,Faye_Resnick,all_tie,0.0,0,5,0,s000
fever_test_129213_Borrelia_afzelii::supports,Borrelia_afzelii,all_tie,0.0,0,5,0,s003
fever_test_129235_Edward_Norton::refutes,Edward_Norton,mixed_across_seeds,-0.06153846153846154,0,3,2,s000|s003|s004|s007|s008|s009|s010|s011|s012|s013
fever_test_129382_Jeffrey_Dahmer::supports,Jeffrey_Dahmer,all_tie,0.0,0,5,0,s000
fever_test_129525_Journey_-LRB-band-RRB-::supports,Journey_-LRB-band-RRB-,all_tie,0.0,0,5,0,s000|s011|s016
fever_test_129569_Catherine_of_Alexandria::supports,Catherine_of_Alexandria,all_tie,0.0,0,5,0,s000
fever_test_129694_David_Jones_-LRB-video_game_developer-RRB-::supports,David_Jones_-LRB-video_game_developer-RRB-,all_tie,0.0,0,5,0,s000
fever_test_129778_Elizabeth_I_of_England::refutes,Elizabeth_I_of_England,all_tie,0.0,0,5,0,s001
fever_test_129914_Eliza_Dushku::refutes,Eliza_Dushku,all_tie,0.0,0,5,0,s000|s002
fever_test_130025_Diane_Ruggiero::supports,Diane_Ruggiero,all_tie,0.0,0,5,0,s000|s001|s002|s005|s006|s007
fever_test_130092_Jeffrey_Dahmer::refutes,Jeffrey_Dahmer,all_tie,0.0,0,5,0,s001
fever_test_130152_Galaxy_Quest::supports,Galaxy_Quest,mixed_across_seeds,-0.036363636363636355,0,4,1,s000|s001|s004|s006|s007|s010|s011|s012
fever_test_1301_Judd_Apatow::supports,Judd_Apatow,all_tie,0.0,0,5,0,s000|s001
fever_test_1302_Judd_Apatow::supports,Judd_Apatow,all_tie,0.0,0,5,0,s000
fever_test_13032_Al_Gore::supports,Al_Gore,all_tie,0.0,0,5,0,s002|s009
fever_test_130440_Julianne_Hough::supports,Julianne_Hough,all_tie,0.0,0,5,0,s005
fever_test_13069_Charles_Manson::supports,Charles_Manson,all_tie,0.0,0,5,0,s000
fever_test_130900_Azerbaijan::supports,Azerbaijan,consistent_c2ges_win,0.4,5,0,0,s000|s007
fever_test_130990_Cheaper_by_the_Dozen_-LRB-2003_film-RRB-::refutes,Cheaper_by_the_Dozen_-LRB-2003_film-RRB-,all_tie,0.0,0,5,0,s000
fever_test_13125_Catherine_of_Alexandria::refutes,Catherine_of_Alexandria,all_tie,0.0,0,5,0,s000
fever_test_131390_Al_Gore::refutes,Al_Gore,all_tie,0.0,0,5,0,s000|s001|s003|s006|s007|s008|s009|s013|s014|s015|s016|s019|s020|s021
fever_test_131499_Buddhism::supports,Buddhism,all_tie,0.0,0,5,0,s000
fever_test_131633_Dhool::refutes,Dhool,all_tie,0.0,0,5,0,s000|s001|s002|s003|s004
fever_test_131642_Farrah_Fawcett::supports,Farrah_Fawcett,all_tie,0.0,0,5,0,s016|s020|s023
fever_test_132147_Keanu_Reeves::supports,Keanu_Reeves,consistent_bm25_win,-0.5,0,0,5,s016
fever_test_132422_Borrelia_afzelii::refutes,Borrelia_afzelii,all_tie,0.0,0,5,0,s000
fever_test_132649_Ghost_-LRB-1990_film-RRB-::supports,Ghost_-LRB-1990_film-RRB-,all_tie,0.0,0,5,0,s000|s007
fever_test_133039_Isis::refutes,Isis,all_tie,0.0,0,5,0,s000
fever_test_133473_Isis::refutes,Isis,all_tie,0.0,0,5,0,s000
fever_test_133578_Bryan_Cranston::refutes,Bryan_Cranston,all_tie,0.0,0,5,0,s000
fever_test_133612_Al_Gore::supports,Al_Gore,all_tie,0.0,0,5,0,s000
fever_test_133975_Hillary_Clinton::refutes,Hillary_Clinton,all_tie,0.0,0,5,0,s023
fever_test_134416_David_Jones_-LRB-video_game_developer-RRB-::supports,David_Jones_-LRB-video_game_developer-RRB-,all_tie,0.0,0,5,0,s000
fever_test_134758_Champion_-LRB-1949_film-RRB-::supports,Champion_-LRB-1949_film-RRB-,all_tie,0.0,0,5,0,s000
fever_test_135115_Final_Fantasy_XII::refutes,Final_Fantasy_XII,all_tie,0.0,0,5,0,s000|s001|s002|s003|s006|s013|s014|s015|s016|s017
fever_test_135183_Jeffrey_Dahmer::supports,Jeffrey_Dahmer,all_tie,0.0,0,5,0,s009
fever_test_135215_Elizabeth_I_of_England::refutes,Elizabeth_I_of_England,mixed_across_seeds,0.3,3,2,0,s004
fever_test_13528_Journey_-LRB-band-RRB-::supports,Journey_-LRB-band-RRB-,all_tie,0.0,0,5,0,s000
fever_test_13529_Journey_-LRB-band-RRB-::supports,Journey_-LRB-band-RRB-,all_tie,0.0,0,5,0,s000|s001|s002|s011|s014|s015|s016
fever_test_135314_Foo_Fighters::refutes,Foo_Fighters,all_tie,0.0,0,5,0,s000
fever_test_13545_Boomerang_-LRB-1992_film-RRB-::refutes,Boomerang_-LRB-1992_film-RRB-,all_tie,0.0,0,5,0,s000
fever_test_13592_Gianluigi_Buffon::supports,Gianluigi_Buffon,all_tie,0.0,0,5,0,s009|s026|s028
fever_test_136044_Journey_-LRB-band-RRB-::refutes,Journey_-LRB-band-RRB-,consistent_bm25_win,-0.15384615384615385,0,0,5,s000|s001|s002|s003|s004|s005|s011|s014|s015|s016
fever_test_136206_Anorexia_nervosa::refutes,Anorexia_nervosa,all_tie,0.0,0,5,0,s000
fever_test_136228_Iain_Glen::supports,Iain_Glen,all_tie,0.0,0,5,0,s000|s001|s002
fever_test_136269_James_Bond::refutes,James_Bond,all_tie,0.0,0,5,0,s000
fever_test_136312_Hannibal::refutes,Hannibal,all_tie,0.0,0,5,0,s000
fever_test_136389_Ji_Chang-wook::supports,Ji_Chang-wook,all_tie,0.0,0,5,0,s000
fever_test_136480_Azerbaijan::supports,Azerbaijan,all_tie,0.0,0,5,0,s000
fever_test_136491_Josh_Hartnett::supports,Josh_Hartnett,all_tie,0.0,0,5,0,s000|s001|s002|s003|s006|s007|s008
fever_test_136543_George_Best::refutes,George_Best,all_tie,0.0,0,5,0,s009
fever_test_136617_Champion_-LRB-1949_film-RRB-::supports,Champion_-LRB-1949_film-RRB-,all_tie,0.0,0,5,0,s000
fever_test_136883_Community_-LRB-TV_series-RRB-::supports,Community_-LRB-TV_series-RRB-,all_tie,0.0,0,5,0,s015
fever_test_136894_Boomerang_-LRB-1992_film-RRB-::refutes,Boomerang_-LRB-1992_film-RRB-,all_tie,0.0,0,5,0,s000
fever_test_137193_Cancer::refutes,Cancer,mixed_across_seeds,-0.1,0,4,1,s002
fever_test_137237_Iain_Glen::refutes,Iain_Glen,all_tie,0.0,0,5,0,s000|s001|s002
fever_test_137304_Buddhism::refutes,Buddhism,consistent_c2ges_win,0.3333333333333333,5,0,0,s000|s002|s003
fever_test_137416_Arizona::refutes,Arizona,mixed_across_seeds,0.05714285714285715,1,4,0,s000|s004|s015|s021
fever_test_137580_Cheaper_by_the_Dozen_-LRB-2003_film-RRB-::supports,Cheaper_by_the_Dozen_-LRB-2003_film-RRB-,all_tie,0.0,0,5,0,s000
fever_test_13783_David_Arquette::supports,David_Arquette,all_tie,0.0,0,5,0,s002
fever_test_137842_Arizona::refutes,Arizona,mixed_across_seeds,-0.13333333333333336,0,1,4,s000|s001|s002|s003|s004|s009|s015|s016|s022
fever_test_137906_Borrelia_afzelii::supports,Borrelia_afzelii,all_tie,0.0,0,5,0,s003
fever_test_137962_Ji_Chang-wook::refutes,Ji_Chang-wook,all_tie,0.0,0,5,0,s000
fever_test_138094_Future_-LRB-rapper-RRB-::refutes,Future_-LRB-rapper-RRB-,all_tie,0.0,0,5,0,s000|s001
fever_test_138209_Foo_Fighters::refutes,Foo_Fighters,all_tie,0.0,0,5,0,s000
fever_test_138353_Jon_Snow_-LRB-character-RRB-::supports,Jon_Snow_-LRB-character-RRB-,all_tie,0.0,0,5,0,s000
fever_test_138457_Ballet_Shoes_-LRB-novel-RRB-::refutes,Ballet_Shoes_-LRB-novel-RRB-,all_tie,0.0,0,5,0,s000|s001|s004
fever_test_138706_Keanu_Reeves::supports,Keanu_Reeves,all_tie,0.0,0,5,0,s016
fever_test_138756_Isis::supports,Isis,all_tie,0.0,0,5,0,s000
fever_test_138906_Ben_Kingsley::supports,Ben_Kingsley,all_tie,0.0,0,5,0,s000
fever_test_139451_Journey_-LRB-band-RRB-::refutes,Journey_-LRB-band-RRB-,consistent_c2ges_win,0.4,5,0,0,s000|s011
fever_test_139735_KJ_Apa::supports,KJ_Apa,all_tie,0.0,0,5,0,s000|s001|s002|s003
fever_test_139762_Ekta_Kapoor::supports,Ekta_Kapoor,all_tie,0.0,0,5,0,s000
fever_test_140382_Buddhism::supports,Buddhism,all_tie,0.0,0,5,0,s000|s003
fever_test_140390_Cthulhu::supports,Cthulhu,all_tie,0.0,0,5,0,s000
fever_test_140409_Dhool::refutes,Dhool,all_tie,0.0,0,5,0,s000
fever_test_140645_Francis_I_of_France::refutes,Francis_I_of_France,all_tie,0.0,0,5,0,s011
fever_test_140775_Journey_-LRB-band-RRB-::supports,Journey_-LRB-band-RRB-,consistent_c2ges_win,0.5,5,0,0,s000
fever_test_140787_Grand_Theft_Auto_V::refutes,Grand_Theft_Auto_V,all_tie,0.0,0,5,0,s000
fever_test_140795_Edward_Norton::supports,Edward_Norton,all_tie,0.0,0,5,0,s007
fever_test_140886_Adventure_Time::refutes,Adventure_Time,all_tie,0.0,0,5,0,s000
fever_test_141149_Jeffrey_Dahmer::supports,Jeffrey_Dahmer,all_tie,0.0,0,5,0,s000
fever_test_141325_Al_Gore::refutes,Al_Gore,all_tie,0.0,0,5,0,s009
fever_test_14141_Galaxy_Quest::supports,Galaxy_Quest,all_tie,0.0,0,5,0,s000
fever_test_14143_Ji_Chang-wook::supports,Ji_Chang-wook,all_tie,0.0,0,5,0,s000
fever_test_141494_Annie_Parisse::refutes,Annie_Parisse,all_tie,0.0,0,5,0,s000
fever_test_141620_Buddhism::supports,Buddhism,all_tie,0.0,0,5,0,s003
fever_test_142081_Josh_Hartnett::refutes,Josh_Hartnett,all_tie,0.0,0,5,0,s000
fever_test_142520_Jon_Snow_-LRB-character-RRB-::refutes,Jon_Snow_-LRB-character-RRB-,all_tie,0.0,0,5,0,s000
fever_test_142838_Galaxy_Quest::supports,Galaxy_Quest,all_tie,0.0,0,5,0,s000
fever_test_142923_Faye_Resnick::refutes,Faye_Resnick,all_tie,0.0,0,5,0,s000
fever_test_143028_Charles_Manson::supports,Charles_Manson,all_tie,0.0,0,5,0,s000
fever_test_143068_Final_Fantasy_XII::supports,Final_Fantasy_XII,all_tie,0.0,0,5,0,s000
fever_test_143249_Champion_-LRB-1949_film-RRB-::supports,Champion_-LRB-1949_film-RRB-,all_tie,0.0,0,5,0,s000
fever_test_143415_Farrah_Fawcett::supports,Farrah_Fawcett,all_tie,0.0,0,5,0,s016
fever_test_143418_Journey_-LRB-band-RRB-::supports,Journey_-LRB-band-RRB-,consistent_bm25_win,-0.4,0,0,5,s014|s015
fever_test_143838_Adventure_Time::supports,Adventure_Time,all_tie,0.0,0,5,0,s000|s017
fever_test_143854_Guyana::supports,Guyana,all_tie,0.0,0,5,0,s002
fever_test_144128_Dhool::supports,Dhool,all_tie,0.0,0,5,0,s000
fever_test_144158_Diego_Costa::supports,Diego_Costa,all_tie,0.0,0,5,0,s008
fever_test_144170_Eric_Church::supports,Eric_Church,all_tie,0.0,0,5,0,s000|s007
fever_test_144256_Annie_Parisse::supports,Annie_Parisse,all_tie,0.0,0,5,0,s001
fever_test_144606_Anorexia_nervosa::supports,Anorexia_nervosa,all_tie,0.0,0,5,0,s034
fever_test_144689_Julia_Louis-Dreyfus::supports,Julia_Louis-Dreyfus,consistent_bm25_win,-0.3333333333333333,0,0,5,s001|s006|s008
fever_test_144693_American_Horror_Story::supports,American_Horror_Story,all_tie,0.0,0,5,0,s000
fever_test_144710_Journey_-LRB-band-RRB-::refutes,Journey_-LRB-band-RRB-,all_tie,0.0,0,5,0,s000
fever_test_144754_Azerbaijan::supports,Azerbaijan,all_tie,0.0,0,5,0,s000|s001
fever_test_144780_Allen_Ginsberg::supports,Allen_Ginsberg,consistent_c2ges_win,0.5,5,0,0,s000
fever_test_145243_Gianluigi_Buffon::supports,Gianluigi_Buffon,all_tie,0.0,0,5,0,s000
fever_test_145299_Buddhism::supports,Buddhism,all_tie,0.0,0,5,0,s000|s003
fever_test_145311_Annie_Parisse::refutes,Annie_Parisse,all_tie,0.0,0,5,0,s000
fever_test_145403_Fidel_Castro::refutes,Fidel_Castro,all_tie,0.0,0,5,0,s007
fever_test_145908_Journey_-LRB-band-RRB-::refutes,Journey_-LRB-band-RRB-,all_tie,0.0,0,5,0,s000
fever_test_145919_Anne_Hathaway::refutes,Anne_Hathaway,all_tie,0.0,0,5,0,s000
fever_test_145970_Judd_Apatow::supports,Judd_Apatow,all_tie,0.0,0,5,0,s008
fever_test_146079_Diego_Costa::supports,Diego_Costa,all_tie,0.0,0,5,0,s000
fever_test_146188_Jim_Carrey::supports,Jim_Carrey,all_tie,0.0,0,5,0,s000|s005|s006|s009|s013|s014
fever_test_146858_Janet_Jackson::refutes,Janet_Jackson,all_tie,0.0,0,5,0,s000
fever_test_14691_Jimmy_Carter::refutes,Jimmy_Carter,all_tie,0.0,0,5,0,s010
fever_test_147166_Inspectah_Deck::supports,Inspectah_Deck,all_tie,0.0,0,5,0,s000
fever_test_147199_Ann_Richards::refutes,Ann_Richards,all_tie,0.0,0,5,0,s000|s002
fever_test_147420_Kris_Jenner::supports,Kris_Jenner,all_tie,0.0,0,5,0,s004
fever_test_147477_Arizona::supports,Arizona,all_tie,0.0,0,5,0,s000
fever_test_147510_Donkey_-LRB-Shrek-RRB-::refutes,Donkey_-LRB-Shrek-RRB-,all_tie,0.0,0,5,0,s000
fever_test_147873_Anorexia_nervosa::supports,Anorexia_nervosa,all_tie,0.0,0,5,0,s000
fever_test_147985_Jon_Pertwee::supports,Jon_Pertwee,all_tie,0.0,0,5,0,s000
fever_test_14819_Grateful_Dead::supports,Grateful_Dead,all_tie,0.0,0,5,0,s015
fever_test_14820_Grateful_Dead::supports,Grateful_Dead,all_tie,0.0,0,5,0,s015
fever_test_148222_Anne_Hathaway::supports,Anne_Hathaway,consistent_c2ges_win,0.1428571428571428,5,0,0,s000|s001|s002|s003|s007|s008|s009|s012|s013|s014|s015
fever_test_148507_Azerbaijan::supports,Azerbaijan,all_tie,0.0,0,5,0,s000|s005|s006|s007|s013|s014|s015|s017|s020
fever_test_148517_KJ_Apa::supports,KJ_Apa,all_tie,0.0,0,5,0,s001
fever_test_148696_Arizona::supports,Arizona,all_tie,0.0,0,5,0,s000
fever_test_148919_Galaxy_Quest::refutes,Galaxy_Quest,all_tie,0.0,0,5,0,s000
fever_test_148972_Julianne_Hough::supports,Julianne_Hough,all_tie,0.0,0,5,0,s000|s001|s002|s003|s004|s005|s006
fever_test_149048_Kevin_Durant::supports,Kevin_Durant,mixed_across_seeds,-0.1,0,4,1,s006
fever_test_149145_Al_Gore::supports,Al_Gore,all_tie,0.0,0,5,0,s009
fever_test_149445_Hannah_Simone::refutes,Hannah_Simone,all_tie,0.0,0,5,0,s000
fever_test_149448_Kenny_Chesney::refutes,Kenny_Chesney,all_tie,0.0,0,5,0,s000
fever_test_149752_Chile::refutes,Chile,all_tie,0.0,0,5,0,s000
fever_test_150207_Jon_Snow_-LRB-character-RRB-::refutes,Jon_Snow_-LRB-character-RRB-,consistent_c2ges_win,0.4,5,0,0,s000|s006
fever_test_150208_Elizabeth_I_of_England::supports,Elizabeth_I_of_England,all_tie,0.0,0,5,0,s001
fever_test_150326_Adventure_Time::supports,Adventure_Time,all_tie,0.0,0,5,0,s019
fever_test_150388_Edward_Norton::refutes,Edward_Norton,all_tie,0.0,0,5,0,s000|s001|s003|s004|s007|s008|s010|s012|s013
fever_test_150983_Galaxy_Quest::refutes,Galaxy_Quest,all_tie,0.0,0,5,0,s000
fever_test_151010_Dhool::supports,Dhool,all_tie,0.0,0,5,0,s000
fever_test_15115_Buddhism::supports,Buddhism,mixed_across_seeds,0.16,2,3,0,s000|s001
fever_test_151326_Farrah_Fawcett::supports,Farrah_Fawcett,consistent_c2ges_win,0.5,5,0,0,s020
fever_test_151357_Charles_Manson::supports,Charles_Manson,all_tie,0.0,0,5,0,s000
fever_test_151443_Azerbaijan::refutes,Azerbaijan,all_tie,0.0,0,5,0,s000
fever_test_15156_Inspectah_Deck::supports,Inspectah_Deck,all_tie,0.0,0,5,0,s000
fever_test_15157_Inspectah_Deck::supports,Inspectah_Deck,all_tie,0.0,0,5,0,s000
fever_test_151880_Grateful_Dead::refutes,Grateful_Dead,all_tie,0.0,0,5,0,s015
fever_test_151935_Arizona::refutes,Arizona,all_tie,0.0,0,5,0,s000|s012
fever_test_152091_Journey_-LRB-band-RRB-::supports,Journey_-LRB-band-RRB-,all_tie,0.0,0,5,0,s000|s016
fever_test_152156_Jon_Snow_-LRB-character-RRB-::refutes,Jon_Snow_-LRB-character-RRB-,all_tie,0.0,0,5,0,s000|s013
fever_test_152379_Ji_Chang-wook::supports,Ji_Chang-wook,all_tie,0.0,0,5,0,s000|s001
fever_test_152386_Ben_Kingsley::supports,Ben_Kingsley,all_tie,0.0,0,5,0,s000
fever_test_152712_Hugh_Jackman::supports,Hugh_Jackman,all_tie,0.0,0,5,0,s003
fever_test_152883_Edward_Norton::supports,Edward_Norton,all_tie,0.0,0,5,0,s007
fever_test_153114_Buddhism::refutes,Buddhism,consistent_c2ges_win,0.5,5,0,0,s000
fever_test_153197_Galaxy_Quest::refutes,Galaxy_Quest,all_tie,0.0,0,5,0,s000
fever_test_153199_Bryan_Cranston::supports,Bryan_Cranston,mixed_across_seeds,-0.3,0,2,3,s008
fever_test_153277_Community_-LRB-TV_series-RRB-::refutes,Community_-LRB-TV_series-RRB-,all_tie,0.0,0,5,0,s015
fever_test_153300_Boomerang_-LRB-1992_film-RRB-::supports,Boomerang_-LRB-1992_film-RRB-,all_tie,0.0,0,5,0,s000
fever_test_153324_Jim_Carrey::refutes,Jim_Carrey,all_tie,0.0,0,5,0,s000
fever_test_153504_Janet_Jackson::supports,Janet_Jackson,all_tie,0.0,0,5,0,s000|s012
fever_test_153528_Eliza_Dushku::supports,Eliza_Dushku,all_tie,0.0,0,5,0,s000
fever_test_15362_Adventure_Time::supports,Adventure_Time,all_tie,0.0,0,5,0,s000
fever_test_15363_Adventure_Time::supports,Adventure_Time,all_tie,0.0,0,5,0,s000
fever_test_153813_Azerbaijan::supports,Azerbaijan,all_tie,0.0,0,5,0,s005
fever_test_154009_Justin_Chatwin::refutes,Justin_Chatwin,all_tie,0.0,0,5,0,s000
fever_test_154029_Journey_-LRB-band-RRB-::supports,Journey_-LRB-band-RRB-,all_tie,0.0,0,5,0,s000
fever_test_154144_Chile::refutes,Chile,all_tie,0.0,0,5,0,s000
fever_test_154510_Bryan_Cranston::refutes,Bryan_Cranston,all_tie,0.0,0,5,0,s000|s001|s004|s008|s009|s010|s011|s016
fever_test_154555_Hillary_Clinton::supports,Hillary_Clinton,all_tie,0.0,0,5,0,s000|s022|s023|s024|s025
fever_test_154610_Journey_-LRB-band-RRB-::refutes,Journey_-LRB-band-RRB-,all_tie,0.0,0,5,0,s000|s016
fever_test_154681_Hugh_Jackman::supports,Hugh_Jackman,all_tie,0.0,0,5,0,s001
fever_test_155279_David_Arquette::refutes,David_Arquette,all_tie,0.0,0,5,0,s002
fever_test_155475_Iain_Glen::refutes,Iain_Glen,all_tie,0.0,0,5,0,s000
fever_test_155530_Keanu_Reeves::refutes,Keanu_Reeves,all_tie,0.0,0,5,0,s003
fever_test_155769_George_Best::supports,George_Best,all_tie,0.0,0,5,0,s000
fever_test_155807_Chile::supports,Chile,all_tie,0.0,0,5,0,s020
fever_test_155823_Foo_Fighters::refutes,Foo_Fighters,all_tie,0.0,0,5,0,s000
fever_test_156067_Elizabeth_I_of_England::supports,Elizabeth_I_of_England,mixed_across_seeds,-0.4,0,1,4,s001
fever_test_156148_Eva_Longoria::refutes,Eva_Longoria,all_tie,0.0,0,5,0,s000
fever_test_156419_Gianluigi_Buffon::refutes,Gianluigi_Buffon,all_tie,0.0,0,5,0,s000
fever_test_156512_Dhool::refutes,Dhool,all_tie,0.0,0,5,0,s000|s001|s002|s003|s004
fever_test_156569_Jimmy_Carter::refutes,Jimmy_Carter,mixed_across_seeds,0.2666666666666667,4,1,0,s001|s008|s009
fever_test_156631_Fahrenheit_451_-LRB-film-RRB-::supports,Fahrenheit_451_-LRB-film-RRB-,all_tie,0.0,0,5,0,s000
fever_test_15666_Iain_Glen::supports,Iain_Glen,all_tie,0.0,0,5,0,s000
fever_test_156891_Heinrich_Himmler::supports,Heinrich_Himmler,all_tie,0.0,0,5,0,s000
fever_test_157039_Jimmy_Carter::refutes,Jimmy_Carter,consistent_c2ges_win,0.5,5,0,0,s000
fever_test_157172_Community_-LRB-TV_series-RRB-::supports,Community_-LRB-TV_series-RRB-,all_tie,0.0,0,5,0,s000|s015
fever_test_157316_Jamie_Lee_Curtis::supports,Jamie_Lee_Curtis,mixed_across_seeds,0.05714285714285715,1,4,0,s001|s002|s003|s006
fever_test_157492_Arizona::refutes,Arizona,all_tie,0.0,0,5,0,s000|s001|s002|s004|s009
fever_test_157607_Azerbaijan::supports,Azerbaijan,consistent_c2ges_win,0.5,5,0,0,s025
fever_test_157628_Inspectah_Deck::supports,Inspectah_Deck,all_tie,0.0,0,5,0,s000
fever_test_157635_Dhool::refutes,Dhool,all_tie,0.0,0,5,0,s000|s002
fever_test_158004_David_Arquette::supports,David_Arquette,consistent_bm25_win,-0.5,0,0,5,s002
fever_test_158158_Al_Gore::refutes,Al_Gore,all_tie,0.0,0,5,0,s000
fever_test_158185_Iain_Glen::refutes,Iain_Glen,all_tie,0.0,0,5,0,s000|s001|s002
fever_test_158238_Chris_Evans_-LRB-actor-RRB-::supports,Chris_Evans_-LRB-actor-RRB-,all_tie,0.0,0,5,0,s005
fever_test_158345_Hugh_Jackman::refutes,Hugh_Jackman,all_tie,0.0,0,5,0,s008
fever_test_160399_Buddhism::refutes,Buddhism,all_tie,0.0,0,5,0,s000|s007
fever_test_160529_Buddhism::refutes,Buddhism,all_tie,0.0,0,5,0,s003
fever_test_160736_Buddhism::supports,Buddhism,all_tie,0.0,0,5,0,s003
fever_test_160855_Beverly_Hills__90210::refutes,"Beverly_Hills,_90210",all_tie,0.0,0,5,0,s010
fever_test_161356_Buddhism::supports,Buddhism,all_tie,0.0,0,5,0,s000
fever_test_16136_George_Best::refutes,George_Best,all_tie,0.0,0,5,0,s000|s018|s023
fever_test_161383_Buddhism::refutes,Buddhism,consistent_c2ges_win,0.4,5,0,0,s000|s003
fever_test_161430_Buddhism::supports,Buddhism,all_tie,0.0,0,5,0,s000
fever_test_161435_Buddhism::supports,Buddhism,all_tie,0.0,0,5,0,s003
fever_test_161538_Enemy_-LRB-2013_film-RRB-::supports,Enemy_-LRB-2013_film-RRB-,all_tie,0.0,0,5,0,s000
fever_test_161539_Enemy_-LRB-2013_film-RRB-::supports,Enemy_-LRB-2013_film-RRB-,all_tie,0.0,0,5,0,s000
fever_test_161540_Enemy_-LRB-2013_film-RRB-::supports,Enemy_-LRB-2013_film-RRB-,all_tie,0.0,0,5,0,s000
fever_test_161541_Enemy_-LRB-2013_film-RRB-::supports,Enemy_-LRB-2013_film-RRB-,all_tie,0.0,0,5,0,s000
fever_test_161543_Enemy_-LRB-2013_film-RRB-::refutes,Enemy_-LRB-2013_film-RRB-,all_tie,0.0,0,5,0,s000
fever_test_161553_Enemy_-LRB-2013_film-RRB-::supports,Enemy_-LRB-2013_film-RRB-,all_tie,0.0,0,5,0,s000
fever_test_161558_Enemy_-LRB-2013_film-RRB-::refutes,Enemy_-LRB-2013_film-RRB-,consistent_bm25_win,-0.19999999999999996,0,0,5,s000|s001|s002|s005|s007|s008|s009
fever_test_161563_Enemy_-LRB-2013_film-RRB-::refutes,Enemy_-LRB-2013_film-RRB-,consistent_bm25_win,-0.19999999999999996,0,0,5,s000|s001|s002|s005|s007|s008|s009
fever_test_161583_Enemy_-LRB-2013_film-RRB-::supports,Enemy_-LRB-2013_film-RRB-,consistent_c2ges_win,0.24999999999999992,5,0,0,s000|s001|s005|s008|s009
fever_test_161584_Enemy_-LRB-2013_film-RRB-::refutes,Enemy_-LRB-2013_film-RRB-,all_tie,0.0,0,5,0,s000
fever_test_161586_Enemy_-LRB-2013_film-RRB-::supports,Enemy_-LRB-2013_film-RRB-,consistent_c2ges_win,0.5714285714285714,5,0,0,s000|s001|s005|s009
fever_test_161587_Enemy_-LRB-2013_film-RRB-::refutes,Enemy_-LRB-2013_film-RRB-,mixed_across_seeds,-0.17777777777777776,0,1,4,s000|s001|s005|s007|s008|s009
fever_test_161588_Enemy_-LRB-2013_film-RRB-::refutes,Enemy_-LRB-2013_film-RRB-,all_tie,0.0,0,5,0,s000
fever_test_16221_Judd_Apatow::supports,Judd_Apatow,all_tie,0.0,0,5,0,s000|s001
fever_test_162845_Broadcast_News_-LRB-film-RRB-::supports,Broadcast_News_-LRB-film-RRB-,all_tie,0.0,0,5,0,s000
fever_test_162846_Broadcast_News_-LRB-film-RRB-::supports,Broadcast_News_-LRB-film-RRB-,all_tie,0.0,0,5,0,s000|s001
fever_test_162847_Broadcast_News_-LRB-film-RRB-::supports,Broadcast_News_-LRB-film-RRB-,all_tie,0.0,0,5,0,s000
fever_test_162848_Broadcast_News_-LRB-film-RRB-::supports,Broadcast_News_-LRB-film-RRB-,all_tie,0.0,0,5,0,s000
fever_test_162849_Broadcast_News_-LRB-film-RRB-::supports,Broadcast_News_-LRB-film-RRB-,all_tie,0.0,0,5,0,s000
fever_test_162851_Broadcast_News_-LRB-film-RRB-::refutes,Broadcast_News_-LRB-film-RRB-,all_tie,0.0,0,5,0,s000
fever_test_162852_Broadcast_News_-LRB-film-RRB-::supports,Broadcast_News_-LRB-film-RRB-,all_tie,0.0,0,5,0,s000
fever_test_162855_Broadcast_News_-LRB-film-RRB-::supports,Broadcast_News_-LRB-film-RRB-,all_tie,0.0,0,5,0,s000
fever_test_162856_Broadcast_News_-LRB-film-RRB-::refutes,Broadcast_News_-LRB-film-RRB-,all_tie,0.0,0,5,0,s000|s001
fever_test_162857_Broadcast_News_-LRB-film-RRB-::refutes,Broadcast_News_-LRB-film-RRB-,all_tie,0.0,0,5,0,s000
fever_test_162860_Broadcast_News_-LRB-film-RRB-::refutes,Broadcast_News_-LRB-film-RRB-,all_tie,0.0,0,5,0,s000
fever_test_162861_Broadcast_News_-LRB-film-RRB-::refutes,Broadcast_News_-LRB-film-RRB-,all_tie,0.0,0,5,0,s000|s001
fever_test_162862_Broadcast_News_-LRB-film-RRB-::refutes,Broadcast_News_-LRB-film-RRB-,all_tie,0.0,0,5,0,s000|s001
fever_test_162866_Broadcast_News_-LRB-film-RRB-::refutes,Broadcast_News_-LRB-film-RRB-,all_tie,0.0,0,5,0,s000
fever_test_162867_Broadcast_News_-LRB-film-RRB-::supports,Broadcast_News_-LRB-film-RRB-,all_tie,0.0,0,5,0,s000
fever_test_162869_Broadcast_News_-LRB-film-RRB-::refutes,Broadcast_News_-LRB-film-RRB-,all_tie,0.0,0,5,0,s000
fever_test_162870_Broadcast_News_-LRB-film-RRB-::supports,Broadcast_News_-LRB-film-RRB-,all_tie,0.0,0,5,0,s000
fever_test_162872_Broadcast_News_-LRB-film-RRB-::supports,Broadcast_News_-LRB-film-RRB-,all_tie,0.0,0,5,0,s000
fever_test_162874_Broadcast_News_-LRB-film-RRB-::refutes,Broadcast_News_-LRB-film-RRB-,all_tie,0.0,0,5,0,s000
fever_test_162876_Broadcast_News_-LRB-film-RRB-::supports,Broadcast_News_-LRB-film-RRB-,all_tie,0.0,0,5,0,s000|s001
fever_test_162877_Broadcast_News_-LRB-film-RRB-::supports,Broadcast_News_-LRB-film-RRB-,all_tie,0.0,0,5,0,s000
fever_test_162878_Broadcast_News_-LRB-film-RRB-::refutes,Broadcast_News_-LRB-film-RRB-,all_tie,0.0,0,5,0,s000
fever_test_163914_Ji_Chang-wook::supports,Ji_Chang-wook,all_tie,0.0,0,5,0,s000
fever_test_163917_Ji_Chang-wook::refutes,Ji_Chang-wook,all_tie,0.0,0,5,0,s000
fever_test_163918_Ji_Chang-wook::supports,Ji_Chang-wook,all_tie,0.0,0,5,0,s000
fever_test_163920_Ji_Chang-wook::refutes,Ji_Chang-wook,all_tie,0.0,0,5,0,s000
fever_test_163922_Ji_Chang-wook::supports,Ji_Chang-wook,all_tie,0.0,0,5,0,s000|s001
fever_test_163923_Ji_Chang-wook::supports,Ji_Chang-wook,all_tie,0.0,0,5,0,s000
fever_test_163931_Ji_Chang-wook::refutes,Ji_Chang-wook,all_tie,0.0,0,5,0,s000
fever_test_164092_Annie_-LRB-2014_film-RRB-::supports,Annie_-LRB-2014_film-RRB-,all_tie,0.0,0,5,0,s000|s002
fever_test_164094_Annie_-LRB-2014_film-RRB-::refutes,Annie_-LRB-2014_film-RRB-,all_tie,0.0,0,5,0,s000|s001|s002|s005|s006
fever_test_164097_Annie_-LRB-2014_film-RRB-::supports,Annie_-LRB-2014_film-RRB-,all_tie,0.0,0,5,0,s000
fever_test_164101_Annie_-LRB-2014_film-RRB-::supports,Annie_-LRB-2014_film-RRB-,all_tie,0.0,0,5,0,s000
fever_test_164102_Annie_-LRB-2014_film-RRB-::supports,Annie_-LRB-2014_film-RRB-,all_tie,0.0,0,5,0,s000|s002
fever_test_164103_Annie_-LRB-2014_film-RRB-::refutes,Annie_-LRB-2014_film-RRB-,all_tie,0.0,0,5,0,s000|s005
fever_test_16426_Hugh_Jackman::supports,Hugh_Jackman,all_tie,0.0,0,5,0,s002
fever_test_16427_Hugh_Jackman::supports,Hugh_Jackman,all_tie,0.0,0,5,0,s002
fever_test_165185_K-pop_Star_2::supports,K-pop_Star_2,all_tie,0.0,0,5,0,s002
fever_test_165194_K-pop_Star_2::supports,K-pop_Star_2,all_tie,0.0,0,5,0,s000|s002
fever_test_165502_Ileana_D_Cruz::supports,Ileana_D'Cruz,all_tie,0.0,0,5,0,s000
fever_test_165503_Ileana_D_Cruz::refutes,Ileana_D'Cruz,all_tie,0.0,0,5,0,s000
fever_test_165506_Ileana_D_Cruz::supports,Ileana_D'Cruz,all_tie,0.0,0,5,0,s000
fever_test_165507_Ileana_D_Cruz::refutes,Ileana_D'Cruz,mixed_across_seeds,0.049999999999999975,1,4,0,s000|s004|s005|s008|s012
fever_test_165527_Ileana_D_Cruz::supports,Ileana_D'Cruz,all_tie,0.0,0,5,0,s000
fever_test_16562_Cancer::supports,Cancer,all_tie,0.0,0,5,0,s002
fever_test_165892_Alice_Cooper::supports,Alice_Cooper,all_tie,0.0,0,5,0,s000
fever_test_1663_Giada_De_Laurentiis::refutes,Giada_De_Laurentiis,all_tie,0.0,0,5,0,s000
fever_test_166413_Gianluigi_Buffon::supports,Gianluigi_Buffon,all_tie,0.0,0,5,0,s026
fever_test_166417_Gianluigi_Buffon::supports,Gianluigi_Buffon,all_tie,0.0,0,5,0,s026
fever_test_166425_Gianluigi_Buffon::refutes,Gianluigi_Buffon,all_tie,0.0,0,5,0,s000
fever_test_166646_Anne_Rice::supports,Anne_Rice,all_tie,0.0,0,5,0,s005
fever_test_16689_Azerbaijan::supports,Azerbaijan,all_tie,0.0,0,5,0,s025
fever_test_16690_Azerbaijan::refutes,Azerbaijan,all_tie,0.0,0,5,0,s023|s025
fever_test_167086_Anne_Hathaway::supports,Anne_Hathaway,consistent_bm25_win,-0.33333333333333337,0,0,5,s008|s009|s014
fever_test_167136_Kanye_West::supports,Kanye_West,all_tie,0.0,0,5,0,s000|s001
fever_test_167137_Kanye_West::supports,Kanye_West,all_tie,0.0,0,5,0,s000
fever_test_167140_Kanye_West::supports,Kanye_West,all_tie,0.0,0,5,0,s001
fever_test_167141_Kanye_West::supports,Kanye_West,all_tie,0.0,0,5,0,s001
fever_test_167157_Kanye_West::refutes,Kanye_West,all_tie,0.0,0,5,0,s000|s001
fever_test_167160_Kanye_West::supports,Kanye_West,all_tie,0.0,0,5,0,s001
fever_test_167850_Glacier::refutes,Glacier,all_tie,0.0,0,5,0,s017
fever_test_167854_Glacier::refutes,Glacier,all_tie,0.0,0,5,0,s017
fever_test_167879_Jon_Pertwee::supports,Jon_Pertwee,mixed_across_seeds,0.1,1,4,0,s005
fever_test_167880_Jon_Pertwee::supports,Jon_Pertwee,all_tie,0.0,0,5,0,s005
fever_test_167883_Jon_Pertwee::supports,Jon_Pertwee,all_tie,0.0,0,5,0,s005
fever_test_167888_Jon_Pertwee::supports,Jon_Pertwee,all_tie,0.0,0,5,0,s003|s004|s005
fever_test_167889_Jon_Pertwee::refutes,Jon_Pertwee,consistent_c2ges_win,0.5,5,0,0,s003
fever_test_167890_Jon_Pertwee::supports,Jon_Pertwee,mixed_across_seeds,0.3,3,2,0,s003
fever_test_167894_Jon_Pertwee::supports,Jon_Pertwee,all_tie,0.0,0,5,0,s005
fever_test_167898_Jon_Pertwee::supports,Jon_Pertwee,mixed_across_seeds,0.2,2,3,0,s005
fever_test_167899_Jon_Pertwee::supports,Jon_Pertwee,all_tie,0.0,0,5,0,s003
fever_test_167901_Jon_Pertwee::supports,Jon_Pertwee,all_tie,0.0,0,5,0,s003|s004|s005
fever_test_167902_Jon_Pertwee::supports,Jon_Pertwee,all_tie,0.0,0,5,0,s005
fever_test_167903_Jon_Pertwee::supports,Jon_Pertwee,mixed_across_seeds,0.3,3,2,0,s003
fever_test_167905_Jon_Pertwee::refutes,Jon_Pertwee,consistent_c2ges_win,0.5,5,0,0,s000
fever_test_167906_Jon_Pertwee::supports,Jon_Pertwee,all_tie,0.0,0,5,0,s003|s005
fever_test_167910_Jon_Pertwee::refutes,Jon_Pertwee,all_tie,0.0,0,5,0,s005
fever_test_167916_Jon_Pertwee::supports,Jon_Pertwee,mixed_across_seeds,0.1,1,4,0,s003
fever_test_167921_Jon_Pertwee::supports,Jon_Pertwee,all_tie,0.0,0,5,0,s003|s005
fever_test_167925_Jon_Pertwee::supports,Jon_Pertwee,mixed_across_seeds,0.3,3,2,0,s003
fever_test_167926_Jon_Pertwee::supports,Jon_Pertwee,mixed_across_seeds,0.3,3,2,0,s003
fever_test_167927_Jon_Pertwee::refutes,Jon_Pertwee,all_tie,0.0,0,5,0,s005
fever_test_167930_Jon_Pertwee::refutes,Jon_Pertwee,all_tie,0.0,0,5,0,s005
fever_test_167935_Jon_Pertwee::supports,Jon_Pertwee,all_tie,0.0,0,5,0,s005
fever_test_167937_Jon_Pertwee::supports,Jon_Pertwee,all_tie,0.0,0,5,0,s005
fever_test_167940_Jon_Pertwee::supports,Jon_Pertwee,all_tie,0.0,0,5,0,s005
fever_test_167944_Jon_Pertwee::supports,Jon_Pertwee,all_tie,0.0,0,5,0,s003|s005
fever_test_169259_Diane_Ruggiero::supports,Diane_Ruggiero,all_tie,0.0,0,5,0,s000
fever_test_169260_Diane_Ruggiero::supports,Diane_Ruggiero,all_tie,0.0,0,5,0,s006
fever_test_169262_Diane_Ruggiero::refutes,Diane_Ruggiero,consistent_c2ges_win,0.3333333333333333,5,0,0,s000|s002|s006
fever_test_169269_Diane_Ruggiero::supports,Diane_Ruggiero,all_tie,0.0,0,5,0,s005
fever_test_169270_Diane_Ruggiero::refutes,Diane_Ruggiero,all_tie,0.0,0,5,0,s006
fever_test_169942_Brooks_Wackerman::supports,Brooks_Wackerman,all_tie,0.0,0,5,0,s000
fever_test_169943_Brooks_Wackerman::supports,Brooks_Wackerman,all_tie,0.0,0,5,0,s000
fever_test_169944_Brooks_Wackerman::supports,Brooks_Wackerman,all_tie,0.0,0,5,0,s000
fever_test_169945_Brooks_Wackerman::supports,Brooks_Wackerman,all_tie,0.0,0,5,0,s000
fever_test_169946_Brooks_Wackerman::refutes,Brooks_Wackerman,all_tie,0.0,0,5,0,s000|s003
fever_test_169949_Brooks_Wackerman::supports,Brooks_Wackerman,all_tie,0.0,0,5,0,s000
fever_test_169950_Brooks_Wackerman::supports,Brooks_Wackerman,all_tie,0.0,0,5,0,s000
fever_test_169953_Brooks_Wackerman::supports,Brooks_Wackerman,all_tie,0.0,0,5,0,s000
fever_test_169957_Brooks_Wackerman::supports,Brooks_Wackerman,all_tie,0.0,0,5,0,s000|s003
fever_test_169962_Brooks_Wackerman::supports,Brooks_Wackerman,all_tie,0.0,0,5,0,s000|s001|s002|s003
fever_test_169963_Brooks_Wackerman::supports,Brooks_Wackerman,all_tie,0.0,0,5,0,s000
fever_test_169964_Brooks_Wackerman::refutes,Brooks_Wackerman,consistent_bm25_win,-0.4,0,0,5,s000|s003
fever_test_169968_Brooks_Wackerman::supports,Brooks_Wackerman,all_tie,0.0,0,5,0,s000
fever_test_169969_Brooks_Wackerman::refutes,Brooks_Wackerman,all_tie,0.0,0,5,0,s000
fever_test_171705_Iain_Glen::refutes,Iain_Glen,all_tie,0.0,0,5,0,s000
fever_test_171706_Iain_Glen::supports,Iain_Glen,all_tie,0.0,0,5,0,s000|s001
fever_test_171709_Iain_Glen::supports,Iain_Glen,all_tie,0.0,0,5,0,s000
fever_test_171711_Iain_Glen::supports,Iain_Glen,all_tie,0.0,0,5,0,s000
fever_test_171713_Iain_Glen::supports,Iain_Glen,all_tie,0.0,0,5,0,s000
fever_test_171714_Iain_Glen::refutes,Iain_Glen,all_tie,0.0,0,5,0,s000
fever_test_171716_Iain_Glen::supports,Iain_Glen,all_tie,0.0,0,5,0,s000
fever_test_171718_Iain_Glen::supports,Iain_Glen,all_tie,0.0,0,5,0,s001
fever_test_171722_Iain_Glen::supports,Iain_Glen,all_tie,0.0,0,5,0,s000
fever_test_171723_Iain_Glen::supports,Iain_Glen,all_tie,0.0,0,5,0,s000|s001|s002
fever_test_171725_Iain_Glen::supports,Iain_Glen,all_tie,0.0,0,5,0,s000
fever_test_171726_Iain_Glen::supports,Iain_Glen,all_tie,0.0,0,5,0,s000
fever_test_171730_Iain_Glen::supports,Iain_Glen,all_tie,0.0,0,5,0,s000|s002
fever_test_171731_Iain_Glen::refutes,Iain_Glen,all_tie,0.0,0,5,0,s000
fever_test_171732_Iain_Glen::supports,Iain_Glen,all_tie,0.0,0,5,0,s000
fever_test_171736_Iain_Glen::supports,Iain_Glen,all_tie,0.0,0,5,0,s000
fever_test_171737_Iain_Glen::refutes,Iain_Glen,all_tie,0.0,0,5,0,s000
fever_test_171738_Iain_Glen::supports,Iain_Glen,all_tie,0.0,0,5,0,s000
fever_test_171739_Iain_Glen::supports,Iain_Glen,all_tie,0.0,0,5,0,s000
fever_test_171741_Iain_Glen::supports,Iain_Glen,all_tie,0.0,0,5,0,s001
fever_test_172528_Game_of_Thrones::refutes,Game_of_Thrones,all_tie,0.0,0,5,0,s000
fever_test_172534_Game_of_Thrones::refutes,Game_of_Thrones,consistent_c2ges_win,0.5,5,0,0,s000
fever_test_172537_Game_of_Thrones::supports,Game_of_Thrones,all_tie,0.0,0,5,0,s000|s003|s004|s014|s015|s016
fever_test_172544_Game_of_Thrones::supports,Game_of_Thrones,all_tie,0.0,0,5,0,s003|s012
fever_test_172549_Game_of_Thrones::refutes,Game_of_Thrones,consistent_c2ges_win,0.5,5,0,0,s000
fever_test_172550_Game_of_Thrones::supports,Game_of_Thrones,consistent_c2ges_win,0.5,5,0,0,s000
fever_test_172927_Bane_-LRB-comics-RRB-::supports,Bane_-LRB-comics-RRB-,all_tie,0.0,0,5,0,s000
fever_test_172928_Bane_-LRB-comics-RRB-::supports,Bane_-LRB-comics-RRB-,all_tie,0.0,0,5,0,s000
fever_test_172930_Bane_-LRB-comics-RRB-::supports,Bane_-LRB-comics-RRB-,all_tie,0.0,0,5,0,s000
fever_test_172933_Bane_-LRB-comics-RRB-::supports,Bane_-LRB-comics-RRB-,all_tie,0.0,0,5,0,s000
fever_test_172934_Bane_-LRB-comics-RRB-::supports,Bane_-LRB-comics-RRB-,all_tie,0.0,0,5,0,s000
fever_test_172936_Bane_-LRB-comics-RRB-::supports,Bane_-LRB-comics-RRB-,all_tie,0.0,0,5,0,s000
fever_test_172938_Bane_-LRB-comics-RRB-::supports,Bane_-LRB-comics-RRB-,all_tie,0.0,0,5,0,s000
fever_test_172940_Bane_-LRB-comics-RRB-::refutes,Bane_-LRB-comics-RRB-,all_tie,0.0,0,5,0,s000
fever_test_172943_Bane_-LRB-comics-RRB-::supports,Bane_-LRB-comics-RRB-,all_tie,0.0,0,5,0,s006
fever_test_172946_Bane_-LRB-comics-RRB-::supports,Bane_-LRB-comics-RRB-,consistent_c2ges_win,0.2857142857142856,5,0,0,s000|s001|s005|s006
fever_test_172948_Bane_-LRB-comics-RRB-::supports,Bane_-LRB-comics-RRB-,all_tie,0.0,0,5,0,s000
fever_test_172949_Bane_-LRB-comics-RRB-::supports,Bane_-LRB-comics-RRB-,all_tie,0.0,0,5,0,s000
fever_test_172954_Bane_-LRB-comics-RRB-::refutes,Bane_-LRB-comics-RRB-,all_tie,0.0,0,5,0,s000
fever_test_172956_Bane_-LRB-comics-RRB-::supports,Bane_-LRB-comics-RRB-,consistent_bm25_win,-0.4,0,0,5,s000|s005
fever_test_172958_Bane_-LRB-comics-RRB-::refutes,Bane_-LRB-comics-RRB-,consistent_bm25_win,-0.6666666666666667,0,0,5,s000|s004|s005
fever_test_172959_Bane_-LRB-comics-RRB-::refutes,Bane_-LRB-comics-RRB-,all_tie,0.0,0,5,0,s000
fever_test_174123_Jimmy_Carter::supports,Jimmy_Carter,all_tie,0.0,0,5,0,s000
fever_test_174124_Jimmy_Carter::supports,Jimmy_Carter,all_tie,0.0,0,5,0,s000|s006
fever_test_174130_Jimmy_Carter::supports,Jimmy_Carter,all_tie,0.0,0,5,0,s000
fever_test_174136_Jimmy_Carter::supports,Jimmy_Carter,all_tie,0.0,0,5,0,s000
fever_test_174138_Jimmy_Carter::refutes,Jimmy_Carter,all_tie,0.0,0,5,0,s000
fever_test_174147_Jimmy_Carter::supports,Jimmy_Carter,all_tie,0.0,0,5,0,s000
fever_test_174151_Jimmy_Carter::supports,Jimmy_Carter,all_tie,0.0,0,5,0,s000
fever_test_174153_Jimmy_Carter::supports,Jimmy_Carter,all_tie,0.0,0,5,0,s000
fever_test_174155_Jimmy_Carter::refutes,Jimmy_Carter,consistent_c2ges_win,0.22222222222222227,5,0,0,s000|s001|s002|s007|s008|s009|s010|s011|s015|s019|s020|s021|s022|s023|s026
fever_test_174156_Jimmy_Carter::supports,Jimmy_Carter,all_tie,0.0,0,5,0,s000
fever_test_174158_Jimmy_Carter::supports,Jimmy_Carter,all_tie,0.0,0,5,0,s000
fever_test_1748_Cthulhu::supports,Cthulhu,all_tie,0.0,0,5,0,s000
fever_test_175106_Axl_Rose::refutes,Axl_Rose,mixed_across_seeds,0.1,1,4,0,s002
fever_test_175119_Axl_Rose::refutes,Axl_Rose,all_tie,0.0,0,5,0,s003
fever_test_175195_Bat::supports,Bat,all_tie,0.0,0,5,0,s000
fever_test_175197_Bat::supports,Bat,all_tie,0.0,0,5,0,s000
fever_test_175199_Bat::refutes,Bat,mixed_across_seeds,0.2,2,3,0,s000
fever_test_175202_Bat::supports,Bat,all_tie,0.0,0,5,0,s000
fever_test_175204_Bat::supports,Bat,all_tie,0.0,0,5,0,s000
fever_test_175207_Bat::supports,Bat,all_tie,0.0,0,5,0,s000
fever_test_175208_Bat::supports,Bat,mixed_across_seeds,0.1,1,4,0,s000
fever_test_175210_Bat::supports,Bat,all_tie,0.0,0,5,0,s000
fever_test_175214_Bat::refutes,Bat,mixed_across_seeds,0.3,3,2,0,s000
fever_test_175217_Bat::refutes,Bat,all_tie,0.0,0,5,0,s000
fever_test_175219_Bat::supports,Bat,all_tie,0.0,0,5,0,s000
fever_test_175220_Bat::refutes,Bat,all_tie,0.0,0,5,0,s000
fever_test_175221_Bat::supports,Bat,consistent_bm25_win,-0.3333333333333333,0,0,5,s000|s005|s015
fever_test_17558_Bryan_Cranston::supports,Bryan_Cranston,all_tie,0.0,0,5,0,s001
fever_test_17606_Borrelia_afzelii::supports,Borrelia_afzelii,all_tie,0.0,0,5,0,s003
fever_test_17607_Borrelia_afzelii::refutes,Borrelia_afzelii,all_tie,0.0,0,5,0,s003
fever_test_176557_Hadera::supports,Hadera,all_tie,0.0,0,5,0,s000
fever_test_176558_Hadera::refutes,Hadera,all_tie,0.0,0,5,0,s000
fever_test_176559_Hadera::refutes,Hadera,consistent_bm25_win,-0.2857142857142856,0,0,5,s000|s001|s002|s008
fever_test_176562_Hadera::supports,Hadera,all_tie,0.0,0,5,0,s000
fever_test_176564_Hadera::supports,Hadera,all_tie,0.0,0,5,0,s000
fever_test_176570_Hadera::supports,Hadera,all_tie,0.0,0,5,0,s000
fever_test_176576_Hadera::supports,Hadera,all_tie,0.0,0,5,0,s000
fever_test_176579_Hadera::refutes,Hadera,all_tie,0.0,0,5,0,s000
fever_test_176581_Hadera::supports,Hadera,all_tie,0.0,0,5,0,s000
fever_test_176582_Hadera::supports,Hadera,mixed_across_seeds,-0.22857142857142848,0,1,4,s000|s001|s002|s008
fever_test_176586_Hadera::supports,Hadera,all_tie,0.0,0,5,0,s001
fever_test_176588_Hadera::refutes,Hadera,all_tie,0.0,0,5,0,s000
fever_test_176591_Hadera::refutes,Hadera,all_tie,0.0,0,5,0,s000
fever_test_176837_Enemy_-LRB-2013_film-RRB-::supports,Enemy_-LRB-2013_film-RRB-,all_tie,0.0,0,5,0,s001
fever_test_176838_Enemy_-LRB-2013_film-RRB-::refutes,Enemy_-LRB-2013_film-RRB-,all_tie,0.0,0,5,0,s001
fever_test_176852_Enemy_-LRB-2013_film-RRB-::supports,Enemy_-LRB-2013_film-RRB-,all_tie,0.0,0,5,0,s001
fever_test_176860_Enemy_-LRB-2013_film-RRB-::refutes,Enemy_-LRB-2013_film-RRB-,all_tie,0.0,0,5,0,s001
fever_test_176865_Enemy_-LRB-2013_film-RRB-::supports,Enemy_-LRB-2013_film-RRB-,all_tie,0.0,0,5,0,s000
fever_test_176866_Enemy_-LRB-2013_film-RRB-::supports,Enemy_-LRB-2013_film-RRB-,all_tie,0.0,0,5,0,s000
fever_test_176871_Enemy_-LRB-2013_film-RRB-::refutes,Enemy_-LRB-2013_film-RRB-,mixed_across_seeds,-0.1142857142857143,0,3,2,s000|s001|s005|s008
fever_test_176872_Enemy_-LRB-2013_film-RRB-::refutes,Enemy_-LRB-2013_film-RRB-,all_tie,0.0,0,5,0,s000
fever_test_176873_Enemy_-LRB-2013_film-RRB-::supports,Enemy_-LRB-2013_film-RRB-,all_tie,0.0,0,5,0,s000|s001|s005|s008|s009
fever_test_176874_Enemy_-LRB-2013_film-RRB-::supports,Enemy_-LRB-2013_film-RRB-,all_tie,0.0,0,5,0,s000
fever_test_176875_Enemy_-LRB-2013_film-RRB-::supports,Enemy_-LRB-2013_film-RRB-,all_tie,0.0,0,5,0,s000
fever_test_176876_Enemy_-LRB-2013_film-RRB-::refutes,Enemy_-LRB-2013_film-RRB-,all_tie,0.0,0,5,0,s000
fever_test_176877_Enemy_-LRB-2013_film-RRB-::refutes,Enemy_-LRB-2013_film-RRB-,all_tie,0.0,0,5,0,s000
fever_test_177338_Clarence_Thomas::supports,Clarence_Thomas,all_tie,0.0,0,5,0,s000
fever_test_177340_Clarence_Thomas::supports,Clarence_Thomas,all_tie,0.0,0,5,0,s000|s001|s004
fever_test_177341_Clarence_Thomas::refutes,Clarence_Thomas,consistent_bm25_win,-0.4,0,0,5,s000|s001
fever_test_177347_Clarence_Thomas::supports,Clarence_Thomas,all_tie,0.0,0,5,0,s000|s004|s005
fever_test_177351_Clarence_Thomas::supports,Clarence_Thomas,all_tie,0.0,0,5,0,s000
fever_test_178994_Gianluigi_Buffon::supports,Gianluigi_Buffon,all_tie,0.0,0,5,0,s014
fever_test_178997_Gianluigi_Buffon::supports,Gianluigi_Buffon,all_tie,0.0,0,5,0,s014
fever_test_180877_Counterculture::supports,Counterculture,all_tie,0.0,0,5,0,s000
fever_test_180878_Counterculture::refutes,Counterculture,all_tie,0.0,0,5,0,s000
fever_test_180879_Counterculture::supports,Counterculture,all_tie,0.0,0,5,0,s000
fever_test_180880_Counterculture::supports,Counterculture,all_tie,0.0,0,5,0,s000
fever_test_180881_Counterculture::supports,Counterculture,all_tie,0.0,0,5,0,s000
fever_test_180882_Counterculture::supports,Counterculture,all_tie,0.0,0,5,0,s000
fever_test_180884_Counterculture::refutes,Counterculture,all_tie,0.0,0,5,0,s000
fever_test_180890_Counterculture::refutes,Counterculture,all_tie,0.0,0,5,0,s000
fever_test_180896_Counterculture::supports,Counterculture,all_tie,0.0,0,5,0,s000
fever_test_180897_Counterculture::supports,Counterculture,all_tie,0.0,0,5,0,s000
fever_test_18135_Azerbaijan::supports,Azerbaijan,all_tie,0.0,0,5,0,s005
fever_test_18136_Azerbaijan::refutes,Azerbaijan,all_tie,0.0,0,5,0,s005
fever_test_181823_Don_Hall_-LRB-filmmaker-RRB-::supports,Don_Hall_-LRB-filmmaker-RRB-,all_tie,0.0,0,5,0,s000
fever_test_181824_Don_Hall_-LRB-filmmaker-RRB-::supports,Don_Hall_-LRB-filmmaker-RRB-,all_tie,0.0,0,5,0,s000
fever_test_181826_Don_Hall_-LRB-filmmaker-RRB-::supports,Don_Hall_-LRB-filmmaker-RRB-,all_tie,0.0,0,5,0,s000
fever_test_181827_Don_Hall_-LRB-filmmaker-RRB-::refutes,Don_Hall_-LRB-filmmaker-RRB-,all_tie,0.0,0,5,0,s000
fever_test_181837_Don_Hall_-LRB-filmmaker-RRB-::supports,Don_Hall_-LRB-filmmaker-RRB-,all_tie,0.0,0,5,0,s000
fever_test_181843_Don_Hall_-LRB-filmmaker-RRB-::refutes,Don_Hall_-LRB-filmmaker-RRB-,all_tie,0.0,0,5,0,s000|s001
fever_test_182348_24_-LRB-TV_series-RRB-::supports,24_-LRB-TV_series-RRB-,all_tie,0.0,0,5,0,s002
fever_test_18273_Jared_Leto::supports,Jared_Leto,all_tie,0.0,0,5,0,s020
fever_test_18370_Inspectah_Deck::supports,Inspectah_Deck,all_tie,0.0,0,5,0,s000
fever_test_18371_Inspectah_Deck::refutes,Inspectah_Deck,all_tie,0.0,0,5,0,s000
fever_test_183858_Bradford::supports,Bradford,all_tie,0.0,0,5,0,s000
fever_test_183862_Bradford::supports,Bradford,all_tie,0.0,0,5,0,s014
fever_test_183864_Bradford::supports,Bradford,all_tie,0.0,0,5,0,s000
fever_test_183865_Bradford::supports,Bradford,all_tie,0.0,0,5,0,s014
fever_test_183866_Bradford::supports,Bradford,consistent_bm25_win,-0.5,0,0,5,s009
fever_test_183868_Bradford::supports,Bradford,all_tie,0.0,0,5,0,s000
fever_test_183870_Bradford::supports,Bradford,consistent_bm25_win,-0.4,0,0,5,s000|s001
fever_test_183875_Bradford::supports,Bradford,all_tie,0.0,0,5,0,s000
fever_test_183876_Bradford::supports,Bradford,all_tie,0.0,0,5,0,s000
fever_test_183877_Bradford::refutes,Bradford,all_tie,0.0,0,5,0,s000
fever_test_183880_Bradford::supports,Bradford,all_tie,0.0,0,5,0,s014
fever_test_183883_Bradford::supports,Bradford,all_tie,0.0,0,5,0,s000|s005
fever_test_183895_Bradford::supports,Bradford,all_tie,0.0,0,5,0,s014
fever_test_183898_Bradford::supports,Bradford,consistent_c2ges_win,0.5,5,0,0,s014
fever_test_183899_Bradford::supports,Bradford,all_tie,0.0,0,5,0,s000
fever_test_183900_Bradford::refutes,Bradford,all_tie,0.0,0,5,0,s014
fever_test_183902_Bradford::supports,Bradford,all_tie,0.0,0,5,0,s014
fever_test_183905_Bradford::refutes,Bradford,all_tie,0.0,0,5,0,s000
fever_test_183907_Bradford::refutes,Bradford,all_tie,0.0,0,5,0,s000
fever_test_183910_Bradford::refutes,Bradford,all_tie,0.0,0,5,0,s002
fever_test_183911_Bradford::refutes,Bradford,all_tie,0.0,0,5,0,s014
fever_test_184353_Cowboy_-LRB-Kid_Rock_song-RRB-::supports,Cowboy_-LRB-Kid_Rock_song-RRB-,consistent_bm25_win,-0.11764705882352944,0,0,5,s000|s001|s002|s006|s010|s012|s013|s016|s017|s018|s019|s020|s024|s026
fever_test_184358_Cowboy_-LRB-Kid_Rock_song-RRB-::refutes,Cowboy_-LRB-Kid_Rock_song-RRB-,consistent_bm25_win,-0.225,0,0,5,s000|s001|s002|s006|s010|s012|s013|s016|s018|s019|s020|s024|s026
fever_test_184365_Cowboy_-LRB-Kid_Rock_song-RRB-::refutes,Cowboy_-LRB-Kid_Rock_song-RRB-,all_tie,0.0,0,5,0,s000|s024|s025|s027
fever_test_184371_Cowboy_-LRB-Kid_Rock_song-RRB-::refutes,Cowboy_-LRB-Kid_Rock_song-RRB-,all_tie,0.0,0,5,0,s000
fever_test_18604_Keanu_Reeves::supports,Keanu_Reeves,all_tie,0.0,0,5,0,s016
fever_test_186976_Bermuda_Triangle::supports,Bermuda_Triangle,all_tie,0.0,0,5,0,s000
fever_test_186977_Bermuda_Triangle::supports,Bermuda_Triangle,all_tie,0.0,0,5,0,s000
fever_test_186987_Bermuda_Triangle::supports,Bermuda_Triangle,all_tie,0.0,0,5,0,s000
fever_test_186990_Bermuda_Triangle::refutes,Bermuda_Triangle,all_tie,0.0,0,5,0,s000
fever_test_186998_Bermuda_Triangle::refutes,Bermuda_Triangle,all_tie,0.0,0,5,0,s000
fever_test_187000_Bermuda_Triangle::refutes,Bermuda_Triangle,all_tie,0.0,0,5,0,s000
fever_test_18707_Charles_Manson::supports,Charles_Manson,consistent_bm25_win,-0.4,0,0,5,s000|s001
fever_test_18824_George_Best::supports,George_Best,all_tie,0.0,0,5,0,s000|s014
fever_test_18830_Buddhism::supports,Buddhism,all_tie,0.0,0,5,0,s003
fever_test_18831_Buddhism::supports,Buddhism,all_tie,0.0,0,5,0,s003
fever_test_189857_Jimmy_Carter::supports,Jimmy_Carter,all_tie,0.0,0,5,0,s007
fever_test_19049_Anne_Hathaway::supports,Anne_Hathaway,all_tie,0.0,0,5,0,s008
fever_test_19111_Justin_Chatwin::supports,Justin_Chatwin,all_tie,0.0,0,5,0,s000|s001|s003|s004|s007
fever_test_191181_James_Bryant_Conant::supports,James_Bryant_Conant,all_tie,0.0,0,5,0,s023
fever_test_191189_James_Bryant_Conant::supports,James_Bryant_Conant,all_tie,0.0,0,5,0,s023
fever_test_191190_James_Bryant_Conant::supports,James_Bryant_Conant,all_tie,0.0,0,5,0,s023
fever_test_191420_Keith_Urban_-LRB-1999_album-RRB-::supports,Keith_Urban_-LRB-1999_album-RRB-,all_tie,0.0,0,5,0,s000
fever_test_191425_Keith_Urban_-LRB-1999_album-RRB-::refutes,Keith_Urban_-LRB-1999_album-RRB-,all_tie,0.0,0,5,0,s000
fever_test_191426_Keith_Urban_-LRB-1999_album-RRB-::refutes,Keith_Urban_-LRB-1999_album-RRB-,all_tie,0.0,0,5,0,s000
fever_test_191430_Keith_Urban_-LRB-1999_album-RRB-::refutes,Keith_Urban_-LRB-1999_album-RRB-,all_tie,0.0,0,5,0,s000
fever_test_191439_Keith_Urban_-LRB-1999_album-RRB-::refutes,Keith_Urban_-LRB-1999_album-RRB-,all_tie,0.0,0,5,0,s000
fever_test_191443_Keith_Urban_-LRB-1999_album-RRB-::supports,Keith_Urban_-LRB-1999_album-RRB-,all_tie,0.0,0,5,0,s000
fever_test_19147_Adventure_Time::supports,Adventure_Time,all_tie,0.0,0,5,0,s000
fever_test_19402_Isis::supports,Isis,all_tie,0.0,0,5,0,s000
fever_test_19432_Bryan_Cranston::supports,Bryan_Cranston,mixed_across_seeds,-0.10909090909090906,0,2,3,s000|s001|s004|s008|s009|s010|s011|s012
fever_test_194341_Happiness_in_Slavery::refutes,Happiness_in_Slavery,all_tie,0.0,0,5,0,s000
fever_test_194342_Happiness_in_Slavery::supports,Happiness_in_Slavery,all_tie,0.0,0,5,0,s000
fever_test_194343_Happiness_in_Slavery::supports,Happiness_in_Slavery,all_tie,0.0,0,5,0,s000
fever_test_194345_Happiness_in_Slavery::supports,Happiness_in_Slavery,all_tie,0.0,0,5,0,s000
fever_test_194346_Happiness_in_Slavery::supports,Happiness_in_Slavery,all_tie,0.0,0,5,0,s000
fever_test_194349_Happiness_in_Slavery::supports,Happiness_in_Slavery,all_tie,0.0,0,5,0,s000
fever_test_194350_Happiness_in_Slavery::supports,Happiness_in_Slavery,all_tie,0.0,0,5,0,s000
fever_test_194355_Happiness_in_Slavery::refutes,Happiness_in_Slavery,all_tie,0.0,0,5,0,s000
fever_test_194357_Happiness_in_Slavery::refutes,Happiness_in_Slavery,all_tie,0.0,0,5,0,s000
fever_test_194358_Happiness_in_Slavery::refutes,Happiness_in_Slavery,all_tie,0.0,0,5,0,s000
fever_test_194359_Happiness_in_Slavery::supports,Happiness_in_Slavery,all_tie,0.0,0,5,0,s000
fever_test_194361_Happiness_in_Slavery::refutes,Happiness_in_Slavery,all_tie,0.0,0,5,0,s000
fever_test_194363_Happiness_in_Slavery::refutes,Happiness_in_Slavery,all_tie,0.0,0,5,0,s000|s001|s002|s005|s006|s009
fever_test_194367_Happiness_in_Slavery::refutes,Happiness_in_Slavery,all_tie,0.0,0,5,0,s000
fever_test_194368_Happiness_in_Slavery::supports,Happiness_in_Slavery,all_tie,0.0,0,5,0,s000
fever_test_194370_Happiness_in_Slavery::supports,Happiness_in_Slavery,all_tie,0.0,0,5,0,s000
fever_test_194371_Happiness_in_Slavery::supports,Happiness_in_Slavery,all_tie,0.0,0,5,0,s000
fever_test_195134_Backing_vocalist::supports,Backing_vocalist,all_tie,0.0,0,5,0,s000|s001|s005|s007|s012
fever_test_19520_Dhool::refutes,Dhool,all_tie,0.0,0,5,0,s000
fever_test_195278_Foo_Fighters::supports,Foo_Fighters,all_tie,0.0,0,5,0,s000
fever_test_195279_Foo_Fighters::refutes,Foo_Fighters,all_tie,0.0,0,5,0,s000
fever_test_195281_Foo_Fighters::refutes,Foo_Fighters,all_tie,0.0,0,5,0,s000
fever_test_195283_Foo_Fighters::supports,Foo_Fighters,all_tie,0.0,0,5,0,s006
fever_test_195902_Frozen_-LRB-2013_film-RRB-::supports,Frozen_-LRB-2013_film-RRB-,all_tie,0.0,0,5,0,s000|s010
fever_test_195906_Frozen_-LRB-2013_film-RRB-::refutes,Frozen_-LRB-2013_film-RRB-,all_tie,0.0,0,5,0,s000|s010
fever_test_195912_Frozen_-LRB-2013_film-RRB-::refutes,Frozen_-LRB-2013_film-RRB-,all_tie,0.0,0,5,0,s000|s005|s007|s010|s013|s014
fever_test_195921_Frozen_-LRB-2013_film-RRB-::supports,Frozen_-LRB-2013_film-RRB-,all_tie,0.0,0,5,0,s013
fever_test_19627_Farrah_Fawcett::supports,Farrah_Fawcett,all_tie,0.0,0,5,0,s000
fever_test_19668_Keanu_Reeves::supports,Keanu_Reeves,all_tie,0.0,0,5,0,s004
fever_test_198532_Catherine_Hardwicke::supports,Catherine_Hardwicke,all_tie,0.0,0,5,0,s000
fever_test_198534_Catherine_Hardwicke::supports,Catherine_Hardwicke,all_tie,0.0,0,5,0,s000
fever_test_198541_Catherine_Hardwicke::refutes,Catherine_Hardwicke,all_tie,0.0,0,5,0,s000
fever_test_198544_Catherine_Hardwicke::refutes,Catherine_Hardwicke,all_tie,0.0,0,5,0,s000
fever_test_198545_Catherine_Hardwicke::supports,Catherine_Hardwicke,all_tie,0.0,0,5,0,s000|s001
fever_test_198552_Catherine_Hardwicke::supports,Catherine_Hardwicke,all_tie,0.0,0,5,0,s000
fever_test_1993_Hannibal::supports,Hannibal,consistent_bm25_win,-0.3333333333333333,0,0,5,s000|s021|s023
fever_test_1994_Hannibal::supports,Hannibal,all_tie,0.0,0,5,0,s021|s023|s024
fever_test_20079_Jeffrey_Dahmer::supports,Jeffrey_Dahmer,all_tie,0.0,0,5,0,s000
fever_test_20279_Chile::supports,Chile,all_tie,0.0,0,5,0,s000
fever_test_20280_Chile::refutes,Chile,mixed_across_seeds,0.08,1,4,0,s000|s020
fever_test_2040_Foo_Fighters::supports,Foo_Fighters,all_tie,0.0,0,5,0,s000
fever_test_2041_Foo_Fighters::supports,Foo_Fighters,all_tie,0.0,0,5,0,s000
fever_test_205037_Jane_Eyre::supports,Jane_Eyre,all_tie,0.0,0,5,0,s000
fever_test_205038_Jane_Eyre::supports,Jane_Eyre,all_tie,0.0,0,5,0,s000
fever_test_205039_Jane_Eyre::refutes,Jane_Eyre,all_tie,0.0,0,5,0,s000
fever_test_205047_Jane_Eyre::supports,Jane_Eyre,all_tie,0.0,0,5,0,s000
fever_test_205051_Jane_Eyre::supports,Jane_Eyre,all_tie,0.0,0,5,0,s000
fever_test_205052_Jane_Eyre::supports,Jane_Eyre,consistent_bm25_win,-0.4,0,0,5,s000|s008
fever_test_205054_Jane_Eyre::refutes,Jane_Eyre,all_tie,0.0,0,5,0,s000
fever_test_205056_Jane_Eyre::refutes,Jane_Eyre,all_tie,0.0,0,5,0,s000
fever_test_205059_Jane_Eyre::supports,Jane_Eyre,all_tie,0.0,0,5,0,s000
fever_test_207392_Elizabeth_Meriwether::supports,Elizabeth_Meriwether,all_tie,0.0,0,5,0,s000
fever_test_207394_Elizabeth_Meriwether::supports,Elizabeth_Meriwether,all_tie,0.0,0,5,0,s000
fever_test_207395_Elizabeth_Meriwether::refutes,Elizabeth_Meriwether,all_tie,0.0,0,5,0,s000
fever_test_207396_Elizabeth_Meriwether::supports,Elizabeth_Meriwether,all_tie,0.0,0,5,0,s000
fever_test_207398_Elizabeth_Meriwether::supports,Elizabeth_Meriwether,all_tie,0.0,0,5,0,s000
fever_test_207401_Elizabeth_Meriwether::supports,Elizabeth_Meriwether,all_tie,0.0,0,5,0,s000
fever_test_207406_Elizabeth_Meriwether::supports,Elizabeth_Meriwether,all_tie,0.0,0,5,0,s000
fever_test_207407_Elizabeth_Meriwether::supports,Elizabeth_Meriwether,all_tie,0.0,0,5,0,s000
fever_test_207410_Elizabeth_Meriwether::refutes,Elizabeth_Meriwether,all_tie,0.0,0,5,0,s000
fever_test_207417_Elizabeth_Meriwether::supports,Elizabeth_Meriwether,all_tie,0.0,0,5,0,s000
fever_test_207418_Elizabeth_Meriwether::supports,Elizabeth_Meriwether,all_tie,0.0,0,5,0,s000
fever_test_207419_Elizabeth_Meriwether::refutes,Elizabeth_Meriwether,all_tie,0.0,0,5,0,s000
fever_test_207420_Elizabeth_Meriwether::supports,Elizabeth_Meriwether,all_tie,0.0,0,5,0,s000
fever_test_207424_Elizabeth_Meriwether::supports,Elizabeth_Meriwether,all_tie,0.0,0,5,0,s000
fever_test_207426_Elizabeth_Meriwether::supports,Elizabeth_Meriwether,all_tie,0.0,0,5,0,s000
fever_test_207430_Elizabeth_Meriwether::supports,Elizabeth_Meriwether,all_tie,0.0,0,5,0,s000
fever_test_207433_Elizabeth_Meriwether::refutes,Elizabeth_Meriwether,all_tie,0.0,0,5,0,s000
fever_test_20774_Harald_V_of_Norway::supports,Harald_V_of_Norway,all_tie,0.0,0,5,0,s012
fever_test_20920_Ballet_Shoes_-LRB-novel-RRB-::refutes,Ballet_Shoes_-LRB-novel-RRB-,all_tie,0.0,0,5,0,s000|s001
fever_test_21001_Future_-LRB-rapper-RRB-::supports,Future_-LRB-rapper-RRB-,all_tie,0.0,0,5,0,s000|s001
fever_test_21002_Future_-LRB-rapper-RRB-::supports,Future_-LRB-rapper-RRB-,all_tie,0.0,0,5,0,s000|s001
fever_test_21027_Annette_Badland::supports,Annette_Badland,all_tie,0.0,0,5,0,s001
fever_test_2114_Champion_-LRB-1949_film-RRB-::supports,Champion_-LRB-1949_film-RRB-,all_tie,0.0,0,5,0,s000
fever_test_21157_Josh_Hartnett::supports,Josh_Hartnett,all_tie,0.0,0,5,0,s000
fever_test_2115_Champion_-LRB-1949_film-RRB-::refutes,Champion_-LRB-1949_film-RRB-,consistent_c2ges_win,0.3333333333333333,5,0,0,s000|s002|s003
fever_test_211642_Jane_Eyre_-LRB-2011_film-RRB-::supports,Jane_Eyre_-LRB-2011_film-RRB-,all_tie,0.0,0,5,0,s001
fever_test_211643_Jane_Eyre_-LRB-2011_film-RRB-::supports,Jane_Eyre_-LRB-2011_film-RRB-,all_tie,0.0,0,5,0,s000
fever_test_211652_Jane_Eyre_-LRB-2011_film-RRB-::supports,Jane_Eyre_-LRB-2011_film-RRB-,all_tie,0.0,0,5,0,s001
fever_test_211659_Jane_Eyre_-LRB-2011_film-RRB-::supports,Jane_Eyre_-LRB-2011_film-RRB-,all_tie,0.0,0,5,0,s000|s002
fever_test_211660_Jane_Eyre_-LRB-2011_film-RRB-::supports,Jane_Eyre_-LRB-2011_film-RRB-,all_tie,0.0,0,5,0,s000|s002
fever_test_211663_Jane_Eyre_-LRB-2011_film-RRB-::supports,Jane_Eyre_-LRB-2011_film-RRB-,all_tie,0.0,0,5,0,s000
fever_test_211669_Jane_Eyre_-LRB-2011_film-RRB-::refutes,Jane_Eyre_-LRB-2011_film-RRB-,all_tie,0.0,0,5,0,s000|s002
fever_test_211671_Jane_Eyre_-LRB-2011_film-RRB-::refutes,Jane_Eyre_-LRB-2011_film-RRB-,all_tie,0.0,0,5,0,s000|s002
fever_test_21328_Hannah_Simone::supports,Hannah_Simone,all_tie,0.0,0,5,0,s000
fever_test_21329_Hannah_Simone::supports,Hannah_Simone,all_tie,0.0,0,5,0,s000
fever_test_21340_Inspectah_Deck::supports,Inspectah_Deck,all_tie,0.0,0,5,0,s000
fever_test_215157_James_and_the_Giant_Peach_-LRB-film-RRB-::refutes,James_and_the_Giant_Peach_-LRB-film-RRB-,consistent_c2ges_win,0.5,5,0,0,s003
fever_test_215180_James_and_the_Giant_Peach_-LRB-film-RRB-::refutes,James_and_the_Giant_Peach_-LRB-film-RRB-,all_tie,0.0,0,5,0,s000
fever_test_215193_James_and_the_Giant_Peach_-LRB-film-RRB-::refutes,James_and_the_Giant_Peach_-LRB-film-RRB-,all_tie,0.0,0,5,0,s000
fever_test_215194_James_and_the_Giant_Peach_-LRB-film-RRB-::refutes,James_and_the_Giant_Peach_-LRB-film-RRB-,all_tie,0.0,0,5,0,s000
fever_test_215195_James_and_the_Giant_Peach_-LRB-film-RRB-::refutes,James_and_the_Giant_Peach_-LRB-film-RRB-,all_tie,0.0,0,5,0,s000
fever_test_215196_James_and_the_Giant_Peach_-LRB-film-RRB-::refutes,James_and_the_Giant_Peach_-LRB-film-RRB-,all_tie,0.0,0,5,0,s000
fever_test_218482_Colin_Quinn::supports,Colin_Quinn,all_tie,0.0,0,5,0,s000
fever_test_218483_Colin_Quinn::refutes,Colin_Quinn,all_tie,0.0,0,5,0,s000
fever_test_218484_Colin_Quinn::supports,Colin_Quinn,all_tie,0.0,0,5,0,s000
fever_test_218485_Colin_Quinn::supports,Colin_Quinn,all_tie,0.0,0,5,0,s000
fever_test_218486_Colin_Quinn::refutes,Colin_Quinn,all_tie,0.0,0,5,0,s000
fever_test_218490_Colin_Quinn::refutes,Colin_Quinn,all_tie,0.0,0,5,0,s000
fever_test_218491_Colin_Quinn::supports,Colin_Quinn,all_tie,0.0,0,5,0,s000
fever_test_218493_Colin_Quinn::supports,Colin_Quinn,all_tie,0.0,0,5,0,s000
fever_test_218496_Colin_Quinn::supports,Colin_Quinn,all_tie,0.0,0,5,0,s000
fever_test_218497_Colin_Quinn::supports,Colin_Quinn,all_tie,0.0,0,5,0,s000
fever_test_218498_Colin_Quinn::supports,Colin_Quinn,all_tie,0.0,0,5,0,s000
fever_test_218499_Colin_Quinn::supports,Colin_Quinn,consistent_c2ges_win,0.3333333333333333,5,0,0,s000|s003|s006
fever_test_218502_Colin_Quinn::refutes,Colin_Quinn,all_tie,0.0,0,5,0,s000
fever_test_218504_Colin_Quinn::supports,Colin_Quinn,all_tie,0.0,0,5,0,s000
fever_test_218505_Colin_Quinn::supports,Colin_Quinn,all_tie,0.0,0,5,0,s000
fever_test_218506_Colin_Quinn::supports,Colin_Quinn,all_tie,0.0,0,5,0,s000
fever_test_218507_Colin_Quinn::supports,Colin_Quinn,all_tie,0.0,0,5,0,s000
fever_test_218508_Colin_Quinn::supports,Colin_Quinn,all_tie,0.0,0,5,0,s000
fever_test_218516_Colin_Quinn::supports,Colin_Quinn,all_tie,0.0,0,5,0,s000
fever_test_220164_Cate_Blanchett::supports,Cate_Blanchett,all_tie,0.0,0,5,0,s000|s008
fever_test_220165_Cate_Blanchett::refutes,Cate_Blanchett,all_tie,0.0,0,5,0,s000|s008
fever_test_220167_Cate_Blanchett::supports,Cate_Blanchett,all_tie,0.0,0,5,0,s008
fever_test_220170_Cate_Blanchett::supports,Cate_Blanchett,all_tie,0.0,0,5,0,s000
fever_test_220181_Cate_Blanchett::supports,Cate_Blanchett,mixed_across_seeds,-0.1,0,4,1,s003
fever_test_220182_Cate_Blanchett::supports,Cate_Blanchett,mixed_across_seeds,-0.09230769230769231,0,2,3,s000|s002|s003|s004|s007|s008|s011|s012|s015|s016
fever_test_220513_Jared_Leto::supports,Jared_Leto,all_tie,0.0,0,5,0,s000
fever_test_220518_Jared_Leto::supports,Jared_Leto,all_tie,0.0,0,5,0,s000
fever_test_220519_Jared_Leto::supports,Jared_Leto,mixed_across_seeds,-0.14545454545454542,0,1,4,s000|s001|s002|s003|s004|s006|s009|s010
fever_test_220524_Jared_Leto::supports,Jared_Leto,all_tie,0.0,0,5,0,s000
fever_test_220529_Jared_Leto::supports,Jared_Leto,all_tie,0.0,0,5,0,s000
fever_test_220531_Jared_Leto::supports,Jared_Leto,all_tie,0.0,0,5,0,s000
fever_test_220532_Jared_Leto::refutes,Jared_Leto,all_tie,0.0,0,5,0,s000|s001|s002|s003|s004|s005|s006|s009|s010|s011|s012|s015|s016|s017|s018|s019|s020
fever_test_220533_Jared_Leto::supports,Jared_Leto,all_tie,0.0,0,5,0,s000
fever_test_220534_Jared_Leto::supports,Jared_Leto,all_tie,0.0,0,5,0,s000
fever_test_220536_Jared_Leto::supports,Jared_Leto,all_tie,0.0,0,5,0,s000|s005
fever_test_220539_Jared_Leto::supports,Jared_Leto,all_tie,0.0,0,5,0,s000|s001
fever_test_2205_David_Jones_-LRB-video_game_developer-RRB-::supports,David_Jones_-LRB-video_game_developer-RRB-,all_tie,0.0,0,5,0,s000
fever_test_2206_David_Jones_-LRB-video_game_developer-RRB-::supports,David_Jones_-LRB-video_game_developer-RRB-,all_tie,0.0,0,5,0,s000
fever_test_221560_K-pop_Star_2::supports,K-pop_Star_2,all_tie,0.0,0,5,0,s002
fever_test_221572_K-pop_Star_2::supports,K-pop_Star_2,all_tie,0.0,0,5,0,s002
fever_test_221592_K-pop_Star_2::supports,K-pop_Star_2,all_tie,0.0,0,5,0,s002
fever_test_221593_K-pop_Star_2::refutes,K-pop_Star_2,all_tie,0.0,0,5,0,s002
fever_test_223711_Jared_Leto::supports,Jared_Leto,all_tie,0.0,0,5,0,s000
fever_test_223717_Jared_Leto::supports,Jared_Leto,all_tie,0.0,0,5,0,s000
fever_test_223719_Jared_Leto::supports,Jared_Leto,all_tie,0.0,0,5,0,s000
fever_test_223720_Jared_Leto::refutes,Jared_Leto,mixed_across_seeds,-0.2285714285714286,0,1,4,s000|s001|s002|s003
fever_test_223723_Jared_Leto::supports,Jared_Leto,all_tie,0.0,0,5,0,s000
fever_test_223729_Jared_Leto::supports,Jared_Leto,all_tie,0.0,0,5,0,s000
fever_test_223731_Jared_Leto::supports,Jared_Leto,all_tie,0.0,0,5,0,s001
fever_test_22409_Faye_Resnick::supports,Faye_Resnick,all_tie,0.0,0,5,0,s000
fever_test_22427_Jim_Carrey::supports,Jim_Carrey,all_tie,0.0,0,5,0,s005|s006|s009|s010|s013|s014|s015|s017
fever_test_22491_Ann_Richards::supports,Ann_Richards,all_tie,0.0,0,5,0,s000|s002
fever_test_22521_Community_-LRB-TV_series-RRB-::supports,Community_-LRB-TV_series-RRB-,all_tie,0.0,0,5,0,s015
fever_test_22522_Community_-LRB-TV_series-RRB-::supports,Community_-LRB-TV_series-RRB-,consistent_bm25_win,-0.5,0,0,5,s015
fever_test_226440_Chadwick_Boseman::supports,Chadwick_Boseman,all_tie,0.0,0,5,0,s001
fever_test_226441_Chadwick_Boseman::supports,Chadwick_Boseman,all_tie,0.0,0,5,0,s001
fever_test_226458_Chadwick_Boseman::supports,Chadwick_Boseman,all_tie,0.0,0,5,0,s001
fever_test_22664_Josh_Hartnett::supports,Josh_Hartnett,all_tie,0.0,0,5,0,s000
fever_test_22665_Josh_Hartnett::refutes,Josh_Hartnett,all_tie,0.0,0,5,0,s000
fever_test_226864_Jenna_Jameson::refutes,Jenna_Jameson,all_tie,0.0,0,5,0,s000|s003|s022
fever_test_226880_Jenna_Jameson::refutes,Jenna_Jameson,all_tie,0.0,0,5,0,s000|s003|s015|s016|s022
fever_test_227250_IPhone::supports,IPhone,all_tie,0.0,0,5,0,s019
fever_test_227260_IPhone::supports,IPhone,all_tie,0.0,0,5,0,s019
fever_test_227261_IPhone::supports,IPhone,mixed_across_seeds,0.08,1,4,0,s011|s019
fever_test_227271_IPhone::supports,IPhone,mixed_across_seeds,0.06666666666666667,1,4,0,s011|s019|s020
fever_test_227373_Giada_at_Home::refutes,Giada_at_Home,all_tie,0.0,0,5,0,s000
fever_test_228727_Harold_Ramis::supports,Harold_Ramis,all_tie,0.0,0,5,0,s000
fever_test_228729_Harold_Ramis::supports,Harold_Ramis,all_tie,0.0,0,5,0,s000
fever_test_228733_Harold_Ramis::supports,Harold_Ramis,all_tie,0.0,0,5,0,s000
fever_test_228736_Harold_Ramis::supports,Harold_Ramis,all_tie,0.0,0,5,0,s000|s001
fever_test_228740_Harold_Ramis::supports,Harold_Ramis,all_tie,0.0,0,5,0,s000|s001|s003
fever_test_228741_Harold_Ramis::supports,Harold_Ramis,consistent_bm25_win,-0.3333333333333333,0,0,5,s000|s002|s004
fever_test_228745_Harold_Ramis::supports,Harold_Ramis,consistent_bm25_win,-0.4,0,0,5,s000|s002
fever_test_228747_Harold_Ramis::refutes,Harold_Ramis,all_tie,0.0,0,5,0,s000
fever_test_228748_Harold_Ramis::supports,Harold_Ramis,all_tie,0.0,0,5,0,s000
fever_test_228752_Harold_Ramis::supports,Harold_Ramis,all_tie,0.0,0,5,0,s000
fever_test_228753_Harold_Ramis::supports,Harold_Ramis,all_tie,0.0,0,5,0,s000|s001|s002|s003|s004|s009
fever_test_228758_Harold_Ramis::supports,Harold_Ramis,all_tie,0.0,0,5,0,s004
fever_test_228765_Harold_Ramis::supports,Harold_Ramis,all_tie,0.0,0,5,0,s000
fever_test_228767_Harold_Ramis::refutes,Harold_Ramis,consistent_bm25_win,-0.4,0,0,5,s000|s001
fever_test_23009_Bryan_Cranston::supports,Bryan_Cranston,all_tie,0.0,0,5,0,s000
fever_test_23069_Annie_Parisse::supports,Annie_Parisse,all_tie,0.0,0,5,0,s000
fever_test_23070_Annie_Parisse::refutes,Annie_Parisse,all_tie,0.0,0,5,0,s000
fever_test_23110_Heinrich_Himmler::supports,Heinrich_Himmler,all_tie,0.0,0,5,0,s010
fever_test_23417_George_Best::supports,George_Best,consistent_c2ges_win,0.5,5,0,0,s000
fever_test_23418_George_Best::supports,George_Best,all_tie,0.0,0,5,0,s000|s002
fever_test_23582_Chris_McKenna_-LRB-writer-RRB-::supports,Chris_McKenna_-LRB-writer-RRB-,consistent_c2ges_win,0.19999999999999996,5,0,0,s000|s001|s006|s010|s011|s012|s016
fever_test_23712_Donkey_-LRB-Shrek-RRB-::supports,Donkey_-LRB-Shrek-RRB-,all_tie,0.0,0,5,0,s000
fever_test_23789_Julianne_Hough::supports,Julianne_Hough,all_tie,0.0,0,5,0,s000
fever_test_23790_Julianne_Hough::supports,Julianne_Hough,all_tie,0.0,0,5,0,s000
fever_test_24150_James_Arness::supports,James_Arness,all_tie,0.0,0,5,0,s000|s001
fever_test_2431_Catherine_of_Alexandria::supports,Catherine_of_Alexandria,all_tie,0.0,0,5,0,s000
fever_test_24428_Buddhism::refutes,Buddhism,mixed_across_seeds,0.32,4,1,0,s000|s003
fever_test_2443_Julianne_Hough::supports,Julianne_Hough,all_tie,0.0,0,5,0,s000|s003|s006
fever_test_24684_Arizona::supports,Arizona,all_tie,0.0,0,5,0,s000
fever_test_24738_Cheaper_by_the_Dozen_-LRB-2003_film-RRB-::supports,Cheaper_by_the_Dozen_-LRB-2003_film-RRB-,all_tie,0.0,0,5,0,s000
fever_test_25288_Judd_Apatow::refutes,Judd_Apatow,all_tie,0.0,0,5,0,s008
fever_test_25556_Isis::refutes,Isis,mixed_across_seeds,-0.2,0,3,2,s015
fever_test_25562_Hillary_Clinton::supports,Hillary_Clinton,mixed_across_seeds,-0.32,0,1,4,s000|s017
fever_test_25658_Diego_Costa::supports,Diego_Costa,all_tie,0.0,0,5,0,s012
fever_test_25659_Diego_Costa::supports,Diego_Costa,all_tie,0.0,0,5,0,s012
fever_test_25821_George_Best::supports,George_Best,all_tie,0.0,0,5,0,s000
fever_test_25900_Azerbaijan::supports,Azerbaijan,all_tie,0.0,0,5,0,s015
fever_test_25962_Edward_Norton::supports,Edward_Norton,all_tie,0.0,0,5,0,s000
fever_test_25963_Edward_Norton::supports,Edward_Norton,all_tie,0.0,0,5,0,s000
fever_test_26012_Bryan_Cranston::supports,Bryan_Cranston,all_tie,0.0,0,5,0,s001
fever_test_26286_Jon_Snow_-LRB-character-RRB-::supports,Jon_Snow_-LRB-character-RRB-,all_tie,0.0,0,5,0,s013
fever_test_26287_Jon_Snow_-LRB-character-RRB-::refutes,Jon_Snow_-LRB-character-RRB-,all_tie,0.0,0,5,0,s013
fever_test_26368_Eliza_Dushku::supports,Eliza_Dushku,all_tie,0.0,0,5,0,s002
fever_test_26371_Edward_Norton::refutes,Edward_Norton,all_tie,0.0,0,5,0,s007
fever_test_26513_Eliza_Dushku::supports,Eliza_Dushku,all_tie,0.0,0,5,0,s000|s001|s002
fever_test_26666_Keanu_Reeves::supports,Keanu_Reeves,all_tie,0.0,0,5,0,s005
fever_test_26726_Donkey_-LRB-Shrek-RRB-::supports,Donkey_-LRB-Shrek-RRB-,all_tie,0.0,0,5,0,s000
fever_test_26990_Grand_Theft_Auto_V::supports,Grand_Theft_Auto_V,all_tie,0.0,0,5,0,s000
fever_test_27078_Clarence_Thomas::refutes,Clarence_Thomas,all_tie,0.0,0,5,0,s004
fever_test_2719_Inspectah_Deck::supports,Inspectah_Deck,all_tie,0.0,0,5,0,s000
fever_test_27607_David_Jones_-LRB-video_game_developer-RRB-::supports,David_Jones_-LRB-video_game_developer-RRB-,all_tie,0.0,0,5,0,s000
fever_test_27608_David_Jones_-LRB-video_game_developer-RRB-::supports,David_Jones_-LRB-video_game_developer-RRB-,all_tie,0.0,0,5,0,s000
fever_test_27705_Julianne_Hough::supports,Julianne_Hough,all_tie,0.0,0,5,0,s000
fever_test_27706_Julianne_Hough::supports,Julianne_Hough,all_tie,0.0,0,5,0,s000
fever_test_27828_Iain_Glen::supports,Iain_Glen,all_tie,0.0,0,5,0,s000|s001
fever_test_28029_Chris_Evans_-LRB-actor-RRB-::supports,Chris_Evans_-LRB-actor-RRB-,consistent_c2ges_win,0.5,5,0,0,s005
fever_test_28030_Chris_Evans_-LRB-actor-RRB-::supports,Chris_Evans_-LRB-actor-RRB-,all_tie,0.0,0,5,0,s000
fever_test_2844_Annie_Parisse::supports,Annie_Parisse,all_tie,0.0,0,5,0,s000
fever_test_28480_Diego_Costa::supports,Diego_Costa,all_tie,0.0,0,5,0,s000|s012
fever_test_2856_David_Jones_-LRB-video_game_developer-RRB-::supports,David_Jones_-LRB-video_game_developer-RRB-,all_tie,0.0,0,5,0,s000
fever_test_2857_David_Jones_-LRB-video_game_developer-RRB-::refutes,David_Jones_-LRB-video_game_developer-RRB-,all_tie,0.0,0,5,0,s000
fever_test_28648_Community_-LRB-TV_series-RRB-::supports,Community_-LRB-TV_series-RRB-,all_tie,0.0,0,5,0,s015
fever_test_28687_Hannibal::supports,Hannibal,all_tie,0.0,0,5,0,s023
fever_test_28801_Journey_-LRB-band-RRB-::refutes,Journey_-LRB-band-RRB-,all_tie,0.0,0,5,0,s000|s011|s016
fever_test_28806_Ballet_Shoes_-LRB-novel-RRB-::supports,Ballet_Shoes_-LRB-novel-RRB-,consistent_c2ges_win,0.5,5,0,0,s004
fever_test_28807_Ballet_Shoes_-LRB-novel-RRB-::supports,Ballet_Shoes_-LRB-novel-RRB-,all_tie,0.0,0,5,0,s000
fever_test_28908_Chile::supports,Chile,consistent_c2ges_win,0.4999999999999999,5,0,0,s000|s020|s021|s022|s023
fever_test_29269_Hannah_Simone::supports,Hannah_Simone,all_tie,0.0,0,5,0,s000
fever_test_29315_Future_-LRB-rapper-RRB-::supports,Future_-LRB-rapper-RRB-,all_tie,0.0,0,5,0,s000
fever_test_29316_Future_-LRB-rapper-RRB-::supports,Future_-LRB-rapper-RRB-,all_tie,0.0,0,5,0,s000
fever_test_29439_Farrah_Fawcett::supports,Farrah_Fawcett,all_tie,0.0,0,5,0,s016
fever_test_29516_Judd_Apatow::supports,Judd_Apatow,all_tie,0.0,0,5,0,s000
fever_test_2958_Diane_Ruggiero::supports,Diane_Ruggiero,all_tie,0.0,0,5,0,s000
fever_test_2959_Diane_Ruggiero::refutes,Diane_Ruggiero,all_tie,0.0,0,5,0,s000
fever_test_29952_Chile::refutes,Chile,mixed_across_seeds,0.4,4,1,0,s020
fever_test_30069_Hannah_Simone::supports,Hannah_Simone,all_tie,0.0,0,5,0,s000
fever_test_30384_Inspectah_Deck::supports,Inspectah_Deck,all_tie,0.0,0,5,0,s000|s002
fever_test_30568_Al_Gore::supports,Al_Gore,all_tie,0.0,0,5,0,s009
fever_test_31096_Gianluigi_Buffon::supports,Gianluigi_Buffon,mixed_across_seeds,0.13333333333333333,3,2,0,s000|s001|s009|s017|s018|s019
fever_test_31270_Grand_Theft_Auto_V::refutes,Grand_Theft_Auto_V,all_tie,0.0,0,5,0,s000
fever_test_31426_Galaxy_Quest::supports,Galaxy_Quest,all_tie,0.0,0,5,0,s000
fever_test_31445_Allen_Ginsberg::refutes,Allen_Ginsberg,all_tie,0.0,0,5,0,s000|s005
fever_test_3167_Jimmy_Carter::supports,Jimmy_Carter,all_tie,0.0,0,5,0,s008
fever_test_3168_Jimmy_Carter::supports,Jimmy_Carter,mixed_across_seeds,0.05714285714285715,2,3,0,s000|s001|s007|s008|s009|s010|s011|s014|s015|s017|s019
fever_test_32362_Edward_Norton::supports,Edward_Norton,all_tie,0.0,0,5,0,s003
fever_test_32363_Edward_Norton::refutes,Edward_Norton,all_tie,0.0,0,5,0,s000
fever_test_32376_Galaxy_Quest::supports,Galaxy_Quest,all_tie,0.0,0,5,0,s000
fever_test_32377_Galaxy_Quest::supports,Galaxy_Quest,mixed_across_seeds,0.17142857142857143,3,2,0,s000|s006|s010|s012
fever_test_32615_Jon_Snow_-LRB-character-RRB-::supports,Jon_Snow_-LRB-character-RRB-,all_tie,0.0,0,5,0,s000
fever_test_32616_Jon_Snow_-LRB-character-RRB-::refutes,Jon_Snow_-LRB-character-RRB-,all_tie,0.0,0,5,0,s000|s013|s018
fever_test_32763_Inspectah_Deck::refutes,Inspectah_Deck,all_tie,0.0,0,5,0,s000
fever_test_32815_Eric_Church::supports,Eric_Church,all_tie,0.0,0,5,0,s000
fever_test_32858_Buddhism::refutes,Buddhism,all_tie,0.0,0,5,0,s003
fever_test_32947_Elizabeth_I_of_England::supports,Elizabeth_I_of_England,all_tie,0.0,0,5,0,s000
fever_test_33009_A.J._Styles::supports,A.J._Styles,consistent_c2ges_win,0.33333333333333337,5,0,0,s000|s003|s006
fever_test_33729_Holiday-COLON-_A_Soldier_Is_Never_Off_Duty::supports,Holiday-COLON-_A_Soldier_Is_Never_Off_Duty,all_tie,0.0,0,5,0,s000|s003
fever_test_33730_Holiday-COLON-_A_Soldier_Is_Never_Off_Duty::supports,Holiday-COLON-_A_Soldier_Is_Never_Off_Duty,all_tie,0.0,0,5,0,s000|s003
fever_test_34131_Jon_Snow_-LRB-character-RRB-::supports,Jon_Snow_-LRB-character-RRB-,all_tie,0.0,0,5,0,s017
fever_test_34132_Jon_Snow_-LRB-character-RRB-::supports,Jon_Snow_-LRB-character-RRB-,consistent_bm25_win,-0.5714285714285714,0,0,5,s000|s001|s002|s013
fever_test_34141_Hannibal::supports,Hannibal,all_tie,0.0,0,5,0,s006
fever_test_34193_Adventure_Time::supports,Adventure_Time,all_tie,0.0,0,5,0,s019
fever_test_34213_Dan_Trachtenberg::supports,Dan_Trachtenberg,all_tie,0.0,0,5,0,s000
fever_test_34227_Eric_Church::supports,Eric_Church,all_tie,0.0,0,5,0,s000
fever_test_34551_Anne_Hathaway::supports,Anne_Hathaway,all_tie,0.0,0,5,0,s000|s001|s002|s003|s007|s008|s009|s012|s013|s014|s015|s018
fever_test_34552_Anne_Hathaway::supports,Anne_Hathaway,mixed_across_seeds,-0.05714285714285715,0,4,1,s002|s008|s009|s012
fever_test_34685_Hillary_Clinton::supports,Hillary_Clinton,consistent_bm25_win,-0.15384615384615385,0,0,5,s000|s012|s013|s014|s017|s019|s022|s023|s024|s025
fever_test_34851_Jim_Carrey::supports,Jim_Carrey,all_tie,0.0,0,5,0,s000
fever_test_34852_Jim_Carrey::refutes,Jim_Carrey,all_tie,0.0,0,5,0,s000
fever_test_34937_Keanu_Reeves::supports,Keanu_Reeves,consistent_bm25_win,-0.24999999999999992,0,0,5,s000|s003|s004|s008|s017
fever_test_34938_Keanu_Reeves::supports,Keanu_Reeves,all_tie,0.0,0,5,0,s004|s017
fever_test_35139_Henry_VIII_of_England::supports,Henry_VIII_of_England,all_tie,0.0,0,5,0,s015
fever_test_35140_Henry_VIII_of_England::refutes,Henry_VIII_of_England,all_tie,0.0,0,5,0,s015
fever_test_35568_Jim_Carrey::supports,Jim_Carrey,consistent_c2ges_win,0.22222222222222224,5,0,0,s005|s006|s009|s013|s014|s017
fever_test_35702_Cthulhu::supports,Cthulhu,all_tie,0.0,0,5,0,s002
fever_test_3572_Grand_Theft_Auto_V::refutes,Grand_Theft_Auto_V,all_tie,0.0,0,5,0,s000
fever_test_36015_Iain_Glen::supports,Iain_Glen,all_tie,0.0,0,5,0,s000
fever_test_36016_Iain_Glen::supports,Iain_Glen,all_tie,0.0,0,5,0,s000
fever_test_36045_Hannibal::supports,Hannibal,all_tie,0.0,0,5,0,s007
fever_test_3626_David_Jones_-LRB-video_game_developer-RRB-::supports,David_Jones_-LRB-video_game_developer-RRB-,all_tie,0.0,0,5,0,s000
fever_test_36454_Ballet_Shoes_-LRB-novel-RRB-::supports,Ballet_Shoes_-LRB-novel-RRB-,all_tie,0.0,0,5,0,s000|s001|s004
fever_test_36466_Judd_Apatow::supports,Judd_Apatow,all_tie,0.0,0,5,0,s008
fever_test_36595_Hillary_Clinton::refutes,Hillary_Clinton,mixed_across_seeds,-0.05,0,4,1,s000|s022|s023|s024|s025
fever_test_36849_Ann_Richards::refutes,Ann_Richards,all_tie,0.0,0,5,0,s000|s001|s002|s003
fever_test_37038_Chris_McKenna_-LRB-writer-RRB-::supports,Chris_McKenna_-LRB-writer-RRB-,all_tie,0.0,0,5,0,s000|s010|s011|s012|s016
fever_test_37249_Bryan_Cranston::supports,Bryan_Cranston,all_tie,0.0,0,5,0,s001
fever_test_37256_Eva_Longoria::refutes,Eva_Longoria,all_tie,0.0,0,5,0,s003
fever_test_37260_Journey_-LRB-band-RRB-::supports,Journey_-LRB-band-RRB-,all_tie,0.0,0,5,0,s000
fever_test_37261_Journey_-LRB-band-RRB-::refutes,Journey_-LRB-band-RRB-,all_tie,0.0,0,5,0,s000
fever_test_37349_Judd_Apatow::supports,Judd_Apatow,all_tie,0.0,0,5,0,s000
fever_test_373_Annie_Parisse::supports,Annie_Parisse,all_tie,0.0,0,5,0,s000|s001|s002
fever_test_374_Annie_Parisse::supports,Annie_Parisse,all_tie,0.0,0,5,0,s000
fever_test_37619_Hannah_Simone::supports,Hannah_Simone,all_tie,0.0,0,5,0,s000
fever_test_3770_Journey_-LRB-band-RRB-::supports,Journey_-LRB-band-RRB-,all_tie,0.0,0,5,0,s011
fever_test_3771_Journey_-LRB-band-RRB-::refutes,Journey_-LRB-band-RRB-,all_tie,0.0,0,5,0,s011
fever_test_37774_Chris_Evans_-LRB-actor-RRB-::supports,Chris_Evans_-LRB-actor-RRB-,all_tie,0.0,0,5,0,s005
fever_test_37775_Chris_Evans_-LRB-actor-RRB-::refutes,Chris_Evans_-LRB-actor-RRB-,consistent_c2ges_win,0.5,5,0,0,s005
fever_test_3784_James_Arness::supports,James_Arness,consistent_c2ges_win,0.4,5,0,0,s000|s001
fever_test_37885_Kanye_West::supports,Kanye_West,all_tie,0.0,0,5,0,s002|s017
fever_test_37886_Kanye_West::refutes,Kanye_West,all_tie,0.0,0,5,0,s000|s002|s003|s004|s005|s006|s017|s018|s019
fever_test_37904_David_Arquette::supports,David_Arquette,all_tie,0.0,0,5,0,s002
fever_test_38006_James_Bond::refutes,James_Bond,all_tie,0.0,0,5,0,s000
fever_test_38138_Anne_Hathaway::supports,Anne_Hathaway,all_tie,0.0,0,5,0,s014
fever_test_38224_Julianne_Hough::supports,Julianne_Hough,all_tie,0.0,0,5,0,s005
fever_test_38225_Julianne_Hough::refutes,Julianne_Hough,all_tie,0.0,0,5,0,s005
fever_test_38386_Keanu_Reeves::supports,Keanu_Reeves,all_tie,0.0,0,5,0,s005
fever_test_38387_Keanu_Reeves::refutes,Keanu_Reeves,all_tie,0.0,0,5,0,s005
fever_test_38415_John_Nash_-LRB-architect-RRB-::supports,John_Nash_-LRB-architect-RRB-,all_tie,0.0,0,5,0,s000
fever_test_38416_John_Nash_-LRB-architect-RRB-::refutes,John_Nash_-LRB-architect-RRB-,all_tie,0.0,0,5,0,s000
fever_test_38436_Keanu_Reeves::supports,Keanu_Reeves,all_tie,0.0,0,5,0,s004|s005
fever_test_38450_Azerbaijan::supports,Azerbaijan,all_tie,0.0,0,5,0,s000
fever_test_38451_Azerbaijan::supports,Azerbaijan,all_tie,0.0,0,5,0,s000
fever_test_38748_Anne_Hathaway::supports,Anne_Hathaway,all_tie,0.0,0,5,0,s000|s001|s002|s003|s007|s008|s009|s012|s013|s014|s015
fever_test_38859_Holiday-COLON-_A_Soldier_Is_Never_Off_Duty::supports,Holiday-COLON-_A_Soldier_Is_Never_Off_Duty,all_tie,0.0,0,5,0,s000
fever_test_38966_Azerbaijan::supports,Azerbaijan,all_tie,0.0,0,5,0,s025
fever_test_39166_Elizabeth_I_of_England::supports,Elizabeth_I_of_England,mixed_across_seeds,0.32,4,1,0,s000|s004
fever_test_39793_A.J._Styles::supports,A.J._Styles,consistent_c2ges_win,0.5,5,0,0,s015
fever_test_39827_Judd_Apatow::supports,Judd_Apatow,all_tie,0.0,0,5,0,s000|s001|s008
fever_test_39973_Keanu_Reeves::supports,Keanu_Reeves,all_tie,0.0,0,5,0,s005
fever_test_40004_Foo_Fighters::refutes,Foo_Fighters,all_tie,0.0,0,5,0,s000
fever_test_40053_American_Horror_Story::supports,American_Horror_Story,consistent_bm25_win,-0.4,0,0,5,s000|s016
fever_test_40054_American_Horror_Story::supports,American_Horror_Story,consistent_bm25_win,-0.4,0,0,5,s000|s001
fever_test_40221_Benzodiazepine::refutes,Benzodiazepine,all_tie,0.0,0,5,0,s000
fever_test_40272_Isis::supports,Isis,all_tie,0.0,0,5,0,s000
fever_test_40284_Jon_Snow_-LRB-character-RRB-::refutes,Jon_Snow_-LRB-character-RRB-,all_tie,0.0,0,5,0,s017
fever_test_40344_Journey_-LRB-band-RRB-::supports,Journey_-LRB-band-RRB-,all_tie,0.0,0,5,0,s014
fever_test_40664_Foo_Fighters::supports,Foo_Fighters,consistent_bm25_win,-0.18181818181818182,0,0,5,s000|s006|s012|s013|s016|s017|s020|s021
fever_test_40665_Foo_Fighters::refutes,Foo_Fighters,consistent_bm25_win,-0.25,0,0,5,s005|s007|s008|s011|s012
fever_test_4079_Jim_Carrey::supports,Jim_Carrey,consistent_c2ges_win,0.4999999999999999,5,0,0,s000|s004|s005|s006|s009
fever_test_4080_Jim_Carrey::supports,Jim_Carrey,all_tie,0.0,0,5,0,s000
fever_test_40815_Community_-LRB-TV_series-RRB-::supports,Community_-LRB-TV_series-RRB-,all_tie,0.0,0,5,0,s015
fever_test_40964_Edward_Norton::supports,Edward_Norton,all_tie,0.0,0,5,0,s000|s001|s002|s003|s004|s007|s008|s010|s011|s012|s013
fever_test_40988_George_Best::refutes,George_Best,consistent_c2ges_win,0.11111111111111112,5,0,0,s000|s001|s002|s005|s006|s009|s010|s011|s014|s023|s024|s025|s026|s027|s028
fever_test_41043_Eva_Longoria::supports,Eva_Longoria,all_tie,0.0,0,5,0,s000
fever_test_4132_A.J._Styles::supports,A.J._Styles,consistent_c2ges_win,0.3333333333333333,5,0,0,s004|s009|s010
fever_test_41545_Eliza_Dushku::supports,Eliza_Dushku,all_tie,0.0,0,5,0,s002
fever_test_41642_Chris_McKenna_-LRB-writer-RRB-::supports,Chris_McKenna_-LRB-writer-RRB-,mixed_across_seeds,-0.26666666666666666,0,1,4,s000|s001|s003
fever_test_41795_Allen_Ginsberg::supports,Allen_Ginsberg,all_tie,0.0,0,5,0,s019
fever_test_41952_Foo_Fighters::supports,Foo_Fighters,all_tie,0.0,0,5,0,s000
fever_test_41970_Kevin_Durant::refutes,Kevin_Durant,all_tie,0.0,0,5,0,s000
fever_test_42019_Josh_Hartnett::supports,Josh_Hartnett,all_tie,0.0,0,5,0,s000|s002|s003
fever_test_42024_Dan_Trachtenberg::supports,Dan_Trachtenberg,all_tie,0.0,0,5,0,s000
fever_test_42088_Jimmy_Carter::supports,Jimmy_Carter,all_tie,0.0,0,5,0,s000
fever_test_42163_Jim_Carrey::supports,Jim_Carrey,all_tie,0.0,0,5,0,s000
fever_test_42164_Jim_Carrey::supports,Jim_Carrey,all_tie,0.0,0,5,0,s000
fever_test_42277_Champion_-LRB-1949_film-RRB-::supports,Champion_-LRB-1949_film-RRB-,all_tie,0.0,0,5,0,s000
fever_test_42278_Champion_-LRB-1949_film-RRB-::refutes,Champion_-LRB-1949_film-RRB-,all_tie,0.0,0,5,0,s000
fever_test_42353_Diane_Ruggiero::supports,Diane_Ruggiero,all_tie,0.0,0,5,0,s000
fever_test_42416_Judd_Apatow::supports,Judd_Apatow,all_tie,0.0,0,5,0,s000
fever_test_42470_Fidel_Castro::supports,Fidel_Castro,all_tie,0.0,0,5,0,s000|s001|s002|s005|s006|s007|s008|s009|s010|s011|s014|s015|s016|s017|s018|s019|s020|s023|s024|s025|s026
fever_test_42554_Grand_Theft_Auto_V::supports,Grand_Theft_Auto_V,all_tie,0.0,0,5,0,s000
fever_test_42555_Grand_Theft_Auto_V::supports,Grand_Theft_Auto_V,all_tie,0.0,0,5,0,s000
fever_test_4289_KJ_Apa::supports,KJ_Apa,all_tie,0.0,0,5,0,s001
fever_test_42903_Eva_Longoria::supports,Eva_Longoria,mixed_across_seeds,0.08,1,4,0,s000|s004
fever_test_43307_Community_-LRB-TV_series-RRB-::refutes,Community_-LRB-TV_series-RRB-,consistent_bm25_win,-0.5,0,0,5,s015
fever_test_43920_Dan_Trachtenberg::supports,Dan_Trachtenberg,all_tie,0.0,0,5,0,s000
fever_test_43933_James_Arness::supports,James_Arness,all_tie,0.0,0,5,0,s000
fever_test_44319_Buddhism::supports,Buddhism,all_tie,0.0,0,5,0,s000
fever_test_44320_Buddhism::supports,Buddhism,all_tie,0.0,0,5,0,s000
fever_test_4439_Fahrenheit_451_-LRB-film-RRB-::supports,Fahrenheit_451_-LRB-film-RRB-,all_tie,0.0,0,5,0,s000
fever_test_4440_Fahrenheit_451_-LRB-film-RRB-::refutes,Fahrenheit_451_-LRB-film-RRB-,all_tie,0.0,0,5,0,s000|s001|s002|s003
fever_test_44865_Edward_Norton::supports,Edward_Norton,all_tie,0.0,0,5,0,s003
fever_test_45080_Journey_-LRB-band-RRB-::supports,Journey_-LRB-band-RRB-,all_tie,0.0,0,5,0,s000
fever_test_4538_Catherine_of_Alexandria::supports,Catherine_of_Alexandria,all_tie,0.0,0,5,0,s000
fever_test_45833_Grand_Theft_Auto_V::refutes,Grand_Theft_Auto_V,all_tie,0.0,0,5,0,s000|s023|s024
fever_test_4590_Hillary_Clinton::refutes,Hillary_Clinton,all_tie,0.0,0,5,0,s017
fever_test_46004_Charles_Manson::refutes,Charles_Manson,all_tie,0.0,0,5,0,s000
fever_test_46066_Borrelia_afzelii::refutes,Borrelia_afzelii,all_tie,0.0,0,5,0,s000
fever_test_46158_Ann_Richards::refutes,Ann_Richards,all_tie,0.0,0,5,0,s000
fever_test_46171_Eva_Longoria::refutes,Eva_Longoria,all_tie,0.0,0,5,0,s000
fever_test_46244_Foo_Fighters::supports,Foo_Fighters,all_tie,0.0,0,5,0,s000|s006|s012|s013|s020|s021
fever_test_46250_Champion_-LRB-1949_film-RRB-::supports,Champion_-LRB-1949_film-RRB-,all_tie,0.0,0,5,0,s000
fever_test_46543_Anne_Hathaway::refutes,Anne_Hathaway,mixed_across_seeds,0.2,4,1,0,s002|s007|s012|s013|s015
fever_test_46601_Cheaper_by_the_Dozen_-LRB-2003_film-RRB-::supports,Cheaper_by_the_Dozen_-LRB-2003_film-RRB-,all_tie,0.0,0,5,0,s000
fever_test_46637_Al_Gore::refutes,Al_Gore,all_tie,0.0,0,5,0,s000|s008
fever_test_46881_Boomerang_-LRB-1992_film-RRB-::supports,Boomerang_-LRB-1992_film-RRB-,all_tie,0.0,0,5,0,s000|s001|s003|s013|s015
fever_test_46882_Boomerang_-LRB-1992_film-RRB-::refutes,Boomerang_-LRB-1992_film-RRB-,all_tie,0.0,0,5,0,s000|s001|s003|s013|s015
fever_test_46973_Josh_Hartnett::refutes,Josh_Hartnett,all_tie,0.0,0,5,0,s000
fever_test_46990_Anne_Hathaway::refutes,Anne_Hathaway,mixed_across_seeds,0.06666666666666667,1,4,0,s000|s003|s007
fever_test_47212_Donkey_-LRB-Shrek-RRB-::supports,Donkey_-LRB-Shrek-RRB-,all_tie,0.0,0,5,0,s000
fever_test_47267_Benzodiazepine::refutes,Benzodiazepine,mixed_across_seeds,0.03636363636363636,1,4,0,s006|s012|s013|s014|s019|s021|s023|s024
fever_test_47407_Ben_Kingsley::refutes,Ben_Kingsley,all_tie,0.0,0,5,0,s000
fever_test_47593_Anne_Hathaway::refutes,Anne_Hathaway,all_tie,0.0,0,5,0,s014
fever_test_47726_Annette_Badland::supports,Annette_Badland,all_tie,0.0,0,5,0,s001
fever_test_47782_Keanu_Reeves::refutes,Keanu_Reeves,all_tie,0.0,0,5,0,s000|s003|s016|s017|s018|s019
fever_test_48062_Diego_Costa::supports,Diego_Costa,all_tie,0.0,0,5,0,s000
fever_test_48194_Holiday-COLON-_A_Soldier_Is_Never_Off_Duty::supports,Holiday-COLON-_A_Soldier_Is_Never_Off_Duty,all_tie,0.0,0,5,0,s000
fever_test_48195_Holiday-COLON-_A_Soldier_Is_Never_Off_Duty::supports,Holiday-COLON-_A_Soldier_Is_Never_Off_Duty,all_tie,0.0,0,5,0,s000
fever_test_48274_Jon_Snow_-LRB-character-RRB-::supports,Jon_Snow_-LRB-character-RRB-,all_tie,0.0,0,5,0,s013
fever_test_48288_American_Horror_Story::refutes,American_Horror_Story,all_tie,0.0,0,5,0,s016|s024
fever_test_48337_Keanu_Reeves::refutes,Keanu_Reeves,all_tie,0.0,0,5,0,s000
fever_test_48400_Dhool::supports,Dhool,all_tie,0.0,0,5,0,s000|s004
fever_test_48401_Diego_Costa::supports,Diego_Costa,consistent_c2ges_win,0.4,5,0,0,s011|s012
fever_test_48498_American_Horror_Story::supports,American_Horror_Story,all_tie,0.0,0,5,0,s000
fever_test_48641_Galaxy_Quest::supports,Galaxy_Quest,all_tie,0.0,0,5,0,s000
fever_test_48728_Bryan_Cranston::supports,Bryan_Cranston,mixed_across_seeds,0.08,1,4,0,s010|s012
fever_test_48825_Dhool::supports,Dhool,all_tie,0.0,0,5,0,s000
fever_test_49249_Arizona::supports,Arizona,all_tie,0.0,0,5,0,s000|s001
fever_test_49406_Azerbaijan::supports,Azerbaijan,all_tie,0.0,0,5,0,s005
fever_test_49426_Jim_Carrey::supports,Jim_Carrey,all_tie,0.0,0,5,0,s013
fever_test_49482_Jon_Snow_-LRB-character-RRB-::supports,Jon_Snow_-LRB-character-RRB-,all_tie,0.0,0,5,0,s000
fever_test_49498_A.J._Styles::refutes,A.J._Styles,consistent_c2ges_win,0.33333333333333337,5,0,0,s000|s003|s006
fever_test_49538_Eva_Longoria::supports,Eva_Longoria,all_tie,0.0,0,5,0,s000|s001|s002|s003|s004|s007
fever_test_49617_Community_-LRB-TV_series-RRB-::refutes,Community_-LRB-TV_series-RRB-,consistent_bm25_win,-0.5,0,0,5,s015
fever_test_49723_Farrah_Fawcett::supports,Farrah_Fawcett,mixed_across_seeds,0.3,3,2,0,s023
fever_test_4988_Jeffrey_Dahmer::supports,Jeffrey_Dahmer,all_tie,0.0,0,5,0,s000|s001
fever_test_50046_Champion_-LRB-1949_film-RRB-::supports,Champion_-LRB-1949_film-RRB-,all_tie,0.0,0,5,0,s000
fever_test_50117_Community_-LRB-TV_series-RRB-::supports,Community_-LRB-TV_series-RRB-,all_tie,0.0,0,5,0,s015
fever_test_50118_Community_-LRB-TV_series-RRB-::refutes,Community_-LRB-TV_series-RRB-,all_tie,0.0,0,5,0,s015
fever_test_50136_Dhool::refutes,Dhool,all_tie,0.0,0,5,0,s000
fever_test_50181_Journey_-LRB-band-RRB-::supports,Journey_-LRB-band-RRB-,all_tie,0.0,0,5,0,s000|s001|s002
fever_test_50414_Jim_Carrey::refutes,Jim_Carrey,consistent_bm25_win,-0.25,0,0,5,s000|s004|s006|s009|s016
fever_test_50542_Jimmy_Carter::supports,Jimmy_Carter,mixed_across_seeds,0.2,2,3,0,s007
fever_test_50662_Julianne_Hough::supports,Julianne_Hough,all_tie,0.0,0,5,0,s000
fever_test_50726_Bryan_Cranston::supports,Bryan_Cranston,all_tie,0.0,0,5,0,s012
fever_test_50927_Heinrich_Himmler::supports,Heinrich_Himmler,all_tie,0.0,0,5,0,s010
fever_test_50931_Buddhism::refutes,Buddhism,all_tie,0.0,0,5,0,s000
fever_test_5101_Edward_Norton::refutes,Edward_Norton,all_tie,0.0,0,5,0,s000
fever_test_51027_Ji_Chang-wook::supports,Ji_Chang-wook,all_tie,0.0,0,5,0,s000|s001
fever_test_51036_Anne_Hathaway::supports,Anne_Hathaway,all_tie,0.0,0,5,0,s000|s001|s002|s003|s007|s008|s009|s013|s014|s015
fever_test_51092_Jon_Snow_-LRB-character-RRB-::supports,Jon_Snow_-LRB-character-RRB-,all_tie,0.0,0,5,0,s000
fever_test_51375_Judd_Apatow::supports,Judd_Apatow,all_tie,0.0,0,5,0,s000|s001|s004|s005|s008
fever_test_51392_Farrah_Fawcett::supports,Farrah_Fawcett,all_tie,0.0,0,5,0,s014|s023
fever_test_51427_Kris_Jenner::supports,Kris_Jenner,all_tie,0.0,0,5,0,s004
fever_test_51778_Jimmy_Carter::supports,Jimmy_Carter,all_tie,0.0,0,5,0,s000
fever_test_51911_Eva_Longoria::refutes,Eva_Longoria,all_tie,0.0,0,5,0,s003
fever_test_52060_Game_of_Thrones::supports,Game_of_Thrones,all_tie,0.0,0,5,0,s000|s003|s004|s014
fever_test_52085_Julia_Louis-Dreyfus::supports,Julia_Louis-Dreyfus,all_tie,0.0,0,5,0,s000
fever_test_52197_Eric_Church::refutes,Eric_Church,all_tie,0.0,0,5,0,s000
fever_test_52255_Diane_Ruggiero::supports,Diane_Ruggiero,all_tie,0.0,0,5,0,s000
fever_test_52486_Hannah_Simone::refutes,Hannah_Simone,all_tie,0.0,0,5,0,s000
fever_test_52534_Galaxy_Quest::supports,Galaxy_Quest,all_tie,0.0,0,5,0,s000
fever_test_52535_Galaxy_Quest::refutes,Galaxy_Quest,all_tie,0.0,0,5,0,s000
fever_test_5281_Elizabeth_Banks::supports,Elizabeth_Banks,all_tie,0.0,0,5,0,s000
fever_test_52846_Judd_Apatow::supports,Judd_Apatow,all_tie,0.0,0,5,0,s000
fever_test_53112_Jim_Carrey::supports,Jim_Carrey,all_tie,0.0,0,5,0,s013
fever_test_53135_Arizona::supports,Arizona,mixed_across_seeds,0.2,2,3,0,s000
fever_test_53455_Jeffrey_Dahmer::supports,Jeffrey_Dahmer,all_tie,0.0,0,5,0,s000
fever_test_53702_Farrah_Fawcett::supports,Farrah_Fawcett,all_tie,0.0,0,5,0,s026
fever_test_53801_Azerbaijan::supports,Azerbaijan,all_tie,0.0,0,5,0,s000
fever_test_53802_Azerbaijan::supports,Azerbaijan,all_tie,0.0,0,5,0,s000
fever_test_54092_Azerbaijan::supports,Azerbaijan,all_tie,0.0,0,5,0,s000
fever_test_54479_Chris_McKenna_-LRB-writer-RRB-::supports,Chris_McKenna_-LRB-writer-RRB-,mixed_across_seeds,0.17777777777777776,4,1,0,s000|s006|s010|s011|s012|s016
fever_test_54725_George_Best::supports,George_Best,all_tie,0.0,0,5,0,s000
fever_test_54740_Future_-LRB-rapper-RRB-::supports,Future_-LRB-rapper-RRB-,all_tie,0.0,0,5,0,s000|s001
fever_test_54761_A.J._Styles::refutes,A.J._Styles,all_tie,0.0,0,5,0,s000
fever_test_54821_Francis_I_of_France::supports,Francis_I_of_France,all_tie,0.0,0,5,0,s000
fever_test_5488_History_of_Earth::supports,History_of_Earth,all_tie,0.0,0,5,0,s010
fever_test_54958_Isis::supports,Isis,all_tie,0.0,0,5,0,s000
fever_test_55301_Final_Fantasy_XII::refutes,Final_Fantasy_XII,mixed_across_seeds,-0.08,0,4,1,s000|s002
fever_test_55675_Anne_Hathaway::supports,Anne_Hathaway,all_tie,0.0,0,5,0,s014
fever_test_56069_Iain_Glen::refutes,Iain_Glen,all_tie,0.0,0,5,0,s000
fever_test_56400_Hannibal::supports,Hannibal,all_tie,0.0,0,5,0,s000|s021|s023
fever_test_56700_Isis::refutes,Isis,all_tie,0.0,0,5,0,s000
fever_test_56958_KJ_Apa::supports,KJ_Apa,all_tie,0.0,0,5,0,s000
fever_test_57017_Community_-LRB-TV_series-RRB-::supports,Community_-LRB-TV_series-RRB-,all_tie,0.0,0,5,0,s015
fever_test_57034_Julianne_Hough::supports,Julianne_Hough,all_tie,0.0,0,5,0,s000
fever_test_57141_Grateful_Dead::refutes,Grateful_Dead,mixed_across_seeds,-0.1,0,4,1,s015
fever_test_57179_Jeffrey_Dahmer::refutes,Jeffrey_Dahmer,all_tie,0.0,0,5,0,s005
fever_test_57282_Kenny_Chesney::supports,Kenny_Chesney,all_tie,0.0,0,5,0,s000
fever_test_57353_Isis::supports,Isis,all_tie,0.0,0,5,0,s000
fever_test_57416_Jeffrey_Dahmer::supports,Jeffrey_Dahmer,consistent_c2ges_win,0.5,5,0,0,s005
fever_test_5747_Baloch_people::supports,Baloch_people,all_tie,0.0,0,5,0,s003
fever_test_57636_Justin_Chatwin::supports,Justin_Chatwin,all_tie,0.0,0,5,0,s000
fever_test_57655_Farrah_Fawcett::refutes,Farrah_Fawcett,all_tie,0.0,0,5,0,s026
fever_test_57670_Benzodiazepine::refutes,Benzodiazepine,all_tie,0.0,0,5,0,s002
fever_test_57694_Judd_Apatow::refutes,Judd_Apatow,all_tie,0.0,0,5,0,s008
fever_test_57706_Eva_Longoria::supports,Eva_Longoria,all_tie,0.0,0,5,0,s003
fever_test_57748_Gianluigi_Buffon::supports,Gianluigi_Buffon,mixed_across_seeds,0.1142857142857143,2,3,0,s000|s009|s017|s019
fever_test_57816_Dhool::supports,Dhool,all_tie,0.0,0,5,0,s000|s001|s002|s003|s004
fever_test_57963_Hannah_Simone::refutes,Hannah_Simone,all_tie,0.0,0,5,0,s000|s001
fever_test_57980_Judd_Apatow::supports,Judd_Apatow,all_tie,0.0,0,5,0,s000
fever_test_58362_James_Bond::supports,James_Bond,all_tie,0.0,0,5,0,s000
fever_test_58382_Diane_Ruggiero::supports,Diane_Ruggiero,all_tie,0.0,0,5,0,s000|s002
fever_test_58400_Hannah_Simone::supports,Hannah_Simone,all_tie,0.0,0,5,0,s000
fever_test_58519_In_Secret::supports,In_Secret,all_tie,0.0,0,5,0,s001
fever_test_58526_Champion_-LRB-1949_film-RRB-::supports,Champion_-LRB-1949_film-RRB-,all_tie,0.0,0,5,0,s000
fever_test_5855_Donkey_-LRB-Shrek-RRB-::supports,Donkey_-LRB-Shrek-RRB-,all_tie,0.0,0,5,0,s000
fever_test_5856_Donkey_-LRB-Shrek-RRB-::supports,Donkey_-LRB-Shrek-RRB-,all_tie,0.0,0,5,0,s001
fever_test_58581_Journey_-LRB-band-RRB-::refutes,Journey_-LRB-band-RRB-,all_tie,0.0,0,5,0,s014
fever_test_58717_Diane_Ruggiero::supports,Diane_Ruggiero,all_tie,0.0,0,5,0,s000
fever_test_58759_Judd_Apatow::supports,Judd_Apatow,all_tie,0.0,0,5,0,s000
fever_test_58760_Judd_Apatow::supports,Judd_Apatow,all_tie,0.0,0,5,0,s000
fever_test_58813_Inspectah_Deck::refutes,Inspectah_Deck,all_tie,0.0,0,5,0,s000
fever_test_58828_Jared_Leto::supports,Jared_Leto,all_tie,0.0,0,5,0,s000
fever_test_58879_Elizabeth_I_of_England::supports,Elizabeth_I_of_England,all_tie,0.0,0,5,0,s000|s011|s031|s033
fever_test_58947_Hugh_Jackman::supports,Hugh_Jackman,all_tie,0.0,0,5,0,s008
fever_test_58948_Hugh_Jackman::supports,Hugh_Jackman,all_tie,0.0,0,5,0,s008
fever_test_58967_Kenny_Chesney::supports,Kenny_Chesney,all_tie,0.0,0,5,0,s000
fever_test_58968_Kenny_Chesney::refutes,Kenny_Chesney,all_tie,0.0,0,5,0,s000
fever_test_59061_Boomerang_-LRB-1992_film-RRB-::supports,Boomerang_-LRB-1992_film-RRB-,all_tie,0.0,0,5,0,s012
fever_test_59098_Kris_Jenner::refutes,Kris_Jenner,all_tie,0.0,0,5,0,s004
fever_test_59177_Al_Gore::supports,Al_Gore,all_tie,0.0,0,5,0,s000
fever_test_59228_Indiana_Jones::supports,Indiana_Jones,all_tie,0.0,0,5,0,s000
fever_test_59375_Eliza_Dushku::supports,Eliza_Dushku,all_tie,0.0,0,5,0,s002
fever_test_59478_Kristen_Stewart::supports,Kristen_Stewart,consistent_c2ges_win,0.13333333333333336,5,0,0,s000|s001|s002|s003|s004|s007|s008|s009|s010|s013|s014|s015
fever_test_59741_Journey_-LRB-band-RRB-::supports,Journey_-LRB-band-RRB-,all_tie,0.0,0,5,0,s000
fever_test_60119_Borrelia_afzelii::supports,Borrelia_afzelii,all_tie,0.0,0,5,0,s000|s003
fever_test_60541_Faye_Resnick::supports,Faye_Resnick,all_tie,0.0,0,5,0,s000
fever_test_6070_Anorexia_nervosa::supports,Anorexia_nervosa,mixed_across_seeds,0.26666666666666666,4,1,0,s034|s035|s036
fever_test_60763_Dan_Trachtenberg::refutes,Dan_Trachtenberg,all_tie,0.0,0,5,0,s000
fever_test_60881_Annie_Parisse::supports,Annie_Parisse,all_tie,0.0,0,5,0,s000|s002
fever_test_60882_Annie_Parisse::supports,Annie_Parisse,all_tie,0.0,0,5,0,s002
fever_test_61129_American_Horror_Story::refutes,American_Horror_Story,mixed_across_seeds,0.08888888888888888,2,3,0,s000|s001|s009|s022|s023|s024
fever_test_61361_Jim_Carrey::refutes,Jim_Carrey,consistent_c2ges_win,0.2666666666666667,5,0,0,s000|s005|s006|s009|s013|s017
fever_test_61391_Foo_Fighters::refutes,Foo_Fighters,all_tie,0.0,0,5,0,s000|s001|s002|s005|s006|s007|s012|s013|s016|s017|s020|s021
fever_test_61396_Jon_Snow_-LRB-character-RRB-::refutes,Jon_Snow_-LRB-character-RRB-,all_tie,0.0,0,5,0,s000
fever_test_62286_Hannibal::supports,Hannibal,all_tie,0.0,0,5,0,s006
fever_test_62287_Hannibal::refutes,Hannibal,all_tie,0.0,0,5,0,s006
fever_test_62338_James_Cromwell::supports,James_Cromwell,all_tie,0.0,0,5,0,s005
fever_test_62473_Julianne_Hough::supports,Julianne_Hough,all_tie,0.0,0,5,0,s000
fever_test_6252_Eliza_Dushku::supports,Eliza_Dushku,all_tie,0.0,0,5,0,s002
fever_test_6253_Eliza_Dushku::supports,Eliza_Dushku,all_tie,0.0,0,5,0,s002
fever_test_62549_Galaxy_Quest::supports,Galaxy_Quest,all_tie,0.0,0,5,0,s000
fever_test_62629_Grand_Theft_Auto_V::supports,Grand_Theft_Auto_V,all_tie,0.0,0,5,0,s004|s011|s021
fever_test_62630_Grand_Theft_Auto_V::supports,Grand_Theft_Auto_V,all_tie,0.0,0,5,0,s011
fever_test_62673_Hannah_Simone::supports,Hannah_Simone,all_tie,0.0,0,5,0,s000
fever_test_62863_Cancer::supports,Cancer,all_tie,0.0,0,5,0,s000
fever_test_62864_Cancer::refutes,Cancer,all_tie,0.0,0,5,0,s000
fever_test_63249_Al_Gore::supports,Al_Gore,consistent_bm25_win,-0.5,0,0,5,s007
fever_test_63308_Dan_Trachtenberg::supports,Dan_Trachtenberg,all_tie,0.0,0,5,0,s000
fever_test_63419_Jon_Pertwee::supports,Jon_Pertwee,all_tie,0.0,0,5,0,s009
fever_test_63420_Jon_Pertwee::supports,Jon_Pertwee,all_tie,0.0,0,5,0,s009
fever_test_634_Josh_Hartnett::supports,Josh_Hartnett,all_tie,0.0,0,5,0,s000
fever_test_63656_Hannah_Simone::supports,Hannah_Simone,all_tie,0.0,0,5,0,s000|s001
fever_test_63657_Hannah_Simone::supports,Hannah_Simone,all_tie,0.0,0,5,0,s000
fever_test_63660_Daenerys_Targaryen::refutes,Daenerys_Targaryen,all_tie,0.0,0,5,0,s005|s011|s013|s014
fever_test_6378_Allen_Ginsberg::supports,Allen_Ginsberg,all_tie,0.0,0,5,0,s000|s005|s022
fever_test_64030_Isis::refutes,Isis,all_tie,0.0,0,5,0,s000
fever_test_64031_Dhool::supports,Dhool,all_tie,0.0,0,5,0,s000
fever_test_64046_Allen_Ginsberg::supports,Allen_Ginsberg,all_tie,0.0,0,5,0,s000
fever_test_64090_Galaxy_Quest::supports,Galaxy_Quest,mixed_across_seeds,0.15999999999999998,4,1,0,s000|s004|s006|s007|s010|s011|s012
fever_test_64128_Galaxy_Quest::supports,Galaxy_Quest,consistent_bm25_win,-0.4,0,0,5,s000|s011
fever_test_64151_Inspectah_Deck::supports,Inspectah_Deck,all_tie,0.0,0,5,0,s000
fever_test_64337_Hannibal::supports,Hannibal,all_tie,0.0,0,5,0,s006
fever_test_64407_Grand_Theft_Auto_V::supports,Grand_Theft_Auto_V,mixed_across_seeds,0.030769230769230764,1,4,0,s000|s007|s009|s011|s015|s017|s020|s021|s023|s024
fever_test_64602_Eliza_Dushku::refutes,Eliza_Dushku,all_tie,0.0,0,5,0,s002
fever_test_65346_Hugh_Jackman::refutes,Hugh_Jackman,all_tie,0.0,0,5,0,s002
fever_test_65527_Julia_Louis-Dreyfus::refutes,Julia_Louis-Dreyfus,all_tie,0.0,0,5,0,s000|s001|s002|s005|s006|s007|s008|s009|s012|s013|s014
fever_test_65748_Ann_Richards::supports,Ann_Richards,all_tie,0.0,0,5,0,s000|s002
fever_test_66148_Heinrich_Himmler::supports,Heinrich_Himmler,all_tie,0.0,0,5,0,s010
fever_test_66149_Judd_Apatow::supports,Judd_Apatow,all_tie,0.0,0,5,0,s000
fever_test_66203_James_Cromwell::supports,James_Cromwell,all_tie,0.0,0,5,0,s005
fever_test_66445_Borrelia_afzelii::supports,Borrelia_afzelii,all_tie,0.0,0,5,0,s000
fever_test_66452_Judd_Apatow::supports,Judd_Apatow,all_tie,0.0,0,5,0,s000
fever_test_66455_Hannibal::supports,Hannibal,all_tie,0.0,0,5,0,s000|s006
fever_test_66496_Donkey_-LRB-Shrek-RRB-::supports,Donkey_-LRB-Shrek-RRB-,all_tie,0.0,0,5,0,s000
fever_test_67595_Cancer::supports,Cancer,all_tie,0.0,0,5,0,s000
fever_test_67718_James_Bond::refutes,James_Bond,all_tie,0.0,0,5,0,s000|s011
fever_test_67777_Champion_-LRB-1949_film-RRB-::refutes,Champion_-LRB-1949_film-RRB-,all_tie,0.0,0,5,0,s000
fever_test_67871_Janet_Jackson::supports,Janet_Jackson,all_tie,0.0,0,5,0,s000
fever_test_68022_Charles_Manson::refutes,Charles_Manson,all_tie,0.0,0,5,0,s000
fever_test_682_Hillary_Clinton::supports,Hillary_Clinton,all_tie,0.0,0,5,0,s023
fever_test_68310_Holiday-COLON-_A_Soldier_Is_Never_Off_Duty::supports,Holiday-COLON-_A_Soldier_Is_Never_Off_Duty,all_tie,0.0,0,5,0,s000
fever_test_68442_Foo_Fighters::supports,Foo_Fighters,all_tie,0.0,0,5,0,s017
fever_test_68533_Foo_Fighters::supports,Foo_Fighters,consistent_c2ges_win,0.4,5,0,0,s002|s005
fever_test_68665_Kevin_Durant::supports,Kevin_Durant,all_tie,0.0,0,5,0,s006
fever_test_68864_Gianluigi_Buffon::supports,Gianluigi_Buffon,consistent_c2ges_win,0.5,5,0,0,s009
fever_test_68939_Annie_Parisse::supports,Annie_Parisse,all_tie,0.0,0,5,0,s000|s001|s002
fever_test_6897_Kevin_Durant::supports,Kevin_Durant,all_tie,0.0,0,5,0,s015
fever_test_69299_Josh_Hartnett::supports,Josh_Hartnett,all_tie,0.0,0,5,0,s000
fever_test_69356_Dhool::supports,Dhool,all_tie,0.0,0,5,0,s000
fever_test_69924_Grand_Theft_Auto_V::refutes,Grand_Theft_Auto_V,all_tie,0.0,0,5,0,s004|s011|s016|s021
fever_test_70008_Dhool::refutes,Dhool,all_tie,0.0,0,5,0,s000
fever_test_70164_Ekta_Kapoor::supports,Ekta_Kapoor,all_tie,0.0,0,5,0,s000|s007
fever_test_70246_Judd_Apatow::supports,Judd_Apatow,all_tie,0.0,0,5,0,s000
fever_test_70334_Heinrich_Himmler::refutes,Heinrich_Himmler,all_tie,0.0,0,5,0,s000
fever_test_70804_Anne_Hathaway::supports,Anne_Hathaway,all_tie,0.0,0,5,0,s000
fever_test_70960_Iain_Glen::supports,Iain_Glen,all_tie,0.0,0,5,0,s000|s001|s002
fever_test_70972_Borrelia_afzelii::refutes,Borrelia_afzelii,all_tie,0.0,0,5,0,s003
fever_test_71031_David_Arquette::supports,David_Arquette,all_tie,0.0,0,5,0,s002
fever_test_71376_Annette_Badland::refutes,Annette_Badland,all_tie,0.0,0,5,0,s001
fever_test_71664_Dhool::supports,Dhool,all_tie,0.0,0,5,0,s000
fever_test_71665_Dhool::supports,Dhool,all_tie,0.0,0,5,0,s000|s001|s002|s003|s004
fever_test_72244_Ben_Kingsley::supports,Ben_Kingsley,all_tie,0.0,0,5,0,s000
fever_test_72245_Ben_Kingsley::supports,Ben_Kingsley,all_tie,0.0,0,5,0,s000
fever_test_72349_Julianne_Hough::supports,Julianne_Hough,all_tie,0.0,0,5,0,s005
fever_test_72364_Edward_Norton::supports,Edward_Norton,all_tie,0.0,0,5,0,s007|s008
fever_test_72481_Champion_-LRB-1949_film-RRB-::supports,Champion_-LRB-1949_film-RRB-,all_tie,0.0,0,5,0,s000
fever_test_72589_Jon_Snow_-LRB-character-RRB-::supports,Jon_Snow_-LRB-character-RRB-,all_tie,0.0,0,5,0,s000|s006|s017
fever_test_7260_Hugh_Jackman::supports,Hugh_Jackman,all_tie,0.0,0,5,0,s002
fever_test_72856_James_Bond::refutes,James_Bond,all_tie,0.0,0,5,0,s000
fever_test_73241_John_Nash_-LRB-architect-RRB-::supports,John_Nash_-LRB-architect-RRB-,consistent_c2ges_win,0.4,5,0,0,s000|s004
fever_test_73270_Jared_Leto::supports,Jared_Leto,consistent_bm25_win,-0.5,0,0,5,s020
fever_test_73440_Azerbaijan::supports,Azerbaijan,all_tie,0.0,0,5,0,s005|s024|s025
fever_test_73481_Grand_Theft_Auto_V::supports,Grand_Theft_Auto_V,all_tie,0.0,0,5,0,s000
fever_test_73615_Anne_Hathaway::refutes,Anne_Hathaway,all_tie,0.0,0,5,0,s000
fever_test_73737_Eva_Longoria::supports,Eva_Longoria,all_tie,0.0,0,5,0,s000|s001|s002|s004|s007|s008
fever_test_74211_Chile::supports,Chile,all_tie,0.0,0,5,0,s020
fever_test_74243_David_Jones_-LRB-video_game_developer-RRB-::refutes,David_Jones_-LRB-video_game_developer-RRB-,all_tie,0.0,0,5,0,s000
fever_test_74342_Beverly_Hills__90210::refutes,"Beverly_Hills,_90210",all_tie,0.0,0,5,0,s010
fever_test_74383_Farrah_Fawcett::supports,Farrah_Fawcett,consistent_bm25_win,-0.10526315789473684,0,0,5,s000|s001|s002|s005|s006|s007|s010|s011|s014|s015|s016|s017|s020|s021|s022|s023
fever_test_74968_Kris_Jenner::supports,Kris_Jenner,all_tie,0.0,0,5,0,s004
fever_test_74971_Keanu_Reeves::supports,Keanu_Reeves,all_tie,0.0,0,5,0,s017
fever_test_74972_Keanu_Reeves::refutes,Keanu_Reeves,consistent_bm25_win,-0.3333333333333333,0,0,5,s004|s005|s017
fever_test_75004_Hannah_Simone::refutes,Hannah_Simone,all_tie,0.0,0,5,0,s000
fever_test_75193_Julia_Louis-Dreyfus::supports,Julia_Louis-Dreyfus,all_tie,0.0,0,5,0,s008|s009
fever_test_7536_Gianluigi_Buffon::supports,Gianluigi_Buffon,mixed_across_seeds,-0.09230769230769229,0,2,3,s000|s002|s005|s009|s017|s018|s024|s026|s029|s030
fever_test_75433_Keanu_Reeves::supports,Keanu_Reeves,all_tie,0.0,0,5,0,s005
fever_test_754_Heinrich_Himmler::supports,Heinrich_Himmler,all_tie,0.0,0,5,0,s000
fever_test_75517_Boomerang_-LRB-1992_film-RRB-::refutes,Boomerang_-LRB-1992_film-RRB-,all_tie,0.0,0,5,0,s012
fever_test_755_Heinrich_Himmler::refutes,Heinrich_Himmler,all_tie,0.0,0,5,0,s000
fever_test_75641_Champion_-LRB-1949_film-RRB-::refutes,Champion_-LRB-1949_film-RRB-,all_tie,0.0,0,5,0,s000
fever_test_75793_Demi_Moore::supports,Demi_Moore,all_tie,0.0,0,5,0,s000|s009
fever_test_75955_Josh_Hartnett::supports,Josh_Hartnett,consistent_bm25_win,-0.4,0,0,5,s000|s008
fever_test_75999_Baloch_people::refutes,Baloch_people,consistent_c2ges_win,0.5,5,0,0,s000
fever_test_7602_Indiana_Jones::supports,Indiana_Jones,all_tie,0.0,0,5,0,s000
fever_test_76039_Jim_Carrey::supports,Jim_Carrey,all_tie,0.0,0,5,0,s000
fever_test_7603_Indiana_Jones::refutes,Indiana_Jones,all_tie,0.0,0,5,0,s000|s001
fever_test_76138_Annette_Badland::refutes,Annette_Badland,all_tie,0.0,0,5,0,s001
fever_test_7705_Azerbaijan::supports,Azerbaijan,all_tie,0.0,0,5,0,s005|s025
fever_test_77088_Galaxy_Quest::supports,Galaxy_Quest,all_tie,0.0,0,5,0,s000
fever_test_7754_Chris_McKenna_-LRB-writer-RRB-::supports,Chris_McKenna_-LRB-writer-RRB-,all_tie,0.0,0,5,0,s000
fever_test_77645_Anorexia_nervosa::supports,Anorexia_nervosa,all_tie,0.0,0,5,0,s000
fever_test_77708_Jim_Carrey::supports,Jim_Carrey,all_tie,0.0,0,5,0,s000|s001|s004|s005|s006|s009|s013|s014|s017
fever_test_77868_Jon_Pertwee::supports,Jon_Pertwee,all_tie,0.0,0,5,0,s009
fever_test_78018_Francis_I_of_France::supports,Francis_I_of_France,all_tie,0.0,0,5,0,s000
fever_test_78039_Galaxy_Quest::supports,Galaxy_Quest,consistent_bm25_win,-0.2857142857142856,0,0,5,s000|s004|s011|s012
fever_test_7806_Ben_Kingsley::supports,Ben_Kingsley,all_tie,0.0,0,5,0,s000|s001|s002|s003
fever_test_78148_George_Best::supports,George_Best,consistent_c2ges_win,0.25,5,0,0,s000|s001|s010|s011|s014
fever_test_78320_Edward_Norton::supports,Edward_Norton,all_tie,0.0,0,5,0,s000|s007
fever_test_78553_Gianluigi_Buffon::refutes,Gianluigi_Buffon,all_tie,0.0,0,5,0,s000|s002|s005|s009|s017|s018|s024|s026|s029|s030
fever_test_7856_Foo_Fighters::supports,Foo_Fighters,all_tie,0.0,0,5,0,s000|s012|s013|s016|s017|s020|s021
fever_test_7857_Foo_Fighters::supports,Foo_Fighters,all_tie,0.0,0,5,0,s000
fever_test_78982_Grateful_Dead::refutes,Grateful_Dead,all_tie,0.0,0,5,0,s015
fever_test_79042_Galaxy_Quest::supports,Galaxy_Quest,all_tie,0.0,0,5,0,s000
fever_test_79145_Foo_Fighters::supports,Foo_Fighters,all_tie,0.0,0,5,0,s000
fever_test_79208_Arizona::refutes,Arizona,consistent_c2ges_win,0.4,5,0,0,s000|s021
fever_test_79507_Chris_McKenna_-LRB-writer-RRB-::supports,Chris_McKenna_-LRB-writer-RRB-,all_tie,0.0,0,5,0,s000
fever_test_79574_Jeffrey_Dahmer::supports,Jeffrey_Dahmer,all_tie,0.0,0,5,0,s005
fever_test_79801_Keanu_Reeves::supports,Keanu_Reeves,all_tie,0.0,0,5,0,s000|s004|s005
fever_test_79847_Cancer::supports,Cancer,all_tie,0.0,0,5,0,s031
fever_test_799_Al_Gore::supports,Al_Gore,all_tie,0.0,0,5,0,s000
fever_test_80126_Future_-LRB-rapper-RRB-::refutes,Future_-LRB-rapper-RRB-,all_tie,0.0,0,5,0,s000|s001|s002|s003|s004|s007|s008|s009|s010
fever_test_80280_Diane_Ruggiero::supports,Diane_Ruggiero,all_tie,0.0,0,5,0,s000
fever_test_80461_Harald_V_of_Norway::supports,Harald_V_of_Norway,all_tie,0.0,0,5,0,s012
fever_test_8046_Isis::supports,Isis,all_tie,0.0,0,5,0,s000
fever_test_8047_Isis::supports,Isis,all_tie,0.0,0,5,0,s000|s001
fever_test_80679_Kristen_Stewart::supports,Kristen_Stewart,all_tie,0.0,0,5,0,s000
fever_test_80735_Harald_V_of_Norway::supports,Harald_V_of_Norway,all_tie,0.0,0,5,0,s012
fever_test_80914_Champion_-LRB-1949_film-RRB-::refutes,Champion_-LRB-1949_film-RRB-,all_tie,0.0,0,5,0,s000
fever_test_80935_Holiday-COLON-_A_Soldier_Is_Never_Off_Duty::refutes,Holiday-COLON-_A_Soldier_Is_Never_Off_Duty,all_tie,0.0,0,5,0,s000
fever_test_81254_Judd_Apatow::refutes,Judd_Apatow,all_tie,0.0,0,5,0,s000
fever_test_81285_Azerbaijan::refutes,Azerbaijan,all_tie,0.0,0,5,0,s000|s001
fever_test_81391_Cthulhu::refutes,Cthulhu,all_tie,0.0,0,5,0,s000
fever_test_81863_Josh_Hartnett::supports,Josh_Hartnett,all_tie,0.0,0,5,0,s000
fever_test_81909_Jennifer_Jason_Leigh::supports,Jennifer_Jason_Leigh,all_tie,0.0,0,5,0,s000|s001|s002|s003|s004|s007|s008|s009|s013|s014|s015|s016|s019|s020
fever_test_81938_Edward_Norton::supports,Edward_Norton,all_tie,0.0,0,5,0,s007
fever_test_81955_Iain_Glen::supports,Iain_Glen,all_tie,0.0,0,5,0,s000
fever_test_82065_Journey_-LRB-band-RRB-::supports,Journey_-LRB-band-RRB-,all_tie,0.0,0,5,0,s000
fever_test_82204_Isis::supports,Isis,all_tie,0.0,0,5,0,s000
fever_test_82532_Chris_Evans_-LRB-actor-RRB-::supports,Chris_Evans_-LRB-actor-RRB-,all_tie,0.0,0,5,0,s005
fever_test_82983_Journey_-LRB-band-RRB-::refutes,Journey_-LRB-band-RRB-,all_tie,0.0,0,5,0,s014
fever_test_83019_Game_of_Thrones::refutes,Game_of_Thrones,all_tie,0.0,0,5,0,s000|s003|s004|s015
fever_test_8316_Grateful_Dead::supports,Grateful_Dead,consistent_bm25_win,-0.5,0,0,5,s015
fever_test_83214_Adventure_Time::refutes,Adventure_Time,all_tie,0.0,0,5,0,s000
fever_test_83318_John_Malkovich::supports,John_Malkovich,all_tie,0.0,0,5,0,s003
fever_test_83751_Annie_Parisse::supports,Annie_Parisse,all_tie,0.0,0,5,0,s000|s001
fever_test_83759_Azerbaijan::supports,Azerbaijan,consistent_c2ges_win,0.5,5,0,0,s000
fever_test_83855_Eric_Church::supports,Eric_Church,all_tie,0.0,0,5,0,s000
fever_test_83894_Anne_Hathaway::supports,Anne_Hathaway,consistent_c2ges_win,0.15384615384615385,5,0,0,s000|s001|s002|s007|s008|s009|s012|s013|s014|s015
fever_test_84031_Harald_V_of_Norway::supports,Harald_V_of_Norway,all_tie,0.0,0,5,0,s012
fever_test_8408_Jimmy_Carter::refutes,Jimmy_Carter,consistent_c2ges_win,0.3333333333333333,5,0,0,s001|s010|s021
fever_test_84106_George_Best::supports,George_Best,all_tie,0.0,0,5,0,s001
fever_test_84328_Daenerys_Targaryen::supports,Daenerys_Targaryen,all_tie,0.0,0,5,0,s000
fever_test_84329_Daenerys_Targaryen::refutes,Daenerys_Targaryen,all_tie,0.0,0,5,0,s000|s021
fever_test_84472_Charles_Manson::refutes,Charles_Manson,all_tie,0.0,0,5,0,s000
fever_test_84545_Community_-LRB-TV_series-RRB-::supports,Community_-LRB-TV_series-RRB-,all_tie,0.0,0,5,0,s015
fever_test_84777_Grand_Theft_Auto_V::supports,Grand_Theft_Auto_V,all_tie,0.0,0,5,0,s000
fever_test_85095_Elizabeth_I_of_England::supports,Elizabeth_I_of_England,all_tie,0.0,0,5,0,s001
fever_test_85096_Elizabeth_I_of_England::supports,Elizabeth_I_of_England,all_tie,0.0,0,5,0,s001
fever_test_85229_George_Best::supports,George_Best,all_tie,0.0,0,5,0,s000
fever_test_85275_Annie_Parisse::refutes,Annie_Parisse,all_tie,0.0,0,5,0,s000
fever_test_85420_Isis::supports,Isis,all_tie,0.0,0,5,0,s000
fever_test_85505_Keanu_Reeves::supports,Keanu_Reeves,all_tie,0.0,0,5,0,s000|s003|s004|s005|s016|s017
fever_test_85530_Elizabeth_I_of_England::supports,Elizabeth_I_of_England,all_tie,0.0,0,5,0,s015|s016
fever_test_85607_Hannibal::supports,Hannibal,mixed_across_seeds,-0.24000000000000005,0,2,3,s000|s005
fever_test_85860_Jon_Snow_-LRB-character-RRB-::refutes,Jon_Snow_-LRB-character-RRB-,all_tie,0.0,0,5,0,s000|s001
fever_test_86144_Eliza_Dushku::refutes,Eliza_Dushku,all_tie,0.0,0,5,0,s002
fever_test_86283_Cancer::supports,Cancer,all_tie,0.0,0,5,0,s002
fever_test_86474_Benzodiazepine::supports,Benzodiazepine,all_tie,0.0,0,5,0,s002|s007
fever_test_86702_Chris_McKenna_-LRB-writer-RRB-::supports,Chris_McKenna_-LRB-writer-RRB-,all_tie,0.0,0,5,0,s000|s001|s003|s006|s010|s011|s012|s016
fever_test_87109_Annette_Badland::refutes,Annette_Badland,all_tie,0.0,0,5,0,s001
fever_test_87175_Gianluigi_Buffon::refutes,Gianluigi_Buffon,all_tie,0.0,0,5,0,s000
fever_test_87355_Community_-LRB-TV_series-RRB-::supports,Community_-LRB-TV_series-RRB-,all_tie,0.0,0,5,0,s015
fever_test_87358_Chile::supports,Chile,all_tie,0.0,0,5,0,s000|s020|s023
fever_test_87841_Gianluigi_Buffon::supports,Gianluigi_Buffon,all_tie,0.0,0,5,0,s009|s017|s018
fever_test_87875_Ann_Richards::refutes,Ann_Richards,all_tie,0.0,0,5,0,s000|s002
fever_test_88175_Champion_-LRB-1949_film-RRB-::refutes,Champion_-LRB-1949_film-RRB-,all_tie,0.0,0,5,0,s000
fever_test_88207_Heinrich_Himmler::supports,Heinrich_Himmler,all_tie,0.0,0,5,0,s010
fever_test_8820_Azerbaijan::supports,Azerbaijan,all_tie,0.0,0,5,0,s000
fever_test_88213_Ann_Richards::refutes,Ann_Richards,all_tie,0.0,0,5,0,s000
fever_test_88664_Kevin_Durant::supports,Kevin_Durant,consistent_bm25_win,-0.33333333333333337,0,0,5,s000|s001|s006
fever_test_88734_Annie_Parisse::supports,Annie_Parisse,all_tie,0.0,0,5,0,s002
fever_test_88871_Elizabeth_Banks::supports,Elizabeth_Banks,all_tie,0.0,0,5,0,s000|s001|s002|s005|s006
fever_test_88972_Jimmy_Carter::refutes,Jimmy_Carter,mixed_across_seeds,-0.03636363636363636,0,4,1,s000|s002|s010|s011|s015|s019|s023|s026
fever_test_88986_Julianne_Hough::refutes,Julianne_Hough,all_tie,0.0,0,5,0,s005
fever_test_89024_Farrah_Fawcett::supports,Farrah_Fawcett,all_tie,0.0,0,5,0,s023
fever_test_89046_Elizabeth_I_of_England::supports,Elizabeth_I_of_England,mixed_across_seeds,-0.26666666666666666,0,1,4,s001|s015|s016
fever_test_8932_Jim_Carrey::supports,Jim_Carrey,all_tie,0.0,0,5,0,s000|s001
fever_test_89413_James_Bond::supports,James_Bond,all_tie,0.0,0,5,0,s009
fever_test_89559_Allen_Ginsberg::supports,Allen_Ginsberg,mixed_across_seeds,0.14545454545454542,4,1,0,s000|s002|s005|s015|s019|s022|s023|s024
fever_test_89813_George_Best::refutes,George_Best,consistent_c2ges_win,0.4,5,0,0,s000|s005
fever_test_89840_Dhool::refutes,Dhool,all_tie,0.0,0,5,0,s000
fever_test_89925_Hugh_Jackman::supports,Hugh_Jackman,consistent_c2ges_win,0.3333333333333333,5,0,0,s001|s002|s003
fever_test_90072_Julianne_Hough::refutes,Julianne_Hough,all_tie,0.0,0,5,0,s000|s001|s002|s003|s004|s005|s006
fever_test_90102_Holiday-COLON-_A_Soldier_Is_Never_Off_Duty::refutes,Holiday-COLON-_A_Soldier_Is_Never_Off_Duty,all_tie,0.0,0,5,0,s000
fever_test_90142_Borrelia_afzelii::supports,Borrelia_afzelii,all_tie,0.0,0,5,0,s000
fever_test_90143_Borrelia_afzelii::supports,Borrelia_afzelii,all_tie,0.0,0,5,0,s003
fever_test_90173_American_Horror_Story::refutes,American_Horror_Story,all_tie,0.0,0,5,0,s000|s013|s016|s017|s022|s023|s024
fever_test_90360_Hannibal::refutes,Hannibal,all_tie,0.0,0,5,0,s006|s015|s017
fever_test_90469_Jenna_Jameson::refutes,Jenna_Jameson,all_tie,0.0,0,5,0,s000|s003|s004|s005|s008|s010|s012|s015|s016|s017|s018|s021|s022
fever_test_90698_Azerbaijan::refutes,Azerbaijan,all_tie,0.0,0,5,0,s005
fever_test_9080_Buddhism::supports,Buddhism,all_tie,0.0,0,5,0,s000
fever_test_9081_Buddhism::supports,Buddhism,all_tie,0.0,0,5,0,s000|s003
fever_test_91028_Eric_Church::supports,Eric_Church,all_tie,0.0,0,5,0,s000
fever_test_91184_Borrelia_afzelii::supports,Borrelia_afzelii,all_tie,0.0,0,5,0,s003
fever_test_91203_Farrah_Fawcett::refutes,Farrah_Fawcett,all_tie,0.0,0,5,0,s026
fever_test_91289_Kevin_Durant::supports,Kevin_Durant,all_tie,0.0,0,5,0,s015
fever_test_91299_Charles_Manson::supports,Charles_Manson,consistent_c2ges_win,0.5,5,0,0,s005
fever_test_91306_Inspectah_Deck::supports,Inspectah_Deck,all_tie,0.0,0,5,0,s000
fever_test_91355_Elizabeth_Banks::supports,Elizabeth_Banks,all_tie,0.0,0,5,0,s000
fever_test_91373_James_Bond::refutes,James_Bond,all_tie,0.0,0,5,0,s000
fever_test_91429_Hannibal::supports,Hannibal,mixed_across_seeds,-0.05714285714285715,0,4,1,s010|s021|s023|s024
fever_test_91590_Iain_Glen::supports,Iain_Glen,all_tie,0.0,0,5,0,s000
fever_test_91967_Annie_Parisse::refutes,Annie_Parisse,all_tie,0.0,0,5,0,s000
fever_test_92048_Bryan_Cranston::refutes,Bryan_Cranston,all_tie,0.0,0,5,0,s012
fever_test_92092_Catherine_of_Alexandria::supports,Catherine_of_Alexandria,all_tie,0.0,0,5,0,s000
fever_test_92224_Journey_-LRB-band-RRB-::supports,Journey_-LRB-band-RRB-,all_tie,0.0,0,5,0,s000
fever_test_92616_James_Arness::supports,James_Arness,all_tie,0.0,0,5,0,s000
fever_test_92637_Donkey_-LRB-Shrek-RRB-::supports,Donkey_-LRB-Shrek-RRB-,all_tie,0.0,0,5,0,s000
fever_test_92729_Al_Gore::supports,Al_Gore,all_tie,0.0,0,5,0,s020
fever_test_92730_Al_Gore::refutes,Al_Gore,all_tie,0.0,0,5,0,s020
fever_test_92732_Azerbaijan::refutes,Azerbaijan,all_tie,0.0,0,5,0,s001
fever_test_92816_Charles_Manson::refutes,Charles_Manson,all_tie,0.0,0,5,0,s000
fever_test_92843_Diane_Ruggiero::refutes,Diane_Ruggiero,all_tie,0.0,0,5,0,s005
fever_test_9286_Al_Gore::supports,Al_Gore,consistent_bm25_win,-0.4,0,0,5,s002|s009
fever_test_9287_Al_Gore::supports,Al_Gore,mixed_across_seeds,0.32,4,1,0,s002|s009
fever_test_93374_Iain_Glen::refutes,Iain_Glen,all_tie,0.0,0,5,0,s000
fever_test_93383_Grateful_Dead::refutes,Grateful_Dead,all_tie,0.0,0,5,0,s015
fever_test_939_Iain_Glen::supports,Iain_Glen,all_tie,0.0,0,5,0,s000
fever_test_940_Iain_Glen::supports,Iain_Glen,all_tie,0.0,0,5,0,s000
fever_test_94126_Jon_Snow_-LRB-character-RRB-::refutes,Jon_Snow_-LRB-character-RRB-,all_tie,0.0,0,5,0,s013
fever_test_94173_Eliza_Dushku::refutes,Eliza_Dushku,all_tie,0.0,0,5,0,s000|s001
fever_test_94283_Hugh_Jackman::supports,Hugh_Jackman,all_tie,0.0,0,5,0,s002
fever_test_94657_Jimmy_Carter::supports,Jimmy_Carter,consistent_c2ges_win,0.5,5,0,0,s000
fever_test_94667_Edward_Norton::supports,Edward_Norton,all_tie,0.0,0,5,0,s007
fever_test_94825_Julia_Louis-Dreyfus::supports,Julia_Louis-Dreyfus,consistent_c2ges_win,0.15384615384615385,5,0,0,s000|s001|s002|s005|s006|s007|s008|s009|s012|s013
fever_test_94945_Jeffrey_Dahmer::supports,Jeffrey_Dahmer,consistent_c2ges_win,0.3333333333333333,5,0,0,s000|s005|s006
fever_test_95210_Arizona::refutes,Arizona,mixed_across_seeds,0.2,2,3,0,s000
fever_test_95259_Faye_Resnick::refutes,Faye_Resnick,all_tie,0.0,0,5,0,s000|s001
fever_test_95542_Dan_Trachtenberg::supports,Dan_Trachtenberg,all_tie,0.0,0,5,0,s000
fever_test_95871_Boomerang_-LRB-1992_film-RRB-::refutes,Boomerang_-LRB-1992_film-RRB-,all_tie,0.0,0,5,0,s000|s001|s003|s013|s014|s015
fever_test_95940_Galaxy_Quest::supports,Galaxy_Quest,all_tie,0.0,0,5,0,s000
fever_test_96249_Future_-LRB-rapper-RRB-::supports,Future_-LRB-rapper-RRB-,all_tie,0.0,0,5,0,s000
fever_test_96343_Azerbaijan::supports,Azerbaijan,consistent_c2ges_win,0.5,5,0,0,s000
fever_test_96363_Al_Gore::supports,Al_Gore,all_tie,0.0,0,5,0,s020
fever_test_96394_Boomerang_-LRB-1992_film-RRB-::refutes,Boomerang_-LRB-1992_film-RRB-,all_tie,0.0,0,5,0,s012
fever_test_96490_Galaxy_Quest::supports,Galaxy_Quest,consistent_bm25_win,-0.4,0,0,5,s000|s011
fever_test_96657_Ann_Richards::refutes,Ann_Richards,all_tie,0.0,0,5,0,s000
fever_test_96815_Al_Gore::supports,Al_Gore,all_tie,0.0,0,5,0,s000
fever_test_96891_Holiday-COLON-_A_Soldier_Is_Never_Off_Duty::supports,Holiday-COLON-_A_Soldier_Is_Never_Off_Duty,all_tie,0.0,0,5,0,s003
fever_test_97017_Annette_Badland::supports,Annette_Badland,all_tie,0.0,0,5,0,s001
fever_test_97054_David_Jones_-LRB-video_game_developer-RRB-::refutes,David_Jones_-LRB-video_game_developer-RRB-,all_tie,0.0,0,5,0,s000|s001|s002
fever_test_97085_Jeffrey_Dahmer::supports,Jeffrey_Dahmer,all_tie,0.0,0,5,0,s000|s001
fever_test_97147_David_Jones_-LRB-video_game_developer-RRB-::refutes,David_Jones_-LRB-video_game_developer-RRB-,all_tie,0.0,0,5,0,s000
fever_test_97307_Cthulhu::refutes,Cthulhu,all_tie,0.0,0,5,0,s000
fever_test_97353_Beverly_Hills__90210::refutes,"Beverly_Hills,_90210",all_tie,0.0,0,5,0,s010
fever_test_97376_Iain_Glen::refutes,Iain_Glen,all_tie,0.0,0,5,0,s000
fever_test_97412_Azerbaijan::refutes,Azerbaijan,consistent_c2ges_win,0.5,5,0,0,s000
fever_test_97459_Journey_-LRB-band-RRB-::supports,Journey_-LRB-band-RRB-,consistent_bm25_win,-0.4,0,0,5,s000|s016
fever_test_97496_Jim_Carrey::refutes,Jim_Carrey,all_tie,0.0,0,5,0,s000
fever_test_97545_Edward_Norton::refutes,Edward_Norton,all_tie,0.0,0,5,0,s007
fever_test_97792_Bryan_Cranston::supports,Bryan_Cranston,all_tie,0.0,0,5,0,s001
fever_test_97965_Kevin_Durant::refutes,Kevin_Durant,all_tie,0.0,0,5,0,s015
fever_test_98021_Borrelia_afzelii::refutes,Borrelia_afzelii,all_tie,0.0,0,5,0,s003
fever_test_98345_Diane_Ruggiero::supports,Diane_Ruggiero,all_tie,0.0,0,5,0,s000
fever_test_98594_Jimmy_Carter::supports,Jimmy_Carter,consistent_c2ges_win,0.28571428571428575,5,0,0,s000|s007|s008|s011
fever_test_98655_Faye_Resnick::supports,Faye_Resnick,all_tie,0.0,0,5,0,s000
fever_test_9871_Judd_Apatow::refutes,Judd_Apatow,all_tie,0.0,0,5,0,s008
fever_test_98918_Anne_Hathaway::supports,Anne_Hathaway,all_tie,0.0,0,5,0,s000
fever_test_98974_Bryan_Cranston::supports,Bryan_Cranston,consistent_c2ges_win,0.28571428571428575,5,0,0,s001|s004|s005|s009
fever_test_98984_Chile::supports,Chile,all_tie,0.0,0,5,0,s020
fever_test_99287_Bryan_Cranston::supports,Bryan_Cranston,consistent_c2ges_win,0.3333333333333333,5,0,0,s001|s004|s005
fever_test_99661_Farrah_Fawcett::supports,Farrah_Fawcett,all_tie,0.0,0,5,0,s026
fever_test_99814_Cheaper_by_the_Dozen_-LRB-2003_film-RRB-::refutes,Cheaper_by_the_Dozen_-LRB-2003_film-RRB-,all_tie,0.0,0,5,0,s001
