This is pdfTeX, Version 3.141592653-2.6-1.40.28 (MiKTeX 25.12) (preloaded format=pdflatex 2026.7.19)  19 JUL 2026 20:12
entering extended mode
 restricted \write18 enabled.
 %&-line parsing enabled.
**./TSP_template.tex
(TSP_template.tex
LaTeX2e <2025-11-01>
L3 programming layer <2025-12-24>
(Definitions/tsp.cls
Document Class: Definitions/tsp 05/01/2026 TSP paper class
(C:\Users\10175\AppData\Local\Programs\MiKTeX\tex/latex/base\article.cls
Document Class: article 2025/01/22 v1.4n Standard LaTeX document class
(C:\Users\10175\AppData\Local\Programs\MiKTeX\tex/latex/base\size11.clo
File: size11.clo 2025/01/22 v1.4n Standard LaTeX file (size option)
)
\c@part=\count275
\c@section=\count276
\c@subsection=\count277
\c@subsubsection=\count278
\c@paragraph=\count279
\c@subparagraph=\count280
\c@figure=\count281
\c@table=\count282
\abovecaptionskip=\skip49
\belowcaptionskip=\skip50
\bibindent=\dimen148
)
(C:\Users\10175\AppData\Local\Programs\MiKTeX\tex/latex/base\fontenc.sty
Package: fontenc 2025/07/18 v2.1d Standard LaTeX package
)
(C:\Users\10175\AppData\Local\Programs\MiKTeX\tex/latex/base\inputenc.sty
Package: inputenc 2024/02/08 v1.3d Input encoding file
\inpenc@prehook=\toks17
\inpenc@posthook=\toks18
)
(C:\Users\10175\AppData\Local\Programs\MiKTeX\tex/latex/tools\calc.sty
Package: calc 2025/03/01 v4.3b Infix arithmetic (KKT,FJ)
\calc@Acount=\count283
\calc@Bcount=\count284
\calc@Adimen=\dimen149
\calc@Bdimen=\dimen150
\calc@Askip=\skip51
\calc@Bskip=\skip52
LaTeX Info: Redefining \setlength on input line 86.
LaTeX Info: Redefining \addtolength on input line 87.
\calc@Ccount=\count285
\calc@Cskip=\skip53
)
(C:\Users\10175\AppData\Local\Programs\MiKTeX\tex/latex/textgreek\textgreek.sty
Package: textgreek 2011/10/09 v0.7 Greek symbols in text
Package textgreek Info: Loading the definitions for the Greek fontencoding. on 
input line 39.

(C:\Users\10175\AppData\Local\Programs\MiKTeX\tex/latex/greek-fontenc\lgrenc.de
f
File: lgrenc.def 2023-09-12 2.5 LGR Greek font encoding definitions
Now handling font encoding LGR ...
... processing UTF-8 mapping file for font encoding LGR

(C:\Users\10175\AppData\Local\Programs\MiKTeX\tex/latex/greek-inputenc\lgrenc.d
fu
File: lgrenc.dfu 2023-03-21 1.9 UTF-8 support for Greek
   defining Unicode char U+00A8 (decimal 168)
   defining Unicode char U+00AB (decimal 171)
   defining Unicode char U+00AF (decimal 175)
   defining Unicode char U+00B4 (decimal 180)
   defining Unicode char U+00B7 (decimal 183)
   defining Unicode char U+00BB (decimal 187)
   defining Unicode char U+0259 (decimal 601)
   defining Unicode char U+02D8 (decimal 728)
   defining Unicode char U+0374 (decimal 884)
   defining Unicode char U+0375 (decimal 885)
   defining Unicode char U+037A (decimal 890)
   defining Unicode char U+037E (decimal 894)
   defining Unicode char U+0384 (decimal 900)
   defining Unicode char U+0385 (decimal 901)
   defining Unicode char U+0386 (decimal 902)
   defining Unicode char U+0387 (decimal 903)
   defining Unicode char U+0388 (decimal 904)
   defining Unicode char U+0389 (decimal 905)
   defining Unicode char U+038A (decimal 906)
   defining Unicode char U+038C (decimal 908)
   defining Unicode char U+038E (decimal 910)
   defining Unicode char U+038F (decimal 911)
   defining Unicode char U+0390 (decimal 912)
   defining Unicode char U+0391 (decimal 913)
   defining Unicode char U+0392 (decimal 914)
   defining Unicode char U+0393 (decimal 915)
   defining Unicode char U+0394 (decimal 916)
   defining Unicode char U+0395 (decimal 917)
   defining Unicode char U+0396 (decimal 918)
   defining Unicode char U+0397 (decimal 919)
   defining Unicode char U+0398 (decimal 920)
   defining Unicode char U+0399 (decimal 921)
   defining Unicode char U+039A (decimal 922)
   defining Unicode char U+039B (decimal 923)
   defining Unicode char U+039C (decimal 924)
   defining Unicode char U+039D (decimal 925)
   defining Unicode char U+039E (decimal 926)
   defining Unicode char U+039F (decimal 927)
   defining Unicode char U+03A0 (decimal 928)
   defining Unicode char U+03A1 (decimal 929)
   defining Unicode char U+03A3 (decimal 931)
   defining Unicode char U+03A4 (decimal 932)
   defining Unicode char U+03A5 (decimal 933)
   defining Unicode char U+03A6 (decimal 934)
   defining Unicode char U+03A7 (decimal 935)
   defining Unicode char U+03A8 (decimal 936)
   defining Unicode char U+03A9 (decimal 937)
   defining Unicode char U+03AA (decimal 938)
   defining Unicode char U+03AB (decimal 939)
   defining Unicode char U+03AC (decimal 940)
   defining Unicode char U+03AD (decimal 941)
   defining Unicode char U+03AE (decimal 942)
   defining Unicode char U+03AF (decimal 943)
   defining Unicode char U+03B0 (decimal 944)
   defining Unicode char U+03B1 (decimal 945)
   defining Unicode char U+03B2 (decimal 946)
   defining Unicode char U+03B3 (decimal 947)
   defining Unicode char U+03B4 (decimal 948)
   defining Unicode char U+03B5 (decimal 949)
   defining Unicode char U+03B6 (decimal 950)
   defining Unicode char U+03B7 (decimal 951)
   defining Unicode char U+03B8 (decimal 952)
   defining Unicode char U+03B9 (decimal 953)
   defining Unicode char U+03BA (decimal 954)
   defining Unicode char U+03BB (decimal 955)
   defining Unicode char U+03BC (decimal 956)
   defining Unicode char U+03BD (decimal 957)
   defining Unicode char U+03BE (decimal 958)
   defining Unicode char U+03BF (decimal 959)
   defining Unicode char U+03C0 (decimal 960)
   defining Unicode char U+03C1 (decimal 961)
   defining Unicode char U+03C2 (decimal 962)
   defining Unicode char U+03C3 (decimal 963)
   defining Unicode char U+03C4 (decimal 964)
   defining Unicode char U+03C5 (decimal 965)
   defining Unicode char U+03C6 (decimal 966)
   defining Unicode char U+03C7 (decimal 967)
   defining Unicode char U+03C8 (decimal 968)
   defining Unicode char U+03C9 (decimal 969)
   defining Unicode char U+03CA (decimal 970)
   defining Unicode char U+03CB (decimal 971)
   defining Unicode char U+03CC (decimal 972)
   defining Unicode char U+03CD (decimal 973)
   defining Unicode char U+03CE (decimal 974)
   defining Unicode char U+03D0 (decimal 976)
   defining Unicode char U+03D1 (decimal 977)
   defining Unicode char U+03D5 (decimal 981)
   defining Unicode char U+03D6 (decimal 982)
   defining Unicode char U+03D8 (decimal 984)
   defining Unicode char U+03D9 (decimal 985)
   defining Unicode char U+03DA (decimal 986)
   defining Unicode char U+03DB (decimal 987)
   defining Unicode char U+03DC (decimal 988)
   defining Unicode char U+03DD (decimal 989)
   defining Unicode char U+03DE (decimal 990)
   defining Unicode char U+03DF (decimal 991)
   defining Unicode char U+03E0 (decimal 992)
   defining Unicode char U+03E1 (decimal 993)
   defining Unicode char U+03F0 (decimal 1008)
   defining Unicode char U+03F1 (decimal 1009)
   defining Unicode char U+03F4 (decimal 1012)
   defining Unicode char U+03F5 (decimal 1013)
   defining Unicode char U+1F00 (decimal 7936)
   defining Unicode char U+1F01 (decimal 7937)
   defining Unicode char U+1F02 (decimal 7938)
   defining Unicode char U+1F03 (decimal 7939)
   defining Unicode char U+1F04 (decimal 7940)
   defining Unicode char U+1F05 (decimal 7941)
   defining Unicode char U+1F06 (decimal 7942)
   defining Unicode char U+1F07 (decimal 7943)
   defining Unicode char U+1F08 (decimal 7944)
   defining Unicode char U+1F09 (decimal 7945)
   defining Unicode char U+1F0A (decimal 7946)
   defining Unicode char U+1F0B (decimal 7947)
   defining Unicode char U+1F0C (decimal 7948)
   defining Unicode char U+1F0D (decimal 7949)
   defining Unicode char U+1F0E (decimal 7950)
   defining Unicode char U+1F0F (decimal 7951)
   defining Unicode char U+1F10 (decimal 7952)
   defining Unicode char U+1F11 (decimal 7953)
   defining Unicode char U+1F12 (decimal 7954)
   defining Unicode char U+1F13 (decimal 7955)
   defining Unicode char U+1F14 (decimal 7956)
   defining Unicode char U+1F15 (decimal 7957)
   defining Unicode char U+1F18 (decimal 7960)
   defining Unicode char U+1F19 (decimal 7961)
   defining Unicode char U+1F1A (decimal 7962)
   defining Unicode char U+1F1B (decimal 7963)
   defining Unicode char U+1F1C (decimal 7964)
   defining Unicode char U+1F1D (decimal 7965)
   defining Unicode char U+1F20 (decimal 7968)
   defining Unicode char U+1F21 (decimal 7969)
   defining Unicode char U+1F22 (decimal 7970)
   defining Unicode char U+1F23 (decimal 7971)
   defining Unicode char U+1F24 (decimal 7972)
   defining Unicode char U+1F25 (decimal 7973)
   defining Unicode char U+1F26 (decimal 7974)
   defining Unicode char U+1F27 (decimal 7975)
   defining Unicode char U+1F28 (decimal 7976)
   defining Unicode char U+1F29 (decimal 7977)
   defining Unicode char U+1F2A (decimal 7978)
   defining Unicode char U+1F2B (decimal 7979)
   defining Unicode char U+1F2C (decimal 7980)
   defining Unicode char U+1F2D (decimal 7981)
   defining Unicode char U+1F2E (decimal 7982)
   defining Unicode char U+1F2F (decimal 7983)
   defining Unicode char U+1F30 (decimal 7984)
   defining Unicode char U+1F31 (decimal 7985)
   defining Unicode char U+1F32 (decimal 7986)
   defining Unicode char U+1F33 (decimal 7987)
   defining Unicode char U+1F34 (decimal 7988)
   defining Unicode char U+1F35 (decimal 7989)
   defining Unicode char U+1F36 (decimal 7990)
   defining Unicode char U+1F37 (decimal 7991)
   defining Unicode char U+1F38 (decimal 7992)
   defining Unicode char U+1F39 (decimal 7993)
   defining Unicode char U+1F3A (decimal 7994)
   defining Unicode char U+1F3B (decimal 7995)
   defining Unicode char U+1F3C (decimal 7996)
   defining Unicode char U+1F3D (decimal 7997)
   defining Unicode char U+1F3E (decimal 7998)
   defining Unicode char U+1F3F (decimal 7999)
   defining Unicode char U+1F40 (decimal 8000)
   defining Unicode char U+1F41 (decimal 8001)
   defining Unicode char U+1F42 (decimal 8002)
   defining Unicode char U+1F43 (decimal 8003)
   defining Unicode char U+1F44 (decimal 8004)
   defining Unicode char U+1F45 (decimal 8005)
   defining Unicode char U+1F48 (decimal 8008)
   defining Unicode char U+1F49 (decimal 8009)
   defining Unicode char U+1F4A (decimal 8010)
   defining Unicode char U+1F4B (decimal 8011)
   defining Unicode char U+1F4C (decimal 8012)
   defining Unicode char U+1F4D (decimal 8013)
   defining Unicode char U+1F50 (decimal 8016)
   defining Unicode char U+1F51 (decimal 8017)
   defining Unicode char U+1F52 (decimal 8018)
   defining Unicode char U+1F53 (decimal 8019)
   defining Unicode char U+1F54 (decimal 8020)
   defining Unicode char U+1F55 (decimal 8021)
   defining Unicode char U+1F56 (decimal 8022)
   defining Unicode char U+1F57 (decimal 8023)
   defining Unicode char U+1F59 (decimal 8025)
   defining Unicode char U+1F5B (decimal 8027)
   defining Unicode char U+1F5D (decimal 8029)
   defining Unicode char U+1F5F (decimal 8031)
   defining Unicode char U+1F60 (decimal 8032)
   defining Unicode char U+1F61 (decimal 8033)
   defining Unicode char U+1F62 (decimal 8034)
   defining Unicode char U+1F63 (decimal 8035)
   defining Unicode char U+1F64 (decimal 8036)
   defining Unicode char U+1F65 (decimal 8037)
   defining Unicode char U+1F66 (decimal 8038)
   defining Unicode char U+1F67 (decimal 8039)
   defining Unicode char U+1F68 (decimal 8040)
   defining Unicode char U+1F69 (decimal 8041)
   defining Unicode char U+1F6A (decimal 8042)
   defining Unicode char U+1F6B (decimal 8043)
   defining Unicode char U+1F6C (decimal 8044)
   defining Unicode char U+1F6D (decimal 8045)
   defining Unicode char U+1F6E (decimal 8046)
   defining Unicode char U+1F6F (decimal 8047)
   defining Unicode char U+1F70 (decimal 8048)
   defining Unicode char U+1F71 (decimal 8049)
   defining Unicode char U+1F72 (decimal 8050)
   defining Unicode char U+1F73 (decimal 8051)
   defining Unicode char U+1F74 (decimal 8052)
   defining Unicode char U+1F75 (decimal 8053)
   defining Unicode char U+1F76 (decimal 8054)
   defining Unicode char U+1F77 (decimal 8055)
   defining Unicode char U+1F78 (decimal 8056)
   defining Unicode char U+1F79 (decimal 8057)
   defining Unicode char U+1F7A (decimal 8058)
   defining Unicode char U+1F7B (decimal 8059)
   defining Unicode char U+1F7C (decimal 8060)
   defining Unicode char U+1F7D (decimal 8061)
   defining Unicode char U+1F80 (decimal 8064)
   defining Unicode char U+1F81 (decimal 8065)
   defining Unicode char U+1F82 (decimal 8066)
   defining Unicode char U+1F83 (decimal 8067)
   defining Unicode char U+1F84 (decimal 8068)
   defining Unicode char U+1F85 (decimal 8069)
   defining Unicode char U+1F86 (decimal 8070)
   defining Unicode char U+1F87 (decimal 8071)
   defining Unicode char U+1F88 (decimal 8072)
   defining Unicode char U+1F89 (decimal 8073)
   defining Unicode char U+1F8A (decimal 8074)
   defining Unicode char U+1F8B (decimal 8075)
   defining Unicode char U+1F8C (decimal 8076)
   defining Unicode char U+1F8D (decimal 8077)
   defining Unicode char U+1F8E (decimal 8078)
   defining Unicode char U+1F8F (decimal 8079)
   defining Unicode char U+1F90 (decimal 8080)
   defining Unicode char U+1F91 (decimal 8081)
   defining Unicode char U+1F92 (decimal 8082)
   defining Unicode char U+1F93 (decimal 8083)
   defining Unicode char U+1F94 (decimal 8084)
   defining Unicode char U+1F95 (decimal 8085)
   defining Unicode char U+1F96 (decimal 8086)
   defining Unicode char U+1F97 (decimal 8087)
   defining Unicode char U+1F98 (decimal 8088)
   defining Unicode char U+1F99 (decimal 8089)
   defining Unicode char U+1F9A (decimal 8090)
   defining Unicode char U+1F9B (decimal 8091)
   defining Unicode char U+1F9C (decimal 8092)
   defining Unicode char U+1F9D (decimal 8093)
   defining Unicode char U+1F9E (decimal 8094)
   defining Unicode char U+1F9F (decimal 8095)
   defining Unicode char U+1FA0 (decimal 8096)
   defining Unicode char U+1FA1 (decimal 8097)
   defining Unicode char U+1FA2 (decimal 8098)
   defining Unicode char U+1FA3 (decimal 8099)
   defining Unicode char U+1FA4 (decimal 8100)
   defining Unicode char U+1FA5 (decimal 8101)
   defining Unicode char U+1FA6 (decimal 8102)
   defining Unicode char U+1FA7 (decimal 8103)
   defining Unicode char U+1FA8 (decimal 8104)
   defining Unicode char U+1FA9 (decimal 8105)
   defining Unicode char U+1FAA (decimal 8106)
   defining Unicode char U+1FAB (decimal 8107)
   defining Unicode char U+1FAC (decimal 8108)
   defining Unicode char U+1FAD (decimal 8109)
   defining Unicode char U+1FAE (decimal 8110)
   defining Unicode char U+1FAF (decimal 8111)
   defining Unicode char U+1FB0 (decimal 8112)
   defining Unicode char U+1FB1 (decimal 8113)
   defining Unicode char U+1FB2 (decimal 8114)
   defining Unicode char U+1FB3 (decimal 8115)
   defining Unicode char U+1FB4 (decimal 8116)
   defining Unicode char U+1FB6 (decimal 8118)
   defining Unicode char U+1FB7 (decimal 8119)
   defining Unicode char U+1FB8 (decimal 8120)
   defining Unicode char U+1FB9 (decimal 8121)
   defining Unicode char U+1FBA (decimal 8122)
   defining Unicode char U+1FBB (decimal 8123)
   defining Unicode char U+1FBC (decimal 8124)
   defining Unicode char U+1FBD (decimal 8125)
   defining Unicode char U+1FBE (decimal 8126)
   defining Unicode char U+1FBF (decimal 8127)
   defining Unicode char U+1FC0 (decimal 8128)
   defining Unicode char U+1FC1 (decimal 8129)
   defining Unicode char U+1FC2 (decimal 8130)
   defining Unicode char U+1FC3 (decimal 8131)
   defining Unicode char U+1FC4 (decimal 8132)
   defining Unicode char U+1FC6 (decimal 8134)
   defining Unicode char U+1FC7 (decimal 8135)
   defining Unicode char U+1FC8 (decimal 8136)
   defining Unicode char U+1FC9 (decimal 8137)
   defining Unicode char U+1FCA (decimal 8138)
   defining Unicode char U+1FCB (decimal 8139)
   defining Unicode char U+1FCC (decimal 8140)
   defining Unicode char U+1FCD (decimal 8141)
   defining Unicode char U+1FCE (decimal 8142)
   defining Unicode char U+1FCF (decimal 8143)
   defining Unicode char U+1FD0 (decimal 8144)
   defining Unicode char U+1FD1 (decimal 8145)
   defining Unicode char U+1FD2 (decimal 8146)
   defining Unicode char U+1FD3 (decimal 8147)
   defining Unicode char U+1FD6 (decimal 8150)
   defining Unicode char U+1FD7 (decimal 8151)
   defining Unicode char U+1FD8 (decimal 8152)
   defining Unicode char U+1FD9 (decimal 8153)
   defining Unicode char U+1FDA (decimal 8154)
   defining Unicode char U+1FDB (decimal 8155)
   defining Unicode char U+1FDD (decimal 8157)
   defining Unicode char U+1FDE (decimal 8158)
   defining Unicode char U+1FDF (decimal 8159)
   defining Unicode char U+1FE0 (decimal 8160)
   defining Unicode char U+1FE1 (decimal 8161)
   defining Unicode char U+1FE2 (decimal 8162)
   defining Unicode char U+1FE3 (decimal 8163)
   defining Unicode char U+1FE4 (decimal 8164)
   defining Unicode char U+1FE5 (decimal 8165)
   defining Unicode char U+1FE6 (decimal 8166)
   defining Unicode char U+1FE7 (decimal 8167)
   defining Unicode char U+1FE8 (decimal 8168)
   defining Unicode char U+1FE9 (decimal 8169)
   defining Unicode char U+1FEA (decimal 8170)
   defining Unicode char U+1FEB (decimal 8171)
   defining Unicode char U+1FEC (decimal 8172)
   defining Unicode char U+1FED (decimal 8173)
   defining Unicode char U+1FEE (decimal 8174)
   defining Unicode char U+1FEF (decimal 8175)
   defining Unicode char U+1FF2 (decimal 8178)
   defining Unicode char U+1FF3 (decimal 8179)
   defining Unicode char U+1FF4 (decimal 8180)
   defining Unicode char U+1FF6 (decimal 8182)
   defining Unicode char U+1FF7 (decimal 8183)
   defining Unicode char U+1FF8 (decimal 8184)
   defining Unicode char U+1FF9 (decimal 8185)
   defining Unicode char U+1FFA (decimal 8186)
   defining Unicode char U+1FFB (decimal 8187)
   defining Unicode char U+1FFC (decimal 8188)
   defining Unicode char U+1FFD (decimal 8189)
   defining Unicode char U+1FFE (decimal 8190)
   defining Unicode char U+2013 (decimal 8211)
   defining Unicode char U+2014 (decimal 8212)
   defining Unicode char U+2018 (decimal 8216)
   defining Unicode char U+2019 (decimal 8217)
   defining Unicode char U+201A (decimal 8218)
   defining Unicode char U+2030 (decimal 8240)
   defining Unicode char U+2039 (decimal 8249)
   defining Unicode char U+203A (decimal 8250)
   defining Unicode char U+20AC (decimal 8364)
   defining Unicode char U+2126 (decimal 8486)
   defining Unicode char U+10144 (decimal 65860)
   defining Unicode char U+10145 (decimal 65861)
   defining Unicode char U+10146 (decimal 65862)
   defining Unicode char U+10147 (decimal 65863)
)
(C:\Users\10175\AppData\Local\Programs\MiKTeX\tex/latex/greek-fontenc\greek-fon
tenc.def
File: greek-fontenc.def 2023-09-12 2.5 Common Greek font encoding definitions
LaTeX Encoding Info:    Ignoring declaration for text command \accACUTE (encodi
ng LGR) on input line 251.
LaTeX Encoding Info:    Ignoring declaration for text command \accGRAVE (encodi
ng LGR) on input line 259.
LaTeX Encoding Info:    Ignoring declaration for text command \accTILDE (encodi
ng LGR) on input line 267.
))
Package textgreek Info: Loaded fontmap: {eur/*/*}{U/eur/*/*} {phv/*/*}{U/psy/*/
*}. on input line 69.
)
(C:\Users\10175\AppData\Local\Programs\MiKTeX\tex/latex/tools\indentfirst.sty
Package: indentfirst 2023/07/02 v1.03 Indent first paragraph (DPC)
)
(C:\Users\10175\AppData\Local\Programs\MiKTeX\tex/latex/fancyhdr\fancyhdr.sty
Package: fancyhdr 2025/02/07 v5.2 Extensive control of page headers and footers

\f@nch@headwidth=\skip54
\f@nch@offset@elh=\skip55
\f@nch@offset@erh=\skip56
\f@nch@offset@olh=\skip57
\f@nch@offset@orh=\skip58
\f@nch@offset@elf=\skip59
\f@nch@offset@erf=\skip60
\f@nch@offset@olf=\skip61
\f@nch@offset@orf=\skip62
\f@nch@height=\skip63
\f@nch@footalignment=\skip64
\f@nch@widthL=\skip65
\f@nch@widthC=\skip66
\f@nch@widthR=\skip67
\@temptokenb=\toks19
)
(C:\Users\10175\AppData\Local\Programs\MiKTeX\tex/latex/graphics\graphicx.sty
Package: graphicx 2024/12/31 v1.2e Enhanced LaTeX Graphics (DPC,SPQR)

(C:\Users\10175\AppData\Local\Programs\MiKTeX\tex/latex/graphics\keyval.sty
Package: keyval 2022/05/29 v1.15 key=value parser (DPC)
\KV@toks@=\toks20
)
(C:\Users\10175\AppData\Local\Programs\MiKTeX\tex/latex/graphics\graphics.sty
Package: graphics 2024/08/06 v1.4g Standard LaTeX Graphics (DPC,SPQR)

(C:\Users\10175\AppData\Local\Programs\MiKTeX\tex/latex/graphics\trig.sty
Package: trig 2023/12/02 v1.11 sin cos tan (DPC)
)
(C:\Users\10175\AppData\Local\Programs\MiKTeX\tex/latex/graphics-cfg\graphics.c
fg
File: graphics.cfg 2016/06/04 v1.11 sample graphics configuration
)
Package graphics Info: Driver file: pdftex.def on input line 106.

(C:\Users\10175\AppData\Local\Programs\MiKTeX\tex/latex/graphics-def\pdftex.def
File: pdftex.def 2025/09/29 v1.2d Graphics/color driver for pdftex
))
\Gin@req@height=\dimen151
\Gin@req@width=\dimen152
)
(C:\Users\10175\AppData\Local\Programs\MiKTeX\tex/latex/epstopdf-pkg\epstopdf.s
ty
Package: epstopdf 2020-01-24 v2.11 Conversion with epstopdf on the fly (HO)

(C:\Users\10175\AppData\Local\Programs\MiKTeX\tex/generic/infwarerr\infwarerr.s
ty
Package: infwarerr 2019/12/03 v1.5 Providing info/warning/error messages (HO)
) (C:\Users\10175\AppData\Local\Programs\MiKTeX\tex/latex/grfext\grfext.sty
Package: grfext 2019/12/03 v1.3 Manage graphics extensions (HO)

(C:\Users\10175\AppData\Local\Programs\MiKTeX\tex/generic/kvdefinekeys\kvdefine
keys.sty
Package: kvdefinekeys 2019-12-19 v1.6 Define keys (HO)
))
(C:\Users\10175\AppData\Local\Programs\MiKTeX\tex/latex/kvoptions\kvoptions.sty
Package: kvoptions 2022-06-15 v3.15 Key value format for package options (HO)
(C:\Users\10175\AppData\Local\Programs\MiKTeX\tex/generic/ltxcmds\ltxcmds.sty
Package: ltxcmds 2023-12-04 v1.26 LaTeX kernel commands for general use (HO)
)
(C:\Users\10175\AppData\Local\Programs\MiKTeX\tex/latex/kvsetkeys\kvsetkeys.sty
Package: kvsetkeys 2022-10-05 v1.19 Key value parser (HO)
))
(C:\Users\10175\AppData\Local\Programs\MiKTeX\tex/generic/pdftexcmds\pdftexcmds
.sty
Package: pdftexcmds 2020-06-27 v0.33 Utility functions of pdfTeX for LuaTeX (HO
)
 (C:\Users\10175\AppData\Local\Programs\MiKTeX\tex/generic/iftex\iftex.sty
Package: iftex 2024/12/12 v1.0g TeX engine tests
)
Package pdftexcmds Info: \pdf@primitive is available.
Package pdftexcmds Info: \pdf@ifprimitive is available.
Package pdftexcmds Info: \pdfdraftmode found.
)
(C:\Users\10175\AppData\Local\Programs\MiKTeX\tex/latex/epstopdf-pkg\epstopdf-b
ase.sty
Package: epstopdf-base 2020-01-24 v2.11 Base part for package epstopdf
Package epstopdf-base Info: Redefining graphics rule for `.eps' on input line 4
85.
Package grfext Info: Graphics extension search list:
(grfext)             [.pdf,.png,.jpg,.mps,.jpeg,.jbig2,.jb2,.PDF,.PNG,.JPG,.JPE
G,.JBIG2,.JB2,.eps]
(grfext)             \AppendGraphicsExtensions on input line 504.

(C:\Users\10175\AppData\Local\Programs\MiKTeX\tex/latex/00miktex\epstopdf-sys.c
fg
File: epstopdf-sys.cfg 2021/03/18 v2.0 Configuration of epstopdf for MiKTeX
)))
(C:\Users\10175\AppData\Local\Programs\MiKTeX\tex/latex/lastpage\lastpage.sty
Package: lastpage 2025/08/14 v2.1h lastpage: 2.09 or 2e? (HMM)

(C:\Users\10175\AppData\Local\Programs\MiKTeX\tex/latex/lastpage\lastpage2e.sty
Package: lastpage2e 2025/08/14 v2.1h Decide which 2e lastpage version to use (H
MM)

(C:\Users\10175\AppData\Local\Programs\MiKTeX\tex/latex/lastpage\lastpagemodern
.sty
Package: lastpagemodern 2025-08-14 v2.1h Refers to last page's name (HMM; JPG)
\c@lastpagecount=\count286
) 
)) (C:\Users\10175\AppData\Local\Programs\MiKTeX\tex/latex/base\ifthen.sty
Package: ifthen 2024/03/16 v1.1e Standard LaTeX ifthen package (DPC)
)
(C:\Users\10175\AppData\Local\Programs\MiKTeX\tex/latex/lineno\lineno.sty
Package: lineno 2026/03/08 line numbers on paragraphs v5.9

(C:\Users\10175\AppData\Local\Programs\MiKTeX\tex/latex/etoolbox\etoolbox.sty
Package: etoolbox 2025/10/02 v2.5m e-TeX tools for LaTeX (JAW)
\etb@tempcnta=\count287
)
\linenopenalty=\count288
\output=\toks21
\linenoprevgraf=\count289
\linenumbersep=\dimen153
\linenumberwidth=\dimen154
\c@linenumber=\count290
\c@pagewiselinenumber=\count291
\c@LN@truepage=\count292
\c@internallinenumber=\count293
\c@internallinenumbers=\count294
\quotelinenumbersep=\dimen155
\bframerule=\dimen156
\bframesep=\dimen157
\bframebox=\box53
) (C:\Users\10175\AppData\Local\Programs\MiKTeX\tex/latex/float\float.sty
Package: float 2001/11/08 v1.3d Float enhancements (AL)
\c@float@type=\count295
\float@exts=\toks22
\float@box=\box54
\@float@everytoks=\toks23
\@floatcapt=\box55
)
(C:\Users\10175\AppData\Local\Programs\MiKTeX\tex/latex/amsmath\amsmath.sty
Package: amsmath 2025/07/09 v2.17z AMS math features
\@mathmargin=\skip68

For additional information on amsmath, use the `?' option.
(C:\Users\10175\AppData\Local\Programs\MiKTeX\tex/latex/amsmath\amstext.sty
Package: amstext 2024/11/17 v2.01 AMS text

(C:\Users\10175\AppData\Local\Programs\MiKTeX\tex/latex/amsmath\amsgen.sty
File: amsgen.sty 1999/11/30 v2.0 generic functions
\@emptytoks=\toks24
\ex@=\dimen158
))
(C:\Users\10175\AppData\Local\Programs\MiKTeX\tex/latex/amsmath\amsbsy.sty
Package: amsbsy 1999/11/29 v1.2d Bold Symbols
\pmbraise@=\dimen159
)
(C:\Users\10175\AppData\Local\Programs\MiKTeX\tex/latex/amsmath\amsopn.sty
Package: amsopn 2022/04/08 v2.04 operator names
)
\inf@bad=\count296
LaTeX Info: Redefining \frac on input line 233.
\uproot@=\count297
\leftroot@=\count298
LaTeX Info: Redefining \overline on input line 398.
LaTeX Info: Redefining \colon on input line 409.
\classnum@=\count299
\DOTSCASE@=\count300
LaTeX Info: Redefining \ldots on input line 495.
LaTeX Info: Redefining \dots on input line 498.
LaTeX Info: Redefining \cdots on input line 619.
\Mathstrutbox@=\box56
\strutbox@=\box57
LaTeX Info: Redefining \big on input line 721.
LaTeX Info: Redefining \Big on input line 722.
LaTeX Info: Redefining \bigg on input line 723.
LaTeX Info: Redefining \Bigg on input line 724.
\big@size=\dimen160
LaTeX Font Info:    Redeclaring font encoding OML on input line 742.
LaTeX Font Info:    Redeclaring font encoding OMS on input line 743.
\macc@depth=\count301
LaTeX Info: Redefining \bmod on input line 904.
LaTeX Info: Redefining \pmod on input line 909.
LaTeX Info: Redefining \smash on input line 939.
LaTeX Info: Redefining \relbar on input line 969.
LaTeX Info: Redefining \Relbar on input line 970.
\c@MaxMatrixCols=\count302
\dotsspace@=\muskip17
\c@parentequation=\count303
\dspbrk@lvl=\count304
\tag@help=\toks25
\row@=\count305
\column@=\count306
\maxfields@=\count307
\andhelp@=\toks26
\eqnshift@=\dimen161
\alignsep@=\dimen162
\tagshift@=\dimen163
\tagwidth@=\dimen164
\totwidth@=\dimen165
\lineht@=\dimen166
\@envbody=\toks27
\multlinegap=\skip69
\multlinetaggap=\skip70
\mathdisplay@stack=\toks28
LaTeX Info: Redefining \[ on input line 2950.
LaTeX Info: Redefining \] on input line 2951.
)
\@LN@amsmath@ams@eqpen=\count308

(C:\Users\10175\AppData\Local\Programs\MiKTeX\tex/latex/amsfonts\amssymb.sty
Package: amssymb 2013/01/14 v3.01 AMS font symbols

(C:\Users\10175\AppData\Local\Programs\MiKTeX\tex/latex/amsfonts\amsfonts.sty
Package: amsfonts 2013/01/14 v3.01 Basic AMSFonts support
\symAMSa=\mathgroup4
\symAMSb=\mathgroup5
LaTeX Font Info:    Redeclaring math symbol \hbar on input line 98.
LaTeX Font Info:    Overwriting math alphabet `\mathfrak' in version `bold'
(Font)                  U/euf/m/n --> U/euf/b/n on input line 106.
)) (C:\Users\10175\AppData\Local\Programs\MiKTeX\tex/latex/setspace\setspace.st
y
Package: setspace 2022/12/04 v6.7b set line spacing
) (C:\Users\10175\AppData\Local\Programs\MiKTeX\tex/latex/enumitem\enumitem.sty
Package: enumitem 2025/02/06 v3.11 Customized lists
\labelindent=\skip71
\enit@outerparindent=\dimen167
\enit@toks=\toks29
\enit@inbox=\box58
\enit@count@id=\count309
\enitdp@description=\count310
)
(C:\Users\10175\AppData\Local\Programs\MiKTeX\tex/latex/libertine\libertine.sty
Package: libertine 2024/04/23 (Bob Tennent) Supports Libertine and Biolinum fon
ts for all LaTeX engines.
(C:\Users\10175\AppData\Local\Programs\MiKTeX\tex/generic/iftex\ifxetex.sty
Package: ifxetex 2019/10/25 v0.7 ifxetex legacy package. Use iftex instead.
)
(C:\Users\10175\AppData\Local\Programs\MiKTeX\tex/generic/iftex\ifluatex.sty
Package: ifluatex 2019/10/25 v1.5 ifluatex legacy package. Use iftex instead.
)
(C:\Users\10175\AppData\Local\Programs\MiKTeX\tex/latex/xkeyval\xkeyval.sty
Package: xkeyval 2022/06/16 v2.9 package option processing (HA)

(C:\Users\10175\AppData\Local\Programs\MiKTeX\tex/generic/xkeyval\xkeyval.tex
(C:\Users\10175\AppData\Local\Programs\MiKTeX\tex/generic/xkeyval\xkvutils.tex
\XKV@toks=\toks30
\XKV@tempa@toks=\toks31
)
\XKV@depth=\count311
File: xkeyval.tex 2014/12/03 v2.7a key=value parser (HA)
)) (C:\Users\10175\AppData\Local\Programs\MiKTeX\tex/latex/base\textcomp.sty
Package: textcomp 2024/04/24 v2.1b Standard LaTeX package
)
(C:\Users\10175\AppData\Local\Programs\MiKTeX\tex/latex/base\fontenc.sty
Package: fontenc 2025/07/18 v2.1d Standard LaTeX package
)
(C:\Users\10175\AppData\Local\Programs\MiKTeX\tex/latex/fontaxes\fontaxes.sty
Package: fontaxes 2026-01-02 v2.0.2 Font selection axes (deprecated)
Applying: [2024-11-01] Use figureversions if present on input line 74.

(C:\Users\10175\AppData\Local\Programs\MiKTeX\tex/latex/figureversions\figureve
rsions.sty
Package: figureversions 2025-04-29 v1.0.1 Figure versions
)
Already applied: [0000-00-00] Fall back to v1 on input line 76.
)
LaTeX Info: Redefining \oldstylenums on input line 485.

(C:\Users\10175\AppData\Local\Programs\MiKTeX\tex/latex/libertine\LinLibertine_
I.tex))
(C:\Users\10175\AppData\Local\Programs\MiKTeX\tex/latex/libertinust1math\libert
inust1math.sty
Package: libertinust1math 2024/01/14 v2.0.4---latex support for LibertinusT1Mat
h (msharpe)

amsthm NOT loaded
Now handling font encoding LS1 ...
... no UTF-8 mapping file for font encoding LS1
Now handling font encoding LS2 ...
... no UTF-8 mapping file for font encoding LS2
LaTeX Font Info:    Redeclaring symbol font `letters' on input line 102.
LaTeX Font Info:    Encoding `OML' has changed to `LS1' for symbol font
(Font)              `letters' in the math version `normal' on input line 102.
LaTeX Font Info:    Overwriting symbol font `letters' in version `normal'
(Font)                  OML/cmm/m/it --> LS1/libertinust1math/m/it on input lin
e 102.
LaTeX Font Info:    Encoding `OML' has changed to `LS1' for symbol font
(Font)              `letters' in the math version `bold' on input line 102.
LaTeX Font Info:    Overwriting symbol font `letters' in version `bold'
(Font)                  OML/cmm/b/it --> LS1/libertinust1math/m/it on input lin
e 102.
LaTeX Font Info:    Redeclaring symbol font `operators' on input line 103.
LaTeX Font Info:    Encoding `OT1' has changed to `LS1' for symbol font
(Font)              `operators' in the math version `normal' on input line 103.

LaTeX Font Info:    Overwriting symbol font `operators' in version `normal'
(Font)                  OT1/cmr/m/n --> LS1/libertinust1math/m/n on input line 
103.
LaTeX Font Info:    Encoding `OT1' has changed to `LS1' for symbol font
(Font)              `operators' in the math version `bold' on input line 103.
LaTeX Font Info:    Overwriting symbol font `operators' in version `bold'
(Font)                  OT1/cmr/bx/n --> LS1/libertinust1math/m/n on input line
 103.
\symsymbolsbb=\mathgroup6
LaTeX Font Info:    Redeclaring symbol font `symbols' on input line 105.
LaTeX Font Info:    Encoding `OMS' has changed to `LS2' for symbol font
(Font)              `symbols' in the math version `normal' on input line 105.
LaTeX Font Info:    Overwriting symbol font `symbols' in version `normal'
(Font)                  OMS/cmsy/m/n --> LS2/libertinust1mathsym/m/n on input l
ine 105.
LaTeX Font Info:    Encoding `OMS' has changed to `LS2' for symbol font
(Font)              `symbols' in the math version `bold' on input line 105.
LaTeX Font Info:    Overwriting symbol font `symbols' in version `bold'
(Font)                  OMS/cmsy/b/n --> LS2/libertinust1mathsym/m/n on input l
ine 105.
LaTeX Font Info:    Redeclaring symbol font `largesymbols' on input line 106.
LaTeX Font Info:    Encoding `OMX' has changed to `LS2' for symbol font
(Font)              `largesymbols' in the math version `normal' on input line 1
06.
LaTeX Font Info:    Overwriting symbol font `largesymbols' in version `normal'
(Font)                  OMX/cmex/m/n --> LS2/libertinust1mathex/m/n on input li
ne 106.
LaTeX Font Info:    Encoding `OMX' has changed to `LS2' for symbol font
(Font)              `largesymbols' in the math version `bold' on input line 106
.
LaTeX Font Info:    Overwriting symbol font `largesymbols' in version `bold'
(Font)                  OMX/cmex/m/n --> LS2/libertinust1mathex/m/n on input li
ne 106.
LaTeX Font Info:    Redeclaring math alphabet \mathsf on input line 107.
LaTeX Font Info:    Overwriting math alphabet `\mathsf' in version `normal'
(Font)                  OT1/cmss/m/n --> LS1/libertinust1mathsf/m/n on input li
ne 107.
LaTeX Font Info:    Overwriting math alphabet `\mathsf' in version `bold'
(Font)                  OT1/cmss/bx/n --> LS1/libertinust1mathsf/m/n on input l
ine 107.
LaTeX Font Info:    Redeclaring math alphabet \mathsfbf on input line 116.
LaTeX Font Info:    Overwriting math alphabet `\mathsfbf' in version `normal'
(Font)                  LS1/libertinust1mathsf/b/n --> LS1/libertinust1mathsf/b
/n on input line 116.
LaTeX Font Info:    Overwriting math alphabet `\mathsfbf' in version `bold'
(Font)                  LS1/libertinust1mathsf/b/n --> LS1/libertinust1mathsf/b
/n on input line 116.
LaTeX Font Info:    Overwriting symbol font `letters' in version `bold'
(Font)                  LS1/libertinust1math/m/it --> LS1/libertinust1math/b/it
 on input line 118.
LaTeX Font Info:    Overwriting symbol font `operators' in version `bold'
(Font)                  LS1/libertinust1math/m/n --> LS1/libertinust1math/b/n o
n input line 119.
\symbold-operators=\mathgroup7
\symbold-letters=\mathgroup8
LaTeX Font Info:    Redeclaring math alphabet \mathit on input line 122.
LaTeX Font Info:    Redeclaring math alphabet \mathbf on input line 124.
LaTeX Font Info:    Overwriting math alphabet `\mathsf' in version `bold'
(Font)                  LS1/libertinust1mathsf/m/n --> LS1/libertinust1mathsf/b
/n on input line 152.
LaTeX Font Info:    Redeclaring math alphabet \mathcal on input line 164.
LaTeX Font Info:    Overwriting math alphabet `\mathcal' in version `bold'
(Font)                  U/stixcal/m/n --> U/stixcal/b/n on input line 165.
\tx@tA=\toks32
\tx@tB=\toks33
\tx@su=\read2
\tx@sbptoks=\toks34
LaTeX Info: Redefining \checkmark on input line 802.
LaTeX Font Info:    Redeclaring math accent \grave on input line 876.
LaTeX Font Info:    Redeclaring math accent \acute on input line 877.
LaTeX Font Info:    Redeclaring math accent \hat on input line 878.
LaTeX Font Info:    Redeclaring math accent \tilde on input line 879.
LaTeX Font Info:    Redeclaring math accent \bar on input line 880.
LaTeX Font Info:    Redeclaring math accent \breve on input line 881.
LaTeX Font Info:    Redeclaring math accent \dot on input line 882.
LaTeX Font Info:    Redeclaring math accent \ddot on input line 883.
LaTeX Font Info:    Redeclaring math accent \mathring on input line 885.
LaTeX Font Info:    Redeclaring math accent \check on input line 886.
LaTeX Font Info:    Redeclaring math accent \vec on input line 894.
LaTeX Info: Redefining \vdots on input line 1304.
LaTeX Info: Redefining \cdots on input line 1309.
LaTeX Info: Redefining \not on input line 1551.
) (C:\Users\10175\AppData\Local\Programs\MiKTeX\tex/latex/booktabs\booktabs.sty
Package: booktabs 2020/01/12 v1.61803398 Publication quality tables
\heavyrulewidth=\dimen168
\lightrulewidth=\dimen169
\cmidrulewidth=\dimen170
\belowrulesep=\dimen171
\belowbottomsep=\dimen172
\aboverulesep=\dimen173
\abovetopsep=\dimen174
\cmidrulesep=\dimen175
\cmidrulekern=\dimen176
\defaultaddspace=\dimen177
\@cmidla=\count312
\@cmidlb=\count313
\@aboverulesep=\dimen178
\@belowrulesep=\dimen179
\@thisruleclass=\count314
\@lastruleclass=\count315
\@thisrulewidth=\dimen180
) (C:\Users\10175\AppData\Local\Programs\MiKTeX\tex/latex/titlesec\titlesec.sty
Package: titlesec 2025/01/04 v2.17 Sectioning titles
\ttl@box=\box59
\beforetitleunit=\skip72
\aftertitleunit=\skip73
\ttl@plus=\dimen181
\ttl@minus=\dimen182
\ttl@toksa=\toks35
\titlewidth=\dimen183
\titlewidthlast=\dimen184
\titlewidthfirst=\dimen185
) (C:\Users\10175\AppData\Local\Programs\MiKTeX\tex/latex/xcolor\xcolor.sty
Package: xcolor 2024/09/29 v3.02 LaTeX color extensions (UK)

(C:\Users\10175\AppData\Local\Programs\MiKTeX\tex/latex/graphics-cfg\color.cfg
File: color.cfg 2016/01/02 v1.6 sample color configuration
)
Package xcolor Info: Driver file: pdftex.def on input line 274.
(C:\Users\10175\AppData\Local\Programs\MiKTeX\tex/latex/graphics\mathcolor.ltx)
Package xcolor Info: Model `cmy' substituted by `cmy0' on input line 1349.
Package xcolor Info: Model `hsb' substituted by `rgb' on input line 1353.
Package xcolor Info: Model `RGB' extended on input line 1365.
Package xcolor Info: Model `HTML' substituted by `rgb' on input line 1367.
Package xcolor Info: Model `Hsb' substituted by `hsb' on input line 1368.
Package xcolor Info: Model `tHsb' substituted by `hsb' on input line 1369.
Package xcolor Info: Model `HSB' substituted by `hsb' on input line 1370.
Package xcolor Info: Model `Gray' substituted by `gray' on input line 1371.
Package xcolor Info: Model `wave' substituted by `hsb' on input line 1372.
) (C:\Users\10175\AppData\Local\Programs\MiKTeX\tex/latex/colortbl\colortbl.sty
Package: colortbl 2026/05/01 v1.0l Color table columns (DPC)
(C:\Users\10175\AppData\Local\Programs\MiKTeX\tex/latex/tools\array.sty
Package: array 2025/09/25 v2.6n Tabular extension package (FMi)
\col@sep=\dimen186
\ar@mcellbox=\box60
\extrarowheight=\dimen187
\NC@list=\toks36
\extratabsurround=\skip74
\backup@length=\skip75
\ar@cellbox=\box61
)
\everycr=\toks37
\minrowclearance=\skip76
\rownum=\count316
)
(C:\Users\10175\AppData\Local\Programs\MiKTeX\tex/generic/soul\soul.sty
Package: soul 2026-03-06 v3.2 Permit use of UTF-8 characters in soul (HO)

(C:\Users\10175\AppData\Local\Programs\MiKTeX\tex/generic/soul\soul-ori.sty
Package: soul-ori 2026-03-06 v3.2 letterspacing/underlining (mf)
\SOUL@word=\toks38
\SOUL@lasttoken=\toks39
\SOUL@syllable=\toks40
\SOUL@cmds=\toks41
\SOUL@buffer=\toks42
\SOUL@token=\toks43
\SOUL@syllgoal=\dimen188
\SOUL@syllwidth=\dimen189
\SOUL@charkern=\dimen190
\SOUL@hyphkern=\dimen191
\SOUL@dimen=\dimen192
\SOUL@dimeni=\dimen193
\SOUL@minus=\count317
\SOUL@comma=\count318
\SOUL@apo=\count319
\SOUL@grave=\count320
\SOUL@spaceskip=\skip77
\SOUL@ttwidth=\dimen194
\SOUL@uldp=\dimen195
\SOUL@ulht=\dimen196
)
(C:\Users\10175\AppData\Local\Programs\MiKTeX\tex/generic/etexcmds\etexcmds.sty
Package: etexcmds 2019/12/15 v1.7 Avoid name clashes with e-TeX commands (HO)
))
(C:\Users\10175\AppData\Local\Programs\MiKTeX\tex/latex/multirow\multirow.sty
Package: multirow 2024/11/12 v2.9 Span multiple rows of a table
\multirow@colwidth=\skip78
\multirow@cntb=\count321
\multirow@dima=\skip79
\bigstrutjot=\dimen197
)
(C:\Users\10175\AppData\Local\Programs\MiKTeX\tex/latex/microtype\microtype.sty
Package: microtype 2026/03/01 v3.2d Micro-typographical refinements (RS)
\MT@toks=\toks44
\MT@tempbox=\box62
\MT@count=\count322
LaTeX Info: Redefining \noprotrusionifhmode on input line 1084.
LaTeX Info: Redefining \leftprotrusion on input line 1085.
\MT@prot@toks=\toks45
LaTeX Info: Redefining \rightprotrusion on input line 1104.
LaTeX Info: Redefining \textls on input line 1449.
\MT@outer@kern=\dimen198
LaTeX Info: Redefining \microtypecontext on input line 2053.
LaTeX Info: Redefining \textmicrotypecontext on input line 2070.
\MT@listname@count=\count323

(C:\Users\10175\AppData\Local\Programs\MiKTeX\tex/latex/microtype\microtype-pdf
tex.def
File: microtype-pdftex.def 2026/03/01 v3.2d Definitions specific to pdftex (RS)

LaTeX Info: Redefining \lsstyle on input line 944.
LaTeX Info: Redefining \lslig on input line 944.
\MT@outer@space=\skip80
)
Package microtype Info: Loading configuration file microtype.cfg.

(C:\Users\10175\AppData\Local\Programs\MiKTeX\tex/latex/microtype\microtype.cfg
File: microtype.cfg 2026/03/01 v3.2d microtype main configuration file (RS)
)
LaTeX Info: Redefining \microtypesetup on input line 3065.
)
(C:\Users\10175\AppData\Local\Programs\MiKTeX\tex/latex/pgf/frontendlayer\tikz.
sty
(C:\Users\10175\AppData\Local\Programs\MiKTeX\tex/latex/pgf/basiclayer\pgf.sty
(C:\Users\10175\AppData\Local\Programs\MiKTeX\tex/latex/pgf/utilities\pgfrcs.st
y
(C:\Users\10175\AppData\Local\Programs\MiKTeX\tex/generic/pgf/utilities\pgfutil
-common.tex
\pgfutil@everybye=\toks46
\pgfutil@tempdima=\dimen199
\pgfutil@tempdimb=\dimen256
)
(C:\Users\10175\AppData\Local\Programs\MiKTeX\tex/generic/pgf/utilities\pgfutil
-latex.def
\pgfutil@abb=\box63
)
(C:\Users\10175\AppData\Local\Programs\MiKTeX\tex/generic/pgf/utilities\pgfrcs.
code.tex
(C:\Users\10175\AppData\Local\Programs\MiKTeX\tex/generic/pgf\pgf.revision.tex)
Package: pgfrcs 2025-08-29 v3.1.11a (3.1.11a)
))
Package: pgf 2025-08-29 v3.1.11a (3.1.11a)

(C:\Users\10175\AppData\Local\Programs\MiKTeX\tex/latex/pgf/basiclayer\pgfcore.
sty
(C:\Users\10175\AppData\Local\Programs\MiKTeX\tex/latex/pgf/systemlayer\pgfsys.
sty
(C:\Users\10175\AppData\Local\Programs\MiKTeX\tex/generic/pgf/systemlayer\pgfsy
s.code.tex
Package: pgfsys 2025-08-29 v3.1.11a (3.1.11a)

(C:\Users\10175\AppData\Local\Programs\MiKTeX\tex/generic/pgf/utilities\pgfkeys
.code.tex
\pgfkeys@pathtoks=\toks47
\pgfkeys@temptoks=\toks48

(C:\Users\10175\AppData\Local\Programs\MiKTeX\tex/generic/pgf/utilities\pgfkeys
libraryfiltered.code.tex
\pgfkeys@tmptoks=\toks49
))
\pgf@x=\dimen257
\pgf@y=\dimen258
\pgf@xa=\dimen259
\pgf@ya=\dimen260
\pgf@xb=\dimen261
\pgf@yb=\dimen262
\pgf@xc=\dimen263
\pgf@yc=\dimen264
\pgf@xd=\dimen265
\pgf@yd=\dimen266
\w@pgf@writea=\write3
\r@pgf@reada=\read3
\c@pgf@counta=\count324
\c@pgf@countb=\count325
\c@pgf@countc=\count326
\c@pgf@countd=\count327
\t@pgf@toka=\toks50
\t@pgf@tokb=\toks51
\t@pgf@tokc=\toks52
\pgf@sys@id@count=\count328

(C:\Users\10175\AppData\Local\Programs\MiKTeX\tex/generic/pgf/systemlayer\pgf.c
fg
File: pgf.cfg 2025-08-29 v3.1.11a (3.1.11a)
)
Driver file for pgf: pgfsys-pdftex.def

(C:\Users\10175\AppData\Local\Programs\MiKTeX\tex/generic/pgf/systemlayer\pgfsy
s-pdftex.def
File: pgfsys-pdftex.def 2025-08-29 v3.1.11a (3.1.11a)

(C:\Users\10175\AppData\Local\Programs\MiKTeX\tex/generic/pgf/systemlayer\pgfsy
s-common-pdf.def
File: pgfsys-common-pdf.def 2025-08-29 v3.1.11a (3.1.11a)
)))
(C:\Users\10175\AppData\Local\Programs\MiKTeX\tex/generic/pgf/systemlayer\pgfsy
ssoftpath.code.tex
File: pgfsyssoftpath.code.tex 2025-08-29 v3.1.11a (3.1.11a)
\pgfsyssoftpath@smallbuffer@items=\count329
\pgfsyssoftpath@bigbuffer@items=\count330
)
(C:\Users\10175\AppData\Local\Programs\MiKTeX\tex/generic/pgf/systemlayer\pgfsy
sprotocol.code.tex
File: pgfsysprotocol.code.tex 2025-08-29 v3.1.11a (3.1.11a)
))
(C:\Users\10175\AppData\Local\Programs\MiKTeX\tex/generic/pgf/basiclayer\pgfcor
e.code.tex
Package: pgfcore 2025-08-29 v3.1.11a (3.1.11a)

(C:\Users\10175\AppData\Local\Programs\MiKTeX\tex/generic/pgf/math\pgfmath.code
.tex
(C:\Users\10175\AppData\Local\Programs\MiKTeX\tex/generic/pgf/math\pgfmathutil.
code.tex)
(C:\Users\10175\AppData\Local\Programs\MiKTeX\tex/generic/pgf/math\pgfmathparse
r.code.tex
\pgfmath@dimen=\dimen267
\pgfmath@count=\count331
\pgfmath@box=\box64
\pgfmath@toks=\toks53
\pgfmath@stack@operand=\toks54
\pgfmath@stack@operation=\toks55
)
(C:\Users\10175\AppData\Local\Programs\MiKTeX\tex/generic/pgf/math\pgfmathfunct
ions.code.tex)
(C:\Users\10175\AppData\Local\Programs\MiKTeX\tex/generic/pgf/math\pgfmathfunct
ions.basic.code.tex)
(C:\Users\10175\AppData\Local\Programs\MiKTeX\tex/generic/pgf/math\pgfmathfunct
ions.trigonometric.code.tex)
(C:\Users\10175\AppData\Local\Programs\MiKTeX\tex/generic/pgf/math\pgfmathfunct
ions.random.code.tex)
(C:\Users\10175\AppData\Local\Programs\MiKTeX\tex/generic/pgf/math\pgfmathfunct
ions.comparison.code.tex)
(C:\Users\10175\AppData\Local\Programs\MiKTeX\tex/generic/pgf/math\pgfmathfunct
ions.base.code.tex)
(C:\Users\10175\AppData\Local\Programs\MiKTeX\tex/generic/pgf/math\pgfmathfunct
ions.round.code.tex)
(C:\Users\10175\AppData\Local\Programs\MiKTeX\tex/generic/pgf/math\pgfmathfunct
ions.misc.code.tex)
(C:\Users\10175\AppData\Local\Programs\MiKTeX\tex/generic/pgf/math\pgfmathfunct
ions.integerarithmetics.code.tex)
(C:\Users\10175\AppData\Local\Programs\MiKTeX\tex/generic/pgf/math\pgfmathcalc.
code.tex)
(C:\Users\10175\AppData\Local\Programs\MiKTeX\tex/generic/pgf/math\pgfmathfloat
.code.tex
\c@pgfmathroundto@lastzeros=\count332
))
(C:\Users\10175\AppData\Local\Programs\MiKTeX\tex/generic/pgf/math\pgfint.code.
tex)
(C:\Users\10175\AppData\Local\Programs\MiKTeX\tex/generic/pgf/basiclayer\pgfcor
epoints.code.tex
File: pgfcorepoints.code.tex 2025-08-29 v3.1.11a (3.1.11a)
\pgf@picminx=\dimen268
\pgf@picmaxx=\dimen269
\pgf@picminy=\dimen270
\pgf@picmaxy=\dimen271
\pgf@pathminx=\dimen272
\pgf@pathmaxx=\dimen273
\pgf@pathminy=\dimen274
\pgf@pathmaxy=\dimen275
\pgf@xx=\dimen276
\pgf@xy=\dimen277
\pgf@yx=\dimen278
\pgf@yy=\dimen279
\pgf@zx=\dimen280
\pgf@zy=\dimen281
)
(C:\Users\10175\AppData\Local\Programs\MiKTeX\tex/generic/pgf/basiclayer\pgfcor
epathconstruct.code.tex
File: pgfcorepathconstruct.code.tex 2025-08-29 v3.1.11a (3.1.11a)
\pgf@path@lastx=\dimen282
\pgf@path@lasty=\dimen283
)
(C:\Users\10175\AppData\Local\Programs\MiKTeX\tex/generic/pgf/basiclayer\pgfcor
epathusage.code.tex
File: pgfcorepathusage.code.tex 2025-08-29 v3.1.11a (3.1.11a)
\pgf@shorten@end@additional=\dimen284
\pgf@shorten@start@additional=\dimen285
)
(C:\Users\10175\AppData\Local\Programs\MiKTeX\tex/generic/pgf/basiclayer\pgfcor
escopes.code.tex
File: pgfcorescopes.code.tex 2025-08-29 v3.1.11a (3.1.11a)
\pgfpic=\box65
\pgf@hbox=\box66
\pgf@layerbox@main=\box67
\pgf@picture@serial@count=\count333
)
(C:\Users\10175\AppData\Local\Programs\MiKTeX\tex/generic/pgf/basiclayer\pgfcor
egraphicstate.code.tex
File: pgfcoregraphicstate.code.tex 2025-08-29 v3.1.11a (3.1.11a)
\pgflinewidth=\dimen286
)
(C:\Users\10175\AppData\Local\Programs\MiKTeX\tex/generic/pgf/basiclayer\pgfcor
etransformations.code.tex
File: pgfcoretransformations.code.tex 2025-08-29 v3.1.11a (3.1.11a)
\pgf@pt@x=\dimen287
\pgf@pt@y=\dimen288
\pgf@pt@temp=\dimen289
)
(C:\Users\10175\AppData\Local\Programs\MiKTeX\tex/generic/pgf/basiclayer\pgfcor
equick.code.tex
File: pgfcorequick.code.tex 2025-08-29 v3.1.11a (3.1.11a)
)
(C:\Users\10175\AppData\Local\Programs\MiKTeX\tex/generic/pgf/basiclayer\pgfcor
eobjects.code.tex
File: pgfcoreobjects.code.tex 2025-08-29 v3.1.11a (3.1.11a)
)
(C:\Users\10175\AppData\Local\Programs\MiKTeX\tex/generic/pgf/basiclayer\pgfcor
epathprocessing.code.tex
File: pgfcorepathprocessing.code.tex 2025-08-29 v3.1.11a (3.1.11a)
)
(C:\Users\10175\AppData\Local\Programs\MiKTeX\tex/generic/pgf/basiclayer\pgfcor
earrows.code.tex
File: pgfcorearrows.code.tex 2025-08-29 v3.1.11a (3.1.11a)
\pgfarrowsep=\dimen290
)
(C:\Users\10175\AppData\Local\Programs\MiKTeX\tex/generic/pgf/basiclayer\pgfcor
eshade.code.tex
File: pgfcoreshade.code.tex 2025-08-29 v3.1.11a (3.1.11a)
\pgf@max=\dimen291
\pgf@sys@shading@range@num=\count334
\pgf@shadingcount=\count335
)
(C:\Users\10175\AppData\Local\Programs\MiKTeX\tex/generic/pgf/basiclayer\pgfcor
eimage.code.tex
File: pgfcoreimage.code.tex 2025-08-29 v3.1.11a (3.1.11a)
)
(C:\Users\10175\AppData\Local\Programs\MiKTeX\tex/generic/pgf/basiclayer\pgfcor
eexternal.code.tex
File: pgfcoreexternal.code.tex 2025-08-29 v3.1.11a (3.1.11a)
\pgfexternal@startupbox=\box68
)
(C:\Users\10175\AppData\Local\Programs\MiKTeX\tex/generic/pgf/basiclayer\pgfcor
elayers.code.tex
File: pgfcorelayers.code.tex 2025-08-29 v3.1.11a (3.1.11a)
)
(C:\Users\10175\AppData\Local\Programs\MiKTeX\tex/generic/pgf/basiclayer\pgfcor
etransparency.code.tex
File: pgfcoretransparency.code.tex 2025-08-29 v3.1.11a (3.1.11a)
)
(C:\Users\10175\AppData\Local\Programs\MiKTeX\tex/generic/pgf/basiclayer\pgfcor
epatterns.code.tex
File: pgfcorepatterns.code.tex 2025-08-29 v3.1.11a (3.1.11a)
)
(C:\Users\10175\AppData\Local\Programs\MiKTeX\tex/generic/pgf/basiclayer\pgfcor
erdf.code.tex
File: pgfcorerdf.code.tex 2025-08-29 v3.1.11a (3.1.11a)
)))
(C:\Users\10175\AppData\Local\Programs\MiKTeX\tex/generic/pgf/modules\pgfmodule
shapes.code.tex
File: pgfmoduleshapes.code.tex 2025-08-29 v3.1.11a (3.1.11a)
\pgfnodeparttextbox=\box69
)
(C:\Users\10175\AppData\Local\Programs\MiKTeX\tex/generic/pgf/modules\pgfmodule
plot.code.tex
File: pgfmoduleplot.code.tex 2025-08-29 v3.1.11a (3.1.11a)
)
(C:\Users\10175\AppData\Local\Programs\MiKTeX\tex/latex/pgf/compatibility\pgfco
mp-version-0-65.sty
Package: pgfcomp-version-0-65 2025-08-29 v3.1.11a (3.1.11a)
\pgf@nodesepstart=\dimen292
\pgf@nodesepend=\dimen293
)
(C:\Users\10175\AppData\Local\Programs\MiKTeX\tex/latex/pgf/compatibility\pgfco
mp-version-1-18.sty
Package: pgfcomp-version-1-18 2025-08-29 v3.1.11a (3.1.11a)
))
(C:\Users\10175\AppData\Local\Programs\MiKTeX\tex/latex/pgf/utilities\pgffor.st
y
(C:\Users\10175\AppData\Local\Programs\MiKTeX\tex/latex/pgf/utilities\pgfkeys.s
ty
(C:\Users\10175\AppData\Local\Programs\MiKTeX\tex/generic/pgf/utilities\pgfkeys
.code.tex))
(C:\Users\10175\AppData\Local\Programs\MiKTeX\tex/latex/pgf/math\pgfmath.sty
(C:\Users\10175\AppData\Local\Programs\MiKTeX\tex/generic/pgf/math\pgfmath.code
.tex))
(C:\Users\10175\AppData\Local\Programs\MiKTeX\tex/generic/pgf/utilities\pgffor.
code.tex
Package: pgffor 2025-08-29 v3.1.11a (3.1.11a)
\pgffor@iter=\dimen294
\pgffor@skip=\dimen295
\pgffor@stack=\toks56
\pgffor@toks=\toks57
))
(C:\Users\10175\AppData\Local\Programs\MiKTeX\tex/generic/pgf/frontendlayer/tik
z\tikz.code.tex
Package: tikz 2025-08-29 v3.1.11a (3.1.11a)

(C:\Users\10175\AppData\Local\Programs\MiKTeX\tex/generic/pgf/libraries\pgflibr
aryplothandlers.code.tex
File: pgflibraryplothandlers.code.tex 2025-08-29 v3.1.11a (3.1.11a)
\pgf@plot@mark@count=\count336
\pgfplotmarksize=\dimen296
)
\tikz@lastx=\dimen297
\tikz@lasty=\dimen298
\tikz@lastxsaved=\dimen299
\tikz@lastysaved=\dimen300
\tikz@lastmovetox=\dimen301
\tikz@lastmovetoy=\dimen302
\tikzleveldistance=\dimen303
\tikzsiblingdistance=\dimen304
\tikz@figbox=\box70
\tikz@figbox@bg=\box71
\tikz@tempbox=\box72
\tikz@tempbox@bg=\box73
\tikztreelevel=\count337
\tikznumberofchildren=\count338
\tikznumberofcurrentchild=\count339
\tikz@fig@count=\count340

(C:\Users\10175\AppData\Local\Programs\MiKTeX\tex/generic/pgf/modules\pgfmodule
matrix.code.tex
File: pgfmodulematrix.code.tex 2025-08-29 v3.1.11a (3.1.11a)
\pgfmatrixcurrentrow=\count341
\pgfmatrixcurrentcolumn=\count342
\pgf@matrix@numberofcolumns=\count343
)
\tikz@expandcount=\count344

(C:\Users\10175\AppData\Local\Programs\MiKTeX\tex/generic/pgf/frontendlayer/tik
z/libraries\tikzlibrarytopaths.code.tex
File: tikzlibrarytopaths.code.tex 2025-08-29 v3.1.11a (3.1.11a)
)))
(C:\Users\10175\AppData\Local\Programs\MiKTeX\tex/latex/refcount\refcount.sty
Package: refcount 2019/12/15 v3.6 Data extraction from label references (HO)
)
(C:\Users\10175\AppData\Local\Programs\MiKTeX\tex/latex/totcount\totcount.sty
Package: totcount 2011/01/25 v1.2 package for gettingthe total value of LaTeX c
ounters
)
(C:\Users\10175\AppData\Local\Programs\MiKTeX\tex/latex/frankenstein\attrib.sty
Package: attrib 2001/08/31 v1.3 attribution of block elements (Frankenstein's h
at)

(C:\Users\10175\AppData\Local\Programs\MiKTeX\tex/latex/frankenstein\moredefs.s
ty
Package: moredefs 2001/08/31 v1.8 more defining commands (Frankenstein's brain)

\sc@toks@a=\toks58
\sc@toks@b=\toks59
)
\AttribMinSkip=\skip81
) (C:\Users\10175\AppData\Local\Programs\MiKTeX\tex/latex/was\upgreek.sty
Package: upgreek 2003/02/12 v2.0 (WaS)
Package upgreek Info: Using Euler Roman for upright Greek on input line 31.
\symugrf@m=\mathgroup9
LaTeX Font Info:    Overwriting symbol font `ugrf@m' in version `bold'
(Font)                  U/eur/m/n --> U/eur/b/n on input line 38.
LaTeX Font Info:    Redeclaring math symbol \upalpha on input line 40.
LaTeX Font Info:    Redeclaring math symbol \upbeta on input line 41.
LaTeX Font Info:    Redeclaring math symbol \upgamma on input line 42.
LaTeX Font Info:    Redeclaring math symbol \updelta on input line 43.
LaTeX Font Info:    Redeclaring math symbol \upepsilon on input line 44.
LaTeX Font Info:    Redeclaring math symbol \upzeta on input line 45.
LaTeX Font Info:    Redeclaring math symbol \upeta on input line 46.
LaTeX Font Info:    Redeclaring math symbol \uptheta on input line 47.
LaTeX Font Info:    Redeclaring math symbol \upiota on input line 48.
LaTeX Font Info:    Redeclaring math symbol \upkappa on input line 49.
LaTeX Font Info:    Redeclaring math symbol \uplambda on input line 50.
LaTeX Font Info:    Redeclaring math symbol \upmu on input line 51.
LaTeX Font Info:    Redeclaring math symbol \upnu on input line 52.
LaTeX Font Info:    Redeclaring math symbol \upxi on input line 53.
LaTeX Font Info:    Redeclaring math symbol \uprho on input line 55.
LaTeX Font Info:    Redeclaring math symbol \upsigma on input line 56.
LaTeX Font Info:    Redeclaring math symbol \uptau on input line 57.
LaTeX Font Info:    Redeclaring math symbol \upupsilon on input line 58.
LaTeX Font Info:    Redeclaring math symbol \upphi on input line 59.
LaTeX Font Info:    Redeclaring math symbol \upchi on input line 60.
LaTeX Font Info:    Redeclaring math symbol \uppsi on input line 61.
LaTeX Font Info:    Redeclaring math symbol \upomega on input line 62.
LaTeX Font Info:    Redeclaring math symbol \upvarepsilon on input line 63.
LaTeX Font Info:    Redeclaring math symbol \upvartheta on input line 64.
LaTeX Font Info:    Redeclaring math symbol \upvarpi on input line 65.
LaTeX Font Info:    Redeclaring math symbol \upvarphi on input line 68.
)
(C:\Users\10175\AppData\Local\Programs\MiKTeX\tex/latex/tools\tabularx.sty
Package: tabularx 2023/12/11 v2.12a `tabularx' package (DPC)
\TX@col@width=\dimen305
\TX@old@table=\dimen306
\TX@old@col=\dimen307
\TX@target=\dimen308
\TX@delta=\dimen309
\TX@cols=\count345
\TX@ftn=\toks60
)
(C:\Users\10175\AppData\Local\Programs\MiKTeX\tex/latex/pbox\pbox.sty
Package: pbox 2011/12/07 v1.2 Dynamic parboxes
\pb@xlen=\skip82
)
(C:\Users\10175\AppData\Local\Programs\MiKTeX\tex/latex/ragged2e\ragged2e.sty
Package: ragged2e 2023/06/22 v3.6 ragged2e Package
\CenteringLeftskip=\skip83
\RaggedLeftLeftskip=\skip84
\RaggedRightLeftskip=\skip85
\CenteringRightskip=\skip86
\RaggedLeftRightskip=\skip87
\RaggedRightRightskip=\skip88
\CenteringParfillskip=\skip89
\RaggedLeftParfillskip=\skip90
\RaggedRightParfillskip=\skip91
\JustifyingParfillskip=\skip92
\CenteringParindent=\skip93
\RaggedLeftParindent=\skip94
\RaggedRightParindent=\skip95
\JustifyingParindent=\skip96
)
(C:\Users\10175\AppData\Local\Programs\MiKTeX\tex/latex/tocloft\tocloft.sty
Package: tocloft 2017/08/31 v2.3i parameterised ToC, etc., typesetting
Package tocloft Info: The document has section divisions on input line 51.
\cftparskip=\skip97
\cftbeforetoctitleskip=\skip98
\cftaftertoctitleskip=\skip99
\cftbeforepartskip=\skip100
\cftpartnumwidth=\skip101
\cftpartindent=\skip102
\cftbeforesecskip=\skip103
\cftsecindent=\skip104
\cftsecnumwidth=\skip105
\cftbeforesubsecskip=\skip106
\cftsubsecindent=\skip107
\cftsubsecnumwidth=\skip108
\cftbeforesubsubsecskip=\skip109
\cftsubsubsecindent=\skip110
\cftsubsubsecnumwidth=\skip111
\cftbeforeparaskip=\skip112
\cftparaindent=\skip113
\cftparanumwidth=\skip114
\cftbeforesubparaskip=\skip115
\cftsubparaindent=\skip116
\cftsubparanumwidth=\skip117
\cftbeforeloftitleskip=\skip118
\cftafterloftitleskip=\skip119
\cftbeforefigskip=\skip120
\cftfigindent=\skip121
\cftfignumwidth=\skip122
\cftbeforelottitleskip=\skip123
\cftafterlottitleskip=\skip124
\cftbeforetabskip=\skip125
\cfttabindent=\skip126
\cfttabnumwidth=\skip127
\cftbeforesubfigskip=\skip128
\cftsubfigindent=\skip129
\cftsubfignumwidth=\skip130
\cftbeforesubtabskip=\skip131
\cftsubtabindent=\skip132
\cftsubtabnumwidth=\skip133
)
(C:\Users\10175\AppData\Local\Programs\MiKTeX\tex/latex/subfig\subfig.sty
Package: subfig 2005/06/28 ver: 1.3 subfig package

(C:\Users\10175\AppData\Local\Programs\MiKTeX\tex/latex/caption\caption.sty
Package: caption 2023/08/05 v3.6o Customizing captions (AR)

(C:\Users\10175\AppData\Local\Programs\MiKTeX\tex/latex/caption\caption3.sty
Package: caption3 2023/07/31 v2.4d caption3 kernel (AR)
\caption@tempdima=\dimen310
\captionmargin=\dimen311
\caption@leftmargin=\dimen312
\caption@rightmargin=\dimen313
\caption@width=\dimen314
\caption@indent=\dimen315
\caption@parindent=\dimen316
\caption@hangindent=\dimen317
Package caption Info: Standard document class detected.
)
\c@caption@flags=\count346
\c@continuedfloat=\count347
Package caption Info: float package is loaded.
)
\c@KVtest=\count348
\sf@farskip=\skip134
\sf@captopadj=\dimen318
\sf@capskip=\skip135
\sf@nearskip=\skip136
\c@subfigure=\count349
\c@subfigure@save=\count350
\c@lofdepth=\count351
\c@subtable=\count352
\c@subtable@save=\count353
\c@lotdepth=\count354
\sf@top=\skip137
\sf@bottom=\skip138
)
(C:\Users\10175\AppData\Local\Programs\MiKTeX\tex/latex/adjustbox\adjustbox.sty
Package: adjustbox 2025/02/26 v1.3c Adjusting TeX boxes (trim, clip, ...)
(C:\Users\10175\AppData\Local\Programs\MiKTeX\tex/latex/adjustbox\adjcalc.sty
Package: adjcalc 2012/05/16 v1.1 Provides advanced setlength with multiple back
-ends (calc, etex, pgfmath)
)
(C:\Users\10175\AppData\Local\Programs\MiKTeX\tex/latex/adjustbox\trimclip.sty
Package: trimclip 2025/02/21 v1.2a Trim and clip general TeX material

(C:\Users\10175\AppData\Local\Programs\MiKTeX\tex/latex/collectbox\collectbox.s
ty
Package: collectbox 2022/10/17 v0.4c Collect macro arguments as boxes
\collectedbox=\box74
)
\tc@llx=\dimen319
\tc@lly=\dimen320
\tc@urx=\dimen321
\tc@ury=\dimen322
Package trimclip Info: Using driver 'tc-pdftex.def'.

(C:\Users\10175\AppData\Local\Programs\MiKTeX\tex/latex/adjustbox\tc-pdftex.def
File: tc-pdftex.def 2025/02/26 v2.3 Clipping driver for pdftex
))
\adjbox@Width=\dimen323
\adjbox@Height=\dimen324
\adjbox@Depth=\dimen325
\adjbox@Totalheight=\dimen326
\adjbox@pwidth=\dimen327
\adjbox@pheight=\dimen328
\adjbox@pdepth=\dimen329
\adjbox@ptotalheight=\dimen330

(C:\Users\10175\AppData\Local\Programs\MiKTeX\tex/latex/ifoddpage\ifoddpage.sty
Package: ifoddpage 2022/10/18 v1.2 Conditionals for odd/even page detection
\c@checkoddpage=\count355
) (C:\Users\10175\AppData\Local\Programs\MiKTeX\tex/latex/varwidth\varwidth.sty
Package: varwidth 2009/03/30 ver 0.92;  Variable-width minipages
\@vwid@box=\box75
\sift@deathcycles=\count356
\@vwid@loff=\dimen331
\@vwid@roff=\dimen332
)
==> First Aid for varwidth.sty applied!
) (C:\Users\10175\AppData\Local\Programs\MiKTeX\tex/latex/enotez\enotez.sty
(C:\Users\10175\AppData\Local\Programs\MiKTeX\tex/latex/l3kernel\expl3.sty
Package: expl3 2025-12-24 L3 programming layer (loader) 

(C:\Users\10175\AppData\Local\Programs\MiKTeX\tex/latex/l3backend\l3backend-pdf
tex.def
File: l3backend-pdftex.def 2025-10-09 L3 backend support: PDF output (pdfTeX)
\l__color_backend_stack_int=\count357
))
(C:\Users\10175\AppData\Local\Programs\MiKTeX\tex/latex/l3packages/xparse\xpars
e.sty
Package: xparse 2025-10-09 L3 Experimental document command parser
)
(C:\Users\10175\AppData\Local\Programs\MiKTeX\tex/latex/l3packages/l3keys2e\l3k
eys2e.sty
Package: l3keys2e 2025-10-09 LaTeX2e option processing using LaTeX3 keys
)
(C:\Users\10175\AppData\Local\Programs\MiKTeX\tex/latex/l3packages/xtemplate\xt
emplate.sty
Package: xtemplate 2025-10-09 L3 Experimental prototype document functions
)
Package: enotez 2022/01/04 v0.10d Endnotes for LaTeX2e
\l__enotez_list_preamble_skip=\skip139
\l__enotez_list_postamble_skip=\skip140
\g__enotez_endnote_id_int=\count358
\g__enotez_endnote_mark_int=\count359
\c@endnote=\count360
\g__enotez_list_printed_int=\count361
\l__enotez_tmpa_int=\count362

LaTeX template Info: Declaring template type 'enotez-list' taking 1
(template)           argument(s) on line 473.

\l__enotez_list_notes_sep_dim=\dimen333

(C:\Users\10175\AppData\Local\Programs\MiKTeX\tex/latex/translations\translatio
ns.sty
Package: translations 2022/02/05 v1.12 internationalization of LaTeX2e packages
 (CN)
)) (Definitions/journalnames.tex)

Class tsp Warning: You used an invalid journal name or you have not specified t
he journal. The first option of the documentclass command specifies the journal
. The word 'journal' should be replaced by one of the journal names specified i
n template.tex (in the comment 'Choose between the following TSP journal'). on 
input line 124.

(C:\Users\10175\AppData\Local\Programs\MiKTeX\tex/latex/amscls\amsthm.sty
Package: amsthm 2020/05/29 v2.20.6
\thm@style=\toks61
\thm@bodyfont=\toks62
\thm@headfont=\toks63
\thm@notefont=\toks64
\thm@headpunct=\toks65
\thm@preskip=\skip141
\thm@postskip=\skip142
\thm@headsep=\skip143
\dth@everypar=\toks66
)
\c@theorem=\count363
\c@lemma=\count364
\c@corollary=\count365
\c@proposition=\count366
\c@characterization=\count367
\c@property=\count368
\c@problem=\count369
\c@example=\count370
\c@examplesanddefinitions=\count371
\c@remark=\count372
\c@definition=\count373
\c@hypothesis=\count374
\c@notation=\count375
\c@assumption=\count376
\c@algorithm=\count377

(C:\Users\10175\AppData\Local\Programs\MiKTeX\tex/latex/natbib\natbib.sty
Package: natbib 2010/09/13 8.31b (PWD, AO)
\bibhang=\skip144
\bibsep=\skip145
LaTeX Info: Redefining \cite on input line 694.
\c@NAT@ctr=\count378
)
(C:\Users\10175\AppData\Local\Programs\MiKTeX\tex/latex/footmisc\footmisc.sty
Package: footmisc 2025/05/09 v7.0b a miscellany of footnote facilities
\FN@temptoken=\toks67
\footnotemargin=\dimen334
Package footmisc Info: Declaring symbol style bringhurst on input line 549.
Package footmisc Info: Declaring symbol style chicago on input line 557.
Package footmisc Info: Declaring symbol style wiley on input line 566.
Package footmisc Info: Declaring symbol style lamport-robust on input line 577.

Package footmisc Info: Declaring symbol style lamport* on input line 597.
Package footmisc Info: Declaring symbol style lamport*-robust on input line 618
.
)
(C:\Users\10175\AppData\Local\Programs\MiKTeX\tex/latex/url\url.sty
\Urlmuskip=\muskip18
Package: url 2013/09/16  ver 3.4  Verb mode for urls, etc.
)
(C:\Users\10175\AppData\Local\Programs\MiKTeX\tex/latex/hyphenat\hyphenat.sty
Package: hyphenat 2009/09/02 v2.3c hyphenation utilities
\langwohyphens=\language79
LaTeX Info: Redefining \_ on input line 43.
)
\c@page@totc=\count379

(C:\Users\10175\AppData\Local\Programs\MiKTeX\tex/latex/geometry\geometry.sty
Package: geometry 2026/03/07 v6.0 Page Geometry

(C:\Users\10175\AppData\Local\Programs\MiKTeX\tex/generic/iftex\ifvtex.sty
Package: ifvtex 2019/10/25 v1.7 ifvtex legacy package. Use iftex instead.
)
\Gm@cnth=\count380
\Gm@cntv=\count381
\c@Gm@tempcnt=\count382
\Gm@bindingoffset=\dimen335
\Gm@wd@mp=\dimen336
\Gm@odd@mp=\dimen337
\Gm@even@mp=\dimen338
\Gm@layoutwidth=\dimen339
\Gm@layoutheight=\dimen340
\Gm@layouthoffset=\dimen341
\Gm@layoutvoffset=\dimen342
\Gm@dimlist=\toks68

(C:\Users\10175\AppData\Local\Programs\MiKTeX\tex/latex/geometry\geometry.cfg))
(C:\Users\10175\AppData\Local\Programs\MiKTeX\tex/latex/newfloat\newfloat.sty
Package: newfloat 2023/10/01 v1.2 Defining new floating environments (AR)
)
Package newfloat Info: New float `listing' with options `' on input line 1055.
\c@listing=\count383
Package newfloat Info: float type `listing'=4 on input line 1055.
\c@lolistingdepth=\count384
Package newfloat Info: New float `boxenv' with options `name=Box' on input line
 1056.
\c@boxenv=\count385
Package newfloat Info: float type `boxenv'=8 on input line 1056.
\c@loboxenvdepth=\count386
Package newfloat Info: New float `chart' with options `' on input line 1057.
\c@chart=\count387
Package newfloat Info: float type `chart'=16 on input line 1057.
\c@lochartdepth=\count388
Package newfloat Info: New float `scheme' with options `' on input line 1058.
\c@scheme=\count389
Package newfloat Info: float type `scheme'=32 on input line 1058.
\c@loschemedepth=\count390
Package newfloat Info: New float `photo' with options `' on input line 1059.
\c@photo=\count391
Package newfloat Info: float type `photo'=64 on input line 1059.
\c@lophotodepth=\count392
\@justcentbox=\box76

(C:\Users\10175\AppData\Local\Programs\MiKTeX\tex/latex/seqsplit\seqsplit.sty
Package: seqsplit 2006/08/07 v0.1 Splitting long sequences (DNA, RNA, proteins,
 etc.) 
)
\cellWidtha=\skip146
\cellWidthb=\skip147
\cellWidthc=\skip148
\cellWidthd=\skip149
\cellWidthe=\skip150
\cellWidthf=\skip151
\cellWidthg=\skip152
\cellWidthh=\skip153
\cellWidthi=\skip154
\cellWidthj=\skip155
\cellWidthk=\skip156
\cellWidthl=\skip157
\cellWidthm=\skip158
\cellWidthn=\skip159
\cellWidtho=\skip160
\cellWidthp=\skip161
\cellWidthq=\skip162
\cellWidthr=\skip163
\cellWidths=\skip164
\cellWidtht=\skip165
\cellWidthu=\skip166
\cellWidthv=\skip167
\cellWidthw=\skip168
\cellWidthx=\skip169
\cellWidthy=\skip170
\cellWidthz=\skip171
\cellWidthA=\skip172
\cellWidthB=\skip173
\cellWidthC=\skip174
\cellWidthD=\skip175
\cellWidthE=\skip176
\cellWidthF=\skip177
\cellWidthG=\skip178
\cellWidthH=\skip179
\cellWidthI=\skip180
\cellWidthJ=\skip181
\cellWidthK=\skip182
\cellWidthL=\skip183
\cellWidthM=\skip184
\cellWidthN=\skip185
\cellWidthO=\skip186
\cellWidthP=\skip187
\cellWidthQ=\skip188
\cellWidthR=\skip189
\cellWidthS=\skip190
\cellWidthT=\skip191
\cellWidthU=\skip192
\cellWidthV=\skip193
\cellWidthW=\skip194
\cellWidthX=\skip195
\cellWidthY=\skip196
\cellWidthZ=\skip197
) (Definitions/package.tex
(C:\Users\10175\AppData\Local\Programs\MiKTeX\tex/latex/ulem\ulem.sty
\UL@box=\box77
\UL@hyphenbox=\box78
\UL@skip=\skip198
\UL@hook=\toks69
\UL@height=\dimen343
\UL@pe=\count393
\UL@pixel=\dimen344
\ULC@box=\box79
Package: ulem 2019/11/18
\ULdepth=\dimen345
)
(C:\Users\10175\AppData\Local\Programs\MiKTeX\tex/latex/mathcomp\mathcomp.sty
Package: mathcomp 2001/01/07 v0.1f (TBo)
\symTC=\mathgroup10
LaTeX Font Info:    Overwriting symbol font `TC' in version `bold'
(Font)                  TS1/cmr/m/n --> TS1/cmr/bx/n on input line 25.
LaTeX Font Info:    Redeclaring math symbol \dagger on input line 47.
LaTeX Font Info:    Redeclaring math symbol \ddagger on input line 48.
)
(C:\Users\10175\AppData\Local\Programs\MiKTeX\tex/latex/cjk\CJKutf8.sty
Package: CJKutf8 2021/10/16 4.8.5

(C:\Users\10175\AppData\Local\Programs\MiKTeX\tex/generic/iftex\ifpdf.sty
Package: ifpdf 2019/10/25 v3.4 ifpdf legacy package. Use iftex instead.
)
(C:\Users\10175\AppData\Local\Programs\MiKTeX\tex/latex/cjk\CJK.sty
Package: CJK 2021/10/16 4.8.5

(C:\Users\10175\AppData\Local\Programs\MiKTeX\tex/latex/cjk/mule\MULEenc.sty
Package: MULEenc 2021/10/16 4.8.5
)
(C:\Users\10175\AppData\Local\Programs\MiKTeX\tex/latex/cjk\CJK.enc
File: CJK.enc 2021/10/16 4.8.5
Now handling font encoding C00 ...
... no UTF-8 mapping file for font encoding C00
Now handling font encoding C05 ...
... no UTF-8 mapping file for font encoding C05
Now handling font encoding C09 ...
... no UTF-8 mapping file for font encoding C09
Now handling font encoding C10 ...
... no UTF-8 mapping file for font encoding C10
Now handling font encoding C20 ...
... no UTF-8 mapping file for font encoding C20
Now handling font encoding C19 ...
... no UTF-8 mapping file for font encoding C19
Now handling font encoding C40 ...
... no UTF-8 mapping file for font encoding C40
Now handling font encoding C42 ...
... no UTF-8 mapping file for font encoding C42
Now handling font encoding C43 ...
... no UTF-8 mapping file for font encoding C43
Now handling font encoding C50 ...
... no UTF-8 mapping file for font encoding C50
Now handling font encoding C52 ...
... no UTF-8 mapping file for font encoding C52
Now handling font encoding C49 ...
... no UTF-8 mapping file for font encoding C49
Now handling font encoding C60 ...
... no UTF-8 mapping file for font encoding C60
Now handling font encoding C61 ...
... no UTF-8 mapping file for font encoding C61
Now handling font encoding C63 ...
... no UTF-8 mapping file for font encoding C63
Now handling font encoding C64 ...
... no UTF-8 mapping file for font encoding C64
Now handling font encoding C65 ...
... no UTF-8 mapping file for font encoding C65
Now handling font encoding C70 ...
... no UTF-8 mapping file for font encoding C70
Now handling font encoding C31 ...
... no UTF-8 mapping file for font encoding C31
Now handling font encoding C32 ...
... no UTF-8 mapping file for font encoding C32
Now handling font encoding C33 ...
... no UTF-8 mapping file for font encoding C33
Now handling font encoding C34 ...
... no UTF-8 mapping file for font encoding C34
Now handling font encoding C35 ...
... no UTF-8 mapping file for font encoding C35
Now handling font encoding C36 ...
... no UTF-8 mapping file for font encoding C36
Now handling font encoding C37 ...
... no UTF-8 mapping file for font encoding C37
Now handling font encoding C80 ...
... no UTF-8 mapping file for font encoding C80
Now handling font encoding C81 ...
... no UTF-8 mapping file for font encoding C81
Now handling font encoding C01 ...
... no UTF-8 mapping file for font encoding C01
Now handling font encoding C11 ...
... no UTF-8 mapping file for font encoding C11
Now handling font encoding C21 ...
... no UTF-8 mapping file for font encoding C21
Now handling font encoding C41 ...
... no UTF-8 mapping file for font encoding C41
Now handling font encoding C62 ...
... no UTF-8 mapping file for font encoding C62
)
\CJK@indent=\box80
)
(C:\Users\10175\AppData\Local\Programs\MiKTeX\tex/latex/base\fontenc.sty
Package: fontenc 2025/07/18 v2.1d Standard LaTeX package
LaTeX Font Info:    Trying to load font information for T1+LinuxLibertineT-TLF 
on input line 116.

(C:\Users\10175\AppData\Local\Programs\MiKTeX\tex/latex/libertine\t1linuxlibert
inet-tlf.fd
File: T1LinuxLibertineT-TLF.fd 2017/03/20 (autoinst) Font definitions for T1/Li
nuxLibertineT-TLF.
)
LaTeX Font Info:    Font shape `T1/LinuxLibertineT-TLF/m/n' will be
(Font)              scaled to size 10.95pt on input line 116.
))
(C:\Users\10175\AppData\Local\Programs\MiKTeX\tex/latex/psnfss\pifont.sty
Package: pifont 2020/03/25 PSNFSS-v9.3 Pi font support (SPQR) 
LaTeX Font Info:    Trying to load font information for U+pzd on input line 63.


(C:\Users\10175\AppData\Local\Programs\MiKTeX\tex/latex/psnfss\upzd.fd
File: upzd.fd 2001/06/04 font definitions for U/pzd.
)
LaTeX Font Info:    Trying to load font information for U+psy on input line 64.


(C:\Users\10175\AppData\Local\Programs\MiKTeX\tex/latex/psnfss\upsy.fd
File: upsy.fd 2001/06/04 font definitions for U/psy.
))
(C:\Users\10175\AppData\Local\Programs\MiKTeX\tex/latex/tools\bm.sty
Package: bm 2025/10/21 v1.2g Bold Symbol Support (DPC/FMi)
\symboldoperators=\mathgroup11
\symboldletters=\mathgroup12
Package bm Info: No bold for \LS2/libertinust1mathsym/m/n, using \pmb.
Package bm Info: No bold for \LS2/libertinust1mathex/m/n, using \pmb.
Package bm Info: No bold for \U/msa/m/n, using \pmb.
Package bm Info: No bold for \U/msb/m/n, using \pmb.
Package bm Info: No bold for \LS1/libertinust1mathbb/m/n, using \pmb.
Package bm Info: No bold for \LS1/libertinust1math/b/n, using \pmb.
Package bm Info: No bold for \LS1/libertinust1math/b/it, using \pmb.
\symboldugrf@m=\mathgroup13
\symboldTC=\mathgroup14
)
(C:\Users\10175\AppData\Local\Programs\MiKTeX\tex/latex/bbm\bbm.sty
Package: bbm 1999/03/15 V 1.2 provides fonts for set symbols - TH
LaTeX Font Info:    Overwriting math alphabet `\mathbbm' in version `bold'
(Font)                  U/bbm/m/n --> U/bbm/bx/n on input line 33.
LaTeX Font Info:    Overwriting math alphabet `\mathbbmss' in version `bold'
(Font)                  U/bbmss/m/n --> U/bbmss/bx/n on input line 35.
)
(C:\Users\10175\AppData\Local\Programs\MiKTeX\tex/latex/verse\verse.sty
Package: verse 2014/05/10 v2.4b verse typesetting
\c@vslineno=\count394
\c@poemline=\count395
\c@fvsline=\count396
\c@modulo@vs=\count397
\c@verse@envctr=\count398
\versewidth=\skip199
\vgap=\skip256
\vindent=\skip257
\stanzaskip=\skip258
\vleftskip=\skip259
\vrightskip=\skip260
\c@chrsinstr=\count399
\beforepoemtitleskip=\skip261
\afterpoemtitleskip=\skip262
)
\foobox=\box81
)

LaTeX Warning: \include should only be used after \begin{document} on input lin
e 6.

(Definitions/unicode.tex
   defining Unicode char U+1E45 (decimal 7749)
   defining Unicode char U+1E41 (decimal 7745)
   defining Unicode char U+2003 (decimal 8195)
   defining Unicode char U+2009 (decimal 8201)
   defining Unicode char U+2002 (decimal 8194)
   defining Unicode char U+2005 (decimal 8197)
   defining Unicode char U+0263 (decimal 611)
   defining Unicode char U+A0 (decimal 160)
   defining Unicode char U+2460 (decimal 9312)
   defining Unicode char U+2461 (decimal 9313)
   defining Unicode char U+2462 (decimal 9314)
   defining Unicode char U+2463 (decimal 9315)
   defining Unicode char U+2464 (decimal 9316)
   defining Unicode char U+2465 (decimal 9317)
   defining Unicode char U+2466 (decimal 9318)
   defining Unicode char U+2467 (decimal 9319)
   defining Unicode char U+2468 (decimal 9320)
   defining Unicode char U+2070 (decimal 8304)
   defining Unicode char U+2074 (decimal 8308)
   defining Unicode char U+2075 (decimal 8309)
   defining Unicode char U+2076 (decimal 8310)
   defining Unicode char U+2077 (decimal 8311)
   defining Unicode char U+2078 (decimal 8312)
   defining Unicode char U+2079 (decimal 8313)
   defining Unicode char U+02C2 (decimal 706)
   defining Unicode char U+2033 (decimal 8243)
   defining Unicode char U+2034 (decimal 8244)
   defining Unicode char U+2026 (decimal 8230)
   defining Unicode char U+0229 (decimal 553)
   defining Unicode char U+016F (decimal 367)
   defining Unicode char U+127 (decimal 295)
   defining Unicode char U+3AC (decimal 940)
   defining Unicode char U+3AD (decimal 941)
   defining Unicode char U+3AE (decimal 942)
   defining Unicode char U+3AF (decimal 943)
   defining Unicode char U+3CC (decimal 972)
   defining Unicode char U+3CD (decimal 973)
   defining Unicode char U+3CE (decimal 974)
   defining Unicode char U+391 (decimal 913)
   defining Unicode char U+392 (decimal 914)
   defining Unicode char U+395 (decimal 917)
   defining Unicode char U+396 (decimal 918)
   defining Unicode char U+397 (decimal 919)
   defining Unicode char U+399 (decimal 921)
   defining Unicode char U+39A (decimal 922)
   defining Unicode char U+39C (decimal 924)
   defining Unicode char U+39D (decimal 925)
   defining Unicode char U+39F (decimal 927)
   defining Unicode char U+3A1 (decimal 929)
   defining Unicode char U+3A4 (decimal 932)
   defining Unicode char U+3A7 (decimal 935)
   defining Unicode char U+27E6 (decimal 10214)
   defining Unicode char U+27E7 (decimal 10215)
   defining Unicode char U+00B5 (decimal 181)
   defining Unicode char U+1D434 (decimal 119860)
   defining Unicode char U+1D435 (decimal 119861)
   defining Unicode char U+1D436 (decimal 119862)
   defining Unicode char U+1D437 (decimal 119863)
   defining Unicode char U+1D438 (decimal 119864)
   defining Unicode char U+1D439 (decimal 119865)
   defining Unicode char U+1D43A (decimal 119866)
   defining Unicode char U+1D43B (decimal 119867)
   defining Unicode char U+1D43C (decimal 119868)
   defining Unicode char U+1D43D (decimal 119869)
   defining Unicode char U+1D43E (decimal 119870)
   defining Unicode char U+1D43F (decimal 119871)
   defining Unicode char U+1D440 (decimal 119872)
   defining Unicode char U+1D441 (decimal 119873)
   defining Unicode char U+1D442 (decimal 119874)
   defining Unicode char U+1D443 (decimal 119875)
   defining Unicode char U+1D444 (decimal 119876)
   defining Unicode char U+1D445 (decimal 119877)
   defining Unicode char U+1D446 (decimal 119878)
   defining Unicode char U+1D447 (decimal 119879)
   defining Unicode char U+1D448 (decimal 119880)
   defining Unicode char U+1D449 (decimal 119881)
   defining Unicode char U+1D44A (decimal 119882)
   defining Unicode char U+1D44B (decimal 119883)
   defining Unicode char U+1D44C (decimal 119884)
   defining Unicode char U+1D44D (decimal 119885)
   defining Unicode char U+1D44E (decimal 119886)
   defining Unicode char U+1D44F (decimal 119887)
   defining Unicode char U+1D450 (decimal 119888)
   defining Unicode char U+1D451 (decimal 119889)
   defining Unicode char U+1D452 (decimal 119890)
   defining Unicode char U+1D453 (decimal 119891)
   defining Unicode char U+1D454 (decimal 119892)
   defining Unicode char U+1D456 (decimal 119894)
   defining Unicode char U+1D457 (decimal 119895)
   defining Unicode char U+1D458 (decimal 119896)
   defining Unicode char U+1D459 (decimal 119897)
   defining Unicode char U+1D45A (decimal 119898)
   defining Unicode char U+1D45B (decimal 119899)
   defining Unicode char U+1D45C (decimal 119900)
   defining Unicode char U+1D45D (decimal 119901)
   defining Unicode char U+1D45E (decimal 119902)
   defining Unicode char U+1D45F (decimal 119903)
   defining Unicode char U+1D460 (decimal 119904)
   defining Unicode char U+1D461 (decimal 119905)
   defining Unicode char U+1D462 (decimal 119906)
   defining Unicode char U+1D463 (decimal 119907)
   defining Unicode char U+1D464 (decimal 119908)
   defining Unicode char U+1D465 (decimal 119909)
   defining Unicode char U+1D466 (decimal 119910)
   defining Unicode char U+1D467 (decimal 119911)
   defining Unicode char U+1E67 (decimal 7783)
   defining Unicode char U+1E11 (decimal 7697)
   defining Unicode char U+1ECB (decimal 7883)
   defining Unicode char U+1D8D (decimal 7565)
   defining Unicode char U+104 (decimal 260)
   defining Unicode char U+211E (decimal 8478)
   defining Unicode char U+29D (decimal 669)
   defining Unicode char U+1E2E (decimal 7726)
   defining Unicode char U+23F (decimal 575)
   defining Unicode char U+2C73 (decimal 11379)
   defining Unicode char U+2127 (decimal 8487)
   defining Unicode char U+28C (decimal 652)
   defining Unicode char U+252 (decimal 594)
   defining Unicode char U+259 (decimal 601)
   defining Unicode char U+25B (decimal 603)
   defining Unicode char U+266 (decimal 614)
   defining Unicode char U+127 (decimal 295)
   defining Unicode char U+27E (decimal 638)
   defining Unicode char U+281 (decimal 641)
)
(C:\Users\10175\AppData\Local\Programs\MiKTeX\tex/latex/base\fontenc.sty
Package: fontenc 2025/07/18 v2.1d Standard LaTeX package

(C:\Users\10175\AppData\Local\Programs\MiKTeX\tex/latex/cyrillic\ot2enc.def
File: ot2enc.def 2022/06/11 v3.3b Cyrillic encoding definition file
Now handling font encoding OT2 ...
... processing UTF-8 mapping file for font encoding OT2

(C:\Users\10175\AppData\Local\Programs\MiKTeX\tex/latex/base\ot2enc.dfu
File: ot2enc.dfu 2022/06/07 v1.3c UTF-8 support
   defining Unicode char U+00AB (decimal 171)
   defining Unicode char U+00BB (decimal 187)
   defining Unicode char U+0131 (decimal 305)
   defining Unicode char U+0237 (decimal 567)
   defining Unicode char U+0400 (decimal 1024)
   defining Unicode char U+0401 (decimal 1025)
   defining Unicode char U+0402 (decimal 1026)
   defining Unicode char U+0403 (decimal 1027)
   defining Unicode char U+0404 (decimal 1028)
   defining Unicode char U+0405 (decimal 1029)
   defining Unicode char U+0406 (decimal 1030)
   defining Unicode char U+0408 (decimal 1032)
   defining Unicode char U+0409 (decimal 1033)
   defining Unicode char U+040A (decimal 1034)
   defining Unicode char U+040B (decimal 1035)
   defining Unicode char U+040C (decimal 1036)
   defining Unicode char U+040D (decimal 1037)
   defining Unicode char U+040F (decimal 1039)
   defining Unicode char U+0410 (decimal 1040)
   defining Unicode char U+0411 (decimal 1041)
   defining Unicode char U+0412 (decimal 1042)
   defining Unicode char U+0413 (decimal 1043)
   defining Unicode char U+0414 (decimal 1044)
   defining Unicode char U+0415 (decimal 1045)
   defining Unicode char U+0416 (decimal 1046)
   defining Unicode char U+0417 (decimal 1047)
   defining Unicode char U+0418 (decimal 1048)
   defining Unicode char U+0419 (decimal 1049)
   defining Unicode char U+041A (decimal 1050)
   defining Unicode char U+041B (decimal 1051)
   defining Unicode char U+041C (decimal 1052)
   defining Unicode char U+041D (decimal 1053)
   defining Unicode char U+041E (decimal 1054)
   defining Unicode char U+041F (decimal 1055)
   defining Unicode char U+0420 (decimal 1056)
   defining Unicode char U+0421 (decimal 1057)
   defining Unicode char U+0422 (decimal 1058)
   defining Unicode char U+0423 (decimal 1059)
   defining Unicode char U+0424 (decimal 1060)
   defining Unicode char U+0425 (decimal 1061)
   defining Unicode char U+0426 (decimal 1062)
   defining Unicode char U+0427 (decimal 1063)
   defining Unicode char U+0428 (decimal 1064)
   defining Unicode char U+0429 (decimal 1065)
   defining Unicode char U+042A (decimal 1066)
   defining Unicode char U+042B (decimal 1067)
   defining Unicode char U+042C (decimal 1068)
   defining Unicode char U+042D (decimal 1069)
   defining Unicode char U+042E (decimal 1070)
   defining Unicode char U+042F (decimal 1071)
   defining Unicode char U+0430 (decimal 1072)
   defining Unicode char U+0431 (decimal 1073)
   defining Unicode char U+0432 (decimal 1074)
   defining Unicode char U+0433 (decimal 1075)
   defining Unicode char U+0434 (decimal 1076)
   defining Unicode char U+0435 (decimal 1077)
   defining Unicode char U+0436 (decimal 1078)
   defining Unicode char U+0437 (decimal 1079)
   defining Unicode char U+0438 (decimal 1080)
   defining Unicode char U+0439 (decimal 1081)
   defining Unicode char U+043A (decimal 1082)
   defining Unicode char U+043B (decimal 1083)
   defining Unicode char U+043C (decimal 1084)
   defining Unicode char U+043D (decimal 1085)
   defining Unicode char U+043E (decimal 1086)
   defining Unicode char U+043F (decimal 1087)
   defining Unicode char U+0440 (decimal 1088)
   defining Unicode char U+0441 (decimal 1089)
   defining Unicode char U+0442 (decimal 1090)
   defining Unicode char U+0443 (decimal 1091)
   defining Unicode char U+0444 (decimal 1092)
   defining Unicode char U+0445 (decimal 1093)
   defining Unicode char U+0446 (decimal 1094)
   defining Unicode char U+0447 (decimal 1095)
   defining Unicode char U+0448 (decimal 1096)
   defining Unicode char U+0449 (decimal 1097)
   defining Unicode char U+044A (decimal 1098)
   defining Unicode char U+044B (decimal 1099)
   defining Unicode char U+044C (decimal 1100)
   defining Unicode char U+044D (decimal 1101)
   defining Unicode char U+044E (decimal 1102)
   defining Unicode char U+044F (decimal 1103)
   defining Unicode char U+0450 (decimal 1104)
   defining Unicode char U+0451 (decimal 1105)
   defining Unicode char U+0452 (decimal 1106)
   defining Unicode char U+0453 (decimal 1107)
   defining Unicode char U+0454 (decimal 1108)
   defining Unicode char U+0455 (decimal 1109)
   defining Unicode char U+0456 (decimal 1110)
   defining Unicode char U+0458 (decimal 1112)
   defining Unicode char U+0459 (decimal 1113)
   defining Unicode char U+045A (decimal 1114)
   defining Unicode char U+045B (decimal 1115)
   defining Unicode char U+045C (decimal 1116)
   defining Unicode char U+045D (decimal 1117)
   defining Unicode char U+045F (decimal 1119)
   defining Unicode char U+0462 (decimal 1122)
   defining Unicode char U+0463 (decimal 1123)
   defining Unicode char U+0472 (decimal 1138)
   defining Unicode char U+0473 (decimal 1139)
   defining Unicode char U+0474 (decimal 1140)
   defining Unicode char U+0475 (decimal 1141)
   defining Unicode char U+04C1 (decimal 1217)
   defining Unicode char U+04C2 (decimal 1218)
   defining Unicode char U+04D0 (decimal 1232)
   defining Unicode char U+04D1 (decimal 1233)
   defining Unicode char U+04D2 (decimal 1234)
   defining Unicode char U+04D3 (decimal 1235)
   defining Unicode char U+04D6 (decimal 1238)
   defining Unicode char U+04D7 (decimal 1239)
   defining Unicode char U+04DC (decimal 1244)
   defining Unicode char U+04DD (decimal 1245)
   defining Unicode char U+04DE (decimal 1246)
   defining Unicode char U+04DF (decimal 1247)
   defining Unicode char U+04E2 (decimal 1250)
   defining Unicode char U+04E3 (decimal 1251)
   defining Unicode char U+04E4 (decimal 1252)
   defining Unicode char U+04E5 (decimal 1253)
   defining Unicode char U+04E6 (decimal 1254)
   defining Unicode char U+04E7 (decimal 1255)
   defining Unicode char U+04EC (decimal 1260)
   defining Unicode char U+04ED (decimal 1261)
   defining Unicode char U+04EE (decimal 1262)
   defining Unicode char U+04EF (decimal 1263)
   defining Unicode char U+04F0 (decimal 1264)
   defining Unicode char U+04F1 (decimal 1265)
   defining Unicode char U+04F2 (decimal 1266)
   defining Unicode char U+04F3 (decimal 1267)
   defining Unicode char U+04F4 (decimal 1268)
   defining Unicode char U+04F5 (decimal 1269)
   defining Unicode char U+04F8 (decimal 1272)
   defining Unicode char U+04F9 (decimal 1273)
   defining Unicode char U+2013 (decimal 8211)
   defining Unicode char U+2014 (decimal 8212)
   defining Unicode char U+2018 (decimal 8216)
   defining Unicode char U+2019 (decimal 8217)
   defining Unicode char U+201C (decimal 8220)
   defining Unicode char U+201D (decimal 8221)
   defining Unicode char U+2116 (decimal 8470)
))
(C:\Users\10175\AppData\Local\Programs\MiKTeX\tex/latex/cyrillic\t2aenc.def
File: t2aenc.def 2023/11/07 v1.0k Cyrillic encoding definition file
Now handling font encoding T2A ...
... processing UTF-8 mapping file for font encoding T2A

(C:\Users\10175\AppData\Local\Programs\MiKTeX\tex/latex/base\t2aenc.dfu
File: t2aenc.dfu 2022/06/07 v1.3c UTF-8 support
   defining Unicode char U+00A4 (decimal 164)
   defining Unicode char U+00A7 (decimal 167)
   defining Unicode char U+00AB (decimal 171)
   defining Unicode char U+00BB (decimal 187)
   defining Unicode char U+0131 (decimal 305)
   defining Unicode char U+0237 (decimal 567)
   defining Unicode char U+0400 (decimal 1024)
   defining Unicode char U+0401 (decimal 1025)
   defining Unicode char U+0402 (decimal 1026)
   defining Unicode char U+0403 (decimal 1027)
   defining Unicode char U+0404 (decimal 1028)
   defining Unicode char U+0405 (decimal 1029)
   defining Unicode char U+0406 (decimal 1030)
   defining Unicode char U+0407 (decimal 1031)
   defining Unicode char U+0408 (decimal 1032)
   defining Unicode char U+0409 (decimal 1033)
   defining Unicode char U+040A (decimal 1034)
   defining Unicode char U+040B (decimal 1035)
   defining Unicode char U+040C (decimal 1036)
   defining Unicode char U+040D (decimal 1037)
   defining Unicode char U+040E (decimal 1038)
   defining Unicode char U+040F (decimal 1039)
   defining Unicode char U+0410 (decimal 1040)
   defining Unicode char U+0411 (decimal 1041)
   defining Unicode char U+0412 (decimal 1042)
   defining Unicode char U+0413 (decimal 1043)
   defining Unicode char U+0414 (decimal 1044)
   defining Unicode char U+0415 (decimal 1045)
   defining Unicode char U+0416 (decimal 1046)
   defining Unicode char U+0417 (decimal 1047)
   defining Unicode char U+0418 (decimal 1048)
   defining Unicode char U+0419 (decimal 1049)
   defining Unicode char U+041A (decimal 1050)
   defining Unicode char U+041B (decimal 1051)
   defining Unicode char U+041C (decimal 1052)
   defining Unicode char U+041D (decimal 1053)
   defining Unicode char U+041E (decimal 1054)
   defining Unicode char U+041F (decimal 1055)
   defining Unicode char U+0420 (decimal 1056)
   defining Unicode char U+0421 (decimal 1057)
   defining Unicode char U+0422 (decimal 1058)
   defining Unicode char U+0423 (decimal 1059)
   defining Unicode char U+0424 (decimal 1060)
   defining Unicode char U+0425 (decimal 1061)
   defining Unicode char U+0426 (decimal 1062)
   defining Unicode char U+0427 (decimal 1063)
   defining Unicode char U+0428 (decimal 1064)
   defining Unicode char U+0429 (decimal 1065)
   defining Unicode char U+042A (decimal 1066)
   defining Unicode char U+042B (decimal 1067)
   defining Unicode char U+042C (decimal 1068)
   defining Unicode char U+042D (decimal 1069)
   defining Unicode char U+042E (decimal 1070)
   defining Unicode char U+042F (decimal 1071)
   defining Unicode char U+0430 (decimal 1072)
   defining Unicode char U+0431 (decimal 1073)
   defining Unicode char U+0432 (decimal 1074)
   defining Unicode char U+0433 (decimal 1075)
   defining Unicode char U+0434 (decimal 1076)
   defining Unicode char U+0435 (decimal 1077)
   defining Unicode char U+0436 (decimal 1078)
   defining Unicode char U+0437 (decimal 1079)
   defining Unicode char U+0438 (decimal 1080)
   defining Unicode char U+0439 (decimal 1081)
   defining Unicode char U+043A (decimal 1082)
   defining Unicode char U+043B (decimal 1083)
   defining Unicode char U+043C (decimal 1084)
   defining Unicode char U+043D (decimal 1085)
   defining Unicode char U+043E (decimal 1086)
   defining Unicode char U+043F (decimal 1087)
   defining Unicode char U+0440 (decimal 1088)
   defining Unicode char U+0441 (decimal 1089)
   defining Unicode char U+0442 (decimal 1090)
   defining Unicode char U+0443 (decimal 1091)
   defining Unicode char U+0444 (decimal 1092)
   defining Unicode char U+0445 (decimal 1093)
   defining Unicode char U+0446 (decimal 1094)
   defining Unicode char U+0447 (decimal 1095)
   defining Unicode char U+0448 (decimal 1096)
   defining Unicode char U+0449 (decimal 1097)
   defining Unicode char U+044A (decimal 1098)
   defining Unicode char U+044B (decimal 1099)
   defining Unicode char U+044C (decimal 1100)
   defining Unicode char U+044D (decimal 1101)
   defining Unicode char U+044E (decimal 1102)
   defining Unicode char U+044F (decimal 1103)
   defining Unicode char U+0450 (decimal 1104)
   defining Unicode char U+0451 (decimal 1105)
   defining Unicode char U+0452 (decimal 1106)
   defining Unicode char U+0453 (decimal 1107)
   defining Unicode char U+0454 (decimal 1108)
   defining Unicode char U+0455 (decimal 1109)
   defining Unicode char U+0456 (decimal 1110)
   defining Unicode char U+0457 (decimal 1111)
   defining Unicode char U+0458 (decimal 1112)
   defining Unicode char U+0459 (decimal 1113)
   defining Unicode char U+045A (decimal 1114)
   defining Unicode char U+045B (decimal 1115)
   defining Unicode char U+045C (decimal 1116)
   defining Unicode char U+045D (decimal 1117)
   defining Unicode char U+045E (decimal 1118)
   defining Unicode char U+045F (decimal 1119)
   defining Unicode char U+0490 (decimal 1168)
   defining Unicode char U+0491 (decimal 1169)
   defining Unicode char U+0492 (decimal 1170)
   defining Unicode char U+0493 (decimal 1171)
   defining Unicode char U+0496 (decimal 1174)
   defining Unicode char U+0497 (decimal 1175)
   defining Unicode char U+0498 (decimal 1176)
   defining Unicode char U+0499 (decimal 1177)
   defining Unicode char U+049A (decimal 1178)
   defining Unicode char U+049B (decimal 1179)
   defining Unicode char U+049C (decimal 1180)
   defining Unicode char U+049D (decimal 1181)
   defining Unicode char U+04A0 (decimal 1184)
   defining Unicode char U+04A1 (decimal 1185)
   defining Unicode char U+04A2 (decimal 1186)
   defining Unicode char U+04A3 (decimal 1187)
   defining Unicode char U+04A4 (decimal 1188)
   defining Unicode char U+04A5 (decimal 1189)
   defining Unicode char U+04AA (decimal 1194)
   defining Unicode char U+04AB (decimal 1195)
   defining Unicode char U+04AE (decimal 1198)
   defining Unicode char U+04AF (decimal 1199)
   defining Unicode char U+04B0 (decimal 1200)
   defining Unicode char U+04B1 (decimal 1201)
   defining Unicode char U+04B2 (decimal 1202)
   defining Unicode char U+04B3 (decimal 1203)
   defining Unicode char U+04B6 (decimal 1206)
   defining Unicode char U+04B7 (decimal 1207)
   defining Unicode char U+04B8 (decimal 1208)
   defining Unicode char U+04B9 (decimal 1209)
   defining Unicode char U+04BA (decimal 1210)
   defining Unicode char U+04BB (decimal 1211)
   defining Unicode char U+04C0 (decimal 1216)
   defining Unicode char U+04C1 (decimal 1217)
   defining Unicode char U+04C2 (decimal 1218)
   defining Unicode char U+04D0 (decimal 1232)
   defining Unicode char U+04D1 (decimal 1233)
   defining Unicode char U+04D2 (decimal 1234)
   defining Unicode char U+04D3 (decimal 1235)
   defining Unicode char U+04D4 (decimal 1236)
   defining Unicode char U+04D5 (decimal 1237)
   defining Unicode char U+04D6 (decimal 1238)
   defining Unicode char U+04D7 (decimal 1239)
   defining Unicode char U+04D8 (decimal 1240)
   defining Unicode char U+04D9 (decimal 1241)
   defining Unicode char U+04DA (decimal 1242)
   defining Unicode char U+04DB (decimal 1243)
   defining Unicode char U+04DC (decimal 1244)
   defining Unicode char U+04DD (decimal 1245)
   defining Unicode char U+04DE (decimal 1246)
   defining Unicode char U+04DF (decimal 1247)
   defining Unicode char U+04E2 (decimal 1250)
   defining Unicode char U+04E3 (decimal 1251)
   defining Unicode char U+04E4 (decimal 1252)
   defining Unicode char U+04E5 (decimal 1253)
   defining Unicode char U+04E6 (decimal 1254)
   defining Unicode char U+04E7 (decimal 1255)
   defining Unicode char U+04E8 (decimal 1256)
   defining Unicode char U+04E9 (decimal 1257)
   defining Unicode char U+04EC (decimal 1260)
   defining Unicode char U+04ED (decimal 1261)
   defining Unicode char U+04EE (decimal 1262)
   defining Unicode char U+04EF (decimal 1263)
   defining Unicode char U+04F0 (decimal 1264)
   defining Unicode char U+04F1 (decimal 1265)
   defining Unicode char U+04F2 (decimal 1266)
   defining Unicode char U+04F3 (decimal 1267)
   defining Unicode char U+04F4 (decimal 1268)
   defining Unicode char U+04F5 (decimal 1269)
   defining Unicode char U+04F8 (decimal 1272)
   defining Unicode char U+04F9 (decimal 1273)
   defining Unicode char U+200C (decimal 8204)
   defining Unicode char U+2013 (decimal 8211)
   defining Unicode char U+2014 (decimal 8212)
   defining Unicode char U+2018 (decimal 8216)
   defining Unicode char U+2019 (decimal 8217)
   defining Unicode char U+201C (decimal 8220)
   defining Unicode char U+201D (decimal 8221)
   defining Unicode char U+201E (decimal 8222)
   defining Unicode char U+2030 (decimal 8240)
   defining Unicode char U+2031 (decimal 8241)
   defining Unicode char U+2116 (decimal 8470)
   defining Unicode char U+2329 (decimal 9001)
   defining Unicode char U+3008 (decimal 12296)
   defining Unicode char U+232A (decimal 9002)
   defining Unicode char U+3009 (decimal 12297)
   defining Unicode char U+2423 (decimal 9251)
   defining Unicode char U+27E8 (decimal 10216)
   defining Unicode char U+27E9 (decimal 10217)
   defining Unicode char U+FB00 (decimal 64256)
   defining Unicode char U+FB01 (decimal 64257)
   defining Unicode char U+FB02 (decimal 64258)
   defining Unicode char U+FB03 (decimal 64259)
   defining Unicode char U+FB04 (decimal 64260)
   defining Unicode char U+FB05 (decimal 64261)
   defining Unicode char U+FB06 (decimal 64262)
))
(C:\Users\10175\AppData\Local\Programs\MiKTeX\tex/latex/cyrillic\t2benc.def
File: t2benc.def 2023/11/07 v1.0k Cyrillic encoding definition file
Now handling font encoding T2B ...
... processing UTF-8 mapping file for font encoding T2B

(C:\Users\10175\AppData\Local\Programs\MiKTeX\tex/latex/base\t2benc.dfu
File: t2benc.dfu 2022/06/07 v1.3c UTF-8 support
   defining Unicode char U+00A4 (decimal 164)
   defining Unicode char U+00A7 (decimal 167)
   defining Unicode char U+00AB (decimal 171)
   defining Unicode char U+00BB (decimal 187)
   defining Unicode char U+0131 (decimal 305)
   defining Unicode char U+0237 (decimal 567)
   defining Unicode char U+0400 (decimal 1024)
   defining Unicode char U+0401 (decimal 1025)
   defining Unicode char U+0403 (decimal 1027)
   defining Unicode char U+0405 (decimal 1029)
   defining Unicode char U+0406 (decimal 1030)
   defining Unicode char U+0408 (decimal 1032)
   defining Unicode char U+0409 (decimal 1033)
   defining Unicode char U+040A (decimal 1034)
   defining Unicode char U+040C (decimal 1036)
   defining Unicode char U+040D (decimal 1037)
   defining Unicode char U+040E (decimal 1038)
   defining Unicode char U+0410 (decimal 1040)
   defining Unicode char U+0411 (decimal 1041)
   defining Unicode char U+0412 (decimal 1042)
   defining Unicode char U+0413 (decimal 1043)
   defining Unicode char U+0414 (decimal 1044)
   defining Unicode char U+0415 (decimal 1045)
   defining Unicode char U+0416 (decimal 1046)
   defining Unicode char U+0417 (decimal 1047)
   defining Unicode char U+0418 (decimal 1048)
   defining Unicode char U+0419 (decimal 1049)
   defining Unicode char U+041A (decimal 1050)
   defining Unicode char U+041B (decimal 1051)
   defining Unicode char U+041C (decimal 1052)
   defining Unicode char U+041D (decimal 1053)
   defining Unicode char U+041E (decimal 1054)
   defining Unicode char U+041F (decimal 1055)
   defining Unicode char U+0420 (decimal 1056)
   defining Unicode char U+0421 (decimal 1057)
   defining Unicode char U+0422 (decimal 1058)
   defining Unicode char U+0423 (decimal 1059)
   defining Unicode char U+0424 (decimal 1060)
   defining Unicode char U+0425 (decimal 1061)
   defining Unicode char U+0426 (decimal 1062)
   defining Unicode char U+0427 (decimal 1063)
   defining Unicode char U+0428 (decimal 1064)
   defining Unicode char U+0429 (decimal 1065)
   defining Unicode char U+042A (decimal 1066)
   defining Unicode char U+042B (decimal 1067)
   defining Unicode char U+042C (decimal 1068)
   defining Unicode char U+042D (decimal 1069)
   defining Unicode char U+042E (decimal 1070)
   defining Unicode char U+042F (decimal 1071)
   defining Unicode char U+0430 (decimal 1072)
   defining Unicode char U+0431 (decimal 1073)
   defining Unicode char U+0432 (decimal 1074)
   defining Unicode char U+0433 (decimal 1075)
   defining Unicode char U+0434 (decimal 1076)
   defining Unicode char U+0435 (decimal 1077)
   defining Unicode char U+0436 (decimal 1078)
   defining Unicode char U+0437 (decimal 1079)
   defining Unicode char U+0438 (decimal 1080)
   defining Unicode char U+0439 (decimal 1081)
   defining Unicode char U+043A (decimal 1082)
   defining Unicode char U+043B (decimal 1083)
   defining Unicode char U+043C (decimal 1084)
   defining Unicode char U+043D (decimal 1085)
   defining Unicode char U+043E (decimal 1086)
   defining Unicode char U+043F (decimal 1087)
   defining Unicode char U+0440 (decimal 1088)
   defining Unicode char U+0441 (decimal 1089)
   defining Unicode char U+0442 (decimal 1090)
   defining Unicode char U+0443 (decimal 1091)
   defining Unicode char U+0444 (decimal 1092)
   defining Unicode char U+0445 (decimal 1093)
   defining Unicode char U+0446 (decimal 1094)
   defining Unicode char U+0447 (decimal 1095)
   defining Unicode char U+0448 (decimal 1096)
   defining Unicode char U+0449 (decimal 1097)
   defining Unicode char U+044A (decimal 1098)
   defining Unicode char U+044B (decimal 1099)
   defining Unicode char U+044C (decimal 1100)
   defining Unicode char U+044D (decimal 1101)
   defining Unicode char U+044E (decimal 1102)
   defining Unicode char U+044F (decimal 1103)
   defining Unicode char U+0450 (decimal 1104)
   defining Unicode char U+0451 (decimal 1105)
   defining Unicode char U+0453 (decimal 1107)
   defining Unicode char U+0455 (decimal 1109)
   defining Unicode char U+0456 (decimal 1110)
   defining Unicode char U+0458 (decimal 1112)
   defining Unicode char U+0459 (decimal 1113)
   defining Unicode char U+045A (decimal 1114)
   defining Unicode char U+045C (decimal 1116)
   defining Unicode char U+045D (decimal 1117)
   defining Unicode char U+045E (decimal 1118)
   defining Unicode char U+0492 (decimal 1170)
   defining Unicode char U+0493 (decimal 1171)
   defining Unicode char U+0494 (decimal 1172)
   defining Unicode char U+0495 (decimal 1173)
   defining Unicode char U+0496 (decimal 1174)
   defining Unicode char U+0497 (decimal 1175)
   defining Unicode char U+049A (decimal 1178)
   defining Unicode char U+049B (decimal 1179)
   defining Unicode char U+04A2 (decimal 1186)
   defining Unicode char U+04A3 (decimal 1187)
   defining Unicode char U+04A4 (decimal 1188)
   defining Unicode char U+04A5 (decimal 1189)
   defining Unicode char U+04AE (decimal 1198)
   defining Unicode char U+04AF (decimal 1199)
   defining Unicode char U+04B2 (decimal 1202)
   defining Unicode char U+04B3 (decimal 1203)
   defining Unicode char U+04B6 (decimal 1206)
   defining Unicode char U+04B7 (decimal 1207)
   defining Unicode char U+04BA (decimal 1210)
   defining Unicode char U+04BB (decimal 1211)
   defining Unicode char U+04C0 (decimal 1216)
   defining Unicode char U+04C1 (decimal 1217)
   defining Unicode char U+04C2 (decimal 1218)
   defining Unicode char U+04C3 (decimal 1219)
   defining Unicode char U+04C4 (decimal 1220)
   defining Unicode char U+04C5 (decimal 1221)
   defining Unicode char U+04C6 (decimal 1222)
   defining Unicode char U+04C7 (decimal 1223)
   defining Unicode char U+04C8 (decimal 1224)
   defining Unicode char U+04CB (decimal 1227)
   defining Unicode char U+04CC (decimal 1228)
   defining Unicode char U+04D0 (decimal 1232)
   defining Unicode char U+04D1 (decimal 1233)
   defining Unicode char U+04D2 (decimal 1234)
   defining Unicode char U+04D3 (decimal 1235)
   defining Unicode char U+04D6 (decimal 1238)
   defining Unicode char U+04D7 (decimal 1239)
   defining Unicode char U+04D8 (decimal 1240)
   defining Unicode char U+04D9 (decimal 1241)
   defining Unicode char U+04DA (decimal 1242)
   defining Unicode char U+04DB (decimal 1243)
   defining Unicode char U+04DC (decimal 1244)
   defining Unicode char U+04DD (decimal 1245)
   defining Unicode char U+04DE (decimal 1246)
   defining Unicode char U+04DF (decimal 1247)
   defining Unicode char U+04E0 (decimal 1248)
   defining Unicode char U+04E1 (decimal 1249)
   defining Unicode char U+04E2 (decimal 1250)
   defining Unicode char U+04E3 (decimal 1251)
   defining Unicode char U+04E4 (decimal 1252)
   defining Unicode char U+04E5 (decimal 1253)
   defining Unicode char U+04E6 (decimal 1254)
   defining Unicode char U+04E7 (decimal 1255)
   defining Unicode char U+04E8 (decimal 1256)
   defining Unicode char U+04E9 (decimal 1257)
   defining Unicode char U+04EC (decimal 1260)
   defining Unicode char U+04ED (decimal 1261)
   defining Unicode char U+04EE (decimal 1262)
   defining Unicode char U+04EF (decimal 1263)
   defining Unicode char U+04F0 (decimal 1264)
   defining Unicode char U+04F1 (decimal 1265)
   defining Unicode char U+04F2 (decimal 1266)
   defining Unicode char U+04F3 (decimal 1267)
   defining Unicode char U+04F4 (decimal 1268)
   defining Unicode char U+04F5 (decimal 1269)
   defining Unicode char U+04F6 (decimal 1270)
   defining Unicode char U+04F7 (decimal 1271)
   defining Unicode char U+04F8 (decimal 1272)
   defining Unicode char U+04F9 (decimal 1273)
   defining Unicode char U+04FA (decimal 1274)
   defining Unicode char U+04FB (decimal 1275)
   defining Unicode char U+04FC (decimal 1276)
   defining Unicode char U+04FD (decimal 1277)
   defining Unicode char U+04FE (decimal 1278)
   defining Unicode char U+04FF (decimal 1279)
   defining Unicode char U+200C (decimal 8204)
   defining Unicode char U+2013 (decimal 8211)
   defining Unicode char U+2014 (decimal 8212)
   defining Unicode char U+2018 (decimal 8216)
   defining Unicode char U+2019 (decimal 8217)
   defining Unicode char U+201C (decimal 8220)
   defining Unicode char U+201D (decimal 8221)
   defining Unicode char U+201E (decimal 8222)
   defining Unicode char U+2030 (decimal 8240)
   defining Unicode char U+2031 (decimal 8241)
   defining Unicode char U+2116 (decimal 8470)
   defining Unicode char U+2329 (decimal 9001)
   defining Unicode char U+3008 (decimal 12296)
   defining Unicode char U+232A (decimal 9002)
   defining Unicode char U+3009 (decimal 12297)
   defining Unicode char U+2423 (decimal 9251)
   defining Unicode char U+27E8 (decimal 10216)
   defining Unicode char U+27E9 (decimal 10217)
   defining Unicode char U+FB00 (decimal 64256)
   defining Unicode char U+FB01 (decimal 64257)
   defining Unicode char U+FB02 (decimal 64258)
   defining Unicode char U+FB03 (decimal 64259)
   defining Unicode char U+FB04 (decimal 64260)
   defining Unicode char U+FB05 (decimal 64261)
   defining Unicode char U+FB06 (decimal 64262)
))
(C:\Users\10175\AppData\Local\Programs\MiKTeX\tex/latex/cyrillic\t2cenc.def
File: t2cenc.def 2023/11/07 v1.0k Cyrillic encoding definition file
Now handling font encoding T2C ...
... processing UTF-8 mapping file for font encoding T2C

(C:\Users\10175\AppData\Local\Programs\MiKTeX\tex/latex/base\t2cenc.dfu
File: t2cenc.dfu 2022/06/07 v1.3c UTF-8 support
   defining Unicode char U+00A4 (decimal 164)
   defining Unicode char U+00A7 (decimal 167)
   defining Unicode char U+00AB (decimal 171)
   defining Unicode char U+00BB (decimal 187)
   defining Unicode char U+0131 (decimal 305)
   defining Unicode char U+0237 (decimal 567)
   defining Unicode char U+0400 (decimal 1024)
   defining Unicode char U+0401 (decimal 1025)
   defining Unicode char U+0403 (decimal 1027)
   defining Unicode char U+0405 (decimal 1029)
   defining Unicode char U+0406 (decimal 1030)
   defining Unicode char U+0408 (decimal 1032)
   defining Unicode char U+040C (decimal 1036)
   defining Unicode char U+040D (decimal 1037)
   defining Unicode char U+040F (decimal 1039)
   defining Unicode char U+0410 (decimal 1040)
   defining Unicode char U+0411 (decimal 1041)
   defining Unicode char U+0412 (decimal 1042)
   defining Unicode char U+0413 (decimal 1043)
   defining Unicode char U+0414 (decimal 1044)
   defining Unicode char U+0415 (decimal 1045)
   defining Unicode char U+0416 (decimal 1046)
   defining Unicode char U+0417 (decimal 1047)
   defining Unicode char U+0418 (decimal 1048)
   defining Unicode char U+0419 (decimal 1049)
   defining Unicode char U+041A (decimal 1050)
   defining Unicode char U+041B (decimal 1051)
   defining Unicode char U+041C (decimal 1052)
   defining Unicode char U+041D (decimal 1053)
   defining Unicode char U+041E (decimal 1054)
   defining Unicode char U+041F (decimal 1055)
   defining Unicode char U+0420 (decimal 1056)
   defining Unicode char U+0421 (decimal 1057)
   defining Unicode char U+0422 (decimal 1058)
   defining Unicode char U+0423 (decimal 1059)
   defining Unicode char U+0424 (decimal 1060)
   defining Unicode char U+0425 (decimal 1061)
   defining Unicode char U+0426 (decimal 1062)
   defining Unicode char U+0427 (decimal 1063)
   defining Unicode char U+0428 (decimal 1064)
   defining Unicode char U+0429 (decimal 1065)
   defining Unicode char U+042A (decimal 1066)
   defining Unicode char U+042B (decimal 1067)
   defining Unicode char U+042C (decimal 1068)
   defining Unicode char U+042D (decimal 1069)
   defining Unicode char U+042E (decimal 1070)
   defining Unicode char U+042F (decimal 1071)
   defining Unicode char U+0430 (decimal 1072)
   defining Unicode char U+0431 (decimal 1073)
   defining Unicode char U+0432 (decimal 1074)
   defining Unicode char U+0433 (decimal 1075)
   defining Unicode char U+0434 (decimal 1076)
   defining Unicode char U+0435 (decimal 1077)
   defining Unicode char U+0436 (decimal 1078)
   defining Unicode char U+0437 (decimal 1079)
   defining Unicode char U+0438 (decimal 1080)
   defining Unicode char U+0439 (decimal 1081)
   defining Unicode char U+043A (decimal 1082)
   defining Unicode char U+043B (decimal 1083)
   defining Unicode char U+043C (decimal 1084)
   defining Unicode char U+043D (decimal 1085)
   defining Unicode char U+043E (decimal 1086)
   defining Unicode char U+043F (decimal 1087)
   defining Unicode char U+0440 (decimal 1088)
   defining Unicode char U+0441 (decimal 1089)
   defining Unicode char U+0442 (decimal 1090)
   defining Unicode char U+0443 (decimal 1091)
   defining Unicode char U+0444 (decimal 1092)
   defining Unicode char U+0445 (decimal 1093)
   defining Unicode char U+0446 (decimal 1094)
   defining Unicode char U+0447 (decimal 1095)
   defining Unicode char U+0448 (decimal 1096)
   defining Unicode char U+0449 (decimal 1097)
   defining Unicode char U+044A (decimal 1098)
   defining Unicode char U+044B (decimal 1099)
   defining Unicode char U+044C (decimal 1100)
   defining Unicode char U+044D (decimal 1101)
   defining Unicode char U+044E (decimal 1102)
   defining Unicode char U+044F (decimal 1103)
   defining Unicode char U+0450 (decimal 1104)
   defining Unicode char U+0451 (decimal 1105)
   defining Unicode char U+0453 (decimal 1107)
   defining Unicode char U+0455 (decimal 1109)
   defining Unicode char U+0456 (decimal 1110)
   defining Unicode char U+0458 (decimal 1112)
   defining Unicode char U+045C (decimal 1116)
   defining Unicode char U+045D (decimal 1117)
   defining Unicode char U+045F (decimal 1119)
   defining Unicode char U+048C (decimal 1164)
   defining Unicode char U+048D (decimal 1165)
   defining Unicode char U+048E (decimal 1166)
   defining Unicode char U+048F (decimal 1167)
   defining Unicode char U+0494 (decimal 1172)
   defining Unicode char U+0495 (decimal 1173)
   defining Unicode char U+049A (decimal 1178)
   defining Unicode char U+049B (decimal 1179)
   defining Unicode char U+049E (decimal 1182)
   defining Unicode char U+049F (decimal 1183)
   defining Unicode char U+04A2 (decimal 1186)
   defining Unicode char U+04A3 (decimal 1187)
   defining Unicode char U+04A6 (decimal 1190)
   defining Unicode char U+04A7 (decimal 1191)
   defining Unicode char U+04A8 (decimal 1192)
   defining Unicode char U+04A9 (decimal 1193)
   defining Unicode char U+04AC (decimal 1196)
   defining Unicode char U+04AD (decimal 1197)
   defining Unicode char U+04B2 (decimal 1202)
   defining Unicode char U+04B3 (decimal 1203)
   defining Unicode char U+04B4 (decimal 1204)
   defining Unicode char U+04B5 (decimal 1205)
   defining Unicode char U+04B6 (decimal 1206)
   defining Unicode char U+04B7 (decimal 1207)
   defining Unicode char U+04BA (decimal 1210)
   defining Unicode char U+04BB (decimal 1211)
   defining Unicode char U+04BC (decimal 1212)
   defining Unicode char U+04BD (decimal 1213)
   defining Unicode char U+04BE (decimal 1214)
   defining Unicode char U+04BF (decimal 1215)
   defining Unicode char U+04C0 (decimal 1216)
   defining Unicode char U+04C1 (decimal 1217)
   defining Unicode char U+04C2 (decimal 1218)
   defining Unicode char U+04C5 (decimal 1221)
   defining Unicode char U+04C6 (decimal 1222)
   defining Unicode char U+04C7 (decimal 1223)
   defining Unicode char U+04C8 (decimal 1224)
   defining Unicode char U+04CD (decimal 1229)
   defining Unicode char U+04CE (decimal 1230)
   defining Unicode char U+04D0 (decimal 1232)
   defining Unicode char U+04D1 (decimal 1233)
   defining Unicode char U+04D2 (decimal 1234)
   defining Unicode char U+04D3 (decimal 1235)
   defining Unicode char U+04D6 (decimal 1238)
   defining Unicode char U+04D7 (decimal 1239)
   defining Unicode char U+04D8 (decimal 1240)
   defining Unicode char U+04D9 (decimal 1241)
   defining Unicode char U+04DA (decimal 1242)
   defining Unicode char U+04DB (decimal 1243)
   defining Unicode char U+04DC (decimal 1244)
   defining Unicode char U+04DD (decimal 1245)
   defining Unicode char U+04DE (decimal 1246)
   defining Unicode char U+04DF (decimal 1247)
   defining Unicode char U+04E0 (decimal 1248)
   defining Unicode char U+04E1 (decimal 1249)
   defining Unicode char U+04E2 (decimal 1250)
   defining Unicode char U+04E3 (decimal 1251)
   defining Unicode char U+04E4 (decimal 1252)
   defining Unicode char U+04E5 (decimal 1253)
   defining Unicode char U+04E6 (decimal 1254)
   defining Unicode char U+04E7 (decimal 1255)
   defining Unicode char U+04E8 (decimal 1256)
   defining Unicode char U+04E9 (decimal 1257)
   defining Unicode char U+04EC (decimal 1260)
   defining Unicode char U+04ED (decimal 1261)
   defining Unicode char U+04EE (decimal 1262)
   defining Unicode char U+04EF (decimal 1263)
   defining Unicode char U+04F0 (decimal 1264)
   defining Unicode char U+04F1 (decimal 1265)
   defining Unicode char U+04F2 (decimal 1266)
   defining Unicode char U+04F3 (decimal 1267)
   defining Unicode char U+04F4 (decimal 1268)
   defining Unicode char U+04F5 (decimal 1269)
   defining Unicode char U+04F8 (decimal 1272)
   defining Unicode char U+04F9 (decimal 1273)
   defining Unicode char U+200C (decimal 8204)
   defining Unicode char U+2013 (decimal 8211)
   defining Unicode char U+2014 (decimal 8212)
   defining Unicode char U+2018 (decimal 8216)
   defining Unicode char U+2019 (decimal 8217)
   defining Unicode char U+201C (decimal 8220)
   defining Unicode char U+201D (decimal 8221)
   defining Unicode char U+201E (decimal 8222)
   defining Unicode char U+2030 (decimal 8240)
   defining Unicode char U+2031 (decimal 8241)
   defining Unicode char U+2116 (decimal 8470)
   defining Unicode char U+2329 (decimal 9001)
   defining Unicode char U+3008 (decimal 12296)
   defining Unicode char U+232A (decimal 9002)
   defining Unicode char U+3009 (decimal 12297)
   defining Unicode char U+2423 (decimal 9251)
   defining Unicode char U+27E8 (decimal 10216)
   defining Unicode char U+27E9 (decimal 10217)
   defining Unicode char U+FB00 (decimal 64256)
   defining Unicode char U+FB01 (decimal 64257)
   defining Unicode char U+FB02 (decimal 64258)
   defining Unicode char U+FB03 (decimal 64259)
   defining Unicode char U+FB04 (decimal 64260)
   defining Unicode char U+FB05 (decimal 64261)
   defining Unicode char U+FB06 (decimal 64262)
))
(C:\Users\10175\AppData\Local\Programs\MiKTeX\tex/latex/tipa\t3enc.def
File: t3enc.def 2001/12/31 T3 encoding
Now handling font encoding T3 ...
... no UTF-8 mapping file for font encoding T3
LaTeX Font Info:    Font shape `T1/LinuxLibertineT-TLF/m/sl' in size <10.95> no
t available
(Font)              Font shape `T1/LinuxLibertineT-TLF/m/it' tried instead on i
nput line 316.
LaTeX Font Info:    Font shape `T1/LinuxLibertineT-TLF/m/it' will be
(Font)              scaled to size 10.95pt on input line 316.
LaTeX Font Info:    Font shape `T1/LinuxLibertineT-TLF/b/n' will be
(Font)              scaled to size 10.95pt on input line 356.
LaTeX Font Info:    Trying to load font information for T1+LinuxBiolinumT-TLF o
n input line 357.

(C:\Users\10175\AppData\Local\Programs\MiKTeX\tex/latex/libertine\t1linuxbiolin
umt-tlf.fd
File: T1LinuxBiolinumT-TLF.fd 2017/03/20 (autoinst) Font definitions for T1/Lin
uxBiolinumT-TLF.
)
LaTeX Font Info:    Font shape `T1/LinuxBiolinumT-TLF/m/n' will be
(Font)              scaled to size 10.95pt on input line 357.
)
(C:\Users\10175\AppData\Local\Programs\MiKTeX\tex/latex/vntex\t5enc.def
File: t5enc.def 2006/11/21 v1.4 Vietnamese T5 encoding
Now handling font encoding T5 ...
... processing UTF-8 mapping file for font encoding T5

(C:\Users\10175\AppData\Local\Programs\MiKTeX\tex/latex/vntex\t5enc.dfu
File: t5enc.dfu 2006/08/19 v1.1 UTF8 support for Vietnamese
   defining Unicode char U+00AB (decimal 171)
   defining Unicode char U+00BB (decimal 187)
   defining Unicode char U+00C0 (decimal 192)
   defining Unicode char U+00C1 (decimal 193)
   defining Unicode char U+00C2 (decimal 194)
   defining Unicode char U+00C3 (decimal 195)
   defining Unicode char U+00C8 (decimal 200)
   defining Unicode char U+00C9 (decimal 201)
   defining Unicode char U+00CA (decimal 202)
   defining Unicode char U+00CC (decimal 204)
   defining Unicode char U+00CD (decimal 205)
   defining Unicode char U+00D2 (decimal 210)
   defining Unicode char U+00D3 (decimal 211)
   defining Unicode char U+00D4 (decimal 212)
   defining Unicode char U+00D5 (decimal 213)
   defining Unicode char U+00D9 (decimal 217)
   defining Unicode char U+00DA (decimal 218)
   defining Unicode char U+00DD (decimal 221)
   defining Unicode char U+00E0 (decimal 224)
   defining Unicode char U+00E1 (decimal 225)
   defining Unicode char U+00E2 (decimal 226)
   defining Unicode char U+00E3 (decimal 227)
   defining Unicode char U+00E8 (decimal 232)
   defining Unicode char U+00E9 (decimal 233)
   defining Unicode char U+00EA (decimal 234)
   defining Unicode char U+00EC (decimal 236)
   defining Unicode char U+00ED (decimal 237)
   defining Unicode char U+00F2 (decimal 242)
   defining Unicode char U+00F3 (decimal 243)
   defining Unicode char U+00F4 (decimal 244)
   defining Unicode char U+00F5 (decimal 245)
   defining Unicode char U+00F9 (decimal 249)
   defining Unicode char U+00FA (decimal 250)
   defining Unicode char U+00FD (decimal 253)
   defining Unicode char U+0102 (decimal 258)
   defining Unicode char U+0103 (decimal 259)
   defining Unicode char U+0110 (decimal 272)
   defining Unicode char U+0111 (decimal 273)
   defining Unicode char U+0128 (decimal 296)
   defining Unicode char U+0129 (decimal 297)
   defining Unicode char U+0131 (decimal 305)
   defining Unicode char U+0168 (decimal 360)
   defining Unicode char U+0169 (decimal 361)
   defining Unicode char U+01A0 (decimal 416)
   defining Unicode char U+01A1 (decimal 417)
   defining Unicode char U+01AF (decimal 431)
   defining Unicode char U+01B0 (decimal 432)
   defining Unicode char U+1EA0 (decimal 7840)
   defining Unicode char U+1EA1 (decimal 7841)
   defining Unicode char U+1EA2 (decimal 7842)
   defining Unicode char U+1EA3 (decimal 7843)
   defining Unicode char U+1EA4 (decimal 7844)
   defining Unicode char U+1EA5 (decimal 7845)
   defining Unicode char U+1EA6 (decimal 7846)
   defining Unicode char U+1EA7 (decimal 7847)
   defining Unicode char U+1EA8 (decimal 7848)
   defining Unicode char U+1EA9 (decimal 7849)
   defining Unicode char U+1EAA (decimal 7850)
   defining Unicode char U+1EAB (decimal 7851)
   defining Unicode char U+1EAC (decimal 7852)
   defining Unicode char U+1EAD (decimal 7853)
   defining Unicode char U+1EAE (decimal 7854)
   defining Unicode char U+1EAF (decimal 7855)
   defining Unicode char U+1EB0 (decimal 7856)
   defining Unicode char U+1EB1 (decimal 7857)
   defining Unicode char U+1EB2 (decimal 7858)
   defining Unicode char U+1EB3 (decimal 7859)
   defining Unicode char U+1EB4 (decimal 7860)
   defining Unicode char U+1EB5 (decimal 7861)
   defining Unicode char U+1EB6 (decimal 7862)
   defining Unicode char U+1EB7 (decimal 7863)
   defining Unicode char U+1EB8 (decimal 7864)
   defining Unicode char U+1EB9 (decimal 7865)
   defining Unicode char U+1EBA (decimal 7866)
   defining Unicode char U+1EBB (decimal 7867)
   defining Unicode char U+1EBC (decimal 7868)
   defining Unicode char U+1EBD (decimal 7869)
   defining Unicode char U+1EBE (decimal 7870)
   defining Unicode char U+1EBF (decimal 7871)
   defining Unicode char U+1EC0 (decimal 7872)
   defining Unicode char U+1EC1 (decimal 7873)
   defining Unicode char U+1EC2 (decimal 7874)
   defining Unicode char U+1EC3 (decimal 7875)
   defining Unicode char U+1EC4 (decimal 7876)
   defining Unicode char U+1EC5 (decimal 7877)
   defining Unicode char U+1EC6 (decimal 7878)
   defining Unicode char U+1EC7 (decimal 7879)
   defining Unicode char U+1EC8 (decimal 7880)
   defining Unicode char U+1EC9 (decimal 7881)
   defining Unicode char U+1ECA (decimal 7882)
   defining Unicode char U+1ECB (decimal 7883)
   defining Unicode char U+1ECC (decimal 7884)
   defining Unicode char U+1ECD (decimal 7885)
   defining Unicode char U+1ECE (decimal 7886)
   defining Unicode char U+1ECF (decimal 7887)
   defining Unicode char U+1ED0 (decimal 7888)
   defining Unicode char U+1ED1 (decimal 7889)
   defining Unicode char U+1ED2 (decimal 7890)
   defining Unicode char U+1ED3 (decimal 7891)
   defining Unicode char U+1ED4 (decimal 7892)
   defining Unicode char U+1ED5 (decimal 7893)
   defining Unicode char U+1ED6 (decimal 7894)
   defining Unicode char U+1ED7 (decimal 7895)
   defining Unicode char U+1ED8 (decimal 7896)
   defining Unicode char U+1ED9 (decimal 7897)
   defining Unicode char U+1EDA (decimal 7898)
   defining Unicode char U+1EDB (decimal 7899)
   defining Unicode char U+1EDC (decimal 7900)
   defining Unicode char U+1EDD (decimal 7901)
   defining Unicode char U+1EDE (decimal 7902)
   defining Unicode char U+1EDF (decimal 7903)
   defining Unicode char U+1EE0 (decimal 7904)
   defining Unicode char U+1EE1 (decimal 7905)
   defining Unicode char U+1EE2 (decimal 7906)
   defining Unicode char U+1EE3 (decimal 7907)
   defining Unicode char U+1EE4 (decimal 7908)
   defining Unicode char U+1EE5 (decimal 7909)
   defining Unicode char U+1EE6 (decimal 7910)
   defining Unicode char U+1EE7 (decimal 7911)
   defining Unicode char U+1EE8 (decimal 7912)
   defining Unicode char U+1EE9 (decimal 7913)
   defining Unicode char U+1EEA (decimal 7914)
   defining Unicode char U+1EEB (decimal 7915)
   defining Unicode char U+1EEC (decimal 7916)
   defining Unicode char U+1EED (decimal 7917)
   defining Unicode char U+1EEE (decimal 7918)
   defining Unicode char U+1EEF (decimal 7919)
   defining Unicode char U+1EF0 (decimal 7920)
   defining Unicode char U+1EF1 (decimal 7921)
   defining Unicode char U+1EF2 (decimal 7922)
   defining Unicode char U+1EF3 (decimal 7923)
   defining Unicode char U+1EF4 (decimal 7924)
   defining Unicode char U+1EF5 (decimal 7925)
   defining Unicode char U+1EF6 (decimal 7926)
   defining Unicode char U+1EF7 (decimal 7927)
   defining Unicode char U+1EF8 (decimal 7928)
   defining Unicode char U+1EF9 (decimal 7929)
   defining Unicode char U+200C (decimal 8204)
   defining Unicode char U+2013 (decimal 8211)
   defining Unicode char U+2014 (decimal 8212)
   defining Unicode char U+2018 (decimal 8216)
   defining Unicode char U+2019 (decimal 8217)
   defining Unicode char U+201A (decimal 8218)
   defining Unicode char U+201C (decimal 8220)
   defining Unicode char U+201D (decimal 8221)
   defining Unicode char U+201E (decimal 8222)
   defining Unicode char U+2030 (decimal 8240)
   defining Unicode char U+2031 (decimal 8241)
   defining Unicode char U+2039 (decimal 8249)
   defining Unicode char U+203A (decimal 8250)
   defining Unicode char U+2423 (decimal 9251)
)))
(C:\Users\10175\AppData\Local\Programs\MiKTeX\tex/generic/babel\babel.sty
Package: babel 2025/12/11 v25.17 The multilingual framework for LuaLaTeX, pdfLa
TeX and XeLaTeX
\babel@savecnt=\count400
LaTeX Encoding Info:    Redeclaring text command \ij (encoding OT1) on input li
ne 2068.
LaTeX Encoding Info:    Redeclaring text command \IJ (encoding OT1) on input li
ne 2070.
LaTeX Encoding Info:    Redeclaring text command \ij (encoding T1) on input lin
e 2072.
LaTeX Encoding Info:    Redeclaring text command \IJ (encoding T1) on input lin
e 2073.
LaTeX Encoding Info:    Ignoring declaration for text command \ij (encoding ?) 
on input line 2074.
LaTeX Encoding Info:    Ignoring declaration for text command \IJ (encoding ?) 
on input line 2076.
LaTeX Encoding Info:    Ignoring declaration for text command \SS (encoding ?) 
on input line 2101.
\U@D=\dimen346
\l@unhyphenated=\language80

(C:\Users\10175\AppData\Local\Programs\MiKTeX\tex/generic/babel\txtbabel.def)
\bbl@readstream=\read4
\bbl@dirlevel=\count401
Package babel Info: Configuration files are deprecated, as
(babel)             they can break document portability.
(babel)             Reported on input line 4196.

*************************************
* Local config file bblopts.cfg used
*
(C:\Users\10175\AppData\Local\Programs\MiKTeX\tex/latex/arabi\bblopts.cfg
File: bblopts.cfg 2005/09/08 v0.1 add Arabic and Farsi to "declared" options of
 babel
)
(C:\Users\10175\AppData\Local\Programs\MiKTeX\tex/generic/babel/locale/ru\babel
-russian.tex)
(C:\Users\10175\AppData\Local\Programs\MiKTeX\tex/generic/babel/locale/en\babel
-english.tex)
Package babel Info: Importing font and identification data for russian
(babel)             from babel-ru.ini. Reported on input line 4320.

(C:\Users\10175\AppData\Local\Programs\MiKTeX\tex/latex/babel-russian\russianb.
ldf
File: russianb.ldf 2021/01/10 1.3m Russian support for the Babel system
Language: russian 2020/09/09 1.3k Russian support for the Babel system
Package babel Info: Making " an active character on input line 124.
Package babel Info: Default for \cyrdash is provided on input line 163.
)
Package babel Info: Importing font and identification data for english
(babel)             from babel-en.ini. Reported on input line 4320.

(C:\Users\10175\AppData\Local\Programs\MiKTeX\tex/latex/babel-english\english.l
df
Language: english 2017/06/06 v3.3r English support from the babel system
Package babel Info: Hyphen rules for 'canadian' set to \l@english
(babel)             (\language0). Reported on input line 102.
Package babel Info: Hyphen rules for 'australian' set to \l@ukenglish
(babel)             (\language73). Reported on input line 105.
Package babel Info: Hyphen rules for 'newzealand' set to \l@ukenglish
(babel)             (\language73). Reported on input line 108.
))
(C:\Users\10175\AppData\Local\Programs\MiKTeX\tex/latex/hyperref\hyperref.sty
Package: hyperref 2025-07-12 v7.01o Hypertext links for LaTeX

(C:\Users\10175\AppData\Local\Programs\MiKTeX\tex/generic/pdfescape\pdfescape.s
ty
Package: pdfescape 2019/12/09 v1.15 Implements pdfTeX's escape features (HO)
) (C:\Users\10175\AppData\Local\Programs\MiKTeX\tex/latex/hycolor\hycolor.sty
Package: hycolor 2020-01-27 v1.10 Color options for hyperref/bookmark (HO)
) (C:\Users\10175\AppData\Local\Programs\MiKTeX\tex/latex/hyperref\nameref.sty
Package: nameref 2025-06-21 v2.57 Cross-referencing by name of section

(C:\Users\10175\AppData\Local\Programs\MiKTeX\tex/generic/gettitlestring\gettit
lestring.sty
Package: gettitlestring 2019/12/15 v1.6 Cleanup title references (HO)
)
\c@section@level=\count402
)
(C:\Users\10175\AppData\Local\Programs\MiKTeX\tex/generic/stringenc\stringenc.s
ty
Package: stringenc 2019/11/29 v1.12 Convert strings between diff. encodings (HO
)
)
\@linkdim=\dimen347
\Hy@linkcounter=\count403
\Hy@pagecounter=\count404
 (C:\Users\10175\AppData\Local\Programs\MiKTeX\tex/latex/hyperref\pd1enc.def
File: pd1enc.def 2025-07-12 v7.01o Hyperref: PDFDocEncoding definition (HO)
Now handling font encoding PD1 ...
... no UTF-8 mapping file for font encoding PD1
) (C:\Users\10175\AppData\Local\Programs\MiKTeX\tex/generic/intcalc\intcalc.sty
Package: intcalc 2019/12/15 v1.3 Expandable calculations with integers (HO)
)
\Hy@SavedSpaceFactor=\count405
 (C:\Users\10175\AppData\Local\Programs\MiKTeX\tex/latex/hyperref\puenc.def
File: puenc.def 2025-07-12 v7.01o Hyperref: PDF Unicode definition (HO)
Now handling font encoding PU ...
... no UTF-8 mapping file for font encoding PU

(C:\Users\10175\AppData\Local\Programs\MiKTeX\tex/latex/greek-fontenc\puenc-gre
ek.def
File: puenc-greek.def 2023-09-12 2.5 Greek LICRs for PDF strings

(C:\Users\10175\AppData\Local\Programs\MiKTeX\tex/latex/greek-fontenc\greek-fon
tenc.def
File: greek-fontenc.def 2023-09-12 2.5 Common Greek font encoding definitions
)
LaTeX Encoding Info:    Redeclaring text command \textmu (encoding PU) on input
 line 179.
)
LaTeX Encoding Info:    Redeclaring text command \textohm (encoding PU) on inpu
t line 1176.
)
Package hyperref Info: Option `unicode' set `true' on input line 3160.
Package hyperref Info: Option `unicode' set `true' on input line 4066.
Package hyperref Info: Option `bookmarksopen' set `true' on input line 4066.
Package hyperref Info: Option `pdffitwindow' set `true' on input line 4066.
Package hyperref Info: Option `colorlinks' set `true' on input line 4066.
Package hyperref Info: Option `hyperfootnotes' set `false' on input line 4066.
Package hyperref Info: Hyper figures OFF on input line 4195.
Package hyperref Info: Link nesting OFF on input line 4200.
Package hyperref Info: Hyper index ON on input line 4203.
Package hyperref Info: Plain pages OFF on input line 4210.
Package hyperref Info: Backreferencing OFF on input line 4215.
Package hyperref Info: Implicit mode ON; LaTeX internals redefined.
Package hyperref Info: Bookmarks ON on input line 4462.
\c@Hy@tempcnt=\count406
LaTeX Info: Redefining \url on input line 4801.
\XeTeXLinkMargin=\dimen348

(C:\Users\10175\AppData\Local\Programs\MiKTeX\tex/generic/bitset\bitset.sty
Package: bitset 2019/12/09 v1.3 Handle bit-vector datatype (HO)

(C:\Users\10175\AppData\Local\Programs\MiKTeX\tex/generic/bigintcalc\bigintcalc
.sty
Package: bigintcalc 2019/12/15 v1.5 Expandable calculations on big integers (HO
)
))
\Fld@menulength=\count407
\Field@Width=\dimen349
\Fld@charsize=\dimen350
Package hyperref Info: Hyper figures OFF on input line 6078.
Package hyperref Info: Link nesting OFF on input line 6083.
Package hyperref Info: Hyper index ON on input line 6086.
Package hyperref Info: backreferencing OFF on input line 6093.
Package hyperref Info: Link coloring ON on input line 6096.
Package hyperref Info: Link coloring with OCG OFF on input line 6103.
Package hyperref Info: PDF/A mode OFF on input line 6108.
\Hy@abspage=\count408
\c@Item=\count409
)
Package hyperref Info: Driver: hpdftex.

(C:\Users\10175\AppData\Local\Programs\MiKTeX\tex/latex/hyperref\hpdftex.def
File: hpdftex.def 2025-07-12 v7.01o Hyperref driver for pdfTeX
\Fld@listcount=\count410
\c@bookmark@seq@number=\count411

(C:\Users\10175\AppData\Local\Programs\MiKTeX\tex/latex/rerunfilecheck\rerunfil
echeck.sty
Package: rerunfilecheck 2025-06-21 v1.11 Rerun checks for auxiliary files (HO)

(C:\Users\10175\AppData\Local\Programs\MiKTeX\tex/generic/uniquecounter\uniquec
ounter.sty
Package: uniquecounter 2019/12/15 v1.4 Provide unlimited unique counter (HO)
)
Package uniquecounter Info: New unique counter `rerunfilecheck' on input line 2
84.
)
\Hy@SectionHShift=\skip263
)
(C:\Users\10175\AppData\Local\Programs\MiKTeX\tex/latex/cleveref\cleveref.sty
Package: cleveref 2018/03/27 v0.21.4 Intelligent cross-referencing
Package cleveref Info: `hyperref' support loaded on input line 2370.
LaTeX Info: Redefining \cref on input line 2370.
LaTeX Info: Redefining \Cref on input line 2370.
LaTeX Info: Redefining \crefrange on input line 2370.
LaTeX Info: Redefining \Crefrange on input line 2370.
LaTeX Info: Redefining \cpageref on input line 2370.
LaTeX Info: Redefining \Cpageref on input line 2370.
LaTeX Info: Redefining \cpagerefrange on input line 2370.
LaTeX Info: Redefining \Cpagerefrange on input line 2370.
LaTeX Info: Redefining \labelcref on input line 2370.
LaTeX Info: Redefining \labelcpageref on input line 2370.
Package cleveref Info: `amsthm' support loaded on input line 3026.
Package cleveref Info: `subfig' support loaded on input line 3164.
Package cleveref Info: always capitalise cross-reference names on input line 78
25.
Package cleveref Info: always capitalise cross-reference names on input line 78
52.
)
==> First Aid for cleveref.sty applied!
No file TSP_template.aux.
\openout1 = `TSP_template.aux'.

LaTeX Font Info:    Checking defaults for OML/cmm/m/it on input line 113.
LaTeX Font Info:    ... okay on input line 113.
LaTeX Font Info:    Checking defaults for OMS/cmsy/m/n on input line 113.
LaTeX Font Info:    ... okay on input line 113.
LaTeX Font Info:    Checking defaults for OT1/cmr/m/n on input line 113.
LaTeX Font Info:    ... okay on input line 113.
LaTeX Font Info:    Checking defaults for T1/cmr/m/n on input line 113.
LaTeX Font Info:    ... okay on input line 113.
LaTeX Font Info:    Checking defaults for TS1/cmr/m/n on input line 113.
LaTeX Font Info:    ... okay on input line 113.
LaTeX Font Info:    Checking defaults for OMX/cmex/m/n on input line 113.
LaTeX Font Info:    ... okay on input line 113.
LaTeX Font Info:    Checking defaults for U/cmr/m/n on input line 113.
LaTeX Font Info:    ... okay on input line 113.
LaTeX Font Info:    Checking defaults for LGR/cmr/m/n on input line 113.
LaTeX Font Info:    Trying to load font information for LGR+cmr on input line 1
13.
(C:\Users\10175\AppData\Local\Programs\MiKTeX\tex/latex/cbfonts-fd\lgrcmr.fd
File: lgrcmr.fd 2017/07/29 v1.2 Greek European Computer Regular
)
LaTeX Font Info:    ... okay on input line 113.
LaTeX Font Info:    Checking defaults for LS1/libertinust1math/m/n on input lin
e 113.
LaTeX Font Info:    Trying to load font information for LS1+libertinust1math on
 input line 113.

(C:\Users\10175\AppData\Local\Programs\MiKTeX\tex/latex/libertinust1math\ls1lib
ertinust1math.fd
File: ls1libertinust1math.fd 2016/03/23 Fontinst v1.933 font definitions for LS
1/libertinust1math.
)
LaTeX Font Info:    ... okay on input line 113.
LaTeX Font Info:    Checking defaults for LS2/libertinust1mathsym/m/n on input 
line 113.
LaTeX Font Info:    Trying to load font information for LS2+libertinust1mathsym
 on input line 113.

(C:\Users\10175\AppData\Local\Programs\MiKTeX\tex/latex/libertinust1math\ls2lib
ertinust1mathsym.fd
File: ls2libertinust1mathsym.fd 2015/04/17 v1.1.2-latex LibertinusT1Mathsym LS2
 font definitions
)
LaTeX Font Info:    ... okay on input line 113.
LaTeX Font Info:    Checking defaults for C00/song/m/n on input line 113.
LaTeX Font Info:    ... okay on input line 113.
LaTeX Font Info:    Checking defaults for C05/song/m/n on input line 113.
LaTeX Font Info:    ... okay on input line 113.
LaTeX Font Info:    Checking defaults for C09/song/m/n on input line 113.
LaTeX Font Info:    ... okay on input line 113.
LaTeX Font Info:    Checking defaults for C10/song/m/n on input line 113.
LaTeX Font Info:    ... okay on input line 113.
LaTeX Font Info:    Checking defaults for C20/song/m/n on input line 113.
LaTeX Font Info:    ... okay on input line 113.
LaTeX Font Info:    Checking defaults for C19/song/m/n on input line 113.
LaTeX Font Info:    ... okay on input line 113.
LaTeX Font Info:    Checking defaults for C40/song/m/n on input line 113.
LaTeX Font Info:    ... okay on input line 113.
LaTeX Font Info:    Checking defaults for C42/song/m/n on input line 113.
LaTeX Font Info:    ... okay on input line 113.
LaTeX Font Info:    Checking defaults for C43/song/m/n on input line 113.
LaTeX Font Info:    ... okay on input line 113.
LaTeX Font Info:    Checking defaults for C50/song/m/n on input line 113.
LaTeX Font Info:    ... okay on input line 113.
LaTeX Font Info:    Checking defaults for C52/song/m/n on input line 113.
LaTeX Font Info:    ... okay on input line 113.
LaTeX Font Info:    Checking defaults for C49/song/m/n on input line 113.
LaTeX Font Info:    ... okay on input line 113.
LaTeX Font Info:    Checking defaults for C60/mj/m/n on input line 113.
LaTeX Font Info:    ... okay on input line 113.
LaTeX Font Info:    Checking defaults for C61/mj/m/n on input line 113.
LaTeX Font Info:    ... okay on input line 113.
LaTeX Font Info:    Checking defaults for C63/mj/m/n on input line 113.
LaTeX Font Info:    ... okay on input line 113.
LaTeX Font Info:    Checking defaults for C64/mj/m/n on input line 113.
LaTeX Font Info:    ... okay on input line 113.
LaTeX Font Info:    Checking defaults for C65/mj/m/n on input line 113.
LaTeX Font Info:    ... okay on input line 113.
LaTeX Font Info:    Checking defaults for C70/song/m/n on input line 113.
LaTeX Font Info:    ... okay on input line 113.
LaTeX Font Info:    Checking defaults for C31/song/m/n on input line 113.
LaTeX Font Info:    ... okay on input line 113.
LaTeX Font Info:    Checking defaults for C32/song/m/n on input line 113.
LaTeX Font Info:    ... okay on input line 113.
LaTeX Font Info:    Checking defaults for C33/song/m/n on input line 113.
LaTeX Font Info:    ... okay on input line 113.
LaTeX Font Info:    Checking defaults for C34/song/m/n on input line 113.
LaTeX Font Info:    ... okay on input line 113.
LaTeX Font Info:    Checking defaults for C35/song/m/n on input line 113.
LaTeX Font Info:    ... okay on input line 113.
LaTeX Font Info:    Checking defaults for C36/song/m/n on input line 113.
LaTeX Font Info:    ... okay on input line 113.
LaTeX Font Info:    Checking defaults for C37/song/m/n on input line 113.
LaTeX Font Info:    ... okay on input line 113.
LaTeX Font Info:    Checking defaults for C80/song/m/n on input line 113.
LaTeX Font Info:    ... okay on input line 113.
LaTeX Font Info:    Checking defaults for C81/song/m/n on input line 113.
LaTeX Font Info:    ... okay on input line 113.
LaTeX Font Info:    Checking defaults for C01/song/m/n on input line 113.
LaTeX Font Info:    ... okay on input line 113.
LaTeX Font Info:    Checking defaults for C11/song/m/n on input line 113.
LaTeX Font Info:    ... okay on input line 113.
LaTeX Font Info:    Checking defaults for C21/song/m/n on input line 113.
LaTeX Font Info:    ... okay on input line 113.
LaTeX Font Info:    Checking defaults for C41/song/m/n on input line 113.
LaTeX Font Info:    ... okay on input line 113.
LaTeX Font Info:    Checking defaults for C62/song/m/n on input line 113.
LaTeX Font Info:    ... okay on input line 113.
LaTeX Font Info:    Checking defaults for OT2/cmr/m/n on input line 113.
LaTeX Font Info:    Trying to load font information for OT2+cmr on input line 1
13.

(C:\Users\10175\AppData\Local\Programs\MiKTeX\tex/latex/cyrillic\ot2cmr.fd
File: ot2cmr.fd 2001/08/11 v3.2c Computer Modern Cyrillic font definitions
)
LaTeX Font Info:    ... okay on input line 113.
LaTeX Font Info:    Checking defaults for T2A/cmr/m/n on input line 113.
LaTeX Font Info:    Trying to load font information for T2A+cmr on input line 1
13.

(C:\Users\10175\AppData\Local\Programs\MiKTeX\tex/latex/cyrillic\t2acmr.fd
File: t2acmr.fd 2001/08/11 v1.0a Computer Modern Cyrillic font definitions
)
LaTeX Font Info:    ... okay on input line 113.
LaTeX Font Info:    Checking defaults for T2B/cmr/m/n on input line 113.
LaTeX Font Info:    Trying to load font information for T2B+cmr on input line 1
13.

(C:\Users\10175\AppData\Local\Programs\MiKTeX\tex/latex/cyrillic\t2bcmr.fd
File: t2bcmr.fd 2001/08/11 v1.0a Computer Modern Cyrillic font definitions
)
LaTeX Font Info:    ... okay on input line 113.
LaTeX Font Info:    Checking defaults for T2C/cmr/m/n on input line 113.
LaTeX Font Info:    Trying to load font information for T2C+cmr on input line 1
13.

(C:\Users\10175\AppData\Local\Programs\MiKTeX\tex/latex/cyrillic\t2ccmr.fd
File: t2ccmr.fd 2001/08/11 v1.0a Computer Modern Cyrillic font definitions
)
LaTeX Font Info:    ... okay on input line 113.
LaTeX Font Info:    Checking defaults for T3/cmr/m/n on input line 113.
LaTeX Font Info:    Trying to load font information for T3+cmr on input line 11
3.

(C:\Users\10175\AppData\Local\Programs\MiKTeX\tex/latex/tipa\t3cmr.fd
File: t3cmr.fd 2001/12/31 TIPA font definitions
)
LaTeX Font Info:    ... okay on input line 113.
LaTeX Font Info:    Checking defaults for T5/cmr/m/n on input line 113.
LaTeX Font Info:    Trying to load font information for T5+cmr on input line 11
3.

(C:\Users\10175\AppData\Local\Programs\MiKTeX\tex/latex/vntex\t5cmr.fd
File: t5cmr.fd 1999/05/25 v2.5h Standard LaTeX font definitions
)
LaTeX Font Info:    ... okay on input line 113.
LaTeX Font Info:    Checking defaults for PD1/pdf/m/n on input line 113.
LaTeX Font Info:    ... okay on input line 113.
LaTeX Font Info:    Checking defaults for PU/pdf/m/n on input line 113.
LaTeX Font Info:    ... okay on input line 113.

(C:\Users\10175\AppData\Local\Programs\MiKTeX\tex/context/base/mkii\supp-pdf.mk
ii
[Loading MPS to PDF converter (version 2006.09.02).]
\scratchcounter=\count412
\scratchdimen=\dimen351
\scratchbox=\box82
\nofMPsegments=\count413
\nofMParguments=\count414
\everyMPshowfont=\toks70
\MPscratchCnt=\count415
\MPscratchDim=\dimen352
\MPnumerator=\count416
\makeMPintoPDFobject=\count417
\everyMPtoPDFconversion=\toks71
)
LaTeX Info: Command `\dddot' is already robust on input line 113.
LaTeX Info: Command `\ddddot' is already robust on input line 113.
\c@mv@tabular=\count418
\c@mv@boldtabular=\count419
Package microtype Info: Patching varwidth to enable character protrusion.
\MT@vwid@leftmargin=\dimen353
\MT@vwid@rightmargin=\dimen354
LaTeX Info: Redefining \microtypecontext on input line 113.
Package microtype Info: Applying patch `item' on input line 113.
Package microtype Info: Applying patch `toc' on input line 113.
Package microtype Info: Applying patch `eqnum' on input line 113.
Package microtype Info: Applying patch `footnote' on input line 113.
Package microtype Info: Applying patch `verbatim' on input line 113.
LaTeX Info: Redefining \microtypesetup on input line 113.
Package microtype Info: Generating PDF output.
Package microtype Info: Character protrusion enabled (level 2).
Package microtype Info: Using default protrusion set `alltext'.
Package microtype Info: Automatic font expansion enabled (level 2),
(microtype)             stretch: 20, shrink: 20, step: 1, non-selected.
Package microtype Info: Using default expansion set `alltext-nott'.
Package microtype Info: Patching command `\showhyphens'.
Package microtype Info: No adjustment of tracking.
Package microtype Info: No adjustment of interword spacing.
Package microtype Info: No adjustment of character kerning.
Package microtype Info: Loading generic protrusion settings for font family
(microtype)             `LinuxLibertineT-TLF' (encoding: T1).
(microtype)             For optimal results, create family-specific settings.
(microtype)             See the microtype manual for details.
Package caption Info: Begin \AtBeginDocument code.
Package caption Info: subfig package v1.3 is loaded.
Package caption Info: hyperref package is loaded.
Package caption Info: End \AtBeginDocument code.

(C:\Users\10175\AppData\Local\Programs\MiKTeX\tex/latex/translations/dicts\tran
slations-basic-dictionary-english.trsl
File: translations-basic-dictionary-english.trsl (english translation file `tra
nslations-basic-dictionary')
)
Package translations Info: loading dictionary `translations-basic-dictionary' f
or `english'. on input line 113.
Package translations Info: no dictionary file `translations-basic-dictionary-ru
ssian.trsl' found. on input line 113.

*geometry* detected driver: pdftex
*geometry* verbose mode - [ preamble ] result:
* driver: pdftex
* paper: <default>
* layout: <same size as paper>
* layoutoffset:(h,v)=(0.0pt,0.0pt)
* modes: 
* h-part:(L,W,R)=(72.2698pt, 469.75539pt, 72.2698pt)
* v-part:(T,H,B)=(72.2698pt, 650.43037pt, 72.2698pt)
* \paperwidth=614.295pt
* \paperheight=794.96999pt
* \textwidth=469.75539pt
* \textheight=650.43037pt
* \oddsidemargin=-0.00018pt
* \evensidemargin=-0.00018pt
* \topmargin=-37.00018pt
* \headheight=12.0pt
* \headsep=25.0pt
* \topskip=11.0pt
* \footskip=30.0pt
* \marginparwidth=59.0pt
* \marginparsep=10.0pt
* \columnsep=10.0pt
* \skip\footins=34.14322pt
* \hoffset=0.0pt
* \voffset=0.0pt
* \mag=1000
* \@twocolumnfalse
* \@twosidefalse
* \@mparswitchfalse
* \@reversemarginfalse
* (1in=72.27pt=25.4mm, 1cm=28.453pt)

Package newfloat Info: `float' package detected.
LaTeX Info: Redefining \th on input line 113.
Package hyperref Info: Link coloring ON on input line 113.
\@outlinefile=\write4
\openout4 = `TSP_template.out'.

LaTeX Font Info:    Redeclaring symbol font `AMSb' on input line 113.
LaTeX Font Info:    Overwriting symbol font `AMSb' in version `normal'
(Font)                  U/msb/m/n --> U/msb/m/n on input line 113.
LaTeX Font Info:    Overwriting symbol font `AMSb' in version `bold'
(Font)                  U/msb/m/n --> U/msb/m/n on input line 113.
LaTeX Font Info:    Overwriting symbol font `AMSb' in version `tabular'
(Font)                  U/msb/m/n --> U/msb/m/n on input line 113.
LaTeX Font Info:    Overwriting symbol font `AMSb' in version `boldtabular'
(Font)                  U/msb/m/n --> U/msb/m/n on input line 113.
LaTeX Font Info:    Font shape `T1/LinuxLibertineT-TLF/m/n' will be
(Font)              scaled to size 8.0pt on input line 113.
LaTeX Font Info:    Font shape `T1/LinuxLibertineT-TLF/m/n' will be
(Font)              scaled to size 9.0pt on input line 113.
LaTeX Font Info:    Font shape `T1/LinuxLibertineT-TLF/b/n' will be
(Font)              scaled to size 9.0pt on input line 113.
LaTeX Font Info:    Font shape `LS1/libertinust1math/b/n' will be
(Font)              scaled to size 9.0pt on input line 113.
LaTeX Font Info:    Font shape `LS1/libertinust1math/b/n' will be
(Font)              scaled to size 6.0pt on input line 113.
LaTeX Font Info:    Font shape `LS1/libertinust1math/b/n' will be
(Font)              scaled to size 5.0pt on input line 113.
LaTeX Font Info:    Font shape `LS1/libertinust1math/b/it' will be
(Font)              scaled to size 9.0pt on input line 113.
LaTeX Font Info:    Font shape `LS1/libertinust1math/b/it' will be
(Font)              scaled to size 6.0pt on input line 113.
LaTeX Font Info:    Font shape `LS1/libertinust1math/b/it' will be
(Font)              scaled to size 5.0pt on input line 113.
LaTeX Font Info:    Font shape `LS2/libertinust1mathsym/m/n' will be
(Font)              scaled to size 9.0pt on input line 113.
LaTeX Font Info:    Font shape `LS2/libertinust1mathsym/m/n' will be
(Font)              scaled to size 6.0pt on input line 113.
LaTeX Font Info:    Font shape `LS2/libertinust1mathsym/m/n' will be
(Font)              scaled to size 5.0pt on input line 113.
LaTeX Font Info:    Trying to load font information for LS2+libertinust1mathex 
on input line 113.

(C:\Users\10175\AppData\Local\Programs\MiKTeX\tex/latex/libertinust1math\ls2lib
ertinust1mathex.fd
File: ls2libertinust1mathex.fd 2016/03/15 v1.0.0-latex LibertinusMath extension
s LS2 font definitions
)
LaTeX Font Info:    Font shape `LS2/libertinust1mathex/m/n' will be
(Font)              scaled to size 9.0pt on input line 113.
LaTeX Font Info:    Font shape `LS2/libertinust1mathex/m/n' will be
(Font)              scaled to size 6.0pt on input line 113.
LaTeX Font Info:    Font shape `LS2/libertinust1mathex/m/n' will be
(Font)              scaled to size 5.0pt on input line 113.
LaTeX Font Info:    Trying to load font information for U+msa on input line 113
.

(C:\Users\10175\AppData\Local\Programs\MiKTeX\tex/latex/amsfonts\umsa.fd
File: umsa.fd 2013/01/14 v3.01 AMS symbols A
)
(C:\Users\10175\AppData\Local\Programs\MiKTeX\tex/latex/microtype\mt-msa.cfg
File: mt-msa.cfg 2006/02/04 v1.1 microtype config. file: AMS symbols (a) (RS)
)
LaTeX Font Info:    Trying to load font information for U+msb on input line 113
.

(C:\Users\10175\AppData\Local\Programs\MiKTeX\tex/latex/amsfonts\umsb.fd
File: umsb.fd 2013/01/14 v3.01 AMS symbols B
)
(C:\Users\10175\AppData\Local\Programs\MiKTeX\tex/latex/microtype\mt-msb.cfg
File: mt-msb.cfg 2005/06/01 v1.0 microtype config. file: AMS symbols (b) (RS)
)
LaTeX Font Info:    Trying to load font information for LS1+libertinust1mathbb 
on input line 113.

(C:\Users\10175\AppData\Local\Programs\MiKTeX\tex/latex/libertinust1math\ls1lib
ertinust1mathbb.fd
File: ls1libertinust1mathbb.fd 2016/08/22 latex LibertinusT1Mathbb LS1 font def
initions
)
LaTeX Font Info:    Font shape `LS1/libertinust1mathbb/m/n' will be
(Font)              scaled to size 9.0pt on input line 113.
LaTeX Font Info:    Font shape `LS1/libertinust1mathbb/m/n' will be
(Font)              scaled to size 6.0pt on input line 113.
LaTeX Font Info:    Font shape `LS1/libertinust1mathbb/m/n' will be
(Font)              scaled to size 5.0pt on input line 113.

(C:\Users\10175\AppData\Local\Programs\MiKTeX\tex/latex/microtype\mt-eur.cfg
File: mt-eur.cfg 2006/07/31 v1.1 microtype config. file: AMS Euler Roman (RS)
)
(C:\Users\10175\AppData\Local\Programs\MiKTeX\tex/latex/microtype\mt-cmr.cfg
File: mt-cmr.cfg 2013/05/19 v2.2 microtype config. file: Computer Modern Roman 
(RS)
)
LaTeX Font Info:    Font shape `LS1/libertinust1math/m/n' will be
(Font)              scaled to size 9.0pt on input line 113.
LaTeX Font Info:    Font shape `LS1/libertinust1math/m/n' will be
(Font)              scaled to size 6.0pt on input line 113.
LaTeX Font Info:    Font shape `LS1/libertinust1math/m/n' will be
(Font)              scaled to size 5.0pt on input line 113.
LaTeX Font Info:    Font shape `LS1/libertinust1math/m/it' will be
(Font)              scaled to size 9.0pt on input line 113.
LaTeX Font Info:    Font shape `LS1/libertinust1math/m/it' will be
(Font)              scaled to size 6.0pt on input line 113.
LaTeX Font Info:    Font shape `LS1/libertinust1math/m/it' will be
(Font)              scaled to size 5.0pt on input line 113.
LaTeX Font Info:    Font shape `T1/LinuxLibertineT-TLF/m/n' will be
(Font)              scaled to size 14.0pt on input line 113.
LaTeX Font Info:    Font shape `T1/LinuxLibertineT-TLF/b/n' will be
(Font)              scaled to size 14.0pt on input line 113.
LaTeX Font Info:    Font shape `LS1/libertinust1math/m/n' will be
(Font)              scaled to size 10.95pt on input line 113.
LaTeX Font Info:    Font shape `LS1/libertinust1math/m/n' will be
(Font)              scaled to size 8.0pt on input line 113.
LaTeX Font Info:    Font shape `LS1/libertinust1math/m/it' will be
(Font)              scaled to size 10.95pt on input line 113.
LaTeX Font Info:    Font shape `LS1/libertinust1math/m/it' will be
(Font)              scaled to size 8.0pt on input line 113.
LaTeX Font Info:    Font shape `LS2/libertinust1mathsym/m/n' will be
(Font)              scaled to size 10.95pt on input line 113.
LaTeX Font Info:    Font shape `LS2/libertinust1mathsym/m/n' will be
(Font)              scaled to size 8.0pt on input line 113.
LaTeX Font Info:    Font shape `LS2/libertinust1mathex/m/n' will be
(Font)              scaled to size 10.95pt on input line 113.
LaTeX Font Info:    Font shape `LS2/libertinust1mathex/m/n' will be
(Font)              scaled to size 8.0pt on input line 113.
LaTeX Font Info:    Font shape `LS1/libertinust1mathbb/m/n' will be
(Font)              scaled to size 10.95pt on input line 113.
LaTeX Font Info:    Font shape `LS1/libertinust1mathbb/m/n' will be
(Font)              scaled to size 8.0pt on input line 113.
LaTeX Font Info:    Font shape `LS1/libertinust1math/b/n' will be
(Font)              scaled to size 10.95pt on input line 113.
LaTeX Font Info:    Font shape `LS1/libertinust1math/b/n' will be
(Font)              scaled to size 8.0pt on input line 113.
LaTeX Font Info:    Font shape `LS1/libertinust1math/b/it' will be
(Font)              scaled to size 10.95pt on input line 113.
LaTeX Font Info:    Font shape `LS1/libertinust1math/b/it' will be
(Font)              scaled to size 8.0pt on input line 113.
LaTeX Font Info:    Font shape `T1/LinuxLibertineT-TLF/m/n' will be
(Font)              scaled to size 11.0pt on input line 113.
LaTeX Font Info:    Font shape `T1/LinuxLibertineT-TLF/b/n' will be
(Font)              scaled to size 11.0pt on input line 113.
LaTeX Font Info:    Calculating math sizes for size <11> on input line 113.
LaTeX Font Info:    Font shape `LS1/libertinust1math/b/n' will be
(Font)              scaled to size 11.0pt on input line 113.
LaTeX Font Info:    Font shape `LS1/libertinust1math/b/n' will be
(Font)              scaled to size 8.80003pt on input line 113.
LaTeX Font Info:    Font shape `LS1/libertinust1math/b/n' will be
(Font)              scaled to size 7.14993pt on input line 113.
LaTeX Font Info:    Font shape `LS1/libertinust1math/b/it' will be
(Font)              scaled to size 11.0pt on input line 113.
LaTeX Font Info:    Font shape `LS1/libertinust1math/b/it' will be
(Font)              scaled to size 8.80003pt on input line 113.
LaTeX Font Info:    Font shape `LS1/libertinust1math/b/it' will be
(Font)              scaled to size 7.14993pt on input line 113.
LaTeX Font Info:    Font shape `LS2/libertinust1mathsym/m/n' will be
(Font)              scaled to size 11.0pt on input line 113.
LaTeX Font Info:    Font shape `LS2/libertinust1mathsym/m/n' will be
(Font)              scaled to size 8.80003pt on input line 113.
LaTeX Font Info:    Font shape `LS2/libertinust1mathsym/m/n' will be
(Font)              scaled to size 7.14993pt on input line 113.
LaTeX Font Info:    Font shape `LS2/libertinust1mathex/m/n' will be
(Font)              scaled to size 11.0pt on input line 113.
LaTeX Font Info:    Font shape `LS2/libertinust1mathex/m/n' will be
(Font)              scaled to size 8.80003pt on input line 113.
LaTeX Font Info:    Font shape `LS2/libertinust1mathex/m/n' will be
(Font)              scaled to size 7.14993pt on input line 113.
LaTeX Font Info:    Font shape `LS1/libertinust1mathbb/m/n' will be
(Font)              scaled to size 11.0pt on input line 113.
LaTeX Font Info:    Font shape `LS1/libertinust1mathbb/m/n' will be
(Font)              scaled to size 8.80003pt on input line 113.
LaTeX Font Info:    Font shape `LS1/libertinust1mathbb/m/n' will be
(Font)              scaled to size 7.14993pt on input line 113.
LaTeX Font Info:    Font shape `T1/LinuxLibertineT-TLF/b/n' will be
(Font)              scaled to size 8.80003pt on input line 113.
LaTeX Font Info:    Font shape `T1/LinuxLibertineT-TLF/m/n' will be
(Font)              scaled to size 6.0pt on input line 113.
LaTeX Font Info:    Font shape `T1/LinuxLibertineT-TLF/m/n' will be
(Font)              scaled to size 10.0pt on input line 113.
LaTeX Font Info:    Font shape `T1/LinuxLibertineT-TLF/b/n' will be
(Font)              scaled to size 10.0pt on input line 113.
LaTeX Font Info:    Font shape `T1/LinuxBiolinumT-TLF/m/n' will be
(Font)              scaled to size 6.0pt on input line 113.
Package microtype Info: Loading generic protrusion settings for font family
(microtype)             `LinuxBiolinumT-TLF' (encoding: T1).
(microtype)             For optimal results, create family-specific settings.
(microtype)             See the microtype manual for details.
LaTeX Font Info:    Font shape `T1/LinuxLibertineT-TLF/m/it' will be
(Font)              scaled to size 11.0pt on input line 122.
LaTeX Font Info:    Font shape `T1/LinuxLibertineT-TLF/b/it' will be
(Font)              scaled to size 11.0pt on input line 122.


pdfTeX warning: pdflatex.exe (file ./Definitions/logo-tsp.pdf): PDF inclusion: 
found PDF version <1.6>, but at most version <1.5> allowed
<Definitions/logo-tsp.pdf, id=8, 221.40817pt x 32.5215pt>
File: Definitions/logo-tsp.pdf Graphic file (type pdf)
<use Definitions/logo-tsp.pdf>
Package pdftex.def Info: Definitions/logo-tsp.pdf  used on input line 131.
(pdftex.def)             Requested size: 116.23088pt x 17.07182pt.

Package fancyhdr Warning: \headheight is too small (12.0pt): 
(fancyhdr)                Make it at least 38.22325pt, for example:
(fancyhdr)                \setlength{\headheight}{38.22325pt}.
(fancyhdr)                You might also make \topmargin smaller:
(fancyhdr)                \addtolength{\topmargin}{-26.22325pt}.

LaTeX Font Info:    Trying to load font information for TS1+LinuxLibertineT-TLF
 on input line 131.

(C:\Users\10175\AppData\Local\Programs\MiKTeX\tex/latex/libertine\ts1linuxliber
tinet-tlf.fd
File: TS1LinuxLibertineT-TLF.fd 2017/03/20 (autoinst) Font definitions for TS1/
LinuxLibertineT-TLF.
)
LaTeX Font Info:    Font shape `TS1/LinuxLibertineT-TLF/m/n' will be
(Font)              scaled to size 8.0pt on input line 131.
Package microtype Info: Loading generic protrusion settings for font family
(microtype)             `LinuxLibertineT-TLF' (encoding: TS1).
(microtype)             For optimal results, create family-specific settings.
(microtype)             See the microtype manual for details.
 [1

{C:/Users/10175/AppData/Local/MiKTeX/fonts/map/pdftex/pdftex.map}{C:/Users/1017
5/AppData/Local/Programs/MiKTeX/fonts/enc/dvips/libertine/lbtn_76gpa5.enc}{C:/U
sers/10175/AppData/Local/Programs/MiKTeX/fonts/enc/dvips/libertine/lbtn_nh77jq.
enc}{C:/Users/10175/AppData/Local/Programs/MiKTeX/fonts/enc/dvips/libertine/lbt
n_25tcsq.enc}{C:/Users/10175/AppData/Local/Programs/MiKTeX/fonts/enc/dvips/libe
rtine/lbtn_ki75ao.enc}{C:/Users/10175/AppData/Local/Programs/MiKTeX/fonts/enc/d
vips/libertinust1math/libusMR.enc}{C:/Users/10175/AppData/Local/Programs/MiKTeX
/fonts/enc/dvips/libertine/lbtn_naooyc.enc} <./Definitions/logo-tsp.pdf>]

LaTeX Warning: Reference `fig:fig-1' on page 2 undefined on input line 158.



pdfTeX warning: pdflatex.exe (file ./Definitions/image-f001.pdf): PDF inclusion
: found PDF version <1.6>, but at most version <1.5> allowed
<Definitions/image-f001.pdf, id=43, 469.75671pt x 128.7731pt>
File: Definitions/image-f001.pdf Graphic file (type pdf)
<use Definitions/image-f001.pdf>
Package pdftex.def Info: Definitions/image-f001.pdf  used on input line 161.
(pdftex.def)             Requested size: 469.75555pt x 128.77277pt.
[2{C:/Users/10175/AppData/Local/Programs/MiKTeX/fonts/enc/dvips/libertine/lbtn_
7grukw.enc}{C:/Users/10175/AppData/Local/Programs/MiKTeX/fonts/enc/dvips/libert
inust1math/libusSYM.enc}]

LaTeX Warning: Reference `fig:fig-2' on page 3 undefined on input line 166.



pdfTeX warning: pdflatex.exe (file ./Definitions/image-f002.pdf): PDF inclusion
: found PDF version <1.6>, but at most version <1.5> allowed
<Definitions/image-f002.pdf, id=67, 467.3733pt x 146.42906pt>
File: Definitions/image-f002.pdf Graphic file (type pdf)
<use Definitions/image-f002.pdf>
Package pdftex.def Info: Definitions/image-f002.pdf  used on input line 170.
(pdftex.def)             Requested size: 467.37216pt x 146.42868pt.

LaTeX Warning: Reference `fig:fig-2' on page 1 undefined on input line 175.


LaTeX Warning: Reference `fig:fig-1' on page 1 undefined on input line 175.


LaTeX Warning: Reference `tabref:table-1' on page 3 undefined on input line 189
.

[3 <./Definitions/image-f001.pdf> <./Definitions/image-f002.pdf>]

Package array Warning: Column C is already defined on input line 195.

[4{C:/Users/10175/AppData/Local/Programs/MiKTeX/fonts/enc/dvips/libertinust1mat
h/libusMI.enc}]
Underfull \hbox (badness 10000) detected at line 264
[]|[][]
 []


Underfull \hbox (badness 10000) detected at line 264
[]|[][]
 []


Underfull \hbox (badness 10000) detected at line 264
[]|[][]
 []


Underfull \hbox (badness 10000) detected at line 264
[]|[][]
 []

[5]
LaTeX Font Info:    Font shape `LS1/libertinust1math/m/n' will be
(Font)              scaled to size 10.0pt on input line 279.
LaTeX Font Info:    Font shape `LS1/libertinust1math/m/n' will be
(Font)              scaled to size 7.0pt on input line 279.
LaTeX Font Info:    Font shape `LS1/libertinust1math/m/it' will be
(Font)              scaled to size 10.0pt on input line 279.
LaTeX Font Info:    Font shape `LS1/libertinust1math/m/it' will be
(Font)              scaled to size 7.0pt on input line 279.
LaTeX Font Info:    Font shape `LS2/libertinust1mathsym/m/n' will be
(Font)              scaled to size 10.0pt on input line 279.
LaTeX Font Info:    Font shape `LS2/libertinust1mathsym/m/n' will be
(Font)              scaled to size 7.0pt on input line 279.
LaTeX Font Info:    Font shape `LS2/libertinust1mathex/m/n' will be
(Font)              scaled to size 10.0pt on input line 279.
LaTeX Font Info:    Font shape `LS2/libertinust1mathex/m/n' will be
(Font)              scaled to size 7.0pt on input line 279.
LaTeX Font Info:    Font shape `LS1/libertinust1mathbb/m/n' will be
(Font)              scaled to size 10.0pt on input line 279.
LaTeX Font Info:    Font shape `LS1/libertinust1mathbb/m/n' will be
(Font)              scaled to size 7.0pt on input line 279.
LaTeX Font Info:    Font shape `LS1/libertinust1math/b/n' will be
(Font)              scaled to size 10.0pt on input line 279.
LaTeX Font Info:    Font shape `LS1/libertinust1math/b/n' will be
(Font)              scaled to size 7.0pt on input line 279.
LaTeX Font Info:    Font shape `LS1/libertinust1math/b/it' will be
(Font)              scaled to size 10.0pt on input line 279.
LaTeX Font Info:    Font shape `LS1/libertinust1math/b/it' will be
(Font)              scaled to size 7.0pt on input line 279.

Underfull \hbox (badness 10000) in paragraph at lines 290--290

 []

LaTeX Font Info:    Font shape `T1/LinuxLibertineT-TLF/b/it' will be
(Font)              scaled to size 10.95pt on input line 296.

LaTeX Warning: Reference `tabref:table-a1' on page 6 undefined on input line 30
0.


Package array Warning: Column C is already defined on input line 306.

[6] [7] [8] 
enddocument/afterlastpage (AED): lastpage setting LastPage.
(TSP_template.aux

Package natbib Warning: Citation(s) may have changed.
(natbib)                Rerun to get citations correct.

)
 ***********
LaTeX2e <2025-11-01>
L3 programming layer <2025-12-24>
 ***********


LaTeX Warning: There were undefined references.


LaTeX Warning: Label(s) may have changed. Rerun to get cross-references right.


Package rerunfilecheck Warning: File `TSP_template.out' has changed.
(rerunfilecheck)                Rerun to get outlines right
(rerunfilecheck)                or use package `bookmark'.

Package rerunfilecheck Info: Checksums for `TSP_template.out':
(rerunfilecheck)             Before: <no file>
(rerunfilecheck)             After:  6BEEC23343969DE80476F6E2748279E0;2474.

Package lastpage Warning: Rerun to get the references right on input line 415.

 ) 
Here is how much of TeX's memory you used:
 42325 strings out of 467871
 784790 string characters out of 5418376
 1192617 words of memory out of 5000000
 70008 multiletter control sequences out of 15000+600000
 804741 words of font info for 380 fonts, out of 8000000 for 9000
 1141 hyphenation exceptions out of 8191
 100i,15n,147p,1011b,764s stack positions out of 10000i,1000n,20000p,200000b,200000s
<C:/Users/10175/AppData/Local/Programs/MiKTeX/fonts/type1/public/libertinust1
math/LibertinusT1Math.pfb><C:/Users/10175/AppData/Local/Programs/MiKTeX/fonts/t
ype1/public/libertine/LinBiolinumT.pfb><C:/Users/10175/AppData/Local/Programs/M
iKTeX/fonts/type1/public/libertine/LinLibertineT.pfb><C:/Users/10175/AppData/Lo
cal/Programs/MiKTeX/fonts/type1/public/libertine/LinLibertineTB.pfb><C:/Users/1
0175/AppData/Local/Programs/MiKTeX/fonts/type1/public/libertine/LinLibertineTBI
.pfb><C:/Users/10175/AppData/Local/Programs/MiKTeX/fonts/type1/public/libertine
/LinLibertineTI.pfb><C:/Users/10175/AppData/Local/Programs/MiKTeX/fonts/type1/u
rw/palatino/uplb8a.pfb><C:/Users/10175/AppData/Local/Programs/MiKTeX/fonts/type
1/urw/palatino/uplr8a.pfb>
Output written on TSP_template.pdf (8 pages, 1122215 bytes).
PDF statistics:
 241 PDF objects out of 1000 (max. 8388607)
 86 named destinations out of 1000 (max. 500000)
 82972 words of extra memory for PDF output out of 89155 (max. 10000000)

