question_id,method,selected_slot,selected_source,automatic_error_type,correct,expected_columns,candidate_columns,gold_columns,candidate_rows,gold_rows,difficulty,order_sensitive,tables,sql_feature_tags,candidate_sql_sha256,gold_sql_sha256
Q021,qwen:F00_Full_NoShape,C000,qwen:F00_Full_NoShape,wrong_denotation,0,1,1,1,4,4,easy,1,assets,filter|order-by,55F81C1AC873F824F3F76FD7C83D25F164EC941CF33550C2FBC69A3A03FF9FC9,2198EFD31F4C3DE5080570F611B43AD0FD7047E848954219E9DF97A9F827C3E9
Q022,qwen:F00_Full_NoShape,C000,qwen:F00_Full_NoShape,correct,1,1,1,1,1,1,easy,0,assets,aggregation|filter,D5B25E0025DA4D497DFAD3F205ED0B4E4F4CD5CE017B4F3B94EDC70D69E6D260,F914A2E6E9F067B567649ABA758F096EA3A1E1CB3DDBA17C382A290B9FAF9918
Q023,qwen:F00_Full_NoShape,C000,qwen:F00_Full_NoShape,candidate_shape_mismatch,0,2,6,2,5,5,easy,1,work_orders,filter|order-by|time predicate,CC4C9ADBE3F045DEF9FE5D70831AE1D180D91F392C0897AE519A9204D0ADB479,6AEE6CD3B4332E230E2EC8E78C68AF1603299CB113A49F873577585A88EDA5B8
Q024,qwen:F00_Full_NoShape,C000,qwen:F00_Full_NoShape,candidate_shape_mismatch,0,2,1,2,1,1,easy,1,technicians,filter|order-by,2AE3589C13C9DC755D9F6447FFE778FFDFF8731E2DD17FE1C23BC5ED4E9112E2,4DADD9D2866A7A9EC4CBB9FAB5589851F68C40BE4C9D59E9E3E90DD6C7076DD4
Q025,qwen:F00_Full_NoShape,C000,qwen:F00_Full_NoShape,correct,1,2,2,2,3,3,easy,1,assets,aggregation|group-by|order-by,B9841C8D7B849E587E0CFD4642C36998AFDD4A272DF44BCB292E012BA0848DF7,D29EAC989EAFC3E63F7500F3A9E98EB1F15184AD32C402196341AE3DE68CE4BB
Q026,qwen:F00_Full_NoShape,C000,qwen:F00_Full_NoShape,candidate_shape_mismatch,0,2,1,2,2,2,easy,1,asset_types,filter|order-by,226AF37AD6E8A2CE7AC120E91B4FC54BD90E09A19555E1AB88607FEF655EB110,B7640EEA33B19B3250A81ABCD2181F399349D39D3542338A50610A754D221E5B
Q027,qwen:F00_Full_NoShape,C000,qwen:F00_Full_NoShape,candidate_shape_mismatch,0,2,7,2,3,3,medium,1,technicians|work_orders,filter|join|order-by,9C20BA2C46DD30626D4053DBE7C59E8BF338BDB80A8FE4AF36ECBE38D2CDB1E8,1A4BE67B2091AA4AC2EF17CC24EB74DB5413795CF480B725012D3E636586D7BF
Q028,qwen:F00_Full_NoShape,C000,qwen:F00_Full_NoShape,correct,1,1,1,1,1,1,medium,0,asset_types|assets,aggregation|filter|float|join,D83933EC68795677A4890C0941769ECFBC9451C4CB59BB6BA493262DED152C04,54DDECAFAC5EBB954C06CEC98597A00BD698E828637CBF6D38BEFEAB15B75DD8
Q029,qwen:F00_Full_NoShape,C000,qwen:F00_Full_NoShape,wrong_denotation,0,2,2,2,11,11,medium,1,assets|locations,filter|join|order-by,5A93FF98B6D1F0FFB664872E1644859C892B902F1B590F8A35269FB7FC161530,BBA836A5D8C3143D2E60FFD9DD3BEC47B774DBF87559ED3439AF15FA16EB0FF1
Q030,qwen:F00_Full_NoShape,C000,qwen:F00_Full_NoShape,candidate_shape_mismatch,0,3,1,3,3,3,easy,1,work_orders,filter|order-by,0CBD495E907FC8963BEA8C2798DBA718385B01F565951B6DBFBAC0DFDB2EABBD,2A1E4E60B4A24E54BCE4125A0A1C839E6D0884F564C6332093253FB180F651DF
Q031,qwen:F00_Full_NoShape,C000,qwen:F00_Full_NoShape,candidate_shape_mismatch,0,3,7,3,4,4,easy,1,sensor_readings,filter|float|order-by,4F40CC637421660CC6C2DB044AE25D3D3708B51929EA5B5163D150E040A2488C,5AC44A498A70D6929187195C8CBD762C06CDF8B3457E1BAE0FCA1A60940AE06E
Q032,qwen:F00_Full_NoShape,C000,qwen:F00_Full_NoShape,candidate_execution_error,0,2,0,2,0,5,medium,1,assets|locations,aggregation|group-by|having|join|order-by,67C8A50F6CD51A66A80A262E461B0ADB2F2F6D13C4E9B8D463C11B577D99F4F3,5AC2DBED21AC5DBFE77961A6BC95DE4DDCD8B93728801304EC44E60A601F0F9D
Q033,qwen:F00_Full_NoShape,C000,qwen:F00_Full_NoShape,wrong_denotation,0,2,2,2,4,4,easy,1,work_orders,filter|order-by|time predicate,3DF67A263C5983BECF09C1AD45E68AB22F9EB292370E60328B38A5C691F2AAD7,98CEC50EB6962A60F1AED8C1718E6A1D5E8B8CC51C7BA9A0414BE6C5E27BA955
Q034,qwen:F00_Full_NoShape,C000,qwen:F00_Full_NoShape,candidate_shape_mismatch,0,2,1,2,5,5,easy,1,assets,filter|float|order-by,6995A1B929C3E2A14C9E6802B1D8B03B6800A464EF7572C5FA12AF6D738A9DB4,09483B77157245C6C5E9BE1610FE8B3DCE75A48D699D70318CA8EE18F9086F5F
Q035,qwen:F00_Full_NoShape,C000,qwen:F00_Full_NoShape,wrong_denotation,0,2,2,2,3,3,medium,1,maintenance_logs|work_orders,aggregation|filter|float|group-by|join|order-by,CA2B781542534A1F29A7CA6BA8ED1DF5444C09C9397B46743B6A6E5F56CF864C,5FD52A03AE98A268E5699C1401991628C1D6D6181E4988438C7F336F0E4D737F
Q036,qwen:F00_Full_NoShape,C000,qwen:F00_Full_NoShape,candidate_shape_mismatch,0,2,1,2,1,1,medium,1,technicians|work_orders,filter|join|order-by,40CA959553030BA9B8618655060A1FB2796E7293CAB088B0074F0437C0456905,B2B351D2DD6E4445AF79275FA0F5DA3CFEF62F36CB190170F6DE6E7B351B7943
Q037,qwen:F00_Full_NoShape,C000,qwen:F00_Full_NoShape,correct,1,1,1,1,1,1,hard,1,assets|grid_topology,filter|order-by|self-join|topology traversal,CE3C86125B16A6F2E2B56CDF5047F44B705B1EB7F4F08816D29EBC4E8F15CA53,B045E4DE9620345D0E575188F60F3F6D232B47BAFC5F7586F3FD9766816C2247
Q038,qwen:F00_Full_NoShape,C000,qwen:F00_Full_NoShape,wrong_denotation,0,1,1,1,11,11,hard,1,assets|work_orders,filter|nested query|order-by,76B62188F154BF5BCCF9180D43D86556169C1FA9D94EBEDB2F9F693D2091EF3D,72E745C00A0F58ED2EDD21C2568B8982DD5E2407D404BD000443DEDBCA4ED63E
Q039,qwen:F00_Full_NoShape,C000,qwen:F00_Full_NoShape,candidate_shape_mismatch,0,2,8,2,1,1,medium,1,work_orders,filter|order-by|time predicate|top-k,20601207388674D7452BCA305221E387B4ABCA7745A0BA116DB54A7258305244,B4CD6C00B5DAE5EFF3C6B878426C218E13A252D8819B0FDB38635CF71DF1F323
Q040,qwen:F00_Full_NoShape,C000,qwen:F00_Full_NoShape,correct,1,1,1,1,4,4,easy,1,assets,filter|order-by|pattern,1FA85AF6E42E0D1C18467A7950905899973454812FFB027B69BD43401222913A,8EBE89272A8ED2BDF4276016C69C61E8BA0E215B91DD36A99CCD76381F585F64
Q041,qwen:F00_Full_NoShape,C000,qwen:F00_Full_NoShape,wrong_denotation,0,2,2,2,8,8,medium,1,assets|sensor_readings,aggregation|filter|group-by|join|order-by,10C959D5D4277B44A07984A0081AB690826183846B55A63BEC29C775E8C042AA,3D6D3DCFA6005C015C82447250648EBE4E3D2C89437A232DCA907B5E432725FE
Q042,qwen:F00_Full_NoShape,C000,qwen:F00_Full_NoShape,correct,1,1,1,1,1,1,easy,1,asset_types,distinct|filter|order-by,5DF81763AB43FE8D0A8244FB132469F12FBEEB6D197A9F123AC21BB7B9B1E059,3D176D0A46AABD8359DC958BE56505456BC95FDEE7BECBE95F1CE0C86774A88C
Q043,qwen:F00_Full_NoShape,C000,qwen:F00_Full_NoShape,correct,1,2,2,2,3,3,medium,1,asset_types|assets|locations,filter|join|order-by,589B5502FCBBC1B7CDCC0EA67E885DA81BA07CA1564DE30B36FBD8B83A100B98,3033FB90E3C88DD14F28CAA9D7404B3EC148B8C301D11B44A42DCFFF2AC7CFF8
Q044,qwen:F00_Full_NoShape,C000,qwen:F00_Full_NoShape,correct,1,1,1,1,1,1,easy,0,maintenance_logs,aggregation|filter|float,61982D1BF4E753A85EA2860ABB52A111F2088286249732DE05BAD0B61A5DBF31,2ADB7284D4D878BA558B1AA913DB7A45F11D6E4E96D82B9B24C31B31A8CD997A
Q045,qwen:F00_Full_NoShape,C000,qwen:F00_Full_NoShape,candidate_shape_mismatch,0,2,1,2,1,1,medium,1,asset_types|assets|work_orders,filter|join|order-by,DDABD333E2268058E20EBECE6CF53C01780ABC3F72482284E53D45A4E5B5AC71,C96A6B040E2AE08507B988B863FA1F08DA2A76E2679F16FB276DEB323238B8FA
Q046,qwen:F00_Full_NoShape,C000,qwen:F00_Full_NoShape,wrong_denotation,0,3,3,3,3,3,medium,1,assets|sensor_readings,filter|float|join|order-by,7889573301DE0C0CCC24808B24B1975CAFD7888A206F0E012DA90157B6CA199B,692D6D9F23FE1084D1FEA9495BEE1D8809875B8893DA96A93EF414656FE34C59
Q047,qwen:F00_Full_NoShape,C000,qwen:F00_Full_NoShape,wrong_denotation,0,2,2,2,6,3,medium,1,asset_types|assets,aggregation|group-by|join|order-by,2FAA392440E390004585ACF0DA01C71ADF7952E200FCAE79ECA25CA455CE6379,39F74338A2111F1EF34E04009D586A004D16B93BB80B956F375D76FC7972316C
Q048,qwen:F00_Full_NoShape,C000,qwen:F00_Full_NoShape,candidate_shape_mismatch,0,2,1,2,5,5,easy,1,assets,filter|order-by|time predicate,0ABC2C166687493717CE928F1B6D5A7556795B3C6798415C98ABF6DE49303CC7,790D535AA128B306F6ED938E9B2A5718BBA0EC628B2242375539FF7846C52141
Q049,qwen:F00_Full_NoShape,C000,qwen:F00_Full_NoShape,correct,1,1,1,1,1,1,medium,0,maintenance_logs|technicians,filter|join,11BB2BAACF4977368DCCE23EE2535C9FE26569BFED74225D3541991481D99E02,EE416EF7F4C0E0F5585050A84A1C02C05AFFA18D60380281ADBC92E3FF62F8AB
Q050,qwen:F00_Full_NoShape,C000,qwen:F00_Full_NoShape,wrong_denotation,0,3,3,3,5,5,hard,1,assets|grid_topology,filter|order-by|self-join|topology traversal,12CB226458D546A7B4C5A7D6A29425874AEEB0B789550258E636B5ED90A7D052,1F3AE954A1BCAB25CEB1EC2272A14D51F35A6474CCBF8D48287C845763F751AF
Q051,qwen:F00_Full_NoShape,C000,qwen:F00_Full_NoShape,candidate_shape_mismatch,0,2,1,2,1,1,medium,1,maintenance_logs,float|order-by|top-k,6CD5BFC27832530426B70871A322FF87238E9495F3AFA1785990C7FD1A5667D8,8186C9B7C74D7153D2A3E5364F5AD2ABC02DA97A428E332303F868640A96606B
Q052,qwen:F00_Full_NoShape,C000,qwen:F00_Full_NoShape,candidate_shape_mismatch,0,2,1,2,3,3,medium,1,asset_types|assets,filter|join|order-by,632246FF949883071FCD494742F01F1444620DE4AE7BE8858BEED5B39D77738D,85DF82AC2ABE10DD5ED6C6D984D4D687FE6CE678589BC733F59070004B547B73
Q053,qwen:F00_Full_NoShape,C000,qwen:F00_Full_NoShape,candidate_shape_mismatch,0,3,1,3,2,2,hard,1,work_orders,filter|order-by|scalar function|time predicate,93119382A32A7F2483E29C3E293671FE2B4DB789515D9E539252F525BDEE3D55,3EAE7BE8AF8CF36D1703C80633D8B0CE6180A8A5F4FF5EC524C2106E40CEDDF5
Q054,qwen:F00_Full_NoShape,C000,qwen:F00_Full_NoShape,correct,1,2,2,2,4,4,easy,1,sensor_readings,aggregation|group-by|order-by,0209579551C7C143494FC829E3BB901AC7C119B99EA9A1E1DFA4779AF45B9E4E,D8B52409C7C001AEAAFCE4E0ABE9E04718FC18D305762DFDF40537090C9269BF
Q055,qwen:F00_Full_NoShape,C000,qwen:F00_Full_NoShape,wrong_denotation,0,1,1,1,2,2,medium,1,assets|locations,filter|join|order-by,22ED189C6D32113248D61E534405B59ECFDBDECDF0ED9E6236EEB4C0F6F10600,D415506393250DA3C55B5152424D2C8CE60A8106C2C445DD502A049F00EB2C79
Q056,qwen:F00_Full_NoShape,C000,qwen:F00_Full_NoShape,candidate_shape_mismatch,0,2,4,2,15,3,medium,1,technicians|work_orders,filter|join|order-by,CBCF05A5B695CC5724546A0DC8D8F986532E9743024686E9FAA02519391CB6C4,4289E1781826F34A34DD523F831378B0936CB18EE72A25056922A9ABEFF7589F
Q057,qwen:F00_Full_NoShape,C000,qwen:F00_Full_NoShape,correct,1,1,1,1,1,1,easy,0,sensor_readings,aggregation|filter|float,8BBB9F99606D5B41A0793D52C17AF6437411454A89A5C324740BC5201B69D032,E83BCDA26C405F53453C322BC9A153554DFB63AD0414921B833DAB23BFDCDA57
Q058,qwen:F00_Full_NoShape,C000,qwen:F00_Full_NoShape,wrong_denotation,0,1,1,1,6,3,hard,1,locations,distinct|filter|nested query|order-by,D7D55DE9664B26E85D0DECAB22188E5B54957F227752DDEC8578BB179B403DBA,117CE18E62A2C6F5B6F1A2D1049CA245877A54DEA51FF8654B501AA2147D96D6
Q059,qwen:F00_Full_NoShape,C000,qwen:F00_Full_NoShape,wrong_denotation,0,2,2,2,4,18,hard,1,assets|work_orders,aggregation|group-by|left join|order-by,54A8FAA88C1E292727EB2C4A0A63A6124AA613DFD275FF48A668BD93B56DCF45,3DFAC6294FA48460FE07FC0DEED4527955CA9F7EA62EDB72EFEF66A5219701E5
Q060,qwen:F00_Full_NoShape,C000,qwen:F00_Full_NoShape,wrong_denotation,0,1,1,1,10,10,hard,1,assets|sensor_readings,filter|nested query|order-by,4311F9BF5AC5A005E8A014C1E2BC7B44FA89A1F92BAFBFBCF05AF9E9697FCAF8,8DFC0FBE8CC2393C9F4E29E4FCF12CC084574B2C95E1934AA8B0CF40486323AC
Q061,qwen:F00_Full_NoShape,C000,qwen:F00_Full_NoShape,correct,1,2,2,2,1,1,easy,1,asset_types|assets,filter|join|order-by,E1F589BBB18C1D4942514FAB692F9757856A2B31C0B41503CCF0CC679AA5CCB7,CB8A8CA90B5B5B65811AA50547961910F48DD4D22DC465C65D740863041AF421
Q062,qwen:F00_Full_NoShape,C000,qwen:F00_Full_NoShape,correct,1,2,2,2,7,7,hard,1,technicians|work_orders,aggregation|filter|group-by|left join|order-by,6EA6AB3E8E37B4355FDEDDF0142B324ED5EA6077F5FD266425A8947E7B64829C,D5FE9AD86D37A053D4D7A70DB8044F96A7D0DA521ED50AEA86C7C4DE091EA3E1
Q063,qwen:F00_Full_NoShape,C000,qwen:F00_Full_NoShape,candidate_shape_mismatch,0,2,8,2,1,1,easy,1,work_orders,filter|order-by|time predicate,933C28F1004C9B4F3A9FB1AB3BA09990E14A91F98F4239FE1C3D4ED29A425667,9BC61C0E25D15E080395150B61ED05DC6A342608FE1BCB66CBB3165CAB232AC0
Q064,qwen:F00_Full_NoShape,C000,qwen:F00_Full_NoShape,candidate_shape_mismatch,0,4,2,4,15,15,hard,1,assets|sensor_readings,float|join|nested query|order-by|time predicate,5DD5603BEDC0A83823087335F670348C09CA4710BE1F655ECE2EB83E0A7CAEAA,3668AF6F317F360422A127A07D15C6520B21A32029142BA9B9C9FF430E0EDC43
Q065,qwen:F00_Full_NoShape,C000,qwen:F00_Full_NoShape,wrong_denotation,0,1,1,1,4,4,easy,1,assets,filter|order-by|pattern,A0EB5B6158011E57C84403D46EF0E996EFD2435CA19368508DE43C3412F0E831,C5BD5C26B91224A6B61EF52388B9D8E6E901CB40A83BC61A526D27093BA499E4
Q066,qwen:F00_Full_NoShape,C000,qwen:F00_Full_NoShape,correct,1,1,1,1,7,7,easy,1,work_orders,filter|null|order-by,B9957B17694AC2ADF72CBA01DC6B16BAB1DC5C9E6BD22154DF387AEBA37CA38E,73EC29EE90BE10D52AF1B9A6E6637C370408ADF28CDE872950CF0721E464A6F8
Q067,qwen:F00_Full_NoShape,C000,qwen:F00_Full_NoShape,candidate_shape_mismatch,0,2,8,2,2,2,easy,1,maintenance_logs,filter|order-by,1FC4330B0484D8DE75143CF1F872F5F37FA553644218E7208BB5908C81221515,8A3CA45B2951961D067C5F1853776756E2E634AFA005BD7DBA46152A8A26599A
Q068,qwen:F00_Full_NoShape,C000,qwen:F00_Full_NoShape,wrong_denotation,0,2,2,2,6,6,medium,1,asset_types|assets,aggregation|float|group-by|join|order-by,99C6C8200C6213230590869578A4A073C78CACC70DA2D13050C27CC96EBEE5BD,85CFEF7B936CE99C93FE7B3FA4D790D3A62A1C3610D4406C2FB446EF88721A92
Q069,qwen:F00_Full_NoShape,C000,qwen:F00_Full_NoShape,correct,1,2,2,2,2,2,medium,1,asset_types|assets|locations,filter|join|order-by,64FC04748004659A8E350648FEEFFCF71CD91C47004676D8C2A955E156423F0D,4C9A53FDA153DBC282E75ED5D8A8271290B409B3983EC5245A5A355FCD513F55
Q070,qwen:F00_Full_NoShape,C000,qwen:F00_Full_NoShape,candidate_shape_mismatch,0,3,1,3,2,2,medium,1,grid_topology,filter|order-by|topology traversal,8E6978330D07E8DA7EAE580E799EE5774BB30BF9DEB3850112A61E57A9096FE0,DE4AB58DD907088525A343A7DAEBD70C2E24266A926BA47803FD436F0A020578
Q071,qwen:F00_Full_NoShape,C000,qwen:F00_Full_NoShape,candidate_shape_mismatch,0,3,8,3,1,1,medium,1,assets|work_orders,filter|join|order-by,C69E779D857DF72DF05D2DAA8ADE6B137E35AD8696453BD5C10C26C5B50B076D,E97FEB511A72F5242C5B426C15B5B68C0AC52AB5CFAA307E2F2BE34D1DCF1583
Q072,qwen:F00_Full_NoShape,C000,qwen:F00_Full_NoShape,correct,1,1,1,1,1,1,easy,0,locations,aggregation|filter,6CA07808FEA4556710BDA8FD4B1F1FD4B49212F172BE31673FC1B9B14D1F0256,95EAB691F3A87564414FB116CCC94458C67C735A9958F15C840959E7DB9879CB
Q073,qwen:F00_Full_NoShape,C000,qwen:F00_Full_NoShape,wrong_denotation,0,1,1,1,5,0,hard,1,technicians|work_orders,filter|nested query|order-by,B982CD5465BB0D8294FB460DDDEAE667ECFC154C4EF6466066427F34CEA88A15,EA2420FEE687FD65F202317C768EA6E3DC6FD466407B8319A0595851D188137C
Q074,qwen:F00_Full_NoShape,C000,qwen:F00_Full_NoShape,candidate_shape_mismatch,0,2,1,2,1,1,hard,1,asset_types|assets,aggregation|float|group-by|join|order-by|top-k,6D8B280D5E6E4CC847E1BA4DA938135B1F7DE9C9E1681E71122236FD78274411,B3B989D9A5ABEE1F604FA90721954855A1D98E68FACCAD5A30A70A72116F86E3
Q075,qwen:F00_Full_NoShape,C000,qwen:F00_Full_NoShape,correct,1,1,1,1,1,1,medium,1,technicians,filter|order-by|scalar function,CB38B12F6486A9B67111967D7AC4116EF2F27E3393F8F562CF38B2C83A0D7A41,8075FFA2B3AD5DABD5BC301871642C493AEFF0E21B13E50DF735B53208C4E3F9
Q076,qwen:F00_Full_NoShape,C000,qwen:F00_Full_NoShape,candidate_shape_mismatch,0,3,10,3,8,8,hard,1,assets|locations|technicians|work_orders,filter|join|order-by,ABA537911672B1861F325E111ABCFC0CD0D50C44B68E11C5C301577624D7AD80,AA5687CCFF7ED2B6D7D26AF69D1CF935236DDB5C496DA6F59BF2CB5194DC765F
Q077,qwen:F00_Full_NoShape,C000,qwen:F00_Full_NoShape,wrong_denotation,0,1,1,1,6,6,hard,1,assets|sensor_readings|work_orders,distinct|filter|join|nested query|order-by,F5D33E84924EA5311398F3BE8B7C0E8CE9CBDEE35B6DAC46A59D7EAE5F48ABEE,3A581069DD8A71B35ACBBF96C143EF11E799EF3534FA97CB6EDE4228C5CCAFE0
Q078,qwen:F00_Full_NoShape,C000,qwen:F00_Full_NoShape,wrong_denotation,0,1,1,1,1,1,medium,0,maintenance_logs,aggregation|filter|float|time predicate,19AC4C47236BD4277886DF4C20796B1C9885E17C15C02F4F4FAC49108E13EDC1,189994EC16E232110E615D509BA67D7EB2D5E3DA5EEBE8800A9A217765A6DE0D
Q079,qwen:F00_Full_NoShape,C000,qwen:F00_Full_NoShape,candidate_shape_mismatch,0,2,1,2,2,2,hard,1,assets|grid_topology,aggregation|group-by|having|join|order-by|topology traversal,637684FAC730AA6CCA6032308F6274504D089E1B29FA9D3FF15FBB68975E1AF6,BF4F0EA342B7028E01793072D85D1178814F555A8FA5378F3192C135BDED2615
Q080,qwen:F00_Full_NoShape,C000,qwen:F00_Full_NoShape,candidate_shape_mismatch,0,3,13,3,4,4,hard,1,asset_types|assets|locations|work_orders,filter|join|order-by,7E5CD87FADA85D8D749954063FC27D5699446C19E7EC1677D3EC5796D9A596C0,56DC4BFED3DB08B1C0326C1F215763519AAE73E65A2E9B35E688A92A2CB84E6B
Q081,qwen:F00_Full_NoShape,C000,qwen:F00_Full_NoShape,correct,1,3,3,3,1,1,medium,0,asset_types|assets|locations,filter|join,7C6AA8331CB1EA30533B0392B660823C88012CBEDDD371AD6A6F37B65FB9FE0E,B5DFF96C6059A8199759F61599CEF41B66796187405AC66FBA00C76616BF4C3E
Q082,qwen:F00_Full_NoShape,C000,qwen:F00_Full_NoShape,correct,1,3,3,3,1,1,medium,0,asset_types|assets|locations,filter|join,5EE929892BA6AF4AC80B97E5B7746879326E44772C0C02B960EE3F6B385FD553,5907FBC3F9F3722B44678B02D9B02222BE4AA59CFA5D97407A69E90B2B9B2F95
Q083,qwen:F00_Full_NoShape,C000,qwen:F00_Full_NoShape,correct,1,3,3,3,1,1,medium,0,asset_types|assets|locations,filter|join,A8C1087E127E4B939C564F4DEBC1BD2AFD932F51A67D383D69525E21B8A08266,7BEBBDB5539972BBDB52996E31053D376CDE31AF40998FEFDA5D143B8A068CB3
Q084,qwen:F00_Full_NoShape,C000,qwen:F00_Full_NoShape,correct,1,3,3,3,1,1,medium,0,asset_types|assets|locations,filter|join,DB325846FF3C3605A81C849813E647251C8700D8D5CE5F3AD4536728ADF9E18E,E9B608A9FE56DD4A70F4BFB2BE6A57DFDCD5857163DB2E40DB8790E68C0E983B
Q085,qwen:F00_Full_NoShape,C000,qwen:F00_Full_NoShape,correct,1,3,3,3,1,1,medium,0,asset_types|assets|locations,filter|join,F4F80A494ED244F7158D3293A3BB7B52595CD0D3B4B3282CB1EE3AE64A0D5DDC,BE47859E9627B4953A38F609DBC5096697D6F691E646B1F0325383F8AF193E6E
Q086,qwen:F00_Full_NoShape,C000,qwen:F00_Full_NoShape,correct,1,3,3,3,1,1,medium,0,asset_types|assets|locations,filter|join,8EEBAAA7081BC7482BF9C0DC68195AA84E08119CAC316BD7BCB7C4D19395C616,AD8C5AE8369AAD1CD2D29F12FEBEE5833F05100C2BD337D93549AEF9E8DE16FA
Q087,qwen:F00_Full_NoShape,C000,qwen:F00_Full_NoShape,correct,1,3,3,3,1,1,medium,0,asset_types|assets|locations,filter|join,CBDF469CBCB2D55BF2C9FB85B1515FE0F4043C326C701D3B48E12A679816E419,EC610E6CB8DAE78AF9A630AB0327E4D83BF7E869679B118E9B4F3AC80A125542
Q088,qwen:F00_Full_NoShape,C000,qwen:F00_Full_NoShape,correct,1,3,3,3,1,1,medium,0,asset_types|assets|locations,filter|join,013744DC08499748C37421C17D13D9CDC9F95975CFA6B1553F226343EC24A294,AB06F6AE1D6A86C92475A4CAB67407D223CDEF7E023A33888D45D7474FBEF815
Q089,qwen:F00_Full_NoShape,C000,qwen:F00_Full_NoShape,correct,1,3,3,3,1,1,medium,0,asset_types|assets|locations,filter|join,CF1E1938AEF0999C50E16B8D719880C486B76444EE00D121F8F36CAF0EE11AE5,78DE4B7992B28BB07F2B0EEA4DB6D9B805E2B672F8AA3AA7A8EC1C15ADF6F8C0
Q090,qwen:F00_Full_NoShape,C000,qwen:F00_Full_NoShape,correct,1,3,3,3,1,1,medium,0,asset_types|assets|locations,filter|join,C60E3572C046FE28F80164BFDD04A76894EE9FF72AE7E32D9D59A68A2D5627D2,F2995887A6CDE41BAE098E58C25E5FE4A6FC18517FBDFD424ECDB715AADC1B76
Q091,qwen:F00_Full_NoShape,C000,qwen:F00_Full_NoShape,correct,1,3,3,3,1,1,medium,0,asset_types|assets|locations,filter|join,4EBA8AF7CFD8895B18A911824BFF5FF4F462FD489C1CDC27914C4E07C02AFDBC,C90ADD655689FCD9911FDA1120AE5F0439C0E554E9CB8C8DF1BF70881774653C
Q092,qwen:F00_Full_NoShape,C000,qwen:F00_Full_NoShape,correct,1,3,3,3,1,1,medium,0,asset_types|assets|locations,filter|join,A8BFDA04991592DD3CEDB7F45785E7992DD2F068E51704C7BE027D6127A9DD9A,8C7606BCDD6CFBA13724611294FE27BA6416EAF37F7B0A9A7BA4CF7F2840E2AE
Q093,qwen:F00_Full_NoShape,C000,qwen:F00_Full_NoShape,correct,1,3,3,3,1,1,medium,0,asset_types|assets|locations,filter|join,731111BC5E2ACB61861302255978F4C11B19BBC54F610E640B92B64E906F8E04,80AA5E635828D15D65DE1C95E333A7C29B831D491A1AAB2C3B4AF00FA7524316
Q094,qwen:F00_Full_NoShape,C000,qwen:F00_Full_NoShape,correct,1,3,3,3,1,1,medium,0,asset_types|assets|locations,filter|join,C2E2DF54A85C10848727A14FEF927B01E06D3637BB3AD93C3F1E4BD7D7C45FBF,72A4EEC70FE114219C53C3B3BDB8956BAB9A8F048CF56A4EC08DCCDB2F00013F
Q095,qwen:F00_Full_NoShape,C000,qwen:F00_Full_NoShape,correct,1,3,3,3,1,1,medium,0,asset_types|assets|locations,filter|join,15BDCE5F630526076AFA10BAEE4BCDCE161CFBA948113B13EEED01DF63E4CB34,26D884CC511DBF8DCE2BA5F82EB15338F8DF136F43F11EF608B9CB5A0125BFFF
Q096,qwen:F00_Full_NoShape,C000,qwen:F00_Full_NoShape,correct,1,3,3,3,1,1,medium,0,asset_types|assets|locations,filter|join,93C283CC73431533C707EDF36BCB6E61EF5E86918F1F5DB30D6AB804BCFA38F5,D7A4E1B40F05EE267E53226B4C3B2AD861809C274003AFDB2DC6103556EF15BC
Q097,qwen:F00_Full_NoShape,C000,qwen:F00_Full_NoShape,correct,1,3,3,3,1,1,medium,0,asset_types|assets|locations,filter|join,868BFDDE5DA9AB55305464ACC1490285643B491CD3E97226B33A0E97A6546C25,F5EC9300EA6C17C34C465780B1B3B1AF5C281D823AAE63B38AAEA0943779E901
Q098,qwen:F00_Full_NoShape,C000,qwen:F00_Full_NoShape,correct,1,3,3,3,1,1,medium,0,asset_types|assets|locations,filter|join,71529376EC84A99D77DA357CACFF1BE4ED35C84F89E2AAC8E52CB601512593C0,2C0C09F5495E655CB3AAE807E7D9ED40B69561C9DE1C4481CA8935F94D119B46
Q099,qwen:F00_Full_NoShape,C000,qwen:F00_Full_NoShape,candidate_shape_mismatch,0,3,6,3,1,1,medium,1,assets|work_orders,filter|join|order-by,22922D15B06DA23B30B48D5B8A34099BF8446524D56D3FA411CFCB12EB098986,6BF9EBE685BB1E6B61F9AD8B1B4FC8220894AEFB6A787DA91E08B6766DEB8980
Q100,qwen:F00_Full_NoShape,C000,qwen:F00_Full_NoShape,candidate_shape_mismatch,0,3,6,3,1,1,medium,1,assets|work_orders,filter|join|order-by,76D47BEB60CC970D29D11913AC247E4D630678559134EF48635F355967B1BF91,D71A3F8AB7F6C275DA1810FA42D3F080E31986F00F4D37EEF1710E34D8F02D47
Q101,qwen:F00_Full_NoShape,C000,qwen:F00_Full_NoShape,candidate_shape_mismatch,0,3,6,3,1,1,medium,1,assets|work_orders,filter|join|order-by,C06D8955DEE99BED4D19A8717D12EAC1DB91076E1E11BFE303B123FCE6D601D9,9E554A31806BDEBEF5515422C23D4B4B54F69A2383A30770E2496EE85235414E
Q102,qwen:F00_Full_NoShape,C000,qwen:F00_Full_NoShape,candidate_shape_mismatch,0,3,6,3,1,1,medium,1,assets|work_orders,filter|join|order-by,756AC11DF6E64291CEF00436D16F2C71BEE3E2528ADE39736324405AF9C1357D,B91FC88F8737230FD282F58A0C69BC42A1DE8D99665299EF53B09E57C7512DE1
Q103,qwen:F00_Full_NoShape,C000,qwen:F00_Full_NoShape,candidate_shape_mismatch,0,3,6,3,1,1,medium,1,assets|work_orders,filter|join|order-by,4459A79CF8F06B0C88429A6F9979A5FF1463872572509E5818A3DD7A12E12927,C386265AAB4973D3DC9FBC7633211E0BC9312C72B649097932B1819450C922BC
Q104,qwen:F00_Full_NoShape,C000,qwen:F00_Full_NoShape,candidate_shape_mismatch,0,3,6,3,0,0,medium,1,assets|work_orders,filter|join|order-by,9E8BB4E8FCC5179D3308D35EA0F3FD3961345B38F842B47A90BCB6FC0E620FA3,41AF7A63B404C8F1F460E26A3EAC59A9A25A503835E2A473A9C172D2FF945282
Q105,qwen:F00_Full_NoShape,C000,qwen:F00_Full_NoShape,candidate_shape_mismatch,0,3,6,3,1,1,medium,1,assets|work_orders,filter|join|order-by,88D49B119B86DE5B4774AA92543FD67CD1E0A25D842C4DB034E4CD8E63B7D6B7,9A87A0113FB5B583C3E278A16AB9681F3380F6F743363449CD2E9606D64555CB
Q106,qwen:F00_Full_NoShape,C000,qwen:F00_Full_NoShape,candidate_shape_mismatch,0,3,6,3,1,1,medium,1,assets|work_orders,filter|join|order-by,828AAB6E7AC58A3C80C425656A40B9BC123F86CD2768F7CAB10BB556A1DF2995,ABC385CDC88056C5B240CBB1CBF71D84FA00AAF5F2D1A0016012A05C9FE63AA9
Q107,qwen:F00_Full_NoShape,C000,qwen:F00_Full_NoShape,candidate_shape_mismatch,0,3,6,3,0,0,medium,1,assets|work_orders,filter|join|order-by,251FB58CD353AD66B9198128445EF0EA7ED19B8B785EAC9EDB4FB68EC4EE3D2E,92CD6A92EA310D3EF3D24DF6FD0EF1DB23D6F439F5C40EBD548AD297CC29C55D
Q108,qwen:F00_Full_NoShape,C000,qwen:F00_Full_NoShape,candidate_shape_mismatch,0,3,6,3,1,1,medium,1,assets|work_orders,filter|join|order-by,19FBE8D7687FDD5C10AB5F80ED947C5ABC236717697DA7DC9CE24C81EE9D7472,CB6B1F12686B8F23DE9AB1A591B17B55257DC5B84CF97EDC158E742AB5593C4D
Q109,qwen:F00_Full_NoShape,C000,qwen:F00_Full_NoShape,candidate_shape_mismatch,0,3,6,3,1,1,medium,1,assets|work_orders,filter|join|order-by,47638FC21B63DCFA5AE61EDD6C501881DAF5E535CC2961D88D57471A9BC41017,CA891F2337BC1FABC1EDA04BF4318D3BD5F81EE4556115D682E97ABE45439A62
Q110,qwen:F00_Full_NoShape,C000,qwen:F00_Full_NoShape,candidate_shape_mismatch,0,3,6,3,0,0,medium,1,assets|work_orders,filter|join|order-by,50B3324241B4CE3DD9EE40F53A50F42D933C67AD22B282F6819423987267D9C7,1F87F45858C889D3425AFBDDCDEB10D5915FBFF7D93B3E5A204717DC800E1499
Q111,qwen:F00_Full_NoShape,C000,qwen:F00_Full_NoShape,candidate_shape_mismatch,0,3,6,3,1,1,medium,1,assets|work_orders,filter|join|order-by,F705AEAE0AB1460A6D757816F45ECCC0B4D740D1DC6A7D1FB0C12B3183456C2B,82F9129BF81A30B5E70DD063E12B3D72E1EF7A64810C18CFF2A4489065CD6614
Q112,qwen:F00_Full_NoShape,C000,qwen:F00_Full_NoShape,candidate_shape_mismatch,0,3,6,3,1,1,medium,1,assets|work_orders,filter|join|order-by,C6DFEDA9F3CE99B378C6AAA3270125CD10D409CA38E186EDB862624A5F5FD4A7,A8224D1F700D864B9A1A7ED63F945DEFD172078F0DC7A07137B6AA3A15658BA4
Q113,qwen:F00_Full_NoShape,C000,qwen:F00_Full_NoShape,candidate_shape_mismatch,0,3,6,3,1,1,medium,1,assets|work_orders,filter|join|order-by,B991D56DC02D379D496973F25E925500E2CE82239A06A514289288BB63317C21,BCF472BEA807A36A0A6146014EB6B342D54472212ADC8E37F45C09ED82DF1DB0
Q114,qwen:F00_Full_NoShape,C000,qwen:F00_Full_NoShape,candidate_shape_mismatch,0,3,6,3,1,1,medium,1,assets|work_orders,filter|join|order-by,B16B41531E1C5C40A08BF8EA25E9B12793D6B3803FB02099E793BFB2EE3FA500,E97FEB511A72F5242C5B426C15B5B68C0AC52AB5CFAA307E2F2BE34D1DCF1583
Q115,qwen:F00_Full_NoShape,C000,qwen:F00_Full_NoShape,candidate_shape_mismatch,0,3,6,3,1,1,medium,1,assets|work_orders,filter|join|order-by,5C271A4072AE1F8A2EC4B47127C605A9BD8008B9A74E1526FC8A3F2D7F483AB5,9FEDD4D8A154A5979AB6353D353EF5729594B3018ECE5AEB20824FCC6C1D9A94
Q116,qwen:F00_Full_NoShape,C000,qwen:F00_Full_NoShape,candidate_shape_mismatch,0,3,6,3,1,1,medium,1,assets|work_orders,filter|join|order-by,6A7CBF348F03FC681484C74E8C3701CC6CB234341223BA0C29AB70543373F88E,9C493A195F29C0AB271B65A6DE85273D13DFE693DC84B3DF1755BBEC92C8150C
Q117,qwen:F00_Full_NoShape,C000,qwen:F00_Full_NoShape,candidate_shape_mismatch,0,4,6,4,1,1,medium,1,assets|sensor_readings,filter|float|join|order-by|time predicate|top-k,69B3FD42EC4FBEB346C030F11F0DC03930B3B68DC75F5916F4258256A59318E6,ADDB11C32923185E4B1B5D4FAF244BB15F14A267EB51F4A4E1042B99C6CFAC41
Q118,qwen:F00_Full_NoShape,C000,qwen:F00_Full_NoShape,candidate_shape_mismatch,0,4,6,4,1,1,medium,1,assets|sensor_readings,filter|float|join|order-by|time predicate|top-k,C06BF35A4A07228B0B6F2FE9166B2718AB49689700A5DBFEC92E66CE9CD53B18,6C2CE94927FE1ED8110277B2991EB547D2F0DED199533691FF05F7A8AF570602
Q119,qwen:F00_Full_NoShape,C000,qwen:F00_Full_NoShape,candidate_shape_mismatch,0,4,6,4,1,1,medium,1,assets|sensor_readings,filter|float|join|order-by|time predicate|top-k,FA0D1B13F7E2440622C88463B47B51EBF1C4F1A2797AA986D612881F2CF1CAEA,235D55B60C02355C29746D04A7A4CD7F52DF41E442EE169FCD3F3A03CD004476
Q120,qwen:F00_Full_NoShape,C000,qwen:F00_Full_NoShape,candidate_shape_mismatch,0,4,6,4,1,1,medium,1,assets|sensor_readings,filter|float|join|order-by|time predicate|top-k,EA39C2E9C9668E845FA723E5EDCD4FD41D7B429D2CE8F614743D92B1C80DB141,C538A82A512A0972EFCFEF46D832F24EDA184A51136A4E6375FC335EB27B5DE9
Q121,qwen:F00_Full_NoShape,C000,qwen:F00_Full_NoShape,candidate_shape_mismatch,0,4,6,4,1,1,medium,1,assets|sensor_readings,filter|float|join|order-by|time predicate|top-k,8C3FE4799451CC2FF7205FF0EDE22E4188F56F0CD1E1A9C1C5DF7454D0334BF9,38D2BE7FBE3C6C649A1B5FA80ACBEEF334758BA2C540752007AC4561E174B1BD
Q122,qwen:F00_Full_NoShape,C000,qwen:F00_Full_NoShape,candidate_shape_mismatch,0,4,6,4,1,1,medium,1,assets|sensor_readings,filter|float|join|order-by|time predicate|top-k,4DC00026176930FF7DA084855DC1BF34B7CE9CA9B686D53E6CF7327A9F37BE95,F39EF13DC8ABDEE58F9EB1B202C277013B7B800B148381AF26EA6775491ECF7E
Q123,qwen:F00_Full_NoShape,C000,qwen:F00_Full_NoShape,candidate_shape_mismatch,0,4,6,4,1,1,medium,1,assets|sensor_readings,filter|float|join|order-by|time predicate|top-k,02E00681CAAD11E42C0C2D6974B60772659B756C7ACFED455D527B0C4A578862,1BC2E46D210D620AAF5C84F771E1E5581E2642CE844524674C2B2F589DC9FAB2
Q124,qwen:F00_Full_NoShape,C000,qwen:F00_Full_NoShape,candidate_shape_mismatch,0,4,6,4,1,1,medium,1,assets|sensor_readings,filter|float|join|order-by|time predicate|top-k,0B1400F6A6A8C41E1B7959102B08C8F66201BDFC9D98A08023B6E8DE2512A15A,A290DB31E66C08B49FC8C381F2F60A0BD658ACBB2AEA91A4A5C96575AE60160C
Q125,qwen:F00_Full_NoShape,C000,qwen:F00_Full_NoShape,candidate_shape_mismatch,0,4,6,4,1,1,medium,1,assets|sensor_readings,filter|float|join|order-by|time predicate|top-k,00A6A4B0E3169545EE626B80021ACC628DCEB996FC9A10D5E19502157F086FFC,7992EEE72D9FD9518655D7883286F6CB288BED666AD4716BE67643D7CDF04F5C
Q126,qwen:F00_Full_NoShape,C000,qwen:F00_Full_NoShape,candidate_shape_mismatch,0,4,6,4,1,1,medium,1,assets|sensor_readings,filter|float|join|order-by|time predicate|top-k,3CD55E9F6C50137BD061F7CACF58AC462854DCA63BCD4FF8A094354291CF2FB6,51DCC1CF59797FDB8D524E21A8085A4B1C32D7753B2428EB1AB377F9CD3DC134
Q127,qwen:F00_Full_NoShape,C000,qwen:F00_Full_NoShape,candidate_shape_mismatch,0,4,3,4,1,1,medium,1,assets|sensor_readings,filter|float|join|order-by|time predicate|top-k,810243E8DB0433F47E2CBC4839A9908030DCC8C5774C1E176F2AD034EEC7C210,A117A0E5D5CA594A8D37A55430C71E3AD7C33D86B2891BF2E96A4297744253E1
Q128,qwen:F00_Full_NoShape,C000,qwen:F00_Full_NoShape,candidate_shape_mismatch,0,4,6,4,1,1,medium,1,assets|sensor_readings,filter|float|join|order-by|time predicate|top-k,8F91777B465CA6D253E60FA7E7D6DDBF98CD2687D696BA4839F2108CA620D6C9,BB81A8F11DA0187DA28E4D6AD68735970ACB5A2AFC07414BD2427DB0A369C598
Q129,qwen:F00_Full_NoShape,C000,qwen:F00_Full_NoShape,candidate_shape_mismatch,0,4,6,4,1,1,medium,1,assets|sensor_readings,filter|float|join|order-by|time predicate|top-k,776CFDD72FC5388619D44DCE6555DD89F899773555F54F260FB73C36306344AF,8CA57CC09F45306A7B17C7CF6513E8374167574D8555012E6AE7FF89181B04E5
Q130,qwen:F00_Full_NoShape,C000,qwen:F00_Full_NoShape,candidate_shape_mismatch,0,4,6,4,1,1,medium,1,assets|sensor_readings,filter|float|join|order-by|time predicate|top-k,BC8C5396D25C2CA1811EE1143E55132D3940A30AA5A722F7A7697349BB573D3F,66009698E99F05D64B9A5E5BE82CA02620C032CF817352FD25624D9FA0493B18
Q131,qwen:F00_Full_NoShape,C000,qwen:F00_Full_NoShape,correct,1,1,1,1,1,1,easy,0,assets|locations,aggregation|filter|join,223DEE7C8DF83D00B969F43E89CF9DD60362ED354FB528EA9585BF98396F7C9B,926DAC82557721913B5B755DEF4E6D7902333789F9AFF24165E7D060F583B4D1
Q132,qwen:F00_Full_NoShape,C000,qwen:F00_Full_NoShape,correct,1,1,1,1,1,1,easy,0,assets|locations,aggregation|filter|join,F38A3F0C58F6E2A6B684A252D0680FED9BA1EF286DDE6D8DD6BC35FDF2EC5F0F,87F227DF6F9A9C2278171B0FA86333BBFED04EF17B9C027C1C384F7A5604A920
Q133,qwen:F00_Full_NoShape,C000,qwen:F00_Full_NoShape,correct,1,1,1,1,1,1,easy,0,assets|locations,aggregation|filter|join,7C85FE5EFEA87042EEF89660587B1DF8C35C0A21DEF38B58674FCFCE198C1C92,82FFD9A8D5E5FC223E7AF549EE3F28D5BB90775E46E60BED0EB7EC4181944C36
Q134,qwen:F00_Full_NoShape,C000,qwen:F00_Full_NoShape,correct,1,1,1,1,1,1,easy,0,assets|locations,aggregation|filter|join,2809822C0EE05D06A953B1631684DD86BB446EF38218D0197D7372B2CC1FD69D,5868892DB40C5387F6F38780322F8B7726F2AC0E3807C27476D38BCC6BEA2C96
Q135,qwen:F00_Full_NoShape,C000,qwen:F00_Full_NoShape,correct,1,1,1,1,1,1,easy,0,assets|locations,aggregation|filter|join,170F29E90086F85E9A87C3C196D6FF6E3FB691D37E98F64FA83A33F2D457EC69,B6590CBD8A77D19F0637FC55A4B7B4C4D010F580907B133F89B6908F4387E40E
Q136,qwen:F00_Full_NoShape,C000,qwen:F00_Full_NoShape,correct,1,1,1,1,1,1,easy,0,assets|locations,aggregation|filter|join,2B06D7496B676D74FA091F386C3474E188D329370E839EE7F739CF440E312A5B,FD0D4C193FFA8524DA8C0A9C846DBCC039FA29FDB7034474E85704812AA3FF03
Q137,qwen:F00_Full_NoShape,C000,qwen:F00_Full_NoShape,correct,1,1,1,1,1,1,easy,0,assets|locations,aggregation|filter|join,A65450E5D317B461C09B798F8C658230C1E3CEB17E01457AA9D027FE588CF0FC,C510A4F480C890919D61542527C4484503C79E7F886440DD697CBB05C07933CE
Q138,qwen:F00_Full_NoShape,C000,qwen:F00_Full_NoShape,correct,1,1,1,1,1,1,easy,0,assets|locations,aggregation|filter|join,F923B94EF0B542E0AEBFC81B2F7B8A62CCABB6F3E16D083189D60B0EA79DFFC4,E4232AC36C8531B610F07F35323BE6D3CE210DCA9100C1F2AA5B079F951DEE7B
Q139,qwen:F00_Full_NoShape,C000,qwen:F00_Full_NoShape,candidate_shape_mismatch,0,3,4,3,5,5,medium,1,assets|sensor_readings,filter|float|join|order-by,97270341B5684E784874013E233923485CA0297B38D95A989BAB148281B07E0C,CBD1D3E389EDFEB07D635046BF87B3AC06B895497ABBA66F9042635E26DB3898
Q140,qwen:F00_Full_NoShape,C000,qwen:F00_Full_NoShape,candidate_shape_mismatch,0,3,4,3,0,0,medium,1,assets|sensor_readings,filter|float|join|order-by,5ED6F4834D5BD9D6927B7EBF839F6B68F3F3566F12BC8A6EF79348B8556A1274,E7AFD864A4AA0E3CAC06A707B65998B52154E8B0F3A5C20981AFEEF477184D24
Q141,qwen:F00_Full_NoShape,C000,qwen:F00_Full_NoShape,candidate_shape_mismatch,0,3,4,3,4,4,medium,1,assets|sensor_readings,filter|float|join|order-by,12DE0493FEFD4D2A91395ECB424E62ED1DE75EFDA8B58947E7818520162AA1CA,1685D70047643A73A4164ABDE6309B16C601C2977B18934007C18EECDF897710
Q142,qwen:F00_Full_NoShape,C000,qwen:F00_Full_NoShape,candidate_shape_mismatch,0,3,4,3,1,1,medium,1,assets|sensor_readings,filter|float|join|order-by,3BD998B6BD5053A24B4BF39F263C9E5DE04C65AC30401B9172A2B36C17609164,405A64E16DDAA9687274876C39A48D52B4A8981C6F921FC1CAB143A62FE0426F
Q143,qwen:F00_Full_NoShape,C000,qwen:F00_Full_NoShape,correct,1,1,1,1,1,1,easy,0,work_orders,aggregation|filter,3C4F651845C93619B00E894FCDE97841ECB78D929A361F847627F39C1D979BB6,75DB2BB201FC12F0B95501B54A5C07CBFD34967343A841E33BD482D1589E95EC
Q144,qwen:F00_Full_NoShape,C000,qwen:F00_Full_NoShape,correct,1,1,1,1,1,1,easy,0,work_orders,aggregation|filter,0FA5BDB9FEA64F94D4703BF9E6EFFF60F8ECF5C2D8AC20E15A6766DF65C1280D,9F8B6C3EB40E1299F3897C588A9B22C155B5A8897050055BD39A5ADC5E8032C1
Q145,qwen:F00_Full_NoShape,C000,qwen:F00_Full_NoShape,correct,1,1,1,1,1,1,easy,0,work_orders,aggregation|filter,14B89DCDF5DBDF69FF06F5F9E16772F1A7B121998E1606A24B1BFDDCA01788B3,390831F1EC845FD04FB6ED5180DEF1CD8E9AE34C33AF169FA6EBB1A570445133
Q146,qwen:F00_Full_NoShape,C000,qwen:F00_Full_NoShape,correct,1,1,1,1,1,1,easy,0,work_orders,aggregation|filter,E73E10E8282B8C6B34680051CA2C9924F9C0E93AA2FBFD875923BDEB472D3C3B,61E87A91BF90AB9EADE434A189C56C88D06CAD7FDA382159B09FE7AF41EC44C6
Q147,qwen:F00_Full_NoShape,C000,qwen:F00_Full_NoShape,correct,1,1,1,1,1,1,easy,0,work_orders,aggregation|filter,4A09463D9486D00C68693F7C0F0AF59459E8A9FBE181CC59CB2D846D3B00B9CD,D02E0B94F1FAFED7347DC9D315E1493221E0DCE9A51FCF196D18A09C6418EAD8
Q148,qwen:F00_Full_NoShape,C000,qwen:F00_Full_NoShape,correct,1,1,1,1,1,1,easy,0,work_orders,aggregation|filter,CDB9CE1FC96A875C6715D0B0770F8639F300635064AE8BB47A14D43E89199F59,8F37A6BBC57A9825403293988A515C47DA291EED8AADE2FCAF6A6FA4998FAD9C
Q149,qwen:F00_Full_NoShape,C000,qwen:F00_Full_NoShape,correct,1,1,1,1,1,1,easy,0,work_orders,aggregation|filter,C15AAB416DBE8E95D9FD9F478B2F69C4C7E3D39C9060C42D1FD747B7C2124427,F43EC400DA2637333871AA585B3216D15ABF981E6DC60573E2ECE02411DC990E
Q150,qwen:F00_Full_NoShape,C000,qwen:F00_Full_NoShape,correct,1,1,1,1,1,1,easy,0,work_orders,aggregation|filter,9D947FC35B61A0F2E3EA6B433D97E0E5C03521EE1FB49EE648CA5FD5DDDB7CCC,A16707C49CBCAB649D990DD702407BC2DE34480945F2A11209859729D2A023CA
Q151,qwen:F00_Full_NoShape,C000,qwen:F00_Full_NoShape,correct,1,1,1,1,1,1,easy,0,work_orders,aggregation|filter,7F9489F9D2CAF402EF4D3AAD3CCD7BBB23A4D0D49DA769C9851EBFF05CE0794A,126170C47D2E3CA0EDC2B42E5ADF7D6C5157F26609EF764DB5967463075273BB
Q152,qwen:F00_Full_NoShape,C000,qwen:F00_Full_NoShape,correct,1,1,1,1,1,1,easy,0,work_orders,aggregation|filter,BF74327386B4F5BF9D78008D739EE979511082DFD657DAF59CF9BF2C96745F64,A06525F506CC29B994A1BFC5C4AECB3487B191266155C52478ED43FE3D6DE29D
Q153,qwen:F00_Full_NoShape,C000,qwen:F00_Full_NoShape,correct,1,1,1,1,1,1,easy,0,work_orders,aggregation|filter,15CC25CEE0E87EC6A6B89E4314BF30F19B6F74198D4FD17A366968B4A0024389,A83E9A730A6AACC9B9088F9771B13AE621E1A63421E10E4E21794BC6AD71F579
Q154,qwen:F00_Full_NoShape,C000,qwen:F00_Full_NoShape,correct,1,1,1,1,1,1,easy,0,work_orders,aggregation|filter,EC1F76CBAC83B49DEDAB06BC020E2C9A55FD415BAB3B77B9FA2037CA66389324,2A59F0DEFDEC674D7BDEC673A9496EE1EB5145624AE7E7C0BE4AC94C13945CC9
Q155,qwen:F00_Full_NoShape,C000,qwen:F00_Full_NoShape,candidate_shape_mismatch,0,3,1,3,3,3,medium,1,technicians|work_orders,filter|join|order-by|time predicate,EA905C67B8493C9307561A1585B2ECABA6409F349BC73E474B4B4696BC6EF221,062CE20811406347D151CA4E22DBA322D05D1B3825E324112DB9CE764FDA29C3
Q156,qwen:F00_Full_NoShape,C000,qwen:F00_Full_NoShape,candidate_shape_mismatch,0,3,1,3,3,3,medium,1,technicians|work_orders,filter|join|order-by|time predicate,6C5E4F8646BC20665852EABCC34F3BAC018D5D857992757302799ABE4BCC2348,6DCF0711BBC668B378E362161CE11344D5B35053FB035999AE360B3E1F2231C4
Q157,qwen:F00_Full_NoShape,C000,qwen:F00_Full_NoShape,candidate_shape_mismatch,0,3,1,3,2,2,medium,1,technicians|work_orders,filter|join|order-by|time predicate,807BD6080F9F2BDA98EDB77EF74E0D9DF60A32E365BFA88FC5BE7427908CE7DE,FB6D8E9E5CA84C5904616D21D33DC95BB0A110D2A95408404D409B67616B3823
Q158,qwen:F00_Full_NoShape,C000,qwen:F00_Full_NoShape,candidate_shape_mismatch,0,3,1,3,2,2,medium,1,technicians|work_orders,filter|join|order-by|time predicate,AFAF8B98087C7E2759622D40124C5B5A448968A6DB241A048BAD799236FC3044,6B05DC20B411F54AAA4035EE49263BDEE0BEECBBD589739B735C27A8DCC4248F
Q159,qwen:F00_Full_NoShape,C000,qwen:F00_Full_NoShape,candidate_shape_mismatch,0,3,1,3,2,2,medium,1,technicians|work_orders,filter|join|order-by|time predicate,BA8ABAB6498FAF7D0AB1D1D230096671455921A99B029880E74CF28DD5B84308,7109EB7A63ACB3C165C8BB10379E0A025AE31BFF7200F2153763B20B858CFEE4
Q160,qwen:F00_Full_NoShape,C000,qwen:F00_Full_NoShape,candidate_shape_mismatch,0,3,1,3,1,1,medium,1,technicians|work_orders,filter|join|order-by|time predicate,5BC63FF72FFF84240C8DBC5D4DF7575C18CFBC20676764BF4A8613151233B8D4,247F64B9CC969BE0FF0892AF528AE7AFE444EAFFD19D28346A343A540BB0C620
Q161,qwen:F00_Full_NoShape,C000,qwen:F00_Full_NoShape,candidate_shape_mismatch,0,3,1,3,1,1,medium,1,technicians|work_orders,filter|join|order-by|time predicate,0137F0C64FF13C69E7E66ACEF5FA91C9006FBA050D778EBAD597569CFC3AE1C0,920742F6A541EF4F368A8CF8A4E81F81E561FCF34A80C168B5320E37DE422F27
Q162,qwen:F00_Full_NoShape,C000,qwen:F00_Full_NoShape,candidate_shape_mismatch,0,3,1,3,1,1,medium,1,technicians|work_orders,filter|join|order-by|time predicate,27078B8B0702A82740E7CCD15320130D600A59E8D6D5985F22971E78B2B65118,34F60EDE10AD27A162D4476A2999FB624150CD870349CF1DB8ADF95733ADB63C
Q163,qwen:F00_Full_NoShape,C000,qwen:F00_Full_NoShape,candidate_shape_mismatch,0,4,1,4,2,2,hard,1,assets|grid_topology,filter|order-by|self-join|topology traversal,89E4F95E8C6ACDE52620F2754F1E95D96684485B542D6FC4747A683948B6D8C2,25E50AD78502AE74A88196E85FC5B04BB17EBF7C044A0F4DDB8BE7EFC41A7544
Q164,qwen:F00_Full_NoShape,C000,qwen:F00_Full_NoShape,candidate_shape_mismatch,0,4,1,4,1,1,hard,1,assets|grid_topology,filter|order-by|self-join|topology traversal,06B4D01085B713C97C0688460B870E4C63A14D55347E563D19B60538CC4B74F3,24343308951D9A4AD15EA16AED4C1111DEA20F71C709560A1A63C993D7856E40
Q165,qwen:F00_Full_NoShape,C000,qwen:F00_Full_NoShape,candidate_shape_mismatch,0,4,1,4,2,2,hard,1,assets|grid_topology,filter|order-by|self-join|topology traversal,88C1ED88945BD4B5618E5C451DBE1E0128DE3BDBCDE0AF5ED34DD388D7E06F46,1AA1604E51FB7FBACDC0F9CD0C147F0969E26C045A6582B8B193F8626030BEDB
Q166,qwen:F00_Full_NoShape,C000,qwen:F00_Full_NoShape,candidate_shape_mismatch,0,4,1,4,1,1,hard,1,assets|grid_topology,filter|order-by|self-join|topology traversal,33843AC1FF7D1A228A741E7A62D39DE3EAE6F00C8994AC0FF128F0DE15BBCE3D,78C08665536FD82F0BB63C2D88909519E4E43FC25ED33C6E46137CF02AC686B0
Q167,qwen:F00_Full_NoShape,C000,qwen:F00_Full_NoShape,candidate_shape_mismatch,0,4,1,4,1,1,hard,1,assets|grid_topology,filter|order-by|self-join|topology traversal,0D4D9A3EA5375D6389F9B6B2DB446C928948C14D72FE342A9185368A88B14B6B,1E4FC9DD39EF57631E9B8DE55D11073E1ED623CEFE82A9BFCD07854B13A499A5
Q168,qwen:F00_Full_NoShape,C000,qwen:F00_Full_NoShape,candidate_shape_mismatch,0,4,1,4,1,1,hard,1,assets|grid_topology,filter|order-by|self-join|topology traversal,208953B2192650D17AD0CFE339EE58484AEFEDBF853402165378C8FC752BB63A,23548329609A5AAB25EA63FAC74151F5E12AB062172F1F2941A475D547C8229A
Q169,qwen:F00_Full_NoShape,C000,qwen:F00_Full_NoShape,candidate_shape_mismatch,0,4,1,4,1,1,hard,1,assets|grid_topology,filter|order-by|self-join|topology traversal,09E9DDB0809884427DC05F49F1171110CE35015928FF7F4D371E889EE145EBF6,CD7DEE4A8CD4D34D8182656ED8B8B804E2FB847D9A87EBB4DE189B88CCFA95F2
Q170,qwen:F00_Full_NoShape,C000,qwen:F00_Full_NoShape,candidate_shape_mismatch,0,4,8,4,3,3,easy,1,work_orders,filter|order-by,F17E88597773BDB3B61823853EB76944E9CDA54AB449C34DD621EBB892B03C31,9B7C311EEAB47AA56F563E23732784E6F465A71E4F47F0BE48002F605883C7D4
Q171,qwen:F00_Full_NoShape,C000,qwen:F00_Full_NoShape,candidate_shape_mismatch,0,4,8,4,2,2,easy,1,work_orders,filter|order-by,0192E85D3EBD600F7315C54B2291914BE485E564F56BDA05D43EB4A8E1F8D18F,844EDC49F7A38982CF8AD0B041D6DC6D095877F633AF52344098008FC3A4C348
Q172,qwen:F00_Full_NoShape,C000,qwen:F00_Full_NoShape,candidate_shape_mismatch,0,4,8,4,1,1,easy,1,work_orders,filter|order-by,8021FC2FBDC85A82C2E2F84939522A17A0B902863197E83399101ECAF68CE29A,4D4E7AA98D6EC5812C22119C7899C87B69FC97F7A572C809C4BEC64D0C7265AD
Q173,qwen:F00_Full_NoShape,C000,qwen:F00_Full_NoShape,candidate_shape_mismatch,0,4,8,4,2,2,easy,1,work_orders,filter|order-by,64FD877C8399C2B600BFF0DACFB27522518B0C5F84F20AF965A5D119169BFD36,CB010710A9965B256BD2BDAA71AF8B3CA3EBF649A754731CCB1CE356AD6C0908
Q174,qwen:F00_Full_NoShape,C000,qwen:F00_Full_NoShape,candidate_shape_mismatch,0,4,8,4,2,2,easy,1,work_orders,filter|order-by,3A527A0AE7EEA773E470E2C1F7AE2F0E26D55A04275AC3C0E2671DADB993AEC0,23308ACB2435B92AF81B85E120A177C950FE3E25BC5714691826DB364C70788D
Q175,qwen:F00_Full_NoShape,C000,qwen:F00_Full_NoShape,candidate_shape_mismatch,0,4,8,4,1,1,easy,1,work_orders,filter|order-by,D9C2228451A4298C58C9125FC7D4C5E8645040B70FC184A543FA46370705DAD1,6D6450176EC9584C7E4A6FAD27AE50AFF27DA6820B61256BCBDCF1C25147B608
Q176,qwen:F00_Full_NoShape,C000,qwen:F00_Full_NoShape,candidate_shape_mismatch,0,4,8,4,2,2,easy,1,work_orders,filter|order-by,6B5DBDEBC5881594133AF026F8FAEC16CB2447471055E7CB164276ADA9EF4022,5BF700F629F5C03DD89F4DFE573E51E3842E624C2EFB6E70AF7C046B49D57A4B
Q177,qwen:F00_Full_NoShape,C000,qwen:F00_Full_NoShape,candidate_shape_mismatch,0,4,8,4,1,1,easy,1,work_orders,filter|order-by,8D43202B8F7A01D9D6EED6A5CBB144728C69BD130140D14D687CB9D11A5DCA50,79BFDB10B9BB031FD2889DFCA3C94F7332770252CC15465B3D37207F9AAD157D
Q178,qwen:F00_Full_NoShape,C000,qwen:F00_Full_NoShape,candidate_shape_mismatch,0,4,8,4,1,1,easy,1,work_orders,filter|order-by,62BD2825F4B0556EAA98A275B3E842DB17A09FA7620C08B2566A692DB287B103,CE5977974313A0E798D09744F8FE4FEAA958C0F2287C43B4CC8B69292DC6101B
Q179,qwen:F00_Full_NoShape,C000,qwen:F00_Full_NoShape,correct,1,1,1,1,1,1,easy,0,locations,aggregation|filter,AA8F8DF11BFDDCAD8828776EEEFBDB7D2031DD3073C621984281D99B4FDF4A4D,F0ED8EA714C8C0B275180E9FE64FAC0C47F5D8F5AF0C098B34C57957C468FF55
Q180,qwen:F00_Full_NoShape,C000,qwen:F00_Full_NoShape,correct,1,1,1,1,1,1,easy,0,locations,aggregation|filter,BC12A70CE4C75F6663ACB5D762E7E2A9A2CE1A37650E7763F990FA4F2AEF37A9,A81C2E54E08F172544EB63242B016F9D2C4E951F10D2F903E3A18C7549C9D289
Q181,qwen:F00_Full_NoShape,C000,qwen:F00_Full_NoShape,correct,1,1,1,1,1,1,easy,0,locations,aggregation|filter,AB55D0A587418E239FA6DE42F4C04E2E510233171A514E5A0660A42B4F806566,D30540D8BBE3F71B6F9F61D1E657B286E4509F85FD7DF16F841DEA90F15893BA
Q182,qwen:F00_Full_NoShape,C000,qwen:F00_Full_NoShape,correct,1,1,1,1,1,1,easy,0,locations,aggregation|filter,654F71BB092A8B5A303B1FB198E73AB3A54F3B47572E1E9B463DD889460772D8,48DC7CD04363C88A1964AFD28EBDDD1B5277C2D47D156F41A2593149CACB335C
Q183,qwen:F00_Full_NoShape,C000,qwen:F00_Full_NoShape,correct,1,1,1,1,1,1,easy,0,locations,aggregation|filter,993E8D50374913818CEC67FD511C8A1FF569FBBF0B9C3FBA2C8FAED937BD8462,02CA04C452E0647DCB9DF1AC775A4E0BC5FD95B31FC68274B197A8AFD56F3F65
Q184,qwen:F00_Full_NoShape,C000,qwen:F00_Full_NoShape,correct,1,1,1,1,1,1,easy,0,locations,aggregation|filter,5A16BF0F42FDC7ADD4AF17FDD92DAFC78782875D6DEA43B25FDBC02755278834,22E8D870E63990E136AF70B49847EE94BBA6FED442B882BC29FB0E74533E1530
Q185,qwen:F00_Full_NoShape,C000,qwen:F00_Full_NoShape,correct,1,1,1,1,1,1,easy,0,locations,aggregation|filter,CE1CB6B18766FEE985D6C909EB564297FDD36795175A8474ED6953B673FC1A96,007653CD612C66C0D918F9E160FE50EFB94CC966CE71B3FB2A4B392A146A8BF1
Q186,qwen:F00_Full_NoShape,C000,qwen:F00_Full_NoShape,correct,1,1,1,1,1,1,easy,0,locations,aggregation|filter,CD472F706F6C576749C620A567930A9B9EE3FE98E515BCB3739B9F43E25207EB,98115A9FDA686A9542013FAC0F706BE730B9F4C123DBEAF5F90A8214FD97CC09
Q187,qwen:F00_Full_NoShape,C000,qwen:F00_Full_NoShape,correct,1,1,1,1,1,1,easy,0,locations,aggregation|filter,52AF3CE3C43E8E45F6ABB1702C20BA4574CE90CD02B83CB1B6B15C9E6B72CFC1,9374C143E83E0B3E14D14B3A4E5233D9306CD3306CEEB84147F1198AF7A1976C
Q188,qwen:F00_Full_NoShape,C000,qwen:F00_Full_NoShape,correct,1,1,1,1,1,1,easy,0,locations,aggregation|filter,6892D06CFBBDFBDE563CD3A58B2C7667096105B300E66C4EEA0518B78700EAE3,AAB780DCBD5F0DF417C342643DC86D142939AF166FF7722A1B3FB85C98A7F7B7
Q189,qwen:F00_Full_NoShape,C000,qwen:F00_Full_NoShape,correct,1,1,1,1,1,1,easy,0,locations,aggregation|filter,F2CE65D2FE8848AB17606F18C8978572195F39C1C43D5BD4B27979E05C6CE5F3,D98E61AC2461FE884779A2E33AECB2CB6135A4C8FB7F1BFCFCDF4DC5D9D20A63
Q190,qwen:F00_Full_NoShape,C000,qwen:F00_Full_NoShape,correct,1,1,1,1,1,1,easy,0,locations,aggregation|filter,E1D296B456F764ED296E5E70CC6ED6613B245FCAB0B7CF423583445982A7FE90,EFD24C88124419AB6CFA9A484FEC049649216A426B7E851C7538E888E304BEE6
Q191,qwen:F00_Full_NoShape,C000,qwen:F00_Full_NoShape,correct,1,1,1,1,1,1,easy,0,locations,aggregation|filter,A9ADC480ED6ACC5E2CF61A5F67275B3F4FFC6F14AF3AC2A1BB2B5380C3D41C94,6C2A0BA4FA1FE1628C3F46CD680122170923AC74A025001C2472497F11C68272
Q192,qwen:F00_Full_NoShape,C000,qwen:F00_Full_NoShape,correct,1,1,1,1,1,1,easy,0,locations,aggregation|filter,A958C553D83C959AD63491836B17167B639C3565BCE6F2621F8C7DA7F7F08A1D,C364D4375957255449638F890940C6CDE4EA6BF3B7A4BCB04865B28AFD6DF22B
Q193,qwen:F00_Full_NoShape,C000,qwen:F00_Full_NoShape,correct,1,1,1,1,1,1,easy,0,locations,aggregation|filter,913EAB7DBFB9690500BD8983086D605F1B8604B57918A6BE8C8607202E59CA52,38B2E194AC2954E898AB8FCDF984D782966CD14D9DA136FF01B7B47088244BA6
Q194,qwen:F00_Full_NoShape,C000,qwen:F00_Full_NoShape,correct,1,1,1,1,1,1,medium,0,asset_types|assets,aggregation|filter|float|join,6D8922ED0FF0C10AA73A1BF46D13442EA0851729ED1429637CB28E2DFF0E73D8,6BB25D93830DFB3D0C3CD2BF041F9E80922B66BB6DA70F723325F5241D3924B0
Q195,qwen:F00_Full_NoShape,C000,qwen:F00_Full_NoShape,correct,1,1,1,1,1,1,medium,0,asset_types|assets,aggregation|filter|float|join,0D915AB06CD6CE9D0CA004D764D4066219B35DF2F8ADCFC2E3F2C70A9CE7BE2B,63AD961D29BC7CDD5C8867E491EB6D094E9D2BFB142D594AB3A58921F30394A4
Q196,qwen:F00_Full_NoShape,C000,qwen:F00_Full_NoShape,correct,1,1,1,1,1,1,medium,0,asset_types|assets,aggregation|filter|float|join,A286A1619586B7121D73F35C2C3E5000AB5F0E0CA005CE77248AEE39D1EB3B22,12D9A956469E8B9A07CE652EEB0C29A2EF5322DA2D3E2C50FCD0B5A954BBF5B2
Q197,qwen:F00_Full_NoShape,C000,qwen:F00_Full_NoShape,correct,1,1,1,1,1,1,medium,0,asset_types|assets,aggregation|filter|float|join,D1FBFCD014866511809814458DE4BDBE9279C47E2A4E37902271EC0A98161607,2BAA500471E7659AEEC8CB26FA6EFF1565751D8F7AB8B43DCE976C15418A8211
Q198,qwen:F00_Full_NoShape,C000,qwen:F00_Full_NoShape,correct,1,1,1,1,1,1,medium,0,asset_types|assets,aggregation|filter|float|join,AE09258AD728B4D71EDEB716F7CEE820B8CD3B3495B12EB9498D587701BD9D9A,196985D54C20EA79FAACCBE0C763EEA9B4ABE2DDD16E2DF27A89CEEAE620383A
Q199,qwen:F00_Full_NoShape,C000,qwen:F00_Full_NoShape,correct,1,1,1,1,1,1,medium,0,asset_types|assets,aggregation|filter|float|join,7B2DA989F3AE6B612B21D2949EAB745BC10E0DEE95D6C1CEC9A20E9DB714B393,084AAE6809FB4DFCC9D03C63CADDC4AB8F8FD07C6DC079A0A20DF9DA21208BE1
Q200,qwen:F00_Full_NoShape,C000,qwen:F00_Full_NoShape,candidate_shape_mismatch,0,2,1,2,1,1,hard,1,asset_types|assets|sensor_readings,aggregation|filter|group-by|join|order-by|top-k,8AD3DAEE0C9F7CF72B0C304F46A9AB95E71343A974FB0648CD3FE978FDA3E45A,B48776A52748FCB7300FC3FDE5674B5984B47ACA419F9E29A4DCF675167ABC66
Q021,qwen:F01_Full_WithShape,C001,qwen:F01_Full_WithShape,correct,1,1,1,1,4,4,easy,1,assets,filter|order-by,2198EFD31F4C3DE5080570F611B43AD0FD7047E848954219E9DF97A9F827C3E9,2198EFD31F4C3DE5080570F611B43AD0FD7047E848954219E9DF97A9F827C3E9
Q022,qwen:F01_Full_WithShape,C001,qwen:F01_Full_WithShape,correct,1,1,1,1,1,1,easy,0,assets,aggregation|filter,D5B25E0025DA4D497DFAD3F205ED0B4E4F4CD5CE017B4F3B94EDC70D69E6D260,F914A2E6E9F067B567649ABA758F096EA3A1E1CB3DDBA17C382A290B9FAF9918
Q023,qwen:F01_Full_WithShape,C001,qwen:F01_Full_WithShape,correct,1,2,2,2,5,5,easy,1,work_orders,filter|order-by|time predicate,A3CF7F09130487231B268166416C9FB2CA967AACD2D4999722A8B0C537CF7EFA,6AEE6CD3B4332E230E2EC8E78C68AF1603299CB113A49F873577585A88EDA5B8
Q024,qwen:F01_Full_WithShape,C001,qwen:F01_Full_WithShape,correct,1,2,2,2,1,1,easy,1,technicians,filter|order-by,4DADD9D2866A7A9EC4CBB9FAB5589851F68C40BE4C9D59E9E3E90DD6C7076DD4,4DADD9D2866A7A9EC4CBB9FAB5589851F68C40BE4C9D59E9E3E90DD6C7076DD4
Q025,qwen:F01_Full_WithShape,C001,qwen:F01_Full_WithShape,correct,1,2,2,2,3,3,easy,1,assets,aggregation|group-by|order-by,69B0D0821ED92D1806A4AA3B211DBCAE2073566848982E86BF6E3C0FA6E855A1,D29EAC989EAFC3E63F7500F3A9E98EB1F15184AD32C402196341AE3DE68CE4BB
Q026,qwen:F01_Full_WithShape,C001,qwen:F01_Full_WithShape,correct,1,2,2,2,2,2,easy,1,asset_types,filter|order-by,2C955803F6AE6675F33150A96E9C1D89B6C72ACAD8107E142FDE423944460F0C,B7640EEA33B19B3250A81ABCD2181F399349D39D3542338A50610A754D221E5B
Q027,qwen:F01_Full_WithShape,C001,qwen:F01_Full_WithShape,correct,1,2,2,2,3,3,medium,1,technicians|work_orders,filter|join|order-by,1DEABE759CE8D8476F65BC525B1AFB75F5383073DF69ED83B3871955B01803B4,1A4BE67B2091AA4AC2EF17CC24EB74DB5413795CF480B725012D3E636586D7BF
Q028,qwen:F01_Full_WithShape,C001,qwen:F01_Full_WithShape,correct,1,1,1,1,1,1,medium,0,asset_types|assets,aggregation|filter|float|join,D83933EC68795677A4890C0941769ECFBC9451C4CB59BB6BA493262DED152C04,54DDECAFAC5EBB954C06CEC98597A00BD698E828637CBF6D38BEFEAB15B75DD8
Q029,qwen:F01_Full_WithShape,C001,qwen:F01_Full_WithShape,wrong_denotation,0,2,2,2,11,11,medium,1,assets|locations,filter|join|order-by,3EE91232EF954F378A3DC2FB95DCED657D94BB22CC80949A3A2B1F8AE6505A1E,BBA836A5D8C3143D2E60FFD9DD3BEC47B774DBF87559ED3439AF15FA16EB0FF1
Q030,qwen:F01_Full_WithShape,C001,qwen:F01_Full_WithShape,correct,1,3,3,3,3,3,easy,1,work_orders,filter|order-by,2A1E4E60B4A24E54BCE4125A0A1C839E6D0884F564C6332093253FB180F651DF,2A1E4E60B4A24E54BCE4125A0A1C839E6D0884F564C6332093253FB180F651DF
Q031,qwen:F01_Full_WithShape,C001,qwen:F01_Full_WithShape,wrong_denotation,0,3,3,3,4,4,easy,1,sensor_readings,filter|float|order-by,E8D99FDC8933F2B89A4DAC51356412941639E11E43D3CA5DEB2A80E235154DFA,5AC44A498A70D6929187195C8CBD762C06CDF8B3457E1BAE0FCA1A60940AE06E
Q032,qwen:F01_Full_WithShape,C001,qwen:F01_Full_WithShape,candidate_execution_error,0,2,0,2,0,5,medium,1,assets|locations,aggregation|group-by|having|join|order-by,CBC92EC2CB58232C0A07254636A4F02A0061FCE53069FD227EB95E7DE72A9806,5AC2DBED21AC5DBFE77961A6BC95DE4DDCD8B93728801304EC44E60A601F0F9D
Q033,qwen:F01_Full_WithShape,C001,qwen:F01_Full_WithShape,wrong_denotation,0,2,2,2,4,4,easy,1,work_orders,filter|order-by|time predicate,3DF67A263C5983BECF09C1AD45E68AB22F9EB292370E60328B38A5C691F2AAD7,98CEC50EB6962A60F1AED8C1718E6A1D5E8B8CC51C7BA9A0414BE6C5E27BA955
Q034,qwen:F01_Full_WithShape,C001,qwen:F01_Full_WithShape,correct,1,2,2,2,5,5,easy,1,assets,filter|float|order-by,5E2EDE202A57204173B25C40A3EC827412771F1AD145299A19E4073E141134BA,09483B77157245C6C5E9BE1610FE8B3DCE75A48D699D70318CA8EE18F9086F5F
Q035,qwen:F01_Full_WithShape,C001,qwen:F01_Full_WithShape,wrong_denotation,0,2,2,2,3,3,medium,1,maintenance_logs|work_orders,aggregation|filter|float|group-by|join|order-by,7C04532D0823A668A6F419D2918BEE38C830A1FB959F4751630EAE97EF9A4215,5FD52A03AE98A268E5699C1401991628C1D6D6181E4988438C7F336F0E4D737F
Q036,qwen:F01_Full_WithShape,C001,qwen:F01_Full_WithShape,wrong_denotation,0,2,2,2,1,1,medium,1,technicians|work_orders,filter|join|order-by,485416E479B15BE12FAEF2CAD783F555E89DDEE846B94DD1AE25E4277D5DE5B2,B2B351D2DD6E4445AF79275FA0F5DA3CFEF62F36CB190170F6DE6E7B351B7943
Q037,qwen:F01_Full_WithShape,C001,qwen:F01_Full_WithShape,correct,1,1,1,1,1,1,hard,1,assets|grid_topology,filter|order-by|self-join|topology traversal,CE3C86125B16A6F2E2B56CDF5047F44B705B1EB7F4F08816D29EBC4E8F15CA53,B045E4DE9620345D0E575188F60F3F6D232B47BAFC5F7586F3FD9766816C2247
Q038,qwen:F01_Full_WithShape,C001,qwen:F01_Full_WithShape,wrong_denotation,0,1,1,1,11,11,hard,1,assets|work_orders,filter|nested query|order-by,3698B2748D8791717F4543B003A3B5A45AA7CDD319EB631F3FA04EDEBC08324E,72E745C00A0F58ED2EDD21C2568B8982DD5E2407D404BD000443DEDBCA4ED63E
Q039,qwen:F01_Full_WithShape,C001,qwen:F01_Full_WithShape,correct,1,2,2,2,1,1,medium,1,work_orders,filter|order-by|time predicate|top-k,B4CD6C00B5DAE5EFF3C6B878426C218E13A252D8819B0FDB38635CF71DF1F323,B4CD6C00B5DAE5EFF3C6B878426C218E13A252D8819B0FDB38635CF71DF1F323
Q040,qwen:F01_Full_WithShape,C001,qwen:F01_Full_WithShape,correct,1,1,1,1,4,4,easy,1,assets,filter|order-by|pattern,8EBE89272A8ED2BDF4276016C69C61E8BA0E215B91DD36A99CCD76381F585F64,8EBE89272A8ED2BDF4276016C69C61E8BA0E215B91DD36A99CCD76381F585F64
Q041,qwen:F01_Full_WithShape,C001,qwen:F01_Full_WithShape,wrong_denotation,0,2,2,2,8,8,medium,1,assets|sensor_readings,aggregation|filter|group-by|join|order-by,02A08FCB126D5519334A514E5ACDD653AFF4FD6F7E964F386E68F09027074930,3D6D3DCFA6005C015C82447250648EBE4E3D2C89437A232DCA907B5E432725FE
Q042,qwen:F01_Full_WithShape,C001,qwen:F01_Full_WithShape,correct,1,1,1,1,1,1,easy,1,asset_types,distinct|filter|order-by,5DF81763AB43FE8D0A8244FB132469F12FBEEB6D197A9F123AC21BB7B9B1E059,3D176D0A46AABD8359DC958BE56505456BC95FDEE7BECBE95F1CE0C86774A88C
Q043,qwen:F01_Full_WithShape,C001,qwen:F01_Full_WithShape,correct,1,2,2,2,3,3,medium,1,asset_types|assets|locations,filter|join|order-by,57E55C04447D9413D8155F6E949E39D04160E45EB45E740181268DB44C87224B,3033FB90E3C88DD14F28CAA9D7404B3EC148B8C301D11B44A42DCFFF2AC7CFF8
Q044,qwen:F01_Full_WithShape,C001,qwen:F01_Full_WithShape,correct,1,1,1,1,1,1,easy,0,maintenance_logs,aggregation|filter|float,61982D1BF4E753A85EA2860ABB52A111F2088286249732DE05BAD0B61A5DBF31,2ADB7284D4D878BA558B1AA913DB7A45F11D6E4E96D82B9B24C31B31A8CD997A
Q045,qwen:F01_Full_WithShape,C001,qwen:F01_Full_WithShape,wrong_denotation,0,2,2,2,1,1,medium,1,asset_types|assets|work_orders,filter|join|order-by,825E39A0941F91D522B828AEBD3AC84E04A6A2288D87D489D7B7BD55A6BBBFEC,C96A6B040E2AE08507B988B863FA1F08DA2A76E2679F16FB276DEB323238B8FA
Q046,qwen:F01_Full_WithShape,C001,qwen:F01_Full_WithShape,wrong_denotation,0,3,3,3,3,3,medium,1,assets|sensor_readings,filter|float|join|order-by,7889573301DE0C0CCC24808B24B1975CAFD7888A206F0E012DA90157B6CA199B,692D6D9F23FE1084D1FEA9495BEE1D8809875B8893DA96A93EF414656FE34C59
Q047,qwen:F01_Full_WithShape,C001,qwen:F01_Full_WithShape,correct,1,2,2,2,3,3,medium,1,asset_types|assets,aggregation|group-by|join|order-by,ACC0EBFE30736C2475D96729C3EEBB5C6835946239C0B9457AF89D14D418E68B,39F74338A2111F1EF34E04009D586A004D16B93BB80B956F375D76FC7972316C
Q048,qwen:F01_Full_WithShape,C001,qwen:F01_Full_WithShape,wrong_denotation,0,2,2,2,5,5,easy,1,assets,filter|order-by|time predicate,D22EDA743B421357A9831093756D9B9D66531CB2A4E3148C1E085A292E8492E5,790D535AA128B306F6ED938E9B2A5718BBA0EC628B2242375539FF7846C52141
Q049,qwen:F01_Full_WithShape,C001,qwen:F01_Full_WithShape,correct,1,1,1,1,1,1,medium,0,maintenance_logs|technicians,filter|join,D0A2A98AE100AE2C6868749F33333B0A56BB12E956A289A2B3C27F37FAD72EA0,EE416EF7F4C0E0F5585050A84A1C02C05AFFA18D60380281ADBC92E3FF62F8AB
Q050,qwen:F01_Full_WithShape,C001,qwen:F01_Full_WithShape,correct,1,3,3,3,5,5,hard,1,assets|grid_topology,filter|order-by|self-join|topology traversal,9C6EF9FAA46B6F1786515854955B95C938E6DEE5AFF86570924FC117720CA7C5,1F3AE954A1BCAB25CEB1EC2272A14D51F35A6474CCBF8D48287C845763F751AF
Q051,qwen:F01_Full_WithShape,C001,qwen:F01_Full_WithShape,correct,1,2,2,2,1,1,medium,1,maintenance_logs,float|order-by|top-k,1F56D013E8FBCB6B36EC7353975FCB01F0F1EE2DA96B76697D6107BD406E2B2D,8186C9B7C74D7153D2A3E5364F5AD2ABC02DA97A428E332303F868640A96606B
Q052,qwen:F01_Full_WithShape,C001,qwen:F01_Full_WithShape,correct,1,2,2,2,3,3,medium,1,asset_types|assets,filter|join|order-by,70D224468EC054B6CC4FD36ABEF77CFA2D31F7F1C68821B9CA4242D7562166D5,85DF82AC2ABE10DD5ED6C6D984D4D687FE6CE678589BC733F59070004B547B73
Q053,qwen:F01_Full_WithShape,C001,qwen:F01_Full_WithShape,wrong_denotation,0,3,3,3,2,2,hard,1,work_orders,filter|order-by|scalar function|time predicate,CDBF0294517DF95FBEAD023FE07AD1CCF2D9415FFD4025EEFE389D0C924F9271,3EAE7BE8AF8CF36D1703C80633D8B0CE6180A8A5F4FF5EC524C2106E40CEDDF5
Q054,qwen:F01_Full_WithShape,C001,qwen:F01_Full_WithShape,wrong_denotation,0,2,2,2,4,4,easy,1,sensor_readings,aggregation|group-by|order-by,965C1C61DC6F34F305019363956CC9082D4FC49C8E7270BF4A4558D501E90FB8,D8B52409C7C001AEAAFCE4E0ABE9E04718FC18D305762DFDF40537090C9269BF
Q055,qwen:F01_Full_WithShape,C001,qwen:F01_Full_WithShape,correct,1,1,1,1,2,2,medium,1,assets|locations,filter|join|order-by,D7FB9CDFB170D7B264F26BA636ECA64C7E04F65FA7496491F3E8E06247FD3F2E,D415506393250DA3C55B5152424D2C8CE60A8106C2C445DD502A049F00EB2C79
Q056,qwen:F01_Full_WithShape,C001,qwen:F01_Full_WithShape,wrong_denotation,0,2,2,2,15,3,medium,1,technicians|work_orders,filter|join|order-by,F2B48E838B6C7B2F5C6085A9499A9AD95CA3CEE6191C0F2A2B9BD16EF1605E04,4289E1781826F34A34DD523F831378B0936CB18EE72A25056922A9ABEFF7589F
Q057,qwen:F01_Full_WithShape,C001,qwen:F01_Full_WithShape,wrong_denotation,0,1,1,1,1,1,easy,0,sensor_readings,aggregation|filter|float,25A6A694DAD2BB2DE34D66D7A311680AD69B3D6FF62A262A2AE004A108574E81,E83BCDA26C405F53453C322BC9A153554DFB63AD0414921B833DAB23BFDCDA57
Q058,qwen:F01_Full_WithShape,C001,qwen:F01_Full_WithShape,wrong_denotation,0,1,1,1,3,3,hard,1,locations,distinct|filter|nested query|order-by,7E59FB02BCDEB9D3CBD1663CFA12C26F93BDC5A3BD7C8A14CC4B699E1C2CE1DB,117CE18E62A2C6F5B6F1A2D1049CA245877A54DEA51FF8654B501AA2147D96D6
Q059,qwen:F01_Full_WithShape,C001,qwen:F01_Full_WithShape,wrong_denotation,0,2,2,2,4,18,hard,1,assets|work_orders,aggregation|group-by|left join|order-by,F9C0625E7B780F927F78334FE29BB7395F5E37559B5860C784528EEF3D837B33,3DFAC6294FA48460FE07FC0DEED4527955CA9F7EA62EDB72EFEF66A5219701E5
Q060,qwen:F01_Full_WithShape,C001,qwen:F01_Full_WithShape,wrong_denotation,0,1,1,1,10,10,hard,1,assets|sensor_readings,filter|nested query|order-by,4311F9BF5AC5A005E8A014C1E2BC7B44FA89A1F92BAFBFBCF05AF9E9697FCAF8,8DFC0FBE8CC2393C9F4E29E4FCF12CC084574B2C95E1934AA8B0CF40486323AC
Q061,qwen:F01_Full_WithShape,C001,qwen:F01_Full_WithShape,correct,1,2,2,2,1,1,easy,1,asset_types|assets,filter|join|order-by,E1F589BBB18C1D4942514FAB692F9757856A2B31C0B41503CCF0CC679AA5CCB7,CB8A8CA90B5B5B65811AA50547961910F48DD4D22DC465C65D740863041AF421
Q062,qwen:F01_Full_WithShape,C001,qwen:F01_Full_WithShape,candidate_execution_error,0,2,0,2,0,7,hard,1,technicians|work_orders,aggregation|filter|group-by|left join|order-by,2F5868DEA04D96693D40A94664618DA96360A0FEA02860EDA2ECD6E4929A5247,D5FE9AD86D37A053D4D7A70DB8044F96A7D0DA521ED50AEA86C7C4DE091EA3E1
Q063,qwen:F01_Full_WithShape,C001,qwen:F01_Full_WithShape,correct,1,2,2,2,1,1,easy,1,work_orders,filter|order-by|time predicate,DA53A3B5C972C7ADB9AD95333511781CC811BBBED4F0FB275D05CCFE5EA315F7,9BC61C0E25D15E080395150B61ED05DC6A342608FE1BCB66CBB3165CAB232AC0
Q064,qwen:F01_Full_WithShape,C001,qwen:F01_Full_WithShape,wrong_denotation,0,4,4,4,26,15,hard,1,assets|sensor_readings,float|join|nested query|order-by|time predicate,83DB4281CFCF8295886C16C8768ED85708917DBE17BBB07419F1DE2732AD49C7,3668AF6F317F360422A127A07D15C6520B21A32029142BA9B9C9FF430E0EDC43
Q065,qwen:F01_Full_WithShape,C001,qwen:F01_Full_WithShape,correct,1,1,1,1,4,4,easy,1,assets,filter|order-by|pattern,C5BD5C26B91224A6B61EF52388B9D8E6E901CB40A83BC61A526D27093BA499E4,C5BD5C26B91224A6B61EF52388B9D8E6E901CB40A83BC61A526D27093BA499E4
Q066,qwen:F01_Full_WithShape,C001,qwen:F01_Full_WithShape,correct,1,1,1,1,7,7,easy,1,work_orders,filter|null|order-by,73EC29EE90BE10D52AF1B9A6E6637C370408ADF28CDE872950CF0721E464A6F8,73EC29EE90BE10D52AF1B9A6E6637C370408ADF28CDE872950CF0721E464A6F8
Q067,qwen:F01_Full_WithShape,C001,qwen:F01_Full_WithShape,correct,1,2,2,2,2,2,easy,1,maintenance_logs,filter|order-by,8A3CA45B2951961D067C5F1853776756E2E634AFA005BD7DBA46152A8A26599A,8A3CA45B2951961D067C5F1853776756E2E634AFA005BD7DBA46152A8A26599A
Q068,qwen:F01_Full_WithShape,C001,qwen:F01_Full_WithShape,wrong_denotation,0,2,2,2,6,6,medium,1,asset_types|assets,aggregation|float|group-by|join|order-by,121DBEC23B684115A52C643C33DF4591F4BFBF59A8D4BAE16FC29ECF8EE24908,85CFEF7B936CE99C93FE7B3FA4D790D3A62A1C3610D4406C2FB446EF88721A92
Q069,qwen:F01_Full_WithShape,C001,qwen:F01_Full_WithShape,correct,1,2,2,2,2,2,medium,1,asset_types|assets|locations,filter|join|order-by,8174C0A8F4AE16389426B4BC6E21BB33A42A089E4A2F4F9C0EE7E33649ECBAD0,4C9A53FDA153DBC282E75ED5D8A8271290B409B3983EC5245A5A355FCD513F55
Q070,qwen:F01_Full_WithShape,C001,qwen:F01_Full_WithShape,correct,1,3,3,3,2,2,medium,1,grid_topology,filter|order-by|topology traversal,88FC3ACC216F4BFABDFB87BC4A9F4159B4FFC117894BD2973A89A2104845970D,DE4AB58DD907088525A343A7DAEBD70C2E24266A926BA47803FD436F0A020578
Q071,qwen:F01_Full_WithShape,C001,qwen:F01_Full_WithShape,wrong_denotation,0,3,3,3,1,1,medium,1,assets|work_orders,filter|join|order-by,335B95A71827DDFC1678B93E953450739B35763E65246E953178D0E361D20368,E97FEB511A72F5242C5B426C15B5B68C0AC52AB5CFAA307E2F2BE34D1DCF1583
Q072,qwen:F01_Full_WithShape,C001,qwen:F01_Full_WithShape,correct,1,1,1,1,1,1,easy,0,locations,aggregation|filter,7ED72780457EF1D5929673311337FA9DEA9B3B0C7817F76B7828CCFA696FEE04,95EAB691F3A87564414FB116CCC94458C67C735A9958F15C840959E7DB9879CB
Q073,qwen:F01_Full_WithShape,C001,qwen:F01_Full_WithShape,wrong_denotation,0,1,1,1,5,0,hard,1,technicians|work_orders,filter|nested query|order-by,F293D3EBC023CEF9E3176EFB9FBE17541EFB9AEEBF40298530BA4A9DB83F70F8,EA2420FEE687FD65F202317C768EA6E3DC6FD466407B8319A0595851D188137C
Q074,qwen:F01_Full_WithShape,C001,qwen:F01_Full_WithShape,correct,1,2,2,2,1,1,hard,1,asset_types|assets,aggregation|float|group-by|join|order-by|top-k,F90A1AFF770D3D8C144750C037E2BD725ECE39E2DBEF012642539CABCA2450CF,B3B989D9A5ABEE1F604FA90721954855A1D98E68FACCAD5A30A70A72116F86E3
Q075,qwen:F01_Full_WithShape,C001,qwen:F01_Full_WithShape,correct,1,1,1,1,1,1,medium,1,technicians,filter|order-by|scalar function,CB38B12F6486A9B67111967D7AC4116EF2F27E3393F8F562CF38B2C83A0D7A41,8075FFA2B3AD5DABD5BC301871642C493AEFF0E21B13E50DF735B53208C4E3F9
Q076,qwen:F01_Full_WithShape,C001,qwen:F01_Full_WithShape,candidate_execution_error,0,3,0,3,0,8,hard,1,assets|locations|technicians|work_orders,filter|join|order-by,5CFCCED5ACC1D77E8C990B63E955240FBB2382F855A0A1E63F4C77B5DA101544,AA5687CCFF7ED2B6D7D26AF69D1CF935236DDB5C496DA6F59BF2CB5194DC765F
Q077,qwen:F01_Full_WithShape,C001,qwen:F01_Full_WithShape,correct,1,1,1,1,6,6,hard,1,assets|sensor_readings|work_orders,distinct|filter|join|nested query|order-by,8D387E1560577FA062417057211870180D1B2536AF2A37E35AF965191A6F3AF3,3A581069DD8A71B35ACBBF96C143EF11E799EF3534FA97CB6EDE4228C5CCAFE0
Q078,qwen:F01_Full_WithShape,C001,qwen:F01_Full_WithShape,wrong_denotation,0,1,1,1,1,1,medium,0,maintenance_logs,aggregation|filter|float|time predicate,19AC4C47236BD4277886DF4C20796B1C9885E17C15C02F4F4FAC49108E13EDC1,189994EC16E232110E615D509BA67D7EB2D5E3DA5EEBE8800A9A217765A6DE0D
Q079,qwen:F01_Full_WithShape,C001,qwen:F01_Full_WithShape,candidate_shape_mismatch,0,2,1,2,2,2,hard,1,assets|grid_topology,aggregation|group-by|having|join|order-by|topology traversal,D9B21BADD0B99A0DCA33F5ACB473ECEA6C29AE26B32E2E57E1C48088AD546993,BF4F0EA342B7028E01793072D85D1178814F555A8FA5378F3192C135BDED2615
Q080,qwen:F01_Full_WithShape,C001,qwen:F01_Full_WithShape,candidate_execution_error,0,3,0,3,0,4,hard,1,asset_types|assets|locations|work_orders,filter|join|order-by,09F8308FCC356BB36F02EB451BC9D5A2DA412FC92627F1AC750C661466B6B906,56DC4BFED3DB08B1C0326C1F215763519AAE73E65A2E9B35E688A92A2CB84E6B
Q081,qwen:F01_Full_WithShape,C001,qwen:F01_Full_WithShape,correct,1,3,3,3,1,1,medium,0,asset_types|assets|locations,filter|join,7C6AA8331CB1EA30533B0392B660823C88012CBEDDD371AD6A6F37B65FB9FE0E,B5DFF96C6059A8199759F61599CEF41B66796187405AC66FBA00C76616BF4C3E
Q082,qwen:F01_Full_WithShape,C001,qwen:F01_Full_WithShape,correct,1,3,3,3,1,1,medium,0,asset_types|assets|locations,filter|join,5EE929892BA6AF4AC80B97E5B7746879326E44772C0C02B960EE3F6B385FD553,5907FBC3F9F3722B44678B02D9B02222BE4AA59CFA5D97407A69E90B2B9B2F95
Q083,qwen:F01_Full_WithShape,C001,qwen:F01_Full_WithShape,correct,1,3,3,3,1,1,medium,0,asset_types|assets|locations,filter|join,A8C1087E127E4B939C564F4DEBC1BD2AFD932F51A67D383D69525E21B8A08266,7BEBBDB5539972BBDB52996E31053D376CDE31AF40998FEFDA5D143B8A068CB3
Q084,qwen:F01_Full_WithShape,C001,qwen:F01_Full_WithShape,correct,1,3,3,3,1,1,medium,0,asset_types|assets|locations,filter|join,DB325846FF3C3605A81C849813E647251C8700D8D5CE5F3AD4536728ADF9E18E,E9B608A9FE56DD4A70F4BFB2BE6A57DFDCD5857163DB2E40DB8790E68C0E983B
Q085,qwen:F01_Full_WithShape,C001,qwen:F01_Full_WithShape,correct,1,3,3,3,1,1,medium,0,asset_types|assets|locations,filter|join,F4F80A494ED244F7158D3293A3BB7B52595CD0D3B4B3282CB1EE3AE64A0D5DDC,BE47859E9627B4953A38F609DBC5096697D6F691E646B1F0325383F8AF193E6E
Q086,qwen:F01_Full_WithShape,C001,qwen:F01_Full_WithShape,correct,1,3,3,3,1,1,medium,0,asset_types|assets|locations,filter|join,8EEBAAA7081BC7482BF9C0DC68195AA84E08119CAC316BD7BCB7C4D19395C616,AD8C5AE8369AAD1CD2D29F12FEBEE5833F05100C2BD337D93549AEF9E8DE16FA
Q087,qwen:F01_Full_WithShape,C001,qwen:F01_Full_WithShape,correct,1,3,3,3,1,1,medium,0,asset_types|assets|locations,filter|join,CBDF469CBCB2D55BF2C9FB85B1515FE0F4043C326C701D3B48E12A679816E419,EC610E6CB8DAE78AF9A630AB0327E4D83BF7E869679B118E9B4F3AC80A125542
Q088,qwen:F01_Full_WithShape,C001,qwen:F01_Full_WithShape,correct,1,3,3,3,1,1,medium,0,asset_types|assets|locations,filter|join,013744DC08499748C37421C17D13D9CDC9F95975CFA6B1553F226343EC24A294,AB06F6AE1D6A86C92475A4CAB67407D223CDEF7E023A33888D45D7474FBEF815
Q089,qwen:F01_Full_WithShape,C001,qwen:F01_Full_WithShape,correct,1,3,3,3,1,1,medium,0,asset_types|assets|locations,filter|join,CF1E1938AEF0999C50E16B8D719880C486B76444EE00D121F8F36CAF0EE11AE5,78DE4B7992B28BB07F2B0EEA4DB6D9B805E2B672F8AA3AA7A8EC1C15ADF6F8C0
Q090,qwen:F01_Full_WithShape,C001,qwen:F01_Full_WithShape,correct,1,3,3,3,1,1,medium,0,asset_types|assets|locations,filter|join,C60E3572C046FE28F80164BFDD04A76894EE9FF72AE7E32D9D59A68A2D5627D2,F2995887A6CDE41BAE098E58C25E5FE4A6FC18517FBDFD424ECDB715AADC1B76
Q091,qwen:F01_Full_WithShape,C001,qwen:F01_Full_WithShape,correct,1,3,3,3,1,1,medium,0,asset_types|assets|locations,filter|join,4EBA8AF7CFD8895B18A911824BFF5FF4F462FD489C1CDC27914C4E07C02AFDBC,C90ADD655689FCD9911FDA1120AE5F0439C0E554E9CB8C8DF1BF70881774653C
Q092,qwen:F01_Full_WithShape,C001,qwen:F01_Full_WithShape,correct,1,3,3,3,1,1,medium,0,asset_types|assets|locations,filter|join,A8BFDA04991592DD3CEDB7F45785E7992DD2F068E51704C7BE027D6127A9DD9A,8C7606BCDD6CFBA13724611294FE27BA6416EAF37F7B0A9A7BA4CF7F2840E2AE
Q093,qwen:F01_Full_WithShape,C001,qwen:F01_Full_WithShape,correct,1,3,3,3,1,1,medium,0,asset_types|assets|locations,filter|join,731111BC5E2ACB61861302255978F4C11B19BBC54F610E640B92B64E906F8E04,80AA5E635828D15D65DE1C95E333A7C29B831D491A1AAB2C3B4AF00FA7524316
Q094,qwen:F01_Full_WithShape,C001,qwen:F01_Full_WithShape,correct,1,3,3,3,1,1,medium,0,asset_types|assets|locations,filter|join,C2E2DF54A85C10848727A14FEF927B01E06D3637BB3AD93C3F1E4BD7D7C45FBF,72A4EEC70FE114219C53C3B3BDB8956BAB9A8F048CF56A4EC08DCCDB2F00013F
Q095,qwen:F01_Full_WithShape,C001,qwen:F01_Full_WithShape,correct,1,3,3,3,1,1,medium,0,asset_types|assets|locations,filter|join,15BDCE5F630526076AFA10BAEE4BCDCE161CFBA948113B13EEED01DF63E4CB34,26D884CC511DBF8DCE2BA5F82EB15338F8DF136F43F11EF608B9CB5A0125BFFF
Q096,qwen:F01_Full_WithShape,C001,qwen:F01_Full_WithShape,correct,1,3,3,3,1,1,medium,0,asset_types|assets|locations,filter|join,93C283CC73431533C707EDF36BCB6E61EF5E86918F1F5DB30D6AB804BCFA38F5,D7A4E1B40F05EE267E53226B4C3B2AD861809C274003AFDB2DC6103556EF15BC
Q097,qwen:F01_Full_WithShape,C001,qwen:F01_Full_WithShape,correct,1,3,3,3,1,1,medium,0,asset_types|assets|locations,filter|join,868BFDDE5DA9AB55305464ACC1490285643B491CD3E97226B33A0E97A6546C25,F5EC9300EA6C17C34C465780B1B3B1AF5C281D823AAE63B38AAEA0943779E901
Q098,qwen:F01_Full_WithShape,C001,qwen:F01_Full_WithShape,correct,1,3,3,3,1,1,medium,0,asset_types|assets|locations,filter|join,71529376EC84A99D77DA357CACFF1BE4ED35C84F89E2AAC8E52CB601512593C0,2C0C09F5495E655CB3AAE807E7D9ED40B69561C9DE1C4481CA8935F94D119B46
Q099,qwen:F01_Full_WithShape,C001,qwen:F01_Full_WithShape,wrong_denotation,0,3,3,3,1,1,medium,1,assets|work_orders,filter|join|order-by,DB0D88DA77733F6C176546E154DF65847FA42A32442F408DA3319A054508C4D7,6BF9EBE685BB1E6B61F9AD8B1B4FC8220894AEFB6A787DA91E08B6766DEB8980
Q100,qwen:F01_Full_WithShape,C001,qwen:F01_Full_WithShape,wrong_denotation,0,3,3,3,1,1,medium,1,assets|work_orders,filter|join|order-by,780F41ADD3F11CAE21DA0695FBBEE348695FF8115789DBCF764571EFE873ED0A,D71A3F8AB7F6C275DA1810FA42D3F080E31986F00F4D37EEF1710E34D8F02D47
Q101,qwen:F01_Full_WithShape,C001,qwen:F01_Full_WithShape,wrong_denotation,0,3,3,3,1,1,medium,1,assets|work_orders,filter|join|order-by,4938ACD743722CE8F6A76A4A6771AE2FB7B64C16F3B2280181D10C9CB3167A50,9E554A31806BDEBEF5515422C23D4B4B54F69A2383A30770E2496EE85235414E
Q102,qwen:F01_Full_WithShape,C001,qwen:F01_Full_WithShape,wrong_denotation,0,3,3,3,1,1,medium,1,assets|work_orders,filter|join|order-by,F7526D2219B865C894A4F81348573EB1A4A8A16EA500F9306485EF12E95E5247,B91FC88F8737230FD282F58A0C69BC42A1DE8D99665299EF53B09E57C7512DE1
Q103,qwen:F01_Full_WithShape,C001,qwen:F01_Full_WithShape,wrong_denotation,0,3,3,3,1,1,medium,1,assets|work_orders,filter|join|order-by,80612E94D439A5162298360E13A7A0919EF17F8BD6A50A2C5D5B3590DFE95F54,C386265AAB4973D3DC9FBC7633211E0BC9312C72B649097932B1819450C922BC
Q104,qwen:F01_Full_WithShape,C001,qwen:F01_Full_WithShape,correct,1,3,3,3,0,0,medium,1,assets|work_orders,filter|join|order-by,35A08DB08985CE9D1D1FE0C7D75E227DB5F1D1AE7C4132E36F0FB21B779E50F9,41AF7A63B404C8F1F460E26A3EAC59A9A25A503835E2A473A9C172D2FF945282
Q105,qwen:F01_Full_WithShape,C001,qwen:F01_Full_WithShape,wrong_denotation,0,3,3,3,1,1,medium,1,assets|work_orders,filter|join|order-by,CD13A1C2F1FFC42B1E20A31D6B99799BCE81DC1F3E32FF93EE62F24E7AE7BCAD,9A87A0113FB5B583C3E278A16AB9681F3380F6F743363449CD2E9606D64555CB
Q106,qwen:F01_Full_WithShape,C001,qwen:F01_Full_WithShape,wrong_denotation,0,3,3,3,1,1,medium,1,assets|work_orders,filter|join|order-by,E6EAC746A1BA7500157B103B3BF25E93CA54088ABF8FBCE4DB22351579D50C9A,ABC385CDC88056C5B240CBB1CBF71D84FA00AAF5F2D1A0016012A05C9FE63AA9
Q107,qwen:F01_Full_WithShape,C001,qwen:F01_Full_WithShape,correct,1,3,3,3,0,0,medium,1,assets|work_orders,filter|join|order-by,CE4B77BA09C4A5263CDD3F1F5D0993C402593CC4D729F96A5EFA63643AE56647,92CD6A92EA310D3EF3D24DF6FD0EF1DB23D6F439F5C40EBD548AD297CC29C55D
Q108,qwen:F01_Full_WithShape,C001,qwen:F01_Full_WithShape,wrong_denotation,0,3,3,3,1,1,medium,1,assets|work_orders,filter|join|order-by,F6F3FF9CAC591416EB137093C95020A9EB16DF230B03EA58B0588B729EA3DB96,CB6B1F12686B8F23DE9AB1A591B17B55257DC5B84CF97EDC158E742AB5593C4D
Q109,qwen:F01_Full_WithShape,C001,qwen:F01_Full_WithShape,wrong_denotation,0,3,3,3,1,1,medium,1,assets|work_orders,filter|join|order-by,147D06CD80E5762E66075E771A3C076E7197192046931851C66D9DACC2B9E7CD,CA891F2337BC1FABC1EDA04BF4318D3BD5F81EE4556115D682E97ABE45439A62
Q110,qwen:F01_Full_WithShape,C001,qwen:F01_Full_WithShape,correct,1,3,3,3,0,0,medium,1,assets|work_orders,filter|join|order-by,A1CBEF50CDF4ED13FF7B6A753F397D7DD5FF39EF673FF8B2B2439A49FEF3CC50,1F87F45858C889D3425AFBDDCDEB10D5915FBFF7D93B3E5A204717DC800E1499
Q111,qwen:F01_Full_WithShape,C001,qwen:F01_Full_WithShape,wrong_denotation,0,3,3,3,1,1,medium,1,assets|work_orders,filter|join|order-by,3665222898BAF553443A12F31BE7B11B025A9A91C851A034A829029EF91550D3,82F9129BF81A30B5E70DD063E12B3D72E1EF7A64810C18CFF2A4489065CD6614
Q112,qwen:F01_Full_WithShape,C001,qwen:F01_Full_WithShape,wrong_denotation,0,3,3,3,1,1,medium,1,assets|work_orders,filter|join|order-by,8CD5217349C69FA0186B0439973B7B0DF720E7F8F41BC38066C584036BF6FD9C,A8224D1F700D864B9A1A7ED63F945DEFD172078F0DC7A07137B6AA3A15658BA4
Q113,qwen:F01_Full_WithShape,C001,qwen:F01_Full_WithShape,wrong_denotation,0,3,3,3,1,1,medium,1,assets|work_orders,filter|join|order-by,B9B102E2AD6D5175BA7EA60D545B8989EA619A6BE09740D6F47DD2BC79D6D6B3,BCF472BEA807A36A0A6146014EB6B342D54472212ADC8E37F45C09ED82DF1DB0
Q114,qwen:F01_Full_WithShape,C001,qwen:F01_Full_WithShape,wrong_denotation,0,3,3,3,1,1,medium,1,assets|work_orders,filter|join|order-by,335B95A71827DDFC1678B93E953450739B35763E65246E953178D0E361D20368,E97FEB511A72F5242C5B426C15B5B68C0AC52AB5CFAA307E2F2BE34D1DCF1583
Q115,qwen:F01_Full_WithShape,C001,qwen:F01_Full_WithShape,wrong_denotation,0,3,3,3,1,1,medium,1,assets|work_orders,filter|join|order-by,64DA340060203BF9711944E2E31D5F1429456EAD361783D44A1E0241E4BCC726,9FEDD4D8A154A5979AB6353D353EF5729594B3018ECE5AEB20824FCC6C1D9A94
Q116,qwen:F01_Full_WithShape,C001,qwen:F01_Full_WithShape,wrong_denotation,0,3,3,3,1,1,medium,1,assets|work_orders,filter|join|order-by,8D5C7F2C08FB1EAF490F9220BB29A38CDE9E23F3DD06856A9D629C58662818CE,9C493A195F29C0AB271B65A6DE85273D13DFE693DC84B3DF1755BBEC92C8150C
Q117,qwen:F01_Full_WithShape,C001,qwen:F01_Full_WithShape,correct,1,4,4,4,1,1,medium,1,assets|sensor_readings,filter|float|join|order-by|time predicate|top-k,3FDC0AFCB83B157AA5D2E45653972C5E408092CD506C18C40B3625C37F911C25,ADDB11C32923185E4B1B5D4FAF244BB15F14A267EB51F4A4E1042B99C6CFAC41
Q118,qwen:F01_Full_WithShape,C001,qwen:F01_Full_WithShape,correct,1,4,4,4,1,1,medium,1,assets|sensor_readings,filter|float|join|order-by|time predicate|top-k,39E4DDCEB3C6F3E2A3375C9AD8EA9A18D7B8C11CA74CF3B907993C7D13BF0EA3,6C2CE94927FE1ED8110277B2991EB547D2F0DED199533691FF05F7A8AF570602
Q119,qwen:F01_Full_WithShape,C001,qwen:F01_Full_WithShape,correct,1,4,4,4,1,1,medium,1,assets|sensor_readings,filter|float|join|order-by|time predicate|top-k,6701693EC01271DAF56E2C7EA4F05B76B79BDA67BA8E30920B0ACB28B55B8615,235D55B60C02355C29746D04A7A4CD7F52DF41E442EE169FCD3F3A03CD004476
Q120,qwen:F01_Full_WithShape,C001,qwen:F01_Full_WithShape,correct,1,4,4,4,1,1,medium,1,assets|sensor_readings,filter|float|join|order-by|time predicate|top-k,AB8ED1A01EC230DE225BF8B0888C4102F528B185583B1F8998CC0A1BAF93A626,C538A82A512A0972EFCFEF46D832F24EDA184A51136A4E6375FC335EB27B5DE9
Q121,qwen:F01_Full_WithShape,C001,qwen:F01_Full_WithShape,correct,1,4,4,4,1,1,medium,1,assets|sensor_readings,filter|float|join|order-by|time predicate|top-k,6FDE5CABB1D95A6BCAC7A1C7B01314E437AA41025CB9AC9F53733C184C11DEBE,38D2BE7FBE3C6C649A1B5FA80ACBEEF334758BA2C540752007AC4561E174B1BD
Q122,qwen:F01_Full_WithShape,C001,qwen:F01_Full_WithShape,correct,1,4,4,4,1,1,medium,1,assets|sensor_readings,filter|float|join|order-by|time predicate|top-k,3B9AF9AF12F0094F7F717A70C871578ACB2975FCB52C3F5552741292589848D0,F39EF13DC8ABDEE58F9EB1B202C277013B7B800B148381AF26EA6775491ECF7E
Q123,qwen:F01_Full_WithShape,C001,qwen:F01_Full_WithShape,correct,1,4,4,4,1,1,medium,1,assets|sensor_readings,filter|float|join|order-by|time predicate|top-k,BE956D28AB6CC07558886616A0C0536B3362303185E47F7AEB77CC64E603DEEB,1BC2E46D210D620AAF5C84F771E1E5581E2642CE844524674C2B2F589DC9FAB2
Q124,qwen:F01_Full_WithShape,C001,qwen:F01_Full_WithShape,correct,1,4,4,4,1,1,medium,1,assets|sensor_readings,filter|float|join|order-by|time predicate|top-k,DBF03D17CE0171F3A54486BBA71D35F5216B962C0A05BCA0283F448DFF9B385C,A290DB31E66C08B49FC8C381F2F60A0BD658ACBB2AEA91A4A5C96575AE60160C
Q125,qwen:F01_Full_WithShape,C001,qwen:F01_Full_WithShape,correct,1,4,4,4,1,1,medium,1,assets|sensor_readings,filter|float|join|order-by|time predicate|top-k,D07940A25CAFE5104BD87ED6F86EAA76D0D3F5080C2FFCB3EFD8C2F776220D72,7992EEE72D9FD9518655D7883286F6CB288BED666AD4716BE67643D7CDF04F5C
Q126,qwen:F01_Full_WithShape,C001,qwen:F01_Full_WithShape,correct,1,4,4,4,1,1,medium,1,assets|sensor_readings,filter|float|join|order-by|time predicate|top-k,EA2C6D3CB3D1ACB5F635A7DC3F087F9A4DE98AB0EA8B939000AAD4E4686AF924,51DCC1CF59797FDB8D524E21A8085A4B1C32D7753B2428EB1AB377F9CD3DC134
Q127,qwen:F01_Full_WithShape,C001,qwen:F01_Full_WithShape,correct,1,4,4,4,1,1,medium,1,assets|sensor_readings,filter|float|join|order-by|time predicate|top-k,56642754AF560C26A90E4F6B1BBC9441BF193C3580144EF2200EFE35A67E2D9C,A117A0E5D5CA594A8D37A55430C71E3AD7C33D86B2891BF2E96A4297744253E1
Q128,qwen:F01_Full_WithShape,C001,qwen:F01_Full_WithShape,correct,1,4,4,4,1,1,medium,1,assets|sensor_readings,filter|float|join|order-by|time predicate|top-k,2DF93F4356F4CB970F9D67C0FFC1A528AE11C4A73064B7E85ACDA137FB1635DC,BB81A8F11DA0187DA28E4D6AD68735970ACB5A2AFC07414BD2427DB0A369C598
Q129,qwen:F01_Full_WithShape,C001,qwen:F01_Full_WithShape,correct,1,4,4,4,1,1,medium,1,assets|sensor_readings,filter|float|join|order-by|time predicate|top-k,AA9B8E1DDE930255EBCF5E4874FC15520B1818B2A4A16926D9D1779072047F3B,8CA57CC09F45306A7B17C7CF6513E8374167574D8555012E6AE7FF89181B04E5
Q130,qwen:F01_Full_WithShape,C001,qwen:F01_Full_WithShape,correct,1,4,4,4,1,1,medium,1,assets|sensor_readings,filter|float|join|order-by|time predicate|top-k,18B39FCD55ACD8368D2A9D0FA9D9A00F595DB163D853BFD5758C12A6D89D4AC4,66009698E99F05D64B9A5E5BE82CA02620C032CF817352FD25624D9FA0493B18
Q131,qwen:F01_Full_WithShape,C001,qwen:F01_Full_WithShape,correct,1,1,1,1,1,1,easy,0,assets|locations,aggregation|filter|join,223DEE7C8DF83D00B969F43E89CF9DD60362ED354FB528EA9585BF98396F7C9B,926DAC82557721913B5B755DEF4E6D7902333789F9AFF24165E7D060F583B4D1
Q132,qwen:F01_Full_WithShape,C001,qwen:F01_Full_WithShape,correct,1,1,1,1,1,1,easy,0,assets|locations,aggregation|filter|join,F38A3F0C58F6E2A6B684A252D0680FED9BA1EF286DDE6D8DD6BC35FDF2EC5F0F,87F227DF6F9A9C2278171B0FA86333BBFED04EF17B9C027C1C384F7A5604A920
Q133,qwen:F01_Full_WithShape,C001,qwen:F01_Full_WithShape,correct,1,1,1,1,1,1,easy,0,assets|locations,aggregation|filter|join,7C85FE5EFEA87042EEF89660587B1DF8C35C0A21DEF38B58674FCFCE198C1C92,82FFD9A8D5E5FC223E7AF549EE3F28D5BB90775E46E60BED0EB7EC4181944C36
Q134,qwen:F01_Full_WithShape,C001,qwen:F01_Full_WithShape,correct,1,1,1,1,1,1,easy,0,assets|locations,aggregation|filter|join,2809822C0EE05D06A953B1631684DD86BB446EF38218D0197D7372B2CC1FD69D,5868892DB40C5387F6F38780322F8B7726F2AC0E3807C27476D38BCC6BEA2C96
Q135,qwen:F01_Full_WithShape,C001,qwen:F01_Full_WithShape,correct,1,1,1,1,1,1,easy,0,assets|locations,aggregation|filter|join,170F29E90086F85E9A87C3C196D6FF6E3FB691D37E98F64FA83A33F2D457EC69,B6590CBD8A77D19F0637FC55A4B7B4C4D010F580907B133F89B6908F4387E40E
Q136,qwen:F01_Full_WithShape,C001,qwen:F01_Full_WithShape,correct,1,1,1,1,1,1,easy,0,assets|locations,aggregation|filter|join,2B06D7496B676D74FA091F386C3474E188D329370E839EE7F739CF440E312A5B,FD0D4C193FFA8524DA8C0A9C846DBCC039FA29FDB7034474E85704812AA3FF03
Q137,qwen:F01_Full_WithShape,C001,qwen:F01_Full_WithShape,correct,1,1,1,1,1,1,easy,0,assets|locations,aggregation|filter|join,A65450E5D317B461C09B798F8C658230C1E3CEB17E01457AA9D027FE588CF0FC,C510A4F480C890919D61542527C4484503C79E7F886440DD697CBB05C07933CE
Q138,qwen:F01_Full_WithShape,C001,qwen:F01_Full_WithShape,correct,1,1,1,1,1,1,easy,0,assets|locations,aggregation|filter|join,F923B94EF0B542E0AEBFC81B2F7B8A62CCABB6F3E16D083189D60B0EA79DFFC4,E4232AC36C8531B610F07F35323BE6D3CE210DCA9100C1F2AA5B079F951DEE7B
Q139,qwen:F01_Full_WithShape,C001,qwen:F01_Full_WithShape,wrong_denotation,0,3,3,3,5,5,medium,1,assets|sensor_readings,filter|float|join|order-by,D85E3B86B53EB9BEFE15CE6E884FD88D27C3079A1FFE434F4D86DCF94880A753,CBD1D3E389EDFEB07D635046BF87B3AC06B895497ABBA66F9042635E26DB3898
Q140,qwen:F01_Full_WithShape,C001,qwen:F01_Full_WithShape,correct,1,3,3,3,0,0,medium,1,assets|sensor_readings,filter|float|join|order-by,5CE3E813A25ADBDEACE87E79797D825BC9EE1DAA29677943C8D1D1A65248027B,E7AFD864A4AA0E3CAC06A707B65998B52154E8B0F3A5C20981AFEEF477184D24
Q141,qwen:F01_Full_WithShape,C001,qwen:F01_Full_WithShape,correct,1,3,3,3,4,4,medium,1,assets|sensor_readings,filter|float|join|order-by,0082F6D8A843937F087856CF544B0C2D4554476E7DEC9B1A3750FF2B3603498E,1685D70047643A73A4164ABDE6309B16C601C2977B18934007C18EECDF897710
Q142,qwen:F01_Full_WithShape,C001,qwen:F01_Full_WithShape,correct,1,3,3,3,1,1,medium,1,assets|sensor_readings,filter|float|join|order-by,2366DF94C85DF1297BEA4C52828DB09B9F7E8CDBCB065AE43672DCB6A53B30BA,405A64E16DDAA9687274876C39A48D52B4A8981C6F921FC1CAB143A62FE0426F
Q143,qwen:F01_Full_WithShape,C001,qwen:F01_Full_WithShape,correct,1,1,1,1,1,1,easy,0,work_orders,aggregation|filter,3C4F651845C93619B00E894FCDE97841ECB78D929A361F847627F39C1D979BB6,75DB2BB201FC12F0B95501B54A5C07CBFD34967343A841E33BD482D1589E95EC
Q144,qwen:F01_Full_WithShape,C001,qwen:F01_Full_WithShape,correct,1,1,1,1,1,1,easy,0,work_orders,aggregation|filter,0FA5BDB9FEA64F94D4703BF9E6EFFF60F8ECF5C2D8AC20E15A6766DF65C1280D,9F8B6C3EB40E1299F3897C588A9B22C155B5A8897050055BD39A5ADC5E8032C1
Q145,qwen:F01_Full_WithShape,C001,qwen:F01_Full_WithShape,correct,1,1,1,1,1,1,easy,0,work_orders,aggregation|filter,14B89DCDF5DBDF69FF06F5F9E16772F1A7B121998E1606A24B1BFDDCA01788B3,390831F1EC845FD04FB6ED5180DEF1CD8E9AE34C33AF169FA6EBB1A570445133
Q146,qwen:F01_Full_WithShape,C001,qwen:F01_Full_WithShape,correct,1,1,1,1,1,1,easy,0,work_orders,aggregation|filter,E73E10E8282B8C6B34680051CA2C9924F9C0E93AA2FBFD875923BDEB472D3C3B,61E87A91BF90AB9EADE434A189C56C88D06CAD7FDA382159B09FE7AF41EC44C6
Q147,qwen:F01_Full_WithShape,C001,qwen:F01_Full_WithShape,correct,1,1,1,1,1,1,easy,0,work_orders,aggregation|filter,4A09463D9486D00C68693F7C0F0AF59459E8A9FBE181CC59CB2D846D3B00B9CD,D02E0B94F1FAFED7347DC9D315E1493221E0DCE9A51FCF196D18A09C6418EAD8
Q148,qwen:F01_Full_WithShape,C001,qwen:F01_Full_WithShape,correct,1,1,1,1,1,1,easy,0,work_orders,aggregation|filter,CDB9CE1FC96A875C6715D0B0770F8639F300635064AE8BB47A14D43E89199F59,8F37A6BBC57A9825403293988A515C47DA291EED8AADE2FCAF6A6FA4998FAD9C
Q149,qwen:F01_Full_WithShape,C001,qwen:F01_Full_WithShape,correct,1,1,1,1,1,1,easy,0,work_orders,aggregation|filter,C15AAB416DBE8E95D9FD9F478B2F69C4C7E3D39C9060C42D1FD747B7C2124427,F43EC400DA2637333871AA585B3216D15ABF981E6DC60573E2ECE02411DC990E
Q150,qwen:F01_Full_WithShape,C001,qwen:F01_Full_WithShape,correct,1,1,1,1,1,1,easy,0,work_orders,aggregation|filter,9D947FC35B61A0F2E3EA6B433D97E0E5C03521EE1FB49EE648CA5FD5DDDB7CCC,A16707C49CBCAB649D990DD702407BC2DE34480945F2A11209859729D2A023CA
Q151,qwen:F01_Full_WithShape,C001,qwen:F01_Full_WithShape,correct,1,1,1,1,1,1,easy,0,work_orders,aggregation|filter,7F9489F9D2CAF402EF4D3AAD3CCD7BBB23A4D0D49DA769C9851EBFF05CE0794A,126170C47D2E3CA0EDC2B42E5ADF7D6C5157F26609EF764DB5967463075273BB
Q152,qwen:F01_Full_WithShape,C001,qwen:F01_Full_WithShape,correct,1,1,1,1,1,1,easy,0,work_orders,aggregation|filter,BF74327386B4F5BF9D78008D739EE979511082DFD657DAF59CF9BF2C96745F64,A06525F506CC29B994A1BFC5C4AECB3487B191266155C52478ED43FE3D6DE29D
Q153,qwen:F01_Full_WithShape,C001,qwen:F01_Full_WithShape,correct,1,1,1,1,1,1,easy,0,work_orders,aggregation|filter,15CC25CEE0E87EC6A6B89E4314BF30F19B6F74198D4FD17A366968B4A0024389,A83E9A730A6AACC9B9088F9771B13AE621E1A63421E10E4E21794BC6AD71F579
Q154,qwen:F01_Full_WithShape,C001,qwen:F01_Full_WithShape,correct,1,1,1,1,1,1,easy,0,work_orders,aggregation|filter,EC1F76CBAC83B49DEDAB06BC020E2C9A55FD415BAB3B77B9FA2037CA66389324,2A59F0DEFDEC674D7BDEC673A9496EE1EB5145624AE7E7C0BE4AC94C13945CC9
Q155,qwen:F01_Full_WithShape,C001,qwen:F01_Full_WithShape,correct,1,3,3,3,3,3,medium,1,technicians|work_orders,filter|join|order-by|time predicate,644F785E65E912281C5FC7E8E1ED29F2094F0B62036DE1723A1D646BD5FE7D4C,062CE20811406347D151CA4E22DBA322D05D1B3825E324112DB9CE764FDA29C3
Q156,qwen:F01_Full_WithShape,C001,qwen:F01_Full_WithShape,correct,1,3,3,3,3,3,medium,1,technicians|work_orders,filter|join|order-by|time predicate,EB253E8F1E4C56017F51E37E8E273409105587D1D4A7CBC31FF21FABFE5F38C9,6DCF0711BBC668B378E362161CE11344D5B35053FB035999AE360B3E1F2231C4
Q157,qwen:F01_Full_WithShape,C001,qwen:F01_Full_WithShape,correct,1,3,3,3,2,2,medium,1,technicians|work_orders,filter|join|order-by|time predicate,EF1234E3F2A6C3F83E1C2698AADBDCE878048426691D784645FD8383DF935C4F,FB6D8E9E5CA84C5904616D21D33DC95BB0A110D2A95408404D409B67616B3823
Q158,qwen:F01_Full_WithShape,C001,qwen:F01_Full_WithShape,correct,1,3,3,3,2,2,medium,1,technicians|work_orders,filter|join|order-by|time predicate,1407C29F677CFC572D629F476B956BB9F67438655B8B39AE32911C1EF4173845,6B05DC20B411F54AAA4035EE49263BDEE0BEECBBD589739B735C27A8DCC4248F
Q159,qwen:F01_Full_WithShape,C001,qwen:F01_Full_WithShape,correct,1,3,3,3,2,2,medium,1,technicians|work_orders,filter|join|order-by|time predicate,A58BB40BA7C080411C638A3737043852C9D03391FCAFCC275DE0BEACB99DF2FD,7109EB7A63ACB3C165C8BB10379E0A025AE31BFF7200F2153763B20B858CFEE4
Q160,qwen:F01_Full_WithShape,C001,qwen:F01_Full_WithShape,correct,1,3,3,3,1,1,medium,1,technicians|work_orders,filter|join|order-by|time predicate,F77105785632E1BE17BCCEAA07E9B937FFCDF432F2CB097A6B8890ADFB152ABF,247F64B9CC969BE0FF0892AF528AE7AFE444EAFFD19D28346A343A540BB0C620
Q161,qwen:F01_Full_WithShape,C001,qwen:F01_Full_WithShape,correct,1,3,3,3,1,1,medium,1,technicians|work_orders,filter|join|order-by|time predicate,C92CE26B9066276964952F82D5E844713563CDF905401AD4DF957CA9EBD82D54,920742F6A541EF4F368A8CF8A4E81F81E561FCF34A80C168B5320E37DE422F27
Q162,qwen:F01_Full_WithShape,C001,qwen:F01_Full_WithShape,correct,1,3,3,3,1,1,medium,1,technicians|work_orders,filter|join|order-by|time predicate,28291B286664600B76555A11B64F94C024CA0DE47A66E70BF8308DA28F57EE01,34F60EDE10AD27A162D4476A2999FB624150CD870349CF1DB8ADF95733ADB63C
Q163,qwen:F01_Full_WithShape,C001,qwen:F01_Full_WithShape,wrong_denotation,0,4,4,4,2,2,hard,1,assets|grid_topology,filter|order-by|self-join|topology traversal,9E8EDD4D3830C1CC4AF25C38A796A9D2C6C30AA87DA4AD5F3CB59B9FC78B65B7,25E50AD78502AE74A88196E85FC5B04BB17EBF7C044A0F4DDB8BE7EFC41A7544
Q164,qwen:F01_Full_WithShape,C001,qwen:F01_Full_WithShape,wrong_denotation,0,4,4,4,1,1,hard,1,assets|grid_topology,filter|order-by|self-join|topology traversal,0AF4206C07951C35BBA457E1CB3BD9D406BC73B98DFFE1282B79997CD5FCEFF7,24343308951D9A4AD15EA16AED4C1111DEA20F71C709560A1A63C993D7856E40
Q165,qwen:F01_Full_WithShape,C001,qwen:F01_Full_WithShape,wrong_denotation,0,4,4,4,2,2,hard,1,assets|grid_topology,filter|order-by|self-join|topology traversal,1C7CDCA27841E3758F0EFDFE2EEA65046795BC4B52F33A160E83E441DFD5D185,1AA1604E51FB7FBACDC0F9CD0C147F0969E26C045A6582B8B193F8626030BEDB
Q166,qwen:F01_Full_WithShape,C001,qwen:F01_Full_WithShape,wrong_denotation,0,4,4,4,1,1,hard,1,assets|grid_topology,filter|order-by|self-join|topology traversal,FCD393C64E1A5AE83936B5AE537ED28F7B8358686EB4F075C1B62555A2E15CB0,78C08665536FD82F0BB63C2D88909519E4E43FC25ED33C6E46137CF02AC686B0
Q167,qwen:F01_Full_WithShape,C001,qwen:F01_Full_WithShape,wrong_denotation,0,4,4,4,1,1,hard,1,assets|grid_topology,filter|order-by|self-join|topology traversal,A003ED1E7A4F334449A0E28ADC3FD0ECB2E7AE0CCDA27034B222779977B111B5,1E4FC9DD39EF57631E9B8DE55D11073E1ED623CEFE82A9BFCD07854B13A499A5
Q168,qwen:F01_Full_WithShape,C001,qwen:F01_Full_WithShape,wrong_denotation,0,4,4,4,1,1,hard,1,assets|grid_topology,filter|order-by|self-join|topology traversal,EB3F8D56EB77A93111B1468E482E37F926075E54869A470A588908ACD6987EE0,23548329609A5AAB25EA63FAC74151F5E12AB062172F1F2941A475D547C8229A
Q169,qwen:F01_Full_WithShape,C001,qwen:F01_Full_WithShape,wrong_denotation,0,4,4,4,1,1,hard,1,assets|grid_topology,filter|order-by|self-join|topology traversal,13CBB2D1365A2D632534E9C00C9701FF93F4D778AC3C3CA46460A0E247C8A0F2,CD7DEE4A8CD4D34D8182656ED8B8B804E2FB847D9A87EBB4DE189B88CCFA95F2
Q170,qwen:F01_Full_WithShape,C001,qwen:F01_Full_WithShape,correct,1,4,4,4,3,3,easy,1,work_orders,filter|order-by,9B7C311EEAB47AA56F563E23732784E6F465A71E4F47F0BE48002F605883C7D4,9B7C311EEAB47AA56F563E23732784E6F465A71E4F47F0BE48002F605883C7D4
Q171,qwen:F01_Full_WithShape,C001,qwen:F01_Full_WithShape,correct,1,4,4,4,2,2,easy,1,work_orders,filter|order-by,844EDC49F7A38982CF8AD0B041D6DC6D095877F633AF52344098008FC3A4C348,844EDC49F7A38982CF8AD0B041D6DC6D095877F633AF52344098008FC3A4C348
Q172,qwen:F01_Full_WithShape,C001,qwen:F01_Full_WithShape,correct,1,4,4,4,1,1,easy,1,work_orders,filter|order-by,4D4E7AA98D6EC5812C22119C7899C87B69FC97F7A572C809C4BEC64D0C7265AD,4D4E7AA98D6EC5812C22119C7899C87B69FC97F7A572C809C4BEC64D0C7265AD
Q173,qwen:F01_Full_WithShape,C001,qwen:F01_Full_WithShape,correct,1,4,4,4,2,2,easy,1,work_orders,filter|order-by,CB010710A9965B256BD2BDAA71AF8B3CA3EBF649A754731CCB1CE356AD6C0908,CB010710A9965B256BD2BDAA71AF8B3CA3EBF649A754731CCB1CE356AD6C0908
Q174,qwen:F01_Full_WithShape,C001,qwen:F01_Full_WithShape,correct,1,4,4,4,2,2,easy,1,work_orders,filter|order-by,23308ACB2435B92AF81B85E120A177C950FE3E25BC5714691826DB364C70788D,23308ACB2435B92AF81B85E120A177C950FE3E25BC5714691826DB364C70788D
Q175,qwen:F01_Full_WithShape,C001,qwen:F01_Full_WithShape,correct,1,4,4,4,1,1,easy,1,work_orders,filter|order-by,6D6450176EC9584C7E4A6FAD27AE50AFF27DA6820B61256BCBDCF1C25147B608,6D6450176EC9584C7E4A6FAD27AE50AFF27DA6820B61256BCBDCF1C25147B608
Q176,qwen:F01_Full_WithShape,C001,qwen:F01_Full_WithShape,correct,1,4,4,4,2,2,easy,1,work_orders,filter|order-by,5BF700F629F5C03DD89F4DFE573E51E3842E624C2EFB6E70AF7C046B49D57A4B,5BF700F629F5C03DD89F4DFE573E51E3842E624C2EFB6E70AF7C046B49D57A4B
Q177,qwen:F01_Full_WithShape,C001,qwen:F01_Full_WithShape,correct,1,4,4,4,1,1,easy,1,work_orders,filter|order-by,79BFDB10B9BB031FD2889DFCA3C94F7332770252CC15465B3D37207F9AAD157D,79BFDB10B9BB031FD2889DFCA3C94F7332770252CC15465B3D37207F9AAD157D
Q178,qwen:F01_Full_WithShape,C001,qwen:F01_Full_WithShape,correct,1,4,4,4,1,1,easy,1,work_orders,filter|order-by,CE5977974313A0E798D09744F8FE4FEAA958C0F2287C43B4CC8B69292DC6101B,CE5977974313A0E798D09744F8FE4FEAA958C0F2287C43B4CC8B69292DC6101B
Q179,qwen:F01_Full_WithShape,C001,qwen:F01_Full_WithShape,correct,1,1,1,1,1,1,easy,0,locations,aggregation|filter,07FDE7DFCE282C7DD76FD216F7224153B4888103A0BF28140E3493C57D479621,F0ED8EA714C8C0B275180E9FE64FAC0C47F5D8F5AF0C098B34C57957C468FF55
Q180,qwen:F01_Full_WithShape,C001,qwen:F01_Full_WithShape,correct,1,1,1,1,1,1,easy,0,locations,aggregation|filter,5A394330D9F144270651F8093D0BC1B322AD6D39CF5A55D6C4E0FE670814DA0F,A81C2E54E08F172544EB63242B016F9D2C4E951F10D2F903E3A18C7549C9D289
Q181,qwen:F01_Full_WithShape,C001,qwen:F01_Full_WithShape,correct,1,1,1,1,1,1,easy,0,locations,aggregation|filter,01ACBEF0207DD6956E72F4FC0AE28AB023167AC894F47A5D742DA532DD81BB5D,D30540D8BBE3F71B6F9F61D1E657B286E4509F85FD7DF16F841DEA90F15893BA
Q182,qwen:F01_Full_WithShape,C001,qwen:F01_Full_WithShape,correct,1,1,1,1,1,1,easy,0,locations,aggregation|filter,8FA7FD810865FAE90100F409F02E539A0B541505A5E080037179EACEC76988F3,48DC7CD04363C88A1964AFD28EBDDD1B5277C2D47D156F41A2593149CACB335C
Q183,qwen:F01_Full_WithShape,C001,qwen:F01_Full_WithShape,correct,1,1,1,1,1,1,easy,0,locations,aggregation|filter,35D6AB8747F5A94ED1395E6FBD12F6C850D13831061BF2A39F960EFA48000687,02CA04C452E0647DCB9DF1AC775A4E0BC5FD95B31FC68274B197A8AFD56F3F65
Q184,qwen:F01_Full_WithShape,C001,qwen:F01_Full_WithShape,correct,1,1,1,1,1,1,easy,0,locations,aggregation|filter,78C5FF326D8AF488BBCD3CCDE73A2C425AA3FF4B8040505C82AC798283D09C50,22E8D870E63990E136AF70B49847EE94BBA6FED442B882BC29FB0E74533E1530
Q185,qwen:F01_Full_WithShape,C001,qwen:F01_Full_WithShape,correct,1,1,1,1,1,1,easy,0,locations,aggregation|filter,D5ADB431FC773FE65F0997430990AC3D2BDA0A6830402623F099BC587088F810,007653CD612C66C0D918F9E160FE50EFB94CC966CE71B3FB2A4B392A146A8BF1
Q186,qwen:F01_Full_WithShape,C001,qwen:F01_Full_WithShape,correct,1,1,1,1,1,1,easy,0,locations,aggregation|filter,A5E2963C1E9EFE3046DC41FC9CBC801B59C14BF4B7FD06B915B383C5384E2CEC,98115A9FDA686A9542013FAC0F706BE730B9F4C123DBEAF5F90A8214FD97CC09
Q187,qwen:F01_Full_WithShape,C001,qwen:F01_Full_WithShape,correct,1,1,1,1,1,1,easy,0,locations,aggregation|filter,A30A8ED7B2182EEB857228B1455AB37DD0B5E764708DC69953019BD555E554A4,9374C143E83E0B3E14D14B3A4E5233D9306CD3306CEEB84147F1198AF7A1976C
Q188,qwen:F01_Full_WithShape,C001,qwen:F01_Full_WithShape,correct,1,1,1,1,1,1,easy,0,locations,aggregation|filter,AE4077536BC2DABE87638BE6DE59E3E204926381B9D9EE1031DA2EE3C0D1F927,AAB780DCBD5F0DF417C342643DC86D142939AF166FF7722A1B3FB85C98A7F7B7
Q189,qwen:F01_Full_WithShape,C001,qwen:F01_Full_WithShape,correct,1,1,1,1,1,1,easy,0,locations,aggregation|filter,131A7E521B5B9B72394BBE0ED0467ECEBBA7111466B1C7E3C860404612EA0C6A,D98E61AC2461FE884779A2E33AECB2CB6135A4C8FB7F1BFCFCDF4DC5D9D20A63
Q190,qwen:F01_Full_WithShape,C001,qwen:F01_Full_WithShape,correct,1,1,1,1,1,1,easy,0,locations,aggregation|filter,7A010A256F4D6C0042F1EA15672FB24F9926C20519910C7D6FBC50BB3A5C5818,EFD24C88124419AB6CFA9A484FEC049649216A426B7E851C7538E888E304BEE6
Q191,qwen:F01_Full_WithShape,C001,qwen:F01_Full_WithShape,correct,1,1,1,1,1,1,easy,0,locations,aggregation|filter,D2FEB923BD867FA6782EB7AF6B83DD72581D3EAFD10E2C2F192C3D64A4C27581,6C2A0BA4FA1FE1628C3F46CD680122170923AC74A025001C2472497F11C68272
Q192,qwen:F01_Full_WithShape,C001,qwen:F01_Full_WithShape,correct,1,1,1,1,1,1,easy,0,locations,aggregation|filter,2981C9D539D09C741502EE1E3C9A501E7205E586754D4FCE6CBCFD8982F89998,C364D4375957255449638F890940C6CDE4EA6BF3B7A4BCB04865B28AFD6DF22B
Q193,qwen:F01_Full_WithShape,C001,qwen:F01_Full_WithShape,correct,1,1,1,1,1,1,easy,0,locations,aggregation|filter,800BB68F5CFB8E96251459ACA887DCD33906C8B8AD6C319D6021FFDA76A0CAE0,38B2E194AC2954E898AB8FCDF984D782966CD14D9DA136FF01B7B47088244BA6
Q194,qwen:F01_Full_WithShape,C001,qwen:F01_Full_WithShape,correct,1,1,1,1,1,1,medium,0,asset_types|assets,aggregation|filter|float|join,6D8922ED0FF0C10AA73A1BF46D13442EA0851729ED1429637CB28E2DFF0E73D8,6BB25D93830DFB3D0C3CD2BF041F9E80922B66BB6DA70F723325F5241D3924B0
Q195,qwen:F01_Full_WithShape,C001,qwen:F01_Full_WithShape,correct,1,1,1,1,1,1,medium,0,asset_types|assets,aggregation|filter|float|join,0D915AB06CD6CE9D0CA004D764D4066219B35DF2F8ADCFC2E3F2C70A9CE7BE2B,63AD961D29BC7CDD5C8867E491EB6D094E9D2BFB142D594AB3A58921F30394A4
Q196,qwen:F01_Full_WithShape,C001,qwen:F01_Full_WithShape,correct,1,1,1,1,1,1,medium,0,asset_types|assets,aggregation|filter|float|join,9090C301F290865926CCD8E7D204496BF5810480FAC7D78A4D84DAE2F3457BB1,12D9A956469E8B9A07CE652EEB0C29A2EF5322DA2D3E2C50FCD0B5A954BBF5B2
Q197,qwen:F01_Full_WithShape,C001,qwen:F01_Full_WithShape,correct,1,1,1,1,1,1,medium,0,asset_types|assets,aggregation|filter|float|join,D1FBFCD014866511809814458DE4BDBE9279C47E2A4E37902271EC0A98161607,2BAA500471E7659AEEC8CB26FA6EFF1565751D8F7AB8B43DCE976C15418A8211
Q198,qwen:F01_Full_WithShape,C001,qwen:F01_Full_WithShape,correct,1,1,1,1,1,1,medium,0,asset_types|assets,aggregation|filter|float|join,AE09258AD728B4D71EDEB716F7CEE820B8CD3B3495B12EB9498D587701BD9D9A,196985D54C20EA79FAACCBE0C763EEA9B4ABE2DDD16E2DF27A89CEEAE620383A
Q199,qwen:F01_Full_WithShape,C001,qwen:F01_Full_WithShape,correct,1,1,1,1,1,1,medium,0,asset_types|assets,aggregation|filter|float|join,7B2DA989F3AE6B612B21D2949EAB745BC10E0DEE95D6C1CEC9A20E9DB714B393,084AAE6809FB4DFCC9D03C63CADDC4AB8F8FD07C6DC079A0A20DF9DA21208BE1
Q200,qwen:F01_Full_WithShape,C001,qwen:F01_Full_WithShape,candidate_execution_error,0,2,0,2,0,1,hard,1,asset_types|assets|sensor_readings,aggregation|filter|group-by|join|order-by|top-k,F26550C3A173C6D5923D1439D1AAB656E67DB09796FCAB8EC6BC0B610FB1FC7C,B48776A52748FCB7300FC3FDE5674B5984B47ACA419F9E29A4DCF675167ABC66
Q021,qwen:F10_Compact_NoShape,C002,qwen:F10_Compact_NoShape,wrong_denotation,0,1,1,1,4,4,easy,1,assets,filter|order-by,55F81C1AC873F824F3F76FD7C83D25F164EC941CF33550C2FBC69A3A03FF9FC9,2198EFD31F4C3DE5080570F611B43AD0FD7047E848954219E9DF97A9F827C3E9
Q022,qwen:F10_Compact_NoShape,C002,qwen:F10_Compact_NoShape,correct,1,1,1,1,1,1,easy,0,assets,aggregation|filter,E7777B0BBD49FFD1FB38F3D612BF1D9DEC7A74FC48D8E5F7DA460893D35BF322,F914A2E6E9F067B567649ABA758F096EA3A1E1CB3DDBA17C382A290B9FAF9918
Q023,qwen:F10_Compact_NoShape,C002,qwen:F10_Compact_NoShape,candidate_shape_mismatch,0,2,6,2,0,5,easy,1,work_orders,filter|order-by|time predicate,9369198A52A414DE0BCE5919CDBFE9380C571FE74C2441D18BD6CE544ED3B6C5,6AEE6CD3B4332E230E2EC8E78C68AF1603299CB113A49F873577585A88EDA5B8
Q024,qwen:F10_Compact_NoShape,C002,qwen:F10_Compact_NoShape,candidate_shape_mismatch,0,2,1,2,1,1,easy,1,technicians,filter|order-by,2AE3589C13C9DC755D9F6447FFE778FFDFF8731E2DD17FE1C23BC5ED4E9112E2,4DADD9D2866A7A9EC4CBB9FAB5589851F68C40BE4C9D59E9E3E90DD6C7076DD4
Q025,qwen:F10_Compact_NoShape,C002,qwen:F10_Compact_NoShape,correct,1,2,2,2,3,3,easy,1,assets,aggregation|group-by|order-by,B24C834138613EF0362695F21CA4F8CDEEDDCB63970F6D9FBAFD45C0B21F89F9,D29EAC989EAFC3E63F7500F3A9E98EB1F15184AD32C402196341AE3DE68CE4BB
Q026,qwen:F10_Compact_NoShape,C002,qwen:F10_Compact_NoShape,candidate_shape_mismatch,0,2,1,2,2,2,easy,1,asset_types,filter|order-by,226AF37AD6E8A2CE7AC120E91B4FC54BD90E09A19555E1AB88607FEF655EB110,B7640EEA33B19B3250A81ABCD2181F399349D39D3542338A50610A754D221E5B
Q027,qwen:F10_Compact_NoShape,C002,qwen:F10_Compact_NoShape,candidate_shape_mismatch,0,2,4,2,3,3,medium,1,technicians|work_orders,filter|join|order-by,BBD58364AD8518D39C845C523C4A00B26F4FD9A234A54D25F02FA1E0E640736D,1A4BE67B2091AA4AC2EF17CC24EB74DB5413795CF480B725012D3E636586D7BF
Q028,qwen:F10_Compact_NoShape,C002,qwen:F10_Compact_NoShape,correct,1,1,1,1,1,1,medium,0,asset_types|assets,aggregation|filter|float|join,46009CFBC3C1549CF09CB52ACC980C946A1086BD89D560C146A18673F2241D31,54DDECAFAC5EBB954C06CEC98597A00BD698E828637CBF6D38BEFEAB15B75DD8
Q029,qwen:F10_Compact_NoShape,C002,qwen:F10_Compact_NoShape,candidate_shape_mismatch,0,2,4,2,11,11,medium,1,assets|locations,filter|join|order-by,CD9D3DACF484B3E55A7ACB9CEC86BBAF11301E75DC54A717D6655993F9C52A6D,BBA836A5D8C3143D2E60FFD9DD3BEC47B774DBF87559ED3439AF15FA16EB0FF1
Q030,qwen:F10_Compact_NoShape,C002,qwen:F10_Compact_NoShape,candidate_shape_mismatch,0,3,1,3,3,3,easy,1,work_orders,filter|order-by,0CBD495E907FC8963BEA8C2798DBA718385B01F565951B6DBFBAC0DFDB2EABBD,2A1E4E60B4A24E54BCE4125A0A1C839E6D0884F564C6332093253FB180F651DF
Q031,qwen:F10_Compact_NoShape,C002,qwen:F10_Compact_NoShape,candidate_execution_error,0,3,0,3,0,4,easy,1,sensor_readings,filter|float|order-by,64CDAB76C87B74B6EACA0DEFD6319DDD04BA59B0F28B0E4A92DE955D52D248D8,5AC44A498A70D6929187195C8CBD762C06CDF8B3457E1BAE0FCA1A60940AE06E
Q032,qwen:F10_Compact_NoShape,C002,qwen:F10_Compact_NoShape,candidate_shape_mismatch,0,2,1,2,5,5,medium,1,assets|locations,aggregation|group-by|having|join|order-by,584D50F7E13B8E2E488CD0421F44F7F71B89ACAD49225E250D47CFAFDEDA9CB4,5AC2DBED21AC5DBFE77961A6BC95DE4DDCD8B93728801304EC44E60A601F0F9D
Q033,qwen:F10_Compact_NoShape,C002,qwen:F10_Compact_NoShape,wrong_denotation,0,2,2,2,4,4,easy,1,work_orders,filter|order-by|time predicate,886D2B08C1ABE227AC89918B2B871F1559552C5026D3D72A57E4D794AFF1052F,98CEC50EB6962A60F1AED8C1718E6A1D5E8B8CC51C7BA9A0414BE6C5E27BA955
Q034,qwen:F10_Compact_NoShape,C002,qwen:F10_Compact_NoShape,candidate_shape_mismatch,0,2,1,2,5,5,easy,1,assets,filter|float|order-by,6995A1B929C3E2A14C9E6802B1D8B03B6800A464EF7572C5FA12AF6D738A9DB4,09483B77157245C6C5E9BE1610FE8B3DCE75A48D699D70318CA8EE18F9086F5F
Q035,qwen:F10_Compact_NoShape,C002,qwen:F10_Compact_NoShape,wrong_denotation,0,2,2,2,3,3,medium,1,maintenance_logs|work_orders,aggregation|filter|float|group-by|join|order-by,C7C1C3990E419C150817044DCAAFAC4D9906F8A32E03AF42747AC6C6CDAD8EF1,5FD52A03AE98A268E5699C1401991628C1D6D6181E4988438C7F336F0E4D737F
Q036,qwen:F10_Compact_NoShape,C002,qwen:F10_Compact_NoShape,candidate_shape_mismatch,0,2,4,2,1,1,medium,1,technicians|work_orders,filter|join|order-by,3879E9F9C92B84311A10EAE2701ABBDDAAED8632AED48DBEFAD82C9E26B17318,B2B351D2DD6E4445AF79275FA0F5DA3CFEF62F36CB190170F6DE6E7B351B7943
Q037,qwen:F10_Compact_NoShape,C002,qwen:F10_Compact_NoShape,correct,1,1,1,1,1,1,hard,1,assets|grid_topology,filter|order-by|self-join|topology traversal,CE3C86125B16A6F2E2B56CDF5047F44B705B1EB7F4F08816D29EBC4E8F15CA53,B045E4DE9620345D0E575188F60F3F6D232B47BAFC5F7586F3FD9766816C2247
Q038,qwen:F10_Compact_NoShape,C002,qwen:F10_Compact_NoShape,wrong_denotation,0,1,1,1,11,11,hard,1,assets|work_orders,filter|nested query|order-by,76B62188F154BF5BCCF9180D43D86556169C1FA9D94EBEDB2F9F693D2091EF3D,72E745C00A0F58ED2EDD21C2568B8982DD5E2407D404BD000443DEDBCA4ED63E
Q039,qwen:F10_Compact_NoShape,C002,qwen:F10_Compact_NoShape,candidate_shape_mismatch,0,2,7,2,1,1,medium,1,work_orders,filter|order-by|time predicate|top-k,75E5D5377BD5FB26D43F54CCB177F0F7F26B714077C7EAEC0BEDF050620F36A4,B4CD6C00B5DAE5EFF3C6B878426C218E13A252D8819B0FDB38635CF71DF1F323
Q040,qwen:F10_Compact_NoShape,C002,qwen:F10_Compact_NoShape,correct,1,1,1,1,4,4,easy,1,assets,filter|order-by|pattern,B474C34BAACEEC11E23A90F5C63EE2CEB6BB06AB956208EED40BECFB747E1434,8EBE89272A8ED2BDF4276016C69C61E8BA0E215B91DD36A99CCD76381F585F64
Q041,qwen:F10_Compact_NoShape,C002,qwen:F10_Compact_NoShape,wrong_denotation,0,2,2,2,8,8,medium,1,assets|sensor_readings,aggregation|filter|group-by|join|order-by,81AAA1A66B4716FF874EE43B4CAD0A9A83F599200E94D2922D83567652B67DBD,3D6D3DCFA6005C015C82447250648EBE4E3D2C89437A232DCA907B5E432725FE
Q042,qwen:F10_Compact_NoShape,C002,qwen:F10_Compact_NoShape,correct,1,1,1,1,1,1,easy,1,asset_types,distinct|filter|order-by,5DF81763AB43FE8D0A8244FB132469F12FBEEB6D197A9F123AC21BB7B9B1E059,3D176D0A46AABD8359DC958BE56505456BC95FDEE7BECBE95F1CE0C86774A88C
Q043,qwen:F10_Compact_NoShape,C002,qwen:F10_Compact_NoShape,correct,1,2,2,2,3,3,medium,1,asset_types|assets|locations,filter|join|order-by,89093F10AC212AF2E4766DD9D8158618BF38AB50F485DC98046ECEE7D183F974,3033FB90E3C88DD14F28CAA9D7404B3EC148B8C301D11B44A42DCFFF2AC7CFF8
Q044,qwen:F10_Compact_NoShape,C002,qwen:F10_Compact_NoShape,correct,1,1,1,1,1,1,easy,0,maintenance_logs,aggregation|filter|float,61982D1BF4E753A85EA2860ABB52A111F2088286249732DE05BAD0B61A5DBF31,2ADB7284D4D878BA558B1AA913DB7A45F11D6E4E96D82B9B24C31B31A8CD997A
Q045,qwen:F10_Compact_NoShape,C002,qwen:F10_Compact_NoShape,candidate_shape_mismatch,0,2,5,2,1,1,medium,1,asset_types|assets|work_orders,filter|join|order-by,F2A8016AB11AC94E22031F52FF19FEACAA848C9EDDF3B06D6C89BB55D85274E0,C96A6B040E2AE08507B988B863FA1F08DA2A76E2679F16FB276DEB323238B8FA
Q046,qwen:F10_Compact_NoShape,C002,qwen:F10_Compact_NoShape,candidate_shape_mismatch,0,3,4,3,3,3,medium,1,assets|sensor_readings,filter|float|join|order-by,E5F3DE3A0C9DB2A768F4D6CE6C31EC9B953A5FCF583BA8215FDB729384208425,692D6D9F23FE1084D1FEA9495BEE1D8809875B8893DA96A93EF414656FE34C59
Q047,qwen:F10_Compact_NoShape,C002,qwen:F10_Compact_NoShape,correct,1,2,2,2,3,3,medium,1,asset_types|assets,aggregation|group-by|join|order-by,D86FB3C0E6ECAC498E53AFBC342D753817ECB938C09F25CFB315197C96303654,39F74338A2111F1EF34E04009D586A004D16B93BB80B956F375D76FC7972316C
Q048,qwen:F10_Compact_NoShape,C002,qwen:F10_Compact_NoShape,candidate_shape_mismatch,0,2,4,2,5,5,easy,1,assets,filter|order-by|time predicate,BE32FEBC63A74A9C006C6445D4462974F5EC3612A1C0D8147EB9CCD6E5A48689,790D535AA128B306F6ED938E9B2A5718BBA0EC628B2242375539FF7846C52141
Q049,qwen:F10_Compact_NoShape,C002,qwen:F10_Compact_NoShape,correct,1,1,1,1,1,1,medium,0,maintenance_logs|technicians,filter|join,4647F211893D64D7B96521874580690B689C0E52B5DE87F4AA9FB28B470F47E2,EE416EF7F4C0E0F5585050A84A1C02C05AFFA18D60380281ADBC92E3FF62F8AB
Q050,qwen:F10_Compact_NoShape,C002,qwen:F10_Compact_NoShape,candidate_execution_error,0,3,0,3,0,5,hard,1,assets|grid_topology,filter|order-by|self-join|topology traversal,6E5937E6AFDE06089D9A3A2ABF5FA2808E19D8349CE9AB5BAFAC8DB409E24031,1F3AE954A1BCAB25CEB1EC2272A14D51F35A6474CCBF8D48287C845763F751AF
Q051,qwen:F10_Compact_NoShape,C002,qwen:F10_Compact_NoShape,candidate_shape_mismatch,0,2,1,2,0,1,medium,1,maintenance_logs,float|order-by|top-k,58D4AF51B450E82E2A339148B3F2CFB50DA038F518A2BBF75DA07732D0B52FB8,8186C9B7C74D7153D2A3E5364F5AD2ABC02DA97A428E332303F868640A96606B
Q052,qwen:F10_Compact_NoShape,C002,qwen:F10_Compact_NoShape,candidate_execution_error,0,2,0,2,0,3,medium,1,asset_types|assets,filter|join|order-by,6DFBC4BC1BCD6CFF42FA629710170BDB3735B5AE9357B3C135A10ADD8EA4B993,85DF82AC2ABE10DD5ED6C6D984D4D687FE6CE678589BC733F59070004B547B73
Q053,qwen:F10_Compact_NoShape,C002,qwen:F10_Compact_NoShape,candidate_shape_mismatch,0,3,8,3,2,2,hard,1,work_orders,filter|order-by|scalar function|time predicate,469B36284152F261C1677C52FF915FC6438945BFD5BCA4BE19864483CE19DDE8,3EAE7BE8AF8CF36D1703C80633D8B0CE6180A8A5F4FF5EC524C2106E40CEDDF5
Q054,qwen:F10_Compact_NoShape,C002,qwen:F10_Compact_NoShape,correct,1,2,2,2,4,4,easy,1,sensor_readings,aggregation|group-by|order-by,C999E1B5118C0841CD13867382ECBFF2072EB7677EBF4E5C74510FF9B1DD2BFA,D8B52409C7C001AEAAFCE4E0ABE9E04718FC18D305762DFDF40537090C9269BF
Q055,qwen:F10_Compact_NoShape,C002,qwen:F10_Compact_NoShape,wrong_denotation,0,1,1,1,2,2,medium,1,assets|locations,filter|join|order-by,E761E6303FF65DB43646A475CC6D6CB26ED63FC0BE5689B2299DF13610C49B11,D415506393250DA3C55B5152424D2C8CE60A8106C2C445DD502A049F00EB2C79
Q056,qwen:F10_Compact_NoShape,C002,qwen:F10_Compact_NoShape,candidate_shape_mismatch,0,2,4,2,3,3,medium,1,technicians|work_orders,filter|join|order-by,1FA8E5E49CC9459CF5AB4C2A7D0B876BB480B1CA73156CECCD37ACD7AB2273E3,4289E1781826F34A34DD523F831378B0936CB18EE72A25056922A9ABEFF7589F
Q057,qwen:F10_Compact_NoShape,C002,qwen:F10_Compact_NoShape,wrong_denotation,0,1,1,1,1,1,easy,0,sensor_readings,aggregation|filter|float,25A6A694DAD2BB2DE34D66D7A311680AD69B3D6FF62A262A2AE004A108574E81,E83BCDA26C405F53453C322BC9A153554DFB63AD0414921B833DAB23BFDCDA57
Q058,qwen:F10_Compact_NoShape,C002,qwen:F10_Compact_NoShape,wrong_denotation,0,1,1,1,5,3,hard,1,locations,distinct|filter|nested query|order-by,AE217A0EF84A78AAA2D14811A5FC30EE7F145B24E660CFAE2E0E4F10B1299812,117CE18E62A2C6F5B6F1A2D1049CA245877A54DEA51FF8654B501AA2147D96D6
Q059,qwen:F10_Compact_NoShape,C002,qwen:F10_Compact_NoShape,wrong_denotation,0,2,2,2,4,18,hard,1,assets|work_orders,aggregation|group-by|left join|order-by,CAE063E4FD0AE3F971A2B37AD746A58FDCF623E49B04C10DD287B6CBDB7A5872,3DFAC6294FA48460FE07FC0DEED4527955CA9F7EA62EDB72EFEF66A5219701E5
Q060,qwen:F10_Compact_NoShape,C002,qwen:F10_Compact_NoShape,wrong_denotation,0,1,1,1,10,10,hard,1,assets|sensor_readings,filter|nested query|order-by,4311F9BF5AC5A005E8A014C1E2BC7B44FA89A1F92BAFBFBCF05AF9E9697FCAF8,8DFC0FBE8CC2393C9F4E29E4FCF12CC084574B2C95E1934AA8B0CF40486323AC
Q061,qwen:F10_Compact_NoShape,C002,qwen:F10_Compact_NoShape,correct,1,2,2,2,1,1,easy,1,asset_types|assets,filter|join|order-by,8CFD528AA4D1A3ABFFF2CAA84A043C56D5581C335A96877B6B3F9642EDF3B35E,CB8A8CA90B5B5B65811AA50547961910F48DD4D22DC465C65D740863041AF421
Q062,qwen:F10_Compact_NoShape,C002,qwen:F10_Compact_NoShape,correct,1,2,2,2,7,7,hard,1,technicians|work_orders,aggregation|filter|group-by|left join|order-by,3E205BBB6921FDCED40D32C65D234CFD6FC6B7F47C4748E32269A892E7F39DB2,D5FE9AD86D37A053D4D7A70DB8044F96A7D0DA521ED50AEA86C7C4DE091EA3E1
Q063,qwen:F10_Compact_NoShape,C002,qwen:F10_Compact_NoShape,candidate_shape_mismatch,0,2,6,2,1,1,easy,1,work_orders,filter|order-by|time predicate,72CBCC1F059F379C1136571B4CC1010149832983387769F73AC1332DBC0E4032,9BC61C0E25D15E080395150B61ED05DC6A342608FE1BCB66CBB3165CAB232AC0
Q064,qwen:F10_Compact_NoShape,C002,qwen:F10_Compact_NoShape,candidate_shape_mismatch,0,4,2,4,15,15,hard,1,assets|sensor_readings,float|join|nested query|order-by|time predicate,5DD5603BEDC0A83823087335F670348C09CA4710BE1F655ECE2EB83E0A7CAEAA,3668AF6F317F360422A127A07D15C6520B21A32029142BA9B9C9FF430E0EDC43
Q065,qwen:F10_Compact_NoShape,C002,qwen:F10_Compact_NoShape,wrong_denotation,0,1,1,1,4,4,easy,1,assets,filter|order-by|pattern,A0EB5B6158011E57C84403D46EF0E996EFD2435CA19368508DE43C3412F0E831,C5BD5C26B91224A6B61EF52388B9D8E6E901CB40A83BC61A526D27093BA499E4
Q066,qwen:F10_Compact_NoShape,C002,qwen:F10_Compact_NoShape,correct,1,1,1,1,7,7,easy,1,work_orders,filter|null|order-by,B9957B17694AC2ADF72CBA01DC6B16BAB1DC5C9E6BD22154DF387AEBA37CA38E,73EC29EE90BE10D52AF1B9A6E6637C370408ADF28CDE872950CF0721E464A6F8
Q067,qwen:F10_Compact_NoShape,C002,qwen:F10_Compact_NoShape,candidate_shape_mismatch,0,2,5,2,2,2,easy,1,maintenance_logs,filter|order-by,85B4B61A7AAC321C750AE6046D096A5539B24D30DE23800EB14C5EEA1555D246,8A3CA45B2951961D067C5F1853776756E2E634AFA005BD7DBA46152A8A26599A
Q068,qwen:F10_Compact_NoShape,C002,qwen:F10_Compact_NoShape,wrong_denotation,0,2,2,2,6,6,medium,1,asset_types|assets,aggregation|float|group-by|join|order-by,99C6C8200C6213230590869578A4A073C78CACC70DA2D13050C27CC96EBEE5BD,85CFEF7B936CE99C93FE7B3FA4D790D3A62A1C3610D4406C2FB446EF88721A92
Q069,qwen:F10_Compact_NoShape,C002,qwen:F10_Compact_NoShape,correct,1,2,2,2,2,2,medium,1,asset_types|assets|locations,filter|join|order-by,64FC04748004659A8E350648FEEFFCF71CD91C47004676D8C2A955E156423F0D,4C9A53FDA153DBC282E75ED5D8A8271290B409B3983EC5245A5A355FCD513F55
Q070,qwen:F10_Compact_NoShape,C002,qwen:F10_Compact_NoShape,candidate_shape_mismatch,0,3,1,3,2,2,medium,1,grid_topology,filter|order-by|topology traversal,8E6978330D07E8DA7EAE580E799EE5774BB30BF9DEB3850112A61E57A9096FE0,DE4AB58DD907088525A343A7DAEBD70C2E24266A926BA47803FD436F0A020578
Q071,qwen:F10_Compact_NoShape,C002,qwen:F10_Compact_NoShape,candidate_execution_error,0,3,0,3,0,1,medium,1,assets|work_orders,filter|join|order-by,13AB5F7FCA12ADE3C32865929B8FB5ECE748832CA84E5AAE9C27CCBE89C66598,E97FEB511A72F5242C5B426C15B5B68C0AC52AB5CFAA307E2F2BE34D1DCF1583
Q072,qwen:F10_Compact_NoShape,C002,qwen:F10_Compact_NoShape,correct,1,1,1,1,1,1,easy,0,locations,aggregation|filter,6CA07808FEA4556710BDA8FD4B1F1FD4B49212F172BE31673FC1B9B14D1F0256,95EAB691F3A87564414FB116CCC94458C67C735A9958F15C840959E7DB9879CB
Q073,qwen:F10_Compact_NoShape,C002,qwen:F10_Compact_NoShape,correct,1,1,1,1,0,0,hard,1,technicians|work_orders,filter|nested query|order-by,9BC4CCE80443F5C08684B225D8FEED43C10536A0D7367615A07FF10FAE76CEF4,EA2420FEE687FD65F202317C768EA6E3DC6FD466407B8319A0595851D188137C
Q074,qwen:F10_Compact_NoShape,C002,qwen:F10_Compact_NoShape,candidate_execution_error,0,2,0,2,0,1,hard,1,asset_types|assets,aggregation|float|group-by|join|order-by|top-k,C2C62639EF2659145C584E766162B4EC5F2745D0AF3BB42B2FFCD55FB60ABE5B,B3B989D9A5ABEE1F604FA90721954855A1D98E68FACCAD5A30A70A72116F86E3
Q075,qwen:F10_Compact_NoShape,C002,qwen:F10_Compact_NoShape,correct,1,1,1,1,1,1,medium,1,technicians,filter|order-by|scalar function,2F67FAE5E50733B3997E75A05B5F853F9CEBBD394ACAEF5E6020842BC98AC6B1,8075FFA2B3AD5DABD5BC301871642C493AEFF0E21B13E50DF735B53208C4E3F9
Q076,qwen:F10_Compact_NoShape,C002,qwen:F10_Compact_NoShape,candidate_shape_mismatch,0,3,5,3,8,8,hard,1,assets|locations|technicians|work_orders,filter|join|order-by,054D6314FA7D5985CBB1496A1152BFBCD5CD0793EA35A4F413E4D8A58332D396,AA5687CCFF7ED2B6D7D26AF69D1CF935236DDB5C496DA6F59BF2CB5194DC765F
Q077,qwen:F10_Compact_NoShape,C002,qwen:F10_Compact_NoShape,wrong_denotation,0,1,1,1,6,6,hard,1,assets|sensor_readings|work_orders,distinct|filter|join|nested query|order-by,BD206C6D06F9EE5FD1EACAC83716AD881FC58119F5A6C3E63C9AF122DBD8F21C,3A581069DD8A71B35ACBBF96C143EF11E799EF3534FA97CB6EDE4228C5CCAFE0
Q078,qwen:F10_Compact_NoShape,C002,qwen:F10_Compact_NoShape,wrong_denotation,0,1,1,1,1,1,medium,0,maintenance_logs,aggregation|filter|float|time predicate,CF2887DB1249AC2E9E8DE2E199F47B20CCAFC11394EBE6DCF7F9E08AB2A3EDEB,189994EC16E232110E615D509BA67D7EB2D5E3DA5EEBE8800A9A217765A6DE0D
Q079,qwen:F10_Compact_NoShape,C002,qwen:F10_Compact_NoShape,wrong_denotation,0,2,2,2,2,2,hard,1,assets|grid_topology,aggregation|group-by|having|join|order-by|topology traversal,9263693C444C533A893755AD7E05769BB4B57F3079ECC7E357F1A2BC831CD4FF,BF4F0EA342B7028E01793072D85D1178814F555A8FA5378F3192C135BDED2615
Q080,qwen:F10_Compact_NoShape,C002,qwen:F10_Compact_NoShape,candidate_execution_error,0,3,0,3,0,4,hard,1,asset_types|assets|locations|work_orders,filter|join|order-by,62BF705722010EE7161B7EC3C132A79FBB76C212362CA30E4019B2644D1BF18F,56DC4BFED3DB08B1C0326C1F215763519AAE73E65A2E9B35E688A92A2CB84E6B
Q081,qwen:F10_Compact_NoShape,C002,qwen:F10_Compact_NoShape,correct,1,3,3,3,1,1,medium,0,asset_types|assets|locations,filter|join,01FE1539C2879AD2D837F655C83EED674BA9B0774561488E669453DE02B9450D,B5DFF96C6059A8199759F61599CEF41B66796187405AC66FBA00C76616BF4C3E
Q082,qwen:F10_Compact_NoShape,C002,qwen:F10_Compact_NoShape,correct,1,3,3,3,1,1,medium,0,asset_types|assets|locations,filter|join,45EA40334D886DA5457B7F2823FEA918498D6D98BC347A02DB2D1F5019CAD748,5907FBC3F9F3722B44678B02D9B02222BE4AA59CFA5D97407A69E90B2B9B2F95
Q083,qwen:F10_Compact_NoShape,C002,qwen:F10_Compact_NoShape,correct,1,3,3,3,1,1,medium,0,asset_types|assets|locations,filter|join,0AF6984DFD93F6BEF0273BF8B9E4C8A99996F057DCF7B1750ACC7C56FF3968A5,7BEBBDB5539972BBDB52996E31053D376CDE31AF40998FEFDA5D143B8A068CB3
Q084,qwen:F10_Compact_NoShape,C002,qwen:F10_Compact_NoShape,correct,1,3,3,3,1,1,medium,0,asset_types|assets|locations,filter|join,C497417893B19ADE1BBB8171586CDB5687CE8B8B86DB2784D2F9B335CF40FDA4,E9B608A9FE56DD4A70F4BFB2BE6A57DFDCD5857163DB2E40DB8790E68C0E983B
Q085,qwen:F10_Compact_NoShape,C002,qwen:F10_Compact_NoShape,correct,1,3,3,3,1,1,medium,0,asset_types|assets|locations,filter|join,4F31DB059E6A00ABC7499CDA5B4B7C18F79C542165A85088099CE60F93C832D4,BE47859E9627B4953A38F609DBC5096697D6F691E646B1F0325383F8AF193E6E
Q086,qwen:F10_Compact_NoShape,C002,qwen:F10_Compact_NoShape,correct,1,3,3,3,1,1,medium,0,asset_types|assets|locations,filter|join,7FB4923C933BABECC56A683688B7EF0D87D32DA592F4FD8DE4493E5F15C41C61,AD8C5AE8369AAD1CD2D29F12FEBEE5833F05100C2BD337D93549AEF9E8DE16FA
Q087,qwen:F10_Compact_NoShape,C002,qwen:F10_Compact_NoShape,correct,1,3,3,3,1,1,medium,0,asset_types|assets|locations,filter|join,F33F74D276747231A485FBB3A5684CA18D91DADA91CC72E7BB3BB114CA8F756B,EC610E6CB8DAE78AF9A630AB0327E4D83BF7E869679B118E9B4F3AC80A125542
Q088,qwen:F10_Compact_NoShape,C002,qwen:F10_Compact_NoShape,correct,1,3,3,3,1,1,medium,0,asset_types|assets|locations,filter|join,439EBD42EF7422B9640C3F32EB5FBAA7D5CDF51CFDADEAA55D8C5E9ED576927B,AB06F6AE1D6A86C92475A4CAB67407D223CDEF7E023A33888D45D7474FBEF815
Q089,qwen:F10_Compact_NoShape,C002,qwen:F10_Compact_NoShape,correct,1,3,3,3,1,1,medium,0,asset_types|assets|locations,filter|join,1B39F6BC2A088ED4E472540EE8FA1D188772B0883C39DC1344545A813173A931,78DE4B7992B28BB07F2B0EEA4DB6D9B805E2B672F8AA3AA7A8EC1C15ADF6F8C0
Q090,qwen:F10_Compact_NoShape,C002,qwen:F10_Compact_NoShape,correct,1,3,3,3,1,1,medium,0,asset_types|assets|locations,filter|join,5539530F4EFB87ECBBA5155D8762408F4DDFF3810929EFC4740A9A23022907E9,F2995887A6CDE41BAE098E58C25E5FE4A6FC18517FBDFD424ECDB715AADC1B76
Q091,qwen:F10_Compact_NoShape,C002,qwen:F10_Compact_NoShape,correct,1,3,3,3,1,1,medium,0,asset_types|assets|locations,filter|join,24924ACA211FFD516F99404FD3D3F11A34BCD8CAB58DC724C4A1BEFDE9ABFC23,C90ADD655689FCD9911FDA1120AE5F0439C0E554E9CB8C8DF1BF70881774653C
Q092,qwen:F10_Compact_NoShape,C002,qwen:F10_Compact_NoShape,correct,1,3,3,3,1,1,medium,0,asset_types|assets|locations,filter|join,AD6DAC4DDEB1DE4004D651F68C28C0F667DF560A5742447DF902AF756AFC2CDE,8C7606BCDD6CFBA13724611294FE27BA6416EAF37F7B0A9A7BA4CF7F2840E2AE
Q093,qwen:F10_Compact_NoShape,C002,qwen:F10_Compact_NoShape,correct,1,3,3,3,1,1,medium,0,asset_types|assets|locations,filter|join,8BDF68AB75E6108B6BD3BF37EBB205207269EB8AE6C1A89A2B97A1A125E6D5A6,80AA5E635828D15D65DE1C95E333A7C29B831D491A1AAB2C3B4AF00FA7524316
Q094,qwen:F10_Compact_NoShape,C002,qwen:F10_Compact_NoShape,correct,1,3,3,3,1,1,medium,0,asset_types|assets|locations,filter|join,07D3FADB1048595B00B00A16BF022A114E7C1DC7CF784CDB7D4BD07060447BA2,72A4EEC70FE114219C53C3B3BDB8956BAB9A8F048CF56A4EC08DCCDB2F00013F
Q095,qwen:F10_Compact_NoShape,C002,qwen:F10_Compact_NoShape,correct,1,3,3,3,1,1,medium,0,asset_types|assets|locations,filter|join,07E27D27B0F44345D22C445837A5554C4E6AE5B1F0A08BF7A0A711E77F904B73,26D884CC511DBF8DCE2BA5F82EB15338F8DF136F43F11EF608B9CB5A0125BFFF
Q096,qwen:F10_Compact_NoShape,C002,qwen:F10_Compact_NoShape,correct,1,3,3,3,1,1,medium,0,asset_types|assets|locations,filter|join,5768042FC82DAF0B916ED8C9A541E6DE2A56AFCFB5A5D93FCBD3DB6C3A36EFF0,D7A4E1B40F05EE267E53226B4C3B2AD861809C274003AFDB2DC6103556EF15BC
Q097,qwen:F10_Compact_NoShape,C002,qwen:F10_Compact_NoShape,correct,1,3,3,3,1,1,medium,0,asset_types|assets|locations,filter|join,74717BA78140B523C6AEC4175BE586848AC667927EE0E1A46250A9BA5BB5020E,F5EC9300EA6C17C34C465780B1B3B1AF5C281D823AAE63B38AAEA0943779E901
Q098,qwen:F10_Compact_NoShape,C002,qwen:F10_Compact_NoShape,correct,1,3,3,3,1,1,medium,0,asset_types|assets|locations,filter|join,A8FC41FF601C6D6C21FC53830BCC84272E8B139678299CC17ACE820B536CE43B,2C0C09F5495E655CB3AAE807E7D9ED40B69561C9DE1C4481CA8935F94D119B46
Q099,qwen:F10_Compact_NoShape,C002,qwen:F10_Compact_NoShape,candidate_execution_error,0,3,0,3,0,1,medium,1,assets|work_orders,filter|join|order-by,F1E0CF3B2BE03DFB1EAA56D135EC41CAE8413FAB89EB82EA72E9175AD76E1E2C,6BF9EBE685BB1E6B61F9AD8B1B4FC8220894AEFB6A787DA91E08B6766DEB8980
Q100,qwen:F10_Compact_NoShape,C002,qwen:F10_Compact_NoShape,candidate_execution_error,0,3,0,3,0,1,medium,1,assets|work_orders,filter|join|order-by,F34610B130A86C7C39FE32DA238DE7051E56AD53A75B7AFE4C6F4D577604C31E,D71A3F8AB7F6C275DA1810FA42D3F080E31986F00F4D37EEF1710E34D8F02D47
Q101,qwen:F10_Compact_NoShape,C002,qwen:F10_Compact_NoShape,candidate_execution_error,0,3,0,3,0,1,medium,1,assets|work_orders,filter|join|order-by,1326CFD94A479396A12ECDF92EBD2E3D6EC906A426019F4843C0E7F17DAB17D4,9E554A31806BDEBEF5515422C23D4B4B54F69A2383A30770E2496EE85235414E
Q102,qwen:F10_Compact_NoShape,C002,qwen:F10_Compact_NoShape,candidate_execution_error,0,3,0,3,0,1,medium,1,assets|work_orders,filter|join|order-by,B30411D80C90FA01FA8A71C9CA955EB42EF5CC2B296F9B17DD23E58B85C6B1AD,B91FC88F8737230FD282F58A0C69BC42A1DE8D99665299EF53B09E57C7512DE1
Q103,qwen:F10_Compact_NoShape,C002,qwen:F10_Compact_NoShape,candidate_execution_error,0,3,0,3,0,1,medium,1,assets|work_orders,filter|join|order-by,3EDBCCF7B7E332EA85FD8765ADDD51F7DD548A9AFFAD2ABA3870196BA9173D1B,C386265AAB4973D3DC9FBC7633211E0BC9312C72B649097932B1819450C922BC
Q104,qwen:F10_Compact_NoShape,C002,qwen:F10_Compact_NoShape,candidate_execution_error,0,3,0,3,0,0,medium,1,assets|work_orders,filter|join|order-by,6E5576C0D3D3B21F598EE13D2E8182BA78B2120BA737041130F4D609F35D75CF,41AF7A63B404C8F1F460E26A3EAC59A9A25A503835E2A473A9C172D2FF945282
Q105,qwen:F10_Compact_NoShape,C002,qwen:F10_Compact_NoShape,candidate_execution_error,0,3,0,3,0,1,medium,1,assets|work_orders,filter|join|order-by,F9A203848945D0A8461303AFBA5062AD730259EC2DF02F4956ADDDDE61168DD9,9A87A0113FB5B583C3E278A16AB9681F3380F6F743363449CD2E9606D64555CB
Q106,qwen:F10_Compact_NoShape,C002,qwen:F10_Compact_NoShape,candidate_execution_error,0,3,0,3,0,1,medium,1,assets|work_orders,filter|join|order-by,195844E1D39FB03A7A6C88B7EAF059FDCF87294D8C46EDC0234F62A202891E39,ABC385CDC88056C5B240CBB1CBF71D84FA00AAF5F2D1A0016012A05C9FE63AA9
Q107,qwen:F10_Compact_NoShape,C002,qwen:F10_Compact_NoShape,candidate_execution_error,0,3,0,3,0,0,medium,1,assets|work_orders,filter|join|order-by,DEE210606577395C737060CE94A7020FBBB51BB9D1E9FDB2C7667EF8C65D4B32,92CD6A92EA310D3EF3D24DF6FD0EF1DB23D6F439F5C40EBD548AD297CC29C55D
Q108,qwen:F10_Compact_NoShape,C002,qwen:F10_Compact_NoShape,candidate_execution_error,0,3,0,3,0,1,medium,1,assets|work_orders,filter|join|order-by,B21552BC29C754D1B813D17FE35C7271B0F7534E0BC0E999E1572BB8442EBC3F,CB6B1F12686B8F23DE9AB1A591B17B55257DC5B84CF97EDC158E742AB5593C4D
Q109,qwen:F10_Compact_NoShape,C002,qwen:F10_Compact_NoShape,candidate_execution_error,0,3,0,3,0,1,medium,1,assets|work_orders,filter|join|order-by,20D8C9730561866F3F040A28DEE3D001A7F1076BDDC52A43CA3F52C57C8DB69B,CA891F2337BC1FABC1EDA04BF4318D3BD5F81EE4556115D682E97ABE45439A62
Q110,qwen:F10_Compact_NoShape,C002,qwen:F10_Compact_NoShape,candidate_execution_error,0,3,0,3,0,0,medium,1,assets|work_orders,filter|join|order-by,FE67488C11A648FFAFA4AFD35F71E931646B5D4810258F72348BF78198B57EC8,1F87F45858C889D3425AFBDDCDEB10D5915FBFF7D93B3E5A204717DC800E1499
Q111,qwen:F10_Compact_NoShape,C002,qwen:F10_Compact_NoShape,candidate_execution_error,0,3,0,3,0,1,medium,1,assets|work_orders,filter|join|order-by,7DBF32CB4479CD8CB92128C9F3B356311D958C19A2ECD87951F5F4AC1A842EFD,82F9129BF81A30B5E70DD063E12B3D72E1EF7A64810C18CFF2A4489065CD6614
Q112,qwen:F10_Compact_NoShape,C002,qwen:F10_Compact_NoShape,candidate_execution_error,0,3,0,3,0,1,medium,1,assets|work_orders,filter|join|order-by,86F2E04729CC0BACE1FA97A25AA297F2B407063EA58508913F9EDDB5771B5F9E,A8224D1F700D864B9A1A7ED63F945DEFD172078F0DC7A07137B6AA3A15658BA4
Q113,qwen:F10_Compact_NoShape,C002,qwen:F10_Compact_NoShape,candidate_shape_mismatch,0,3,5,3,1,1,medium,1,assets|work_orders,filter|join|order-by,0EAD87B1EA06A463FFC03B785DBE4E7083100619128842BB7A3A5ED3CBDA04D6,BCF472BEA807A36A0A6146014EB6B342D54472212ADC8E37F45C09ED82DF1DB0
Q114,qwen:F10_Compact_NoShape,C002,qwen:F10_Compact_NoShape,candidate_execution_error,0,3,0,3,0,1,medium,1,assets|work_orders,filter|join|order-by,13AB5F7FCA12ADE3C32865929B8FB5ECE748832CA84E5AAE9C27CCBE89C66598,E97FEB511A72F5242C5B426C15B5B68C0AC52AB5CFAA307E2F2BE34D1DCF1583
Q115,qwen:F10_Compact_NoShape,C002,qwen:F10_Compact_NoShape,candidate_execution_error,0,3,0,3,0,1,medium,1,assets|work_orders,filter|join|order-by,FBFF9B91995AFDB324E5F82588680E5F79ACDB7316E5A61C7896FB5D3D6390AC,9FEDD4D8A154A5979AB6353D353EF5729594B3018ECE5AEB20824FCC6C1D9A94
Q116,qwen:F10_Compact_NoShape,C002,qwen:F10_Compact_NoShape,candidate_execution_error,0,3,0,3,0,1,medium,1,assets|work_orders,filter|join|order-by,758865168B0F9B79E1DE9A36EADF7D7890A3ABB91DC6F34A16A1752C913A7E70,9C493A195F29C0AB271B65A6DE85273D13DFE693DC84B3DF1755BBEC92C8150C
Q117,qwen:F10_Compact_NoShape,C002,qwen:F10_Compact_NoShape,wrong_denotation,0,4,4,4,1,1,medium,1,assets|sensor_readings,filter|float|join|order-by|time predicate|top-k,AA4EAF0E9C219C20489FC39930F090357C06677DB61BB5B80098E1F2D5734515,ADDB11C32923185E4B1B5D4FAF244BB15F14A267EB51F4A4E1042B99C6CFAC41
Q118,qwen:F10_Compact_NoShape,C002,qwen:F10_Compact_NoShape,wrong_denotation,0,4,4,4,1,1,medium,1,assets|sensor_readings,filter|float|join|order-by|time predicate|top-k,7ECFE0831C7BAF10A54742F71F44233B4554D3BAEBA93EC86581C594D925992D,6C2CE94927FE1ED8110277B2991EB547D2F0DED199533691FF05F7A8AF570602
Q119,qwen:F10_Compact_NoShape,C002,qwen:F10_Compact_NoShape,candidate_shape_mismatch,0,4,1,4,1,1,medium,1,assets|sensor_readings,filter|float|join|order-by|time predicate|top-k,2F14BF29EDE8175EB2E52F114D6DA733BA96B7F5A384DB2E44E5930827514E7B,235D55B60C02355C29746D04A7A4CD7F52DF41E442EE169FCD3F3A03CD004476
Q120,qwen:F10_Compact_NoShape,C002,qwen:F10_Compact_NoShape,wrong_denotation,0,4,4,4,1,1,medium,1,assets|sensor_readings,filter|float|join|order-by|time predicate|top-k,132848BAB819394E473A36F89248CFD5A20993E43A8378DC8C298704161BB55B,C538A82A512A0972EFCFEF46D832F24EDA184A51136A4E6375FC335EB27B5DE9
Q121,qwen:F10_Compact_NoShape,C002,qwen:F10_Compact_NoShape,candidate_shape_mismatch,0,4,5,4,1,1,medium,1,assets|sensor_readings,filter|float|join|order-by|time predicate|top-k,7BBBC44D57317250EA8542D902624BEE2C396FA29C1471F6D2C8A72805D1AFEC,38D2BE7FBE3C6C649A1B5FA80ACBEEF334758BA2C540752007AC4561E174B1BD
Q122,qwen:F10_Compact_NoShape,C002,qwen:F10_Compact_NoShape,wrong_denotation,0,4,4,4,1,1,medium,1,assets|sensor_readings,filter|float|join|order-by|time predicate|top-k,A6D83D0B24835C958F95FCDF775E18CBF22D43131D5FA5D6EB7F7C30001DCD3A,F39EF13DC8ABDEE58F9EB1B202C277013B7B800B148381AF26EA6775491ECF7E
Q123,qwen:F10_Compact_NoShape,C002,qwen:F10_Compact_NoShape,wrong_denotation,0,4,4,4,1,1,medium,1,assets|sensor_readings,filter|float|join|order-by|time predicate|top-k,F741D30EDAE17537C6F7757EDB1D625D3F60FA9642FDE96158128F26BAA63515,1BC2E46D210D620AAF5C84F771E1E5581E2642CE844524674C2B2F589DC9FAB2
Q124,qwen:F10_Compact_NoShape,C002,qwen:F10_Compact_NoShape,wrong_denotation,0,4,4,4,1,1,medium,1,assets|sensor_readings,filter|float|join|order-by|time predicate|top-k,899579E46797C402708A5D6E37C09B22340B5D7AD3276F8B26FB713DF291F0D7,A290DB31E66C08B49FC8C381F2F60A0BD658ACBB2AEA91A4A5C96575AE60160C
Q125,qwen:F10_Compact_NoShape,C002,qwen:F10_Compact_NoShape,candidate_shape_mismatch,0,4,1,4,1,1,medium,1,assets|sensor_readings,filter|float|join|order-by|time predicate|top-k,10A1C7F502FA80B68CF15C2957D47D44E13C7E76610C032B9A54E81AA45A879F,7992EEE72D9FD9518655D7883286F6CB288BED666AD4716BE67643D7CDF04F5C
Q126,qwen:F10_Compact_NoShape,C002,qwen:F10_Compact_NoShape,wrong_denotation,0,4,4,4,1,1,medium,1,assets|sensor_readings,filter|float|join|order-by|time predicate|top-k,3A1F84ABB0E823C73E057D1F02A6E2227B9C7A3F5B8E22E1F438AA472BC42BA4,51DCC1CF59797FDB8D524E21A8085A4B1C32D7753B2428EB1AB377F9CD3DC134
Q127,qwen:F10_Compact_NoShape,C002,qwen:F10_Compact_NoShape,wrong_denotation,0,4,4,4,1,1,medium,1,assets|sensor_readings,filter|float|join|order-by|time predicate|top-k,6C0DE2A4D60209512059BB8A689D3538329599882268539BC0E337464795A2C2,A117A0E5D5CA594A8D37A55430C71E3AD7C33D86B2891BF2E96A4297744253E1
Q128,qwen:F10_Compact_NoShape,C002,qwen:F10_Compact_NoShape,wrong_denotation,0,4,4,4,1,1,medium,1,assets|sensor_readings,filter|float|join|order-by|time predicate|top-k,8859D30C94959BB0CF91C83F530B9F0A1C65C30A68E694FCC4E01CB7BBDFFB46,BB81A8F11DA0187DA28E4D6AD68735970ACB5A2AFC07414BD2427DB0A369C598
Q129,qwen:F10_Compact_NoShape,C002,qwen:F10_Compact_NoShape,wrong_denotation,0,4,4,4,1,1,medium,1,assets|sensor_readings,filter|float|join|order-by|time predicate|top-k,DFF767F146271F42A451DF9E723A658FED9F4A87BEE0B7AE5A1D32E381019551,8CA57CC09F45306A7B17C7CF6513E8374167574D8555012E6AE7FF89181B04E5
Q130,qwen:F10_Compact_NoShape,C002,qwen:F10_Compact_NoShape,wrong_denotation,0,4,4,4,1,1,medium,1,assets|sensor_readings,filter|float|join|order-by|time predicate|top-k,77A7B7DE0705E6A5AD40F55B148D9DA8D53B3D1B44A96348EEF9EC8ED9E853AC,66009698E99F05D64B9A5E5BE82CA02620C032CF817352FD25624D9FA0493B18
Q131,qwen:F10_Compact_NoShape,C002,qwen:F10_Compact_NoShape,correct,1,1,1,1,1,1,easy,0,assets|locations,aggregation|filter|join,9CBF31C6546471357BBED83F15BAF22E1ED46BF13AABB0450A559D11C853048A,926DAC82557721913B5B755DEF4E6D7902333789F9AFF24165E7D060F583B4D1
Q132,qwen:F10_Compact_NoShape,C002,qwen:F10_Compact_NoShape,correct,1,1,1,1,1,1,easy,0,assets|locations,aggregation|filter|join,C9247644DF423AFB30D4BE7F997AA9890E8DABD0E7034646CF2F387C8FF402FA,87F227DF6F9A9C2278171B0FA86333BBFED04EF17B9C027C1C384F7A5604A920
Q133,qwen:F10_Compact_NoShape,C002,qwen:F10_Compact_NoShape,correct,1,1,1,1,1,1,easy,0,assets|locations,aggregation|filter|join,7E20E197A4020EE485087C938B88A09DEBC6CE6B7958B3D8B27A0F3C120604F7,82FFD9A8D5E5FC223E7AF549EE3F28D5BB90775E46E60BED0EB7EC4181944C36
Q134,qwen:F10_Compact_NoShape,C002,qwen:F10_Compact_NoShape,correct,1,1,1,1,1,1,easy,0,assets|locations,aggregation|filter|join,425349B5C3AC6ADC61DE0C87F404D0FB956243B4AF70C26ED666D426BC0A9607,5868892DB40C5387F6F38780322F8B7726F2AC0E3807C27476D38BCC6BEA2C96
Q135,qwen:F10_Compact_NoShape,C002,qwen:F10_Compact_NoShape,correct,1,1,1,1,1,1,easy,0,assets|locations,aggregation|filter|join,FF781D5F97D2B0CEF5817B7BF59D410445754B0639388AD2B547AD7EEF81D898,B6590CBD8A77D19F0637FC55A4B7B4C4D010F580907B133F89B6908F4387E40E
Q136,qwen:F10_Compact_NoShape,C002,qwen:F10_Compact_NoShape,correct,1,1,1,1,1,1,easy,0,assets|locations,aggregation|filter|join,7A7110332A0D383F183D77AF108DAB702EB602683C638AED31F500898DE67165,FD0D4C193FFA8524DA8C0A9C846DBCC039FA29FDB7034474E85704812AA3FF03
Q137,qwen:F10_Compact_NoShape,C002,qwen:F10_Compact_NoShape,correct,1,1,1,1,1,1,easy,0,assets|locations,aggregation|filter|join,CB0562E4D1BD4E63710D994C073A3865B38534DDF1FD1EFDD5239461DE47C5F4,C510A4F480C890919D61542527C4484503C79E7F886440DD697CBB05C07933CE
Q138,qwen:F10_Compact_NoShape,C002,qwen:F10_Compact_NoShape,correct,1,1,1,1,1,1,easy,0,assets|locations,aggregation|filter|join,8C9FC32E7316C8615A57256D655D8D7726465351DBA98B24E611A20CE38B7BEE,E4232AC36C8531B610F07F35323BE6D3CE210DCA9100C1F2AA5B079F951DEE7B
Q139,qwen:F10_Compact_NoShape,C002,qwen:F10_Compact_NoShape,candidate_shape_mismatch,0,3,4,3,5,5,medium,1,assets|sensor_readings,filter|float|join|order-by,CC85E4CE6E017DD83D2D7F65765B208963C17FAA1E78D819149514A5BC311CE1,CBD1D3E389EDFEB07D635046BF87B3AC06B895497ABBA66F9042635E26DB3898
Q140,qwen:F10_Compact_NoShape,C002,qwen:F10_Compact_NoShape,correct,1,3,3,3,0,0,medium,1,assets|sensor_readings,filter|float|join|order-by,5139D0F9FB40F384D618D3E4D217B7B9DFB75AE2CADB991F0775A00F8650A36B,E7AFD864A4AA0E3CAC06A707B65998B52154E8B0F3A5C20981AFEEF477184D24
Q141,qwen:F10_Compact_NoShape,C002,qwen:F10_Compact_NoShape,wrong_denotation,0,3,3,3,4,4,medium,1,assets|sensor_readings,filter|float|join|order-by,1EE9D19EAFD45167109BCDBBE96ABBE44AB03EB31D983554828B0F83ECAEA91D,1685D70047643A73A4164ABDE6309B16C601C2977B18934007C18EECDF897710
Q142,qwen:F10_Compact_NoShape,C002,qwen:F10_Compact_NoShape,wrong_denotation,0,3,3,3,1,1,medium,1,assets|sensor_readings,filter|float|join|order-by,38B6279A9023A4ABB5CA09E8D615E95A2F13C7309E3425866D5997ED09C1AF19,405A64E16DDAA9687274876C39A48D52B4A8981C6F921FC1CAB143A62FE0426F
Q143,qwen:F10_Compact_NoShape,C002,qwen:F10_Compact_NoShape,correct,1,1,1,1,1,1,easy,0,work_orders,aggregation|filter,3C4F651845C93619B00E894FCDE97841ECB78D929A361F847627F39C1D979BB6,75DB2BB201FC12F0B95501B54A5C07CBFD34967343A841E33BD482D1589E95EC
Q144,qwen:F10_Compact_NoShape,C002,qwen:F10_Compact_NoShape,correct,1,1,1,1,1,1,easy,0,work_orders,aggregation|filter,0FA5BDB9FEA64F94D4703BF9E6EFFF60F8ECF5C2D8AC20E15A6766DF65C1280D,9F8B6C3EB40E1299F3897C588A9B22C155B5A8897050055BD39A5ADC5E8032C1
Q145,qwen:F10_Compact_NoShape,C002,qwen:F10_Compact_NoShape,correct,1,1,1,1,1,1,easy,0,work_orders,aggregation|filter,14B89DCDF5DBDF69FF06F5F9E16772F1A7B121998E1606A24B1BFDDCA01788B3,390831F1EC845FD04FB6ED5180DEF1CD8E9AE34C33AF169FA6EBB1A570445133
Q146,qwen:F10_Compact_NoShape,C002,qwen:F10_Compact_NoShape,correct,1,1,1,1,1,1,easy,0,work_orders,aggregation|filter,E73E10E8282B8C6B34680051CA2C9924F9C0E93AA2FBFD875923BDEB472D3C3B,61E87A91BF90AB9EADE434A189C56C88D06CAD7FDA382159B09FE7AF41EC44C6
Q147,qwen:F10_Compact_NoShape,C002,qwen:F10_Compact_NoShape,correct,1,1,1,1,1,1,easy,0,work_orders,aggregation|filter,4A09463D9486D00C68693F7C0F0AF59459E8A9FBE181CC59CB2D846D3B00B9CD,D02E0B94F1FAFED7347DC9D315E1493221E0DCE9A51FCF196D18A09C6418EAD8
Q148,qwen:F10_Compact_NoShape,C002,qwen:F10_Compact_NoShape,correct,1,1,1,1,1,1,easy,0,work_orders,aggregation|filter,CDB9CE1FC96A875C6715D0B0770F8639F300635064AE8BB47A14D43E89199F59,8F37A6BBC57A9825403293988A515C47DA291EED8AADE2FCAF6A6FA4998FAD9C
Q149,qwen:F10_Compact_NoShape,C002,qwen:F10_Compact_NoShape,correct,1,1,1,1,1,1,easy,0,work_orders,aggregation|filter,DF23F16BFD0714AD77CBCB414AE78EF329C5F99578D216F9D7219354C300683E,F43EC400DA2637333871AA585B3216D15ABF981E6DC60573E2ECE02411DC990E
Q150,qwen:F10_Compact_NoShape,C002,qwen:F10_Compact_NoShape,correct,1,1,1,1,1,1,easy,0,work_orders,aggregation|filter,8EDB33C1ADE711744767884A97CB95EF4D39BDAAEBCCA9E1DDC0FFF02BD7951A,A16707C49CBCAB649D990DD702407BC2DE34480945F2A11209859729D2A023CA
Q151,qwen:F10_Compact_NoShape,C002,qwen:F10_Compact_NoShape,correct,1,1,1,1,1,1,easy,0,work_orders,aggregation|filter,32F8CA387178BEE6F2591DC88DC132A436A7F8EF036FFAE7738A23412FDAA91F,126170C47D2E3CA0EDC2B42E5ADF7D6C5157F26609EF764DB5967463075273BB
Q152,qwen:F10_Compact_NoShape,C002,qwen:F10_Compact_NoShape,correct,1,1,1,1,1,1,easy,0,work_orders,aggregation|filter,BF74327386B4F5BF9D78008D739EE979511082DFD657DAF59CF9BF2C96745F64,A06525F506CC29B994A1BFC5C4AECB3487B191266155C52478ED43FE3D6DE29D
Q153,qwen:F10_Compact_NoShape,C002,qwen:F10_Compact_NoShape,correct,1,1,1,1,1,1,easy,0,work_orders,aggregation|filter,15CC25CEE0E87EC6A6B89E4314BF30F19B6F74198D4FD17A366968B4A0024389,A83E9A730A6AACC9B9088F9771B13AE621E1A63421E10E4E21794BC6AD71F579
Q154,qwen:F10_Compact_NoShape,C002,qwen:F10_Compact_NoShape,correct,1,1,1,1,1,1,easy,0,work_orders,aggregation|filter,EC1F76CBAC83B49DEDAB06BC020E2C9A55FD415BAB3B77B9FA2037CA66389324,2A59F0DEFDEC674D7BDEC673A9496EE1EB5145624AE7E7C0BE4AC94C13945CC9
Q155,qwen:F10_Compact_NoShape,C002,qwen:F10_Compact_NoShape,candidate_shape_mismatch,0,3,1,3,3,3,medium,1,technicians|work_orders,filter|join|order-by|time predicate,01919747A96B14B8617DEF7F225D38B6894C1C8AEEDFBA165FDE859CE786C848,062CE20811406347D151CA4E22DBA322D05D1B3825E324112DB9CE764FDA29C3
Q156,qwen:F10_Compact_NoShape,C002,qwen:F10_Compact_NoShape,candidate_shape_mismatch,0,3,1,3,3,3,medium,1,technicians|work_orders,filter|join|order-by|time predicate,97F7ED896DA97167B224E9C4058377E8F0CFE8FA9C5F5A39AADCEC4600852CB4,6DCF0711BBC668B378E362161CE11344D5B35053FB035999AE360B3E1F2231C4
Q157,qwen:F10_Compact_NoShape,C002,qwen:F10_Compact_NoShape,candidate_shape_mismatch,0,3,1,3,2,2,medium,1,technicians|work_orders,filter|join|order-by|time predicate,84B30D1CF4B00A31089F0FBA1134096074C543DFD2685B03D273D785A5149982,FB6D8E9E5CA84C5904616D21D33DC95BB0A110D2A95408404D409B67616B3823
Q158,qwen:F10_Compact_NoShape,C002,qwen:F10_Compact_NoShape,candidate_shape_mismatch,0,3,1,3,2,2,medium,1,technicians|work_orders,filter|join|order-by|time predicate,F62B83516572D51DFB93EA10BE6E01B3FC07F372C45A1B657A399D36ED608643,6B05DC20B411F54AAA4035EE49263BDEE0BEECBBD589739B735C27A8DCC4248F
Q159,qwen:F10_Compact_NoShape,C002,qwen:F10_Compact_NoShape,candidate_shape_mismatch,0,3,1,3,2,2,medium,1,technicians|work_orders,filter|join|order-by|time predicate,6F975127208A4545B2C91EA70FA0AAE217D8869D17CE4E2BC6FAF37C787FBC2D,7109EB7A63ACB3C165C8BB10379E0A025AE31BFF7200F2153763B20B858CFEE4
Q160,qwen:F10_Compact_NoShape,C002,qwen:F10_Compact_NoShape,candidate_shape_mismatch,0,3,1,3,1,1,medium,1,technicians|work_orders,filter|join|order-by|time predicate,AF75EDCED11A95B58E0EF571D5BDBA89F2E71CBCFCD9AA4AA71F88C6E1E8B501,247F64B9CC969BE0FF0892AF528AE7AFE444EAFFD19D28346A343A540BB0C620
Q161,qwen:F10_Compact_NoShape,C002,qwen:F10_Compact_NoShape,candidate_shape_mismatch,0,3,1,3,1,1,medium,1,technicians|work_orders,filter|join|order-by|time predicate,88C1188375669C03A5738A4548A1E83811E75FC3216EF3B164A2EAAD8B249CA1,920742F6A541EF4F368A8CF8A4E81F81E561FCF34A80C168B5320E37DE422F27
Q162,qwen:F10_Compact_NoShape,C002,qwen:F10_Compact_NoShape,candidate_shape_mismatch,0,3,1,3,1,1,medium,1,technicians|work_orders,filter|join|order-by|time predicate,000BDBAC1C485A37335E00937E2DBEA61B409F53D3930C631D272CF721F5A356,34F60EDE10AD27A162D4476A2999FB624150CD870349CF1DB8ADF95733ADB63C
Q163,qwen:F10_Compact_NoShape,C002,qwen:F10_Compact_NoShape,candidate_shape_mismatch,0,4,5,4,2,2,hard,1,assets|grid_topology,filter|order-by|self-join|topology traversal,461FCF0E88C8A4E514AE47F2D8004ABAF686C66593940B8B3A3E4C54CE5D3043,25E50AD78502AE74A88196E85FC5B04BB17EBF7C044A0F4DDB8BE7EFC41A7544
Q164,qwen:F10_Compact_NoShape,C002,qwen:F10_Compact_NoShape,candidate_shape_mismatch,0,4,5,4,1,1,hard,1,assets|grid_topology,filter|order-by|self-join|topology traversal,999CCAEF07054B769868C52529880847C0875133909EBF213D4F2EA359500C51,24343308951D9A4AD15EA16AED4C1111DEA20F71C709560A1A63C993D7856E40
Q165,qwen:F10_Compact_NoShape,C002,qwen:F10_Compact_NoShape,candidate_shape_mismatch,0,4,5,4,2,2,hard,1,assets|grid_topology,filter|order-by|self-join|topology traversal,1A4995F74A78C36B91CC10D7FBC33FE0C89545E44EF31F6C7A05DB86E26D5F53,1AA1604E51FB7FBACDC0F9CD0C147F0969E26C045A6582B8B193F8626030BEDB
Q166,qwen:F10_Compact_NoShape,C002,qwen:F10_Compact_NoShape,candidate_shape_mismatch,0,4,5,4,1,1,hard,1,assets|grid_topology,filter|order-by|self-join|topology traversal,D8EAB985A1FB02FF174BCDAAFCEDBA3F3DFA94782491605989E6974125CA8157,78C08665536FD82F0BB63C2D88909519E4E43FC25ED33C6E46137CF02AC686B0
Q167,qwen:F10_Compact_NoShape,C002,qwen:F10_Compact_NoShape,candidate_shape_mismatch,0,4,5,4,1,1,hard,1,assets|grid_topology,filter|order-by|self-join|topology traversal,DB59C111C5B86A136C5C97825349FE0BDF895B599D3B12DB3106D2AAC027C760,1E4FC9DD39EF57631E9B8DE55D11073E1ED623CEFE82A9BFCD07854B13A499A5
Q168,qwen:F10_Compact_NoShape,C002,qwen:F10_Compact_NoShape,candidate_shape_mismatch,0,4,5,4,1,1,hard,1,assets|grid_topology,filter|order-by|self-join|topology traversal,8AC24610BB42DBC42BF51B9F25BFC26A22222ABA926F5CBE41D8CC95DA8F8DC2,23548329609A5AAB25EA63FAC74151F5E12AB062172F1F2941A475D547C8229A
Q169,qwen:F10_Compact_NoShape,C002,qwen:F10_Compact_NoShape,candidate_shape_mismatch,0,4,5,4,1,1,hard,1,assets|grid_topology,filter|order-by|self-join|topology traversal,11CC49CA2DB2732AC9C51A4CD07125DE3C62BE35DB9BB9EA418FB400529B60D4,CD7DEE4A8CD4D34D8182656ED8B8B804E2FB847D9A87EBB4DE189B88CCFA95F2
Q170,qwen:F10_Compact_NoShape,C002,qwen:F10_Compact_NoShape,candidate_shape_mismatch,0,4,6,4,3,3,easy,1,work_orders,filter|order-by,1F76CAFF7D39E9A6B9DD3E68B64DF687EF39361046794882415092FE06EAC526,9B7C311EEAB47AA56F563E23732784E6F465A71E4F47F0BE48002F605883C7D4
Q171,qwen:F10_Compact_NoShape,C002,qwen:F10_Compact_NoShape,candidate_shape_mismatch,0,4,6,4,2,2,easy,1,work_orders,filter|order-by,EC36D191A52BCB4F5D59ED28C0A178451394E00392CCA6E79E6ADAECB18176E9,844EDC49F7A38982CF8AD0B041D6DC6D095877F633AF52344098008FC3A4C348
Q172,qwen:F10_Compact_NoShape,C002,qwen:F10_Compact_NoShape,candidate_shape_mismatch,0,4,6,4,1,1,easy,1,work_orders,filter|order-by,97EF09E642F727AF0D865C7E44E020287C8560C4B69BBF2DCCF67EF49C74F6CE,4D4E7AA98D6EC5812C22119C7899C87B69FC97F7A572C809C4BEC64D0C7265AD
Q173,qwen:F10_Compact_NoShape,C002,qwen:F10_Compact_NoShape,candidate_shape_mismatch,0,4,6,4,2,2,easy,1,work_orders,filter|order-by,105F711B2325254C738EBF91816A8677B4768A8301BC5EDF725C7041476935EE,CB010710A9965B256BD2BDAA71AF8B3CA3EBF649A754731CCB1CE356AD6C0908
Q174,qwen:F10_Compact_NoShape,C002,qwen:F10_Compact_NoShape,candidate_shape_mismatch,0,4,6,4,2,2,easy,1,work_orders,filter|order-by,767CBBE76A3F04A036799CCCBC3B252FB01A27851299EB1BFF20398C3881624B,23308ACB2435B92AF81B85E120A177C950FE3E25BC5714691826DB364C70788D
Q175,qwen:F10_Compact_NoShape,C002,qwen:F10_Compact_NoShape,candidate_shape_mismatch,0,4,6,4,1,1,easy,1,work_orders,filter|order-by,85E43FEE9A19AA24DF67934F8ECAE247BB07440F73C86CB154F42552615845ED,6D6450176EC9584C7E4A6FAD27AE50AFF27DA6820B61256BCBDCF1C25147B608
Q176,qwen:F10_Compact_NoShape,C002,qwen:F10_Compact_NoShape,candidate_shape_mismatch,0,4,6,4,2,2,easy,1,work_orders,filter|order-by,A8A2B0E73794CD03AF50B8A4F581974FAF3D4B19909F77BA9BE3A22B33E224C9,5BF700F629F5C03DD89F4DFE573E51E3842E624C2EFB6E70AF7C046B49D57A4B
Q177,qwen:F10_Compact_NoShape,C002,qwen:F10_Compact_NoShape,candidate_shape_mismatch,0,4,6,4,1,1,easy,1,work_orders,filter|order-by,B244265481A874BE744A59F37E70A5A5970A4B12BD0B55449967C13D9F8511C7,79BFDB10B9BB031FD2889DFCA3C94F7332770252CC15465B3D37207F9AAD157D
Q178,qwen:F10_Compact_NoShape,C002,qwen:F10_Compact_NoShape,candidate_shape_mismatch,0,4,6,4,1,1,easy,1,work_orders,filter|order-by,B6CC69BD660FB4BC596785A0FF230B29E32CF7407AE2B1026FA63391D4F838C6,CE5977974313A0E798D09744F8FE4FEAA958C0F2287C43B4CC8B69292DC6101B
Q179,qwen:F10_Compact_NoShape,C002,qwen:F10_Compact_NoShape,correct,1,1,1,1,1,1,easy,0,locations,aggregation|filter,AA8F8DF11BFDDCAD8828776EEEFBDB7D2031DD3073C621984281D99B4FDF4A4D,F0ED8EA714C8C0B275180E9FE64FAC0C47F5D8F5AF0C098B34C57957C468FF55
Q180,qwen:F10_Compact_NoShape,C002,qwen:F10_Compact_NoShape,correct,1,1,1,1,1,1,easy,0,locations,aggregation|filter,BC12A70CE4C75F6663ACB5D762E7E2A9A2CE1A37650E7763F990FA4F2AEF37A9,A81C2E54E08F172544EB63242B016F9D2C4E951F10D2F903E3A18C7549C9D289
Q181,qwen:F10_Compact_NoShape,C002,qwen:F10_Compact_NoShape,correct,1,1,1,1,1,1,easy,0,locations,aggregation|filter,AB55D0A587418E239FA6DE42F4C04E2E510233171A514E5A0660A42B4F806566,D30540D8BBE3F71B6F9F61D1E657B286E4509F85FD7DF16F841DEA90F15893BA
Q182,qwen:F10_Compact_NoShape,C002,qwen:F10_Compact_NoShape,correct,1,1,1,1,1,1,easy,0,locations,aggregation|filter,654F71BB092A8B5A303B1FB198E73AB3A54F3B47572E1E9B463DD889460772D8,48DC7CD04363C88A1964AFD28EBDDD1B5277C2D47D156F41A2593149CACB335C
Q183,qwen:F10_Compact_NoShape,C002,qwen:F10_Compact_NoShape,correct,1,1,1,1,1,1,easy,0,locations,aggregation|filter,993E8D50374913818CEC67FD511C8A1FF569FBBF0B9C3FBA2C8FAED937BD8462,02CA04C452E0647DCB9DF1AC775A4E0BC5FD95B31FC68274B197A8AFD56F3F65
Q184,qwen:F10_Compact_NoShape,C002,qwen:F10_Compact_NoShape,correct,1,1,1,1,1,1,easy,0,locations,aggregation|filter,5A16BF0F42FDC7ADD4AF17FDD92DAFC78782875D6DEA43B25FDBC02755278834,22E8D870E63990E136AF70B49847EE94BBA6FED442B882BC29FB0E74533E1530
Q185,qwen:F10_Compact_NoShape,C002,qwen:F10_Compact_NoShape,correct,1,1,1,1,1,1,easy,0,locations,aggregation|filter,CE1CB6B18766FEE985D6C909EB564297FDD36795175A8474ED6953B673FC1A96,007653CD612C66C0D918F9E160FE50EFB94CC966CE71B3FB2A4B392A146A8BF1
Q186,qwen:F10_Compact_NoShape,C002,qwen:F10_Compact_NoShape,correct,1,1,1,1,1,1,easy,0,locations,aggregation|filter,CD472F706F6C576749C620A567930A9B9EE3FE98E515BCB3739B9F43E25207EB,98115A9FDA686A9542013FAC0F706BE730B9F4C123DBEAF5F90A8214FD97CC09
Q187,qwen:F10_Compact_NoShape,C002,qwen:F10_Compact_NoShape,correct,1,1,1,1,1,1,easy,0,locations,aggregation|filter,52AF3CE3C43E8E45F6ABB1702C20BA4574CE90CD02B83CB1B6B15C9E6B72CFC1,9374C143E83E0B3E14D14B3A4E5233D9306CD3306CEEB84147F1198AF7A1976C
Q188,qwen:F10_Compact_NoShape,C002,qwen:F10_Compact_NoShape,correct,1,1,1,1,1,1,easy,0,locations,aggregation|filter,6892D06CFBBDFBDE563CD3A58B2C7667096105B300E66C4EEA0518B78700EAE3,AAB780DCBD5F0DF417C342643DC86D142939AF166FF7722A1B3FB85C98A7F7B7
Q189,qwen:F10_Compact_NoShape,C002,qwen:F10_Compact_NoShape,correct,1,1,1,1,1,1,easy,0,locations,aggregation|filter,F2CE65D2FE8848AB17606F18C8978572195F39C1C43D5BD4B27979E05C6CE5F3,D98E61AC2461FE884779A2E33AECB2CB6135A4C8FB7F1BFCFCDF4DC5D9D20A63
Q190,qwen:F10_Compact_NoShape,C002,qwen:F10_Compact_NoShape,correct,1,1,1,1,1,1,easy,0,locations,aggregation|filter,E1D296B456F764ED296E5E70CC6ED6613B245FCAB0B7CF423583445982A7FE90,EFD24C88124419AB6CFA9A484FEC049649216A426B7E851C7538E888E304BEE6
Q191,qwen:F10_Compact_NoShape,C002,qwen:F10_Compact_NoShape,correct,1,1,1,1,1,1,easy,0,locations,aggregation|filter,A9ADC480ED6ACC5E2CF61A5F67275B3F4FFC6F14AF3AC2A1BB2B5380C3D41C94,6C2A0BA4FA1FE1628C3F46CD680122170923AC74A025001C2472497F11C68272
Q192,qwen:F10_Compact_NoShape,C002,qwen:F10_Compact_NoShape,correct,1,1,1,1,1,1,easy,0,locations,aggregation|filter,A958C553D83C959AD63491836B17167B639C3565BCE6F2621F8C7DA7F7F08A1D,C364D4375957255449638F890940C6CDE4EA6BF3B7A4BCB04865B28AFD6DF22B
Q193,qwen:F10_Compact_NoShape,C002,qwen:F10_Compact_NoShape,correct,1,1,1,1,1,1,easy,0,locations,aggregation|filter,913EAB7DBFB9690500BD8983086D605F1B8604B57918A6BE8C8607202E59CA52,38B2E194AC2954E898AB8FCDF984D782966CD14D9DA136FF01B7B47088244BA6
Q194,qwen:F10_Compact_NoShape,C002,qwen:F10_Compact_NoShape,correct,1,1,1,1,1,1,medium,0,asset_types|assets,aggregation|filter|float|join,B92C61E4327264A50384777775C8354A4AE6BC571EA82A60F9C148D8B45568BC,6BB25D93830DFB3D0C3CD2BF041F9E80922B66BB6DA70F723325F5241D3924B0
Q195,qwen:F10_Compact_NoShape,C002,qwen:F10_Compact_NoShape,correct,1,1,1,1,1,1,medium,0,asset_types|assets,aggregation|filter|float|join,B5C0138120931E151421428B6BB36469F61C98AED92451C2E5DC6CB244333BC1,63AD961D29BC7CDD5C8867E491EB6D094E9D2BFB142D594AB3A58921F30394A4
Q196,qwen:F10_Compact_NoShape,C002,qwen:F10_Compact_NoShape,correct,1,1,1,1,1,1,medium,0,asset_types|assets,aggregation|filter|float|join,2FF5704B541E41C3553F980FD511C126828D7CBBCFE3CE99A39AD7E4419EB8DC,12D9A956469E8B9A07CE652EEB0C29A2EF5322DA2D3E2C50FCD0B5A954BBF5B2
Q197,qwen:F10_Compact_NoShape,C002,qwen:F10_Compact_NoShape,correct,1,1,1,1,1,1,medium,0,asset_types|assets,aggregation|filter|float|join,BCA8235788DF8A7B4E80511704853BE23DC01EB9A6579C6302C5636ADF08752F,2BAA500471E7659AEEC8CB26FA6EFF1565751D8F7AB8B43DCE976C15418A8211
Q198,qwen:F10_Compact_NoShape,C002,qwen:F10_Compact_NoShape,correct,1,1,1,1,1,1,medium,0,asset_types|assets,aggregation|filter|float|join,8D39A864117A85C6F6DD1384220544632BA32104C72A2961F048477907640CC2,196985D54C20EA79FAACCBE0C763EEA9B4ABE2DDD16E2DF27A89CEEAE620383A
Q199,qwen:F10_Compact_NoShape,C002,qwen:F10_Compact_NoShape,correct,1,1,1,1,1,1,medium,0,asset_types|assets,aggregation|filter|float|join,D28665BBB36CA64052786FBE13A3251B12CB275E00874DCA4A3D2DD1B01D1D02,084AAE6809FB4DFCC9D03C63CADDC4AB8F8FD07C6DC079A0A20DF9DA21208BE1
Q200,qwen:F10_Compact_NoShape,C002,qwen:F10_Compact_NoShape,candidate_shape_mismatch,0,2,1,2,1,1,hard,1,asset_types|assets|sensor_readings,aggregation|filter|group-by|join|order-by|top-k,9AB8736ADF6230C68069F98BF9B5D4FF0EE7A222A0FDB0E8F6592D6BB949732B,B48776A52748FCB7300FC3FDE5674B5984B47ACA419F9E29A4DCF675167ABC66
Q021,qwen:F11_Compact_WithShape,C003,qwen:F11_Compact_WithShape,wrong_denotation,0,1,1,1,4,4,easy,1,assets,filter|order-by,55F81C1AC873F824F3F76FD7C83D25F164EC941CF33550C2FBC69A3A03FF9FC9,2198EFD31F4C3DE5080570F611B43AD0FD7047E848954219E9DF97A9F827C3E9
Q022,qwen:F11_Compact_WithShape,C003,qwen:F11_Compact_WithShape,correct,1,1,1,1,1,1,easy,0,assets,aggregation|filter,D5B25E0025DA4D497DFAD3F205ED0B4E4F4CD5CE017B4F3B94EDC70D69E6D260,F914A2E6E9F067B567649ABA758F096EA3A1E1CB3DDBA17C382A290B9FAF9918
Q023,qwen:F11_Compact_WithShape,C003,qwen:F11_Compact_WithShape,wrong_denotation,0,2,2,2,0,5,easy,1,work_orders,filter|order-by|time predicate,1AA68892807E098B1416F158320493824D5678156248A7ACAEC4F2ABF9DCD72D,6AEE6CD3B4332E230E2EC8E78C68AF1603299CB113A49F873577585A88EDA5B8
Q024,qwen:F11_Compact_WithShape,C003,qwen:F11_Compact_WithShape,correct,1,2,2,2,1,1,easy,1,technicians,filter|order-by,CC7596945F04BDFF6EBE3F41F42801406152651B879DC751912D9AD90DFD5A88,4DADD9D2866A7A9EC4CBB9FAB5589851F68C40BE4C9D59E9E3E90DD6C7076DD4
Q025,qwen:F11_Compact_WithShape,C003,qwen:F11_Compact_WithShape,candidate_execution_error,0,2,0,2,0,3,easy,1,assets,aggregation|group-by|order-by,B276F561BB46C635DCD6DFD3DBECB2E3A86CB0445530A15DFE84A3A6F81C6FDD,D29EAC989EAFC3E63F7500F3A9E98EB1F15184AD32C402196341AE3DE68CE4BB
Q026,qwen:F11_Compact_WithShape,C003,qwen:F11_Compact_WithShape,wrong_denotation,0,2,2,2,2,2,easy,1,asset_types,filter|order-by,5056929B6937712D7FA383840A389FED86BE215C10F46FC0B3FEDEFA4854B488,B7640EEA33B19B3250A81ABCD2181F399349D39D3542338A50610A754D221E5B
Q027,qwen:F11_Compact_WithShape,C003,qwen:F11_Compact_WithShape,correct,1,2,2,2,3,3,medium,1,technicians|work_orders,filter|join|order-by,279C6DEB7A46C9118743C81E242E187F7B61685E83731E93F6DD4989DDEAB78C,1A4BE67B2091AA4AC2EF17CC24EB74DB5413795CF480B725012D3E636586D7BF
Q028,qwen:F11_Compact_WithShape,C003,qwen:F11_Compact_WithShape,correct,1,1,1,1,1,1,medium,0,asset_types|assets,aggregation|filter|float|join,A89733415FF376F6B228DE7F001A834911D9625828ABD4EE2F95E8ED64444AAF,54DDECAFAC5EBB954C06CEC98597A00BD698E828637CBF6D38BEFEAB15B75DD8
Q029,qwen:F11_Compact_WithShape,C003,qwen:F11_Compact_WithShape,wrong_denotation,0,2,2,2,11,11,medium,1,assets|locations,filter|join|order-by,CF0E8B59C604F5786D2784527A3019A07502870B16B6938FB9F7BAC4C6CE7827,BBA836A5D8C3143D2E60FFD9DD3BEC47B774DBF87559ED3439AF15FA16EB0FF1
Q030,qwen:F11_Compact_WithShape,C003,qwen:F11_Compact_WithShape,correct,1,3,3,3,3,3,easy,1,work_orders,filter|order-by,66F6B4D058C9F0F0BA20CA133E40E2F5826EB3C72B501A7C98A1A31C349FA672,2A1E4E60B4A24E54BCE4125A0A1C839E6D0884F564C6332093253FB180F651DF
Q031,qwen:F11_Compact_WithShape,C003,qwen:F11_Compact_WithShape,wrong_denotation,0,3,3,3,4,4,easy,1,sensor_readings,filter|float|order-by,5CDB8519B42C0D1C606CBA4204D4A4183C6242042FEA8E7BA4779A5249F7962C,5AC44A498A70D6929187195C8CBD762C06CDF8B3457E1BAE0FCA1A60940AE06E
Q032,qwen:F11_Compact_WithShape,C003,qwen:F11_Compact_WithShape,candidate_shape_mismatch,0,2,1,2,5,5,medium,1,assets|locations,aggregation|group-by|having|join|order-by,E71943D903D2EF3F543DA5F4880E047BCF56E8027FEEABABDAE17200949C38BF,5AC2DBED21AC5DBFE77961A6BC95DE4DDCD8B93728801304EC44E60A601F0F9D
Q033,qwen:F11_Compact_WithShape,C003,qwen:F11_Compact_WithShape,wrong_denotation,0,2,2,2,4,4,easy,1,work_orders,filter|order-by|time predicate,3DF67A263C5983BECF09C1AD45E68AB22F9EB292370E60328B38A5C691F2AAD7,98CEC50EB6962A60F1AED8C1718E6A1D5E8B8CC51C7BA9A0414BE6C5E27BA955
Q034,qwen:F11_Compact_WithShape,C003,qwen:F11_Compact_WithShape,wrong_denotation,0,2,2,2,5,5,easy,1,assets,filter|float|order-by,6589F77915617267211A75D3B10A13A4EE8FBCA23D36F820EBB364A0CA5F1C3E,09483B77157245C6C5E9BE1610FE8B3DCE75A48D699D70318CA8EE18F9086F5F
Q035,qwen:F11_Compact_WithShape,C003,qwen:F11_Compact_WithShape,wrong_denotation,0,2,2,2,3,3,medium,1,maintenance_logs|work_orders,aggregation|filter|float|group-by|join|order-by,AF33F6CA587B005EC00C9539B7D233A47C5A48AACFE81638ECAA895869F719C0,5FD52A03AE98A268E5699C1401991628C1D6D6181E4988438C7F336F0E4D737F
Q036,qwen:F11_Compact_WithShape,C003,qwen:F11_Compact_WithShape,wrong_denotation,0,2,2,2,1,1,medium,1,technicians|work_orders,filter|join|order-by,6591EF929216AAFEB62D273556B8996AE2F5E4622B8113ED9B1DA26619B14BD6,B2B351D2DD6E4445AF79275FA0F5DA3CFEF62F36CB190170F6DE6E7B351B7943
Q037,qwen:F11_Compact_WithShape,C003,qwen:F11_Compact_WithShape,correct,1,1,1,1,1,1,hard,1,assets|grid_topology,filter|order-by|self-join|topology traversal,CE3C86125B16A6F2E2B56CDF5047F44B705B1EB7F4F08816D29EBC4E8F15CA53,B045E4DE9620345D0E575188F60F3F6D232B47BAFC5F7586F3FD9766816C2247
Q038,qwen:F11_Compact_WithShape,C003,qwen:F11_Compact_WithShape,wrong_denotation,0,1,1,1,11,11,hard,1,assets|work_orders,filter|nested query|order-by,3698B2748D8791717F4543B003A3B5A45AA7CDD319EB631F3FA04EDEBC08324E,72E745C00A0F58ED2EDD21C2568B8982DD5E2407D404BD000443DEDBCA4ED63E
Q039,qwen:F11_Compact_WithShape,C003,qwen:F11_Compact_WithShape,wrong_denotation,0,2,2,2,1,1,medium,1,work_orders,filter|order-by|time predicate|top-k,287E5DD759C5B7EF6880A9E390EDE28206DF4CDEF6045D06ADD3D443B52BF082,B4CD6C00B5DAE5EFF3C6B878426C218E13A252D8819B0FDB38635CF71DF1F323
Q040,qwen:F11_Compact_WithShape,C003,qwen:F11_Compact_WithShape,correct,1,1,1,1,4,4,easy,1,assets,filter|order-by|pattern,B474C34BAACEEC11E23A90F5C63EE2CEB6BB06AB956208EED40BECFB747E1434,8EBE89272A8ED2BDF4276016C69C61E8BA0E215B91DD36A99CCD76381F585F64
Q041,qwen:F11_Compact_WithShape,C003,qwen:F11_Compact_WithShape,wrong_denotation,0,2,2,2,8,8,medium,1,assets|sensor_readings,aggregation|filter|group-by|join|order-by,4D77A344E35AD3FCF001F5147D9DFFDA7B16CFE4A2801C926415075750897FB4,3D6D3DCFA6005C015C82447250648EBE4E3D2C89437A232DCA907B5E432725FE
Q042,qwen:F11_Compact_WithShape,C003,qwen:F11_Compact_WithShape,correct,1,1,1,1,1,1,easy,1,asset_types,distinct|filter|order-by,254D67B200FE4C9D7A88A9855CFF34D882EA6A73A093EE080E9844A3C6056F8F,3D176D0A46AABD8359DC958BE56505456BC95FDEE7BECBE95F1CE0C86774A88C
Q043,qwen:F11_Compact_WithShape,C003,qwen:F11_Compact_WithShape,correct,1,2,2,2,3,3,medium,1,asset_types|assets|locations,filter|join|order-by,F17A3CD68C3EFE972D6DF4C83CC1621E031843D69EC62C2B4A9036ABEED161C2,3033FB90E3C88DD14F28CAA9D7404B3EC148B8C301D11B44A42DCFFF2AC7CFF8
Q044,qwen:F11_Compact_WithShape,C003,qwen:F11_Compact_WithShape,correct,1,1,1,1,1,1,easy,0,maintenance_logs,aggregation|filter|float,61982D1BF4E753A85EA2860ABB52A111F2088286249732DE05BAD0B61A5DBF31,2ADB7284D4D878BA558B1AA913DB7A45F11D6E4E96D82B9B24C31B31A8CD997A
Q045,qwen:F11_Compact_WithShape,C003,qwen:F11_Compact_WithShape,candidate_execution_error,0,2,0,2,0,1,medium,1,asset_types|assets|work_orders,filter|join|order-by,5ABF70C14B8FDDD5B8046E0C06DACE42D4BB15178E5465DF64E95D658E6E7E56,C96A6B040E2AE08507B988B863FA1F08DA2A76E2679F16FB276DEB323238B8FA
Q046,qwen:F11_Compact_WithShape,C003,qwen:F11_Compact_WithShape,wrong_denotation,0,3,3,3,3,3,medium,1,assets|sensor_readings,filter|float|join|order-by,CB774D99F33F56E45FB30B099AB3C01EC2FB72589AB67C0EF8B8F27ADDE1C374,692D6D9F23FE1084D1FEA9495BEE1D8809875B8893DA96A93EF414656FE34C59
Q047,qwen:F11_Compact_WithShape,C003,qwen:F11_Compact_WithShape,correct,1,2,2,2,3,3,medium,1,asset_types|assets,aggregation|group-by|join|order-by,9C3FD8C5CDD659ED940FDA7C70D7CFF7B2A5D3FD51946CD7E96478E95689A4FF,39F74338A2111F1EF34E04009D586A004D16B93BB80B956F375D76FC7972316C
Q048,qwen:F11_Compact_WithShape,C003,qwen:F11_Compact_WithShape,wrong_denotation,0,2,2,2,5,5,easy,1,assets,filter|order-by|time predicate,D22EDA743B421357A9831093756D9B9D66531CB2A4E3148C1E085A292E8492E5,790D535AA128B306F6ED938E9B2A5718BBA0EC628B2242375539FF7846C52141
Q049,qwen:F11_Compact_WithShape,C003,qwen:F11_Compact_WithShape,correct,1,1,1,1,1,1,medium,0,maintenance_logs|technicians,filter|join,4647F211893D64D7B96521874580690B689C0E52B5DE87F4AA9FB28B470F47E2,EE416EF7F4C0E0F5585050A84A1C02C05AFFA18D60380281ADBC92E3FF62F8AB
Q050,qwen:F11_Compact_WithShape,C003,qwen:F11_Compact_WithShape,candidate_execution_error,0,3,0,3,0,5,hard,1,assets|grid_topology,filter|order-by|self-join|topology traversal,015A898942A24E4535C9E3B6EDBD3A1D36762AFD6F03663D1D5D8186C177DEC6,1F3AE954A1BCAB25CEB1EC2272A14D51F35A6474CCBF8D48287C845763F751AF
Q051,qwen:F11_Compact_WithShape,C003,qwen:F11_Compact_WithShape,wrong_denotation,0,2,2,2,0,1,medium,1,maintenance_logs,float|order-by|top-k,02C58EDFD991B87011B3CD58B8DE4C7DC513C6F4FCAFB8CF2300798723A69F66,8186C9B7C74D7153D2A3E5364F5AD2ABC02DA97A428E332303F868640A96606B
Q052,qwen:F11_Compact_WithShape,C003,qwen:F11_Compact_WithShape,correct,1,2,2,2,3,3,medium,1,asset_types|assets,filter|join|order-by,8818DDE5D4EA3758C3C3903C60BB097C90E59ACFE1B0D400EB1AC8389763FD79,85DF82AC2ABE10DD5ED6C6D984D4D687FE6CE678589BC733F59070004B547B73
Q053,qwen:F11_Compact_WithShape,C003,qwen:F11_Compact_WithShape,wrong_denotation,0,3,3,3,0,2,hard,1,work_orders,filter|order-by|scalar function|time predicate,B711B5A2C02C397E013C5991B58CC692F412BCB663B792B4ACC42748013A5EC5,3EAE7BE8AF8CF36D1703C80633D8B0CE6180A8A5F4FF5EC524C2106E40CEDDF5
Q054,qwen:F11_Compact_WithShape,C003,qwen:F11_Compact_WithShape,wrong_denotation,0,2,2,2,4,4,easy,1,sensor_readings,aggregation|group-by|order-by,5DC71F800F11556C2AB55ADFA0AF2AFD31AD06859675EBEF6854C15727655FA1,D8B52409C7C001AEAAFCE4E0ABE9E04718FC18D305762DFDF40537090C9269BF
Q055,qwen:F11_Compact_WithShape,C003,qwen:F11_Compact_WithShape,wrong_denotation,0,1,1,1,2,2,medium,1,assets|locations,filter|join|order-by,22ED189C6D32113248D61E534405B59ECFDBDECDF0ED9E6236EEB4C0F6F10600,D415506393250DA3C55B5152424D2C8CE60A8106C2C445DD502A049F00EB2C79
Q056,qwen:F11_Compact_WithShape,C003,qwen:F11_Compact_WithShape,correct,1,2,2,2,3,3,medium,1,technicians|work_orders,filter|join|order-by,FF20A5AEE908B8BB3965C6427F8C9488332BF26482E1B3DCD47743242B434C74,4289E1781826F34A34DD523F831378B0936CB18EE72A25056922A9ABEFF7589F
Q057,qwen:F11_Compact_WithShape,C003,qwen:F11_Compact_WithShape,wrong_denotation,0,1,1,1,1,1,easy,0,sensor_readings,aggregation|filter|float,25A6A694DAD2BB2DE34D66D7A311680AD69B3D6FF62A262A2AE004A108574E81,E83BCDA26C405F53453C322BC9A153554DFB63AD0414921B833DAB23BFDCDA57
Q058,qwen:F11_Compact_WithShape,C003,qwen:F11_Compact_WithShape,wrong_denotation,0,1,1,1,5,3,hard,1,locations,distinct|filter|nested query|order-by,5E8B486FEE161624DB4CBBFB4F48CA4A61706912BFB0EE6D02C9E964D002F866,117CE18E62A2C6F5B6F1A2D1049CA245877A54DEA51FF8654B501AA2147D96D6
Q059,qwen:F11_Compact_WithShape,C003,qwen:F11_Compact_WithShape,wrong_denotation,0,2,2,2,4,18,hard,1,assets|work_orders,aggregation|group-by|left join|order-by,4AEDDFF322C8A875F1D1163147AC21B2DF894BB2CE1AF9B670323295B3E89FF5,3DFAC6294FA48460FE07FC0DEED4527955CA9F7EA62EDB72EFEF66A5219701E5
Q060,qwen:F11_Compact_WithShape,C003,qwen:F11_Compact_WithShape,wrong_denotation,0,1,1,1,10,10,hard,1,assets|sensor_readings,filter|nested query|order-by,4311F9BF5AC5A005E8A014C1E2BC7B44FA89A1F92BAFBFBCF05AF9E9697FCAF8,8DFC0FBE8CC2393C9F4E29E4FCF12CC084574B2C95E1934AA8B0CF40486323AC
Q061,qwen:F11_Compact_WithShape,C003,qwen:F11_Compact_WithShape,correct,1,2,2,2,1,1,easy,1,asset_types|assets,filter|join|order-by,8CFD528AA4D1A3ABFFF2CAA84A043C56D5581C335A96877B6B3F9642EDF3B35E,CB8A8CA90B5B5B65811AA50547961910F48DD4D22DC465C65D740863041AF421
Q062,qwen:F11_Compact_WithShape,C003,qwen:F11_Compact_WithShape,wrong_denotation,0,2,2,2,7,7,hard,1,technicians|work_orders,aggregation|filter|group-by|left join|order-by,02080FB8AD3F628DADDEBA691E8C08ACA351C7C5C5A105733BDF75AF651EB57A,D5FE9AD86D37A053D4D7A70DB8044F96A7D0DA521ED50AEA86C7C4DE091EA3E1
Q063,qwen:F11_Compact_WithShape,C003,qwen:F11_Compact_WithShape,correct,1,2,2,2,1,1,easy,1,work_orders,filter|order-by|time predicate,F087898BAF7B4C88B82EFC8B4DE88E91C6F3BE9303743369EC06F5EE23E4C823,9BC61C0E25D15E080395150B61ED05DC6A342608FE1BCB66CBB3165CAB232AC0
Q064,qwen:F11_Compact_WithShape,C003,qwen:F11_Compact_WithShape,wrong_denotation,0,4,4,4,26,15,hard,1,assets|sensor_readings,float|join|nested query|order-by|time predicate,29805FF67BD9868054BB49D5E22C2B0A02CE7BC958907B51E9A7615CA71B2DAD,3668AF6F317F360422A127A07D15C6520B21A32029142BA9B9C9FF430E0EDC43
Q065,qwen:F11_Compact_WithShape,C003,qwen:F11_Compact_WithShape,wrong_denotation,0,1,1,1,4,4,easy,1,assets,filter|order-by|pattern,A0EB5B6158011E57C84403D46EF0E996EFD2435CA19368508DE43C3412F0E831,C5BD5C26B91224A6B61EF52388B9D8E6E901CB40A83BC61A526D27093BA499E4
Q066,qwen:F11_Compact_WithShape,C003,qwen:F11_Compact_WithShape,correct,1,1,1,1,7,7,easy,1,work_orders,filter|null|order-by,B9957B17694AC2ADF72CBA01DC6B16BAB1DC5C9E6BD22154DF387AEBA37CA38E,73EC29EE90BE10D52AF1B9A6E6637C370408ADF28CDE872950CF0721E464A6F8
Q067,qwen:F11_Compact_WithShape,C003,qwen:F11_Compact_WithShape,correct,1,2,2,2,2,2,easy,1,maintenance_logs,filter|order-by,D37E9ECF44CD3598303ED41F4E1F2B354E02B32042FBCCA0DC2B7E93E914F1D7,8A3CA45B2951961D067C5F1853776756E2E634AFA005BD7DBA46152A8A26599A
Q068,qwen:F11_Compact_WithShape,C003,qwen:F11_Compact_WithShape,correct,1,2,2,2,6,6,medium,1,asset_types|assets,aggregation|float|group-by|join|order-by,C0541BB89089D5B3740E5F78BA28C53310FA999ECB5263ABE115949FA9E33378,85CFEF7B936CE99C93FE7B3FA4D790D3A62A1C3610D4406C2FB446EF88721A92
Q069,qwen:F11_Compact_WithShape,C003,qwen:F11_Compact_WithShape,correct,1,2,2,2,2,2,medium,1,asset_types|assets|locations,filter|join|order-by,64FC04748004659A8E350648FEEFFCF71CD91C47004676D8C2A955E156423F0D,4C9A53FDA153DBC282E75ED5D8A8271290B409B3983EC5245A5A355FCD513F55
Q070,qwen:F11_Compact_WithShape,C003,qwen:F11_Compact_WithShape,correct,1,3,3,3,2,2,medium,1,grid_topology,filter|order-by|topology traversal,D3111E2C137EF632C3F0C27C25F0EE2BA8DB0465139BBD80B1074C8551F13AFB,DE4AB58DD907088525A343A7DAEBD70C2E24266A926BA47803FD436F0A020578
Q071,qwen:F11_Compact_WithShape,C003,qwen:F11_Compact_WithShape,wrong_denotation,0,3,3,3,1,1,medium,1,assets|work_orders,filter|join|order-by,8F5898391C36AE961C5EE2EBF6F8A320BAD30068F519F3D208740AB41EADF068,E97FEB511A72F5242C5B426C15B5B68C0AC52AB5CFAA307E2F2BE34D1DCF1583
Q072,qwen:F11_Compact_WithShape,C003,qwen:F11_Compact_WithShape,correct,1,1,1,1,1,1,easy,0,locations,aggregation|filter,7ED72780457EF1D5929673311337FA9DEA9B3B0C7817F76B7828CCFA696FEE04,95EAB691F3A87564414FB116CCC94458C67C735A9958F15C840959E7DB9879CB
Q073,qwen:F11_Compact_WithShape,C003,qwen:F11_Compact_WithShape,correct,1,1,1,1,0,0,hard,1,technicians|work_orders,filter|nested query|order-by,9BC4CCE80443F5C08684B225D8FEED43C10536A0D7367615A07FF10FAE76CEF4,EA2420FEE687FD65F202317C768EA6E3DC6FD466407B8319A0595851D188137C
Q074,qwen:F11_Compact_WithShape,C003,qwen:F11_Compact_WithShape,correct,1,2,2,2,1,1,hard,1,asset_types|assets,aggregation|float|group-by|join|order-by|top-k,6A66C111DDC7730777D0B2B151D4BC40B6476A949533F1CB602D88C12032B691,B3B989D9A5ABEE1F604FA90721954855A1D98E68FACCAD5A30A70A72116F86E3
Q075,qwen:F11_Compact_WithShape,C003,qwen:F11_Compact_WithShape,correct,1,1,1,1,1,1,medium,1,technicians,filter|order-by|scalar function,2F67FAE5E50733B3997E75A05B5F853F9CEBBD394ACAEF5E6020842BC98AC6B1,8075FFA2B3AD5DABD5BC301871642C493AEFF0E21B13E50DF735B53208C4E3F9
Q076,qwen:F11_Compact_WithShape,C003,qwen:F11_Compact_WithShape,wrong_denotation,0,3,3,3,8,8,hard,1,assets|locations|technicians|work_orders,filter|join|order-by,B70C2C9311992CFCD691589411C0AAECD92F9025E0F1CF753D623EA8E0D1244D,AA5687CCFF7ED2B6D7D26AF69D1CF935236DDB5C496DA6F59BF2CB5194DC765F
Q077,qwen:F11_Compact_WithShape,C003,qwen:F11_Compact_WithShape,wrong_denotation,0,1,1,1,6,6,hard,1,assets|sensor_readings|work_orders,distinct|filter|join|nested query|order-by,BD206C6D06F9EE5FD1EACAC83716AD881FC58119F5A6C3E63C9AF122DBD8F21C,3A581069DD8A71B35ACBBF96C143EF11E799EF3534FA97CB6EDE4228C5CCAFE0
Q078,qwen:F11_Compact_WithShape,C003,qwen:F11_Compact_WithShape,wrong_denotation,0,1,1,1,1,1,medium,0,maintenance_logs,aggregation|filter|float|time predicate,CF2887DB1249AC2E9E8DE2E199F47B20CCAFC11394EBE6DCF7F9E08AB2A3EDEB,189994EC16E232110E615D509BA67D7EB2D5E3DA5EEBE8800A9A217765A6DE0D
Q079,qwen:F11_Compact_WithShape,C003,qwen:F11_Compact_WithShape,candidate_shape_mismatch,0,2,1,2,2,2,hard,1,assets|grid_topology,aggregation|group-by|having|join|order-by|topology traversal,87AFED3E653E255AE6804934C4C485C094E4908084EC4299E9D5AA53C57016B7,BF4F0EA342B7028E01793072D85D1178814F555A8FA5378F3192C135BDED2615
Q080,qwen:F11_Compact_WithShape,C003,qwen:F11_Compact_WithShape,candidate_execution_error,0,3,0,3,0,4,hard,1,asset_types|assets|locations|work_orders,filter|join|order-by,072B3BF2E2DD4B6CBC601D07446E9529455D03409003D75FDBBF905E0226EE96,56DC4BFED3DB08B1C0326C1F215763519AAE73E65A2E9B35E688A92A2CB84E6B
Q081,qwen:F11_Compact_WithShape,C003,qwen:F11_Compact_WithShape,wrong_denotation,0,3,3,3,2,1,medium,0,asset_types|assets|locations,filter|join,AB8CB299905617C619BC2373EEB345D6013E3A42CEDF81E842D4CD89CE7CD81B,B5DFF96C6059A8199759F61599CEF41B66796187405AC66FBA00C76616BF4C3E
Q082,qwen:F11_Compact_WithShape,C003,qwen:F11_Compact_WithShape,wrong_denotation,0,3,3,3,0,1,medium,0,asset_types|assets|locations,filter|join,C09AEACC9FA6A19093D596C009A1ED7FC47A049D0F5E0243EB06B893222E1DFA,5907FBC3F9F3722B44678B02D9B02222BE4AA59CFA5D97407A69E90B2B9B2F95
Q083,qwen:F11_Compact_WithShape,C003,qwen:F11_Compact_WithShape,correct,1,3,3,3,1,1,medium,0,asset_types|assets|locations,filter|join,0AF6984DFD93F6BEF0273BF8B9E4C8A99996F057DCF7B1750ACC7C56FF3968A5,7BEBBDB5539972BBDB52996E31053D376CDE31AF40998FEFDA5D143B8A068CB3
Q084,qwen:F11_Compact_WithShape,C003,qwen:F11_Compact_WithShape,wrong_denotation,0,3,3,3,0,1,medium,0,asset_types|assets|locations,filter|join,B30137E02996FA4C8E689E94EF43866CE7B37659C91DC732132E5B6D62486B97,E9B608A9FE56DD4A70F4BFB2BE6A57DFDCD5857163DB2E40DB8790E68C0E983B
Q085,qwen:F11_Compact_WithShape,C003,qwen:F11_Compact_WithShape,correct,1,3,3,3,1,1,medium,0,asset_types|assets|locations,filter|join,4F31DB059E6A00ABC7499CDA5B4B7C18F79C542165A85088099CE60F93C832D4,BE47859E9627B4953A38F609DBC5096697D6F691E646B1F0325383F8AF193E6E
Q086,qwen:F11_Compact_WithShape,C003,qwen:F11_Compact_WithShape,wrong_denotation,0,3,3,3,0,1,medium,0,asset_types|assets|locations,filter|join,8D3B02507C3C300D7B980AB9320050D617AE2D93DDBC7C78C8DC348A2F4D0043,AD8C5AE8369AAD1CD2D29F12FEBEE5833F05100C2BD337D93549AEF9E8DE16FA
Q087,qwen:F11_Compact_WithShape,C003,qwen:F11_Compact_WithShape,wrong_denotation,0,3,3,3,0,1,medium,0,asset_types|assets|locations,filter|join,9BC1E341029576E1336BAE0ED7903772CB663EA825BD32E42F58783622C8C45D,EC610E6CB8DAE78AF9A630AB0327E4D83BF7E869679B118E9B4F3AC80A125542
Q088,qwen:F11_Compact_WithShape,C003,qwen:F11_Compact_WithShape,wrong_denotation,0,3,3,3,2,1,medium,0,asset_types|assets|locations,filter|join,6878474193EAEB5EAD014E30019CE7401F8C4F5D01572E86BE518A987CCAB489,AB06F6AE1D6A86C92475A4CAB67407D223CDEF7E023A33888D45D7474FBEF815
Q089,qwen:F11_Compact_WithShape,C003,qwen:F11_Compact_WithShape,wrong_denotation,0,3,3,3,0,1,medium,0,asset_types|assets|locations,filter|join,88AA69CCF38D17103E0F9E8AF0887908866D1986F85110F12DC88FA18FB8F7EB,78DE4B7992B28BB07F2B0EEA4DB6D9B805E2B672F8AA3AA7A8EC1C15ADF6F8C0
Q090,qwen:F11_Compact_WithShape,C003,qwen:F11_Compact_WithShape,correct,1,3,3,3,1,1,medium,0,asset_types|assets|locations,filter|join,5539530F4EFB87ECBBA5155D8762408F4DDFF3810929EFC4740A9A23022907E9,F2995887A6CDE41BAE098E58C25E5FE4A6FC18517FBDFD424ECDB715AADC1B76
Q091,qwen:F11_Compact_WithShape,C003,qwen:F11_Compact_WithShape,wrong_denotation,0,3,3,3,0,1,medium,0,asset_types|assets|locations,filter|join,092C1E4C288BD51B51DBE23098A5D8E192CD1B0218498513808C0F837CECFFA6,C90ADD655689FCD9911FDA1120AE5F0439C0E554E9CB8C8DF1BF70881774653C
Q092,qwen:F11_Compact_WithShape,C003,qwen:F11_Compact_WithShape,correct,1,3,3,3,1,1,medium,0,asset_types|assets|locations,filter|join,AD6DAC4DDEB1DE4004D651F68C28C0F667DF560A5742447DF902AF756AFC2CDE,8C7606BCDD6CFBA13724611294FE27BA6416EAF37F7B0A9A7BA4CF7F2840E2AE
Q093,qwen:F11_Compact_WithShape,C003,qwen:F11_Compact_WithShape,correct,1,3,3,3,1,1,medium,0,asset_types|assets|locations,filter|join,32AE5049E0876093990B929630DB0E37773378C6B0A8EE92CC0A03EDFAF3BA51,80AA5E635828D15D65DE1C95E333A7C29B831D491A1AAB2C3B4AF00FA7524316
Q094,qwen:F11_Compact_WithShape,C003,qwen:F11_Compact_WithShape,wrong_denotation,0,3,3,3,0,1,medium,0,asset_types|assets|locations,filter|join,0A2EDF83699F1A4E3C947CAD971830147D09429B7F2A162953C22E44F3DA5878,72A4EEC70FE114219C53C3B3BDB8956BAB9A8F048CF56A4EC08DCCDB2F00013F
Q095,qwen:F11_Compact_WithShape,C003,qwen:F11_Compact_WithShape,correct,1,3,3,3,1,1,medium,0,asset_types|assets|locations,filter|join,AE558CB58D3F77AD5CE6C1794B8A72F412BEF72656ECE7C17DA4FDDD323D9E7D,26D884CC511DBF8DCE2BA5F82EB15338F8DF136F43F11EF608B9CB5A0125BFFF
Q096,qwen:F11_Compact_WithShape,C003,qwen:F11_Compact_WithShape,correct,1,3,3,3,1,1,medium,0,asset_types|assets|locations,filter|join,03EBBBA25C93D2F3243ADE93948EF53D2FD0E6A4D900CA4091101378A990D70A,D7A4E1B40F05EE267E53226B4C3B2AD861809C274003AFDB2DC6103556EF15BC
Q097,qwen:F11_Compact_WithShape,C003,qwen:F11_Compact_WithShape,correct,1,3,3,3,1,1,medium,0,asset_types|assets|locations,filter|join,3C6E5ABC626A02ADD5EA842A20973C2E633F2DACE2EEB1B896D01FE14224235B,F5EC9300EA6C17C34C465780B1B3B1AF5C281D823AAE63B38AAEA0943779E901
Q098,qwen:F11_Compact_WithShape,C003,qwen:F11_Compact_WithShape,wrong_denotation,0,3,3,3,0,1,medium,0,asset_types|assets|locations,filter|join,75F2F60644E0C311B542651D040E548F5FFDB49B5F9D1512C88B8ACD7978D49F,2C0C09F5495E655CB3AAE807E7D9ED40B69561C9DE1C4481CA8935F94D119B46
Q099,qwen:F11_Compact_WithShape,C003,qwen:F11_Compact_WithShape,wrong_denotation,0,3,3,3,1,1,medium,1,assets|work_orders,filter|join|order-by,B0CBD2F90F94BDB0A04D0BAEEB639570C76205D248A1A8F08554A7E43EB29290,6BF9EBE685BB1E6B61F9AD8B1B4FC8220894AEFB6A787DA91E08B6766DEB8980
Q100,qwen:F11_Compact_WithShape,C003,qwen:F11_Compact_WithShape,wrong_denotation,0,3,3,3,1,1,medium,1,assets|work_orders,filter|join|order-by,EC2CDBE42C575770DC21B761436E79E379E9BE75C6894907EA2A5E6196AA204D,D71A3F8AB7F6C275DA1810FA42D3F080E31986F00F4D37EEF1710E34D8F02D47
Q101,qwen:F11_Compact_WithShape,C003,qwen:F11_Compact_WithShape,wrong_denotation,0,3,3,3,1,1,medium,1,assets|work_orders,filter|join|order-by,0846F999CAAAE5F6B095D7E637838B5645FF0060320377AECA5EAA4526875323,9E554A31806BDEBEF5515422C23D4B4B54F69A2383A30770E2496EE85235414E
Q102,qwen:F11_Compact_WithShape,C003,qwen:F11_Compact_WithShape,wrong_denotation,0,3,3,3,1,1,medium,1,assets|work_orders,filter|join|order-by,436B0EFEACCD3E90AC581366A49683AFB8156EF26CFB2C30AB8B50FDDAFD1921,B91FC88F8737230FD282F58A0C69BC42A1DE8D99665299EF53B09E57C7512DE1
Q103,qwen:F11_Compact_WithShape,C003,qwen:F11_Compact_WithShape,wrong_denotation,0,3,3,3,1,1,medium,1,assets|work_orders,filter|join|order-by,0587C7C87DC799603F81405845EB99DEF938FB774D5FE621E3D5A71A0AFE0C91,C386265AAB4973D3DC9FBC7633211E0BC9312C72B649097932B1819450C922BC
Q104,qwen:F11_Compact_WithShape,C003,qwen:F11_Compact_WithShape,correct,1,3,3,3,0,0,medium,1,assets|work_orders,filter|join|order-by,ACD53D12AD1ED79B8BE254B65C3D01DE19D11723AB04BF2AD2B6DBCE68390DB4,41AF7A63B404C8F1F460E26A3EAC59A9A25A503835E2A473A9C172D2FF945282
Q105,qwen:F11_Compact_WithShape,C003,qwen:F11_Compact_WithShape,wrong_denotation,0,3,3,3,1,1,medium,1,assets|work_orders,filter|join|order-by,D1F6F5009954E44723B1D7B1E20EE873C7D3230A0C2D7AC64E5D8C8308D762EA,9A87A0113FB5B583C3E278A16AB9681F3380F6F743363449CD2E9606D64555CB
Q106,qwen:F11_Compact_WithShape,C003,qwen:F11_Compact_WithShape,wrong_denotation,0,3,3,3,1,1,medium,1,assets|work_orders,filter|join|order-by,2115BF09EA2749A105D3EC372379C5EC01796D1398CF4840BABB05BA963F240A,ABC385CDC88056C5B240CBB1CBF71D84FA00AAF5F2D1A0016012A05C9FE63AA9
Q107,qwen:F11_Compact_WithShape,C003,qwen:F11_Compact_WithShape,correct,1,3,3,3,0,0,medium,1,assets|work_orders,filter|join|order-by,AA40A0ACBCD71B34B4E863944D7D51EDB7127808AC1E1AF010336A50F5EC9E6F,92CD6A92EA310D3EF3D24DF6FD0EF1DB23D6F439F5C40EBD548AD297CC29C55D
Q108,qwen:F11_Compact_WithShape,C003,qwen:F11_Compact_WithShape,wrong_denotation,0,3,3,3,1,1,medium,1,assets|work_orders,filter|join|order-by,EA1E7DD6A5AB2A38FDC830B42C8FEFA92EE5082BCF518896EB8F847E1F9CD285,CB6B1F12686B8F23DE9AB1A591B17B55257DC5B84CF97EDC158E742AB5593C4D
Q109,qwen:F11_Compact_WithShape,C003,qwen:F11_Compact_WithShape,wrong_denotation,0,3,3,3,1,1,medium,1,assets|work_orders,filter|join|order-by,54DB4413F0DE56C41732F1E4E719C44880C9EE62C2F048E433F73D48152B6677,CA891F2337BC1FABC1EDA04BF4318D3BD5F81EE4556115D682E97ABE45439A62
Q110,qwen:F11_Compact_WithShape,C003,qwen:F11_Compact_WithShape,correct,1,3,3,3,0,0,medium,1,assets|work_orders,filter|join|order-by,B49936D4C1B5A6C2564D21E3438D920806629E6E992DE4FB72D446F7CCEBB6F3,1F87F45858C889D3425AFBDDCDEB10D5915FBFF7D93B3E5A204717DC800E1499
Q111,qwen:F11_Compact_WithShape,C003,qwen:F11_Compact_WithShape,wrong_denotation,0,3,3,3,1,1,medium,1,assets|work_orders,filter|join|order-by,FFC6732451219635775EC9C11322CF9E96372367BE2021EF095498DA3AE98971,82F9129BF81A30B5E70DD063E12B3D72E1EF7A64810C18CFF2A4489065CD6614
Q112,qwen:F11_Compact_WithShape,C003,qwen:F11_Compact_WithShape,wrong_denotation,0,3,3,3,1,1,medium,1,assets|work_orders,filter|join|order-by,2AEB3AEFB580284DCB9C214B8F08D0F7BE1FAF7D977394394CECCBF150DC5715,A8224D1F700D864B9A1A7ED63F945DEFD172078F0DC7A07137B6AA3A15658BA4
Q113,qwen:F11_Compact_WithShape,C003,qwen:F11_Compact_WithShape,wrong_denotation,0,3,3,3,1,1,medium,1,assets|work_orders,filter|join|order-by,D0D567DADE8B43904856274472EEE1277B10A4A6371E80E2B568E5846821E7D3,BCF472BEA807A36A0A6146014EB6B342D54472212ADC8E37F45C09ED82DF1DB0
Q114,qwen:F11_Compact_WithShape,C003,qwen:F11_Compact_WithShape,wrong_denotation,0,3,3,3,1,1,medium,1,assets|work_orders,filter|join|order-by,8F5898391C36AE961C5EE2EBF6F8A320BAD30068F519F3D208740AB41EADF068,E97FEB511A72F5242C5B426C15B5B68C0AC52AB5CFAA307E2F2BE34D1DCF1583
Q115,qwen:F11_Compact_WithShape,C003,qwen:F11_Compact_WithShape,wrong_denotation,0,3,3,3,1,1,medium,1,assets|work_orders,filter|join|order-by,26B46320732E02AFC476E790EC5BBB852AE3176A57A53E38D6379A973E72FBB5,9FEDD4D8A154A5979AB6353D353EF5729594B3018ECE5AEB20824FCC6C1D9A94
Q116,qwen:F11_Compact_WithShape,C003,qwen:F11_Compact_WithShape,wrong_denotation,0,3,3,3,1,1,medium,1,assets|work_orders,filter|join|order-by,D7FC701DD1DB713070435CB57245B7DCD02612D31A0DBBADF28ACC997A9B31A4,9C493A195F29C0AB271B65A6DE85273D13DFE693DC84B3DF1755BBEC92C8150C
Q117,qwen:F11_Compact_WithShape,C003,qwen:F11_Compact_WithShape,correct,1,4,4,4,1,1,medium,1,assets|sensor_readings,filter|float|join|order-by|time predicate|top-k,371996ADB8316FFC106484AB14FDEE958E525A2799BAA23E81C0E7723F4F0EA8,ADDB11C32923185E4B1B5D4FAF244BB15F14A267EB51F4A4E1042B99C6CFAC41
Q118,qwen:F11_Compact_WithShape,C003,qwen:F11_Compact_WithShape,correct,1,4,4,4,1,1,medium,1,assets|sensor_readings,filter|float|join|order-by|time predicate|top-k,44AA2B0F4B1612A4250F06EF45E32122A262D03A005CCA2694D1974FACFB68F3,6C2CE94927FE1ED8110277B2991EB547D2F0DED199533691FF05F7A8AF570602
Q119,qwen:F11_Compact_WithShape,C003,qwen:F11_Compact_WithShape,correct,1,4,4,4,1,1,medium,1,assets|sensor_readings,filter|float|join|order-by|time predicate|top-k,51B943CFD47883175AA4C3A276B86F4121845467E8704CEA64BBFF6DBFA18277,235D55B60C02355C29746D04A7A4CD7F52DF41E442EE169FCD3F3A03CD004476
Q120,qwen:F11_Compact_WithShape,C003,qwen:F11_Compact_WithShape,correct,1,4,4,4,1,1,medium,1,assets|sensor_readings,filter|float|join|order-by|time predicate|top-k,4A7CBCD172ACC98E3F3776A20DA6A3894D3F1D3FD55443111F7B95804B1B3FA6,C538A82A512A0972EFCFEF46D832F24EDA184A51136A4E6375FC335EB27B5DE9
Q121,qwen:F11_Compact_WithShape,C003,qwen:F11_Compact_WithShape,correct,1,4,4,4,1,1,medium,1,assets|sensor_readings,filter|float|join|order-by|time predicate|top-k,6FDE5CABB1D95A6BCAC7A1C7B01314E437AA41025CB9AC9F53733C184C11DEBE,38D2BE7FBE3C6C649A1B5FA80ACBEEF334758BA2C540752007AC4561E174B1BD
Q122,qwen:F11_Compact_WithShape,C003,qwen:F11_Compact_WithShape,correct,1,4,4,4,1,1,medium,1,assets|sensor_readings,filter|float|join|order-by|time predicate|top-k,E3AA7D71D49311E65537C7C2D827460B4632F0F2E180E3BCEDB76D94B481D6FB,F39EF13DC8ABDEE58F9EB1B202C277013B7B800B148381AF26EA6775491ECF7E
Q123,qwen:F11_Compact_WithShape,C003,qwen:F11_Compact_WithShape,correct,1,4,4,4,1,1,medium,1,assets|sensor_readings,filter|float|join|order-by|time predicate|top-k,47263BD7E90E53DF12BDF0221DE277D12E46AAF827073E85876A001ADC03B58C,1BC2E46D210D620AAF5C84F771E1E5581E2642CE844524674C2B2F589DC9FAB2
Q124,qwen:F11_Compact_WithShape,C003,qwen:F11_Compact_WithShape,correct,1,4,4,4,1,1,medium,1,assets|sensor_readings,filter|float|join|order-by|time predicate|top-k,453350A38CEB1BE81AF06DBB9399958B5C9D8E6BD1B0BD9AFBFAAB884E90B9DC,A290DB31E66C08B49FC8C381F2F60A0BD658ACBB2AEA91A4A5C96575AE60160C
Q125,qwen:F11_Compact_WithShape,C003,qwen:F11_Compact_WithShape,correct,1,4,4,4,1,1,medium,1,assets|sensor_readings,filter|float|join|order-by|time predicate|top-k,23F3C344866F2C6F102F3EDF9022E3885A24410C6C55C697C7C78244D3FFF719,7992EEE72D9FD9518655D7883286F6CB288BED666AD4716BE67643D7CDF04F5C
Q126,qwen:F11_Compact_WithShape,C003,qwen:F11_Compact_WithShape,correct,1,4,4,4,1,1,medium,1,assets|sensor_readings,filter|float|join|order-by|time predicate|top-k,F0C649DB5950ACBA90246D0AE9D54ED51BF88DAA104564FE17059AFE25A9CE3A,51DCC1CF59797FDB8D524E21A8085A4B1C32D7753B2428EB1AB377F9CD3DC134
Q127,qwen:F11_Compact_WithShape,C003,qwen:F11_Compact_WithShape,correct,1,4,4,4,1,1,medium,1,assets|sensor_readings,filter|float|join|order-by|time predicate|top-k,4F9C9EADBC3010B65A978953E4F45654B362D183ACEA1F5FA9720A57B78EEB6D,A117A0E5D5CA594A8D37A55430C71E3AD7C33D86B2891BF2E96A4297744253E1
Q128,qwen:F11_Compact_WithShape,C003,qwen:F11_Compact_WithShape,correct,1,4,4,4,1,1,medium,1,assets|sensor_readings,filter|float|join|order-by|time predicate|top-k,3671B1268601604908DB209E388249530A74BFC845743673CA0767F75FDC322F,BB81A8F11DA0187DA28E4D6AD68735970ACB5A2AFC07414BD2427DB0A369C598
Q129,qwen:F11_Compact_WithShape,C003,qwen:F11_Compact_WithShape,correct,1,4,4,4,1,1,medium,1,assets|sensor_readings,filter|float|join|order-by|time predicate|top-k,F101BDAF9D232C506C0A1A61BE37608A008E830AC892A2B0B7C3CAFBF4220391,8CA57CC09F45306A7B17C7CF6513E8374167574D8555012E6AE7FF89181B04E5
Q130,qwen:F11_Compact_WithShape,C003,qwen:F11_Compact_WithShape,correct,1,4,4,4,1,1,medium,1,assets|sensor_readings,filter|float|join|order-by|time predicate|top-k,18B39FCD55ACD8368D2A9D0FA9D9A00F595DB163D853BFD5758C12A6D89D4AC4,66009698E99F05D64B9A5E5BE82CA02620C032CF817352FD25624D9FA0493B18
Q131,qwen:F11_Compact_WithShape,C003,qwen:F11_Compact_WithShape,correct,1,1,1,1,1,1,easy,0,assets|locations,aggregation|filter|join,61D9234CC051CA912C61CEBC1511FEF4D034CEE7101DF37545351D420345553F,926DAC82557721913B5B755DEF4E6D7902333789F9AFF24165E7D060F583B4D1
Q132,qwen:F11_Compact_WithShape,C003,qwen:F11_Compact_WithShape,correct,1,1,1,1,1,1,easy,0,assets|locations,aggregation|filter|join,76EF770A601EEC51C145FE160968803B384A4C45109E327F353ADBAC15A23A30,87F227DF6F9A9C2278171B0FA86333BBFED04EF17B9C027C1C384F7A5604A920
Q133,qwen:F11_Compact_WithShape,C003,qwen:F11_Compact_WithShape,correct,1,1,1,1,1,1,easy,0,assets|locations,aggregation|filter|join,9687B9E81C61416431FB2FA15DF7B5BC0627A1416B44D700AC5725EFBC53AC7A,82FFD9A8D5E5FC223E7AF549EE3F28D5BB90775E46E60BED0EB7EC4181944C36
Q134,qwen:F11_Compact_WithShape,C003,qwen:F11_Compact_WithShape,correct,1,1,1,1,1,1,easy,0,assets|locations,aggregation|filter|join,3F65A220E1B6F51998137169E06DCEC2599CE54526F4C780E18921BCA0F99886,5868892DB40C5387F6F38780322F8B7726F2AC0E3807C27476D38BCC6BEA2C96
Q135,qwen:F11_Compact_WithShape,C003,qwen:F11_Compact_WithShape,correct,1,1,1,1,1,1,easy,0,assets|locations,aggregation|filter|join,F91A0D42852379D54ECCFA66F8C37C73DCB428B3C519E4F2AFAA44611745A7A2,B6590CBD8A77D19F0637FC55A4B7B4C4D010F580907B133F89B6908F4387E40E
Q136,qwen:F11_Compact_WithShape,C003,qwen:F11_Compact_WithShape,correct,1,1,1,1,1,1,easy,0,assets|locations,aggregation|filter|join,7A7110332A0D383F183D77AF108DAB702EB602683C638AED31F500898DE67165,FD0D4C193FFA8524DA8C0A9C846DBCC039FA29FDB7034474E85704812AA3FF03
Q137,qwen:F11_Compact_WithShape,C003,qwen:F11_Compact_WithShape,correct,1,1,1,1,1,1,easy,0,assets|locations,aggregation|filter|join,CB0562E4D1BD4E63710D994C073A3865B38534DDF1FD1EFDD5239461DE47C5F4,C510A4F480C890919D61542527C4484503C79E7F886440DD697CBB05C07933CE
Q138,qwen:F11_Compact_WithShape,C003,qwen:F11_Compact_WithShape,correct,1,1,1,1,1,1,easy,0,assets|locations,aggregation|filter|join,8C9FC32E7316C8615A57256D655D8D7726465351DBA98B24E611A20CE38B7BEE,E4232AC36C8531B610F07F35323BE6D3CE210DCA9100C1F2AA5B079F951DEE7B
Q139,qwen:F11_Compact_WithShape,C003,qwen:F11_Compact_WithShape,correct,1,3,3,3,5,5,medium,1,assets|sensor_readings,filter|float|join|order-by,083BB0BFB79F37ADE0E4C69E3D82B9D18DA419D6AA9230573A32611AC3659760,CBD1D3E389EDFEB07D635046BF87B3AC06B895497ABBA66F9042635E26DB3898
Q140,qwen:F11_Compact_WithShape,C003,qwen:F11_Compact_WithShape,correct,1,3,3,3,0,0,medium,1,assets|sensor_readings,filter|float|join|order-by,C60EBEF0B68FB88A966E02E96D753A92874276DAF9BC229A74EB161215D5AB0A,E7AFD864A4AA0E3CAC06A707B65998B52154E8B0F3A5C20981AFEEF477184D24
Q141,qwen:F11_Compact_WithShape,C003,qwen:F11_Compact_WithShape,correct,1,3,3,3,4,4,medium,1,assets|sensor_readings,filter|float|join|order-by,36BA14318C25DBB09DFAD124113339718B9677F2EAEF10D062A0761FAF0976D7,1685D70047643A73A4164ABDE6309B16C601C2977B18934007C18EECDF897710
Q142,qwen:F11_Compact_WithShape,C003,qwen:F11_Compact_WithShape,correct,1,3,3,3,1,1,medium,1,assets|sensor_readings,filter|float|join|order-by,89D8568C6B027B4804D26EF8E29B956BC963450792E9EC5F7CA749289826F980,405A64E16DDAA9687274876C39A48D52B4A8981C6F921FC1CAB143A62FE0426F
Q143,qwen:F11_Compact_WithShape,C003,qwen:F11_Compact_WithShape,correct,1,1,1,1,1,1,easy,0,work_orders,aggregation|filter,3C4F651845C93619B00E894FCDE97841ECB78D929A361F847627F39C1D979BB6,75DB2BB201FC12F0B95501B54A5C07CBFD34967343A841E33BD482D1589E95EC
Q144,qwen:F11_Compact_WithShape,C003,qwen:F11_Compact_WithShape,correct,1,1,1,1,1,1,easy,0,work_orders,aggregation|filter,0FA5BDB9FEA64F94D4703BF9E6EFFF60F8ECF5C2D8AC20E15A6766DF65C1280D,9F8B6C3EB40E1299F3897C588A9B22C155B5A8897050055BD39A5ADC5E8032C1
Q145,qwen:F11_Compact_WithShape,C003,qwen:F11_Compact_WithShape,correct,1,1,1,1,1,1,easy,0,work_orders,aggregation|filter,14B89DCDF5DBDF69FF06F5F9E16772F1A7B121998E1606A24B1BFDDCA01788B3,390831F1EC845FD04FB6ED5180DEF1CD8E9AE34C33AF169FA6EBB1A570445133
Q146,qwen:F11_Compact_WithShape,C003,qwen:F11_Compact_WithShape,correct,1,1,1,1,1,1,easy,0,work_orders,aggregation|filter,E73E10E8282B8C6B34680051CA2C9924F9C0E93AA2FBFD875923BDEB472D3C3B,61E87A91BF90AB9EADE434A189C56C88D06CAD7FDA382159B09FE7AF41EC44C6
Q147,qwen:F11_Compact_WithShape,C003,qwen:F11_Compact_WithShape,correct,1,1,1,1,1,1,easy,0,work_orders,aggregation|filter,4A09463D9486D00C68693F7C0F0AF59459E8A9FBE181CC59CB2D846D3B00B9CD,D02E0B94F1FAFED7347DC9D315E1493221E0DCE9A51FCF196D18A09C6418EAD8
Q148,qwen:F11_Compact_WithShape,C003,qwen:F11_Compact_WithShape,correct,1,1,1,1,1,1,easy,0,work_orders,aggregation|filter,CDB9CE1FC96A875C6715D0B0770F8639F300635064AE8BB47A14D43E89199F59,8F37A6BBC57A9825403293988A515C47DA291EED8AADE2FCAF6A6FA4998FAD9C
Q149,qwen:F11_Compact_WithShape,C003,qwen:F11_Compact_WithShape,correct,1,1,1,1,1,1,easy,0,work_orders,aggregation|filter,C15AAB416DBE8E95D9FD9F478B2F69C4C7E3D39C9060C42D1FD747B7C2124427,F43EC400DA2637333871AA585B3216D15ABF981E6DC60573E2ECE02411DC990E
Q150,qwen:F11_Compact_WithShape,C003,qwen:F11_Compact_WithShape,correct,1,1,1,1,1,1,easy,0,work_orders,aggregation|filter,9D947FC35B61A0F2E3EA6B433D97E0E5C03521EE1FB49EE648CA5FD5DDDB7CCC,A16707C49CBCAB649D990DD702407BC2DE34480945F2A11209859729D2A023CA
Q151,qwen:F11_Compact_WithShape,C003,qwen:F11_Compact_WithShape,correct,1,1,1,1,1,1,easy,0,work_orders,aggregation|filter,7F9489F9D2CAF402EF4D3AAD3CCD7BBB23A4D0D49DA769C9851EBFF05CE0794A,126170C47D2E3CA0EDC2B42E5ADF7D6C5157F26609EF764DB5967463075273BB
Q152,qwen:F11_Compact_WithShape,C003,qwen:F11_Compact_WithShape,correct,1,1,1,1,1,1,easy,0,work_orders,aggregation|filter,BF74327386B4F5BF9D78008D739EE979511082DFD657DAF59CF9BF2C96745F64,A06525F506CC29B994A1BFC5C4AECB3487B191266155C52478ED43FE3D6DE29D
Q153,qwen:F11_Compact_WithShape,C003,qwen:F11_Compact_WithShape,correct,1,1,1,1,1,1,easy,0,work_orders,aggregation|filter,15CC25CEE0E87EC6A6B89E4314BF30F19B6F74198D4FD17A366968B4A0024389,A83E9A730A6AACC9B9088F9771B13AE621E1A63421E10E4E21794BC6AD71F579
Q154,qwen:F11_Compact_WithShape,C003,qwen:F11_Compact_WithShape,correct,1,1,1,1,1,1,easy,0,work_orders,aggregation|filter,EC1F76CBAC83B49DEDAB06BC020E2C9A55FD415BAB3B77B9FA2037CA66389324,2A59F0DEFDEC674D7BDEC673A9496EE1EB5145624AE7E7C0BE4AC94C13945CC9
Q155,qwen:F11_Compact_WithShape,C003,qwen:F11_Compact_WithShape,wrong_denotation,0,3,3,3,3,3,medium,1,technicians|work_orders,filter|join|order-by|time predicate,92E1CEC13001C03F1670F9C9ED3B9D1A2BB02A5F51993ABCBBFC703850F2B072,062CE20811406347D151CA4E22DBA322D05D1B3825E324112DB9CE764FDA29C3
Q156,qwen:F11_Compact_WithShape,C003,qwen:F11_Compact_WithShape,wrong_denotation,0,3,3,3,3,3,medium,1,technicians|work_orders,filter|join|order-by|time predicate,ED810815F4D82D74AFF189589F84B11642D530FA6ECDE70883D2CBC664E85B3C,6DCF0711BBC668B378E362161CE11344D5B35053FB035999AE360B3E1F2231C4
Q157,qwen:F11_Compact_WithShape,C003,qwen:F11_Compact_WithShape,wrong_denotation,0,3,3,3,2,2,medium,1,technicians|work_orders,filter|join|order-by|time predicate,471EFDA2BE6B0F00EC9F0AA17953DD06E11ED1FD795024BA5811B7D03E36B012,FB6D8E9E5CA84C5904616D21D33DC95BB0A110D2A95408404D409B67616B3823
Q158,qwen:F11_Compact_WithShape,C003,qwen:F11_Compact_WithShape,correct,1,3,3,3,2,2,medium,1,technicians|work_orders,filter|join|order-by|time predicate,6E22F5AA297CEA0B58C45A052F5529FAD37A6E9E03BB4DE6DAE20B8A0356502F,6B05DC20B411F54AAA4035EE49263BDEE0BEECBBD589739B735C27A8DCC4248F
Q159,qwen:F11_Compact_WithShape,C003,qwen:F11_Compact_WithShape,wrong_denotation,0,3,3,3,2,2,medium,1,technicians|work_orders,filter|join|order-by|time predicate,BFE4CAD414A774DA9B3DC0D17D8B6742F77A25EAAFA060182EEC6152E23DA78C,7109EB7A63ACB3C165C8BB10379E0A025AE31BFF7200F2153763B20B858CFEE4
Q160,qwen:F11_Compact_WithShape,C003,qwen:F11_Compact_WithShape,correct,1,3,3,3,1,1,medium,1,technicians|work_orders,filter|join|order-by|time predicate,75A5D578F9E9F80D7AF05A9BA5518ACCA34F8CC1B9D2E485771DA8E22EA98DFB,247F64B9CC969BE0FF0892AF528AE7AFE444EAFFD19D28346A343A540BB0C620
Q161,qwen:F11_Compact_WithShape,C003,qwen:F11_Compact_WithShape,correct,1,3,3,3,1,1,medium,1,technicians|work_orders,filter|join|order-by|time predicate,53950C7A36D401D3C2645B432BFD19A81D0E42CC887592DA536BE6BA7CAADEA3,920742F6A541EF4F368A8CF8A4E81F81E561FCF34A80C168B5320E37DE422F27
Q162,qwen:F11_Compact_WithShape,C003,qwen:F11_Compact_WithShape,correct,1,3,3,3,1,1,medium,1,technicians|work_orders,filter|join|order-by|time predicate,1F18264C1CAE096AFF63C0EE370C74CE2556790DD474422B24036837CF8BDC5F,34F60EDE10AD27A162D4476A2999FB624150CD870349CF1DB8ADF95733ADB63C
Q163,qwen:F11_Compact_WithShape,C003,qwen:F11_Compact_WithShape,wrong_denotation,0,4,4,4,2,2,hard,1,assets|grid_topology,filter|order-by|self-join|topology traversal,DD99D4A95F701EFECFC155F52566605C8B955A941C7ABAFB8F097B8697BB2FDB,25E50AD78502AE74A88196E85FC5B04BB17EBF7C044A0F4DDB8BE7EFC41A7544
Q164,qwen:F11_Compact_WithShape,C003,qwen:F11_Compact_WithShape,wrong_denotation,0,4,4,4,1,1,hard,1,assets|grid_topology,filter|order-by|self-join|topology traversal,E69C8290F87EF2B231BBC4D36268A48AC3C6F0ADEA4123C2BFC1E3E1D3B1AAEC,24343308951D9A4AD15EA16AED4C1111DEA20F71C709560A1A63C993D7856E40
Q165,qwen:F11_Compact_WithShape,C003,qwen:F11_Compact_WithShape,wrong_denotation,0,4,4,4,2,2,hard,1,assets|grid_topology,filter|order-by|self-join|topology traversal,14BA4B08859468C880881969982B2D3761002DDA45C27439B81DD1D8A0CB13D7,1AA1604E51FB7FBACDC0F9CD0C147F0969E26C045A6582B8B193F8626030BEDB
Q166,qwen:F11_Compact_WithShape,C003,qwen:F11_Compact_WithShape,wrong_denotation,0,4,4,4,1,1,hard,1,assets|grid_topology,filter|order-by|self-join|topology traversal,547E947ED0D17E55CC57F73677E6FB926EAC2D3699A068BCD9A4AA504E56D8C3,78C08665536FD82F0BB63C2D88909519E4E43FC25ED33C6E46137CF02AC686B0
Q167,qwen:F11_Compact_WithShape,C003,qwen:F11_Compact_WithShape,wrong_denotation,0,4,4,4,1,1,hard,1,assets|grid_topology,filter|order-by|self-join|topology traversal,D4390D0765985A869E1FE93CC8BE992661B65BE0DB6BFF0304BC76C13E2534AE,1E4FC9DD39EF57631E9B8DE55D11073E1ED623CEFE82A9BFCD07854B13A499A5
Q168,qwen:F11_Compact_WithShape,C003,qwen:F11_Compact_WithShape,wrong_denotation,0,4,4,4,1,1,hard,1,assets|grid_topology,filter|order-by|self-join|topology traversal,FCE379215AEE21959E95D4F00071516F9EA8547C910EDDA9DDCC2ACD06986323,23548329609A5AAB25EA63FAC74151F5E12AB062172F1F2941A475D547C8229A
Q169,qwen:F11_Compact_WithShape,C003,qwen:F11_Compact_WithShape,wrong_denotation,0,4,4,4,1,1,hard,1,assets|grid_topology,filter|order-by|self-join|topology traversal,6F4B2A652EB6E5BD8D13155060259D086F7E79E34F45915F2775124DFB0FD613,CD7DEE4A8CD4D34D8182656ED8B8B804E2FB847D9A87EBB4DE189B88CCFA95F2
Q170,qwen:F11_Compact_WithShape,C003,qwen:F11_Compact_WithShape,correct,1,4,4,4,3,3,easy,1,work_orders,filter|order-by,1F09B0791D7C60793D8568CE90D2EB3B15F33D66F54D5761739ACE34431694CE,9B7C311EEAB47AA56F563E23732784E6F465A71E4F47F0BE48002F605883C7D4
Q171,qwen:F11_Compact_WithShape,C003,qwen:F11_Compact_WithShape,correct,1,4,4,4,2,2,easy,1,work_orders,filter|order-by,144798378E28F0A7830D68C648BC284D1374B3E4867AFEFAD18D81E0E2F712B0,844EDC49F7A38982CF8AD0B041D6DC6D095877F633AF52344098008FC3A4C348
Q172,qwen:F11_Compact_WithShape,C003,qwen:F11_Compact_WithShape,correct,1,4,4,4,1,1,easy,1,work_orders,filter|order-by,01485EF0B8CAED45AD9D396D021C2682D55B534D2EA2A83B913EA92D928A6ABC,4D4E7AA98D6EC5812C22119C7899C87B69FC97F7A572C809C4BEC64D0C7265AD
Q173,qwen:F11_Compact_WithShape,C003,qwen:F11_Compact_WithShape,correct,1,4,4,4,2,2,easy,1,work_orders,filter|order-by,5EA2DCCEA29EB1C19C8A47F59CDF9CB27DA27E92032D41CCB1E999E6C9F90AF8,CB010710A9965B256BD2BDAA71AF8B3CA3EBF649A754731CCB1CE356AD6C0908
Q174,qwen:F11_Compact_WithShape,C003,qwen:F11_Compact_WithShape,correct,1,4,4,4,2,2,easy,1,work_orders,filter|order-by,EA54FB8DE9F32CCCC8F9DFB80ED1C18565AAC4ABB18F905040E9F8A9D6A09465,23308ACB2435B92AF81B85E120A177C950FE3E25BC5714691826DB364C70788D
Q175,qwen:F11_Compact_WithShape,C003,qwen:F11_Compact_WithShape,correct,1,4,4,4,1,1,easy,1,work_orders,filter|order-by,9D3820231B29F99C0CFE69208F0A30AA2B859C04B4070F825F7A278FCC1EF59D,6D6450176EC9584C7E4A6FAD27AE50AFF27DA6820B61256BCBDCF1C25147B608
Q176,qwen:F11_Compact_WithShape,C003,qwen:F11_Compact_WithShape,correct,1,4,4,4,2,2,easy,1,work_orders,filter|order-by,3FF991C1CC61E28AE6BC5492C821698816AD5BF0B67D2A0DB2BCB09B9114F7FF,5BF700F629F5C03DD89F4DFE573E51E3842E624C2EFB6E70AF7C046B49D57A4B
Q177,qwen:F11_Compact_WithShape,C003,qwen:F11_Compact_WithShape,correct,1,4,4,4,1,1,easy,1,work_orders,filter|order-by,17B0C21E3C832E9ED133D271B4C81CB0020DF2285371F42EF9ED67EBB809744B,79BFDB10B9BB031FD2889DFCA3C94F7332770252CC15465B3D37207F9AAD157D
Q178,qwen:F11_Compact_WithShape,C003,qwen:F11_Compact_WithShape,correct,1,4,4,4,1,1,easy,1,work_orders,filter|order-by,860E1BEEDF9B9DD26422DF5545F13124A39290B200257D7BD5319E1520005453,CE5977974313A0E798D09744F8FE4FEAA958C0F2287C43B4CC8B69292DC6101B
Q179,qwen:F11_Compact_WithShape,C003,qwen:F11_Compact_WithShape,correct,1,1,1,1,1,1,easy,0,locations,aggregation|filter,07FDE7DFCE282C7DD76FD216F7224153B4888103A0BF28140E3493C57D479621,F0ED8EA714C8C0B275180E9FE64FAC0C47F5D8F5AF0C098B34C57957C468FF55
Q180,qwen:F11_Compact_WithShape,C003,qwen:F11_Compact_WithShape,correct,1,1,1,1,1,1,easy,0,locations,aggregation|filter,5A394330D9F144270651F8093D0BC1B322AD6D39CF5A55D6C4E0FE670814DA0F,A81C2E54E08F172544EB63242B016F9D2C4E951F10D2F903E3A18C7549C9D289
Q181,qwen:F11_Compact_WithShape,C003,qwen:F11_Compact_WithShape,correct,1,1,1,1,1,1,easy,0,locations,aggregation|filter,01ACBEF0207DD6956E72F4FC0AE28AB023167AC894F47A5D742DA532DD81BB5D,D30540D8BBE3F71B6F9F61D1E657B286E4509F85FD7DF16F841DEA90F15893BA
Q182,qwen:F11_Compact_WithShape,C003,qwen:F11_Compact_WithShape,correct,1,1,1,1,1,1,easy,0,locations,aggregation|filter,8FA7FD810865FAE90100F409F02E539A0B541505A5E080037179EACEC76988F3,48DC7CD04363C88A1964AFD28EBDDD1B5277C2D47D156F41A2593149CACB335C
Q183,qwen:F11_Compact_WithShape,C003,qwen:F11_Compact_WithShape,correct,1,1,1,1,1,1,easy,0,locations,aggregation|filter,35D6AB8747F5A94ED1395E6FBD12F6C850D13831061BF2A39F960EFA48000687,02CA04C452E0647DCB9DF1AC775A4E0BC5FD95B31FC68274B197A8AFD56F3F65
Q184,qwen:F11_Compact_WithShape,C003,qwen:F11_Compact_WithShape,correct,1,1,1,1,1,1,easy,0,locations,aggregation|filter,78C5FF326D8AF488BBCD3CCDE73A2C425AA3FF4B8040505C82AC798283D09C50,22E8D870E63990E136AF70B49847EE94BBA6FED442B882BC29FB0E74533E1530
Q185,qwen:F11_Compact_WithShape,C003,qwen:F11_Compact_WithShape,correct,1,1,1,1,1,1,easy,0,locations,aggregation|filter,D5ADB431FC773FE65F0997430990AC3D2BDA0A6830402623F099BC587088F810,007653CD612C66C0D918F9E160FE50EFB94CC966CE71B3FB2A4B392A146A8BF1
Q186,qwen:F11_Compact_WithShape,C003,qwen:F11_Compact_WithShape,correct,1,1,1,1,1,1,easy,0,locations,aggregation|filter,A5E2963C1E9EFE3046DC41FC9CBC801B59C14BF4B7FD06B915B383C5384E2CEC,98115A9FDA686A9542013FAC0F706BE730B9F4C123DBEAF5F90A8214FD97CC09
Q187,qwen:F11_Compact_WithShape,C003,qwen:F11_Compact_WithShape,correct,1,1,1,1,1,1,easy,0,locations,aggregation|filter,A30A8ED7B2182EEB857228B1455AB37DD0B5E764708DC69953019BD555E554A4,9374C143E83E0B3E14D14B3A4E5233D9306CD3306CEEB84147F1198AF7A1976C
Q188,qwen:F11_Compact_WithShape,C003,qwen:F11_Compact_WithShape,correct,1,1,1,1,1,1,easy,0,locations,aggregation|filter,AE4077536BC2DABE87638BE6DE59E3E204926381B9D9EE1031DA2EE3C0D1F927,AAB780DCBD5F0DF417C342643DC86D142939AF166FF7722A1B3FB85C98A7F7B7
Q189,qwen:F11_Compact_WithShape,C003,qwen:F11_Compact_WithShape,correct,1,1,1,1,1,1,easy,0,locations,aggregation|filter,131A7E521B5B9B72394BBE0ED0467ECEBBA7111466B1C7E3C860404612EA0C6A,D98E61AC2461FE884779A2E33AECB2CB6135A4C8FB7F1BFCFCDF4DC5D9D20A63
Q190,qwen:F11_Compact_WithShape,C003,qwen:F11_Compact_WithShape,correct,1,1,1,1,1,1,easy,0,locations,aggregation|filter,7A010A256F4D6C0042F1EA15672FB24F9926C20519910C7D6FBC50BB3A5C5818,EFD24C88124419AB6CFA9A484FEC049649216A426B7E851C7538E888E304BEE6
Q191,qwen:F11_Compact_WithShape,C003,qwen:F11_Compact_WithShape,correct,1,1,1,1,1,1,easy,0,locations,aggregation|filter,D2FEB923BD867FA6782EB7AF6B83DD72581D3EAFD10E2C2F192C3D64A4C27581,6C2A0BA4FA1FE1628C3F46CD680122170923AC74A025001C2472497F11C68272
Q192,qwen:F11_Compact_WithShape,C003,qwen:F11_Compact_WithShape,correct,1,1,1,1,1,1,easy,0,locations,aggregation|filter,2981C9D539D09C741502EE1E3C9A501E7205E586754D4FCE6CBCFD8982F89998,C364D4375957255449638F890940C6CDE4EA6BF3B7A4BCB04865B28AFD6DF22B
Q193,qwen:F11_Compact_WithShape,C003,qwen:F11_Compact_WithShape,correct,1,1,1,1,1,1,easy,0,locations,aggregation|filter,800BB68F5CFB8E96251459ACA887DCD33906C8B8AD6C319D6021FFDA76A0CAE0,38B2E194AC2954E898AB8FCDF984D782966CD14D9DA136FF01B7B47088244BA6
Q194,qwen:F11_Compact_WithShape,C003,qwen:F11_Compact_WithShape,correct,1,1,1,1,1,1,medium,0,asset_types|assets,aggregation|filter|float|join,B92C61E4327264A50384777775C8354A4AE6BC571EA82A60F9C148D8B45568BC,6BB25D93830DFB3D0C3CD2BF041F9E80922B66BB6DA70F723325F5241D3924B0
Q195,qwen:F11_Compact_WithShape,C003,qwen:F11_Compact_WithShape,correct,1,1,1,1,1,1,medium,0,asset_types|assets,aggregation|filter|float|join,B5C0138120931E151421428B6BB36469F61C98AED92451C2E5DC6CB244333BC1,63AD961D29BC7CDD5C8867E491EB6D094E9D2BFB142D594AB3A58921F30394A4
Q196,qwen:F11_Compact_WithShape,C003,qwen:F11_Compact_WithShape,correct,1,1,1,1,1,1,medium,0,asset_types|assets,aggregation|filter|float|join,2FF5704B541E41C3553F980FD511C126828D7CBBCFE3CE99A39AD7E4419EB8DC,12D9A956469E8B9A07CE652EEB0C29A2EF5322DA2D3E2C50FCD0B5A954BBF5B2
Q197,qwen:F11_Compact_WithShape,C003,qwen:F11_Compact_WithShape,correct,1,1,1,1,1,1,medium,0,asset_types|assets,aggregation|filter|float|join,BCA8235788DF8A7B4E80511704853BE23DC01EB9A6579C6302C5636ADF08752F,2BAA500471E7659AEEC8CB26FA6EFF1565751D8F7AB8B43DCE976C15418A8211
Q198,qwen:F11_Compact_WithShape,C003,qwen:F11_Compact_WithShape,correct,1,1,1,1,1,1,medium,0,asset_types|assets,aggregation|filter|float|join,8D39A864117A85C6F6DD1384220544632BA32104C72A2961F048477907640CC2,196985D54C20EA79FAACCBE0C763EEA9B4ABE2DDD16E2DF27A89CEEAE620383A
Q199,qwen:F11_Compact_WithShape,C003,qwen:F11_Compact_WithShape,correct,1,1,1,1,1,1,medium,0,asset_types|assets,aggregation|filter|float|join,D28665BBB36CA64052786FBE13A3251B12CB275E00874DCA4A3D2DD1B01D1D02,084AAE6809FB4DFCC9D03C63CADDC4AB8F8FD07C6DC079A0A20DF9DA21208BE1
Q200,qwen:F11_Compact_WithShape,C003,qwen:F11_Compact_WithShape,candidate_execution_error,0,2,0,2,0,1,hard,1,asset_types|assets|sensor_readings,aggregation|filter|group-by|join|order-by|top-k,3D4D1CFFF4AE44D2C54AEC5695AEA10C95C22C2E9415FB74F7CA70A693313DA9,B48776A52748FCB7300FC3FDE5674B5984B47ACA419F9E29A4DCF675167ABC66
Q021,granite:F00_Full_NoShape,C004,granite:F00_Full_NoShape,wrong_denotation,0,1,1,1,4,4,easy,1,assets,filter|order-by,55F81C1AC873F824F3F76FD7C83D25F164EC941CF33550C2FBC69A3A03FF9FC9,2198EFD31F4C3DE5080570F611B43AD0FD7047E848954219E9DF97A9F827C3E9
Q022,granite:F00_Full_NoShape,C004,granite:F00_Full_NoShape,correct,1,1,1,1,1,1,easy,0,assets,aggregation|filter,D5B25E0025DA4D497DFAD3F205ED0B4E4F4CD5CE017B4F3B94EDC70D69E6D260,F914A2E6E9F067B567649ABA758F096EA3A1E1CB3DDBA17C382A290B9FAF9918
Q023,granite:F00_Full_NoShape,C004,granite:F00_Full_NoShape,candidate_shape_mismatch,0,2,3,2,5,5,easy,1,work_orders,filter|order-by|time predicate,99DCC34684E252335E3BB359D6206508CD2C5433E50F34EE25096D40A9CCBC8B,6AEE6CD3B4332E230E2EC8E78C68AF1603299CB113A49F873577585A88EDA5B8
Q024,granite:F00_Full_NoShape,C004,granite:F00_Full_NoShape,candidate_shape_mismatch,0,2,1,2,1,1,easy,1,technicians,filter|order-by,2AE3589C13C9DC755D9F6447FFE778FFDFF8731E2DD17FE1C23BC5ED4E9112E2,4DADD9D2866A7A9EC4CBB9FAB5589851F68C40BE4C9D59E9E3E90DD6C7076DD4
Q025,granite:F00_Full_NoShape,C004,granite:F00_Full_NoShape,correct,1,2,2,2,3,3,easy,1,assets,aggregation|group-by|order-by,3C5B244344FBD7AA094EBA4F808C376A5E4E91250625D46C7A6EAFFC0ABA9450,D29EAC989EAFC3E63F7500F3A9E98EB1F15184AD32C402196341AE3DE68CE4BB
Q026,granite:F00_Full_NoShape,C004,granite:F00_Full_NoShape,candidate_shape_mismatch,0,2,1,2,2,2,easy,1,asset_types,filter|order-by,5D27B0537AD0DA37DB335335CC4EAF290C591C6BA97C3A1EC1C2C49E5E4BB7C7,B7640EEA33B19B3250A81ABCD2181F399349D39D3542338A50610A754D221E5B
Q027,granite:F00_Full_NoShape,C004,granite:F00_Full_NoShape,candidate_shape_mismatch,0,2,7,2,3,3,medium,1,technicians|work_orders,filter|join|order-by,5CB67CBC2C6A564FFD5CCB4330432372DE51F5500C55DA297C06F82C69ACAD7D,1A4BE67B2091AA4AC2EF17CC24EB74DB5413795CF480B725012D3E636586D7BF
Q028,granite:F00_Full_NoShape,C004,granite:F00_Full_NoShape,correct,1,1,1,1,1,1,medium,0,asset_types|assets,aggregation|filter|float|join,2E8B262232455A13E37542357DD201F2CDDFE605FFE1F25213A81F881065EAFF,54DDECAFAC5EBB954C06CEC98597A00BD698E828637CBF6D38BEFEAB15B75DD8
Q029,granite:F00_Full_NoShape,C004,granite:F00_Full_NoShape,wrong_denotation,0,2,2,2,11,11,medium,1,assets|locations,filter|join|order-by,4BC7F11C3EDCE7403EB2BCFCCB1634FCC99E8F090E775134FD7F8B369C5953A3,BBA836A5D8C3143D2E60FFD9DD3BEC47B774DBF87559ED3439AF15FA16EB0FF1
Q030,granite:F00_Full_NoShape,C004,granite:F00_Full_NoShape,candidate_shape_mismatch,0,3,8,3,3,3,easy,1,work_orders,filter|order-by,286088F0D471B0C5411C98BF9BBA814E89E171AD946C05E0A37A106B09731C96,2A1E4E60B4A24E54BCE4125A0A1C839E6D0884F564C6332093253FB180F651DF
Q031,granite:F00_Full_NoShape,C004,granite:F00_Full_NoShape,candidate_shape_mismatch,0,3,1,3,4,4,easy,1,sensor_readings,filter|float|order-by,16A874B65CDF26E99229F61125B46BDFE2EFBBDE51F89B62578D0963B759D825,5AC44A498A70D6929187195C8CBD762C06CDF8B3457E1BAE0FCA1A60940AE06E
Q032,granite:F00_Full_NoShape,C004,granite:F00_Full_NoShape,wrong_denotation,0,2,2,2,5,5,medium,1,assets|locations,aggregation|group-by|having|join|order-by,121F1ADE89D4089A9C4BEFC3F5A6151C498D759CA96A5B7A93F4947E2F4FEDB2,5AC2DBED21AC5DBFE77961A6BC95DE4DDCD8B93728801304EC44E60A601F0F9D
Q033,granite:F00_Full_NoShape,C004,granite:F00_Full_NoShape,wrong_denotation,0,2,2,2,4,4,easy,1,work_orders,filter|order-by|time predicate,C2C2489BA2F40C96E6E5C95C7C305781C9C1EDD22B9AEA0BA8CECCAC71A939F5,98CEC50EB6962A60F1AED8C1718E6A1D5E8B8CC51C7BA9A0414BE6C5E27BA955
Q034,granite:F00_Full_NoShape,C004,granite:F00_Full_NoShape,wrong_denotation,0,2,2,2,5,5,easy,1,assets,filter|float|order-by,6589F77915617267211A75D3B10A13A4EE8FBCA23D36F820EBB364A0CA5F1C3E,09483B77157245C6C5E9BE1610FE8B3DCE75A48D699D70318CA8EE18F9086F5F
Q035,granite:F00_Full_NoShape,C004,granite:F00_Full_NoShape,wrong_denotation,0,2,2,2,3,3,medium,1,maintenance_logs|work_orders,aggregation|filter|float|group-by|join|order-by,88CCF713FCCBF71394AF3597F5FE79549DEC6A617686359BAC0F62E2C223A93F,5FD52A03AE98A268E5699C1401991628C1D6D6181E4988438C7F336F0E4D737F
Q036,granite:F00_Full_NoShape,C004,granite:F00_Full_NoShape,candidate_shape_mismatch,0,2,6,2,1,1,medium,1,technicians|work_orders,filter|join|order-by,4F748C5B392DE5CCA4576115D08EEC0D1737DAE27FD134542D5A1A5834BB5DD0,B2B351D2DD6E4445AF79275FA0F5DA3CFEF62F36CB190170F6DE6E7B351B7943
Q037,granite:F00_Full_NoShape,C004,granite:F00_Full_NoShape,wrong_denotation,0,1,1,1,1,1,hard,1,assets|grid_topology,filter|order-by|self-join|topology traversal,09CCDD4C62CF56B54A01D3BB0F040999131F17680B3E08660B70EF93C7DB1403,B045E4DE9620345D0E575188F60F3F6D232B47BAFC5F7586F3FD9766816C2247
Q038,granite:F00_Full_NoShape,C004,granite:F00_Full_NoShape,candidate_shape_mismatch,0,1,3,1,0,11,hard,1,assets|work_orders,filter|nested query|order-by,98F2017E3A2B6A36A28FED4031A6D0069FD0D656C48505057FE20C9D2CBE5D2F,72E745C00A0F58ED2EDD21C2568B8982DD5E2407D404BD000443DEDBCA4ED63E
Q039,granite:F00_Full_NoShape,C004,granite:F00_Full_NoShape,candidate_shape_mismatch,0,2,8,2,1,1,medium,1,work_orders,filter|order-by|time predicate|top-k,20EC9E09C1854A112032C03AE527BB61F6F57DE3B121A1E2A86029010618A529,B4CD6C00B5DAE5EFF3C6B878426C218E13A252D8819B0FDB38635CF71DF1F323
Q040,granite:F00_Full_NoShape,C004,granite:F00_Full_NoShape,correct,1,1,1,1,4,4,easy,1,assets,filter|order-by|pattern,1FA85AF6E42E0D1C18467A7950905899973454812FFB027B69BD43401222913A,8EBE89272A8ED2BDF4276016C69C61E8BA0E215B91DD36A99CCD76381F585F64
Q041,granite:F00_Full_NoShape,C004,granite:F00_Full_NoShape,wrong_denotation,0,2,2,2,8,8,medium,1,assets|sensor_readings,aggregation|filter|group-by|join|order-by,1210E56245CF815373B45BA7AB50DB0F4302A71B0885614774509E9A2221515A,3D6D3DCFA6005C015C82447250648EBE4E3D2C89437A232DCA907B5E432725FE
Q042,granite:F00_Full_NoShape,C004,granite:F00_Full_NoShape,correct,1,1,1,1,1,1,easy,1,asset_types,distinct|filter|order-by,254D67B200FE4C9D7A88A9855CFF34D882EA6A73A093EE080E9844A3C6056F8F,3D176D0A46AABD8359DC958BE56505456BC95FDEE7BECBE95F1CE0C86774A88C
Q043,granite:F00_Full_NoShape,C004,granite:F00_Full_NoShape,candidate_execution_error,0,2,0,2,0,3,medium,1,asset_types|assets|locations,filter|join|order-by,19556069E484E4F55A088DFAFB7CF76E698D2BF41F038034C7DB64466D051D7C,3033FB90E3C88DD14F28CAA9D7404B3EC148B8C301D11B44A42DCFFF2AC7CFF8
Q044,granite:F00_Full_NoShape,C004,granite:F00_Full_NoShape,correct,1,1,1,1,1,1,easy,0,maintenance_logs,aggregation|filter|float,61982D1BF4E753A85EA2860ABB52A111F2088286249732DE05BAD0B61A5DBF31,2ADB7284D4D878BA558B1AA913DB7A45F11D6E4E96D82B9B24C31B31A8CD997A
Q045,granite:F00_Full_NoShape,C004,granite:F00_Full_NoShape,candidate_shape_mismatch,0,2,4,2,1,1,medium,1,asset_types|assets|work_orders,filter|join|order-by,4C41598B113A4B5E15FCCD507C068AAAB1119B927C9EA7AC17C3CB1EBA2A1780,C96A6B040E2AE08507B988B863FA1F08DA2A76E2679F16FB276DEB323238B8FA
Q046,granite:F00_Full_NoShape,C004,granite:F00_Full_NoShape,candidate_shape_mismatch,0,3,1,3,3,3,medium,1,assets|sensor_readings,filter|float|join|order-by,A0507A2DE4A9431BD2C7035493D5CC6344130ECE247F8B57C62DB4280833D10F,692D6D9F23FE1084D1FEA9495BEE1D8809875B8893DA96A93EF414656FE34C59
Q047,granite:F00_Full_NoShape,C004,granite:F00_Full_NoShape,correct,1,2,2,2,3,3,medium,1,asset_types|assets,aggregation|group-by|join|order-by,7E474833F0B8FC291AC2A9DDAFCCD39969A92D161F5ABFB213CBB130AA3CFD00,39F74338A2111F1EF34E04009D586A004D16B93BB80B956F375D76FC7972316C
Q048,granite:F00_Full_NoShape,C004,granite:F00_Full_NoShape,candidate_shape_mismatch,0,2,6,2,5,5,easy,1,assets,filter|order-by|time predicate,733BDD106CD226E0DF4A12555AF2BED56C61257B520F24B11482BCEAF4D6132E,790D535AA128B306F6ED938E9B2A5718BBA0EC628B2242375539FF7846C52141
Q049,granite:F00_Full_NoShape,C004,granite:F00_Full_NoShape,candidate_execution_error,0,1,0,1,0,1,medium,0,maintenance_logs|technicians,filter|join,5EB54FECA3D34638D7FD0FAA9971D33F454C395DA62CE5574390565CAC70EB93,EE416EF7F4C0E0F5585050A84A1C02C05AFFA18D60380281ADBC92E3FF62F8AB
Q050,granite:F00_Full_NoShape,C004,granite:F00_Full_NoShape,candidate_shape_mismatch,0,3,2,3,5,5,hard,1,assets|grid_topology,filter|order-by|self-join|topology traversal,7413288B80221291F443804E9EC100718B22D84C4F58A4B90FCF23503F1DD7A9,1F3AE954A1BCAB25CEB1EC2272A14D51F35A6474CCBF8D48287C845763F751AF
Q051,granite:F00_Full_NoShape,C004,granite:F00_Full_NoShape,correct,1,2,2,2,1,1,medium,1,maintenance_logs,float|order-by|top-k,E03E052C0CFE179F93E3CE86E3AD906769962E5F1EFD9554401C758E0C3E04EC,8186C9B7C74D7153D2A3E5364F5AD2ABC02DA97A428E332303F868640A96606B
Q052,granite:F00_Full_NoShape,C004,granite:F00_Full_NoShape,candidate_shape_mismatch,0,2,1,2,3,3,medium,1,asset_types|assets,filter|join|order-by,632246FF949883071FCD494742F01F1444620DE4AE7BE8858BEED5B39D77738D,85DF82AC2ABE10DD5ED6C6D984D4D687FE6CE678589BC733F59070004B547B73
Q053,granite:F00_Full_NoShape,C004,granite:F00_Full_NoShape,candidate_execution_error,0,3,0,3,0,2,hard,1,work_orders,filter|order-by|scalar function|time predicate,4378500CD9C2CC8B6A7BD713A8C67DE8B006C32B7185908098BFED800A2F7CA7,3EAE7BE8AF8CF36D1703C80633D8B0CE6180A8A5F4FF5EC524C2106E40CEDDF5
Q054,granite:F00_Full_NoShape,C004,granite:F00_Full_NoShape,correct,1,2,2,2,4,4,easy,1,sensor_readings,aggregation|group-by|order-by,474C3D977A06DD31A467DB6C60A6CC40476BDB98153FCCC800DBA93CF4B6E698,D8B52409C7C001AEAAFCE4E0ABE9E04718FC18D305762DFDF40537090C9269BF
Q055,granite:F00_Full_NoShape,C004,granite:F00_Full_NoShape,wrong_denotation,0,1,1,1,2,2,medium,1,assets|locations,filter|join|order-by,88226D410099F7E636D12A3CEE9F8D535083F36165166D97575A3F5095FCDFEA,D415506393250DA3C55B5152424D2C8CE60A8106C2C445DD502A049F00EB2C79
Q056,granite:F00_Full_NoShape,C004,granite:F00_Full_NoShape,candidate_shape_mismatch,0,2,4,2,15,3,medium,1,technicians|work_orders,filter|join|order-by,CBCF05A5B695CC5724546A0DC8D8F986532E9743024686E9FAA02519391CB6C4,4289E1781826F34A34DD523F831378B0936CB18EE72A25056922A9ABEFF7589F
Q057,granite:F00_Full_NoShape,C004,granite:F00_Full_NoShape,wrong_denotation,0,1,1,1,1,1,easy,0,sensor_readings,aggregation|filter|float,A7CCD32E9F35D430FE4A98F9E119F2D4C95E4F9F6A8CF180B7905BB3A8940074,E83BCDA26C405F53453C322BC9A153554DFB63AD0414921B833DAB23BFDCDA57
Q058,granite:F00_Full_NoShape,C004,granite:F00_Full_NoShape,wrong_denotation,0,1,1,1,5,3,hard,1,locations,distinct|filter|nested query|order-by,24E76BE9C3F79738A91AA01BB4CB6D1510BFFAF4961969FE7831843619AE7824,117CE18E62A2C6F5B6F1A2D1049CA245877A54DEA51FF8654B501AA2147D96D6
Q059,granite:F00_Full_NoShape,C004,granite:F00_Full_NoShape,wrong_denotation,0,2,2,2,4,18,hard,1,assets|work_orders,aggregation|group-by|left join|order-by,9BE47A5E5B3C0FAB1384FD75362F587147274B574A7B70F4538694CD745049DE,3DFAC6294FA48460FE07FC0DEED4527955CA9F7EA62EDB72EFEF66A5219701E5
Q060,granite:F00_Full_NoShape,C004,granite:F00_Full_NoShape,candidate_shape_mismatch,0,1,2,1,16,10,hard,1,assets|sensor_readings,filter|nested query|order-by,2C1901E7481B4283FAE4F4323D420D18EB8B62FAAE63B90E8E5D8207F573D047,8DFC0FBE8CC2393C9F4E29E4FCF12CC084574B2C95E1934AA8B0CF40486323AC
Q061,granite:F00_Full_NoShape,C004,granite:F00_Full_NoShape,correct,1,2,2,2,1,1,easy,1,asset_types|assets,filter|join|order-by,C2B39A33CE579AF753B82FD1BAC063E21A163915D185825C7001692BAFC6B4C6,CB8A8CA90B5B5B65811AA50547961910F48DD4D22DC465C65D740863041AF421
Q062,granite:F00_Full_NoShape,C004,granite:F00_Full_NoShape,correct,1,2,2,2,7,7,hard,1,technicians|work_orders,aggregation|filter|group-by|left join|order-by,7E2C4F4D5CEC1596AB028D27AAFDF27AA512D8DD8C9738D7CC8B86A6339DB164,D5FE9AD86D37A053D4D7A70DB8044F96A7D0DA521ED50AEA86C7C4DE091EA3E1
Q063,granite:F00_Full_NoShape,C004,granite:F00_Full_NoShape,correct,1,2,2,2,1,1,easy,1,work_orders,filter|order-by|time predicate,1D8B96D82BA7F168E40D49FA386B305A675D0F52486FCD1D987A02915C9CEC51,9BC61C0E25D15E080395150B61ED05DC6A342608FE1BCB66CBB3165CAB232AC0
Q064,granite:F00_Full_NoShape,C004,granite:F00_Full_NoShape,candidate_shape_mismatch,0,4,6,4,1,15,hard,1,assets|sensor_readings,float|join|nested query|order-by|time predicate,4E9395296E51E379922027503CAC15575C3A3070FE110C0AA2E40F15BD7EEBAA,3668AF6F317F360422A127A07D15C6520B21A32029142BA9B9C9FF430E0EDC43
Q065,granite:F00_Full_NoShape,C004,granite:F00_Full_NoShape,wrong_denotation,0,1,1,1,4,4,easy,1,assets,filter|order-by|pattern,A0EB5B6158011E57C84403D46EF0E996EFD2435CA19368508DE43C3412F0E831,C5BD5C26B91224A6B61EF52388B9D8E6E901CB40A83BC61A526D27093BA499E4
Q066,granite:F00_Full_NoShape,C004,granite:F00_Full_NoShape,correct,1,1,1,1,7,7,easy,1,work_orders,filter|null|order-by,B9957B17694AC2ADF72CBA01DC6B16BAB1DC5C9E6BD22154DF387AEBA37CA38E,73EC29EE90BE10D52AF1B9A6E6637C370408ADF28CDE872950CF0721E464A6F8
Q067,granite:F00_Full_NoShape,C004,granite:F00_Full_NoShape,candidate_shape_mismatch,0,2,8,2,2,2,easy,1,maintenance_logs,filter|order-by,F432B90A685FCC9065ABAC056B8534C0AC4D9D8594B8315F7BE75CDEF662A6B2,8A3CA45B2951961D067C5F1853776756E2E634AFA005BD7DBA46152A8A26599A
Q068,granite:F00_Full_NoShape,C004,granite:F00_Full_NoShape,correct,1,2,2,2,6,6,medium,1,asset_types|assets,aggregation|float|group-by|join|order-by,1464048DC431A4E4A4856506CA5937E6939EADD0D64F4EB911B2AA516CC07BAE,85CFEF7B936CE99C93FE7B3FA4D790D3A62A1C3610D4406C2FB446EF88721A92
Q069,granite:F00_Full_NoShape,C004,granite:F00_Full_NoShape,correct,1,2,2,2,2,2,medium,1,asset_types|assets|locations,filter|join|order-by,B64ECA5F52E87D25CE88DFBD3D3E998799D9B192616684D773ECBD2C378EC6B8,4C9A53FDA153DBC282E75ED5D8A8271290B409B3983EC5245A5A355FCD513F55
Q070,granite:F00_Full_NoShape,C004,granite:F00_Full_NoShape,candidate_shape_mismatch,0,3,5,3,2,2,medium,1,grid_topology,filter|order-by|topology traversal,8AD3CA8FFFFB9A8F0BC8882D16051EF10F9A0D1509B8A8B07B934F8448D189EF,DE4AB58DD907088525A343A7DAEBD70C2E24266A926BA47803FD436F0A020578
Q071,granite:F00_Full_NoShape,C004,granite:F00_Full_NoShape,candidate_shape_mismatch,0,3,8,3,1,1,medium,1,assets|work_orders,filter|join|order-by,C69E779D857DF72DF05D2DAA8ADE6B137E35AD8696453BD5C10C26C5B50B076D,E97FEB511A72F5242C5B426C15B5B68C0AC52AB5CFAA307E2F2BE34D1DCF1583
Q072,granite:F00_Full_NoShape,C004,granite:F00_Full_NoShape,correct,1,1,1,1,1,1,easy,0,locations,aggregation|filter,7ED72780457EF1D5929673311337FA9DEA9B3B0C7817F76B7828CCFA696FEE04,95EAB691F3A87564414FB116CCC94458C67C735A9958F15C840959E7DB9879CB
Q073,granite:F00_Full_NoShape,C004,granite:F00_Full_NoShape,wrong_denotation,0,1,1,1,5,0,hard,1,technicians|work_orders,filter|nested query|order-by,1E9C9AA47C912D1E9979398CD9D5F683CFA1DB9FBCA145F4DC27F63AC5119847,EA2420FEE687FD65F202317C768EA6E3DC6FD466407B8319A0595851D188137C
Q074,granite:F00_Full_NoShape,C004,granite:F00_Full_NoShape,correct,1,2,2,2,1,1,hard,1,asset_types|assets,aggregation|float|group-by|join|order-by|top-k,DB6C64DF5C444FD79F1DEDD6B586FE3ABA627884E1E4154B526190B9442C1E18,B3B989D9A5ABEE1F604FA90721954855A1D98E68FACCAD5A30A70A72116F86E3
Q075,granite:F00_Full_NoShape,C004,granite:F00_Full_NoShape,correct,1,1,1,1,1,1,medium,1,technicians,filter|order-by|scalar function,0AE65DFFCF5FC18AC27567F996411D55D0CB5166D080C4F64D64E41FC435E3EB,8075FFA2B3AD5DABD5BC301871642C493AEFF0E21B13E50DF735B53208C4E3F9
Q076,granite:F00_Full_NoShape,C004,granite:F00_Full_NoShape,candidate_execution_error,0,3,0,3,0,8,hard,1,assets|locations|technicians|work_orders,filter|join|order-by,044EC0A4BB3A18B5A45545300CAEF6AF74A643B6CA4CA78DD90CE5FF2205FFAB,AA5687CCFF7ED2B6D7D26AF69D1CF935236DDB5C496DA6F59BF2CB5194DC765F
Q077,granite:F00_Full_NoShape,C004,granite:F00_Full_NoShape,candidate_shape_mismatch,0,1,4,1,7,6,hard,1,assets|sensor_readings|work_orders,distinct|filter|join|nested query|order-by,937575FF713B2828EAF619ECFE4A60A55C2EAD3D326480EB0F2640384C964A8A,3A581069DD8A71B35ACBBF96C143EF11E799EF3534FA97CB6EDE4228C5CCAFE0
Q078,granite:F00_Full_NoShape,C004,granite:F00_Full_NoShape,wrong_denotation,0,1,1,1,1,1,medium,0,maintenance_logs,aggregation|filter|float|time predicate,DC51133F60731B7CCF7400F93DE5B95BBC851ECF0E9A951297399424F3086BE0,189994EC16E232110E615D509BA67D7EB2D5E3DA5EEBE8800A9A217765A6DE0D
Q079,granite:F00_Full_NoShape,C004,granite:F00_Full_NoShape,wrong_denotation,0,2,2,2,2,2,hard,1,assets|grid_topology,aggregation|group-by|having|join|order-by|topology traversal,1F7C3CCA6A3647873577FCB8F075B9682CDF8A8F3BAA39741131BCBFB4D7BB9B,BF4F0EA342B7028E01793072D85D1178814F555A8FA5378F3192C135BDED2615
Q080,granite:F00_Full_NoShape,C004,granite:F00_Full_NoShape,candidate_execution_error,0,3,0,3,0,4,hard,1,asset_types|assets|locations|work_orders,filter|join|order-by,60E7B64C0BFAE8C6082BD1A642ACEB46D51499B414ABDC6057B31F872C44DC2B,56DC4BFED3DB08B1C0326C1F215763519AAE73E65A2E9B35E688A92A2CB84E6B
Q081,granite:F00_Full_NoShape,C004,granite:F00_Full_NoShape,correct,1,3,3,3,1,1,medium,0,asset_types|assets|locations,filter|join,01FE1539C2879AD2D837F655C83EED674BA9B0774561488E669453DE02B9450D,B5DFF96C6059A8199759F61599CEF41B66796187405AC66FBA00C76616BF4C3E
Q082,granite:F00_Full_NoShape,C004,granite:F00_Full_NoShape,correct,1,3,3,3,1,1,medium,0,asset_types|assets|locations,filter|join,45EA40334D886DA5457B7F2823FEA918498D6D98BC347A02DB2D1F5019CAD748,5907FBC3F9F3722B44678B02D9B02222BE4AA59CFA5D97407A69E90B2B9B2F95
Q083,granite:F00_Full_NoShape,C004,granite:F00_Full_NoShape,correct,1,3,3,3,1,1,medium,0,asset_types|assets|locations,filter|join,0AF6984DFD93F6BEF0273BF8B9E4C8A99996F057DCF7B1750ACC7C56FF3968A5,7BEBBDB5539972BBDB52996E31053D376CDE31AF40998FEFDA5D143B8A068CB3
Q084,granite:F00_Full_NoShape,C004,granite:F00_Full_NoShape,correct,1,3,3,3,1,1,medium,0,asset_types|assets|locations,filter|join,C497417893B19ADE1BBB8171586CDB5687CE8B8B86DB2784D2F9B335CF40FDA4,E9B608A9FE56DD4A70F4BFB2BE6A57DFDCD5857163DB2E40DB8790E68C0E983B
Q085,granite:F00_Full_NoShape,C004,granite:F00_Full_NoShape,correct,1,3,3,3,1,1,medium,0,asset_types|assets|locations,filter|join,4F31DB059E6A00ABC7499CDA5B4B7C18F79C542165A85088099CE60F93C832D4,BE47859E9627B4953A38F609DBC5096697D6F691E646B1F0325383F8AF193E6E
Q086,granite:F00_Full_NoShape,C004,granite:F00_Full_NoShape,correct,1,3,3,3,1,1,medium,0,asset_types|assets|locations,filter|join,7FB4923C933BABECC56A683688B7EF0D87D32DA592F4FD8DE4493E5F15C41C61,AD8C5AE8369AAD1CD2D29F12FEBEE5833F05100C2BD337D93549AEF9E8DE16FA
Q087,granite:F00_Full_NoShape,C004,granite:F00_Full_NoShape,correct,1,3,3,3,1,1,medium,0,asset_types|assets|locations,filter|join,F33F74D276747231A485FBB3A5684CA18D91DADA91CC72E7BB3BB114CA8F756B,EC610E6CB8DAE78AF9A630AB0327E4D83BF7E869679B118E9B4F3AC80A125542
Q088,granite:F00_Full_NoShape,C004,granite:F00_Full_NoShape,correct,1,3,3,3,1,1,medium,0,asset_types|assets|locations,filter|join,439EBD42EF7422B9640C3F32EB5FBAA7D5CDF51CFDADEAA55D8C5E9ED576927B,AB06F6AE1D6A86C92475A4CAB67407D223CDEF7E023A33888D45D7474FBEF815
Q089,granite:F00_Full_NoShape,C004,granite:F00_Full_NoShape,correct,1,3,3,3,1,1,medium,0,asset_types|assets|locations,filter|join,1B39F6BC2A088ED4E472540EE8FA1D188772B0883C39DC1344545A813173A931,78DE4B7992B28BB07F2B0EEA4DB6D9B805E2B672F8AA3AA7A8EC1C15ADF6F8C0
Q090,granite:F00_Full_NoShape,C004,granite:F00_Full_NoShape,correct,1,3,3,3,1,1,medium,0,asset_types|assets|locations,filter|join,5539530F4EFB87ECBBA5155D8762408F4DDFF3810929EFC4740A9A23022907E9,F2995887A6CDE41BAE098E58C25E5FE4A6FC18517FBDFD424ECDB715AADC1B76
Q091,granite:F00_Full_NoShape,C004,granite:F00_Full_NoShape,correct,1,3,3,3,1,1,medium,0,asset_types|assets|locations,filter|join,24924ACA211FFD516F99404FD3D3F11A34BCD8CAB58DC724C4A1BEFDE9ABFC23,C90ADD655689FCD9911FDA1120AE5F0439C0E554E9CB8C8DF1BF70881774653C
Q092,granite:F00_Full_NoShape,C004,granite:F00_Full_NoShape,correct,1,3,3,3,1,1,medium,0,asset_types|assets|locations,filter|join,AD6DAC4DDEB1DE4004D651F68C28C0F667DF560A5742447DF902AF756AFC2CDE,8C7606BCDD6CFBA13724611294FE27BA6416EAF37F7B0A9A7BA4CF7F2840E2AE
Q093,granite:F00_Full_NoShape,C004,granite:F00_Full_NoShape,correct,1,3,3,3,1,1,medium,0,asset_types|assets|locations,filter|join,8BDF68AB75E6108B6BD3BF37EBB205207269EB8AE6C1A89A2B97A1A125E6D5A6,80AA5E635828D15D65DE1C95E333A7C29B831D491A1AAB2C3B4AF00FA7524316
Q094,granite:F00_Full_NoShape,C004,granite:F00_Full_NoShape,correct,1,3,3,3,1,1,medium,0,asset_types|assets|locations,filter|join,D820793D7485F7F78D04444DCC94606E143FCFA3EF86C26259E27D1D0F1A238F,72A4EEC70FE114219C53C3B3BDB8956BAB9A8F048CF56A4EC08DCCDB2F00013F
Q095,granite:F00_Full_NoShape,C004,granite:F00_Full_NoShape,correct,1,3,3,3,1,1,medium,0,asset_types|assets|locations,filter|join,07E27D27B0F44345D22C445837A5554C4E6AE5B1F0A08BF7A0A711E77F904B73,26D884CC511DBF8DCE2BA5F82EB15338F8DF136F43F11EF608B9CB5A0125BFFF
Q096,granite:F00_Full_NoShape,C004,granite:F00_Full_NoShape,correct,1,3,3,3,1,1,medium,0,asset_types|assets|locations,filter|join,5768042FC82DAF0B916ED8C9A541E6DE2A56AFCFB5A5D93FCBD3DB6C3A36EFF0,D7A4E1B40F05EE267E53226B4C3B2AD861809C274003AFDB2DC6103556EF15BC
Q097,granite:F00_Full_NoShape,C004,granite:F00_Full_NoShape,correct,1,3,3,3,1,1,medium,0,asset_types|assets|locations,filter|join,74717BA78140B523C6AEC4175BE586848AC667927EE0E1A46250A9BA5BB5020E,F5EC9300EA6C17C34C465780B1B3B1AF5C281D823AAE63B38AAEA0943779E901
Q098,granite:F00_Full_NoShape,C004,granite:F00_Full_NoShape,correct,1,3,3,3,1,1,medium,0,asset_types|assets|locations,filter|join,A8FC41FF601C6D6C21FC53830BCC84272E8B139678299CC17ACE820B536CE43B,2C0C09F5495E655CB3AAE807E7D9ED40B69561C9DE1C4481CA8935F94D119B46
Q099,granite:F00_Full_NoShape,C004,granite:F00_Full_NoShape,candidate_shape_mismatch,0,3,7,3,1,1,medium,1,assets|work_orders,filter|join|order-by,17084FD034B9B4ED771C724F5E46818D53AE2EBD5C9C92348A061036FC7BFB7D,6BF9EBE685BB1E6B61F9AD8B1B4FC8220894AEFB6A787DA91E08B6766DEB8980
Q100,granite:F00_Full_NoShape,C004,granite:F00_Full_NoShape,candidate_shape_mismatch,0,3,7,3,1,1,medium,1,assets|work_orders,filter|join|order-by,A969B60B0FFA0E248CCC43AEB9D53DB0F387C880D9D697CFE43CA6364ED897C9,D71A3F8AB7F6C275DA1810FA42D3F080E31986F00F4D37EEF1710E34D8F02D47
Q101,granite:F00_Full_NoShape,C004,granite:F00_Full_NoShape,candidate_shape_mismatch,0,3,5,3,1,1,medium,1,assets|work_orders,filter|join|order-by,5291B1E6E35583B2AD92EF51097506CB60BBAF79089F05D047AD97FC366C4632,9E554A31806BDEBEF5515422C23D4B4B54F69A2383A30770E2496EE85235414E
Q102,granite:F00_Full_NoShape,C004,granite:F00_Full_NoShape,candidate_shape_mismatch,0,3,6,3,1,1,medium,1,assets|work_orders,filter|join|order-by,5691907410CFE3AC00DBECF22229FB068578CD18EDEC38D71661E126C3B1A3C6,B91FC88F8737230FD282F58A0C69BC42A1DE8D99665299EF53B09E57C7512DE1
Q103,granite:F00_Full_NoShape,C004,granite:F00_Full_NoShape,candidate_shape_mismatch,0,3,7,3,1,1,medium,1,assets|work_orders,filter|join|order-by,95EC3921E39481330B0605A1DFE0C31CA218B3B3DAFF05DC38B11746D1CACEEC,C386265AAB4973D3DC9FBC7633211E0BC9312C72B649097932B1819450C922BC
Q104,granite:F00_Full_NoShape,C004,granite:F00_Full_NoShape,candidate_shape_mismatch,0,3,7,3,0,0,medium,1,assets|work_orders,filter|join|order-by,8A940FC5FF03CFAA60CB57C1A9A8FD0720869AE71B8C3B2A80ACFF9EDDEEEDA3,41AF7A63B404C8F1F460E26A3EAC59A9A25A503835E2A473A9C172D2FF945282
Q105,granite:F00_Full_NoShape,C004,granite:F00_Full_NoShape,candidate_shape_mismatch,0,3,7,3,1,1,medium,1,assets|work_orders,filter|join|order-by,8C5C0E111E073998248C0E703991C21A7631844CFBD347ED59888CAB3F97E22D,9A87A0113FB5B583C3E278A16AB9681F3380F6F743363449CD2E9606D64555CB
Q106,granite:F00_Full_NoShape,C004,granite:F00_Full_NoShape,candidate_shape_mismatch,0,3,7,3,1,1,medium,1,assets|work_orders,filter|join|order-by,4F308B73F0B4722B2170A911E476E9256FE3EE7E79D8AC58F1B66316E9B7929F,ABC385CDC88056C5B240CBB1CBF71D84FA00AAF5F2D1A0016012A05C9FE63AA9
Q107,granite:F00_Full_NoShape,C004,granite:F00_Full_NoShape,candidate_shape_mismatch,0,3,7,3,0,0,medium,1,assets|work_orders,filter|join|order-by,B375F51C2AECC6411FF3E438D239B4F8D88B5D21033A92C3B3883637F4CB8658,92CD6A92EA310D3EF3D24DF6FD0EF1DB23D6F439F5C40EBD548AD297CC29C55D
Q108,granite:F00_Full_NoShape,C004,granite:F00_Full_NoShape,candidate_shape_mismatch,0,3,7,3,1,1,medium,1,assets|work_orders,filter|join|order-by,C663BB2E4FD1C7FC402BBA18ABAA68F248F50E8CB24EA6C35F3D1841B83BE287,CB6B1F12686B8F23DE9AB1A591B17B55257DC5B84CF97EDC158E742AB5593C4D
Q109,granite:F00_Full_NoShape,C004,granite:F00_Full_NoShape,candidate_shape_mismatch,0,3,7,3,1,1,medium,1,assets|work_orders,filter|join|order-by,1A58ECB701B17FC606BBF3732A0C3B4AB59E9E67ED373BAEDA715791A1548EE6,CA891F2337BC1FABC1EDA04BF4318D3BD5F81EE4556115D682E97ABE45439A62
Q110,granite:F00_Full_NoShape,C004,granite:F00_Full_NoShape,candidate_shape_mismatch,0,3,7,3,0,0,medium,1,assets|work_orders,filter|join|order-by,87031444BEAD2C1D715668FFA9B4B92039959CA022375648A8543E854FE0D557,1F87F45858C889D3425AFBDDCDEB10D5915FBFF7D93B3E5A204717DC800E1499
Q111,granite:F00_Full_NoShape,C004,granite:F00_Full_NoShape,candidate_shape_mismatch,0,3,6,3,1,1,medium,1,assets|work_orders,filter|join|order-by,1F640DC33044C8955B2E285CD5037ED9C9491413AC028819B1F21DDEECA68127,82F9129BF81A30B5E70DD063E12B3D72E1EF7A64810C18CFF2A4489065CD6614
Q112,granite:F00_Full_NoShape,C004,granite:F00_Full_NoShape,candidate_shape_mismatch,0,3,7,3,1,1,medium,1,assets|work_orders,filter|join|order-by,F7C42006D5322E93827A61C2ECDBA9E8DF12D383EAC9B1F5ABB99F58DC61AF24,A8224D1F700D864B9A1A7ED63F945DEFD172078F0DC7A07137B6AA3A15658BA4
Q113,granite:F00_Full_NoShape,C004,granite:F00_Full_NoShape,candidate_shape_mismatch,0,3,7,3,1,1,medium,1,assets|work_orders,filter|join|order-by,B5B7F965EBE63D2CE7DB0CEA0106535DAC9031C3C986F6E8F97386FE66D73921,BCF472BEA807A36A0A6146014EB6B342D54472212ADC8E37F45C09ED82DF1DB0
Q114,granite:F00_Full_NoShape,C004,granite:F00_Full_NoShape,candidate_shape_mismatch,0,3,7,3,1,1,medium,1,assets|work_orders,filter|join|order-by,88A0065F2EA382A60EEC60813C7FA1F84C06E19E29BAB1E0E6E9AF9EC8ACC2D8,E97FEB511A72F5242C5B426C15B5B68C0AC52AB5CFAA307E2F2BE34D1DCF1583
Q115,granite:F00_Full_NoShape,C004,granite:F00_Full_NoShape,candidate_shape_mismatch,0,3,6,3,1,1,medium,1,assets|work_orders,filter|join|order-by,EA0BC8F0C714FA9BA26C3DE03080CE3B21192DCB669A4317F6A28B6A3BA42E61,9FEDD4D8A154A5979AB6353D353EF5729594B3018ECE5AEB20824FCC6C1D9A94
Q116,granite:F00_Full_NoShape,C004,granite:F00_Full_NoShape,candidate_shape_mismatch,0,3,7,3,1,1,medium,1,assets|work_orders,filter|join|order-by,C6DF102A5A1B647D39071A0CC44EB135FE5DEFD6856BDC24F19F791E78DB3243,9C493A195F29C0AB271B65A6DE85273D13DFE693DC84B3DF1755BBEC92C8150C
Q117,granite:F00_Full_NoShape,C004,granite:F00_Full_NoShape,candidate_shape_mismatch,0,4,1,4,1,1,medium,1,assets|sensor_readings,filter|float|join|order-by|time predicate|top-k,C91D16BC26BA34F972592CFD1D15810B6F10C3D501B8590F85CABF351B1D4319,ADDB11C32923185E4B1B5D4FAF244BB15F14A267EB51F4A4E1042B99C6CFAC41
Q118,granite:F00_Full_NoShape,C004,granite:F00_Full_NoShape,candidate_shape_mismatch,0,4,1,4,1,1,medium,1,assets|sensor_readings,filter|float|join|order-by|time predicate|top-k,D3F3ED4CC5637465AFD1AF3C274E4515E93BE9F36121ACAC995BD043CC2BB0BD,6C2CE94927FE1ED8110277B2991EB547D2F0DED199533691FF05F7A8AF570602
Q119,granite:F00_Full_NoShape,C004,granite:F00_Full_NoShape,candidate_shape_mismatch,0,4,1,4,1,1,medium,1,assets|sensor_readings,filter|float|join|order-by|time predicate|top-k,30E7D3B78C923567AE02B7404C716920BBB9590950AFD3FCED346CEB23755B4A,235D55B60C02355C29746D04A7A4CD7F52DF41E442EE169FCD3F3A03CD004476
Q120,granite:F00_Full_NoShape,C004,granite:F00_Full_NoShape,candidate_shape_mismatch,0,4,1,4,1,1,medium,1,assets|sensor_readings,filter|float|join|order-by|time predicate|top-k,50ADC8178C0EDBFF6E5978741AF90619C9A9EA271FCCEF3C0222AFBC19059F04,C538A82A512A0972EFCFEF46D832F24EDA184A51136A4E6375FC335EB27B5DE9
Q121,granite:F00_Full_NoShape,C004,granite:F00_Full_NoShape,candidate_shape_mismatch,0,4,1,4,1,1,medium,1,assets|sensor_readings,filter|float|join|order-by|time predicate|top-k,585EB9CB396B802C3E22D84D055169A7DB258380152C319AEE9A099407F77241,38D2BE7FBE3C6C649A1B5FA80ACBEEF334758BA2C540752007AC4561E174B1BD
Q122,granite:F00_Full_NoShape,C004,granite:F00_Full_NoShape,candidate_shape_mismatch,0,4,1,4,1,1,medium,1,assets|sensor_readings,filter|float|join|order-by|time predicate|top-k,DD70BFCB988B9918B8E50B3CA3DF5DBCABB0448D48792BCEFC66A716A6CE04B3,F39EF13DC8ABDEE58F9EB1B202C277013B7B800B148381AF26EA6775491ECF7E
Q123,granite:F00_Full_NoShape,C004,granite:F00_Full_NoShape,candidate_shape_mismatch,0,4,1,4,1,1,medium,1,assets|sensor_readings,filter|float|join|order-by|time predicate|top-k,E8D9A1439161140ECE591A055E6DF90868B27DA6CC1EE21BFD8B58AA7C7AE9FA,1BC2E46D210D620AAF5C84F771E1E5581E2642CE844524674C2B2F589DC9FAB2
Q124,granite:F00_Full_NoShape,C004,granite:F00_Full_NoShape,candidate_shape_mismatch,0,4,1,4,1,1,medium,1,assets|sensor_readings,filter|float|join|order-by|time predicate|top-k,341900FCB19D827392A09727C8F46090E970444C044600294F2F0EA0EE0F990D,A290DB31E66C08B49FC8C381F2F60A0BD658ACBB2AEA91A4A5C96575AE60160C
Q125,granite:F00_Full_NoShape,C004,granite:F00_Full_NoShape,candidate_shape_mismatch,0,4,1,4,1,1,medium,1,assets|sensor_readings,filter|float|join|order-by|time predicate|top-k,91EF088F797BFFF33C4AC2A4CAAD9D18AEB1CA6D3F7F8D3BA65A373F9C128615,7992EEE72D9FD9518655D7883286F6CB288BED666AD4716BE67643D7CDF04F5C
Q126,granite:F00_Full_NoShape,C004,granite:F00_Full_NoShape,candidate_shape_mismatch,0,4,1,4,1,1,medium,1,assets|sensor_readings,filter|float|join|order-by|time predicate|top-k,61CCD3A287871D4DB5846962906DAE64E0BBAE56156A1E290E0E4C4BE7FD0B96,51DCC1CF59797FDB8D524E21A8085A4B1C32D7753B2428EB1AB377F9CD3DC134
Q127,granite:F00_Full_NoShape,C004,granite:F00_Full_NoShape,candidate_shape_mismatch,0,4,1,4,1,1,medium,1,assets|sensor_readings,filter|float|join|order-by|time predicate|top-k,7AA3E343DB3BC5279AA0B0E44C5FC90BF18E6A32B7E647702EB397F77E17A997,A117A0E5D5CA594A8D37A55430C71E3AD7C33D86B2891BF2E96A4297744253E1
Q128,granite:F00_Full_NoShape,C004,granite:F00_Full_NoShape,candidate_shape_mismatch,0,4,1,4,1,1,medium,1,assets|sensor_readings,filter|float|join|order-by|time predicate|top-k,272A3DC1C3E4F3B20A4BCDE722211C596581E3E9A19EF0FBB6B2266126D8A312,BB81A8F11DA0187DA28E4D6AD68735970ACB5A2AFC07414BD2427DB0A369C598
Q129,granite:F00_Full_NoShape,C004,granite:F00_Full_NoShape,candidate_shape_mismatch,0,4,1,4,1,1,medium,1,assets|sensor_readings,filter|float|join|order-by|time predicate|top-k,98ADBB67A0A38E785E7003849A729CEC97F6C2D365DB8DBF5A1504F3EFE1D8B2,8CA57CC09F45306A7B17C7CF6513E8374167574D8555012E6AE7FF89181B04E5
Q130,granite:F00_Full_NoShape,C004,granite:F00_Full_NoShape,candidate_shape_mismatch,0,4,1,4,1,1,medium,1,assets|sensor_readings,filter|float|join|order-by|time predicate|top-k,84B094104199A92D88B508126E0269043B570E506D2D8836BD56EB548C02BA6C,66009698E99F05D64B9A5E5BE82CA02620C032CF817352FD25624D9FA0493B18
Q131,granite:F00_Full_NoShape,C004,granite:F00_Full_NoShape,correct,1,1,1,1,1,1,easy,0,assets|locations,aggregation|filter|join,8FAB11634328772E8F01529BE4E8C86EC7BA415B584B22BAB6A8DE5E5C403B07,926DAC82557721913B5B755DEF4E6D7902333789F9AFF24165E7D060F583B4D1
Q132,granite:F00_Full_NoShape,C004,granite:F00_Full_NoShape,correct,1,1,1,1,1,1,easy,0,assets|locations,aggregation|filter|join,A7E897D7545494105967F1AD5796D4EF720E9BFA3A6B14FE2C3B0311C30C4CDF,87F227DF6F9A9C2278171B0FA86333BBFED04EF17B9C027C1C384F7A5604A920
Q133,granite:F00_Full_NoShape,C004,granite:F00_Full_NoShape,correct,1,1,1,1,1,1,easy,0,assets|locations,aggregation|filter|join,A9BA5C67C4C72A60006A37D4DC2C3FAD1BF6E52B4E1F5C1AE176DA680752F7C3,82FFD9A8D5E5FC223E7AF549EE3F28D5BB90775E46E60BED0EB7EC4181944C36
Q134,granite:F00_Full_NoShape,C004,granite:F00_Full_NoShape,correct,1,1,1,1,1,1,easy,0,assets|locations,aggregation|filter|join,3CFA924D0D5EE3C1172E5EA3FA2068C41AE9CEDDFC1FEC5A05641657D784D11B,5868892DB40C5387F6F38780322F8B7726F2AC0E3807C27476D38BCC6BEA2C96
Q135,granite:F00_Full_NoShape,C004,granite:F00_Full_NoShape,correct,1,1,1,1,1,1,easy,0,assets|locations,aggregation|filter|join,1581484B24E75E75AA1BDE35832FCF2A5B01F27FD20A7404CE27AFC5E6A40BEF,B6590CBD8A77D19F0637FC55A4B7B4C4D010F580907B133F89B6908F4387E40E
Q136,granite:F00_Full_NoShape,C004,granite:F00_Full_NoShape,correct,1,1,1,1,1,1,easy,0,assets|locations,aggregation|filter|join,BF2AAB98ECB85F86491096670FF671E2B541936444975680F567D6C56F982716,FD0D4C193FFA8524DA8C0A9C846DBCC039FA29FDB7034474E85704812AA3FF03
Q137,granite:F00_Full_NoShape,C004,granite:F00_Full_NoShape,correct,1,1,1,1,1,1,easy,0,assets|locations,aggregation|filter|join,A65450E5D317B461C09B798F8C658230C1E3CEB17E01457AA9D027FE588CF0FC,C510A4F480C890919D61542527C4484503C79E7F886440DD697CBB05C07933CE
Q138,granite:F00_Full_NoShape,C004,granite:F00_Full_NoShape,wrong_denotation,0,1,1,1,1,1,easy,0,assets|locations,aggregation|filter|join,C30E06EE0FFFF50A0A73A4F6E629F630D4BE50F6E101A69E026D8BD37CD2E4ED,E4232AC36C8531B610F07F35323BE6D3CE210DCA9100C1F2AA5B079F951DEE7B
Q139,granite:F00_Full_NoShape,C004,granite:F00_Full_NoShape,candidate_shape_mismatch,0,3,2,3,5,5,medium,1,assets|sensor_readings,filter|float|join|order-by,20C83103645263E938E0D11196274FBAE0DD69E46A22E38F687356984F017824,CBD1D3E389EDFEB07D635046BF87B3AC06B895497ABBA66F9042635E26DB3898
Q140,granite:F00_Full_NoShape,C004,granite:F00_Full_NoShape,candidate_shape_mismatch,0,3,2,3,0,0,medium,1,assets|sensor_readings,filter|float|join|order-by,8C1515D9460281791F90443C3B24FAF5C825408BE13F72D6254369CDC3EF38C3,E7AFD864A4AA0E3CAC06A707B65998B52154E8B0F3A5C20981AFEEF477184D24
Q141,granite:F00_Full_NoShape,C004,granite:F00_Full_NoShape,candidate_shape_mismatch,0,3,2,3,4,4,medium,1,assets|sensor_readings,filter|float|join|order-by,50487EE266770A54D88778DE56E9F651D15B487E2129519C2BDEA3228DFDB512,1685D70047643A73A4164ABDE6309B16C601C2977B18934007C18EECDF897710
Q142,granite:F00_Full_NoShape,C004,granite:F00_Full_NoShape,candidate_shape_mismatch,0,3,2,3,1,1,medium,1,assets|sensor_readings,filter|float|join|order-by,7B3384FFA42EBC54BFF8FB6B818AA1E06B01EAD0D63C3FF899E0777624841E28,405A64E16DDAA9687274876C39A48D52B4A8981C6F921FC1CAB143A62FE0426F
Q143,granite:F00_Full_NoShape,C004,granite:F00_Full_NoShape,correct,1,1,1,1,1,1,easy,0,work_orders,aggregation|filter,3C4F651845C93619B00E894FCDE97841ECB78D929A361F847627F39C1D979BB6,75DB2BB201FC12F0B95501B54A5C07CBFD34967343A841E33BD482D1589E95EC
Q144,granite:F00_Full_NoShape,C004,granite:F00_Full_NoShape,correct,1,1,1,1,1,1,easy,0,work_orders,aggregation|filter,0FA5BDB9FEA64F94D4703BF9E6EFFF60F8ECF5C2D8AC20E15A6766DF65C1280D,9F8B6C3EB40E1299F3897C588A9B22C155B5A8897050055BD39A5ADC5E8032C1
Q145,granite:F00_Full_NoShape,C004,granite:F00_Full_NoShape,correct,1,1,1,1,1,1,easy,0,work_orders,aggregation|filter,14B89DCDF5DBDF69FF06F5F9E16772F1A7B121998E1606A24B1BFDDCA01788B3,390831F1EC845FD04FB6ED5180DEF1CD8E9AE34C33AF169FA6EBB1A570445133
Q146,granite:F00_Full_NoShape,C004,granite:F00_Full_NoShape,correct,1,1,1,1,1,1,easy,0,work_orders,aggregation|filter,E73E10E8282B8C6B34680051CA2C9924F9C0E93AA2FBFD875923BDEB472D3C3B,61E87A91BF90AB9EADE434A189C56C88D06CAD7FDA382159B09FE7AF41EC44C6
Q147,granite:F00_Full_NoShape,C004,granite:F00_Full_NoShape,correct,1,1,1,1,1,1,easy,0,work_orders,aggregation|filter,4A09463D9486D00C68693F7C0F0AF59459E8A9FBE181CC59CB2D846D3B00B9CD,D02E0B94F1FAFED7347DC9D315E1493221E0DCE9A51FCF196D18A09C6418EAD8
Q148,granite:F00_Full_NoShape,C004,granite:F00_Full_NoShape,correct,1,1,1,1,1,1,easy,0,work_orders,aggregation|filter,CDB9CE1FC96A875C6715D0B0770F8639F300635064AE8BB47A14D43E89199F59,8F37A6BBC57A9825403293988A515C47DA291EED8AADE2FCAF6A6FA4998FAD9C
Q149,granite:F00_Full_NoShape,C004,granite:F00_Full_NoShape,correct,1,1,1,1,1,1,easy,0,work_orders,aggregation|filter,C15AAB416DBE8E95D9FD9F478B2F69C4C7E3D39C9060C42D1FD747B7C2124427,F43EC400DA2637333871AA585B3216D15ABF981E6DC60573E2ECE02411DC990E
Q150,granite:F00_Full_NoShape,C004,granite:F00_Full_NoShape,correct,1,1,1,1,1,1,easy,0,work_orders,aggregation|filter,9D947FC35B61A0F2E3EA6B433D97E0E5C03521EE1FB49EE648CA5FD5DDDB7CCC,A16707C49CBCAB649D990DD702407BC2DE34480945F2A11209859729D2A023CA
Q151,granite:F00_Full_NoShape,C004,granite:F00_Full_NoShape,correct,1,1,1,1,1,1,easy,0,work_orders,aggregation|filter,7F9489F9D2CAF402EF4D3AAD3CCD7BBB23A4D0D49DA769C9851EBFF05CE0794A,126170C47D2E3CA0EDC2B42E5ADF7D6C5157F26609EF764DB5967463075273BB
Q152,granite:F00_Full_NoShape,C004,granite:F00_Full_NoShape,correct,1,1,1,1,1,1,easy,0,work_orders,aggregation|filter,BF74327386B4F5BF9D78008D739EE979511082DFD657DAF59CF9BF2C96745F64,A06525F506CC29B994A1BFC5C4AECB3487B191266155C52478ED43FE3D6DE29D
Q153,granite:F00_Full_NoShape,C004,granite:F00_Full_NoShape,correct,1,1,1,1,1,1,easy,0,work_orders,aggregation|filter,15CC25CEE0E87EC6A6B89E4314BF30F19B6F74198D4FD17A366968B4A0024389,A83E9A730A6AACC9B9088F9771B13AE621E1A63421E10E4E21794BC6AD71F579
Q154,granite:F00_Full_NoShape,C004,granite:F00_Full_NoShape,correct,1,1,1,1,1,1,easy,0,work_orders,aggregation|filter,EC1F76CBAC83B49DEDAB06BC020E2C9A55FD415BAB3B77B9FA2037CA66389324,2A59F0DEFDEC674D7BDEC673A9496EE1EB5145624AE7E7C0BE4AC94C13945CC9
Q155,granite:F00_Full_NoShape,C004,granite:F00_Full_NoShape,candidate_shape_mismatch,0,3,8,3,3,3,medium,1,technicians|work_orders,filter|join|order-by|time predicate,F2F5F87784C9AAF7401344DF7B40555708BF59CF1C4CF8CF9274D6577CC7AFA6,062CE20811406347D151CA4E22DBA322D05D1B3825E324112DB9CE764FDA29C3
Q156,granite:F00_Full_NoShape,C004,granite:F00_Full_NoShape,candidate_shape_mismatch,0,3,8,3,3,3,medium,1,technicians|work_orders,filter|join|order-by|time predicate,77BC6CC73A99E8B479294C63D7A7D4DD896AE1A5AA3B5D592F0F6ACE83D5EDE3,6DCF0711BBC668B378E362161CE11344D5B35053FB035999AE360B3E1F2231C4
Q157,granite:F00_Full_NoShape,C004,granite:F00_Full_NoShape,candidate_shape_mismatch,0,3,1,3,2,2,medium,1,technicians|work_orders,filter|join|order-by|time predicate,8EB16B068541005D3A456FD6AD3C2AD53E9721410D6B256B012D5734E2F20420,FB6D8E9E5CA84C5904616D21D33DC95BB0A110D2A95408404D409B67616B3823
Q158,granite:F00_Full_NoShape,C004,granite:F00_Full_NoShape,candidate_shape_mismatch,0,3,1,3,2,2,medium,1,technicians|work_orders,filter|join|order-by|time predicate,0F6CA2F788CF8972D286A6D501221B04473193664FE24C2534B016FA72DE68E2,6B05DC20B411F54AAA4035EE49263BDEE0BEECBBD589739B735C27A8DCC4248F
Q159,granite:F00_Full_NoShape,C004,granite:F00_Full_NoShape,candidate_shape_mismatch,0,3,1,3,2,2,medium,1,technicians|work_orders,filter|join|order-by|time predicate,11FBACF037A78FB562323E61E429C856760C6D2AA0BA64638DF3DA891C72BED1,7109EB7A63ACB3C165C8BB10379E0A025AE31BFF7200F2153763B20B858CFEE4
Q160,granite:F00_Full_NoShape,C004,granite:F00_Full_NoShape,candidate_shape_mismatch,0,3,1,3,1,1,medium,1,technicians|work_orders,filter|join|order-by|time predicate,DB5C08862F816EC844480B4F7BB38CFB77498BAA3FEE33E146FDF405DDDA2522,247F64B9CC969BE0FF0892AF528AE7AFE444EAFFD19D28346A343A540BB0C620
Q161,granite:F00_Full_NoShape,C004,granite:F00_Full_NoShape,candidate_shape_mismatch,0,3,1,3,1,1,medium,1,technicians|work_orders,filter|join|order-by|time predicate,7D11F77393FE681ADF2CE37B34E84EEBC5759DA81C86BCB271B5C6CBA18EF582,920742F6A541EF4F368A8CF8A4E81F81E561FCF34A80C168B5320E37DE422F27
Q162,granite:F00_Full_NoShape,C004,granite:F00_Full_NoShape,candidate_shape_mismatch,0,3,1,3,1,1,medium,1,technicians|work_orders,filter|join|order-by|time predicate,A2A8CEBDA9B6CD7EB763C2E46F50F3E9E59C8A0CB2E1FB64C9543259E8CF9C9D,34F60EDE10AD27A162D4476A2999FB624150CD870349CF1DB8ADF95733ADB63C
Q163,granite:F00_Full_NoShape,C004,granite:F00_Full_NoShape,candidate_shape_mismatch,0,4,5,4,2,2,hard,1,assets|grid_topology,filter|order-by|self-join|topology traversal,C821D273FDDDE7D7441C03911AC82BE3132BB8967009F7F62190F556EDAD883F,25E50AD78502AE74A88196E85FC5B04BB17EBF7C044A0F4DDB8BE7EFC41A7544
Q164,granite:F00_Full_NoShape,C004,granite:F00_Full_NoShape,candidate_shape_mismatch,0,4,5,4,1,1,hard,1,assets|grid_topology,filter|order-by|self-join|topology traversal,6A8965AEFE2CF6B84AAB90E78DF5BAFF3646CC9817B861126BB5D47CC9A39922,24343308951D9A4AD15EA16AED4C1111DEA20F71C709560A1A63C993D7856E40
Q165,granite:F00_Full_NoShape,C004,granite:F00_Full_NoShape,candidate_shape_mismatch,0,4,5,4,2,2,hard,1,assets|grid_topology,filter|order-by|self-join|topology traversal,78842ABBFAA9B8EBF47B4F034593E38F7FBA4C5DC2C29F2BE9A1C7A8748D5A59,1AA1604E51FB7FBACDC0F9CD0C147F0969E26C045A6582B8B193F8626030BEDB
Q166,granite:F00_Full_NoShape,C004,granite:F00_Full_NoShape,candidate_shape_mismatch,0,4,5,4,1,1,hard,1,assets|grid_topology,filter|order-by|self-join|topology traversal,146F43EA5685BF28E19F620AFEBD01D550E217A1EFF57EE62B7EF7779EBAA9F0,78C08665536FD82F0BB63C2D88909519E4E43FC25ED33C6E46137CF02AC686B0
Q167,granite:F00_Full_NoShape,C004,granite:F00_Full_NoShape,candidate_shape_mismatch,0,4,5,4,1,1,hard,1,assets|grid_topology,filter|order-by|self-join|topology traversal,0A8F6880D54AF94DAFF6A8D7FB2555CD756D49FAD2F119B9819C18ACDD51925F,1E4FC9DD39EF57631E9B8DE55D11073E1ED623CEFE82A9BFCD07854B13A499A5
Q168,granite:F00_Full_NoShape,C004,granite:F00_Full_NoShape,candidate_shape_mismatch,0,4,5,4,1,1,hard,1,assets|grid_topology,filter|order-by|self-join|topology traversal,A7B34FA4BED718CFC8ED2E000E1429CE8F74F01B4945791901565B89D956F9E0,23548329609A5AAB25EA63FAC74151F5E12AB062172F1F2941A475D547C8229A
Q169,granite:F00_Full_NoShape,C004,granite:F00_Full_NoShape,candidate_shape_mismatch,0,4,5,4,1,1,hard,1,assets|grid_topology,filter|order-by|self-join|topology traversal,3426C860DA3B6976DE295125A602E319E8DAC0460C5FB0137DB218F027A59F96,CD7DEE4A8CD4D34D8182656ED8B8B804E2FB847D9A87EBB4DE189B88CCFA95F2
Q170,granite:F00_Full_NoShape,C004,granite:F00_Full_NoShape,candidate_shape_mismatch,0,4,8,4,3,3,easy,1,work_orders,filter|order-by,286088F0D471B0C5411C98BF9BBA814E89E171AD946C05E0A37A106B09731C96,9B7C311EEAB47AA56F563E23732784E6F465A71E4F47F0BE48002F605883C7D4
Q171,granite:F00_Full_NoShape,C004,granite:F00_Full_NoShape,candidate_shape_mismatch,0,4,8,4,2,2,easy,1,work_orders,filter|order-by,DD9BA1E1C9F672120E3C05F4A9C1ABD3D80B014D2BB27C15837AA963D5C06AC1,844EDC49F7A38982CF8AD0B041D6DC6D095877F633AF52344098008FC3A4C348
Q172,granite:F00_Full_NoShape,C004,granite:F00_Full_NoShape,candidate_shape_mismatch,0,4,8,4,1,1,easy,1,work_orders,filter|order-by,39B13FFAC93D01D857A2329EBF29B4B95DDCB182A98F621B6A58C7779E2C930C,4D4E7AA98D6EC5812C22119C7899C87B69FC97F7A572C809C4BEC64D0C7265AD
Q173,granite:F00_Full_NoShape,C004,granite:F00_Full_NoShape,candidate_shape_mismatch,0,4,8,4,2,2,easy,1,work_orders,filter|order-by,C7CBEEEAA0DA7BB9985AEDEECF0B39CAEB1492E8BD664F3B4DFCBB240EB0274F,CB010710A9965B256BD2BDAA71AF8B3CA3EBF649A754731CCB1CE356AD6C0908
Q174,granite:F00_Full_NoShape,C004,granite:F00_Full_NoShape,candidate_shape_mismatch,0,4,8,4,2,2,easy,1,work_orders,filter|order-by,5525CE6A06DF39D09BC9A86DB0BE536EEC0BB906B219757AC146AC7B815517D0,23308ACB2435B92AF81B85E120A177C950FE3E25BC5714691826DB364C70788D
Q175,granite:F00_Full_NoShape,C004,granite:F00_Full_NoShape,candidate_shape_mismatch,0,4,7,4,1,1,easy,1,work_orders,filter|order-by,8049B04D2C408A22891BE6CA538C282C6B3A6BFDDEA28F678F81635E8F4D8DE9,6D6450176EC9584C7E4A6FAD27AE50AFF27DA6820B61256BCBDCF1C25147B608
Q176,granite:F00_Full_NoShape,C004,granite:F00_Full_NoShape,candidate_shape_mismatch,0,4,8,4,2,2,easy,1,work_orders,filter|order-by,CEE6C142B3942F0878ACF92993AFB74BA46D7C08695703E4CEFB60AAD8680E5B,5BF700F629F5C03DD89F4DFE573E51E3842E624C2EFB6E70AF7C046B49D57A4B
Q177,granite:F00_Full_NoShape,C004,granite:F00_Full_NoShape,candidate_shape_mismatch,0,4,8,4,1,1,easy,1,work_orders,filter|order-by,B1C8A037449C3038A9AD3BA4050CCDEB8615E4116DE0D1A1AA813BF847F58E06,79BFDB10B9BB031FD2889DFCA3C94F7332770252CC15465B3D37207F9AAD157D
Q178,granite:F00_Full_NoShape,C004,granite:F00_Full_NoShape,candidate_shape_mismatch,0,4,8,4,1,1,easy,1,work_orders,filter|order-by,30530E93D56458E65412A525FFDF3A658BA87632EEACE83A71DFE94B608D2FBB,CE5977974313A0E798D09744F8FE4FEAA958C0F2287C43B4CC8B69292DC6101B
Q179,granite:F00_Full_NoShape,C004,granite:F00_Full_NoShape,correct,1,1,1,1,1,1,easy,0,locations,aggregation|filter,07FDE7DFCE282C7DD76FD216F7224153B4888103A0BF28140E3493C57D479621,F0ED8EA714C8C0B275180E9FE64FAC0C47F5D8F5AF0C098B34C57957C468FF55
Q180,granite:F00_Full_NoShape,C004,granite:F00_Full_NoShape,correct,1,1,1,1,1,1,easy,0,locations,aggregation|filter,5A394330D9F144270651F8093D0BC1B322AD6D39CF5A55D6C4E0FE670814DA0F,A81C2E54E08F172544EB63242B016F9D2C4E951F10D2F903E3A18C7549C9D289
Q181,granite:F00_Full_NoShape,C004,granite:F00_Full_NoShape,correct,1,1,1,1,1,1,easy,0,locations,aggregation|filter,01ACBEF0207DD6956E72F4FC0AE28AB023167AC894F47A5D742DA532DD81BB5D,D30540D8BBE3F71B6F9F61D1E657B286E4509F85FD7DF16F841DEA90F15893BA
Q182,granite:F00_Full_NoShape,C004,granite:F00_Full_NoShape,correct,1,1,1,1,1,1,easy,0,locations,aggregation|filter,8FA7FD810865FAE90100F409F02E539A0B541505A5E080037179EACEC76988F3,48DC7CD04363C88A1964AFD28EBDDD1B5277C2D47D156F41A2593149CACB335C
Q183,granite:F00_Full_NoShape,C004,granite:F00_Full_NoShape,correct,1,1,1,1,1,1,easy,0,locations,aggregation|filter,35D6AB8747F5A94ED1395E6FBD12F6C850D13831061BF2A39F960EFA48000687,02CA04C452E0647DCB9DF1AC775A4E0BC5FD95B31FC68274B197A8AFD56F3F65
Q184,granite:F00_Full_NoShape,C004,granite:F00_Full_NoShape,correct,1,1,1,1,1,1,easy,0,locations,aggregation|filter,78C5FF326D8AF488BBCD3CCDE73A2C425AA3FF4B8040505C82AC798283D09C50,22E8D870E63990E136AF70B49847EE94BBA6FED442B882BC29FB0E74533E1530
Q185,granite:F00_Full_NoShape,C004,granite:F00_Full_NoShape,correct,1,1,1,1,1,1,easy,0,locations,aggregation|filter,D5ADB431FC773FE65F0997430990AC3D2BDA0A6830402623F099BC587088F810,007653CD612C66C0D918F9E160FE50EFB94CC966CE71B3FB2A4B392A146A8BF1
Q186,granite:F00_Full_NoShape,C004,granite:F00_Full_NoShape,correct,1,1,1,1,1,1,easy,0,locations,aggregation|filter,A5E2963C1E9EFE3046DC41FC9CBC801B59C14BF4B7FD06B915B383C5384E2CEC,98115A9FDA686A9542013FAC0F706BE730B9F4C123DBEAF5F90A8214FD97CC09
Q187,granite:F00_Full_NoShape,C004,granite:F00_Full_NoShape,correct,1,1,1,1,1,1,easy,0,locations,aggregation|filter,A30A8ED7B2182EEB857228B1455AB37DD0B5E764708DC69953019BD555E554A4,9374C143E83E0B3E14D14B3A4E5233D9306CD3306CEEB84147F1198AF7A1976C
Q188,granite:F00_Full_NoShape,C004,granite:F00_Full_NoShape,correct,1,1,1,1,1,1,easy,0,locations,aggregation|filter,AE4077536BC2DABE87638BE6DE59E3E204926381B9D9EE1031DA2EE3C0D1F927,AAB780DCBD5F0DF417C342643DC86D142939AF166FF7722A1B3FB85C98A7F7B7
Q189,granite:F00_Full_NoShape,C004,granite:F00_Full_NoShape,correct,1,1,1,1,1,1,easy,0,locations,aggregation|filter,131A7E521B5B9B72394BBE0ED0467ECEBBA7111466B1C7E3C860404612EA0C6A,D98E61AC2461FE884779A2E33AECB2CB6135A4C8FB7F1BFCFCDF4DC5D9D20A63
Q190,granite:F00_Full_NoShape,C004,granite:F00_Full_NoShape,correct,1,1,1,1,1,1,easy,0,locations,aggregation|filter,7A010A256F4D6C0042F1EA15672FB24F9926C20519910C7D6FBC50BB3A5C5818,EFD24C88124419AB6CFA9A484FEC049649216A426B7E851C7538E888E304BEE6
Q191,granite:F00_Full_NoShape,C004,granite:F00_Full_NoShape,correct,1,1,1,1,1,1,easy,0,locations,aggregation|filter,D2FEB923BD867FA6782EB7AF6B83DD72581D3EAFD10E2C2F192C3D64A4C27581,6C2A0BA4FA1FE1628C3F46CD680122170923AC74A025001C2472497F11C68272
Q192,granite:F00_Full_NoShape,C004,granite:F00_Full_NoShape,correct,1,1,1,1,1,1,easy,0,locations,aggregation|filter,2981C9D539D09C741502EE1E3C9A501E7205E586754D4FCE6CBCFD8982F89998,C364D4375957255449638F890940C6CDE4EA6BF3B7A4BCB04865B28AFD6DF22B
Q193,granite:F00_Full_NoShape,C004,granite:F00_Full_NoShape,correct,1,1,1,1,1,1,easy,0,locations,aggregation|filter,800BB68F5CFB8E96251459ACA887DCD33906C8B8AD6C319D6021FFDA76A0CAE0,38B2E194AC2954E898AB8FCDF984D782966CD14D9DA136FF01B7B47088244BA6
Q194,granite:F00_Full_NoShape,C004,granite:F00_Full_NoShape,correct,1,1,1,1,1,1,medium,0,asset_types|assets,aggregation|filter|float|join,7C51D25D5F96350B5D281F0BEDFA48CF1271B07DF288080B6B7C00E5582F07C1,6BB25D93830DFB3D0C3CD2BF041F9E80922B66BB6DA70F723325F5241D3924B0
Q195,granite:F00_Full_NoShape,C004,granite:F00_Full_NoShape,correct,1,1,1,1,1,1,medium,0,asset_types|assets,aggregation|filter|float|join,B8A993CE3BE53544C63F2A23A519769200B43E5318771F2BA4441FBF9FA80490,63AD961D29BC7CDD5C8867E491EB6D094E9D2BFB142D594AB3A58921F30394A4
Q196,granite:F00_Full_NoShape,C004,granite:F00_Full_NoShape,correct,1,1,1,1,1,1,medium,0,asset_types|assets,aggregation|filter|float|join,F7AFAEBC1249E2B19A66CCEA8C50C53AF018B6958504C23802F7B31E0774408B,12D9A956469E8B9A07CE652EEB0C29A2EF5322DA2D3E2C50FCD0B5A954BBF5B2
Q197,granite:F00_Full_NoShape,C004,granite:F00_Full_NoShape,correct,1,1,1,1,1,1,medium,0,asset_types|assets,aggregation|filter|float|join,6EDFFE469C9CF65CD157CE27BCEE2F407B9E4E8753116B3C7E1D0FA8607CD196,2BAA500471E7659AEEC8CB26FA6EFF1565751D8F7AB8B43DCE976C15418A8211
Q198,granite:F00_Full_NoShape,C004,granite:F00_Full_NoShape,correct,1,1,1,1,1,1,medium,0,asset_types|assets,aggregation|filter|float|join,57799F5B3D301A085C1D0B03EB6CE8159ADC8C791A68EA9D6365C64D2583A457,196985D54C20EA79FAACCBE0C763EEA9B4ABE2DDD16E2DF27A89CEEAE620383A
Q199,granite:F00_Full_NoShape,C004,granite:F00_Full_NoShape,correct,1,1,1,1,1,1,medium,0,asset_types|assets,aggregation|filter|float|join,57C49AA1B8040ACFAA39EB0CEED3BA9330541B4992346A7A5D6DB3A82B59EFE7,084AAE6809FB4DFCC9D03C63CADDC4AB8F8FD07C6DC079A0A20DF9DA21208BE1
Q200,granite:F00_Full_NoShape,C004,granite:F00_Full_NoShape,correct,1,2,2,2,1,1,hard,1,asset_types|assets|sensor_readings,aggregation|filter|group-by|join|order-by|top-k,137495D90691EAE5785708213B629DDAE21B3A67BD8987356F26611B1CECC30A,B48776A52748FCB7300FC3FDE5674B5984B47ACA419F9E29A4DCF675167ABC66
Q021,granite:F01_Full_WithShape,C005,granite:F01_Full_WithShape,wrong_denotation,0,1,1,1,4,4,easy,1,assets,filter|order-by,55F81C1AC873F824F3F76FD7C83D25F164EC941CF33550C2FBC69A3A03FF9FC9,2198EFD31F4C3DE5080570F611B43AD0FD7047E848954219E9DF97A9F827C3E9
Q022,granite:F01_Full_WithShape,C005,granite:F01_Full_WithShape,correct,1,1,1,1,1,1,easy,0,assets,aggregation|filter,D5B25E0025DA4D497DFAD3F205ED0B4E4F4CD5CE017B4F3B94EDC70D69E6D260,F914A2E6E9F067B567649ABA758F096EA3A1E1CB3DDBA17C382A290B9FAF9918
Q023,granite:F01_Full_WithShape,C005,granite:F01_Full_WithShape,wrong_denotation,0,2,2,2,5,5,easy,1,work_orders,filter|order-by|time predicate,51F65702FF2F6177244886737A3A438A574432A4A7018E0B8BAD1CE1A872C551,6AEE6CD3B4332E230E2EC8E78C68AF1603299CB113A49F873577585A88EDA5B8
Q024,granite:F01_Full_WithShape,C005,granite:F01_Full_WithShape,correct,1,2,2,2,1,1,easy,1,technicians,filter|order-by,CC7596945F04BDFF6EBE3F41F42801406152651B879DC751912D9AD90DFD5A88,4DADD9D2866A7A9EC4CBB9FAB5589851F68C40BE4C9D59E9E3E90DD6C7076DD4
Q025,granite:F01_Full_WithShape,C005,granite:F01_Full_WithShape,correct,1,2,2,2,3,3,easy,1,assets,aggregation|group-by|order-by,30A4342FB05AA85402974BE87A97D385BA0D001A5DB69A6A10849809C8EFA2E5,D29EAC989EAFC3E63F7500F3A9E98EB1F15184AD32C402196341AE3DE68CE4BB
Q026,granite:F01_Full_WithShape,C005,granite:F01_Full_WithShape,wrong_denotation,0,2,2,2,2,2,easy,1,asset_types,filter|order-by,DF9376B98BA7AD00C01D30C0E1C4BBD5A3CA305D5F9501B0D3FA4B2061A016E0,B7640EEA33B19B3250A81ABCD2181F399349D39D3542338A50610A754D221E5B
Q027,granite:F01_Full_WithShape,C005,granite:F01_Full_WithShape,correct,1,2,2,2,3,3,medium,1,technicians|work_orders,filter|join|order-by,CDEE5319E74B97F1FFA1A03B6858A89C98AE32F68687E78A6B3CAC9CD2680BBB,1A4BE67B2091AA4AC2EF17CC24EB74DB5413795CF480B725012D3E636586D7BF
Q028,granite:F01_Full_WithShape,C005,granite:F01_Full_WithShape,correct,1,1,1,1,1,1,medium,0,asset_types|assets,aggregation|filter|float|join,7D66F5C50F2138DA21E9D780DA29BF68FC359DE8F36C368C5769D8C4F6EACBD0,54DDECAFAC5EBB954C06CEC98597A00BD698E828637CBF6D38BEFEAB15B75DD8
Q029,granite:F01_Full_WithShape,C005,granite:F01_Full_WithShape,wrong_denotation,0,2,2,2,11,11,medium,1,assets|locations,filter|join|order-by,B17D610CBBA75CEEDDF229B4F8897F52256BEE0E1F241A995F1E230998BF993B,BBA836A5D8C3143D2E60FFD9DD3BEC47B774DBF87559ED3439AF15FA16EB0FF1
Q030,granite:F01_Full_WithShape,C005,granite:F01_Full_WithShape,correct,1,3,3,3,3,3,easy,1,work_orders,filter|order-by,66F6B4D058C9F0F0BA20CA133E40E2F5826EB3C72B501A7C98A1A31C349FA672,2A1E4E60B4A24E54BCE4125A0A1C839E6D0884F564C6332093253FB180F651DF
Q031,granite:F01_Full_WithShape,C005,granite:F01_Full_WithShape,correct,1,3,3,3,4,4,easy,1,sensor_readings,filter|float|order-by,0CF37F4ABB2B5129267819780ACE047DD148563835D5A5C557D5B0E6C81F5DCE,5AC44A498A70D6929187195C8CBD762C06CDF8B3457E1BAE0FCA1A60940AE06E
Q032,granite:F01_Full_WithShape,C005,granite:F01_Full_WithShape,candidate_shape_mismatch,0,2,1,2,3,5,medium,1,assets|locations,aggregation|group-by|having|join|order-by,74D4D10AB0309C880A356609E1A90ED6C9A94F61B5D13CB8267213E493C67CBF,5AC2DBED21AC5DBFE77961A6BC95DE4DDCD8B93728801304EC44E60A601F0F9D
Q033,granite:F01_Full_WithShape,C005,granite:F01_Full_WithShape,wrong_denotation,0,2,2,2,4,4,easy,1,work_orders,filter|order-by|time predicate,759F87E5D8C8F92DCB56A08E32ADE4974579BEBBEDAA9957200E27939201B961,98CEC50EB6962A60F1AED8C1718E6A1D5E8B8CC51C7BA9A0414BE6C5E27BA955
Q034,granite:F01_Full_WithShape,C005,granite:F01_Full_WithShape,wrong_denotation,0,2,2,2,5,5,easy,1,assets,filter|float|order-by,6589F77915617267211A75D3B10A13A4EE8FBCA23D36F820EBB364A0CA5F1C3E,09483B77157245C6C5E9BE1610FE8B3DCE75A48D699D70318CA8EE18F9086F5F
Q035,granite:F01_Full_WithShape,C005,granite:F01_Full_WithShape,wrong_denotation,0,2,2,2,3,3,medium,1,maintenance_logs|work_orders,aggregation|filter|float|group-by|join|order-by,D59E0CC95075A2289C729FB1C38E9D929C95E990895F9BD771E286B70DEF133B,5FD52A03AE98A268E5699C1401991628C1D6D6181E4988438C7F336F0E4D737F
Q036,granite:F01_Full_WithShape,C005,granite:F01_Full_WithShape,wrong_denotation,0,2,2,2,0,1,medium,1,technicians|work_orders,filter|join|order-by,7AC81BB3E8E4A6D12B83230782FECF88B713A8EC97A8E15F7BDC38A382A0FECA,B2B351D2DD6E4445AF79275FA0F5DA3CFEF62F36CB190170F6DE6E7B351B7943
Q037,granite:F01_Full_WithShape,C005,granite:F01_Full_WithShape,wrong_denotation,0,1,1,1,1,1,hard,1,assets|grid_topology,filter|order-by|self-join|topology traversal,09CCDD4C62CF56B54A01D3BB0F040999131F17680B3E08660B70EF93C7DB1403,B045E4DE9620345D0E575188F60F3F6D232B47BAFC5F7586F3FD9766816C2247
Q038,granite:F01_Full_WithShape,C005,granite:F01_Full_WithShape,wrong_denotation,0,1,1,1,11,11,hard,1,assets|work_orders,filter|nested query|order-by,3698B2748D8791717F4543B003A3B5A45AA7CDD319EB631F3FA04EDEBC08324E,72E745C00A0F58ED2EDD21C2568B8982DD5E2407D404BD000443DEDBCA4ED63E
Q039,granite:F01_Full_WithShape,C005,granite:F01_Full_WithShape,correct,1,2,2,2,1,1,medium,1,work_orders,filter|order-by|time predicate|top-k,402252248EEACA2FBF96D57FA44D8AA917C435CB746F24279D0099FB0A58A6A7,B4CD6C00B5DAE5EFF3C6B878426C218E13A252D8819B0FDB38635CF71DF1F323
Q040,granite:F01_Full_WithShape,C005,granite:F01_Full_WithShape,wrong_denotation,0,1,1,1,0,4,easy,1,assets,filter|order-by|pattern,982FE9138BD5A72765BC1871BA736AA4D46F03088AD634E6F8116CD37DB922BB,8EBE89272A8ED2BDF4276016C69C61E8BA0E215B91DD36A99CCD76381F585F64
Q041,granite:F01_Full_WithShape,C005,granite:F01_Full_WithShape,wrong_denotation,0,2,2,2,8,8,medium,1,assets|sensor_readings,aggregation|filter|group-by|join|order-by,EC5AD5CD4A7B0DBD620E4B668D4E4F7A4DA3DD646BC753577D99DBE1D3404BB8,3D6D3DCFA6005C015C82447250648EBE4E3D2C89437A232DCA907B5E432725FE
Q042,granite:F01_Full_WithShape,C005,granite:F01_Full_WithShape,correct,1,1,1,1,1,1,easy,1,asset_types,distinct|filter|order-by,254D67B200FE4C9D7A88A9855CFF34D882EA6A73A093EE080E9844A3C6056F8F,3D176D0A46AABD8359DC958BE56505456BC95FDEE7BECBE95F1CE0C86774A88C
Q043,granite:F01_Full_WithShape,C005,granite:F01_Full_WithShape,correct,1,2,2,2,3,3,medium,1,asset_types|assets|locations,filter|join|order-by,BC09CAB657B8298FBA24288749913B20BB8A1C03EE5BB814061C8224C41EDE3A,3033FB90E3C88DD14F28CAA9D7404B3EC148B8C301D11B44A42DCFFF2AC7CFF8
Q044,granite:F01_Full_WithShape,C005,granite:F01_Full_WithShape,correct,1,1,1,1,1,1,easy,0,maintenance_logs,aggregation|filter|float,61982D1BF4E753A85EA2860ABB52A111F2088286249732DE05BAD0B61A5DBF31,2ADB7284D4D878BA558B1AA913DB7A45F11D6E4E96D82B9B24C31B31A8CD997A
Q045,granite:F01_Full_WithShape,C005,granite:F01_Full_WithShape,candidate_execution_error,0,2,0,2,0,1,medium,1,asset_types|assets|work_orders,filter|join|order-by,D6154D4DDF5B59B750155B76FE51341916E14DEC9C43B489136657924CD3476F,C96A6B040E2AE08507B988B863FA1F08DA2A76E2679F16FB276DEB323238B8FA
Q046,granite:F01_Full_WithShape,C005,granite:F01_Full_WithShape,wrong_denotation,0,3,3,3,3,3,medium,1,assets|sensor_readings,filter|float|join|order-by,0BC18E878D16DB3E5D63E03695813B9916BFCA17FE36F5D97CF4A4955DCCB261,692D6D9F23FE1084D1FEA9495BEE1D8809875B8893DA96A93EF414656FE34C59
Q047,granite:F01_Full_WithShape,C005,granite:F01_Full_WithShape,wrong_denotation,0,2,2,2,3,3,medium,1,asset_types|assets,aggregation|group-by|join|order-by,8825D17E4054E3E3C32A8D5059D24116C9E373ACF9545394FFE8549AD4D5F46B,39F74338A2111F1EF34E04009D586A004D16B93BB80B956F375D76FC7972316C
Q048,granite:F01_Full_WithShape,C005,granite:F01_Full_WithShape,wrong_denotation,0,2,2,2,5,5,easy,1,assets,filter|order-by|time predicate,D22EDA743B421357A9831093756D9B9D66531CB2A4E3148C1E085A292E8492E5,790D535AA128B306F6ED938E9B2A5718BBA0EC628B2242375539FF7846C52141
Q049,granite:F01_Full_WithShape,C005,granite:F01_Full_WithShape,candidate_execution_error,0,1,0,1,0,1,medium,0,maintenance_logs|technicians,filter|join,4BC8AB69A493FDD38B27642C2A57ABDD8F2D05C177B1CDCADA01828C13B61CA2,EE416EF7F4C0E0F5585050A84A1C02C05AFFA18D60380281ADBC92E3FF62F8AB
Q050,granite:F01_Full_WithShape,C005,granite:F01_Full_WithShape,wrong_denotation,0,3,3,3,5,5,hard,1,assets|grid_topology,filter|order-by|self-join|topology traversal,5EE2B6FF40D07C2446C9A16CBC9538AC892E0D00360C8FB032DC4E4FB1D56558,1F3AE954A1BCAB25CEB1EC2272A14D51F35A6474CCBF8D48287C845763F751AF
Q051,granite:F01_Full_WithShape,C005,granite:F01_Full_WithShape,correct,1,2,2,2,1,1,medium,1,maintenance_logs,float|order-by|top-k,1F56D013E8FBCB6B36EC7353975FCB01F0F1EE2DA96B76697D6107BD406E2B2D,8186C9B7C74D7153D2A3E5364F5AD2ABC02DA97A428E332303F868640A96606B
Q052,granite:F01_Full_WithShape,C005,granite:F01_Full_WithShape,correct,1,2,2,2,3,3,medium,1,asset_types|assets,filter|join|order-by,698A6C3C274BC56DD5288571F72BB548E30E83683DA50AC4F91D133E776B3FF8,85DF82AC2ABE10DD5ED6C6D984D4D687FE6CE678589BC733F59070004B547B73
Q053,granite:F01_Full_WithShape,C005,granite:F01_Full_WithShape,candidate_execution_error,0,3,0,3,0,2,hard,1,work_orders,filter|order-by|scalar function|time predicate,FA8D482FB50CF3BD4C6F0499BCE1A6C9CD22F5CC073CD05298C76FDF07EB6695,3EAE7BE8AF8CF36D1703C80633D8B0CE6180A8A5F4FF5EC524C2106E40CEDDF5
Q054,granite:F01_Full_WithShape,C005,granite:F01_Full_WithShape,correct,1,2,2,2,4,4,easy,1,sensor_readings,aggregation|group-by|order-by,D9331C873A715CB9D5A30223071E8A1147348D9F44C5551C4EC13A253A48DD1B,D8B52409C7C001AEAAFCE4E0ABE9E04718FC18D305762DFDF40537090C9269BF
Q055,granite:F01_Full_WithShape,C005,granite:F01_Full_WithShape,wrong_denotation,0,1,1,1,2,2,medium,1,assets|locations,filter|join|order-by,A14AF4B116A2B8B8098A2329510E5AC07F64C1B04621938F17D0FDAAA5ED18F6,D415506393250DA3C55B5152424D2C8CE60A8106C2C445DD502A049F00EB2C79
Q056,granite:F01_Full_WithShape,C005,granite:F01_Full_WithShape,correct,1,2,2,2,3,3,medium,1,technicians|work_orders,filter|join|order-by,FF20A5AEE908B8BB3965C6427F8C9488332BF26482E1B3DCD47743242B434C74,4289E1781826F34A34DD523F831378B0936CB18EE72A25056922A9ABEFF7589F
Q057,granite:F01_Full_WithShape,C005,granite:F01_Full_WithShape,wrong_denotation,0,1,1,1,1,1,easy,0,sensor_readings,aggregation|filter|float,9ADF25E1FE999AA6CAC8898359942B0A192852D3DFD73DC6CC1052C914E2BA5F,E83BCDA26C405F53453C322BC9A153554DFB63AD0414921B833DAB23BFDCDA57
Q058,granite:F01_Full_WithShape,C005,granite:F01_Full_WithShape,wrong_denotation,0,1,1,1,5,3,hard,1,locations,distinct|filter|nested query|order-by,5E8B486FEE161624DB4CBBFB4F48CA4A61706912BFB0EE6D02C9E964D002F866,117CE18E62A2C6F5B6F1A2D1049CA245877A54DEA51FF8654B501AA2147D96D6
Q059,granite:F01_Full_WithShape,C005,granite:F01_Full_WithShape,wrong_denotation,0,2,2,2,4,18,hard,1,assets|work_orders,aggregation|group-by|left join|order-by,9BE47A5E5B3C0FAB1384FD75362F587147274B574A7B70F4538694CD745049DE,3DFAC6294FA48460FE07FC0DEED4527955CA9F7EA62EDB72EFEF66A5219701E5
Q060,granite:F01_Full_WithShape,C005,granite:F01_Full_WithShape,wrong_denotation,0,1,1,1,10,10,hard,1,assets|sensor_readings,filter|nested query|order-by,4311F9BF5AC5A005E8A014C1E2BC7B44FA89A1F92BAFBFBCF05AF9E9697FCAF8,8DFC0FBE8CC2393C9F4E29E4FCF12CC084574B2C95E1934AA8B0CF40486323AC
Q061,granite:F01_Full_WithShape,C005,granite:F01_Full_WithShape,correct,1,2,2,2,1,1,easy,1,asset_types|assets,filter|join|order-by,9E0FD8857FBDF1D17F8400CE79234977BA419D5551C68A089C3D5004EE6B940F,CB8A8CA90B5B5B65811AA50547961910F48DD4D22DC465C65D740863041AF421
Q062,granite:F01_Full_WithShape,C005,granite:F01_Full_WithShape,wrong_denotation,0,2,2,2,7,7,hard,1,technicians|work_orders,aggregation|filter|group-by|left join|order-by,38229A6711F0AA887AD416E5AB0495957506E9FB9F7B53E969CAE0AE5F86B4F1,D5FE9AD86D37A053D4D7A70DB8044F96A7D0DA521ED50AEA86C7C4DE091EA3E1
Q063,granite:F01_Full_WithShape,C005,granite:F01_Full_WithShape,candidate_execution_error,0,2,0,2,0,1,easy,1,work_orders,filter|order-by|time predicate,7AFCB68882E33A4308952D92A4CF8CD3A5F6350D446C4EC0BC7F5FE3AC44E319,9BC61C0E25D15E080395150B61ED05DC6A342608FE1BCB66CBB3165CAB232AC0
Q064,granite:F01_Full_WithShape,C005,granite:F01_Full_WithShape,candidate_execution_error,0,4,0,4,0,15,hard,1,assets|sensor_readings,float|join|nested query|order-by|time predicate,DCBA95421D21CC0643D01355A81B6081CDA3BB1739A85CBC1A6BE5E751A08D63,3668AF6F317F360422A127A07D15C6520B21A32029142BA9B9C9FF430E0EDC43
Q065,granite:F01_Full_WithShape,C005,granite:F01_Full_WithShape,wrong_denotation,0,1,1,1,4,4,easy,1,assets,filter|order-by|pattern,A0EB5B6158011E57C84403D46EF0E996EFD2435CA19368508DE43C3412F0E831,C5BD5C26B91224A6B61EF52388B9D8E6E901CB40A83BC61A526D27093BA499E4
Q066,granite:F01_Full_WithShape,C005,granite:F01_Full_WithShape,correct,1,1,1,1,7,7,easy,1,work_orders,filter|null|order-by,B9957B17694AC2ADF72CBA01DC6B16BAB1DC5C9E6BD22154DF387AEBA37CA38E,73EC29EE90BE10D52AF1B9A6E6637C370408ADF28CDE872950CF0721E464A6F8
Q067,granite:F01_Full_WithShape,C005,granite:F01_Full_WithShape,correct,1,2,2,2,2,2,easy,1,maintenance_logs,filter|order-by,E169DE04B07B3749F41A049D0FDEC26290143ECED48B6B0513CB3B0FBB19F9F5,8A3CA45B2951961D067C5F1853776756E2E634AFA005BD7DBA46152A8A26599A
Q068,granite:F01_Full_WithShape,C005,granite:F01_Full_WithShape,correct,1,2,2,2,6,6,medium,1,asset_types|assets,aggregation|float|group-by|join|order-by,DC2346A97C3C67D9F69470F60A02366A305CE042BA44EB175F69E35C8E45CDF2,85CFEF7B936CE99C93FE7B3FA4D790D3A62A1C3610D4406C2FB446EF88721A92
Q069,granite:F01_Full_WithShape,C005,granite:F01_Full_WithShape,correct,1,2,2,2,2,2,medium,1,asset_types|assets|locations,filter|join|order-by,5D0536FAF17335FE22E2983E2478C53835D3E5FC4C973B5BCD895EA1477A5195,4C9A53FDA153DBC282E75ED5D8A8271290B409B3983EC5245A5A355FCD513F55
Q070,granite:F01_Full_WithShape,C005,granite:F01_Full_WithShape,wrong_denotation,0,3,3,3,4,2,medium,1,grid_topology,filter|order-by|topology traversal,7691DF5C580BF656B3C2463B80DBB2A9D200000A0CEC8989168D71EDB171C3EE,DE4AB58DD907088525A343A7DAEBD70C2E24266A926BA47803FD436F0A020578
Q071,granite:F01_Full_WithShape,C005,granite:F01_Full_WithShape,wrong_denotation,0,3,3,3,1,1,medium,1,assets|work_orders,filter|join|order-by,8F5898391C36AE961C5EE2EBF6F8A320BAD30068F519F3D208740AB41EADF068,E97FEB511A72F5242C5B426C15B5B68C0AC52AB5CFAA307E2F2BE34D1DCF1583
Q072,granite:F01_Full_WithShape,C005,granite:F01_Full_WithShape,correct,1,1,1,1,1,1,easy,0,locations,aggregation|filter,7ED72780457EF1D5929673311337FA9DEA9B3B0C7817F76B7828CCFA696FEE04,95EAB691F3A87564414FB116CCC94458C67C735A9958F15C840959E7DB9879CB
Q073,granite:F01_Full_WithShape,C005,granite:F01_Full_WithShape,wrong_denotation,0,1,1,1,1,0,hard,1,technicians|work_orders,filter|nested query|order-by,80C97CAA261AD9FD3B10A91CB8CEDBF84F2530D14C230C7D0CCBC204E48105DD,EA2420FEE687FD65F202317C768EA6E3DC6FD466407B8319A0595851D188137C
Q074,granite:F01_Full_WithShape,C005,granite:F01_Full_WithShape,correct,1,2,2,2,1,1,hard,1,asset_types|assets,aggregation|float|group-by|join|order-by|top-k,162E8EC18A30836739EABC5E29724781A013E52C8F69FDCA3A61E8A627BEBD2A,B3B989D9A5ABEE1F604FA90721954855A1D98E68FACCAD5A30A70A72116F86E3
Q075,granite:F01_Full_WithShape,C005,granite:F01_Full_WithShape,correct,1,1,1,1,1,1,medium,1,technicians,filter|order-by|scalar function,2F67FAE5E50733B3997E75A05B5F853F9CEBBD394ACAEF5E6020842BC98AC6B1,8075FFA2B3AD5DABD5BC301871642C493AEFF0E21B13E50DF735B53208C4E3F9
Q076,granite:F01_Full_WithShape,C005,granite:F01_Full_WithShape,wrong_denotation,0,3,3,3,8,8,hard,1,assets|locations|technicians|work_orders,filter|join|order-by,42E7A1EB7FBC1AFCE5FA9A839EBC28F277B07AE5DF8BC3BD0318AFE0F690A1AF,AA5687CCFF7ED2B6D7D26AF69D1CF935236DDB5C496DA6F59BF2CB5194DC765F
Q077,granite:F01_Full_WithShape,C005,granite:F01_Full_WithShape,wrong_denotation,0,1,1,1,7,6,hard,1,assets|sensor_readings|work_orders,distinct|filter|join|nested query|order-by,3D3B8D0E90939D63C7C8259F9CE0FAA2BF46157317E95E78EA4DD4622F04E899,3A581069DD8A71B35ACBBF96C143EF11E799EF3534FA97CB6EDE4228C5CCAFE0
Q078,granite:F01_Full_WithShape,C005,granite:F01_Full_WithShape,wrong_denotation,0,1,1,1,1,1,medium,0,maintenance_logs,aggregation|filter|float|time predicate,DC51133F60731B7CCF7400F93DE5B95BBC851ECF0E9A951297399424F3086BE0,189994EC16E232110E615D509BA67D7EB2D5E3DA5EEBE8800A9A217765A6DE0D
Q079,granite:F01_Full_WithShape,C005,granite:F01_Full_WithShape,wrong_denotation,0,2,2,2,2,2,hard,1,assets|grid_topology,aggregation|group-by|having|join|order-by|topology traversal,6067DA32189217AD3B04373C9D68721FA55B1A7F2426D6B7849AC6F1EB1CC53C,BF4F0EA342B7028E01793072D85D1178814F555A8FA5378F3192C135BDED2615
Q080,granite:F01_Full_WithShape,C005,granite:F01_Full_WithShape,candidate_shape_mismatch,0,3,6,3,4,4,hard,1,asset_types|assets|locations|work_orders,filter|join|order-by,A0B214DFC8A6C0A41A6A859ACFE3595BE903A834369AA4C7927F007DBECC8D11,56DC4BFED3DB08B1C0326C1F215763519AAE73E65A2E9B35E688A92A2CB84E6B
Q081,granite:F01_Full_WithShape,C005,granite:F01_Full_WithShape,candidate_execution_error,0,3,0,3,0,1,medium,0,asset_types|assets|locations,filter|join,1DDBF0DE72DB09B7BBF9C49C3D694195222E8406B6C1D12FDB0C07E80CB107B1,B5DFF96C6059A8199759F61599CEF41B66796187405AC66FBA00C76616BF4C3E
Q082,granite:F01_Full_WithShape,C005,granite:F01_Full_WithShape,correct,1,3,3,3,1,1,medium,0,asset_types|assets|locations,filter|join,45EA40334D886DA5457B7F2823FEA918498D6D98BC347A02DB2D1F5019CAD748,5907FBC3F9F3722B44678B02D9B02222BE4AA59CFA5D97407A69E90B2B9B2F95
Q083,granite:F01_Full_WithShape,C005,granite:F01_Full_WithShape,candidate_execution_error,0,3,0,3,0,1,medium,0,asset_types|assets|locations,filter|join,FCC3B897F037F8379685F4C4D220EA331A4339C0A909DA8B588DDA4F4C9A28CC,7BEBBDB5539972BBDB52996E31053D376CDE31AF40998FEFDA5D143B8A068CB3
Q084,granite:F01_Full_WithShape,C005,granite:F01_Full_WithShape,candidate_execution_error,0,3,0,3,0,1,medium,0,asset_types|assets|locations,filter|join,BB1334F53440DA0F41C89DCC3D9BD6357B7CEADE26B2DE73F25B63DCA456E65B,E9B608A9FE56DD4A70F4BFB2BE6A57DFDCD5857163DB2E40DB8790E68C0E983B
Q085,granite:F01_Full_WithShape,C005,granite:F01_Full_WithShape,candidate_execution_error,0,3,0,3,0,1,medium,0,asset_types|assets|locations,filter|join,580E97AA2ECCAD29AC48CE837BB14ED10656F85975C9DF9B713876ACE37B842D,BE47859E9627B4953A38F609DBC5096697D6F691E646B1F0325383F8AF193E6E
Q086,granite:F01_Full_WithShape,C005,granite:F01_Full_WithShape,candidate_execution_error,0,3,0,3,0,1,medium,0,asset_types|assets|locations,filter|join,7761C3B09515E37297EA0309BE41399FEACFFADEC438C207532953F34FA099A2,AD8C5AE8369AAD1CD2D29F12FEBEE5833F05100C2BD337D93549AEF9E8DE16FA
Q087,granite:F01_Full_WithShape,C005,granite:F01_Full_WithShape,correct,1,3,3,3,1,1,medium,0,asset_types|assets|locations,filter|join,F33F74D276747231A485FBB3A5684CA18D91DADA91CC72E7BB3BB114CA8F756B,EC610E6CB8DAE78AF9A630AB0327E4D83BF7E869679B118E9B4F3AC80A125542
Q088,granite:F01_Full_WithShape,C005,granite:F01_Full_WithShape,correct,1,3,3,3,1,1,medium,0,asset_types|assets|locations,filter|join,439EBD42EF7422B9640C3F32EB5FBAA7D5CDF51CFDADEAA55D8C5E9ED576927B,AB06F6AE1D6A86C92475A4CAB67407D223CDEF7E023A33888D45D7474FBEF815
Q089,granite:F01_Full_WithShape,C005,granite:F01_Full_WithShape,candidate_execution_error,0,3,0,3,0,1,medium,0,asset_types|assets|locations,filter|join,3593CF736A4BCE3ABB2733413D4E144A8F3CB02CD77260AC6AB06401C816943A,78DE4B7992B28BB07F2B0EEA4DB6D9B805E2B672F8AA3AA7A8EC1C15ADF6F8C0
Q090,granite:F01_Full_WithShape,C005,granite:F01_Full_WithShape,correct,1,3,3,3,1,1,medium,0,asset_types|assets|locations,filter|join,5539530F4EFB87ECBBA5155D8762408F4DDFF3810929EFC4740A9A23022907E9,F2995887A6CDE41BAE098E58C25E5FE4A6FC18517FBDFD424ECDB715AADC1B76
Q091,granite:F01_Full_WithShape,C005,granite:F01_Full_WithShape,correct,1,3,3,3,1,1,medium,0,asset_types|assets|locations,filter|join,24924ACA211FFD516F99404FD3D3F11A34BCD8CAB58DC724C4A1BEFDE9ABFC23,C90ADD655689FCD9911FDA1120AE5F0439C0E554E9CB8C8DF1BF70881774653C
Q092,granite:F01_Full_WithShape,C005,granite:F01_Full_WithShape,candidate_execution_error,0,3,0,3,0,1,medium,0,asset_types|assets|locations,filter|join,A8280D982E9650BAA6DE72ABB0D3726F7DBC505320F871114247A47629BA8781,8C7606BCDD6CFBA13724611294FE27BA6416EAF37F7B0A9A7BA4CF7F2840E2AE
Q093,granite:F01_Full_WithShape,C005,granite:F01_Full_WithShape,candidate_execution_error,0,3,0,3,0,1,medium,0,asset_types|assets|locations,filter|join,397A2B57DDD8148B4F977D75E6E920B5DC8ABDEA032B5C083790ED4FD0AE5EE2,80AA5E635828D15D65DE1C95E333A7C29B831D491A1AAB2C3B4AF00FA7524316
Q094,granite:F01_Full_WithShape,C005,granite:F01_Full_WithShape,correct,1,3,3,3,1,1,medium,0,asset_types|assets|locations,filter|join,07D3FADB1048595B00B00A16BF022A114E7C1DC7CF784CDB7D4BD07060447BA2,72A4EEC70FE114219C53C3B3BDB8956BAB9A8F048CF56A4EC08DCCDB2F00013F
Q095,granite:F01_Full_WithShape,C005,granite:F01_Full_WithShape,candidate_execution_error,0,3,0,3,0,1,medium,0,asset_types|assets|locations,filter|join,7F387E5E759F99A5021157D2B044A0D54C822E01E8BF5B90084527F30A89CC8E,26D884CC511DBF8DCE2BA5F82EB15338F8DF136F43F11EF608B9CB5A0125BFFF
Q096,granite:F01_Full_WithShape,C005,granite:F01_Full_WithShape,candidate_execution_error,0,3,0,3,0,1,medium,0,asset_types|assets|locations,filter|join,11E30D25CCD3494BB6C6F0267AD31F277BA261F93DFAD57162632289940BC241,D7A4E1B40F05EE267E53226B4C3B2AD861809C274003AFDB2DC6103556EF15BC
Q097,granite:F01_Full_WithShape,C005,granite:F01_Full_WithShape,candidate_execution_error,0,3,0,3,0,1,medium,0,asset_types|assets|locations,filter|join,80C91F52B995B036C1CC5B2F65E1EA2D3DD8A39FCF275E7EECC534CF3FC96B5E,F5EC9300EA6C17C34C465780B1B3B1AF5C281D823AAE63B38AAEA0943779E901
Q098,granite:F01_Full_WithShape,C005,granite:F01_Full_WithShape,candidate_execution_error,0,3,0,3,0,1,medium,0,asset_types|assets|locations,filter|join,333B66145659B99A1DF8567BE4956D7CF71104E7F0284E8E2FF82502FD2D3B09,2C0C09F5495E655CB3AAE807E7D9ED40B69561C9DE1C4481CA8935F94D119B46
Q099,granite:F01_Full_WithShape,C005,granite:F01_Full_WithShape,wrong_denotation,0,3,3,3,1,1,medium,1,assets|work_orders,filter|join|order-by,CF56B5F18156B9A834E95D2B88646F69E5208A3F60715BD9294ECEFAEC59AFB3,6BF9EBE685BB1E6B61F9AD8B1B4FC8220894AEFB6A787DA91E08B6766DEB8980
Q100,granite:F01_Full_WithShape,C005,granite:F01_Full_WithShape,wrong_denotation,0,3,3,3,1,1,medium,1,assets|work_orders,filter|join|order-by,0BE987D3F738FD9D92412AF6062205906F06B20808CBD84A4C22E8A62BB590AA,D71A3F8AB7F6C275DA1810FA42D3F080E31986F00F4D37EEF1710E34D8F02D47
Q101,granite:F01_Full_WithShape,C005,granite:F01_Full_WithShape,wrong_denotation,0,3,3,3,1,1,medium,1,assets|work_orders,filter|join|order-by,38D87B008538218F1B71C85229E02737245F97318A0AEB09F955E298029E5EA2,9E554A31806BDEBEF5515422C23D4B4B54F69A2383A30770E2496EE85235414E
Q102,granite:F01_Full_WithShape,C005,granite:F01_Full_WithShape,wrong_denotation,0,3,3,3,1,1,medium,1,assets|work_orders,filter|join|order-by,155A5634E36E35F82C2B57466363AEC5C8F6DCD0B6DD8086453B4780AA78959A,B91FC88F8737230FD282F58A0C69BC42A1DE8D99665299EF53B09E57C7512DE1
Q103,granite:F01_Full_WithShape,C005,granite:F01_Full_WithShape,wrong_denotation,0,3,3,3,1,1,medium,1,assets|work_orders,filter|join|order-by,38F3075CCBCFD2A90E8C4583CC0997C84951A0C946FEF68FA029F8566064440C,C386265AAB4973D3DC9FBC7633211E0BC9312C72B649097932B1819450C922BC
Q104,granite:F01_Full_WithShape,C005,granite:F01_Full_WithShape,correct,1,3,3,3,0,0,medium,1,assets|work_orders,filter|join|order-by,235ECC642A7A8BA26BBBA46F9922F62784B02D9D1EEC543F19F4559F8B9524D7,41AF7A63B404C8F1F460E26A3EAC59A9A25A503835E2A473A9C172D2FF945282
Q105,granite:F01_Full_WithShape,C005,granite:F01_Full_WithShape,wrong_denotation,0,3,3,3,1,1,medium,1,assets|work_orders,filter|join|order-by,0CCDCFBE9FB083CD9A662053B348CD2AC3F9232A45CE7D44FAEDF34760AC74C2,9A87A0113FB5B583C3E278A16AB9681F3380F6F743363449CD2E9606D64555CB
Q106,granite:F01_Full_WithShape,C005,granite:F01_Full_WithShape,wrong_denotation,0,3,3,3,1,1,medium,1,assets|work_orders,filter|join|order-by,CEB7C503D85722CE2F5137540CA62D0CC8AB52DE61EF117DDC8A8CBE495CB90C,ABC385CDC88056C5B240CBB1CBF71D84FA00AAF5F2D1A0016012A05C9FE63AA9
Q107,granite:F01_Full_WithShape,C005,granite:F01_Full_WithShape,correct,1,3,3,3,0,0,medium,1,assets|work_orders,filter|join|order-by,9C0A1ED12FC79D48FD123D0B5213D1F9726338F8C37AEE3554A50A7D89FEA912,92CD6A92EA310D3EF3D24DF6FD0EF1DB23D6F439F5C40EBD548AD297CC29C55D
Q108,granite:F01_Full_WithShape,C005,granite:F01_Full_WithShape,wrong_denotation,0,3,3,3,1,1,medium,1,assets|work_orders,filter|join|order-by,F20180FDB551B16DF31F9477BE5BDE97464980D485C5A770E40858BCCC17EC64,CB6B1F12686B8F23DE9AB1A591B17B55257DC5B84CF97EDC158E742AB5593C4D
Q109,granite:F01_Full_WithShape,C005,granite:F01_Full_WithShape,wrong_denotation,0,3,3,3,1,1,medium,1,assets|work_orders,filter|join|order-by,557CB9FEE8B08CBD843DB20DFDC0550BCE700D8332D45D5239F69B1AC054145A,CA891F2337BC1FABC1EDA04BF4318D3BD5F81EE4556115D682E97ABE45439A62
Q110,granite:F01_Full_WithShape,C005,granite:F01_Full_WithShape,correct,1,3,3,3,0,0,medium,1,assets|work_orders,filter|join|order-by,BC8E8E5E6129F26387FA8FF911AE0F9C0BEAF810EDF7F80F254B7EF71A815CE7,1F87F45858C889D3425AFBDDCDEB10D5915FBFF7D93B3E5A204717DC800E1499
Q111,granite:F01_Full_WithShape,C005,granite:F01_Full_WithShape,wrong_denotation,0,3,3,3,1,1,medium,1,assets|work_orders,filter|join|order-by,F42F3F786881004AA9C130AF115CCA1320D64064842F17946765ACB2CC26A656,82F9129BF81A30B5E70DD063E12B3D72E1EF7A64810C18CFF2A4489065CD6614
Q112,granite:F01_Full_WithShape,C005,granite:F01_Full_WithShape,wrong_denotation,0,3,3,3,1,1,medium,1,assets|work_orders,filter|join|order-by,04432C12FECF16467DD4DE3C0B64F07D11C1A5F761F87F089C1A0929EE5846E6,A8224D1F700D864B9A1A7ED63F945DEFD172078F0DC7A07137B6AA3A15658BA4
Q113,granite:F01_Full_WithShape,C005,granite:F01_Full_WithShape,wrong_denotation,0,3,3,3,1,1,medium,1,assets|work_orders,filter|join|order-by,28EC3B179DE4871AADD62F28F85509AA78D9113BB9CB7FF18685B79B2CE8114E,BCF472BEA807A36A0A6146014EB6B342D54472212ADC8E37F45C09ED82DF1DB0
Q114,granite:F01_Full_WithShape,C005,granite:F01_Full_WithShape,wrong_denotation,0,3,3,3,1,1,medium,1,assets|work_orders,filter|join|order-by,663B85E4AD360CE9F6D5FEC562E8FC711A280B59374B687D7F48E3A8F31CB3FA,E97FEB511A72F5242C5B426C15B5B68C0AC52AB5CFAA307E2F2BE34D1DCF1583
Q115,granite:F01_Full_WithShape,C005,granite:F01_Full_WithShape,wrong_denotation,0,3,3,3,1,1,medium,1,assets|work_orders,filter|join|order-by,83A71390A7B51FCB67B06624C53FFE03FDE2839BF23D6810E5159B2735300EE0,9FEDD4D8A154A5979AB6353D353EF5729594B3018ECE5AEB20824FCC6C1D9A94
Q116,granite:F01_Full_WithShape,C005,granite:F01_Full_WithShape,wrong_denotation,0,3,3,3,1,1,medium,1,assets|work_orders,filter|join|order-by,98A8CEB776521257BFDB4DD9FD3E04AD3E6AFD901C7EDE2224A1F655C265FCD2,9C493A195F29C0AB271B65A6DE85273D13DFE693DC84B3DF1755BBEC92C8150C
Q117,granite:F01_Full_WithShape,C005,granite:F01_Full_WithShape,correct,1,4,4,4,1,1,medium,1,assets|sensor_readings,filter|float|join|order-by|time predicate|top-k,3FDC0AFCB83B157AA5D2E45653972C5E408092CD506C18C40B3625C37F911C25,ADDB11C32923185E4B1B5D4FAF244BB15F14A267EB51F4A4E1042B99C6CFAC41
Q118,granite:F01_Full_WithShape,C005,granite:F01_Full_WithShape,correct,1,4,4,4,1,1,medium,1,assets|sensor_readings,filter|float|join|order-by|time predicate|top-k,39E4DDCEB3C6F3E2A3375C9AD8EA9A18D7B8C11CA74CF3B907993C7D13BF0EA3,6C2CE94927FE1ED8110277B2991EB547D2F0DED199533691FF05F7A8AF570602
Q119,granite:F01_Full_WithShape,C005,granite:F01_Full_WithShape,correct,1,4,4,4,1,1,medium,1,assets|sensor_readings,filter|float|join|order-by|time predicate|top-k,6701693EC01271DAF56E2C7EA4F05B76B79BDA67BA8E30920B0ACB28B55B8615,235D55B60C02355C29746D04A7A4CD7F52DF41E442EE169FCD3F3A03CD004476
Q120,granite:F01_Full_WithShape,C005,granite:F01_Full_WithShape,correct,1,4,4,4,1,1,medium,1,assets|sensor_readings,filter|float|join|order-by|time predicate|top-k,AB8ED1A01EC230DE225BF8B0888C4102F528B185583B1F8998CC0A1BAF93A626,C538A82A512A0972EFCFEF46D832F24EDA184A51136A4E6375FC335EB27B5DE9
Q121,granite:F01_Full_WithShape,C005,granite:F01_Full_WithShape,correct,1,4,4,4,1,1,medium,1,assets|sensor_readings,filter|float|join|order-by|time predicate|top-k,6FDE5CABB1D95A6BCAC7A1C7B01314E437AA41025CB9AC9F53733C184C11DEBE,38D2BE7FBE3C6C649A1B5FA80ACBEEF334758BA2C540752007AC4561E174B1BD
Q122,granite:F01_Full_WithShape,C005,granite:F01_Full_WithShape,correct,1,4,4,4,1,1,medium,1,assets|sensor_readings,filter|float|join|order-by|time predicate|top-k,3B9AF9AF12F0094F7F717A70C871578ACB2975FCB52C3F5552741292589848D0,F39EF13DC8ABDEE58F9EB1B202C277013B7B800B148381AF26EA6775491ECF7E
Q123,granite:F01_Full_WithShape,C005,granite:F01_Full_WithShape,correct,1,4,4,4,1,1,medium,1,assets|sensor_readings,filter|float|join|order-by|time predicate|top-k,BE956D28AB6CC07558886616A0C0536B3362303185E47F7AEB77CC64E603DEEB,1BC2E46D210D620AAF5C84F771E1E5581E2642CE844524674C2B2F589DC9FAB2
Q124,granite:F01_Full_WithShape,C005,granite:F01_Full_WithShape,correct,1,4,4,4,1,1,medium,1,assets|sensor_readings,filter|float|join|order-by|time predicate|top-k,DBF03D17CE0171F3A54486BBA71D35F5216B962C0A05BCA0283F448DFF9B385C,A290DB31E66C08B49FC8C381F2F60A0BD658ACBB2AEA91A4A5C96575AE60160C
Q125,granite:F01_Full_WithShape,C005,granite:F01_Full_WithShape,correct,1,4,4,4,1,1,medium,1,assets|sensor_readings,filter|float|join|order-by|time predicate|top-k,D07940A25CAFE5104BD87ED6F86EAA76D0D3F5080C2FFCB3EFD8C2F776220D72,7992EEE72D9FD9518655D7883286F6CB288BED666AD4716BE67643D7CDF04F5C
Q126,granite:F01_Full_WithShape,C005,granite:F01_Full_WithShape,correct,1,4,4,4,1,1,medium,1,assets|sensor_readings,filter|float|join|order-by|time predicate|top-k,EA2C6D3CB3D1ACB5F635A7DC3F087F9A4DE98AB0EA8B939000AAD4E4686AF924,51DCC1CF59797FDB8D524E21A8085A4B1C32D7753B2428EB1AB377F9CD3DC134
Q127,granite:F01_Full_WithShape,C005,granite:F01_Full_WithShape,correct,1,4,4,4,1,1,medium,1,assets|sensor_readings,filter|float|join|order-by|time predicate|top-k,56642754AF560C26A90E4F6B1BBC9441BF193C3580144EF2200EFE35A67E2D9C,A117A0E5D5CA594A8D37A55430C71E3AD7C33D86B2891BF2E96A4297744253E1
Q128,granite:F01_Full_WithShape,C005,granite:F01_Full_WithShape,correct,1,4,4,4,1,1,medium,1,assets|sensor_readings,filter|float|join|order-by|time predicate|top-k,2DF93F4356F4CB970F9D67C0FFC1A528AE11C4A73064B7E85ACDA137FB1635DC,BB81A8F11DA0187DA28E4D6AD68735970ACB5A2AFC07414BD2427DB0A369C598
Q129,granite:F01_Full_WithShape,C005,granite:F01_Full_WithShape,correct,1,4,4,4,1,1,medium,1,assets|sensor_readings,filter|float|join|order-by|time predicate|top-k,AA9B8E1DDE930255EBCF5E4874FC15520B1818B2A4A16926D9D1779072047F3B,8CA57CC09F45306A7B17C7CF6513E8374167574D8555012E6AE7FF89181B04E5
Q130,granite:F01_Full_WithShape,C005,granite:F01_Full_WithShape,correct,1,4,4,4,1,1,medium,1,assets|sensor_readings,filter|float|join|order-by|time predicate|top-k,18B39FCD55ACD8368D2A9D0FA9D9A00F595DB163D853BFD5758C12A6D89D4AC4,66009698E99F05D64B9A5E5BE82CA02620C032CF817352FD25624D9FA0493B18
Q131,granite:F01_Full_WithShape,C005,granite:F01_Full_WithShape,correct,1,1,1,1,1,1,easy,0,assets|locations,aggregation|filter|join,8FAB11634328772E8F01529BE4E8C86EC7BA415B584B22BAB6A8DE5E5C403B07,926DAC82557721913B5B755DEF4E6D7902333789F9AFF24165E7D060F583B4D1
Q132,granite:F01_Full_WithShape,C005,granite:F01_Full_WithShape,correct,1,1,1,1,1,1,easy,0,assets|locations,aggregation|filter|join,A7E897D7545494105967F1AD5796D4EF720E9BFA3A6B14FE2C3B0311C30C4CDF,87F227DF6F9A9C2278171B0FA86333BBFED04EF17B9C027C1C384F7A5604A920
Q133,granite:F01_Full_WithShape,C005,granite:F01_Full_WithShape,correct,1,1,1,1,1,1,easy,0,assets|locations,aggregation|filter|join,A9BA5C67C4C72A60006A37D4DC2C3FAD1BF6E52B4E1F5C1AE176DA680752F7C3,82FFD9A8D5E5FC223E7AF549EE3F28D5BB90775E46E60BED0EB7EC4181944C36
Q134,granite:F01_Full_WithShape,C005,granite:F01_Full_WithShape,correct,1,1,1,1,1,1,easy,0,assets|locations,aggregation|filter|join,3CFA924D0D5EE3C1172E5EA3FA2068C41AE9CEDDFC1FEC5A05641657D784D11B,5868892DB40C5387F6F38780322F8B7726F2AC0E3807C27476D38BCC6BEA2C96
Q135,granite:F01_Full_WithShape,C005,granite:F01_Full_WithShape,correct,1,1,1,1,1,1,easy,0,assets|locations,aggregation|filter|join,1581484B24E75E75AA1BDE35832FCF2A5B01F27FD20A7404CE27AFC5E6A40BEF,B6590CBD8A77D19F0637FC55A4B7B4C4D010F580907B133F89B6908F4387E40E
Q136,granite:F01_Full_WithShape,C005,granite:F01_Full_WithShape,correct,1,1,1,1,1,1,easy,0,assets|locations,aggregation|filter|join,2B06D7496B676D74FA091F386C3474E188D329370E839EE7F739CF440E312A5B,FD0D4C193FFA8524DA8C0A9C846DBCC039FA29FDB7034474E85704812AA3FF03
Q137,granite:F01_Full_WithShape,C005,granite:F01_Full_WithShape,correct,1,1,1,1,1,1,easy,0,assets|locations,aggregation|filter|join,A65450E5D317B461C09B798F8C658230C1E3CEB17E01457AA9D027FE588CF0FC,C510A4F480C890919D61542527C4484503C79E7F886440DD697CBB05C07933CE
Q138,granite:F01_Full_WithShape,C005,granite:F01_Full_WithShape,wrong_denotation,0,1,1,1,1,1,easy,0,assets|locations,aggregation|filter|join,38411843BEB4A7AEED36CD10B5109FE01CF35D1CFBF42E65436320F739A041AF,E4232AC36C8531B610F07F35323BE6D3CE210DCA9100C1F2AA5B079F951DEE7B
Q139,granite:F01_Full_WithShape,C005,granite:F01_Full_WithShape,correct,1,3,3,3,5,5,medium,1,assets|sensor_readings,filter|float|join|order-by,9C5A86F6156FBC8535C00F78B20AF6ECF2E5818F0D8B17EAFD03AFC45F021380,CBD1D3E389EDFEB07D635046BF87B3AC06B895497ABBA66F9042635E26DB3898
Q140,granite:F01_Full_WithShape,C005,granite:F01_Full_WithShape,correct,1,3,3,3,0,0,medium,1,assets|sensor_readings,filter|float|join|order-by,EADD8EE0A2837965A6B82E9A65606D78D4979B472BA382EC22B425BB45A813EB,E7AFD864A4AA0E3CAC06A707B65998B52154E8B0F3A5C20981AFEEF477184D24
Q141,granite:F01_Full_WithShape,C005,granite:F01_Full_WithShape,wrong_denotation,0,3,3,3,4,4,medium,1,assets|sensor_readings,filter|float|join|order-by,E0F20DD414BB8811DC7F29ADAD04107FE0D0167B69176731E7ED3DE62B5A65CF,1685D70047643A73A4164ABDE6309B16C601C2977B18934007C18EECDF897710
Q142,granite:F01_Full_WithShape,C005,granite:F01_Full_WithShape,correct,1,3,3,3,1,1,medium,1,assets|sensor_readings,filter|float|join|order-by,94C5D9B2696882056AB1EF29B7382916D2186185197E451FC346693E998AE7C4,405A64E16DDAA9687274876C39A48D52B4A8981C6F921FC1CAB143A62FE0426F
Q143,granite:F01_Full_WithShape,C005,granite:F01_Full_WithShape,correct,1,1,1,1,1,1,easy,0,work_orders,aggregation|filter,3C4F651845C93619B00E894FCDE97841ECB78D929A361F847627F39C1D979BB6,75DB2BB201FC12F0B95501B54A5C07CBFD34967343A841E33BD482D1589E95EC
Q144,granite:F01_Full_WithShape,C005,granite:F01_Full_WithShape,correct,1,1,1,1,1,1,easy,0,work_orders,aggregation|filter,0FA5BDB9FEA64F94D4703BF9E6EFFF60F8ECF5C2D8AC20E15A6766DF65C1280D,9F8B6C3EB40E1299F3897C588A9B22C155B5A8897050055BD39A5ADC5E8032C1
Q145,granite:F01_Full_WithShape,C005,granite:F01_Full_WithShape,correct,1,1,1,1,1,1,easy,0,work_orders,aggregation|filter,14B89DCDF5DBDF69FF06F5F9E16772F1A7B121998E1606A24B1BFDDCA01788B3,390831F1EC845FD04FB6ED5180DEF1CD8E9AE34C33AF169FA6EBB1A570445133
Q146,granite:F01_Full_WithShape,C005,granite:F01_Full_WithShape,correct,1,1,1,1,1,1,easy,0,work_orders,aggregation|filter,E73E10E8282B8C6B34680051CA2C9924F9C0E93AA2FBFD875923BDEB472D3C3B,61E87A91BF90AB9EADE434A189C56C88D06CAD7FDA382159B09FE7AF41EC44C6
Q147,granite:F01_Full_WithShape,C005,granite:F01_Full_WithShape,correct,1,1,1,1,1,1,easy,0,work_orders,aggregation|filter,4A09463D9486D00C68693F7C0F0AF59459E8A9FBE181CC59CB2D846D3B00B9CD,D02E0B94F1FAFED7347DC9D315E1493221E0DCE9A51FCF196D18A09C6418EAD8
Q148,granite:F01_Full_WithShape,C005,granite:F01_Full_WithShape,correct,1,1,1,1,1,1,easy,0,work_orders,aggregation|filter,CDB9CE1FC96A875C6715D0B0770F8639F300635064AE8BB47A14D43E89199F59,8F37A6BBC57A9825403293988A515C47DA291EED8AADE2FCAF6A6FA4998FAD9C
Q149,granite:F01_Full_WithShape,C005,granite:F01_Full_WithShape,correct,1,1,1,1,1,1,easy,0,work_orders,aggregation|filter,C15AAB416DBE8E95D9FD9F478B2F69C4C7E3D39C9060C42D1FD747B7C2124427,F43EC400DA2637333871AA585B3216D15ABF981E6DC60573E2ECE02411DC990E
Q150,granite:F01_Full_WithShape,C005,granite:F01_Full_WithShape,correct,1,1,1,1,1,1,easy,0,work_orders,aggregation|filter,9D947FC35B61A0F2E3EA6B433D97E0E5C03521EE1FB49EE648CA5FD5DDDB7CCC,A16707C49CBCAB649D990DD702407BC2DE34480945F2A11209859729D2A023CA
Q151,granite:F01_Full_WithShape,C005,granite:F01_Full_WithShape,correct,1,1,1,1,1,1,easy,0,work_orders,aggregation|filter,7F9489F9D2CAF402EF4D3AAD3CCD7BBB23A4D0D49DA769C9851EBFF05CE0794A,126170C47D2E3CA0EDC2B42E5ADF7D6C5157F26609EF764DB5967463075273BB
Q152,granite:F01_Full_WithShape,C005,granite:F01_Full_WithShape,correct,1,1,1,1,1,1,easy,0,work_orders,aggregation|filter,BF74327386B4F5BF9D78008D739EE979511082DFD657DAF59CF9BF2C96745F64,A06525F506CC29B994A1BFC5C4AECB3487B191266155C52478ED43FE3D6DE29D
Q153,granite:F01_Full_WithShape,C005,granite:F01_Full_WithShape,correct,1,1,1,1,1,1,easy,0,work_orders,aggregation|filter,15CC25CEE0E87EC6A6B89E4314BF30F19B6F74198D4FD17A366968B4A0024389,A83E9A730A6AACC9B9088F9771B13AE621E1A63421E10E4E21794BC6AD71F579
Q154,granite:F01_Full_WithShape,C005,granite:F01_Full_WithShape,correct,1,1,1,1,1,1,easy,0,work_orders,aggregation|filter,B6462F231C6BAFBE626CE862D59713D7794489E6211F8190BDFACC18EE490578,2A59F0DEFDEC674D7BDEC673A9496EE1EB5145624AE7E7C0BE4AC94C13945CC9
Q155,granite:F01_Full_WithShape,C005,granite:F01_Full_WithShape,wrong_denotation,0,3,3,3,3,3,medium,1,technicians|work_orders,filter|join|order-by|time predicate,7F0B4258EAAB30319C9A4E9FC565576D9C357711E658345CB8D701C2CD54C26F,062CE20811406347D151CA4E22DBA322D05D1B3825E324112DB9CE764FDA29C3
Q156,granite:F01_Full_WithShape,C005,granite:F01_Full_WithShape,wrong_denotation,0,3,3,3,3,3,medium,1,technicians|work_orders,filter|join|order-by|time predicate,3883BB5ABD7087B2E677BE64866104831B64097F5885D5AAE485A7BA189386E5,6DCF0711BBC668B378E362161CE11344D5B35053FB035999AE360B3E1F2231C4
Q157,granite:F01_Full_WithShape,C005,granite:F01_Full_WithShape,wrong_denotation,0,3,3,3,2,2,medium,1,technicians|work_orders,filter|join|order-by|time predicate,B95E31B85D3C8CFD2BB262152004A5604C08CEF00C0E0B44ED8B6084BD30214D,FB6D8E9E5CA84C5904616D21D33DC95BB0A110D2A95408404D409B67616B3823
Q158,granite:F01_Full_WithShape,C005,granite:F01_Full_WithShape,correct,1,3,3,3,2,2,medium,1,technicians|work_orders,filter|join|order-by|time predicate,1FF77ED33113EE229D670E0D586573CFA6CB5CB8F19479DF7AC2D40FDC1BD27B,6B05DC20B411F54AAA4035EE49263BDEE0BEECBBD589739B735C27A8DCC4248F
Q159,granite:F01_Full_WithShape,C005,granite:F01_Full_WithShape,wrong_denotation,0,3,3,3,2,2,medium,1,technicians|work_orders,filter|join|order-by|time predicate,AAEF2AE686E3BB2D10582E9020C02C56AA50E96FA47BBA2B72DE6EF25ABB35F9,7109EB7A63ACB3C165C8BB10379E0A025AE31BFF7200F2153763B20B858CFEE4
Q160,granite:F01_Full_WithShape,C005,granite:F01_Full_WithShape,correct,1,3,3,3,1,1,medium,1,technicians|work_orders,filter|join|order-by|time predicate,4DAB6BBEA8C027E00D5DDAD4290DD4A8050D7A8D55D97F693BB4FB0F6A32D0DB,247F64B9CC969BE0FF0892AF528AE7AFE444EAFFD19D28346A343A540BB0C620
Q161,granite:F01_Full_WithShape,C005,granite:F01_Full_WithShape,correct,1,3,3,3,1,1,medium,1,technicians|work_orders,filter|join|order-by|time predicate,3B15CBF8CBD5AA1810CB8F55F0E1D60A0F7244E8482B76BE6A9D0B87CFC4CEFF,920742F6A541EF4F368A8CF8A4E81F81E561FCF34A80C168B5320E37DE422F27
Q162,granite:F01_Full_WithShape,C005,granite:F01_Full_WithShape,correct,1,3,3,3,1,1,medium,1,technicians|work_orders,filter|join|order-by|time predicate,B74F66E4261D0D1CB3BE667A85C9F37C137871ABA58198107F3205AE7DEC6CD9,34F60EDE10AD27A162D4476A2999FB624150CD870349CF1DB8ADF95733ADB63C
Q163,granite:F01_Full_WithShape,C005,granite:F01_Full_WithShape,wrong_denotation,0,4,4,4,2,2,hard,1,assets|grid_topology,filter|order-by|self-join|topology traversal,2D46FE112A63095C8761E5833D250F70998B6C15BAF4FAF4800D58641958E857,25E50AD78502AE74A88196E85FC5B04BB17EBF7C044A0F4DDB8BE7EFC41A7544
Q164,granite:F01_Full_WithShape,C005,granite:F01_Full_WithShape,wrong_denotation,0,4,4,4,1,1,hard,1,assets|grid_topology,filter|order-by|self-join|topology traversal,008DAA643E101EE0AE0F698D35A3C245248044425BC4EBD0F0C39F0C421313E4,24343308951D9A4AD15EA16AED4C1111DEA20F71C709560A1A63C993D7856E40
Q165,granite:F01_Full_WithShape,C005,granite:F01_Full_WithShape,wrong_denotation,0,4,4,4,2,2,hard,1,assets|grid_topology,filter|order-by|self-join|topology traversal,5FD902208DAA75204516D27D5892792E86D6221CE0442D333839153DCE5EEE3C,1AA1604E51FB7FBACDC0F9CD0C147F0969E26C045A6582B8B193F8626030BEDB
Q166,granite:F01_Full_WithShape,C005,granite:F01_Full_WithShape,wrong_denotation,0,4,4,4,1,1,hard,1,assets|grid_topology,filter|order-by|self-join|topology traversal,6ABA839F8B3FD6D3EF63F8D1B7AD276C6C2C386E1E1E5B83F8D13F3D81244FB8,78C08665536FD82F0BB63C2D88909519E4E43FC25ED33C6E46137CF02AC686B0
Q167,granite:F01_Full_WithShape,C005,granite:F01_Full_WithShape,wrong_denotation,0,4,4,4,1,1,hard,1,assets|grid_topology,filter|order-by|self-join|topology traversal,A76F18C59801C5B5C0FC3B63BEA46E97581607A23CE24B8FFBF3A68E54B5E09D,1E4FC9DD39EF57631E9B8DE55D11073E1ED623CEFE82A9BFCD07854B13A499A5
Q168,granite:F01_Full_WithShape,C005,granite:F01_Full_WithShape,wrong_denotation,0,4,4,4,1,1,hard,1,assets|grid_topology,filter|order-by|self-join|topology traversal,5C45003C3B65B0F94E2DD438B49CB708D16D7F89A8896D2325D77931B2784958,23548329609A5AAB25EA63FAC74151F5E12AB062172F1F2941A475D547C8229A
Q169,granite:F01_Full_WithShape,C005,granite:F01_Full_WithShape,wrong_denotation,0,4,4,4,1,1,hard,1,assets|grid_topology,filter|order-by|self-join|topology traversal,3BE6C83AD8B1A344A6F92C5E2408F77B7544F3E25195BD956046CAE4624B24BE,CD7DEE4A8CD4D34D8182656ED8B8B804E2FB847D9A87EBB4DE189B88CCFA95F2
Q170,granite:F01_Full_WithShape,C005,granite:F01_Full_WithShape,correct,1,4,4,4,3,3,easy,1,work_orders,filter|order-by,1F09B0791D7C60793D8568CE90D2EB3B15F33D66F54D5761739ACE34431694CE,9B7C311EEAB47AA56F563E23732784E6F465A71E4F47F0BE48002F605883C7D4
Q171,granite:F01_Full_WithShape,C005,granite:F01_Full_WithShape,correct,1,4,4,4,2,2,easy,1,work_orders,filter|order-by,144798378E28F0A7830D68C648BC284D1374B3E4867AFEFAD18D81E0E2F712B0,844EDC49F7A38982CF8AD0B041D6DC6D095877F633AF52344098008FC3A4C348
Q172,granite:F01_Full_WithShape,C005,granite:F01_Full_WithShape,correct,1,4,4,4,1,1,easy,1,work_orders,filter|order-by,01485EF0B8CAED45AD9D396D021C2682D55B534D2EA2A83B913EA92D928A6ABC,4D4E7AA98D6EC5812C22119C7899C87B69FC97F7A572C809C4BEC64D0C7265AD
Q173,granite:F01_Full_WithShape,C005,granite:F01_Full_WithShape,correct,1,4,4,4,2,2,easy,1,work_orders,filter|order-by,5EA2DCCEA29EB1C19C8A47F59CDF9CB27DA27E92032D41CCB1E999E6C9F90AF8,CB010710A9965B256BD2BDAA71AF8B3CA3EBF649A754731CCB1CE356AD6C0908
Q174,granite:F01_Full_WithShape,C005,granite:F01_Full_WithShape,correct,1,4,4,4,2,2,easy,1,work_orders,filter|order-by,EA54FB8DE9F32CCCC8F9DFB80ED1C18565AAC4ABB18F905040E9F8A9D6A09465,23308ACB2435B92AF81B85E120A177C950FE3E25BC5714691826DB364C70788D
Q175,granite:F01_Full_WithShape,C005,granite:F01_Full_WithShape,correct,1,4,4,4,1,1,easy,1,work_orders,filter|order-by,9D3820231B29F99C0CFE69208F0A30AA2B859C04B4070F825F7A278FCC1EF59D,6D6450176EC9584C7E4A6FAD27AE50AFF27DA6820B61256BCBDCF1C25147B608
Q176,granite:F01_Full_WithShape,C005,granite:F01_Full_WithShape,correct,1,4,4,4,2,2,easy,1,work_orders,filter|order-by,3FF991C1CC61E28AE6BC5492C821698816AD5BF0B67D2A0DB2BCB09B9114F7FF,5BF700F629F5C03DD89F4DFE573E51E3842E624C2EFB6E70AF7C046B49D57A4B
Q177,granite:F01_Full_WithShape,C005,granite:F01_Full_WithShape,correct,1,4,4,4,1,1,easy,1,work_orders,filter|order-by,17B0C21E3C832E9ED133D271B4C81CB0020DF2285371F42EF9ED67EBB809744B,79BFDB10B9BB031FD2889DFCA3C94F7332770252CC15465B3D37207F9AAD157D
Q178,granite:F01_Full_WithShape,C005,granite:F01_Full_WithShape,correct,1,4,4,4,1,1,easy,1,work_orders,filter|order-by,860E1BEEDF9B9DD26422DF5545F13124A39290B200257D7BD5319E1520005453,CE5977974313A0E798D09744F8FE4FEAA958C0F2287C43B4CC8B69292DC6101B
Q179,granite:F01_Full_WithShape,C005,granite:F01_Full_WithShape,correct,1,1,1,1,1,1,easy,0,locations,aggregation|filter,07FDE7DFCE282C7DD76FD216F7224153B4888103A0BF28140E3493C57D479621,F0ED8EA714C8C0B275180E9FE64FAC0C47F5D8F5AF0C098B34C57957C468FF55
Q180,granite:F01_Full_WithShape,C005,granite:F01_Full_WithShape,correct,1,1,1,1,1,1,easy,0,locations,aggregation|filter,5A394330D9F144270651F8093D0BC1B322AD6D39CF5A55D6C4E0FE670814DA0F,A81C2E54E08F172544EB63242B016F9D2C4E951F10D2F903E3A18C7549C9D289
Q181,granite:F01_Full_WithShape,C005,granite:F01_Full_WithShape,correct,1,1,1,1,1,1,easy,0,locations,aggregation|filter,01ACBEF0207DD6956E72F4FC0AE28AB023167AC894F47A5D742DA532DD81BB5D,D30540D8BBE3F71B6F9F61D1E657B286E4509F85FD7DF16F841DEA90F15893BA
Q182,granite:F01_Full_WithShape,C005,granite:F01_Full_WithShape,correct,1,1,1,1,1,1,easy,0,locations,aggregation|filter,8FA7FD810865FAE90100F409F02E539A0B541505A5E080037179EACEC76988F3,48DC7CD04363C88A1964AFD28EBDDD1B5277C2D47D156F41A2593149CACB335C
Q183,granite:F01_Full_WithShape,C005,granite:F01_Full_WithShape,correct,1,1,1,1,1,1,easy,0,locations,aggregation|filter,35D6AB8747F5A94ED1395E6FBD12F6C850D13831061BF2A39F960EFA48000687,02CA04C452E0647DCB9DF1AC775A4E0BC5FD95B31FC68274B197A8AFD56F3F65
Q184,granite:F01_Full_WithShape,C005,granite:F01_Full_WithShape,correct,1,1,1,1,1,1,easy,0,locations,aggregation|filter,78C5FF326D8AF488BBCD3CCDE73A2C425AA3FF4B8040505C82AC798283D09C50,22E8D870E63990E136AF70B49847EE94BBA6FED442B882BC29FB0E74533E1530
Q185,granite:F01_Full_WithShape,C005,granite:F01_Full_WithShape,correct,1,1,1,1,1,1,easy,0,locations,aggregation|filter,D5ADB431FC773FE65F0997430990AC3D2BDA0A6830402623F099BC587088F810,007653CD612C66C0D918F9E160FE50EFB94CC966CE71B3FB2A4B392A146A8BF1
Q186,granite:F01_Full_WithShape,C005,granite:F01_Full_WithShape,correct,1,1,1,1,1,1,easy,0,locations,aggregation|filter,A5E2963C1E9EFE3046DC41FC9CBC801B59C14BF4B7FD06B915B383C5384E2CEC,98115A9FDA686A9542013FAC0F706BE730B9F4C123DBEAF5F90A8214FD97CC09
Q187,granite:F01_Full_WithShape,C005,granite:F01_Full_WithShape,correct,1,1,1,1,1,1,easy,0,locations,aggregation|filter,A30A8ED7B2182EEB857228B1455AB37DD0B5E764708DC69953019BD555E554A4,9374C143E83E0B3E14D14B3A4E5233D9306CD3306CEEB84147F1198AF7A1976C
Q188,granite:F01_Full_WithShape,C005,granite:F01_Full_WithShape,correct,1,1,1,1,1,1,easy,0,locations,aggregation|filter,AE4077536BC2DABE87638BE6DE59E3E204926381B9D9EE1031DA2EE3C0D1F927,AAB780DCBD5F0DF417C342643DC86D142939AF166FF7722A1B3FB85C98A7F7B7
Q189,granite:F01_Full_WithShape,C005,granite:F01_Full_WithShape,correct,1,1,1,1,1,1,easy,0,locations,aggregation|filter,131A7E521B5B9B72394BBE0ED0467ECEBBA7111466B1C7E3C860404612EA0C6A,D98E61AC2461FE884779A2E33AECB2CB6135A4C8FB7F1BFCFCDF4DC5D9D20A63
Q190,granite:F01_Full_WithShape,C005,granite:F01_Full_WithShape,correct,1,1,1,1,1,1,easy,0,locations,aggregation|filter,7A010A256F4D6C0042F1EA15672FB24F9926C20519910C7D6FBC50BB3A5C5818,EFD24C88124419AB6CFA9A484FEC049649216A426B7E851C7538E888E304BEE6
Q191,granite:F01_Full_WithShape,C005,granite:F01_Full_WithShape,correct,1,1,1,1,1,1,easy,0,locations,aggregation|filter,D2FEB923BD867FA6782EB7AF6B83DD72581D3EAFD10E2C2F192C3D64A4C27581,6C2A0BA4FA1FE1628C3F46CD680122170923AC74A025001C2472497F11C68272
Q192,granite:F01_Full_WithShape,C005,granite:F01_Full_WithShape,correct,1,1,1,1,1,1,easy,0,locations,aggregation|filter,2981C9D539D09C741502EE1E3C9A501E7205E586754D4FCE6CBCFD8982F89998,C364D4375957255449638F890940C6CDE4EA6BF3B7A4BCB04865B28AFD6DF22B
Q193,granite:F01_Full_WithShape,C005,granite:F01_Full_WithShape,correct,1,1,1,1,1,1,easy,0,locations,aggregation|filter,800BB68F5CFB8E96251459ACA887DCD33906C8B8AD6C319D6021FFDA76A0CAE0,38B2E194AC2954E898AB8FCDF984D782966CD14D9DA136FF01B7B47088244BA6
Q194,granite:F01_Full_WithShape,C005,granite:F01_Full_WithShape,correct,1,1,1,1,1,1,medium,0,asset_types|assets,aggregation|filter|float|join,3018BC41243B319E3E3680DDF5D2CF2B1CA60C85F226E155F1BF35A7AB56722C,6BB25D93830DFB3D0C3CD2BF041F9E80922B66BB6DA70F723325F5241D3924B0
Q195,granite:F01_Full_WithShape,C005,granite:F01_Full_WithShape,correct,1,1,1,1,1,1,medium,0,asset_types|assets,aggregation|filter|float|join,F096A918BADBAD50E5E8AF420891FEDD03AF71507A589515C965C88003F80852,63AD961D29BC7CDD5C8867E491EB6D094E9D2BFB142D594AB3A58921F30394A4
Q196,granite:F01_Full_WithShape,C005,granite:F01_Full_WithShape,candidate_execution_error,0,1,0,1,0,1,medium,0,asset_types|assets,aggregation|filter|float|join,EDB82B642076C639FB17EAB84B193B8B1146D6E255CBC41EFC50230256EDBA1C,12D9A956469E8B9A07CE652EEB0C29A2EF5322DA2D3E2C50FCD0B5A954BBF5B2
Q197,granite:F01_Full_WithShape,C005,granite:F01_Full_WithShape,correct,1,1,1,1,1,1,medium,0,asset_types|assets,aggregation|filter|float|join,12D16FA0D8173B745F0C4D8A3EC5D8B9CFE01AC32DAF6E5F355ACAC060862676,2BAA500471E7659AEEC8CB26FA6EFF1565751D8F7AB8B43DCE976C15418A8211
Q198,granite:F01_Full_WithShape,C005,granite:F01_Full_WithShape,candidate_execution_error,0,1,0,1,0,1,medium,0,asset_types|assets,aggregation|filter|float|join,A33F84456179F058BC382FF487E8F4B6A849C46F216AA96422AB7F2B6BE459A6,196985D54C20EA79FAACCBE0C763EEA9B4ABE2DDD16E2DF27A89CEEAE620383A
Q199,granite:F01_Full_WithShape,C005,granite:F01_Full_WithShape,candidate_execution_error,0,1,0,1,0,1,medium,0,asset_types|assets,aggregation|filter|float|join,DE62C44A642E2F1B17B1E85DF3789280ED43A4B3D2148CFC983A881DD671EE0C,084AAE6809FB4DFCC9D03C63CADDC4AB8F8FD07C6DC079A0A20DF9DA21208BE1
Q200,granite:F01_Full_WithShape,C005,granite:F01_Full_WithShape,correct,1,2,2,2,1,1,hard,1,asset_types|assets|sensor_readings,aggregation|filter|group-by|join|order-by|top-k,137495D90691EAE5785708213B629DDAE21B3A67BD8987356F26611B1CECC30A,B48776A52748FCB7300FC3FDE5674B5984B47ACA419F9E29A4DCF675167ABC66
Q021,granite:F10_Compact_NoShape,C006,granite:F10_Compact_NoShape,candidate_shape_mismatch,0,1,4,1,4,4,easy,1,assets,filter|order-by,970E4B8D027009AD73CB5ED974400AEA7E2677B580FAD7FD0FD0684FE20D0B5E,2198EFD31F4C3DE5080570F611B43AD0FD7047E848954219E9DF97A9F827C3E9
Q022,granite:F10_Compact_NoShape,C006,granite:F10_Compact_NoShape,correct,1,1,1,1,1,1,easy,0,assets,aggregation|filter,D5B25E0025DA4D497DFAD3F205ED0B4E4F4CD5CE017B4F3B94EDC70D69E6D260,F914A2E6E9F067B567649ABA758F096EA3A1E1CB3DDBA17C382A290B9FAF9918
Q023,granite:F10_Compact_NoShape,C006,granite:F10_Compact_NoShape,candidate_shape_mismatch,0,2,6,2,0,5,easy,1,work_orders,filter|order-by|time predicate,38EA0BCA60A95BC37B439CCE615841D4AD2F929B96CAAE887B8D0D4D96C484C3,6AEE6CD3B4332E230E2EC8E78C68AF1603299CB113A49F873577585A88EDA5B8
Q024,granite:F10_Compact_NoShape,C006,granite:F10_Compact_NoShape,candidate_shape_mismatch,0,2,1,2,1,1,easy,1,technicians,filter|order-by,2AE3589C13C9DC755D9F6447FFE778FFDFF8731E2DD17FE1C23BC5ED4E9112E2,4DADD9D2866A7A9EC4CBB9FAB5589851F68C40BE4C9D59E9E3E90DD6C7076DD4
Q025,granite:F10_Compact_NoShape,C006,granite:F10_Compact_NoShape,correct,1,2,2,2,3,3,easy,1,assets,aggregation|group-by|order-by,B89286F63F494B2063C2286FF4241BFA0CD9EA0453624AD5751DE7BBB142282E,D29EAC989EAFC3E63F7500F3A9E98EB1F15184AD32C402196341AE3DE68CE4BB
Q026,granite:F10_Compact_NoShape,C006,granite:F10_Compact_NoShape,candidate_shape_mismatch,0,2,1,2,2,2,easy,1,asset_types,filter|order-by,BD750D43C4248E413849866DE4726A9730536CE747EE7E7BAC75745492937955,B7640EEA33B19B3250A81ABCD2181F399349D39D3542338A50610A754D221E5B
Q027,granite:F10_Compact_NoShape,C006,granite:F10_Compact_NoShape,candidate_shape_mismatch,0,2,4,2,3,3,medium,1,technicians|work_orders,filter|join|order-by,BBD58364AD8518D39C845C523C4A00B26F4FD9A234A54D25F02FA1E0E640736D,1A4BE67B2091AA4AC2EF17CC24EB74DB5413795CF480B725012D3E636586D7BF
Q028,granite:F10_Compact_NoShape,C006,granite:F10_Compact_NoShape,correct,1,1,1,1,1,1,medium,0,asset_types|assets,aggregation|filter|float|join,C73FCE701FDE4E856384DA43D8D329D71BD279042CF34A32E0F7A5B6076DF88E,54DDECAFAC5EBB954C06CEC98597A00BD698E828637CBF6D38BEFEAB15B75DD8
Q029,granite:F10_Compact_NoShape,C006,granite:F10_Compact_NoShape,candidate_shape_mismatch,0,2,3,2,11,11,medium,1,assets|locations,filter|join|order-by,13837F03FA47974039A67DCFDBD5F1F225849D6FED0EBC6F81192491932D345D,BBA836A5D8C3143D2E60FFD9DD3BEC47B774DBF87559ED3439AF15FA16EB0FF1
Q030,granite:F10_Compact_NoShape,C006,granite:F10_Compact_NoShape,candidate_shape_mismatch,0,3,1,3,3,3,easy,1,work_orders,filter|order-by,7B97F4E148E223E2A08D863DC0DEE773FD15BF1947411243AB7BC6AB8E188090,2A1E4E60B4A24E54BCE4125A0A1C839E6D0884F564C6332093253FB180F651DF
Q031,granite:F10_Compact_NoShape,C006,granite:F10_Compact_NoShape,candidate_shape_mismatch,0,3,7,3,4,4,easy,1,sensor_readings,filter|float|order-by,40336EAF4A29D9277110D9AD4DDFBC5469F1F0A79C2B3180D2016938F4A94332,5AC44A498A70D6929187195C8CBD762C06CDF8B3457E1BAE0FCA1A60940AE06E
Q032,granite:F10_Compact_NoShape,C006,granite:F10_Compact_NoShape,candidate_shape_mismatch,0,2,1,2,5,5,medium,1,assets|locations,aggregation|group-by|having|join|order-by,20F538956627D38B46D2E95C333CC617E2204063C5C7F3CBB72DCA96BBFCB955,5AC2DBED21AC5DBFE77961A6BC95DE4DDCD8B93728801304EC44E60A601F0F9D
Q033,granite:F10_Compact_NoShape,C006,granite:F10_Compact_NoShape,wrong_denotation,0,2,2,2,4,4,easy,1,work_orders,filter|order-by|time predicate,1AAFFFE6001E6901C5A55C8586CF1E2128EAB57C85A4199DAD11F9D1D04197E9,98CEC50EB6962A60F1AED8C1718E6A1D5E8B8CC51C7BA9A0414BE6C5E27BA955
Q034,granite:F10_Compact_NoShape,C006,granite:F10_Compact_NoShape,candidate_shape_mismatch,0,2,3,2,5,5,easy,1,assets,filter|float|order-by,4793C655F944C1B25668621A7B710255C60DCD68A1B1B68F9CF39DE793970654,09483B77157245C6C5E9BE1610FE8B3DCE75A48D699D70318CA8EE18F9086F5F
Q035,granite:F10_Compact_NoShape,C006,granite:F10_Compact_NoShape,wrong_denotation,0,2,2,2,3,3,medium,1,maintenance_logs|work_orders,aggregation|filter|float|group-by|join|order-by,3B548AB895EEB20CCE270CAAE149702B84C7C2B240A00ACE0A3D8250A49B72FC,5FD52A03AE98A268E5699C1401991628C1D6D6181E4988438C7F336F0E4D737F
Q036,granite:F10_Compact_NoShape,C006,granite:F10_Compact_NoShape,candidate_shape_mismatch,0,2,3,2,1,1,medium,1,technicians|work_orders,filter|join|order-by,785D8CAC8E64374FA58D6D5B7423B300A3B9AE8321DF4D0F4F920D3CA529D8DA,B2B351D2DD6E4445AF79275FA0F5DA3CFEF62F36CB190170F6DE6E7B351B7943
Q037,granite:F10_Compact_NoShape,C006,granite:F10_Compact_NoShape,wrong_denotation,0,1,1,1,1,1,hard,1,assets|grid_topology,filter|order-by|self-join|topology traversal,D471883A9ECCA8425657504478433A9998D2533A547553737D2B69E056EAFE80,B045E4DE9620345D0E575188F60F3F6D232B47BAFC5F7586F3FD9766816C2247
Q038,granite:F10_Compact_NoShape,C006,granite:F10_Compact_NoShape,candidate_shape_mismatch,0,1,2,1,8,11,hard,1,assets|work_orders,filter|nested query|order-by,936C3CEFF94555F9D14587748A3A8D42842589AB5E94E3F8BB6C727358B5AC98,72E745C00A0F58ED2EDD21C2568B8982DD5E2407D404BD000443DEDBCA4ED63E
Q039,granite:F10_Compact_NoShape,C006,granite:F10_Compact_NoShape,candidate_shape_mismatch,0,2,3,2,1,1,medium,1,work_orders,filter|order-by|time predicate|top-k,5DE64774D1BF171DE6B47FC821B89F9C0AEA7050F3DA8A2619B8ADDE0FBF2303,B4CD6C00B5DAE5EFF3C6B878426C218E13A252D8819B0FDB38635CF71DF1F323
Q040,granite:F10_Compact_NoShape,C006,granite:F10_Compact_NoShape,candidate_execution_error,0,1,0,1,0,4,easy,1,assets,filter|order-by|pattern,3182EFE8857298B317D94F64E5BB7F23751AFAEE7D52CBB0B56AA21A0E588D64,8EBE89272A8ED2BDF4276016C69C61E8BA0E215B91DD36A99CCD76381F585F64
Q041,granite:F10_Compact_NoShape,C006,granite:F10_Compact_NoShape,wrong_denotation,0,2,2,2,8,8,medium,1,assets|sensor_readings,aggregation|filter|group-by|join|order-by,5D719C8B82A13DECC5F5A2D9EEE73CE4072B859D4D266560DB0D985E4B11EF94,3D6D3DCFA6005C015C82447250648EBE4E3D2C89437A232DCA907B5E432725FE
Q042,granite:F10_Compact_NoShape,C006,granite:F10_Compact_NoShape,correct,1,1,1,1,1,1,easy,1,asset_types,distinct|filter|order-by,5DF81763AB43FE8D0A8244FB132469F12FBEEB6D197A9F123AC21BB7B9B1E059,3D176D0A46AABD8359DC958BE56505456BC95FDEE7BECBE95F1CE0C86774A88C
Q043,granite:F10_Compact_NoShape,C006,granite:F10_Compact_NoShape,candidate_execution_error,0,2,0,2,0,3,medium,1,asset_types|assets|locations,filter|join|order-by,752EA5B64DA39BEC43F0EBA6545EF561FE5F51521AEA0CEEE6906DE91FC8927A,3033FB90E3C88DD14F28CAA9D7404B3EC148B8C301D11B44A42DCFFF2AC7CFF8
Q044,granite:F10_Compact_NoShape,C006,granite:F10_Compact_NoShape,correct,1,1,1,1,1,1,easy,0,maintenance_logs,aggregation|filter|float,04F2C3060E2CC58698FF79576D7E93E96D42DFC878B1255FD5579BCA35F84172,2ADB7284D4D878BA558B1AA913DB7A45F11D6E4E96D82B9B24C31B31A8CD997A
Q045,granite:F10_Compact_NoShape,C006,granite:F10_Compact_NoShape,candidate_shape_mismatch,0,2,1,2,1,1,medium,1,asset_types|assets|work_orders,filter|join|order-by,A947718ADC137905B10833C561C0F716CF162DDB7AC1AF7329CD0DA23432B6FD,C96A6B040E2AE08507B988B863FA1F08DA2A76E2679F16FB276DEB323238B8FA
Q046,granite:F10_Compact_NoShape,C006,granite:F10_Compact_NoShape,candidate_shape_mismatch,0,3,5,3,3,3,medium,1,assets|sensor_readings,filter|float|join|order-by,B30CC4A6C9EE35E51A186E65A3C97C73F2CEC87A4FDAE1B70078DEA1B321881A,692D6D9F23FE1084D1FEA9495BEE1D8809875B8893DA96A93EF414656FE34C59
Q047,granite:F10_Compact_NoShape,C006,granite:F10_Compact_NoShape,correct,1,2,2,2,3,3,medium,1,asset_types|assets,aggregation|group-by|join|order-by,F80F4D051BEDDE1FE3CECD53B7770EDB332528F4D1D26D6B0878628AEFAA8064,39F74338A2111F1EF34E04009D586A004D16B93BB80B956F375D76FC7972316C
Q048,granite:F10_Compact_NoShape,C006,granite:F10_Compact_NoShape,candidate_shape_mismatch,0,2,4,2,5,5,easy,1,assets,filter|order-by|time predicate,30A2175745F17CD90FA3EAB5B825A2B6B2506CD979F6EFCDADC48D0B4DFF8511,790D535AA128B306F6ED938E9B2A5718BBA0EC628B2242375539FF7846C52141
Q049,granite:F10_Compact_NoShape,C006,granite:F10_Compact_NoShape,correct,1,1,1,1,1,1,medium,0,maintenance_logs|technicians,filter|join,2DBA2BFFACC21CE0678254F22D9BE0C0000640E9D31424CFCEF90D630864176D,EE416EF7F4C0E0F5585050A84A1C02C05AFFA18D60380281ADBC92E3FF62F8AB
Q050,granite:F10_Compact_NoShape,C006,granite:F10_Compact_NoShape,candidate_shape_mismatch,0,3,2,3,5,5,hard,1,assets|grid_topology,filter|order-by|self-join|topology traversal,F7BE116EE16C9A4950B94559CC91CD4C5D979E6D6634F396F77DB365208AD351,1F3AE954A1BCAB25CEB1EC2272A14D51F35A6474CCBF8D48287C845763F751AF
Q051,granite:F10_Compact_NoShape,C006,granite:F10_Compact_NoShape,wrong_denotation,0,2,2,2,0,1,medium,1,maintenance_logs,float|order-by|top-k,97C69CA12C08A6E4B76C6731B9EBA420ECE64871859C87E7CD91AA0082104D7E,8186C9B7C74D7153D2A3E5364F5AD2ABC02DA97A428E332303F868640A96606B
Q052,granite:F10_Compact_NoShape,C006,granite:F10_Compact_NoShape,candidate_shape_mismatch,0,2,3,2,3,3,medium,1,asset_types|assets,filter|join|order-by,20C9928A6E4296F01EACEE8407C5587F3F9626E5083834AF68DC5DF02131123D,85DF82AC2ABE10DD5ED6C6D984D4D687FE6CE678589BC733F59070004B547B73
Q053,granite:F10_Compact_NoShape,C006,granite:F10_Compact_NoShape,candidate_shape_mismatch,0,3,2,3,0,2,hard,1,work_orders,filter|order-by|scalar function|time predicate,22DB183DD0CF131939657878F42B7D6706DF77CE23F8988DCE7B815800D60D58,3EAE7BE8AF8CF36D1703C80633D8B0CE6180A8A5F4FF5EC524C2106E40CEDDF5
Q054,granite:F10_Compact_NoShape,C006,granite:F10_Compact_NoShape,wrong_denotation,0,2,2,2,4,4,easy,1,sensor_readings,aggregation|group-by|order-by,2675A1A991C8F590A2E0D0144C9CE5859340D7F05117AF0045D2C0F9CCB82BCF,D8B52409C7C001AEAAFCE4E0ABE9E04718FC18D305762DFDF40537090C9269BF
Q055,granite:F10_Compact_NoShape,C006,granite:F10_Compact_NoShape,candidate_shape_mismatch,0,1,2,1,2,2,medium,1,assets|locations,filter|join|order-by,ABCD3B308EC0A53E2EC64DA298721F59E435F5466994ECF9099A55E0C796D92D,D415506393250DA3C55B5152424D2C8CE60A8106C2C445DD502A049F00EB2C79
Q056,granite:F10_Compact_NoShape,C006,granite:F10_Compact_NoShape,candidate_shape_mismatch,0,2,3,2,0,3,medium,1,technicians|work_orders,filter|join|order-by,0362A209871EDFAA5E8A2B5BED55C0DAA829920960C5178C2346B9E4666F85F6,4289E1781826F34A34DD523F831378B0936CB18EE72A25056922A9ABEFF7589F
Q057,granite:F10_Compact_NoShape,C006,granite:F10_Compact_NoShape,wrong_denotation,0,1,1,1,1,1,easy,0,sensor_readings,aggregation|filter|float,25A6A694DAD2BB2DE34D66D7A311680AD69B3D6FF62A262A2AE004A108574E81,E83BCDA26C405F53453C322BC9A153554DFB63AD0414921B833DAB23BFDCDA57
Q058,granite:F10_Compact_NoShape,C006,granite:F10_Compact_NoShape,wrong_denotation,0,1,1,1,5,3,hard,1,locations,distinct|filter|nested query|order-by,24E76BE9C3F79738A91AA01BB4CB6D1510BFFAF4961969FE7831843619AE7824,117CE18E62A2C6F5B6F1A2D1049CA245877A54DEA51FF8654B501AA2147D96D6
Q059,granite:F10_Compact_NoShape,C006,granite:F10_Compact_NoShape,wrong_denotation,0,2,2,2,4,18,hard,1,assets|work_orders,aggregation|group-by|left join|order-by,D0DB7D6501145367C97FA1833E0ADFC13F200A510AF5508EFE626C1E27BF08D1,3DFAC6294FA48460FE07FC0DEED4527955CA9F7EA62EDB72EFEF66A5219701E5
Q060,granite:F10_Compact_NoShape,C006,granite:F10_Compact_NoShape,candidate_shape_mismatch,0,1,2,1,16,10,hard,1,assets|sensor_readings,filter|nested query|order-by,A818EC91F114E5A46920AC68AFAD5A03F79A3E5C5A17583A11F621E34A8DC392,8DFC0FBE8CC2393C9F4E29E4FCF12CC084574B2C95E1934AA8B0CF40486323AC
Q061,granite:F10_Compact_NoShape,C006,granite:F10_Compact_NoShape,candidate_shape_mismatch,0,2,3,2,1,1,easy,1,asset_types|assets,filter|join|order-by,38D641C64694C74207D8DD01116E3E881CF10946A36CFED9486E767EA966E65E,CB8A8CA90B5B5B65811AA50547961910F48DD4D22DC465C65D740863041AF421
Q062,granite:F10_Compact_NoShape,C006,granite:F10_Compact_NoShape,correct,1,2,2,2,7,7,hard,1,technicians|work_orders,aggregation|filter|group-by|left join|order-by,5BF9335AC92952DED5D9BC6C00209AC45AC9BAADBE5E23993EEC9266A6B7CCB5,D5FE9AD86D37A053D4D7A70DB8044F96A7D0DA521ED50AEA86C7C4DE091EA3E1
Q063,granite:F10_Compact_NoShape,C006,granite:F10_Compact_NoShape,candidate_shape_mismatch,0,2,4,2,1,1,easy,1,work_orders,filter|order-by|time predicate,B02C2BF7C12E5F44112C970B0D2B12EFA0F454FFC602599B76804E5B7930F3E2,9BC61C0E25D15E080395150B61ED05DC6A342608FE1BCB66CBB3165CAB232AC0
Q064,granite:F10_Compact_NoShape,C006,granite:F10_Compact_NoShape,candidate_shape_mismatch,0,4,5,4,1,15,hard,1,assets|sensor_readings,float|join|nested query|order-by|time predicate,B8A92664C26C1AE8D06D630CB71E8B73AB02DA55C758C823C9F2990B85A1A2CD,3668AF6F317F360422A127A07D15C6520B21A32029142BA9B9C9FF430E0EDC43
Q065,granite:F10_Compact_NoShape,C006,granite:F10_Compact_NoShape,wrong_denotation,0,1,1,1,4,4,easy,1,assets,filter|order-by|pattern,A0EB5B6158011E57C84403D46EF0E996EFD2435CA19368508DE43C3412F0E831,C5BD5C26B91224A6B61EF52388B9D8E6E901CB40A83BC61A526D27093BA499E4
Q066,granite:F10_Compact_NoShape,C006,granite:F10_Compact_NoShape,correct,1,1,1,1,7,7,easy,1,work_orders,filter|null|order-by,5A9ABD5C0CFD0B3D4AD9004CFABEFE159F4078DBB87ADA46D383A73F76FBECC2,73EC29EE90BE10D52AF1B9A6E6637C370408ADF28CDE872950CF0721E464A6F8
Q067,granite:F10_Compact_NoShape,C006,granite:F10_Compact_NoShape,candidate_shape_mismatch,0,2,8,2,1,2,easy,1,maintenance_logs,filter|order-by,09822DB8CADC004CCC405DF333A2227CE2C7A4A416ABE363839AAB8E70FA61AA,8A3CA45B2951961D067C5F1853776756E2E634AFA005BD7DBA46152A8A26599A
Q068,granite:F10_Compact_NoShape,C006,granite:F10_Compact_NoShape,candidate_execution_error,0,2,0,2,0,6,medium,1,asset_types|assets,aggregation|float|group-by|join|order-by,26F1A8C44C98790110FF7B79C5F16F6F4EF0BD29D6038FE689133CCB2CD6F09D,85CFEF7B936CE99C93FE7B3FA4D790D3A62A1C3610D4406C2FB446EF88721A92
Q069,granite:F10_Compact_NoShape,C006,granite:F10_Compact_NoShape,wrong_denotation,0,2,2,2,2,2,medium,1,asset_types|assets|locations,filter|join|order-by,DCFC601C0DF8E55A30883884F07BDE95A37C044B78C6A399C1D8D09175DFE68A,4C9A53FDA153DBC282E75ED5D8A8271290B409B3983EC5245A5A355FCD513F55
Q070,granite:F10_Compact_NoShape,C006,granite:F10_Compact_NoShape,candidate_shape_mismatch,0,3,1,3,2,2,medium,1,grid_topology,filter|order-by|topology traversal,F6BE2F617CD52A106EC32064216AB0858B6E699A644F78545DE263A85C3D4893,DE4AB58DD907088525A343A7DAEBD70C2E24266A926BA47803FD436F0A020578
Q071,granite:F10_Compact_NoShape,C006,granite:F10_Compact_NoShape,wrong_denotation,0,3,3,3,1,1,medium,1,assets|work_orders,filter|join|order-by,6545275B9772BBAB201C1D5ED6B094A5C9F646F729F28AAB97A87073C373738B,E97FEB511A72F5242C5B426C15B5B68C0AC52AB5CFAA307E2F2BE34D1DCF1583
Q072,granite:F10_Compact_NoShape,C006,granite:F10_Compact_NoShape,correct,1,1,1,1,1,1,easy,0,locations,aggregation|filter,7ED72780457EF1D5929673311337FA9DEA9B3B0C7817F76B7828CCFA696FEE04,95EAB691F3A87564414FB116CCC94458C67C735A9958F15C840959E7DB9879CB
Q073,granite:F10_Compact_NoShape,C006,granite:F10_Compact_NoShape,correct,1,1,1,1,0,0,hard,1,technicians|work_orders,filter|nested query|order-by,BD208C8AA60D1A8025AC7380F9B1BC70DC715DF443845E2FA6FE6D25881D43D3,EA2420FEE687FD65F202317C768EA6E3DC6FD466407B8319A0595851D188137C
Q074,granite:F10_Compact_NoShape,C006,granite:F10_Compact_NoShape,candidate_execution_error,0,2,0,2,0,1,hard,1,asset_types|assets,aggregation|float|group-by|join|order-by|top-k,B92681B200972150FFDBB52CC15B974EB782B867B035D8F5B1AF05821F4CC946,B3B989D9A5ABEE1F604FA90721954855A1D98E68FACCAD5A30A70A72116F86E3
Q075,granite:F10_Compact_NoShape,C006,granite:F10_Compact_NoShape,wrong_denotation,0,1,1,1,1,1,medium,1,technicians,filter|order-by|scalar function,6875EF7698F027169D1A5BAED546BBE608C176D14E495FD7B3626514E9D08D60,8075FFA2B3AD5DABD5BC301871642C493AEFF0E21B13E50DF735B53208C4E3F9
Q076,granite:F10_Compact_NoShape,C006,granite:F10_Compact_NoShape,candidate_execution_error,0,3,0,3,0,8,hard,1,assets|locations|technicians|work_orders,filter|join|order-by,C9987564907BA597D21AFAE22BAA766F174948843339E0E8727C7F900154C49E,AA5687CCFF7ED2B6D7D26AF69D1CF935236DDB5C496DA6F59BF2CB5194DC765F
Q077,granite:F10_Compact_NoShape,C006,granite:F10_Compact_NoShape,candidate_shape_mismatch,0,1,2,1,0,6,hard,1,assets|sensor_readings|work_orders,distinct|filter|join|nested query|order-by,87B75DCEBE5AAB5DD94D0EAE6020BE9D66CD9C4D2839B48291B527EFE1775DE1,3A581069DD8A71B35ACBBF96C143EF11E799EF3534FA97CB6EDE4228C5CCAFE0
Q078,granite:F10_Compact_NoShape,C006,granite:F10_Compact_NoShape,wrong_denotation,0,1,1,1,1,1,medium,0,maintenance_logs,aggregation|filter|float|time predicate,1A6C0A30288AB7343B20B0DDA78645AC7AB4124C6DA1348494364E9BE30AC467,189994EC16E232110E615D509BA67D7EB2D5E3DA5EEBE8800A9A217765A6DE0D
Q079,granite:F10_Compact_NoShape,C006,granite:F10_Compact_NoShape,wrong_denotation,0,2,2,2,2,2,hard,1,assets|grid_topology,aggregation|group-by|having|join|order-by|topology traversal,BE4229C4E214FBF107AF6F652BC30C27972D7FC679521C6DA35C07A5F3108959,BF4F0EA342B7028E01793072D85D1178814F555A8FA5378F3192C135BDED2615
Q080,granite:F10_Compact_NoShape,C006,granite:F10_Compact_NoShape,wrong_denotation,0,3,3,3,4,4,hard,1,asset_types|assets|locations|work_orders,filter|join|order-by,5E7AEFCF1541B935E2B09748B9F9DA1919B10FB58325877C33915E9AAA267CE6,56DC4BFED3DB08B1C0326C1F215763519AAE73E65A2E9B35E688A92A2CB84E6B
Q081,granite:F10_Compact_NoShape,C006,granite:F10_Compact_NoShape,correct,1,3,3,3,1,1,medium,0,asset_types|assets|locations,filter|join,01FE1539C2879AD2D837F655C83EED674BA9B0774561488E669453DE02B9450D,B5DFF96C6059A8199759F61599CEF41B66796187405AC66FBA00C76616BF4C3E
Q082,granite:F10_Compact_NoShape,C006,granite:F10_Compact_NoShape,correct,1,3,3,3,1,1,medium,0,asset_types|assets|locations,filter|join,45EA40334D886DA5457B7F2823FEA918498D6D98BC347A02DB2D1F5019CAD748,5907FBC3F9F3722B44678B02D9B02222BE4AA59CFA5D97407A69E90B2B9B2F95
Q083,granite:F10_Compact_NoShape,C006,granite:F10_Compact_NoShape,correct,1,3,3,3,1,1,medium,0,asset_types|assets|locations,filter|join,0AF6984DFD93F6BEF0273BF8B9E4C8A99996F057DCF7B1750ACC7C56FF3968A5,7BEBBDB5539972BBDB52996E31053D376CDE31AF40998FEFDA5D143B8A068CB3
Q084,granite:F10_Compact_NoShape,C006,granite:F10_Compact_NoShape,correct,1,3,3,3,1,1,medium,0,asset_types|assets|locations,filter|join,C497417893B19ADE1BBB8171586CDB5687CE8B8B86DB2784D2F9B335CF40FDA4,E9B608A9FE56DD4A70F4BFB2BE6A57DFDCD5857163DB2E40DB8790E68C0E983B
Q085,granite:F10_Compact_NoShape,C006,granite:F10_Compact_NoShape,correct,1,3,3,3,1,1,medium,0,asset_types|assets|locations,filter|join,4F31DB059E6A00ABC7499CDA5B4B7C18F79C542165A85088099CE60F93C832D4,BE47859E9627B4953A38F609DBC5096697D6F691E646B1F0325383F8AF193E6E
Q086,granite:F10_Compact_NoShape,C006,granite:F10_Compact_NoShape,correct,1,3,3,3,1,1,medium,0,asset_types|assets|locations,filter|join,7FB4923C933BABECC56A683688B7EF0D87D32DA592F4FD8DE4493E5F15C41C61,AD8C5AE8369AAD1CD2D29F12FEBEE5833F05100C2BD337D93549AEF9E8DE16FA
Q087,granite:F10_Compact_NoShape,C006,granite:F10_Compact_NoShape,correct,1,3,3,3,1,1,medium,0,asset_types|assets|locations,filter|join,F33F74D276747231A485FBB3A5684CA18D91DADA91CC72E7BB3BB114CA8F756B,EC610E6CB8DAE78AF9A630AB0327E4D83BF7E869679B118E9B4F3AC80A125542
Q088,granite:F10_Compact_NoShape,C006,granite:F10_Compact_NoShape,correct,1,3,3,3,1,1,medium,0,asset_types|assets|locations,filter|join,439EBD42EF7422B9640C3F32EB5FBAA7D5CDF51CFDADEAA55D8C5E9ED576927B,AB06F6AE1D6A86C92475A4CAB67407D223CDEF7E023A33888D45D7474FBEF815
Q089,granite:F10_Compact_NoShape,C006,granite:F10_Compact_NoShape,correct,1,3,3,3,1,1,medium,0,asset_types|assets|locations,filter|join,1B39F6BC2A088ED4E472540EE8FA1D188772B0883C39DC1344545A813173A931,78DE4B7992B28BB07F2B0EEA4DB6D9B805E2B672F8AA3AA7A8EC1C15ADF6F8C0
Q090,granite:F10_Compact_NoShape,C006,granite:F10_Compact_NoShape,correct,1,3,3,3,1,1,medium,0,asset_types|assets|locations,filter|join,5539530F4EFB87ECBBA5155D8762408F4DDFF3810929EFC4740A9A23022907E9,F2995887A6CDE41BAE098E58C25E5FE4A6FC18517FBDFD424ECDB715AADC1B76
Q091,granite:F10_Compact_NoShape,C006,granite:F10_Compact_NoShape,correct,1,3,3,3,1,1,medium,0,asset_types|assets|locations,filter|join,24924ACA211FFD516F99404FD3D3F11A34BCD8CAB58DC724C4A1BEFDE9ABFC23,C90ADD655689FCD9911FDA1120AE5F0439C0E554E9CB8C8DF1BF70881774653C
Q092,granite:F10_Compact_NoShape,C006,granite:F10_Compact_NoShape,correct,1,3,3,3,1,1,medium,0,asset_types|assets|locations,filter|join,AD6DAC4DDEB1DE4004D651F68C28C0F667DF560A5742447DF902AF756AFC2CDE,8C7606BCDD6CFBA13724611294FE27BA6416EAF37F7B0A9A7BA4CF7F2840E2AE
Q093,granite:F10_Compact_NoShape,C006,granite:F10_Compact_NoShape,correct,1,3,3,3,1,1,medium,0,asset_types|assets|locations,filter|join,8BDF68AB75E6108B6BD3BF37EBB205207269EB8AE6C1A89A2B97A1A125E6D5A6,80AA5E635828D15D65DE1C95E333A7C29B831D491A1AAB2C3B4AF00FA7524316
Q094,granite:F10_Compact_NoShape,C006,granite:F10_Compact_NoShape,correct,1,3,3,3,1,1,medium,0,asset_types|assets|locations,filter|join,07D3FADB1048595B00B00A16BF022A114E7C1DC7CF784CDB7D4BD07060447BA2,72A4EEC70FE114219C53C3B3BDB8956BAB9A8F048CF56A4EC08DCCDB2F00013F
Q095,granite:F10_Compact_NoShape,C006,granite:F10_Compact_NoShape,correct,1,3,3,3,1,1,medium,0,asset_types|assets|locations,filter|join,07E27D27B0F44345D22C445837A5554C4E6AE5B1F0A08BF7A0A711E77F904B73,26D884CC511DBF8DCE2BA5F82EB15338F8DF136F43F11EF608B9CB5A0125BFFF
Q096,granite:F10_Compact_NoShape,C006,granite:F10_Compact_NoShape,correct,1,3,3,3,1,1,medium,0,asset_types|assets|locations,filter|join,5768042FC82DAF0B916ED8C9A541E6DE2A56AFCFB5A5D93FCBD3DB6C3A36EFF0,D7A4E1B40F05EE267E53226B4C3B2AD861809C274003AFDB2DC6103556EF15BC
Q097,granite:F10_Compact_NoShape,C006,granite:F10_Compact_NoShape,correct,1,3,3,3,1,1,medium,0,asset_types|assets|locations,filter|join,74717BA78140B523C6AEC4175BE586848AC667927EE0E1A46250A9BA5BB5020E,F5EC9300EA6C17C34C465780B1B3B1AF5C281D823AAE63B38AAEA0943779E901
Q098,granite:F10_Compact_NoShape,C006,granite:F10_Compact_NoShape,correct,1,3,3,3,1,1,medium,0,asset_types|assets|locations,filter|join,A8FC41FF601C6D6C21FC53830BCC84272E8B139678299CC17ACE820B536CE43B,2C0C09F5495E655CB3AAE807E7D9ED40B69561C9DE1C4481CA8935F94D119B46
Q099,granite:F10_Compact_NoShape,C006,granite:F10_Compact_NoShape,wrong_denotation,0,3,3,3,1,1,medium,1,assets|work_orders,filter|join|order-by,90B06727502645E38D564A54CA3FA63DB4E933FCA3988013A6DE30A2AAC3A0FF,6BF9EBE685BB1E6B61F9AD8B1B4FC8220894AEFB6A787DA91E08B6766DEB8980
Q100,granite:F10_Compact_NoShape,C006,granite:F10_Compact_NoShape,wrong_denotation,0,3,3,3,1,1,medium,1,assets|work_orders,filter|join|order-by,391586CE4A4A22E0705C3387DDAA4EB87758450A1616E25F262444FC48D452E2,D71A3F8AB7F6C275DA1810FA42D3F080E31986F00F4D37EEF1710E34D8F02D47
Q101,granite:F10_Compact_NoShape,C006,granite:F10_Compact_NoShape,wrong_denotation,0,3,3,3,1,1,medium,1,assets|work_orders,filter|join|order-by,26C8A3977FC8BC7E19EEEF8FD0D6CF296940E881850F813F143591525C01EB5E,9E554A31806BDEBEF5515422C23D4B4B54F69A2383A30770E2496EE85235414E
Q102,granite:F10_Compact_NoShape,C006,granite:F10_Compact_NoShape,wrong_denotation,0,3,3,3,1,1,medium,1,assets|work_orders,filter|join|order-by,5922C39FFA485784042848A43248E9819211922F61EFE267014B738B294895BE,B91FC88F8737230FD282F58A0C69BC42A1DE8D99665299EF53B09E57C7512DE1
Q103,granite:F10_Compact_NoShape,C006,granite:F10_Compact_NoShape,candidate_shape_mismatch,0,3,4,3,1,1,medium,1,assets|work_orders,filter|join|order-by,B86B1DB97A53BD852C9A268E9CC8827675276F48414D09DF47E427342B1FD0B3,C386265AAB4973D3DC9FBC7633211E0BC9312C72B649097932B1819450C922BC
Q104,granite:F10_Compact_NoShape,C006,granite:F10_Compact_NoShape,correct,1,3,3,3,0,0,medium,1,assets|work_orders,filter|join|order-by,8C11EAABD0B0058F87326DC4197ABD4A69615D5F8DDA4EE530F8C4DA9756C2B1,41AF7A63B404C8F1F460E26A3EAC59A9A25A503835E2A473A9C172D2FF945282
Q105,granite:F10_Compact_NoShape,C006,granite:F10_Compact_NoShape,wrong_denotation,0,3,3,3,1,1,medium,1,assets|work_orders,filter|join|order-by,0B43BFDE375C54BB6B354E32BB660C9C5ED5D205214C7082BA87EED9DD0E5567,9A87A0113FB5B583C3E278A16AB9681F3380F6F743363449CD2E9606D64555CB
Q106,granite:F10_Compact_NoShape,C006,granite:F10_Compact_NoShape,wrong_denotation,0,3,3,3,1,1,medium,1,assets|work_orders,filter|join|order-by,6661A5A9F74D3955FD52BA377AD203F3C57F5E657C2742610F59E4F357BF8AB5,ABC385CDC88056C5B240CBB1CBF71D84FA00AAF5F2D1A0016012A05C9FE63AA9
Q107,granite:F10_Compact_NoShape,C006,granite:F10_Compact_NoShape,correct,1,3,3,3,0,0,medium,1,assets|work_orders,filter|join|order-by,E0179F32A41B7A7AA12AA66BA4466E8022035BC1A375DC53ADC5CE331A4D9CC8,92CD6A92EA310D3EF3D24DF6FD0EF1DB23D6F439F5C40EBD548AD297CC29C55D
Q108,granite:F10_Compact_NoShape,C006,granite:F10_Compact_NoShape,candidate_shape_mismatch,0,3,4,3,1,1,medium,1,assets|work_orders,filter|join|order-by,8C274834082FA630B0CB31D631AF9B628565BE058DA8FF10DDDB68F2BBD492B3,CB6B1F12686B8F23DE9AB1A591B17B55257DC5B84CF97EDC158E742AB5593C4D
Q109,granite:F10_Compact_NoShape,C006,granite:F10_Compact_NoShape,wrong_denotation,0,3,3,3,1,1,medium,1,assets|work_orders,filter|join|order-by,A92F74E53405B04013694D910F2B3097F68A2C4EE5593A5ED3DB45A324E8DFB0,CA891F2337BC1FABC1EDA04BF4318D3BD5F81EE4556115D682E97ABE45439A62
Q110,granite:F10_Compact_NoShape,C006,granite:F10_Compact_NoShape,correct,1,3,3,3,0,0,medium,1,assets|work_orders,filter|join|order-by,3790F02190290FF415CEA61B35BED3EEB60BD8FD9CD79C8C4F3C430D352A56B1,1F87F45858C889D3425AFBDDCDEB10D5915FBFF7D93B3E5A204717DC800E1499
Q111,granite:F10_Compact_NoShape,C006,granite:F10_Compact_NoShape,wrong_denotation,0,3,3,3,1,1,medium,1,assets|work_orders,filter|join|order-by,36F5CD0EBEFDCB6DA6863BE61251F7137E6C1DF83DA967551F9B6E878A0B5B84,82F9129BF81A30B5E70DD063E12B3D72E1EF7A64810C18CFF2A4489065CD6614
Q112,granite:F10_Compact_NoShape,C006,granite:F10_Compact_NoShape,wrong_denotation,0,3,3,3,1,1,medium,1,assets|work_orders,filter|join|order-by,E9E042E25C779E5B1C5D25F45DAF60E116AA2E008021C141BAC2DEB998294322,A8224D1F700D864B9A1A7ED63F945DEFD172078F0DC7A07137B6AA3A15658BA4
Q113,granite:F10_Compact_NoShape,C006,granite:F10_Compact_NoShape,candidate_shape_mismatch,0,3,4,3,1,1,medium,1,assets|work_orders,filter|join|order-by,F1BBAC90EE00F5C88877096401BC2791CC5E6A74AFFB1216504A396C6130FCB1,BCF472BEA807A36A0A6146014EB6B342D54472212ADC8E37F45C09ED82DF1DB0
Q114,granite:F10_Compact_NoShape,C006,granite:F10_Compact_NoShape,wrong_denotation,0,3,3,3,1,1,medium,1,assets|work_orders,filter|join|order-by,6545275B9772BBAB201C1D5ED6B094A5C9F646F729F28AAB97A87073C373738B,E97FEB511A72F5242C5B426C15B5B68C0AC52AB5CFAA307E2F2BE34D1DCF1583
Q115,granite:F10_Compact_NoShape,C006,granite:F10_Compact_NoShape,wrong_denotation,0,3,3,3,1,1,medium,1,assets|work_orders,filter|join|order-by,D10BCFBBA0449474CFBDB7D88DFFD1479C04CF51D9B05A4652E07D21D8163EB4,9FEDD4D8A154A5979AB6353D353EF5729594B3018ECE5AEB20824FCC6C1D9A94
Q116,granite:F10_Compact_NoShape,C006,granite:F10_Compact_NoShape,wrong_denotation,0,3,3,3,1,1,medium,1,assets|work_orders,filter|join|order-by,F8351A39D3946783111F9C585D527A3137E4A2F90445C3CD98448E3766FF21BF,9C493A195F29C0AB271B65A6DE85273D13DFE693DC84B3DF1755BBEC92C8150C
Q117,granite:F10_Compact_NoShape,C006,granite:F10_Compact_NoShape,candidate_shape_mismatch,0,4,1,4,1,1,medium,1,assets|sensor_readings,filter|float|join|order-by|time predicate|top-k,C91D16BC26BA34F972592CFD1D15810B6F10C3D501B8590F85CABF351B1D4319,ADDB11C32923185E4B1B5D4FAF244BB15F14A267EB51F4A4E1042B99C6CFAC41
Q118,granite:F10_Compact_NoShape,C006,granite:F10_Compact_NoShape,candidate_execution_error,0,4,0,4,0,1,medium,1,assets|sensor_readings,filter|float|join|order-by|time predicate|top-k,F455F596134046EBAEF9A8D7C7960F95ED46EC164C6E0BBED82B44F5FED3ED68,6C2CE94927FE1ED8110277B2991EB547D2F0DED199533691FF05F7A8AF570602
Q119,granite:F10_Compact_NoShape,C006,granite:F10_Compact_NoShape,candidate_shape_mismatch,0,4,1,4,1,1,medium,1,assets|sensor_readings,filter|float|join|order-by|time predicate|top-k,30E7D3B78C923567AE02B7404C716920BBB9590950AFD3FCED346CEB23755B4A,235D55B60C02355C29746D04A7A4CD7F52DF41E442EE169FCD3F3A03CD004476
Q120,granite:F10_Compact_NoShape,C006,granite:F10_Compact_NoShape,candidate_shape_mismatch,0,4,1,4,1,1,medium,1,assets|sensor_readings,filter|float|join|order-by|time predicate|top-k,50ADC8178C0EDBFF6E5978741AF90619C9A9EA271FCCEF3C0222AFBC19059F04,C538A82A512A0972EFCFEF46D832F24EDA184A51136A4E6375FC335EB27B5DE9
Q121,granite:F10_Compact_NoShape,C006,granite:F10_Compact_NoShape,candidate_shape_mismatch,0,4,1,4,1,1,medium,1,assets|sensor_readings,filter|float|join|order-by|time predicate|top-k,585EB9CB396B802C3E22D84D055169A7DB258380152C319AEE9A099407F77241,38D2BE7FBE3C6C649A1B5FA80ACBEEF334758BA2C540752007AC4561E174B1BD
Q122,granite:F10_Compact_NoShape,C006,granite:F10_Compact_NoShape,candidate_execution_error,0,4,0,4,0,1,medium,1,assets|sensor_readings,filter|float|join|order-by|time predicate|top-k,ECC6D2022748B12939AFFD869B98623B8BFA81B5051FD13BA1DE9847ADCBDB04,F39EF13DC8ABDEE58F9EB1B202C277013B7B800B148381AF26EA6775491ECF7E
Q123,granite:F10_Compact_NoShape,C006,granite:F10_Compact_NoShape,candidate_execution_error,0,4,0,4,0,1,medium,1,assets|sensor_readings,filter|float|join|order-by|time predicate|top-k,45E3038CA0CA9BEAAA9EC69012CEF8BEA7F26BDE27C55056F40FF86ACA89660B,1BC2E46D210D620AAF5C84F771E1E5581E2642CE844524674C2B2F589DC9FAB2
Q124,granite:F10_Compact_NoShape,C006,granite:F10_Compact_NoShape,candidate_shape_mismatch,0,4,1,4,1,1,medium,1,assets|sensor_readings,filter|float|join|order-by|time predicate|top-k,341900FCB19D827392A09727C8F46090E970444C044600294F2F0EA0EE0F990D,A290DB31E66C08B49FC8C381F2F60A0BD658ACBB2AEA91A4A5C96575AE60160C
Q125,granite:F10_Compact_NoShape,C006,granite:F10_Compact_NoShape,candidate_shape_mismatch,0,4,1,4,1,1,medium,1,assets|sensor_readings,filter|float|join|order-by|time predicate|top-k,91EF088F797BFFF33C4AC2A4CAAD9D18AEB1CA6D3F7F8D3BA65A373F9C128615,7992EEE72D9FD9518655D7883286F6CB288BED666AD4716BE67643D7CDF04F5C
Q126,granite:F10_Compact_NoShape,C006,granite:F10_Compact_NoShape,candidate_execution_error,0,4,0,4,0,1,medium,1,assets|sensor_readings,filter|float|join|order-by|time predicate|top-k,033417E43E8060AB6D97373D190109882B3211B1A5822E99426C1AC3167A9BBE,51DCC1CF59797FDB8D524E21A8085A4B1C32D7753B2428EB1AB377F9CD3DC134
Q127,granite:F10_Compact_NoShape,C006,granite:F10_Compact_NoShape,candidate_shape_mismatch,0,4,1,4,1,1,medium,1,assets|sensor_readings,filter|float|join|order-by|time predicate|top-k,7AA3E343DB3BC5279AA0B0E44C5FC90BF18E6A32B7E647702EB397F77E17A997,A117A0E5D5CA594A8D37A55430C71E3AD7C33D86B2891BF2E96A4297744253E1
Q128,granite:F10_Compact_NoShape,C006,granite:F10_Compact_NoShape,candidate_shape_mismatch,0,4,1,4,1,1,medium,1,assets|sensor_readings,filter|float|join|order-by|time predicate|top-k,272A3DC1C3E4F3B20A4BCDE722211C596581E3E9A19EF0FBB6B2266126D8A312,BB81A8F11DA0187DA28E4D6AD68735970ACB5A2AFC07414BD2427DB0A369C598
Q129,granite:F10_Compact_NoShape,C006,granite:F10_Compact_NoShape,candidate_shape_mismatch,0,4,1,4,1,1,medium,1,assets|sensor_readings,filter|float|join|order-by|time predicate|top-k,98ADBB67A0A38E785E7003849A729CEC97F6C2D365DB8DBF5A1504F3EFE1D8B2,8CA57CC09F45306A7B17C7CF6513E8374167574D8555012E6AE7FF89181B04E5
Q130,granite:F10_Compact_NoShape,C006,granite:F10_Compact_NoShape,candidate_execution_error,0,4,0,4,0,1,medium,1,assets|sensor_readings,filter|float|join|order-by|time predicate|top-k,D261EDB57B9A8A90969DA75B8663D881EDC897EDEB1556F9B0FACD53EACF046F,66009698E99F05D64B9A5E5BE82CA02620C032CF817352FD25624D9FA0493B18
Q131,granite:F10_Compact_NoShape,C006,granite:F10_Compact_NoShape,correct,1,1,1,1,1,1,easy,0,assets|locations,aggregation|filter|join,C66E041B098D23A4D002E53B85FCF69B58595ADDC600C681BF908EF48974F2F4,926DAC82557721913B5B755DEF4E6D7902333789F9AFF24165E7D060F583B4D1
Q132,granite:F10_Compact_NoShape,C006,granite:F10_Compact_NoShape,correct,1,1,1,1,1,1,easy,0,assets|locations,aggregation|filter|join,A7F1507C19F9C49C0D710D8933FD9D3ED38DB809123746926C284588074C730A,87F227DF6F9A9C2278171B0FA86333BBFED04EF17B9C027C1C384F7A5604A920
Q133,granite:F10_Compact_NoShape,C006,granite:F10_Compact_NoShape,correct,1,1,1,1,1,1,easy,0,assets|locations,aggregation|filter|join,90378C6112B79452F27A5D0F43631CDEBD03CC9B3050623DE5252A6113D2B997,82FFD9A8D5E5FC223E7AF549EE3F28D5BB90775E46E60BED0EB7EC4181944C36
Q134,granite:F10_Compact_NoShape,C006,granite:F10_Compact_NoShape,correct,1,1,1,1,1,1,easy,0,assets|locations,aggregation|filter|join,B496020D3B6B04A3CC223F0F17E8885255A6F763FCC968B9F0F9B3F5D1085578,5868892DB40C5387F6F38780322F8B7726F2AC0E3807C27476D38BCC6BEA2C96
Q135,granite:F10_Compact_NoShape,C006,granite:F10_Compact_NoShape,correct,1,1,1,1,1,1,easy,0,assets|locations,aggregation|filter|join,B133EF798591893A4A46A11BA28FD53A0A708A1C8F1A962C61CDA439C39FD243,B6590CBD8A77D19F0637FC55A4B7B4C4D010F580907B133F89B6908F4387E40E
Q136,granite:F10_Compact_NoShape,C006,granite:F10_Compact_NoShape,correct,1,1,1,1,1,1,easy,0,assets|locations,aggregation|filter|join,BF2AAB98ECB85F86491096670FF671E2B541936444975680F567D6C56F982716,FD0D4C193FFA8524DA8C0A9C846DBCC039FA29FDB7034474E85704812AA3FF03
Q137,granite:F10_Compact_NoShape,C006,granite:F10_Compact_NoShape,correct,1,1,1,1,1,1,easy,0,assets|locations,aggregation|filter|join,A65450E5D317B461C09B798F8C658230C1E3CEB17E01457AA9D027FE588CF0FC,C510A4F480C890919D61542527C4484503C79E7F886440DD697CBB05C07933CE
Q138,granite:F10_Compact_NoShape,C006,granite:F10_Compact_NoShape,correct,1,1,1,1,1,1,easy,0,assets|locations,aggregation|filter|join,F923B94EF0B542E0AEBFC81B2F7B8A62CCABB6F3E16D083189D60B0EA79DFFC4,E4232AC36C8531B610F07F35323BE6D3CE210DCA9100C1F2AA5B079F951DEE7B
Q139,granite:F10_Compact_NoShape,C006,granite:F10_Compact_NoShape,candidate_shape_mismatch,0,3,2,3,5,5,medium,1,assets|sensor_readings,filter|float|join|order-by,20C83103645263E938E0D11196274FBAE0DD69E46A22E38F687356984F017824,CBD1D3E389EDFEB07D635046BF87B3AC06B895497ABBA66F9042635E26DB3898
Q140,granite:F10_Compact_NoShape,C006,granite:F10_Compact_NoShape,candidate_shape_mismatch,0,3,1,3,0,0,medium,1,assets|sensor_readings,filter|float|join|order-by,E482981FF4123DA8533B3D22FE0B79EF31E1F2BBF1B3627A91482C4070DDDCFC,E7AFD864A4AA0E3CAC06A707B65998B52154E8B0F3A5C20981AFEEF477184D24
Q141,granite:F10_Compact_NoShape,C006,granite:F10_Compact_NoShape,candidate_shape_mismatch,0,3,2,3,4,4,medium,1,assets|sensor_readings,filter|float|join|order-by,C281D6E79624709C8D1AB66E44BEF7957F9B94F0DF332F075A6B9047FBA9DDBD,1685D70047643A73A4164ABDE6309B16C601C2977B18934007C18EECDF897710
Q142,granite:F10_Compact_NoShape,C006,granite:F10_Compact_NoShape,candidate_shape_mismatch,0,3,2,3,1,1,medium,1,assets|sensor_readings,filter|float|join|order-by,7B3384FFA42EBC54BFF8FB6B818AA1E06B01EAD0D63C3FF899E0777624841E28,405A64E16DDAA9687274876C39A48D52B4A8981C6F921FC1CAB143A62FE0426F
Q143,granite:F10_Compact_NoShape,C006,granite:F10_Compact_NoShape,correct,1,1,1,1,1,1,easy,0,work_orders,aggregation|filter,3C4F651845C93619B00E894FCDE97841ECB78D929A361F847627F39C1D979BB6,75DB2BB201FC12F0B95501B54A5C07CBFD34967343A841E33BD482D1589E95EC
Q144,granite:F10_Compact_NoShape,C006,granite:F10_Compact_NoShape,correct,1,1,1,1,1,1,easy,0,work_orders,aggregation|filter,0FA5BDB9FEA64F94D4703BF9E6EFFF60F8ECF5C2D8AC20E15A6766DF65C1280D,9F8B6C3EB40E1299F3897C588A9B22C155B5A8897050055BD39A5ADC5E8032C1
Q145,granite:F10_Compact_NoShape,C006,granite:F10_Compact_NoShape,correct,1,1,1,1,1,1,easy,0,work_orders,aggregation|filter,14B89DCDF5DBDF69FF06F5F9E16772F1A7B121998E1606A24B1BFDDCA01788B3,390831F1EC845FD04FB6ED5180DEF1CD8E9AE34C33AF169FA6EBB1A570445133
Q146,granite:F10_Compact_NoShape,C006,granite:F10_Compact_NoShape,correct,1,1,1,1,1,1,easy,0,work_orders,aggregation|filter,E73E10E8282B8C6B34680051CA2C9924F9C0E93AA2FBFD875923BDEB472D3C3B,61E87A91BF90AB9EADE434A189C56C88D06CAD7FDA382159B09FE7AF41EC44C6
Q147,granite:F10_Compact_NoShape,C006,granite:F10_Compact_NoShape,correct,1,1,1,1,1,1,easy,0,work_orders,aggregation|filter,4A09463D9486D00C68693F7C0F0AF59459E8A9FBE181CC59CB2D846D3B00B9CD,D02E0B94F1FAFED7347DC9D315E1493221E0DCE9A51FCF196D18A09C6418EAD8
Q148,granite:F10_Compact_NoShape,C006,granite:F10_Compact_NoShape,correct,1,1,1,1,1,1,easy,0,work_orders,aggregation|filter,86B21EF84E3FC6A8DA9091E971F8645222571A748BD8D2500536CD76E1ED6857,8F37A6BBC57A9825403293988A515C47DA291EED8AADE2FCAF6A6FA4998FAD9C
Q149,granite:F10_Compact_NoShape,C006,granite:F10_Compact_NoShape,correct,1,1,1,1,1,1,easy,0,work_orders,aggregation|filter,C15AAB416DBE8E95D9FD9F478B2F69C4C7E3D39C9060C42D1FD747B7C2124427,F43EC400DA2637333871AA585B3216D15ABF981E6DC60573E2ECE02411DC990E
Q150,granite:F10_Compact_NoShape,C006,granite:F10_Compact_NoShape,correct,1,1,1,1,1,1,easy,0,work_orders,aggregation|filter,0EC4E3DB8672A9AB19B5675F4A3E4D37B8CB544183BAE86657B1A6F1B327E5DF,A16707C49CBCAB649D990DD702407BC2DE34480945F2A11209859729D2A023CA
Q151,granite:F10_Compact_NoShape,C006,granite:F10_Compact_NoShape,correct,1,1,1,1,1,1,easy,0,work_orders,aggregation|filter,FB490A6E43FFAE2F36A3906000DFFFDF20F3C8C5C0DD0B9EB2128EED77C8975A,126170C47D2E3CA0EDC2B42E5ADF7D6C5157F26609EF764DB5967463075273BB
Q152,granite:F10_Compact_NoShape,C006,granite:F10_Compact_NoShape,correct,1,1,1,1,1,1,easy,0,work_orders,aggregation|filter,BF74327386B4F5BF9D78008D739EE979511082DFD657DAF59CF9BF2C96745F64,A06525F506CC29B994A1BFC5C4AECB3487B191266155C52478ED43FE3D6DE29D
Q153,granite:F10_Compact_NoShape,C006,granite:F10_Compact_NoShape,correct,1,1,1,1,1,1,easy,0,work_orders,aggregation|filter,15CC25CEE0E87EC6A6B89E4314BF30F19B6F74198D4FD17A366968B4A0024389,A83E9A730A6AACC9B9088F9771B13AE621E1A63421E10E4E21794BC6AD71F579
Q154,granite:F10_Compact_NoShape,C006,granite:F10_Compact_NoShape,correct,1,1,1,1,1,1,easy,0,work_orders,aggregation|filter,EC1F76CBAC83B49DEDAB06BC020E2C9A55FD415BAB3B77B9FA2037CA66389324,2A59F0DEFDEC674D7BDEC673A9496EE1EB5145624AE7E7C0BE4AC94C13945CC9
Q155,granite:F10_Compact_NoShape,C006,granite:F10_Compact_NoShape,candidate_shape_mismatch,0,3,1,3,3,3,medium,1,technicians|work_orders,filter|join|order-by|time predicate,1B6F0EB97152E9C9103CBA9D6A38587634DE14EFFF36EA45526F62555C1A8D10,062CE20811406347D151CA4E22DBA322D05D1B3825E324112DB9CE764FDA29C3
Q156,granite:F10_Compact_NoShape,C006,granite:F10_Compact_NoShape,candidate_shape_mismatch,0,3,1,3,3,3,medium,1,technicians|work_orders,filter|join|order-by|time predicate,61DA3C0336A169B3261EAD03DE1323C1B0A0B3E7C1778863B7442EC4877836DE,6DCF0711BBC668B378E362161CE11344D5B35053FB035999AE360B3E1F2231C4
Q157,granite:F10_Compact_NoShape,C006,granite:F10_Compact_NoShape,candidate_shape_mismatch,0,3,1,3,2,2,medium,1,technicians|work_orders,filter|join|order-by|time predicate,CD2417C606F77929F1E8D1D987F0350421D40FAFDA5265B424B358E0D505653E,FB6D8E9E5CA84C5904616D21D33DC95BB0A110D2A95408404D409B67616B3823
Q158,granite:F10_Compact_NoShape,C006,granite:F10_Compact_NoShape,candidate_shape_mismatch,0,3,1,3,2,2,medium,1,technicians|work_orders,filter|join|order-by|time predicate,0F6CA2F788CF8972D286A6D501221B04473193664FE24C2534B016FA72DE68E2,6B05DC20B411F54AAA4035EE49263BDEE0BEECBBD589739B735C27A8DCC4248F
Q159,granite:F10_Compact_NoShape,C006,granite:F10_Compact_NoShape,candidate_shape_mismatch,0,3,1,3,2,2,medium,1,technicians|work_orders,filter|join|order-by|time predicate,77A9E36B71983DBFB857925F8DDD13EB9B792B9ED5070E6BD94BB738DA0AB15F,7109EB7A63ACB3C165C8BB10379E0A025AE31BFF7200F2153763B20B858CFEE4
Q160,granite:F10_Compact_NoShape,C006,granite:F10_Compact_NoShape,candidate_shape_mismatch,0,3,1,3,1,1,medium,1,technicians|work_orders,filter|join|order-by|time predicate,DB5C08862F816EC844480B4F7BB38CFB77498BAA3FEE33E146FDF405DDDA2522,247F64B9CC969BE0FF0892AF528AE7AFE444EAFFD19D28346A343A540BB0C620
Q161,granite:F10_Compact_NoShape,C006,granite:F10_Compact_NoShape,candidate_shape_mismatch,0,3,1,3,1,1,medium,1,technicians|work_orders,filter|join|order-by|time predicate,7D11F77393FE681ADF2CE37B34E84EEBC5759DA81C86BCB271B5C6CBA18EF582,920742F6A541EF4F368A8CF8A4E81F81E561FCF34A80C168B5320E37DE422F27
Q162,granite:F10_Compact_NoShape,C006,granite:F10_Compact_NoShape,candidate_shape_mismatch,0,3,1,3,1,1,medium,1,technicians|work_orders,filter|join|order-by|time predicate,09478506AE97DBB4E2FA0464D6FE75BCB6319CF7536E2F4A4835ABCDF1EDDDC9,34F60EDE10AD27A162D4476A2999FB624150CD870349CF1DB8ADF95733ADB63C
Q163,granite:F10_Compact_NoShape,C006,granite:F10_Compact_NoShape,candidate_shape_mismatch,0,4,5,4,2,2,hard,1,assets|grid_topology,filter|order-by|self-join|topology traversal,843D1B9A74DFB8420254C04EF67EC5AD51B1B1B40638D138A2F3635EA6B22576,25E50AD78502AE74A88196E85FC5B04BB17EBF7C044A0F4DDB8BE7EFC41A7544
Q164,granite:F10_Compact_NoShape,C006,granite:F10_Compact_NoShape,candidate_shape_mismatch,0,4,2,4,1,1,hard,1,assets|grid_topology,filter|order-by|self-join|topology traversal,B3650A8E083930290FC997399F3E52ED75E3355643AAB265C97CD82E7947446E,24343308951D9A4AD15EA16AED4C1111DEA20F71C709560A1A63C993D7856E40
Q165,granite:F10_Compact_NoShape,C006,granite:F10_Compact_NoShape,candidate_shape_mismatch,0,4,5,4,2,2,hard,1,assets|grid_topology,filter|order-by|self-join|topology traversal,C32023D2FE86F7C48FD6BE89B4BCEB0FE67E45344FACD7314954536034F9917A,1AA1604E51FB7FBACDC0F9CD0C147F0969E26C045A6582B8B193F8626030BEDB
Q166,granite:F10_Compact_NoShape,C006,granite:F10_Compact_NoShape,candidate_shape_mismatch,0,4,5,4,1,1,hard,1,assets|grid_topology,filter|order-by|self-join|topology traversal,AC88BE05B84AE2E935E85048DC3006A098E62B8DA00145B6C65C6DE9029881E7,78C08665536FD82F0BB63C2D88909519E4E43FC25ED33C6E46137CF02AC686B0
Q167,granite:F10_Compact_NoShape,C006,granite:F10_Compact_NoShape,candidate_shape_mismatch,0,4,5,4,1,1,hard,1,assets|grid_topology,filter|order-by|self-join|topology traversal,65DF93CBB3ED3B49BED2E05A4078FD42254B3EDB96A6040CEE0F76A6CA12FFAD,1E4FC9DD39EF57631E9B8DE55D11073E1ED623CEFE82A9BFCD07854B13A499A5
Q168,granite:F10_Compact_NoShape,C006,granite:F10_Compact_NoShape,candidate_shape_mismatch,0,4,5,4,1,1,hard,1,assets|grid_topology,filter|order-by|self-join|topology traversal,03084D7D690867B0A7D5CA328C0FDE730B6EDA13EB040D5E9E00879D726599E1,23548329609A5AAB25EA63FAC74151F5E12AB062172F1F2941A475D547C8229A
Q169,granite:F10_Compact_NoShape,C006,granite:F10_Compact_NoShape,candidate_shape_mismatch,0,4,5,4,1,1,hard,1,assets|grid_topology,filter|order-by|self-join|topology traversal,32DAF9E72E9AE0F3F7937307A5F3C9AB51A50AE300FCD4FFE8274443D2BE314E,CD7DEE4A8CD4D34D8182656ED8B8B804E2FB847D9A87EBB4DE189B88CCFA95F2
Q170,granite:F10_Compact_NoShape,C006,granite:F10_Compact_NoShape,candidate_shape_mismatch,0,4,7,4,3,3,easy,1,work_orders,filter|order-by,8A442B4D6D8BD8EB866EB9A477113D87649BB4E04CFDC98D7CF6320B492DC75E,9B7C311EEAB47AA56F563E23732784E6F465A71E4F47F0BE48002F605883C7D4
Q171,granite:F10_Compact_NoShape,C006,granite:F10_Compact_NoShape,candidate_shape_mismatch,0,4,8,4,0,2,easy,1,work_orders,filter|order-by,FA80C1DACEB60A5555A366948598FE75450243D9D177C8486D9C751C451C1795,844EDC49F7A38982CF8AD0B041D6DC6D095877F633AF52344098008FC3A4C348
Q172,granite:F10_Compact_NoShape,C006,granite:F10_Compact_NoShape,candidate_shape_mismatch,0,4,6,4,1,1,easy,1,work_orders,filter|order-by,F6A4E354F3119D71E1A6E3193F5BF570CABC358B664CBCCDFD29463FC4E095F7,4D4E7AA98D6EC5812C22119C7899C87B69FC97F7A572C809C4BEC64D0C7265AD
Q173,granite:F10_Compact_NoShape,C006,granite:F10_Compact_NoShape,candidate_shape_mismatch,0,4,7,4,2,2,easy,1,work_orders,filter|order-by,B9046B975E7092F35D750C26188879B6B5EC71EA5569418EB1C9EDF52448D256,CB010710A9965B256BD2BDAA71AF8B3CA3EBF649A754731CCB1CE356AD6C0908
Q174,granite:F10_Compact_NoShape,C006,granite:F10_Compact_NoShape,candidate_execution_error,0,4,0,4,0,2,easy,1,work_orders,filter|order-by,F87E582493EA70B6BE92AB6BA542AC2CE7F4DFA75F38DE399D7495B2DBB9632F,23308ACB2435B92AF81B85E120A177C950FE3E25BC5714691826DB364C70788D
Q175,granite:F10_Compact_NoShape,C006,granite:F10_Compact_NoShape,candidate_shape_mismatch,0,4,6,4,1,1,easy,1,work_orders,filter|order-by,55D3CD15A7A1E7B22E70F0C6631617C876E63719B848137B877805E4C9A0C932,6D6450176EC9584C7E4A6FAD27AE50AFF27DA6820B61256BCBDCF1C25147B608
Q176,granite:F10_Compact_NoShape,C006,granite:F10_Compact_NoShape,candidate_execution_error,0,4,0,4,0,2,easy,1,work_orders,filter|order-by,7379E31E95182E3D484EB3E5022646B902391894C6EB3E8541B314ACE9C5D90F,5BF700F629F5C03DD89F4DFE573E51E3842E624C2EFB6E70AF7C046B49D57A4B
Q177,granite:F10_Compact_NoShape,C006,granite:F10_Compact_NoShape,candidate_shape_mismatch,0,4,6,4,1,1,easy,1,work_orders,filter|order-by,9C9FB919C789851DAC61E3B97525E439B35EB295D55AE186E1B8F03A2B795E13,79BFDB10B9BB031FD2889DFCA3C94F7332770252CC15465B3D37207F9AAD157D
Q178,granite:F10_Compact_NoShape,C006,granite:F10_Compact_NoShape,candidate_execution_error,0,4,0,4,0,1,easy,1,work_orders,filter|order-by,2AFEF1C941D5155F1CE76B1813EA6514E633318BF3DF131D88787A426B51AF54,CE5977974313A0E798D09744F8FE4FEAA958C0F2287C43B4CC8B69292DC6101B
Q179,granite:F10_Compact_NoShape,C006,granite:F10_Compact_NoShape,correct,1,1,1,1,1,1,easy,0,locations,aggregation|filter,07FDE7DFCE282C7DD76FD216F7224153B4888103A0BF28140E3493C57D479621,F0ED8EA714C8C0B275180E9FE64FAC0C47F5D8F5AF0C098B34C57957C468FF55
Q180,granite:F10_Compact_NoShape,C006,granite:F10_Compact_NoShape,correct,1,1,1,1,1,1,easy,0,locations,aggregation|filter,5A394330D9F144270651F8093D0BC1B322AD6D39CF5A55D6C4E0FE670814DA0F,A81C2E54E08F172544EB63242B016F9D2C4E951F10D2F903E3A18C7549C9D289
Q181,granite:F10_Compact_NoShape,C006,granite:F10_Compact_NoShape,correct,1,1,1,1,1,1,easy,0,locations,aggregation|filter,7B0800582ECF6A69606C18E4F559D81FD45CFC33EFC2FFB747F961B3244A39EC,D30540D8BBE3F71B6F9F61D1E657B286E4509F85FD7DF16F841DEA90F15893BA
Q182,granite:F10_Compact_NoShape,C006,granite:F10_Compact_NoShape,correct,1,1,1,1,1,1,easy,0,locations,aggregation|filter,8FA7FD810865FAE90100F409F02E539A0B541505A5E080037179EACEC76988F3,48DC7CD04363C88A1964AFD28EBDDD1B5277C2D47D156F41A2593149CACB335C
Q183,granite:F10_Compact_NoShape,C006,granite:F10_Compact_NoShape,correct,1,1,1,1,1,1,easy,0,locations,aggregation|filter,35D6AB8747F5A94ED1395E6FBD12F6C850D13831061BF2A39F960EFA48000687,02CA04C452E0647DCB9DF1AC775A4E0BC5FD95B31FC68274B197A8AFD56F3F65
Q184,granite:F10_Compact_NoShape,C006,granite:F10_Compact_NoShape,correct,1,1,1,1,1,1,easy,0,locations,aggregation|filter,F39916EC46B7EED452BB4BA6C40020109EA6856E1DBD67C6B81D3B8440F7A24C,22E8D870E63990E136AF70B49847EE94BBA6FED442B882BC29FB0E74533E1530
Q185,granite:F10_Compact_NoShape,C006,granite:F10_Compact_NoShape,correct,1,1,1,1,1,1,easy,0,locations,aggregation|filter,D5ADB431FC773FE65F0997430990AC3D2BDA0A6830402623F099BC587088F810,007653CD612C66C0D918F9E160FE50EFB94CC966CE71B3FB2A4B392A146A8BF1
Q186,granite:F10_Compact_NoShape,C006,granite:F10_Compact_NoShape,correct,1,1,1,1,1,1,easy,0,locations,aggregation|filter,A5E2963C1E9EFE3046DC41FC9CBC801B59C14BF4B7FD06B915B383C5384E2CEC,98115A9FDA686A9542013FAC0F706BE730B9F4C123DBEAF5F90A8214FD97CC09
Q187,granite:F10_Compact_NoShape,C006,granite:F10_Compact_NoShape,correct,1,1,1,1,1,1,easy,0,locations,aggregation|filter,0E7CE6782B245B34A6A36BEAE0876BDFFC27A61CF480BD291A21113431DDE9DE,9374C143E83E0B3E14D14B3A4E5233D9306CD3306CEEB84147F1198AF7A1976C
Q188,granite:F10_Compact_NoShape,C006,granite:F10_Compact_NoShape,correct,1,1,1,1,1,1,easy,0,locations,aggregation|filter,AE4077536BC2DABE87638BE6DE59E3E204926381B9D9EE1031DA2EE3C0D1F927,AAB780DCBD5F0DF417C342643DC86D142939AF166FF7722A1B3FB85C98A7F7B7
Q189,granite:F10_Compact_NoShape,C006,granite:F10_Compact_NoShape,correct,1,1,1,1,1,1,easy,0,locations,aggregation|filter,131A7E521B5B9B72394BBE0ED0467ECEBBA7111466B1C7E3C860404612EA0C6A,D98E61AC2461FE884779A2E33AECB2CB6135A4C8FB7F1BFCFCDF4DC5D9D20A63
Q190,granite:F10_Compact_NoShape,C006,granite:F10_Compact_NoShape,correct,1,1,1,1,1,1,easy,0,locations,aggregation|filter,9F726CB54EFA3463E30B3BD7739100F3F61852700FE613C582D72743080888CD,EFD24C88124419AB6CFA9A484FEC049649216A426B7E851C7538E888E304BEE6
Q191,granite:F10_Compact_NoShape,C006,granite:F10_Compact_NoShape,correct,1,1,1,1,1,1,easy,0,locations,aggregation|filter,D2FEB923BD867FA6782EB7AF6B83DD72581D3EAFD10E2C2F192C3D64A4C27581,6C2A0BA4FA1FE1628C3F46CD680122170923AC74A025001C2472497F11C68272
Q192,granite:F10_Compact_NoShape,C006,granite:F10_Compact_NoShape,correct,1,1,1,1,1,1,easy,0,locations,aggregation|filter,2981C9D539D09C741502EE1E3C9A501E7205E586754D4FCE6CBCFD8982F89998,C364D4375957255449638F890940C6CDE4EA6BF3B7A4BCB04865B28AFD6DF22B
Q193,granite:F10_Compact_NoShape,C006,granite:F10_Compact_NoShape,correct,1,1,1,1,1,1,easy,0,locations,aggregation|filter,B950EC1A8CE3B82328C51635ECD688E019871CCF5BEB1C68DA4E600D535F6D94,38B2E194AC2954E898AB8FCDF984D782966CD14D9DA136FF01B7B47088244BA6
Q194,granite:F10_Compact_NoShape,C006,granite:F10_Compact_NoShape,correct,1,1,1,1,1,1,medium,0,asset_types|assets,aggregation|filter|float|join,7166C89C8831B3016063E1AB9F8CE1F2FDCFECEEB8187DEC5B84B69732881D6A,6BB25D93830DFB3D0C3CD2BF041F9E80922B66BB6DA70F723325F5241D3924B0
Q195,granite:F10_Compact_NoShape,C006,granite:F10_Compact_NoShape,correct,1,1,1,1,1,1,medium,0,asset_types|assets,aggregation|filter|float|join,DC536724253301243B3320551648E2FCCBFC687F453F7D505E0CFF8E01E15F31,63AD961D29BC7CDD5C8867E491EB6D094E9D2BFB142D594AB3A58921F30394A4
Q196,granite:F10_Compact_NoShape,C006,granite:F10_Compact_NoShape,correct,1,1,1,1,1,1,medium,0,asset_types|assets,aggregation|filter|float|join,DCD2D009CF84CDF25DBFCB14D5ABC8ADDEB5336ADFE4B0098D32DED30C692084,12D9A956469E8B9A07CE652EEB0C29A2EF5322DA2D3E2C50FCD0B5A954BBF5B2
Q197,granite:F10_Compact_NoShape,C006,granite:F10_Compact_NoShape,correct,1,1,1,1,1,1,medium,0,asset_types|assets,aggregation|filter|float|join,12D16FA0D8173B745F0C4D8A3EC5D8B9CFE01AC32DAF6E5F355ACAC060862676,2BAA500471E7659AEEC8CB26FA6EFF1565751D8F7AB8B43DCE976C15418A8211
Q198,granite:F10_Compact_NoShape,C006,granite:F10_Compact_NoShape,correct,1,1,1,1,1,1,medium,0,asset_types|assets,aggregation|filter|float|join,794269DCDD371A38738B2E9C5DE833345D2E8162F39FAA77F97C489EACF1F836,196985D54C20EA79FAACCBE0C763EEA9B4ABE2DDD16E2DF27A89CEEAE620383A
Q199,granite:F10_Compact_NoShape,C006,granite:F10_Compact_NoShape,correct,1,1,1,1,1,1,medium,0,asset_types|assets,aggregation|filter|float|join,9E7DB289237CD29557802605AB3BF764857AE89215C3A835DA94C7CF4E51E039,084AAE6809FB4DFCC9D03C63CADDC4AB8F8FD07C6DC079A0A20DF9DA21208BE1
Q200,granite:F10_Compact_NoShape,C006,granite:F10_Compact_NoShape,correct,1,2,2,2,1,1,hard,1,asset_types|assets|sensor_readings,aggregation|filter|group-by|join|order-by|top-k,137495D90691EAE5785708213B629DDAE21B3A67BD8987356F26611B1CECC30A,B48776A52748FCB7300FC3FDE5674B5984B47ACA419F9E29A4DCF675167ABC66
Q021,granite:F11_Compact_WithShape,C007,granite:F11_Compact_WithShape,wrong_denotation,0,1,1,1,4,4,easy,1,assets,filter|order-by,55F81C1AC873F824F3F76FD7C83D25F164EC941CF33550C2FBC69A3A03FF9FC9,2198EFD31F4C3DE5080570F611B43AD0FD7047E848954219E9DF97A9F827C3E9
Q022,granite:F11_Compact_WithShape,C007,granite:F11_Compact_WithShape,correct,1,1,1,1,1,1,easy,0,assets,aggregation|filter,D5B25E0025DA4D497DFAD3F205ED0B4E4F4CD5CE017B4F3B94EDC70D69E6D260,F914A2E6E9F067B567649ABA758F096EA3A1E1CB3DDBA17C382A290B9FAF9918
Q023,granite:F11_Compact_WithShape,C007,granite:F11_Compact_WithShape,wrong_denotation,0,2,2,2,0,5,easy,1,work_orders,filter|order-by|time predicate,24572CB13A5D5588124877E293852E2B49FCC354F662F8EB1D36380F0C95F8E4,6AEE6CD3B4332E230E2EC8E78C68AF1603299CB113A49F873577585A88EDA5B8
Q024,granite:F11_Compact_WithShape,C007,granite:F11_Compact_WithShape,correct,1,2,2,2,1,1,easy,1,technicians,filter|order-by,CC7596945F04BDFF6EBE3F41F42801406152651B879DC751912D9AD90DFD5A88,4DADD9D2866A7A9EC4CBB9FAB5589851F68C40BE4C9D59E9E3E90DD6C7076DD4
Q025,granite:F11_Compact_WithShape,C007,granite:F11_Compact_WithShape,wrong_denotation,0,2,2,2,3,3,easy,1,assets,aggregation|group-by|order-by,2B2D727D08C83292D2447317AF354CD20C976C19DBC20E82B648E84FB02A84BC,D29EAC989EAFC3E63F7500F3A9E98EB1F15184AD32C402196341AE3DE68CE4BB
Q026,granite:F11_Compact_WithShape,C007,granite:F11_Compact_WithShape,wrong_denotation,0,2,2,2,6,2,easy,1,asset_types,filter|order-by,AC893E02F21D5761F488C2565B13F4BDF1F9F80E6E7FA9D49158E333D57D185A,B7640EEA33B19B3250A81ABCD2181F399349D39D3542338A50610A754D221E5B
Q027,granite:F11_Compact_WithShape,C007,granite:F11_Compact_WithShape,correct,1,2,2,2,3,3,medium,1,technicians|work_orders,filter|join|order-by,1C8E172B3558CA9F20F411F6A6502F33403CF787E5A13E713C61AD0D507980FA,1A4BE67B2091AA4AC2EF17CC24EB74DB5413795CF480B725012D3E636586D7BF
Q028,granite:F11_Compact_WithShape,C007,granite:F11_Compact_WithShape,correct,1,1,1,1,1,1,medium,0,asset_types|assets,aggregation|filter|float|join,C73FCE701FDE4E856384DA43D8D329D71BD279042CF34A32E0F7A5B6076DF88E,54DDECAFAC5EBB954C06CEC98597A00BD698E828637CBF6D38BEFEAB15B75DD8
Q029,granite:F11_Compact_WithShape,C007,granite:F11_Compact_WithShape,wrong_denotation,0,2,2,2,11,11,medium,1,assets|locations,filter|join|order-by,B17D610CBBA75CEEDDF229B4F8897F52256BEE0E1F241A995F1E230998BF993B,BBA836A5D8C3143D2E60FFD9DD3BEC47B774DBF87559ED3439AF15FA16EB0FF1
Q030,granite:F11_Compact_WithShape,C007,granite:F11_Compact_WithShape,correct,1,3,3,3,3,3,easy,1,work_orders,filter|order-by,66F6B4D058C9F0F0BA20CA133E40E2F5826EB3C72B501A7C98A1A31C349FA672,2A1E4E60B4A24E54BCE4125A0A1C839E6D0884F564C6332093253FB180F651DF
Q031,granite:F11_Compact_WithShape,C007,granite:F11_Compact_WithShape,wrong_denotation,0,3,3,3,4,4,easy,1,sensor_readings,filter|float|order-by,2D9044C62C4A3DF2973A405D062EC2661DA32C4EE19D20CBF9074E0352CF80B3,5AC44A498A70D6929187195C8CBD762C06CDF8B3457E1BAE0FCA1A60940AE06E
Q032,granite:F11_Compact_WithShape,C007,granite:F11_Compact_WithShape,candidate_shape_mismatch,0,2,1,2,3,5,medium,1,assets|locations,aggregation|group-by|having|join|order-by,74D4D10AB0309C880A356609E1A90ED6C9A94F61B5D13CB8267213E493C67CBF,5AC2DBED21AC5DBFE77961A6BC95DE4DDCD8B93728801304EC44E60A601F0F9D
Q033,granite:F11_Compact_WithShape,C007,granite:F11_Compact_WithShape,wrong_denotation,0,2,2,2,4,4,easy,1,work_orders,filter|order-by|time predicate,F3DD64CDC7EF5D1F0FB75C70F287F19B23672933B6F1223F802F9B052E176838,98CEC50EB6962A60F1AED8C1718E6A1D5E8B8CC51C7BA9A0414BE6C5E27BA955
Q034,granite:F11_Compact_WithShape,C007,granite:F11_Compact_WithShape,wrong_denotation,0,2,2,2,5,5,easy,1,assets,filter|float|order-by,6589F77915617267211A75D3B10A13A4EE8FBCA23D36F820EBB364A0CA5F1C3E,09483B77157245C6C5E9BE1610FE8B3DCE75A48D699D70318CA8EE18F9086F5F
Q035,granite:F11_Compact_WithShape,C007,granite:F11_Compact_WithShape,wrong_denotation,0,2,2,2,3,3,medium,1,maintenance_logs|work_orders,aggregation|filter|float|group-by|join|order-by,8013352BFEDABA4DA9AFDD3EF8FAAB7D0861579A3BA7FACE4836356464E1FC27,5FD52A03AE98A268E5699C1401991628C1D6D6181E4988438C7F336F0E4D737F
Q036,granite:F11_Compact_WithShape,C007,granite:F11_Compact_WithShape,wrong_denotation,0,2,2,2,1,1,medium,1,technicians|work_orders,filter|join|order-by,3BBDAFCE290FC2D4EC2D85FC75A554672CEB80B596C86E24943075739862FC29,B2B351D2DD6E4445AF79275FA0F5DA3CFEF62F36CB190170F6DE6E7B351B7943
Q037,granite:F11_Compact_WithShape,C007,granite:F11_Compact_WithShape,wrong_denotation,0,1,1,1,1,1,hard,1,assets|grid_topology,filter|order-by|self-join|topology traversal,0E145C65BA4E161752BE0ED53019DFB2CC11580AA6B8AF266E319C6DB3DDA64E,B045E4DE9620345D0E575188F60F3F6D232B47BAFC5F7586F3FD9766816C2247
Q038,granite:F11_Compact_WithShape,C007,granite:F11_Compact_WithShape,wrong_denotation,0,1,1,1,11,11,hard,1,assets|work_orders,filter|nested query|order-by,3698B2748D8791717F4543B003A3B5A45AA7CDD319EB631F3FA04EDEBC08324E,72E745C00A0F58ED2EDD21C2568B8982DD5E2407D404BD000443DEDBCA4ED63E
Q039,granite:F11_Compact_WithShape,C007,granite:F11_Compact_WithShape,wrong_denotation,0,2,2,2,1,1,medium,1,work_orders,filter|order-by|time predicate|top-k,429B2FFD16FB56143DC27C730263159C8263FC34B46AC703D4B2B4D65584424E,B4CD6C00B5DAE5EFF3C6B878426C218E13A252D8819B0FDB38635CF71DF1F323
Q040,granite:F11_Compact_WithShape,C007,granite:F11_Compact_WithShape,candidate_execution_error,0,1,0,1,0,4,easy,1,assets,filter|order-by|pattern,3182EFE8857298B317D94F64E5BB7F23751AFAEE7D52CBB0B56AA21A0E588D64,8EBE89272A8ED2BDF4276016C69C61E8BA0E215B91DD36A99CCD76381F585F64
Q041,granite:F11_Compact_WithShape,C007,granite:F11_Compact_WithShape,wrong_denotation,0,2,2,2,8,8,medium,1,assets|sensor_readings,aggregation|filter|group-by|join|order-by,D4F92751261CEB0B89D1C3CE2C3C9B23FA0261C8C64B1C58175295933A396122,3D6D3DCFA6005C015C82447250648EBE4E3D2C89437A232DCA907B5E432725FE
Q042,granite:F11_Compact_WithShape,C007,granite:F11_Compact_WithShape,correct,1,1,1,1,1,1,easy,1,asset_types,distinct|filter|order-by,5DF81763AB43FE8D0A8244FB132469F12FBEEB6D197A9F123AC21BB7B9B1E059,3D176D0A46AABD8359DC958BE56505456BC95FDEE7BECBE95F1CE0C86774A88C
Q043,granite:F11_Compact_WithShape,C007,granite:F11_Compact_WithShape,candidate_execution_error,0,2,0,2,0,3,medium,1,asset_types|assets|locations,filter|join|order-by,F1E764B6333E7DE665A068D05C2A5E77A56295F00F995D6876C9439F3B0E0F90,3033FB90E3C88DD14F28CAA9D7404B3EC148B8C301D11B44A42DCFFF2AC7CFF8
Q044,granite:F11_Compact_WithShape,C007,granite:F11_Compact_WithShape,correct,1,1,1,1,1,1,easy,0,maintenance_logs,aggregation|filter|float,04F2C3060E2CC58698FF79576D7E93E96D42DFC878B1255FD5579BCA35F84172,2ADB7284D4D878BA558B1AA913DB7A45F11D6E4E96D82B9B24C31B31A8CD997A
Q045,granite:F11_Compact_WithShape,C007,granite:F11_Compact_WithShape,candidate_shape_mismatch,0,2,1,2,1,1,medium,1,asset_types|assets|work_orders,filter|join|order-by,A947718ADC137905B10833C561C0F716CF162DDB7AC1AF7329CD0DA23432B6FD,C96A6B040E2AE08507B988B863FA1F08DA2A76E2679F16FB276DEB323238B8FA
Q046,granite:F11_Compact_WithShape,C007,granite:F11_Compact_WithShape,wrong_denotation,0,3,3,3,3,3,medium,1,assets|sensor_readings,filter|float|join|order-by,FB0B1619A3C7FCECC4B45F458841BDA21FB81F9062B12225FE146A763ED3D426,692D6D9F23FE1084D1FEA9495BEE1D8809875B8893DA96A93EF414656FE34C59
Q047,granite:F11_Compact_WithShape,C007,granite:F11_Compact_WithShape,candidate_execution_error,0,2,0,2,0,3,medium,1,asset_types|assets,aggregation|group-by|join|order-by,8A7682CD0F04BE72174B1842A8D325E300F8BBC49891EA984D0279CAB674B678,39F74338A2111F1EF34E04009D586A004D16B93BB80B956F375D76FC7972316C
Q048,granite:F11_Compact_WithShape,C007,granite:F11_Compact_WithShape,wrong_denotation,0,2,2,2,5,5,easy,1,assets,filter|order-by|time predicate,D22EDA743B421357A9831093756D9B9D66531CB2A4E3148C1E085A292E8492E5,790D535AA128B306F6ED938E9B2A5718BBA0EC628B2242375539FF7846C52141
Q049,granite:F11_Compact_WithShape,C007,granite:F11_Compact_WithShape,correct,1,1,1,1,1,1,medium,0,maintenance_logs|technicians,filter|join,89160AC1AF2DD7938864BB313012005723834A338445E996EC62B5629C6FAB54,EE416EF7F4C0E0F5585050A84A1C02C05AFFA18D60380281ADBC92E3FF62F8AB
Q050,granite:F11_Compact_WithShape,C007,granite:F11_Compact_WithShape,wrong_denotation,0,3,3,3,5,5,hard,1,assets|grid_topology,filter|order-by|self-join|topology traversal,56541F35A9ADA3BD7DB2C3845FABA13C3619F6EF18F259F6DB971572B641915A,1F3AE954A1BCAB25CEB1EC2272A14D51F35A6474CCBF8D48287C845763F751AF
Q051,granite:F11_Compact_WithShape,C007,granite:F11_Compact_WithShape,candidate_execution_error,0,2,0,2,0,1,medium,1,maintenance_logs,float|order-by|top-k,602F9EB0F8843C56AFFC62B198754302EF436CB9CFDCAB00ECBCA4207C050B05,8186C9B7C74D7153D2A3E5364F5AD2ABC02DA97A428E332303F868640A96606B
Q052,granite:F11_Compact_WithShape,C007,granite:F11_Compact_WithShape,correct,1,2,2,2,3,3,medium,1,asset_types|assets,filter|join|order-by,5F296F600DC8CF4D5241BD937761B297FBAEB3BBD3953685FDA5463FB3D0F2EF,85DF82AC2ABE10DD5ED6C6D984D4D687FE6CE678589BC733F59070004B547B73
Q053,granite:F11_Compact_WithShape,C007,granite:F11_Compact_WithShape,candidate_execution_error,0,3,0,3,0,2,hard,1,work_orders,filter|order-by|scalar function|time predicate,85B4B52E5E09C97E7CA03DD158064061985A273ECB03D3E27E68F60AC86B9976,3EAE7BE8AF8CF36D1703C80633D8B0CE6180A8A5F4FF5EC524C2106E40CEDDF5
Q054,granite:F11_Compact_WithShape,C007,granite:F11_Compact_WithShape,correct,1,2,2,2,4,4,easy,1,sensor_readings,aggregation|group-by|order-by,0209579551C7C143494FC829E3BB901AC7C119B99EA9A1E1DFA4779AF45B9E4E,D8B52409C7C001AEAAFCE4E0ABE9E04718FC18D305762DFDF40537090C9269BF
Q055,granite:F11_Compact_WithShape,C007,granite:F11_Compact_WithShape,wrong_denotation,0,1,1,1,2,2,medium,1,assets|locations,filter|join|order-by,A14AF4B116A2B8B8098A2329510E5AC07F64C1B04621938F17D0FDAAA5ED18F6,D415506393250DA3C55B5152424D2C8CE60A8106C2C445DD502A049F00EB2C79
Q056,granite:F11_Compact_WithShape,C007,granite:F11_Compact_WithShape,correct,1,2,2,2,3,3,medium,1,technicians|work_orders,filter|join|order-by,FF20A5AEE908B8BB3965C6427F8C9488332BF26482E1B3DCD47743242B434C74,4289E1781826F34A34DD523F831378B0936CB18EE72A25056922A9ABEFF7589F
Q057,granite:F11_Compact_WithShape,C007,granite:F11_Compact_WithShape,wrong_denotation,0,1,1,1,1,1,easy,0,sensor_readings,aggregation|filter|float,25A6A694DAD2BB2DE34D66D7A311680AD69B3D6FF62A262A2AE004A108574E81,E83BCDA26C405F53453C322BC9A153554DFB63AD0414921B833DAB23BFDCDA57
Q058,granite:F11_Compact_WithShape,C007,granite:F11_Compact_WithShape,wrong_denotation,0,1,1,1,5,3,hard,1,locations,distinct|filter|nested query|order-by,8DF2FAE6FD516DAC197F3497028E05AFB680C7D2D321650FAFC0D597E043E4E8,117CE18E62A2C6F5B6F1A2D1049CA245877A54DEA51FF8654B501AA2147D96D6
Q059,granite:F11_Compact_WithShape,C007,granite:F11_Compact_WithShape,wrong_denotation,0,2,2,2,4,18,hard,1,assets|work_orders,aggregation|group-by|left join|order-by,D0DB7D6501145367C97FA1833E0ADFC13F200A510AF5508EFE626C1E27BF08D1,3DFAC6294FA48460FE07FC0DEED4527955CA9F7EA62EDB72EFEF66A5219701E5
Q060,granite:F11_Compact_WithShape,C007,granite:F11_Compact_WithShape,wrong_denotation,0,1,1,1,10,10,hard,1,assets|sensor_readings,filter|nested query|order-by,4311F9BF5AC5A005E8A014C1E2BC7B44FA89A1F92BAFBFBCF05AF9E9697FCAF8,8DFC0FBE8CC2393C9F4E29E4FCF12CC084574B2C95E1934AA8B0CF40486323AC
Q061,granite:F11_Compact_WithShape,C007,granite:F11_Compact_WithShape,wrong_denotation,0,2,2,2,0,1,easy,1,asset_types|assets,filter|join|order-by,714928BC092A8A320FC94FC3E62451E3A161575CFD48128A5706261BF6AC9181,CB8A8CA90B5B5B65811AA50547961910F48DD4D22DC465C65D740863041AF421
Q062,granite:F11_Compact_WithShape,C007,granite:F11_Compact_WithShape,wrong_denotation,0,2,2,2,7,7,hard,1,technicians|work_orders,aggregation|filter|group-by|left join|order-by,BCB6C133B399C74C04DEF20579B9CF46E1D223FEFD6A571F48B5CB6F49A89BC8,D5FE9AD86D37A053D4D7A70DB8044F96A7D0DA521ED50AEA86C7C4DE091EA3E1
Q063,granite:F11_Compact_WithShape,C007,granite:F11_Compact_WithShape,correct,1,2,2,2,1,1,easy,1,work_orders,filter|order-by|time predicate,A8BF5193627EE66CAEB265AD31FF9120CDC97D1BF155103E869F38CE3ACC2E01,9BC61C0E25D15E080395150B61ED05DC6A342608FE1BCB66CBB3165CAB232AC0
Q064,granite:F11_Compact_WithShape,C007,granite:F11_Compact_WithShape,candidate_execution_error,0,4,0,4,0,15,hard,1,assets|sensor_readings,float|join|nested query|order-by|time predicate,1E2F4D0AE1C778C1F7F9E595369308B8AA0668F0DE60CA15223F69B17340180D,3668AF6F317F360422A127A07D15C6520B21A32029142BA9B9C9FF430E0EDC43
Q065,granite:F11_Compact_WithShape,C007,granite:F11_Compact_WithShape,wrong_denotation,0,1,1,1,4,4,easy,1,assets,filter|order-by|pattern,A0EB5B6158011E57C84403D46EF0E996EFD2435CA19368508DE43C3412F0E831,C5BD5C26B91224A6B61EF52388B9D8E6E901CB40A83BC61A526D27093BA499E4
Q066,granite:F11_Compact_WithShape,C007,granite:F11_Compact_WithShape,correct,1,1,1,1,7,7,easy,1,work_orders,filter|null|order-by,5A9ABD5C0CFD0B3D4AD9004CFABEFE159F4078DBB87ADA46D383A73F76FBECC2,73EC29EE90BE10D52AF1B9A6E6637C370408ADF28CDE872950CF0721E464A6F8
Q067,granite:F11_Compact_WithShape,C007,granite:F11_Compact_WithShape,correct,1,2,2,2,2,2,easy,1,maintenance_logs,filter|order-by,E169DE04B07B3749F41A049D0FDEC26290143ECED48B6B0513CB3B0FBB19F9F5,8A3CA45B2951961D067C5F1853776756E2E634AFA005BD7DBA46152A8A26599A
Q068,granite:F11_Compact_WithShape,C007,granite:F11_Compact_WithShape,correct,1,2,2,2,6,6,medium,1,asset_types|assets,aggregation|float|group-by|join|order-by,2D792020262E64E16C3CB434AB20395199B8806F19595D24CA3313E27BF24510,85CFEF7B936CE99C93FE7B3FA4D790D3A62A1C3610D4406C2FB446EF88721A92
Q069,granite:F11_Compact_WithShape,C007,granite:F11_Compact_WithShape,correct,1,2,2,2,2,2,medium,1,asset_types|assets|locations,filter|join|order-by,5D0536FAF17335FE22E2983E2478C53835D3E5FC4C973B5BCD895EA1477A5195,4C9A53FDA153DBC282E75ED5D8A8271290B409B3983EC5245A5A355FCD513F55
Q070,granite:F11_Compact_WithShape,C007,granite:F11_Compact_WithShape,correct,1,3,3,3,2,2,medium,1,grid_topology,filter|order-by|topology traversal,D3111E2C137EF632C3F0C27C25F0EE2BA8DB0465139BBD80B1074C8551F13AFB,DE4AB58DD907088525A343A7DAEBD70C2E24266A926BA47803FD436F0A020578
Q071,granite:F11_Compact_WithShape,C007,granite:F11_Compact_WithShape,wrong_denotation,0,3,3,3,1,1,medium,1,assets|work_orders,filter|join|order-by,8F5898391C36AE961C5EE2EBF6F8A320BAD30068F519F3D208740AB41EADF068,E97FEB511A72F5242C5B426C15B5B68C0AC52AB5CFAA307E2F2BE34D1DCF1583
Q072,granite:F11_Compact_WithShape,C007,granite:F11_Compact_WithShape,correct,1,1,1,1,1,1,easy,0,locations,aggregation|filter,7ED72780457EF1D5929673311337FA9DEA9B3B0C7817F76B7828CCFA696FEE04,95EAB691F3A87564414FB116CCC94458C67C735A9958F15C840959E7DB9879CB
Q073,granite:F11_Compact_WithShape,C007,granite:F11_Compact_WithShape,wrong_denotation,0,1,1,1,7,0,hard,1,technicians|work_orders,filter|nested query|order-by,002A9B83578C3BC754AF8B8750572524C7D54CFEFCB52C84D293B91395E938DF,EA2420FEE687FD65F202317C768EA6E3DC6FD466407B8319A0595851D188137C
Q074,granite:F11_Compact_WithShape,C007,granite:F11_Compact_WithShape,correct,1,2,2,2,1,1,hard,1,asset_types|assets,aggregation|float|group-by|join|order-by|top-k,7CC650B1C3F87E1BFB6EF95E8E8E1989AA64E6F106641E202072CF4A5246AA43,B3B989D9A5ABEE1F604FA90721954855A1D98E68FACCAD5A30A70A72116F86E3
Q075,granite:F11_Compact_WithShape,C007,granite:F11_Compact_WithShape,wrong_denotation,0,1,1,1,1,1,medium,1,technicians,filter|order-by|scalar function,6875EF7698F027169D1A5BAED546BBE608C176D14E495FD7B3626514E9D08D60,8075FFA2B3AD5DABD5BC301871642C493AEFF0E21B13E50DF735B53208C4E3F9
Q076,granite:F11_Compact_WithShape,C007,granite:F11_Compact_WithShape,candidate_execution_error,0,3,0,3,0,8,hard,1,assets|locations|technicians|work_orders,filter|join|order-by,93EBB64539F3D43AFDE3C6E3625B83D069B74030C4B4DA4ABDEEE46A52F7D0AB,AA5687CCFF7ED2B6D7D26AF69D1CF935236DDB5C496DA6F59BF2CB5194DC765F
Q077,granite:F11_Compact_WithShape,C007,granite:F11_Compact_WithShape,wrong_denotation,0,1,1,1,7,6,hard,1,assets|sensor_readings|work_orders,distinct|filter|join|nested query|order-by,6AEBA8EC81EB968C6AD06EA15A9C962371057FF97D4D5218895CEEFD7476CBB3,3A581069DD8A71B35ACBBF96C143EF11E799EF3534FA97CB6EDE4228C5CCAFE0
Q078,granite:F11_Compact_WithShape,C007,granite:F11_Compact_WithShape,wrong_denotation,0,1,1,1,1,1,medium,0,maintenance_logs,aggregation|filter|float|time predicate,7E225E122405B040CA3EB972EC380542761B192F6A12DD408A8461C78CDE5F29,189994EC16E232110E615D509BA67D7EB2D5E3DA5EEBE8800A9A217765A6DE0D
Q079,granite:F11_Compact_WithShape,C007,granite:F11_Compact_WithShape,wrong_denotation,0,2,2,2,2,2,hard,1,assets|grid_topology,aggregation|group-by|having|join|order-by|topology traversal,65D316ED752806D2AA82CA8752A6127A086814190E004AB56015C96EF21A797B,BF4F0EA342B7028E01793072D85D1178814F555A8FA5378F3192C135BDED2615
Q080,granite:F11_Compact_WithShape,C007,granite:F11_Compact_WithShape,candidate_shape_mismatch,0,3,4,3,4,4,hard,1,asset_types|assets|locations|work_orders,filter|join|order-by,5E9C81D7552EC866E3A8B2CC644AB66CC717A92D1329CA09734EF3B7AE8F48EC,56DC4BFED3DB08B1C0326C1F215763519AAE73E65A2E9B35E688A92A2CB84E6B
Q081,granite:F11_Compact_WithShape,C007,granite:F11_Compact_WithShape,correct,1,3,3,3,1,1,medium,0,asset_types|assets|locations,filter|join,363C1DA6A8670D6D7D8A2A254339A6BC60A17DC8F4EEE2749EFDE626E69C8C54,B5DFF96C6059A8199759F61599CEF41B66796187405AC66FBA00C76616BF4C3E
Q082,granite:F11_Compact_WithShape,C007,granite:F11_Compact_WithShape,correct,1,3,3,3,1,1,medium,0,asset_types|assets|locations,filter|join,45EA40334D886DA5457B7F2823FEA918498D6D98BC347A02DB2D1F5019CAD748,5907FBC3F9F3722B44678B02D9B02222BE4AA59CFA5D97407A69E90B2B9B2F95
Q083,granite:F11_Compact_WithShape,C007,granite:F11_Compact_WithShape,correct,1,3,3,3,1,1,medium,0,asset_types|assets|locations,filter|join,9E6DAB312B08957220952589F89CDF2CD7BDBADDA22B0161854E22B5102BB3AF,7BEBBDB5539972BBDB52996E31053D376CDE31AF40998FEFDA5D143B8A068CB3
Q084,granite:F11_Compact_WithShape,C007,granite:F11_Compact_WithShape,correct,1,3,3,3,1,1,medium,0,asset_types|assets|locations,filter|join,C497417893B19ADE1BBB8171586CDB5687CE8B8B86DB2784D2F9B335CF40FDA4,E9B608A9FE56DD4A70F4BFB2BE6A57DFDCD5857163DB2E40DB8790E68C0E983B
Q085,granite:F11_Compact_WithShape,C007,granite:F11_Compact_WithShape,correct,1,3,3,3,1,1,medium,0,asset_types|assets|locations,filter|join,D101E568742237F5AE846E5B21B9EE654F75E973CF2473BD77692E565DF1E57B,BE47859E9627B4953A38F609DBC5096697D6F691E646B1F0325383F8AF193E6E
Q086,granite:F11_Compact_WithShape,C007,granite:F11_Compact_WithShape,correct,1,3,3,3,1,1,medium,0,asset_types|assets|locations,filter|join,8BB2D82F5E51C45A20B710E01DB4665257419A28FC862C8429C9DE6D969AEC2A,AD8C5AE8369AAD1CD2D29F12FEBEE5833F05100C2BD337D93549AEF9E8DE16FA
Q087,granite:F11_Compact_WithShape,C007,granite:F11_Compact_WithShape,correct,1,3,3,3,1,1,medium,0,asset_types|assets|locations,filter|join,F33F74D276747231A485FBB3A5684CA18D91DADA91CC72E7BB3BB114CA8F756B,EC610E6CB8DAE78AF9A630AB0327E4D83BF7E869679B118E9B4F3AC80A125542
Q088,granite:F11_Compact_WithShape,C007,granite:F11_Compact_WithShape,correct,1,3,3,3,1,1,medium,0,asset_types|assets|locations,filter|join,1EE3392AA2BC02F58EC92BCB9972BF71649F0668AFD647C381DA31C6CA7E63DC,AB06F6AE1D6A86C92475A4CAB67407D223CDEF7E023A33888D45D7474FBEF815
Q089,granite:F11_Compact_WithShape,C007,granite:F11_Compact_WithShape,correct,1,3,3,3,1,1,medium,0,asset_types|assets|locations,filter|join,1B39F6BC2A088ED4E472540EE8FA1D188772B0883C39DC1344545A813173A931,78DE4B7992B28BB07F2B0EEA4DB6D9B805E2B672F8AA3AA7A8EC1C15ADF6F8C0
Q090,granite:F11_Compact_WithShape,C007,granite:F11_Compact_WithShape,candidate_execution_error,0,3,0,3,0,1,medium,0,asset_types|assets|locations,filter|join,6052E90C02C6E2DDCF00862EEC5C1154BB1172F5726A7897A82D29A32F078615,F2995887A6CDE41BAE098E58C25E5FE4A6FC18517FBDFD424ECDB715AADC1B76
Q091,granite:F11_Compact_WithShape,C007,granite:F11_Compact_WithShape,correct,1,3,3,3,1,1,medium,0,asset_types|assets|locations,filter|join,24924ACA211FFD516F99404FD3D3F11A34BCD8CAB58DC724C4A1BEFDE9ABFC23,C90ADD655689FCD9911FDA1120AE5F0439C0E554E9CB8C8DF1BF70881774653C
Q092,granite:F11_Compact_WithShape,C007,granite:F11_Compact_WithShape,correct,1,3,3,3,1,1,medium,0,asset_types|assets|locations,filter|join,B89F4C6BCDB9953B2D011F39792DF9DFD2531A672EF3F0DF63FE6BEBF17C3253,8C7606BCDD6CFBA13724611294FE27BA6416EAF37F7B0A9A7BA4CF7F2840E2AE
Q093,granite:F11_Compact_WithShape,C007,granite:F11_Compact_WithShape,correct,1,3,3,3,1,1,medium,0,asset_types|assets|locations,filter|join,8BDF68AB75E6108B6BD3BF37EBB205207269EB8AE6C1A89A2B97A1A125E6D5A6,80AA5E635828D15D65DE1C95E333A7C29B831D491A1AAB2C3B4AF00FA7524316
Q094,granite:F11_Compact_WithShape,C007,granite:F11_Compact_WithShape,correct,1,3,3,3,1,1,medium,0,asset_types|assets|locations,filter|join,07D3FADB1048595B00B00A16BF022A114E7C1DC7CF784CDB7D4BD07060447BA2,72A4EEC70FE114219C53C3B3BDB8956BAB9A8F048CF56A4EC08DCCDB2F00013F
Q095,granite:F11_Compact_WithShape,C007,granite:F11_Compact_WithShape,correct,1,3,3,3,1,1,medium,0,asset_types|assets|locations,filter|join,6F4E6D25D9692A648CDB5A1864E5746BD278D34AE603B0D89854C197E20F7469,26D884CC511DBF8DCE2BA5F82EB15338F8DF136F43F11EF608B9CB5A0125BFFF
Q096,granite:F11_Compact_WithShape,C007,granite:F11_Compact_WithShape,correct,1,3,3,3,1,1,medium,0,asset_types|assets|locations,filter|join,5768042FC82DAF0B916ED8C9A541E6DE2A56AFCFB5A5D93FCBD3DB6C3A36EFF0,D7A4E1B40F05EE267E53226B4C3B2AD861809C274003AFDB2DC6103556EF15BC
Q097,granite:F11_Compact_WithShape,C007,granite:F11_Compact_WithShape,correct,1,3,3,3,1,1,medium,0,asset_types|assets|locations,filter|join,61DF4B176C0267DEA3297E2B69563226E8D84C60D2A2DA947B2DB8C746F92DDA,F5EC9300EA6C17C34C465780B1B3B1AF5C281D823AAE63B38AAEA0943779E901
Q098,granite:F11_Compact_WithShape,C007,granite:F11_Compact_WithShape,correct,1,3,3,3,1,1,medium,0,asset_types|assets|locations,filter|join,195002B4C04434460C6B6C0A79ADEFFFF4026AE1382262BEA41AECF29A3C97B2,2C0C09F5495E655CB3AAE807E7D9ED40B69561C9DE1C4481CA8935F94D119B46
Q099,granite:F11_Compact_WithShape,C007,granite:F11_Compact_WithShape,wrong_denotation,0,3,3,3,1,1,medium,1,assets|work_orders,filter|join|order-by,B0CBD2F90F94BDB0A04D0BAEEB639570C76205D248A1A8F08554A7E43EB29290,6BF9EBE685BB1E6B61F9AD8B1B4FC8220894AEFB6A787DA91E08B6766DEB8980
Q100,granite:F11_Compact_WithShape,C007,granite:F11_Compact_WithShape,wrong_denotation,0,3,3,3,1,1,medium,1,assets|work_orders,filter|join|order-by,EC2CDBE42C575770DC21B761436E79E379E9BE75C6894907EA2A5E6196AA204D,D71A3F8AB7F6C275DA1810FA42D3F080E31986F00F4D37EEF1710E34D8F02D47
Q101,granite:F11_Compact_WithShape,C007,granite:F11_Compact_WithShape,wrong_denotation,0,3,3,3,1,1,medium,1,assets|work_orders,filter|join|order-by,0846F999CAAAE5F6B095D7E637838B5645FF0060320377AECA5EAA4526875323,9E554A31806BDEBEF5515422C23D4B4B54F69A2383A30770E2496EE85235414E
Q102,granite:F11_Compact_WithShape,C007,granite:F11_Compact_WithShape,wrong_denotation,0,3,3,3,1,1,medium,1,assets|work_orders,filter|join|order-by,436B0EFEACCD3E90AC581366A49683AFB8156EF26CFB2C30AB8B50FDDAFD1921,B91FC88F8737230FD282F58A0C69BC42A1DE8D99665299EF53B09E57C7512DE1
Q103,granite:F11_Compact_WithShape,C007,granite:F11_Compact_WithShape,wrong_denotation,0,3,3,3,1,1,medium,1,assets|work_orders,filter|join|order-by,CFCB657C15026F6DFE58AB9D143D9D1963DC6BC1B798B6AF483BBB87108D2997,C386265AAB4973D3DC9FBC7633211E0BC9312C72B649097932B1819450C922BC
Q104,granite:F11_Compact_WithShape,C007,granite:F11_Compact_WithShape,correct,1,3,3,3,0,0,medium,1,assets|work_orders,filter|join|order-by,ACD53D12AD1ED79B8BE254B65C3D01DE19D11723AB04BF2AD2B6DBCE68390DB4,41AF7A63B404C8F1F460E26A3EAC59A9A25A503835E2A473A9C172D2FF945282
Q105,granite:F11_Compact_WithShape,C007,granite:F11_Compact_WithShape,wrong_denotation,0,3,3,3,1,1,medium,1,assets|work_orders,filter|join|order-by,D1F6F5009954E44723B1D7B1E20EE873C7D3230A0C2D7AC64E5D8C8308D762EA,9A87A0113FB5B583C3E278A16AB9681F3380F6F743363449CD2E9606D64555CB
Q106,granite:F11_Compact_WithShape,C007,granite:F11_Compact_WithShape,wrong_denotation,0,3,3,3,1,1,medium,1,assets|work_orders,filter|join|order-by,2115BF09EA2749A105D3EC372379C5EC01796D1398CF4840BABB05BA963F240A,ABC385CDC88056C5B240CBB1CBF71D84FA00AAF5F2D1A0016012A05C9FE63AA9
Q107,granite:F11_Compact_WithShape,C007,granite:F11_Compact_WithShape,correct,1,3,3,3,0,0,medium,1,assets|work_orders,filter|join|order-by,AA40A0ACBCD71B34B4E863944D7D51EDB7127808AC1E1AF010336A50F5EC9E6F,92CD6A92EA310D3EF3D24DF6FD0EF1DB23D6F439F5C40EBD548AD297CC29C55D
Q108,granite:F11_Compact_WithShape,C007,granite:F11_Compact_WithShape,wrong_denotation,0,3,3,3,1,1,medium,1,assets|work_orders,filter|join|order-by,71E5F792A945B891C6C8303726B04ED21C4EFE12A651B71E3BCE5237C459579E,CB6B1F12686B8F23DE9AB1A591B17B55257DC5B84CF97EDC158E742AB5593C4D
Q109,granite:F11_Compact_WithShape,C007,granite:F11_Compact_WithShape,wrong_denotation,0,3,3,3,1,1,medium,1,assets|work_orders,filter|join|order-by,54DB4413F0DE56C41732F1E4E719C44880C9EE62C2F048E433F73D48152B6677,CA891F2337BC1FABC1EDA04BF4318D3BD5F81EE4556115D682E97ABE45439A62
Q110,granite:F11_Compact_WithShape,C007,granite:F11_Compact_WithShape,correct,1,3,3,3,0,0,medium,1,assets|work_orders,filter|join|order-by,B49936D4C1B5A6C2564D21E3438D920806629E6E992DE4FB72D446F7CCEBB6F3,1F87F45858C889D3425AFBDDCDEB10D5915FBFF7D93B3E5A204717DC800E1499
Q111,granite:F11_Compact_WithShape,C007,granite:F11_Compact_WithShape,wrong_denotation,0,3,3,3,1,1,medium,1,assets|work_orders,filter|join|order-by,FFC6732451219635775EC9C11322CF9E96372367BE2021EF095498DA3AE98971,82F9129BF81A30B5E70DD063E12B3D72E1EF7A64810C18CFF2A4489065CD6614
Q112,granite:F11_Compact_WithShape,C007,granite:F11_Compact_WithShape,wrong_denotation,0,3,3,3,1,1,medium,1,assets|work_orders,filter|join|order-by,2AEB3AEFB580284DCB9C214B8F08D0F7BE1FAF7D977394394CECCBF150DC5715,A8224D1F700D864B9A1A7ED63F945DEFD172078F0DC7A07137B6AA3A15658BA4
Q113,granite:F11_Compact_WithShape,C007,granite:F11_Compact_WithShape,wrong_denotation,0,3,3,3,1,1,medium,1,assets|work_orders,filter|join|order-by,D0D567DADE8B43904856274472EEE1277B10A4A6371E80E2B568E5846821E7D3,BCF472BEA807A36A0A6146014EB6B342D54472212ADC8E37F45C09ED82DF1DB0
Q114,granite:F11_Compact_WithShape,C007,granite:F11_Compact_WithShape,wrong_denotation,0,3,3,3,1,1,medium,1,assets|work_orders,filter|join|order-by,8F5898391C36AE961C5EE2EBF6F8A320BAD30068F519F3D208740AB41EADF068,E97FEB511A72F5242C5B426C15B5B68C0AC52AB5CFAA307E2F2BE34D1DCF1583
Q115,granite:F11_Compact_WithShape,C007,granite:F11_Compact_WithShape,wrong_denotation,0,3,3,3,1,1,medium,1,assets|work_orders,filter|join|order-by,26B46320732E02AFC476E790EC5BBB852AE3176A57A53E38D6379A973E72FBB5,9FEDD4D8A154A5979AB6353D353EF5729594B3018ECE5AEB20824FCC6C1D9A94
Q116,granite:F11_Compact_WithShape,C007,granite:F11_Compact_WithShape,wrong_denotation,0,3,3,3,1,1,medium,1,assets|work_orders,filter|join|order-by,D7FC701DD1DB713070435CB57245B7DCD02612D31A0DBBADF28ACC997A9B31A4,9C493A195F29C0AB271B65A6DE85273D13DFE693DC84B3DF1755BBEC92C8150C
Q117,granite:F11_Compact_WithShape,C007,granite:F11_Compact_WithShape,correct,1,4,4,4,1,1,medium,1,assets|sensor_readings,filter|float|join|order-by|time predicate|top-k,3FDC0AFCB83B157AA5D2E45653972C5E408092CD506C18C40B3625C37F911C25,ADDB11C32923185E4B1B5D4FAF244BB15F14A267EB51F4A4E1042B99C6CFAC41
Q118,granite:F11_Compact_WithShape,C007,granite:F11_Compact_WithShape,correct,1,4,4,4,1,1,medium,1,assets|sensor_readings,filter|float|join|order-by|time predicate|top-k,39E4DDCEB3C6F3E2A3375C9AD8EA9A18D7B8C11CA74CF3B907993C7D13BF0EA3,6C2CE94927FE1ED8110277B2991EB547D2F0DED199533691FF05F7A8AF570602
Q119,granite:F11_Compact_WithShape,C007,granite:F11_Compact_WithShape,correct,1,4,4,4,1,1,medium,1,assets|sensor_readings,filter|float|join|order-by|time predicate|top-k,6701693EC01271DAF56E2C7EA4F05B76B79BDA67BA8E30920B0ACB28B55B8615,235D55B60C02355C29746D04A7A4CD7F52DF41E442EE169FCD3F3A03CD004476
Q120,granite:F11_Compact_WithShape,C007,granite:F11_Compact_WithShape,correct,1,4,4,4,1,1,medium,1,assets|sensor_readings,filter|float|join|order-by|time predicate|top-k,AB8ED1A01EC230DE225BF8B0888C4102F528B185583B1F8998CC0A1BAF93A626,C538A82A512A0972EFCFEF46D832F24EDA184A51136A4E6375FC335EB27B5DE9
Q121,granite:F11_Compact_WithShape,C007,granite:F11_Compact_WithShape,correct,1,4,4,4,1,1,medium,1,assets|sensor_readings,filter|float|join|order-by|time predicate|top-k,6FDE5CABB1D95A6BCAC7A1C7B01314E437AA41025CB9AC9F53733C184C11DEBE,38D2BE7FBE3C6C649A1B5FA80ACBEEF334758BA2C540752007AC4561E174B1BD
Q122,granite:F11_Compact_WithShape,C007,granite:F11_Compact_WithShape,correct,1,4,4,4,1,1,medium,1,assets|sensor_readings,filter|float|join|order-by|time predicate|top-k,3B9AF9AF12F0094F7F717A70C871578ACB2975FCB52C3F5552741292589848D0,F39EF13DC8ABDEE58F9EB1B202C277013B7B800B148381AF26EA6775491ECF7E
Q123,granite:F11_Compact_WithShape,C007,granite:F11_Compact_WithShape,correct,1,4,4,4,1,1,medium,1,assets|sensor_readings,filter|float|join|order-by|time predicate|top-k,BE956D28AB6CC07558886616A0C0536B3362303185E47F7AEB77CC64E603DEEB,1BC2E46D210D620AAF5C84F771E1E5581E2642CE844524674C2B2F589DC9FAB2
Q124,granite:F11_Compact_WithShape,C007,granite:F11_Compact_WithShape,correct,1,4,4,4,1,1,medium,1,assets|sensor_readings,filter|float|join|order-by|time predicate|top-k,DBF03D17CE0171F3A54486BBA71D35F5216B962C0A05BCA0283F448DFF9B385C,A290DB31E66C08B49FC8C381F2F60A0BD658ACBB2AEA91A4A5C96575AE60160C
Q125,granite:F11_Compact_WithShape,C007,granite:F11_Compact_WithShape,correct,1,4,4,4,1,1,medium,1,assets|sensor_readings,filter|float|join|order-by|time predicate|top-k,D07940A25CAFE5104BD87ED6F86EAA76D0D3F5080C2FFCB3EFD8C2F776220D72,7992EEE72D9FD9518655D7883286F6CB288BED666AD4716BE67643D7CDF04F5C
Q126,granite:F11_Compact_WithShape,C007,granite:F11_Compact_WithShape,correct,1,4,4,4,1,1,medium,1,assets|sensor_readings,filter|float|join|order-by|time predicate|top-k,EA2C6D3CB3D1ACB5F635A7DC3F087F9A4DE98AB0EA8B939000AAD4E4686AF924,51DCC1CF59797FDB8D524E21A8085A4B1C32D7753B2428EB1AB377F9CD3DC134
Q127,granite:F11_Compact_WithShape,C007,granite:F11_Compact_WithShape,correct,1,4,4,4,1,1,medium,1,assets|sensor_readings,filter|float|join|order-by|time predicate|top-k,56642754AF560C26A90E4F6B1BBC9441BF193C3580144EF2200EFE35A67E2D9C,A117A0E5D5CA594A8D37A55430C71E3AD7C33D86B2891BF2E96A4297744253E1
Q128,granite:F11_Compact_WithShape,C007,granite:F11_Compact_WithShape,correct,1,4,4,4,1,1,medium,1,assets|sensor_readings,filter|float|join|order-by|time predicate|top-k,2DF93F4356F4CB970F9D67C0FFC1A528AE11C4A73064B7E85ACDA137FB1635DC,BB81A8F11DA0187DA28E4D6AD68735970ACB5A2AFC07414BD2427DB0A369C598
Q129,granite:F11_Compact_WithShape,C007,granite:F11_Compact_WithShape,correct,1,4,4,4,1,1,medium,1,assets|sensor_readings,filter|float|join|order-by|time predicate|top-k,AA9B8E1DDE930255EBCF5E4874FC15520B1818B2A4A16926D9D1779072047F3B,8CA57CC09F45306A7B17C7CF6513E8374167574D8555012E6AE7FF89181B04E5
Q130,granite:F11_Compact_WithShape,C007,granite:F11_Compact_WithShape,correct,1,4,4,4,1,1,medium,1,assets|sensor_readings,filter|float|join|order-by|time predicate|top-k,18B39FCD55ACD8368D2A9D0FA9D9A00F595DB163D853BFD5758C12A6D89D4AC4,66009698E99F05D64B9A5E5BE82CA02620C032CF817352FD25624D9FA0493B18
Q131,granite:F11_Compact_WithShape,C007,granite:F11_Compact_WithShape,correct,1,1,1,1,1,1,easy,0,assets|locations,aggregation|filter|join,C66E041B098D23A4D002E53B85FCF69B58595ADDC600C681BF908EF48974F2F4,926DAC82557721913B5B755DEF4E6D7902333789F9AFF24165E7D060F583B4D1
Q132,granite:F11_Compact_WithShape,C007,granite:F11_Compact_WithShape,correct,1,1,1,1,1,1,easy,0,assets|locations,aggregation|filter|join,A7F1507C19F9C49C0D710D8933FD9D3ED38DB809123746926C284588074C730A,87F227DF6F9A9C2278171B0FA86333BBFED04EF17B9C027C1C384F7A5604A920
Q133,granite:F11_Compact_WithShape,C007,granite:F11_Compact_WithShape,correct,1,1,1,1,1,1,easy,0,assets|locations,aggregation|filter|join,90378C6112B79452F27A5D0F43631CDEBD03CC9B3050623DE5252A6113D2B997,82FFD9A8D5E5FC223E7AF549EE3F28D5BB90775E46E60BED0EB7EC4181944C36
Q134,granite:F11_Compact_WithShape,C007,granite:F11_Compact_WithShape,correct,1,1,1,1,1,1,easy,0,assets|locations,aggregation|filter|join,B496020D3B6B04A3CC223F0F17E8885255A6F763FCC968B9F0F9B3F5D1085578,5868892DB40C5387F6F38780322F8B7726F2AC0E3807C27476D38BCC6BEA2C96
Q135,granite:F11_Compact_WithShape,C007,granite:F11_Compact_WithShape,correct,1,1,1,1,1,1,easy,0,assets|locations,aggregation|filter|join,B133EF798591893A4A46A11BA28FD53A0A708A1C8F1A962C61CDA439C39FD243,B6590CBD8A77D19F0637FC55A4B7B4C4D010F580907B133F89B6908F4387E40E
Q136,granite:F11_Compact_WithShape,C007,granite:F11_Compact_WithShape,candidate_execution_error,0,1,0,1,0,1,easy,0,assets|locations,aggregation|filter|join,A60789F3E01E8178D2AA46E18ED3207852B006A5CBA1030AD19ED0971C8DBF52,FD0D4C193FFA8524DA8C0A9C846DBCC039FA29FDB7034474E85704812AA3FF03
Q137,granite:F11_Compact_WithShape,C007,granite:F11_Compact_WithShape,correct,1,1,1,1,1,1,easy,0,assets|locations,aggregation|filter|join,A65450E5D317B461C09B798F8C658230C1E3CEB17E01457AA9D027FE588CF0FC,C510A4F480C890919D61542527C4484503C79E7F886440DD697CBB05C07933CE
Q138,granite:F11_Compact_WithShape,C007,granite:F11_Compact_WithShape,correct,1,1,1,1,1,1,easy,0,assets|locations,aggregation|filter|join,F923B94EF0B542E0AEBFC81B2F7B8A62CCABB6F3E16D083189D60B0EA79DFFC4,E4232AC36C8531B610F07F35323BE6D3CE210DCA9100C1F2AA5B079F951DEE7B
Q139,granite:F11_Compact_WithShape,C007,granite:F11_Compact_WithShape,correct,1,3,3,3,5,5,medium,1,assets|sensor_readings,filter|float|join|order-by,A7F185397E6E799BF7E6A641508D337AEB46CF042170D284F0273C20BA922EA6,CBD1D3E389EDFEB07D635046BF87B3AC06B895497ABBA66F9042635E26DB3898
Q140,granite:F11_Compact_WithShape,C007,granite:F11_Compact_WithShape,candidate_execution_error,0,3,0,3,0,0,medium,1,assets|sensor_readings,filter|float|join|order-by,79F873199D859758ECA18A7B025973C88428D36930150941060F73E66BCEC010,E7AFD864A4AA0E3CAC06A707B65998B52154E8B0F3A5C20981AFEEF477184D24
Q141,granite:F11_Compact_WithShape,C007,granite:F11_Compact_WithShape,wrong_denotation,0,3,3,3,4,4,medium,1,assets|sensor_readings,filter|float|join|order-by,67F838ED0EC7373CE51739CF68EF4B8498851D99620CD4ACDCFF78D0B6872015,1685D70047643A73A4164ABDE6309B16C601C2977B18934007C18EECDF897710
Q142,granite:F11_Compact_WithShape,C007,granite:F11_Compact_WithShape,candidate_execution_error,0,3,0,3,0,1,medium,1,assets|sensor_readings,filter|float|join|order-by,94406FEEF40535A21AB8AC3D646B0997496E99B9012115C5309234343C8FC4DF,405A64E16DDAA9687274876C39A48D52B4A8981C6F921FC1CAB143A62FE0426F
Q143,granite:F11_Compact_WithShape,C007,granite:F11_Compact_WithShape,correct,1,1,1,1,1,1,easy,0,work_orders,aggregation|filter,3C4F651845C93619B00E894FCDE97841ECB78D929A361F847627F39C1D979BB6,75DB2BB201FC12F0B95501B54A5C07CBFD34967343A841E33BD482D1589E95EC
Q144,granite:F11_Compact_WithShape,C007,granite:F11_Compact_WithShape,correct,1,1,1,1,1,1,easy,0,work_orders,aggregation|filter,0FA5BDB9FEA64F94D4703BF9E6EFFF60F8ECF5C2D8AC20E15A6766DF65C1280D,9F8B6C3EB40E1299F3897C588A9B22C155B5A8897050055BD39A5ADC5E8032C1
Q145,granite:F11_Compact_WithShape,C007,granite:F11_Compact_WithShape,correct,1,1,1,1,1,1,easy,0,work_orders,aggregation|filter,14B89DCDF5DBDF69FF06F5F9E16772F1A7B121998E1606A24B1BFDDCA01788B3,390831F1EC845FD04FB6ED5180DEF1CD8E9AE34C33AF169FA6EBB1A570445133
Q146,granite:F11_Compact_WithShape,C007,granite:F11_Compact_WithShape,correct,1,1,1,1,1,1,easy,0,work_orders,aggregation|filter,E73E10E8282B8C6B34680051CA2C9924F9C0E93AA2FBFD875923BDEB472D3C3B,61E87A91BF90AB9EADE434A189C56C88D06CAD7FDA382159B09FE7AF41EC44C6
Q147,granite:F11_Compact_WithShape,C007,granite:F11_Compact_WithShape,correct,1,1,1,1,1,1,easy,0,work_orders,aggregation|filter,4A09463D9486D00C68693F7C0F0AF59459E8A9FBE181CC59CB2D846D3B00B9CD,D02E0B94F1FAFED7347DC9D315E1493221E0DCE9A51FCF196D18A09C6418EAD8
Q148,granite:F11_Compact_WithShape,C007,granite:F11_Compact_WithShape,correct,1,1,1,1,1,1,easy,0,work_orders,aggregation|filter,CDB9CE1FC96A875C6715D0B0770F8639F300635064AE8BB47A14D43E89199F59,8F37A6BBC57A9825403293988A515C47DA291EED8AADE2FCAF6A6FA4998FAD9C
Q149,granite:F11_Compact_WithShape,C007,granite:F11_Compact_WithShape,correct,1,1,1,1,1,1,easy,0,work_orders,aggregation|filter,C15AAB416DBE8E95D9FD9F478B2F69C4C7E3D39C9060C42D1FD747B7C2124427,F43EC400DA2637333871AA585B3216D15ABF981E6DC60573E2ECE02411DC990E
Q150,granite:F11_Compact_WithShape,C007,granite:F11_Compact_WithShape,correct,1,1,1,1,1,1,easy,0,work_orders,aggregation|filter,0EC4E3DB8672A9AB19B5675F4A3E4D37B8CB544183BAE86657B1A6F1B327E5DF,A16707C49CBCAB649D990DD702407BC2DE34480945F2A11209859729D2A023CA
Q151,granite:F11_Compact_WithShape,C007,granite:F11_Compact_WithShape,correct,1,1,1,1,1,1,easy,0,work_orders,aggregation|filter,FB490A6E43FFAE2F36A3906000DFFFDF20F3C8C5C0DD0B9EB2128EED77C8975A,126170C47D2E3CA0EDC2B42E5ADF7D6C5157F26609EF764DB5967463075273BB
Q152,granite:F11_Compact_WithShape,C007,granite:F11_Compact_WithShape,correct,1,1,1,1,1,1,easy,0,work_orders,aggregation|filter,BF74327386B4F5BF9D78008D739EE979511082DFD657DAF59CF9BF2C96745F64,A06525F506CC29B994A1BFC5C4AECB3487B191266155C52478ED43FE3D6DE29D
Q153,granite:F11_Compact_WithShape,C007,granite:F11_Compact_WithShape,correct,1,1,1,1,1,1,easy,0,work_orders,aggregation|filter,15CC25CEE0E87EC6A6B89E4314BF30F19B6F74198D4FD17A366968B4A0024389,A83E9A730A6AACC9B9088F9771B13AE621E1A63421E10E4E21794BC6AD71F579
Q154,granite:F11_Compact_WithShape,C007,granite:F11_Compact_WithShape,correct,1,1,1,1,1,1,easy,0,work_orders,aggregation|filter,EC1F76CBAC83B49DEDAB06BC020E2C9A55FD415BAB3B77B9FA2037CA66389324,2A59F0DEFDEC674D7BDEC673A9496EE1EB5145624AE7E7C0BE4AC94C13945CC9
Q155,granite:F11_Compact_WithShape,C007,granite:F11_Compact_WithShape,wrong_denotation,0,3,3,3,3,3,medium,1,technicians|work_orders,filter|join|order-by|time predicate,AAFDCA837E1ECA0F604BF6ED57A2FFD39FCADAC92C016C03006CB085C5F83FD5,062CE20811406347D151CA4E22DBA322D05D1B3825E324112DB9CE764FDA29C3
Q156,granite:F11_Compact_WithShape,C007,granite:F11_Compact_WithShape,wrong_denotation,0,3,3,3,3,3,medium,1,technicians|work_orders,filter|join|order-by|time predicate,CA14BDF3F0B1210E310C307E5528017C9617AAD98579EFC514E006CFD2AF7132,6DCF0711BBC668B378E362161CE11344D5B35053FB035999AE360B3E1F2231C4
Q157,granite:F11_Compact_WithShape,C007,granite:F11_Compact_WithShape,wrong_denotation,0,3,3,3,2,2,medium,1,technicians|work_orders,filter|join|order-by|time predicate,04E09E1D0CCA4C2AEA91D391B4FF4B292AF4E3444747FB33F619B537AD25B53F,FB6D8E9E5CA84C5904616D21D33DC95BB0A110D2A95408404D409B67616B3823
Q158,granite:F11_Compact_WithShape,C007,granite:F11_Compact_WithShape,correct,1,3,3,3,2,2,medium,1,technicians|work_orders,filter|join|order-by|time predicate,62853F3CD5FD19F2663FC9FC2C94D704B0C5A67316DA3F9C29CF3C0671422254,6B05DC20B411F54AAA4035EE49263BDEE0BEECBBD589739B735C27A8DCC4248F
Q159,granite:F11_Compact_WithShape,C007,granite:F11_Compact_WithShape,wrong_denotation,0,3,3,3,2,2,medium,1,technicians|work_orders,filter|join|order-by|time predicate,806DD5277BC239D0170B5EA92CB7AF6956287D3B1730CD0D1BB7CF5837B857AE,7109EB7A63ACB3C165C8BB10379E0A025AE31BFF7200F2153763B20B858CFEE4
Q160,granite:F11_Compact_WithShape,C007,granite:F11_Compact_WithShape,correct,1,3,3,3,1,1,medium,1,technicians|work_orders,filter|join|order-by|time predicate,1A105445CD6DE84E8F93E99CF04D6E2594A49B851BD947A7009263962E35B533,247F64B9CC969BE0FF0892AF528AE7AFE444EAFFD19D28346A343A540BB0C620
Q161,granite:F11_Compact_WithShape,C007,granite:F11_Compact_WithShape,correct,1,3,3,3,1,1,medium,1,technicians|work_orders,filter|join|order-by|time predicate,6BA537BBA2C0B9377CA5F41012E2CB2860C76C125DD08E120628DA751ECDC715,920742F6A541EF4F368A8CF8A4E81F81E561FCF34A80C168B5320E37DE422F27
Q162,granite:F11_Compact_WithShape,C007,granite:F11_Compact_WithShape,correct,1,3,3,3,1,1,medium,1,technicians|work_orders,filter|join|order-by|time predicate,7DA4A6BFFFAA133FD39BC9B2C60DB3EF84B6129A38970D7C41FF0A2B5FB5BFB8,34F60EDE10AD27A162D4476A2999FB624150CD870349CF1DB8ADF95733ADB63C
Q163,granite:F11_Compact_WithShape,C007,granite:F11_Compact_WithShape,wrong_denotation,0,4,4,4,2,2,hard,1,assets|grid_topology,filter|order-by|self-join|topology traversal,2D46FE112A63095C8761E5833D250F70998B6C15BAF4FAF4800D58641958E857,25E50AD78502AE74A88196E85FC5B04BB17EBF7C044A0F4DDB8BE7EFC41A7544
Q164,granite:F11_Compact_WithShape,C007,granite:F11_Compact_WithShape,wrong_denotation,0,4,4,4,1,1,hard,1,assets|grid_topology,filter|order-by|self-join|topology traversal,008DAA643E101EE0AE0F698D35A3C245248044425BC4EBD0F0C39F0C421313E4,24343308951D9A4AD15EA16AED4C1111DEA20F71C709560A1A63C993D7856E40
Q165,granite:F11_Compact_WithShape,C007,granite:F11_Compact_WithShape,wrong_denotation,0,4,4,4,2,2,hard,1,assets|grid_topology,filter|order-by|self-join|topology traversal,5FD902208DAA75204516D27D5892792E86D6221CE0442D333839153DCE5EEE3C,1AA1604E51FB7FBACDC0F9CD0C147F0969E26C045A6582B8B193F8626030BEDB
Q166,granite:F11_Compact_WithShape,C007,granite:F11_Compact_WithShape,wrong_denotation,0,4,4,4,1,1,hard,1,assets|grid_topology,filter|order-by|self-join|topology traversal,6ABA839F8B3FD6D3EF63F8D1B7AD276C6C2C386E1E1E5B83F8D13F3D81244FB8,78C08665536FD82F0BB63C2D88909519E4E43FC25ED33C6E46137CF02AC686B0
Q167,granite:F11_Compact_WithShape,C007,granite:F11_Compact_WithShape,wrong_denotation,0,4,4,4,1,1,hard,1,assets|grid_topology,filter|order-by|self-join|topology traversal,A76F18C59801C5B5C0FC3B63BEA46E97581607A23CE24B8FFBF3A68E54B5E09D,1E4FC9DD39EF57631E9B8DE55D11073E1ED623CEFE82A9BFCD07854B13A499A5
Q168,granite:F11_Compact_WithShape,C007,granite:F11_Compact_WithShape,wrong_denotation,0,4,4,4,1,1,hard,1,assets|grid_topology,filter|order-by|self-join|topology traversal,5C45003C3B65B0F94E2DD438B49CB708D16D7F89A8896D2325D77931B2784958,23548329609A5AAB25EA63FAC74151F5E12AB062172F1F2941A475D547C8229A
Q169,granite:F11_Compact_WithShape,C007,granite:F11_Compact_WithShape,wrong_denotation,0,4,4,4,1,1,hard,1,assets|grid_topology,filter|order-by|self-join|topology traversal,3BE6C83AD8B1A344A6F92C5E2408F77B7544F3E25195BD956046CAE4624B24BE,CD7DEE4A8CD4D34D8182656ED8B8B804E2FB847D9A87EBB4DE189B88CCFA95F2
Q170,granite:F11_Compact_WithShape,C007,granite:F11_Compact_WithShape,correct,1,4,4,4,3,3,easy,1,work_orders,filter|order-by,1F09B0791D7C60793D8568CE90D2EB3B15F33D66F54D5761739ACE34431694CE,9B7C311EEAB47AA56F563E23732784E6F465A71E4F47F0BE48002F605883C7D4
Q171,granite:F11_Compact_WithShape,C007,granite:F11_Compact_WithShape,correct,1,4,4,4,2,2,easy,1,work_orders,filter|order-by,144798378E28F0A7830D68C648BC284D1374B3E4867AFEFAD18D81E0E2F712B0,844EDC49F7A38982CF8AD0B041D6DC6D095877F633AF52344098008FC3A4C348
Q172,granite:F11_Compact_WithShape,C007,granite:F11_Compact_WithShape,correct,1,4,4,4,1,1,easy,1,work_orders,filter|order-by,8FE3D1D668871CB4B26CBB52CAE51BEEFF42E1E056B7FC1E30BED351FADB22B8,4D4E7AA98D6EC5812C22119C7899C87B69FC97F7A572C809C4BEC64D0C7265AD
Q173,granite:F11_Compact_WithShape,C007,granite:F11_Compact_WithShape,correct,1,4,4,4,2,2,easy,1,work_orders,filter|order-by,5EA2DCCEA29EB1C19C8A47F59CDF9CB27DA27E92032D41CCB1E999E6C9F90AF8,CB010710A9965B256BD2BDAA71AF8B3CA3EBF649A754731CCB1CE356AD6C0908
Q174,granite:F11_Compact_WithShape,C007,granite:F11_Compact_WithShape,correct,1,4,4,4,2,2,easy,1,work_orders,filter|order-by,EA54FB8DE9F32CCCC8F9DFB80ED1C18565AAC4ABB18F905040E9F8A9D6A09465,23308ACB2435B92AF81B85E120A177C950FE3E25BC5714691826DB364C70788D
Q175,granite:F11_Compact_WithShape,C007,granite:F11_Compact_WithShape,correct,1,4,4,4,1,1,easy,1,work_orders,filter|order-by,9D3820231B29F99C0CFE69208F0A30AA2B859C04B4070F825F7A278FCC1EF59D,6D6450176EC9584C7E4A6FAD27AE50AFF27DA6820B61256BCBDCF1C25147B608
Q176,granite:F11_Compact_WithShape,C007,granite:F11_Compact_WithShape,correct,1,4,4,4,2,2,easy,1,work_orders,filter|order-by,3FF991C1CC61E28AE6BC5492C821698816AD5BF0B67D2A0DB2BCB09B9114F7FF,5BF700F629F5C03DD89F4DFE573E51E3842E624C2EFB6E70AF7C046B49D57A4B
Q177,granite:F11_Compact_WithShape,C007,granite:F11_Compact_WithShape,correct,1,4,4,4,1,1,easy,1,work_orders,filter|order-by,17B0C21E3C832E9ED133D271B4C81CB0020DF2285371F42EF9ED67EBB809744B,79BFDB10B9BB031FD2889DFCA3C94F7332770252CC15465B3D37207F9AAD157D
Q178,granite:F11_Compact_WithShape,C007,granite:F11_Compact_WithShape,correct,1,4,4,4,1,1,easy,1,work_orders,filter|order-by,860E1BEEDF9B9DD26422DF5545F13124A39290B200257D7BD5319E1520005453,CE5977974313A0E798D09744F8FE4FEAA958C0F2287C43B4CC8B69292DC6101B
Q179,granite:F11_Compact_WithShape,C007,granite:F11_Compact_WithShape,correct,1,1,1,1,1,1,easy,0,locations,aggregation|filter,07FDE7DFCE282C7DD76FD216F7224153B4888103A0BF28140E3493C57D479621,F0ED8EA714C8C0B275180E9FE64FAC0C47F5D8F5AF0C098B34C57957C468FF55
Q180,granite:F11_Compact_WithShape,C007,granite:F11_Compact_WithShape,correct,1,1,1,1,1,1,easy,0,locations,aggregation|filter,5A394330D9F144270651F8093D0BC1B322AD6D39CF5A55D6C4E0FE670814DA0F,A81C2E54E08F172544EB63242B016F9D2C4E951F10D2F903E3A18C7549C9D289
Q181,granite:F11_Compact_WithShape,C007,granite:F11_Compact_WithShape,correct,1,1,1,1,1,1,easy,0,locations,aggregation|filter,7B0800582ECF6A69606C18E4F559D81FD45CFC33EFC2FFB747F961B3244A39EC,D30540D8BBE3F71B6F9F61D1E657B286E4509F85FD7DF16F841DEA90F15893BA
Q182,granite:F11_Compact_WithShape,C007,granite:F11_Compact_WithShape,correct,1,1,1,1,1,1,easy,0,locations,aggregation|filter,8FA7FD810865FAE90100F409F02E539A0B541505A5E080037179EACEC76988F3,48DC7CD04363C88A1964AFD28EBDDD1B5277C2D47D156F41A2593149CACB335C
Q183,granite:F11_Compact_WithShape,C007,granite:F11_Compact_WithShape,correct,1,1,1,1,1,1,easy,0,locations,aggregation|filter,35D6AB8747F5A94ED1395E6FBD12F6C850D13831061BF2A39F960EFA48000687,02CA04C452E0647DCB9DF1AC775A4E0BC5FD95B31FC68274B197A8AFD56F3F65
Q184,granite:F11_Compact_WithShape,C007,granite:F11_Compact_WithShape,correct,1,1,1,1,1,1,easy,0,locations,aggregation|filter,F39916EC46B7EED452BB4BA6C40020109EA6856E1DBD67C6B81D3B8440F7A24C,22E8D870E63990E136AF70B49847EE94BBA6FED442B882BC29FB0E74533E1530
Q185,granite:F11_Compact_WithShape,C007,granite:F11_Compact_WithShape,correct,1,1,1,1,1,1,easy,0,locations,aggregation|filter,D5ADB431FC773FE65F0997430990AC3D2BDA0A6830402623F099BC587088F810,007653CD612C66C0D918F9E160FE50EFB94CC966CE71B3FB2A4B392A146A8BF1
Q186,granite:F11_Compact_WithShape,C007,granite:F11_Compact_WithShape,correct,1,1,1,1,1,1,easy,0,locations,aggregation|filter,A5E2963C1E9EFE3046DC41FC9CBC801B59C14BF4B7FD06B915B383C5384E2CEC,98115A9FDA686A9542013FAC0F706BE730B9F4C123DBEAF5F90A8214FD97CC09
Q187,granite:F11_Compact_WithShape,C007,granite:F11_Compact_WithShape,correct,1,1,1,1,1,1,easy,0,locations,aggregation|filter,0E7CE6782B245B34A6A36BEAE0876BDFFC27A61CF480BD291A21113431DDE9DE,9374C143E83E0B3E14D14B3A4E5233D9306CD3306CEEB84147F1198AF7A1976C
Q188,granite:F11_Compact_WithShape,C007,granite:F11_Compact_WithShape,correct,1,1,1,1,1,1,easy,0,locations,aggregation|filter,AE4077536BC2DABE87638BE6DE59E3E204926381B9D9EE1031DA2EE3C0D1F927,AAB780DCBD5F0DF417C342643DC86D142939AF166FF7722A1B3FB85C98A7F7B7
Q189,granite:F11_Compact_WithShape,C007,granite:F11_Compact_WithShape,correct,1,1,1,1,1,1,easy,0,locations,aggregation|filter,131A7E521B5B9B72394BBE0ED0467ECEBBA7111466B1C7E3C860404612EA0C6A,D98E61AC2461FE884779A2E33AECB2CB6135A4C8FB7F1BFCFCDF4DC5D9D20A63
Q190,granite:F11_Compact_WithShape,C007,granite:F11_Compact_WithShape,correct,1,1,1,1,1,1,easy,0,locations,aggregation|filter,9F726CB54EFA3463E30B3BD7739100F3F61852700FE613C582D72743080888CD,EFD24C88124419AB6CFA9A484FEC049649216A426B7E851C7538E888E304BEE6
Q191,granite:F11_Compact_WithShape,C007,granite:F11_Compact_WithShape,correct,1,1,1,1,1,1,easy,0,locations,aggregation|filter,D2FEB923BD867FA6782EB7AF6B83DD72581D3EAFD10E2C2F192C3D64A4C27581,6C2A0BA4FA1FE1628C3F46CD680122170923AC74A025001C2472497F11C68272
Q192,granite:F11_Compact_WithShape,C007,granite:F11_Compact_WithShape,correct,1,1,1,1,1,1,easy,0,locations,aggregation|filter,2981C9D539D09C741502EE1E3C9A501E7205E586754D4FCE6CBCFD8982F89998,C364D4375957255449638F890940C6CDE4EA6BF3B7A4BCB04865B28AFD6DF22B
Q193,granite:F11_Compact_WithShape,C007,granite:F11_Compact_WithShape,correct,1,1,1,1,1,1,easy,0,locations,aggregation|filter,B950EC1A8CE3B82328C51635ECD688E019871CCF5BEB1C68DA4E600D535F6D94,38B2E194AC2954E898AB8FCDF984D782966CD14D9DA136FF01B7B47088244BA6
Q194,granite:F11_Compact_WithShape,C007,granite:F11_Compact_WithShape,correct,1,1,1,1,1,1,medium,0,asset_types|assets,aggregation|filter|float|join,7166C89C8831B3016063E1AB9F8CE1F2FDCFECEEB8187DEC5B84B69732881D6A,6BB25D93830DFB3D0C3CD2BF041F9E80922B66BB6DA70F723325F5241D3924B0
Q195,granite:F11_Compact_WithShape,C007,granite:F11_Compact_WithShape,correct,1,1,1,1,1,1,medium,0,asset_types|assets,aggregation|filter|float|join,4E0D80439A0E2E51C8EEBD57BB4A44DB180DD58790D59698C2FAD1B5FE5AE17C,63AD961D29BC7CDD5C8867E491EB6D094E9D2BFB142D594AB3A58921F30394A4
Q196,granite:F11_Compact_WithShape,C007,granite:F11_Compact_WithShape,correct,1,1,1,1,1,1,medium,0,asset_types|assets,aggregation|filter|float|join,E406902BF259E64349844A3478D21294ECA7633F3A3C14856C441BFD6AC8B6CF,12D9A956469E8B9A07CE652EEB0C29A2EF5322DA2D3E2C50FCD0B5A954BBF5B2
Q197,granite:F11_Compact_WithShape,C007,granite:F11_Compact_WithShape,correct,1,1,1,1,1,1,medium,0,asset_types|assets,aggregation|filter|float|join,12D16FA0D8173B745F0C4D8A3EC5D8B9CFE01AC32DAF6E5F355ACAC060862676,2BAA500471E7659AEEC8CB26FA6EFF1565751D8F7AB8B43DCE976C15418A8211
Q198,granite:F11_Compact_WithShape,C007,granite:F11_Compact_WithShape,correct,1,1,1,1,1,1,medium,0,asset_types|assets,aggregation|filter|float|join,5E571E4E971BAD8A3E2075D80F99412F8E6D69F69D3274827638972C453DC53D,196985D54C20EA79FAACCBE0C763EEA9B4ABE2DDD16E2DF27A89CEEAE620383A
Q199,granite:F11_Compact_WithShape,C007,granite:F11_Compact_WithShape,correct,1,1,1,1,1,1,medium,0,asset_types|assets,aggregation|filter|float|join,927403816961020FED7A1AD96F6F793BCE9E00BBA628A1C366652F5056955249,084AAE6809FB4DFCC9D03C63CADDC4AB8F8FD07C6DC079A0A20DF9DA21208BE1
Q200,granite:F11_Compact_WithShape,C007,granite:F11_Compact_WithShape,correct,1,2,2,2,1,1,hard,1,asset_types|assets|sensor_readings,aggregation|filter|group-by|join|order-by|top-k,AD7F6FB539F4D9579614E1EF1878FB5FE04EF054D021ED82269EFFEA8040C55F,B48776A52748FCB7300FC3FDE5674B5984B47ACA419F9E29A4DCF675167ABC66
Q021,C000_fixed_order_equal_budget,C000,qwen:F00_Full_NoShape,wrong_denotation,0,1,1,1,4,4,easy,1,assets,filter|order-by,55F81C1AC873F824F3F76FD7C83D25F164EC941CF33550C2FBC69A3A03FF9FC9,2198EFD31F4C3DE5080570F611B43AD0FD7047E848954219E9DF97A9F827C3E9
Q022,C000_fixed_order_equal_budget,C000,qwen:F00_Full_NoShape,correct,1,1,1,1,1,1,easy,0,assets,aggregation|filter,D5B25E0025DA4D497DFAD3F205ED0B4E4F4CD5CE017B4F3B94EDC70D69E6D260,F914A2E6E9F067B567649ABA758F096EA3A1E1CB3DDBA17C382A290B9FAF9918
Q023,C000_fixed_order_equal_budget,C000,qwen:F00_Full_NoShape,candidate_shape_mismatch,0,2,6,2,5,5,easy,1,work_orders,filter|order-by|time predicate,CC4C9ADBE3F045DEF9FE5D70831AE1D180D91F392C0897AE519A9204D0ADB479,6AEE6CD3B4332E230E2EC8E78C68AF1603299CB113A49F873577585A88EDA5B8
Q024,C000_fixed_order_equal_budget,C000,qwen:F00_Full_NoShape,candidate_shape_mismatch,0,2,1,2,1,1,easy,1,technicians,filter|order-by,2AE3589C13C9DC755D9F6447FFE778FFDFF8731E2DD17FE1C23BC5ED4E9112E2,4DADD9D2866A7A9EC4CBB9FAB5589851F68C40BE4C9D59E9E3E90DD6C7076DD4
Q025,C000_fixed_order_equal_budget,C000,qwen:F00_Full_NoShape,correct,1,2,2,2,3,3,easy,1,assets,aggregation|group-by|order-by,B9841C8D7B849E587E0CFD4642C36998AFDD4A272DF44BCB292E012BA0848DF7,D29EAC989EAFC3E63F7500F3A9E98EB1F15184AD32C402196341AE3DE68CE4BB
Q026,C000_fixed_order_equal_budget,C000,qwen:F00_Full_NoShape,candidate_shape_mismatch,0,2,1,2,2,2,easy,1,asset_types,filter|order-by,226AF37AD6E8A2CE7AC120E91B4FC54BD90E09A19555E1AB88607FEF655EB110,B7640EEA33B19B3250A81ABCD2181F399349D39D3542338A50610A754D221E5B
Q027,C000_fixed_order_equal_budget,C000,qwen:F00_Full_NoShape,candidate_shape_mismatch,0,2,7,2,3,3,medium,1,technicians|work_orders,filter|join|order-by,9C20BA2C46DD30626D4053DBE7C59E8BF338BDB80A8FE4AF36ECBE38D2CDB1E8,1A4BE67B2091AA4AC2EF17CC24EB74DB5413795CF480B725012D3E636586D7BF
Q028,C000_fixed_order_equal_budget,C000,qwen:F00_Full_NoShape,correct,1,1,1,1,1,1,medium,0,asset_types|assets,aggregation|filter|float|join,D83933EC68795677A4890C0941769ECFBC9451C4CB59BB6BA493262DED152C04,54DDECAFAC5EBB954C06CEC98597A00BD698E828637CBF6D38BEFEAB15B75DD8
Q029,C000_fixed_order_equal_budget,C000,qwen:F00_Full_NoShape,wrong_denotation,0,2,2,2,11,11,medium,1,assets|locations,filter|join|order-by,5A93FF98B6D1F0FFB664872E1644859C892B902F1B590F8A35269FB7FC161530,BBA836A5D8C3143D2E60FFD9DD3BEC47B774DBF87559ED3439AF15FA16EB0FF1
Q030,C000_fixed_order_equal_budget,C000,qwen:F00_Full_NoShape,candidate_shape_mismatch,0,3,1,3,3,3,easy,1,work_orders,filter|order-by,0CBD495E907FC8963BEA8C2798DBA718385B01F565951B6DBFBAC0DFDB2EABBD,2A1E4E60B4A24E54BCE4125A0A1C839E6D0884F564C6332093253FB180F651DF
Q031,C000_fixed_order_equal_budget,C000,qwen:F00_Full_NoShape,candidate_shape_mismatch,0,3,7,3,4,4,easy,1,sensor_readings,filter|float|order-by,4F40CC637421660CC6C2DB044AE25D3D3708B51929EA5B5163D150E040A2488C,5AC44A498A70D6929187195C8CBD762C06CDF8B3457E1BAE0FCA1A60940AE06E
Q032,C000_fixed_order_equal_budget,C000,qwen:F00_Full_NoShape,candidate_execution_error,0,2,0,2,0,5,medium,1,assets|locations,aggregation|group-by|having|join|order-by,67C8A50F6CD51A66A80A262E461B0ADB2F2F6D13C4E9B8D463C11B577D99F4F3,5AC2DBED21AC5DBFE77961A6BC95DE4DDCD8B93728801304EC44E60A601F0F9D
Q033,C000_fixed_order_equal_budget,C000,qwen:F00_Full_NoShape,wrong_denotation,0,2,2,2,4,4,easy,1,work_orders,filter|order-by|time predicate,3DF67A263C5983BECF09C1AD45E68AB22F9EB292370E60328B38A5C691F2AAD7,98CEC50EB6962A60F1AED8C1718E6A1D5E8B8CC51C7BA9A0414BE6C5E27BA955
Q034,C000_fixed_order_equal_budget,C000,qwen:F00_Full_NoShape,candidate_shape_mismatch,0,2,1,2,5,5,easy,1,assets,filter|float|order-by,6995A1B929C3E2A14C9E6802B1D8B03B6800A464EF7572C5FA12AF6D738A9DB4,09483B77157245C6C5E9BE1610FE8B3DCE75A48D699D70318CA8EE18F9086F5F
Q035,C000_fixed_order_equal_budget,C000,qwen:F00_Full_NoShape,wrong_denotation,0,2,2,2,3,3,medium,1,maintenance_logs|work_orders,aggregation|filter|float|group-by|join|order-by,CA2B781542534A1F29A7CA6BA8ED1DF5444C09C9397B46743B6A6E5F56CF864C,5FD52A03AE98A268E5699C1401991628C1D6D6181E4988438C7F336F0E4D737F
Q036,C000_fixed_order_equal_budget,C000,qwen:F00_Full_NoShape,candidate_shape_mismatch,0,2,1,2,1,1,medium,1,technicians|work_orders,filter|join|order-by,40CA959553030BA9B8618655060A1FB2796E7293CAB088B0074F0437C0456905,B2B351D2DD6E4445AF79275FA0F5DA3CFEF62F36CB190170F6DE6E7B351B7943
Q037,C000_fixed_order_equal_budget,C000,qwen:F00_Full_NoShape,correct,1,1,1,1,1,1,hard,1,assets|grid_topology,filter|order-by|self-join|topology traversal,CE3C86125B16A6F2E2B56CDF5047F44B705B1EB7F4F08816D29EBC4E8F15CA53,B045E4DE9620345D0E575188F60F3F6D232B47BAFC5F7586F3FD9766816C2247
Q038,C000_fixed_order_equal_budget,C000,qwen:F00_Full_NoShape,wrong_denotation,0,1,1,1,11,11,hard,1,assets|work_orders,filter|nested query|order-by,76B62188F154BF5BCCF9180D43D86556169C1FA9D94EBEDB2F9F693D2091EF3D,72E745C00A0F58ED2EDD21C2568B8982DD5E2407D404BD000443DEDBCA4ED63E
Q039,C000_fixed_order_equal_budget,C000,qwen:F00_Full_NoShape,candidate_shape_mismatch,0,2,8,2,1,1,medium,1,work_orders,filter|order-by|time predicate|top-k,20601207388674D7452BCA305221E387B4ABCA7745A0BA116DB54A7258305244,B4CD6C00B5DAE5EFF3C6B878426C218E13A252D8819B0FDB38635CF71DF1F323
Q040,C000_fixed_order_equal_budget,C000,qwen:F00_Full_NoShape,correct,1,1,1,1,4,4,easy,1,assets,filter|order-by|pattern,1FA85AF6E42E0D1C18467A7950905899973454812FFB027B69BD43401222913A,8EBE89272A8ED2BDF4276016C69C61E8BA0E215B91DD36A99CCD76381F585F64
Q041,C000_fixed_order_equal_budget,C000,qwen:F00_Full_NoShape,wrong_denotation,0,2,2,2,8,8,medium,1,assets|sensor_readings,aggregation|filter|group-by|join|order-by,10C959D5D4277B44A07984A0081AB690826183846B55A63BEC29C775E8C042AA,3D6D3DCFA6005C015C82447250648EBE4E3D2C89437A232DCA907B5E432725FE
Q042,C000_fixed_order_equal_budget,C000,qwen:F00_Full_NoShape,correct,1,1,1,1,1,1,easy,1,asset_types,distinct|filter|order-by,5DF81763AB43FE8D0A8244FB132469F12FBEEB6D197A9F123AC21BB7B9B1E059,3D176D0A46AABD8359DC958BE56505456BC95FDEE7BECBE95F1CE0C86774A88C
Q043,C000_fixed_order_equal_budget,C000,qwen:F00_Full_NoShape,correct,1,2,2,2,3,3,medium,1,asset_types|assets|locations,filter|join|order-by,589B5502FCBBC1B7CDCC0EA67E885DA81BA07CA1564DE30B36FBD8B83A100B98,3033FB90E3C88DD14F28CAA9D7404B3EC148B8C301D11B44A42DCFFF2AC7CFF8
Q044,C000_fixed_order_equal_budget,C000,qwen:F00_Full_NoShape,correct,1,1,1,1,1,1,easy,0,maintenance_logs,aggregation|filter|float,61982D1BF4E753A85EA2860ABB52A111F2088286249732DE05BAD0B61A5DBF31,2ADB7284D4D878BA558B1AA913DB7A45F11D6E4E96D82B9B24C31B31A8CD997A
Q045,C000_fixed_order_equal_budget,C000,qwen:F00_Full_NoShape,candidate_shape_mismatch,0,2,1,2,1,1,medium,1,asset_types|assets|work_orders,filter|join|order-by,DDABD333E2268058E20EBECE6CF53C01780ABC3F72482284E53D45A4E5B5AC71,C96A6B040E2AE08507B988B863FA1F08DA2A76E2679F16FB276DEB323238B8FA
Q046,C000_fixed_order_equal_budget,C000,qwen:F00_Full_NoShape,wrong_denotation,0,3,3,3,3,3,medium,1,assets|sensor_readings,filter|float|join|order-by,7889573301DE0C0CCC24808B24B1975CAFD7888A206F0E012DA90157B6CA199B,692D6D9F23FE1084D1FEA9495BEE1D8809875B8893DA96A93EF414656FE34C59
Q047,C000_fixed_order_equal_budget,C000,qwen:F00_Full_NoShape,wrong_denotation,0,2,2,2,6,3,medium,1,asset_types|assets,aggregation|group-by|join|order-by,2FAA392440E390004585ACF0DA01C71ADF7952E200FCAE79ECA25CA455CE6379,39F74338A2111F1EF34E04009D586A004D16B93BB80B956F375D76FC7972316C
Q048,C000_fixed_order_equal_budget,C000,qwen:F00_Full_NoShape,candidate_shape_mismatch,0,2,1,2,5,5,easy,1,assets,filter|order-by|time predicate,0ABC2C166687493717CE928F1B6D5A7556795B3C6798415C98ABF6DE49303CC7,790D535AA128B306F6ED938E9B2A5718BBA0EC628B2242375539FF7846C52141
Q049,C000_fixed_order_equal_budget,C000,qwen:F00_Full_NoShape,correct,1,1,1,1,1,1,medium,0,maintenance_logs|technicians,filter|join,11BB2BAACF4977368DCCE23EE2535C9FE26569BFED74225D3541991481D99E02,EE416EF7F4C0E0F5585050A84A1C02C05AFFA18D60380281ADBC92E3FF62F8AB
Q050,C000_fixed_order_equal_budget,C000,qwen:F00_Full_NoShape,wrong_denotation,0,3,3,3,5,5,hard,1,assets|grid_topology,filter|order-by|self-join|topology traversal,12CB226458D546A7B4C5A7D6A29425874AEEB0B789550258E636B5ED90A7D052,1F3AE954A1BCAB25CEB1EC2272A14D51F35A6474CCBF8D48287C845763F751AF
Q051,C000_fixed_order_equal_budget,C000,qwen:F00_Full_NoShape,candidate_shape_mismatch,0,2,1,2,1,1,medium,1,maintenance_logs,float|order-by|top-k,6CD5BFC27832530426B70871A322FF87238E9495F3AFA1785990C7FD1A5667D8,8186C9B7C74D7153D2A3E5364F5AD2ABC02DA97A428E332303F868640A96606B
Q052,C000_fixed_order_equal_budget,C000,qwen:F00_Full_NoShape,candidate_shape_mismatch,0,2,1,2,3,3,medium,1,asset_types|assets,filter|join|order-by,632246FF949883071FCD494742F01F1444620DE4AE7BE8858BEED5B39D77738D,85DF82AC2ABE10DD5ED6C6D984D4D687FE6CE678589BC733F59070004B547B73
Q053,C000_fixed_order_equal_budget,C000,qwen:F00_Full_NoShape,candidate_shape_mismatch,0,3,1,3,2,2,hard,1,work_orders,filter|order-by|scalar function|time predicate,93119382A32A7F2483E29C3E293671FE2B4DB789515D9E539252F525BDEE3D55,3EAE7BE8AF8CF36D1703C80633D8B0CE6180A8A5F4FF5EC524C2106E40CEDDF5
Q054,C000_fixed_order_equal_budget,C000,qwen:F00_Full_NoShape,correct,1,2,2,2,4,4,easy,1,sensor_readings,aggregation|group-by|order-by,0209579551C7C143494FC829E3BB901AC7C119B99EA9A1E1DFA4779AF45B9E4E,D8B52409C7C001AEAAFCE4E0ABE9E04718FC18D305762DFDF40537090C9269BF
Q055,C000_fixed_order_equal_budget,C000,qwen:F00_Full_NoShape,wrong_denotation,0,1,1,1,2,2,medium,1,assets|locations,filter|join|order-by,22ED189C6D32113248D61E534405B59ECFDBDECDF0ED9E6236EEB4C0F6F10600,D415506393250DA3C55B5152424D2C8CE60A8106C2C445DD502A049F00EB2C79
Q056,C000_fixed_order_equal_budget,C000,qwen:F00_Full_NoShape,candidate_shape_mismatch,0,2,4,2,15,3,medium,1,technicians|work_orders,filter|join|order-by,CBCF05A5B695CC5724546A0DC8D8F986532E9743024686E9FAA02519391CB6C4,4289E1781826F34A34DD523F831378B0936CB18EE72A25056922A9ABEFF7589F
Q057,C000_fixed_order_equal_budget,C000,qwen:F00_Full_NoShape,correct,1,1,1,1,1,1,easy,0,sensor_readings,aggregation|filter|float,8BBB9F99606D5B41A0793D52C17AF6437411454A89A5C324740BC5201B69D032,E83BCDA26C405F53453C322BC9A153554DFB63AD0414921B833DAB23BFDCDA57
Q058,C000_fixed_order_equal_budget,C000,qwen:F00_Full_NoShape,wrong_denotation,0,1,1,1,6,3,hard,1,locations,distinct|filter|nested query|order-by,D7D55DE9664B26E85D0DECAB22188E5B54957F227752DDEC8578BB179B403DBA,117CE18E62A2C6F5B6F1A2D1049CA245877A54DEA51FF8654B501AA2147D96D6
Q059,C000_fixed_order_equal_budget,C000,qwen:F00_Full_NoShape,wrong_denotation,0,2,2,2,4,18,hard,1,assets|work_orders,aggregation|group-by|left join|order-by,54A8FAA88C1E292727EB2C4A0A63A6124AA613DFD275FF48A668BD93B56DCF45,3DFAC6294FA48460FE07FC0DEED4527955CA9F7EA62EDB72EFEF66A5219701E5
Q060,C000_fixed_order_equal_budget,C000,qwen:F00_Full_NoShape,wrong_denotation,0,1,1,1,10,10,hard,1,assets|sensor_readings,filter|nested query|order-by,4311F9BF5AC5A005E8A014C1E2BC7B44FA89A1F92BAFBFBCF05AF9E9697FCAF8,8DFC0FBE8CC2393C9F4E29E4FCF12CC084574B2C95E1934AA8B0CF40486323AC
Q061,C000_fixed_order_equal_budget,C000,qwen:F00_Full_NoShape,correct,1,2,2,2,1,1,easy,1,asset_types|assets,filter|join|order-by,E1F589BBB18C1D4942514FAB692F9757856A2B31C0B41503CCF0CC679AA5CCB7,CB8A8CA90B5B5B65811AA50547961910F48DD4D22DC465C65D740863041AF421
Q062,C000_fixed_order_equal_budget,C000,qwen:F00_Full_NoShape,correct,1,2,2,2,7,7,hard,1,technicians|work_orders,aggregation|filter|group-by|left join|order-by,6EA6AB3E8E37B4355FDEDDF0142B324ED5EA6077F5FD266425A8947E7B64829C,D5FE9AD86D37A053D4D7A70DB8044F96A7D0DA521ED50AEA86C7C4DE091EA3E1
Q063,C000_fixed_order_equal_budget,C000,qwen:F00_Full_NoShape,candidate_shape_mismatch,0,2,8,2,1,1,easy,1,work_orders,filter|order-by|time predicate,933C28F1004C9B4F3A9FB1AB3BA09990E14A91F98F4239FE1C3D4ED29A425667,9BC61C0E25D15E080395150B61ED05DC6A342608FE1BCB66CBB3165CAB232AC0
Q064,C000_fixed_order_equal_budget,C000,qwen:F00_Full_NoShape,candidate_shape_mismatch,0,4,2,4,15,15,hard,1,assets|sensor_readings,float|join|nested query|order-by|time predicate,5DD5603BEDC0A83823087335F670348C09CA4710BE1F655ECE2EB83E0A7CAEAA,3668AF6F317F360422A127A07D15C6520B21A32029142BA9B9C9FF430E0EDC43
Q065,C000_fixed_order_equal_budget,C000,qwen:F00_Full_NoShape,wrong_denotation,0,1,1,1,4,4,easy,1,assets,filter|order-by|pattern,A0EB5B6158011E57C84403D46EF0E996EFD2435CA19368508DE43C3412F0E831,C5BD5C26B91224A6B61EF52388B9D8E6E901CB40A83BC61A526D27093BA499E4
Q066,C000_fixed_order_equal_budget,C000,qwen:F00_Full_NoShape,correct,1,1,1,1,7,7,easy,1,work_orders,filter|null|order-by,B9957B17694AC2ADF72CBA01DC6B16BAB1DC5C9E6BD22154DF387AEBA37CA38E,73EC29EE90BE10D52AF1B9A6E6637C370408ADF28CDE872950CF0721E464A6F8
Q067,C000_fixed_order_equal_budget,C000,qwen:F00_Full_NoShape,candidate_shape_mismatch,0,2,8,2,2,2,easy,1,maintenance_logs,filter|order-by,1FC4330B0484D8DE75143CF1F872F5F37FA553644218E7208BB5908C81221515,8A3CA45B2951961D067C5F1853776756E2E634AFA005BD7DBA46152A8A26599A
Q068,C000_fixed_order_equal_budget,C000,qwen:F00_Full_NoShape,wrong_denotation,0,2,2,2,6,6,medium,1,asset_types|assets,aggregation|float|group-by|join|order-by,99C6C8200C6213230590869578A4A073C78CACC70DA2D13050C27CC96EBEE5BD,85CFEF7B936CE99C93FE7B3FA4D790D3A62A1C3610D4406C2FB446EF88721A92
Q069,C000_fixed_order_equal_budget,C000,qwen:F00_Full_NoShape,correct,1,2,2,2,2,2,medium,1,asset_types|assets|locations,filter|join|order-by,64FC04748004659A8E350648FEEFFCF71CD91C47004676D8C2A955E156423F0D,4C9A53FDA153DBC282E75ED5D8A8271290B409B3983EC5245A5A355FCD513F55
Q070,C000_fixed_order_equal_budget,C000,qwen:F00_Full_NoShape,candidate_shape_mismatch,0,3,1,3,2,2,medium,1,grid_topology,filter|order-by|topology traversal,8E6978330D07E8DA7EAE580E799EE5774BB30BF9DEB3850112A61E57A9096FE0,DE4AB58DD907088525A343A7DAEBD70C2E24266A926BA47803FD436F0A020578
Q071,C000_fixed_order_equal_budget,C000,qwen:F00_Full_NoShape,candidate_shape_mismatch,0,3,8,3,1,1,medium,1,assets|work_orders,filter|join|order-by,C69E779D857DF72DF05D2DAA8ADE6B137E35AD8696453BD5C10C26C5B50B076D,E97FEB511A72F5242C5B426C15B5B68C0AC52AB5CFAA307E2F2BE34D1DCF1583
Q072,C000_fixed_order_equal_budget,C000,qwen:F00_Full_NoShape,correct,1,1,1,1,1,1,easy,0,locations,aggregation|filter,6CA07808FEA4556710BDA8FD4B1F1FD4B49212F172BE31673FC1B9B14D1F0256,95EAB691F3A87564414FB116CCC94458C67C735A9958F15C840959E7DB9879CB
Q073,C000_fixed_order_equal_budget,C000,qwen:F00_Full_NoShape,wrong_denotation,0,1,1,1,5,0,hard,1,technicians|work_orders,filter|nested query|order-by,B982CD5465BB0D8294FB460DDDEAE667ECFC154C4EF6466066427F34CEA88A15,EA2420FEE687FD65F202317C768EA6E3DC6FD466407B8319A0595851D188137C
Q074,C000_fixed_order_equal_budget,C000,qwen:F00_Full_NoShape,candidate_shape_mismatch,0,2,1,2,1,1,hard,1,asset_types|assets,aggregation|float|group-by|join|order-by|top-k,6D8B280D5E6E4CC847E1BA4DA938135B1F7DE9C9E1681E71122236FD78274411,B3B989D9A5ABEE1F604FA90721954855A1D98E68FACCAD5A30A70A72116F86E3
Q075,C000_fixed_order_equal_budget,C000,qwen:F00_Full_NoShape,correct,1,1,1,1,1,1,medium,1,technicians,filter|order-by|scalar function,CB38B12F6486A9B67111967D7AC4116EF2F27E3393F8F562CF38B2C83A0D7A41,8075FFA2B3AD5DABD5BC301871642C493AEFF0E21B13E50DF735B53208C4E3F9
Q076,C000_fixed_order_equal_budget,C000,qwen:F00_Full_NoShape,candidate_shape_mismatch,0,3,10,3,8,8,hard,1,assets|locations|technicians|work_orders,filter|join|order-by,ABA537911672B1861F325E111ABCFC0CD0D50C44B68E11C5C301577624D7AD80,AA5687CCFF7ED2B6D7D26AF69D1CF935236DDB5C496DA6F59BF2CB5194DC765F
Q077,C000_fixed_order_equal_budget,C000,qwen:F00_Full_NoShape,wrong_denotation,0,1,1,1,6,6,hard,1,assets|sensor_readings|work_orders,distinct|filter|join|nested query|order-by,F5D33E84924EA5311398F3BE8B7C0E8CE9CBDEE35B6DAC46A59D7EAE5F48ABEE,3A581069DD8A71B35ACBBF96C143EF11E799EF3534FA97CB6EDE4228C5CCAFE0
Q078,C000_fixed_order_equal_budget,C000,qwen:F00_Full_NoShape,wrong_denotation,0,1,1,1,1,1,medium,0,maintenance_logs,aggregation|filter|float|time predicate,19AC4C47236BD4277886DF4C20796B1C9885E17C15C02F4F4FAC49108E13EDC1,189994EC16E232110E615D509BA67D7EB2D5E3DA5EEBE8800A9A217765A6DE0D
Q079,C000_fixed_order_equal_budget,C000,qwen:F00_Full_NoShape,candidate_shape_mismatch,0,2,1,2,2,2,hard,1,assets|grid_topology,aggregation|group-by|having|join|order-by|topology traversal,637684FAC730AA6CCA6032308F6274504D089E1B29FA9D3FF15FBB68975E1AF6,BF4F0EA342B7028E01793072D85D1178814F555A8FA5378F3192C135BDED2615
Q080,C000_fixed_order_equal_budget,C000,qwen:F00_Full_NoShape,candidate_shape_mismatch,0,3,13,3,4,4,hard,1,asset_types|assets|locations|work_orders,filter|join|order-by,7E5CD87FADA85D8D749954063FC27D5699446C19E7EC1677D3EC5796D9A596C0,56DC4BFED3DB08B1C0326C1F215763519AAE73E65A2E9B35E688A92A2CB84E6B
Q081,C000_fixed_order_equal_budget,C000,qwen:F00_Full_NoShape,correct,1,3,3,3,1,1,medium,0,asset_types|assets|locations,filter|join,7C6AA8331CB1EA30533B0392B660823C88012CBEDDD371AD6A6F37B65FB9FE0E,B5DFF96C6059A8199759F61599CEF41B66796187405AC66FBA00C76616BF4C3E
Q082,C000_fixed_order_equal_budget,C000,qwen:F00_Full_NoShape,correct,1,3,3,3,1,1,medium,0,asset_types|assets|locations,filter|join,5EE929892BA6AF4AC80B97E5B7746879326E44772C0C02B960EE3F6B385FD553,5907FBC3F9F3722B44678B02D9B02222BE4AA59CFA5D97407A69E90B2B9B2F95
Q083,C000_fixed_order_equal_budget,C000,qwen:F00_Full_NoShape,correct,1,3,3,3,1,1,medium,0,asset_types|assets|locations,filter|join,A8C1087E127E4B939C564F4DEBC1BD2AFD932F51A67D383D69525E21B8A08266,7BEBBDB5539972BBDB52996E31053D376CDE31AF40998FEFDA5D143B8A068CB3
Q084,C000_fixed_order_equal_budget,C000,qwen:F00_Full_NoShape,correct,1,3,3,3,1,1,medium,0,asset_types|assets|locations,filter|join,DB325846FF3C3605A81C849813E647251C8700D8D5CE5F3AD4536728ADF9E18E,E9B608A9FE56DD4A70F4BFB2BE6A57DFDCD5857163DB2E40DB8790E68C0E983B
Q085,C000_fixed_order_equal_budget,C000,qwen:F00_Full_NoShape,correct,1,3,3,3,1,1,medium,0,asset_types|assets|locations,filter|join,F4F80A494ED244F7158D3293A3BB7B52595CD0D3B4B3282CB1EE3AE64A0D5DDC,BE47859E9627B4953A38F609DBC5096697D6F691E646B1F0325383F8AF193E6E
Q086,C000_fixed_order_equal_budget,C000,qwen:F00_Full_NoShape,correct,1,3,3,3,1,1,medium,0,asset_types|assets|locations,filter|join,8EEBAAA7081BC7482BF9C0DC68195AA84E08119CAC316BD7BCB7C4D19395C616,AD8C5AE8369AAD1CD2D29F12FEBEE5833F05100C2BD337D93549AEF9E8DE16FA
Q087,C000_fixed_order_equal_budget,C000,qwen:F00_Full_NoShape,correct,1,3,3,3,1,1,medium,0,asset_types|assets|locations,filter|join,CBDF469CBCB2D55BF2C9FB85B1515FE0F4043C326C701D3B48E12A679816E419,EC610E6CB8DAE78AF9A630AB0327E4D83BF7E869679B118E9B4F3AC80A125542
Q088,C000_fixed_order_equal_budget,C000,qwen:F00_Full_NoShape,correct,1,3,3,3,1,1,medium,0,asset_types|assets|locations,filter|join,013744DC08499748C37421C17D13D9CDC9F95975CFA6B1553F226343EC24A294,AB06F6AE1D6A86C92475A4CAB67407D223CDEF7E023A33888D45D7474FBEF815
Q089,C000_fixed_order_equal_budget,C000,qwen:F00_Full_NoShape,correct,1,3,3,3,1,1,medium,0,asset_types|assets|locations,filter|join,CF1E1938AEF0999C50E16B8D719880C486B76444EE00D121F8F36CAF0EE11AE5,78DE4B7992B28BB07F2B0EEA4DB6D9B805E2B672F8AA3AA7A8EC1C15ADF6F8C0
Q090,C000_fixed_order_equal_budget,C000,qwen:F00_Full_NoShape,correct,1,3,3,3,1,1,medium,0,asset_types|assets|locations,filter|join,C60E3572C046FE28F80164BFDD04A76894EE9FF72AE7E32D9D59A68A2D5627D2,F2995887A6CDE41BAE098E58C25E5FE4A6FC18517FBDFD424ECDB715AADC1B76
Q091,C000_fixed_order_equal_budget,C000,qwen:F00_Full_NoShape,correct,1,3,3,3,1,1,medium,0,asset_types|assets|locations,filter|join,4EBA8AF7CFD8895B18A911824BFF5FF4F462FD489C1CDC27914C4E07C02AFDBC,C90ADD655689FCD9911FDA1120AE5F0439C0E554E9CB8C8DF1BF70881774653C
Q092,C000_fixed_order_equal_budget,C000,qwen:F00_Full_NoShape,correct,1,3,3,3,1,1,medium,0,asset_types|assets|locations,filter|join,A8BFDA04991592DD3CEDB7F45785E7992DD2F068E51704C7BE027D6127A9DD9A,8C7606BCDD6CFBA13724611294FE27BA6416EAF37F7B0A9A7BA4CF7F2840E2AE
Q093,C000_fixed_order_equal_budget,C000,qwen:F00_Full_NoShape,correct,1,3,3,3,1,1,medium,0,asset_types|assets|locations,filter|join,731111BC5E2ACB61861302255978F4C11B19BBC54F610E640B92B64E906F8E04,80AA5E635828D15D65DE1C95E333A7C29B831D491A1AAB2C3B4AF00FA7524316
Q094,C000_fixed_order_equal_budget,C000,qwen:F00_Full_NoShape,correct,1,3,3,3,1,1,medium,0,asset_types|assets|locations,filter|join,C2E2DF54A85C10848727A14FEF927B01E06D3637BB3AD93C3F1E4BD7D7C45FBF,72A4EEC70FE114219C53C3B3BDB8956BAB9A8F048CF56A4EC08DCCDB2F00013F
Q095,C000_fixed_order_equal_budget,C000,qwen:F00_Full_NoShape,correct,1,3,3,3,1,1,medium,0,asset_types|assets|locations,filter|join,15BDCE5F630526076AFA10BAEE4BCDCE161CFBA948113B13EEED01DF63E4CB34,26D884CC511DBF8DCE2BA5F82EB15338F8DF136F43F11EF608B9CB5A0125BFFF
Q096,C000_fixed_order_equal_budget,C000,qwen:F00_Full_NoShape,correct,1,3,3,3,1,1,medium,0,asset_types|assets|locations,filter|join,93C283CC73431533C707EDF36BCB6E61EF5E86918F1F5DB30D6AB804BCFA38F5,D7A4E1B40F05EE267E53226B4C3B2AD861809C274003AFDB2DC6103556EF15BC
Q097,C000_fixed_order_equal_budget,C000,qwen:F00_Full_NoShape,correct,1,3,3,3,1,1,medium,0,asset_types|assets|locations,filter|join,868BFDDE5DA9AB55305464ACC1490285643B491CD3E97226B33A0E97A6546C25,F5EC9300EA6C17C34C465780B1B3B1AF5C281D823AAE63B38AAEA0943779E901
Q098,C000_fixed_order_equal_budget,C000,qwen:F00_Full_NoShape,correct,1,3,3,3,1,1,medium,0,asset_types|assets|locations,filter|join,71529376EC84A99D77DA357CACFF1BE4ED35C84F89E2AAC8E52CB601512593C0,2C0C09F5495E655CB3AAE807E7D9ED40B69561C9DE1C4481CA8935F94D119B46
Q099,C000_fixed_order_equal_budget,C000,qwen:F00_Full_NoShape,candidate_shape_mismatch,0,3,6,3,1,1,medium,1,assets|work_orders,filter|join|order-by,22922D15B06DA23B30B48D5B8A34099BF8446524D56D3FA411CFCB12EB098986,6BF9EBE685BB1E6B61F9AD8B1B4FC8220894AEFB6A787DA91E08B6766DEB8980
Q100,C000_fixed_order_equal_budget,C000,qwen:F00_Full_NoShape,candidate_shape_mismatch,0,3,6,3,1,1,medium,1,assets|work_orders,filter|join|order-by,76D47BEB60CC970D29D11913AC247E4D630678559134EF48635F355967B1BF91,D71A3F8AB7F6C275DA1810FA42D3F080E31986F00F4D37EEF1710E34D8F02D47
Q101,C000_fixed_order_equal_budget,C000,qwen:F00_Full_NoShape,candidate_shape_mismatch,0,3,6,3,1,1,medium,1,assets|work_orders,filter|join|order-by,C06D8955DEE99BED4D19A8717D12EAC1DB91076E1E11BFE303B123FCE6D601D9,9E554A31806BDEBEF5515422C23D4B4B54F69A2383A30770E2496EE85235414E
Q102,C000_fixed_order_equal_budget,C000,qwen:F00_Full_NoShape,candidate_shape_mismatch,0,3,6,3,1,1,medium,1,assets|work_orders,filter|join|order-by,756AC11DF6E64291CEF00436D16F2C71BEE3E2528ADE39736324405AF9C1357D,B91FC88F8737230FD282F58A0C69BC42A1DE8D99665299EF53B09E57C7512DE1
Q103,C000_fixed_order_equal_budget,C000,qwen:F00_Full_NoShape,candidate_shape_mismatch,0,3,6,3,1,1,medium,1,assets|work_orders,filter|join|order-by,4459A79CF8F06B0C88429A6F9979A5FF1463872572509E5818A3DD7A12E12927,C386265AAB4973D3DC9FBC7633211E0BC9312C72B649097932B1819450C922BC
Q104,C000_fixed_order_equal_budget,C000,qwen:F00_Full_NoShape,candidate_shape_mismatch,0,3,6,3,0,0,medium,1,assets|work_orders,filter|join|order-by,9E8BB4E8FCC5179D3308D35EA0F3FD3961345B38F842B47A90BCB6FC0E620FA3,41AF7A63B404C8F1F460E26A3EAC59A9A25A503835E2A473A9C172D2FF945282
Q105,C000_fixed_order_equal_budget,C000,qwen:F00_Full_NoShape,candidate_shape_mismatch,0,3,6,3,1,1,medium,1,assets|work_orders,filter|join|order-by,88D49B119B86DE5B4774AA92543FD67CD1E0A25D842C4DB034E4CD8E63B7D6B7,9A87A0113FB5B583C3E278A16AB9681F3380F6F743363449CD2E9606D64555CB
Q106,C000_fixed_order_equal_budget,C000,qwen:F00_Full_NoShape,candidate_shape_mismatch,0,3,6,3,1,1,medium,1,assets|work_orders,filter|join|order-by,828AAB6E7AC58A3C80C425656A40B9BC123F86CD2768F7CAB10BB556A1DF2995,ABC385CDC88056C5B240CBB1CBF71D84FA00AAF5F2D1A0016012A05C9FE63AA9
Q107,C000_fixed_order_equal_budget,C000,qwen:F00_Full_NoShape,candidate_shape_mismatch,0,3,6,3,0,0,medium,1,assets|work_orders,filter|join|order-by,251FB58CD353AD66B9198128445EF0EA7ED19B8B785EAC9EDB4FB68EC4EE3D2E,92CD6A92EA310D3EF3D24DF6FD0EF1DB23D6F439F5C40EBD548AD297CC29C55D
Q108,C000_fixed_order_equal_budget,C000,qwen:F00_Full_NoShape,candidate_shape_mismatch,0,3,6,3,1,1,medium,1,assets|work_orders,filter|join|order-by,19FBE8D7687FDD5C10AB5F80ED947C5ABC236717697DA7DC9CE24C81EE9D7472,CB6B1F12686B8F23DE9AB1A591B17B55257DC5B84CF97EDC158E742AB5593C4D
Q109,C000_fixed_order_equal_budget,C000,qwen:F00_Full_NoShape,candidate_shape_mismatch,0,3,6,3,1,1,medium,1,assets|work_orders,filter|join|order-by,47638FC21B63DCFA5AE61EDD6C501881DAF5E535CC2961D88D57471A9BC41017,CA891F2337BC1FABC1EDA04BF4318D3BD5F81EE4556115D682E97ABE45439A62
Q110,C000_fixed_order_equal_budget,C000,qwen:F00_Full_NoShape,candidate_shape_mismatch,0,3,6,3,0,0,medium,1,assets|work_orders,filter|join|order-by,50B3324241B4CE3DD9EE40F53A50F42D933C67AD22B282F6819423987267D9C7,1F87F45858C889D3425AFBDDCDEB10D5915FBFF7D93B3E5A204717DC800E1499
Q111,C000_fixed_order_equal_budget,C000,qwen:F00_Full_NoShape,candidate_shape_mismatch,0,3,6,3,1,1,medium,1,assets|work_orders,filter|join|order-by,F705AEAE0AB1460A6D757816F45ECCC0B4D740D1DC6A7D1FB0C12B3183456C2B,82F9129BF81A30B5E70DD063E12B3D72E1EF7A64810C18CFF2A4489065CD6614
Q112,C000_fixed_order_equal_budget,C000,qwen:F00_Full_NoShape,candidate_shape_mismatch,0,3,6,3,1,1,medium,1,assets|work_orders,filter|join|order-by,C6DFEDA9F3CE99B378C6AAA3270125CD10D409CA38E186EDB862624A5F5FD4A7,A8224D1F700D864B9A1A7ED63F945DEFD172078F0DC7A07137B6AA3A15658BA4
Q113,C000_fixed_order_equal_budget,C000,qwen:F00_Full_NoShape,candidate_shape_mismatch,0,3,6,3,1,1,medium,1,assets|work_orders,filter|join|order-by,B991D56DC02D379D496973F25E925500E2CE82239A06A514289288BB63317C21,BCF472BEA807A36A0A6146014EB6B342D54472212ADC8E37F45C09ED82DF1DB0
Q114,C000_fixed_order_equal_budget,C000,qwen:F00_Full_NoShape,candidate_shape_mismatch,0,3,6,3,1,1,medium,1,assets|work_orders,filter|join|order-by,B16B41531E1C5C40A08BF8EA25E9B12793D6B3803FB02099E793BFB2EE3FA500,E97FEB511A72F5242C5B426C15B5B68C0AC52AB5CFAA307E2F2BE34D1DCF1583
Q115,C000_fixed_order_equal_budget,C000,qwen:F00_Full_NoShape,candidate_shape_mismatch,0,3,6,3,1,1,medium,1,assets|work_orders,filter|join|order-by,5C271A4072AE1F8A2EC4B47127C605A9BD8008B9A74E1526FC8A3F2D7F483AB5,9FEDD4D8A154A5979AB6353D353EF5729594B3018ECE5AEB20824FCC6C1D9A94
Q116,C000_fixed_order_equal_budget,C000,qwen:F00_Full_NoShape,candidate_shape_mismatch,0,3,6,3,1,1,medium,1,assets|work_orders,filter|join|order-by,6A7CBF348F03FC681484C74E8C3701CC6CB234341223BA0C29AB70543373F88E,9C493A195F29C0AB271B65A6DE85273D13DFE693DC84B3DF1755BBEC92C8150C
Q117,C000_fixed_order_equal_budget,C000,qwen:F00_Full_NoShape,candidate_shape_mismatch,0,4,6,4,1,1,medium,1,assets|sensor_readings,filter|float|join|order-by|time predicate|top-k,69B3FD42EC4FBEB346C030F11F0DC03930B3B68DC75F5916F4258256A59318E6,ADDB11C32923185E4B1B5D4FAF244BB15F14A267EB51F4A4E1042B99C6CFAC41
Q118,C000_fixed_order_equal_budget,C000,qwen:F00_Full_NoShape,candidate_shape_mismatch,0,4,6,4,1,1,medium,1,assets|sensor_readings,filter|float|join|order-by|time predicate|top-k,C06BF35A4A07228B0B6F2FE9166B2718AB49689700A5DBFEC92E66CE9CD53B18,6C2CE94927FE1ED8110277B2991EB547D2F0DED199533691FF05F7A8AF570602
Q119,C000_fixed_order_equal_budget,C000,qwen:F00_Full_NoShape,candidate_shape_mismatch,0,4,6,4,1,1,medium,1,assets|sensor_readings,filter|float|join|order-by|time predicate|top-k,FA0D1B13F7E2440622C88463B47B51EBF1C4F1A2797AA986D612881F2CF1CAEA,235D55B60C02355C29746D04A7A4CD7F52DF41E442EE169FCD3F3A03CD004476
Q120,C000_fixed_order_equal_budget,C000,qwen:F00_Full_NoShape,candidate_shape_mismatch,0,4,6,4,1,1,medium,1,assets|sensor_readings,filter|float|join|order-by|time predicate|top-k,EA39C2E9C9668E845FA723E5EDCD4FD41D7B429D2CE8F614743D92B1C80DB141,C538A82A512A0972EFCFEF46D832F24EDA184A51136A4E6375FC335EB27B5DE9
Q121,C000_fixed_order_equal_budget,C000,qwen:F00_Full_NoShape,candidate_shape_mismatch,0,4,6,4,1,1,medium,1,assets|sensor_readings,filter|float|join|order-by|time predicate|top-k,8C3FE4799451CC2FF7205FF0EDE22E4188F56F0CD1E1A9C1C5DF7454D0334BF9,38D2BE7FBE3C6C649A1B5FA80ACBEEF334758BA2C540752007AC4561E174B1BD
Q122,C000_fixed_order_equal_budget,C000,qwen:F00_Full_NoShape,candidate_shape_mismatch,0,4,6,4,1,1,medium,1,assets|sensor_readings,filter|float|join|order-by|time predicate|top-k,4DC00026176930FF7DA084855DC1BF34B7CE9CA9B686D53E6CF7327A9F37BE95,F39EF13DC8ABDEE58F9EB1B202C277013B7B800B148381AF26EA6775491ECF7E
Q123,C000_fixed_order_equal_budget,C000,qwen:F00_Full_NoShape,candidate_shape_mismatch,0,4,6,4,1,1,medium,1,assets|sensor_readings,filter|float|join|order-by|time predicate|top-k,02E00681CAAD11E42C0C2D6974B60772659B756C7ACFED455D527B0C4A578862,1BC2E46D210D620AAF5C84F771E1E5581E2642CE844524674C2B2F589DC9FAB2
Q124,C000_fixed_order_equal_budget,C000,qwen:F00_Full_NoShape,candidate_shape_mismatch,0,4,6,4,1,1,medium,1,assets|sensor_readings,filter|float|join|order-by|time predicate|top-k,0B1400F6A6A8C41E1B7959102B08C8F66201BDFC9D98A08023B6E8DE2512A15A,A290DB31E66C08B49FC8C381F2F60A0BD658ACBB2AEA91A4A5C96575AE60160C
Q125,C000_fixed_order_equal_budget,C000,qwen:F00_Full_NoShape,candidate_shape_mismatch,0,4,6,4,1,1,medium,1,assets|sensor_readings,filter|float|join|order-by|time predicate|top-k,00A6A4B0E3169545EE626B80021ACC628DCEB996FC9A10D5E19502157F086FFC,7992EEE72D9FD9518655D7883286F6CB288BED666AD4716BE67643D7CDF04F5C
Q126,C000_fixed_order_equal_budget,C000,qwen:F00_Full_NoShape,candidate_shape_mismatch,0,4,6,4,1,1,medium,1,assets|sensor_readings,filter|float|join|order-by|time predicate|top-k,3CD55E9F6C50137BD061F7CACF58AC462854DCA63BCD4FF8A094354291CF2FB6,51DCC1CF59797FDB8D524E21A8085A4B1C32D7753B2428EB1AB377F9CD3DC134
Q127,C000_fixed_order_equal_budget,C000,qwen:F00_Full_NoShape,candidate_shape_mismatch,0,4,3,4,1,1,medium,1,assets|sensor_readings,filter|float|join|order-by|time predicate|top-k,810243E8DB0433F47E2CBC4839A9908030DCC8C5774C1E176F2AD034EEC7C210,A117A0E5D5CA594A8D37A55430C71E3AD7C33D86B2891BF2E96A4297744253E1
Q128,C000_fixed_order_equal_budget,C000,qwen:F00_Full_NoShape,candidate_shape_mismatch,0,4,6,4,1,1,medium,1,assets|sensor_readings,filter|float|join|order-by|time predicate|top-k,8F91777B465CA6D253E60FA7E7D6DDBF98CD2687D696BA4839F2108CA620D6C9,BB81A8F11DA0187DA28E4D6AD68735970ACB5A2AFC07414BD2427DB0A369C598
Q129,C000_fixed_order_equal_budget,C000,qwen:F00_Full_NoShape,candidate_shape_mismatch,0,4,6,4,1,1,medium,1,assets|sensor_readings,filter|float|join|order-by|time predicate|top-k,776CFDD72FC5388619D44DCE6555DD89F899773555F54F260FB73C36306344AF,8CA57CC09F45306A7B17C7CF6513E8374167574D8555012E6AE7FF89181B04E5
Q130,C000_fixed_order_equal_budget,C000,qwen:F00_Full_NoShape,candidate_shape_mismatch,0,4,6,4,1,1,medium,1,assets|sensor_readings,filter|float|join|order-by|time predicate|top-k,BC8C5396D25C2CA1811EE1143E55132D3940A30AA5A722F7A7697349BB573D3F,66009698E99F05D64B9A5E5BE82CA02620C032CF817352FD25624D9FA0493B18
Q131,C000_fixed_order_equal_budget,C000,qwen:F00_Full_NoShape,correct,1,1,1,1,1,1,easy,0,assets|locations,aggregation|filter|join,223DEE7C8DF83D00B969F43E89CF9DD60362ED354FB528EA9585BF98396F7C9B,926DAC82557721913B5B755DEF4E6D7902333789F9AFF24165E7D060F583B4D1
Q132,C000_fixed_order_equal_budget,C000,qwen:F00_Full_NoShape,correct,1,1,1,1,1,1,easy,0,assets|locations,aggregation|filter|join,F38A3F0C58F6E2A6B684A252D0680FED9BA1EF286DDE6D8DD6BC35FDF2EC5F0F,87F227DF6F9A9C2278171B0FA86333BBFED04EF17B9C027C1C384F7A5604A920
Q133,C000_fixed_order_equal_budget,C000,qwen:F00_Full_NoShape,correct,1,1,1,1,1,1,easy,0,assets|locations,aggregation|filter|join,7C85FE5EFEA87042EEF89660587B1DF8C35C0A21DEF38B58674FCFCE198C1C92,82FFD9A8D5E5FC223E7AF549EE3F28D5BB90775E46E60BED0EB7EC4181944C36
Q134,C000_fixed_order_equal_budget,C000,qwen:F00_Full_NoShape,correct,1,1,1,1,1,1,easy,0,assets|locations,aggregation|filter|join,2809822C0EE05D06A953B1631684DD86BB446EF38218D0197D7372B2CC1FD69D,5868892DB40C5387F6F38780322F8B7726F2AC0E3807C27476D38BCC6BEA2C96
Q135,C000_fixed_order_equal_budget,C000,qwen:F00_Full_NoShape,correct,1,1,1,1,1,1,easy,0,assets|locations,aggregation|filter|join,170F29E90086F85E9A87C3C196D6FF6E3FB691D37E98F64FA83A33F2D457EC69,B6590CBD8A77D19F0637FC55A4B7B4C4D010F580907B133F89B6908F4387E40E
Q136,C000_fixed_order_equal_budget,C000,qwen:F00_Full_NoShape,correct,1,1,1,1,1,1,easy,0,assets|locations,aggregation|filter|join,2B06D7496B676D74FA091F386C3474E188D329370E839EE7F739CF440E312A5B,FD0D4C193FFA8524DA8C0A9C846DBCC039FA29FDB7034474E85704812AA3FF03
Q137,C000_fixed_order_equal_budget,C000,qwen:F00_Full_NoShape,correct,1,1,1,1,1,1,easy,0,assets|locations,aggregation|filter|join,A65450E5D317B461C09B798F8C658230C1E3CEB17E01457AA9D027FE588CF0FC,C510A4F480C890919D61542527C4484503C79E7F886440DD697CBB05C07933CE
Q138,C000_fixed_order_equal_budget,C000,qwen:F00_Full_NoShape,correct,1,1,1,1,1,1,easy,0,assets|locations,aggregation|filter|join,F923B94EF0B542E0AEBFC81B2F7B8A62CCABB6F3E16D083189D60B0EA79DFFC4,E4232AC36C8531B610F07F35323BE6D3CE210DCA9100C1F2AA5B079F951DEE7B
Q139,C000_fixed_order_equal_budget,C000,qwen:F00_Full_NoShape,candidate_shape_mismatch,0,3,4,3,5,5,medium,1,assets|sensor_readings,filter|float|join|order-by,97270341B5684E784874013E233923485CA0297B38D95A989BAB148281B07E0C,CBD1D3E389EDFEB07D635046BF87B3AC06B895497ABBA66F9042635E26DB3898
Q140,C000_fixed_order_equal_budget,C000,qwen:F00_Full_NoShape,candidate_shape_mismatch,0,3,4,3,0,0,medium,1,assets|sensor_readings,filter|float|join|order-by,5ED6F4834D5BD9D6927B7EBF839F6B68F3F3566F12BC8A6EF79348B8556A1274,E7AFD864A4AA0E3CAC06A707B65998B52154E8B0F3A5C20981AFEEF477184D24
Q141,C000_fixed_order_equal_budget,C000,qwen:F00_Full_NoShape,candidate_shape_mismatch,0,3,4,3,4,4,medium,1,assets|sensor_readings,filter|float|join|order-by,12DE0493FEFD4D2A91395ECB424E62ED1DE75EFDA8B58947E7818520162AA1CA,1685D70047643A73A4164ABDE6309B16C601C2977B18934007C18EECDF897710
Q142,C000_fixed_order_equal_budget,C000,qwen:F00_Full_NoShape,candidate_shape_mismatch,0,3,4,3,1,1,medium,1,assets|sensor_readings,filter|float|join|order-by,3BD998B6BD5053A24B4BF39F263C9E5DE04C65AC30401B9172A2B36C17609164,405A64E16DDAA9687274876C39A48D52B4A8981C6F921FC1CAB143A62FE0426F
Q143,C000_fixed_order_equal_budget,C000,qwen:F00_Full_NoShape,correct,1,1,1,1,1,1,easy,0,work_orders,aggregation|filter,3C4F651845C93619B00E894FCDE97841ECB78D929A361F847627F39C1D979BB6,75DB2BB201FC12F0B95501B54A5C07CBFD34967343A841E33BD482D1589E95EC
Q144,C000_fixed_order_equal_budget,C000,qwen:F00_Full_NoShape,correct,1,1,1,1,1,1,easy,0,work_orders,aggregation|filter,0FA5BDB9FEA64F94D4703BF9E6EFFF60F8ECF5C2D8AC20E15A6766DF65C1280D,9F8B6C3EB40E1299F3897C588A9B22C155B5A8897050055BD39A5ADC5E8032C1
Q145,C000_fixed_order_equal_budget,C000,qwen:F00_Full_NoShape,correct,1,1,1,1,1,1,easy,0,work_orders,aggregation|filter,14B89DCDF5DBDF69FF06F5F9E16772F1A7B121998E1606A24B1BFDDCA01788B3,390831F1EC845FD04FB6ED5180DEF1CD8E9AE34C33AF169FA6EBB1A570445133
Q146,C000_fixed_order_equal_budget,C000,qwen:F00_Full_NoShape,correct,1,1,1,1,1,1,easy,0,work_orders,aggregation|filter,E73E10E8282B8C6B34680051CA2C9924F9C0E93AA2FBFD875923BDEB472D3C3B,61E87A91BF90AB9EADE434A189C56C88D06CAD7FDA382159B09FE7AF41EC44C6
Q147,C000_fixed_order_equal_budget,C000,qwen:F00_Full_NoShape,correct,1,1,1,1,1,1,easy,0,work_orders,aggregation|filter,4A09463D9486D00C68693F7C0F0AF59459E8A9FBE181CC59CB2D846D3B00B9CD,D02E0B94F1FAFED7347DC9D315E1493221E0DCE9A51FCF196D18A09C6418EAD8
Q148,C000_fixed_order_equal_budget,C000,qwen:F00_Full_NoShape,correct,1,1,1,1,1,1,easy,0,work_orders,aggregation|filter,CDB9CE1FC96A875C6715D0B0770F8639F300635064AE8BB47A14D43E89199F59,8F37A6BBC57A9825403293988A515C47DA291EED8AADE2FCAF6A6FA4998FAD9C
Q149,C000_fixed_order_equal_budget,C000,qwen:F00_Full_NoShape,correct,1,1,1,1,1,1,easy,0,work_orders,aggregation|filter,C15AAB416DBE8E95D9FD9F478B2F69C4C7E3D39C9060C42D1FD747B7C2124427,F43EC400DA2637333871AA585B3216D15ABF981E6DC60573E2ECE02411DC990E
Q150,C000_fixed_order_equal_budget,C000,qwen:F00_Full_NoShape,correct,1,1,1,1,1,1,easy,0,work_orders,aggregation|filter,9D947FC35B61A0F2E3EA6B433D97E0E5C03521EE1FB49EE648CA5FD5DDDB7CCC,A16707C49CBCAB649D990DD702407BC2DE34480945F2A11209859729D2A023CA
Q151,C000_fixed_order_equal_budget,C000,qwen:F00_Full_NoShape,correct,1,1,1,1,1,1,easy,0,work_orders,aggregation|filter,7F9489F9D2CAF402EF4D3AAD3CCD7BBB23A4D0D49DA769C9851EBFF05CE0794A,126170C47D2E3CA0EDC2B42E5ADF7D6C5157F26609EF764DB5967463075273BB
Q152,C000_fixed_order_equal_budget,C000,qwen:F00_Full_NoShape,correct,1,1,1,1,1,1,easy,0,work_orders,aggregation|filter,BF74327386B4F5BF9D78008D739EE979511082DFD657DAF59CF9BF2C96745F64,A06525F506CC29B994A1BFC5C4AECB3487B191266155C52478ED43FE3D6DE29D
Q153,C000_fixed_order_equal_budget,C000,qwen:F00_Full_NoShape,correct,1,1,1,1,1,1,easy,0,work_orders,aggregation|filter,15CC25CEE0E87EC6A6B89E4314BF30F19B6F74198D4FD17A366968B4A0024389,A83E9A730A6AACC9B9088F9771B13AE621E1A63421E10E4E21794BC6AD71F579
Q154,C000_fixed_order_equal_budget,C000,qwen:F00_Full_NoShape,correct,1,1,1,1,1,1,easy,0,work_orders,aggregation|filter,EC1F76CBAC83B49DEDAB06BC020E2C9A55FD415BAB3B77B9FA2037CA66389324,2A59F0DEFDEC674D7BDEC673A9496EE1EB5145624AE7E7C0BE4AC94C13945CC9
Q155,C000_fixed_order_equal_budget,C000,qwen:F00_Full_NoShape,candidate_shape_mismatch,0,3,1,3,3,3,medium,1,technicians|work_orders,filter|join|order-by|time predicate,EA905C67B8493C9307561A1585B2ECABA6409F349BC73E474B4B4696BC6EF221,062CE20811406347D151CA4E22DBA322D05D1B3825E324112DB9CE764FDA29C3
Q156,C000_fixed_order_equal_budget,C000,qwen:F00_Full_NoShape,candidate_shape_mismatch,0,3,1,3,3,3,medium,1,technicians|work_orders,filter|join|order-by|time predicate,6C5E4F8646BC20665852EABCC34F3BAC018D5D857992757302799ABE4BCC2348,6DCF0711BBC668B378E362161CE11344D5B35053FB035999AE360B3E1F2231C4
Q157,C000_fixed_order_equal_budget,C000,qwen:F00_Full_NoShape,candidate_shape_mismatch,0,3,1,3,2,2,medium,1,technicians|work_orders,filter|join|order-by|time predicate,807BD6080F9F2BDA98EDB77EF74E0D9DF60A32E365BFA88FC5BE7427908CE7DE,FB6D8E9E5CA84C5904616D21D33DC95BB0A110D2A95408404D409B67616B3823
Q158,C000_fixed_order_equal_budget,C000,qwen:F00_Full_NoShape,candidate_shape_mismatch,0,3,1,3,2,2,medium,1,technicians|work_orders,filter|join|order-by|time predicate,AFAF8B98087C7E2759622D40124C5B5A448968A6DB241A048BAD799236FC3044,6B05DC20B411F54AAA4035EE49263BDEE0BEECBBD589739B735C27A8DCC4248F
Q159,C000_fixed_order_equal_budget,C000,qwen:F00_Full_NoShape,candidate_shape_mismatch,0,3,1,3,2,2,medium,1,technicians|work_orders,filter|join|order-by|time predicate,BA8ABAB6498FAF7D0AB1D1D230096671455921A99B029880E74CF28DD5B84308,7109EB7A63ACB3C165C8BB10379E0A025AE31BFF7200F2153763B20B858CFEE4
Q160,C000_fixed_order_equal_budget,C000,qwen:F00_Full_NoShape,candidate_shape_mismatch,0,3,1,3,1,1,medium,1,technicians|work_orders,filter|join|order-by|time predicate,5BC63FF72FFF84240C8DBC5D4DF7575C18CFBC20676764BF4A8613151233B8D4,247F64B9CC969BE0FF0892AF528AE7AFE444EAFFD19D28346A343A540BB0C620
Q161,C000_fixed_order_equal_budget,C000,qwen:F00_Full_NoShape,candidate_shape_mismatch,0,3,1,3,1,1,medium,1,technicians|work_orders,filter|join|order-by|time predicate,0137F0C64FF13C69E7E66ACEF5FA91C9006FBA050D778EBAD597569CFC3AE1C0,920742F6A541EF4F368A8CF8A4E81F81E561FCF34A80C168B5320E37DE422F27
Q162,C000_fixed_order_equal_budget,C000,qwen:F00_Full_NoShape,candidate_shape_mismatch,0,3,1,3,1,1,medium,1,technicians|work_orders,filter|join|order-by|time predicate,27078B8B0702A82740E7CCD15320130D600A59E8D6D5985F22971E78B2B65118,34F60EDE10AD27A162D4476A2999FB624150CD870349CF1DB8ADF95733ADB63C
Q163,C000_fixed_order_equal_budget,C000,qwen:F00_Full_NoShape,candidate_shape_mismatch,0,4,1,4,2,2,hard,1,assets|grid_topology,filter|order-by|self-join|topology traversal,89E4F95E8C6ACDE52620F2754F1E95D96684485B542D6FC4747A683948B6D8C2,25E50AD78502AE74A88196E85FC5B04BB17EBF7C044A0F4DDB8BE7EFC41A7544
Q164,C000_fixed_order_equal_budget,C000,qwen:F00_Full_NoShape,candidate_shape_mismatch,0,4,1,4,1,1,hard,1,assets|grid_topology,filter|order-by|self-join|topology traversal,06B4D01085B713C97C0688460B870E4C63A14D55347E563D19B60538CC4B74F3,24343308951D9A4AD15EA16AED4C1111DEA20F71C709560A1A63C993D7856E40
Q165,C000_fixed_order_equal_budget,C000,qwen:F00_Full_NoShape,candidate_shape_mismatch,0,4,1,4,2,2,hard,1,assets|grid_topology,filter|order-by|self-join|topology traversal,88C1ED88945BD4B5618E5C451DBE1E0128DE3BDBCDE0AF5ED34DD388D7E06F46,1AA1604E51FB7FBACDC0F9CD0C147F0969E26C045A6582B8B193F8626030BEDB
Q166,C000_fixed_order_equal_budget,C000,qwen:F00_Full_NoShape,candidate_shape_mismatch,0,4,1,4,1,1,hard,1,assets|grid_topology,filter|order-by|self-join|topology traversal,33843AC1FF7D1A228A741E7A62D39DE3EAE6F00C8994AC0FF128F0DE15BBCE3D,78C08665536FD82F0BB63C2D88909519E4E43FC25ED33C6E46137CF02AC686B0
Q167,C000_fixed_order_equal_budget,C000,qwen:F00_Full_NoShape,candidate_shape_mismatch,0,4,1,4,1,1,hard,1,assets|grid_topology,filter|order-by|self-join|topology traversal,0D4D9A3EA5375D6389F9B6B2DB446C928948C14D72FE342A9185368A88B14B6B,1E4FC9DD39EF57631E9B8DE55D11073E1ED623CEFE82A9BFCD07854B13A499A5
Q168,C000_fixed_order_equal_budget,C000,qwen:F00_Full_NoShape,candidate_shape_mismatch,0,4,1,4,1,1,hard,1,assets|grid_topology,filter|order-by|self-join|topology traversal,208953B2192650D17AD0CFE339EE58484AEFEDBF853402165378C8FC752BB63A,23548329609A5AAB25EA63FAC74151F5E12AB062172F1F2941A475D547C8229A
Q169,C000_fixed_order_equal_budget,C000,qwen:F00_Full_NoShape,candidate_shape_mismatch,0,4,1,4,1,1,hard,1,assets|grid_topology,filter|order-by|self-join|topology traversal,09E9DDB0809884427DC05F49F1171110CE35015928FF7F4D371E889EE145EBF6,CD7DEE4A8CD4D34D8182656ED8B8B804E2FB847D9A87EBB4DE189B88CCFA95F2
Q170,C000_fixed_order_equal_budget,C000,qwen:F00_Full_NoShape,candidate_shape_mismatch,0,4,8,4,3,3,easy,1,work_orders,filter|order-by,F17E88597773BDB3B61823853EB76944E9CDA54AB449C34DD621EBB892B03C31,9B7C311EEAB47AA56F563E23732784E6F465A71E4F47F0BE48002F605883C7D4
Q171,C000_fixed_order_equal_budget,C000,qwen:F00_Full_NoShape,candidate_shape_mismatch,0,4,8,4,2,2,easy,1,work_orders,filter|order-by,0192E85D3EBD600F7315C54B2291914BE485E564F56BDA05D43EB4A8E1F8D18F,844EDC49F7A38982CF8AD0B041D6DC6D095877F633AF52344098008FC3A4C348
Q172,C000_fixed_order_equal_budget,C000,qwen:F00_Full_NoShape,candidate_shape_mismatch,0,4,8,4,1,1,easy,1,work_orders,filter|order-by,8021FC2FBDC85A82C2E2F84939522A17A0B902863197E83399101ECAF68CE29A,4D4E7AA98D6EC5812C22119C7899C87B69FC97F7A572C809C4BEC64D0C7265AD
Q173,C000_fixed_order_equal_budget,C000,qwen:F00_Full_NoShape,candidate_shape_mismatch,0,4,8,4,2,2,easy,1,work_orders,filter|order-by,64FD877C8399C2B600BFF0DACFB27522518B0C5F84F20AF965A5D119169BFD36,CB010710A9965B256BD2BDAA71AF8B3CA3EBF649A754731CCB1CE356AD6C0908
Q174,C000_fixed_order_equal_budget,C000,qwen:F00_Full_NoShape,candidate_shape_mismatch,0,4,8,4,2,2,easy,1,work_orders,filter|order-by,3A527A0AE7EEA773E470E2C1F7AE2F0E26D55A04275AC3C0E2671DADB993AEC0,23308ACB2435B92AF81B85E120A177C950FE3E25BC5714691826DB364C70788D
Q175,C000_fixed_order_equal_budget,C000,qwen:F00_Full_NoShape,candidate_shape_mismatch,0,4,8,4,1,1,easy,1,work_orders,filter|order-by,D9C2228451A4298C58C9125FC7D4C5E8645040B70FC184A543FA46370705DAD1,6D6450176EC9584C7E4A6FAD27AE50AFF27DA6820B61256BCBDCF1C25147B608
Q176,C000_fixed_order_equal_budget,C000,qwen:F00_Full_NoShape,candidate_shape_mismatch,0,4,8,4,2,2,easy,1,work_orders,filter|order-by,6B5DBDEBC5881594133AF026F8FAEC16CB2447471055E7CB164276ADA9EF4022,5BF700F629F5C03DD89F4DFE573E51E3842E624C2EFB6E70AF7C046B49D57A4B
Q177,C000_fixed_order_equal_budget,C000,qwen:F00_Full_NoShape,candidate_shape_mismatch,0,4,8,4,1,1,easy,1,work_orders,filter|order-by,8D43202B8F7A01D9D6EED6A5CBB144728C69BD130140D14D687CB9D11A5DCA50,79BFDB10B9BB031FD2889DFCA3C94F7332770252CC15465B3D37207F9AAD157D
Q178,C000_fixed_order_equal_budget,C000,qwen:F00_Full_NoShape,candidate_shape_mismatch,0,4,8,4,1,1,easy,1,work_orders,filter|order-by,62BD2825F4B0556EAA98A275B3E842DB17A09FA7620C08B2566A692DB287B103,CE5977974313A0E798D09744F8FE4FEAA958C0F2287C43B4CC8B69292DC6101B
Q179,C000_fixed_order_equal_budget,C000,qwen:F00_Full_NoShape,correct,1,1,1,1,1,1,easy,0,locations,aggregation|filter,AA8F8DF11BFDDCAD8828776EEEFBDB7D2031DD3073C621984281D99B4FDF4A4D,F0ED8EA714C8C0B275180E9FE64FAC0C47F5D8F5AF0C098B34C57957C468FF55
Q180,C000_fixed_order_equal_budget,C000,qwen:F00_Full_NoShape,correct,1,1,1,1,1,1,easy,0,locations,aggregation|filter,BC12A70CE4C75F6663ACB5D762E7E2A9A2CE1A37650E7763F990FA4F2AEF37A9,A81C2E54E08F172544EB63242B016F9D2C4E951F10D2F903E3A18C7549C9D289
Q181,C000_fixed_order_equal_budget,C000,qwen:F00_Full_NoShape,correct,1,1,1,1,1,1,easy,0,locations,aggregation|filter,AB55D0A587418E239FA6DE42F4C04E2E510233171A514E5A0660A42B4F806566,D30540D8BBE3F71B6F9F61D1E657B286E4509F85FD7DF16F841DEA90F15893BA
Q182,C000_fixed_order_equal_budget,C000,qwen:F00_Full_NoShape,correct,1,1,1,1,1,1,easy,0,locations,aggregation|filter,654F71BB092A8B5A303B1FB198E73AB3A54F3B47572E1E9B463DD889460772D8,48DC7CD04363C88A1964AFD28EBDDD1B5277C2D47D156F41A2593149CACB335C
Q183,C000_fixed_order_equal_budget,C000,qwen:F00_Full_NoShape,correct,1,1,1,1,1,1,easy,0,locations,aggregation|filter,993E8D50374913818CEC67FD511C8A1FF569FBBF0B9C3FBA2C8FAED937BD8462,02CA04C452E0647DCB9DF1AC775A4E0BC5FD95B31FC68274B197A8AFD56F3F65
Q184,C000_fixed_order_equal_budget,C000,qwen:F00_Full_NoShape,correct,1,1,1,1,1,1,easy,0,locations,aggregation|filter,5A16BF0F42FDC7ADD4AF17FDD92DAFC78782875D6DEA43B25FDBC02755278834,22E8D870E63990E136AF70B49847EE94BBA6FED442B882BC29FB0E74533E1530
Q185,C000_fixed_order_equal_budget,C000,qwen:F00_Full_NoShape,correct,1,1,1,1,1,1,easy,0,locations,aggregation|filter,CE1CB6B18766FEE985D6C909EB564297FDD36795175A8474ED6953B673FC1A96,007653CD612C66C0D918F9E160FE50EFB94CC966CE71B3FB2A4B392A146A8BF1
Q186,C000_fixed_order_equal_budget,C000,qwen:F00_Full_NoShape,correct,1,1,1,1,1,1,easy,0,locations,aggregation|filter,CD472F706F6C576749C620A567930A9B9EE3FE98E515BCB3739B9F43E25207EB,98115A9FDA686A9542013FAC0F706BE730B9F4C123DBEAF5F90A8214FD97CC09
Q187,C000_fixed_order_equal_budget,C000,qwen:F00_Full_NoShape,correct,1,1,1,1,1,1,easy,0,locations,aggregation|filter,52AF3CE3C43E8E45F6ABB1702C20BA4574CE90CD02B83CB1B6B15C9E6B72CFC1,9374C143E83E0B3E14D14B3A4E5233D9306CD3306CEEB84147F1198AF7A1976C
Q188,C000_fixed_order_equal_budget,C000,qwen:F00_Full_NoShape,correct,1,1,1,1,1,1,easy,0,locations,aggregation|filter,6892D06CFBBDFBDE563CD3A58B2C7667096105B300E66C4EEA0518B78700EAE3,AAB780DCBD5F0DF417C342643DC86D142939AF166FF7722A1B3FB85C98A7F7B7
Q189,C000_fixed_order_equal_budget,C000,qwen:F00_Full_NoShape,correct,1,1,1,1,1,1,easy,0,locations,aggregation|filter,F2CE65D2FE8848AB17606F18C8978572195F39C1C43D5BD4B27979E05C6CE5F3,D98E61AC2461FE884779A2E33AECB2CB6135A4C8FB7F1BFCFCDF4DC5D9D20A63
Q190,C000_fixed_order_equal_budget,C000,qwen:F00_Full_NoShape,correct,1,1,1,1,1,1,easy,0,locations,aggregation|filter,E1D296B456F764ED296E5E70CC6ED6613B245FCAB0B7CF423583445982A7FE90,EFD24C88124419AB6CFA9A484FEC049649216A426B7E851C7538E888E304BEE6
Q191,C000_fixed_order_equal_budget,C000,qwen:F00_Full_NoShape,correct,1,1,1,1,1,1,easy,0,locations,aggregation|filter,A9ADC480ED6ACC5E2CF61A5F67275B3F4FFC6F14AF3AC2A1BB2B5380C3D41C94,6C2A0BA4FA1FE1628C3F46CD680122170923AC74A025001C2472497F11C68272
Q192,C000_fixed_order_equal_budget,C000,qwen:F00_Full_NoShape,correct,1,1,1,1,1,1,easy,0,locations,aggregation|filter,A958C553D83C959AD63491836B17167B639C3565BCE6F2621F8C7DA7F7F08A1D,C364D4375957255449638F890940C6CDE4EA6BF3B7A4BCB04865B28AFD6DF22B
Q193,C000_fixed_order_equal_budget,C000,qwen:F00_Full_NoShape,correct,1,1,1,1,1,1,easy,0,locations,aggregation|filter,913EAB7DBFB9690500BD8983086D605F1B8604B57918A6BE8C8607202E59CA52,38B2E194AC2954E898AB8FCDF984D782966CD14D9DA136FF01B7B47088244BA6
Q194,C000_fixed_order_equal_budget,C000,qwen:F00_Full_NoShape,correct,1,1,1,1,1,1,medium,0,asset_types|assets,aggregation|filter|float|join,6D8922ED0FF0C10AA73A1BF46D13442EA0851729ED1429637CB28E2DFF0E73D8,6BB25D93830DFB3D0C3CD2BF041F9E80922B66BB6DA70F723325F5241D3924B0
Q195,C000_fixed_order_equal_budget,C000,qwen:F00_Full_NoShape,correct,1,1,1,1,1,1,medium,0,asset_types|assets,aggregation|filter|float|join,0D915AB06CD6CE9D0CA004D764D4066219B35DF2F8ADCFC2E3F2C70A9CE7BE2B,63AD961D29BC7CDD5C8867E491EB6D094E9D2BFB142D594AB3A58921F30394A4
Q196,C000_fixed_order_equal_budget,C000,qwen:F00_Full_NoShape,correct,1,1,1,1,1,1,medium,0,asset_types|assets,aggregation|filter|float|join,A286A1619586B7121D73F35C2C3E5000AB5F0E0CA005CE77248AEE39D1EB3B22,12D9A956469E8B9A07CE652EEB0C29A2EF5322DA2D3E2C50FCD0B5A954BBF5B2
Q197,C000_fixed_order_equal_budget,C000,qwen:F00_Full_NoShape,correct,1,1,1,1,1,1,medium,0,asset_types|assets,aggregation|filter|float|join,D1FBFCD014866511809814458DE4BDBE9279C47E2A4E37902271EC0A98161607,2BAA500471E7659AEEC8CB26FA6EFF1565751D8F7AB8B43DCE976C15418A8211
Q198,C000_fixed_order_equal_budget,C000,qwen:F00_Full_NoShape,correct,1,1,1,1,1,1,medium,0,asset_types|assets,aggregation|filter|float|join,AE09258AD728B4D71EDEB716F7CEE820B8CD3B3495B12EB9498D587701BD9D9A,196985D54C20EA79FAACCBE0C763EEA9B4ABE2DDD16E2DF27A89CEEAE620383A
Q199,C000_fixed_order_equal_budget,C000,qwen:F00_Full_NoShape,correct,1,1,1,1,1,1,medium,0,asset_types|assets,aggregation|filter|float|join,7B2DA989F3AE6B612B21D2949EAB745BC10E0DEE95D6C1CEC9A20E9DB714B393,084AAE6809FB4DFCC9D03C63CADDC4AB8F8FD07C6DC079A0A20DF9DA21208BE1
Q200,C000_fixed_order_equal_budget,C000,qwen:F00_Full_NoShape,candidate_shape_mismatch,0,2,1,2,1,1,hard,1,asset_types|assets|sensor_readings,aggregation|filter|group-by|join|order-by|top-k,8AD3DAEE0C9F7CF72B0C304F46A9AB95E71343A974FB0648CD3FE978FDA3E45A,B48776A52748FCB7300FC3FDE5674B5984B47ACA419F9E29A4DCF675167ABC66
Q021,validation_rank_equal_budget_no_cf,C000,qwen:F00_Full_NoShape,wrong_denotation,0,1,1,1,4,4,easy,1,assets,filter|order-by,55F81C1AC873F824F3F76FD7C83D25F164EC941CF33550C2FBC69A3A03FF9FC9,2198EFD31F4C3DE5080570F611B43AD0FD7047E848954219E9DF97A9F827C3E9
Q022,validation_rank_equal_budget_no_cf,C000,qwen:F00_Full_NoShape,correct,1,1,1,1,1,1,easy,0,assets,aggregation|filter,D5B25E0025DA4D497DFAD3F205ED0B4E4F4CD5CE017B4F3B94EDC70D69E6D260,F914A2E6E9F067B567649ABA758F096EA3A1E1CB3DDBA17C382A290B9FAF9918
Q023,validation_rank_equal_budget_no_cf,C001,qwen:F01_Full_WithShape,correct,1,2,2,2,5,5,easy,1,work_orders,filter|order-by|time predicate,A3CF7F09130487231B268166416C9FB2CA967AACD2D4999722A8B0C537CF7EFA,6AEE6CD3B4332E230E2EC8E78C68AF1603299CB113A49F873577585A88EDA5B8
Q024,validation_rank_equal_budget_no_cf,C000,qwen:F00_Full_NoShape,candidate_shape_mismatch,0,2,1,2,1,1,easy,1,technicians,filter|order-by,2AE3589C13C9DC755D9F6447FFE778FFDFF8731E2DD17FE1C23BC5ED4E9112E2,4DADD9D2866A7A9EC4CBB9FAB5589851F68C40BE4C9D59E9E3E90DD6C7076DD4
Q025,validation_rank_equal_budget_no_cf,C000,qwen:F00_Full_NoShape,correct,1,2,2,2,3,3,easy,1,assets,aggregation|group-by|order-by,B9841C8D7B849E587E0CFD4642C36998AFDD4A272DF44BCB292E012BA0848DF7,D29EAC989EAFC3E63F7500F3A9E98EB1F15184AD32C402196341AE3DE68CE4BB
Q026,validation_rank_equal_budget_no_cf,C000,qwen:F00_Full_NoShape,candidate_shape_mismatch,0,2,1,2,2,2,easy,1,asset_types,filter|order-by,226AF37AD6E8A2CE7AC120E91B4FC54BD90E09A19555E1AB88607FEF655EB110,B7640EEA33B19B3250A81ABCD2181F399349D39D3542338A50610A754D221E5B
Q027,validation_rank_equal_budget_no_cf,C000,qwen:F00_Full_NoShape,candidate_shape_mismatch,0,2,7,2,3,3,medium,1,technicians|work_orders,filter|join|order-by,9C20BA2C46DD30626D4053DBE7C59E8BF338BDB80A8FE4AF36ECBE38D2CDB1E8,1A4BE67B2091AA4AC2EF17CC24EB74DB5413795CF480B725012D3E636586D7BF
Q028,validation_rank_equal_budget_no_cf,C002,qwen:F10_Compact_NoShape,correct,1,1,1,1,1,1,medium,0,asset_types|assets,aggregation|filter|float|join,46009CFBC3C1549CF09CB52ACC980C946A1086BD89D560C146A18673F2241D31,54DDECAFAC5EBB954C06CEC98597A00BD698E828637CBF6D38BEFEAB15B75DD8
Q029,validation_rank_equal_budget_no_cf,C000,qwen:F00_Full_NoShape,wrong_denotation,0,2,2,2,11,11,medium,1,assets|locations,filter|join|order-by,5A93FF98B6D1F0FFB664872E1644859C892B902F1B590F8A35269FB7FC161530,BBA836A5D8C3143D2E60FFD9DD3BEC47B774DBF87559ED3439AF15FA16EB0FF1
Q030,validation_rank_equal_budget_no_cf,C001,qwen:F01_Full_WithShape,correct,1,3,3,3,3,3,easy,1,work_orders,filter|order-by,2A1E4E60B4A24E54BCE4125A0A1C839E6D0884F564C6332093253FB180F651DF,2A1E4E60B4A24E54BCE4125A0A1C839E6D0884F564C6332093253FB180F651DF
Q031,validation_rank_equal_budget_no_cf,C000,qwen:F00_Full_NoShape,candidate_shape_mismatch,0,3,7,3,4,4,easy,1,sensor_readings,filter|float|order-by,4F40CC637421660CC6C2DB044AE25D3D3708B51929EA5B5163D150E040A2488C,5AC44A498A70D6929187195C8CBD762C06CDF8B3457E1BAE0FCA1A60940AE06E
Q032,validation_rank_equal_budget_no_cf,C002,qwen:F10_Compact_NoShape,candidate_shape_mismatch,0,2,1,2,5,5,medium,1,assets|locations,aggregation|group-by|having|join|order-by,584D50F7E13B8E2E488CD0421F44F7F71B89ACAD49225E250D47CFAFDEDA9CB4,5AC2DBED21AC5DBFE77961A6BC95DE4DDCD8B93728801304EC44E60A601F0F9D
Q033,validation_rank_equal_budget_no_cf,C000,qwen:F00_Full_NoShape,wrong_denotation,0,2,2,2,4,4,easy,1,work_orders,filter|order-by|time predicate,3DF67A263C5983BECF09C1AD45E68AB22F9EB292370E60328B38A5C691F2AAD7,98CEC50EB6962A60F1AED8C1718E6A1D5E8B8CC51C7BA9A0414BE6C5E27BA955
Q034,validation_rank_equal_budget_no_cf,C000,qwen:F00_Full_NoShape,candidate_shape_mismatch,0,2,1,2,5,5,easy,1,assets,filter|float|order-by,6995A1B929C3E2A14C9E6802B1D8B03B6800A464EF7572C5FA12AF6D738A9DB4,09483B77157245C6C5E9BE1610FE8B3DCE75A48D699D70318CA8EE18F9086F5F
Q035,validation_rank_equal_budget_no_cf,C001,qwen:F01_Full_WithShape,wrong_denotation,0,2,2,2,3,3,medium,1,maintenance_logs|work_orders,aggregation|filter|float|group-by|join|order-by,7C04532D0823A668A6F419D2918BEE38C830A1FB959F4751630EAE97EF9A4215,5FD52A03AE98A268E5699C1401991628C1D6D6181E4988438C7F336F0E4D737F
Q036,validation_rank_equal_budget_no_cf,C001,qwen:F01_Full_WithShape,wrong_denotation,0,2,2,2,1,1,medium,1,technicians|work_orders,filter|join|order-by,485416E479B15BE12FAEF2CAD783F555E89DDEE846B94DD1AE25E4277D5DE5B2,B2B351D2DD6E4445AF79275FA0F5DA3CFEF62F36CB190170F6DE6E7B351B7943
Q037,validation_rank_equal_budget_no_cf,C000,qwen:F00_Full_NoShape,correct,1,1,1,1,1,1,hard,1,assets|grid_topology,filter|order-by|self-join|topology traversal,CE3C86125B16A6F2E2B56CDF5047F44B705B1EB7F4F08816D29EBC4E8F15CA53,B045E4DE9620345D0E575188F60F3F6D232B47BAFC5F7586F3FD9766816C2247
Q038,validation_rank_equal_budget_no_cf,C000,qwen:F00_Full_NoShape,wrong_denotation,0,1,1,1,11,11,hard,1,assets|work_orders,filter|nested query|order-by,76B62188F154BF5BCCF9180D43D86556169C1FA9D94EBEDB2F9F693D2091EF3D,72E745C00A0F58ED2EDD21C2568B8982DD5E2407D404BD000443DEDBCA4ED63E
Q039,validation_rank_equal_budget_no_cf,C000,qwen:F00_Full_NoShape,candidate_shape_mismatch,0,2,8,2,1,1,medium,1,work_orders,filter|order-by|time predicate|top-k,20601207388674D7452BCA305221E387B4ABCA7745A0BA116DB54A7258305244,B4CD6C00B5DAE5EFF3C6B878426C218E13A252D8819B0FDB38635CF71DF1F323
Q040,validation_rank_equal_budget_no_cf,C000,qwen:F00_Full_NoShape,correct,1,1,1,1,4,4,easy,1,assets,filter|order-by|pattern,1FA85AF6E42E0D1C18467A7950905899973454812FFB027B69BD43401222913A,8EBE89272A8ED2BDF4276016C69C61E8BA0E215B91DD36A99CCD76381F585F64
Q041,validation_rank_equal_budget_no_cf,C000,qwen:F00_Full_NoShape,wrong_denotation,0,2,2,2,8,8,medium,1,assets|sensor_readings,aggregation|filter|group-by|join|order-by,10C959D5D4277B44A07984A0081AB690826183846B55A63BEC29C775E8C042AA,3D6D3DCFA6005C015C82447250648EBE4E3D2C89437A232DCA907B5E432725FE
Q042,validation_rank_equal_budget_no_cf,C000,qwen:F00_Full_NoShape,correct,1,1,1,1,1,1,easy,1,asset_types,distinct|filter|order-by,5DF81763AB43FE8D0A8244FB132469F12FBEEB6D197A9F123AC21BB7B9B1E059,3D176D0A46AABD8359DC958BE56505456BC95FDEE7BECBE95F1CE0C86774A88C
Q043,validation_rank_equal_budget_no_cf,C002,qwen:F10_Compact_NoShape,correct,1,2,2,2,3,3,medium,1,asset_types|assets|locations,filter|join|order-by,89093F10AC212AF2E4766DD9D8158618BF38AB50F485DC98046ECEE7D183F974,3033FB90E3C88DD14F28CAA9D7404B3EC148B8C301D11B44A42DCFFF2AC7CFF8
Q044,validation_rank_equal_budget_no_cf,C000,qwen:F00_Full_NoShape,correct,1,1,1,1,1,1,easy,0,maintenance_logs,aggregation|filter|float,61982D1BF4E753A85EA2860ABB52A111F2088286249732DE05BAD0B61A5DBF31,2ADB7284D4D878BA558B1AA913DB7A45F11D6E4E96D82B9B24C31B31A8CD997A
Q045,validation_rank_equal_budget_no_cf,C001,qwen:F01_Full_WithShape,wrong_denotation,0,2,2,2,1,1,medium,1,asset_types|assets|work_orders,filter|join|order-by,825E39A0941F91D522B828AEBD3AC84E04A6A2288D87D489D7B7BD55A6BBBFEC,C96A6B040E2AE08507B988B863FA1F08DA2A76E2679F16FB276DEB323238B8FA
Q046,validation_rank_equal_budget_no_cf,C000,qwen:F00_Full_NoShape,wrong_denotation,0,3,3,3,3,3,medium,1,assets|sensor_readings,filter|float|join|order-by,7889573301DE0C0CCC24808B24B1975CAFD7888A206F0E012DA90157B6CA199B,692D6D9F23FE1084D1FEA9495BEE1D8809875B8893DA96A93EF414656FE34C59
Q047,validation_rank_equal_budget_no_cf,C001,qwen:F01_Full_WithShape,correct,1,2,2,2,3,3,medium,1,asset_types|assets,aggregation|group-by|join|order-by,ACC0EBFE30736C2475D96729C3EEBB5C6835946239C0B9457AF89D14D418E68B,39F74338A2111F1EF34E04009D586A004D16B93BB80B956F375D76FC7972316C
Q048,validation_rank_equal_budget_no_cf,C000,qwen:F00_Full_NoShape,candidate_shape_mismatch,0,2,1,2,5,5,easy,1,assets,filter|order-by|time predicate,0ABC2C166687493717CE928F1B6D5A7556795B3C6798415C98ABF6DE49303CC7,790D535AA128B306F6ED938E9B2A5718BBA0EC628B2242375539FF7846C52141
Q049,validation_rank_equal_budget_no_cf,C006,granite:F10_Compact_NoShape,correct,1,1,1,1,1,1,medium,0,maintenance_logs|technicians,filter|join,2DBA2BFFACC21CE0678254F22D9BE0C0000640E9D31424CFCEF90D630864176D,EE416EF7F4C0E0F5585050A84A1C02C05AFFA18D60380281ADBC92E3FF62F8AB
Q050,validation_rank_equal_budget_no_cf,C000,qwen:F00_Full_NoShape,wrong_denotation,0,3,3,3,5,5,hard,1,assets|grid_topology,filter|order-by|self-join|topology traversal,12CB226458D546A7B4C5A7D6A29425874AEEB0B789550258E636B5ED90A7D052,1F3AE954A1BCAB25CEB1EC2272A14D51F35A6474CCBF8D48287C845763F751AF
Q051,validation_rank_equal_budget_no_cf,C000,qwen:F00_Full_NoShape,candidate_shape_mismatch,0,2,1,2,1,1,medium,1,maintenance_logs,float|order-by|top-k,6CD5BFC27832530426B70871A322FF87238E9495F3AFA1785990C7FD1A5667D8,8186C9B7C74D7153D2A3E5364F5AD2ABC02DA97A428E332303F868640A96606B
Q052,validation_rank_equal_budget_no_cf,C000,qwen:F00_Full_NoShape,candidate_shape_mismatch,0,2,1,2,3,3,medium,1,asset_types|assets,filter|join|order-by,632246FF949883071FCD494742F01F1444620DE4AE7BE8858BEED5B39D77738D,85DF82AC2ABE10DD5ED6C6D984D4D687FE6CE678589BC733F59070004B547B73
Q053,validation_rank_equal_budget_no_cf,C001,qwen:F01_Full_WithShape,wrong_denotation,0,3,3,3,2,2,hard,1,work_orders,filter|order-by|scalar function|time predicate,CDBF0294517DF95FBEAD023FE07AD1CCF2D9415FFD4025EEFE389D0C924F9271,3EAE7BE8AF8CF36D1703C80633D8B0CE6180A8A5F4FF5EC524C2106E40CEDDF5
Q054,validation_rank_equal_budget_no_cf,C000,qwen:F00_Full_NoShape,correct,1,2,2,2,4,4,easy,1,sensor_readings,aggregation|group-by|order-by,0209579551C7C143494FC829E3BB901AC7C119B99EA9A1E1DFA4779AF45B9E4E,D8B52409C7C001AEAAFCE4E0ABE9E04718FC18D305762DFDF40537090C9269BF
Q055,validation_rank_equal_budget_no_cf,C000,qwen:F00_Full_NoShape,wrong_denotation,0,1,1,1,2,2,medium,1,assets|locations,filter|join|order-by,22ED189C6D32113248D61E534405B59ECFDBDECDF0ED9E6236EEB4C0F6F10600,D415506393250DA3C55B5152424D2C8CE60A8106C2C445DD502A049F00EB2C79
Q056,validation_rank_equal_budget_no_cf,C001,qwen:F01_Full_WithShape,wrong_denotation,0,2,2,2,15,3,medium,1,technicians|work_orders,filter|join|order-by,F2B48E838B6C7B2F5C6085A9499A9AD95CA3CEE6191C0F2A2B9BD16EF1605E04,4289E1781826F34A34DD523F831378B0936CB18EE72A25056922A9ABEFF7589F
Q057,validation_rank_equal_budget_no_cf,C004,granite:F00_Full_NoShape,wrong_denotation,0,1,1,1,1,1,easy,0,sensor_readings,aggregation|filter|float,A7CCD32E9F35D430FE4A98F9E119F2D4C95E4F9F6A8CF180B7905BB3A8940074,E83BCDA26C405F53453C322BC9A153554DFB63AD0414921B833DAB23BFDCDA57
Q058,validation_rank_equal_budget_no_cf,C000,qwen:F00_Full_NoShape,wrong_denotation,0,1,1,1,6,3,hard,1,locations,distinct|filter|nested query|order-by,D7D55DE9664B26E85D0DECAB22188E5B54957F227752DDEC8578BB179B403DBA,117CE18E62A2C6F5B6F1A2D1049CA245877A54DEA51FF8654B501AA2147D96D6
Q059,validation_rank_equal_budget_no_cf,C001,qwen:F01_Full_WithShape,wrong_denotation,0,2,2,2,4,18,hard,1,assets|work_orders,aggregation|group-by|left join|order-by,F9C0625E7B780F927F78334FE29BB7395F5E37559B5860C784528EEF3D837B33,3DFAC6294FA48460FE07FC0DEED4527955CA9F7EA62EDB72EFEF66A5219701E5
Q060,validation_rank_equal_budget_no_cf,C000,qwen:F00_Full_NoShape,wrong_denotation,0,1,1,1,10,10,hard,1,assets|sensor_readings,filter|nested query|order-by,4311F9BF5AC5A005E8A014C1E2BC7B44FA89A1F92BAFBFBCF05AF9E9697FCAF8,8DFC0FBE8CC2393C9F4E29E4FCF12CC084574B2C95E1934AA8B0CF40486323AC
Q061,validation_rank_equal_budget_no_cf,C002,qwen:F10_Compact_NoShape,correct,1,2,2,2,1,1,easy,1,asset_types|assets,filter|join|order-by,8CFD528AA4D1A3ABFFF2CAA84A043C56D5581C335A96877B6B3F9642EDF3B35E,CB8A8CA90B5B5B65811AA50547961910F48DD4D22DC465C65D740863041AF421
Q062,validation_rank_equal_budget_no_cf,C003,qwen:F11_Compact_WithShape,wrong_denotation,0,2,2,2,7,7,hard,1,technicians|work_orders,aggregation|filter|group-by|left join|order-by,02080FB8AD3F628DADDEBA691E8C08ACA351C7C5C5A105733BDF75AF651EB57A,D5FE9AD86D37A053D4D7A70DB8044F96A7D0DA521ED50AEA86C7C4DE091EA3E1
Q063,validation_rank_equal_budget_no_cf,C001,qwen:F01_Full_WithShape,correct,1,2,2,2,1,1,easy,1,work_orders,filter|order-by|time predicate,DA53A3B5C972C7ADB9AD95333511781CC811BBBED4F0FB275D05CCFE5EA315F7,9BC61C0E25D15E080395150B61ED05DC6A342608FE1BCB66CBB3165CAB232AC0
Q064,validation_rank_equal_budget_no_cf,C000,qwen:F00_Full_NoShape,candidate_shape_mismatch,0,4,2,4,15,15,hard,1,assets|sensor_readings,float|join|nested query|order-by|time predicate,5DD5603BEDC0A83823087335F670348C09CA4710BE1F655ECE2EB83E0A7CAEAA,3668AF6F317F360422A127A07D15C6520B21A32029142BA9B9C9FF430E0EDC43
Q065,validation_rank_equal_budget_no_cf,C000,qwen:F00_Full_NoShape,wrong_denotation,0,1,1,1,4,4,easy,1,assets,filter|order-by|pattern,A0EB5B6158011E57C84403D46EF0E996EFD2435CA19368508DE43C3412F0E831,C5BD5C26B91224A6B61EF52388B9D8E6E901CB40A83BC61A526D27093BA499E4
Q066,validation_rank_equal_budget_no_cf,C001,qwen:F01_Full_WithShape,correct,1,1,1,1,7,7,easy,1,work_orders,filter|null|order-by,73EC29EE90BE10D52AF1B9A6E6637C370408ADF28CDE872950CF0721E464A6F8,73EC29EE90BE10D52AF1B9A6E6637C370408ADF28CDE872950CF0721E464A6F8
Q067,validation_rank_equal_budget_no_cf,C000,qwen:F00_Full_NoShape,candidate_shape_mismatch,0,2,8,2,2,2,easy,1,maintenance_logs,filter|order-by,1FC4330B0484D8DE75143CF1F872F5F37FA553644218E7208BB5908C81221515,8A3CA45B2951961D067C5F1853776756E2E634AFA005BD7DBA46152A8A26599A
Q068,validation_rank_equal_budget_no_cf,C000,qwen:F00_Full_NoShape,wrong_denotation,0,2,2,2,6,6,medium,1,asset_types|assets,aggregation|float|group-by|join|order-by,99C6C8200C6213230590869578A4A073C78CACC70DA2D13050C27CC96EBEE5BD,85CFEF7B936CE99C93FE7B3FA4D790D3A62A1C3610D4406C2FB446EF88721A92
Q069,validation_rank_equal_budget_no_cf,C000,qwen:F00_Full_NoShape,correct,1,2,2,2,2,2,medium,1,asset_types|assets|locations,filter|join|order-by,64FC04748004659A8E350648FEEFFCF71CD91C47004676D8C2A955E156423F0D,4C9A53FDA153DBC282E75ED5D8A8271290B409B3983EC5245A5A355FCD513F55
Q070,validation_rank_equal_budget_no_cf,C000,qwen:F00_Full_NoShape,candidate_shape_mismatch,0,3,1,3,2,2,medium,1,grid_topology,filter|order-by|topology traversal,8E6978330D07E8DA7EAE580E799EE5774BB30BF9DEB3850112A61E57A9096FE0,DE4AB58DD907088525A343A7DAEBD70C2E24266A926BA47803FD436F0A020578
Q071,validation_rank_equal_budget_no_cf,C001,qwen:F01_Full_WithShape,wrong_denotation,0,3,3,3,1,1,medium,1,assets|work_orders,filter|join|order-by,335B95A71827DDFC1678B93E953450739B35763E65246E953178D0E361D20368,E97FEB511A72F5242C5B426C15B5B68C0AC52AB5CFAA307E2F2BE34D1DCF1583
Q072,validation_rank_equal_budget_no_cf,C000,qwen:F00_Full_NoShape,correct,1,1,1,1,1,1,easy,0,locations,aggregation|filter,6CA07808FEA4556710BDA8FD4B1F1FD4B49212F172BE31673FC1B9B14D1F0256,95EAB691F3A87564414FB116CCC94458C67C735A9958F15C840959E7DB9879CB
Q073,validation_rank_equal_budget_no_cf,C001,qwen:F01_Full_WithShape,wrong_denotation,0,1,1,1,5,0,hard,1,technicians|work_orders,filter|nested query|order-by,F293D3EBC023CEF9E3176EFB9FBE17541EFB9AEEBF40298530BA4A9DB83F70F8,EA2420FEE687FD65F202317C768EA6E3DC6FD466407B8319A0595851D188137C
Q074,validation_rank_equal_budget_no_cf,C000,qwen:F00_Full_NoShape,candidate_shape_mismatch,0,2,1,2,1,1,hard,1,asset_types|assets,aggregation|float|group-by|join|order-by|top-k,6D8B280D5E6E4CC847E1BA4DA938135B1F7DE9C9E1681E71122236FD78274411,B3B989D9A5ABEE1F604FA90721954855A1D98E68FACCAD5A30A70A72116F86E3
Q075,validation_rank_equal_budget_no_cf,C000,qwen:F00_Full_NoShape,correct,1,1,1,1,1,1,medium,1,technicians,filter|order-by|scalar function,CB38B12F6486A9B67111967D7AC4116EF2F27E3393F8F562CF38B2C83A0D7A41,8075FFA2B3AD5DABD5BC301871642C493AEFF0E21B13E50DF735B53208C4E3F9
Q076,validation_rank_equal_budget_no_cf,C003,qwen:F11_Compact_WithShape,wrong_denotation,0,3,3,3,8,8,hard,1,assets|locations|technicians|work_orders,filter|join|order-by,B70C2C9311992CFCD691589411C0AAECD92F9025E0F1CF753D623EA8E0D1244D,AA5687CCFF7ED2B6D7D26AF69D1CF935236DDB5C496DA6F59BF2CB5194DC765F
Q077,validation_rank_equal_budget_no_cf,C001,qwen:F01_Full_WithShape,correct,1,1,1,1,6,6,hard,1,assets|sensor_readings|work_orders,distinct|filter|join|nested query|order-by,8D387E1560577FA062417057211870180D1B2536AF2A37E35AF965191A6F3AF3,3A581069DD8A71B35ACBBF96C143EF11E799EF3534FA97CB6EDE4228C5CCAFE0
Q078,validation_rank_equal_budget_no_cf,C000,qwen:F00_Full_NoShape,wrong_denotation,0,1,1,1,1,1,medium,0,maintenance_logs,aggregation|filter|float|time predicate,19AC4C47236BD4277886DF4C20796B1C9885E17C15C02F4F4FAC49108E13EDC1,189994EC16E232110E615D509BA67D7EB2D5E3DA5EEBE8800A9A217765A6DE0D
Q079,validation_rank_equal_budget_no_cf,C000,qwen:F00_Full_NoShape,candidate_shape_mismatch,0,2,1,2,2,2,hard,1,assets|grid_topology,aggregation|group-by|having|join|order-by|topology traversal,637684FAC730AA6CCA6032308F6274504D089E1B29FA9D3FF15FBB68975E1AF6,BF4F0EA342B7028E01793072D85D1178814F555A8FA5378F3192C135BDED2615
Q080,validation_rank_equal_budget_no_cf,C000,qwen:F00_Full_NoShape,candidate_shape_mismatch,0,3,13,3,4,4,hard,1,asset_types|assets|locations|work_orders,filter|join|order-by,7E5CD87FADA85D8D749954063FC27D5699446C19E7EC1677D3EC5796D9A596C0,56DC4BFED3DB08B1C0326C1F215763519AAE73E65A2E9B35E688A92A2CB84E6B
Q081,validation_rank_equal_budget_no_cf,C000,qwen:F00_Full_NoShape,correct,1,3,3,3,1,1,medium,0,asset_types|assets|locations,filter|join,7C6AA8331CB1EA30533B0392B660823C88012CBEDDD371AD6A6F37B65FB9FE0E,B5DFF96C6059A8199759F61599CEF41B66796187405AC66FBA00C76616BF4C3E
Q082,validation_rank_equal_budget_no_cf,C000,qwen:F00_Full_NoShape,correct,1,3,3,3,1,1,medium,0,asset_types|assets|locations,filter|join,5EE929892BA6AF4AC80B97E5B7746879326E44772C0C02B960EE3F6B385FD553,5907FBC3F9F3722B44678B02D9B02222BE4AA59CFA5D97407A69E90B2B9B2F95
Q083,validation_rank_equal_budget_no_cf,C000,qwen:F00_Full_NoShape,correct,1,3,3,3,1,1,medium,0,asset_types|assets|locations,filter|join,A8C1087E127E4B939C564F4DEBC1BD2AFD932F51A67D383D69525E21B8A08266,7BEBBDB5539972BBDB52996E31053D376CDE31AF40998FEFDA5D143B8A068CB3
Q084,validation_rank_equal_budget_no_cf,C000,qwen:F00_Full_NoShape,correct,1,3,3,3,1,1,medium,0,asset_types|assets|locations,filter|join,DB325846FF3C3605A81C849813E647251C8700D8D5CE5F3AD4536728ADF9E18E,E9B608A9FE56DD4A70F4BFB2BE6A57DFDCD5857163DB2E40DB8790E68C0E983B
Q085,validation_rank_equal_budget_no_cf,C000,qwen:F00_Full_NoShape,correct,1,3,3,3,1,1,medium,0,asset_types|assets|locations,filter|join,F4F80A494ED244F7158D3293A3BB7B52595CD0D3B4B3282CB1EE3AE64A0D5DDC,BE47859E9627B4953A38F609DBC5096697D6F691E646B1F0325383F8AF193E6E
Q086,validation_rank_equal_budget_no_cf,C000,qwen:F00_Full_NoShape,correct,1,3,3,3,1,1,medium,0,asset_types|assets|locations,filter|join,8EEBAAA7081BC7482BF9C0DC68195AA84E08119CAC316BD7BCB7C4D19395C616,AD8C5AE8369AAD1CD2D29F12FEBEE5833F05100C2BD337D93549AEF9E8DE16FA
Q087,validation_rank_equal_budget_no_cf,C000,qwen:F00_Full_NoShape,correct,1,3,3,3,1,1,medium,0,asset_types|assets|locations,filter|join,CBDF469CBCB2D55BF2C9FB85B1515FE0F4043C326C701D3B48E12A679816E419,EC610E6CB8DAE78AF9A630AB0327E4D83BF7E869679B118E9B4F3AC80A125542
Q088,validation_rank_equal_budget_no_cf,C000,qwen:F00_Full_NoShape,correct,1,3,3,3,1,1,medium,0,asset_types|assets|locations,filter|join,013744DC08499748C37421C17D13D9CDC9F95975CFA6B1553F226343EC24A294,AB06F6AE1D6A86C92475A4CAB67407D223CDEF7E023A33888D45D7474FBEF815
Q089,validation_rank_equal_budget_no_cf,C000,qwen:F00_Full_NoShape,correct,1,3,3,3,1,1,medium,0,asset_types|assets|locations,filter|join,CF1E1938AEF0999C50E16B8D719880C486B76444EE00D121F8F36CAF0EE11AE5,78DE4B7992B28BB07F2B0EEA4DB6D9B805E2B672F8AA3AA7A8EC1C15ADF6F8C0
Q090,validation_rank_equal_budget_no_cf,C000,qwen:F00_Full_NoShape,correct,1,3,3,3,1,1,medium,0,asset_types|assets|locations,filter|join,C60E3572C046FE28F80164BFDD04A76894EE9FF72AE7E32D9D59A68A2D5627D2,F2995887A6CDE41BAE098E58C25E5FE4A6FC18517FBDFD424ECDB715AADC1B76
Q091,validation_rank_equal_budget_no_cf,C000,qwen:F00_Full_NoShape,correct,1,3,3,3,1,1,medium,0,asset_types|assets|locations,filter|join,4EBA8AF7CFD8895B18A911824BFF5FF4F462FD489C1CDC27914C4E07C02AFDBC,C90ADD655689FCD9911FDA1120AE5F0439C0E554E9CB8C8DF1BF70881774653C
Q092,validation_rank_equal_budget_no_cf,C000,qwen:F00_Full_NoShape,correct,1,3,3,3,1,1,medium,0,asset_types|assets|locations,filter|join,A8BFDA04991592DD3CEDB7F45785E7992DD2F068E51704C7BE027D6127A9DD9A,8C7606BCDD6CFBA13724611294FE27BA6416EAF37F7B0A9A7BA4CF7F2840E2AE
Q093,validation_rank_equal_budget_no_cf,C000,qwen:F00_Full_NoShape,correct,1,3,3,3,1,1,medium,0,asset_types|assets|locations,filter|join,731111BC5E2ACB61861302255978F4C11B19BBC54F610E640B92B64E906F8E04,80AA5E635828D15D65DE1C95E333A7C29B831D491A1AAB2C3B4AF00FA7524316
Q094,validation_rank_equal_budget_no_cf,C000,qwen:F00_Full_NoShape,correct,1,3,3,3,1,1,medium,0,asset_types|assets|locations,filter|join,C2E2DF54A85C10848727A14FEF927B01E06D3637BB3AD93C3F1E4BD7D7C45FBF,72A4EEC70FE114219C53C3B3BDB8956BAB9A8F048CF56A4EC08DCCDB2F00013F
Q095,validation_rank_equal_budget_no_cf,C000,qwen:F00_Full_NoShape,correct,1,3,3,3,1,1,medium,0,asset_types|assets|locations,filter|join,15BDCE5F630526076AFA10BAEE4BCDCE161CFBA948113B13EEED01DF63E4CB34,26D884CC511DBF8DCE2BA5F82EB15338F8DF136F43F11EF608B9CB5A0125BFFF
Q096,validation_rank_equal_budget_no_cf,C000,qwen:F00_Full_NoShape,correct,1,3,3,3,1,1,medium,0,asset_types|assets|locations,filter|join,93C283CC73431533C707EDF36BCB6E61EF5E86918F1F5DB30D6AB804BCFA38F5,D7A4E1B40F05EE267E53226B4C3B2AD861809C274003AFDB2DC6103556EF15BC
Q097,validation_rank_equal_budget_no_cf,C000,qwen:F00_Full_NoShape,correct,1,3,3,3,1,1,medium,0,asset_types|assets|locations,filter|join,868BFDDE5DA9AB55305464ACC1490285643B491CD3E97226B33A0E97A6546C25,F5EC9300EA6C17C34C465780B1B3B1AF5C281D823AAE63B38AAEA0943779E901
Q098,validation_rank_equal_budget_no_cf,C000,qwen:F00_Full_NoShape,correct,1,3,3,3,1,1,medium,0,asset_types|assets|locations,filter|join,71529376EC84A99D77DA357CACFF1BE4ED35C84F89E2AAC8E52CB601512593C0,2C0C09F5495E655CB3AAE807E7D9ED40B69561C9DE1C4481CA8935F94D119B46
Q099,validation_rank_equal_budget_no_cf,C001,qwen:F01_Full_WithShape,wrong_denotation,0,3,3,3,1,1,medium,1,assets|work_orders,filter|join|order-by,DB0D88DA77733F6C176546E154DF65847FA42A32442F408DA3319A054508C4D7,6BF9EBE685BB1E6B61F9AD8B1B4FC8220894AEFB6A787DA91E08B6766DEB8980
Q100,validation_rank_equal_budget_no_cf,C001,qwen:F01_Full_WithShape,wrong_denotation,0,3,3,3,1,1,medium,1,assets|work_orders,filter|join|order-by,780F41ADD3F11CAE21DA0695FBBEE348695FF8115789DBCF764571EFE873ED0A,D71A3F8AB7F6C275DA1810FA42D3F080E31986F00F4D37EEF1710E34D8F02D47
Q101,validation_rank_equal_budget_no_cf,C001,qwen:F01_Full_WithShape,wrong_denotation,0,3,3,3,1,1,medium,1,assets|work_orders,filter|join|order-by,4938ACD743722CE8F6A76A4A6771AE2FB7B64C16F3B2280181D10C9CB3167A50,9E554A31806BDEBEF5515422C23D4B4B54F69A2383A30770E2496EE85235414E
Q102,validation_rank_equal_budget_no_cf,C001,qwen:F01_Full_WithShape,wrong_denotation,0,3,3,3,1,1,medium,1,assets|work_orders,filter|join|order-by,F7526D2219B865C894A4F81348573EB1A4A8A16EA500F9306485EF12E95E5247,B91FC88F8737230FD282F58A0C69BC42A1DE8D99665299EF53B09E57C7512DE1
Q103,validation_rank_equal_budget_no_cf,C001,qwen:F01_Full_WithShape,wrong_denotation,0,3,3,3,1,1,medium,1,assets|work_orders,filter|join|order-by,80612E94D439A5162298360E13A7A0919EF17F8BD6A50A2C5D5B3590DFE95F54,C386265AAB4973D3DC9FBC7633211E0BC9312C72B649097932B1819450C922BC
Q104,validation_rank_equal_budget_no_cf,C001,qwen:F01_Full_WithShape,correct,1,3,3,3,0,0,medium,1,assets|work_orders,filter|join|order-by,35A08DB08985CE9D1D1FE0C7D75E227DB5F1D1AE7C4132E36F0FB21B779E50F9,41AF7A63B404C8F1F460E26A3EAC59A9A25A503835E2A473A9C172D2FF945282
Q105,validation_rank_equal_budget_no_cf,C001,qwen:F01_Full_WithShape,wrong_denotation,0,3,3,3,1,1,medium,1,assets|work_orders,filter|join|order-by,CD13A1C2F1FFC42B1E20A31D6B99799BCE81DC1F3E32FF93EE62F24E7AE7BCAD,9A87A0113FB5B583C3E278A16AB9681F3380F6F743363449CD2E9606D64555CB
Q106,validation_rank_equal_budget_no_cf,C001,qwen:F01_Full_WithShape,wrong_denotation,0,3,3,3,1,1,medium,1,assets|work_orders,filter|join|order-by,E6EAC746A1BA7500157B103B3BF25E93CA54088ABF8FBCE4DB22351579D50C9A,ABC385CDC88056C5B240CBB1CBF71D84FA00AAF5F2D1A0016012A05C9FE63AA9
Q107,validation_rank_equal_budget_no_cf,C001,qwen:F01_Full_WithShape,correct,1,3,3,3,0,0,medium,1,assets|work_orders,filter|join|order-by,CE4B77BA09C4A5263CDD3F1F5D0993C402593CC4D729F96A5EFA63643AE56647,92CD6A92EA310D3EF3D24DF6FD0EF1DB23D6F439F5C40EBD548AD297CC29C55D
Q108,validation_rank_equal_budget_no_cf,C001,qwen:F01_Full_WithShape,wrong_denotation,0,3,3,3,1,1,medium,1,assets|work_orders,filter|join|order-by,F6F3FF9CAC591416EB137093C95020A9EB16DF230B03EA58B0588B729EA3DB96,CB6B1F12686B8F23DE9AB1A591B17B55257DC5B84CF97EDC158E742AB5593C4D
Q109,validation_rank_equal_budget_no_cf,C001,qwen:F01_Full_WithShape,wrong_denotation,0,3,3,3,1,1,medium,1,assets|work_orders,filter|join|order-by,147D06CD80E5762E66075E771A3C076E7197192046931851C66D9DACC2B9E7CD,CA891F2337BC1FABC1EDA04BF4318D3BD5F81EE4556115D682E97ABE45439A62
Q110,validation_rank_equal_budget_no_cf,C001,qwen:F01_Full_WithShape,correct,1,3,3,3,0,0,medium,1,assets|work_orders,filter|join|order-by,A1CBEF50CDF4ED13FF7B6A753F397D7DD5FF39EF673FF8B2B2439A49FEF3CC50,1F87F45858C889D3425AFBDDCDEB10D5915FBFF7D93B3E5A204717DC800E1499
Q111,validation_rank_equal_budget_no_cf,C001,qwen:F01_Full_WithShape,wrong_denotation,0,3,3,3,1,1,medium,1,assets|work_orders,filter|join|order-by,3665222898BAF553443A12F31BE7B11B025A9A91C851A034A829029EF91550D3,82F9129BF81A30B5E70DD063E12B3D72E1EF7A64810C18CFF2A4489065CD6614
Q112,validation_rank_equal_budget_no_cf,C001,qwen:F01_Full_WithShape,wrong_denotation,0,3,3,3,1,1,medium,1,assets|work_orders,filter|join|order-by,8CD5217349C69FA0186B0439973B7B0DF720E7F8F41BC38066C584036BF6FD9C,A8224D1F700D864B9A1A7ED63F945DEFD172078F0DC7A07137B6AA3A15658BA4
Q113,validation_rank_equal_budget_no_cf,C001,qwen:F01_Full_WithShape,wrong_denotation,0,3,3,3,1,1,medium,1,assets|work_orders,filter|join|order-by,B9B102E2AD6D5175BA7EA60D545B8989EA619A6BE09740D6F47DD2BC79D6D6B3,BCF472BEA807A36A0A6146014EB6B342D54472212ADC8E37F45C09ED82DF1DB0
Q114,validation_rank_equal_budget_no_cf,C001,qwen:F01_Full_WithShape,wrong_denotation,0,3,3,3,1,1,medium,1,assets|work_orders,filter|join|order-by,335B95A71827DDFC1678B93E953450739B35763E65246E953178D0E361D20368,E97FEB511A72F5242C5B426C15B5B68C0AC52AB5CFAA307E2F2BE34D1DCF1583
Q115,validation_rank_equal_budget_no_cf,C001,qwen:F01_Full_WithShape,wrong_denotation,0,3,3,3,1,1,medium,1,assets|work_orders,filter|join|order-by,64DA340060203BF9711944E2E31D5F1429456EAD361783D44A1E0241E4BCC726,9FEDD4D8A154A5979AB6353D353EF5729594B3018ECE5AEB20824FCC6C1D9A94
Q116,validation_rank_equal_budget_no_cf,C001,qwen:F01_Full_WithShape,wrong_denotation,0,3,3,3,1,1,medium,1,assets|work_orders,filter|join|order-by,8D5C7F2C08FB1EAF490F9220BB29A38CDE9E23F3DD06856A9D629C58662818CE,9C493A195F29C0AB271B65A6DE85273D13DFE693DC84B3DF1755BBEC92C8150C
Q117,validation_rank_equal_budget_no_cf,C000,qwen:F00_Full_NoShape,candidate_shape_mismatch,0,4,6,4,1,1,medium,1,assets|sensor_readings,filter|float|join|order-by|time predicate|top-k,69B3FD42EC4FBEB346C030F11F0DC03930B3B68DC75F5916F4258256A59318E6,ADDB11C32923185E4B1B5D4FAF244BB15F14A267EB51F4A4E1042B99C6CFAC41
Q118,validation_rank_equal_budget_no_cf,C000,qwen:F00_Full_NoShape,candidate_shape_mismatch,0,4,6,4,1,1,medium,1,assets|sensor_readings,filter|float|join|order-by|time predicate|top-k,C06BF35A4A07228B0B6F2FE9166B2718AB49689700A5DBFEC92E66CE9CD53B18,6C2CE94927FE1ED8110277B2991EB547D2F0DED199533691FF05F7A8AF570602
Q119,validation_rank_equal_budget_no_cf,C002,qwen:F10_Compact_NoShape,candidate_shape_mismatch,0,4,1,4,1,1,medium,1,assets|sensor_readings,filter|float|join|order-by|time predicate|top-k,2F14BF29EDE8175EB2E52F114D6DA733BA96B7F5A384DB2E44E5930827514E7B,235D55B60C02355C29746D04A7A4CD7F52DF41E442EE169FCD3F3A03CD004476
Q120,validation_rank_equal_budget_no_cf,C000,qwen:F00_Full_NoShape,candidate_shape_mismatch,0,4,6,4,1,1,medium,1,assets|sensor_readings,filter|float|join|order-by|time predicate|top-k,EA39C2E9C9668E845FA723E5EDCD4FD41D7B429D2CE8F614743D92B1C80DB141,C538A82A512A0972EFCFEF46D832F24EDA184A51136A4E6375FC335EB27B5DE9
Q121,validation_rank_equal_budget_no_cf,C000,qwen:F00_Full_NoShape,candidate_shape_mismatch,0,4,6,4,1,1,medium,1,assets|sensor_readings,filter|float|join|order-by|time predicate|top-k,8C3FE4799451CC2FF7205FF0EDE22E4188F56F0CD1E1A9C1C5DF7454D0334BF9,38D2BE7FBE3C6C649A1B5FA80ACBEEF334758BA2C540752007AC4561E174B1BD
Q122,validation_rank_equal_budget_no_cf,C000,qwen:F00_Full_NoShape,candidate_shape_mismatch,0,4,6,4,1,1,medium,1,assets|sensor_readings,filter|float|join|order-by|time predicate|top-k,4DC00026176930FF7DA084855DC1BF34B7CE9CA9B686D53E6CF7327A9F37BE95,F39EF13DC8ABDEE58F9EB1B202C277013B7B800B148381AF26EA6775491ECF7E
Q123,validation_rank_equal_budget_no_cf,C000,qwen:F00_Full_NoShape,candidate_shape_mismatch,0,4,6,4,1,1,medium,1,assets|sensor_readings,filter|float|join|order-by|time predicate|top-k,02E00681CAAD11E42C0C2D6974B60772659B756C7ACFED455D527B0C4A578862,1BC2E46D210D620AAF5C84F771E1E5581E2642CE844524674C2B2F589DC9FAB2
Q124,validation_rank_equal_budget_no_cf,C000,qwen:F00_Full_NoShape,candidate_shape_mismatch,0,4,6,4,1,1,medium,1,assets|sensor_readings,filter|float|join|order-by|time predicate|top-k,0B1400F6A6A8C41E1B7959102B08C8F66201BDFC9D98A08023B6E8DE2512A15A,A290DB31E66C08B49FC8C381F2F60A0BD658ACBB2AEA91A4A5C96575AE60160C
Q125,validation_rank_equal_budget_no_cf,C002,qwen:F10_Compact_NoShape,candidate_shape_mismatch,0,4,1,4,1,1,medium,1,assets|sensor_readings,filter|float|join|order-by|time predicate|top-k,10A1C7F502FA80B68CF15C2957D47D44E13C7E76610C032B9A54E81AA45A879F,7992EEE72D9FD9518655D7883286F6CB288BED666AD4716BE67643D7CDF04F5C
Q126,validation_rank_equal_budget_no_cf,C000,qwen:F00_Full_NoShape,candidate_shape_mismatch,0,4,6,4,1,1,medium,1,assets|sensor_readings,filter|float|join|order-by|time predicate|top-k,3CD55E9F6C50137BD061F7CACF58AC462854DCA63BCD4FF8A094354291CF2FB6,51DCC1CF59797FDB8D524E21A8085A4B1C32D7753B2428EB1AB377F9CD3DC134
Q127,validation_rank_equal_budget_no_cf,C000,qwen:F00_Full_NoShape,candidate_shape_mismatch,0,4,3,4,1,1,medium,1,assets|sensor_readings,filter|float|join|order-by|time predicate|top-k,810243E8DB0433F47E2CBC4839A9908030DCC8C5774C1E176F2AD034EEC7C210,A117A0E5D5CA594A8D37A55430C71E3AD7C33D86B2891BF2E96A4297744253E1
Q128,validation_rank_equal_budget_no_cf,C000,qwen:F00_Full_NoShape,candidate_shape_mismatch,0,4,6,4,1,1,medium,1,assets|sensor_readings,filter|float|join|order-by|time predicate|top-k,8F91777B465CA6D253E60FA7E7D6DDBF98CD2687D696BA4839F2108CA620D6C9,BB81A8F11DA0187DA28E4D6AD68735970ACB5A2AFC07414BD2427DB0A369C598
Q129,validation_rank_equal_budget_no_cf,C000,qwen:F00_Full_NoShape,candidate_shape_mismatch,0,4,6,4,1,1,medium,1,assets|sensor_readings,filter|float|join|order-by|time predicate|top-k,776CFDD72FC5388619D44DCE6555DD89F899773555F54F260FB73C36306344AF,8CA57CC09F45306A7B17C7CF6513E8374167574D8555012E6AE7FF89181B04E5
Q130,validation_rank_equal_budget_no_cf,C000,qwen:F00_Full_NoShape,candidate_shape_mismatch,0,4,6,4,1,1,medium,1,assets|sensor_readings,filter|float|join|order-by|time predicate|top-k,BC8C5396D25C2CA1811EE1143E55132D3940A30AA5A722F7A7697349BB573D3F,66009698E99F05D64B9A5E5BE82CA02620C032CF817352FD25624D9FA0493B18
Q131,validation_rank_equal_budget_no_cf,C000,qwen:F00_Full_NoShape,correct,1,1,1,1,1,1,easy,0,assets|locations,aggregation|filter|join,223DEE7C8DF83D00B969F43E89CF9DD60362ED354FB528EA9585BF98396F7C9B,926DAC82557721913B5B755DEF4E6D7902333789F9AFF24165E7D060F583B4D1
Q132,validation_rank_equal_budget_no_cf,C000,qwen:F00_Full_NoShape,correct,1,1,1,1,1,1,easy,0,assets|locations,aggregation|filter|join,F38A3F0C58F6E2A6B684A252D0680FED9BA1EF286DDE6D8DD6BC35FDF2EC5F0F,87F227DF6F9A9C2278171B0FA86333BBFED04EF17B9C027C1C384F7A5604A920
Q133,validation_rank_equal_budget_no_cf,C000,qwen:F00_Full_NoShape,correct,1,1,1,1,1,1,easy,0,assets|locations,aggregation|filter|join,7C85FE5EFEA87042EEF89660587B1DF8C35C0A21DEF38B58674FCFCE198C1C92,82FFD9A8D5E5FC223E7AF549EE3F28D5BB90775E46E60BED0EB7EC4181944C36
Q134,validation_rank_equal_budget_no_cf,C000,qwen:F00_Full_NoShape,correct,1,1,1,1,1,1,easy,0,assets|locations,aggregation|filter|join,2809822C0EE05D06A953B1631684DD86BB446EF38218D0197D7372B2CC1FD69D,5868892DB40C5387F6F38780322F8B7726F2AC0E3807C27476D38BCC6BEA2C96
Q135,validation_rank_equal_budget_no_cf,C000,qwen:F00_Full_NoShape,correct,1,1,1,1,1,1,easy,0,assets|locations,aggregation|filter|join,170F29E90086F85E9A87C3C196D6FF6E3FB691D37E98F64FA83A33F2D457EC69,B6590CBD8A77D19F0637FC55A4B7B4C4D010F580907B133F89B6908F4387E40E
Q136,validation_rank_equal_budget_no_cf,C000,qwen:F00_Full_NoShape,correct,1,1,1,1,1,1,easy,0,assets|locations,aggregation|filter|join,2B06D7496B676D74FA091F386C3474E188D329370E839EE7F739CF440E312A5B,FD0D4C193FFA8524DA8C0A9C846DBCC039FA29FDB7034474E85704812AA3FF03
Q137,validation_rank_equal_budget_no_cf,C000,qwen:F00_Full_NoShape,correct,1,1,1,1,1,1,easy,0,assets|locations,aggregation|filter|join,A65450E5D317B461C09B798F8C658230C1E3CEB17E01457AA9D027FE588CF0FC,C510A4F480C890919D61542527C4484503C79E7F886440DD697CBB05C07933CE
Q138,validation_rank_equal_budget_no_cf,C000,qwen:F00_Full_NoShape,correct,1,1,1,1,1,1,easy,0,assets|locations,aggregation|filter|join,F923B94EF0B542E0AEBFC81B2F7B8A62CCABB6F3E16D083189D60B0EA79DFFC4,E4232AC36C8531B610F07F35323BE6D3CE210DCA9100C1F2AA5B079F951DEE7B
Q139,validation_rank_equal_budget_no_cf,C000,qwen:F00_Full_NoShape,candidate_shape_mismatch,0,3,4,3,5,5,medium,1,assets|sensor_readings,filter|float|join|order-by,97270341B5684E784874013E233923485CA0297B38D95A989BAB148281B07E0C,CBD1D3E389EDFEB07D635046BF87B3AC06B895497ABBA66F9042635E26DB3898
Q140,validation_rank_equal_budget_no_cf,C000,qwen:F00_Full_NoShape,candidate_shape_mismatch,0,3,4,3,0,0,medium,1,assets|sensor_readings,filter|float|join|order-by,5ED6F4834D5BD9D6927B7EBF839F6B68F3F3566F12BC8A6EF79348B8556A1274,E7AFD864A4AA0E3CAC06A707B65998B52154E8B0F3A5C20981AFEEF477184D24
Q141,validation_rank_equal_budget_no_cf,C000,qwen:F00_Full_NoShape,candidate_shape_mismatch,0,3,4,3,4,4,medium,1,assets|sensor_readings,filter|float|join|order-by,12DE0493FEFD4D2A91395ECB424E62ED1DE75EFDA8B58947E7818520162AA1CA,1685D70047643A73A4164ABDE6309B16C601C2977B18934007C18EECDF897710
Q142,validation_rank_equal_budget_no_cf,C000,qwen:F00_Full_NoShape,candidate_shape_mismatch,0,3,4,3,1,1,medium,1,assets|sensor_readings,filter|float|join|order-by,3BD998B6BD5053A24B4BF39F263C9E5DE04C65AC30401B9172A2B36C17609164,405A64E16DDAA9687274876C39A48D52B4A8981C6F921FC1CAB143A62FE0426F
Q143,validation_rank_equal_budget_no_cf,C000,qwen:F00_Full_NoShape,correct,1,1,1,1,1,1,easy,0,work_orders,aggregation|filter,3C4F651845C93619B00E894FCDE97841ECB78D929A361F847627F39C1D979BB6,75DB2BB201FC12F0B95501B54A5C07CBFD34967343A841E33BD482D1589E95EC
Q144,validation_rank_equal_budget_no_cf,C000,qwen:F00_Full_NoShape,correct,1,1,1,1,1,1,easy,0,work_orders,aggregation|filter,0FA5BDB9FEA64F94D4703BF9E6EFFF60F8ECF5C2D8AC20E15A6766DF65C1280D,9F8B6C3EB40E1299F3897C588A9B22C155B5A8897050055BD39A5ADC5E8032C1
Q145,validation_rank_equal_budget_no_cf,C000,qwen:F00_Full_NoShape,correct,1,1,1,1,1,1,easy,0,work_orders,aggregation|filter,14B89DCDF5DBDF69FF06F5F9E16772F1A7B121998E1606A24B1BFDDCA01788B3,390831F1EC845FD04FB6ED5180DEF1CD8E9AE34C33AF169FA6EBB1A570445133
Q146,validation_rank_equal_budget_no_cf,C000,qwen:F00_Full_NoShape,correct,1,1,1,1,1,1,easy,0,work_orders,aggregation|filter,E73E10E8282B8C6B34680051CA2C9924F9C0E93AA2FBFD875923BDEB472D3C3B,61E87A91BF90AB9EADE434A189C56C88D06CAD7FDA382159B09FE7AF41EC44C6
Q147,validation_rank_equal_budget_no_cf,C000,qwen:F00_Full_NoShape,correct,1,1,1,1,1,1,easy,0,work_orders,aggregation|filter,4A09463D9486D00C68693F7C0F0AF59459E8A9FBE181CC59CB2D846D3B00B9CD,D02E0B94F1FAFED7347DC9D315E1493221E0DCE9A51FCF196D18A09C6418EAD8
Q148,validation_rank_equal_budget_no_cf,C000,qwen:F00_Full_NoShape,correct,1,1,1,1,1,1,easy,0,work_orders,aggregation|filter,CDB9CE1FC96A875C6715D0B0770F8639F300635064AE8BB47A14D43E89199F59,8F37A6BBC57A9825403293988A515C47DA291EED8AADE2FCAF6A6FA4998FAD9C
Q149,validation_rank_equal_budget_no_cf,C000,qwen:F00_Full_NoShape,correct,1,1,1,1,1,1,easy,0,work_orders,aggregation|filter,C15AAB416DBE8E95D9FD9F478B2F69C4C7E3D39C9060C42D1FD747B7C2124427,F43EC400DA2637333871AA585B3216D15ABF981E6DC60573E2ECE02411DC990E
Q150,validation_rank_equal_budget_no_cf,C000,qwen:F00_Full_NoShape,correct,1,1,1,1,1,1,easy,0,work_orders,aggregation|filter,9D947FC35B61A0F2E3EA6B433D97E0E5C03521EE1FB49EE648CA5FD5DDDB7CCC,A16707C49CBCAB649D990DD702407BC2DE34480945F2A11209859729D2A023CA
Q151,validation_rank_equal_budget_no_cf,C000,qwen:F00_Full_NoShape,correct,1,1,1,1,1,1,easy,0,work_orders,aggregation|filter,7F9489F9D2CAF402EF4D3AAD3CCD7BBB23A4D0D49DA769C9851EBFF05CE0794A,126170C47D2E3CA0EDC2B42E5ADF7D6C5157F26609EF764DB5967463075273BB
Q152,validation_rank_equal_budget_no_cf,C000,qwen:F00_Full_NoShape,correct,1,1,1,1,1,1,easy,0,work_orders,aggregation|filter,BF74327386B4F5BF9D78008D739EE979511082DFD657DAF59CF9BF2C96745F64,A06525F506CC29B994A1BFC5C4AECB3487B191266155C52478ED43FE3D6DE29D
Q153,validation_rank_equal_budget_no_cf,C000,qwen:F00_Full_NoShape,correct,1,1,1,1,1,1,easy,0,work_orders,aggregation|filter,15CC25CEE0E87EC6A6B89E4314BF30F19B6F74198D4FD17A366968B4A0024389,A83E9A730A6AACC9B9088F9771B13AE621E1A63421E10E4E21794BC6AD71F579
Q154,validation_rank_equal_budget_no_cf,C000,qwen:F00_Full_NoShape,correct,1,1,1,1,1,1,easy,0,work_orders,aggregation|filter,EC1F76CBAC83B49DEDAB06BC020E2C9A55FD415BAB3B77B9FA2037CA66389324,2A59F0DEFDEC674D7BDEC673A9496EE1EB5145624AE7E7C0BE4AC94C13945CC9
Q155,validation_rank_equal_budget_no_cf,C001,qwen:F01_Full_WithShape,correct,1,3,3,3,3,3,medium,1,technicians|work_orders,filter|join|order-by|time predicate,644F785E65E912281C5FC7E8E1ED29F2094F0B62036DE1723A1D646BD5FE7D4C,062CE20811406347D151CA4E22DBA322D05D1B3825E324112DB9CE764FDA29C3
Q156,validation_rank_equal_budget_no_cf,C001,qwen:F01_Full_WithShape,correct,1,3,3,3,3,3,medium,1,technicians|work_orders,filter|join|order-by|time predicate,EB253E8F1E4C56017F51E37E8E273409105587D1D4A7CBC31FF21FABFE5F38C9,6DCF0711BBC668B378E362161CE11344D5B35053FB035999AE360B3E1F2231C4
Q157,validation_rank_equal_budget_no_cf,C001,qwen:F01_Full_WithShape,correct,1,3,3,3,2,2,medium,1,technicians|work_orders,filter|join|order-by|time predicate,EF1234E3F2A6C3F83E1C2698AADBDCE878048426691D784645FD8383DF935C4F,FB6D8E9E5CA84C5904616D21D33DC95BB0A110D2A95408404D409B67616B3823
Q158,validation_rank_equal_budget_no_cf,C001,qwen:F01_Full_WithShape,correct,1,3,3,3,2,2,medium,1,technicians|work_orders,filter|join|order-by|time predicate,1407C29F677CFC572D629F476B956BB9F67438655B8B39AE32911C1EF4173845,6B05DC20B411F54AAA4035EE49263BDEE0BEECBBD589739B735C27A8DCC4248F
Q159,validation_rank_equal_budget_no_cf,C001,qwen:F01_Full_WithShape,correct,1,3,3,3,2,2,medium,1,technicians|work_orders,filter|join|order-by|time predicate,A58BB40BA7C080411C638A3737043852C9D03391FCAFCC275DE0BEACB99DF2FD,7109EB7A63ACB3C165C8BB10379E0A025AE31BFF7200F2153763B20B858CFEE4
Q160,validation_rank_equal_budget_no_cf,C001,qwen:F01_Full_WithShape,correct,1,3,3,3,1,1,medium,1,technicians|work_orders,filter|join|order-by|time predicate,F77105785632E1BE17BCCEAA07E9B937FFCDF432F2CB097A6B8890ADFB152ABF,247F64B9CC969BE0FF0892AF528AE7AFE444EAFFD19D28346A343A540BB0C620
Q161,validation_rank_equal_budget_no_cf,C001,qwen:F01_Full_WithShape,correct,1,3,3,3,1,1,medium,1,technicians|work_orders,filter|join|order-by|time predicate,C92CE26B9066276964952F82D5E844713563CDF905401AD4DF957CA9EBD82D54,920742F6A541EF4F368A8CF8A4E81F81E561FCF34A80C168B5320E37DE422F27
Q162,validation_rank_equal_budget_no_cf,C001,qwen:F01_Full_WithShape,correct,1,3,3,3,1,1,medium,1,technicians|work_orders,filter|join|order-by|time predicate,28291B286664600B76555A11B64F94C024CA0DE47A66E70BF8308DA28F57EE01,34F60EDE10AD27A162D4476A2999FB624150CD870349CF1DB8ADF95733ADB63C
Q163,validation_rank_equal_budget_no_cf,C000,qwen:F00_Full_NoShape,candidate_shape_mismatch,0,4,1,4,2,2,hard,1,assets|grid_topology,filter|order-by|self-join|topology traversal,89E4F95E8C6ACDE52620F2754F1E95D96684485B542D6FC4747A683948B6D8C2,25E50AD78502AE74A88196E85FC5B04BB17EBF7C044A0F4DDB8BE7EFC41A7544
Q164,validation_rank_equal_budget_no_cf,C000,qwen:F00_Full_NoShape,candidate_shape_mismatch,0,4,1,4,1,1,hard,1,assets|grid_topology,filter|order-by|self-join|topology traversal,06B4D01085B713C97C0688460B870E4C63A14D55347E563D19B60538CC4B74F3,24343308951D9A4AD15EA16AED4C1111DEA20F71C709560A1A63C993D7856E40
Q165,validation_rank_equal_budget_no_cf,C000,qwen:F00_Full_NoShape,candidate_shape_mismatch,0,4,1,4,2,2,hard,1,assets|grid_topology,filter|order-by|self-join|topology traversal,88C1ED88945BD4B5618E5C451DBE1E0128DE3BDBCDE0AF5ED34DD388D7E06F46,1AA1604E51FB7FBACDC0F9CD0C147F0969E26C045A6582B8B193F8626030BEDB
Q166,validation_rank_equal_budget_no_cf,C000,qwen:F00_Full_NoShape,candidate_shape_mismatch,0,4,1,4,1,1,hard,1,assets|grid_topology,filter|order-by|self-join|topology traversal,33843AC1FF7D1A228A741E7A62D39DE3EAE6F00C8994AC0FF128F0DE15BBCE3D,78C08665536FD82F0BB63C2D88909519E4E43FC25ED33C6E46137CF02AC686B0
Q167,validation_rank_equal_budget_no_cf,C000,qwen:F00_Full_NoShape,candidate_shape_mismatch,0,4,1,4,1,1,hard,1,assets|grid_topology,filter|order-by|self-join|topology traversal,0D4D9A3EA5375D6389F9B6B2DB446C928948C14D72FE342A9185368A88B14B6B,1E4FC9DD39EF57631E9B8DE55D11073E1ED623CEFE82A9BFCD07854B13A499A5
Q168,validation_rank_equal_budget_no_cf,C000,qwen:F00_Full_NoShape,candidate_shape_mismatch,0,4,1,4,1,1,hard,1,assets|grid_topology,filter|order-by|self-join|topology traversal,208953B2192650D17AD0CFE339EE58484AEFEDBF853402165378C8FC752BB63A,23548329609A5AAB25EA63FAC74151F5E12AB062172F1F2941A475D547C8229A
Q169,validation_rank_equal_budget_no_cf,C000,qwen:F00_Full_NoShape,candidate_shape_mismatch,0,4,1,4,1,1,hard,1,assets|grid_topology,filter|order-by|self-join|topology traversal,09E9DDB0809884427DC05F49F1171110CE35015928FF7F4D371E889EE145EBF6,CD7DEE4A8CD4D34D8182656ED8B8B804E2FB847D9A87EBB4DE189B88CCFA95F2
Q170,validation_rank_equal_budget_no_cf,C001,qwen:F01_Full_WithShape,correct,1,4,4,4,3,3,easy,1,work_orders,filter|order-by,9B7C311EEAB47AA56F563E23732784E6F465A71E4F47F0BE48002F605883C7D4,9B7C311EEAB47AA56F563E23732784E6F465A71E4F47F0BE48002F605883C7D4
Q171,validation_rank_equal_budget_no_cf,C001,qwen:F01_Full_WithShape,correct,1,4,4,4,2,2,easy,1,work_orders,filter|order-by,844EDC49F7A38982CF8AD0B041D6DC6D095877F633AF52344098008FC3A4C348,844EDC49F7A38982CF8AD0B041D6DC6D095877F633AF52344098008FC3A4C348
Q172,validation_rank_equal_budget_no_cf,C001,qwen:F01_Full_WithShape,correct,1,4,4,4,1,1,easy,1,work_orders,filter|order-by,4D4E7AA98D6EC5812C22119C7899C87B69FC97F7A572C809C4BEC64D0C7265AD,4D4E7AA98D6EC5812C22119C7899C87B69FC97F7A572C809C4BEC64D0C7265AD
Q173,validation_rank_equal_budget_no_cf,C001,qwen:F01_Full_WithShape,correct,1,4,4,4,2,2,easy,1,work_orders,filter|order-by,CB010710A9965B256BD2BDAA71AF8B3CA3EBF649A754731CCB1CE356AD6C0908,CB010710A9965B256BD2BDAA71AF8B3CA3EBF649A754731CCB1CE356AD6C0908
Q174,validation_rank_equal_budget_no_cf,C001,qwen:F01_Full_WithShape,correct,1,4,4,4,2,2,easy,1,work_orders,filter|order-by,23308ACB2435B92AF81B85E120A177C950FE3E25BC5714691826DB364C70788D,23308ACB2435B92AF81B85E120A177C950FE3E25BC5714691826DB364C70788D
Q175,validation_rank_equal_budget_no_cf,C001,qwen:F01_Full_WithShape,correct,1,4,4,4,1,1,easy,1,work_orders,filter|order-by,6D6450176EC9584C7E4A6FAD27AE50AFF27DA6820B61256BCBDCF1C25147B608,6D6450176EC9584C7E4A6FAD27AE50AFF27DA6820B61256BCBDCF1C25147B608
Q176,validation_rank_equal_budget_no_cf,C001,qwen:F01_Full_WithShape,correct,1,4,4,4,2,2,easy,1,work_orders,filter|order-by,5BF700F629F5C03DD89F4DFE573E51E3842E624C2EFB6E70AF7C046B49D57A4B,5BF700F629F5C03DD89F4DFE573E51E3842E624C2EFB6E70AF7C046B49D57A4B
Q177,validation_rank_equal_budget_no_cf,C001,qwen:F01_Full_WithShape,correct,1,4,4,4,1,1,easy,1,work_orders,filter|order-by,79BFDB10B9BB031FD2889DFCA3C94F7332770252CC15465B3D37207F9AAD157D,79BFDB10B9BB031FD2889DFCA3C94F7332770252CC15465B3D37207F9AAD157D
Q178,validation_rank_equal_budget_no_cf,C001,qwen:F01_Full_WithShape,correct,1,4,4,4,1,1,easy,1,work_orders,filter|order-by,CE5977974313A0E798D09744F8FE4FEAA958C0F2287C43B4CC8B69292DC6101B,CE5977974313A0E798D09744F8FE4FEAA958C0F2287C43B4CC8B69292DC6101B
Q179,validation_rank_equal_budget_no_cf,C000,qwen:F00_Full_NoShape,correct,1,1,1,1,1,1,easy,0,locations,aggregation|filter,AA8F8DF11BFDDCAD8828776EEEFBDB7D2031DD3073C621984281D99B4FDF4A4D,F0ED8EA714C8C0B275180E9FE64FAC0C47F5D8F5AF0C098B34C57957C468FF55
Q180,validation_rank_equal_budget_no_cf,C000,qwen:F00_Full_NoShape,correct,1,1,1,1,1,1,easy,0,locations,aggregation|filter,BC12A70CE4C75F6663ACB5D762E7E2A9A2CE1A37650E7763F990FA4F2AEF37A9,A81C2E54E08F172544EB63242B016F9D2C4E951F10D2F903E3A18C7549C9D289
Q181,validation_rank_equal_budget_no_cf,C000,qwen:F00_Full_NoShape,correct,1,1,1,1,1,1,easy,0,locations,aggregation|filter,AB55D0A587418E239FA6DE42F4C04E2E510233171A514E5A0660A42B4F806566,D30540D8BBE3F71B6F9F61D1E657B286E4509F85FD7DF16F841DEA90F15893BA
Q182,validation_rank_equal_budget_no_cf,C000,qwen:F00_Full_NoShape,correct,1,1,1,1,1,1,easy,0,locations,aggregation|filter,654F71BB092A8B5A303B1FB198E73AB3A54F3B47572E1E9B463DD889460772D8,48DC7CD04363C88A1964AFD28EBDDD1B5277C2D47D156F41A2593149CACB335C
Q183,validation_rank_equal_budget_no_cf,C000,qwen:F00_Full_NoShape,correct,1,1,1,1,1,1,easy,0,locations,aggregation|filter,993E8D50374913818CEC67FD511C8A1FF569FBBF0B9C3FBA2C8FAED937BD8462,02CA04C452E0647DCB9DF1AC775A4E0BC5FD95B31FC68274B197A8AFD56F3F65
Q184,validation_rank_equal_budget_no_cf,C000,qwen:F00_Full_NoShape,correct,1,1,1,1,1,1,easy,0,locations,aggregation|filter,5A16BF0F42FDC7ADD4AF17FDD92DAFC78782875D6DEA43B25FDBC02755278834,22E8D870E63990E136AF70B49847EE94BBA6FED442B882BC29FB0E74533E1530
Q185,validation_rank_equal_budget_no_cf,C000,qwen:F00_Full_NoShape,correct,1,1,1,1,1,1,easy,0,locations,aggregation|filter,CE1CB6B18766FEE985D6C909EB564297FDD36795175A8474ED6953B673FC1A96,007653CD612C66C0D918F9E160FE50EFB94CC966CE71B3FB2A4B392A146A8BF1
Q186,validation_rank_equal_budget_no_cf,C000,qwen:F00_Full_NoShape,correct,1,1,1,1,1,1,easy,0,locations,aggregation|filter,CD472F706F6C576749C620A567930A9B9EE3FE98E515BCB3739B9F43E25207EB,98115A9FDA686A9542013FAC0F706BE730B9F4C123DBEAF5F90A8214FD97CC09
Q187,validation_rank_equal_budget_no_cf,C000,qwen:F00_Full_NoShape,correct,1,1,1,1,1,1,easy,0,locations,aggregation|filter,52AF3CE3C43E8E45F6ABB1702C20BA4574CE90CD02B83CB1B6B15C9E6B72CFC1,9374C143E83E0B3E14D14B3A4E5233D9306CD3306CEEB84147F1198AF7A1976C
Q188,validation_rank_equal_budget_no_cf,C000,qwen:F00_Full_NoShape,correct,1,1,1,1,1,1,easy,0,locations,aggregation|filter,6892D06CFBBDFBDE563CD3A58B2C7667096105B300E66C4EEA0518B78700EAE3,AAB780DCBD5F0DF417C342643DC86D142939AF166FF7722A1B3FB85C98A7F7B7
Q189,validation_rank_equal_budget_no_cf,C000,qwen:F00_Full_NoShape,correct,1,1,1,1,1,1,easy,0,locations,aggregation|filter,F2CE65D2FE8848AB17606F18C8978572195F39C1C43D5BD4B27979E05C6CE5F3,D98E61AC2461FE884779A2E33AECB2CB6135A4C8FB7F1BFCFCDF4DC5D9D20A63
Q190,validation_rank_equal_budget_no_cf,C000,qwen:F00_Full_NoShape,correct,1,1,1,1,1,1,easy,0,locations,aggregation|filter,E1D296B456F764ED296E5E70CC6ED6613B245FCAB0B7CF423583445982A7FE90,EFD24C88124419AB6CFA9A484FEC049649216A426B7E851C7538E888E304BEE6
Q191,validation_rank_equal_budget_no_cf,C000,qwen:F00_Full_NoShape,correct,1,1,1,1,1,1,easy,0,locations,aggregation|filter,A9ADC480ED6ACC5E2CF61A5F67275B3F4FFC6F14AF3AC2A1BB2B5380C3D41C94,6C2A0BA4FA1FE1628C3F46CD680122170923AC74A025001C2472497F11C68272
Q192,validation_rank_equal_budget_no_cf,C000,qwen:F00_Full_NoShape,correct,1,1,1,1,1,1,easy,0,locations,aggregation|filter,A958C553D83C959AD63491836B17167B639C3565BCE6F2621F8C7DA7F7F08A1D,C364D4375957255449638F890940C6CDE4EA6BF3B7A4BCB04865B28AFD6DF22B
Q193,validation_rank_equal_budget_no_cf,C000,qwen:F00_Full_NoShape,correct,1,1,1,1,1,1,easy,0,locations,aggregation|filter,913EAB7DBFB9690500BD8983086D605F1B8604B57918A6BE8C8607202E59CA52,38B2E194AC2954E898AB8FCDF984D782966CD14D9DA136FF01B7B47088244BA6
Q194,validation_rank_equal_budget_no_cf,C002,qwen:F10_Compact_NoShape,correct,1,1,1,1,1,1,medium,0,asset_types|assets,aggregation|filter|float|join,B92C61E4327264A50384777775C8354A4AE6BC571EA82A60F9C148D8B45568BC,6BB25D93830DFB3D0C3CD2BF041F9E80922B66BB6DA70F723325F5241D3924B0
Q195,validation_rank_equal_budget_no_cf,C002,qwen:F10_Compact_NoShape,correct,1,1,1,1,1,1,medium,0,asset_types|assets,aggregation|filter|float|join,B5C0138120931E151421428B6BB36469F61C98AED92451C2E5DC6CB244333BC1,63AD961D29BC7CDD5C8867E491EB6D094E9D2BFB142D594AB3A58921F30394A4
Q196,validation_rank_equal_budget_no_cf,C002,qwen:F10_Compact_NoShape,correct,1,1,1,1,1,1,medium,0,asset_types|assets,aggregation|filter|float|join,2FF5704B541E41C3553F980FD511C126828D7CBBCFE3CE99A39AD7E4419EB8DC,12D9A956469E8B9A07CE652EEB0C29A2EF5322DA2D3E2C50FCD0B5A954BBF5B2
Q197,validation_rank_equal_budget_no_cf,C002,qwen:F10_Compact_NoShape,correct,1,1,1,1,1,1,medium,0,asset_types|assets,aggregation|filter|float|join,BCA8235788DF8A7B4E80511704853BE23DC01EB9A6579C6302C5636ADF08752F,2BAA500471E7659AEEC8CB26FA6EFF1565751D8F7AB8B43DCE976C15418A8211
Q198,validation_rank_equal_budget_no_cf,C002,qwen:F10_Compact_NoShape,correct,1,1,1,1,1,1,medium,0,asset_types|assets,aggregation|filter|float|join,8D39A864117A85C6F6DD1384220544632BA32104C72A2961F048477907640CC2,196985D54C20EA79FAACCBE0C763EEA9B4ABE2DDD16E2DF27A89CEEAE620383A
Q199,validation_rank_equal_budget_no_cf,C002,qwen:F10_Compact_NoShape,correct,1,1,1,1,1,1,medium,0,asset_types|assets,aggregation|filter|float|join,D28665BBB36CA64052786FBE13A3251B12CB275E00874DCA4A3D2DD1B01D1D02,084AAE6809FB4DFCC9D03C63CADDC4AB8F8FD07C6DC079A0A20DF9DA21208BE1
Q200,validation_rank_equal_budget_no_cf,C000,qwen:F00_Full_NoShape,candidate_shape_mismatch,0,2,1,2,1,1,hard,1,asset_types|assets|sensor_readings,aggregation|filter|group-by|join|order-by|top-k,8AD3DAEE0C9F7CF72B0C304F46A9AB95E71343A974FB0648CD3FE978FDA3E45A,B48776A52748FCB7300FC3FDE5674B5984B47ACA419F9E29A4DCF675167ABC66
Q021,full_coordination_complete_metamorphic,C000,qwen:F00_Full_NoShape,wrong_denotation,0,1,1,1,4,4,easy,1,assets,filter|order-by,55F81C1AC873F824F3F76FD7C83D25F164EC941CF33550C2FBC69A3A03FF9FC9,2198EFD31F4C3DE5080570F611B43AD0FD7047E848954219E9DF97A9F827C3E9
Q022,full_coordination_complete_metamorphic,C000,qwen:F00_Full_NoShape,correct,1,1,1,1,1,1,easy,0,assets,aggregation|filter,D5B25E0025DA4D497DFAD3F205ED0B4E4F4CD5CE017B4F3B94EDC70D69E6D260,F914A2E6E9F067B567649ABA758F096EA3A1E1CB3DDBA17C382A290B9FAF9918
Q023,full_coordination_complete_metamorphic,C001,qwen:F01_Full_WithShape,correct,1,2,2,2,5,5,easy,1,work_orders,filter|order-by|time predicate,A3CF7F09130487231B268166416C9FB2CA967AACD2D4999722A8B0C537CF7EFA,6AEE6CD3B4332E230E2EC8E78C68AF1603299CB113A49F873577585A88EDA5B8
Q024,full_coordination_complete_metamorphic,C000,qwen:F00_Full_NoShape,candidate_shape_mismatch,0,2,1,2,1,1,easy,1,technicians,filter|order-by,2AE3589C13C9DC755D9F6447FFE778FFDFF8731E2DD17FE1C23BC5ED4E9112E2,4DADD9D2866A7A9EC4CBB9FAB5589851F68C40BE4C9D59E9E3E90DD6C7076DD4
Q025,full_coordination_complete_metamorphic,C000,qwen:F00_Full_NoShape,correct,1,2,2,2,3,3,easy,1,assets,aggregation|group-by|order-by,B9841C8D7B849E587E0CFD4642C36998AFDD4A272DF44BCB292E012BA0848DF7,D29EAC989EAFC3E63F7500F3A9E98EB1F15184AD32C402196341AE3DE68CE4BB
Q026,full_coordination_complete_metamorphic,C000,qwen:F00_Full_NoShape,candidate_shape_mismatch,0,2,1,2,2,2,easy,1,asset_types,filter|order-by,226AF37AD6E8A2CE7AC120E91B4FC54BD90E09A19555E1AB88607FEF655EB110,B7640EEA33B19B3250A81ABCD2181F399349D39D3542338A50610A754D221E5B
Q027,full_coordination_complete_metamorphic,C000,qwen:F00_Full_NoShape,candidate_shape_mismatch,0,2,7,2,3,3,medium,1,technicians|work_orders,filter|join|order-by,9C20BA2C46DD30626D4053DBE7C59E8BF338BDB80A8FE4AF36ECBE38D2CDB1E8,1A4BE67B2091AA4AC2EF17CC24EB74DB5413795CF480B725012D3E636586D7BF
Q028,full_coordination_complete_metamorphic,C002,qwen:F10_Compact_NoShape,correct,1,1,1,1,1,1,medium,0,asset_types|assets,aggregation|filter|float|join,46009CFBC3C1549CF09CB52ACC980C946A1086BD89D560C146A18673F2241D31,54DDECAFAC5EBB954C06CEC98597A00BD698E828637CBF6D38BEFEAB15B75DD8
Q029,full_coordination_complete_metamorphic,C000,qwen:F00_Full_NoShape,wrong_denotation,0,2,2,2,11,11,medium,1,assets|locations,filter|join|order-by,5A93FF98B6D1F0FFB664872E1644859C892B902F1B590F8A35269FB7FC161530,BBA836A5D8C3143D2E60FFD9DD3BEC47B774DBF87559ED3439AF15FA16EB0FF1
Q030,full_coordination_complete_metamorphic,C001,qwen:F01_Full_WithShape,correct,1,3,3,3,3,3,easy,1,work_orders,filter|order-by,2A1E4E60B4A24E54BCE4125A0A1C839E6D0884F564C6332093253FB180F651DF,2A1E4E60B4A24E54BCE4125A0A1C839E6D0884F564C6332093253FB180F651DF
Q031,full_coordination_complete_metamorphic,C000,qwen:F00_Full_NoShape,candidate_shape_mismatch,0,3,7,3,4,4,easy,1,sensor_readings,filter|float|order-by,4F40CC637421660CC6C2DB044AE25D3D3708B51929EA5B5163D150E040A2488C,5AC44A498A70D6929187195C8CBD762C06CDF8B3457E1BAE0FCA1A60940AE06E
Q032,full_coordination_complete_metamorphic,C002,qwen:F10_Compact_NoShape,candidate_shape_mismatch,0,2,1,2,5,5,medium,1,assets|locations,aggregation|group-by|having|join|order-by,584D50F7E13B8E2E488CD0421F44F7F71B89ACAD49225E250D47CFAFDEDA9CB4,5AC2DBED21AC5DBFE77961A6BC95DE4DDCD8B93728801304EC44E60A601F0F9D
Q033,full_coordination_complete_metamorphic,C000,qwen:F00_Full_NoShape,wrong_denotation,0,2,2,2,4,4,easy,1,work_orders,filter|order-by|time predicate,3DF67A263C5983BECF09C1AD45E68AB22F9EB292370E60328B38A5C691F2AAD7,98CEC50EB6962A60F1AED8C1718E6A1D5E8B8CC51C7BA9A0414BE6C5E27BA955
Q034,full_coordination_complete_metamorphic,C000,qwen:F00_Full_NoShape,candidate_shape_mismatch,0,2,1,2,5,5,easy,1,assets,filter|float|order-by,6995A1B929C3E2A14C9E6802B1D8B03B6800A464EF7572C5FA12AF6D738A9DB4,09483B77157245C6C5E9BE1610FE8B3DCE75A48D699D70318CA8EE18F9086F5F
Q035,full_coordination_complete_metamorphic,C001,qwen:F01_Full_WithShape,wrong_denotation,0,2,2,2,3,3,medium,1,maintenance_logs|work_orders,aggregation|filter|float|group-by|join|order-by,7C04532D0823A668A6F419D2918BEE38C830A1FB959F4751630EAE97EF9A4215,5FD52A03AE98A268E5699C1401991628C1D6D6181E4988438C7F336F0E4D737F
Q036,full_coordination_complete_metamorphic,C001,qwen:F01_Full_WithShape,wrong_denotation,0,2,2,2,1,1,medium,1,technicians|work_orders,filter|join|order-by,485416E479B15BE12FAEF2CAD783F555E89DDEE846B94DD1AE25E4277D5DE5B2,B2B351D2DD6E4445AF79275FA0F5DA3CFEF62F36CB190170F6DE6E7B351B7943
Q037,full_coordination_complete_metamorphic,C000,qwen:F00_Full_NoShape,correct,1,1,1,1,1,1,hard,1,assets|grid_topology,filter|order-by|self-join|topology traversal,CE3C86125B16A6F2E2B56CDF5047F44B705B1EB7F4F08816D29EBC4E8F15CA53,B045E4DE9620345D0E575188F60F3F6D232B47BAFC5F7586F3FD9766816C2247
Q038,full_coordination_complete_metamorphic,C000,qwen:F00_Full_NoShape,wrong_denotation,0,1,1,1,11,11,hard,1,assets|work_orders,filter|nested query|order-by,76B62188F154BF5BCCF9180D43D86556169C1FA9D94EBEDB2F9F693D2091EF3D,72E745C00A0F58ED2EDD21C2568B8982DD5E2407D404BD000443DEDBCA4ED63E
Q039,full_coordination_complete_metamorphic,C001,qwen:F01_Full_WithShape,correct,1,2,2,2,1,1,medium,1,work_orders,filter|order-by|time predicate|top-k,B4CD6C00B5DAE5EFF3C6B878426C218E13A252D8819B0FDB38635CF71DF1F323,B4CD6C00B5DAE5EFF3C6B878426C218E13A252D8819B0FDB38635CF71DF1F323
Q040,full_coordination_complete_metamorphic,C000,qwen:F00_Full_NoShape,correct,1,1,1,1,4,4,easy,1,assets,filter|order-by|pattern,1FA85AF6E42E0D1C18467A7950905899973454812FFB027B69BD43401222913A,8EBE89272A8ED2BDF4276016C69C61E8BA0E215B91DD36A99CCD76381F585F64
Q041,full_coordination_complete_metamorphic,C000,qwen:F00_Full_NoShape,wrong_denotation,0,2,2,2,8,8,medium,1,assets|sensor_readings,aggregation|filter|group-by|join|order-by,10C959D5D4277B44A07984A0081AB690826183846B55A63BEC29C775E8C042AA,3D6D3DCFA6005C015C82447250648EBE4E3D2C89437A232DCA907B5E432725FE
Q042,full_coordination_complete_metamorphic,C000,qwen:F00_Full_NoShape,correct,1,1,1,1,1,1,easy,1,asset_types,distinct|filter|order-by,5DF81763AB43FE8D0A8244FB132469F12FBEEB6D197A9F123AC21BB7B9B1E059,3D176D0A46AABD8359DC958BE56505456BC95FDEE7BECBE95F1CE0C86774A88C
Q043,full_coordination_complete_metamorphic,C002,qwen:F10_Compact_NoShape,correct,1,2,2,2,3,3,medium,1,asset_types|assets|locations,filter|join|order-by,89093F10AC212AF2E4766DD9D8158618BF38AB50F485DC98046ECEE7D183F974,3033FB90E3C88DD14F28CAA9D7404B3EC148B8C301D11B44A42DCFFF2AC7CFF8
Q044,full_coordination_complete_metamorphic,C000,qwen:F00_Full_NoShape,correct,1,1,1,1,1,1,easy,0,maintenance_logs,aggregation|filter|float,61982D1BF4E753A85EA2860ABB52A111F2088286249732DE05BAD0B61A5DBF31,2ADB7284D4D878BA558B1AA913DB7A45F11D6E4E96D82B9B24C31B31A8CD997A
Q045,full_coordination_complete_metamorphic,C001,qwen:F01_Full_WithShape,wrong_denotation,0,2,2,2,1,1,medium,1,asset_types|assets|work_orders,filter|join|order-by,825E39A0941F91D522B828AEBD3AC84E04A6A2288D87D489D7B7BD55A6BBBFEC,C96A6B040E2AE08507B988B863FA1F08DA2A76E2679F16FB276DEB323238B8FA
Q046,full_coordination_complete_metamorphic,C000,qwen:F00_Full_NoShape,wrong_denotation,0,3,3,3,3,3,medium,1,assets|sensor_readings,filter|float|join|order-by,7889573301DE0C0CCC24808B24B1975CAFD7888A206F0E012DA90157B6CA199B,692D6D9F23FE1084D1FEA9495BEE1D8809875B8893DA96A93EF414656FE34C59
Q047,full_coordination_complete_metamorphic,C001,qwen:F01_Full_WithShape,correct,1,2,2,2,3,3,medium,1,asset_types|assets,aggregation|group-by|join|order-by,ACC0EBFE30736C2475D96729C3EEBB5C6835946239C0B9457AF89D14D418E68B,39F74338A2111F1EF34E04009D586A004D16B93BB80B956F375D76FC7972316C
Q048,full_coordination_complete_metamorphic,C000,qwen:F00_Full_NoShape,candidate_shape_mismatch,0,2,1,2,5,5,easy,1,assets,filter|order-by|time predicate,0ABC2C166687493717CE928F1B6D5A7556795B3C6798415C98ABF6DE49303CC7,790D535AA128B306F6ED938E9B2A5718BBA0EC628B2242375539FF7846C52141
Q049,full_coordination_complete_metamorphic,C006,granite:F10_Compact_NoShape,correct,1,1,1,1,1,1,medium,0,maintenance_logs|technicians,filter|join,2DBA2BFFACC21CE0678254F22D9BE0C0000640E9D31424CFCEF90D630864176D,EE416EF7F4C0E0F5585050A84A1C02C05AFFA18D60380281ADBC92E3FF62F8AB
Q050,full_coordination_complete_metamorphic,C000,qwen:F00_Full_NoShape,wrong_denotation,0,3,3,3,5,5,hard,1,assets|grid_topology,filter|order-by|self-join|topology traversal,12CB226458D546A7B4C5A7D6A29425874AEEB0B789550258E636B5ED90A7D052,1F3AE954A1BCAB25CEB1EC2272A14D51F35A6474CCBF8D48287C845763F751AF
Q051,full_coordination_complete_metamorphic,C000,qwen:F00_Full_NoShape,candidate_shape_mismatch,0,2,1,2,1,1,medium,1,maintenance_logs,float|order-by|top-k,6CD5BFC27832530426B70871A322FF87238E9495F3AFA1785990C7FD1A5667D8,8186C9B7C74D7153D2A3E5364F5AD2ABC02DA97A428E332303F868640A96606B
Q052,full_coordination_complete_metamorphic,C000,qwen:F00_Full_NoShape,candidate_shape_mismatch,0,2,1,2,3,3,medium,1,asset_types|assets,filter|join|order-by,632246FF949883071FCD494742F01F1444620DE4AE7BE8858BEED5B39D77738D,85DF82AC2ABE10DD5ED6C6D984D4D687FE6CE678589BC733F59070004B547B73
Q053,full_coordination_complete_metamorphic,C001,qwen:F01_Full_WithShape,wrong_denotation,0,3,3,3,2,2,hard,1,work_orders,filter|order-by|scalar function|time predicate,CDBF0294517DF95FBEAD023FE07AD1CCF2D9415FFD4025EEFE389D0C924F9271,3EAE7BE8AF8CF36D1703C80633D8B0CE6180A8A5F4FF5EC524C2106E40CEDDF5
Q054,full_coordination_complete_metamorphic,C000,qwen:F00_Full_NoShape,correct,1,2,2,2,4,4,easy,1,sensor_readings,aggregation|group-by|order-by,0209579551C7C143494FC829E3BB901AC7C119B99EA9A1E1DFA4779AF45B9E4E,D8B52409C7C001AEAAFCE4E0ABE9E04718FC18D305762DFDF40537090C9269BF
Q055,full_coordination_complete_metamorphic,C000,qwen:F00_Full_NoShape,wrong_denotation,0,1,1,1,2,2,medium,1,assets|locations,filter|join|order-by,22ED189C6D32113248D61E534405B59ECFDBDECDF0ED9E6236EEB4C0F6F10600,D415506393250DA3C55B5152424D2C8CE60A8106C2C445DD502A049F00EB2C79
Q056,full_coordination_complete_metamorphic,C001,qwen:F01_Full_WithShape,wrong_denotation,0,2,2,2,15,3,medium,1,technicians|work_orders,filter|join|order-by,F2B48E838B6C7B2F5C6085A9499A9AD95CA3CEE6191C0F2A2B9BD16EF1605E04,4289E1781826F34A34DD523F831378B0936CB18EE72A25056922A9ABEFF7589F
Q057,full_coordination_complete_metamorphic,C004,granite:F00_Full_NoShape,wrong_denotation,0,1,1,1,1,1,easy,0,sensor_readings,aggregation|filter|float,A7CCD32E9F35D430FE4A98F9E119F2D4C95E4F9F6A8CF180B7905BB3A8940074,E83BCDA26C405F53453C322BC9A153554DFB63AD0414921B833DAB23BFDCDA57
Q058,full_coordination_complete_metamorphic,C000,qwen:F00_Full_NoShape,wrong_denotation,0,1,1,1,6,3,hard,1,locations,distinct|filter|nested query|order-by,D7D55DE9664B26E85D0DECAB22188E5B54957F227752DDEC8578BB179B403DBA,117CE18E62A2C6F5B6F1A2D1049CA245877A54DEA51FF8654B501AA2147D96D6
Q059,full_coordination_complete_metamorphic,C001,qwen:F01_Full_WithShape,wrong_denotation,0,2,2,2,4,18,hard,1,assets|work_orders,aggregation|group-by|left join|order-by,F9C0625E7B780F927F78334FE29BB7395F5E37559B5860C784528EEF3D837B33,3DFAC6294FA48460FE07FC0DEED4527955CA9F7EA62EDB72EFEF66A5219701E5
Q060,full_coordination_complete_metamorphic,C000,qwen:F00_Full_NoShape,wrong_denotation,0,1,1,1,10,10,hard,1,assets|sensor_readings,filter|nested query|order-by,4311F9BF5AC5A005E8A014C1E2BC7B44FA89A1F92BAFBFBCF05AF9E9697FCAF8,8DFC0FBE8CC2393C9F4E29E4FCF12CC084574B2C95E1934AA8B0CF40486323AC
Q061,full_coordination_complete_metamorphic,C002,qwen:F10_Compact_NoShape,correct,1,2,2,2,1,1,easy,1,asset_types|assets,filter|join|order-by,8CFD528AA4D1A3ABFFF2CAA84A043C56D5581C335A96877B6B3F9642EDF3B35E,CB8A8CA90B5B5B65811AA50547961910F48DD4D22DC465C65D740863041AF421
Q062,full_coordination_complete_metamorphic,C003,qwen:F11_Compact_WithShape,wrong_denotation,0,2,2,2,7,7,hard,1,technicians|work_orders,aggregation|filter|group-by|left join|order-by,02080FB8AD3F628DADDEBA691E8C08ACA351C7C5C5A105733BDF75AF651EB57A,D5FE9AD86D37A053D4D7A70DB8044F96A7D0DA521ED50AEA86C7C4DE091EA3E1
Q063,full_coordination_complete_metamorphic,C001,qwen:F01_Full_WithShape,correct,1,2,2,2,1,1,easy,1,work_orders,filter|order-by|time predicate,DA53A3B5C972C7ADB9AD95333511781CC811BBBED4F0FB275D05CCFE5EA315F7,9BC61C0E25D15E080395150B61ED05DC6A342608FE1BCB66CBB3165CAB232AC0
Q064,full_coordination_complete_metamorphic,C000,qwen:F00_Full_NoShape,candidate_shape_mismatch,0,4,2,4,15,15,hard,1,assets|sensor_readings,float|join|nested query|order-by|time predicate,5DD5603BEDC0A83823087335F670348C09CA4710BE1F655ECE2EB83E0A7CAEAA,3668AF6F317F360422A127A07D15C6520B21A32029142BA9B9C9FF430E0EDC43
Q065,full_coordination_complete_metamorphic,C000,qwen:F00_Full_NoShape,wrong_denotation,0,1,1,1,4,4,easy,1,assets,filter|order-by|pattern,A0EB5B6158011E57C84403D46EF0E996EFD2435CA19368508DE43C3412F0E831,C5BD5C26B91224A6B61EF52388B9D8E6E901CB40A83BC61A526D27093BA499E4
Q066,full_coordination_complete_metamorphic,C001,qwen:F01_Full_WithShape,correct,1,1,1,1,7,7,easy,1,work_orders,filter|null|order-by,73EC29EE90BE10D52AF1B9A6E6637C370408ADF28CDE872950CF0721E464A6F8,73EC29EE90BE10D52AF1B9A6E6637C370408ADF28CDE872950CF0721E464A6F8
Q067,full_coordination_complete_metamorphic,C000,qwen:F00_Full_NoShape,candidate_shape_mismatch,0,2,8,2,2,2,easy,1,maintenance_logs,filter|order-by,1FC4330B0484D8DE75143CF1F872F5F37FA553644218E7208BB5908C81221515,8A3CA45B2951961D067C5F1853776756E2E634AFA005BD7DBA46152A8A26599A
Q068,full_coordination_complete_metamorphic,C000,qwen:F00_Full_NoShape,wrong_denotation,0,2,2,2,6,6,medium,1,asset_types|assets,aggregation|float|group-by|join|order-by,99C6C8200C6213230590869578A4A073C78CACC70DA2D13050C27CC96EBEE5BD,85CFEF7B936CE99C93FE7B3FA4D790D3A62A1C3610D4406C2FB446EF88721A92
Q069,full_coordination_complete_metamorphic,C000,qwen:F00_Full_NoShape,correct,1,2,2,2,2,2,medium,1,asset_types|assets|locations,filter|join|order-by,64FC04748004659A8E350648FEEFFCF71CD91C47004676D8C2A955E156423F0D,4C9A53FDA153DBC282E75ED5D8A8271290B409B3983EC5245A5A355FCD513F55
Q070,full_coordination_complete_metamorphic,C000,qwen:F00_Full_NoShape,candidate_shape_mismatch,0,3,1,3,2,2,medium,1,grid_topology,filter|order-by|topology traversal,8E6978330D07E8DA7EAE580E799EE5774BB30BF9DEB3850112A61E57A9096FE0,DE4AB58DD907088525A343A7DAEBD70C2E24266A926BA47803FD436F0A020578
Q071,full_coordination_complete_metamorphic,C001,qwen:F01_Full_WithShape,wrong_denotation,0,3,3,3,1,1,medium,1,assets|work_orders,filter|join|order-by,335B95A71827DDFC1678B93E953450739B35763E65246E953178D0E361D20368,E97FEB511A72F5242C5B426C15B5B68C0AC52AB5CFAA307E2F2BE34D1DCF1583
Q072,full_coordination_complete_metamorphic,C000,qwen:F00_Full_NoShape,correct,1,1,1,1,1,1,easy,0,locations,aggregation|filter,6CA07808FEA4556710BDA8FD4B1F1FD4B49212F172BE31673FC1B9B14D1F0256,95EAB691F3A87564414FB116CCC94458C67C735A9958F15C840959E7DB9879CB
Q073,full_coordination_complete_metamorphic,C001,qwen:F01_Full_WithShape,wrong_denotation,0,1,1,1,5,0,hard,1,technicians|work_orders,filter|nested query|order-by,F293D3EBC023CEF9E3176EFB9FBE17541EFB9AEEBF40298530BA4A9DB83F70F8,EA2420FEE687FD65F202317C768EA6E3DC6FD466407B8319A0595851D188137C
Q074,full_coordination_complete_metamorphic,C000,qwen:F00_Full_NoShape,candidate_shape_mismatch,0,2,1,2,1,1,hard,1,asset_types|assets,aggregation|float|group-by|join|order-by|top-k,6D8B280D5E6E4CC847E1BA4DA938135B1F7DE9C9E1681E71122236FD78274411,B3B989D9A5ABEE1F604FA90721954855A1D98E68FACCAD5A30A70A72116F86E3
Q075,full_coordination_complete_metamorphic,C000,qwen:F00_Full_NoShape,correct,1,1,1,1,1,1,medium,1,technicians,filter|order-by|scalar function,CB38B12F6486A9B67111967D7AC4116EF2F27E3393F8F562CF38B2C83A0D7A41,8075FFA2B3AD5DABD5BC301871642C493AEFF0E21B13E50DF735B53208C4E3F9
Q076,full_coordination_complete_metamorphic,C003,qwen:F11_Compact_WithShape,wrong_denotation,0,3,3,3,8,8,hard,1,assets|locations|technicians|work_orders,filter|join|order-by,B70C2C9311992CFCD691589411C0AAECD92F9025E0F1CF753D623EA8E0D1244D,AA5687CCFF7ED2B6D7D26AF69D1CF935236DDB5C496DA6F59BF2CB5194DC765F
Q077,full_coordination_complete_metamorphic,C001,qwen:F01_Full_WithShape,correct,1,1,1,1,6,6,hard,1,assets|sensor_readings|work_orders,distinct|filter|join|nested query|order-by,8D387E1560577FA062417057211870180D1B2536AF2A37E35AF965191A6F3AF3,3A581069DD8A71B35ACBBF96C143EF11E799EF3534FA97CB6EDE4228C5CCAFE0
Q078,full_coordination_complete_metamorphic,C000,qwen:F00_Full_NoShape,wrong_denotation,0,1,1,1,1,1,medium,0,maintenance_logs,aggregation|filter|float|time predicate,19AC4C47236BD4277886DF4C20796B1C9885E17C15C02F4F4FAC49108E13EDC1,189994EC16E232110E615D509BA67D7EB2D5E3DA5EEBE8800A9A217765A6DE0D
Q079,full_coordination_complete_metamorphic,C000,qwen:F00_Full_NoShape,candidate_shape_mismatch,0,2,1,2,2,2,hard,1,assets|grid_topology,aggregation|group-by|having|join|order-by|topology traversal,637684FAC730AA6CCA6032308F6274504D089E1B29FA9D3FF15FBB68975E1AF6,BF4F0EA342B7028E01793072D85D1178814F555A8FA5378F3192C135BDED2615
Q080,full_coordination_complete_metamorphic,C000,qwen:F00_Full_NoShape,candidate_shape_mismatch,0,3,13,3,4,4,hard,1,asset_types|assets|locations|work_orders,filter|join|order-by,7E5CD87FADA85D8D749954063FC27D5699446C19E7EC1677D3EC5796D9A596C0,56DC4BFED3DB08B1C0326C1F215763519AAE73E65A2E9B35E688A92A2CB84E6B
Q081,full_coordination_complete_metamorphic,C000,qwen:F00_Full_NoShape,correct,1,3,3,3,1,1,medium,0,asset_types|assets|locations,filter|join,7C6AA8331CB1EA30533B0392B660823C88012CBEDDD371AD6A6F37B65FB9FE0E,B5DFF96C6059A8199759F61599CEF41B66796187405AC66FBA00C76616BF4C3E
Q082,full_coordination_complete_metamorphic,C000,qwen:F00_Full_NoShape,correct,1,3,3,3,1,1,medium,0,asset_types|assets|locations,filter|join,5EE929892BA6AF4AC80B97E5B7746879326E44772C0C02B960EE3F6B385FD553,5907FBC3F9F3722B44678B02D9B02222BE4AA59CFA5D97407A69E90B2B9B2F95
Q083,full_coordination_complete_metamorphic,C000,qwen:F00_Full_NoShape,correct,1,3,3,3,1,1,medium,0,asset_types|assets|locations,filter|join,A8C1087E127E4B939C564F4DEBC1BD2AFD932F51A67D383D69525E21B8A08266,7BEBBDB5539972BBDB52996E31053D376CDE31AF40998FEFDA5D143B8A068CB3
Q084,full_coordination_complete_metamorphic,C000,qwen:F00_Full_NoShape,correct,1,3,3,3,1,1,medium,0,asset_types|assets|locations,filter|join,DB325846FF3C3605A81C849813E647251C8700D8D5CE5F3AD4536728ADF9E18E,E9B608A9FE56DD4A70F4BFB2BE6A57DFDCD5857163DB2E40DB8790E68C0E983B
Q085,full_coordination_complete_metamorphic,C000,qwen:F00_Full_NoShape,correct,1,3,3,3,1,1,medium,0,asset_types|assets|locations,filter|join,F4F80A494ED244F7158D3293A3BB7B52595CD0D3B4B3282CB1EE3AE64A0D5DDC,BE47859E9627B4953A38F609DBC5096697D6F691E646B1F0325383F8AF193E6E
Q086,full_coordination_complete_metamorphic,C000,qwen:F00_Full_NoShape,correct,1,3,3,3,1,1,medium,0,asset_types|assets|locations,filter|join,8EEBAAA7081BC7482BF9C0DC68195AA84E08119CAC316BD7BCB7C4D19395C616,AD8C5AE8369AAD1CD2D29F12FEBEE5833F05100C2BD337D93549AEF9E8DE16FA
Q087,full_coordination_complete_metamorphic,C000,qwen:F00_Full_NoShape,correct,1,3,3,3,1,1,medium,0,asset_types|assets|locations,filter|join,CBDF469CBCB2D55BF2C9FB85B1515FE0F4043C326C701D3B48E12A679816E419,EC610E6CB8DAE78AF9A630AB0327E4D83BF7E869679B118E9B4F3AC80A125542
Q088,full_coordination_complete_metamorphic,C000,qwen:F00_Full_NoShape,correct,1,3,3,3,1,1,medium,0,asset_types|assets|locations,filter|join,013744DC08499748C37421C17D13D9CDC9F95975CFA6B1553F226343EC24A294,AB06F6AE1D6A86C92475A4CAB67407D223CDEF7E023A33888D45D7474FBEF815
Q089,full_coordination_complete_metamorphic,C000,qwen:F00_Full_NoShape,correct,1,3,3,3,1,1,medium,0,asset_types|assets|locations,filter|join,CF1E1938AEF0999C50E16B8D719880C486B76444EE00D121F8F36CAF0EE11AE5,78DE4B7992B28BB07F2B0EEA4DB6D9B805E2B672F8AA3AA7A8EC1C15ADF6F8C0
Q090,full_coordination_complete_metamorphic,C000,qwen:F00_Full_NoShape,correct,1,3,3,3,1,1,medium,0,asset_types|assets|locations,filter|join,C60E3572C046FE28F80164BFDD04A76894EE9FF72AE7E32D9D59A68A2D5627D2,F2995887A6CDE41BAE098E58C25E5FE4A6FC18517FBDFD424ECDB715AADC1B76
Q091,full_coordination_complete_metamorphic,C000,qwen:F00_Full_NoShape,correct,1,3,3,3,1,1,medium,0,asset_types|assets|locations,filter|join,4EBA8AF7CFD8895B18A911824BFF5FF4F462FD489C1CDC27914C4E07C02AFDBC,C90ADD655689FCD9911FDA1120AE5F0439C0E554E9CB8C8DF1BF70881774653C
Q092,full_coordination_complete_metamorphic,C000,qwen:F00_Full_NoShape,correct,1,3,3,3,1,1,medium,0,asset_types|assets|locations,filter|join,A8BFDA04991592DD3CEDB7F45785E7992DD2F068E51704C7BE027D6127A9DD9A,8C7606BCDD6CFBA13724611294FE27BA6416EAF37F7B0A9A7BA4CF7F2840E2AE
Q093,full_coordination_complete_metamorphic,C000,qwen:F00_Full_NoShape,correct,1,3,3,3,1,1,medium,0,asset_types|assets|locations,filter|join,731111BC5E2ACB61861302255978F4C11B19BBC54F610E640B92B64E906F8E04,80AA5E635828D15D65DE1C95E333A7C29B831D491A1AAB2C3B4AF00FA7524316
Q094,full_coordination_complete_metamorphic,C000,qwen:F00_Full_NoShape,correct,1,3,3,3,1,1,medium,0,asset_types|assets|locations,filter|join,C2E2DF54A85C10848727A14FEF927B01E06D3637BB3AD93C3F1E4BD7D7C45FBF,72A4EEC70FE114219C53C3B3BDB8956BAB9A8F048CF56A4EC08DCCDB2F00013F
Q095,full_coordination_complete_metamorphic,C000,qwen:F00_Full_NoShape,correct,1,3,3,3,1,1,medium,0,asset_types|assets|locations,filter|join,15BDCE5F630526076AFA10BAEE4BCDCE161CFBA948113B13EEED01DF63E4CB34,26D884CC511DBF8DCE2BA5F82EB15338F8DF136F43F11EF608B9CB5A0125BFFF
Q096,full_coordination_complete_metamorphic,C000,qwen:F00_Full_NoShape,correct,1,3,3,3,1,1,medium,0,asset_types|assets|locations,filter|join,93C283CC73431533C707EDF36BCB6E61EF5E86918F1F5DB30D6AB804BCFA38F5,D7A4E1B40F05EE267E53226B4C3B2AD861809C274003AFDB2DC6103556EF15BC
Q097,full_coordination_complete_metamorphic,C000,qwen:F00_Full_NoShape,correct,1,3,3,3,1,1,medium,0,asset_types|assets|locations,filter|join,868BFDDE5DA9AB55305464ACC1490285643B491CD3E97226B33A0E97A6546C25,F5EC9300EA6C17C34C465780B1B3B1AF5C281D823AAE63B38AAEA0943779E901
Q098,full_coordination_complete_metamorphic,C000,qwen:F00_Full_NoShape,correct,1,3,3,3,1,1,medium,0,asset_types|assets|locations,filter|join,71529376EC84A99D77DA357CACFF1BE4ED35C84F89E2AAC8E52CB601512593C0,2C0C09F5495E655CB3AAE807E7D9ED40B69561C9DE1C4481CA8935F94D119B46
Q099,full_coordination_complete_metamorphic,C001,qwen:F01_Full_WithShape,wrong_denotation,0,3,3,3,1,1,medium,1,assets|work_orders,filter|join|order-by,DB0D88DA77733F6C176546E154DF65847FA42A32442F408DA3319A054508C4D7,6BF9EBE685BB1E6B61F9AD8B1B4FC8220894AEFB6A787DA91E08B6766DEB8980
Q100,full_coordination_complete_metamorphic,C001,qwen:F01_Full_WithShape,wrong_denotation,0,3,3,3,1,1,medium,1,assets|work_orders,filter|join|order-by,780F41ADD3F11CAE21DA0695FBBEE348695FF8115789DBCF764571EFE873ED0A,D71A3F8AB7F6C275DA1810FA42D3F080E31986F00F4D37EEF1710E34D8F02D47
Q101,full_coordination_complete_metamorphic,C001,qwen:F01_Full_WithShape,wrong_denotation,0,3,3,3,1,1,medium,1,assets|work_orders,filter|join|order-by,4938ACD743722CE8F6A76A4A6771AE2FB7B64C16F3B2280181D10C9CB3167A50,9E554A31806BDEBEF5515422C23D4B4B54F69A2383A30770E2496EE85235414E
Q102,full_coordination_complete_metamorphic,C001,qwen:F01_Full_WithShape,wrong_denotation,0,3,3,3,1,1,medium,1,assets|work_orders,filter|join|order-by,F7526D2219B865C894A4F81348573EB1A4A8A16EA500F9306485EF12E95E5247,B91FC88F8737230FD282F58A0C69BC42A1DE8D99665299EF53B09E57C7512DE1
Q103,full_coordination_complete_metamorphic,C001,qwen:F01_Full_WithShape,wrong_denotation,0,3,3,3,1,1,medium,1,assets|work_orders,filter|join|order-by,80612E94D439A5162298360E13A7A0919EF17F8BD6A50A2C5D5B3590DFE95F54,C386265AAB4973D3DC9FBC7633211E0BC9312C72B649097932B1819450C922BC
Q104,full_coordination_complete_metamorphic,C001,qwen:F01_Full_WithShape,correct,1,3,3,3,0,0,medium,1,assets|work_orders,filter|join|order-by,35A08DB08985CE9D1D1FE0C7D75E227DB5F1D1AE7C4132E36F0FB21B779E50F9,41AF7A63B404C8F1F460E26A3EAC59A9A25A503835E2A473A9C172D2FF945282
Q105,full_coordination_complete_metamorphic,C001,qwen:F01_Full_WithShape,wrong_denotation,0,3,3,3,1,1,medium,1,assets|work_orders,filter|join|order-by,CD13A1C2F1FFC42B1E20A31D6B99799BCE81DC1F3E32FF93EE62F24E7AE7BCAD,9A87A0113FB5B583C3E278A16AB9681F3380F6F743363449CD2E9606D64555CB
Q106,full_coordination_complete_metamorphic,C001,qwen:F01_Full_WithShape,wrong_denotation,0,3,3,3,1,1,medium,1,assets|work_orders,filter|join|order-by,E6EAC746A1BA7500157B103B3BF25E93CA54088ABF8FBCE4DB22351579D50C9A,ABC385CDC88056C5B240CBB1CBF71D84FA00AAF5F2D1A0016012A05C9FE63AA9
Q107,full_coordination_complete_metamorphic,C001,qwen:F01_Full_WithShape,correct,1,3,3,3,0,0,medium,1,assets|work_orders,filter|join|order-by,CE4B77BA09C4A5263CDD3F1F5D0993C402593CC4D729F96A5EFA63643AE56647,92CD6A92EA310D3EF3D24DF6FD0EF1DB23D6F439F5C40EBD548AD297CC29C55D
Q108,full_coordination_complete_metamorphic,C001,qwen:F01_Full_WithShape,wrong_denotation,0,3,3,3,1,1,medium,1,assets|work_orders,filter|join|order-by,F6F3FF9CAC591416EB137093C95020A9EB16DF230B03EA58B0588B729EA3DB96,CB6B1F12686B8F23DE9AB1A591B17B55257DC5B84CF97EDC158E742AB5593C4D
Q109,full_coordination_complete_metamorphic,C001,qwen:F01_Full_WithShape,wrong_denotation,0,3,3,3,1,1,medium,1,assets|work_orders,filter|join|order-by,147D06CD80E5762E66075E771A3C076E7197192046931851C66D9DACC2B9E7CD,CA891F2337BC1FABC1EDA04BF4318D3BD5F81EE4556115D682E97ABE45439A62
Q110,full_coordination_complete_metamorphic,C001,qwen:F01_Full_WithShape,correct,1,3,3,3,0,0,medium,1,assets|work_orders,filter|join|order-by,A1CBEF50CDF4ED13FF7B6A753F397D7DD5FF39EF673FF8B2B2439A49FEF3CC50,1F87F45858C889D3425AFBDDCDEB10D5915FBFF7D93B3E5A204717DC800E1499
Q111,full_coordination_complete_metamorphic,C001,qwen:F01_Full_WithShape,wrong_denotation,0,3,3,3,1,1,medium,1,assets|work_orders,filter|join|order-by,3665222898BAF553443A12F31BE7B11B025A9A91C851A034A829029EF91550D3,82F9129BF81A30B5E70DD063E12B3D72E1EF7A64810C18CFF2A4489065CD6614
Q112,full_coordination_complete_metamorphic,C001,qwen:F01_Full_WithShape,wrong_denotation,0,3,3,3,1,1,medium,1,assets|work_orders,filter|join|order-by,8CD5217349C69FA0186B0439973B7B0DF720E7F8F41BC38066C584036BF6FD9C,A8224D1F700D864B9A1A7ED63F945DEFD172078F0DC7A07137B6AA3A15658BA4
Q113,full_coordination_complete_metamorphic,C001,qwen:F01_Full_WithShape,wrong_denotation,0,3,3,3,1,1,medium,1,assets|work_orders,filter|join|order-by,B9B102E2AD6D5175BA7EA60D545B8989EA619A6BE09740D6F47DD2BC79D6D6B3,BCF472BEA807A36A0A6146014EB6B342D54472212ADC8E37F45C09ED82DF1DB0
Q114,full_coordination_complete_metamorphic,C001,qwen:F01_Full_WithShape,wrong_denotation,0,3,3,3,1,1,medium,1,assets|work_orders,filter|join|order-by,335B95A71827DDFC1678B93E953450739B35763E65246E953178D0E361D20368,E97FEB511A72F5242C5B426C15B5B68C0AC52AB5CFAA307E2F2BE34D1DCF1583
Q115,full_coordination_complete_metamorphic,C001,qwen:F01_Full_WithShape,wrong_denotation,0,3,3,3,1,1,medium,1,assets|work_orders,filter|join|order-by,64DA340060203BF9711944E2E31D5F1429456EAD361783D44A1E0241E4BCC726,9FEDD4D8A154A5979AB6353D353EF5729594B3018ECE5AEB20824FCC6C1D9A94
Q116,full_coordination_complete_metamorphic,C001,qwen:F01_Full_WithShape,wrong_denotation,0,3,3,3,1,1,medium,1,assets|work_orders,filter|join|order-by,8D5C7F2C08FB1EAF490F9220BB29A38CDE9E23F3DD06856A9D629C58662818CE,9C493A195F29C0AB271B65A6DE85273D13DFE693DC84B3DF1755BBEC92C8150C
Q117,full_coordination_complete_metamorphic,C000,qwen:F00_Full_NoShape,candidate_shape_mismatch,0,4,6,4,1,1,medium,1,assets|sensor_readings,filter|float|join|order-by|time predicate|top-k,69B3FD42EC4FBEB346C030F11F0DC03930B3B68DC75F5916F4258256A59318E6,ADDB11C32923185E4B1B5D4FAF244BB15F14A267EB51F4A4E1042B99C6CFAC41
Q118,full_coordination_complete_metamorphic,C000,qwen:F00_Full_NoShape,candidate_shape_mismatch,0,4,6,4,1,1,medium,1,assets|sensor_readings,filter|float|join|order-by|time predicate|top-k,C06BF35A4A07228B0B6F2FE9166B2718AB49689700A5DBFEC92E66CE9CD53B18,6C2CE94927FE1ED8110277B2991EB547D2F0DED199533691FF05F7A8AF570602
Q119,full_coordination_complete_metamorphic,C002,qwen:F10_Compact_NoShape,candidate_shape_mismatch,0,4,1,4,1,1,medium,1,assets|sensor_readings,filter|float|join|order-by|time predicate|top-k,2F14BF29EDE8175EB2E52F114D6DA733BA96B7F5A384DB2E44E5930827514E7B,235D55B60C02355C29746D04A7A4CD7F52DF41E442EE169FCD3F3A03CD004476
Q120,full_coordination_complete_metamorphic,C000,qwen:F00_Full_NoShape,candidate_shape_mismatch,0,4,6,4,1,1,medium,1,assets|sensor_readings,filter|float|join|order-by|time predicate|top-k,EA39C2E9C9668E845FA723E5EDCD4FD41D7B429D2CE8F614743D92B1C80DB141,C538A82A512A0972EFCFEF46D832F24EDA184A51136A4E6375FC335EB27B5DE9
Q121,full_coordination_complete_metamorphic,C000,qwen:F00_Full_NoShape,candidate_shape_mismatch,0,4,6,4,1,1,medium,1,assets|sensor_readings,filter|float|join|order-by|time predicate|top-k,8C3FE4799451CC2FF7205FF0EDE22E4188F56F0CD1E1A9C1C5DF7454D0334BF9,38D2BE7FBE3C6C649A1B5FA80ACBEEF334758BA2C540752007AC4561E174B1BD
Q122,full_coordination_complete_metamorphic,C000,qwen:F00_Full_NoShape,candidate_shape_mismatch,0,4,6,4,1,1,medium,1,assets|sensor_readings,filter|float|join|order-by|time predicate|top-k,4DC00026176930FF7DA084855DC1BF34B7CE9CA9B686D53E6CF7327A9F37BE95,F39EF13DC8ABDEE58F9EB1B202C277013B7B800B148381AF26EA6775491ECF7E
Q123,full_coordination_complete_metamorphic,C000,qwen:F00_Full_NoShape,candidate_shape_mismatch,0,4,6,4,1,1,medium,1,assets|sensor_readings,filter|float|join|order-by|time predicate|top-k,02E00681CAAD11E42C0C2D6974B60772659B756C7ACFED455D527B0C4A578862,1BC2E46D210D620AAF5C84F771E1E5581E2642CE844524674C2B2F589DC9FAB2
Q124,full_coordination_complete_metamorphic,C000,qwen:F00_Full_NoShape,candidate_shape_mismatch,0,4,6,4,1,1,medium,1,assets|sensor_readings,filter|float|join|order-by|time predicate|top-k,0B1400F6A6A8C41E1B7959102B08C8F66201BDFC9D98A08023B6E8DE2512A15A,A290DB31E66C08B49FC8C381F2F60A0BD658ACBB2AEA91A4A5C96575AE60160C
Q125,full_coordination_complete_metamorphic,C002,qwen:F10_Compact_NoShape,candidate_shape_mismatch,0,4,1,4,1,1,medium,1,assets|sensor_readings,filter|float|join|order-by|time predicate|top-k,10A1C7F502FA80B68CF15C2957D47D44E13C7E76610C032B9A54E81AA45A879F,7992EEE72D9FD9518655D7883286F6CB288BED666AD4716BE67643D7CDF04F5C
Q126,full_coordination_complete_metamorphic,C000,qwen:F00_Full_NoShape,candidate_shape_mismatch,0,4,6,4,1,1,medium,1,assets|sensor_readings,filter|float|join|order-by|time predicate|top-k,3CD55E9F6C50137BD061F7CACF58AC462854DCA63BCD4FF8A094354291CF2FB6,51DCC1CF59797FDB8D524E21A8085A4B1C32D7753B2428EB1AB377F9CD3DC134
Q127,full_coordination_complete_metamorphic,C000,qwen:F00_Full_NoShape,candidate_shape_mismatch,0,4,3,4,1,1,medium,1,assets|sensor_readings,filter|float|join|order-by|time predicate|top-k,810243E8DB0433F47E2CBC4839A9908030DCC8C5774C1E176F2AD034EEC7C210,A117A0E5D5CA594A8D37A55430C71E3AD7C33D86B2891BF2E96A4297744253E1
Q128,full_coordination_complete_metamorphic,C000,qwen:F00_Full_NoShape,candidate_shape_mismatch,0,4,6,4,1,1,medium,1,assets|sensor_readings,filter|float|join|order-by|time predicate|top-k,8F91777B465CA6D253E60FA7E7D6DDBF98CD2687D696BA4839F2108CA620D6C9,BB81A8F11DA0187DA28E4D6AD68735970ACB5A2AFC07414BD2427DB0A369C598
Q129,full_coordination_complete_metamorphic,C000,qwen:F00_Full_NoShape,candidate_shape_mismatch,0,4,6,4,1,1,medium,1,assets|sensor_readings,filter|float|join|order-by|time predicate|top-k,776CFDD72FC5388619D44DCE6555DD89F899773555F54F260FB73C36306344AF,8CA57CC09F45306A7B17C7CF6513E8374167574D8555012E6AE7FF89181B04E5
Q130,full_coordination_complete_metamorphic,C000,qwen:F00_Full_NoShape,candidate_shape_mismatch,0,4,6,4,1,1,medium,1,assets|sensor_readings,filter|float|join|order-by|time predicate|top-k,BC8C5396D25C2CA1811EE1143E55132D3940A30AA5A722F7A7697349BB573D3F,66009698E99F05D64B9A5E5BE82CA02620C032CF817352FD25624D9FA0493B18
Q131,full_coordination_complete_metamorphic,C000,qwen:F00_Full_NoShape,correct,1,1,1,1,1,1,easy,0,assets|locations,aggregation|filter|join,223DEE7C8DF83D00B969F43E89CF9DD60362ED354FB528EA9585BF98396F7C9B,926DAC82557721913B5B755DEF4E6D7902333789F9AFF24165E7D060F583B4D1
Q132,full_coordination_complete_metamorphic,C000,qwen:F00_Full_NoShape,correct,1,1,1,1,1,1,easy,0,assets|locations,aggregation|filter|join,F38A3F0C58F6E2A6B684A252D0680FED9BA1EF286DDE6D8DD6BC35FDF2EC5F0F,87F227DF6F9A9C2278171B0FA86333BBFED04EF17B9C027C1C384F7A5604A920
Q133,full_coordination_complete_metamorphic,C000,qwen:F00_Full_NoShape,correct,1,1,1,1,1,1,easy,0,assets|locations,aggregation|filter|join,7C85FE5EFEA87042EEF89660587B1DF8C35C0A21DEF38B58674FCFCE198C1C92,82FFD9A8D5E5FC223E7AF549EE3F28D5BB90775E46E60BED0EB7EC4181944C36
Q134,full_coordination_complete_metamorphic,C000,qwen:F00_Full_NoShape,correct,1,1,1,1,1,1,easy,0,assets|locations,aggregation|filter|join,2809822C0EE05D06A953B1631684DD86BB446EF38218D0197D7372B2CC1FD69D,5868892DB40C5387F6F38780322F8B7726F2AC0E3807C27476D38BCC6BEA2C96
Q135,full_coordination_complete_metamorphic,C000,qwen:F00_Full_NoShape,correct,1,1,1,1,1,1,easy,0,assets|locations,aggregation|filter|join,170F29E90086F85E9A87C3C196D6FF6E3FB691D37E98F64FA83A33F2D457EC69,B6590CBD8A77D19F0637FC55A4B7B4C4D010F580907B133F89B6908F4387E40E
Q136,full_coordination_complete_metamorphic,C000,qwen:F00_Full_NoShape,correct,1,1,1,1,1,1,easy,0,assets|locations,aggregation|filter|join,2B06D7496B676D74FA091F386C3474E188D329370E839EE7F739CF440E312A5B,FD0D4C193FFA8524DA8C0A9C846DBCC039FA29FDB7034474E85704812AA3FF03
Q137,full_coordination_complete_metamorphic,C000,qwen:F00_Full_NoShape,correct,1,1,1,1,1,1,easy,0,assets|locations,aggregation|filter|join,A65450E5D317B461C09B798F8C658230C1E3CEB17E01457AA9D027FE588CF0FC,C510A4F480C890919D61542527C4484503C79E7F886440DD697CBB05C07933CE
Q138,full_coordination_complete_metamorphic,C000,qwen:F00_Full_NoShape,correct,1,1,1,1,1,1,easy,0,assets|locations,aggregation|filter|join,F923B94EF0B542E0AEBFC81B2F7B8A62CCABB6F3E16D083189D60B0EA79DFFC4,E4232AC36C8531B610F07F35323BE6D3CE210DCA9100C1F2AA5B079F951DEE7B
Q139,full_coordination_complete_metamorphic,C000,qwen:F00_Full_NoShape,candidate_shape_mismatch,0,3,4,3,5,5,medium,1,assets|sensor_readings,filter|float|join|order-by,97270341B5684E784874013E233923485CA0297B38D95A989BAB148281B07E0C,CBD1D3E389EDFEB07D635046BF87B3AC06B895497ABBA66F9042635E26DB3898
Q140,full_coordination_complete_metamorphic,C000,qwen:F00_Full_NoShape,candidate_shape_mismatch,0,3,4,3,0,0,medium,1,assets|sensor_readings,filter|float|join|order-by,5ED6F4834D5BD9D6927B7EBF839F6B68F3F3566F12BC8A6EF79348B8556A1274,E7AFD864A4AA0E3CAC06A707B65998B52154E8B0F3A5C20981AFEEF477184D24
Q141,full_coordination_complete_metamorphic,C000,qwen:F00_Full_NoShape,candidate_shape_mismatch,0,3,4,3,4,4,medium,1,assets|sensor_readings,filter|float|join|order-by,12DE0493FEFD4D2A91395ECB424E62ED1DE75EFDA8B58947E7818520162AA1CA,1685D70047643A73A4164ABDE6309B16C601C2977B18934007C18EECDF897710
Q142,full_coordination_complete_metamorphic,C000,qwen:F00_Full_NoShape,candidate_shape_mismatch,0,3,4,3,1,1,medium,1,assets|sensor_readings,filter|float|join|order-by,3BD998B6BD5053A24B4BF39F263C9E5DE04C65AC30401B9172A2B36C17609164,405A64E16DDAA9687274876C39A48D52B4A8981C6F921FC1CAB143A62FE0426F
Q143,full_coordination_complete_metamorphic,C000,qwen:F00_Full_NoShape,correct,1,1,1,1,1,1,easy,0,work_orders,aggregation|filter,3C4F651845C93619B00E894FCDE97841ECB78D929A361F847627F39C1D979BB6,75DB2BB201FC12F0B95501B54A5C07CBFD34967343A841E33BD482D1589E95EC
Q144,full_coordination_complete_metamorphic,C000,qwen:F00_Full_NoShape,correct,1,1,1,1,1,1,easy,0,work_orders,aggregation|filter,0FA5BDB9FEA64F94D4703BF9E6EFFF60F8ECF5C2D8AC20E15A6766DF65C1280D,9F8B6C3EB40E1299F3897C588A9B22C155B5A8897050055BD39A5ADC5E8032C1
Q145,full_coordination_complete_metamorphic,C000,qwen:F00_Full_NoShape,correct,1,1,1,1,1,1,easy,0,work_orders,aggregation|filter,14B89DCDF5DBDF69FF06F5F9E16772F1A7B121998E1606A24B1BFDDCA01788B3,390831F1EC845FD04FB6ED5180DEF1CD8E9AE34C33AF169FA6EBB1A570445133
Q146,full_coordination_complete_metamorphic,C000,qwen:F00_Full_NoShape,correct,1,1,1,1,1,1,easy,0,work_orders,aggregation|filter,E73E10E8282B8C6B34680051CA2C9924F9C0E93AA2FBFD875923BDEB472D3C3B,61E87A91BF90AB9EADE434A189C56C88D06CAD7FDA382159B09FE7AF41EC44C6
Q147,full_coordination_complete_metamorphic,C000,qwen:F00_Full_NoShape,correct,1,1,1,1,1,1,easy,0,work_orders,aggregation|filter,4A09463D9486D00C68693F7C0F0AF59459E8A9FBE181CC59CB2D846D3B00B9CD,D02E0B94F1FAFED7347DC9D315E1493221E0DCE9A51FCF196D18A09C6418EAD8
Q148,full_coordination_complete_metamorphic,C000,qwen:F00_Full_NoShape,correct,1,1,1,1,1,1,easy,0,work_orders,aggregation|filter,CDB9CE1FC96A875C6715D0B0770F8639F300635064AE8BB47A14D43E89199F59,8F37A6BBC57A9825403293988A515C47DA291EED8AADE2FCAF6A6FA4998FAD9C
Q149,full_coordination_complete_metamorphic,C000,qwen:F00_Full_NoShape,correct,1,1,1,1,1,1,easy,0,work_orders,aggregation|filter,C15AAB416DBE8E95D9FD9F478B2F69C4C7E3D39C9060C42D1FD747B7C2124427,F43EC400DA2637333871AA585B3216D15ABF981E6DC60573E2ECE02411DC990E
Q150,full_coordination_complete_metamorphic,C000,qwen:F00_Full_NoShape,correct,1,1,1,1,1,1,easy,0,work_orders,aggregation|filter,9D947FC35B61A0F2E3EA6B433D97E0E5C03521EE1FB49EE648CA5FD5DDDB7CCC,A16707C49CBCAB649D990DD702407BC2DE34480945F2A11209859729D2A023CA
Q151,full_coordination_complete_metamorphic,C000,qwen:F00_Full_NoShape,correct,1,1,1,1,1,1,easy,0,work_orders,aggregation|filter,7F9489F9D2CAF402EF4D3AAD3CCD7BBB23A4D0D49DA769C9851EBFF05CE0794A,126170C47D2E3CA0EDC2B42E5ADF7D6C5157F26609EF764DB5967463075273BB
Q152,full_coordination_complete_metamorphic,C000,qwen:F00_Full_NoShape,correct,1,1,1,1,1,1,easy,0,work_orders,aggregation|filter,BF74327386B4F5BF9D78008D739EE979511082DFD657DAF59CF9BF2C96745F64,A06525F506CC29B994A1BFC5C4AECB3487B191266155C52478ED43FE3D6DE29D
Q153,full_coordination_complete_metamorphic,C000,qwen:F00_Full_NoShape,correct,1,1,1,1,1,1,easy,0,work_orders,aggregation|filter,15CC25CEE0E87EC6A6B89E4314BF30F19B6F74198D4FD17A366968B4A0024389,A83E9A730A6AACC9B9088F9771B13AE621E1A63421E10E4E21794BC6AD71F579
Q154,full_coordination_complete_metamorphic,C000,qwen:F00_Full_NoShape,correct,1,1,1,1,1,1,easy,0,work_orders,aggregation|filter,EC1F76CBAC83B49DEDAB06BC020E2C9A55FD415BAB3B77B9FA2037CA66389324,2A59F0DEFDEC674D7BDEC673A9496EE1EB5145624AE7E7C0BE4AC94C13945CC9
Q155,full_coordination_complete_metamorphic,C001,qwen:F01_Full_WithShape,correct,1,3,3,3,3,3,medium,1,technicians|work_orders,filter|join|order-by|time predicate,644F785E65E912281C5FC7E8E1ED29F2094F0B62036DE1723A1D646BD5FE7D4C,062CE20811406347D151CA4E22DBA322D05D1B3825E324112DB9CE764FDA29C3
Q156,full_coordination_complete_metamorphic,C001,qwen:F01_Full_WithShape,correct,1,3,3,3,3,3,medium,1,technicians|work_orders,filter|join|order-by|time predicate,EB253E8F1E4C56017F51E37E8E273409105587D1D4A7CBC31FF21FABFE5F38C9,6DCF0711BBC668B378E362161CE11344D5B35053FB035999AE360B3E1F2231C4
Q157,full_coordination_complete_metamorphic,C001,qwen:F01_Full_WithShape,correct,1,3,3,3,2,2,medium,1,technicians|work_orders,filter|join|order-by|time predicate,EF1234E3F2A6C3F83E1C2698AADBDCE878048426691D784645FD8383DF935C4F,FB6D8E9E5CA84C5904616D21D33DC95BB0A110D2A95408404D409B67616B3823
Q158,full_coordination_complete_metamorphic,C001,qwen:F01_Full_WithShape,correct,1,3,3,3,2,2,medium,1,technicians|work_orders,filter|join|order-by|time predicate,1407C29F677CFC572D629F476B956BB9F67438655B8B39AE32911C1EF4173845,6B05DC20B411F54AAA4035EE49263BDEE0BEECBBD589739B735C27A8DCC4248F
Q159,full_coordination_complete_metamorphic,C001,qwen:F01_Full_WithShape,correct,1,3,3,3,2,2,medium,1,technicians|work_orders,filter|join|order-by|time predicate,A58BB40BA7C080411C638A3737043852C9D03391FCAFCC275DE0BEACB99DF2FD,7109EB7A63ACB3C165C8BB10379E0A025AE31BFF7200F2153763B20B858CFEE4
Q160,full_coordination_complete_metamorphic,C001,qwen:F01_Full_WithShape,correct,1,3,3,3,1,1,medium,1,technicians|work_orders,filter|join|order-by|time predicate,F77105785632E1BE17BCCEAA07E9B937FFCDF432F2CB097A6B8890ADFB152ABF,247F64B9CC969BE0FF0892AF528AE7AFE444EAFFD19D28346A343A540BB0C620
Q161,full_coordination_complete_metamorphic,C001,qwen:F01_Full_WithShape,correct,1,3,3,3,1,1,medium,1,technicians|work_orders,filter|join|order-by|time predicate,C92CE26B9066276964952F82D5E844713563CDF905401AD4DF957CA9EBD82D54,920742F6A541EF4F368A8CF8A4E81F81E561FCF34A80C168B5320E37DE422F27
Q162,full_coordination_complete_metamorphic,C001,qwen:F01_Full_WithShape,correct,1,3,3,3,1,1,medium,1,technicians|work_orders,filter|join|order-by|time predicate,28291B286664600B76555A11B64F94C024CA0DE47A66E70BF8308DA28F57EE01,34F60EDE10AD27A162D4476A2999FB624150CD870349CF1DB8ADF95733ADB63C
Q163,full_coordination_complete_metamorphic,C000,qwen:F00_Full_NoShape,candidate_shape_mismatch,0,4,1,4,2,2,hard,1,assets|grid_topology,filter|order-by|self-join|topology traversal,89E4F95E8C6ACDE52620F2754F1E95D96684485B542D6FC4747A683948B6D8C2,25E50AD78502AE74A88196E85FC5B04BB17EBF7C044A0F4DDB8BE7EFC41A7544
Q164,full_coordination_complete_metamorphic,C000,qwen:F00_Full_NoShape,candidate_shape_mismatch,0,4,1,4,1,1,hard,1,assets|grid_topology,filter|order-by|self-join|topology traversal,06B4D01085B713C97C0688460B870E4C63A14D55347E563D19B60538CC4B74F3,24343308951D9A4AD15EA16AED4C1111DEA20F71C709560A1A63C993D7856E40
Q165,full_coordination_complete_metamorphic,C000,qwen:F00_Full_NoShape,candidate_shape_mismatch,0,4,1,4,2,2,hard,1,assets|grid_topology,filter|order-by|self-join|topology traversal,88C1ED88945BD4B5618E5C451DBE1E0128DE3BDBCDE0AF5ED34DD388D7E06F46,1AA1604E51FB7FBACDC0F9CD0C147F0969E26C045A6582B8B193F8626030BEDB
Q166,full_coordination_complete_metamorphic,C000,qwen:F00_Full_NoShape,candidate_shape_mismatch,0,4,1,4,1,1,hard,1,assets|grid_topology,filter|order-by|self-join|topology traversal,33843AC1FF7D1A228A741E7A62D39DE3EAE6F00C8994AC0FF128F0DE15BBCE3D,78C08665536FD82F0BB63C2D88909519E4E43FC25ED33C6E46137CF02AC686B0
Q167,full_coordination_complete_metamorphic,C000,qwen:F00_Full_NoShape,candidate_shape_mismatch,0,4,1,4,1,1,hard,1,assets|grid_topology,filter|order-by|self-join|topology traversal,0D4D9A3EA5375D6389F9B6B2DB446C928948C14D72FE342A9185368A88B14B6B,1E4FC9DD39EF57631E9B8DE55D11073E1ED623CEFE82A9BFCD07854B13A499A5
Q168,full_coordination_complete_metamorphic,C000,qwen:F00_Full_NoShape,candidate_shape_mismatch,0,4,1,4,1,1,hard,1,assets|grid_topology,filter|order-by|self-join|topology traversal,208953B2192650D17AD0CFE339EE58484AEFEDBF853402165378C8FC752BB63A,23548329609A5AAB25EA63FAC74151F5E12AB062172F1F2941A475D547C8229A
Q169,full_coordination_complete_metamorphic,C000,qwen:F00_Full_NoShape,candidate_shape_mismatch,0,4,1,4,1,1,hard,1,assets|grid_topology,filter|order-by|self-join|topology traversal,09E9DDB0809884427DC05F49F1171110CE35015928FF7F4D371E889EE145EBF6,CD7DEE4A8CD4D34D8182656ED8B8B804E2FB847D9A87EBB4DE189B88CCFA95F2
Q170,full_coordination_complete_metamorphic,C001,qwen:F01_Full_WithShape,correct,1,4,4,4,3,3,easy,1,work_orders,filter|order-by,9B7C311EEAB47AA56F563E23732784E6F465A71E4F47F0BE48002F605883C7D4,9B7C311EEAB47AA56F563E23732784E6F465A71E4F47F0BE48002F605883C7D4
Q171,full_coordination_complete_metamorphic,C001,qwen:F01_Full_WithShape,correct,1,4,4,4,2,2,easy,1,work_orders,filter|order-by,844EDC49F7A38982CF8AD0B041D6DC6D095877F633AF52344098008FC3A4C348,844EDC49F7A38982CF8AD0B041D6DC6D095877F633AF52344098008FC3A4C348
Q172,full_coordination_complete_metamorphic,C001,qwen:F01_Full_WithShape,correct,1,4,4,4,1,1,easy,1,work_orders,filter|order-by,4D4E7AA98D6EC5812C22119C7899C87B69FC97F7A572C809C4BEC64D0C7265AD,4D4E7AA98D6EC5812C22119C7899C87B69FC97F7A572C809C4BEC64D0C7265AD
Q173,full_coordination_complete_metamorphic,C001,qwen:F01_Full_WithShape,correct,1,4,4,4,2,2,easy,1,work_orders,filter|order-by,CB010710A9965B256BD2BDAA71AF8B3CA3EBF649A754731CCB1CE356AD6C0908,CB010710A9965B256BD2BDAA71AF8B3CA3EBF649A754731CCB1CE356AD6C0908
Q174,full_coordination_complete_metamorphic,C001,qwen:F01_Full_WithShape,correct,1,4,4,4,2,2,easy,1,work_orders,filter|order-by,23308ACB2435B92AF81B85E120A177C950FE3E25BC5714691826DB364C70788D,23308ACB2435B92AF81B85E120A177C950FE3E25BC5714691826DB364C70788D
Q175,full_coordination_complete_metamorphic,C001,qwen:F01_Full_WithShape,correct,1,4,4,4,1,1,easy,1,work_orders,filter|order-by,6D6450176EC9584C7E4A6FAD27AE50AFF27DA6820B61256BCBDCF1C25147B608,6D6450176EC9584C7E4A6FAD27AE50AFF27DA6820B61256BCBDCF1C25147B608
Q176,full_coordination_complete_metamorphic,C001,qwen:F01_Full_WithShape,correct,1,4,4,4,2,2,easy,1,work_orders,filter|order-by,5BF700F629F5C03DD89F4DFE573E51E3842E624C2EFB6E70AF7C046B49D57A4B,5BF700F629F5C03DD89F4DFE573E51E3842E624C2EFB6E70AF7C046B49D57A4B
Q177,full_coordination_complete_metamorphic,C001,qwen:F01_Full_WithShape,correct,1,4,4,4,1,1,easy,1,work_orders,filter|order-by,79BFDB10B9BB031FD2889DFCA3C94F7332770252CC15465B3D37207F9AAD157D,79BFDB10B9BB031FD2889DFCA3C94F7332770252CC15465B3D37207F9AAD157D
Q178,full_coordination_complete_metamorphic,C001,qwen:F01_Full_WithShape,correct,1,4,4,4,1,1,easy,1,work_orders,filter|order-by,CE5977974313A0E798D09744F8FE4FEAA958C0F2287C43B4CC8B69292DC6101B,CE5977974313A0E798D09744F8FE4FEAA958C0F2287C43B4CC8B69292DC6101B
Q179,full_coordination_complete_metamorphic,C000,qwen:F00_Full_NoShape,correct,1,1,1,1,1,1,easy,0,locations,aggregation|filter,AA8F8DF11BFDDCAD8828776EEEFBDB7D2031DD3073C621984281D99B4FDF4A4D,F0ED8EA714C8C0B275180E9FE64FAC0C47F5D8F5AF0C098B34C57957C468FF55
Q180,full_coordination_complete_metamorphic,C000,qwen:F00_Full_NoShape,correct,1,1,1,1,1,1,easy,0,locations,aggregation|filter,BC12A70CE4C75F6663ACB5D762E7E2A9A2CE1A37650E7763F990FA4F2AEF37A9,A81C2E54E08F172544EB63242B016F9D2C4E951F10D2F903E3A18C7549C9D289
Q181,full_coordination_complete_metamorphic,C000,qwen:F00_Full_NoShape,correct,1,1,1,1,1,1,easy,0,locations,aggregation|filter,AB55D0A587418E239FA6DE42F4C04E2E510233171A514E5A0660A42B4F806566,D30540D8BBE3F71B6F9F61D1E657B286E4509F85FD7DF16F841DEA90F15893BA
Q182,full_coordination_complete_metamorphic,C000,qwen:F00_Full_NoShape,correct,1,1,1,1,1,1,easy,0,locations,aggregation|filter,654F71BB092A8B5A303B1FB198E73AB3A54F3B47572E1E9B463DD889460772D8,48DC7CD04363C88A1964AFD28EBDDD1B5277C2D47D156F41A2593149CACB335C
Q183,full_coordination_complete_metamorphic,C000,qwen:F00_Full_NoShape,correct,1,1,1,1,1,1,easy,0,locations,aggregation|filter,993E8D50374913818CEC67FD511C8A1FF569FBBF0B9C3FBA2C8FAED937BD8462,02CA04C452E0647DCB9DF1AC775A4E0BC5FD95B31FC68274B197A8AFD56F3F65
Q184,full_coordination_complete_metamorphic,C000,qwen:F00_Full_NoShape,correct,1,1,1,1,1,1,easy,0,locations,aggregation|filter,5A16BF0F42FDC7ADD4AF17FDD92DAFC78782875D6DEA43B25FDBC02755278834,22E8D870E63990E136AF70B49847EE94BBA6FED442B882BC29FB0E74533E1530
Q185,full_coordination_complete_metamorphic,C000,qwen:F00_Full_NoShape,correct,1,1,1,1,1,1,easy,0,locations,aggregation|filter,CE1CB6B18766FEE985D6C909EB564297FDD36795175A8474ED6953B673FC1A96,007653CD612C66C0D918F9E160FE50EFB94CC966CE71B3FB2A4B392A146A8BF1
Q186,full_coordination_complete_metamorphic,C000,qwen:F00_Full_NoShape,correct,1,1,1,1,1,1,easy,0,locations,aggregation|filter,CD472F706F6C576749C620A567930A9B9EE3FE98E515BCB3739B9F43E25207EB,98115A9FDA686A9542013FAC0F706BE730B9F4C123DBEAF5F90A8214FD97CC09
Q187,full_coordination_complete_metamorphic,C000,qwen:F00_Full_NoShape,correct,1,1,1,1,1,1,easy,0,locations,aggregation|filter,52AF3CE3C43E8E45F6ABB1702C20BA4574CE90CD02B83CB1B6B15C9E6B72CFC1,9374C143E83E0B3E14D14B3A4E5233D9306CD3306CEEB84147F1198AF7A1976C
Q188,full_coordination_complete_metamorphic,C000,qwen:F00_Full_NoShape,correct,1,1,1,1,1,1,easy,0,locations,aggregation|filter,6892D06CFBBDFBDE563CD3A58B2C7667096105B300E66C4EEA0518B78700EAE3,AAB780DCBD5F0DF417C342643DC86D142939AF166FF7722A1B3FB85C98A7F7B7
Q189,full_coordination_complete_metamorphic,C000,qwen:F00_Full_NoShape,correct,1,1,1,1,1,1,easy,0,locations,aggregation|filter,F2CE65D2FE8848AB17606F18C8978572195F39C1C43D5BD4B27979E05C6CE5F3,D98E61AC2461FE884779A2E33AECB2CB6135A4C8FB7F1BFCFCDF4DC5D9D20A63
Q190,full_coordination_complete_metamorphic,C000,qwen:F00_Full_NoShape,correct,1,1,1,1,1,1,easy,0,locations,aggregation|filter,E1D296B456F764ED296E5E70CC6ED6613B245FCAB0B7CF423583445982A7FE90,EFD24C88124419AB6CFA9A484FEC049649216A426B7E851C7538E888E304BEE6
Q191,full_coordination_complete_metamorphic,C000,qwen:F00_Full_NoShape,correct,1,1,1,1,1,1,easy,0,locations,aggregation|filter,A9ADC480ED6ACC5E2CF61A5F67275B3F4FFC6F14AF3AC2A1BB2B5380C3D41C94,6C2A0BA4FA1FE1628C3F46CD680122170923AC74A025001C2472497F11C68272
Q192,full_coordination_complete_metamorphic,C000,qwen:F00_Full_NoShape,correct,1,1,1,1,1,1,easy,0,locations,aggregation|filter,A958C553D83C959AD63491836B17167B639C3565BCE6F2621F8C7DA7F7F08A1D,C364D4375957255449638F890940C6CDE4EA6BF3B7A4BCB04865B28AFD6DF22B
Q193,full_coordination_complete_metamorphic,C000,qwen:F00_Full_NoShape,correct,1,1,1,1,1,1,easy,0,locations,aggregation|filter,913EAB7DBFB9690500BD8983086D605F1B8604B57918A6BE8C8607202E59CA52,38B2E194AC2954E898AB8FCDF984D782966CD14D9DA136FF01B7B47088244BA6
Q194,full_coordination_complete_metamorphic,C002,qwen:F10_Compact_NoShape,correct,1,1,1,1,1,1,medium,0,asset_types|assets,aggregation|filter|float|join,B92C61E4327264A50384777775C8354A4AE6BC571EA82A60F9C148D8B45568BC,6BB25D93830DFB3D0C3CD2BF041F9E80922B66BB6DA70F723325F5241D3924B0
Q195,full_coordination_complete_metamorphic,C002,qwen:F10_Compact_NoShape,correct,1,1,1,1,1,1,medium,0,asset_types|assets,aggregation|filter|float|join,B5C0138120931E151421428B6BB36469F61C98AED92451C2E5DC6CB244333BC1,63AD961D29BC7CDD5C8867E491EB6D094E9D2BFB142D594AB3A58921F30394A4
Q196,full_coordination_complete_metamorphic,C002,qwen:F10_Compact_NoShape,correct,1,1,1,1,1,1,medium,0,asset_types|assets,aggregation|filter|float|join,2FF5704B541E41C3553F980FD511C126828D7CBBCFE3CE99A39AD7E4419EB8DC,12D9A956469E8B9A07CE652EEB0C29A2EF5322DA2D3E2C50FCD0B5A954BBF5B2
Q197,full_coordination_complete_metamorphic,C002,qwen:F10_Compact_NoShape,correct,1,1,1,1,1,1,medium,0,asset_types|assets,aggregation|filter|float|join,BCA8235788DF8A7B4E80511704853BE23DC01EB9A6579C6302C5636ADF08752F,2BAA500471E7659AEEC8CB26FA6EFF1565751D8F7AB8B43DCE976C15418A8211
Q198,full_coordination_complete_metamorphic,C002,qwen:F10_Compact_NoShape,correct,1,1,1,1,1,1,medium,0,asset_types|assets,aggregation|filter|float|join,8D39A864117A85C6F6DD1384220544632BA32104C72A2961F048477907640CC2,196985D54C20EA79FAACCBE0C763EEA9B4ABE2DDD16E2DF27A89CEEAE620383A
Q199,full_coordination_complete_metamorphic,C002,qwen:F10_Compact_NoShape,correct,1,1,1,1,1,1,medium,0,asset_types|assets,aggregation|filter|float|join,D28665BBB36CA64052786FBE13A3251B12CB275E00874DCA4A3D2DD1B01D1D02,084AAE6809FB4DFCC9D03C63CADDC4AB8F8FD07C6DC079A0A20DF9DA21208BE1
Q200,full_coordination_complete_metamorphic,C000,qwen:F00_Full_NoShape,candidate_shape_mismatch,0,2,1,2,1,1,hard,1,asset_types|assets|sensor_readings,aggregation|filter|group-by|join|order-by|top-k,8AD3DAEE0C9F7CF72B0C304F46A9AB95E71343A974FB0648CD3FE978FDA3E45A,B48776A52748FCB7300FC3FDE5674B5984B47ACA419F9E29A4DCF675167ABC66
