doc_id,contrast,budget,value
cnndm_test_00000,Full - no_path,unit:10,0.0
cnndm_test_00000,AB2 - AB0,unit:10,0.0
cnndm_test_00000,TextRank - no_path,unit:10,0.0
cnndm_test_00000,Lead - no_path,unit:10,0.027288113942645464
cnndm_test_00000,Full - no_path,unit:5,0.0
cnndm_test_00000,AB2 - AB0,unit:5,0.011392726964482486
cnndm_test_00000,TextRank - no_path,unit:5,-0.027208252740167638
cnndm_test_00000,Lead - no_path,unit:5,0.06405116221866933
cnndm_test_00000,Full - no_path,word:110,0.0
cnndm_test_00000,AB2 - AB0,word:110,-0.008238337005460283
cnndm_test_00000,TextRank - no_path,word:110,0.017953677528145584
cnndm_test_00000,Lead - no_path,word:110,0.036424007647029244
cnndm_test_00000,Full - no_path,word:260,0.0
cnndm_test_00000,AB2 - AB0,word:260,0.030881708526488194
cnndm_test_00000,TextRank - no_path,word:260,-0.030407164427783018
cnndm_test_00000,Lead - no_path,word:260,-0.016415900436519026
cnndm_test_00004,Full - no_path,unit:10,0.0
cnndm_test_00004,AB2 - AB0,unit:10,0.0
cnndm_test_00004,TextRank - no_path,unit:10,-0.043851851851851864
cnndm_test_00004,Lead - no_path,unit:10,0.046532110091743156
cnndm_test_00004,Full - no_path,unit:5,0.0
cnndm_test_00004,AB2 - AB0,unit:5,0.0
cnndm_test_00004,TextRank - no_path,unit:5,0.01865088757396452
cnndm_test_00004,Lead - no_path,unit:5,0.08601320641454421
cnndm_test_00004,Full - no_path,word:110,0.0
cnndm_test_00004,AB2 - AB0,word:110,0.0
cnndm_test_00004,TextRank - no_path,word:110,-0.0317585647234285
cnndm_test_00004,Lead - no_path,word:110,0.03360091240075452
cnndm_test_00004,Full - no_path,word:260,0.0
cnndm_test_00004,AB2 - AB0,word:260,-0.001704843504109127
cnndm_test_00004,TextRank - no_path,word:260,0.0
cnndm_test_00004,Lead - no_path,word:260,-0.001117991056071549
cnndm_test_00005,Full - no_path,unit:10,0.0
cnndm_test_00005,AB2 - AB0,unit:10,-0.012609248586194763
cnndm_test_00005,TextRank - no_path,unit:10,0.013279060456426003
cnndm_test_00005,Lead - no_path,unit:10,0.1217904827114002
cnndm_test_00005,Full - no_path,unit:5,0.0
cnndm_test_00005,AB2 - AB0,unit:5,-0.031322592731360066
cnndm_test_00005,TextRank - no_path,unit:5,0.05218377765173003
cnndm_test_00005,Lead - no_path,unit:5,0.10330948121645799
cnndm_test_00005,Full - no_path,word:110,0.0
cnndm_test_00005,AB2 - AB0,word:110,-0.030835646006783846
cnndm_test_00005,TextRank - no_path,word:110,0.013395055648576765
cnndm_test_00005,Lead - no_path,word:110,0.05535309760661876
cnndm_test_00005,Full - no_path,word:260,0.0
cnndm_test_00005,AB2 - AB0,word:260,-0.012972534711665144
cnndm_test_00005,TextRank - no_path,word:260,0.0004108885464817677
cnndm_test_00005,Lead - no_path,word:260,0.05086934923000495
cnndm_test_00007,Full - no_path,unit:10,0.0
cnndm_test_00007,AB2 - AB0,unit:10,0.0052792442345096224
cnndm_test_00007,TextRank - no_path,unit:10,0.02416823603264276
cnndm_test_00007,Lead - no_path,unit:10,-0.00287741426882146
cnndm_test_00007,Full - no_path,unit:5,0.0
cnndm_test_00007,AB2 - AB0,unit:5,0.0023409669211195694
cnndm_test_00007,TextRank - no_path,unit:5,-0.021460463776465488
cnndm_test_00007,Lead - no_path,unit:5,0.018926250709734416
cnndm_test_00007,Full - no_path,word:110,0.0
cnndm_test_00007,AB2 - AB0,word:110,0.02758679229267466
cnndm_test_00007,TextRank - no_path,word:110,-0.0392156862745098
cnndm_test_00007,Lead - no_path,word:110,-0.0419144001686696
cnndm_test_00007,Full - no_path,word:260,0.0
cnndm_test_00007,AB2 - AB0,word:260,0.0009635525764558062
cnndm_test_00007,TextRank - no_path,word:260,0.008026399829678538
cnndm_test_00007,Lead - no_path,word:260,-0.025974025974025955
cnndm_test_00010,Full - no_path,unit:10,0.0
cnndm_test_00010,AB2 - AB0,unit:10,0.0
cnndm_test_00010,TextRank - no_path,unit:10,0.0
cnndm_test_00010,Lead - no_path,unit:10,0.0
cnndm_test_00010,Full - no_path,unit:5,0.0
cnndm_test_00010,AB2 - AB0,unit:5,0.0
cnndm_test_00010,TextRank - no_path,unit:5,0.0
cnndm_test_00010,Lead - no_path,unit:5,0.0
cnndm_test_00010,Full - no_path,word:110,0.0
cnndm_test_00010,AB2 - AB0,word:110,0.0
cnndm_test_00010,TextRank - no_path,word:110,0.0
cnndm_test_00010,Lead - no_path,word:110,0.0
cnndm_test_00010,Full - no_path,word:260,0.0
cnndm_test_00010,AB2 - AB0,word:260,0.0
cnndm_test_00010,TextRank - no_path,word:260,0.0
cnndm_test_00010,Lead - no_path,word:260,0.0
cnndm_test_00011,Full - no_path,unit:10,0.0
cnndm_test_00011,AB2 - AB0,unit:10,0.0
cnndm_test_00011,TextRank - no_path,unit:10,-0.028147453920649795
cnndm_test_00011,Lead - no_path,unit:10,-0.04439186524702833
cnndm_test_00011,Full - no_path,unit:5,0.0
cnndm_test_00011,AB2 - AB0,unit:5,0.004873294346978543
cnndm_test_00011,TextRank - no_path,unit:5,0.003019844693701479
cnndm_test_00011,Lead - no_path,unit:5,0.04226475279106859
cnndm_test_00011,Full - no_path,word:110,0.0
cnndm_test_00011,AB2 - AB0,word:110,0.014161220043572995
cnndm_test_00011,TextRank - no_path,word:110,0.031167690956979813
cnndm_test_00011,Lead - no_path,word:110,0.03297682709447414
cnndm_test_00011,Full - no_path,word:260,0.0
cnndm_test_00011,AB2 - AB0,word:260,0.0
cnndm_test_00011,TextRank - no_path,word:260,-0.034864574633098666
cnndm_test_00011,Lead - no_path,word:260,-0.05555422980551245
cnndm_test_00020,Full - no_path,unit:10,0.0
cnndm_test_00020,AB2 - AB0,unit:10,0.004843908606842001
cnndm_test_00020,TextRank - no_path,unit:10,-0.016942040388145785
cnndm_test_00020,Lead - no_path,unit:10,-0.050265578442803494
cnndm_test_00020,Full - no_path,unit:5,0.0
cnndm_test_00020,AB2 - AB0,unit:5,-0.043551333576908935
cnndm_test_00020,TextRank - no_path,unit:5,0.16701528559935638
cnndm_test_00020,Lead - no_path,unit:5,0.042772861356932174
cnndm_test_00020,Full - no_path,word:110,0.0
cnndm_test_00020,AB2 - AB0,word:110,-0.09755646057015918
cnndm_test_00020,TextRank - no_path,word:110,0.11207134320125034
cnndm_test_00020,Lead - no_path,word:110,0.02885449481806146
cnndm_test_00020,Full - no_path,word:260,0.0
cnndm_test_00020,AB2 - AB0,word:260,0.0004236343366778028
cnndm_test_00020,TextRank - no_path,word:260,-0.005878179791223279
cnndm_test_00020,Lead - no_path,word:260,-0.04709030100334448
cnndm_test_00033,Full - no_path,unit:10,0.0
cnndm_test_00033,AB2 - AB0,unit:10,0.0
cnndm_test_00033,TextRank - no_path,unit:10,0.004810004810004806
cnndm_test_00033,Lead - no_path,unit:10,0.0037929495760821164
cnndm_test_00033,Full - no_path,unit:5,0.0
cnndm_test_00033,AB2 - AB0,unit:5,-0.0021173623714458856
cnndm_test_00033,TextRank - no_path,unit:5,-0.016522988505747113
cnndm_test_00033,Lead - no_path,unit:5,0.0459770114942529
cnndm_test_00033,Full - no_path,word:110,0.0
cnndm_test_00033,AB2 - AB0,word:110,-0.003781512605042031
cnndm_test_00033,TextRank - no_path,word:110,0.0028154327424400605
cnndm_test_00033,Lead - no_path,word:110,0.038095238095238126
cnndm_test_00033,Full - no_path,word:260,0.0
cnndm_test_00033,AB2 - AB0,word:260,0.0
cnndm_test_00033,TextRank - no_path,word:260,0.0
cnndm_test_00033,Lead - no_path,word:260,-0.012256932599054526
cnndm_test_00039,Full - no_path,unit:10,0.0
cnndm_test_00039,AB2 - AB0,unit:10,-0.057308408052782936
cnndm_test_00039,TextRank - no_path,unit:10,0.06997459562015629
cnndm_test_00039,Lead - no_path,unit:10,0.10078666892234817
cnndm_test_00039,Full - no_path,unit:5,0.0
cnndm_test_00039,AB2 - AB0,unit:5,-0.09431609827649431
cnndm_test_00039,TextRank - no_path,unit:5,0.05092728878422137
cnndm_test_00039,Lead - no_path,unit:5,0.12034762894388815
cnndm_test_00039,Full - no_path,word:110,-0.014084507042253516
cnndm_test_00039,AB2 - AB0,word:110,-0.05455537370430988
cnndm_test_00039,TextRank - no_path,word:110,0.01569416498993964
cnndm_test_00039,Lead - no_path,word:110,0.11119866049443515
cnndm_test_00039,Full - no_path,word:260,0.0
cnndm_test_00039,AB2 - AB0,word:260,-0.019203083124764667
cnndm_test_00039,TextRank - no_path,word:260,0.0
cnndm_test_00039,Lead - no_path,word:260,0.06203389830508474
cnndm_test_00043,Full - no_path,unit:10,0.0
cnndm_test_00043,AB2 - AB0,unit:10,0.012146948449535844
cnndm_test_00043,TextRank - no_path,unit:10,-0.02004408320705331
cnndm_test_00043,Lead - no_path,unit:10,-0.03751715172961648
cnndm_test_00043,Full - no_path,unit:5,0.0
cnndm_test_00043,AB2 - AB0,unit:5,-0.012439621517898514
cnndm_test_00043,TextRank - no_path,unit:5,0.012439621517898514
cnndm_test_00043,Lead - no_path,unit:5,-0.0672268907563025
cnndm_test_00043,Full - no_path,word:110,0.0
cnndm_test_00043,AB2 - AB0,word:110,0.0038350910834132335
cnndm_test_00043,TextRank - no_path,word:110,-0.0019305019305018711
cnndm_test_00043,Lead - no_path,word:110,-0.0765639589169001
cnndm_test_00043,Full - no_path,word:260,0.0
cnndm_test_00043,AB2 - AB0,word:260,0.003704649974450719
cnndm_test_00043,TextRank - no_path,word:260,0.002874297393970382
cnndm_test_00043,Lead - no_path,word:260,0.007653141899370691
cnndm_test_00050,Full - no_path,unit:10,0.0
cnndm_test_00050,AB2 - AB0,unit:10,-0.002872826142717895
cnndm_test_00050,TextRank - no_path,unit:10,-0.010594059405940597
cnndm_test_00050,Lead - no_path,unit:10,0.009510703363914366
cnndm_test_00050,Full - no_path,unit:5,0.0
cnndm_test_00050,AB2 - AB0,unit:5,-0.02196293754289636
cnndm_test_00050,TextRank - no_path,unit:5,-0.025577464788732393
cnndm_test_00050,Lead - no_path,unit:5,0.034000000000000044
cnndm_test_00050,Full - no_path,word:110,0.0
cnndm_test_00050,AB2 - AB0,word:110,-0.014471639471639458
cnndm_test_00050,TextRank - no_path,word:110,0.0004924652811976599
cnndm_test_00050,Lead - no_path,word:110,0.1002826960273769
cnndm_test_00050,Full - no_path,word:260,0.0
cnndm_test_00050,AB2 - AB0,word:260,-0.027349244782658814
cnndm_test_00050,TextRank - no_path,word:260,-0.02074987159732923
cnndm_test_00050,Lead - no_path,word:260,0.007685163687021115
cnndm_test_00053,Full - no_path,unit:10,0.0
cnndm_test_00053,AB2 - AB0,unit:10,0.0
cnndm_test_00053,TextRank - no_path,unit:10,0.0052956751985878125
cnndm_test_00053,Lead - no_path,unit:10,0.007598705501618119
cnndm_test_00053,Full - no_path,unit:5,0.0
cnndm_test_00053,AB2 - AB0,unit:5,0.0
cnndm_test_00053,TextRank - no_path,unit:5,0.029357019233909126
cnndm_test_00053,Lead - no_path,unit:5,0.013036113967697022
cnndm_test_00053,Full - no_path,word:110,0.0
cnndm_test_00053,AB2 - AB0,word:110,0.019858156028368767
cnndm_test_00053,TextRank - no_path,word:110,0.21149425287356327
cnndm_test_00053,Lead - no_path,word:110,0.2
cnndm_test_00053,Full - no_path,word:260,0.0
cnndm_test_00053,AB2 - AB0,word:260,0.0
cnndm_test_00053,TextRank - no_path,word:260,-0.01126462534229522
cnndm_test_00053,Lead - no_path,word:260,-0.003695815585066403
cnndm_test_00064,Full - no_path,unit:10,0.0
cnndm_test_00064,AB2 - AB0,unit:10,0.0
cnndm_test_00064,TextRank - no_path,unit:10,0.0
cnndm_test_00064,Lead - no_path,unit:10,0.0
cnndm_test_00064,Full - no_path,unit:5,0.0
cnndm_test_00064,AB2 - AB0,unit:5,0.0
cnndm_test_00064,TextRank - no_path,unit:5,0.06982441812984885
cnndm_test_00064,Lead - no_path,unit:5,-0.062225615575491555
cnndm_test_00064,Full - no_path,word:110,0.0
cnndm_test_00064,AB2 - AB0,word:110,0.0
cnndm_test_00064,TextRank - no_path,word:110,0.12317429406037
cnndm_test_00064,Lead - no_path,word:110,0.0
cnndm_test_00064,Full - no_path,word:260,0.0
cnndm_test_00064,AB2 - AB0,word:260,0.0
cnndm_test_00064,TextRank - no_path,word:260,0.0
cnndm_test_00064,Lead - no_path,word:260,0.0
cnndm_test_00069,Full - no_path,unit:10,0.0
cnndm_test_00069,AB2 - AB0,unit:10,0.0
cnndm_test_00069,TextRank - no_path,unit:10,0.0
cnndm_test_00069,Lead - no_path,unit:10,0.0
cnndm_test_00069,Full - no_path,unit:5,0.0
cnndm_test_00069,AB2 - AB0,unit:5,-0.002475758200949002
cnndm_test_00069,TextRank - no_path,unit:5,-0.037740458015267236
cnndm_test_00069,Lead - no_path,unit:5,-0.0025603337916647317
cnndm_test_00069,Full - no_path,word:110,0.0
cnndm_test_00069,AB2 - AB0,word:110,0.04195804195804198
cnndm_test_00069,TextRank - no_path,word:110,-0.06874815325519551
cnndm_test_00069,Lead - no_path,word:110,0.008614573831965122
cnndm_test_00069,Full - no_path,word:260,0.0
cnndm_test_00069,AB2 - AB0,word:260,0.0
cnndm_test_00069,TextRank - no_path,word:260,0.0
cnndm_test_00069,Lead - no_path,word:260,0.0
cnndm_test_00070,Full - no_path,unit:10,0.0
cnndm_test_00070,AB2 - AB0,unit:10,0.0
cnndm_test_00070,TextRank - no_path,unit:10,0.0
cnndm_test_00070,Lead - no_path,unit:10,0.0
cnndm_test_00070,Full - no_path,unit:5,0.0
cnndm_test_00070,AB2 - AB0,unit:5,0.004273504273504258
cnndm_test_00070,TextRank - no_path,unit:5,0.009240009240009228
cnndm_test_00070,Lead - no_path,unit:5,-0.03648638942756588
cnndm_test_00070,Full - no_path,word:110,0.0
cnndm_test_00070,AB2 - AB0,word:110,0.003997577225923643
cnndm_test_00070,TextRank - no_path,word:110,-0.003997577225923643
cnndm_test_00070,Lead - no_path,word:110,-0.0368647100930565
cnndm_test_00070,Full - no_path,word:260,0.0
cnndm_test_00070,AB2 - AB0,word:260,0.0
cnndm_test_00070,TextRank - no_path,word:260,0.0
cnndm_test_00070,Lead - no_path,word:260,0.0
cnndm_test_00080,Full - no_path,unit:10,0.0
cnndm_test_00080,AB2 - AB0,unit:10,0.007844222960501995
cnndm_test_00080,TextRank - no_path,unit:10,-0.00721079612130196
cnndm_test_00080,Lead - no_path,unit:10,-0.08564908494086965
cnndm_test_00080,Full - no_path,unit:5,0.0
cnndm_test_00080,AB2 - AB0,unit:5,-0.0049563838223632
cnndm_test_00080,TextRank - no_path,unit:5,0.1437248923091816
cnndm_test_00080,Lead - no_path,unit:5,-0.013745704467353959
cnndm_test_00080,Full - no_path,word:110,0.0
cnndm_test_00080,AB2 - AB0,word:110,0.06491915727584519
cnndm_test_00080,TextRank - no_path,word:110,-0.0641025641025641
cnndm_test_00080,Lead - no_path,word:110,-0.0910418695228822
cnndm_test_00080,Full - no_path,word:260,0.0
cnndm_test_00080,AB2 - AB0,word:260,0.0018792282635931024
cnndm_test_00080,TextRank - no_path,word:260,0.12144583377114633
cnndm_test_00080,Lead - no_path,word:260,-0.033392875906273004
cnndm_test_00082,Full - no_path,unit:10,0.0
cnndm_test_00082,AB2 - AB0,unit:10,-0.030398693099033078
cnndm_test_00082,TextRank - no_path,unit:10,0.030455947192700783
cnndm_test_00082,Lead - no_path,unit:10,0.09446185997910138
cnndm_test_00082,Full - no_path,unit:5,0.0
cnndm_test_00082,AB2 - AB0,unit:5,0.00956450956450959
cnndm_test_00082,TextRank - no_path,unit:5,0.013334556687157828
cnndm_test_00082,Lead - no_path,unit:5,0.11492185827445946
cnndm_test_00082,Full - no_path,word:110,0.0
cnndm_test_00082,AB2 - AB0,word:110,-0.014421252371916507
cnndm_test_00082,TextRank - no_path,word:110,0.0
cnndm_test_00082,Lead - no_path,word:110,0.06656346749226008
cnndm_test_00082,Full - no_path,word:260,0.0
cnndm_test_00082,AB2 - AB0,word:260,-0.0006449948400412825
cnndm_test_00082,TextRank - no_path,word:260,0.0006449948400412825
cnndm_test_00082,Lead - no_path,word:260,-0.006235936997749922
cnndm_test_00090,Full - no_path,unit:10,0.0
cnndm_test_00090,AB2 - AB0,unit:10,0.0
cnndm_test_00090,TextRank - no_path,unit:10,0.0
cnndm_test_00090,Lead - no_path,unit:10,0.0
cnndm_test_00090,Full - no_path,unit:5,0.0
cnndm_test_00090,AB2 - AB0,unit:5,0.0
cnndm_test_00090,TextRank - no_path,unit:5,0.0
cnndm_test_00090,Lead - no_path,unit:5,0.08722109533468556
cnndm_test_00090,Full - no_path,word:110,0.0
cnndm_test_00090,AB2 - AB0,word:110,0.0
cnndm_test_00090,TextRank - no_path,word:110,0.003360814997636935
cnndm_test_00090,Lead - no_path,word:110,0.03255789528960776
cnndm_test_00090,Full - no_path,word:260,0.0
cnndm_test_00090,AB2 - AB0,word:260,0.0
cnndm_test_00090,TextRank - no_path,word:260,0.0
cnndm_test_00090,Lead - no_path,word:260,0.0
cnndm_test_00098,Full - no_path,unit:10,0.0
cnndm_test_00098,AB2 - AB0,unit:10,0.0008789835044095626
cnndm_test_00098,TextRank - no_path,unit:10,0.002681388012618295
cnndm_test_00098,Lead - no_path,unit:10,0.010484856220710784
cnndm_test_00098,Full - no_path,unit:5,0.0
cnndm_test_00098,AB2 - AB0,unit:5,-0.009069063900491843
cnndm_test_00098,TextRank - no_path,unit:5,0.017879585851936088
cnndm_test_00098,Lead - no_path,unit:5,0.0331522522955627
cnndm_test_00098,Full - no_path,word:110,0.0
cnndm_test_00098,AB2 - AB0,word:110,-0.0008105369807497598
cnndm_test_00098,TextRank - no_path,word:110,0.0008105369807497598
cnndm_test_00098,Lead - no_path,word:110,0.016021225572733305
cnndm_test_00098,Full - no_path,word:260,0.0
cnndm_test_00098,AB2 - AB0,word:260,-0.034013605442176874
cnndm_test_00098,TextRank - no_path,word:260,0.02691110342442061
cnndm_test_00098,Lead - no_path,word:260,0.03337010479867621
cnndm_test_00101,Full - no_path,unit:10,0.0
cnndm_test_00101,AB2 - AB0,unit:10,0.0
cnndm_test_00101,TextRank - no_path,unit:10,0.0
cnndm_test_00101,Lead - no_path,unit:10,0.06028961292119184
cnndm_test_00101,Full - no_path,unit:5,0.0
cnndm_test_00101,AB2 - AB0,unit:5,0.0
cnndm_test_00101,TextRank - no_path,unit:5,0.19597474348855565
cnndm_test_00101,Lead - no_path,unit:5,0.01994568779848299
cnndm_test_00101,Full - no_path,word:110,0.0
cnndm_test_00101,AB2 - AB0,word:110,0.0
cnndm_test_00101,TextRank - no_path,word:110,0.13991144845034786
cnndm_test_00101,Lead - no_path,word:110,0.0
cnndm_test_00101,Full - no_path,word:260,0.0
cnndm_test_00101,AB2 - AB0,word:260,0.0
cnndm_test_00101,TextRank - no_path,word:260,0.0
cnndm_test_00101,Lead - no_path,word:260,0.015265370185227028
cnndm_test_00104,Full - no_path,unit:10,0.0
cnndm_test_00104,AB2 - AB0,unit:10,0.0
cnndm_test_00104,TextRank - no_path,unit:10,0.0
cnndm_test_00104,Lead - no_path,unit:10,0.001837484687627608
cnndm_test_00104,Full - no_path,unit:5,0.0
cnndm_test_00104,AB2 - AB0,unit:5,-0.011234201903573077
cnndm_test_00104,TextRank - no_path,unit:5,0.0012101441650005096
cnndm_test_00104,Lead - no_path,unit:5,0.010289468790677464
cnndm_test_00104,Full - no_path,word:110,0.0
cnndm_test_00104,AB2 - AB0,word:110,0.031214399635452264
cnndm_test_00104,TextRank - no_path,word:110,-0.031214399635452264
cnndm_test_00104,Lead - no_path,word:110,-0.03676105315449578
cnndm_test_00104,Full - no_path,word:260,0.0
cnndm_test_00104,AB2 - AB0,word:260,0.0
cnndm_test_00104,TextRank - no_path,word:260,-0.007361059992638919
cnndm_test_00104,Lead - no_path,word:260,-0.012073193737030752
cnndm_test_00112,Full - no_path,unit:10,0.0
cnndm_test_00112,AB2 - AB0,unit:10,0.0
cnndm_test_00112,TextRank - no_path,unit:10,0.0
cnndm_test_00112,Lead - no_path,unit:10,0.0
cnndm_test_00112,Full - no_path,unit:5,0.0
cnndm_test_00112,AB2 - AB0,unit:5,0.0
cnndm_test_00112,TextRank - no_path,unit:5,0.016681455190771965
cnndm_test_00112,Lead - no_path,unit:5,0.036843055806393354
cnndm_test_00112,Full - no_path,word:110,0.0
cnndm_test_00112,AB2 - AB0,word:110,0.0
cnndm_test_00112,TextRank - no_path,word:110,0.00194647201946474
cnndm_test_00112,Lead - no_path,word:110,0.021155511567487323
cnndm_test_00112,Full - no_path,word:260,0.0
cnndm_test_00112,AB2 - AB0,word:260,0.0
cnndm_test_00112,TextRank - no_path,word:260,0.0
cnndm_test_00112,Lead - no_path,word:260,0.0
cnndm_test_00113,Full - no_path,unit:10,0.0
cnndm_test_00113,AB2 - AB0,unit:10,0.0
cnndm_test_00113,TextRank - no_path,unit:10,0.011801585838096956
cnndm_test_00113,Lead - no_path,unit:10,-0.015026006549797757
cnndm_test_00113,Full - no_path,unit:5,0.0
cnndm_test_00113,AB2 - AB0,unit:5,0.01881349554747269
cnndm_test_00113,TextRank - no_path,unit:5,0.003361344537815142
cnndm_test_00113,Lead - no_path,unit:5,-0.017529592482154133
cnndm_test_00113,Full - no_path,word:110,0.0011055831951354567
cnndm_test_00113,AB2 - AB0,word:110,0.003220611916264049
cnndm_test_00113,TextRank - no_path,word:110,0.0011055831951354567
cnndm_test_00113,Lead - no_path,word:110,-0.02507122507122507
cnndm_test_00113,Full - no_path,word:260,0.0
cnndm_test_00113,AB2 - AB0,word:260,0.0
cnndm_test_00113,TextRank - no_path,word:260,0.0
cnndm_test_00113,Lead - no_path,word:260,0.0
cnndm_test_00114,Full - no_path,unit:10,0.0
cnndm_test_00114,AB2 - AB0,unit:10,-0.0020356234096692016
cnndm_test_00114,TextRank - no_path,unit:10,-0.00018468926031950383
cnndm_test_00114,Lead - no_path,unit:10,-0.02683813251327928
cnndm_test_00114,Full - no_path,unit:5,0.0
cnndm_test_00114,AB2 - AB0,unit:5,-0.03127498001598723
cnndm_test_00114,TextRank - no_path,unit:5,0.01796080377077648
cnndm_test_00114,Lead - no_path,unit:5,0.012479474548440048
cnndm_test_00114,Full - no_path,word:110,0.0
cnndm_test_00114,AB2 - AB0,word:110,-0.026490066225165587
cnndm_test_00114,TextRank - no_path,word:110,0.0012783636944710824
cnndm_test_00114,Lead - no_path,word:110,-0.04026845637583892
cnndm_test_00114,Full - no_path,word:260,0.0
cnndm_test_00114,AB2 - AB0,word:260,0.006167829897743879
cnndm_test_00114,TextRank - no_path,word:260,0.0010928961748633975
cnndm_test_00114,Lead - no_path,word:260,0.02622950819672132
cnndm_test_00115,Full - no_path,unit:10,0.0
cnndm_test_00115,AB2 - AB0,unit:10,0.001305132240604967
cnndm_test_00115,TextRank - no_path,unit:10,-0.005288249669484407
cnndm_test_00115,Lead - no_path,unit:10,0.030877419876328638
cnndm_test_00115,Full - no_path,unit:5,0.0
cnndm_test_00115,AB2 - AB0,unit:5,0.0
cnndm_test_00115,TextRank - no_path,unit:5,0.022379760911871008
cnndm_test_00115,Lead - no_path,unit:5,0.0040311370586600115
cnndm_test_00115,Full - no_path,word:110,0.04155429028069124
cnndm_test_00115,AB2 - AB0,word:110,0.0
cnndm_test_00115,TextRank - no_path,word:110,0.08252740167633785
cnndm_test_00115,Lead - no_path,word:110,0.06367218282111897
cnndm_test_00115,Full - no_path,word:260,0.0
cnndm_test_00115,AB2 - AB0,word:260,-0.0016938898971566724
cnndm_test_00115,TextRank - no_path,word:260,0.0061880018894662076
cnndm_test_00115,Lead - no_path,word:260,0.013413911600900566
cnndm_test_00116,Full - no_path,unit:10,0.0
cnndm_test_00116,AB2 - AB0,unit:10,0.0
cnndm_test_00116,TextRank - no_path,unit:10,-0.0031612223393045202
cnndm_test_00116,Lead - no_path,unit:10,-0.010989010989010978
cnndm_test_00116,Full - no_path,unit:5,0.0
cnndm_test_00116,AB2 - AB0,unit:5,0.0
cnndm_test_00116,TextRank - no_path,unit:5,0.06263091746962715
cnndm_test_00116,Lead - no_path,unit:5,-0.005626406601650424
cnndm_test_00116,Full - no_path,word:110,0.0
cnndm_test_00116,AB2 - AB0,word:110,-0.010436721045698677
cnndm_test_00116,TextRank - no_path,word:110,-0.017732293038808383
cnndm_test_00116,Lead - no_path,word:110,-0.019884092725819313
cnndm_test_00116,Full - no_path,word:260,0.0
cnndm_test_00116,AB2 - AB0,word:260,0.0
cnndm_test_00116,TextRank - no_path,word:260,0.0
cnndm_test_00116,Lead - no_path,word:260,0.0
cnndm_test_00117,Full - no_path,unit:10,0.0
cnndm_test_00117,AB2 - AB0,unit:10,-0.08990442054958181
cnndm_test_00117,TextRank - no_path,unit:10,-0.017780035560071128
cnndm_test_00117,Lead - no_path,unit:10,0.18252973137277248
cnndm_test_00117,Full - no_path,unit:5,0.0
cnndm_test_00117,AB2 - AB0,unit:5,-0.11386094383789293
cnndm_test_00117,TextRank - no_path,unit:5,0.02406009303744376
cnndm_test_00117,Lead - no_path,unit:5,0.38164874551971323
cnndm_test_00117,Full - no_path,word:110,0.0
cnndm_test_00117,AB2 - AB0,word:110,-0.13623417721518988
cnndm_test_00117,TextRank - no_path,word:110,0.012021335880901207
cnndm_test_00117,Lead - no_path,word:110,0.3710197342558378
cnndm_test_00117,Full - no_path,word:260,0.0
cnndm_test_00117,AB2 - AB0,word:260,-0.07073954983922828
cnndm_test_00117,TextRank - no_path,word:260,-0.01378585688767471
cnndm_test_00117,Lead - no_path,word:260,0.1579960662288872
cnndm_test_00124,Full - no_path,unit:10,0.0
cnndm_test_00124,AB2 - AB0,unit:10,0.0
cnndm_test_00124,TextRank - no_path,unit:10,0.04009406231628454
cnndm_test_00124,Lead - no_path,unit:10,-0.04759686311048994
cnndm_test_00124,Full - no_path,unit:5,0.0
cnndm_test_00124,AB2 - AB0,unit:5,-0.033496943081029795
cnndm_test_00124,TextRank - no_path,unit:5,0.033496943081029795
cnndm_test_00124,Lead - no_path,unit:5,0.03169787634689819
cnndm_test_00124,Full - no_path,word:110,0.0
cnndm_test_00124,AB2 - AB0,word:110,-0.04035560883028666
cnndm_test_00124,TextRank - no_path,word:110,0.04035560883028666
cnndm_test_00124,Lead - no_path,word:110,-0.007434580582049433
cnndm_test_00124,Full - no_path,word:260,0.0
cnndm_test_00124,AB2 - AB0,word:260,0.0
cnndm_test_00124,TextRank - no_path,word:260,0.0
cnndm_test_00124,Lead - no_path,word:260,-0.0007005174790409296
cnndm_test_00126,Full - no_path,unit:10,0.0
cnndm_test_00126,AB2 - AB0,unit:10,0.010385252940824041
cnndm_test_00126,TextRank - no_path,unit:10,-0.02284874683247802
cnndm_test_00126,Lead - no_path,unit:10,-0.021269063984188333
cnndm_test_00126,Full - no_path,unit:5,0.0
cnndm_test_00126,AB2 - AB0,unit:5,0.03190987377610002
cnndm_test_00126,TextRank - no_path,unit:5,-0.035238477945040314
cnndm_test_00126,Lead - no_path,unit:5,-0.0554746953881981
cnndm_test_00126,Full - no_path,word:110,0.0
cnndm_test_00126,AB2 - AB0,word:110,-0.08545936821798887
cnndm_test_00126,TextRank - no_path,word:110,0.0689655172413793
cnndm_test_00126,Lead - no_path,word:110,0.015529298287918977
cnndm_test_00126,Full - no_path,word:260,0.0
cnndm_test_00126,AB2 - AB0,word:260,0.019838019838019832
cnndm_test_00126,TextRank - no_path,word:260,-0.026936026936026952
cnndm_test_00126,Lead - no_path,word:260,-0.046865046865046875
cnndm_test_00128,Full - no_path,unit:10,0.0
cnndm_test_00128,AB2 - AB0,unit:10,0.0
cnndm_test_00128,TextRank - no_path,unit:10,0.011695906432748579
cnndm_test_00128,Lead - no_path,unit:10,0.01651186790505678
cnndm_test_00128,Full - no_path,unit:5,0.0
cnndm_test_00128,AB2 - AB0,unit:5,0.0
cnndm_test_00128,TextRank - no_path,unit:5,-0.011379040418504308
cnndm_test_00128,Lead - no_path,unit:5,-0.004157053480493028
cnndm_test_00128,Full - no_path,word:110,0.0
cnndm_test_00128,AB2 - AB0,word:110,0.0
cnndm_test_00128,TextRank - no_path,word:110,0.019227738376674547
cnndm_test_00128,Lead - no_path,word:110,0.033062161034626614
cnndm_test_00128,Full - no_path,word:260,0.0
cnndm_test_00128,AB2 - AB0,word:260,0.0
cnndm_test_00128,TextRank - no_path,word:260,0.0015512386043625565
cnndm_test_00128,Lead - no_path,word:260,0.01906701221769716
cnndm_test_00146,Full - no_path,unit:10,0.0
cnndm_test_00146,AB2 - AB0,unit:10,0.005529043936152708
cnndm_test_00146,TextRank - no_path,unit:10,-0.003356216628527836
cnndm_test_00146,Lead - no_path,unit:10,-0.0021811284969179556
cnndm_test_00146,Full - no_path,unit:5,0.015406976744186049
cnndm_test_00146,AB2 - AB0,unit:5,-0.06660447761194029
cnndm_test_00146,TextRank - no_path,unit:5,0.019575471698113203
cnndm_test_00146,Lead - no_path,unit:5,0.04134615384615385
cnndm_test_00146,Full - no_path,word:110,0.0
cnndm_test_00146,AB2 - AB0,word:110,-0.07445887445887447
cnndm_test_00146,TextRank - no_path,word:110,-0.0007349338559529545
cnndm_test_00146,Lead - no_path,word:110,0.038461538461538464
cnndm_test_00146,Full - no_path,word:260,0.0007215007215007202
cnndm_test_00146,AB2 - AB0,word:260,-0.001916198262646926
cnndm_test_00146,TextRank - no_path,word:260,0.012191034771679946
cnndm_test_00146,Lead - no_path,word:260,0.01338889123905411
cnndm_test_00147,Full - no_path,unit:10,0.0
cnndm_test_00147,AB2 - AB0,unit:10,-0.0016366612111292922
cnndm_test_00147,TextRank - no_path,unit:10,-0.0024368168209983887
cnndm_test_00147,Lead - no_path,unit:10,0.04418521604570884
cnndm_test_00147,Full - no_path,unit:5,0.0
cnndm_test_00147,AB2 - AB0,unit:5,0.010520289129034563
cnndm_test_00147,TextRank - no_path,unit:5,0.025144747725392907
cnndm_test_00147,Lead - no_path,unit:5,0.05741210583544763
cnndm_test_00147,Full - no_path,word:110,0.0
cnndm_test_00147,AB2 - AB0,word:110,-0.03143374038896425
cnndm_test_00147,TextRank - no_path,word:110,-0.011280690112806913
cnndm_test_00147,Lead - no_path,word:110,0.01994762355825487
cnndm_test_00147,Full - no_path,word:260,0.0
cnndm_test_00147,AB2 - AB0,word:260,0.006202330064537763
cnndm_test_00147,TextRank - no_path,word:260,-0.006539911295021343
cnndm_test_00147,Lead - no_path,word:260,0.001157533007777177
cnndm_test_00157,Full - no_path,unit:10,0.0
cnndm_test_00157,AB2 - AB0,unit:10,0.0
cnndm_test_00157,TextRank - no_path,unit:10,0.0
cnndm_test_00157,Lead - no_path,unit:10,0.009388349058817996
cnndm_test_00157,Full - no_path,unit:5,0.0
cnndm_test_00157,AB2 - AB0,unit:5,0.0
cnndm_test_00157,TextRank - no_path,unit:5,0.0
cnndm_test_00157,Lead - no_path,unit:5,0.08162494095418046
cnndm_test_00157,Full - no_path,word:110,0.0
cnndm_test_00157,AB2 - AB0,word:110,0.0
cnndm_test_00157,TextRank - no_path,word:110,0.0006440532417346378
cnndm_test_00157,Lead - no_path,word:110,0.11829111206526402
cnndm_test_00157,Full - no_path,word:260,0.0
cnndm_test_00157,AB2 - AB0,word:260,0.0
cnndm_test_00157,TextRank - no_path,word:260,0.00035549235691431647
cnndm_test_00157,Lead - no_path,word:260,0.00035549235691431647
cnndm_test_00158,Full - no_path,unit:10,0.0
cnndm_test_00158,AB2 - AB0,unit:10,-0.001987281399046109
cnndm_test_00158,TextRank - no_path,unit:10,-0.0009722897423432089
cnndm_test_00158,Lead - no_path,unit:10,-0.029697315819531687
cnndm_test_00158,Full - no_path,unit:5,0.0
cnndm_test_00158,AB2 - AB0,unit:5,-0.03728122752337569
cnndm_test_00158,TextRank - no_path,unit:5,0.0028521281263712006
cnndm_test_00158,Lead - no_path,unit:5,0.01684041700080191
cnndm_test_00158,Full - no_path,word:110,0.0
cnndm_test_00158,AB2 - AB0,word:110,0.00036337209302325646
cnndm_test_00158,TextRank - no_path,word:110,-0.00036337209302325646
cnndm_test_00158,Lead - no_path,word:110,0.0003690944881889688
cnndm_test_00158,Full - no_path,word:260,0.0
cnndm_test_00158,AB2 - AB0,word:260,0.0
cnndm_test_00158,TextRank - no_path,word:260,0.007469537115048476
cnndm_test_00158,Lead - no_path,word:260,0.0007092468052230932
cnndm_test_00164,Full - no_path,unit:10,0.0
cnndm_test_00164,AB2 - AB0,unit:10,-0.003326965934415782
cnndm_test_00164,TextRank - no_path,unit:10,0.015249813571961215
cnndm_test_00164,Lead - no_path,unit:10,0.015656565656565674
cnndm_test_00164,Full - no_path,unit:5,0.0
cnndm_test_00164,AB2 - AB0,unit:5,-0.007619047619047609
cnndm_test_00164,TextRank - no_path,unit:5,0.028470111448834823
cnndm_test_00164,Lead - no_path,unit:5,-0.005322128851540625
cnndm_test_00164,Full - no_path,word:110,0.0
cnndm_test_00164,AB2 - AB0,word:110,-0.056342780026990585
cnndm_test_00164,TextRank - no_path,word:110,0.056342780026990585
cnndm_test_00164,Lead - no_path,word:110,0.05005716152212969
cnndm_test_00164,Full - no_path,word:260,0.0
cnndm_test_00164,AB2 - AB0,word:260,0.0
cnndm_test_00164,TextRank - no_path,word:260,-0.00384570189400818
cnndm_test_00164,Lead - no_path,word:260,0.0018044218950675622
cnndm_test_00165,Full - no_path,unit:10,0.0
cnndm_test_00165,AB2 - AB0,unit:10,0.004101177398456432
cnndm_test_00165,TextRank - no_path,unit:10,0.029464802150318103
cnndm_test_00165,Lead - no_path,unit:10,0.012215420962199297
cnndm_test_00165,Full - no_path,unit:5,0.0
cnndm_test_00165,AB2 - AB0,unit:5,-0.026964433416046305
cnndm_test_00165,TextRank - no_path,unit:5,0.004270528710021815
cnndm_test_00165,Lead - no_path,unit:5,0.007223647942210809
cnndm_test_00165,Full - no_path,word:110,0.0
cnndm_test_00165,AB2 - AB0,word:110,-0.01749595001157142
cnndm_test_00165,TextRank - no_path,word:110,-0.009228187919463102
cnndm_test_00165,Lead - no_path,word:110,0.013422818791946317
cnndm_test_00165,Full - no_path,word:260,0.0
cnndm_test_00165,AB2 - AB0,word:260,-0.007552769718044694
cnndm_test_00165,TextRank - no_path,word:260,0.0008638065073423434
cnndm_test_00165,Lead - no_path,word:260,0.006622516556291383
cnndm_test_00166,Full - no_path,unit:10,0.0
cnndm_test_00166,AB2 - AB0,unit:10,0.0
cnndm_test_00166,TextRank - no_path,unit:10,0.004674485806561282
cnndm_test_00166,Lead - no_path,unit:10,0.004674485806561282
cnndm_test_00166,Full - no_path,unit:5,0.0
cnndm_test_00166,AB2 - AB0,unit:5,0.0
cnndm_test_00166,TextRank - no_path,unit:5,0.0
cnndm_test_00166,Lead - no_path,unit:5,0.0
cnndm_test_00166,Full - no_path,word:110,0.0
cnndm_test_00166,AB2 - AB0,word:110,0.0
cnndm_test_00166,TextRank - no_path,word:110,0.011640211640211617
cnndm_test_00166,Lead - no_path,word:110,0.0
cnndm_test_00166,Full - no_path,word:260,0.0
cnndm_test_00166,AB2 - AB0,word:260,0.0
cnndm_test_00166,TextRank - no_path,word:260,0.0
cnndm_test_00166,Lead - no_path,word:260,0.0
cnndm_test_00168,Full - no_path,unit:10,0.0
cnndm_test_00168,AB2 - AB0,unit:10,0.029518072289156636
cnndm_test_00168,TextRank - no_path,unit:10,-0.029518072289156636
cnndm_test_00168,Lead - no_path,unit:10,0.01483516483516481
cnndm_test_00168,Full - no_path,unit:5,0.0
cnndm_test_00168,AB2 - AB0,unit:5,0.06100082712985938
cnndm_test_00168,TextRank - no_path,unit:5,-0.0644796380090498
cnndm_test_00168,Lead - no_path,unit:5,-0.007456828885400307
cnndm_test_00168,Full - no_path,word:110,0.0
cnndm_test_00168,AB2 - AB0,word:110,0.0647978169188787
cnndm_test_00168,TextRank - no_path,word:110,0.030286954424885437
cnndm_test_00168,Lead - no_path,word:110,-0.0011336797354747352
cnndm_test_00168,Full - no_path,word:260,0.0
cnndm_test_00168,AB2 - AB0,word:260,0.001145475372279492
cnndm_test_00168,TextRank - no_path,word:260,-0.0015220700152206862
cnndm_test_00168,Lead - no_path,word:260,0.004929844520288218
cnndm_test_00171,Full - no_path,unit:10,0.0
cnndm_test_00171,AB2 - AB0,unit:10,0.0
cnndm_test_00171,TextRank - no_path,unit:10,0.0
cnndm_test_00171,Lead - no_path,unit:10,0.0
cnndm_test_00171,Full - no_path,unit:5,0.0
cnndm_test_00171,AB2 - AB0,unit:5,0.0
cnndm_test_00171,TextRank - no_path,unit:5,0.0
cnndm_test_00171,Lead - no_path,unit:5,0.0888888888888889
cnndm_test_00171,Full - no_path,word:110,0.0
cnndm_test_00171,AB2 - AB0,word:110,0.0
cnndm_test_00171,TextRank - no_path,word:110,0.02133333333333333
cnndm_test_00171,Lead - no_path,word:110,0.08800000000000001
cnndm_test_00171,Full - no_path,word:260,0.0
cnndm_test_00171,AB2 - AB0,word:260,0.0
cnndm_test_00171,TextRank - no_path,word:260,0.0
cnndm_test_00171,Lead - no_path,word:260,0.0
cnndm_test_00172,Full - no_path,unit:10,0.0
cnndm_test_00172,AB2 - AB0,unit:10,-0.0049188391539596865
cnndm_test_00172,TextRank - no_path,unit:10,-0.01956096500760704
cnndm_test_00172,Lead - no_path,unit:10,-0.0009563138448163144
cnndm_test_00172,Full - no_path,unit:5,0.0
cnndm_test_00172,AB2 - AB0,unit:5,0.06573239906573239
cnndm_test_00172,TextRank - no_path,unit:5,-0.06573239906573239
cnndm_test_00172,Lead - no_path,unit:5,-0.02805836139169471
cnndm_test_00172,Full - no_path,word:110,0.0
cnndm_test_00172,AB2 - AB0,word:110,0.014430014430014404
cnndm_test_00172,TextRank - no_path,word:110,-0.06738351254480288
cnndm_test_00172,Lead - no_path,word:110,-0.04273504273504272
cnndm_test_00172,Full - no_path,word:260,0.0
cnndm_test_00172,AB2 - AB0,word:260,0.0
cnndm_test_00172,TextRank - no_path,word:260,0.0
cnndm_test_00172,Lead - no_path,word:260,0.0
cnndm_test_00173,Full - no_path,unit:10,0.0
cnndm_test_00173,AB2 - AB0,unit:10,-0.006257719226018928
cnndm_test_00173,TextRank - no_path,unit:10,0.0028571428571428567
cnndm_test_00173,Lead - no_path,unit:10,0.037060041407867485
cnndm_test_00173,Full - no_path,unit:5,0.0
cnndm_test_00173,AB2 - AB0,unit:5,0.0011706175007316494
cnndm_test_00173,TextRank - no_path,unit:5,0.008795800005497373
cnndm_test_00173,Lead - no_path,unit:5,0.01984552376240345
cnndm_test_00173,Full - no_path,word:110,0.0
cnndm_test_00173,AB2 - AB0,word:110,-0.015588723051409598
cnndm_test_00173,TextRank - no_path,word:110,0.0020202020202020055
cnndm_test_00173,Lead - no_path,word:110,0.027053140096618356
cnndm_test_00173,Full - no_path,word:260,0.0
cnndm_test_00173,AB2 - AB0,word:260,-0.006968641114982577
cnndm_test_00173,TextRank - no_path,word:260,0.013937282229965167
cnndm_test_00173,Lead - no_path,word:260,0.040802595218070406
cnndm_test_00181,Full - no_path,unit:10,0.0
cnndm_test_00181,AB2 - AB0,unit:10,0.002694283068114839
cnndm_test_00181,TextRank - no_path,unit:10,-0.00511461384665457
cnndm_test_00181,Lead - no_path,unit:10,0.025472308344299963
cnndm_test_00181,Full - no_path,unit:5,0.0
cnndm_test_00181,AB2 - AB0,unit:5,0.007642135318982168
cnndm_test_00181,TextRank - no_path,unit:5,0.007186698780203532
cnndm_test_00181,Lead - no_path,unit:5,0.04038139846102373
cnndm_test_00181,Full - no_path,word:110,0.0
cnndm_test_00181,AB2 - AB0,word:110,-0.014758591608686478
cnndm_test_00181,TextRank - no_path,word:110,0.012555899552803562
cnndm_test_00181,Lead - no_path,word:110,0.12618083670715247
cnndm_test_00181,Full - no_path,word:260,0.0
cnndm_test_00181,AB2 - AB0,word:260,-0.0051824431517715625
cnndm_test_00181,TextRank - no_path,word:260,0.0051824431517715625
cnndm_test_00181,Lead - no_path,word:260,0.056359706921090075
cnndm_test_00211,Full - no_path,unit:10,0.0
cnndm_test_00211,AB2 - AB0,unit:10,0.0
cnndm_test_00211,TextRank - no_path,unit:10,0.0036231884057971037
cnndm_test_00211,Lead - no_path,unit:10,0.0
cnndm_test_00211,Full - no_path,unit:5,0.0
cnndm_test_00211,AB2 - AB0,unit:5,0.0
cnndm_test_00211,TextRank - no_path,unit:5,0.02613775122933236
cnndm_test_00211,Lead - no_path,unit:5,0.011010362694300516
cnndm_test_00211,Full - no_path,word:110,0.0
cnndm_test_00211,AB2 - AB0,word:110,-0.01771561771561772
cnndm_test_00211,TextRank - no_path,word:110,-0.015151515151515138
cnndm_test_00211,Lead - no_path,word:110,0.019027484143763207
cnndm_test_00211,Full - no_path,word:260,0.0
cnndm_test_00211,AB2 - AB0,word:260,0.0
cnndm_test_00211,TextRank - no_path,word:260,0.0
cnndm_test_00211,Lead - no_path,word:260,0.0
cnndm_test_00214,Full - no_path,unit:10,0.0
cnndm_test_00214,AB2 - AB0,unit:10,0.0
cnndm_test_00214,TextRank - no_path,unit:10,-0.013142174432497045
cnndm_test_00214,Lead - no_path,unit:10,0.005986844696522109
cnndm_test_00214,Full - no_path,unit:5,0.0
cnndm_test_00214,AB2 - AB0,unit:5,-0.08596837944664032
cnndm_test_00214,TextRank - no_path,unit:5,-0.01795020266357844
cnndm_test_00214,Lead - no_path,unit:5,-0.03176341730558596
cnndm_test_00214,Full - no_path,word:110,0.0
cnndm_test_00214,AB2 - AB0,word:110,0.02611102798144549
cnndm_test_00214,TextRank - no_path,word:110,-0.033761383988111154
cnndm_test_00214,Lead - no_path,word:110,-0.041244733535368505
cnndm_test_00214,Full - no_path,word:260,0.0
cnndm_test_00214,AB2 - AB0,word:260,0.0
cnndm_test_00214,TextRank - no_path,word:260,0.0
cnndm_test_00214,Lead - no_path,word:260,0.0
cnndm_test_00215,Full - no_path,unit:10,0.0
cnndm_test_00215,AB2 - AB0,unit:10,0.0
cnndm_test_00215,TextRank - no_path,unit:10,0.011478361893697359
cnndm_test_00215,Lead - no_path,unit:10,-0.036192092651757185
cnndm_test_00215,Full - no_path,unit:5,0.0
cnndm_test_00215,AB2 - AB0,unit:5,0.004598728962411758
cnndm_test_00215,TextRank - no_path,unit:5,-0.06700920573752943
cnndm_test_00215,Lead - no_path,unit:5,-0.008808147536471217
cnndm_test_00215,Full - no_path,word:110,0.0
cnndm_test_00215,AB2 - AB0,word:110,0.007692307692307679
cnndm_test_00215,TextRank - no_path,word:110,-0.007692307692307679
cnndm_test_00215,Lead - no_path,word:110,-0.004761904761904759
cnndm_test_00215,Full - no_path,word:260,0.0
cnndm_test_00215,AB2 - AB0,word:260,0.0
cnndm_test_00215,TextRank - no_path,word:260,0.0013554903877484453
cnndm_test_00215,Lead - no_path,word:260,-0.036250462378346664
cnndm_test_00217,Full - no_path,unit:10,0.0
cnndm_test_00217,AB2 - AB0,unit:10,0.0
cnndm_test_00217,TextRank - no_path,unit:10,-0.045535884256615256
cnndm_test_00217,Lead - no_path,unit:10,-0.004137056684349244
cnndm_test_00217,Full - no_path,unit:5,0.0
cnndm_test_00217,AB2 - AB0,unit:5,0.0
cnndm_test_00217,TextRank - no_path,unit:5,0.04777698807549553
cnndm_test_00217,Lead - no_path,unit:5,0.007309223804069162
cnndm_test_00217,Full - no_path,word:110,0.0
cnndm_test_00217,AB2 - AB0,word:110,0.0
cnndm_test_00217,TextRank - no_path,word:110,0.0011031439602867954
cnndm_test_00217,Lead - no_path,word:110,0.0011031439602867954
cnndm_test_00217,Full - no_path,word:260,0.0
cnndm_test_00217,AB2 - AB0,word:260,0.0
cnndm_test_00217,TextRank - no_path,word:260,-0.001074991400068781
cnndm_test_00217,Lead - no_path,word:260,0.0
cnndm_test_00219,Full - no_path,unit:10,0.0
cnndm_test_00219,AB2 - AB0,unit:10,-0.005320563979781853
cnndm_test_00219,TextRank - no_path,unit:10,0.03126484754194574
cnndm_test_00219,Lead - no_path,unit:10,0.06533505446475077
cnndm_test_00219,Full - no_path,unit:5,0.0
cnndm_test_00219,AB2 - AB0,unit:5,-0.011570900810892432
cnndm_test_00219,TextRank - no_path,unit:5,0.04922244759972953
cnndm_test_00219,Lead - no_path,unit:5,0.05350052246603969
cnndm_test_00219,Full - no_path,word:110,0.0
cnndm_test_00219,AB2 - AB0,word:110,-0.048780487804878064
cnndm_test_00219,TextRank - no_path,word:110,0.04906900328587076
cnndm_test_00219,Lead - no_path,word:110,0.08654128709961802
cnndm_test_00219,Full - no_path,word:260,0.0
cnndm_test_00219,AB2 - AB0,word:260,-0.001281897207867616
cnndm_test_00219,TextRank - no_path,word:260,0.026042086591953575
cnndm_test_00219,Lead - no_path,word:260,0.04042466312780728
cnndm_test_00220,Full - no_path,unit:10,0.0
cnndm_test_00220,AB2 - AB0,unit:10,0.02305578589662291
cnndm_test_00220,TextRank - no_path,unit:10,-0.02305578589662291
cnndm_test_00220,Lead - no_path,unit:10,0.02046648130985479
cnndm_test_00220,Full - no_path,unit:5,0.0
cnndm_test_00220,AB2 - AB0,unit:5,0.005717552887364197
cnndm_test_00220,TextRank - no_path,unit:5,0.0
cnndm_test_00220,Lead - no_path,unit:5,-0.009943181818181823
cnndm_test_00220,Full - no_path,word:110,0.0
cnndm_test_00220,AB2 - AB0,word:110,0.017427772600186353
cnndm_test_00220,TextRank - no_path,word:110,-0.0013226263580538022
cnndm_test_00220,Lead - no_path,word:110,-0.01502125649504013
cnndm_test_00220,Full - no_path,word:260,0.0
cnndm_test_00220,AB2 - AB0,word:260,0.0
cnndm_test_00220,TextRank - no_path,word:260,0.0
cnndm_test_00220,Lead - no_path,word:260,-0.0016547609336581004
cnndm_test_00222,Full - no_path,unit:10,0.0
cnndm_test_00222,AB2 - AB0,unit:10,-0.001304631441617743
cnndm_test_00222,TextRank - no_path,unit:10,0.0011029503922994066
cnndm_test_00222,Lead - no_path,unit:10,-0.02990750256937308
cnndm_test_00222,Full - no_path,unit:5,0.0
cnndm_test_00222,AB2 - AB0,unit:5,-0.01708124959407678
cnndm_test_00222,TextRank - no_path,unit:5,0.023274478330658155
cnndm_test_00222,Lead - no_path,unit:5,0.0032744783306581093
cnndm_test_00222,Full - no_path,word:110,0.0
cnndm_test_00222,AB2 - AB0,word:110,0.0038159371492704486
cnndm_test_00222,TextRank - no_path,word:110,0.021830773863294184
cnndm_test_00222,Lead - no_path,word:110,-0.015937149270482592
cnndm_test_00222,Full - no_path,word:260,0.0
cnndm_test_00222,AB2 - AB0,word:260,-0.005753625776243498
cnndm_test_00222,TextRank - no_path,word:260,0.004107825505862001
cnndm_test_00222,Lead - no_path,word:260,-0.025236593059936918
cnndm_test_00227,Full - no_path,unit:10,0.0
cnndm_test_00227,AB2 - AB0,unit:10,-0.04390376882709737
cnndm_test_00227,TextRank - no_path,unit:10,0.037227654829301765
cnndm_test_00227,Lead - no_path,unit:10,0.007129301943888812
cnndm_test_00227,Full - no_path,unit:5,0.0
cnndm_test_00227,AB2 - AB0,unit:5,-0.026282853566958718
cnndm_test_00227,TextRank - no_path,unit:5,0.09742647058823531
cnndm_test_00227,Lead - no_path,unit:5,0.07090620031796505
cnndm_test_00227,Full - no_path,word:110,0.0
cnndm_test_00227,AB2 - AB0,word:110,-0.014524728810443088
cnndm_test_00227,TextRank - no_path,word:110,0.06894649751792609
cnndm_test_00227,Lead - no_path,word:110,-0.0009069472156720548
cnndm_test_00227,Full - no_path,word:260,0.0
cnndm_test_00227,AB2 - AB0,word:260,-0.019189189189189187
cnndm_test_00227,TextRank - no_path,word:260,0.045855855855855845
cnndm_test_00227,Lead - no_path,word:260,0.03283467413902197
cnndm_test_00229,Full - no_path,unit:10,0.0
cnndm_test_00229,AB2 - AB0,unit:10,-0.02573352573352569
cnndm_test_00229,TextRank - no_path,unit:10,0.04079019571977316
cnndm_test_00229,Lead - no_path,unit:10,0.014583776878858812
cnndm_test_00229,Full - no_path,unit:5,0.0
cnndm_test_00229,AB2 - AB0,unit:5,0.0605176605176605
cnndm_test_00229,TextRank - no_path,unit:5,-0.07088068626530164
cnndm_test_00229,Lead - no_path,unit:5,-0.08057627334735767
cnndm_test_00229,Full - no_path,word:110,0.0
cnndm_test_00229,AB2 - AB0,word:110,0.09899132066619751
cnndm_test_00229,TextRank - no_path,word:110,-0.09899132066619751
cnndm_test_00229,Lead - no_path,word:110,-0.13793103448275862
cnndm_test_00229,Full - no_path,word:260,0.0
cnndm_test_00229,AB2 - AB0,word:260,0.007844531605906757
cnndm_test_00229,TextRank - no_path,word:260,0.0006060470023119546
cnndm_test_00229,Lead - no_path,word:260,-0.012251838338794868
cnndm_test_00230,Full - no_path,unit:10,0.0
cnndm_test_00230,AB2 - AB0,unit:10,-0.003109613889608745
cnndm_test_00230,TextRank - no_path,unit:10,0.003109613889608745
cnndm_test_00230,Lead - no_path,unit:10,0.033610703214227475
cnndm_test_00230,Full - no_path,unit:5,0.0
cnndm_test_00230,AB2 - AB0,unit:5,-0.035151515151515156
cnndm_test_00230,TextRank - no_path,unit:5,0.03666666666666665
cnndm_test_00230,Lead - no_path,unit:5,0.07367231638418079
cnndm_test_00230,Full - no_path,word:110,0.0
cnndm_test_00230,AB2 - AB0,word:110,0.006267806267806292
cnndm_test_00230,TextRank - no_path,word:110,-0.008646827624929826
cnndm_test_00230,Lead - no_path,word:110,0.03817663817663816
cnndm_test_00230,Full - no_path,word:260,0.0
cnndm_test_00230,AB2 - AB0,word:260,0.0
cnndm_test_00230,TextRank - no_path,word:260,-0.0016175994823681705
cnndm_test_00230,Lead - no_path,word:260,0.0074733096085409095
cnndm_test_00231,Full - no_path,unit:10,0.0
cnndm_test_00231,AB2 - AB0,unit:10,0.0
cnndm_test_00231,TextRank - no_path,unit:10,0.026987431567584236
cnndm_test_00231,Lead - no_path,unit:10,0.02354370775423409
cnndm_test_00231,Full - no_path,unit:5,0.0
cnndm_test_00231,AB2 - AB0,unit:5,-0.07902813299232736
cnndm_test_00231,TextRank - no_path,unit:5,0.001461886529759815
cnndm_test_00231,Lead - no_path,unit:5,0.05056022408963584
cnndm_test_00231,Full - no_path,word:110,0.0
cnndm_test_00231,AB2 - AB0,word:110,-0.060663021189337085
cnndm_test_00231,TextRank - no_path,word:110,-0.04894736842105257
cnndm_test_00231,Lead - no_path,word:110,-0.004272043745727927
cnndm_test_00231,Full - no_path,word:260,0.0
cnndm_test_00231,AB2 - AB0,word:260,0.0
cnndm_test_00231,TextRank - no_path,word:260,0.008584635703279775
cnndm_test_00231,Lead - no_path,word:260,0.0019161166702150456
cnndm_test_00232,Full - no_path,unit:10,0.0
cnndm_test_00232,AB2 - AB0,unit:10,0.0
cnndm_test_00232,TextRank - no_path,unit:10,0.0
cnndm_test_00232,Lead - no_path,unit:10,0.0
cnndm_test_00232,Full - no_path,unit:5,0.0
cnndm_test_00232,AB2 - AB0,unit:5,0.0
cnndm_test_00232,TextRank - no_path,unit:5,-0.0003146509341199477
cnndm_test_00232,Lead - no_path,unit:5,0.010521541950113386
cnndm_test_00232,Full - no_path,word:110,0.0
cnndm_test_00232,AB2 - AB0,word:110,-0.029810298102981025
cnndm_test_00232,TextRank - no_path,word:110,-0.006673947336488295
cnndm_test_00232,Lead - no_path,word:110,-0.0037814331631688403
cnndm_test_00232,Full - no_path,word:260,0.0
cnndm_test_00232,AB2 - AB0,word:260,0.0
cnndm_test_00232,TextRank - no_path,word:260,0.0
cnndm_test_00232,Lead - no_path,word:260,0.0
cnndm_test_00245,Full - no_path,unit:10,0.0
cnndm_test_00245,AB2 - AB0,unit:10,0.0
cnndm_test_00245,TextRank - no_path,unit:10,-0.0026491068725401357
cnndm_test_00245,Lead - no_path,unit:10,0.014485344239945436
cnndm_test_00245,Full - no_path,unit:5,0.0
cnndm_test_00245,AB2 - AB0,unit:5,0.04462436452645452
cnndm_test_00245,TextRank - no_path,unit:5,0.016591840718329087
cnndm_test_00245,Lead - no_path,unit:5,-0.018888406426400356
cnndm_test_00245,Full - no_path,word:110,0.0
cnndm_test_00245,AB2 - AB0,word:110,0.13410702772404903
cnndm_test_00245,TextRank - no_path,word:110,-0.03473091364205261
cnndm_test_00245,Lead - no_path,word:110,-0.003570897187918476
cnndm_test_00245,Full - no_path,word:260,0.0
cnndm_test_00245,AB2 - AB0,word:260,0.0
cnndm_test_00245,TextRank - no_path,word:260,-0.003518855199108578
cnndm_test_00245,Lead - no_path,word:260,-0.0005965875193890691
cnndm_test_00257,Full - no_path,unit:10,0.0
cnndm_test_00257,AB2 - AB0,unit:10,0.0
cnndm_test_00257,TextRank - no_path,unit:10,0.003842195540308735
cnndm_test_00257,Lead - no_path,unit:10,0.004242424242424256
cnndm_test_00257,Full - no_path,unit:5,0.0
cnndm_test_00257,AB2 - AB0,unit:5,-0.014141414141414121
cnndm_test_00257,TextRank - no_path,unit:5,-0.006093189964157739
cnndm_test_00257,Lead - no_path,unit:5,0.0111111111111111
cnndm_test_00257,Full - no_path,word:110,0.0
cnndm_test_00257,AB2 - AB0,word:110,-0.001442307692307715
cnndm_test_00257,TextRank - no_path,word:110,0.04615384615384617
cnndm_test_00257,Lead - no_path,word:110,0.014562536699941273
cnndm_test_00257,Full - no_path,word:260,0.0
cnndm_test_00257,AB2 - AB0,word:260,-0.00034838003284724806
cnndm_test_00257,TextRank - no_path,word:260,0.009711699801698254
cnndm_test_00257,Lead - no_path,word:260,0.00034838003284724806
cnndm_test_00258,Full - no_path,unit:10,0.0
cnndm_test_00258,AB2 - AB0,unit:10,0.0050861976657029795
cnndm_test_00258,TextRank - no_path,unit:10,-0.0008512087163772691
cnndm_test_00258,Lead - no_path,unit:10,-0.004329004329004321
cnndm_test_00258,Full - no_path,unit:5,0.0
cnndm_test_00258,AB2 - AB0,unit:5,-0.020355798836811503
cnndm_test_00258,TextRank - no_path,unit:5,-0.021172194457064974
cnndm_test_00258,Lead - no_path,unit:5,0.027990729185238025
cnndm_test_00258,Full - no_path,word:110,0.0
cnndm_test_00258,AB2 - AB0,word:110,0.000897766805072378
cnndm_test_00258,TextRank - no_path,word:110,-0.03141186299081035
cnndm_test_00258,Lead - no_path,word:110,0.024626784352184822
cnndm_test_00258,Full - no_path,word:260,0.0
cnndm_test_00258,AB2 - AB0,word:260,-0.0007413081618028589
cnndm_test_00258,TextRank - no_path,word:260,0.0
cnndm_test_00258,Lead - no_path,word:260,-0.0004856254856254738
cnndm_test_00268,Full - no_path,unit:10,0.0
cnndm_test_00268,AB2 - AB0,unit:10,0.0
cnndm_test_00268,TextRank - no_path,unit:10,0.008294301327088208
cnndm_test_00268,Lead - no_path,unit:10,0.014630706857042125
cnndm_test_00268,Full - no_path,unit:5,0.0
cnndm_test_00268,AB2 - AB0,unit:5,0.0
cnndm_test_00268,TextRank - no_path,unit:5,-0.00901764476160044
cnndm_test_00268,Lead - no_path,unit:5,0.029036004645760782
cnndm_test_00268,Full - no_path,word:110,0.0
cnndm_test_00268,AB2 - AB0,word:110,0.0
cnndm_test_00268,TextRank - no_path,word:110,0.013555446676465785
cnndm_test_00268,Lead - no_path,word:110,0.039196472317491446
cnndm_test_00268,Full - no_path,word:260,0.0
cnndm_test_00268,AB2 - AB0,word:260,0.007460334138909314
cnndm_test_00268,TextRank - no_path,word:260,-0.007460334138909314
cnndm_test_00268,Lead - no_path,word:260,-0.0016704251231938472
cnndm_test_00271,Full - no_path,unit:10,0.0
cnndm_test_00271,AB2 - AB0,unit:10,0.0
cnndm_test_00271,TextRank - no_path,unit:10,0.08653474903474906
cnndm_test_00271,Lead - no_path,unit:10,0.03387730690362267
cnndm_test_00271,Full - no_path,unit:5,0.0
cnndm_test_00271,AB2 - AB0,unit:5,0.0
cnndm_test_00271,TextRank - no_path,unit:5,0.023684210526315808
cnndm_test_00271,Lead - no_path,unit:5,0.1462264150943396
cnndm_test_00271,Full - no_path,word:110,0.0
cnndm_test_00271,AB2 - AB0,word:110,-0.010335296238432906
cnndm_test_00271,TextRank - no_path,word:110,0.05695016860247287
cnndm_test_00271,Lead - no_path,word:110,0.1395368456574008
cnndm_test_00271,Full - no_path,word:260,0.0
cnndm_test_00271,AB2 - AB0,word:260,-0.004479145264023016
cnndm_test_00271,TextRank - no_path,word:260,0.02524634374027593
cnndm_test_00271,Lead - no_path,word:260,0.09299221357063406
cnndm_test_00272,Full - no_path,unit:10,0.0
cnndm_test_00272,AB2 - AB0,unit:10,0.003149940181424435
cnndm_test_00272,TextRank - no_path,unit:10,-0.0065573770491803435
cnndm_test_00272,Lead - no_path,unit:10,-0.0076562781480814385
cnndm_test_00272,Full - no_path,unit:5,0.0
cnndm_test_00272,AB2 - AB0,unit:5,-0.05068493150684933
cnndm_test_00272,TextRank - no_path,unit:5,0.03924050632911391
cnndm_test_00272,Lead - no_path,unit:5,-0.014893617021276603
cnndm_test_00272,Full - no_path,word:110,0.0
cnndm_test_00272,AB2 - AB0,word:110,-0.042253521126760576
cnndm_test_00272,TextRank - no_path,word:110,0.05525460455037921
cnndm_test_00272,Lead - no_path,word:110,0.0
cnndm_test_00272,Full - no_path,word:260,0.0
cnndm_test_00272,AB2 - AB0,word:260,0.0009491096447618169
cnndm_test_00272,TextRank - no_path,word:260,-0.0011870520020088454
cnndm_test_00272,Lead - no_path,word:260,-0.0014788524105294049
cnndm_test_00273,Full - no_path,unit:10,0.0
cnndm_test_00273,AB2 - AB0,unit:10,0.006896803386366959
cnndm_test_00273,TextRank - no_path,unit:10,0.0025856496444731647
cnndm_test_00273,Lead - no_path,unit:10,0.05429864253393665
cnndm_test_00273,Full - no_path,unit:5,0.0
cnndm_test_00273,AB2 - AB0,unit:5,0.00745665817436153
cnndm_test_00273,TextRank - no_path,unit:5,-0.0019994668088509776
cnndm_test_00273,Lead - no_path,unit:5,0.12425192362496437
cnndm_test_00273,Full - no_path,word:110,0.0
cnndm_test_00273,AB2 - AB0,word:110,0.013771839671120237
cnndm_test_00273,TextRank - no_path,word:110,-0.01428571428571429
cnndm_test_00273,Lead - no_path,word:110,0.042857142857142844
cnndm_test_00273,Full - no_path,word:260,0.0
cnndm_test_00273,AB2 - AB0,word:260,0.00017956948216649865
cnndm_test_00273,TextRank - no_path,word:260,0.0143359357165685
cnndm_test_00273,Lead - no_path,word:260,0.02766465703560459
cnndm_test_00275,Full - no_path,unit:10,0.0
cnndm_test_00275,AB2 - AB0,unit:10,0.000976800976801001
cnndm_test_00275,TextRank - no_path,unit:10,0.016837983357807146
cnndm_test_00275,Lead - no_path,unit:10,0.09150326797385623
cnndm_test_00275,Full - no_path,unit:5,0.0
cnndm_test_00275,AB2 - AB0,unit:5,-0.00253914515446467
cnndm_test_00275,TextRank - no_path,unit:5,0.031233549745569397
cnndm_test_00275,Lead - no_path,unit:5,0.1463299948276673
cnndm_test_00275,Full - no_path,word:110,0.0
cnndm_test_00275,AB2 - AB0,word:110,0.01443280014708588
cnndm_test_00275,TextRank - no_path,word:110,0.010460541541309876
cnndm_test_00275,Lead - no_path,word:110,0.1813218390804598
cnndm_test_00275,Full - no_path,word:260,0.0
cnndm_test_00275,AB2 - AB0,word:260,-0.07231788079470199
cnndm_test_00275,TextRank - no_path,word:260,0.011503267973856202
cnndm_test_00275,Lead - no_path,word:260,0.07436241610738255
cnndm_test_00276,Full - no_path,unit:10,0.0
cnndm_test_00276,AB2 - AB0,unit:10,-0.001719043781896315
cnndm_test_00276,TextRank - no_path,unit:10,0.03439878234398783
cnndm_test_00276,Lead - no_path,unit:10,0.07143581938102485
cnndm_test_00276,Full - no_path,unit:5,0.0
cnndm_test_00276,AB2 - AB0,unit:5,-0.026234175606284008
cnndm_test_00276,TextRank - no_path,unit:5,0.026234175606284008
cnndm_test_00276,Lead - no_path,unit:5,0.1467218638682969
cnndm_test_00276,Full - no_path,word:110,0.0
cnndm_test_00276,AB2 - AB0,word:110,0.02702702702702703
cnndm_test_00276,TextRank - no_path,word:110,0.002122015915119374
cnndm_test_00276,Lead - no_path,word:110,0.09655172413793103
cnndm_test_00276,Full - no_path,word:260,0.0
cnndm_test_00276,AB2 - AB0,word:260,-0.014026707197915517
cnndm_test_00276,TextRank - no_path,word:260,0.03242258652094718
cnndm_test_00276,Lead - no_path,word:260,0.06749087740319153
cnndm_test_00279,Full - no_path,unit:10,0.0
cnndm_test_00279,AB2 - AB0,unit:10,-0.00469367588932805
cnndm_test_00279,TextRank - no_path,unit:10,0.059829259190147435
cnndm_test_00279,Lead - no_path,unit:10,0.03510391030899644
cnndm_test_00279,Full - no_path,unit:5,0.0
cnndm_test_00279,AB2 - AB0,unit:5,-0.02445302445302447
cnndm_test_00279,TextRank - no_path,unit:5,0.02594417077175698
cnndm_test_00279,Lead - no_path,unit:5,-0.011640211640211617
cnndm_test_00279,Full - no_path,word:110,0.0
cnndm_test_00279,AB2 - AB0,word:110,-0.03476882923191649
cnndm_test_00279,TextRank - no_path,word:110,-0.003973860826563064
cnndm_test_00279,Lead - no_path,word:110,0.00555426984494331
cnndm_test_00279,Full - no_path,word:260,0.0
cnndm_test_00279,AB2 - AB0,word:260,-0.00081166230576174
cnndm_test_00279,TextRank - no_path,word:260,0.000816993464052243
cnndm_test_00279,Lead - no_path,word:260,0.0196078431372549
cnndm_test_00282,Full - no_path,unit:10,0.0
cnndm_test_00282,AB2 - AB0,unit:10,-0.007929652025605236
cnndm_test_00282,TextRank - no_path,unit:10,0.01225686117772451
cnndm_test_00282,Lead - no_path,unit:10,0.059897217791954616
cnndm_test_00282,Full - no_path,unit:5,0.0
cnndm_test_00282,AB2 - AB0,unit:5,0.016607277125764153
cnndm_test_00282,TextRank - no_path,unit:5,-0.030367310483420784
cnndm_test_00282,Lead - no_path,unit:5,0.05072687905969689
cnndm_test_00282,Full - no_path,word:110,0.0
cnndm_test_00282,AB2 - AB0,word:110,0.045812807881773415
cnndm_test_00282,TextRank - no_path,word:110,-0.043465045592705184
cnndm_test_00282,Lead - no_path,word:110,0.033590733590733585
cnndm_test_00282,Full - no_path,word:260,0.0
cnndm_test_00282,AB2 - AB0,word:260,-0.007777336885664093
cnndm_test_00282,TextRank - no_path,word:260,0.006734006734006745
cnndm_test_00282,Lead - no_path,word:260,0.025593700012304682
cnndm_test_00283,Full - no_path,unit:10,0.0
cnndm_test_00283,AB2 - AB0,unit:10,0.0
cnndm_test_00283,TextRank - no_path,unit:10,0.0
cnndm_test_00283,Lead - no_path,unit:10,0.0
cnndm_test_00283,Full - no_path,unit:5,0.0
cnndm_test_00283,AB2 - AB0,unit:5,0.0
cnndm_test_00283,TextRank - no_path,unit:5,-0.04635686893751409
cnndm_test_00283,Lead - no_path,unit:5,0.11372377622377619
cnndm_test_00283,Full - no_path,word:110,0.0
cnndm_test_00283,AB2 - AB0,word:110,0.0
cnndm_test_00283,TextRank - no_path,word:110,0.0
cnndm_test_00283,Lead - no_path,word:110,0.10933720367682637
cnndm_test_00283,Full - no_path,word:260,0.0
cnndm_test_00283,AB2 - AB0,word:260,0.0
cnndm_test_00283,TextRank - no_path,word:260,0.0
cnndm_test_00283,Lead - no_path,word:260,0.0
cnndm_test_00288,Full - no_path,unit:10,0.0
cnndm_test_00288,AB2 - AB0,unit:10,0.0
cnndm_test_00288,TextRank - no_path,unit:10,0.0
cnndm_test_00288,Lead - no_path,unit:10,0.0
cnndm_test_00288,Full - no_path,unit:5,0.0
cnndm_test_00288,AB2 - AB0,unit:5,0.0
cnndm_test_00288,TextRank - no_path,unit:5,-0.08257419923596823
cnndm_test_00288,Lead - no_path,unit:5,-0.11982475355969331
cnndm_test_00288,Full - no_path,word:110,0.0
cnndm_test_00288,AB2 - AB0,word:110,0.0
cnndm_test_00288,TextRank - no_path,word:110,-0.07104622871046226
cnndm_test_00288,Lead - no_path,word:110,-0.08962546368313985
cnndm_test_00288,Full - no_path,word:260,0.0
cnndm_test_00288,AB2 - AB0,word:260,0.0
cnndm_test_00288,TextRank - no_path,word:260,0.0
cnndm_test_00288,Lead - no_path,word:260,0.0
cnndm_test_00291,Full - no_path,unit:10,0.0
cnndm_test_00291,AB2 - AB0,unit:10,-0.025887850467289725
cnndm_test_00291,TextRank - no_path,unit:10,0.048417970949217445
cnndm_test_00291,Lead - no_path,unit:10,0.059678700140492355
cnndm_test_00291,Full - no_path,unit:5,0.0
cnndm_test_00291,AB2 - AB0,unit:5,-0.018699186991869926
cnndm_test_00291,TextRank - no_path,unit:5,0.09847446789074632
cnndm_test_00291,Lead - no_path,unit:5,0.12094637800310587
cnndm_test_00291,Full - no_path,word:110,0.0
cnndm_test_00291,AB2 - AB0,word:110,-0.028493894165535966
cnndm_test_00291,TextRank - no_path,word:110,0.07702984038861899
cnndm_test_00291,Lead - no_path,word:110,0.07205387205387206
cnndm_test_00291,Full - no_path,word:260,0.0
cnndm_test_00291,AB2 - AB0,word:260,0.0010451661067562568
cnndm_test_00291,TextRank - no_path,word:260,-0.0077414843671961
cnndm_test_00291,Lead - no_path,word:260,-0.005765600285728867
cnndm_test_00294,Full - no_path,unit:10,0.0
cnndm_test_00294,AB2 - AB0,unit:10,0.010828025477707018
cnndm_test_00294,TextRank - no_path,unit:10,-0.025373134328358193
cnndm_test_00294,Lead - no_path,unit:10,-0.008045977011494232
cnndm_test_00294,Full - no_path,unit:5,0.0
cnndm_test_00294,AB2 - AB0,unit:5,0.05451925993327268
cnndm_test_00294,TextRank - no_path,unit:5,-0.05451925993327268
cnndm_test_00294,Lead - no_path,unit:5,0.01293251113394997
cnndm_test_00294,Full - no_path,word:110,0.0
cnndm_test_00294,AB2 - AB0,word:110,0.056737588652482254
cnndm_test_00294,TextRank - no_path,word:110,-0.041124547170774
cnndm_test_00294,Lead - no_path,word:110,-0.001983831771065786
cnndm_test_00294,Full - no_path,word:260,0.0
cnndm_test_00294,AB2 - AB0,word:260,0.028101286607320877
cnndm_test_00294,TextRank - no_path,word:260,-0.04810996563573883
cnndm_test_00294,Lead - no_path,word:260,-0.021923233735220454
cnndm_test_00300,Full - no_path,unit:10,0.0
cnndm_test_00300,AB2 - AB0,unit:10,0.0007376932898283395
cnndm_test_00300,TextRank - no_path,unit:10,-0.022313371616078742
cnndm_test_00300,Lead - no_path,unit:10,-0.08301886792452828
cnndm_test_00300,Full - no_path,unit:5,0.0
cnndm_test_00300,AB2 - AB0,unit:5,-0.0025970653161926927
cnndm_test_00300,TextRank - no_path,unit:5,0.037498210963217427
cnndm_test_00300,Lead - no_path,unit:5,-0.02658690594882021
cnndm_test_00300,Full - no_path,word:110,0.10310559006211183
cnndm_test_00300,AB2 - AB0,word:110,-0.09009384775808134
cnndm_test_00300,TextRank - no_path,word:110,0.11428571428571428
cnndm_test_00300,Lead - no_path,word:110,0.052380952380952375
cnndm_test_00300,Full - no_path,word:260,0.0
cnndm_test_00300,AB2 - AB0,word:260,0.0006077890504465333
cnndm_test_00300,TextRank - no_path,word:260,-0.0005915005915005378
cnndm_test_00300,Lead - no_path,word:260,-0.0743243243243243
cnndm_test_00311,Full - no_path,unit:10,0.0
cnndm_test_00311,AB2 - AB0,unit:10,0.0030304390769507195
cnndm_test_00311,TextRank - no_path,unit:10,0.010665737190658775
cnndm_test_00311,Lead - no_path,unit:10,-0.00011378894426619657
cnndm_test_00311,Full - no_path,unit:5,0.0
cnndm_test_00311,AB2 - AB0,unit:5,0.011846976552858879
cnndm_test_00311,TextRank - no_path,unit:5,0.009410479023738705
cnndm_test_00311,Lead - no_path,unit:5,-0.007722925206439746
cnndm_test_00311,Full - no_path,word:110,0.0
cnndm_test_00311,AB2 - AB0,word:110,0.016026299568522723
cnndm_test_00311,TextRank - no_path,word:110,0.0015318874465855281
cnndm_test_00311,Lead - no_path,word:110,-0.025316455696202556
cnndm_test_00311,Full - no_path,word:260,0.0
cnndm_test_00311,AB2 - AB0,word:260,0.000563733166301289
cnndm_test_00311,TextRank - no_path,word:260,-0.0027827592604044438
cnndm_test_00311,Lead - no_path,word:260,-0.008090614886731379
cnndm_test_00312,Full - no_path,unit:10,0.0
cnndm_test_00312,AB2 - AB0,unit:10,-0.0020514883346741952
cnndm_test_00312,TextRank - no_path,unit:10,0.003482464765650603
cnndm_test_00312,Lead - no_path,unit:10,0.015204292976840533
cnndm_test_00312,Full - no_path,unit:5,0.0
cnndm_test_00312,AB2 - AB0,unit:5,-0.039273466939616405
cnndm_test_00312,TextRank - no_path,unit:5,0.043354073708101126
cnndm_test_00312,Lead - no_path,unit:5,0.05401881086480041
cnndm_test_00312,Full - no_path,word:110,0.0
cnndm_test_00312,AB2 - AB0,word:110,-0.0201282902012829
cnndm_test_00312,TextRank - no_path,word:110,-0.0006633499170812657
cnndm_test_00312,Lead - no_path,word:110,0.017317990201663427
cnndm_test_00312,Full - no_path,word:260,0.0
cnndm_test_00312,AB2 - AB0,word:260,-0.043387793797170685
cnndm_test_00312,TextRank - no_path,word:260,0.028215686752272123
cnndm_test_00312,Lead - no_path,word:260,0.0496118344642093
cnndm_test_00315,Full - no_path,unit:10,0.0
cnndm_test_00315,AB2 - AB0,unit:10,0.0
cnndm_test_00315,TextRank - no_path,unit:10,0.0
cnndm_test_00315,Lead - no_path,unit:10,0.0
cnndm_test_00315,Full - no_path,unit:5,0.0
cnndm_test_00315,AB2 - AB0,unit:5,0.0
cnndm_test_00315,TextRank - no_path,unit:5,-0.05375643833994434
cnndm_test_00315,Lead - no_path,unit:5,-0.020050125313283207
cnndm_test_00315,Full - no_path,word:110,0.0
cnndm_test_00315,AB2 - AB0,word:110,0.0
cnndm_test_00315,TextRank - no_path,word:110,-0.06313578062804068
cnndm_test_00315,Lead - no_path,word:110,-0.016626933186625087
cnndm_test_00315,Full - no_path,word:260,0.0
cnndm_test_00315,AB2 - AB0,word:260,0.0
cnndm_test_00315,TextRank - no_path,word:260,0.0
cnndm_test_00315,Lead - no_path,word:260,0.0
cnndm_test_00317,Full - no_path,unit:10,0.0
cnndm_test_00317,AB2 - AB0,unit:10,0.0
cnndm_test_00317,TextRank - no_path,unit:10,0.01041136196457873
cnndm_test_00317,Lead - no_path,unit:10,-0.012710797885728653
cnndm_test_00317,Full - no_path,unit:5,0.0
cnndm_test_00317,AB2 - AB0,unit:5,0.0
cnndm_test_00317,TextRank - no_path,unit:5,0.022734499205087466
cnndm_test_00317,Lead - no_path,unit:5,0.04108867427568044
cnndm_test_00317,Full - no_path,word:110,0.0
cnndm_test_00317,AB2 - AB0,word:110,0.0
cnndm_test_00317,TextRank - no_path,word:110,0.043225344549847916
cnndm_test_00317,Lead - no_path,word:110,0.0567388580633614
cnndm_test_00317,Full - no_path,word:260,0.0
cnndm_test_00317,AB2 - AB0,word:260,0.0
cnndm_test_00317,TextRank - no_path,word:260,-0.0009761480349715357
cnndm_test_00317,Lead - no_path,word:260,-0.01307189542483661
cnndm_test_00331,Full - no_path,unit:10,0.0
cnndm_test_00331,AB2 - AB0,unit:10,-0.0016503800217155251
cnndm_test_00331,TextRank - no_path,unit:10,0.027542579075425816
cnndm_test_00331,Lead - no_path,unit:10,0.01954337899543382
cnndm_test_00331,Full - no_path,unit:5,0.0
cnndm_test_00331,AB2 - AB0,unit:5,-0.10866910866910864
cnndm_test_00331,TextRank - no_path,unit:5,0.10866910866910864
cnndm_test_00331,Lead - no_path,unit:5,0.1512087912087912
cnndm_test_00331,Full - no_path,word:110,0.0
cnndm_test_00331,AB2 - AB0,word:110,-0.11320754716981121
cnndm_test_00331,TextRank - no_path,word:110,0.11320754716981121
cnndm_test_00331,Lead - no_path,word:110,0.10495533389416331
cnndm_test_00331,Full - no_path,word:260,0.0
cnndm_test_00331,AB2 - AB0,word:260,0.0
cnndm_test_00331,TextRank - no_path,word:260,0.005713934627672668
cnndm_test_00331,Lead - no_path,word:260,0.007111056146425904
cnndm_test_00345,Full - no_path,unit:10,0.0
cnndm_test_00345,AB2 - AB0,unit:10,0.00433877125997921
cnndm_test_00345,TextRank - no_path,unit:10,0.002298005331372352
cnndm_test_00345,Lead - no_path,unit:10,0.014725297044785202
cnndm_test_00345,Full - no_path,unit:5,0.0
cnndm_test_00345,AB2 - AB0,unit:5,-0.010043942247332072
cnndm_test_00345,TextRank - no_path,unit:5,-0.013178822994773937
cnndm_test_00345,Lead - no_path,unit:5,-0.0009088843444671757
cnndm_test_00345,Full - no_path,word:110,0.0
cnndm_test_00345,AB2 - AB0,word:110,0.0010392064241851462
cnndm_test_00345,TextRank - no_path,word:110,-0.0010392064241851462
cnndm_test_00345,Lead - no_path,word:110,0.011541168191414486
cnndm_test_00345,Full - no_path,word:260,0.0
cnndm_test_00345,AB2 - AB0,word:260,0.0
cnndm_test_00345,TextRank - no_path,word:260,0.0009966998161642648
cnndm_test_00345,Lead - no_path,word:260,0.004110527517698123
cnndm_test_00354,Full - no_path,unit:10,0.0
cnndm_test_00354,AB2 - AB0,unit:10,0.0
cnndm_test_00354,TextRank - no_path,unit:10,0.0
cnndm_test_00354,Lead - no_path,unit:10,0.02810715854194118
cnndm_test_00354,Full - no_path,unit:5,0.0
cnndm_test_00354,AB2 - AB0,unit:5,0.0
cnndm_test_00354,TextRank - no_path,unit:5,0.04973302822273079
cnndm_test_00354,Lead - no_path,unit:5,0.017284935513894484
cnndm_test_00354,Full - no_path,word:110,0.0
cnndm_test_00354,AB2 - AB0,word:110,0.0009520787051729429
cnndm_test_00354,TextRank - no_path,word:110,0.07449549162730787
cnndm_test_00354,Lead - no_path,word:110,0.07151168941076905
cnndm_test_00354,Full - no_path,word:260,0.0
cnndm_test_00354,AB2 - AB0,word:260,0.0
cnndm_test_00354,TextRank - no_path,word:260,0.0
cnndm_test_00354,Lead - no_path,word:260,0.0
cnndm_test_00355,Full - no_path,unit:10,0.0
cnndm_test_00355,AB2 - AB0,unit:10,0.0013106159895150751
cnndm_test_00355,TextRank - no_path,unit:10,-0.0017320234905685988
cnndm_test_00355,Lead - no_path,unit:10,0.00426182575313943
cnndm_test_00355,Full - no_path,unit:5,0.0
cnndm_test_00355,AB2 - AB0,unit:5,0.00368421052631579
cnndm_test_00355,TextRank - no_path,unit:5,0.0015846066779852813
cnndm_test_00355,Lead - no_path,unit:5,0.006960950764006796
cnndm_test_00355,Full - no_path,word:110,0.0
cnndm_test_00355,AB2 - AB0,word:110,0.0007739082365947891
cnndm_test_00355,TextRank - no_path,word:110,-0.014252048030524045
cnndm_test_00355,Lead - no_path,word:110,-0.03201384382435647
cnndm_test_00355,Full - no_path,word:260,0.0
cnndm_test_00355,AB2 - AB0,word:260,-0.006412272848259008
cnndm_test_00355,TextRank - no_path,word:260,0.006412272848259008
cnndm_test_00355,Lead - no_path,word:260,0.005470719756434046
cnndm_test_00358,Full - no_path,unit:10,0.0
cnndm_test_00358,AB2 - AB0,unit:10,0.00019006889997624787
cnndm_test_00358,TextRank - no_path,unit:10,0.015161649944258643
cnndm_test_00358,Lead - no_path,unit:10,0.01609895689098126
cnndm_test_00358,Full - no_path,unit:5,0.0
cnndm_test_00358,AB2 - AB0,unit:5,-0.06627647714604237
cnndm_test_00358,TextRank - no_path,unit:5,0.06627647714604237
cnndm_test_00358,Lead - no_path,unit:5,0.11467391304347829
cnndm_test_00358,Full - no_path,word:110,0.0
cnndm_test_00358,AB2 - AB0,word:110,-0.015210688591983546
cnndm_test_00358,TextRank - no_path,word:110,0.015210688591983546
cnndm_test_00358,Lead - no_path,word:110,0.002502606882168898
cnndm_test_00358,Full - no_path,word:260,0.0
cnndm_test_00358,AB2 - AB0,word:260,-0.005244441251481727
cnndm_test_00358,TextRank - no_path,word:260,-0.001225519644358991
cnndm_test_00358,Lead - no_path,word:260,0.0074072269194220275
cnndm_test_00366,Full - no_path,unit:10,0.0
cnndm_test_00366,AB2 - AB0,unit:10,-0.010271656323163236
cnndm_test_00366,TextRank - no_path,unit:10,0.018041016164521875
cnndm_test_00366,Lead - no_path,unit:10,0.03063505810791757
cnndm_test_00366,Full - no_path,unit:5,0.0
cnndm_test_00366,AB2 - AB0,unit:5,-0.01304347826086956
cnndm_test_00366,TextRank - no_path,unit:5,0.029496402877697836
cnndm_test_00366,Lead - no_path,unit:5,0.07218543046357614
cnndm_test_00366,Full - no_path,word:110,0.0
cnndm_test_00366,AB2 - AB0,word:110,-0.028544061302682014
cnndm_test_00366,TextRank - no_path,word:110,0.012104152005629865
cnndm_test_00366,Lead - no_path,word:110,0.05181733457595529
cnndm_test_00366,Full - no_path,word:260,0.0
cnndm_test_00366,AB2 - AB0,word:260,-0.005424541146996351
cnndm_test_00366,TextRank - no_path,word:260,-0.0005701566834424299
cnndm_test_00366,Lead - no_path,word:260,-0.001411417280090338
cnndm_test_00372,Full - no_path,unit:10,0.0
cnndm_test_00372,AB2 - AB0,unit:10,0.001992362609995038
cnndm_test_00372,TextRank - no_path,unit:10,0.007998716783403706
cnndm_test_00372,Lead - no_path,unit:10,0.029626608772834642
cnndm_test_00372,Full - no_path,unit:5,0.0
cnndm_test_00372,AB2 - AB0,unit:5,0.0029327199539965765
cnndm_test_00372,TextRank - no_path,unit:5,-0.0029327199539965765
cnndm_test_00372,Lead - no_path,unit:5,0.005997238114026443
cnndm_test_00372,Full - no_path,word:110,0.0
cnndm_test_00372,AB2 - AB0,word:110,0.004912927139535894
cnndm_test_00372,TextRank - no_path,word:110,0.021230863710137327
cnndm_test_00372,Lead - no_path,word:110,-0.011048714787928543
cnndm_test_00372,Full - no_path,word:260,0.0
cnndm_test_00372,AB2 - AB0,word:260,-0.005804953560371501
cnndm_test_00372,TextRank - no_path,word:260,0.003412132024977685
cnndm_test_00372,Lead - no_path,word:260,0.008559232529484248
cnndm_test_00374,Full - no_path,unit:10,0.0
cnndm_test_00374,AB2 - AB0,unit:10,0.00031098211112429164
cnndm_test_00374,TextRank - no_path,unit:10,-0.0009279033802194608
cnndm_test_00374,Lead - no_path,unit:10,-0.005558895403761643
cnndm_test_00374,Full - no_path,unit:5,0.0
cnndm_test_00374,AB2 - AB0,unit:5,-0.0016736985250531966
cnndm_test_00374,TextRank - no_path,unit:5,0.026423897111950617
cnndm_test_00374,Lead - no_path,unit:5,0.036051085843616965
cnndm_test_00374,Full - no_path,word:110,0.0
cnndm_test_00374,AB2 - AB0,word:110,0.002488999511089357
cnndm_test_00374,TextRank - no_path,word:110,-0.002488999511089357
cnndm_test_00374,Lead - no_path,word:110,-0.0012527964205816255
cnndm_test_00374,Full - no_path,word:260,0.0
cnndm_test_00374,AB2 - AB0,word:260,0.006209831509466732
cnndm_test_00374,TextRank - no_path,word:260,0.006578947368421059
cnndm_test_00374,Lead - no_path,word:260,0.0007842453816660766
cnndm_test_00381,Full - no_path,unit:10,0.0
cnndm_test_00381,AB2 - AB0,unit:10,0.0029890246750214067
cnndm_test_00381,TextRank - no_path,unit:10,-0.0029890246750214067
cnndm_test_00381,Lead - no_path,unit:10,0.003348193976890179
cnndm_test_00381,Full - no_path,unit:5,0.0
cnndm_test_00381,AB2 - AB0,unit:5,0.029668766510871775
cnndm_test_00381,TextRank - no_path,unit:5,-0.010427750585230933
cnndm_test_00381,Lead - no_path,unit:5,-0.02248265965080129
cnndm_test_00381,Full - no_path,word:110,0.0
cnndm_test_00381,AB2 - AB0,word:110,0.04761904761904756
cnndm_test_00381,TextRank - no_path,word:110,-0.04761904761904756
cnndm_test_00381,Lead - no_path,word:110,-0.0662337662337662
cnndm_test_00381,Full - no_path,word:260,0.0
cnndm_test_00381,AB2 - AB0,word:260,0.0006922677537833932
cnndm_test_00381,TextRank - no_path,word:260,-0.019268119146972268
cnndm_test_00381,Lead - no_path,word:260,-0.04568837404260184
cnndm_test_00397,Full - no_path,unit:10,0.0
cnndm_test_00397,AB2 - AB0,unit:10,0.0
cnndm_test_00397,TextRank - no_path,unit:10,0.0
cnndm_test_00397,Lead - no_path,unit:10,0.03825358204920251
cnndm_test_00397,Full - no_path,unit:5,0.0
cnndm_test_00397,AB2 - AB0,unit:5,-0.027236462011096335
cnndm_test_00397,TextRank - no_path,unit:5,0.03219732630389757
cnndm_test_00397,Lead - no_path,unit:5,0.07799610019499026
cnndm_test_00397,Full - no_path,word:110,0.0
cnndm_test_00397,AB2 - AB0,word:110,0.020808323329331746
cnndm_test_00397,TextRank - no_path,word:110,0.010879190385831738
cnndm_test_00397,Lead - no_path,word:110,0.11945304437564502
cnndm_test_00397,Full - no_path,word:260,0.0
cnndm_test_00397,AB2 - AB0,word:260,0.0
cnndm_test_00397,TextRank - no_path,word:260,0.001961218486065869
cnndm_test_00397,Lead - no_path,word:260,0.01474077120172082
cnndm_test_00400,Full - no_path,unit:10,0.0
cnndm_test_00400,AB2 - AB0,unit:10,-0.0015313475858755449
cnndm_test_00400,TextRank - no_path,unit:10,0.002053140096618347
cnndm_test_00400,Lead - no_path,unit:10,0.010172798216276466
cnndm_test_00400,Full - no_path,unit:5,0.0
cnndm_test_00400,AB2 - AB0,unit:5,0.009049133969600581
cnndm_test_00400,TextRank - no_path,unit:5,0.012528332989903107
cnndm_test_00400,Lead - no_path,unit:5,0.016425120772946833
cnndm_test_00400,Full - no_path,word:110,-0.00132262635805383
cnndm_test_00400,AB2 - AB0,word:110,-0.01237600377893247
cnndm_test_00400,TextRank - no_path,word:110,0.01237600377893247
cnndm_test_00400,Lead - no_path,word:110,0.0013409961685823812
cnndm_test_00400,Full - no_path,word:260,0.0
cnndm_test_00400,AB2 - AB0,word:260,0.0
cnndm_test_00400,TextRank - no_path,word:260,0.0003591389643330112
cnndm_test_00400,Lead - no_path,word:260,-0.006688963210702337
cnndm_test_00406,Full - no_path,unit:10,0.0
cnndm_test_00406,AB2 - AB0,unit:10,0.0
cnndm_test_00406,TextRank - no_path,unit:10,0.0
cnndm_test_00406,Lead - no_path,unit:10,0.0
cnndm_test_00406,Full - no_path,unit:5,0.0
cnndm_test_00406,AB2 - AB0,unit:5,0.0
cnndm_test_00406,TextRank - no_path,unit:5,0.0
cnndm_test_00406,Lead - no_path,unit:5,-7.832080200501079e-05
cnndm_test_00406,Full - no_path,word:110,0.0
cnndm_test_00406,AB2 - AB0,word:110,0.1202221074380165
cnndm_test_00406,TextRank - no_path,word:110,-0.06931484937350038
cnndm_test_00406,Lead - no_path,word:110,-0.05080612383145913
cnndm_test_00406,Full - no_path,word:260,0.0
cnndm_test_00406,AB2 - AB0,word:260,0.0
cnndm_test_00406,TextRank - no_path,word:260,0.0
cnndm_test_00406,Lead - no_path,word:260,0.0
cnndm_test_00407,Full - no_path,unit:10,0.0020242914979757
cnndm_test_00407,AB2 - AB0,unit:10,0.00514663041367254
cnndm_test_00407,TextRank - no_path,unit:10,0.018315018315018333
cnndm_test_00407,Lead - no_path,unit:10,0.04848946433104849
cnndm_test_00407,Full - no_path,unit:5,-0.019808246052589934
cnndm_test_00407,AB2 - AB0,unit:5,-0.032079421895049656
cnndm_test_00407,TextRank - no_path,unit:5,0.031309695755486186
cnndm_test_00407,Lead - no_path,unit:5,-0.010904922705164341
cnndm_test_00407,Full - no_path,word:110,-0.013600413925641222
cnndm_test_00407,AB2 - AB0,word:110,0.024691358024691357
cnndm_test_00407,TextRank - no_path,word:110,0.02453987730061348
cnndm_test_00407,Lead - no_path,word:110,0.0005301825342725192
cnndm_test_00407,Full - no_path,word:260,0.0
cnndm_test_00407,AB2 - AB0,word:260,0.012380215463365277
cnndm_test_00407,TextRank - no_path,word:260,-0.005851444948650586
cnndm_test_00407,Lead - no_path,word:260,0.043278301886792464
cnndm_test_00410,Full - no_path,unit:10,0.0
cnndm_test_00410,AB2 - AB0,unit:10,0.017024663652343106
cnndm_test_00410,TextRank - no_path,unit:10,-0.006185700420575875
cnndm_test_00410,Lead - no_path,unit:10,0.07086759111547429
cnndm_test_00410,Full - no_path,unit:5,0.0
cnndm_test_00410,AB2 - AB0,unit:5,0.032052064266829376
cnndm_test_00410,TextRank - no_path,unit:5,-0.028124001278363703
cnndm_test_00410,Lead - no_path,unit:5,0.06839826839826836
cnndm_test_00410,Full - no_path,word:110,0.0
cnndm_test_00410,AB2 - AB0,word:110,0.014283098333638528
cnndm_test_00410,TextRank - no_path,word:110,-0.014283098333638528
cnndm_test_00410,Lead - no_path,word:110,0.04983388704318936
cnndm_test_00410,Full - no_path,word:260,0.0
cnndm_test_00410,AB2 - AB0,word:260,0.014182202624996781
cnndm_test_00410,TextRank - no_path,word:260,-0.006964921199796643
cnndm_test_00410,Lead - no_path,word:260,0.04946871608490447
cnndm_test_00416,Full - no_path,unit:10,0.0
cnndm_test_00416,AB2 - AB0,unit:10,0.002485538015416233
cnndm_test_00416,TextRank - no_path,unit:10,0.01122225747733005
cnndm_test_00416,Lead - no_path,unit:10,-0.01635682374981985
cnndm_test_00416,Full - no_path,unit:5,0.0
cnndm_test_00416,AB2 - AB0,unit:5,0.0226015489173384
cnndm_test_00416,TextRank - no_path,unit:5,0.08965062623599207
cnndm_test_00416,Lead - no_path,unit:5,0.07764907764907764
cnndm_test_00416,Full - no_path,word:110,0.0
cnndm_test_00416,AB2 - AB0,word:110,-0.0009919158855329208
cnndm_test_00416,TextRank - no_path,word:110,0.0009919158855329208
cnndm_test_00416,Lead - no_path,word:110,0.0680009645526887
cnndm_test_00416,Full - no_path,word:260,0.0
cnndm_test_00416,AB2 - AB0,word:260,-0.03389830508474577
cnndm_test_00416,TextRank - no_path,word:260,0.0013046770341895442
cnndm_test_00416,Lead - no_path,word:260,0.007473824261005374
cnndm_test_00425,Full - no_path,unit:10,0.0
cnndm_test_00425,AB2 - AB0,unit:10,0.010771756978653554
cnndm_test_00425,TextRank - no_path,unit:10,0.0031200701139351417
cnndm_test_00425,Lead - no_path,unit:10,-0.027468671679198003
cnndm_test_00425,Full - no_path,unit:5,0.0
cnndm_test_00425,AB2 - AB0,unit:5,0.009377197780729818
cnndm_test_00425,TextRank - no_path,unit:5,0.010276088582485132
cnndm_test_00425,Lead - no_path,unit:5,-0.04730520480443484
cnndm_test_00425,Full - no_path,word:110,0.0
cnndm_test_00425,AB2 - AB0,word:110,-0.003221764811168787
cnndm_test_00425,TextRank - no_path,word:110,0.08595756183268011
cnndm_test_00425,Lead - no_path,word:110,-0.015149547677790781
cnndm_test_00425,Full - no_path,word:260,0.0
cnndm_test_00425,AB2 - AB0,word:260,0.013201320132013195
cnndm_test_00425,TextRank - no_path,word:260,-0.018490994929183407
cnndm_test_00425,Lead - no_path,word:260,-0.05323357413140692
cnndm_test_00428,Full - no_path,unit:10,0.0
cnndm_test_00428,AB2 - AB0,unit:10,0.02022311701091485
cnndm_test_00428,TextRank - no_path,unit:10,-0.016042780748663096
cnndm_test_00428,Lead - no_path,unit:10,0.038881461675579335
cnndm_test_00428,Full - no_path,unit:5,0.0
cnndm_test_00428,AB2 - AB0,unit:5,0.0036875376279349864
cnndm_test_00428,TextRank - no_path,unit:5,0.003571064177124772
cnndm_test_00428,Lead - no_path,unit:5,-0.06266618756737334
cnndm_test_00428,Full - no_path,word:110,0.0
cnndm_test_00428,AB2 - AB0,word:110,-0.015210688591983573
cnndm_test_00428,TextRank - no_path,word:110,0.016683316683316685
cnndm_test_00428,Lead - no_path,word:110,-0.03889541115818487
cnndm_test_00428,Full - no_path,word:260,0.0
cnndm_test_00428,AB2 - AB0,word:260,0.0012683916793505834
cnndm_test_00428,TextRank - no_path,word:260,0.014261754805718771
cnndm_test_00428,Lead - no_path,word:260,0.04215605507826291
cnndm_test_00432,Full - no_path,unit:10,0.0
cnndm_test_00432,AB2 - AB0,unit:10,-0.06531107656220167
cnndm_test_00432,TextRank - no_path,unit:10,0.057425780428590534
cnndm_test_00432,Lead - no_path,unit:10,0.09354582646394333
cnndm_test_00432,Full - no_path,unit:5,0.0
cnndm_test_00432,AB2 - AB0,unit:5,0.06568446899938615
cnndm_test_00432,TextRank - no_path,unit:5,0.03410755388156518
cnndm_test_00432,Lead - no_path,unit:5,0.1867666232073012
cnndm_test_00432,Full - no_path,word:110,0.0
cnndm_test_00432,AB2 - AB0,word:110,-0.03645395184873612
cnndm_test_00432,TextRank - no_path,word:110,0.03690158208341894
cnndm_test_00432,Lead - no_path,word:110,0.28893105629348514
cnndm_test_00432,Full - no_path,word:260,0.0
cnndm_test_00432,AB2 - AB0,word:260,-0.0036891814250723243
cnndm_test_00432,TextRank - no_path,word:260,-0.002580411051416695
cnndm_test_00432,Lead - no_path,word:260,0.09128086660631224
cnndm_test_00434,Full - no_path,unit:10,0.0
cnndm_test_00434,AB2 - AB0,unit:10,-0.015139199349725657
cnndm_test_00434,TextRank - no_path,unit:10,0.013932595065939649
cnndm_test_00434,Lead - no_path,unit:10,0.02820054841387641
cnndm_test_00434,Full - no_path,unit:5,0.0
cnndm_test_00434,AB2 - AB0,unit:5,0.05050505050505047
cnndm_test_00434,TextRank - no_path,unit:5,0.003744921391980238
cnndm_test_00434,Lead - no_path,unit:5,0.03163163163163163
cnndm_test_00434,Full - no_path,word:110,0.0
cnndm_test_00434,AB2 - AB0,word:110,0.02192589940934314
cnndm_test_00434,TextRank - no_path,word:110,0.12277056277056277
cnndm_test_00434,Lead - no_path,word:110,0.12126945901780338
cnndm_test_00434,Full - no_path,word:260,0.0
cnndm_test_00434,AB2 - AB0,word:260,0.007533417037967061
cnndm_test_00434,TextRank - no_path,word:260,-0.0079207920792079
cnndm_test_00434,Lead - no_path,word:260,-0.008333333333333331
cnndm_test_00435,Full - no_path,unit:10,0.0
cnndm_test_00435,AB2 - AB0,unit:10,-0.0029239766081871343
cnndm_test_00435,TextRank - no_path,unit:10,0.00055991041433371
cnndm_test_00435,Lead - no_path,unit:10,0.0180754917597023
cnndm_test_00435,Full - no_path,unit:5,0.0
cnndm_test_00435,AB2 - AB0,unit:5,-0.003473729917498919
cnndm_test_00435,TextRank - no_path,unit:5,0.003473729917498919
cnndm_test_00435,Lead - no_path,unit:5,0.020931449502878063
cnndm_test_00435,Full - no_path,word:110,0.0
cnndm_test_00435,AB2 - AB0,word:110,0.029401862866120537
cnndm_test_00435,TextRank - no_path,word:110,-0.030292979546710896
cnndm_test_00435,Lead - no_path,word:110,0.014151464897733543
cnndm_test_00435,Full - no_path,word:260,0.0
cnndm_test_00435,AB2 - AB0,word:260,-0.006151923677696881
cnndm_test_00435,TextRank - no_path,word:260,0.006484864616352511
cnndm_test_00435,Lead - no_path,word:260,0.006993006993006992
cnndm_test_00438,Full - no_path,unit:10,0.0
cnndm_test_00438,AB2 - AB0,unit:10,-0.008087078160517597
cnndm_test_00438,TextRank - no_path,unit:10,0.00472935006555536
cnndm_test_00438,Lead - no_path,unit:10,-0.020553835569315435
cnndm_test_00438,Full - no_path,unit:5,0.0
cnndm_test_00438,AB2 - AB0,unit:5,-0.018970567722136983
cnndm_test_00438,TextRank - no_path,unit:5,0.023160061760164663
cnndm_test_00438,Lead - no_path,unit:5,0.004592422502870258
cnndm_test_00438,Full - no_path,word:110,0.0
cnndm_test_00438,AB2 - AB0,word:110,0.0
cnndm_test_00438,TextRank - no_path,word:110,0.0
cnndm_test_00438,Lead - no_path,word:110,-0.011937957476472666
cnndm_test_00438,Full - no_path,word:260,0.0
cnndm_test_00438,AB2 - AB0,word:260,-0.001508130792096496
cnndm_test_00438,TextRank - no_path,word:260,0.001508130792096496
cnndm_test_00438,Lead - no_path,word:260,-0.019302588153552236
cnndm_test_00439,Full - no_path,unit:10,0.0
cnndm_test_00439,AB2 - AB0,unit:10,-0.007875340093989588
cnndm_test_00439,TextRank - no_path,unit:10,0.004205539710929546
cnndm_test_00439,Lead - no_path,unit:10,0.011384160691806658
cnndm_test_00439,Full - no_path,unit:5,0.0
cnndm_test_00439,AB2 - AB0,unit:5,-0.03013481363996827
cnndm_test_00439,TextRank - no_path,unit:5,-0.039609432571849665
cnndm_test_00439,Lead - no_path,unit:5,0.03437132784958874
cnndm_test_00439,Full - no_path,word:110,0.0
cnndm_test_00439,AB2 - AB0,word:110,-0.010879190385831738
cnndm_test_00439,TextRank - no_path,word:110,-0.05194805194805194
cnndm_test_00439,Lead - no_path,word:110,-0.00108923334729788
cnndm_test_00439,Full - no_path,word:260,0.00036429872495447047
cnndm_test_00439,AB2 - AB0,word:260,-0.012987012987012991
cnndm_test_00439,TextRank - no_path,word:260,-0.006876583423814683
cnndm_test_00439,Lead - no_path,word:260,0.0057720057720057755
cnndm_test_00440,Full - no_path,unit:10,0.0
cnndm_test_00440,AB2 - AB0,unit:10,-0.000822199383350472
cnndm_test_00440,TextRank - no_path,unit:10,0.02571428571428573
cnndm_test_00440,Lead - no_path,unit:10,0.06301925025329282
cnndm_test_00440,Full - no_path,unit:5,0.0
cnndm_test_00440,AB2 - AB0,unit:5,0.0
cnndm_test_00440,TextRank - no_path,unit:5,0.0
cnndm_test_00440,Lead - no_path,unit:5,0.05365141187926001
cnndm_test_00440,Full - no_path,word:110,0.0
cnndm_test_00440,AB2 - AB0,word:110,-0.002322181130128123
cnndm_test_00440,TextRank - no_path,word:110,0.029783549783549773
cnndm_test_00440,Lead - no_path,word:110,0.0936431989063568
cnndm_test_00440,Full - no_path,word:260,0.0
cnndm_test_00440,AB2 - AB0,word:260,0.0
cnndm_test_00440,TextRank - no_path,word:260,0.0004559666492964798
cnndm_test_00440,Lead - no_path,word:260,0.025776531492666094
cnndm_test_00451,Full - no_path,unit:10,0.0
cnndm_test_00451,AB2 - AB0,unit:10,-0.03878374185541422
cnndm_test_00451,TextRank - no_path,unit:10,0.07517804084327688
cnndm_test_00451,Lead - no_path,unit:10,0.2120879120879121
cnndm_test_00451,Full - no_path,unit:5,0.0
cnndm_test_00451,AB2 - AB0,unit:5,-0.011075949367088639
cnndm_test_00451,TextRank - no_path,unit:5,0.011075949367088639
cnndm_test_00451,Lead - no_path,unit:5,0.1860759493670886
cnndm_test_00451,Full - no_path,word:110,0.0
cnndm_test_00451,AB2 - AB0,word:110,-0.1387812942843647
cnndm_test_00451,TextRank - no_path,word:110,0.002551020408163282
cnndm_test_00451,Lead - no_path,word:110,0.12412636287391667
cnndm_test_00451,Full - no_path,word:260,0.0
cnndm_test_00451,AB2 - AB0,word:260,-0.04724921999506182
cnndm_test_00451,TextRank - no_path,word:260,0.0461297539149888
cnndm_test_00451,Lead - no_path,word:260,0.11879863542107966
cnndm_test_00463,Full - no_path,unit:10,0.0
cnndm_test_00463,AB2 - AB0,unit:10,0.06502376231391432
cnndm_test_00463,TextRank - no_path,unit:10,-0.05687394957983194
cnndm_test_00463,Lead - no_path,unit:10,0.039615846338535377
cnndm_test_00463,Full - no_path,unit:5,0.0
cnndm_test_00463,AB2 - AB0,unit:5,0.1808100289296046
cnndm_test_00463,TextRank - no_path,unit:5,-0.22641957709669752
cnndm_test_00463,Lead - no_path,unit:5,-0.07332339791356185
cnndm_test_00463,Full - no_path,word:110,0.0
cnndm_test_00463,AB2 - AB0,word:110,0.12284820031298907
cnndm_test_00463,TextRank - no_path,word:110,-0.18188736681887369
cnndm_test_00463,Lead - no_path,word:110,-0.05708812260536397
cnndm_test_00463,Full - no_path,word:260,0.0
cnndm_test_00463,AB2 - AB0,word:260,-0.0020088572341688538
cnndm_test_00463,TextRank - no_path,word:260,-0.039906898967301624
cnndm_test_00463,Lead - no_path,word:260,0.002519641752754459
cnndm_test_00464,Full - no_path,unit:10,0.0
cnndm_test_00464,AB2 - AB0,unit:10,0.0
cnndm_test_00464,TextRank - no_path,unit:10,0.0
cnndm_test_00464,Lead - no_path,unit:10,0.0
cnndm_test_00464,Full - no_path,unit:5,0.0
cnndm_test_00464,AB2 - AB0,unit:5,0.0
cnndm_test_00464,TextRank - no_path,unit:5,0.0
cnndm_test_00464,Lead - no_path,unit:5,0.019441498762813703
cnndm_test_00464,Full - no_path,word:110,0.0
cnndm_test_00464,AB2 - AB0,word:110,0.0
cnndm_test_00464,TextRank - no_path,word:110,-0.05712265818310357
cnndm_test_00464,Lead - no_path,word:110,0.0
cnndm_test_00464,Full - no_path,word:260,0.0
cnndm_test_00464,AB2 - AB0,word:260,0.0
cnndm_test_00464,TextRank - no_path,word:260,0.0
cnndm_test_00464,Lead - no_path,word:260,0.0
cnndm_test_00466,Full - no_path,unit:10,0.0
cnndm_test_00466,AB2 - AB0,unit:10,-0.0019145222140886237
cnndm_test_00466,TextRank - no_path,unit:10,0.016980435585086752
cnndm_test_00466,Lead - no_path,unit:10,0.03624699278267842
cnndm_test_00466,Full - no_path,unit:5,0.0
cnndm_test_00466,AB2 - AB0,unit:5,-0.0433912909678412
cnndm_test_00466,TextRank - no_path,unit:5,0.04419461135879046
cnndm_test_00466,Lead - no_path,unit:5,0.10088244906852598
cnndm_test_00466,Full - no_path,word:110,0.0
cnndm_test_00466,AB2 - AB0,word:110,-0.06281796062817963
cnndm_test_00466,TextRank - no_path,word:110,0.07017726798748697
cnndm_test_00466,Lead - no_path,word:110,0.10218978102189782
cnndm_test_00466,Full - no_path,word:260,0.0
cnndm_test_00466,AB2 - AB0,word:260,-0.008286234313631576
cnndm_test_00466,TextRank - no_path,word:260,0.008042575533387435
cnndm_test_00466,Lead - no_path,word:260,0.02111478507321681
cnndm_test_00468,Full - no_path,unit:10,0.0
cnndm_test_00468,AB2 - AB0,unit:10,0.0
cnndm_test_00468,TextRank - no_path,unit:10,0.01243876057771838
cnndm_test_00468,Lead - no_path,unit:10,-0.013564170859228564
cnndm_test_00468,Full - no_path,unit:5,0.0
cnndm_test_00468,AB2 - AB0,unit:5,0.004447847169054664
cnndm_test_00468,TextRank - no_path,unit:5,0.00832799487508007
cnndm_test_00468,Lead - no_path,unit:5,0.00533099187807709
cnndm_test_00468,Full - no_path,word:110,0.0
cnndm_test_00468,AB2 - AB0,word:110,-0.011713836477987433
cnndm_test_00468,TextRank - no_path,word:110,0.011713836477987433
cnndm_test_00468,Lead - no_path,word:110,0.023282159459353885
cnndm_test_00468,Full - no_path,word:260,0.0
cnndm_test_00468,AB2 - AB0,word:260,-0.004634308171285628
cnndm_test_00468,TextRank - no_path,word:260,0.005526848360950437
cnndm_test_00468,Lead - no_path,word:260,-0.040411007536490615
cnndm_test_00472,Full - no_path,unit:10,0.0
cnndm_test_00472,AB2 - AB0,unit:10,0.008316516847061708
cnndm_test_00472,TextRank - no_path,unit:10,-0.008533636751528947
cnndm_test_00472,Lead - no_path,unit:10,0.07544505522214938
cnndm_test_00472,Full - no_path,unit:5,0.0
cnndm_test_00472,AB2 - AB0,unit:5,0.008254987388213689
cnndm_test_00472,TextRank - no_path,unit:5,-0.008254987388213689
cnndm_test_00472,Lead - no_path,unit:5,0.1740012484394507
cnndm_test_00472,Full - no_path,word:110,0.0
cnndm_test_00472,AB2 - AB0,word:110,0.028199102755821395
cnndm_test_00472,TextRank - no_path,word:110,-0.02692575810386895
cnndm_test_00472,Lead - no_path,word:110,0.16061810154525383
cnndm_test_00472,Full - no_path,word:260,-0.056410256410256404
cnndm_test_00472,AB2 - AB0,word:260,0.011146838156484443
cnndm_test_00472,TextRank - no_path,word:260,-0.06943556975505857
cnndm_test_00472,Lead - no_path,word:260,-0.011146838156484443
cnndm_test_00474,Full - no_path,unit:10,0.0
cnndm_test_00474,AB2 - AB0,unit:10,-0.007212101344073421
cnndm_test_00474,TextRank - no_path,unit:10,0.038734177215189874
cnndm_test_00474,Lead - no_path,unit:10,0.03334956183057447
cnndm_test_00474,Full - no_path,unit:5,0.0
cnndm_test_00474,AB2 - AB0,unit:5,0.0017495899398577985
cnndm_test_00474,TextRank - no_path,unit:5,0.10106382978723413
cnndm_test_00474,Lead - no_path,unit:5,0.13677811550151978
cnndm_test_00474,Full - no_path,word:110,0.0
cnndm_test_00474,AB2 - AB0,word:110,-0.08380781140745182
cnndm_test_00474,TextRank - no_path,word:110,0.10179820179820182
cnndm_test_00474,Lead - no_path,word:110,0.11326701467546538
cnndm_test_00474,Full - no_path,word:260,0.0
cnndm_test_00474,AB2 - AB0,word:260,0.012385643912737526
cnndm_test_00474,TextRank - no_path,word:260,-0.005734850243789197
cnndm_test_00474,Lead - no_path,word:260,-0.007464475261085443
cnndm_test_00476,Full - no_path,unit:10,0.0
cnndm_test_00476,AB2 - AB0,unit:10,0.00041000410004100873
cnndm_test_00476,TextRank - no_path,unit:10,-0.026495726495726485
cnndm_test_00476,Lead - no_path,unit:10,0.05268199233716475
cnndm_test_00476,Full - no_path,unit:5,0.0
cnndm_test_00476,AB2 - AB0,unit:5,-0.07748220307231173
cnndm_test_00476,TextRank - no_path,unit:5,-0.00040312827541724716
cnndm_test_00476,Lead - no_path,unit:5,0.0730578692362132
cnndm_test_00476,Full - no_path,word:110,0.0
cnndm_test_00476,AB2 - AB0,word:110,-0.027963525835866254
cnndm_test_00476,TextRank - no_path,word:110,0.013279678068410447
cnndm_test_00476,Lead - no_path,word:110,0.08470111448834854
cnndm_test_00476,Full - no_path,word:260,0.0
cnndm_test_00476,AB2 - AB0,word:260,0.0
cnndm_test_00476,TextRank - no_path,word:260,0.0
cnndm_test_00476,Lead - no_path,word:260,0.02693602693602694
cnndm_test_00477,Full - no_path,unit:10,0.0
cnndm_test_00477,AB2 - AB0,unit:10,0.00596264367816092
cnndm_test_00477,TextRank - no_path,unit:10,-0.009259259259259273
cnndm_test_00477,Lead - no_path,unit:10,0.07758620689655171
cnndm_test_00477,Full - no_path,unit:5,0.0
cnndm_test_00477,AB2 - AB0,unit:5,-0.035447761194029856
cnndm_test_00477,TextRank - no_path,unit:5,0.0006493506493506357
cnndm_test_00477,Lead - no_path,unit:5,0.06357882623705408
cnndm_test_00477,Full - no_path,word:110,0.0
cnndm_test_00477,AB2 - AB0,word:110,-0.0136986301369863
cnndm_test_00477,TextRank - no_path,word:110,-0.01203258052573121
cnndm_test_00477,Lead - no_path,word:110,0.07705387506712012
cnndm_test_00477,Full - no_path,word:260,0.0
cnndm_test_00477,AB2 - AB0,word:260,0.006644518272425265
cnndm_test_00477,TextRank - no_path,word:260,-0.012759381898454741
cnndm_test_00477,Lead - no_path,word:260,0.05252114615435052
cnndm_test_00478,Full - no_path,unit:10,0.0
cnndm_test_00478,AB2 - AB0,unit:10,-0.009877913429522753
cnndm_test_00478,TextRank - no_path,unit:10,-0.006722689075630242
cnndm_test_00478,Lead - no_path,unit:10,-0.011425804889857172
cnndm_test_00478,Full - no_path,unit:5,0.0
cnndm_test_00478,AB2 - AB0,unit:5,-0.011348756001745952
cnndm_test_00478,TextRank - no_path,unit:5,0.02574930476877127
cnndm_test_00478,Lead - no_path,unit:5,0.01162308011623081
cnndm_test_00478,Full - no_path,word:110,0.0
cnndm_test_00478,AB2 - AB0,word:110,0.011728829462819612
cnndm_test_00478,TextRank - no_path,word:110,0.01203258052573121
cnndm_test_00478,Lead - no_path,word:110,0.025546094039244738
cnndm_test_00478,Full - no_path,word:260,0.0
cnndm_test_00478,AB2 - AB0,word:260,-0.020473188258423147
cnndm_test_00478,TextRank - no_path,word:260,-0.0008813160987073965
cnndm_test_00478,Lead - no_path,word:260,0.0064382564382564345
cnndm_test_00482,Full - no_path,unit:10,0.0
cnndm_test_00482,AB2 - AB0,unit:10,0.0
cnndm_test_00482,TextRank - no_path,unit:10,0.0
cnndm_test_00482,Lead - no_path,unit:10,0.028494623655913973
cnndm_test_00482,Full - no_path,unit:5,0.0
cnndm_test_00482,AB2 - AB0,unit:5,0.0
cnndm_test_00482,TextRank - no_path,unit:5,0.0512135640459877
cnndm_test_00482,Lead - no_path,unit:5,0.11334867663981588
cnndm_test_00482,Full - no_path,word:110,0.0
cnndm_test_00482,AB2 - AB0,word:110,0.0
cnndm_test_00482,TextRank - no_path,word:110,0.0
cnndm_test_00482,Lead - no_path,word:110,0.08114285714285713
cnndm_test_00482,Full - no_path,word:260,0.0
cnndm_test_00482,AB2 - AB0,word:260,0.0
cnndm_test_00482,TextRank - no_path,word:260,0.00578131222940248
cnndm_test_00482,Lead - no_path,word:260,0.008701286679626039
cnndm_test_00485,Full - no_path,unit:10,0.0
cnndm_test_00485,AB2 - AB0,unit:10,0.0
cnndm_test_00485,TextRank - no_path,unit:10,0.0
cnndm_test_00485,Lead - no_path,unit:10,0.0
cnndm_test_00485,Full - no_path,unit:5,0.0
cnndm_test_00485,AB2 - AB0,unit:5,-0.01596918885914239
cnndm_test_00485,TextRank - no_path,unit:5,0.01596918885914239
cnndm_test_00485,Lead - no_path,unit:5,0.0
cnndm_test_00485,Full - no_path,word:110,0.0
cnndm_test_00485,AB2 - AB0,word:110,0.03684807256235825
cnndm_test_00485,TextRank - no_path,word:110,0.00984223476624696
cnndm_test_00485,Lead - no_path,word:110,0.0031902416138869516
cnndm_test_00485,Full - no_path,word:260,0.0
cnndm_test_00485,AB2 - AB0,word:260,0.0
cnndm_test_00485,TextRank - no_path,word:260,0.0
cnndm_test_00485,Lead - no_path,word:260,0.0
cnndm_test_00488,Full - no_path,unit:10,0.0
cnndm_test_00488,AB2 - AB0,unit:10,0.018233618233618215
cnndm_test_00488,TextRank - no_path,unit:10,-0.0013986013986014012
cnndm_test_00488,Lead - no_path,unit:10,-0.0034188034188034205
cnndm_test_00488,Full - no_path,unit:5,0.0
cnndm_test_00488,AB2 - AB0,unit:5,-0.016233766233766225
cnndm_test_00488,TextRank - no_path,unit:5,-0.002580201255697967
cnndm_test_00488,Lead - no_path,unit:5,-0.04734394814710442
cnndm_test_00488,Full - no_path,word:110,0.0
cnndm_test_00488,AB2 - AB0,word:110,0.011711711711711717
cnndm_test_00488,TextRank - no_path,word:110,-0.02828828828828829
cnndm_test_00488,Lead - no_path,word:110,-0.028906389833542157
cnndm_test_00488,Full - no_path,word:260,0.0
cnndm_test_00488,AB2 - AB0,word:260,0.014210526315789479
cnndm_test_00488,TextRank - no_path,word:260,-0.019381898454746138
cnndm_test_00488,Lead - no_path,word:260,-0.02670863112801347
cnndm_test_00497,Full - no_path,unit:10,0.0
cnndm_test_00497,AB2 - AB0,unit:10,0.01024955436720143
cnndm_test_00497,TextRank - no_path,unit:10,0.007775524002704537
cnndm_test_00497,Lead - no_path,unit:10,-0.026143790849673193
cnndm_test_00497,Full - no_path,unit:5,0.0
cnndm_test_00497,AB2 - AB0,unit:5,-0.009161381254404515
cnndm_test_00497,TextRank - no_path,unit:5,0.007190549563430924
cnndm_test_00497,Lead - no_path,unit:5,0.02635046113306983
cnndm_test_00497,Full - no_path,word:110,-0.030757874015748032
cnndm_test_00497,AB2 - AB0,word:110,0.03173449612403101
cnndm_test_00497,TextRank - no_path,word:110,-0.01500984251968504
cnndm_test_00497,Lead - no_path,word:110,-0.03125
cnndm_test_00497,Full - no_path,word:260,0.0
cnndm_test_00497,AB2 - AB0,word:260,0.0067882472137791305
cnndm_test_00497,TextRank - no_path,word:260,-0.006940763736402407
cnndm_test_00497,Lead - no_path,word:260,-0.014434122465288184
cnndm_test_00499,Full - no_path,unit:10,0.0
cnndm_test_00499,AB2 - AB0,unit:10,-0.019767965758053563
cnndm_test_00499,TextRank - no_path,unit:10,0.036532888381487605
cnndm_test_00499,Lead - no_path,unit:10,0.0
cnndm_test_00499,Full - no_path,unit:5,0.0
cnndm_test_00499,AB2 - AB0,unit:5,-0.03141203121067204
cnndm_test_00499,TextRank - no_path,unit:5,-0.23355263157894743
cnndm_test_00499,Lead - no_path,unit:5,0.21309370988446724
cnndm_test_00499,Full - no_path,word:110,0.0
cnndm_test_00499,AB2 - AB0,word:110,-0.0030660377358490143
cnndm_test_00499,TextRank - no_path,word:110,0.0061708860759494555
cnndm_test_00499,Lead - no_path,word:110,0.0061708860759494555
cnndm_test_00499,Full - no_path,word:260,0.0
cnndm_test_00499,AB2 - AB0,word:260,0.0
cnndm_test_00499,TextRank - no_path,word:260,0.0
cnndm_test_00499,Lead - no_path,word:260,0.0
cnndm_test_00505,Full - no_path,unit:10,0.0
cnndm_test_00505,AB2 - AB0,unit:10,0.017223910840932125
cnndm_test_00505,TextRank - no_path,unit:10,-0.01491681009753297
cnndm_test_00505,Lead - no_path,unit:10,0.08397337429595494
cnndm_test_00505,Full - no_path,unit:5,0.0
cnndm_test_00505,AB2 - AB0,unit:5,0.02613083438457378
cnndm_test_00505,TextRank - no_path,unit:5,-0.019679221481347972
cnndm_test_00505,Lead - no_path,unit:5,0.10069745653908885
cnndm_test_00505,Full - no_path,word:110,0.0
cnndm_test_00505,AB2 - AB0,word:110,0.026315789473684195
cnndm_test_00505,TextRank - no_path,word:110,-0.04007567939456483
cnndm_test_00505,Lead - no_path,word:110,0.029911735861392647
cnndm_test_00505,Full - no_path,word:260,0.0
cnndm_test_00505,AB2 - AB0,word:260,-0.006259181196908742
cnndm_test_00505,TextRank - no_path,word:260,0.005439595192915883
cnndm_test_00505,Lead - no_path,word:260,0.08285895003162555
cnndm_test_00512,Full - no_path,unit:10,0.0
cnndm_test_00512,AB2 - AB0,unit:10,-0.00020233699226060442
cnndm_test_00512,TextRank - no_path,unit:10,-0.0066693145334789684
cnndm_test_00512,Lead - no_path,unit:10,0.02438599257961968
cnndm_test_00512,Full - no_path,unit:5,0.0
cnndm_test_00512,AB2 - AB0,unit:5,0.011149228130360213
cnndm_test_00512,TextRank - no_path,unit:5,-0.011149228130360213
cnndm_test_00512,Lead - no_path,unit:5,-0.01979395763398542
cnndm_test_00512,Full - no_path,word:110,0.0
cnndm_test_00512,AB2 - AB0,word:110,0.0012606807676145138
cnndm_test_00512,TextRank - no_path,word:110,-0.015132874015748018
cnndm_test_00512,Lead - no_path,word:110,-0.03125
cnndm_test_00512,Full - no_path,word:260,0.0
cnndm_test_00512,AB2 - AB0,word:260,0.013863361865252326
cnndm_test_00512,TextRank - no_path,word:260,-0.01412782817224481
cnndm_test_00512,Lead - no_path,word:260,-0.006723348593852187
cnndm_test_00528,Full - no_path,unit:10,0.0
cnndm_test_00528,AB2 - AB0,unit:10,0.0
cnndm_test_00528,TextRank - no_path,unit:10,0.008007536504945817
cnndm_test_00528,Lead - no_path,unit:10,0.021673608994547733
cnndm_test_00528,Full - no_path,unit:5,0.0
cnndm_test_00528,AB2 - AB0,unit:5,0.0
cnndm_test_00528,TextRank - no_path,unit:5,0.03249299719887956
cnndm_test_00528,Lead - no_path,unit:5,0.009049773755656104
cnndm_test_00528,Full - no_path,word:110,-0.01583504215083162
cnndm_test_00528,AB2 - AB0,word:110,0.0
cnndm_test_00528,TextRank - no_path,word:110,0.0
cnndm_test_00528,Lead - no_path,word:110,0.017016317016317034
cnndm_test_00528,Full - no_path,word:260,0.0
cnndm_test_00528,AB2 - AB0,word:260,0.0
cnndm_test_00528,TextRank - no_path,word:260,0.0
cnndm_test_00528,Lead - no_path,word:260,0.0
cnndm_test_00539,Full - no_path,unit:10,0.0
cnndm_test_00539,AB2 - AB0,unit:10,0.0
cnndm_test_00539,TextRank - no_path,unit:10,0.0
cnndm_test_00539,Lead - no_path,unit:10,0.0
cnndm_test_00539,Full - no_path,unit:5,0.0
cnndm_test_00539,AB2 - AB0,unit:5,0.0
cnndm_test_00539,TextRank - no_path,unit:5,0.0
cnndm_test_00539,Lead - no_path,unit:5,-0.012100586122140239
cnndm_test_00539,Full - no_path,word:110,0.0
cnndm_test_00539,AB2 - AB0,word:110,0.0
cnndm_test_00539,TextRank - no_path,word:110,0.0
cnndm_test_00539,Lead - no_path,word:110,0.00746051174447751
cnndm_test_00539,Full - no_path,word:260,0.0
cnndm_test_00539,AB2 - AB0,word:260,0.0
cnndm_test_00539,TextRank - no_path,word:260,0.0
cnndm_test_00539,Lead - no_path,word:260,0.0
cnndm_test_00544,Full - no_path,unit:10,0.0
cnndm_test_00544,AB2 - AB0,unit:10,0.0006592115829467948
cnndm_test_00544,TextRank - no_path,unit:10,-0.0006592115829467948
cnndm_test_00544,Lead - no_path,unit:10,0.02936372171989351
cnndm_test_00544,Full - no_path,unit:5,0.0
cnndm_test_00544,AB2 - AB0,unit:5,0.00029417172274313896
cnndm_test_00544,TextRank - no_path,unit:5,-0.007999999999999993
cnndm_test_00544,Lead - no_path,unit:5,0.0634977578475336
cnndm_test_00544,Full - no_path,word:110,0.0
cnndm_test_00544,AB2 - AB0,word:110,0.007335907335907374
cnndm_test_00544,TextRank - no_path,word:110,-0.011276794035414733
cnndm_test_00544,Lead - no_path,word:110,0.019223448800913576
cnndm_test_00544,Full - no_path,word:260,0.0
cnndm_test_00544,AB2 - AB0,word:260,0.0009649122807017518
cnndm_test_00544,TextRank - no_path,word:260,0.007221841248071334
cnndm_test_00544,Lead - no_path,word:260,0.04152008686210641
cnndm_test_00545,Full - no_path,unit:10,0.0
cnndm_test_00545,AB2 - AB0,unit:10,0.0
cnndm_test_00545,TextRank - no_path,unit:10,0.006175680859225152
cnndm_test_00545,Lead - no_path,unit:10,0.01142573273720815
cnndm_test_00545,Full - no_path,unit:5,0.0
cnndm_test_00545,AB2 - AB0,unit:5,-0.0010787486515642097
cnndm_test_00545,TextRank - no_path,unit:5,0.011820330969267129
cnndm_test_00545,Lead - no_path,unit:5,0.008933556672250181
cnndm_test_00545,Full - no_path,word:110,0.0
cnndm_test_00545,AB2 - AB0,word:110,-0.02950191570881225
cnndm_test_00545,TextRank - no_path,word:110,-0.0042669312825601435
cnndm_test_00545,Lead - no_path,word:110,0.013793103448275917
cnndm_test_00545,Full - no_path,word:260,0.0
cnndm_test_00545,AB2 - AB0,word:260,-0.006920415224913518
cnndm_test_00545,TextRank - no_path,word:260,0.013268106431213456
cnndm_test_00545,Lead - no_path,word:260,0.01213442669573872
cnndm_test_00548,Full - no_path,unit:10,0.0
cnndm_test_00548,AB2 - AB0,unit:10,0.0
cnndm_test_00548,TextRank - no_path,unit:10,0.0
cnndm_test_00548,Lead - no_path,unit:10,0.0
cnndm_test_00548,Full - no_path,unit:5,0.0
cnndm_test_00548,AB2 - AB0,unit:5,0.0
cnndm_test_00548,TextRank - no_path,unit:5,0.0
cnndm_test_00548,Lead - no_path,unit:5,0.023239436619718307
cnndm_test_00548,Full - no_path,word:110,0.0
cnndm_test_00548,AB2 - AB0,word:110,-0.06821646341463414
cnndm_test_00548,TextRank - no_path,word:110,0.06821646341463414
cnndm_test_00548,Lead - no_path,word:110,0.071875
cnndm_test_00548,Full - no_path,word:260,0.0
cnndm_test_00548,AB2 - AB0,word:260,0.0
cnndm_test_00548,TextRank - no_path,word:260,0.0
cnndm_test_00548,Lead - no_path,word:260,0.0
cnndm_test_00553,Full - no_path,unit:10,0.0
cnndm_test_00553,AB2 - AB0,unit:10,-0.038503435562259075
cnndm_test_00553,TextRank - no_path,unit:10,0.013333333333333336
cnndm_test_00553,Lead - no_path,unit:10,0.13645833333333335
cnndm_test_00553,Full - no_path,unit:5,0.0
cnndm_test_00553,AB2 - AB0,unit:5,0.024441635061104083
cnndm_test_00553,TextRank - no_path,unit:5,-0.013876319758672678
cnndm_test_00553,Lead - no_path,unit:5,0.1299145299145299
cnndm_test_00553,Full - no_path,word:110,0.0
cnndm_test_00553,AB2 - AB0,word:110,-0.06148705096073516
cnndm_test_00553,TextRank - no_path,word:110,-0.028738512949039265
cnndm_test_00553,Lead - no_path,word:110,0.10089213300892132
cnndm_test_00553,Full - no_path,word:260,0.0
cnndm_test_00553,AB2 - AB0,word:260,-0.0002883506343713954
cnndm_test_00553,TextRank - no_path,word:260,-0.02642059252064108
cnndm_test_00553,Lead - no_path,word:260,0.019981105337742097
cnndm_test_00555,Full - no_path,unit:10,0.0
cnndm_test_00555,AB2 - AB0,unit:10,-0.001973751841825716
cnndm_test_00555,TextRank - no_path,unit:10,0.001973751841825716
cnndm_test_00555,Lead - no_path,unit:10,0.00865800865800867
cnndm_test_00555,Full - no_path,unit:5,0.0
cnndm_test_00555,AB2 - AB0,unit:5,0.028955712238131814
cnndm_test_00555,TextRank - no_path,unit:5,0.054858205485820516
cnndm_test_00555,Lead - no_path,unit:5,0.01445416508178013
cnndm_test_00555,Full - no_path,word:110,0.0
cnndm_test_00555,AB2 - AB0,word:110,0.17869234024545072
cnndm_test_00555,TextRank - no_path,word:110,-0.006030469741853561
cnndm_test_00555,Lead - no_path,word:110,0.008358019466779443
cnndm_test_00555,Full - no_path,word:260,0.0
cnndm_test_00555,AB2 - AB0,word:260,0.0009718285416787376
cnndm_test_00555,TextRank - no_path,word:260,-0.002499639475075699
cnndm_test_00555,Lead - no_path,word:260,0.0
cnndm_test_00565,Full - no_path,unit:10,0.0
cnndm_test_00565,AB2 - AB0,unit:10,0.001058446922759193
cnndm_test_00565,TextRank - no_path,unit:10,0.0029425612052730726
cnndm_test_00565,Lead - no_path,unit:10,0.028299297321036435
cnndm_test_00565,Full - no_path,unit:5,0.0
cnndm_test_00565,AB2 - AB0,unit:5,0.03792212886985519
cnndm_test_00565,TextRank - no_path,unit:5,-0.036927413671599754
cnndm_test_00565,Lead - no_path,unit:5,-0.0053271569195136315
cnndm_test_00565,Full - no_path,word:110,0.0
cnndm_test_00565,AB2 - AB0,word:110,0.04195804195804197
cnndm_test_00565,TextRank - no_path,word:110,-0.045738045738045754
cnndm_test_00565,Lead - no_path,word:110,-0.03139717425431712
cnndm_test_00565,Full - no_path,word:260,0.0
cnndm_test_00565,AB2 - AB0,word:260,0.0
cnndm_test_00565,TextRank - no_path,word:260,-0.012632197414806118
cnndm_test_00565,Lead - no_path,word:260,0.033444816053511725
cnndm_test_00567,Full - no_path,unit:10,0.0
cnndm_test_00567,AB2 - AB0,unit:10,0.006926406926406933
cnndm_test_00567,TextRank - no_path,unit:10,0.029665071770334922
cnndm_test_00567,Lead - no_path,unit:10,0.02849952815350737
cnndm_test_00567,Full - no_path,unit:5,0.0
cnndm_test_00567,AB2 - AB0,unit:5,-0.021293027360988516
cnndm_test_00567,TextRank - no_path,unit:5,0.04579381559010045
cnndm_test_00567,Lead - no_path,unit:5,0.035707304359158136
cnndm_test_00567,Full - no_path,word:110,0.0
cnndm_test_00567,AB2 - AB0,word:110,-0.02855477855477856
cnndm_test_00567,TextRank - no_path,word:110,-0.01436781609195402
cnndm_test_00567,Lead - no_path,word:110,0.02934272300469483
cnndm_test_00567,Full - no_path,word:260,0.0
cnndm_test_00567,AB2 - AB0,word:260,0.01346801346801347
cnndm_test_00567,TextRank - no_path,word:260,0.013196845411610508
cnndm_test_00567,Lead - no_path,word:260,0.0140158648633225
cnndm_test_00574,Full - no_path,unit:10,0.0
cnndm_test_00574,AB2 - AB0,unit:10,-0.0021868678585096474
cnndm_test_00574,TextRank - no_path,unit:10,0.021559392987964415
cnndm_test_00574,Lead - no_path,unit:10,0.11319862932766159
cnndm_test_00574,Full - no_path,unit:5,0.0
cnndm_test_00574,AB2 - AB0,unit:5,0.017890295358649805
cnndm_test_00574,TextRank - no_path,unit:5,0.011443037974683545
cnndm_test_00574,Lead - no_path,unit:5,0.05283434232250961
cnndm_test_00574,Full - no_path,word:110,-0.008536585365853666
cnndm_test_00574,AB2 - AB0,word:110,0.0009608277900960971
cnndm_test_00574,TextRank - no_path,word:110,0.011160384331116019
cnndm_test_00574,Lead - no_path,word:110,0.06368563685636855
cnndm_test_00574,Full - no_path,word:260,0.0
cnndm_test_00574,AB2 - AB0,word:260,-0.01222373375919246
cnndm_test_00574,TextRank - no_path,word:260,0.01222373375919246
cnndm_test_00574,Lead - no_path,word:260,0.07547169811320754
cnndm_test_00578,Full - no_path,unit:10,0.0
cnndm_test_00578,AB2 - AB0,unit:10,0.009535069987413713
cnndm_test_00578,TextRank - no_path,unit:10,0.013774711833028447
cnndm_test_00578,Lead - no_path,unit:10,0.031604025866679625
cnndm_test_00578,Full - no_path,unit:5,0.0
cnndm_test_00578,AB2 - AB0,unit:5,0.038172421893352126
cnndm_test_00578,TextRank - no_path,unit:5,-0.0177904287493329
cnndm_test_00578,Lead - no_path,unit:5,-0.0023296990028888187
cnndm_test_00578,Full - no_path,word:110,0.0
cnndm_test_00578,AB2 - AB0,word:110,0.0026066103638827665
cnndm_test_00578,TextRank - no_path,word:110,0.0026446630699248908
cnndm_test_00578,Lead - no_path,word:110,-0.0026066103638827665
cnndm_test_00578,Full - no_path,word:260,0.0
cnndm_test_00578,AB2 - AB0,word:260,0.0005884291295956134
cnndm_test_00578,TextRank - no_path,word:260,0.0011890747809129854
cnndm_test_00578,Lead - no_path,word:260,0.0011890747809129854
cnndm_test_00579,Full - no_path,unit:10,0.0
cnndm_test_00579,AB2 - AB0,unit:10,-0.02546429679535482
cnndm_test_00579,TextRank - no_path,unit:10,-0.03712024433578551
cnndm_test_00579,Lead - no_path,unit:10,-0.0009952389918497784
cnndm_test_00579,Full - no_path,unit:5,0.0
cnndm_test_00579,AB2 - AB0,unit:5,0.053320922810983315
cnndm_test_00579,TextRank - no_path,unit:5,0.02641325536062379
cnndm_test_00579,Lead - no_path,unit:5,0.06537505180273519
cnndm_test_00579,Full - no_path,word:110,0.0
cnndm_test_00579,AB2 - AB0,word:110,-0.02807017543859651
cnndm_test_00579,TextRank - no_path,word:110,0.0027705627705627844
cnndm_test_00579,Lead - no_path,word:110,0.04179926034230673
cnndm_test_00579,Full - no_path,word:260,0.0
cnndm_test_00579,AB2 - AB0,word:260,-0.018140740248521497
cnndm_test_00579,TextRank - no_path,word:260,-0.021200942264100645
cnndm_test_00579,Lead - no_path,word:260,0.050644648534086886
cnndm_test_00580,Full - no_path,unit:10,0.0
cnndm_test_00580,AB2 - AB0,unit:10,0.0
cnndm_test_00580,TextRank - no_path,unit:10,0.0
cnndm_test_00580,Lead - no_path,unit:10,0.0
cnndm_test_00580,Full - no_path,unit:5,0.0
cnndm_test_00580,AB2 - AB0,unit:5,0.0
cnndm_test_00580,TextRank - no_path,unit:5,0.0
cnndm_test_00580,Lead - no_path,unit:5,0.026846590909090917
cnndm_test_00580,Full - no_path,word:110,0.0
cnndm_test_00580,AB2 - AB0,word:110,-0.007983193277310952
cnndm_test_00580,TextRank - no_path,word:110,0.0
cnndm_test_00580,Lead - no_path,word:110,-0.010798025503907849
cnndm_test_00580,Full - no_path,word:260,0.0
cnndm_test_00580,AB2 - AB0,word:260,0.0
cnndm_test_00580,TextRank - no_path,word:260,0.0
cnndm_test_00580,Lead - no_path,word:260,0.0
cnndm_test_00588,Full - no_path,unit:10,0.0
cnndm_test_00588,AB2 - AB0,unit:10,-0.04097536450477628
cnndm_test_00588,TextRank - no_path,unit:10,-0.009157509157509153
cnndm_test_00588,Lead - no_path,unit:10,0.08911819887429641
cnndm_test_00588,Full - no_path,unit:5,0.0
cnndm_test_00588,AB2 - AB0,unit:5,-0.049521431543903455
cnndm_test_00588,TextRank - no_path,unit:5,0.03772716816195079
cnndm_test_00588,Lead - no_path,unit:5,0.1687830687830688
cnndm_test_00588,Full - no_path,word:110,0.0
cnndm_test_00588,AB2 - AB0,word:110,-0.06890996957222124
cnndm_test_00588,TextRank - no_path,word:110,0.055334885632105174
cnndm_test_00588,Lead - no_path,word:110,0.1641784230470712
cnndm_test_00588,Full - no_path,word:260,0.0
cnndm_test_00588,AB2 - AB0,word:260,-0.04620462046204618
cnndm_test_00588,TextRank - no_path,word:260,-0.012960898738880525
cnndm_test_00588,Lead - no_path,word:260,0.061842425853323585
cnndm_test_00589,Full - no_path,unit:10,0.0
cnndm_test_00589,AB2 - AB0,unit:10,-0.006970079101226642
cnndm_test_00589,TextRank - no_path,unit:10,0.02206609419724176
cnndm_test_00589,Lead - no_path,unit:10,0.011023996198621988
cnndm_test_00589,Full - no_path,unit:5,0.0
cnndm_test_00589,AB2 - AB0,unit:5,-0.01853932584269663
cnndm_test_00589,TextRank - no_path,unit:5,-0.00987261146496815
cnndm_test_00589,Lead - no_path,unit:5,0.05512820512820513
cnndm_test_00589,Full - no_path,word:110,0.0
cnndm_test_00589,AB2 - AB0,word:110,-0.0015639662183296876
cnndm_test_00589,TextRank - no_path,word:110,0.08716187204808933
cnndm_test_00589,Lead - no_path,word:110,0.17821350762527233
cnndm_test_00589,Full - no_path,word:260,0.0
cnndm_test_00589,AB2 - AB0,word:260,-0.0015012901712409127
cnndm_test_00589,TextRank - no_path,word:260,0.0
cnndm_test_00589,Lead - no_path,word:260,0.0007506186739851956
cnndm_test_00603,Full - no_path,unit:10,0.0
cnndm_test_00603,AB2 - AB0,unit:10,-0.00686037126715093
cnndm_test_00603,TextRank - no_path,unit:10,0.016369047619047603
cnndm_test_00603,Lead - no_path,unit:10,0.11061745272271582
cnndm_test_00603,Full - no_path,unit:5,0.0
cnndm_test_00603,AB2 - AB0,unit:5,0.0073875598086124705
cnndm_test_00603,TextRank - no_path,unit:5,-0.07427044269149534
cnndm_test_00603,Lead - no_path,unit:5,0.09975168069771667
cnndm_test_00603,Full - no_path,word:110,0.0
cnndm_test_00603,AB2 - AB0,word:110,-0.0700901662440124
cnndm_test_00603,TextRank - no_path,word:110,-0.03500142571998861
cnndm_test_00603,Lead - no_path,word:110,0.11582633053221286
cnndm_test_00603,Full - no_path,word:260,0.0
cnndm_test_00603,AB2 - AB0,word:260,-0.011535160055168137
cnndm_test_00603,TextRank - no_path,word:260,0.02441903213947097
cnndm_test_00603,Lead - no_path,word:260,0.03167834890965732
cnndm_test_00616,Full - no_path,unit:10,0.0
cnndm_test_00616,AB2 - AB0,unit:10,0.0123088399850802
cnndm_test_00616,TextRank - no_path,unit:10,0.011137288498607817
cnndm_test_00616,Lead - no_path,unit:10,0.007523510971786801
cnndm_test_00616,Full - no_path,unit:5,-0.012727272727272781
cnndm_test_00616,AB2 - AB0,unit:5,0.04040015390534821
cnndm_test_00616,TextRank - no_path,unit:5,-0.027878787878787947
cnndm_test_00616,Lead - no_path,unit:5,-0.04898876404494387
cnndm_test_00616,Full - no_path,word:110,0.0
cnndm_test_00616,AB2 - AB0,word:110,-0.04803635183382024
cnndm_test_00616,TextRank - no_path,word:110,0.0366040474078852
cnndm_test_00616,Lead - no_path,word:110,-0.002724031566718743
cnndm_test_00616,Full - no_path,word:260,0.0
cnndm_test_00616,AB2 - AB0,word:260,-0.006904938576964309
cnndm_test_00616,TextRank - no_path,word:260,0.01335960999896274
cnndm_test_00616,Lead - no_path,word:260,0.012861736334405155
cnndm_test_00619,Full - no_path,unit:10,0.0
cnndm_test_00619,AB2 - AB0,unit:10,-0.0012783636944710824
cnndm_test_00619,TextRank - no_path,unit:10,0.03878363128823424
cnndm_test_00619,Lead - no_path,unit:10,0.004694976976555229
cnndm_test_00619,Full - no_path,unit:5,0.0
cnndm_test_00619,AB2 - AB0,unit:5,-0.022266009852216745
cnndm_test_00619,TextRank - no_path,unit:5,0.05726600985221675
cnndm_test_00619,Lead - no_path,unit:5,-0.010425020048115491
cnndm_test_00619,Full - no_path,word:110,0.0
cnndm_test_00619,AB2 - AB0,word:110,-0.04273775520998627
cnndm_test_00619,TextRank - no_path,word:110,0.045958367126250343
cnndm_test_00619,Lead - no_path,word:110,-0.015858845770099245
cnndm_test_00619,Full - no_path,word:260,0.0
cnndm_test_00619,AB2 - AB0,word:260,-0.0009954021898848364
cnndm_test_00619,TextRank - no_path,word:260,0.007202372546250557
cnndm_test_00619,Lead - no_path,word:260,-0.0009751567216159662
cnndm_test_00634,Full - no_path,unit:10,0.0
cnndm_test_00634,AB2 - AB0,unit:10,0.0
cnndm_test_00634,TextRank - no_path,unit:10,0.0
cnndm_test_00634,Lead - no_path,unit:10,0.02455357142857141
cnndm_test_00634,Full - no_path,unit:5,0.0
cnndm_test_00634,AB2 - AB0,unit:5,0.005870841487279871
cnndm_test_00634,TextRank - no_path,unit:5,-0.005870841487279871
cnndm_test_00634,Lead - no_path,unit:5,0.031055900621118016
cnndm_test_00634,Full - no_path,word:110,0.0
cnndm_test_00634,AB2 - AB0,word:110,0.01541623843782114
cnndm_test_00634,TextRank - no_path,word:110,-0.026886519981095425
cnndm_test_00634,Lead - no_path,word:110,0.001146908560108434
cnndm_test_00634,Full - no_path,word:260,0.0
cnndm_test_00634,AB2 - AB0,word:260,0.0
cnndm_test_00634,TextRank - no_path,word:260,-0.020477815699658702
cnndm_test_00634,Lead - no_path,word:260,0.0036773542277556276
cnndm_test_00636,Full - no_path,unit:10,0.0
cnndm_test_00636,AB2 - AB0,unit:10,0.015013586956521746
cnndm_test_00636,TextRank - no_path,unit:10,-0.0063973063973064015
cnndm_test_00636,Lead - no_path,unit:10,0.03434343434343437
cnndm_test_00636,Full - no_path,unit:5,0.0
cnndm_test_00636,AB2 - AB0,unit:5,-0.07469342251950947
cnndm_test_00636,TextRank - no_path,unit:5,-0.018305249121105593
cnndm_test_00636,Lead - no_path,unit:5,0.20623316660253943
cnndm_test_00636,Full - no_path,word:110,0.0
cnndm_test_00636,AB2 - AB0,word:110,-0.001025290498974707
cnndm_test_00636,TextRank - no_path,word:110,0.014226231783483728
cnndm_test_00636,Lead - no_path,word:110,0.13350169316420823
cnndm_test_00636,Full - no_path,word:260,0.0
cnndm_test_00636,AB2 - AB0,word:260,0.0004171267329162037
cnndm_test_00636,TextRank - no_path,word:260,0.008521303258145388
cnndm_test_00636,Lead - no_path,word:260,0.008521303258145388
cnndm_test_00639,Full - no_path,unit:10,0.0
cnndm_test_00639,AB2 - AB0,unit:10,0.006816530085457226
cnndm_test_00639,TextRank - no_path,unit:10,0.017680826636050515
cnndm_test_00639,Lead - no_path,unit:10,0.027333918642083718
cnndm_test_00639,Full - no_path,unit:5,0.0
cnndm_test_00639,AB2 - AB0,unit:5,0.011075949367088597
cnndm_test_00639,TextRank - no_path,unit:5,0.008528784648187654
cnndm_test_00639,Lead - no_path,unit:5,-0.0009950248756218916
cnndm_test_00639,Full - no_path,word:110,0.0
cnndm_test_00639,AB2 - AB0,word:110,0.012310709227584732
cnndm_test_00639,TextRank - no_path,word:110,0.017069243156199704
cnndm_test_00639,Lead - no_path,word:110,0.03188405797101451
cnndm_test_00639,Full - no_path,word:260,0.0
cnndm_test_00639,AB2 - AB0,word:260,0.005966353677621272
cnndm_test_00639,TextRank - no_path,word:260,-0.00645881895881896
cnndm_test_00639,Lead - no_path,word:260,0.014203445605884643
cnndm_test_00643,Full - no_path,unit:10,0.0
cnndm_test_00643,AB2 - AB0,unit:10,0.0
cnndm_test_00643,TextRank - no_path,unit:10,0.0
cnndm_test_00643,Lead - no_path,unit:10,5.0548450689996693e-05
cnndm_test_00643,Full - no_path,unit:5,0.0
cnndm_test_00643,AB2 - AB0,unit:5,-0.017190065681445002
cnndm_test_00643,TextRank - no_path,unit:5,0.017190065681445002
cnndm_test_00643,Lead - no_path,unit:5,-0.011083743842364546
cnndm_test_00643,Full - no_path,word:110,0.0
cnndm_test_00643,AB2 - AB0,word:110,0.017970401691331933
cnndm_test_00643,TextRank - no_path,word:110,-0.017970401691331933
cnndm_test_00643,Lead - no_path,word:110,-0.017160778744304397
cnndm_test_00643,Full - no_path,word:260,0.0
cnndm_test_00643,AB2 - AB0,word:260,0.0
cnndm_test_00643,TextRank - no_path,word:260,0.0
cnndm_test_00643,Lead - no_path,word:260,-0.006741347768338221
cnndm_test_00647,Full - no_path,unit:10,0.0
cnndm_test_00647,AB2 - AB0,unit:10,-0.016374269005847972
cnndm_test_00647,TextRank - no_path,unit:10,-0.017622017622017636
cnndm_test_00647,Lead - no_path,unit:10,-0.015291375291375309
cnndm_test_00647,Full - no_path,unit:5,0.0
cnndm_test_00647,AB2 - AB0,unit:5,-0.0029069767441860517
cnndm_test_00647,TextRank - no_path,unit:5,0.04094859331271174
cnndm_test_00647,Lead - no_path,unit:5,0.035572249226690236
cnndm_test_00647,Full - no_path,word:110,-0.015326868939630908
cnndm_test_00647,AB2 - AB0,word:110,-0.01635610766045545
cnndm_test_00647,TextRank - no_path,word:110,-0.018546670720583747
cnndm_test_00647,Lead - no_path,word:110,0.0019181585677749413
cnndm_test_00647,Full - no_path,word:260,0.0
cnndm_test_00647,AB2 - AB0,word:260,-0.0006263982102908267
cnndm_test_00647,TextRank - no_path,word:260,-0.007867016311836075
cnndm_test_00647,Lead - no_path,word:260,-0.01315165073554335
cnndm_test_00650,Full - no_path,unit:10,0.0
cnndm_test_00650,AB2 - AB0,unit:10,0.0
cnndm_test_00650,TextRank - no_path,unit:10,-0.0014579977960498258
cnndm_test_00650,Lead - no_path,unit:10,0.03660125851733251
cnndm_test_00650,Full - no_path,unit:5,0.0
cnndm_test_00650,AB2 - AB0,unit:5,-0.01570458404074704
cnndm_test_00650,TextRank - no_path,unit:5,0.0
cnndm_test_00650,Lead - no_path,unit:5,0.07731694828469021
cnndm_test_00650,Full - no_path,word:110,0.0
cnndm_test_00650,AB2 - AB0,word:110,-0.013793103448275862
cnndm_test_00650,TextRank - no_path,word:110,-0.014548889938592352
cnndm_test_00650,Lead - no_path,word:110,0.05394426074633918
cnndm_test_00650,Full - no_path,word:260,0.0
cnndm_test_00650,AB2 - AB0,word:260,0.0
cnndm_test_00650,TextRank - no_path,word:260,0.0
cnndm_test_00650,Lead - no_path,word:260,-0.0056651961922451755
cnndm_test_00666,Full - no_path,unit:10,0.0
cnndm_test_00666,AB2 - AB0,unit:10,0.0
cnndm_test_00666,TextRank - no_path,unit:10,0.0
cnndm_test_00666,Lead - no_path,unit:10,0.0
cnndm_test_00666,Full - no_path,unit:5,0.0
cnndm_test_00666,AB2 - AB0,unit:5,0.0
cnndm_test_00666,TextRank - no_path,unit:5,0.0
cnndm_test_00666,Lead - no_path,unit:5,0.0
cnndm_test_00666,Full - no_path,word:110,0.0
cnndm_test_00666,AB2 - AB0,word:110,0.0
cnndm_test_00666,TextRank - no_path,word:110,0.030303030303030276
cnndm_test_00666,Lead - no_path,word:110,0.0
cnndm_test_00666,Full - no_path,word:260,0.0
cnndm_test_00666,AB2 - AB0,word:260,0.0
cnndm_test_00666,TextRank - no_path,word:260,0.0
cnndm_test_00666,Lead - no_path,word:260,0.0
cnndm_test_00668,Full - no_path,unit:10,0.0
cnndm_test_00668,AB2 - AB0,unit:10,0.003545063207308269
cnndm_test_00668,TextRank - no_path,unit:10,-0.001636469900642895
cnndm_test_00668,Lead - no_path,unit:10,0.026089785296031204
cnndm_test_00668,Full - no_path,unit:5,0.0
cnndm_test_00668,AB2 - AB0,unit:5,0.0011246485473289658
cnndm_test_00668,TextRank - no_path,unit:5,-0.0011246485473289658
cnndm_test_00668,Lead - no_path,unit:5,0.02121212121212121
cnndm_test_00668,Full - no_path,word:110,0.0
cnndm_test_00668,AB2 - AB0,word:110,0.04711779448621553
cnndm_test_00668,TextRank - no_path,word:110,0.002754979050680173
cnndm_test_00668,Lead - no_path,word:110,-0.0430465476668771
cnndm_test_00668,Full - no_path,word:260,0.0
cnndm_test_00668,AB2 - AB0,word:260,0.0
cnndm_test_00668,TextRank - no_path,word:260,-0.00033875338753389106
cnndm_test_00668,Lead - no_path,word:260,0.008072827207145306
cnndm_test_00670,Full - no_path,unit:10,0.0
cnndm_test_00670,AB2 - AB0,unit:10,-0.011410269242318083
cnndm_test_00670,TextRank - no_path,unit:10,0.011410269242318083
cnndm_test_00670,Lead - no_path,unit:10,0.047241297655694986
cnndm_test_00670,Full - no_path,unit:5,0.0
cnndm_test_00670,AB2 - AB0,unit:5,-0.005614773873755363
cnndm_test_00670,TextRank - no_path,unit:5,-0.030578898225957052
cnndm_test_00670,Lead - no_path,unit:5,0.03327391562685683
cnndm_test_00670,Full - no_path,word:110,0.0
cnndm_test_00670,AB2 - AB0,word:110,-0.0032206119162640767
cnndm_test_00670,TextRank - no_path,word:110,0.006587615283267456
cnndm_test_00670,Lead - no_path,word:110,0.09036658141517473
cnndm_test_00670,Full - no_path,word:260,0.0
cnndm_test_00670,AB2 - AB0,word:260,0.0
cnndm_test_00670,TextRank - no_path,word:260,0.0
cnndm_test_00670,Lead - no_path,word:260,0.0
cnndm_test_00672,Full - no_path,unit:10,0.0
cnndm_test_00672,AB2 - AB0,unit:10,-0.0003944799111105096
cnndm_test_00672,TextRank - no_path,unit:10,0.06828876302918384
cnndm_test_00672,Lead - no_path,unit:10,-0.03324808184143223
cnndm_test_00672,Full - no_path,unit:5,0.0
cnndm_test_00672,AB2 - AB0,unit:5,-0.03807771250619295
cnndm_test_00672,TextRank - no_path,unit:5,0.053990610328638486
cnndm_test_00672,Lead - no_path,unit:5,-0.04874911569875877
cnndm_test_00672,Full - no_path,word:110,0.0
cnndm_test_00672,AB2 - AB0,word:110,-0.1410568675209149
cnndm_test_00672,TextRank - no_path,word:110,0.1410568675209149
cnndm_test_00672,Lead - no_path,word:110,0.0024494794856092933
cnndm_test_00672,Full - no_path,word:260,0.0
cnndm_test_00672,AB2 - AB0,word:260,-0.0014074595355383357
cnndm_test_00672,TextRank - no_path,word:260,0.0629076372817168
cnndm_test_00672,Lead - no_path,word:260,-0.04705799845711481
cnndm_test_00673,Full - no_path,unit:10,0.0
cnndm_test_00673,AB2 - AB0,unit:10,-0.006794280987829374
cnndm_test_00673,TextRank - no_path,unit:10,0.019410063996361623
cnndm_test_00673,Lead - no_path,unit:10,0.0053763440860215145
cnndm_test_00673,Full - no_path,unit:5,0.0
cnndm_test_00673,AB2 - AB0,unit:5,-0.0014831817780524559
cnndm_test_00673,TextRank - no_path,unit:5,0.018411445933383203
cnndm_test_00673,Lead - no_path,unit:5,0.011838783623015992
cnndm_test_00673,Full - no_path,word:110,0.0
cnndm_test_00673,AB2 - AB0,word:110,-0.014893617021276576
cnndm_test_00673,TextRank - no_path,word:110,-0.02713536848596978
cnndm_test_00673,Lead - no_path,word:110,-0.015176313048653467
cnndm_test_00673,Full - no_path,word:260,0.0
cnndm_test_00673,AB2 - AB0,word:260,0.013885642152508294
cnndm_test_00673,TextRank - no_path,word:260,0.006592173547150401
cnndm_test_00673,Lead - no_path,word:260,-0.007059703585955396
cnndm_test_00678,Full - no_path,unit:10,0.0
cnndm_test_00678,AB2 - AB0,unit:10,-0.004435589079437363
cnndm_test_00678,TextRank - no_path,unit:10,0.034044723067924484
cnndm_test_00678,Lead - no_path,unit:10,0.035512313773183354
cnndm_test_00678,Full - no_path,unit:5,0.0
cnndm_test_00678,AB2 - AB0,unit:5,-0.020287958115183247
cnndm_test_00678,TextRank - no_path,unit:5,0.05745012027734542
cnndm_test_00678,Lead - no_path,unit:5,0.036880878469165546
cnndm_test_00678,Full - no_path,word:110,0.0
cnndm_test_00678,AB2 - AB0,word:110,-0.01328538607531718
cnndm_test_00678,TextRank - no_path,word:110,0.01328538607531718
cnndm_test_00678,Lead - no_path,word:110,0.014184397163120588
cnndm_test_00678,Full - no_path,word:260,0.0
cnndm_test_00678,AB2 - AB0,word:260,-0.006825938566552905
cnndm_test_00678,TextRank - no_path,word:260,0.006825938566552905
cnndm_test_00678,Lead - no_path,word:260,0.005451588519595943
cnndm_test_00679,Full - no_path,unit:10,0.0
cnndm_test_00679,AB2 - AB0,unit:10,0.0
cnndm_test_00679,TextRank - no_path,unit:10,0.02082484494544798
cnndm_test_00679,Lead - no_path,unit:10,0.008708708708708712
cnndm_test_00679,Full - no_path,unit:5,0.0
cnndm_test_00679,AB2 - AB0,unit:5,0.0
cnndm_test_00679,TextRank - no_path,unit:5,0.04175483142897447
cnndm_test_00679,Lead - no_path,unit:5,0.021255722694571613
cnndm_test_00679,Full - no_path,word:110,0.0
cnndm_test_00679,AB2 - AB0,word:110,0.0
cnndm_test_00679,TextRank - no_path,word:110,0.03149914404499875
cnndm_test_00679,Lead - no_path,word:110,0.10734224724372506
cnndm_test_00679,Full - no_path,word:260,0.0
cnndm_test_00679,AB2 - AB0,word:260,0.0
cnndm_test_00679,TextRank - no_path,word:260,-0.027317007474579713
cnndm_test_00679,Lead - no_path,word:260,-0.04153938772324914
cnndm_test_00682,Full - no_path,unit:10,0.0
cnndm_test_00682,AB2 - AB0,unit:10,0.0
cnndm_test_00682,TextRank - no_path,unit:10,0.012227538543328031
cnndm_test_00682,Lead - no_path,unit:10,0.005108151905869107
cnndm_test_00682,Full - no_path,unit:5,0.0
cnndm_test_00682,AB2 - AB0,unit:5,0.09211290992112914
cnndm_test_00682,TextRank - no_path,unit:5,-0.06918800873535841
cnndm_test_00682,Lead - no_path,unit:5,-0.05718990942435817
cnndm_test_00682,Full - no_path,word:110,0.0
cnndm_test_00682,AB2 - AB0,word:110,0.137801066372495
cnndm_test_00682,TextRank - no_path,word:110,-0.15512120341094188
cnndm_test_00682,Lead - no_path,word:110,-0.16007506450856213
cnndm_test_00682,Full - no_path,word:260,-0.0006423034330011457
cnndm_test_00682,AB2 - AB0,word:260,0.05955406911928654
cnndm_test_00682,TextRank - no_path,word:260,0.0
cnndm_test_00682,Lead - no_path,word:260,0.0012975391498881161
cnndm_test_00686,Full - no_path,unit:10,0.0013523679116903622
cnndm_test_00686,AB2 - AB0,unit:10,-0.029241736416512974
cnndm_test_00686,TextRank - no_path,unit:10,0.02312024503507558
cnndm_test_00686,Lead - no_path,unit:10,0.05171570340345237
cnndm_test_00686,Full - no_path,unit:5,0.0
cnndm_test_00686,AB2 - AB0,unit:5,-0.075
cnndm_test_00686,TextRank - no_path,unit:5,0.062123473166417933
cnndm_test_00686,Lead - no_path,unit:5,0.11063063063063062
cnndm_test_00686,Full - no_path,word:110,0.0
cnndm_test_00686,AB2 - AB0,word:110,-0.06739738805970148
cnndm_test_00686,TextRank - no_path,word:110,0.07702462262526544
cnndm_test_00686,Lead - no_path,word:110,0.10414094938839638
cnndm_test_00686,Full - no_path,word:260,-0.0005116959064327548
cnndm_test_00686,AB2 - AB0,word:260,-0.028070175438596502
cnndm_test_00686,TextRank - no_path,word:260,0.014257474672596977
cnndm_test_00686,Lead - no_path,word:260,0.04210526315789472
cnndm_test_00689,Full - no_path,unit:10,0.0
cnndm_test_00689,AB2 - AB0,unit:10,0.0
cnndm_test_00689,TextRank - no_path,unit:10,0.0
cnndm_test_00689,Lead - no_path,unit:10,0.0
cnndm_test_00689,Full - no_path,unit:5,0.0
cnndm_test_00689,AB2 - AB0,unit:5,0.0
cnndm_test_00689,TextRank - no_path,unit:5,0.0
cnndm_test_00689,Lead - no_path,unit:5,0.0
cnndm_test_00689,Full - no_path,word:110,0.0
cnndm_test_00689,AB2 - AB0,word:110,-0.009980430528375772
cnndm_test_00689,TextRank - no_path,word:110,0.009980430528375772
cnndm_test_00689,Lead - no_path,word:110,-0.0811525743977326
cnndm_test_00689,Full - no_path,word:260,0.0
cnndm_test_00689,AB2 - AB0,word:260,0.0
cnndm_test_00689,TextRank - no_path,word:260,0.0
cnndm_test_00689,Lead - no_path,word:260,0.0
cnndm_test_00695,Full - no_path,unit:10,0.0
cnndm_test_00695,AB2 - AB0,unit:10,0.0
cnndm_test_00695,TextRank - no_path,unit:10,0.00011817956202656021
cnndm_test_00695,Lead - no_path,unit:10,-0.011049345371945157
cnndm_test_00695,Full - no_path,unit:5,0.0
cnndm_test_00695,AB2 - AB0,unit:5,0.015105207476196092
cnndm_test_00695,TextRank - no_path,unit:5,-0.015105207476196092
cnndm_test_00695,Lead - no_path,unit:5,0.02520954223081881
cnndm_test_00695,Full - no_path,word:110,0.0
cnndm_test_00695,AB2 - AB0,word:110,0.011730205278592365
cnndm_test_00695,TextRank - no_path,word:110,-0.01290322580645159
cnndm_test_00695,Lead - no_path,word:110,0.014243820695433618
cnndm_test_00695,Full - no_path,word:260,0.0
cnndm_test_00695,AB2 - AB0,word:260,0.0
cnndm_test_00695,TextRank - no_path,word:260,0.0007639419404125297
cnndm_test_00695,Lead - no_path,word:260,-0.0014985014985015171
cnndm_test_00709,Full - no_path,unit:10,0.0
cnndm_test_00709,AB2 - AB0,unit:10,0.0
cnndm_test_00709,TextRank - no_path,unit:10,0.0
cnndm_test_00709,Lead - no_path,unit:10,-0.03449305659250412
cnndm_test_00709,Full - no_path,unit:5,0.0
cnndm_test_00709,AB2 - AB0,unit:5,0.07561660020676414
cnndm_test_00709,TextRank - no_path,unit:5,-0.0802498048399688
cnndm_test_00709,Lead - no_path,unit:5,-0.15805753170429945
cnndm_test_00709,Full - no_path,word:110,0.10733099209833188
cnndm_test_00709,AB2 - AB0,word:110,0.05784313725490198
cnndm_test_00709,TextRank - no_path,word:110,0.010262378332627997
cnndm_test_00709,Lead - no_path,word:110,0.010262378332627997
cnndm_test_00709,Full - no_path,word:260,0.0
cnndm_test_00709,AB2 - AB0,word:260,0.0
cnndm_test_00709,TextRank - no_path,word:260,0.0
cnndm_test_00709,Lead - no_path,word:260,0.0
cnndm_test_00718,Full - no_path,unit:10,0.0
cnndm_test_00718,AB2 - AB0,unit:10,0.00758215015103153
cnndm_test_00718,TextRank - no_path,unit:10,-0.00758215015103153
cnndm_test_00718,Lead - no_path,unit:10,0.03263453977528788
cnndm_test_00718,Full - no_path,unit:5,0.0
cnndm_test_00718,AB2 - AB0,unit:5,-0.01765419838905441
cnndm_test_00718,TextRank - no_path,unit:5,0.012657213810782664
cnndm_test_00718,Lead - no_path,unit:5,0.0694526578618832
cnndm_test_00718,Full - no_path,word:110,0.0
cnndm_test_00718,AB2 - AB0,word:110,-0.01931211279641104
cnndm_test_00718,TextRank - no_path,word:110,-0.0032896160671774255
cnndm_test_00718,Lead - no_path,word:110,0.015011037527593807
cnndm_test_00718,Full - no_path,word:260,-0.014983713355048861
cnndm_test_00718,AB2 - AB0,word:260,0.00853210045182301
cnndm_test_00718,TextRank - no_path,word:260,-0.00853210045182301
cnndm_test_00718,Lead - no_path,word:260,-0.007191505562841066
cnndm_test_00720,Full - no_path,unit:10,0.0
cnndm_test_00720,AB2 - AB0,unit:10,0.0
cnndm_test_00720,TextRank - no_path,unit:10,-0.003248862897985705
cnndm_test_00720,Lead - no_path,unit:10,0.03378817413905133
cnndm_test_00720,Full - no_path,unit:5,0.0
cnndm_test_00720,AB2 - AB0,unit:5,-0.015110631408526753
cnndm_test_00720,TextRank - no_path,unit:5,0.008983180428134535
cnndm_test_00720,Lead - no_path,unit:5,0.015110631408526753
cnndm_test_00720,Full - no_path,word:110,0.0
cnndm_test_00720,AB2 - AB0,word:110,-0.014285714285714263
cnndm_test_00720,TextRank - no_path,word:110,0.01974789915966388
cnndm_test_00720,Lead - no_path,word:110,0.05552178318135764
cnndm_test_00720,Full - no_path,word:260,0.0
cnndm_test_00720,AB2 - AB0,word:260,0.0
cnndm_test_00720,TextRank - no_path,word:260,0.00892121554504155
cnndm_test_00720,Lead - no_path,word:260,0.009353741496598678
cnndm_test_00726,Full - no_path,unit:10,0.0
cnndm_test_00726,AB2 - AB0,unit:10,-0.012442724773444644
cnndm_test_00726,TextRank - no_path,unit:10,-0.013923395445134587
cnndm_test_00726,Lead - no_path,unit:10,-0.008620365142104278
cnndm_test_00726,Full - no_path,unit:5,0.0
cnndm_test_00726,AB2 - AB0,unit:5,-0.06828975653651953
cnndm_test_00726,TextRank - no_path,unit:5,0.007594143897283329
cnndm_test_00726,Lead - no_path,unit:5,-0.055988177115898374
cnndm_test_00726,Full - no_path,word:110,0.0
cnndm_test_00726,AB2 - AB0,word:110,-0.025025799793601644
cnndm_test_00726,TextRank - no_path,word:110,-0.038602300453119576
cnndm_test_00726,Lead - no_path,word:110,-0.10438596491228073
cnndm_test_00726,Full - no_path,word:260,0.0
cnndm_test_00726,AB2 - AB0,word:260,-0.006557377049180316
cnndm_test_00726,TextRank - no_path,word:260,-0.01279119930974977
cnndm_test_00726,Lead - no_path,word:260,-0.012465508845966575
cnndm_test_00727,Full - no_path,unit:10,0.0
cnndm_test_00727,AB2 - AB0,unit:10,-0.0013254786450662692
cnndm_test_00727,TextRank - no_path,unit:10,0.02389168528437996
cnndm_test_00727,Lead - no_path,unit:10,0.03398612654734985
cnndm_test_00727,Full - no_path,unit:5,0.0
cnndm_test_00727,AB2 - AB0,unit:5,0.024766135002355485
cnndm_test_00727,TextRank - no_path,unit:5,0.001228170026660258
cnndm_test_00727,Lead - no_path,unit:5,0.05171152126189121
cnndm_test_00727,Full - no_path,word:110,0.0
cnndm_test_00727,AB2 - AB0,word:110,-0.0010738255033557187
cnndm_test_00727,TextRank - no_path,word:110,0.004211080405316536
cnndm_test_00727,Lead - no_path,word:110,0.0064025610244098086
cnndm_test_00727,Full - no_path,word:260,0.0
cnndm_test_00727,AB2 - AB0,word:260,-0.00034512510785160433
cnndm_test_00727,TextRank - no_path,word:260,0.00031727230424298536
cnndm_test_00727,Lead - no_path,word:260,0.0006366182836771012
cnndm_test_00731,Full - no_path,unit:10,0.0
cnndm_test_00731,AB2 - AB0,unit:10,0.0
cnndm_test_00731,TextRank - no_path,unit:10,-0.006520585336265081
cnndm_test_00731,Lead - no_path,unit:10,0.0014728745601832877
cnndm_test_00731,Full - no_path,unit:5,0.0
cnndm_test_00731,AB2 - AB0,unit:5,0.0
cnndm_test_00731,TextRank - no_path,unit:5,0.011238825031928468
cnndm_test_00731,Lead - no_path,unit:5,0.020150862068965547
cnndm_test_00731,Full - no_path,word:110,0.0
cnndm_test_00731,AB2 - AB0,word:110,0.0
cnndm_test_00731,TextRank - no_path,word:110,0.002379021357123534
cnndm_test_00731,Lead - no_path,word:110,0.006082725060827271
cnndm_test_00731,Full - no_path,word:260,0.0
cnndm_test_00731,AB2 - AB0,word:260,0.0
cnndm_test_00731,TextRank - no_path,word:260,0.006872852233676993
cnndm_test_00731,Lead - no_path,word:260,-0.006564758857684552
cnndm_test_00735,Full - no_path,unit:10,0.0
cnndm_test_00735,AB2 - AB0,unit:10,0.011596036263967963
cnndm_test_00735,TextRank - no_path,unit:10,-0.0019251336898395421
cnndm_test_00735,Lead - no_path,unit:10,0.005347593582887722
cnndm_test_00735,Full - no_path,unit:5,0.0
cnndm_test_00735,AB2 - AB0,unit:5,-0.006628252928106065
cnndm_test_00735,TextRank - no_path,unit:5,0.02875730021438605
cnndm_test_00735,Lead - no_path,unit:5,0.030763473053892237
cnndm_test_00735,Full - no_path,word:110,0.0
cnndm_test_00735,AB2 - AB0,word:110,-0.09449760765550241
cnndm_test_00735,TextRank - no_path,word:110,0.09843659525188186
cnndm_test_00735,Lead - no_path,word:110,0.014260249554367194
cnndm_test_00735,Full - no_path,word:260,-0.06646294881588999
cnndm_test_00735,AB2 - AB0,word:260,0.07400379506641364
cnndm_test_00735,TextRank - no_path,word:260,-0.0487989407981842
cnndm_test_00735,Lead - no_path,word:260,-0.059398352174746066
cnndm_test_00737,Full - no_path,unit:10,0.0
cnndm_test_00737,AB2 - AB0,unit:10,0.004041216578564336
cnndm_test_00737,TextRank - no_path,unit:10,0.011285020362101952
cnndm_test_00737,Lead - no_path,unit:10,0.007776117454191975
cnndm_test_00737,Full - no_path,unit:5,0.0
cnndm_test_00737,AB2 - AB0,unit:5,-0.008167630900870235
cnndm_test_00737,TextRank - no_path,unit:5,0.003471017007983329
cnndm_test_00737,Lead - no_path,unit:5,0.014494003968596306
cnndm_test_00737,Full - no_path,word:110,0.0
cnndm_test_00737,AB2 - AB0,word:110,-0.026064093282018044
cnndm_test_00737,TextRank - no_path,word:110,0.001219372785123643
cnndm_test_00737,Lead - no_path,word:110,0.014340490797545985
cnndm_test_00737,Full - no_path,word:260,0.0
cnndm_test_00737,AB2 - AB0,word:260,-0.006957756478523258
cnndm_test_00737,TextRank - no_path,word:260,0.011424590734935555
cnndm_test_00737,Lead - no_path,word:260,-0.007127882599580707
cnndm_test_00740,Full - no_path,unit:10,0.004449388209121233
cnndm_test_00740,AB2 - AB0,unit:10,0.006340840779017573
cnndm_test_00740,TextRank - no_path,unit:10,0.006912442396313362
cnndm_test_00740,Lead - no_path,unit:10,-0.001024065540194588
cnndm_test_00740,Full - no_path,unit:5,0.0
cnndm_test_00740,AB2 - AB0,unit:5,0.010638297872340413
cnndm_test_00740,TextRank - no_path,unit:5,-0.0033657891573506266
cnndm_test_00740,Lead - no_path,unit:5,-0.01227495908346972
cnndm_test_00740,Full - no_path,word:110,0.0
cnndm_test_00740,AB2 - AB0,word:110,-0.020710401480967255
cnndm_test_00740,TextRank - no_path,word:110,0.04853594622308306
cnndm_test_00740,Lead - no_path,word:110,0.000897766805072378
cnndm_test_00740,Full - no_path,word:260,-0.00022554695135705571
cnndm_test_00740,AB2 - AB0,word:260,-0.013812700765999497
cnndm_test_00740,TextRank - no_path,word:260,0.013363195222097779
cnndm_test_00740,Lead - no_path,word:260,0.005614657210401872
cnndm_test_00742,Full - no_path,unit:10,0.0
cnndm_test_00742,AB2 - AB0,unit:10,0.0
cnndm_test_00742,TextRank - no_path,unit:10,0.0
cnndm_test_00742,Lead - no_path,unit:10,-0.003428288683113033
cnndm_test_00742,Full - no_path,unit:5,0.0
cnndm_test_00742,AB2 - AB0,unit:5,-0.0035304501323918797
cnndm_test_00742,TextRank - no_path,unit:5,0.0035304501323918797
cnndm_test_00742,Lead - no_path,unit:5,0.016069635085369946
cnndm_test_00742,Full - no_path,word:110,0.0
cnndm_test_00742,AB2 - AB0,word:110,-0.056890255621756675
cnndm_test_00742,TextRank - no_path,word:110,0.07525010874293173
cnndm_test_00742,Lead - no_path,word:110,0.04333962386933038
cnndm_test_00742,Full - no_path,word:260,0.0
cnndm_test_00742,AB2 - AB0,word:260,0.0
cnndm_test_00742,TextRank - no_path,word:260,0.009052536568531153
cnndm_test_00742,Lead - no_path,word:260,0.000706344015696525
cnndm_test_00743,Full - no_path,unit:10,0.0
cnndm_test_00743,AB2 - AB0,unit:10,0.0
cnndm_test_00743,TextRank - no_path,unit:10,0.0
cnndm_test_00743,Lead - no_path,unit:10,0.0
cnndm_test_00743,Full - no_path,unit:5,0.0
cnndm_test_00743,AB2 - AB0,unit:5,0.0
cnndm_test_00743,TextRank - no_path,unit:5,0.01988540613414222
cnndm_test_00743,Lead - no_path,unit:5,0.06967670011148272
cnndm_test_00743,Full - no_path,word:110,0.0
cnndm_test_00743,AB2 - AB0,word:110,0.0
cnndm_test_00743,TextRank - no_path,word:110,0.14827556549410859
cnndm_test_00743,Lead - no_path,word:110,0.17679653679653679
cnndm_test_00743,Full - no_path,word:260,0.0
cnndm_test_00743,AB2 - AB0,word:260,0.0
cnndm_test_00743,TextRank - no_path,word:260,-0.0005785920925747146
cnndm_test_00743,Lead - no_path,word:260,0.019672131147541017
cnndm_test_00752,Full - no_path,unit:10,0.0
cnndm_test_00752,AB2 - AB0,unit:10,0.003372810547698446
cnndm_test_00752,TextRank - no_path,unit:10,0.037342030167142284
cnndm_test_00752,Lead - no_path,unit:10,-0.013917553622561994
cnndm_test_00752,Full - no_path,unit:5,0.0
cnndm_test_00752,AB2 - AB0,unit:5,0.014925737141184808
cnndm_test_00752,TextRank - no_path,unit:5,0.06491868569532028
cnndm_test_00752,Lead - no_path,unit:5,0.017307837653994393
cnndm_test_00752,Full - no_path,word:110,0.0
cnndm_test_00752,AB2 - AB0,word:110,-0.013647642679900748
cnndm_test_00752,TextRank - no_path,word:110,0.08329088130412639
cnndm_test_00752,Lead - no_path,word:110,-0.0007349338559529683
cnndm_test_00752,Full - no_path,word:260,0.0
cnndm_test_00752,AB2 - AB0,word:260,0.0
cnndm_test_00752,TextRank - no_path,word:260,0.059981998971369785
cnndm_test_00752,Lead - no_path,word:260,-0.000756540926762625
cnndm_test_00764,Full - no_path,unit:10,0.0
cnndm_test_00764,AB2 - AB0,unit:10,-0.00494263547314501
cnndm_test_00764,TextRank - no_path,unit:10,0.05439000727625516
cnndm_test_00764,Lead - no_path,unit:10,0.009247256071212503
cnndm_test_00764,Full - no_path,unit:5,0.0
cnndm_test_00764,AB2 - AB0,unit:5,-0.04638518392659928
cnndm_test_00764,TextRank - no_path,unit:5,0.04540084388185654
cnndm_test_00764,Lead - no_path,unit:5,-0.021265822784810137
cnndm_test_00764,Full - no_path,word:110,0.0
cnndm_test_00764,AB2 - AB0,word:110,-0.028445708698164374
cnndm_test_00764,TextRank - no_path,word:110,0.0304545659323332
cnndm_test_00764,Lead - no_path,word:110,-0.022653573875314012
cnndm_test_00764,Full - no_path,word:260,0.0
cnndm_test_00764,AB2 - AB0,word:260,0.00587196467991169
cnndm_test_00764,TextRank - no_path,word:260,0.03322259136212627
cnndm_test_00764,Lead - no_path,word:260,0.008215857053066364
cnndm_test_00765,Full - no_path,unit:10,0.0
cnndm_test_00765,AB2 - AB0,unit:10,0.006428152492668607
cnndm_test_00765,TextRank - no_path,unit:10,-0.016411764705882334
cnndm_test_00765,Lead - no_path,unit:10,0.006466898954703856
cnndm_test_00765,Full - no_path,unit:5,0.0
cnndm_test_00765,AB2 - AB0,unit:5,-0.0076190476190476225
cnndm_test_00765,TextRank - no_path,unit:5,0.02984762004503326
cnndm_test_00765,Lead - no_path,unit:5,0.05363640447419252
cnndm_test_00765,Full - no_path,word:110,0.0
cnndm_test_00765,AB2 - AB0,word:110,-0.054557854057740385
cnndm_test_00765,TextRank - no_path,word:110,0.030196736312337935
cnndm_test_00765,Lead - no_path,word:110,0.05746061167747915
cnndm_test_00765,Full - no_path,word:260,0.0
cnndm_test_00765,AB2 - AB0,word:260,-0.026687898731115392
cnndm_test_00765,TextRank - no_path,word:260,-0.03632929451242792
cnndm_test_00765,Lead - no_path,word:260,-0.01113648199335017
cnndm_test_00769,Full - no_path,unit:10,0.0
cnndm_test_00769,AB2 - AB0,unit:10,-0.0028632123395215744
cnndm_test_00769,TextRank - no_path,unit:10,0.018326284762270932
cnndm_test_00769,Lead - no_path,unit:10,0.020933977455716596
cnndm_test_00769,Full - no_path,unit:5,0.0
cnndm_test_00769,AB2 - AB0,unit:5,-0.016379433129183878
cnndm_test_00769,TextRank - no_path,unit:5,-0.005649717514124283
cnndm_test_00769,Lead - no_path,unit:5,0.035483477624679925
cnndm_test_00769,Full - no_path,word:110,0.0
cnndm_test_00769,AB2 - AB0,word:110,-0.027072927072927057
cnndm_test_00769,TextRank - no_path,word:110,0.013095238095238094
cnndm_test_00769,Lead - no_path,word:110,0.05775950668037
cnndm_test_00769,Full - no_path,word:260,0.0
cnndm_test_00769,AB2 - AB0,word:260,-0.01346801346801347
cnndm_test_00769,TextRank - no_path,word:260,0.006393977870487941
cnndm_test_00769,Lead - no_path,word:260,0.013927192498621073
cnndm_test_00771,Full - no_path,unit:10,0.0
cnndm_test_00771,AB2 - AB0,unit:10,-0.0060150719864603686
cnndm_test_00771,TextRank - no_path,unit:10,-0.009863487302031154
cnndm_test_00771,Lead - no_path,unit:10,0.032961678465992156
cnndm_test_00771,Full - no_path,unit:5,-0.016251050714485835
cnndm_test_00771,AB2 - AB0,unit:5,-0.09567420703971669
cnndm_test_00771,TextRank - no_path,unit:5,0.0860491144907499
cnndm_test_00771,Lead - no_path,unit:5,0.1513408472600078
cnndm_test_00771,Full - no_path,word:110,0.0
cnndm_test_00771,AB2 - AB0,word:110,-0.1260145437485339
cnndm_test_00771,TextRank - no_path,word:110,0.12875375375375375
cnndm_test_00771,Lead - no_path,word:110,0.15253609774157717
cnndm_test_00771,Full - no_path,word:260,0.0
cnndm_test_00771,AB2 - AB0,word:260,0.0019819819819819617
cnndm_test_00771,TextRank - no_path,word:260,-0.0009843400447427375
cnndm_test_00771,Lead - no_path,word:260,0.02126791220750951
cnndm_test_00772,Full - no_path,unit:10,0.0
cnndm_test_00772,AB2 - AB0,unit:10,-0.0038555747074299346
cnndm_test_00772,TextRank - no_path,unit:10,0.02676148083812832
cnndm_test_00772,Lead - no_path,unit:10,0.03852832965415748
cnndm_test_00772,Full - no_path,unit:5,0.0
cnndm_test_00772,AB2 - AB0,unit:5,0.009585001053296849
cnndm_test_00772,TextRank - no_path,unit:5,0.09618488628026409
cnndm_test_00772,Lead - no_path,unit:5,0.07952390983779228
cnndm_test_00772,Full - no_path,word:110,0.0
cnndm_test_00772,AB2 - AB0,word:110,0.0
cnndm_test_00772,TextRank - no_path,word:110,0.0064496124031007684
cnndm_test_00772,Lead - no_path,word:110,0.06201550387596902
cnndm_test_00772,Full - no_path,word:260,0.0
cnndm_test_00772,AB2 - AB0,word:260,0.0008490660273698797
cnndm_test_00772,TextRank - no_path,word:260,0.00042906539461398663
cnndm_test_00772,Lead - no_path,word:260,0.0035202153543510972
cnndm_test_00774,Full - no_path,unit:10,0.0
cnndm_test_00774,AB2 - AB0,unit:10,0.008446455505279046
cnndm_test_00774,TextRank - no_path,unit:10,0.004459308807134896
cnndm_test_00774,Lead - no_path,unit:10,0.029731617280255418
cnndm_test_00774,Full - no_path,unit:5,0.0
cnndm_test_00774,AB2 - AB0,unit:5,-0.008144899470296743
cnndm_test_00774,TextRank - no_path,unit:5,-0.004968326915911078
cnndm_test_00774,Lead - no_path,unit:5,0.035851669487613494
cnndm_test_00774,Full - no_path,word:110,0.0
cnndm_test_00774,AB2 - AB0,word:110,-0.028634604754007725
cnndm_test_00774,TextRank - no_path,word:110,0.0030762219437165117
cnndm_test_00774,Lead - no_path,word:110,0.014925373134328374
cnndm_test_00774,Full - no_path,word:260,0.0
cnndm_test_00774,AB2 - AB0,word:260,-0.035752979414951244
cnndm_test_00774,TextRank - no_path,word:260,0.03496503496503496
cnndm_test_00774,Lead - no_path,word:260,0.0407239819004525
cnndm_test_00778,Full - no_path,unit:10,0.0
cnndm_test_00778,AB2 - AB0,unit:10,-0.010794972627033703
cnndm_test_00778,TextRank - no_path,unit:10,0.01795735129068464
cnndm_test_00778,Lead - no_path,unit:10,0.023088023088023102
cnndm_test_00778,Full - no_path,unit:5,0.0
cnndm_test_00778,AB2 - AB0,unit:5,-0.002782696686061223
cnndm_test_00778,TextRank - no_path,unit:5,0.029452625729369256
cnndm_test_00778,Lead - no_path,unit:5,-0.007944915254237267
cnndm_test_00778,Full - no_path,word:110,0.0
cnndm_test_00778,AB2 - AB0,word:110,0.016029822926374643
cnndm_test_00778,TextRank - no_path,word:110,-0.0016889514426460112
cnndm_test_00778,Lead - no_path,word:110,-0.003332561906965986
cnndm_test_00778,Full - no_path,word:260,0.0
cnndm_test_00778,AB2 - AB0,word:260,-0.007177857531750362
cnndm_test_00778,TextRank - no_path,word:260,0.014158621150973286
cnndm_test_00778,Lead - no_path,word:260,0.09302325581395353
cnndm_test_00780,Full - no_path,unit:10,0.0
cnndm_test_00780,AB2 - AB0,unit:10,0.009825732295142747
cnndm_test_00780,TextRank - no_path,unit:10,-0.03375638991715142
cnndm_test_00780,Lead - no_path,unit:10,-0.003551346552234394
cnndm_test_00780,Full - no_path,unit:5,0.0
cnndm_test_00780,AB2 - AB0,unit:5,-0.10647712295236306
cnndm_test_00780,TextRank - no_path,unit:5,0.035137948984903696
cnndm_test_00780,Lead - no_path,unit:5,0.08908274965398649
cnndm_test_00780,Full - no_path,word:110,0.0
cnndm_test_00780,AB2 - AB0,word:110,-0.15199530516431925
cnndm_test_00780,TextRank - no_path,word:110,0.02681456474559922
cnndm_test_00780,Lead - no_path,word:110,0.027389277389277378
cnndm_test_00780,Full - no_path,word:260,0.0003366927790621893
cnndm_test_00780,AB2 - AB0,word:260,-0.0010237743146399858
cnndm_test_00780,TextRank - no_path,word:260,-0.033220354200803576
cnndm_test_00780,Lead - no_path,word:260,0.014530416704329738
cnndm_test_00791,Full - no_path,unit:10,0.0
cnndm_test_00791,AB2 - AB0,unit:10,-0.004360260677950208
cnndm_test_00791,TextRank - no_path,unit:10,0.009105787829192087
cnndm_test_00791,Lead - no_path,unit:10,0.00308700308700309
cnndm_test_00791,Full - no_path,unit:5,0.005691056910569092
cnndm_test_00791,AB2 - AB0,unit:5,0.0028360748723766233
cnndm_test_00791,TextRank - no_path,unit:5,0.01694646816598036
cnndm_test_00791,Lead - no_path,unit:5,0.0045981607357057225
cnndm_test_00791,Full - no_path,word:110,-0.014285714285714277
cnndm_test_00791,AB2 - AB0,word:110,-0.0006166495375128367
cnndm_test_00791,TextRank - no_path,word:110,0.0018769551616266977
cnndm_test_00791,Lead - no_path,word:110,-0.02732012513034411
cnndm_test_00791,Full - no_path,word:260,0.0
cnndm_test_00791,AB2 - AB0,word:260,0.00013836042891732236
cnndm_test_00791,TextRank - no_path,word:260,0.0
cnndm_test_00791,Lead - no_path,word:260,-0.006094104308390018
cnndm_test_00801,Full - no_path,unit:10,0.0
cnndm_test_00801,AB2 - AB0,unit:10,0.01750522853536518
cnndm_test_00801,TextRank - no_path,unit:10,0.011642088923383975
cnndm_test_00801,Lead - no_path,unit:10,0.02850274376946252
cnndm_test_00801,Full - no_path,unit:5,0.0
cnndm_test_00801,AB2 - AB0,unit:5,0.04937101703347466
cnndm_test_00801,TextRank - no_path,unit:5,0.01007066632334852
cnndm_test_00801,Lead - no_path,unit:5,0.10099445459896525
cnndm_test_00801,Full - no_path,word:110,0.0
cnndm_test_00801,AB2 - AB0,word:110,-0.11977045538689379
cnndm_test_00801,TextRank - no_path,word:110,0.11804725567711688
cnndm_test_00801,Lead - no_path,word:110,0.2413920770085154
cnndm_test_00801,Full - no_path,word:260,0.0
cnndm_test_00801,AB2 - AB0,word:260,0.02082607180202159
cnndm_test_00801,TextRank - no_path,word:260,-0.008186182067546732
cnndm_test_00801,Lead - no_path,word:260,0.025025799793601644
cnndm_test_00802,Full - no_path,unit:10,0.0
cnndm_test_00802,AB2 - AB0,unit:10,-0.012039903680770549
cnndm_test_00802,TextRank - no_path,unit:10,0.0003316749585406259
cnndm_test_00802,Lead - no_path,unit:10,0.06392993979200876
cnndm_test_00802,Full - no_path,unit:5,0.0
cnndm_test_00802,AB2 - AB0,unit:5,-0.010484389053064369
cnndm_test_00802,TextRank - no_path,unit:5,-0.023293628285120056
cnndm_test_00802,Lead - no_path,unit:5,0.12600422832980973
cnndm_test_00802,Full - no_path,word:110,0.0
cnndm_test_00802,AB2 - AB0,word:110,-0.0025957170668397117
cnndm_test_00802,TextRank - no_path,word:110,-0.02962962962962963
cnndm_test_00802,Lead - no_path,word:110,0.07287581699346403
cnndm_test_00802,Full - no_path,word:260,0.0
cnndm_test_00802,AB2 - AB0,word:260,-0.02837919019584284
cnndm_test_00802,TextRank - no_path,word:260,-0.006609195402298845
cnndm_test_00802,Lead - no_path,word:260,0.028113026819923365
cnndm_test_00804,Full - no_path,unit:10,0.0
cnndm_test_00804,AB2 - AB0,unit:10,-0.004243939935258248
cnndm_test_00804,TextRank - no_path,unit:10,0.013553503029681918
cnndm_test_00804,Lead - no_path,unit:10,0.019771767227791434
cnndm_test_00804,Full - no_path,unit:5,0.0
cnndm_test_00804,AB2 - AB0,unit:5,-0.01467505241090146
cnndm_test_00804,TextRank - no_path,unit:5,0.0202757502027575
cnndm_test_00804,Lead - no_path,unit:5,-0.007215007215007202
cnndm_test_00804,Full - no_path,word:110,0.0
cnndm_test_00804,AB2 - AB0,word:110,-0.0026848040093073455
cnndm_test_00804,TextRank - no_path,word:110,-0.010001351533991079
cnndm_test_00804,Lead - no_path,word:110,-0.027875167727134997
cnndm_test_00804,Full - no_path,word:260,0.0
cnndm_test_00804,AB2 - AB0,word:260,-0.0009240924092409203
cnndm_test_00804,TextRank - no_path,word:260,0.0003059908639870823
cnndm_test_00804,Lead - no_path,word:260,0.007925207236442716
cnndm_test_00805,Full - no_path,unit:10,0.0
cnndm_test_00805,AB2 - AB0,unit:10,-0.016653314883596754
cnndm_test_00805,TextRank - no_path,unit:10,0.034579201627256556
cnndm_test_00805,Lead - no_path,unit:10,-0.022119228034037125
cnndm_test_00805,Full - no_path,unit:5,0.0
cnndm_test_00805,AB2 - AB0,unit:5,0.012635869565217395
cnndm_test_00805,TextRank - no_path,unit:5,-0.17516808606006276
cnndm_test_00805,Lead - no_path,unit:5,-0.11462450592885376
cnndm_test_00805,Full - no_path,word:110,0.0
cnndm_test_00805,AB2 - AB0,word:110,0.0
cnndm_test_00805,TextRank - no_path,word:110,0.0016060462919225138
cnndm_test_00805,Lead - no_path,word:110,-0.07287671232876713
cnndm_test_00805,Full - no_path,word:260,0.0
cnndm_test_00805,AB2 - AB0,word:260,0.0062264856658819645
cnndm_test_00805,TextRank - no_path,word:260,-0.00042081949058692114
cnndm_test_00805,Lead - no_path,word:260,-0.0008388520971302216
cnndm_test_00807,Full - no_path,unit:10,0.0
cnndm_test_00807,AB2 - AB0,unit:10,0.0
cnndm_test_00807,TextRank - no_path,unit:10,0.0
cnndm_test_00807,Lead - no_path,unit:10,0.0010580144595309232
cnndm_test_00807,Full - no_path,unit:5,0.0
cnndm_test_00807,AB2 - AB0,unit:5,0.0
cnndm_test_00807,TextRank - no_path,unit:5,-0.12583918813427014
cnndm_test_00807,Lead - no_path,unit:5,0.04659188955996546
cnndm_test_00807,Full - no_path,word:110,0.0
cnndm_test_00807,AB2 - AB0,word:110,0.0
cnndm_test_00807,TextRank - no_path,word:110,-0.10500352360817475
cnndm_test_00807,Lead - no_path,word:110,0.0289359763043974
cnndm_test_00807,Full - no_path,word:260,0.0
cnndm_test_00807,AB2 - AB0,word:260,0.0
cnndm_test_00807,TextRank - no_path,word:260,-0.0073657492659134904
cnndm_test_00807,Lead - no_path,word:260,-0.0061585058051489006
cnndm_test_00810,Full - no_path,unit:10,0.0
cnndm_test_00810,AB2 - AB0,unit:10,-0.003620737296452625
cnndm_test_00810,TextRank - no_path,unit:10,0.003620737296452625
cnndm_test_00810,Lead - no_path,unit:10,0.003016998761679615
cnndm_test_00810,Full - no_path,unit:5,0.0
cnndm_test_00810,AB2 - AB0,unit:5,0.016190476190476227
cnndm_test_00810,TextRank - no_path,unit:5,-0.014182444061962146
cnndm_test_00810,Lead - no_path,unit:5,0.0064919695688926415
cnndm_test_00810,Full - no_path,word:110,0.0
cnndm_test_00810,AB2 - AB0,word:110,0.014675615212527943
cnndm_test_00810,TextRank - no_path,word:110,0.0
cnndm_test_00810,Lead - no_path,word:110,-0.0026667851904528805
cnndm_test_00810,Full - no_path,word:260,0.0
cnndm_test_00810,AB2 - AB0,word:260,0.000844453827264724
cnndm_test_00810,TextRank - no_path,word:260,-0.000844453827264724
cnndm_test_00810,Lead - no_path,word:260,-0.020778008644540477
cnndm_test_00815,Full - no_path,unit:10,0.0
cnndm_test_00815,AB2 - AB0,unit:10,-0.010031808172253485
cnndm_test_00815,TextRank - no_path,unit:10,-0.0009134654595873079
cnndm_test_00815,Lead - no_path,unit:10,0.027829418060954313
cnndm_test_00815,Full - no_path,unit:5,0.0
cnndm_test_00815,AB2 - AB0,unit:5,-0.020057253670699035
cnndm_test_00815,TextRank - no_path,unit:5,0.013145291805661055
cnndm_test_00815,Lead - no_path,unit:5,0.05475113122171946
cnndm_test_00815,Full - no_path,word:110,0.0
cnndm_test_00815,AB2 - AB0,word:110,0.011473429951690824
cnndm_test_00815,TextRank - no_path,word:110,-0.012706855791962172
cnndm_test_00815,Lead - no_path,word:110,0.0464975845410628
cnndm_test_00815,Full - no_path,word:260,0.0
cnndm_test_00815,AB2 - AB0,word:260,-0.00036277888626880944
cnndm_test_00815,TextRank - no_path,word:260,-0.005909705201914937
cnndm_test_00815,Lead - no_path,word:260,0.026576283360642855
cnndm_test_00820,Full - no_path,unit:10,0.0
cnndm_test_00820,AB2 - AB0,unit:10,0.0
cnndm_test_00820,TextRank - no_path,unit:10,0.0
cnndm_test_00820,Lead - no_path,unit:10,0.010345218984611868
cnndm_test_00820,Full - no_path,unit:5,0.0
cnndm_test_00820,AB2 - AB0,unit:5,0.00921518987341774
cnndm_test_00820,TextRank - no_path,unit:5,0.04631422189128817
cnndm_test_00820,Lead - no_path,unit:5,-0.05893561998094461
cnndm_test_00820,Full - no_path,word:110,0.0
cnndm_test_00820,AB2 - AB0,word:110,-0.014116416869989545
cnndm_test_00820,TextRank - no_path,word:110,0.12869502523431867
cnndm_test_00820,Lead - no_path,word:110,0.00447547440028645
cnndm_test_00820,Full - no_path,word:260,0.0
cnndm_test_00820,AB2 - AB0,word:260,0.0017965599959169076
cnndm_test_00820,TextRank - no_path,word:260,-0.008145766345123262
cnndm_test_00820,Lead - no_path,word:260,0.0004563841925111778
cnndm_test_00821,Full - no_path,unit:10,0.0
cnndm_test_00821,AB2 - AB0,unit:10,-0.02446235722510967
cnndm_test_00821,TextRank - no_path,unit:10,0.02446235722510967
cnndm_test_00821,Lead - no_path,unit:10,0.04955573213898723
cnndm_test_00821,Full - no_path,unit:5,0.0
cnndm_test_00821,AB2 - AB0,unit:5,-0.0004938271604938149
cnndm_test_00821,TextRank - no_path,unit:5,-0.02567164179104478
cnndm_test_00821,Lead - no_path,unit:5,0.011874999999999997
cnndm_test_00821,Full - no_path,word:110,0.0
cnndm_test_00821,AB2 - AB0,word:110,-0.13261093911248711
cnndm_test_00821,TextRank - no_path,word:110,0.012273730684326717
cnndm_test_00821,Lead - no_path,word:110,0.038763796909492304
cnndm_test_00821,Full - no_path,word:260,0.0
cnndm_test_00821,AB2 - AB0,word:260,-0.0011763680724991565
cnndm_test_00821,TextRank - no_path,word:260,0.0011763680724991565
cnndm_test_00821,Lead - no_path,word:260,0.0005862428348097914
cnndm_test_00824,Full - no_path,unit:10,0.0
cnndm_test_00824,AB2 - AB0,unit:10,-0.0006617038875103565
cnndm_test_00824,TextRank - no_path,unit:10,0.0433586442170133
cnndm_test_00824,Lead - no_path,unit:10,0.08262108262108261
cnndm_test_00824,Full - no_path,unit:5,0.0
cnndm_test_00824,AB2 - AB0,unit:5,-0.0347535505430242
cnndm_test_00824,TextRank - no_path,unit:5,0.0014652014652014322
cnndm_test_00824,Lead - no_path,unit:5,0.07342549923195082
cnndm_test_00824,Full - no_path,word:110,0.0
cnndm_test_00824,AB2 - AB0,word:110,-0.12122807017543862
cnndm_test_00824,TextRank - no_path,word:110,0.04154124021673693
cnndm_test_00824,Lead - no_path,word:110,0.17575757575757578
cnndm_test_00824,Full - no_path,word:260,0.0
cnndm_test_00824,AB2 - AB0,word:260,-0.0010353976574127982
cnndm_test_00824,TextRank - no_path,word:260,0.00800761805826082
cnndm_test_00824,Lead - no_path,word:260,0.028315202049812152
cnndm_test_00830,Full - no_path,unit:10,0.0
cnndm_test_00830,AB2 - AB0,unit:10,0.014876033057851235
cnndm_test_00830,TextRank - no_path,unit:10,-0.014141414141414135
cnndm_test_00830,Lead - no_path,unit:10,0.04390847247990107
cnndm_test_00830,Full - no_path,unit:5,0.0
cnndm_test_00830,AB2 - AB0,unit:5,-0.010714285714285718
cnndm_test_00830,TextRank - no_path,unit:5,0.021839940164547503
cnndm_test_00830,Lead - no_path,unit:5,0.04663382594417077
cnndm_test_00830,Full - no_path,word:110,0.0
cnndm_test_00830,AB2 - AB0,word:110,-0.0008830022075055344
cnndm_test_00830,TextRank - no_path,word:110,0.0008830022075055344
cnndm_test_00830,Lead - no_path,word:110,0.055469131961420504
cnndm_test_00830,Full - no_path,word:260,0.0
cnndm_test_00830,AB2 - AB0,word:260,0.007232485186476137
cnndm_test_00830,TextRank - no_path,word:260,-0.006622516556291411
cnndm_test_00830,Lead - no_path,word:260,0.020263580559283637
cnndm_test_00833,Full - no_path,unit:10,0.0
cnndm_test_00833,AB2 - AB0,unit:10,-0.02795453039040234
cnndm_test_00833,TextRank - no_path,unit:10,0.013741134751773063
cnndm_test_00833,Lead - no_path,unit:10,0.0012186729368584143
cnndm_test_00833,Full - no_path,unit:5,0.0
cnndm_test_00833,AB2 - AB0,unit:5,-0.038044847568657086
cnndm_test_00833,TextRank - no_path,unit:5,0.060034502587694064
cnndm_test_00833,Lead - no_path,unit:5,0.03451830315845118
cnndm_test_00833,Full - no_path,word:110,-0.03937138130686518
cnndm_test_00833,AB2 - AB0,word:110,-0.013908671973188097
cnndm_test_00833,TextRank - no_path,word:110,0.01093075816724881
cnndm_test_00833,Lead - no_path,word:110,-0.01035653650254667
cnndm_test_00833,Full - no_path,word:260,-0.012861736334405141
cnndm_test_00833,AB2 - AB0,word:260,-0.009167032095053151
cnndm_test_00833,TextRank - no_path,word:260,0.00811214089065422
cnndm_test_00833,Lead - no_path,word:260,0.0070968480421232105
cnndm_test_00837,Full - no_path,unit:10,0.0
cnndm_test_00837,AB2 - AB0,unit:10,0.006272210376687987
cnndm_test_00837,TextRank - no_path,unit:10,0.01105583195135433
cnndm_test_00837,Lead - no_path,unit:10,0.02537864184611996
cnndm_test_00837,Full - no_path,unit:5,0.0
cnndm_test_00837,AB2 - AB0,unit:5,0.006535746215741267
cnndm_test_00837,TextRank - no_path,unit:5,-0.011436794667878503
cnndm_test_00837,Lead - no_path,unit:5,0.01383456169967473
cnndm_test_00837,Full - no_path,word:110,0.0
cnndm_test_00837,AB2 - AB0,word:110,0.0019556424729987865
cnndm_test_00837,TextRank - no_path,word:110,-0.0019556424729987865
cnndm_test_00837,Lead - no_path,word:110,0.01342281879194629
cnndm_test_00837,Full - no_path,word:260,0.0
cnndm_test_00837,AB2 - AB0,word:260,0.0026185498954780506
cnndm_test_00837,TextRank - no_path,word:260,0.006190681622087996
cnndm_test_00837,Lead - no_path,word:260,0.0081578947368421
cnndm_test_00845,Full - no_path,unit:10,0.0
cnndm_test_00845,AB2 - AB0,unit:10,0.01983316603786646
cnndm_test_00845,TextRank - no_path,unit:10,0.009591676375755281
cnndm_test_00845,Lead - no_path,unit:10,0.07889748141907142
cnndm_test_00845,Full - no_path,unit:5,0.0
cnndm_test_00845,AB2 - AB0,unit:5,0.020471740097908322
cnndm_test_00845,TextRank - no_path,unit:5,0.026501035196687367
cnndm_test_00845,Lead - no_path,unit:5,0.04890604890604894
cnndm_test_00845,Full - no_path,word:110,0.0
cnndm_test_00845,AB2 - AB0,word:110,-0.028985507246376788
cnndm_test_00845,TextRank - no_path,word:110,0.013043478260869573
cnndm_test_00845,Lead - no_path,word:110,0.028151391929934322
cnndm_test_00845,Full - no_path,word:260,0.0
cnndm_test_00845,AB2 - AB0,word:260,0.013486795650331854
cnndm_test_00845,TextRank - no_path,word:260,-0.007083080087895641
cnndm_test_00845,Lead - no_path,word:260,0.027750317751729994
cnndm_test_00851,Full - no_path,unit:10,0.0
cnndm_test_00851,AB2 - AB0,unit:10,0.028878305041249316
cnndm_test_00851,TextRank - no_path,unit:10,-0.034846221214775125
cnndm_test_00851,Lead - no_path,unit:10,-0.024731938655287458
cnndm_test_00851,Full - no_path,unit:5,0.0
cnndm_test_00851,AB2 - AB0,unit:5,0.05851275917065389
cnndm_test_00851,TextRank - no_path,unit:5,0.03712756052141526
cnndm_test_00851,Lead - no_path,unit:5,-0.03503910614525141
cnndm_test_00851,Full - no_path,word:110,0.0
cnndm_test_00851,AB2 - AB0,word:110,0.012900171607787475
cnndm_test_00851,TextRank - no_path,word:110,0.07932692307692307
cnndm_test_00851,Lead - no_path,word:110,-0.04591532498509243
cnndm_test_00851,Full - no_path,word:260,0.0
cnndm_test_00851,AB2 - AB0,word:260,0.03571428571428574
cnndm_test_00851,TextRank - no_path,word:260,-0.014898149211086856
cnndm_test_00851,Lead - no_path,word:260,-0.015725175425311724
cnndm_test_00853,Full - no_path,unit:10,0.0
cnndm_test_00853,AB2 - AB0,unit:10,-0.023946684739636265
cnndm_test_00853,TextRank - no_path,unit:10,-0.03206610154979017
cnndm_test_00853,Lead - no_path,unit:10,-0.019387731772559924
cnndm_test_00853,Full - no_path,unit:5,0.0
cnndm_test_00853,AB2 - AB0,unit:5,-0.11077338736913206
cnndm_test_00853,TextRank - no_path,unit:5,0.1203396087117018
cnndm_test_00853,Lead - no_path,unit:5,0.11111111111111116
cnndm_test_00853,Full - no_path,word:110,0.0
cnndm_test_00853,AB2 - AB0,word:110,-0.10596026490066218
cnndm_test_00853,TextRank - no_path,word:110,0.09376089229696752
cnndm_test_00853,Lead - no_path,word:110,0.07739938080495354
cnndm_test_00853,Full - no_path,word:260,0.0
cnndm_test_00853,AB2 - AB0,word:260,0.0137790635379835
cnndm_test_00853,TextRank - no_path,word:260,-0.046458802100075
cnndm_test_00853,Lead - no_path,word:260,-0.0856744883745848
cnndm_test_00856,Full - no_path,unit:10,0.0
cnndm_test_00856,AB2 - AB0,unit:10,-0.003563095163019489
cnndm_test_00856,TextRank - no_path,unit:10,0.013603907307620844
cnndm_test_00856,Lead - no_path,unit:10,0.07690031951402311
cnndm_test_00856,Full - no_path,unit:5,0.0
cnndm_test_00856,AB2 - AB0,unit:5,-0.002364513383145757
cnndm_test_00856,TextRank - no_path,unit:5,0.02538833050515598
cnndm_test_00856,Lead - no_path,unit:5,0.09906839354692115
cnndm_test_00856,Full - no_path,word:110,0.0
cnndm_test_00856,AB2 - AB0,word:110,-0.030363944138806595
cnndm_test_00856,TextRank - no_path,word:110,0.01744059298016131
cnndm_test_00856,Lead - no_path,word:110,0.16121409441789633
cnndm_test_00856,Full - no_path,word:260,0.0
cnndm_test_00856,AB2 - AB0,word:260,-0.00016704450542894683
cnndm_test_00856,TextRank - no_path,word:260,0.014441907965877694
cnndm_test_00856,Lead - no_path,word:260,0.045683869474658655
cnndm_test_00861,Full - no_path,unit:10,0.0
cnndm_test_00861,AB2 - AB0,unit:10,-0.001396891915488016
cnndm_test_00861,TextRank - no_path,unit:10,0.009534706331044987
cnndm_test_00861,Lead - no_path,unit:10,0.012280119482243612
cnndm_test_00861,Full - no_path,unit:5,0.0
cnndm_test_00861,AB2 - AB0,unit:5,-0.027081532699510233
cnndm_test_00861,TextRank - no_path,unit:5,0.05141877737573798
cnndm_test_00861,Lead - no_path,unit:5,0.061478030510642226
cnndm_test_00861,Full - no_path,word:110,0.0
cnndm_test_00861,AB2 - AB0,word:110,0.0032876712328767377
cnndm_test_00861,TextRank - no_path,word:110,-0.001666049611255091
cnndm_test_00861,Lead - no_path,word:110,0.03164190623191203
cnndm_test_00861,Full - no_path,word:260,0.0
cnndm_test_00861,AB2 - AB0,word:260,-0.00026227788341748326
cnndm_test_00861,TextRank - no_path,word:260,0.0016001600160015922
cnndm_test_00861,Lead - no_path,word:260,0.0077486009470512235
cnndm_test_00862,Full - no_path,unit:10,0.0
cnndm_test_00862,AB2 - AB0,unit:10,0.004186289900575596
cnndm_test_00862,TextRank - no_path,unit:10,0.011010558069381587
cnndm_test_00862,Lead - no_path,unit:10,-0.06719883889695213
cnndm_test_00862,Full - no_path,unit:5,0.0
cnndm_test_00862,AB2 - AB0,unit:5,-0.09090909090909088
cnndm_test_00862,TextRank - no_path,unit:5,0.0020755500207555178
cnndm_test_00862,Lead - no_path,unit:5,0.028787878787878807
cnndm_test_00862,Full - no_path,word:110,0.0
cnndm_test_00862,AB2 - AB0,word:110,0.012249819146370869
cnndm_test_00862,TextRank - no_path,word:110,0.01670713938805242
cnndm_test_00862,Lead - no_path,word:110,0.017706040596722913
cnndm_test_00862,Full - no_path,word:260,0.0
cnndm_test_00862,AB2 - AB0,word:260,-0.0058242475072220745
cnndm_test_00862,TextRank - no_path,word:260,0.006295399515738487
cnndm_test_00862,Lead - no_path,word:260,-0.06777181862506095
cnndm_test_00864,Full - no_path,unit:10,0.0
cnndm_test_00864,AB2 - AB0,unit:10,-0.0855924978687127
cnndm_test_00864,TextRank - no_path,unit:10,0.0009555661729574866
cnndm_test_00864,Lead - no_path,unit:10,0.1260064412238325
cnndm_test_00864,Full - no_path,unit:5,0.0
cnndm_test_00864,AB2 - AB0,unit:5,-0.0056406124093472815
cnndm_test_00864,TextRank - no_path,unit:5,-0.01238390092879256
cnndm_test_00864,Lead - no_path,unit:5,0.17692658458732333
cnndm_test_00864,Full - no_path,word:110,0.0
cnndm_test_00864,AB2 - AB0,word:110,-0.016621004566210018
cnndm_test_00864,TextRank - no_path,word:110,-0.02410958904109589
cnndm_test_00864,Lead - no_path,word:110,0.15814569536423845
cnndm_test_00864,Full - no_path,word:260,0.0
cnndm_test_00864,AB2 - AB0,word:260,0.007754398693996023
cnndm_test_00864,TextRank - no_path,word:260,-0.06510895248096614
cnndm_test_00864,Lead - no_path,word:260,0.04482934284258788
cnndm_test_00869,Full - no_path,unit:10,0.0
cnndm_test_00869,AB2 - AB0,unit:10,-0.03569882260925433
cnndm_test_00869,TextRank - no_path,unit:10,-0.0033160130864087756
cnndm_test_00869,Lead - no_path,unit:10,0.11653417417950881
cnndm_test_00869,Full - no_path,unit:5,0.0
cnndm_test_00869,AB2 - AB0,unit:5,-0.05358345358345358
cnndm_test_00869,TextRank - no_path,unit:5,0.06729634002361275
cnndm_test_00869,Lead - no_path,unit:5,0.1614800294045577
cnndm_test_00869,Full - no_path,word:110,0.0
cnndm_test_00869,AB2 - AB0,word:110,-0.04498910675381264
cnndm_test_00869,TextRank - no_path,word:110,0.04498910675381264
cnndm_test_00869,Lead - no_path,word:110,0.1402110462505613
cnndm_test_00869,Full - no_path,word:260,0.0
cnndm_test_00869,AB2 - AB0,word:260,-0.04118840233862308
cnndm_test_00869,TextRank - no_path,word:260,0.006920415224913504
cnndm_test_00869,Lead - no_path,word:260,0.056917379955078
cnndm_test_00874,Full - no_path,unit:10,0.0
cnndm_test_00874,AB2 - AB0,unit:10,0.04229199010982691
cnndm_test_00874,TextRank - no_path,unit:10,0.005974964897081242
cnndm_test_00874,Lead - no_path,unit:10,-0.0184356022840569
cnndm_test_00874,Full - no_path,unit:5,0.0
cnndm_test_00874,AB2 - AB0,unit:5,0.058220756657093226
cnndm_test_00874,TextRank - no_path,unit:5,-0.05882352941176472
cnndm_test_00874,Lead - no_path,unit:5,-0.03414140525320075
cnndm_test_00874,Full - no_path,word:110,0.0
cnndm_test_00874,AB2 - AB0,word:110,-0.0027341079972658666
cnndm_test_00874,TextRank - no_path,word:110,0.005541125541125569
cnndm_test_00874,Lead - no_path,word:110,0.0027341079972658666
cnndm_test_00874,Full - no_path,word:260,0.0
cnndm_test_00874,AB2 - AB0,word:260,0.051282051282051294
cnndm_test_00874,TextRank - no_path,word:260,-0.05093165141396655
cnndm_test_00874,Lead - no_path,word:260,-0.049866799866799885
cnndm_test_00888,Full - no_path,unit:10,0.0
cnndm_test_00888,AB2 - AB0,unit:10,-0.038012143476708005
cnndm_test_00888,TextRank - no_path,unit:10,0.07538449278826997
cnndm_test_00888,Lead - no_path,unit:10,0.06868234415826802
cnndm_test_00888,Full - no_path,unit:5,0.0
cnndm_test_00888,AB2 - AB0,unit:5,-0.05518987341772155
cnndm_test_00888,TextRank - no_path,unit:5,0.027624498749014653
cnndm_test_00888,Lead - no_path,unit:5,0.07486793600121613
cnndm_test_00888,Full - no_path,word:110,0.0
cnndm_test_00888,AB2 - AB0,word:110,-0.02261200338123409
cnndm_test_00888,TextRank - no_path,word:110,0.008805917576611477
cnndm_test_00888,Lead - no_path,word:110,0.05852580553179357
cnndm_test_00888,Full - no_path,word:260,0.0
cnndm_test_00888,AB2 - AB0,word:260,-0.04953560371517027
cnndm_test_00888,TextRank - no_path,word:260,0.04857756307031666
cnndm_test_00888,Lead - no_path,word:260,0.06331521739130436
cnndm_test_00890,Full - no_path,unit:10,0.0
cnndm_test_00890,AB2 - AB0,unit:10,-0.01015808685034357
cnndm_test_00890,TextRank - no_path,unit:10,0.02549751243781094
cnndm_test_00890,Lead - no_path,unit:10,0.026813301911495155
cnndm_test_00890,Full - no_path,unit:5,0.0
cnndm_test_00890,AB2 - AB0,unit:5,-0.028256543701209266
cnndm_test_00890,TextRank - no_path,unit:5,0.012304910170224476
cnndm_test_00890,Lead - no_path,unit:5,0.0682521340440601
cnndm_test_00890,Full - no_path,word:110,0.0
cnndm_test_00890,AB2 - AB0,word:110,-0.001524215981404578
cnndm_test_00890,TextRank - no_path,word:110,0.016541119826046474
cnndm_test_00890,Lead - no_path,word:110,0.049079754601227016
cnndm_test_00890,Full - no_path,word:260,0.0
cnndm_test_00890,AB2 - AB0,word:260,-0.014020750711052382
cnndm_test_00890,TextRank - no_path,word:260,0.020776819981112013
cnndm_test_00890,Lead - no_path,word:260,0.014020750711052382
cnndm_test_00894,Full - no_path,unit:10,-0.006891712402576251
cnndm_test_00894,AB2 - AB0,unit:10,0.0030045952633439357
cnndm_test_00894,TextRank - no_path,unit:10,0.004068958132562368
cnndm_test_00894,Lead - no_path,unit:10,0.07369545566603665
cnndm_test_00894,Full - no_path,unit:5,0.017081679297485865
cnndm_test_00894,AB2 - AB0,unit:5,-0.05211777672807433
cnndm_test_00894,TextRank - no_path,unit:5,0.04121440931256882
cnndm_test_00894,Lead - no_path,unit:5,0.05805329182309312
cnndm_test_00894,Full - no_path,word:110,0.0
cnndm_test_00894,AB2 - AB0,word:110,-0.05714285714285715
cnndm_test_00894,TextRank - no_path,word:110,0.013279678068410447
cnndm_test_00894,Lead - no_path,word:110,0.05553319919517104
cnndm_test_00894,Full - no_path,word:260,0.0001647601562867751
cnndm_test_00894,AB2 - AB0,word:260,0.007059703585955389
cnndm_test_00894,TextRank - no_path,word:260,0.0070376123899637474
cnndm_test_00894,Lead - no_path,word:260,0.04794520547945206
cnndm_test_00896,Full - no_path,unit:10,0.0
cnndm_test_00896,AB2 - AB0,unit:10,0.0
cnndm_test_00896,TextRank - no_path,unit:10,-0.004326418304912923
cnndm_test_00896,Lead - no_path,unit:10,0.009537818669015208
cnndm_test_00896,Full - no_path,unit:5,0.0
cnndm_test_00896,AB2 - AB0,unit:5,0.0
cnndm_test_00896,TextRank - no_path,unit:5,-0.0046954480239989535
cnndm_test_00896,Lead - no_path,unit:5,0.023447141094199923
cnndm_test_00896,Full - no_path,word:110,0.0
cnndm_test_00896,AB2 - AB0,word:110,0.0
cnndm_test_00896,TextRank - no_path,word:110,0.0009766221082829901
cnndm_test_00896,Lead - no_path,word:110,-0.0014094432699083836
cnndm_test_00896,Full - no_path,word:260,0.0
cnndm_test_00896,AB2 - AB0,word:260,0.0
cnndm_test_00896,TextRank - no_path,word:260,-0.007042253521126765
cnndm_test_00896,Lead - no_path,word:260,0.007042253521126758
cnndm_test_00900,Full - no_path,unit:10,0.0
cnndm_test_00900,AB2 - AB0,unit:10,0.002101134612690833
cnndm_test_00900,TextRank - no_path,unit:10,0.012175324675324672
cnndm_test_00900,Lead - no_path,unit:10,0.08732174688057044
cnndm_test_00900,Full - no_path,unit:5,0.0
cnndm_test_00900,AB2 - AB0,unit:5,-0.010009743998582718
cnndm_test_00900,TextRank - no_path,unit:5,0.038214959145191726
cnndm_test_00900,Lead - no_path,unit:5,0.09485751719620049
cnndm_test_00900,Full - no_path,word:110,0.0
cnndm_test_00900,AB2 - AB0,word:110,-0.016236306729264488
cnndm_test_00900,TextRank - no_path,word:110,0.0
cnndm_test_00900,Lead - no_path,word:110,0.04440532081377155
cnndm_test_00900,Full - no_path,word:260,0.0
cnndm_test_00900,AB2 - AB0,word:260,0.006392756392756396
cnndm_test_00900,TextRank - no_path,word:260,0.020202020202020207
cnndm_test_00900,Lead - no_path,word:260,0.06684292590332859
cnndm_test_00902,Full - no_path,unit:10,0.0005358659651003017
cnndm_test_00902,AB2 - AB0,unit:10,0.002874389192296656
cnndm_test_00902,TextRank - no_path,unit:10,-0.0022815022815022706
cnndm_test_00902,Lead - no_path,unit:10,0.022386022386022386
cnndm_test_00902,Full - no_path,unit:5,0.011666666666666672
cnndm_test_00902,AB2 - AB0,unit:5,-0.0243478260869565
cnndm_test_00902,TextRank - no_path,unit:5,0.03999999999999998
cnndm_test_00902,Lead - no_path,unit:5,0.06606741573033707
cnndm_test_00902,Full - no_path,word:110,0.0
cnndm_test_00902,AB2 - AB0,word:110,-0.027561521252796414
cnndm_test_00902,TextRank - no_path,word:110,0.024912280701754372
cnndm_test_00902,Lead - no_path,word:110,0.06782997762863534
cnndm_test_00902,Full - no_path,word:260,0.006118219795401475
cnndm_test_00902,AB2 - AB0,word:260,0.019603529075267884
cnndm_test_00902,TextRank - no_path,word:260,0.01931953992741467
cnndm_test_00902,Lead - no_path,word:260,0.019015562161216998
cnndm_test_00903,Full - no_path,unit:10,0.0
cnndm_test_00903,AB2 - AB0,unit:10,0.005532413434001585
cnndm_test_00903,TextRank - no_path,unit:10,0.0022315617212779193
cnndm_test_00903,Lead - no_path,unit:10,-0.006900107070626972
cnndm_test_00903,Full - no_path,unit:5,0.0
cnndm_test_00903,AB2 - AB0,unit:5,0.013698975095061822
cnndm_test_00903,TextRank - no_path,unit:5,-0.0040983606557377095
cnndm_test_00903,Lead - no_path,unit:5,-0.0004751722499406058
cnndm_test_00903,Full - no_path,word:110,0.0
cnndm_test_00903,AB2 - AB0,word:110,0.0007381889763779653
cnndm_test_00903,TextRank - no_path,word:110,0.01662292213473314
cnndm_test_00903,Lead - no_path,word:110,-0.0007381889763779653
cnndm_test_00903,Full - no_path,word:260,0.0
cnndm_test_00903,AB2 - AB0,word:260,-0.006888662938485002
cnndm_test_00903,TextRank - no_path,word:260,0.00023041474654376948
cnndm_test_00903,Lead - no_path,word:260,-0.007346212506354859
cnndm_test_00911,Full - no_path,unit:10,0.0
cnndm_test_00911,AB2 - AB0,unit:10,-0.0011743981209630383
cnndm_test_00911,TextRank - no_path,unit:10,-0.01740605524209904
cnndm_test_00911,Lead - no_path,unit:10,0.06471954862263524
cnndm_test_00911,Full - no_path,unit:5,0.0
cnndm_test_00911,AB2 - AB0,unit:5,-0.066789718348373
cnndm_test_00911,TextRank - no_path,unit:5,-0.04886027859856479
cnndm_test_00911,Lead - no_path,unit:5,0.16609458428680401
cnndm_test_00911,Full - no_path,word:110,0.0
cnndm_test_00911,AB2 - AB0,word:110,-0.051237364935517615
cnndm_test_00911,TextRank - no_path,word:110,-0.035049781502004745
cnndm_test_00911,Lead - no_path,word:110,0.060188313736090515
cnndm_test_00911,Full - no_path,word:260,0.0
cnndm_test_00911,AB2 - AB0,word:260,0.01315789473684209
cnndm_test_00911,TextRank - no_path,word:260,-0.02631578947368418
cnndm_test_00911,Lead - no_path,word:260,-0.012286510979435311
cnndm_test_00913,Full - no_path,unit:10,0.0
cnndm_test_00913,AB2 - AB0,unit:10,-0.005836537513556131
cnndm_test_00913,TextRank - no_path,unit:10,0.014989789258721228
cnndm_test_00913,Lead - no_path,unit:10,0.03034216946511674
cnndm_test_00913,Full - no_path,unit:5,0.0
cnndm_test_00913,AB2 - AB0,unit:5,-0.03280019485264268
cnndm_test_00913,TextRank - no_path,unit:5,0.0566079134059826
cnndm_test_00913,Lead - no_path,unit:5,0.07110287831290965
cnndm_test_00913,Full - no_path,word:110,0.0
cnndm_test_00913,AB2 - AB0,word:110,-0.013888888888888881
cnndm_test_00913,TextRank - no_path,word:110,0.027397260273972615
cnndm_test_00913,Lead - no_path,word:110,0.05555030703826169
cnndm_test_00913,Full - no_path,word:260,0.0
cnndm_test_00913,AB2 - AB0,word:260,-0.03312031883460454
cnndm_test_00913,TextRank - no_path,word:260,0.01965230536659108
cnndm_test_00913,Lead - no_path,word:260,0.05778945241462923
cnndm_test_00917,Full - no_path,unit:10,0.0
cnndm_test_00917,AB2 - AB0,unit:10,0.03628915358921028
cnndm_test_00917,TextRank - no_path,unit:10,-0.0023370875910593697
cnndm_test_00917,Lead - no_path,unit:10,0.022397576916945633
cnndm_test_00917,Full - no_path,unit:5,0.0
cnndm_test_00917,AB2 - AB0,unit:5,-0.008604564160119718
cnndm_test_00917,TextRank - no_path,unit:5,0.11652588260775391
cnndm_test_00917,Lead - no_path,unit:5,0.022958631145765657
cnndm_test_00917,Full - no_path,word:110,0.0
cnndm_test_00917,AB2 - AB0,word:110,0.1508679905083052
cnndm_test_00917,TextRank - no_path,word:110,-0.025806451612903264
cnndm_test_00917,Lead - no_path,word:110,-0.14193548387096777
cnndm_test_00917,Full - no_path,word:260,0.0
cnndm_test_00917,AB2 - AB0,word:260,0.02467164022275925
cnndm_test_00917,TextRank - no_path,word:260,-0.012485645683265462
cnndm_test_00917,Lead - no_path,word:260,0.021998942358540496
cnndm_test_00921,Full - no_path,unit:10,0.0
cnndm_test_00921,AB2 - AB0,unit:10,-0.0025711447437620633
cnndm_test_00921,TextRank - no_path,unit:10,-0.01003528387481098
cnndm_test_00921,Lead - no_path,unit:10,0.019425310545580318
cnndm_test_00921,Full - no_path,unit:5,0.0
cnndm_test_00921,AB2 - AB0,unit:5,0.011800880910828565
cnndm_test_00921,TextRank - no_path,unit:5,-0.01201372997711668
cnndm_test_00921,Lead - no_path,unit:5,0.0037115588547189937
cnndm_test_00921,Full - no_path,word:110,0.0
cnndm_test_00921,AB2 - AB0,word:110,0.026372192712701525
cnndm_test_00921,TextRank - no_path,word:110,-0.02536097741577195
cnndm_test_00921,Lead - no_path,word:110,-0.01166234727878565
cnndm_test_00921,Full - no_path,word:260,0.0
cnndm_test_00921,AB2 - AB0,word:260,-0.0012697692874553551
cnndm_test_00921,TextRank - no_path,word:260,-0.020066889632107024
cnndm_test_00921,Lead - no_path,word:260,-0.012837404141751968
cnndm_test_00922,Full - no_path,unit:10,0.0
cnndm_test_00922,AB2 - AB0,unit:10,0.006181461559035928
cnndm_test_00922,TextRank - no_path,unit:10,0.010856842355256247
cnndm_test_00922,Lead - no_path,unit:10,0.026670939714417974
cnndm_test_00922,Full - no_path,unit:5,0.0
cnndm_test_00922,AB2 - AB0,unit:5,-0.04398976982097186
cnndm_test_00922,TextRank - no_path,unit:5,-0.015304347826086945
cnndm_test_00922,Lead - no_path,unit:5,0.03404776484996941
cnndm_test_00922,Full - no_path,word:110,0.0
cnndm_test_00922,AB2 - AB0,word:110,0.003936068702290102
cnndm_test_00922,TextRank - no_path,word:110,-0.003936068702290102
cnndm_test_00922,Lead - no_path,word:110,0.07427884615384617
cnndm_test_00922,Full - no_path,word:260,0.0
cnndm_test_00922,AB2 - AB0,word:260,0.0007879444499162835
cnndm_test_00922,TextRank - no_path,word:260,-0.0003953545836422184
cnndm_test_00922,Lead - no_path,word:260,0.005379499217527381
cnndm_test_00927,Full - no_path,unit:10,0.0
cnndm_test_00927,AB2 - AB0,unit:10,-0.00305870529374494
cnndm_test_00927,TextRank - no_path,unit:10,0.00305870529374494
cnndm_test_00927,Lead - no_path,unit:10,0.04657029692979135
cnndm_test_00927,Full - no_path,unit:5,0.0
cnndm_test_00927,AB2 - AB0,unit:5,-0.01438492063492064
cnndm_test_00927,TextRank - no_path,unit:5,-0.0016951764524580082
cnndm_test_00927,Lead - no_path,unit:5,0.07619047619047617
cnndm_test_00927,Full - no_path,word:110,0.0
cnndm_test_00927,AB2 - AB0,word:110,0.01819589624467674
cnndm_test_00927,TextRank - no_path,word:110,-0.03148387096774195
cnndm_test_00927,Lead - no_path,word:110,0.015111111111111117
cnndm_test_00927,Full - no_path,word:260,0.0
cnndm_test_00927,AB2 - AB0,word:260,-0.01356107660455487
cnndm_test_00927,TextRank - no_path,word:260,-0.0009025736242199156
cnndm_test_00927,Lead - no_path,word:260,0.028412052966322585
cnndm_test_00935,Full - no_path,unit:10,0.0
cnndm_test_00935,AB2 - AB0,unit:10,0.006214538792442464
cnndm_test_00935,TextRank - no_path,unit:10,0.011895232439039088
cnndm_test_00935,Lead - no_path,unit:10,0.042130042130042136
cnndm_test_00935,Full - no_path,unit:5,0.0
cnndm_test_00935,AB2 - AB0,unit:5,0.010020311442112378
cnndm_test_00935,TextRank - no_path,unit:5,-0.03197969543147211
cnndm_test_00935,Lead - no_path,unit:5,0.000550425050455633
cnndm_test_00935,Full - no_path,word:110,-0.038961038961038974
cnndm_test_00935,AB2 - AB0,word:110,-0.001879699248120259
cnndm_test_00935,TextRank - no_path,word:110,0.0
cnndm_test_00935,Lead - no_path,word:110,-0.012987012987012991
cnndm_test_00935,Full - no_path,word:260,0.0
cnndm_test_00935,AB2 - AB0,word:260,-0.006578947368421059
cnndm_test_00935,TextRank - no_path,word:260,0.020917118377338687
cnndm_test_00935,Lead - no_path,word:260,0.03203474372205023
cnndm_test_00940,Full - no_path,unit:10,0.0
cnndm_test_00940,AB2 - AB0,unit:10,-0.011579291478123227
cnndm_test_00940,TextRank - no_path,unit:10,0.036834566722368095
cnndm_test_00940,Lead - no_path,unit:10,0.06770623742454726
cnndm_test_00940,Full - no_path,unit:5,0.0
cnndm_test_00940,AB2 - AB0,unit:5,-0.02051491994177583
cnndm_test_00940,TextRank - no_path,unit:5,0.02937838860168957
cnndm_test_00940,Lead - no_path,unit:5,0.10987215226377009
cnndm_test_00940,Full - no_path,word:110,0.0
cnndm_test_00940,AB2 - AB0,word:110,-0.047596532702915695
cnndm_test_00940,TextRank - no_path,word:110,0.016034535923527604
cnndm_test_00940,Lead - no_path,word:110,0.06046487549826579
cnndm_test_00940,Full - no_path,word:260,0.0
cnndm_test_00940,AB2 - AB0,word:260,-0.01423662248404517
cnndm_test_00940,TextRank - no_path,word:260,0.014664689405173834
cnndm_test_00940,Lead - no_path,word:260,0.014024787997390736
cnndm_test_00942,Full - no_path,unit:10,0.0
cnndm_test_00942,AB2 - AB0,unit:10,-0.002855890627871796
cnndm_test_00942,TextRank - no_path,unit:10,0.02272727272727275
cnndm_test_00942,Lead - no_path,unit:10,0.008559622195985828
cnndm_test_00942,Full - no_path,unit:5,0.0
cnndm_test_00942,AB2 - AB0,unit:5,-0.008382066276803102
cnndm_test_00942,TextRank - no_path,unit:5,-0.017543859649122834
cnndm_test_00942,Lead - no_path,unit:5,-0.04736842105263159
cnndm_test_00942,Full - no_path,word:110,0.0
cnndm_test_00942,AB2 - AB0,word:110,0.01290322580645159
cnndm_test_00942,TextRank - no_path,word:110,-0.011981566820276485
cnndm_test_00942,Lead - no_path,word:110,-0.0009925558312655347
cnndm_test_00942,Full - no_path,word:260,0.019417475728155303
cnndm_test_00942,AB2 - AB0,word:260,0.0069859637844208455
cnndm_test_00942,TextRank - no_path,word:260,0.001078748651564182
cnndm_test_00942,Lead - no_path,word:260,0.010986745820707869
cnndm_test_00959,Full - no_path,unit:10,0.0
cnndm_test_00959,AB2 - AB0,unit:10,0.00522990374150141
cnndm_test_00959,TextRank - no_path,unit:10,-0.016370602577499144
cnndm_test_00959,Lead - no_path,unit:10,0.012285523904714296
cnndm_test_00959,Full - no_path,unit:5,0.0
cnndm_test_00959,AB2 - AB0,unit:5,-0.002190740470278965
cnndm_test_00959,TextRank - no_path,unit:5,0.0187010594196223
cnndm_test_00959,Lead - no_path,unit:5,0.012314992656197038
cnndm_test_00959,Full - no_path,word:110,0.0
cnndm_test_00959,AB2 - AB0,word:110,-0.012686155543298425
cnndm_test_00959,TextRank - no_path,word:110,0.0009578544061302485
cnndm_test_00959,Lead - no_path,word:110,-0.002795899347623504
cnndm_test_00959,Full - no_path,word:260,0.0
cnndm_test_00959,AB2 - AB0,word:260,0.0
cnndm_test_00959,TextRank - no_path,word:260,-0.006978818283166113
cnndm_test_00959,Lead - no_path,word:260,-0.007266747408304547
cnndm_test_00977,Full - no_path,unit:10,0.0
cnndm_test_00977,AB2 - AB0,unit:10,-0.00485764136727735
cnndm_test_00977,TextRank - no_path,unit:10,0.007675676794008428
cnndm_test_00977,Lead - no_path,unit:10,0.033688311502295294
cnndm_test_00977,Full - no_path,unit:5,0.0
cnndm_test_00977,AB2 - AB0,unit:5,-0.02455825097334531
cnndm_test_00977,TextRank - no_path,unit:5,0.03960072001309116
cnndm_test_00977,Lead - no_path,unit:5,0.0974274767378216
cnndm_test_00977,Full - no_path,word:110,0.0
cnndm_test_00977,AB2 - AB0,word:110,0.013043478260869532
cnndm_test_00977,TextRank - no_path,word:110,-0.0007092198581560016
cnndm_test_00977,Lead - no_path,word:110,0.06551724137931039
cnndm_test_00977,Full - no_path,word:260,0.0
cnndm_test_00977,AB2 - AB0,word:260,-0.033898305084745776
cnndm_test_00977,TextRank - no_path,word:260,0.03419808601406663
cnndm_test_00977,Lead - no_path,word:260,0.03940819681423955
cnndm_test_00989,Full - no_path,unit:10,0.0
cnndm_test_00989,AB2 - AB0,unit:10,0.002415292250362272
cnndm_test_00989,TextRank - no_path,unit:10,0.00264270613107824
cnndm_test_00989,Lead - no_path,unit:10,0.0011177347242921215
cnndm_test_00989,Full - no_path,unit:5,0.0
cnndm_test_00989,AB2 - AB0,unit:5,-0.004370267113740001
cnndm_test_00989,TextRank - no_path,unit:5,0.0412012809497774
cnndm_test_00989,Lead - no_path,unit:5,0.02177725215121734
cnndm_test_00989,Full - no_path,word:110,0.0
cnndm_test_00989,AB2 - AB0,word:110,-0.004238784881667262
cnndm_test_00989,TextRank - no_path,word:110,0.08489497080101108
cnndm_test_00989,Lead - no_path,word:110,0.013920719803072745
cnndm_test_00989,Full - no_path,word:260,0.0
cnndm_test_00989,AB2 - AB0,word:260,-0.007423037385705794
cnndm_test_00989,TextRank - no_path,word:260,0.006578947368421073
cnndm_test_00989,Lead - no_path,word:260,0.005293159609120551
cnndm_test_00991,Full - no_path,unit:10,0.0
cnndm_test_00991,AB2 - AB0,unit:10,-0.011814776983316316
cnndm_test_00991,TextRank - no_path,unit:10,0.020424236060065104
cnndm_test_00991,Lead - no_path,unit:10,0.007774372942912278
cnndm_test_00991,Full - no_path,unit:5,0.0
cnndm_test_00991,AB2 - AB0,unit:5,-0.010439321444106114
cnndm_test_00991,TextRank - no_path,unit:5,0.024793388429752053
cnndm_test_00991,Lead - no_path,unit:5,0.03914745541539798
cnndm_test_00991,Full - no_path,word:110,0.0
cnndm_test_00991,AB2 - AB0,word:110,-0.01843189922660117
cnndm_test_00991,TextRank - no_path,word:110,0.03320585766253145
cnndm_test_00991,Lead - no_path,word:110,0.0027215821464210976
cnndm_test_00991,Full - no_path,word:260,0.0
cnndm_test_00991,AB2 - AB0,word:260,-0.0007260726072607221
cnndm_test_00991,TextRank - no_path,word:260,0.0004824402706051223
cnndm_test_00991,Lead - no_path,word:260,0.00847382035500846
cnndm_test_00993,Full - no_path,unit:10,0.0
cnndm_test_00993,AB2 - AB0,unit:10,-0.007659007659007663
cnndm_test_00993,TextRank - no_path,unit:10,0.007659007659007663
cnndm_test_00993,Lead - no_path,unit:10,0.057565199028613664
cnndm_test_00993,Full - no_path,unit:5,0.0
cnndm_test_00993,AB2 - AB0,unit:5,0.008181315644002235
cnndm_test_00993,TextRank - no_path,unit:5,0.01170496067380937
cnndm_test_00993,Lead - no_path,unit:5,0.1429450684720726
cnndm_test_00993,Full - no_path,word:110,0.0
cnndm_test_00993,AB2 - AB0,word:110,-0.0012612612612612484
cnndm_test_00993,TextRank - no_path,word:110,0.04365296803652967
cnndm_test_00993,Lead - no_path,word:110,0.08848484848484849
cnndm_test_00993,Full - no_path,word:260,0.0
cnndm_test_00993,AB2 - AB0,word:260,-0.0006666740741563815
cnndm_test_00993,TextRank - no_path,word:260,0.007714776249191729
cnndm_test_00993,Lead - no_path,word:260,0.0013423269237222701
cnndm_test_00997,Full - no_path,unit:10,0.0
cnndm_test_00997,AB2 - AB0,unit:10,-0.02552870802128962
cnndm_test_00997,TextRank - no_path,unit:10,0.0012328556017876385
cnndm_test_00997,Lead - no_path,unit:10,0.042468201408598735
cnndm_test_00997,Full - no_path,unit:5,0.0
cnndm_test_00997,AB2 - AB0,unit:5,0.02371632512088416
cnndm_test_00997,TextRank - no_path,unit:5,0.03684687405617641
cnndm_test_00997,Lead - no_path,unit:5,0.039427075311874324
cnndm_test_00997,Full - no_path,word:110,0.0
cnndm_test_00997,AB2 - AB0,word:110,0.03227513227513226
cnndm_test_00997,TextRank - no_path,word:110,0.025792699173994182
cnndm_test_00997,Lead - no_path,word:110,-0.016112462827791288
cnndm_test_00997,Full - no_path,word:260,0.0
cnndm_test_00997,AB2 - AB0,word:260,-0.0004691366712407524
cnndm_test_00997,TextRank - no_path,word:260,0.006570546307260103
cnndm_test_00997,Lead - no_path,word:260,0.040584151749436956
cnndm_test_00998,Full - no_path,unit:10,0.0
cnndm_test_00998,AB2 - AB0,unit:10,0.004418234809997326
cnndm_test_00998,TextRank - no_path,unit:10,-0.006667285081514818
cnndm_test_00998,Lead - no_path,unit:10,0.02935383725200015
cnndm_test_00998,Full - no_path,unit:5,0.0
cnndm_test_00998,AB2 - AB0,unit:5,-0.032711732711732694
cnndm_test_00998,TextRank - no_path,unit:5,0.03008547008547008
cnndm_test_00998,Lead - no_path,unit:5,0.08928719608331256
cnndm_test_00998,Full - no_path,word:110,0.0
cnndm_test_00998,AB2 - AB0,word:110,0.015179563124768605
cnndm_test_00998,TextRank - no_path,word:110,-0.015179563124768605
cnndm_test_00998,Lead - no_path,word:110,0.03997763488957226
cnndm_test_00998,Full - no_path,word:260,0.0
cnndm_test_00998,AB2 - AB0,word:260,-0.034390730042903994
cnndm_test_00998,TextRank - no_path,word:260,-0.01337792642140466
cnndm_test_00998,Lead - no_path,word:260,0.013377926421404701
cnndm_test_01003,Full - no_path,unit:10,0.0
cnndm_test_01003,AB2 - AB0,unit:10,0.003806538289296904
cnndm_test_01003,TextRank - no_path,unit:10,0.008491508491508523
cnndm_test_01003,Lead - no_path,unit:10,0.04150912378760481
cnndm_test_01003,Full - no_path,unit:5,0.0
cnndm_test_01003,AB2 - AB0,unit:5,0.0019320277509440598
cnndm_test_01003,TextRank - no_path,unit:5,0.035261945883707554
cnndm_test_01003,Lead - no_path,unit:5,0.06303972366148532
cnndm_test_01003,Full - no_path,word:110,0.0
cnndm_test_01003,AB2 - AB0,word:110,0.025850012056908594
cnndm_test_01003,TextRank - no_path,word:110,-0.012835249042145586
cnndm_test_01003,Lead - no_path,word:110,0.055172413793103475
cnndm_test_01003,Full - no_path,word:260,0.0
cnndm_test_01003,AB2 - AB0,word:260,-0.001137149100314358
cnndm_test_01003,TextRank - no_path,word:260,0.0015213038468852441
cnndm_test_01003,Lead - no_path,word:260,0.007444527161412903
cnndm_test_01012,Full - no_path,unit:10,0.0
cnndm_test_01012,AB2 - AB0,unit:10,0.006948063227375373
cnndm_test_01012,TextRank - no_path,unit:10,-0.006948063227375373
cnndm_test_01012,Lead - no_path,unit:10,0.025193359030559553
cnndm_test_01012,Full - no_path,unit:5,0.0
cnndm_test_01012,AB2 - AB0,unit:5,-0.03690274756264603
cnndm_test_01012,TextRank - no_path,unit:5,-0.008006272956130572
cnndm_test_01012,Lead - no_path,unit:5,0.04911275977265822
cnndm_test_01012,Full - no_path,word:110,0.0
cnndm_test_01012,AB2 - AB0,word:110,-0.042137718396711196
cnndm_test_01012,TextRank - no_path,word:110,0.027852004110996906
cnndm_test_01012,Lead - no_path,word:110,0.12949640287769787
cnndm_test_01012,Full - no_path,word:260,0.0
cnndm_test_01012,AB2 - AB0,word:260,0.007127765782080728
cnndm_test_01012,TextRank - no_path,word:260,0.020083118571660757
cnndm_test_01012,Lead - no_path,word:260,0.027724531301136113
cnndm_test_01016,Full - no_path,unit:10,0.0
cnndm_test_01016,AB2 - AB0,unit:10,0.0799753484403148
cnndm_test_01016,TextRank - no_path,unit:10,-0.0799753484403148
cnndm_test_01016,Lead - no_path,unit:10,-0.004127358490566058
cnndm_test_01016,Full - no_path,unit:5,0.0
cnndm_test_01016,AB2 - AB0,unit:5,0.11705508474576275
cnndm_test_01016,TextRank - no_path,unit:5,-0.11705508474576275
cnndm_test_01016,Lead - no_path,unit:5,-0.01585144927536236
cnndm_test_01016,Full - no_path,word:110,0.0
cnndm_test_01016,AB2 - AB0,word:110,0.09646367413111763
cnndm_test_01016,TextRank - no_path,word:110,-0.10959185771563688
cnndm_test_01016,Lead - no_path,word:110,0.0013984616921386694
cnndm_test_01016,Full - no_path,word:260,0.0
cnndm_test_01016,AB2 - AB0,word:260,0.0
cnndm_test_01016,TextRank - no_path,word:260,0.0
cnndm_test_01016,Lead - no_path,word:260,0.0
cnndm_test_01017,Full - no_path,unit:10,0.0
cnndm_test_01017,AB2 - AB0,unit:10,-0.009917920656634743
cnndm_test_01017,TextRank - no_path,unit:10,0.009917920656634743
cnndm_test_01017,Lead - no_path,unit:10,0.03741152679474216
cnndm_test_01017,Full - no_path,unit:5,0.0
cnndm_test_01017,AB2 - AB0,unit:5,0.017947003554210528
cnndm_test_01017,TextRank - no_path,unit:5,0.0007366482504604088
cnndm_test_01017,Lead - no_path,unit:5,0.03547054180788339
cnndm_test_01017,Full - no_path,word:110,0.0
cnndm_test_01017,AB2 - AB0,word:110,0.0
cnndm_test_01017,TextRank - no_path,word:110,0.0
cnndm_test_01017,Lead - no_path,word:110,0.01609657947686116
cnndm_test_01017,Full - no_path,word:260,0.0
cnndm_test_01017,AB2 - AB0,word:260,0.0
cnndm_test_01017,TextRank - no_path,word:260,-0.0006756528495659164
cnndm_test_01017,Lead - no_path,word:260,0.01979526811741575
cnndm_test_01027,Full - no_path,unit:10,0.0
cnndm_test_01027,AB2 - AB0,unit:10,-0.028893805309734497
cnndm_test_01027,TextRank - no_path,unit:10,0.0005631399317405916
cnndm_test_01027,Lead - no_path,unit:10,0.0642356687898089
cnndm_test_01027,Full - no_path,unit:5,0.0
cnndm_test_01027,AB2 - AB0,unit:5,-0.03376344972585235
cnndm_test_01027,TextRank - no_path,unit:5,0.027049559981472904
cnndm_test_01027,Lead - no_path,unit:5,0.07194972188109516
cnndm_test_01027,Full - no_path,word:110,0.0
cnndm_test_01027,AB2 - AB0,word:110,0.0
cnndm_test_01027,TextRank - no_path,word:110,0.011782501393201167
cnndm_test_01027,Lead - no_path,word:110,0.06973673992389531
cnndm_test_01027,Full - no_path,word:260,0.0
cnndm_test_01027,AB2 - AB0,word:260,-0.030412139137143954
cnndm_test_01027,TextRank - no_path,word:260,0.006622516556291397
cnndm_test_01027,Lead - no_path,word:260,0.07416369502462217
cnndm_test_01033,Full - no_path,unit:10,0.0
cnndm_test_01033,AB2 - AB0,unit:10,-0.002055061474683789
cnndm_test_01033,TextRank - no_path,unit:10,0.00895792241946089
cnndm_test_01033,Lead - no_path,unit:10,-0.03057199211045364
cnndm_test_01033,Full - no_path,unit:5,0.0
cnndm_test_01033,AB2 - AB0,unit:5,0.004054111722784082
cnndm_test_01033,TextRank - no_path,unit:5,-0.05334649097347187
cnndm_test_01033,Lead - no_path,unit:5,0.04100914151473367
cnndm_test_01033,Full - no_path,word:110,0.0
cnndm_test_01033,AB2 - AB0,word:110,0.035172054640868505
cnndm_test_01033,TextRank - no_path,word:110,-0.11241143221081126
cnndm_test_01033,Lead - no_path,word:110,-0.05031446540880505
cnndm_test_01033,Full - no_path,word:260,0.0
cnndm_test_01033,AB2 - AB0,word:260,-0.00702860911864131
cnndm_test_01033,TextRank - no_path,word:260,-0.0064102564102563875
cnndm_test_01033,Lead - no_path,word:260,-0.04487179487179485
cnndm_test_01043,Full - no_path,unit:10,0.0
cnndm_test_01043,AB2 - AB0,unit:10,0.0
cnndm_test_01043,TextRank - no_path,unit:10,0.00197384653343205
cnndm_test_01043,Lead - no_path,unit:10,0.068897913457499
cnndm_test_01043,Full - no_path,unit:5,0.0
cnndm_test_01043,AB2 - AB0,unit:5,0.0
cnndm_test_01043,TextRank - no_path,unit:5,0.004120879120879113
cnndm_test_01043,Lead - no_path,unit:5,0.10804473304473303
cnndm_test_01043,Full - no_path,word:110,0.0
cnndm_test_01043,AB2 - AB0,word:110,0.015503875968992248
cnndm_test_01043,TextRank - no_path,word:110,-0.015503875968992248
cnndm_test_01043,Lead - no_path,word:110,0.18188693514842127
cnndm_test_01043,Full - no_path,word:260,0.0
cnndm_test_01043,AB2 - AB0,word:260,0.0
cnndm_test_01043,TextRank - no_path,word:260,0.0
cnndm_test_01043,Lead - no_path,word:260,0.0
cnndm_test_01055,Full - no_path,unit:10,0.0
cnndm_test_01055,AB2 - AB0,unit:10,0.0036969836361622904
cnndm_test_01055,TextRank - no_path,unit:10,0.03843932551291886
cnndm_test_01055,Lead - no_path,unit:10,0.02552086770950214
cnndm_test_01055,Full - no_path,unit:5,0.0
cnndm_test_01055,AB2 - AB0,unit:5,0.023589743589743598
cnndm_test_01055,TextRank - no_path,unit:5,-0.029732620320855593
cnndm_test_01055,Lead - no_path,unit:5,-0.03997652275987998
cnndm_test_01055,Full - no_path,word:110,0.0
cnndm_test_01055,AB2 - AB0,word:110,0.012903225806451618
cnndm_test_01055,TextRank - no_path,word:110,0.09352730339447607
cnndm_test_01055,Lead - no_path,word:110,-0.051612903225806445
cnndm_test_01055,Full - no_path,word:260,0.0
cnndm_test_01055,AB2 - AB0,word:260,-0.024204090238245823
cnndm_test_01055,TextRank - no_path,word:260,0.030003689842391018
cnndm_test_01055,Lead - no_path,word:260,0.06442035563624712
cnndm_test_01056,Full - no_path,unit:10,0.0
cnndm_test_01056,AB2 - AB0,unit:10,0.0006974716652135837
cnndm_test_01056,TextRank - no_path,unit:10,-0.049185563717662084
cnndm_test_01056,Lead - no_path,unit:10,0.001876964947679638
cnndm_test_01056,Full - no_path,unit:5,0.0
cnndm_test_01056,AB2 - AB0,unit:5,-0.0600762873490146
cnndm_test_01056,TextRank - no_path,unit:5,0.012127512127512119
cnndm_test_01056,Lead - no_path,unit:5,0.011309181521947487
cnndm_test_01056,Full - no_path,word:110,-0.0020409204551252447
cnndm_test_01056,AB2 - AB0,word:110,-0.011288711288711284
cnndm_test_01056,TextRank - no_path,word:110,-0.0010277492291880796
cnndm_test_01056,Lead - no_path,word:110,-0.014388489208633087
cnndm_test_01056,Full - no_path,word:260,0.0
cnndm_test_01056,AB2 - AB0,word:260,-0.020338983050847456
cnndm_test_01056,TextRank - no_path,word:260,-0.02762084118016321
cnndm_test_01056,Lead - no_path,word:260,0.027556785426034833
cnndm_test_01061,Full - no_path,unit:10,0.0
cnndm_test_01061,AB2 - AB0,unit:10,0.0033307955843167175
cnndm_test_01061,TextRank - no_path,unit:10,0.0013814930171807543
cnndm_test_01061,Lead - no_path,unit:10,0.006279809220985699
cnndm_test_01061,Full - no_path,unit:5,0.0
cnndm_test_01061,AB2 - AB0,unit:5,0.01775552014568632
cnndm_test_01061,TextRank - no_path,unit:5,-0.01775552014568632
cnndm_test_01061,Lead - no_path,unit:5,0.061954624781849904
cnndm_test_01061,Full - no_path,word:110,0.0
cnndm_test_01061,AB2 - AB0,word:110,0.012093848262517123
cnndm_test_01061,TextRank - no_path,word:110,-0.012093848262517123
cnndm_test_01061,Lead - no_path,word:110,0.0012982797792924494
cnndm_test_01061,Full - no_path,word:260,0.0
cnndm_test_01061,AB2 - AB0,word:260,0.005695071976463184
cnndm_test_01061,TextRank - no_path,word:260,0.0
cnndm_test_01061,Lead - no_path,word:260,0.026995954864807326
cnndm_test_01065,Full - no_path,unit:10,0.0
cnndm_test_01065,AB2 - AB0,unit:10,0.001275611895080922
cnndm_test_01065,TextRank - no_path,unit:10,0.0036855036855036882
cnndm_test_01065,Lead - no_path,unit:10,0.004851004851004856
cnndm_test_01065,Full - no_path,unit:5,0.0
cnndm_test_01065,AB2 - AB0,unit:5,0.01301253812267028
cnndm_test_01065,TextRank - no_path,unit:5,0.0023668639053254364
cnndm_test_01065,Lead - no_path,unit:5,0.036263736263736274
cnndm_test_01065,Full - no_path,word:110,0.0
cnndm_test_01065,AB2 - AB0,word:110,-0.028768354809709323
cnndm_test_01065,TextRank - no_path,word:110,0.05429820301117047
cnndm_test_01065,Lead - no_path,word:110,0.08274647887323944
cnndm_test_01065,Full - no_path,word:260,0.0
cnndm_test_01065,AB2 - AB0,word:260,-0.006462838677603763
cnndm_test_01065,TextRank - no_path,word:260,0.0002502502502502446
cnndm_test_01065,Lead - no_path,word:260,-0.006277463904582559
cnndm_test_01067,Full - no_path,unit:10,0.0
cnndm_test_01067,AB2 - AB0,unit:10,-0.012009365101225716
cnndm_test_01067,TextRank - no_path,unit:10,0.04879331886631155
cnndm_test_01067,Lead - no_path,unit:10,0.04960861379925355
cnndm_test_01067,Full - no_path,unit:5,0.0
cnndm_test_01067,AB2 - AB0,unit:5,-0.06799083269671506
cnndm_test_01067,TextRank - no_path,unit:5,0.11469583048530414
cnndm_test_01067,Lead - no_path,unit:5,0.08682058682058687
cnndm_test_01067,Full - no_path,word:110,0.0
cnndm_test_01067,AB2 - AB0,word:110,0.002520611248227722
cnndm_test_01067,TextRank - no_path,word:110,0.010531803962460867
cnndm_test_01067,Lead - no_path,word:110,0.011867877960405393
cnndm_test_01067,Full - no_path,word:260,0.0
cnndm_test_01067,AB2 - AB0,word:260,-0.07049086757990869
cnndm_test_01067,TextRank - no_path,word:260,0.06211457892011488
cnndm_test_01067,Lead - no_path,word:260,0.06211457892011488
cnndm_test_01076,Full - no_path,unit:10,0.0
cnndm_test_01076,AB2 - AB0,unit:10,-0.002346409678939926
cnndm_test_01076,TextRank - no_path,unit:10,0.049344392820068333
cnndm_test_01076,Lead - no_path,unit:10,0.08216029270658695
cnndm_test_01076,Full - no_path,unit:5,0.0
cnndm_test_01076,AB2 - AB0,unit:5,0.004746740371327274
cnndm_test_01076,TextRank - no_path,unit:5,-0.025778143425202224
cnndm_test_01076,Lead - no_path,unit:5,0.002805294994301738
cnndm_test_01076,Full - no_path,word:110,0.0
cnndm_test_01076,AB2 - AB0,word:110,-0.0006971070059254153
cnndm_test_01076,TextRank - no_path,word:110,-0.009372746935832746
cnndm_test_01076,Lead - no_path,word:110,0.055810667608618844
cnndm_test_01076,Full - no_path,word:260,0.0
cnndm_test_01076,AB2 - AB0,word:260,0.0021564528550995776
cnndm_test_01076,TextRank - no_path,word:260,-0.0021564528550995776
cnndm_test_01076,Lead - no_path,word:260,0.07765743017254745
cnndm_test_01081,Full - no_path,unit:10,0.0
cnndm_test_01081,AB2 - AB0,unit:10,0.007887323943661956
cnndm_test_01081,TextRank - no_path,unit:10,0.011475225857134896
cnndm_test_01081,Lead - no_path,unit:10,0.05689083305292508
cnndm_test_01081,Full - no_path,unit:5,0.0
cnndm_test_01081,AB2 - AB0,unit:5,-0.021307551508893796
cnndm_test_01081,TextRank - no_path,unit:5,0.016345529335353964
cnndm_test_01081,Lead - no_path,unit:5,0.23329237167974284
cnndm_test_01081,Full - no_path,word:110,0.0
cnndm_test_01081,AB2 - AB0,word:110,-0.029402364972834744
cnndm_test_01081,TextRank - no_path,word:110,0.0021914806190932723
cnndm_test_01081,Lead - no_path,word:110,0.20734722712822326
cnndm_test_01081,Full - no_path,word:260,0.0
cnndm_test_01081,AB2 - AB0,word:260,0.0070377898717023935
cnndm_test_01081,TextRank - no_path,word:260,0.0017778567936352907
cnndm_test_01081,Lead - no_path,word:260,0.06362810024672122
cnndm_test_01083,Full - no_path,unit:10,0.0
cnndm_test_01083,AB2 - AB0,unit:10,0.0008580858085808635
cnndm_test_01083,TextRank - no_path,unit:10,-0.0008580858085808635
cnndm_test_01083,Lead - no_path,unit:10,0.009885057471264377
cnndm_test_01083,Full - no_path,unit:5,0.0
cnndm_test_01083,AB2 - AB0,unit:5,0.0065027322404371535
cnndm_test_01083,TextRank - no_path,unit:5,0.007834617157153195
cnndm_test_01083,Lead - no_path,unit:5,0.05909048809854589
cnndm_test_01083,Full - no_path,word:110,0.0
cnndm_test_01083,AB2 - AB0,word:110,0.0022217520101565635
cnndm_test_01083,TextRank - no_path,word:110,-0.015349935594675804
cnndm_test_01083,Lead - no_path,word:110,0.06607290803645403
cnndm_test_01083,Full - no_path,word:260,0.0
cnndm_test_01083,AB2 - AB0,word:260,0.00030389452522326665
cnndm_test_01083,TextRank - no_path,word:260,-0.0006057217407511029
cnndm_test_01083,Lead - no_path,word:260,0.007510628247520079
cnndm_test_01085,Full - no_path,unit:10,0.0
cnndm_test_01085,AB2 - AB0,unit:10,0.0029586160523259047
cnndm_test_01085,TextRank - no_path,unit:10,-0.0029586160523259047
cnndm_test_01085,Lead - no_path,unit:10,0.07795960489458945
cnndm_test_01085,Full - no_path,unit:5,0.0
cnndm_test_01085,AB2 - AB0,unit:5,0.0
cnndm_test_01085,TextRank - no_path,unit:5,0.012611172873818799
cnndm_test_01085,Lead - no_path,unit:5,0.1666491394117853
cnndm_test_01085,Full - no_path,word:110,0.0
cnndm_test_01085,AB2 - AB0,word:110,-0.0006617038875103287
cnndm_test_01085,TextRank - no_path,word:110,-0.013392128041809587
cnndm_test_01085,Lead - no_path,word:110,0.09098428453267161
cnndm_test_01085,Full - no_path,word:260,0.00022819209625556114
cnndm_test_01085,AB2 - AB0,word:260,-0.006679804999481384
cnndm_test_01085,TextRank - no_path,word:260,0.006930353073393056
cnndm_test_01085,Lead - no_path,word:260,0.06518278025785908
cnndm_test_01088,Full - no_path,unit:10,0.0
cnndm_test_01088,AB2 - AB0,unit:10,0.0035815899581590205
cnndm_test_01088,TextRank - no_path,unit:10,0.006599078341013795
cnndm_test_01088,Lead - no_path,unit:10,0.03461386138613862
cnndm_test_01088,Full - no_path,unit:5,0.0
cnndm_test_01088,AB2 - AB0,unit:5,-0.11513741134751773
cnndm_test_01088,TextRank - no_path,unit:5,0.14326241134751774
cnndm_test_01088,Lead - no_path,unit:5,0.2232624113475177
cnndm_test_01088,Full - no_path,word:110,0.0
cnndm_test_01088,AB2 - AB0,word:110,-0.13093129770992368
cnndm_test_01088,TextRank - no_path,word:110,0.1279076756626796
cnndm_test_01088,Lead - no_path,word:110,0.16293129770992365
cnndm_test_01088,Full - no_path,word:260,0.0
cnndm_test_01088,AB2 - AB0,word:260,0.0073929278500363405
cnndm_test_01088,TextRank - no_path,word:260,-0.021428571428571422
cnndm_test_01088,Lead - no_path,word:260,-0.007142857142857145
cnndm_test_01090,Full - no_path,unit:10,0.0
cnndm_test_01090,AB2 - AB0,unit:10,0.0
cnndm_test_01090,TextRank - no_path,unit:10,0.006931382277581125
cnndm_test_01090,Lead - no_path,unit:10,0.010488582049920328
cnndm_test_01090,Full - no_path,unit:5,0.0
cnndm_test_01090,AB2 - AB0,unit:5,0.0
cnndm_test_01090,TextRank - no_path,unit:5,0.01163793103448274
cnndm_test_01090,Lead - no_path,unit:5,-0.014597902097902099
cnndm_test_01090,Full - no_path,word:110,0.0
cnndm_test_01090,AB2 - AB0,word:110,0.0
cnndm_test_01090,TextRank - no_path,word:110,0.028445708698164332
cnndm_test_01090,Lead - no_path,word:110,-0.0007842453816661044
cnndm_test_01090,Full - no_path,word:260,0.0
cnndm_test_01090,AB2 - AB0,word:260,0.0
cnndm_test_01090,TextRank - no_path,word:260,0.019801980198019792
cnndm_test_01090,Lead - no_path,word:260,0.03162726696122381
cnndm_test_01098,Full - no_path,unit:10,0.0
cnndm_test_01098,AB2 - AB0,unit:10,0.0
cnndm_test_01098,TextRank - no_path,unit:10,0.00728725081456047
cnndm_test_01098,Lead - no_path,unit:10,0.00784313725490196
cnndm_test_01098,Full - no_path,unit:5,0.0
cnndm_test_01098,AB2 - AB0,unit:5,0.0
cnndm_test_01098,TextRank - no_path,unit:5,0.004301757726415237
cnndm_test_01098,Lead - no_path,unit:5,0.01795731041014058
cnndm_test_01098,Full - no_path,word:110,0.0
cnndm_test_01098,AB2 - AB0,word:110,0.0
cnndm_test_01098,TextRank - no_path,word:110,-0.012738853503184738
cnndm_test_01098,Lead - no_path,word:110,-0.010437641257448116
cnndm_test_01098,Full - no_path,word:260,0.0
cnndm_test_01098,AB2 - AB0,word:260,0.0
cnndm_test_01098,TextRank - no_path,word:260,0.00792171012184921
cnndm_test_01098,Lead - no_path,word:260,-0.004857842593805742
cnndm_test_01103,Full - no_path,unit:10,0.0
cnndm_test_01103,AB2 - AB0,unit:10,0.028086910439851565
cnndm_test_01103,TextRank - no_path,unit:10,0.0
cnndm_test_01103,Lead - no_path,unit:10,-0.13211951447245565
cnndm_test_01103,Full - no_path,unit:5,0.0
cnndm_test_01103,AB2 - AB0,unit:5,-0.19146293264073166
cnndm_test_01103,TextRank - no_path,unit:5,-0.0013289839313761487
cnndm_test_01103,Lead - no_path,unit:5,0.00979879801411021
cnndm_test_01103,Full - no_path,word:110,0.0
cnndm_test_01103,AB2 - AB0,word:110,0.0
cnndm_test_01103,TextRank - no_path,word:110,-0.2231039043183255
cnndm_test_01103,Lead - no_path,word:110,-0.23951590205460166
cnndm_test_01103,Full - no_path,word:260,0.003762253819659167
cnndm_test_01103,AB2 - AB0,word:260,0.0012392871480687018
cnndm_test_01103,TextRank - no_path,word:260,-0.039165962242885266
cnndm_test_01103,Lead - no_path,word:260,-0.23559453367145675
cnndm_test_01110,Full - no_path,unit:10,0.0
cnndm_test_01110,AB2 - AB0,unit:10,0.017391304347826098
cnndm_test_01110,TextRank - no_path,unit:10,-0.03695218259133906
cnndm_test_01110,Lead - no_path,unit:10,0.1168338907469342
cnndm_test_01110,Full - no_path,unit:5,0.0
cnndm_test_01110,AB2 - AB0,unit:5,0.03528327015674623
cnndm_test_01110,TextRank - no_path,unit:5,-0.0007751937984496193
cnndm_test_01110,Lead - no_path,unit:5,0.10339147286821704
cnndm_test_01110,Full - no_path,word:110,0.0
cnndm_test_01110,AB2 - AB0,word:110,0.0101289134438306
cnndm_test_01110,TextRank - no_path,word:110,-0.0101289134438306
cnndm_test_01110,Lead - no_path,word:110,0.0964284636053497
cnndm_test_01110,Full - no_path,word:260,0.0
cnndm_test_01110,AB2 - AB0,word:260,0.015254192245342663
cnndm_test_01110,TextRank - no_path,word:260,-0.04053021553332503
cnndm_test_01110,Lead - no_path,word:260,0.08099144702391342
cnndm_test_01117,Full - no_path,unit:10,0.0
cnndm_test_01117,AB2 - AB0,unit:10,0.005507662835249061
cnndm_test_01117,TextRank - no_path,unit:10,0.01822620401971939
cnndm_test_01117,Lead - no_path,unit:10,0.01594287949921752
cnndm_test_01117,Full - no_path,unit:5,0.0
cnndm_test_01117,AB2 - AB0,unit:5,-0.023308870014568023
cnndm_test_01117,TextRank - no_path,unit:5,0.017049842571139978
cnndm_test_01117,Lead - no_path,unit:5,0.023727827856935113
cnndm_test_01117,Full - no_path,word:110,0.0
cnndm_test_01117,AB2 - AB0,word:110,0.022813391148091722
cnndm_test_01117,TextRank - no_path,word:110,0.005368921613744415
cnndm_test_01117,Lead - no_path,word:110,-0.022583559168925016
cnndm_test_01117,Full - no_path,word:260,0.0
cnndm_test_01117,AB2 - AB0,word:260,0.006329113924050611
cnndm_test_01117,TextRank - no_path,word:260,0.016608658484459915
cnndm_test_01117,Lead - no_path,word:260,0.01389637616052708
cnndm_test_01124,Full - no_path,unit:10,0.0
cnndm_test_01124,AB2 - AB0,unit:10,0.0
cnndm_test_01124,TextRank - no_path,unit:10,0.028843002294329734
cnndm_test_01124,Lead - no_path,unit:10,0.00915522263836871
cnndm_test_01124,Full - no_path,unit:5,0.0
cnndm_test_01124,AB2 - AB0,unit:5,0.0
cnndm_test_01124,TextRank - no_path,unit:5,0.04385964912280704
cnndm_test_01124,Lead - no_path,unit:5,0.018182711681163755
cnndm_test_01124,Full - no_path,word:110,0.0
cnndm_test_01124,AB2 - AB0,word:110,0.0
cnndm_test_01124,TextRank - no_path,word:110,0.03693693693693695
cnndm_test_01124,Lead - no_path,word:110,0.04478007419183888
cnndm_test_01124,Full - no_path,word:260,0.0
cnndm_test_01124,AB2 - AB0,word:260,0.0
cnndm_test_01124,TextRank - no_path,word:260,-0.00932068644114259
cnndm_test_01124,Lead - no_path,word:260,-0.003660409835172601
cnndm_test_01128,Full - no_path,unit:10,0.0
cnndm_test_01128,AB2 - AB0,unit:10,0.0
cnndm_test_01128,TextRank - no_path,unit:10,0.0
cnndm_test_01128,Lead - no_path,unit:10,0.0
cnndm_test_01128,Full - no_path,unit:5,0.0
cnndm_test_01128,AB2 - AB0,unit:5,0.0
cnndm_test_01128,TextRank - no_path,unit:5,0.0
cnndm_test_01128,Lead - no_path,unit:5,0.0
cnndm_test_01128,Full - no_path,word:110,0.0
cnndm_test_01128,AB2 - AB0,word:110,0.0
cnndm_test_01128,TextRank - no_path,word:110,0.0
cnndm_test_01128,Lead - no_path,word:110,0.0
cnndm_test_01128,Full - no_path,word:260,0.0
cnndm_test_01128,AB2 - AB0,word:260,0.0
cnndm_test_01128,TextRank - no_path,word:260,0.0
cnndm_test_01128,Lead - no_path,word:260,0.0
cnndm_test_01132,Full - no_path,unit:10,0.0
cnndm_test_01132,AB2 - AB0,unit:10,0.01267779839208416
cnndm_test_01132,TextRank - no_path,unit:10,-0.01267779839208416
cnndm_test_01132,Lead - no_path,unit:10,0.004916818212433449
cnndm_test_01132,Full - no_path,unit:5,0.0
cnndm_test_01132,AB2 - AB0,unit:5,-0.017308636234467434
cnndm_test_01132,TextRank - no_path,unit:5,0.02469412324663328
cnndm_test_01132,Lead - no_path,unit:5,0.07089696234632559
cnndm_test_01132,Full - no_path,word:110,-0.01255448997384484
cnndm_test_01132,AB2 - AB0,word:110,0.001801801801801839
cnndm_test_01132,TextRank - no_path,word:110,0.005524205524205517
cnndm_test_01132,Lead - no_path,word:110,0.06271432723045628
cnndm_test_01132,Full - no_path,word:260,0.0
cnndm_test_01132,AB2 - AB0,word:260,0.0007330994397025947
cnndm_test_01132,TextRank - no_path,word:260,0.0022255585975448355
cnndm_test_01132,Lead - no_path,word:260,0.004420466411416607
cnndm_test_01133,Full - no_path,unit:10,0.0
cnndm_test_01133,AB2 - AB0,unit:10,-0.007927416028960244
cnndm_test_01133,TextRank - no_path,unit:10,0.011225062503188915
cnndm_test_01133,Lead - no_path,unit:10,0.0590248990398759
cnndm_test_01133,Full - no_path,unit:5,0.0
cnndm_test_01133,AB2 - AB0,unit:5,-0.1073844620095421
cnndm_test_01133,TextRank - no_path,unit:5,0.02781456953642386
cnndm_test_01133,Lead - no_path,unit:5,0.25638599810785245
cnndm_test_01133,Full - no_path,word:110,0.0
cnndm_test_01133,AB2 - AB0,word:110,-0.015660985720865994
cnndm_test_01133,TextRank - no_path,word:110,-0.10698314413484689
cnndm_test_01133,Lead - no_path,word:110,0.11967545638945237
cnndm_test_01133,Full - no_path,word:260,0.0
cnndm_test_01133,AB2 - AB0,word:260,0.0068925233644860084
cnndm_test_01133,TextRank - no_path,word:260,-0.0174806394593697
cnndm_test_01133,Lead - no_path,word:260,0.009020889474991883
cnndm_test_01160,Full - no_path,unit:10,0.0
cnndm_test_01160,AB2 - AB0,unit:10,0.006306900646523311
cnndm_test_01160,TextRank - no_path,unit:10,-0.006306900646523311
cnndm_test_01160,Lead - no_path,unit:10,0.011918117578494924
cnndm_test_01160,Full - no_path,unit:5,0.0
cnndm_test_01160,AB2 - AB0,unit:5,-0.05500413564929696
cnndm_test_01160,TextRank - no_path,unit:5,0.09870129870129873
cnndm_test_01160,Lead - no_path,unit:5,0.07745664739884395
cnndm_test_01160,Full - no_path,word:110,0.0
cnndm_test_01160,AB2 - AB0,word:110,-0.13673202614379087
cnndm_test_01160,TextRank - no_path,word:110,0.040591675266597876
cnndm_test_01160,Lead - no_path,word:110,0.10821105484136256
cnndm_test_01160,Full - no_path,word:260,0.0
cnndm_test_01160,AB2 - AB0,word:260,-0.0015863950758296663
cnndm_test_01160,TextRank - no_path,word:260,0.002661386475898475
cnndm_test_01160,Lead - no_path,word:260,0.0054117825329307034
cnndm_test_01161,Full - no_path,unit:10,0.0
cnndm_test_01161,AB2 - AB0,unit:10,0.011529857167441052
cnndm_test_01161,TextRank - no_path,unit:10,-0.02283920687983261
cnndm_test_01161,Lead - no_path,unit:10,0.0812548774777587
cnndm_test_01161,Full - no_path,unit:5,0.0
cnndm_test_01161,AB2 - AB0,unit:5,-0.04033743242440442
cnndm_test_01161,TextRank - no_path,unit:5,0.0027422672097431045
cnndm_test_01161,Lead - no_path,unit:5,0.1197305683796261
cnndm_test_01161,Full - no_path,word:110,0.0
cnndm_test_01161,AB2 - AB0,word:110,0.0015582391897156073
cnndm_test_01161,TextRank - no_path,word:110,-0.027100034855350272
cnndm_test_01161,Lead - no_path,word:110,0.08994502878414058
cnndm_test_01161,Full - no_path,word:260,0.0
cnndm_test_01161,AB2 - AB0,word:260,0.006996545730566989
cnndm_test_01161,TextRank - no_path,word:260,-0.027430494841755554
cnndm_test_01161,Lead - no_path,word:260,0.056977829891646584
cnndm_test_01180,Full - no_path,unit:10,0.0
cnndm_test_01180,AB2 - AB0,unit:10,0.0
cnndm_test_01180,TextRank - no_path,unit:10,0.0
cnndm_test_01180,Lead - no_path,unit:10,0.049917355371900785
cnndm_test_01180,Full - no_path,unit:5,0.0
cnndm_test_01180,AB2 - AB0,unit:5,0.0
cnndm_test_01180,TextRank - no_path,unit:5,-0.07874317463358563
cnndm_test_01180,Lead - no_path,unit:5,0.03211318212441047
cnndm_test_01180,Full - no_path,word:110,-0.10131073223612891
cnndm_test_01180,AB2 - AB0,word:110,0.0
cnndm_test_01180,TextRank - no_path,word:110,-0.1061404349075582
cnndm_test_01180,Lead - no_path,word:110,0.02180204514759798
cnndm_test_01180,Full - no_path,word:260,0.0
cnndm_test_01180,AB2 - AB0,word:260,0.0
cnndm_test_01180,TextRank - no_path,word:260,-0.007195233158032777
cnndm_test_01180,Lead - no_path,word:260,0.0
cnndm_test_01181,Full - no_path,unit:10,0.0
cnndm_test_01181,AB2 - AB0,unit:10,-0.004267513297324055
cnndm_test_01181,TextRank - no_path,unit:10,0.028015285407212792
cnndm_test_01181,Lead - no_path,unit:10,0.019784710455496846
cnndm_test_01181,Full - no_path,unit:5,0.0
cnndm_test_01181,AB2 - AB0,unit:5,-0.07777318735798389
cnndm_test_01181,TextRank - no_path,unit:5,0.04714001637618434
cnndm_test_01181,Lead - no_path,unit:5,0.05562679367405507
cnndm_test_01181,Full - no_path,word:110,0.0
cnndm_test_01181,AB2 - AB0,word:110,-0.07879818594104307
cnndm_test_01181,TextRank - no_path,word:110,0.05158730158730157
cnndm_test_01181,Lead - no_path,word:110,0.05158730158730157
cnndm_test_01181,Full - no_path,word:260,0.0
cnndm_test_01181,AB2 - AB0,word:260,-0.0005128205128205332
cnndm_test_01181,TextRank - no_path,word:260,0.00363866476823288
cnndm_test_01181,Lead - no_path,word:260,-0.011409778851639324
cnndm_test_01188,Full - no_path,unit:10,0.0
cnndm_test_01188,AB2 - AB0,unit:10,0.010096355257645573
cnndm_test_01188,TextRank - no_path,unit:10,-0.04230414746543776
cnndm_test_01188,Lead - no_path,unit:10,0.024219817169276042
cnndm_test_01188,Full - no_path,unit:5,0.0
cnndm_test_01188,AB2 - AB0,unit:5,-0.026601387188902537
cnndm_test_01188,TextRank - no_path,unit:5,-0.008486332109343075
cnndm_test_01188,Lead - no_path,unit:5,0.06654740608228984
cnndm_test_01188,Full - no_path,word:110,0.0
cnndm_test_01188,AB2 - AB0,word:110,-0.0451145395044413
cnndm_test_01188,TextRank - no_path,word:110,0.001636278634876115
cnndm_test_01188,Lead - no_path,word:110,0.064151631128121
cnndm_test_01188,Full - no_path,word:260,0.0
cnndm_test_01188,AB2 - AB0,word:260,-0.005478201323898646
cnndm_test_01188,TextRank - no_path,word:260,-0.04025984441414711
cnndm_test_01188,Lead - no_path,word:260,0.005934718100890191
cnndm_test_01198,Full - no_path,unit:10,0.0
cnndm_test_01198,AB2 - AB0,unit:10,0.0009913531971140338
cnndm_test_01198,TextRank - no_path,unit:10,0.003471017007983343
cnndm_test_01198,Lead - no_path,unit:10,0.03480009280024747
cnndm_test_01198,Full - no_path,unit:5,0.0
cnndm_test_01198,AB2 - AB0,unit:5,0.00268480400930729
cnndm_test_01198,TextRank - no_path,unit:5,0.014397575145238678
cnndm_test_01198,Lead - no_path,unit:5,0.04519273371732391
cnndm_test_01198,Full - no_path,word:110,0.0
cnndm_test_01198,AB2 - AB0,word:110,-0.030732860520094565
cnndm_test_01198,TextRank - no_path,word:110,0.01746031746031744
cnndm_test_01198,Lead - no_path,word:110,0.042735042735042736
cnndm_test_01198,Full - no_path,word:260,0.0
cnndm_test_01198,AB2 - AB0,word:260,-0.0005478513953090097
cnndm_test_01198,TextRank - no_path,word:260,0.013786513786513785
cnndm_test_01198,Lead - no_path,word:260,0.013468013468013462
cnndm_test_01203,Full - no_path,unit:10,0.0
cnndm_test_01203,AB2 - AB0,unit:10,0.0
cnndm_test_01203,TextRank - no_path,unit:10,0.0
cnndm_test_01203,Lead - no_path,unit:10,0.008992094861660083
cnndm_test_01203,Full - no_path,unit:5,0.0
cnndm_test_01203,AB2 - AB0,unit:5,0.0
cnndm_test_01203,TextRank - no_path,unit:5,0.031410256410256465
cnndm_test_01203,Lead - no_path,unit:5,-0.04551282051282049
cnndm_test_01203,Full - no_path,word:110,0.0
cnndm_test_01203,AB2 - AB0,word:110,0.0
cnndm_test_01203,TextRank - no_path,word:110,0.004753028890959937
cnndm_test_01203,Lead - no_path,word:110,-0.05041938490214351
cnndm_test_01203,Full - no_path,word:260,0.0
cnndm_test_01203,AB2 - AB0,word:260,0.0
cnndm_test_01203,TextRank - no_path,word:260,0.0
cnndm_test_01203,Lead - no_path,word:260,0.0
cnndm_test_01211,Full - no_path,unit:10,0.0
cnndm_test_01211,AB2 - AB0,unit:10,0.0
cnndm_test_01211,TextRank - no_path,unit:10,0.015823064027528616
cnndm_test_01211,Lead - no_path,unit:10,0.008014122789811423
cnndm_test_01211,Full - no_path,unit:5,0.0
cnndm_test_01211,AB2 - AB0,unit:5,0.0
cnndm_test_01211,TextRank - no_path,unit:5,-0.030048810250152547
cnndm_test_01211,Lead - no_path,unit:5,0.018918232605383445
cnndm_test_01211,Full - no_path,word:110,0.0
cnndm_test_01211,AB2 - AB0,word:110,0.0
cnndm_test_01211,TextRank - no_path,word:110,-0.04927951596210492
cnndm_test_01211,Lead - no_path,word:110,0.039328078974603914
cnndm_test_01211,Full - no_path,word:260,0.0
cnndm_test_01211,AB2 - AB0,word:260,0.0
cnndm_test_01211,TextRank - no_path,word:260,-0.0030390075350734957
cnndm_test_01211,Lead - no_path,word:260,0.002605674580196865
cnndm_test_01214,Full - no_path,unit:10,0.0
cnndm_test_01214,AB2 - AB0,unit:10,0.0
cnndm_test_01214,TextRank - no_path,unit:10,0.0
cnndm_test_01214,Lead - no_path,unit:10,0.0
cnndm_test_01214,Full - no_path,unit:5,0.0
cnndm_test_01214,AB2 - AB0,unit:5,0.0
cnndm_test_01214,TextRank - no_path,unit:5,0.0
cnndm_test_01214,Lead - no_path,unit:5,0.0
cnndm_test_01214,Full - no_path,word:110,0.0
cnndm_test_01214,AB2 - AB0,word:110,0.0
cnndm_test_01214,TextRank - no_path,word:110,0.0
cnndm_test_01214,Lead - no_path,word:110,-0.011494252873563204
cnndm_test_01214,Full - no_path,word:260,0.0
cnndm_test_01214,AB2 - AB0,word:260,0.0
cnndm_test_01214,TextRank - no_path,word:260,0.0
cnndm_test_01214,Lead - no_path,word:260,0.0
cnndm_test_01216,Full - no_path,unit:10,0.0
cnndm_test_01216,AB2 - AB0,unit:10,0.0032824063022200978
cnndm_test_01216,TextRank - no_path,unit:10,-0.0006587680378923183
cnndm_test_01216,Lead - no_path,unit:10,0.06635972109374588
cnndm_test_01216,Full - no_path,unit:5,0.0
cnndm_test_01216,AB2 - AB0,unit:5,-0.0032275811479919175
cnndm_test_01216,TextRank - no_path,unit:5,0.0029268292682926578
cnndm_test_01216,Lead - no_path,unit:5,0.0967633072557141
cnndm_test_01216,Full - no_path,word:110,0.0
cnndm_test_01216,AB2 - AB0,word:110,-0.053023949305749773
cnndm_test_01216,TextRank - no_path,word:110,0.02425027767493526
cnndm_test_01216,Lead - no_path,word:110,0.029003306565895143
cnndm_test_01216,Full - no_path,word:260,0.0
cnndm_test_01216,AB2 - AB0,word:260,-0.014666003796438565
cnndm_test_01216,TextRank - no_path,word:260,0.02925075016606732
cnndm_test_01216,Lead - no_path,word:260,0.040788195150611245
cnndm_test_01229,Full - no_path,unit:10,0.0
cnndm_test_01229,AB2 - AB0,unit:10,0.013653013653013663
cnndm_test_01229,TextRank - no_path,unit:10,-0.013653013653013663
cnndm_test_01229,Lead - no_path,unit:10,-0.006169269327164051
cnndm_test_01229,Full - no_path,unit:5,0.0
cnndm_test_01229,AB2 - AB0,unit:5,-0.003158748452640081
cnndm_test_01229,TextRank - no_path,unit:5,0.006082725060827243
cnndm_test_01229,Lead - no_path,unit:5,0.03824646775088569
cnndm_test_01229,Full - no_path,word:110,0.0
cnndm_test_01229,AB2 - AB0,word:110,-0.0517789849752851
cnndm_test_01229,TextRank - no_path,word:110,0.017006802721088454
cnndm_test_01229,Lead - no_path,word:110,0.03952932524361097
cnndm_test_01229,Full - no_path,word:260,0.0
cnndm_test_01229,AB2 - AB0,word:260,0.0
cnndm_test_01229,TextRank - no_path,word:260,0.0
cnndm_test_01229,Lead - no_path,word:260,0.003580019018851077
cnndm_test_01232,Full - no_path,unit:10,0.0
cnndm_test_01232,AB2 - AB0,unit:10,0.0
cnndm_test_01232,TextRank - no_path,unit:10,-0.009392089436929096
cnndm_test_01232,Lead - no_path,unit:10,0.004087033718028182
cnndm_test_01232,Full - no_path,unit:5,0.0
cnndm_test_01232,AB2 - AB0,unit:5,0.0
cnndm_test_01232,TextRank - no_path,unit:5,0.008953015168331468
cnndm_test_01232,Lead - no_path,unit:5,0.016573636753971666
cnndm_test_01232,Full - no_path,word:110,0.0
cnndm_test_01232,AB2 - AB0,word:110,0.0
cnndm_test_01232,TextRank - no_path,word:110,0.031203695633225836
cnndm_test_01232,Lead - no_path,word:110,0.026992615227909356
cnndm_test_01232,Full - no_path,word:260,0.0
cnndm_test_01232,AB2 - AB0,word:260,0.007315813330803361
cnndm_test_01232,TextRank - no_path,word:260,-0.0004230297389906379
cnndm_test_01232,Lead - no_path,word:260,-0.006110153073172808
cnndm_test_01234,Full - no_path,unit:10,0.0
cnndm_test_01234,AB2 - AB0,unit:10,0.014301460457426252
cnndm_test_01234,TextRank - no_path,unit:10,0.013773443784310169
cnndm_test_01234,Lead - no_path,unit:10,0.030320965171864334
cnndm_test_01234,Full - no_path,unit:5,0.0
cnndm_test_01234,AB2 - AB0,unit:5,0.07148840088859759
cnndm_test_01234,TextRank - no_path,unit:5,-0.0947853433774592
cnndm_test_01234,Lead - no_path,unit:5,0.05637168141592919
cnndm_test_01234,Full - no_path,word:110,0.0
cnndm_test_01234,AB2 - AB0,word:110,0.0881434355118566
cnndm_test_01234,TextRank - no_path,word:110,-0.07943629565717575
cnndm_test_01234,Lead - no_path,word:110,-0.03877829288246526
cnndm_test_01234,Full - no_path,word:260,0.0
cnndm_test_01234,AB2 - AB0,word:260,0.034576794443015146
cnndm_test_01234,TextRank - no_path,word:260,-0.03113175094599241
cnndm_test_01234,Lead - no_path,word:260,-0.010485933503836364
cnndm_test_01241,Full - no_path,unit:10,0.0
cnndm_test_01241,AB2 - AB0,unit:10,-0.019253745060196642
cnndm_test_01241,TextRank - no_path,unit:10,0.048939878013360444
cnndm_test_01241,Lead - no_path,unit:10,0.04305588870232671
cnndm_test_01241,Full - no_path,unit:5,0.0
cnndm_test_01241,AB2 - AB0,unit:5,-0.0793103448275862
cnndm_test_01241,TextRank - no_path,unit:5,0.15380419961821656
cnndm_test_01241,Lead - no_path,unit:5,0.14928229665071768
cnndm_test_01241,Full - no_path,word:110,0.0
cnndm_test_01241,AB2 - AB0,word:110,-0.10285714285714287
cnndm_test_01241,TextRank - no_path,word:110,0.17300492610837437
cnndm_test_01241,Lead - no_path,word:110,0.1142857142857143
cnndm_test_01241,Full - no_path,word:260,0.0
cnndm_test_01241,AB2 - AB0,word:260,-0.011798017932987237
cnndm_test_01241,TextRank - no_path,word:260,0.029080675422138852
cnndm_test_01241,Lead - no_path,word:260,0.053470919324577815
cnndm_test_01245,Full - no_path,unit:10,0.0
cnndm_test_01245,AB2 - AB0,unit:10,0.0
cnndm_test_01245,TextRank - no_path,unit:10,0.01499454743729553
cnndm_test_01245,Lead - no_path,unit:10,0.005216693418940599
cnndm_test_01245,Full - no_path,unit:5,0.0
cnndm_test_01245,AB2 - AB0,unit:5,0.0
cnndm_test_01245,TextRank - no_path,unit:5,0.03162688707092856
cnndm_test_01245,Lead - no_path,unit:5,0.0034578729864215008
cnndm_test_01245,Full - no_path,word:110,0.0
cnndm_test_01245,AB2 - AB0,word:110,0.0
cnndm_test_01245,TextRank - no_path,word:110,0.02816901408450706
cnndm_test_01245,Lead - no_path,word:110,0.0
cnndm_test_01245,Full - no_path,word:260,0.0
cnndm_test_01245,AB2 - AB0,word:260,0.0
cnndm_test_01245,TextRank - no_path,word:260,0.004144004144004135
cnndm_test_01245,Lead - no_path,word:260,0.0007304685270786843
cnndm_test_01246,Full - no_path,unit:10,0.0
cnndm_test_01246,AB2 - AB0,unit:10,0.00871221801454361
cnndm_test_01246,TextRank - no_path,unit:10,-0.0021633043215777414
cnndm_test_01246,Lead - no_path,unit:10,0.0012311632029941844
cnndm_test_01246,Full - no_path,unit:5,0.0
cnndm_test_01246,AB2 - AB0,unit:5,0.009778317643486134
cnndm_test_01246,TextRank - no_path,unit:5,-0.008426966292134797
cnndm_test_01246,Lead - no_path,unit:5,-0.02541725755427074
cnndm_test_01246,Full - no_path,word:110,0.0
cnndm_test_01246,AB2 - AB0,word:110,-0.01290322580645159
cnndm_test_01246,TextRank - no_path,word:110,0.01290322580645159
cnndm_test_01246,Lead - no_path,word:110,0.0146627565982404
cnndm_test_01246,Full - no_path,word:260,0.0
cnndm_test_01246,AB2 - AB0,word:260,0.001607234699125687
cnndm_test_01246,TextRank - no_path,word:260,-0.0010749914000688088
cnndm_test_01246,Lead - no_path,word:260,-0.0010749914000688088
cnndm_test_01247,Full - no_path,unit:10,0.0
cnndm_test_01247,AB2 - AB0,unit:10,0.010778493537114242
cnndm_test_01247,TextRank - no_path,unit:10,-0.010778493537114242
cnndm_test_01247,Lead - no_path,unit:10,-0.010778493537114242
cnndm_test_01247,Full - no_path,unit:5,0.0
cnndm_test_01247,AB2 - AB0,unit:5,0.0017436791630340842
cnndm_test_01247,TextRank - no_path,unit:5,-0.0017436791630340842
cnndm_test_01247,Lead - no_path,unit:5,-0.005852986744706468
cnndm_test_01247,Full - no_path,word:110,0.0
cnndm_test_01247,AB2 - AB0,word:110,-0.008886831751909241
cnndm_test_01247,TextRank - no_path,word:110,0.01118568232662187
cnndm_test_01247,Lead - no_path,word:110,0.0
cnndm_test_01247,Full - no_path,word:260,0.0
cnndm_test_01247,AB2 - AB0,word:260,0.0
cnndm_test_01247,TextRank - no_path,word:260,0.0
cnndm_test_01247,Lead - no_path,word:260,-0.002863630770607528
cnndm_test_01248,Full - no_path,unit:10,0.0
cnndm_test_01248,AB2 - AB0,unit:10,0.0
cnndm_test_01248,TextRank - no_path,unit:10,0.0
cnndm_test_01248,Lead - no_path,unit:10,0.06924633997081389
cnndm_test_01248,Full - no_path,unit:5,0.0
cnndm_test_01248,AB2 - AB0,unit:5,0.0
cnndm_test_01248,TextRank - no_path,unit:5,0.006168730306661346
cnndm_test_01248,Lead - no_path,unit:5,0.11285249746788209
cnndm_test_01248,Full - no_path,word:110,0.0
cnndm_test_01248,AB2 - AB0,word:110,0.019771413557540723
cnndm_test_01248,TextRank - no_path,word:110,0.001103896103896107
cnndm_test_01248,Lead - no_path,word:110,0.09084185045723508
cnndm_test_01248,Full - no_path,word:260,0.0
cnndm_test_01248,AB2 - AB0,word:260,0.0012034161490683537
cnndm_test_01248,TextRank - no_path,word:260,-0.008672928344190312
cnndm_test_01248,Lead - no_path,word:260,-0.0060975609756097615
cnndm_test_01252,Full - no_path,unit:10,0.0
cnndm_test_01252,AB2 - AB0,unit:10,-0.021551724137931064
cnndm_test_01252,TextRank - no_path,unit:10,0.022186147186147212
cnndm_test_01252,Lead - no_path,unit:10,0.02045454545454546
cnndm_test_01252,Full - no_path,unit:5,0.0
cnndm_test_01252,AB2 - AB0,unit:5,0.046806526806526805
cnndm_test_01252,TextRank - no_path,unit:5,0.01243781094527363
cnndm_test_01252,Lead - no_path,unit:5,-0.024934383202099758
cnndm_test_01252,Full - no_path,word:110,0.0
cnndm_test_01252,AB2 - AB0,word:110,-0.0021645021645021467
cnndm_test_01252,TextRank - no_path,word:110,-0.010822510822510845
cnndm_test_01252,Lead - no_path,word:110,-0.026539278131634814
cnndm_test_01252,Full - no_path,word:260,0.0
cnndm_test_01252,AB2 - AB0,word:260,0.0043137254901960825
cnndm_test_01252,TextRank - no_path,word:260,0.002584147665580877
cnndm_test_01252,Lead - no_path,word:260,0.0
cnndm_test_01256,Full - no_path,unit:10,0.0
cnndm_test_01256,AB2 - AB0,unit:10,0.0
cnndm_test_01256,TextRank - no_path,unit:10,0.0
cnndm_test_01256,Lead - no_path,unit:10,0.0
cnndm_test_01256,Full - no_path,unit:5,0.0
cnndm_test_01256,AB2 - AB0,unit:5,0.0
cnndm_test_01256,TextRank - no_path,unit:5,0.0
cnndm_test_01256,Lead - no_path,unit:5,0.1008849557522124
cnndm_test_01256,Full - no_path,word:110,0.0
cnndm_test_01256,AB2 - AB0,word:110,0.0
cnndm_test_01256,TextRank - no_path,word:110,0.0
cnndm_test_01256,Lead - no_path,word:110,0.02376811594202896
cnndm_test_01256,Full - no_path,word:260,0.0
cnndm_test_01256,AB2 - AB0,word:260,0.0
cnndm_test_01256,TextRank - no_path,word:260,0.0
cnndm_test_01256,Lead - no_path,word:260,0.0
cnndm_test_01257,Full - no_path,unit:10,0.0
cnndm_test_01257,AB2 - AB0,unit:10,-0.0004441812259402267
cnndm_test_01257,TextRank - no_path,unit:10,0.018022328548644384
cnndm_test_01257,Lead - no_path,unit:10,0.043492478744277335
cnndm_test_01257,Full - no_path,unit:5,0.0
cnndm_test_01257,AB2 - AB0,unit:5,-0.04409270774448845
cnndm_test_01257,TextRank - no_path,unit:5,0.009329601492736261
cnndm_test_01257,Lead - no_path,unit:5,0.08517539220870796
cnndm_test_01257,Full - no_path,word:110,0.0
cnndm_test_01257,AB2 - AB0,word:110,-0.0028142589118198835
cnndm_test_01257,TextRank - no_path,word:110,0.0028142589118198835
cnndm_test_01257,Lead - no_path,word:110,0.07866004962779158
cnndm_test_01257,Full - no_path,word:260,0.0
cnndm_test_01257,AB2 - AB0,word:260,-0.00041144200626958005
cnndm_test_01257,TextRank - no_path,word:260,0.029521704180064334
cnndm_test_01257,Lead - no_path,word:260,0.029521704180064334
cnndm_test_01265,Full - no_path,unit:10,0.0
cnndm_test_01265,AB2 - AB0,unit:10,0.0
cnndm_test_01265,TextRank - no_path,unit:10,0.0
cnndm_test_01265,Lead - no_path,unit:10,0.0
cnndm_test_01265,Full - no_path,unit:5,0.0
cnndm_test_01265,AB2 - AB0,unit:5,0.0
cnndm_test_01265,TextRank - no_path,unit:5,0.009683385921009702
cnndm_test_01265,Lead - no_path,unit:5,0.026166902404526182
cnndm_test_01265,Full - no_path,word:110,0.0
cnndm_test_01265,AB2 - AB0,word:110,0.0
cnndm_test_01265,TextRank - no_path,word:110,-0.016062884483937112
cnndm_test_01265,Lead - no_path,word:110,-0.003965392934390799
cnndm_test_01265,Full - no_path,word:260,0.0
cnndm_test_01265,AB2 - AB0,word:260,0.0
cnndm_test_01265,TextRank - no_path,word:260,0.0
cnndm_test_01265,Lead - no_path,word:260,0.0
cnndm_test_01282,Full - no_path,unit:10,0.0
cnndm_test_01282,AB2 - AB0,unit:10,0.0
cnndm_test_01282,TextRank - no_path,unit:10,0.0
cnndm_test_01282,Lead - no_path,unit:10,0.0028494641064663456
cnndm_test_01282,Full - no_path,unit:5,0.0
cnndm_test_01282,AB2 - AB0,unit:5,0.0010785681078568227
cnndm_test_01282,TextRank - no_path,unit:5,-0.0010785681078568227
cnndm_test_01282,Lead - no_path,unit:5,0.05255917922852066
cnndm_test_01282,Full - no_path,word:110,0.0
cnndm_test_01282,AB2 - AB0,word:110,-0.007330860272036721
cnndm_test_01282,TextRank - no_path,word:110,-0.026015811730097455
cnndm_test_01282,Lead - no_path,word:110,0.0024065161051462225
cnndm_test_01282,Full - no_path,word:260,0.0
cnndm_test_01282,AB2 - AB0,word:260,-0.003172221626835295
cnndm_test_01282,TextRank - no_path,word:260,0.003172221626835295
cnndm_test_01282,Lead - no_path,word:260,0.0
cnndm_test_01284,Full - no_path,unit:10,0.0
cnndm_test_01284,AB2 - AB0,unit:10,-0.07153053132434575
cnndm_test_01284,TextRank - no_path,unit:10,-0.031182795698924744
cnndm_test_01284,Lead - no_path,unit:10,0.14166943797805115
cnndm_test_01284,Full - no_path,unit:5,0.0
cnndm_test_01284,AB2 - AB0,unit:5,0.04687500000000001
cnndm_test_01284,TextRank - no_path,unit:5,-0.0909090909090909
cnndm_test_01284,Lead - no_path,unit:5,0.24242424242424243
cnndm_test_01284,Full - no_path,word:110,0.0
cnndm_test_01284,AB2 - AB0,word:110,-0.09243243243243243
cnndm_test_01284,TextRank - no_path,word:110,-0.08181527644614894
cnndm_test_01284,Lead - no_path,word:110,0.17142857142857143
cnndm_test_01284,Full - no_path,word:260,-0.0004208194905869489
cnndm_test_01284,AB2 - AB0,word:260,0.021056105610561066
cnndm_test_01284,TextRank - no_path,word:260,-0.07420765027322405
cnndm_test_01284,Lead - no_path,word:260,0.01999999999999999
cnndm_test_01287,Full - no_path,unit:10,0.0
cnndm_test_01287,AB2 - AB0,unit:10,-0.011591836734693939
cnndm_test_01287,TextRank - no_path,unit:10,0.011591836734693939
cnndm_test_01287,Lead - no_path,unit:10,0.27565482886067816
cnndm_test_01287,Full - no_path,unit:5,0.0
cnndm_test_01287,AB2 - AB0,unit:5,0.047822027361669295
cnndm_test_01287,TextRank - no_path,unit:5,-0.047822027361669295
cnndm_test_01287,Lead - no_path,unit:5,0.44720496894409945
cnndm_test_01287,Full - no_path,word:110,0.0
cnndm_test_01287,AB2 - AB0,word:110,0.020993836671802824
cnndm_test_01287,TextRank - no_path,word:110,-0.03389830508474573
cnndm_test_01287,Lead - no_path,word:110,0.4149152542372882
cnndm_test_01287,Full - no_path,word:260,-0.006097560975609734
cnndm_test_01287,AB2 - AB0,word:260,0.0
cnndm_test_01287,TextRank - no_path,word:260,0.0
cnndm_test_01287,Lead - no_path,word:260,0.2035762382163699
cnndm_test_01292,Full - no_path,unit:10,0.0
cnndm_test_01292,AB2 - AB0,unit:10,0.0005398110661268274
cnndm_test_01292,TextRank - no_path,unit:10,0.005309852578213647
cnndm_test_01292,Lead - no_path,unit:10,-0.0016586921850079706
cnndm_test_01292,Full - no_path,unit:5,0.0
cnndm_test_01292,AB2 - AB0,unit:5,0.0
cnndm_test_01292,TextRank - no_path,unit:5,0.019415204678362552
cnndm_test_01292,Lead - no_path,unit:5,-0.0007892942991425123
cnndm_test_01292,Full - no_path,word:110,0.0
cnndm_test_01292,AB2 - AB0,word:110,-0.12551207182079668
cnndm_test_01292,TextRank - no_path,word:110,0.11910514541387021
cnndm_test_01292,Lead - no_path,word:110,0.12604578468327662
cnndm_test_01292,Full - no_path,word:260,0.0
cnndm_test_01292,AB2 - AB0,word:260,0.0
cnndm_test_01292,TextRank - no_path,word:260,0.0024364852592642094
cnndm_test_01292,Lead - no_path,word:260,0.00560515067900233
cnndm_test_01298,Full - no_path,unit:10,0.0
cnndm_test_01298,AB2 - AB0,unit:10,0.14814814814814817
cnndm_test_01298,TextRank - no_path,unit:10,-0.14814814814814817
cnndm_test_01298,Lead - no_path,unit:10,-0.00953428676200957
cnndm_test_01298,Full - no_path,unit:5,0.0
cnndm_test_01298,AB2 - AB0,unit:5,0.18181818181818182
cnndm_test_01298,TextRank - no_path,unit:5,-0.18181818181818182
cnndm_test_01298,Lead - no_path,unit:5,0.0035476718403547325
cnndm_test_01298,Full - no_path,word:110,0.0
cnndm_test_01298,AB2 - AB0,word:110,0.012530455969369983
cnndm_test_01298,TextRank - no_path,word:110,-0.07100591715976332
cnndm_test_01298,Lead - no_path,word:110,0.06410819949281488
cnndm_test_01298,Full - no_path,word:260,-0.0002938871473354282
cnndm_test_01298,AB2 - AB0,word:260,0.0002938871473354282
cnndm_test_01298,TextRank - no_path,word:260,0.018808777429467086
cnndm_test_01298,Lead - no_path,word:260,0.035585742482294194
cnndm_test_01304,Full - no_path,unit:10,0.0
cnndm_test_01304,AB2 - AB0,unit:10,0.0
cnndm_test_01304,TextRank - no_path,unit:10,0.032861350651194166
cnndm_test_01304,Lead - no_path,unit:10,0.01782393223035658
cnndm_test_01304,Full - no_path,unit:5,0.0
cnndm_test_01304,AB2 - AB0,unit:5,0.0
cnndm_test_01304,TextRank - no_path,unit:5,-0.01791598978881409
cnndm_test_01304,Lead - no_path,unit:5,-0.01829663765147635
cnndm_test_01304,Full - no_path,word:110,0.0
cnndm_test_01304,AB2 - AB0,word:110,-0.04862313139260424
cnndm_test_01304,TextRank - no_path,word:110,0.047217010631644796
cnndm_test_01304,Lead - no_path,word:110,0.022816679779701032
cnndm_test_01304,Full - no_path,word:260,0.0
cnndm_test_01304,AB2 - AB0,word:260,0.0
cnndm_test_01304,TextRank - no_path,word:260,0.00564291290286606
cnndm_test_01304,Lead - no_path,word:260,-0.0009825385806589426
cnndm_test_01305,Full - no_path,unit:10,0.0
cnndm_test_01305,AB2 - AB0,unit:10,0.0
cnndm_test_01305,TextRank - no_path,unit:10,0.006734872243072315
cnndm_test_01305,Lead - no_path,unit:10,0.015685041570600106
cnndm_test_01305,Full - no_path,unit:5,0.0
cnndm_test_01305,AB2 - AB0,unit:5,0.024512807942149772
cnndm_test_01305,TextRank - no_path,unit:5,-0.016158138760098806
cnndm_test_01305,Lead - no_path,unit:5,-0.0008542713567839255
cnndm_test_01305,Full - no_path,word:110,0.0
cnndm_test_01305,AB2 - AB0,word:110,0.047645951035781536
cnndm_test_01305,TextRank - no_path,word:110,-0.03739426288354086
cnndm_test_01305,Lead - no_path,word:110,-0.0032015065913370555
cnndm_test_01305,Full - no_path,word:260,0.0
cnndm_test_01305,AB2 - AB0,word:260,0.004925476983923566
cnndm_test_01305,TextRank - no_path,word:260,0.0007667031763417265
cnndm_test_01305,Lead - no_path,word:260,0.006424489498780606
cnndm_test_01318,Full - no_path,unit:10,0.0
cnndm_test_01318,AB2 - AB0,unit:10,0.0
cnndm_test_01318,TextRank - no_path,unit:10,0.0
cnndm_test_01318,Lead - no_path,unit:10,0.0
cnndm_test_01318,Full - no_path,unit:5,0.0
cnndm_test_01318,AB2 - AB0,unit:5,0.030072712306214833
cnndm_test_01318,TextRank - no_path,unit:5,-0.030072712306214833
cnndm_test_01318,Lead - no_path,unit:5,0.03899253128132174
cnndm_test_01318,Full - no_path,word:110,0.0
cnndm_test_01318,AB2 - AB0,word:110,0.013333333333333364
cnndm_test_01318,TextRank - no_path,word:110,-0.013333333333333364
cnndm_test_01318,Lead - no_path,word:110,0.06229508196721306
cnndm_test_01318,Full - no_path,word:260,0.0
cnndm_test_01318,AB2 - AB0,word:260,0.0
cnndm_test_01318,TextRank - no_path,word:260,0.0
cnndm_test_01318,Lead - no_path,word:260,0.0
cnndm_test_01324,Full - no_path,unit:10,0.0
cnndm_test_01324,AB2 - AB0,unit:10,0.0
cnndm_test_01324,TextRank - no_path,unit:10,0.0
cnndm_test_01324,Lead - no_path,unit:10,0.0
cnndm_test_01324,Full - no_path,unit:5,0.0
cnndm_test_01324,AB2 - AB0,unit:5,0.0
cnndm_test_01324,TextRank - no_path,unit:5,0.0
cnndm_test_01324,Lead - no_path,unit:5,-0.010775615012495104
cnndm_test_01324,Full - no_path,word:110,0.0
cnndm_test_01324,AB2 - AB0,word:110,0.0
cnndm_test_01324,TextRank - no_path,word:110,0.11186467725205457
cnndm_test_01324,Lead - no_path,word:110,0.09294320137693629
cnndm_test_01324,Full - no_path,word:260,0.0
cnndm_test_01324,AB2 - AB0,word:260,0.0
cnndm_test_01324,TextRank - no_path,word:260,0.0
cnndm_test_01324,Lead - no_path,word:260,0.0
cnndm_test_01332,Full - no_path,unit:10,0.0
cnndm_test_01332,AB2 - AB0,unit:10,0.0
cnndm_test_01332,TextRank - no_path,unit:10,0.011784511784511759
cnndm_test_01332,Lead - no_path,unit:10,-0.017845117845117886
cnndm_test_01332,Full - no_path,unit:5,0.0
cnndm_test_01332,AB2 - AB0,unit:5,0.01099424317188244
cnndm_test_01332,TextRank - no_path,unit:5,-0.01099424317188244
cnndm_test_01332,Lead - no_path,unit:5,0.03985556926733397
cnndm_test_01332,Full - no_path,word:110,0.0
cnndm_test_01332,AB2 - AB0,word:110,0.01099424317188244
cnndm_test_01332,TextRank - no_path,word:110,-0.01099424317188244
cnndm_test_01332,Lead - no_path,word:110,0.03985556926733397
cnndm_test_01332,Full - no_path,word:260,0.0
cnndm_test_01332,AB2 - AB0,word:260,0.0
cnndm_test_01332,TextRank - no_path,word:260,0.0022003168456257716
cnndm_test_01332,Lead - no_path,word:260,-0.021901528013582347
cnndm_test_01334,Full - no_path,unit:10,0.0
cnndm_test_01334,AB2 - AB0,unit:10,0.005361692699678761
cnndm_test_01334,TextRank - no_path,unit:10,0.0027461918043338307
cnndm_test_01334,Lead - no_path,unit:10,-0.013303485769107781
cnndm_test_01334,Full - no_path,unit:5,0.0
cnndm_test_01334,AB2 - AB0,unit:5,-0.05640440337248259
cnndm_test_01334,TextRank - no_path,unit:5,0.07463771213610906
cnndm_test_01334,Lead - no_path,unit:5,0.03844404003639673
cnndm_test_01334,Full - no_path,word:110,0.0
cnndm_test_01334,AB2 - AB0,word:110,-0.07961854069638502
cnndm_test_01334,TextRank - no_path,word:110,0.04121817714264725
cnndm_test_01334,Lead - no_path,word:110,0.014298675376519715
cnndm_test_01334,Full - no_path,word:260,-0.006153846153846149
cnndm_test_01334,AB2 - AB0,word:260,0.004819843648974309
cnndm_test_01334,TextRank - no_path,word:260,-0.028059990324141276
cnndm_test_01334,Lead - no_path,word:260,-0.004777830864787391
cnndm_test_01335,Full - no_path,unit:10,0.0
cnndm_test_01335,AB2 - AB0,unit:10,0.002320004461547051
cnndm_test_01335,TextRank - no_path,unit:10,-0.0023532295624463934
cnndm_test_01335,Lead - no_path,unit:10,0.046180268430761395
cnndm_test_01335,Full - no_path,unit:5,0.0
cnndm_test_01335,AB2 - AB0,unit:5,0.017943409247757086
cnndm_test_01335,TextRank - no_path,unit:5,-0.017943409247757086
cnndm_test_01335,Lead - no_path,unit:5,0.0999704229517894
cnndm_test_01335,Full - no_path,word:110,0.0
cnndm_test_01335,AB2 - AB0,word:110,0.05336332038437945
cnndm_test_01335,TextRank - no_path,word:110,-0.05336332038437945
cnndm_test_01335,Lead - no_path,word:110,0.15509409474367292
cnndm_test_01335,Full - no_path,word:260,0.0
cnndm_test_01335,AB2 - AB0,word:260,0.0028832725143037308
cnndm_test_01335,TextRank - no_path,word:260,-0.006277550832006276
cnndm_test_01335,Lead - no_path,word:260,0.057030807030807026
cnndm_test_01337,Full - no_path,unit:10,0.0
cnndm_test_01337,AB2 - AB0,unit:10,0.001698719893223316
cnndm_test_01337,TextRank - no_path,unit:10,0.0017769504146217668
cnndm_test_01337,Lead - no_path,unit:10,0.018637965227102066
cnndm_test_01337,Full - no_path,unit:5,0.0
cnndm_test_01337,AB2 - AB0,unit:5,-0.032453624714124954
cnndm_test_01337,TextRank - no_path,unit:5,0.0032824039701457586
cnndm_test_01337,Lead - no_path,unit:5,0.10234572356549981
cnndm_test_01337,Full - no_path,word:110,0.0
cnndm_test_01337,AB2 - AB0,word:110,-0.025879230258792296
cnndm_test_01337,TextRank - no_path,word:110,0.0268135904499541
cnndm_test_01337,Lead - no_path,word:110,0.15538592027141646
cnndm_test_01337,Full - no_path,word:260,0.0
cnndm_test_01337,AB2 - AB0,word:260,-0.025100851636037654
cnndm_test_01337,TextRank - no_path,word:260,0.01034649596188917
cnndm_test_01337,Lead - no_path,word:260,0.04887097349552313
cnndm_test_01339,Full - no_path,unit:10,0.0
cnndm_test_01339,AB2 - AB0,unit:10,-4.8119721868022935e-05
cnndm_test_01339,TextRank - no_path,unit:10,0.0023300367628022456
cnndm_test_01339,Lead - no_path,unit:10,0.014353224338841772
cnndm_test_01339,Full - no_path,unit:5,0.0
cnndm_test_01339,AB2 - AB0,unit:5,0.007277628032344996
cnndm_test_01339,TextRank - no_path,unit:5,0.01642267818997792
cnndm_test_01339,Lead - no_path,unit:5,-0.012393998695368502
cnndm_test_01339,Full - no_path,word:110,0.0
cnndm_test_01339,AB2 - AB0,word:110,-0.033333333333333326
cnndm_test_01339,TextRank - no_path,word:110,-0.011827956989247351
cnndm_test_01339,Lead - no_path,word:110,-0.00416666666666668
cnndm_test_01339,Full - no_path,word:260,0.0
cnndm_test_01339,AB2 - AB0,word:260,-0.013967681815389044
cnndm_test_01339,TextRank - no_path,word:260,0.012779552715654952
cnndm_test_01339,Lead - no_path,word:260,-0.008765974440894567
cnndm_test_01345,Full - no_path,unit:10,0.0
cnndm_test_01345,AB2 - AB0,unit:10,0.0
cnndm_test_01345,TextRank - no_path,unit:10,0.023548843794242547
cnndm_test_01345,Lead - no_path,unit:10,0.008787929033327785
cnndm_test_01345,Full - no_path,unit:5,0.0
cnndm_test_01345,AB2 - AB0,unit:5,-0.05047197071855131
cnndm_test_01345,TextRank - no_path,unit:5,0.0672596295207292
cnndm_test_01345,Lead - no_path,unit:5,0.10239894840617808
cnndm_test_01345,Full - no_path,word:110,0.0
cnndm_test_01345,AB2 - AB0,word:110,0.012501680333378146
cnndm_test_01345,TextRank - no_path,word:110,0.047735618115055056
cnndm_test_01345,Lead - no_path,word:110,0.08301935819150319
cnndm_test_01345,Full - no_path,word:260,0.0
cnndm_test_01345,AB2 - AB0,word:260,0.0
cnndm_test_01345,TextRank - no_path,word:260,0.0028757668711656137
cnndm_test_01345,Lead - no_path,word:260,-0.008795919875822344
cnndm_test_01349,Full - no_path,unit:10,0.0
cnndm_test_01349,AB2 - AB0,unit:10,0.0
cnndm_test_01349,TextRank - no_path,unit:10,0.0
cnndm_test_01349,Lead - no_path,unit:10,0.0
cnndm_test_01349,Full - no_path,unit:5,0.0
cnndm_test_01349,AB2 - AB0,unit:5,0.0
cnndm_test_01349,TextRank - no_path,unit:5,-0.03413643598046212
cnndm_test_01349,Lead - no_path,unit:5,0.0
cnndm_test_01349,Full - no_path,word:110,0.0
cnndm_test_01349,AB2 - AB0,word:110,0.01266849092936051
cnndm_test_01349,TextRank - no_path,word:110,-0.05887056471764118
cnndm_test_01349,Lead - no_path,word:110,0.046131863645641924
cnndm_test_01349,Full - no_path,word:260,0.0
cnndm_test_01349,AB2 - AB0,word:260,0.0
cnndm_test_01349,TextRank - no_path,word:260,0.0
cnndm_test_01349,Lead - no_path,word:260,0.0
cnndm_test_01351,Full - no_path,unit:10,0.0
cnndm_test_01351,AB2 - AB0,unit:10,0.010060094325270025
cnndm_test_01351,TextRank - no_path,unit:10,0.005353024564670045
cnndm_test_01351,Lead - no_path,unit:10,-0.03833865814696484
cnndm_test_01351,Full - no_path,unit:5,0.0
cnndm_test_01351,AB2 - AB0,unit:5,0.006875621088819062
cnndm_test_01351,TextRank - no_path,unit:5,0.016254840997109027
cnndm_test_01351,Lead - no_path,unit:5,0.0
cnndm_test_01351,Full - no_path,word:110,0.0
cnndm_test_01351,AB2 - AB0,word:110,0.04562043795620438
cnndm_test_01351,TextRank - no_path,word:110,0.0017482517482517723
cnndm_test_01351,Lead - no_path,word:110,-0.06159420289855072
cnndm_test_01351,Full - no_path,word:260,-0.0016130163405568276
cnndm_test_01351,AB2 - AB0,word:260,0.006039627596084951
cnndm_test_01351,TextRank - no_path,word:260,0.0010939487984399365
cnndm_test_01351,Lead - no_path,word:260,-0.049601025103384
cnndm_test_01354,Full - no_path,unit:10,0.0
cnndm_test_01354,AB2 - AB0,unit:10,0.0
cnndm_test_01354,TextRank - no_path,unit:10,-0.019150125803746115
cnndm_test_01354,Lead - no_path,unit:10,0.05517762660619807
cnndm_test_01354,Full - no_path,unit:5,0.0
cnndm_test_01354,AB2 - AB0,unit:5,0.00852408773106031
cnndm_test_01354,TextRank - no_path,unit:5,-0.019239205364416895
cnndm_test_01354,Lead - no_path,unit:5,0.10035956006768182
cnndm_test_01354,Full - no_path,word:110,0.0
cnndm_test_01354,AB2 - AB0,word:110,0.0
cnndm_test_01354,TextRank - no_path,word:110,-0.05451127819548879
cnndm_test_01354,Lead - no_path,word:110,0.09356725146198824
cnndm_test_01354,Full - no_path,word:260,0.0
cnndm_test_01354,AB2 - AB0,word:260,0.0
cnndm_test_01354,TextRank - no_path,word:260,-0.06697555205047317
cnndm_test_01354,Lead - no_path,word:260,0.007900943396226434
cnndm_test_01369,Full - no_path,unit:10,0.0
cnndm_test_01369,AB2 - AB0,unit:10,0.048942280467580784
cnndm_test_01369,TextRank - no_path,unit:10,-0.0547537269804151
cnndm_test_01369,Lead - no_path,unit:10,0.028245381753987747
cnndm_test_01369,Full - no_path,unit:5,0.0
cnndm_test_01369,AB2 - AB0,unit:5,0.08159266208046695
cnndm_test_01369,TextRank - no_path,unit:5,-0.0710040856753745
cnndm_test_01369,Lead - no_path,unit:5,0.03944887599709937
cnndm_test_01369,Full - no_path,word:110,0.0
cnndm_test_01369,AB2 - AB0,word:110,-0.000997641937239252
cnndm_test_01369,TextRank - no_path,word:110,-0.08142584114849549
cnndm_test_01369,Lead - no_path,word:110,0.000997641937239252
cnndm_test_01369,Full - no_path,word:260,0.0
cnndm_test_01369,AB2 - AB0,word:260,0.046775648500583036
cnndm_test_01369,TextRank - no_path,word:260,-0.05314757481940148
cnndm_test_01369,Lead - no_path,word:260,0.0017543859649122584
cnndm_test_01372,Full - no_path,unit:10,0.0
cnndm_test_01372,AB2 - AB0,unit:10,0.0
cnndm_test_01372,TextRank - no_path,unit:10,0.034432958346001796
cnndm_test_01372,Lead - no_path,unit:10,-0.04449011857707508
cnndm_test_01372,Full - no_path,unit:5,0.0
cnndm_test_01372,AB2 - AB0,unit:5,-0.061492724143326516
cnndm_test_01372,TextRank - no_path,unit:5,-0.052936154065079205
cnndm_test_01372,Lead - no_path,unit:5,0.02849043231750531
cnndm_test_01372,Full - no_path,word:110,0.0
cnndm_test_01372,AB2 - AB0,word:110,0.0
cnndm_test_01372,TextRank - no_path,word:110,-0.10865384615384616
cnndm_test_01372,Lead - no_path,word:110,-0.04426705370101597
cnndm_test_01372,Full - no_path,word:260,-0.002332667857518095
cnndm_test_01372,AB2 - AB0,word:260,0.0
cnndm_test_01372,TextRank - no_path,word:260,-0.0007826050171327037
cnndm_test_01372,Lead - no_path,word:260,-0.022392827591985465
cnndm_test_01375,Full - no_path,unit:10,0.0
cnndm_test_01375,AB2 - AB0,unit:10,-0.11436865021770681
cnndm_test_01375,TextRank - no_path,unit:10,-0.02810366346083254
cnndm_test_01375,Lead - no_path,unit:10,0.1283018867924528
cnndm_test_01375,Full - no_path,unit:5,0.0
cnndm_test_01375,AB2 - AB0,unit:5,0.0
cnndm_test_01375,TextRank - no_path,unit:5,0.0
cnndm_test_01375,Lead - no_path,unit:5,0.009449562957713153
cnndm_test_01375,Full - no_path,word:110,0.0
cnndm_test_01375,AB2 - AB0,word:110,0.01277606574216747
cnndm_test_01375,TextRank - no_path,word:110,-0.1812190069675475
cnndm_test_01375,Lead - no_path,word:110,-0.02440914374273534
cnndm_test_01375,Full - no_path,word:260,0.0
cnndm_test_01375,AB2 - AB0,word:260,0.0
cnndm_test_01375,TextRank - no_path,word:260,0.0
cnndm_test_01375,Lead - no_path,word:260,0.0
cnndm_test_01378,Full - no_path,unit:10,0.0
cnndm_test_01378,AB2 - AB0,unit:10,0.0
cnndm_test_01378,TextRank - no_path,unit:10,0.03932659932659929
cnndm_test_01378,Lead - no_path,unit:10,0.2564541341011929
cnndm_test_01378,Full - no_path,unit:5,0.0
cnndm_test_01378,AB2 - AB0,unit:5,0.0
cnndm_test_01378,TextRank - no_path,unit:5,-0.0009192866335723526
cnndm_test_01378,Lead - no_path,unit:5,0.061128676822841815
cnndm_test_01378,Full - no_path,word:110,0.0
cnndm_test_01378,AB2 - AB0,word:110,0.0
cnndm_test_01378,TextRank - no_path,word:110,0.10864280325257776
cnndm_test_01378,Lead - no_path,word:110,0.08592290711496005
cnndm_test_01378,Full - no_path,word:260,0.0
cnndm_test_01378,AB2 - AB0,word:260,0.0
cnndm_test_01378,TextRank - no_path,word:260,-0.0016824395373290502
cnndm_test_01378,Lead - no_path,word:260,0.0
cnndm_test_01388,Full - no_path,unit:10,0.0
cnndm_test_01388,AB2 - AB0,unit:10,0.05534531693472092
cnndm_test_01388,TextRank - no_path,unit:10,-0.056982343499197424
cnndm_test_01388,Lead - no_path,unit:10,0.04658385093167708
cnndm_test_01388,Full - no_path,unit:5,0.0
cnndm_test_01388,AB2 - AB0,unit:5,0.07117831458602245
cnndm_test_01388,TextRank - no_path,unit:5,-0.042780748663101525
cnndm_test_01388,Lead - no_path,unit:5,0.028673599947508288
cnndm_test_01388,Full - no_path,word:110,0.0
cnndm_test_01388,AB2 - AB0,word:110,0.14798743079455334
cnndm_test_01388,TextRank - no_path,word:110,-0.019938650306748462
cnndm_test_01388,Lead - no_path,word:110,0.0368098159509202
cnndm_test_01388,Full - no_path,word:260,0.0
cnndm_test_01388,AB2 - AB0,word:260,0.058860759493670894
cnndm_test_01388,TextRank - no_path,word:260,-0.07136075949367088
cnndm_test_01388,Lead - no_path,word:260,-0.0038918153942920086
cnndm_test_01389,Full - no_path,unit:10,0.0
cnndm_test_01389,AB2 - AB0,unit:10,0.000998352718015294
cnndm_test_01389,TextRank - no_path,unit:10,-0.010107220145583323
cnndm_test_01389,Lead - no_path,unit:10,0.036803902382030323
cnndm_test_01389,Full - no_path,unit:5,0.0
cnndm_test_01389,AB2 - AB0,unit:5,-0.00905910283643635
cnndm_test_01389,TextRank - no_path,unit:5,0.03724663857114188
cnndm_test_01389,Lead - no_path,unit:5,0.051598748628773394
cnndm_test_01389,Full - no_path,word:110,0.0
cnndm_test_01389,AB2 - AB0,word:110,-0.08094519859225743
cnndm_test_01389,TextRank - no_path,word:110,0.0536130536130536
cnndm_test_01389,Lead - no_path,word:110,0.04172951231774763
cnndm_test_01389,Full - no_path,word:260,0.0
cnndm_test_01389,AB2 - AB0,word:260,-0.012451871876792003
cnndm_test_01389,TextRank - no_path,word:260,0.0060620955189645415
cnndm_test_01389,Lead - no_path,word:260,0.01962239261274633
cnndm_test_01404,Full - no_path,unit:10,0.0
cnndm_test_01404,AB2 - AB0,unit:10,0.0
cnndm_test_01404,TextRank - no_path,unit:10,0.0
cnndm_test_01404,Lead - no_path,unit:10,0.0
cnndm_test_01404,Full - no_path,unit:5,0.0
cnndm_test_01404,AB2 - AB0,unit:5,0.0
cnndm_test_01404,TextRank - no_path,unit:5,0.0
cnndm_test_01404,Lead - no_path,unit:5,0.0
cnndm_test_01404,Full - no_path,word:110,0.0
cnndm_test_01404,AB2 - AB0,word:110,0.0
cnndm_test_01404,TextRank - no_path,word:110,0.0
cnndm_test_01404,Lead - no_path,word:110,0.07986432315757011
cnndm_test_01404,Full - no_path,word:260,0.0
cnndm_test_01404,AB2 - AB0,word:260,0.0
cnndm_test_01404,TextRank - no_path,word:260,0.0
cnndm_test_01404,Lead - no_path,word:260,0.0
cnndm_test_01407,Full - no_path,unit:10,0.0
cnndm_test_01407,AB2 - AB0,unit:10,0.0
cnndm_test_01407,TextRank - no_path,unit:10,0.01572658583728695
cnndm_test_01407,Lead - no_path,unit:10,0.01275039536109647
cnndm_test_01407,Full - no_path,unit:5,0.0
cnndm_test_01407,AB2 - AB0,unit:5,0.0
cnndm_test_01407,TextRank - no_path,unit:5,0.018070742851275717
cnndm_test_01407,Lead - no_path,unit:5,0.012683802895947921
cnndm_test_01407,Full - no_path,word:110,0.0
cnndm_test_01407,AB2 - AB0,word:110,0.0
cnndm_test_01407,TextRank - no_path,word:110,0.053822040028936605
cnndm_test_01407,Lead - no_path,word:110,0.06993006993006991
cnndm_test_01407,Full - no_path,word:260,0.0
cnndm_test_01407,AB2 - AB0,word:260,0.0
cnndm_test_01407,TextRank - no_path,word:260,0.026396713878476377
cnndm_test_01407,Lead - no_path,word:260,0.010264508487958943
cnndm_test_01410,Full - no_path,unit:10,0.0
cnndm_test_01410,AB2 - AB0,unit:10,0.025831702544031318
cnndm_test_01410,TextRank - no_path,unit:10,-0.024404761904761915
cnndm_test_01410,Lead - no_path,unit:10,-0.040922026180990334
cnndm_test_01410,Full - no_path,unit:5,0.0
cnndm_test_01410,AB2 - AB0,unit:5,0.041530054644808745
cnndm_test_01410,TextRank - no_path,unit:5,-0.025130767657286474
cnndm_test_01410,Lead - no_path,unit:5,-0.05798027109502521
cnndm_test_01410,Full - no_path,word:110,0.0
cnndm_test_01410,AB2 - AB0,word:110,0.02392344497607657
cnndm_test_01410,TextRank - no_path,word:110,-0.025974025974025983
cnndm_test_01410,Lead - no_path,word:110,-0.06493506493506496
cnndm_test_01410,Full - no_path,word:260,0.0
cnndm_test_01410,AB2 - AB0,word:260,0.0057733992172010196
cnndm_test_01410,TextRank - no_path,word:260,0.0060804682991178055
cnndm_test_01410,Lead - no_path,word:260,-0.005806512034464445
cnndm_test_01411,Full - no_path,unit:10,0.0
cnndm_test_01411,AB2 - AB0,unit:10,-0.04855659660673589
cnndm_test_01411,TextRank - no_path,unit:10,0.09156814531861035
cnndm_test_01411,Lead - no_path,unit:10,0.012685840856462072
cnndm_test_01411,Full - no_path,unit:5,0.0
cnndm_test_01411,AB2 - AB0,unit:5,0.015693503387803925
cnndm_test_01411,TextRank - no_path,unit:5,0.12875213477291805
cnndm_test_01411,Lead - no_path,unit:5,-0.03315056089340512
cnndm_test_01411,Full - no_path,word:110,0.0
cnndm_test_01411,AB2 - AB0,word:110,0.011695906432748565
cnndm_test_01411,TextRank - no_path,word:110,0.11245058642882813
cnndm_test_01411,Lead - no_path,word:110,-0.09832490831598775
cnndm_test_01411,Full - no_path,word:260,0.0
cnndm_test_01411,AB2 - AB0,word:260,0.022977301211530438
cnndm_test_01411,TextRank - no_path,word:260,-0.008369348974411744
cnndm_test_01411,Lead - no_path,word:260,-0.06388344073970298
cnndm_test_01414,Full - no_path,unit:10,0.0
cnndm_test_01414,AB2 - AB0,unit:10,-0.009758526263380633
cnndm_test_01414,TextRank - no_path,unit:10,0.008220064724919096
cnndm_test_01414,Lead - no_path,unit:10,0.12026307547760728
cnndm_test_01414,Full - no_path,unit:5,0.0
cnndm_test_01414,AB2 - AB0,unit:5,0.0014546834482322274
cnndm_test_01414,TextRank - no_path,unit:5,0.0050320534914179565
cnndm_test_01414,Lead - no_path,unit:5,0.21209465381244522
cnndm_test_01414,Full - no_path,word:110,0.00046583850931679327
cnndm_test_01414,AB2 - AB0,word:110,-0.012965838509316777
cnndm_test_01414,TextRank - no_path,word:110,0.012965838509316777
cnndm_test_01414,Lead - no_path,word:110,0.21994436611667872
cnndm_test_01414,Full - no_path,word:260,0.05013089275039679
cnndm_test_01414,AB2 - AB0,word:260,-0.005182090041374786
cnndm_test_01414,TextRank - no_path,word:260,0.005544905489250303
cnndm_test_01414,Lead - no_path,word:260,0.09963962308454052
cnndm_test_01419,Full - no_path,unit:10,0.0
cnndm_test_01419,AB2 - AB0,unit:10,0.0
cnndm_test_01419,TextRank - no_path,unit:10,0.0
cnndm_test_01419,Lead - no_path,unit:10,0.0
cnndm_test_01419,Full - no_path,unit:5,0.0
cnndm_test_01419,AB2 - AB0,unit:5,0.0
cnndm_test_01419,TextRank - no_path,unit:5,0.021097883597883574
cnndm_test_01419,Lead - no_path,unit:5,-0.016402116402116418
cnndm_test_01419,Full - no_path,word:110,0.0
cnndm_test_01419,AB2 - AB0,word:110,0.0
cnndm_test_01419,TextRank - no_path,word:110,0.015921706105755162
cnndm_test_01419,Lead - no_path,word:110,-0.017781796262808958
cnndm_test_01419,Full - no_path,word:260,0.0
cnndm_test_01419,AB2 - AB0,word:260,0.0
cnndm_test_01419,TextRank - no_path,word:260,0.0
cnndm_test_01419,Lead - no_path,word:260,0.0
cnndm_test_01428,Full - no_path,unit:10,0.0
cnndm_test_01428,AB2 - AB0,unit:10,0.0
cnndm_test_01428,TextRank - no_path,unit:10,-0.030804498889605292
cnndm_test_01428,Lead - no_path,unit:10,0.062237648140731794
cnndm_test_01428,Full - no_path,unit:5,0.0
cnndm_test_01428,AB2 - AB0,unit:5,0.059713037088602705
cnndm_test_01428,TextRank - no_path,unit:5,-0.059713037088602705
cnndm_test_01428,Lead - no_path,unit:5,0.10005027652086476
cnndm_test_01428,Full - no_path,word:110,0.0
cnndm_test_01428,AB2 - AB0,word:110,0.0
cnndm_test_01428,TextRank - no_path,word:110,-0.10732125017839303
cnndm_test_01428,Lead - no_path,word:110,0.04081632653061226
cnndm_test_01428,Full - no_path,word:260,0.006644518272425237
cnndm_test_01428,AB2 - AB0,word:260,0.0
cnndm_test_01428,TextRank - no_path,word:260,-0.025154247745609877
cnndm_test_01428,Lead - no_path,word:260,0.027333637040411543
cnndm_test_01435,Full - no_path,unit:10,0.0
cnndm_test_01435,AB2 - AB0,unit:10,0.00719969685486932
cnndm_test_01435,TextRank - no_path,unit:10,0.02362469334946396
cnndm_test_01435,Lead - no_path,unit:10,0.013431013431013411
cnndm_test_01435,Full - no_path,unit:5,0.0
cnndm_test_01435,AB2 - AB0,unit:5,-0.006900969028285686
cnndm_test_01435,TextRank - no_path,unit:5,-0.036485984575386154
cnndm_test_01435,Lead - no_path,unit:5,0.020369577625570817
cnndm_test_01435,Full - no_path,word:110,0.0
cnndm_test_01435,AB2 - AB0,word:110,0.011297995242949388
cnndm_test_01435,TextRank - no_path,word:110,-0.04229229229229228
cnndm_test_01435,Lead - no_path,word:110,0.009259259259259245
cnndm_test_01435,Full - no_path,word:260,-0.0010008936550491843
cnndm_test_01435,AB2 - AB0,word:260,0.0014973475557583937
cnndm_test_01435,TextRank - no_path,word:260,0.031583776576679906
cnndm_test_01435,Lead - no_path,word:260,0.0428954423592493
cnndm_test_01438,Full - no_path,unit:10,0.0
cnndm_test_01438,AB2 - AB0,unit:10,0.0
cnndm_test_01438,TextRank - no_path,unit:10,0.0
cnndm_test_01438,Lead - no_path,unit:10,0.005050505050505055
cnndm_test_01438,Full - no_path,unit:5,0.0
cnndm_test_01438,AB2 - AB0,unit:5,-0.043498817966903025
cnndm_test_01438,TextRank - no_path,unit:5,0.022222222222222254
cnndm_test_01438,Lead - no_path,unit:5,0.04603174603174598
cnndm_test_01438,Full - no_path,word:110,-0.013513513513513542
cnndm_test_01438,AB2 - AB0,word:110,-0.03827317250136042
cnndm_test_01438,TextRank - no_path,word:110,0.002022430593859148
cnndm_test_01438,Lead - no_path,word:110,0.029500088323617724
cnndm_test_01438,Full - no_path,word:260,0.0
cnndm_test_01438,AB2 - AB0,word:260,0.0
cnndm_test_01438,TextRank - no_path,word:260,0.0
cnndm_test_01438,Lead - no_path,word:260,0.0
cnndm_test_01439,Full - no_path,unit:10,0.0
cnndm_test_01439,AB2 - AB0,unit:10,0.006282059973335141
cnndm_test_01439,TextRank - no_path,unit:10,0.006122689273519388
cnndm_test_01439,Lead - no_path,unit:10,0.00015916385919304
cnndm_test_01439,Full - no_path,unit:5,0.0
cnndm_test_01439,AB2 - AB0,unit:5,0.0061475409836065364
cnndm_test_01439,TextRank - no_path,unit:5,0.0014491440992663862
cnndm_test_01439,Lead - no_path,unit:5,0.08653953384632546
cnndm_test_01439,Full - no_path,word:110,0.0
cnndm_test_01439,AB2 - AB0,word:110,-0.06728476821192053
cnndm_test_01439,TextRank - no_path,word:110,0.06944693037408273
cnndm_test_01439,Lead - no_path,word:110,0.1150769760041283
cnndm_test_01439,Full - no_path,word:260,0.0
cnndm_test_01439,AB2 - AB0,word:260,0.010045181383515359
cnndm_test_01439,TextRank - no_path,word:260,-0.0013378224709580944
cnndm_test_01439,Lead - no_path,word:260,-0.01462685901580861
cnndm_test_01459,Full - no_path,unit:10,0.0
cnndm_test_01459,AB2 - AB0,unit:10,8.520155492838799e-05
cnndm_test_01459,TextRank - no_path,unit:10,-8.520155492838799e-05
cnndm_test_01459,Lead - no_path,unit:10,0.030548770558540966
cnndm_test_01459,Full - no_path,unit:5,0.0
cnndm_test_01459,AB2 - AB0,unit:5,-0.021817309997602494
cnndm_test_01459,TextRank - no_path,unit:5,0.05307784252203794
cnndm_test_01459,Lead - no_path,unit:5,0.03637582767580251
cnndm_test_01459,Full - no_path,word:110,0.0
cnndm_test_01459,AB2 - AB0,word:110,-0.05722533537103075
cnndm_test_01459,TextRank - no_path,word:110,0.05722533537103075
cnndm_test_01459,Lead - no_path,word:110,0.022738268021286895
cnndm_test_01459,Full - no_path,word:260,0.0
cnndm_test_01459,AB2 - AB0,word:260,0.0
cnndm_test_01459,TextRank - no_path,word:260,0.0009830626497634581
cnndm_test_01459,Lead - no_path,word:260,0.003679234086323549
cnndm_test_01460,Full - no_path,unit:10,0.0
cnndm_test_01460,AB2 - AB0,unit:10,0.0
cnndm_test_01460,TextRank - no_path,unit:10,0.0
cnndm_test_01460,Lead - no_path,unit:10,0.0
cnndm_test_01460,Full - no_path,unit:5,0.0
cnndm_test_01460,AB2 - AB0,unit:5,0.0
cnndm_test_01460,TextRank - no_path,unit:5,0.0
cnndm_test_01460,Lead - no_path,unit:5,0.01369528001956466
cnndm_test_01460,Full - no_path,word:110,0.0
cnndm_test_01460,AB2 - AB0,word:110,0.0
cnndm_test_01460,TextRank - no_path,word:110,0.0
cnndm_test_01460,Lead - no_path,word:110,0.0027633522321215964
cnndm_test_01460,Full - no_path,word:260,0.0
cnndm_test_01460,AB2 - AB0,word:260,0.0
cnndm_test_01460,TextRank - no_path,word:260,0.0
cnndm_test_01460,Lead - no_path,word:260,0.0
cnndm_test_01464,Full - no_path,unit:10,0.0
cnndm_test_01464,AB2 - AB0,unit:10,-0.0003058103975535631
cnndm_test_01464,TextRank - no_path,unit:10,0.0003058103975535631
cnndm_test_01464,Lead - no_path,unit:10,0.03023778318666917
cnndm_test_01464,Full - no_path,unit:5,0.0
cnndm_test_01464,AB2 - AB0,unit:5,-0.05733333333333335
cnndm_test_01464,TextRank - no_path,unit:5,0.05733333333333335
cnndm_test_01464,Lead - no_path,unit:5,0.06474074074074077
cnndm_test_01464,Full - no_path,word:110,0.0
cnndm_test_01464,AB2 - AB0,word:110,-0.08496835443037978
cnndm_test_01464,TextRank - no_path,word:110,0.009968354430379772
cnndm_test_01464,Lead - no_path,word:110,0.014028863984519885
cnndm_test_01464,Full - no_path,word:260,0.0
cnndm_test_01464,AB2 - AB0,word:260,-0.02580645161290321
cnndm_test_01464,TextRank - no_path,word:260,0.032258064516129004
cnndm_test_01464,Lead - no_path,word:260,0.021631878557874767
cnndm_test_01466,Full - no_path,unit:10,0.0
cnndm_test_01466,AB2 - AB0,unit:10,0.0
cnndm_test_01466,TextRank - no_path,unit:10,0.0
cnndm_test_01466,Lead - no_path,unit:10,0.0
cnndm_test_01466,Full - no_path,unit:5,0.0
cnndm_test_01466,AB2 - AB0,unit:5,0.0
cnndm_test_01466,TextRank - no_path,unit:5,0.013093901982790868
cnndm_test_01466,Lead - no_path,unit:5,0.013093901982790868
cnndm_test_01466,Full - no_path,word:110,0.0
cnndm_test_01466,AB2 - AB0,word:110,0.0
cnndm_test_01466,TextRank - no_path,word:110,-0.03653179190751443
cnndm_test_01466,Lead - no_path,word:110,0.0
cnndm_test_01466,Full - no_path,word:260,0.0
cnndm_test_01466,AB2 - AB0,word:260,0.008841463414634154
cnndm_test_01466,TextRank - no_path,word:260,-0.008841463414634154
cnndm_test_01466,Lead - no_path,word:260,-0.01011855319791588
cnndm_test_01471,Full - no_path,unit:10,0.0
cnndm_test_01471,AB2 - AB0,unit:10,0.0
cnndm_test_01471,TextRank - no_path,unit:10,0.0
cnndm_test_01471,Lead - no_path,unit:10,0.0
cnndm_test_01471,Full - no_path,unit:5,0.0
cnndm_test_01471,AB2 - AB0,unit:5,0.0
cnndm_test_01471,TextRank - no_path,unit:5,0.10591318708936198
cnndm_test_01471,Lead - no_path,unit:5,0.1286434632886484
cnndm_test_01471,Full - no_path,word:110,0.0
cnndm_test_01471,AB2 - AB0,word:110,0.0
cnndm_test_01471,TextRank - no_path,word:110,0.018476295306234736
cnndm_test_01471,Lead - no_path,word:110,0.07540576221169526
cnndm_test_01471,Full - no_path,word:260,0.0
cnndm_test_01471,AB2 - AB0,word:260,0.0
cnndm_test_01471,TextRank - no_path,word:260,0.0
cnndm_test_01471,Lead - no_path,word:260,0.0
cnndm_test_01473,Full - no_path,unit:10,0.0
cnndm_test_01473,AB2 - AB0,unit:10,-0.06167290886392013
cnndm_test_01473,TextRank - no_path,unit:10,0.06167290886392013
cnndm_test_01473,Lead - no_path,unit:10,0.03535353535353533
cnndm_test_01473,Full - no_path,unit:5,0.0
cnndm_test_01473,AB2 - AB0,unit:5,-0.008907185628742542
cnndm_test_01473,TextRank - no_path,unit:5,0.008907185628742542
cnndm_test_01473,Lead - no_path,unit:5,-0.019195651250690088
cnndm_test_01473,Full - no_path,word:110,0.0
cnndm_test_01473,AB2 - AB0,word:110,0.0016060462919225416
cnndm_test_01473,TextRank - no_path,word:110,-0.003190241613886924
cnndm_test_01473,Lead - no_path,word:110,-0.04270193670288144
cnndm_test_01473,Full - no_path,word:260,0.015402115800250249
cnndm_test_01473,AB2 - AB0,word:260,-0.012771879419092719
cnndm_test_01473,TextRank - no_path,word:260,0.014078141594920074
cnndm_test_01473,Lead - no_path,word:260,-0.02736189984512133
cnndm_test_01474,Full - no_path,unit:10,0.0
cnndm_test_01474,AB2 - AB0,unit:10,0.0
cnndm_test_01474,TextRank - no_path,unit:10,0.0
cnndm_test_01474,Lead - no_path,unit:10,0.01167211719975536
cnndm_test_01474,Full - no_path,unit:5,0.0
cnndm_test_01474,AB2 - AB0,unit:5,0.014998082086689624
cnndm_test_01474,TextRank - no_path,unit:5,0.0038720538720539155
cnndm_test_01474,Lead - no_path,unit:5,-0.014998082086689624
cnndm_test_01474,Full - no_path,word:110,0.0
cnndm_test_01474,AB2 - AB0,word:110,-0.07463345698639817
cnndm_test_01474,TextRank - no_path,word:110,0.07463345698639817
cnndm_test_01474,Lead - no_path,word:110,0.07463345698639817
cnndm_test_01474,Full - no_path,word:260,0.0
cnndm_test_01474,AB2 - AB0,word:260,0.0024735637870261507
cnndm_test_01474,TextRank - no_path,word:260,-0.0024735637870261507
cnndm_test_01474,Lead - no_path,word:260,-0.00647249190938512
cnndm_test_01475,Full - no_path,unit:10,0.0
cnndm_test_01475,AB2 - AB0,unit:10,0.0
cnndm_test_01475,TextRank - no_path,unit:10,-0.001922561030134995
cnndm_test_01475,Lead - no_path,unit:10,-0.011543334428229579
cnndm_test_01475,Full - no_path,unit:5,0.0
cnndm_test_01475,AB2 - AB0,unit:5,0.0
cnndm_test_01475,TextRank - no_path,unit:5,0.022765349364344212
cnndm_test_01475,Lead - no_path,unit:5,0.18286584040008697
cnndm_test_01475,Full - no_path,word:110,0.0
cnndm_test_01475,AB2 - AB0,word:110,0.0
cnndm_test_01475,TextRank - no_path,word:110,0.05298013245033106
cnndm_test_01475,Lead - no_path,word:110,0.14569536423841045
cnndm_test_01475,Full - no_path,word:260,0.0
cnndm_test_01475,AB2 - AB0,word:260,0.008688623964437203
cnndm_test_01475,TextRank - no_path,word:260,-0.008688623964437203
cnndm_test_01475,Lead - no_path,word:260,0.0
cnndm_test_01478,Full - no_path,unit:10,0.0
cnndm_test_01478,AB2 - AB0,unit:10,0.001772329505593917
cnndm_test_01478,TextRank - no_path,unit:10,-0.03093735570263198
cnndm_test_01478,Lead - no_path,unit:10,0.04544971859403206
cnndm_test_01478,Full - no_path,unit:5,0.0
cnndm_test_01478,AB2 - AB0,unit:5,0.00211581439018263
cnndm_test_01478,TextRank - no_path,unit:5,-0.020916281785847007
cnndm_test_01478,Lead - no_path,unit:5,0.04097985347985347
cnndm_test_01478,Full - no_path,word:110,0.0
cnndm_test_01478,AB2 - AB0,word:110,0.003557136505113384
cnndm_test_01478,TextRank - no_path,word:110,0.0070733863837312005
cnndm_test_01478,Lead - no_path,word:110,0.04155614500442084
cnndm_test_01478,Full - no_path,word:260,0.0
cnndm_test_01478,AB2 - AB0,word:260,0.0026758409785932746
cnndm_test_01478,TextRank - no_path,word:260,-0.01973684210526315
cnndm_test_01478,Lead - no_path,word:260,0.00462962962962965
cnndm_test_01489,Full - no_path,unit:10,0.0
cnndm_test_01489,AB2 - AB0,unit:10,0.001261795040596883
cnndm_test_01489,TextRank - no_path,unit:10,0.009358958307249282
cnndm_test_01489,Lead - no_path,unit:10,0.020484313128236384
cnndm_test_01489,Full - no_path,unit:5,0.0
cnndm_test_01489,AB2 - AB0,unit:5,0.006823684789786483
cnndm_test_01489,TextRank - no_path,unit:5,-0.006823684789786483
cnndm_test_01489,Lead - no_path,unit:5,0.05811138014527843
cnndm_test_01489,Full - no_path,word:110,0.0
cnndm_test_01489,AB2 - AB0,word:110,0.05815659597172203
cnndm_test_01489,TextRank - no_path,word:110,-0.05815659597172203
cnndm_test_01489,Lead - no_path,word:110,0.013605442176870763
cnndm_test_01489,Full - no_path,word:260,0.0
cnndm_test_01489,AB2 - AB0,word:260,0.006514657980456029
cnndm_test_01489,TextRank - no_path,word:260,0.0008195860039928587
cnndm_test_01489,Lead - no_path,word:260,0.007334243984448888
cnndm_test_01494,Full - no_path,unit:10,0.0
cnndm_test_01494,AB2 - AB0,unit:10,-0.02267542659001734
cnndm_test_01494,TextRank - no_path,unit:10,0.015999152362788732
cnndm_test_01494,Lead - no_path,unit:10,-0.004971219256933557
cnndm_test_01494,Full - no_path,unit:5,0.0
cnndm_test_01494,AB2 - AB0,unit:5,0.011916694509410852
cnndm_test_01494,TextRank - no_path,unit:5,-0.020486239664321865
cnndm_test_01494,Lead - no_path,unit:5,-0.04738270134339223
cnndm_test_01494,Full - no_path,word:110,0.0
cnndm_test_01494,AB2 - AB0,word:110,-0.024411804705562312
cnndm_test_01494,TextRank - no_path,word:110,-0.020572450805008996
cnndm_test_01494,Lead - no_path,word:110,-0.012568893668503861
cnndm_test_01494,Full - no_path,word:260,0.0
cnndm_test_01494,AB2 - AB0,word:260,-0.023706733318185264
cnndm_test_01494,TextRank - no_path,word:260,-0.011469397475589421
cnndm_test_01494,Lead - no_path,word:260,-0.026480186480186463
cnndm_test_01504,Full - no_path,unit:10,0.0
cnndm_test_01504,AB2 - AB0,unit:10,0.0
cnndm_test_01504,TextRank - no_path,unit:10,0.0
cnndm_test_01504,Lead - no_path,unit:10,0.0
cnndm_test_01504,Full - no_path,unit:5,0.0
cnndm_test_01504,AB2 - AB0,unit:5,0.0
cnndm_test_01504,TextRank - no_path,unit:5,-0.02779610326780138
cnndm_test_01504,Lead - no_path,unit:5,0.013328335207630493
cnndm_test_01504,Full - no_path,word:110,0.0
cnndm_test_01504,AB2 - AB0,word:110,0.0
cnndm_test_01504,TextRank - no_path,word:110,-0.06399356039643808
cnndm_test_01504,Lead - no_path,word:110,0.00010900370612604293
cnndm_test_01504,Full - no_path,word:260,0.0
cnndm_test_01504,AB2 - AB0,word:260,0.0
cnndm_test_01504,TextRank - no_path,word:260,0.0
cnndm_test_01504,Lead - no_path,word:260,0.0
cnndm_test_01508,Full - no_path,unit:10,0.0
cnndm_test_01508,AB2 - AB0,unit:10,0.0
cnndm_test_01508,TextRank - no_path,unit:10,0.007269931145363617
cnndm_test_01508,Lead - no_path,unit:10,-0.0032405970972523845
cnndm_test_01508,Full - no_path,unit:5,0.0
cnndm_test_01508,AB2 - AB0,unit:5,0.00032059845044091206
cnndm_test_01508,TextRank - no_path,unit:5,0.06783625730994153
cnndm_test_01508,Lead - no_path,unit:5,0.06655348047538195
cnndm_test_01508,Full - no_path,word:110,0.0
cnndm_test_01508,AB2 - AB0,word:110,0.0
cnndm_test_01508,TextRank - no_path,word:110,0.050776053215077555
cnndm_test_01508,Lead - no_path,word:110,0.034017595307917814
cnndm_test_01508,Full - no_path,word:260,0.0
cnndm_test_01508,AB2 - AB0,word:260,0.0
cnndm_test_01508,TextRank - no_path,word:260,0.0
cnndm_test_01508,Lead - no_path,word:260,0.0
cnndm_test_01517,Full - no_path,unit:10,0.0
cnndm_test_01517,AB2 - AB0,unit:10,-0.00044769133717259546
cnndm_test_01517,TextRank - no_path,unit:10,0.010199408850589009
cnndm_test_01517,Lead - no_path,unit:10,-0.005512003919647235
cnndm_test_01517,Full - no_path,unit:5,0.0
cnndm_test_01517,AB2 - AB0,unit:5,-0.023539911864784935
cnndm_test_01517,TextRank - no_path,unit:5,0.049962927051845074
cnndm_test_01517,Lead - no_path,unit:5,0.03963492795980106
cnndm_test_01517,Full - no_path,word:110,0.0
cnndm_test_01517,AB2 - AB0,word:110,0.02825892056661289
cnndm_test_01517,TextRank - no_path,word:110,0.016586921850079733
cnndm_test_01517,Lead - no_path,word:110,0.02162946833605517
cnndm_test_01517,Full - no_path,word:260,0.0
cnndm_test_01517,AB2 - AB0,word:260,-0.002629397810740536
cnndm_test_01517,TextRank - no_path,word:260,0.0
cnndm_test_01517,Lead - no_path,word:260,-0.006153846153846176
cnndm_test_01520,Full - no_path,unit:10,0.0
cnndm_test_01520,AB2 - AB0,unit:10,0.0
cnndm_test_01520,TextRank - no_path,unit:10,0.02690230731467845
cnndm_test_01520,Lead - no_path,unit:10,0.06944059177068884
cnndm_test_01520,Full - no_path,unit:5,0.0
cnndm_test_01520,AB2 - AB0,unit:5,-0.007168458781362005
cnndm_test_01520,TextRank - no_path,unit:5,0.056630824372759875
cnndm_test_01520,Lead - no_path,unit:5,0.11695906432748537
cnndm_test_01520,Full - no_path,word:110,0.0
cnndm_test_01520,AB2 - AB0,word:110,-0.002272382972276943
cnndm_test_01520,TextRank - no_path,word:110,0.036585365853658555
cnndm_test_01520,Lead - no_path,word:110,0.04878048780487805
cnndm_test_01520,Full - no_path,word:260,0.0
cnndm_test_01520,AB2 - AB0,word:260,0.0007641215541056845
cnndm_test_01520,TextRank - no_path,word:260,0.02468847352024922
cnndm_test_01520,Lead - no_path,word:260,0.03576923076923075
cnndm_test_01526,Full - no_path,unit:10,0.0
cnndm_test_01526,AB2 - AB0,unit:10,0.003582478423709484
cnndm_test_01526,TextRank - no_path,unit:10,-0.0027344818156959244
cnndm_test_01526,Lead - no_path,unit:10,-0.014774713810409956
cnndm_test_01526,Full - no_path,unit:5,0.0
cnndm_test_01526,AB2 - AB0,unit:5,-0.06847139924867357
cnndm_test_01526,TextRank - no_path,unit:5,0.05570280617611173
cnndm_test_01526,Lead - no_path,unit:5,0.026831785345717257
cnndm_test_01526,Full - no_path,word:110,0.0
cnndm_test_01526,AB2 - AB0,word:110,-0.010288457874480822
cnndm_test_01526,TextRank - no_path,word:110,-0.015149219815179527
cnndm_test_01526,Lead - no_path,word:110,-0.017778108379514268
cnndm_test_01526,Full - no_path,word:260,0.0
cnndm_test_01526,AB2 - AB0,word:260,0.006329113924050639
cnndm_test_01526,TextRank - no_path,word:260,0.0
cnndm_test_01526,Lead - no_path,word:260,-0.008216054721283117
cnndm_test_01527,Full - no_path,unit:10,0.0
cnndm_test_01527,AB2 - AB0,unit:10,0.005253283302063788
cnndm_test_01527,TextRank - no_path,unit:10,-0.013527362164377929
cnndm_test_01527,Lead - no_path,unit:10,0.015646571560055236
cnndm_test_01527,Full - no_path,unit:5,0.0
cnndm_test_01527,AB2 - AB0,unit:5,-0.01471409945986217
cnndm_test_01527,TextRank - no_path,unit:5,0.0025776692443359173
cnndm_test_01527,Lead - no_path,unit:5,0.0020259070538400092
cnndm_test_01527,Full - no_path,word:110,0.0
cnndm_test_01527,AB2 - AB0,word:110,0.0
cnndm_test_01527,TextRank - no_path,word:110,-0.025861297539149855
cnndm_test_01527,Lead - no_path,word:110,-0.02746136865342161
cnndm_test_01527,Full - no_path,word:260,0.0
cnndm_test_01527,AB2 - AB0,word:260,-0.005310628782747975
cnndm_test_01527,TextRank - no_path,word:260,-0.00210034505668788
cnndm_test_01527,Lead - no_path,word:260,0.02493182703544994
cnndm_test_01529,Full - no_path,unit:10,0.0
cnndm_test_01529,AB2 - AB0,unit:10,0.005240711044389085
cnndm_test_01529,TextRank - no_path,unit:10,-0.022113427581275075
cnndm_test_01529,Lead - no_path,unit:10,0.013746630727762818
cnndm_test_01529,Full - no_path,unit:5,0.0
cnndm_test_01529,AB2 - AB0,unit:5,0.0069459518124593
cnndm_test_01529,TextRank - no_path,unit:5,-0.06800445930880714
cnndm_test_01529,Lead - no_path,unit:5,-0.011594202898550732
cnndm_test_01529,Full - no_path,word:110,0.0
cnndm_test_01529,AB2 - AB0,word:110,-0.036774628879892024
cnndm_test_01529,TextRank - no_path,word:110,0.013405948889819858
cnndm_test_01529,Lead - no_path,word:110,0.08933002481389576
cnndm_test_01529,Full - no_path,word:260,0.0
cnndm_test_01529,AB2 - AB0,word:260,0.007276054374346461
cnndm_test_01529,TextRank - no_path,word:260,-0.03973509933774834
cnndm_test_01529,Lead - no_path,word:260,-0.00887288625988554
cnndm_test_01534,Full - no_path,unit:10,0.0
cnndm_test_01534,AB2 - AB0,unit:10,-0.0026446280991735405
cnndm_test_01534,TextRank - no_path,unit:10,0.0026446280991735405
cnndm_test_01534,Lead - no_path,unit:10,0.06507772020725387
cnndm_test_01534,Full - no_path,unit:5,0.0
cnndm_test_01534,AB2 - AB0,unit:5,-0.02821869488536155
cnndm_test_01534,TextRank - no_path,unit:5,0.02821869488536155
cnndm_test_01534,Lead - no_path,unit:5,0.07270083605961469
cnndm_test_01534,Full - no_path,word:110,0.001236203090507787
cnndm_test_01534,AB2 - AB0,word:110,0.0
cnndm_test_01534,TextRank - no_path,word:110,-0.10379781051493439
cnndm_test_01534,Lead - no_path,word:110,-0.015495823053283064
cnndm_test_01534,Full - no_path,word:260,-0.01911817930212259
cnndm_test_01534,AB2 - AB0,word:260,0.0
cnndm_test_01534,TextRank - no_path,word:260,-0.051476477812783694
cnndm_test_01534,Lead - no_path,word:260,-0.04560260586319219
cnndm_test_01556,Full - no_path,unit:10,0.0
cnndm_test_01556,AB2 - AB0,unit:10,0.0
cnndm_test_01556,TextRank - no_path,unit:10,0.013633631329215135
cnndm_test_01556,Lead - no_path,unit:10,-0.07378298381510173
cnndm_test_01556,Full - no_path,unit:5,0.0
cnndm_test_01556,AB2 - AB0,unit:5,-0.005306386120339623
cnndm_test_01556,TextRank - no_path,unit:5,0.15631111425272742
cnndm_test_01556,Lead - no_path,unit:5,0.0047849602576168215
cnndm_test_01556,Full - no_path,word:110,0.0
cnndm_test_01556,AB2 - AB0,word:110,-0.08290155440414504
cnndm_test_01556,TextRank - no_path,word:110,0.08290155440414504
cnndm_test_01556,Lead - no_path,word:110,0.07539939550949915
cnndm_test_01556,Full - no_path,word:260,0.0
cnndm_test_01556,AB2 - AB0,word:260,-0.00429394309652642
cnndm_test_01556,TextRank - no_path,word:260,0.00429394309652642
cnndm_test_01556,Lead - no_path,word:260,-0.09182039679777232
cnndm_test_01557,Full - no_path,unit:10,0.0
cnndm_test_01557,AB2 - AB0,unit:10,0.0
cnndm_test_01557,TextRank - no_path,unit:10,-0.02219922662164367
cnndm_test_01557,Lead - no_path,unit:10,-0.01725243340910415
cnndm_test_01557,Full - no_path,unit:5,0.0
cnndm_test_01557,AB2 - AB0,unit:5,-0.04115684093437155
cnndm_test_01557,TextRank - no_path,unit:5,0.04115684093437155
cnndm_test_01557,Lead - no_path,unit:5,0.10894552723638184
cnndm_test_01557,Full - no_path,word:110,0.0
cnndm_test_01557,AB2 - AB0,word:110,0.055912776069331815
cnndm_test_01557,TextRank - no_path,word:110,0.0684931506849315
cnndm_test_01557,Lead - no_path,word:110,0.05354919053549195
cnndm_test_01557,Full - no_path,word:260,0.0
cnndm_test_01557,AB2 - AB0,word:260,0.0
cnndm_test_01557,TextRank - no_path,word:260,-0.02219922662164367
cnndm_test_01557,Lead - no_path,word:260,-0.028217345689805884
cnndm_test_01558,Full - no_path,unit:10,0.0
cnndm_test_01558,AB2 - AB0,unit:10,-0.0066042780748663266
cnndm_test_01558,TextRank - no_path,unit:10,0.024009728463169747
cnndm_test_01558,Lead - no_path,unit:10,0.03204509327794193
cnndm_test_01558,Full - no_path,unit:5,0.0
cnndm_test_01558,AB2 - AB0,unit:5,0.014471125582236705
cnndm_test_01558,TextRank - no_path,unit:5,0.012400793650793648
cnndm_test_01558,Lead - no_path,unit:5,0.007638888888888903
cnndm_test_01558,Full - no_path,word:110,0.0
cnndm_test_01558,AB2 - AB0,word:110,-0.029047619047619044
cnndm_test_01558,TextRank - no_path,word:110,-0.010107349298100754
cnndm_test_01558,Lead - no_path,word:110,0.0
cnndm_test_01558,Full - no_path,word:260,0.0
cnndm_test_01558,AB2 - AB0,word:260,-0.007473508087005018
cnndm_test_01558,TextRank - no_path,word:260,0.018883961566888402
cnndm_test_01558,Lead - no_path,word:260,0.012452795431518837
cnndm_test_01559,Full - no_path,unit:10,0.0
cnndm_test_01559,AB2 - AB0,unit:10,-0.0016794910411931652
cnndm_test_01559,TextRank - no_path,unit:10,-0.010797314168100702
cnndm_test_01559,Lead - no_path,unit:10,0.0032760032760032753
cnndm_test_01559,Full - no_path,unit:5,0.0
cnndm_test_01559,AB2 - AB0,unit:5,-0.020240354206198602
cnndm_test_01559,TextRank - no_path,unit:5,-0.04263997033741193
cnndm_test_01559,Lead - no_path,unit:5,0.010934937124111505
cnndm_test_01559,Full - no_path,word:110,0.0
cnndm_test_01559,AB2 - AB0,word:110,-0.05448717948717949
cnndm_test_01559,TextRank - no_path,word:110,0.05448717948717949
cnndm_test_01559,Lead - no_path,word:110,0.12393162393162394
cnndm_test_01559,Full - no_path,word:260,0.0
cnndm_test_01559,AB2 - AB0,word:260,-0.0005340019967030873
cnndm_test_01559,TextRank - no_path,word:260,-0.039624097061505006
cnndm_test_01559,Lead - no_path,word:260,-0.011133865310830215
cnndm_test_01561,Full - no_path,unit:10,0.0
cnndm_test_01561,AB2 - AB0,unit:10,0.0020224719101123306
cnndm_test_01561,TextRank - no_path,unit:10,-0.00034188034188033234
cnndm_test_01561,Lead - no_path,unit:10,0.0020930232558139666
cnndm_test_01561,Full - no_path,unit:5,0.0
cnndm_test_01561,AB2 - AB0,unit:5,-0.015796703296703296
cnndm_test_01561,TextRank - no_path,unit:5,-0.026395173453996973
cnndm_test_01561,Lead - no_path,unit:5,0.015167930660888423
cnndm_test_01561,Full - no_path,word:110,0.0
cnndm_test_01561,AB2 - AB0,word:110,0.005557270762581029
cnndm_test_01561,TextRank - no_path,word:110,-0.013533954303001361
cnndm_test_01561,Lead - no_path,word:110,0.0180359063456606
cnndm_test_01561,Full - no_path,word:260,0.0
cnndm_test_01561,AB2 - AB0,word:260,0.002164368313647913
cnndm_test_01561,TextRank - no_path,word:260,-0.002164368313647913
cnndm_test_01561,Lead - no_path,word:260,-0.003010937692024096
cnndm_test_01563,Full - no_path,unit:10,0.0
cnndm_test_01563,AB2 - AB0,unit:10,0.0
cnndm_test_01563,TextRank - no_path,unit:10,0.0
cnndm_test_01563,Lead - no_path,unit:10,0.04370054777845406
cnndm_test_01563,Full - no_path,unit:5,0.0
cnndm_test_01563,AB2 - AB0,unit:5,0.0
cnndm_test_01563,TextRank - no_path,unit:5,-0.04735479097299297
cnndm_test_01563,Lead - no_path,unit:5,0.021683295465771024
cnndm_test_01563,Full - no_path,word:110,0.0
cnndm_test_01563,AB2 - AB0,word:110,0.0
cnndm_test_01563,TextRank - no_path,word:110,-0.017098536929314345
cnndm_test_01563,Lead - no_path,word:110,0.04301075268817206
cnndm_test_01563,Full - no_path,word:260,0.0
cnndm_test_01563,AB2 - AB0,word:260,0.0
cnndm_test_01563,TextRank - no_path,word:260,0.0
cnndm_test_01563,Lead - no_path,word:260,0.004168506579528414
cnndm_test_01567,Full - no_path,unit:10,0.0
cnndm_test_01567,AB2 - AB0,unit:10,0.0
cnndm_test_01567,TextRank - no_path,unit:10,0.0
cnndm_test_01567,Lead - no_path,unit:10,-0.09650174912543727
cnndm_test_01567,Full - no_path,unit:5,0.0
cnndm_test_01567,AB2 - AB0,unit:5,0.00034482758620690834
cnndm_test_01567,TextRank - no_path,unit:5,0.006891191709844591
cnndm_test_01567,Lead - no_path,unit:5,-0.010512820512820514
cnndm_test_01567,Full - no_path,word:110,0.011494252873563232
cnndm_test_01567,AB2 - AB0,word:110,-0.011494252873563232
cnndm_test_01567,TextRank - no_path,word:110,0.011494252873563232
cnndm_test_01567,Lead - no_path,word:110,-0.0020772746157041444
cnndm_test_01567,Full - no_path,word:260,0.0
cnndm_test_01567,AB2 - AB0,word:260,0.0
cnndm_test_01567,TextRank - no_path,word:260,-0.037728637728637715
cnndm_test_01567,Lead - no_path,word:260,-0.04242424242424242
cnndm_test_01573,Full - no_path,unit:10,0.0
cnndm_test_01573,AB2 - AB0,unit:10,0.0
cnndm_test_01573,TextRank - no_path,unit:10,-0.0761519182571814
cnndm_test_01573,Lead - no_path,unit:10,0.0028686173264486914
cnndm_test_01573,Full - no_path,unit:5,0.0
cnndm_test_01573,AB2 - AB0,unit:5,0.0
cnndm_test_01573,TextRank - no_path,unit:5,0.021666857732431488
cnndm_test_01573,Lead - no_path,unit:5,0.04406051464874994
cnndm_test_01573,Full - no_path,word:110,0.0
cnndm_test_01573,AB2 - AB0,word:110,0.0
cnndm_test_01573,TextRank - no_path,word:110,0.01103537812398575
cnndm_test_01573,Lead - no_path,word:110,0.0417295123177476
cnndm_test_01573,Full - no_path,word:260,0.0
cnndm_test_01573,AB2 - AB0,word:260,0.0
cnndm_test_01573,TextRank - no_path,word:260,0.0
cnndm_test_01573,Lead - no_path,word:260,0.0
cnndm_test_01580,Full - no_path,unit:10,0.0
cnndm_test_01580,AB2 - AB0,unit:10,-0.018137254901960775
cnndm_test_01580,TextRank - no_path,unit:10,0.011719630380888024
cnndm_test_01580,Lead - no_path,unit:10,-0.005659995957145725
cnndm_test_01580,Full - no_path,unit:5,0.0
cnndm_test_01580,AB2 - AB0,unit:5,-0.040074374908254606
cnndm_test_01580,TextRank - no_path,unit:5,0.09277712446617559
cnndm_test_01580,Lead - no_path,unit:5,0.051066246708318275
cnndm_test_01580,Full - no_path,word:110,0.08562822719449224
cnndm_test_01580,AB2 - AB0,word:110,-0.058537616229923914
cnndm_test_01580,TextRank - no_path,word:110,0.12177280550774529
cnndm_test_01580,Lead - no_path,word:110,0.09767641996557662
cnndm_test_01580,Full - no_path,word:260,0.0
cnndm_test_01580,AB2 - AB0,word:260,-0.016989466530750952
cnndm_test_01580,TextRank - no_path,word:260,-0.007475365273530349
cnndm_test_01580,Lead - no_path,word:260,-0.01234567901234565
cnndm_test_01583,Full - no_path,unit:10,0.0
cnndm_test_01583,AB2 - AB0,unit:10,0.0
cnndm_test_01583,TextRank - no_path,unit:10,0.008956775560798158
cnndm_test_01583,Lead - no_path,unit:10,-0.021352313167259745
cnndm_test_01583,Full - no_path,unit:5,0.0
cnndm_test_01583,AB2 - AB0,unit:5,0.0
cnndm_test_01583,TextRank - no_path,unit:5,0.0
cnndm_test_01583,Lead - no_path,unit:5,-0.04689655172413795
cnndm_test_01583,Full - no_path,word:110,0.0
cnndm_test_01583,AB2 - AB0,word:110,0.0411752619683583
cnndm_test_01583,TextRank - no_path,word:110,-0.09857236986602241
cnndm_test_01583,Lead - no_path,word:110,-0.12509821038847668
cnndm_test_01583,Full - no_path,word:260,0.0
cnndm_test_01583,AB2 - AB0,word:260,0.0
cnndm_test_01583,TextRank - no_path,word:260,0.0
cnndm_test_01583,Lead - no_path,word:260,0.0
cnndm_test_01588,Full - no_path,unit:10,0.0
cnndm_test_01588,AB2 - AB0,unit:10,0.0
cnndm_test_01588,TextRank - no_path,unit:10,0.0002584461642282099
cnndm_test_01588,Lead - no_path,unit:10,0.0023985239852398754
cnndm_test_01588,Full - no_path,unit:5,0.0
cnndm_test_01588,AB2 - AB0,unit:5,0.014208214931542201
cnndm_test_01588,TextRank - no_path,unit:5,-0.022263450834879406
cnndm_test_01588,Lead - no_path,unit:5,-0.053396701146211895
cnndm_test_01588,Full - no_path,word:110,0.0
cnndm_test_01588,AB2 - AB0,word:110,0.0839160839160839
cnndm_test_01588,TextRank - no_path,word:110,0.022600587817979134
cnndm_test_01588,Lead - no_path,word:110,-0.07309129226937447
cnndm_test_01588,Full - no_path,word:260,0.0
cnndm_test_01588,AB2 - AB0,word:260,0.0
cnndm_test_01588,TextRank - no_path,word:260,-0.0017706331178286294
cnndm_test_01588,Lead - no_path,word:260,0.011307699452029335
cnndm_test_01590,Full - no_path,unit:10,0.0
cnndm_test_01590,AB2 - AB0,unit:10,-0.010782429328207777
cnndm_test_01590,TextRank - no_path,unit:10,0.050199356295335534
cnndm_test_01590,Lead - no_path,unit:10,0.020166117928763827
cnndm_test_01590,Full - no_path,unit:5,0.0
cnndm_test_01590,AB2 - AB0,unit:5,0.03803937997486383
cnndm_test_01590,TextRank - no_path,unit:5,-0.0019354838709677025
cnndm_test_01590,Lead - no_path,unit:5,-0.03424317617866003
cnndm_test_01590,Full - no_path,word:110,0.0
cnndm_test_01590,AB2 - AB0,word:110,0.027777777777777776
cnndm_test_01590,TextRank - no_path,word:110,-0.015601217656012176
cnndm_test_01590,Lead - no_path,word:110,-0.04365079365079366
cnndm_test_01590,Full - no_path,word:260,0.0
cnndm_test_01590,AB2 - AB0,word:260,-0.006481905634448018
cnndm_test_01590,TextRank - no_path,word:260,0.0061861553386977075
cnndm_test_01590,Lead - no_path,word:260,0.02566747916784763
cnndm_test_01591,Full - no_path,unit:10,0.0
cnndm_test_01591,AB2 - AB0,unit:10,0.0
cnndm_test_01591,TextRank - no_path,unit:10,0.0
cnndm_test_01591,Lead - no_path,unit:10,-0.014608892986313043
cnndm_test_01591,Full - no_path,unit:5,0.0
cnndm_test_01591,AB2 - AB0,unit:5,0.017368252662370298
cnndm_test_01591,TextRank - no_path,unit:5,-0.01240093240093243
cnndm_test_01591,Lead - no_path,unit:5,-0.015734265734265784
cnndm_test_01591,Full - no_path,word:110,0.0
cnndm_test_01591,AB2 - AB0,word:110,0.017948717948717968
cnndm_test_01591,TextRank - no_path,word:110,0.0428070175438596
cnndm_test_01591,Lead - no_path,word:110,-0.020050125313283207
cnndm_test_01591,Full - no_path,word:260,0.0
cnndm_test_01591,AB2 - AB0,word:260,-0.006578947368421045
cnndm_test_01591,TextRank - no_path,word:260,0.006578947368421045
cnndm_test_01591,Lead - no_path,word:260,0.0013769889840881122
cnndm_test_01594,Full - no_path,unit:10,0.0
cnndm_test_01594,AB2 - AB0,unit:10,0.0
cnndm_test_01594,TextRank - no_path,unit:10,0.029540689918048424
cnndm_test_01594,Lead - no_path,unit:10,0.04246998284734135
cnndm_test_01594,Full - no_path,unit:5,0.0
cnndm_test_01594,AB2 - AB0,unit:5,0.0
cnndm_test_01594,TextRank - no_path,unit:5,0.029137529137529095
cnndm_test_01594,Lead - no_path,unit:5,0.009803921568627444
cnndm_test_01594,Full - no_path,word:110,0.0
cnndm_test_01594,AB2 - AB0,word:110,0.0
cnndm_test_01594,TextRank - no_path,word:110,0.04087461833940706
cnndm_test_01594,Lead - no_path,word:110,0.09840375586854463
cnndm_test_01594,Full - no_path,word:260,0.0
cnndm_test_01594,AB2 - AB0,word:260,0.0
cnndm_test_01594,TextRank - no_path,word:260,0.03661616161616166
cnndm_test_01594,Lead - no_path,word:260,0.03289473684210528
cnndm_test_01596,Full - no_path,unit:10,0.0
cnndm_test_01596,AB2 - AB0,unit:10,0.0011418783899515006
cnndm_test_01596,TextRank - no_path,unit:10,-0.0011418783899515006
cnndm_test_01596,Lead - no_path,unit:10,0.03607896528250509
cnndm_test_01596,Full - no_path,unit:5,0.0
cnndm_test_01596,AB2 - AB0,unit:5,-0.020892774965485472
cnndm_test_01596,TextRank - no_path,unit:5,0.05843803892584379
cnndm_test_01596,Lead - no_path,unit:5,0.09379157427937915
cnndm_test_01596,Full - no_path,word:110,0.0
cnndm_test_01596,AB2 - AB0,word:110,0.0
cnndm_test_01596,TextRank - no_path,word:110,0.0315466627720169
cnndm_test_01596,Lead - no_path,word:110,0.03488543976348857
cnndm_test_01596,Full - no_path,word:260,0.0
cnndm_test_01596,AB2 - AB0,word:260,-0.033201892744479516
cnndm_test_01596,TextRank - no_path,word:260,0.033201892744479516
cnndm_test_01596,Lead - no_path,word:260,0.03189655172413797
cnndm_test_01600,Full - no_path,unit:10,0.0
cnndm_test_01600,AB2 - AB0,unit:10,-0.00036894180781484043
cnndm_test_01600,TextRank - no_path,unit:10,0.034070683956267486
cnndm_test_01600,Lead - no_path,unit:10,0.043589909583306344
cnndm_test_01600,Full - no_path,unit:5,0.0
cnndm_test_01600,AB2 - AB0,unit:5,-0.0672164948453608
cnndm_test_01600,TextRank - no_path,unit:5,0.0016204690831556345
cnndm_test_01600,Lead - no_path,unit:5,0.010618034447821667
cnndm_test_01600,Full - no_path,word:110,0.0
cnndm_test_01600,AB2 - AB0,word:110,0.011754385964912281
cnndm_test_01600,TextRank - no_path,word:110,0.0007842453816661044
cnndm_test_01600,Lead - no_path,word:110,-0.004945875326614418
cnndm_test_01600,Full - no_path,word:260,-0.004575163398692808
cnndm_test_01600,AB2 - AB0,word:260,-0.014577353500822371
cnndm_test_01600,TextRank - no_path,word:260,-0.0003406357113964059
cnndm_test_01600,Lead - no_path,word:260,0.03047306811256119
cnndm_test_01602,Full - no_path,unit:10,0.0
cnndm_test_01602,AB2 - AB0,unit:10,0.0
cnndm_test_01602,TextRank - no_path,unit:10,0.009126009126009083
cnndm_test_01602,Lead - no_path,unit:10,-0.000970294073742356
cnndm_test_01602,Full - no_path,unit:5,0.0
cnndm_test_01602,AB2 - AB0,unit:5,0.0
cnndm_test_01602,TextRank - no_path,unit:5,0.0
cnndm_test_01602,Lead - no_path,unit:5,-0.03289537712895374
cnndm_test_01602,Full - no_path,word:110,0.0
cnndm_test_01602,AB2 - AB0,word:110,0.0
cnndm_test_01602,TextRank - no_path,word:110,0.01720389450798754
cnndm_test_01602,Lead - no_path,word:110,0.03619189659458122
cnndm_test_01602,Full - no_path,word:260,0.0
cnndm_test_01602,AB2 - AB0,word:260,0.0
cnndm_test_01602,TextRank - no_path,word:260,0.0
cnndm_test_01602,Lead - no_path,word:260,0.0
cnndm_test_01609,Full - no_path,unit:10,0.0
cnndm_test_01609,AB2 - AB0,unit:10,0.0
cnndm_test_01609,TextRank - no_path,unit:10,0.0008114001724225106
cnndm_test_01609,Lead - no_path,unit:10,0.0008114001724225106
cnndm_test_01609,Full - no_path,unit:5,0.0
cnndm_test_01609,AB2 - AB0,unit:5,0.007409694350108048
cnndm_test_01609,TextRank - no_path,unit:5,-0.039009632991003906
cnndm_test_01609,Lead - no_path,unit:5,0.003919967333605556
cnndm_test_01609,Full - no_path,word:110,0.0
cnndm_test_01609,AB2 - AB0,word:110,0.0016682306328849872
cnndm_test_01609,TextRank - no_path,word:110,-0.052779580359074235
cnndm_test_01609,Lead - no_path,word:110,0.005152979066022523
cnndm_test_01609,Full - no_path,word:260,0.0
cnndm_test_01609,AB2 - AB0,word:260,-0.014329766007618386
cnndm_test_01609,TextRank - no_path,word:260,0.014329766007618386
cnndm_test_01609,Lead - no_path,word:260,0.013874765552617921
cnndm_test_01610,Full - no_path,unit:10,0.0
cnndm_test_01610,AB2 - AB0,unit:10,-0.005594160397806969
cnndm_test_01610,TextRank - no_path,unit:10,-0.008732669269080624
cnndm_test_01610,Lead - no_path,unit:10,0.03279610194902549
cnndm_test_01610,Full - no_path,unit:5,0.0
cnndm_test_01610,AB2 - AB0,unit:5,-0.015697491889629198
cnndm_test_01610,TextRank - no_path,unit:5,0.007786707952915473
cnndm_test_01610,Lead - no_path,unit:5,0.08970022897716531
cnndm_test_01610,Full - no_path,word:110,0.0
cnndm_test_01610,AB2 - AB0,word:110,-0.01506642925626625
cnndm_test_01610,TextRank - no_path,word:110,-0.011492139376666363
cnndm_test_01610,Lead - no_path,word:110,0.037354291769692696
cnndm_test_01610,Full - no_path,word:260,0.0
cnndm_test_01610,AB2 - AB0,word:260,-0.02037213688146225
cnndm_test_01610,TextRank - no_path,word:260,0.0004385820641864824
cnndm_test_01610,Lead - no_path,word:260,0.0443830097295444
cnndm_test_01618,Full - no_path,unit:10,0.0
cnndm_test_01618,AB2 - AB0,unit:10,0.0
cnndm_test_01618,TextRank - no_path,unit:10,0.0
cnndm_test_01618,Lead - no_path,unit:10,0.0
cnndm_test_01618,Full - no_path,unit:5,0.0
cnndm_test_01618,AB2 - AB0,unit:5,0.0
cnndm_test_01618,TextRank - no_path,unit:5,0.12643609022556387
cnndm_test_01618,Lead - no_path,unit:5,-0.0016833127595107245
cnndm_test_01618,Full - no_path,word:110,0.0
cnndm_test_01618,AB2 - AB0,word:110,0.0
cnndm_test_01618,TextRank - no_path,word:110,0.09837975219739489
cnndm_test_01618,Lead - no_path,word:110,-0.0016833127595107245
cnndm_test_01618,Full - no_path,word:260,0.0
cnndm_test_01618,AB2 - AB0,word:260,0.0
cnndm_test_01618,TextRank - no_path,word:260,0.0
cnndm_test_01618,Lead - no_path,word:260,0.0
cnndm_test_01620,Full - no_path,unit:10,0.0
cnndm_test_01620,AB2 - AB0,unit:10,-0.003167707484840257
cnndm_test_01620,TextRank - no_path,unit:10,0.03381780184288023
cnndm_test_01620,Lead - no_path,unit:10,-0.03160919540229884
cnndm_test_01620,Full - no_path,unit:5,0.0
cnndm_test_01620,AB2 - AB0,unit:5,0.02332285115303981
cnndm_test_01620,TextRank - no_path,unit:5,-0.008161697633107673
cnndm_test_01620,Lead - no_path,unit:5,-0.08276729559748426
cnndm_test_01620,Full - no_path,word:110,0.0
cnndm_test_01620,AB2 - AB0,word:110,0.012739463601532552
cnndm_test_01620,TextRank - no_path,word:110,0.0034968431277319356
cnndm_test_01620,Lead - no_path,word:110,-0.054406130268199224
cnndm_test_01620,Full - no_path,word:260,-0.007070548360306184
cnndm_test_01620,AB2 - AB0,word:260,0.0011371491003143858
cnndm_test_01620,TextRank - no_path,word:260,0.01299634127180084
cnndm_test_01620,Lead - no_path,word:260,-0.03900863549946172
cnndm_test_01627,Full - no_path,unit:10,0.0
cnndm_test_01627,AB2 - AB0,unit:10,0.0
cnndm_test_01627,TextRank - no_path,unit:10,0.0
cnndm_test_01627,Lead - no_path,unit:10,0.0
cnndm_test_01627,Full - no_path,unit:5,0.0
cnndm_test_01627,AB2 - AB0,unit:5,0.009148001597270139
cnndm_test_01627,TextRank - no_path,unit:5,-0.009148001597270139
cnndm_test_01627,Lead - no_path,unit:5,0.07566462167689159
cnndm_test_01627,Full - no_path,word:110,0.0
cnndm_test_01627,AB2 - AB0,word:110,-0.07566462167689159
cnndm_test_01627,TextRank - no_path,word:110,0.07566462167689159
cnndm_test_01627,Lead - no_path,word:110,0.07566462167689159
cnndm_test_01627,Full - no_path,word:260,0.0
cnndm_test_01627,AB2 - AB0,word:260,0.0
cnndm_test_01627,TextRank - no_path,word:260,0.0
cnndm_test_01627,Lead - no_path,word:260,0.0
cnndm_test_01630,Full - no_path,unit:10,0.0
cnndm_test_01630,AB2 - AB0,unit:10,0.01704545454545453
cnndm_test_01630,TextRank - no_path,unit:10,-0.014385880077369406
cnndm_test_01630,Lead - no_path,unit:10,0.019028370957901164
cnndm_test_01630,Full - no_path,unit:5,0.0
cnndm_test_01630,AB2 - AB0,unit:5,0.03883257173871177
cnndm_test_01630,TextRank - no_path,unit:5,-0.043325968637171974
cnndm_test_01630,Lead - no_path,unit:5,0.0035948524771975687
cnndm_test_01630,Full - no_path,word:110,0.0
cnndm_test_01630,AB2 - AB0,word:110,0.03173076923076923
cnndm_test_01630,TextRank - no_path,word:110,-0.025000000000000022
cnndm_test_01630,Lead - no_path,word:110,0.03750000000000003
cnndm_test_01630,Full - no_path,word:260,0.0
cnndm_test_01630,AB2 - AB0,word:260,0.01238766592464341
cnndm_test_01630,TextRank - no_path,word:260,-0.050348518795120714
cnndm_test_01630,Lead - no_path,word:260,0.006410256410256415
cnndm_test_01633,Full - no_path,unit:10,0.0
cnndm_test_01633,AB2 - AB0,unit:10,0.0
cnndm_test_01633,TextRank - no_path,unit:10,-0.029129381058911274
cnndm_test_01633,Lead - no_path,unit:10,0.0
cnndm_test_01633,Full - no_path,unit:5,0.0
cnndm_test_01633,AB2 - AB0,unit:5,-0.011208035950304007
cnndm_test_01633,TextRank - no_path,unit:5,0.011208035950304007
cnndm_test_01633,Lead - no_path,unit:5,0.05064102564102563
cnndm_test_01633,Full - no_path,word:110,0.0
cnndm_test_01633,AB2 - AB0,word:110,0.024996280315429303
cnndm_test_01633,TextRank - no_path,word:110,-0.024996280315429303
cnndm_test_01633,Lead - no_path,word:110,0.015758888998325532
cnndm_test_01633,Full - no_path,word:260,0.0
cnndm_test_01633,AB2 - AB0,word:260,0.0
cnndm_test_01633,TextRank - no_path,word:260,-0.03769720212673233
cnndm_test_01633,Lead - no_path,word:260,0.0
cnndm_test_01638,Full - no_path,unit:10,0.0
cnndm_test_01638,AB2 - AB0,unit:10,0.0
cnndm_test_01638,TextRank - no_path,unit:10,0.00424561679377311
cnndm_test_01638,Lead - no_path,unit:10,-0.021070838902429445
cnndm_test_01638,Full - no_path,unit:5,0.0
cnndm_test_01638,AB2 - AB0,unit:5,0.0
cnndm_test_01638,TextRank - no_path,unit:5,0.022240240935943484
cnndm_test_01638,Lead - no_path,unit:5,-0.0538742933155969
cnndm_test_01638,Full - no_path,word:110,0.0
cnndm_test_01638,AB2 - AB0,word:110,-0.029141104294478498
cnndm_test_01638,TextRank - no_path,word:110,0.010848421367649241
cnndm_test_01638,Lead - no_path,word:110,-0.04121817714264722
cnndm_test_01638,Full - no_path,word:260,0.0
cnndm_test_01638,AB2 - AB0,word:260,0.0
cnndm_test_01638,TextRank - no_path,word:260,0.03470168382033992
cnndm_test_01638,Lead - no_path,word:260,0.009385228124137363
cnndm_test_01640,Full - no_path,unit:10,0.0
cnndm_test_01640,AB2 - AB0,unit:10,0.002822011691191284
cnndm_test_01640,TextRank - no_path,unit:10,-0.014030197444831582
cnndm_test_01640,Lead - no_path,unit:10,0.037398373983739824
cnndm_test_01640,Full - no_path,unit:5,0.0
cnndm_test_01640,AB2 - AB0,unit:5,0.03149042762569332
cnndm_test_01640,TextRank - no_path,unit:5,-0.03165586386036462
cnndm_test_01640,Lead - no_path,unit:5,-0.014540584493231923
cnndm_test_01640,Full - no_path,word:110,0.0
cnndm_test_01640,AB2 - AB0,word:110,0.06215816703621582
cnndm_test_01640,TextRank - no_path,word:110,-0.057339797000454495
cnndm_test_01640,Lead - no_path,word:110,-0.05856669677807891
cnndm_test_01640,Full - no_path,word:260,0.0
cnndm_test_01640,AB2 - AB0,word:260,0.007324290276272211
cnndm_test_01640,TextRank - no_path,word:260,-0.013554819871287788
cnndm_test_01640,Lead - no_path,word:260,0.009066795273691808
cnndm_test_01641,Full - no_path,unit:10,0.0
cnndm_test_01641,AB2 - AB0,unit:10,0.0
cnndm_test_01641,TextRank - no_path,unit:10,0.0
cnndm_test_01641,Lead - no_path,unit:10,0.003922095968085362
cnndm_test_01641,Full - no_path,unit:5,0.0
cnndm_test_01641,AB2 - AB0,unit:5,0.0
cnndm_test_01641,TextRank - no_path,unit:5,-0.030849030849030873
cnndm_test_01641,Lead - no_path,unit:5,0.00651253663301854
cnndm_test_01641,Full - no_path,word:110,0.0
cnndm_test_01641,AB2 - AB0,word:110,0.0
cnndm_test_01641,TextRank - no_path,word:110,0.02602201257861636
cnndm_test_01641,Lead - no_path,word:110,0.033231707317073145
cnndm_test_01641,Full - no_path,word:260,0.0
cnndm_test_01641,AB2 - AB0,word:260,0.0
cnndm_test_01641,TextRank - no_path,word:260,0.0
cnndm_test_01641,Lead - no_path,word:260,-0.018625678119348982
cnndm_test_01642,Full - no_path,unit:10,0.0
cnndm_test_01642,AB2 - AB0,unit:10,-0.00014371558685363772
cnndm_test_01642,TextRank - no_path,unit:10,0.010313866635705687
cnndm_test_01642,Lead - no_path,unit:10,0.005435332187278763
cnndm_test_01642,Full - no_path,unit:5,0.0
cnndm_test_01642,AB2 - AB0,unit:5,-0.02119193251324497
cnndm_test_01642,TextRank - no_path,unit:5,0.04293193717277488
cnndm_test_01642,Lead - no_path,unit:5,0.004222259753420027
cnndm_test_01642,Full - no_path,word:110,0.0
cnndm_test_01642,AB2 - AB0,word:110,-0.0735632183908046
cnndm_test_01642,TextRank - no_path,word:110,0.07645687645687646
cnndm_test_01642,Lead - no_path,word:110,0.04234234234234238
cnndm_test_01642,Full - no_path,word:260,0.0
cnndm_test_01642,AB2 - AB0,word:260,-0.005201958384332933
cnndm_test_01642,TextRank - no_path,word:260,0.011743528201611508
cnndm_test_01642,Lead - no_path,word:260,-0.004488646365076565
cnndm_test_01645,Full - no_path,unit:10,0.0
cnndm_test_01645,AB2 - AB0,unit:10,0.0
cnndm_test_01645,TextRank - no_path,unit:10,0.0
cnndm_test_01645,Lead - no_path,unit:10,0.0
cnndm_test_01645,Full - no_path,unit:5,0.0
cnndm_test_01645,AB2 - AB0,unit:5,0.0
cnndm_test_01645,TextRank - no_path,unit:5,-0.08110757167360932
cnndm_test_01645,Lead - no_path,unit:5,-0.016172506738544368
cnndm_test_01645,Full - no_path,word:110,0.0
cnndm_test_01645,AB2 - AB0,word:110,0.0
cnndm_test_01645,TextRank - no_path,word:110,0.0
cnndm_test_01645,Lead - no_path,word:110,-0.03152709359605904
cnndm_test_01645,Full - no_path,word:260,0.0
cnndm_test_01645,AB2 - AB0,word:260,0.0
cnndm_test_01645,TextRank - no_path,word:260,0.0
cnndm_test_01645,Lead - no_path,word:260,0.0
cnndm_test_01655,Full - no_path,unit:10,0.0
cnndm_test_01655,AB2 - AB0,unit:10,-0.008439778662667402
cnndm_test_01655,TextRank - no_path,unit:10,0.004843797700213676
cnndm_test_01655,Lead - no_path,unit:10,0.029620414389597338
cnndm_test_01655,Full - no_path,unit:5,0.0
cnndm_test_01655,AB2 - AB0,unit:5,0.024621212121212155
cnndm_test_01655,TextRank - no_path,unit:5,0.05897472511780666
cnndm_test_01655,Lead - no_path,unit:5,0.05897472511780666
cnndm_test_01655,Full - no_path,word:110,0.0
cnndm_test_01655,AB2 - AB0,word:110,0.018645357686453534
cnndm_test_01655,TextRank - no_path,word:110,-0.018645357686453534
cnndm_test_01655,Lead - no_path,word:110,-0.023082942097026604
cnndm_test_01655,Full - no_path,word:260,0.0
cnndm_test_01655,AB2 - AB0,word:260,-0.04869029275808934
cnndm_test_01655,TextRank - no_path,word:260,0.04990646788730793
cnndm_test_01655,Lead - no_path,word:260,0.0506905103178395
cnndm_test_01661,Full - no_path,unit:10,0.0
cnndm_test_01661,AB2 - AB0,unit:10,-0.031201550387596866
cnndm_test_01661,TextRank - no_path,unit:10,0.014743589743589747
cnndm_test_01661,Lead - no_path,unit:10,0.02069892473118279
cnndm_test_01661,Full - no_path,unit:5,0.0
cnndm_test_01661,AB2 - AB0,unit:5,-0.05101721439749607
cnndm_test_01661,TextRank - no_path,unit:5,0.05968011458581998
cnndm_test_01661,Lead - no_path,unit:5,0.018400726942298967
cnndm_test_01661,Full - no_path,word:110,0.0
cnndm_test_01661,AB2 - AB0,word:110,-0.0224076930055339
cnndm_test_01661,TextRank - no_path,word:110,0.04109589041095889
cnndm_test_01661,Lead - no_path,word:110,0.007431283015489301
cnndm_test_01661,Full - no_path,word:260,0.0
cnndm_test_01661,AB2 - AB0,word:260,-0.0003428693881924322
cnndm_test_01661,TextRank - no_path,word:260,-0.004575163398692808
cnndm_test_01661,Lead - no_path,word:260,-0.013960276667301222
cnndm_test_01664,Full - no_path,unit:10,0.0
cnndm_test_01664,AB2 - AB0,unit:10,0.0
cnndm_test_01664,TextRank - no_path,unit:10,0.031422061894816805
cnndm_test_01664,Lead - no_path,unit:10,0.02756211180124224
cnndm_test_01664,Full - no_path,unit:5,0.0
cnndm_test_01664,AB2 - AB0,unit:5,0.0
cnndm_test_01664,TextRank - no_path,unit:5,0.16849816849816848
cnndm_test_01664,Lead - no_path,unit:5,0.2082991635230441
cnndm_test_01664,Full - no_path,word:110,0.0
cnndm_test_01664,AB2 - AB0,word:110,0.0
cnndm_test_01664,TextRank - no_path,word:110,0.10158434296365332
cnndm_test_01664,Lead - no_path,word:110,0.10397897897897901
cnndm_test_01664,Full - no_path,word:260,0.0
cnndm_test_01664,AB2 - AB0,word:260,0.0
cnndm_test_01664,TextRank - no_path,word:260,-0.0012580374615599466
cnndm_test_01664,Lead - no_path,word:260,-0.004329500160351829
cnndm_test_01682,Full - no_path,unit:10,0.0
cnndm_test_01682,AB2 - AB0,unit:10,-0.009145160040300693
cnndm_test_01682,TextRank - no_path,unit:10,0.009145160040300693
cnndm_test_01682,Lead - no_path,unit:10,0.09845640383813098
cnndm_test_01682,Full - no_path,unit:5,0.0
cnndm_test_01682,AB2 - AB0,unit:5,-0.001224889759921577
cnndm_test_01682,TextRank - no_path,unit:5,0.001224889759921577
cnndm_test_01682,Lead - no_path,unit:5,0.130595519130551
cnndm_test_01682,Full - no_path,word:110,0.0
cnndm_test_01682,AB2 - AB0,word:110,-0.0012899896800825372
cnndm_test_01682,TextRank - no_path,word:110,0.0
cnndm_test_01682,Lead - no_path,word:110,0.1255998903057727
cnndm_test_01682,Full - no_path,word:260,0.0
cnndm_test_01682,AB2 - AB0,word:260,0.0
cnndm_test_01682,TextRank - no_path,word:260,0.0
cnndm_test_01682,Lead - no_path,word:260,0.008390337128407088
cnndm_test_01684,Full - no_path,unit:10,0.0
cnndm_test_01684,AB2 - AB0,unit:10,0.0
cnndm_test_01684,TextRank - no_path,unit:10,0.00537371763556424
cnndm_test_01684,Lead - no_path,unit:10,-0.04177323103154307
cnndm_test_01684,Full - no_path,unit:5,0.0
cnndm_test_01684,AB2 - AB0,unit:5,-0.0026902243065401454
cnndm_test_01684,TextRank - no_path,unit:5,0.10630987509600229
cnndm_test_01684,Lead - no_path,unit:5,0.001086239671024558
cnndm_test_01684,Full - no_path,word:110,0.0
cnndm_test_01684,AB2 - AB0,word:110,-0.13986013986013987
cnndm_test_01684,TextRank - no_path,word:110,0.13986013986013987
cnndm_test_01684,Lead - no_path,word:110,0.03035262609730696
cnndm_test_01684,Full - no_path,word:260,0.0
cnndm_test_01684,AB2 - AB0,word:260,0.0036502405840384833
cnndm_test_01684,TextRank - no_path,word:260,-0.0010609695815198272
cnndm_test_01684,Lead - no_path,word:260,-0.03959772994767692
cnndm_test_01688,Full - no_path,unit:10,0.0
cnndm_test_01688,AB2 - AB0,unit:10,-0.018112156043190525
cnndm_test_01688,TextRank - no_path,unit:10,-0.002574712643678201
cnndm_test_01688,Lead - no_path,unit:10,0.05293405928614639
cnndm_test_01688,Full - no_path,unit:5,0.0
cnndm_test_01688,AB2 - AB0,unit:5,-0.019264214046822714
cnndm_test_01688,TextRank - no_path,unit:5,-0.04093567251461988
cnndm_test_01688,Lead - no_path,unit:5,0.05636873248209279
cnndm_test_01688,Full - no_path,word:110,0.0
cnndm_test_01688,AB2 - AB0,word:110,-0.08139534883720928
cnndm_test_01688,TextRank - no_path,word:110,0.011627906976744207
cnndm_test_01688,Lead - no_path,word:110,0.11022430163753955
cnndm_test_01688,Full - no_path,word:260,0.0
cnndm_test_01688,AB2 - AB0,word:260,0.0022240756185710475
cnndm_test_01688,TextRank - no_path,word:260,-0.04404041530725114
cnndm_test_01688,Lead - no_path,word:260,0.013020393613628278
cnndm_test_01699,Full - no_path,unit:10,0.0
cnndm_test_01699,AB2 - AB0,unit:10,0.007211757211757208
cnndm_test_01699,TextRank - no_path,unit:10,0.0019437245464642983
cnndm_test_01699,Lead - no_path,unit:10,0.04858429858429858
cnndm_test_01699,Full - no_path,unit:5,0.0
cnndm_test_01699,AB2 - AB0,unit:5,0.005758898091251824
cnndm_test_01699,TextRank - no_path,unit:5,0.04394870424792943
cnndm_test_01699,Lead - no_path,unit:5,-0.006226734348561774
cnndm_test_01699,Full - no_path,word:110,0.0
cnndm_test_01699,AB2 - AB0,word:110,-0.017755294351039008
cnndm_test_01699,TextRank - no_path,word:110,-0.05316669146456382
cnndm_test_01699,Lead - no_path,word:110,0.06253746253746251
cnndm_test_01699,Full - no_path,word:260,0.0024380050153246235
cnndm_test_01699,AB2 - AB0,word:260,0.007211757211757208
cnndm_test_01699,TextRank - no_path,word:260,0.0019437245464642983
cnndm_test_01699,Lead - no_path,word:260,0.018108108108108117
cnndm_test_01702,Full - no_path,unit:10,0.0
cnndm_test_01702,AB2 - AB0,unit:10,0.0
cnndm_test_01702,TextRank - no_path,unit:10,0.00025889222891825603
cnndm_test_01702,Lead - no_path,unit:10,0.042405028496032546
cnndm_test_01702,Full - no_path,unit:5,0.0
cnndm_test_01702,AB2 - AB0,unit:5,0.0
cnndm_test_01702,TextRank - no_path,unit:5,-0.044574351479722316
cnndm_test_01702,Lead - no_path,unit:5,0.03498774858966325
cnndm_test_01702,Full - no_path,word:110,0.0
cnndm_test_01702,AB2 - AB0,word:110,0.0
cnndm_test_01702,TextRank - no_path,word:110,-0.012697261019408657
cnndm_test_01702,Lead - no_path,word:110,0.013422818791946317
cnndm_test_01702,Full - no_path,word:260,0.0
cnndm_test_01702,AB2 - AB0,word:260,0.0
cnndm_test_01702,TextRank - no_path,word:260,0.04655338825166663
cnndm_test_01702,Lead - no_path,word:260,0.013108572198154936
cnndm_test_01712,Full - no_path,unit:10,0.0
cnndm_test_01712,AB2 - AB0,unit:10,0.0
cnndm_test_01712,TextRank - no_path,unit:10,-0.03124078986147956
cnndm_test_01712,Lead - no_path,unit:10,0.043463263194204904
cnndm_test_01712,Full - no_path,unit:5,0.0
cnndm_test_01712,AB2 - AB0,unit:5,0.0
cnndm_test_01712,TextRank - no_path,unit:5,0.0
cnndm_test_01712,Lead - no_path,unit:5,0.05072934250963079
cnndm_test_01712,Full - no_path,word:110,0.0
cnndm_test_01712,AB2 - AB0,word:110,0.0
cnndm_test_01712,TextRank - no_path,word:110,-0.023809523809523822
cnndm_test_01712,Lead - no_path,word:110,0.04868833761049332
cnndm_test_01712,Full - no_path,word:260,0.0
cnndm_test_01712,AB2 - AB0,word:260,0.0026617768839465594
cnndm_test_01712,TextRank - no_path,word:260,-0.02758389526400884
cnndm_test_01712,Lead - no_path,word:260,-0.00787667156065236
cnndm_test_01714,Full - no_path,unit:10,0.0
cnndm_test_01714,AB2 - AB0,unit:10,0.0
cnndm_test_01714,TextRank - no_path,unit:10,0.0033550010484378334
cnndm_test_01714,Lead - no_path,unit:10,-0.028182987892786865
cnndm_test_01714,Full - no_path,unit:5,0.0
cnndm_test_01714,AB2 - AB0,unit:5,-0.04141104294478529
cnndm_test_01714,TextRank - no_path,unit:5,0.08338184586449335
cnndm_test_01714,Lead - no_path,unit:5,0.0353134819691755
cnndm_test_01714,Full - no_path,word:110,0.0
cnndm_test_01714,AB2 - AB0,word:110,-0.04141104294478529
cnndm_test_01714,TextRank - no_path,word:110,0.06413831567205805
cnndm_test_01714,Lead - no_path,word:110,0.0353134819691755
cnndm_test_01714,Full - no_path,word:260,0.0
cnndm_test_01714,AB2 - AB0,word:260,0.0
cnndm_test_01714,TextRank - no_path,word:260,0.0
cnndm_test_01714,Lead - no_path,word:260,-0.011684162482884508
cnndm_test_01728,Full - no_path,unit:10,0.0
cnndm_test_01728,AB2 - AB0,unit:10,0.0
cnndm_test_01728,TextRank - no_path,unit:10,-0.020340001413727285
cnndm_test_01728,Lead - no_path,unit:10,0.029579018842301838
cnndm_test_01728,Full - no_path,unit:5,0.0
cnndm_test_01728,AB2 - AB0,unit:5,0.003949790794979077
cnndm_test_01728,TextRank - no_path,unit:5,0.015888111888111886
cnndm_test_01728,Lead - no_path,unit:5,0.08821052631578946
cnndm_test_01728,Full - no_path,word:110,0.0
cnndm_test_01728,AB2 - AB0,word:110,0.011385199240986743
cnndm_test_01728,TextRank - no_path,word:110,-0.02236559139784948
cnndm_test_01728,Lead - no_path,word:110,0.05517826825127331
cnndm_test_01728,Full - no_path,word:260,0.0
cnndm_test_01728,AB2 - AB0,word:260,0.017954159592529717
cnndm_test_01728,TextRank - no_path,word:260,-0.019354838709677427
cnndm_test_01728,Lead - no_path,word:260,0.01459545214172396
cnndm_test_01732,Full - no_path,unit:10,0.0
cnndm_test_01732,AB2 - AB0,unit:10,0.0
cnndm_test_01732,TextRank - no_path,unit:10,0.0
cnndm_test_01732,Lead - no_path,unit:10,0.0
cnndm_test_01732,Full - no_path,unit:5,0.0
cnndm_test_01732,AB2 - AB0,unit:5,0.0
cnndm_test_01732,TextRank - no_path,unit:5,0.12348934300153813
cnndm_test_01732,Lead - no_path,unit:5,-0.029873321989033863
cnndm_test_01732,Full - no_path,word:110,0.0
cnndm_test_01732,AB2 - AB0,word:110,0.0
cnndm_test_01732,TextRank - no_path,word:110,0.09186156214310537
cnndm_test_01732,Lead - no_path,word:110,0.011000144738746553
cnndm_test_01732,Full - no_path,word:260,0.0
cnndm_test_01732,AB2 - AB0,word:260,0.0
cnndm_test_01732,TextRank - no_path,word:260,0.0
cnndm_test_01732,Lead - no_path,word:260,0.0
cnndm_test_01736,Full - no_path,unit:10,0.0
cnndm_test_01736,AB2 - AB0,unit:10,0.007716716259429809
cnndm_test_01736,TextRank - no_path,unit:10,-0.0018607698607698564
cnndm_test_01736,Lead - no_path,unit:10,0.024854677293701694
cnndm_test_01736,Full - no_path,unit:5,0.0
cnndm_test_01736,AB2 - AB0,unit:5,-0.008029814046411565
cnndm_test_01736,TextRank - no_path,unit:5,0.016425515447294314
cnndm_test_01736,Lead - no_path,unit:5,0.012238568255165755
cnndm_test_01736,Full - no_path,word:110,0.0
cnndm_test_01736,AB2 - AB0,word:110,-0.04685902979794007
cnndm_test_01736,TextRank - no_path,word:110,0.04685902979794007
cnndm_test_01736,Lead - no_path,word:110,0.04087235016013421
cnndm_test_01736,Full - no_path,word:260,0.005151242887091942
cnndm_test_01736,AB2 - AB0,word:260,0.0011380652890086995
cnndm_test_01736,TextRank - no_path,word:260,0.0015515745419282523
cnndm_test_01736,Lead - no_path,word:260,0.012698412698412695
cnndm_test_01740,Full - no_path,unit:10,0.0
cnndm_test_01740,AB2 - AB0,unit:10,0.0
cnndm_test_01740,TextRank - no_path,unit:10,0.0026097188726946358
cnndm_test_01740,Lead - no_path,unit:10,0.0029461279461279466
cnndm_test_01740,Full - no_path,unit:5,0.0
cnndm_test_01740,AB2 - AB0,unit:5,-0.00317489391580425
cnndm_test_01740,TextRank - no_path,unit:5,0.019414180497573208
cnndm_test_01740,Lead - no_path,unit:5,0.04093003321547195
cnndm_test_01740,Full - no_path,word:110,0.0
cnndm_test_01740,AB2 - AB0,word:110,-0.011324786324786312
cnndm_test_01740,TextRank - no_path,word:110,0.030769230769230743
cnndm_test_01740,Lead - no_path,word:110,0.03514879281302635
cnndm_test_01740,Full - no_path,word:260,0.0
cnndm_test_01740,AB2 - AB0,word:260,0.0
cnndm_test_01740,TextRank - no_path,word:260,0.0026097188726946358
cnndm_test_01740,Lead - no_path,word:260,0.0029461279461279466
cnndm_test_01746,Full - no_path,unit:10,0.0
cnndm_test_01746,AB2 - AB0,unit:10,-0.019062319120200663
cnndm_test_01746,TextRank - no_path,unit:10,0.0086535248914133
cnndm_test_01746,Lead - no_path,unit:10,0.025851773796979283
cnndm_test_01746,Full - no_path,unit:5,0.0
cnndm_test_01746,AB2 - AB0,unit:5,-0.030012708964708174
cnndm_test_01746,TextRank - no_path,unit:5,0.06252312245652977
cnndm_test_01746,Lead - no_path,unit:5,0.014751286449399645
cnndm_test_01746,Full - no_path,word:110,0.0
cnndm_test_01746,AB2 - AB0,word:110,-0.03000394788787998
cnndm_test_01746,TextRank - no_path,word:110,0.05649866210466292
cnndm_test_01746,Lead - no_path,word:110,0.01623020572882397
cnndm_test_01746,Full - no_path,word:260,0.0
cnndm_test_01746,AB2 - AB0,word:260,-0.034654406747430005
cnndm_test_01746,TextRank - no_path,word:260,0.021504893597916852
cnndm_test_01746,Lead - no_path,word:260,0.025270954741027196
cnndm_test_01754,Full - no_path,unit:10,0.0
cnndm_test_01754,AB2 - AB0,unit:10,-0.014689265536723159
cnndm_test_01754,TextRank - no_path,unit:10,0.005913978494623648
cnndm_test_01754,Lead - no_path,unit:10,0.09103942652329748
cnndm_test_01754,Full - no_path,unit:5,0.0
cnndm_test_01754,AB2 - AB0,unit:5,-0.03894742970250916
cnndm_test_01754,TextRank - no_path,unit:5,0.04449050086355786
cnndm_test_01754,Lead - no_path,unit:5,0.07362630333269365
cnndm_test_01754,Full - no_path,word:110,0.0
cnndm_test_01754,AB2 - AB0,word:110,-0.041095890410958916
cnndm_test_01754,TextRank - no_path,word:110,0.041095890410958916
cnndm_test_01754,Lead - no_path,word:110,0.04025719876991893
cnndm_test_01754,Full - no_path,word:260,0.0
cnndm_test_01754,AB2 - AB0,word:260,-0.019426048565121423
cnndm_test_01754,TextRank - no_path,word:260,0.04629014396456256
cnndm_test_01754,Lead - no_path,word:260,0.07902869757174392
cnndm_test_01761,Full - no_path,unit:10,0.0
cnndm_test_01761,AB2 - AB0,unit:10,0.0
cnndm_test_01761,TextRank - no_path,unit:10,-0.0030831229364924884
cnndm_test_01761,Lead - no_path,unit:10,0.0348031337886702
cnndm_test_01761,Full - no_path,unit:5,0.0
cnndm_test_01761,AB2 - AB0,unit:5,0.0
cnndm_test_01761,TextRank - no_path,unit:5,0.0683165092803647
cnndm_test_01761,Lead - no_path,unit:5,0.08355980289681941
cnndm_test_01761,Full - no_path,word:110,0.0
cnndm_test_01761,AB2 - AB0,word:110,0.07351139426611131
cnndm_test_01761,TextRank - no_path,word:110,0.0
cnndm_test_01761,Lead - no_path,word:110,-0.035030758714969246
cnndm_test_01761,Full - no_path,word:260,0.0
cnndm_test_01761,AB2 - AB0,word:260,0.0
cnndm_test_01761,TextRank - no_path,word:260,-0.01830603772351347
cnndm_test_01761,Lead - no_path,word:260,0.007884277057405353
cnndm_test_01767,Full - no_path,unit:10,0.0
cnndm_test_01767,AB2 - AB0,unit:10,0.0
cnndm_test_01767,TextRank - no_path,unit:10,0.008537279453614127
cnndm_test_01767,Lead - no_path,unit:10,0.043809523809523826
cnndm_test_01767,Full - no_path,unit:5,0.0
cnndm_test_01767,AB2 - AB0,unit:5,-0.03258462511863333
cnndm_test_01767,TextRank - no_path,unit:5,0.057946137910624446
cnndm_test_01767,Lead - no_path,unit:5,0.009596119371506895
cnndm_test_01767,Full - no_path,word:110,0.0
cnndm_test_01767,AB2 - AB0,word:110,-0.02616459627329193
cnndm_test_01767,TextRank - no_path,word:110,0.03726708074534163
cnndm_test_01767,Lead - no_path,word:110,0.01748625232424736
cnndm_test_01767,Full - no_path,word:260,0.0
cnndm_test_01767,AB2 - AB0,word:260,0.0009573460701984282
cnndm_test_01767,TextRank - no_path,word:260,-0.018997184045727755
cnndm_test_01767,Lead - no_path,word:260,0.030619865571321875
cnndm_test_01773,Full - no_path,unit:10,0.0
cnndm_test_01773,AB2 - AB0,unit:10,0.03540420309863476
cnndm_test_01773,TextRank - no_path,unit:10,-0.011313727557007852
cnndm_test_01773,Lead - no_path,unit:10,-0.016072676450034934
cnndm_test_01773,Full - no_path,unit:5,0.0
cnndm_test_01773,AB2 - AB0,unit:5,-0.1522198731501057
cnndm_test_01773,TextRank - no_path,unit:5,0.15093376130726585
cnndm_test_01773,Lead - no_path,unit:5,0.15630306460742296
cnndm_test_01773,Full - no_path,word:110,0.0
cnndm_test_01773,AB2 - AB0,word:110,-0.14634146341463414
cnndm_test_01773,TextRank - no_path,word:110,0.049382716049382686
cnndm_test_01773,Lead - no_path,word:110,0.1464061198212527
cnndm_test_01773,Full - no_path,word:260,0.0
cnndm_test_01773,AB2 - AB0,word:260,0.000671537005758921
cnndm_test_01773,TextRank - no_path,word:260,0.013521312556682347
cnndm_test_01773,Lead - no_path,word:260,-0.046900357026939316
cnndm_test_01791,Full - no_path,unit:10,0.0
cnndm_test_01791,AB2 - AB0,unit:10,0.0
cnndm_test_01791,TextRank - no_path,unit:10,0.00996376811594199
cnndm_test_01791,Lead - no_path,unit:10,-0.06176578560939794
cnndm_test_01791,Full - no_path,unit:5,0.0
cnndm_test_01791,AB2 - AB0,unit:5,0.0
cnndm_test_01791,TextRank - no_path,unit:5,0.011259890444309195
cnndm_test_01791,Lead - no_path,unit:5,-0.08055152394775042
cnndm_test_01791,Full - no_path,word:110,0.0
cnndm_test_01791,AB2 - AB0,word:110,0.05778034579314634
cnndm_test_01791,TextRank - no_path,word:110,-0.11751814819887685
cnndm_test_01791,Lead - no_path,word:110,-0.15326578058516468
cnndm_test_01791,Full - no_path,word:260,0.0
cnndm_test_01791,AB2 - AB0,word:260,0.0
cnndm_test_01791,TextRank - no_path,word:260,0.0
cnndm_test_01791,Lead - no_path,word:260,-0.024418079364702
cnndm_test_01793,Full - no_path,unit:10,0.0
cnndm_test_01793,AB2 - AB0,unit:10,0.0022727272727272874
cnndm_test_01793,TextRank - no_path,unit:10,0.013548515640565875
cnndm_test_01793,Lead - no_path,unit:10,0.028357410379882292
cnndm_test_01793,Full - no_path,unit:5,0.0
cnndm_test_01793,AB2 - AB0,unit:5,-0.05387205387205385
cnndm_test_01793,TextRank - no_path,unit:5,0.04447115384615383
cnndm_test_01793,Lead - no_path,unit:5,0.012364130434782614
cnndm_test_01793,Full - no_path,word:110,0.0
cnndm_test_01793,AB2 - AB0,word:110,-0.04272108843537417
cnndm_test_01793,TextRank - no_path,word:110,0.05140350877192984
cnndm_test_01793,Lead - no_path,word:110,0.027472035794183447
cnndm_test_01793,Full - no_path,word:260,0.0
cnndm_test_01793,AB2 - AB0,word:260,0.0
cnndm_test_01793,TextRank - no_path,word:260,0.0
cnndm_test_01793,Lead - no_path,word:260,0.07222958057395143
cnndm_test_01794,Full - no_path,unit:10,0.0
cnndm_test_01794,AB2 - AB0,unit:10,0.061890418818129705
cnndm_test_01794,TextRank - no_path,unit:10,-0.038538770466481354
cnndm_test_01794,Lead - no_path,unit:10,-0.03970427163198251
cnndm_test_01794,Full - no_path,unit:5,0.0
cnndm_test_01794,AB2 - AB0,unit:5,-0.043417366946778724
cnndm_test_01794,TextRank - no_path,unit:5,0.11191992720655147
cnndm_test_01794,Lead - no_path,unit:5,-0.03689687795648061
cnndm_test_01794,Full - no_path,word:110,0.0
cnndm_test_01794,AB2 - AB0,word:110,-0.07263500719533436
cnndm_test_01794,TextRank - no_path,word:110,0.08795337780845025
cnndm_test_01794,Lead - no_path,word:110,-0.06293285155073775
cnndm_test_01794,Full - no_path,word:260,0.0
cnndm_test_01794,AB2 - AB0,word:260,0.05750798722044731
cnndm_test_01794,TextRank - no_path,word:260,-0.04421643319406901
cnndm_test_01794,Lead - no_path,word:260,-0.05750798722044731
cnndm_test_01798,Full - no_path,unit:10,0.0
cnndm_test_01798,AB2 - AB0,unit:10,-0.0511045068782745
cnndm_test_01798,TextRank - no_path,unit:10,-0.011058775343026794
cnndm_test_01798,Lead - no_path,unit:10,0.116590664999912
cnndm_test_01798,Full - no_path,unit:5,0.0
cnndm_test_01798,AB2 - AB0,unit:5,0.01593448450990348
cnndm_test_01798,TextRank - no_path,unit:5,0.08924242424242423
cnndm_test_01798,Lead - no_path,unit:5,0.18465909090909094
cnndm_test_01798,Full - no_path,word:110,0.0
cnndm_test_01798,AB2 - AB0,word:110,-0.0020544427324088455
cnndm_test_01798,TextRank - no_path,word:110,-0.022400634354247217
cnndm_test_01798,Lead - no_path,word:110,0.15565945840639006
cnndm_test_01798,Full - no_path,word:260,0.0
cnndm_test_01798,AB2 - AB0,word:260,0.006153846153846121
cnndm_test_01798,TextRank - no_path,word:260,-0.006153846153846121
cnndm_test_01798,Lead - no_path,word:260,0.0
cnndm_test_01806,Full - no_path,unit:10,0.0
cnndm_test_01806,AB2 - AB0,unit:10,0.0
cnndm_test_01806,TextRank - no_path,unit:10,0.0
cnndm_test_01806,Lead - no_path,unit:10,0.0
cnndm_test_01806,Full - no_path,unit:5,0.0
cnndm_test_01806,AB2 - AB0,unit:5,-0.03134233853946816
cnndm_test_01806,TextRank - no_path,unit:5,0.03134233853946816
cnndm_test_01806,Lead - no_path,unit:5,0.17646056889797307
cnndm_test_01806,Full - no_path,word:110,0.0
cnndm_test_01806,AB2 - AB0,word:110,-0.07770270270270263
cnndm_test_01806,TextRank - no_path,word:110,0.049924924924924896
cnndm_test_01806,Lead - no_path,word:110,0.049924924924924896
cnndm_test_01806,Full - no_path,word:260,0.0
cnndm_test_01806,AB2 - AB0,word:260,-0.0031996587030716783
cnndm_test_01806,TextRank - no_path,word:260,0.0031996587030716783
cnndm_test_01806,Lead - no_path,word:260,0.029374872378285344
cnndm_test_01822,Full - no_path,unit:10,0.0
cnndm_test_01822,AB2 - AB0,unit:10,0.0
cnndm_test_01822,TextRank - no_path,unit:10,-0.023782692792868543
cnndm_test_01822,Lead - no_path,unit:10,0.015444913143122824
cnndm_test_01822,Full - no_path,unit:5,0.0
cnndm_test_01822,AB2 - AB0,unit:5,-0.07669133782125187
cnndm_test_01822,TextRank - no_path,unit:5,-0.07288363810102938
cnndm_test_01822,Lead - no_path,unit:5,0.1575640751053045
cnndm_test_01822,Full - no_path,word:110,0.0
cnndm_test_01822,AB2 - AB0,word:110,-0.09470858895705528
cnndm_test_01822,TextRank - no_path,word:110,-0.0721153846153846
cnndm_test_01822,Lead - no_path,word:110,0.19286809815950925
cnndm_test_01822,Full - no_path,word:260,0.0
cnndm_test_01822,AB2 - AB0,word:260,0.0
cnndm_test_01822,TextRank - no_path,word:260,0.0
cnndm_test_01822,Lead - no_path,word:260,0.0
cnndm_test_01828,Full - no_path,unit:10,0.0
cnndm_test_01828,AB2 - AB0,unit:10,0.0
cnndm_test_01828,TextRank - no_path,unit:10,0.02448328994208593
cnndm_test_01828,Lead - no_path,unit:10,-0.0795382248493332
cnndm_test_01828,Full - no_path,unit:5,0.0
cnndm_test_01828,AB2 - AB0,unit:5,0.0
cnndm_test_01828,TextRank - no_path,unit:5,-0.040170419963481474
cnndm_test_01828,Lead - no_path,unit:5,-0.173697270471464
cnndm_test_01828,Full - no_path,word:110,0.0
cnndm_test_01828,AB2 - AB0,word:110,0.0
cnndm_test_01828,TextRank - no_path,word:110,-0.06810631229235875
cnndm_test_01828,Lead - no_path,word:110,-0.12972085385878485
cnndm_test_01828,Full - no_path,word:260,0.0
cnndm_test_01828,AB2 - AB0,word:260,0.0
cnndm_test_01828,TextRank - no_path,word:260,-0.007362457220097207
cnndm_test_01828,Lead - no_path,word:260,-0.05870441402675289
cnndm_test_01831,Full - no_path,unit:10,0.0
cnndm_test_01831,AB2 - AB0,unit:10,0.0
cnndm_test_01831,TextRank - no_path,unit:10,0.0
cnndm_test_01831,Lead - no_path,unit:10,-0.05281140081232802
cnndm_test_01831,Full - no_path,unit:5,0.0
cnndm_test_01831,AB2 - AB0,unit:5,0.0
cnndm_test_01831,TextRank - no_path,unit:5,-0.022685119132543896
cnndm_test_01831,Lead - no_path,unit:5,-0.09171138938580803
cnndm_test_01831,Full - no_path,word:110,0.0
cnndm_test_01831,AB2 - AB0,word:110,0.0
cnndm_test_01831,TextRank - no_path,word:110,0.014947016174010008
cnndm_test_01831,Lead - no_path,word:110,-0.022103386809269154
cnndm_test_01831,Full - no_path,word:260,0.0
cnndm_test_01831,AB2 - AB0,word:260,0.0
cnndm_test_01831,TextRank - no_path,word:260,-0.009053852394163064
cnndm_test_01831,Lead - no_path,word:260,-0.06186525320649108
cnndm_test_01837,Full - no_path,unit:10,0.0
cnndm_test_01837,AB2 - AB0,unit:10,-0.006755534109415484
cnndm_test_01837,TextRank - no_path,unit:10,0.006755534109415484
cnndm_test_01837,Lead - no_path,unit:10,0.03608059940350619
cnndm_test_01837,Full - no_path,unit:5,0.0
cnndm_test_01837,AB2 - AB0,unit:5,-0.023463687150838047
cnndm_test_01837,TextRank - no_path,unit:5,0.023463687150838047
cnndm_test_01837,Lead - no_path,unit:5,0.060273972602739756
cnndm_test_01837,Full - no_path,word:110,0.0
cnndm_test_01837,AB2 - AB0,word:110,-0.006524981357196147
cnndm_test_01837,TextRank - no_path,word:110,-0.050453514739229016
cnndm_test_01837,Lead - no_path,word:110,0.015376013419066248
cnndm_test_01837,Full - no_path,word:260,0.0
cnndm_test_01837,AB2 - AB0,word:260,-0.0013650324195199903
cnndm_test_01837,TextRank - no_path,word:260,0.006711409395973172
cnndm_test_01837,Lead - no_path,word:260,0.006240039505286066
cnndm_test_01839,Full - no_path,unit:10,0.0
cnndm_test_01839,AB2 - AB0,unit:10,0.0
cnndm_test_01839,TextRank - no_path,unit:10,0.0004773839360305565
cnndm_test_01839,Lead - no_path,unit:10,0.033456005352960866
cnndm_test_01839,Full - no_path,unit:5,0.0
cnndm_test_01839,AB2 - AB0,unit:5,0.00973895582329315
cnndm_test_01839,TextRank - no_path,unit:5,-0.00973895582329315
cnndm_test_01839,Lead - no_path,unit:5,0.0214466111870161
cnndm_test_01839,Full - no_path,word:110,0.01822204867890148
cnndm_test_01839,AB2 - AB0,word:110,0.02618083670715249
cnndm_test_01839,TextRank - no_path,word:110,-0.02618083670715249
cnndm_test_01839,Lead - no_path,word:110,0.0010573618821041464
cnndm_test_01839,Full - no_path,word:260,0.0
cnndm_test_01839,AB2 - AB0,word:260,0.0
cnndm_test_01839,TextRank - no_path,word:260,0.0004773839360305565
cnndm_test_01839,Lead - no_path,word:260,0.03730775978012982
cnndm_test_01840,Full - no_path,unit:10,0.0
cnndm_test_01840,AB2 - AB0,unit:10,0.0
cnndm_test_01840,TextRank - no_path,unit:10,0.0
cnndm_test_01840,Lead - no_path,unit:10,0.0
cnndm_test_01840,Full - no_path,unit:5,0.0
cnndm_test_01840,AB2 - AB0,unit:5,-0.0045956694653115915
cnndm_test_01840,TextRank - no_path,unit:5,0.0045956694653115915
cnndm_test_01840,Lead - no_path,unit:5,0.08490519576458999
cnndm_test_01840,Full - no_path,word:110,0.0
cnndm_test_01840,AB2 - AB0,word:110,0.017470716696446287
cnndm_test_01840,TextRank - no_path,word:110,-0.017470716696446287
cnndm_test_01840,Lead - no_path,word:110,0.01449275362318836
cnndm_test_01840,Full - no_path,word:260,0.0
cnndm_test_01840,AB2 - AB0,word:260,0.0
cnndm_test_01840,TextRank - no_path,word:260,0.0
cnndm_test_01840,Lead - no_path,word:260,0.0
cnndm_test_01846,Full - no_path,unit:10,0.0
cnndm_test_01846,AB2 - AB0,unit:10,0.010818623800972343
cnndm_test_01846,TextRank - no_path,unit:10,0.004254954943939765
cnndm_test_01846,Lead - no_path,unit:10,-0.028649030769803158
cnndm_test_01846,Full - no_path,unit:5,0.0
cnndm_test_01846,AB2 - AB0,unit:5,-0.032505078918581065
cnndm_test_01846,TextRank - no_path,unit:5,-0.004230337563670861
cnndm_test_01846,Lead - no_path,unit:5,-0.035503412315006505
cnndm_test_01846,Full - no_path,word:110,0.0
cnndm_test_01846,AB2 - AB0,word:110,0.015162077378877648
cnndm_test_01846,TextRank - no_path,word:110,-0.02275656695853151
cnndm_test_01846,Lead - no_path,word:110,-0.020851977805620203
cnndm_test_01846,Full - no_path,word:260,0.0
cnndm_test_01846,AB2 - AB0,word:260,0.005829270822528793
cnndm_test_01846,TextRank - no_path,word:260,0.005198113885949707
cnndm_test_01846,Lead - no_path,word:260,-0.03115537102363186
cnndm_test_01854,Full - no_path,unit:10,0.0
cnndm_test_01854,AB2 - AB0,unit:10,0.0019258089976321863
cnndm_test_01854,TextRank - no_path,unit:10,0.007515184791187665
cnndm_test_01854,Lead - no_path,unit:10,0.018535020495455357
cnndm_test_01854,Full - no_path,unit:5,0.0
cnndm_test_01854,AB2 - AB0,unit:5,-0.002895927601809928
cnndm_test_01854,TextRank - no_path,unit:5,0.009811320754716996
cnndm_test_01854,Lead - no_path,unit:5,0.0014906832298136607
cnndm_test_01854,Full - no_path,word:110,0.0
cnndm_test_01854,AB2 - AB0,word:110,-0.010938654841093853
cnndm_test_01854,TextRank - no_path,word:110,-0.012195121951219523
cnndm_test_01854,Lead - no_path,word:110,-0.03363126798969854
cnndm_test_01854,Full - no_path,word:260,0.0
cnndm_test_01854,AB2 - AB0,word:260,0.006996855345911934
cnndm_test_01854,TextRank - no_path,word:260,0.00037696168878836867
cnndm_test_01854,Lead - no_path,word:260,0.02107822452629253
cnndm_test_01862,Full - no_path,unit:10,0.0
cnndm_test_01862,AB2 - AB0,unit:10,0.0
cnndm_test_01862,TextRank - no_path,unit:10,0.01687951687951686
cnndm_test_01862,Lead - no_path,unit:10,0.005270239964117518
cnndm_test_01862,Full - no_path,unit:5,0.0
cnndm_test_01862,AB2 - AB0,unit:5,-0.05368402089713567
cnndm_test_01862,TextRank - no_path,unit:5,0.02075702075702071
cnndm_test_01862,Lead - no_path,unit:5,0.0666000666000666
cnndm_test_01862,Full - no_path,word:110,0.0
cnndm_test_01862,AB2 - AB0,word:110,0.010117695643196312
cnndm_test_01862,TextRank - no_path,word:110,0.05082857540732488
cnndm_test_01862,Lead - no_path,word:110,0.025959641410820022
cnndm_test_01862,Full - no_path,word:260,-0.018181818181818188
cnndm_test_01862,AB2 - AB0,word:260,0.0
cnndm_test_01862,TextRank - no_path,word:260,0.008323743766781772
cnndm_test_01862,Lead - no_path,word:260,-0.004392549346677765
cnndm_test_01865,Full - no_path,unit:10,0.0
cnndm_test_01865,AB2 - AB0,unit:10,-0.01081248069199875
cnndm_test_01865,TextRank - no_path,unit:10,-0.08117469879518073
cnndm_test_01865,Lead - no_path,unit:10,0.03540693385788049
cnndm_test_01865,Full - no_path,unit:5,0.0
cnndm_test_01865,AB2 - AB0,unit:5,0.0022408963585434094
cnndm_test_01865,TextRank - no_path,unit:5,-0.12525879917184263
cnndm_test_01865,Lead - no_path,unit:5,0.0495238095238095
cnndm_test_01865,Full - no_path,word:110,0.0
cnndm_test_01865,AB2 - AB0,word:110,0.0012568077084206541
cnndm_test_01865,TextRank - no_path,word:110,-0.10448261416003356
cnndm_test_01865,Lead - no_path,word:110,0.04048892284186398
cnndm_test_01865,Full - no_path,word:260,0.0
cnndm_test_01865,AB2 - AB0,word:260,0.00043008110100759
cnndm_test_01865,TextRank - no_path,word:260,0.00043284689586942093
cnndm_test_01865,Lead - no_path,word:260,-0.005165546427682355
cnndm_test_01886,Full - no_path,unit:10,0.0
cnndm_test_01886,AB2 - AB0,unit:10,-0.07357750163505561
cnndm_test_01886,TextRank - no_path,unit:10,0.04082332761578042
cnndm_test_01886,Lead - no_path,unit:10,0.12693757855048177
cnndm_test_01886,Full - no_path,unit:5,0.0
cnndm_test_01886,AB2 - AB0,unit:5,-0.07096822902010302
cnndm_test_01886,TextRank - no_path,unit:5,0.13811263896809803
cnndm_test_01886,Lead - no_path,unit:5,0.3340345619242481
cnndm_test_01886,Full - no_path,word:110,0.0
cnndm_test_01886,AB2 - AB0,word:110,-0.10455409537978347
cnndm_test_01886,TextRank - no_path,word:110,0.05519546696017283
cnndm_test_01886,Lead - no_path,word:110,0.16216216216216214
cnndm_test_01886,Full - no_path,word:260,0.0
cnndm_test_01886,AB2 - AB0,word:260,-0.12116158711903388
cnndm_test_01886,TextRank - no_path,word:260,0.052325915703524795
cnndm_test_01886,Lead - no_path,word:260,0.13944359105649423
cnndm_test_01888,Full - no_path,unit:10,0.0
cnndm_test_01888,AB2 - AB0,unit:10,0.0
cnndm_test_01888,TextRank - no_path,unit:10,0.0
cnndm_test_01888,Lead - no_path,unit:10,0.0
cnndm_test_01888,Full - no_path,unit:5,0.0
cnndm_test_01888,AB2 - AB0,unit:5,0.0
cnndm_test_01888,TextRank - no_path,unit:5,0.01041945987358743
cnndm_test_01888,Lead - no_path,unit:5,-0.00019216910881576788
cnndm_test_01888,Full - no_path,word:110,0.0
cnndm_test_01888,AB2 - AB0,word:110,0.027363184079602004
cnndm_test_01888,TextRank - no_path,word:110,-0.027363184079602004
cnndm_test_01888,Lead - no_path,word:110,0.04034514925373131
cnndm_test_01888,Full - no_path,word:260,0.0
cnndm_test_01888,AB2 - AB0,word:260,0.0
cnndm_test_01888,TextRank - no_path,word:260,0.009822866344605483
cnndm_test_01888,Lead - no_path,word:260,0.03610072791658468
cnndm_test_01889,Full - no_path,unit:10,0.0
cnndm_test_01889,AB2 - AB0,unit:10,0.0012870884703969632
cnndm_test_01889,TextRank - no_path,unit:10,-0.002553248672982622
cnndm_test_01889,Lead - no_path,unit:10,-0.0017736518359183495
cnndm_test_01889,Full - no_path,unit:5,0.0
cnndm_test_01889,AB2 - AB0,unit:5,-0.011048714787928599
cnndm_test_01889,TextRank - no_path,unit:5,0.025831954403382984
cnndm_test_01889,Lead - no_path,unit:5,-0.04264256037985664
cnndm_test_01889,Full - no_path,word:110,0.0
cnndm_test_01889,AB2 - AB0,word:110,0.0
cnndm_test_01889,TextRank - no_path,word:110,0.012269938650306733
cnndm_test_01889,Lead - no_path,word:110,-0.022710818122928023
cnndm_test_01889,Full - no_path,word:260,0.0
cnndm_test_01889,AB2 - AB0,word:260,0.0
cnndm_test_01889,TextRank - no_path,word:260,0.0003891209961497666
cnndm_test_01889,Lead - no_path,word:260,0.022385098874480605
cnndm_test_01890,Full - no_path,unit:10,0.0
cnndm_test_01890,AB2 - AB0,unit:10,0.0
cnndm_test_01890,TextRank - no_path,unit:10,0.0
cnndm_test_01890,Lead - no_path,unit:10,0.0
cnndm_test_01890,Full - no_path,unit:5,0.0
cnndm_test_01890,AB2 - AB0,unit:5,-0.025524447635000502
cnndm_test_01890,TextRank - no_path,unit:5,0.025524447635000502
cnndm_test_01890,Lead - no_path,unit:5,0.09350417006498468
cnndm_test_01890,Full - no_path,word:110,0.0
cnndm_test_01890,AB2 - AB0,word:110,-0.004520941647560228
cnndm_test_01890,TextRank - no_path,word:110,0.004520941647560228
cnndm_test_01890,Lead - no_path,word:110,0.09320809248554907
cnndm_test_01890,Full - no_path,word:260,0.0
cnndm_test_01890,AB2 - AB0,word:260,0.0
cnndm_test_01890,TextRank - no_path,word:260,0.0
cnndm_test_01890,Lead - no_path,word:260,0.0
cnndm_test_01892,Full - no_path,unit:10,0.0
cnndm_test_01892,AB2 - AB0,unit:10,0.0028138749616289926
cnndm_test_01892,TextRank - no_path,unit:10,-0.00026337506364897123
cnndm_test_01892,Lead - no_path,unit:10,0.029089464707119345
cnndm_test_01892,Full - no_path,unit:5,0.0
cnndm_test_01892,AB2 - AB0,unit:5,-0.008971291866028713
cnndm_test_01892,TextRank - no_path,unit:5,0.056818181818181795
cnndm_test_01892,Lead - no_path,unit:5,0.05043859649122806
cnndm_test_01892,Full - no_path,word:110,0.0
cnndm_test_01892,AB2 - AB0,word:110,-0.04195804195804195
cnndm_test_01892,TextRank - no_path,word:110,0.05832465406933493
cnndm_test_01892,Lead - no_path,word:110,0.05954045954045953
cnndm_test_01892,Full - no_path,word:260,0.0
cnndm_test_01892,AB2 - AB0,word:260,-0.006802721088435382
cnndm_test_01892,TextRank - no_path,word:260,0.00032284100080709477
cnndm_test_01892,Lead - no_path,word:260,0.012611627483141971
cnndm_test_01893,Full - no_path,unit:10,0.0
cnndm_test_01893,AB2 - AB0,unit:10,-0.08049815555030365
cnndm_test_01893,TextRank - no_path,unit:10,0.1011204177091265
cnndm_test_01893,Lead - no_path,unit:10,0.06944736534641899
cnndm_test_01893,Full - no_path,unit:5,0.0
cnndm_test_01893,AB2 - AB0,unit:5,-0.1366715045960329
cnndm_test_01893,TextRank - no_path,unit:5,0.28555487928585926
cnndm_test_01893,Lead - no_path,unit:5,0.05390047445658175
cnndm_test_01893,Full - no_path,word:110,0.0
cnndm_test_01893,AB2 - AB0,word:110,-0.08382941050767773
cnndm_test_01893,TextRank - no_path,word:110,0.19672131147540983
cnndm_test_01893,Lead - no_path,word:110,0.06907586873169702
cnndm_test_01893,Full - no_path,word:260,0.0
cnndm_test_01893,AB2 - AB0,word:260,-0.10906757912745935
cnndm_test_01893,TextRank - no_path,word:260,0.10618906316235688
cnndm_test_01893,Lead - no_path,word:260,0.07400257400257398
cnndm_test_01899,Full - no_path,unit:10,0.0
cnndm_test_01899,AB2 - AB0,unit:10,0.005711371749107574
cnndm_test_01899,TextRank - no_path,unit:10,0.0007993909402359972
cnndm_test_01899,Lead - no_path,unit:10,0.10571876224050138
cnndm_test_01899,Full - no_path,unit:5,0.0
cnndm_test_01899,AB2 - AB0,unit:5,0.04108309990662931
cnndm_test_01899,TextRank - no_path,unit:5,-0.0410830999066293
cnndm_test_01899,Lead - no_path,unit:5,0.10793650793650794
cnndm_test_01899,Full - no_path,word:110,0.0
cnndm_test_01899,AB2 - AB0,word:110,-0.035714285714285726
cnndm_test_01899,TextRank - no_path,word:110,0.011129895745280394
cnndm_test_01899,Lead - no_path,word:110,0.059523809523809534
cnndm_test_01899,Full - no_path,word:260,0.0
cnndm_test_01899,AB2 - AB0,word:260,-0.012578616352201255
cnndm_test_01899,TextRank - no_path,word:260,-0.006957547169811312
cnndm_test_01899,Lead - no_path,word:260,0.08114981960134854
cnndm_test_01905,Full - no_path,unit:10,0.0
cnndm_test_01905,AB2 - AB0,unit:10,0.006104840460169292
cnndm_test_01905,TextRank - no_path,unit:10,0.021452963207755027
cnndm_test_01905,Lead - no_path,unit:10,-0.054679144385026746
cnndm_test_01905,Full - no_path,unit:5,-0.0013041810510164842
cnndm_test_01905,AB2 - AB0,unit:5,0.0615921787709498
cnndm_test_01905,TextRank - no_path,unit:5,0.09972927489573419
cnndm_test_01905,Lead - no_path,unit:5,0.09566551591868044
cnndm_test_01905,Full - no_path,word:110,0.0
cnndm_test_01905,AB2 - AB0,word:110,0.02952931461601993
cnndm_test_01905,TextRank - no_path,word:110,-0.013193559975180513
cnndm_test_01905,Lead - no_path,word:110,-0.03389830508474584
cnndm_test_01905,Full - no_path,word:260,0.0
cnndm_test_01905,AB2 - AB0,word:260,0.04584462511291776
cnndm_test_01905,TextRank - no_path,word:260,0.11585365853658541
cnndm_test_01905,Lead - no_path,word:260,-0.007082260263596429
cnndm_test_01908,Full - no_path,unit:10,0.0
cnndm_test_01908,AB2 - AB0,unit:10,0.0
cnndm_test_01908,TextRank - no_path,unit:10,0.0
cnndm_test_01908,Lead - no_path,unit:10,-0.0010904656001147761
cnndm_test_01908,Full - no_path,unit:5,0.0
cnndm_test_01908,AB2 - AB0,unit:5,0.0959537572254335
cnndm_test_01908,TextRank - no_path,unit:5,-0.06486486486486484
cnndm_test_01908,Lead - no_path,unit:5,-0.0036809815950920033
cnndm_test_01908,Full - no_path,word:110,0.0
cnndm_test_01908,AB2 - AB0,word:110,0.0791946308724832
cnndm_test_01908,TextRank - no_path,word:110,-0.06486486486486484
cnndm_test_01908,Lead - no_path,word:110,-0.021656050955414008
cnndm_test_01908,Full - no_path,word:260,0.0
cnndm_test_01908,AB2 - AB0,word:260,0.0
cnndm_test_01908,TextRank - no_path,word:260,0.0
cnndm_test_01908,Lead - no_path,word:260,0.0
cnndm_test_01914,Full - no_path,unit:10,0.0
cnndm_test_01914,AB2 - AB0,unit:10,0.008987011921127677
cnndm_test_01914,TextRank - no_path,unit:10,-0.008987011921127677
cnndm_test_01914,Lead - no_path,unit:10,0.006578180036856465
cnndm_test_01914,Full - no_path,unit:5,0.0
cnndm_test_01914,AB2 - AB0,unit:5,-0.01954215522054717
cnndm_test_01914,TextRank - no_path,unit:5,0.013026819923371624
cnndm_test_01914,Lead - no_path,unit:5,0.12499999999999994
cnndm_test_01914,Full - no_path,word:110,0.0
cnndm_test_01914,AB2 - AB0,word:110,0.018884892086330957
cnndm_test_01914,TextRank - no_path,word:110,-0.019746961051848172
cnndm_test_01914,Lead - no_path,word:110,0.09222621902478015
cnndm_test_01914,Full - no_path,word:260,0.0
cnndm_test_01914,AB2 - AB0,word:260,-0.02655187218945608
cnndm_test_01914,TextRank - no_path,word:260,0.002735690235690244
cnndm_test_01914,Lead - no_path,word:260,0.04805113279689549
cnndm_test_01916,Full - no_path,unit:10,0.0
cnndm_test_01916,AB2 - AB0,unit:10,0.0
cnndm_test_01916,TextRank - no_path,unit:10,0.0
cnndm_test_01916,Lead - no_path,unit:10,0.0
cnndm_test_01916,Full - no_path,unit:5,0.0
cnndm_test_01916,AB2 - AB0,unit:5,0.0
cnndm_test_01916,TextRank - no_path,unit:5,0.010877447425670761
cnndm_test_01916,Lead - no_path,unit:5,-0.0015449128227764397
cnndm_test_01916,Full - no_path,word:110,0.0
cnndm_test_01916,AB2 - AB0,word:110,0.0
cnndm_test_01916,TextRank - no_path,word:110,0.031134173461823567
cnndm_test_01916,Lead - no_path,word:110,0.01609657947686116
cnndm_test_01916,Full - no_path,word:260,0.0
cnndm_test_01916,AB2 - AB0,word:260,0.0
cnndm_test_01916,TextRank - no_path,word:260,0.0
cnndm_test_01916,Lead - no_path,word:260,0.0
cnndm_test_01920,Full - no_path,unit:10,0.0
cnndm_test_01920,AB2 - AB0,unit:10,0.0
cnndm_test_01920,TextRank - no_path,unit:10,0.0
cnndm_test_01920,Lead - no_path,unit:10,-0.03397765025672003
cnndm_test_01920,Full - no_path,unit:5,0.0
cnndm_test_01920,AB2 - AB0,unit:5,0.0
cnndm_test_01920,TextRank - no_path,unit:5,-0.0031746031746031633
cnndm_test_01920,Lead - no_path,unit:5,-0.07292644757433486
cnndm_test_01920,Full - no_path,word:110,0.0
cnndm_test_01920,AB2 - AB0,word:110,-0.027916544225683237
cnndm_test_01920,TextRank - no_path,word:110,-0.008668821627975332
cnndm_test_01920,Lead - no_path,word:110,-0.061611716326383376
cnndm_test_01920,Full - no_path,word:260,0.0011399371069182596
cnndm_test_01920,AB2 - AB0,word:260,0.0011257763975155433
cnndm_test_01920,TextRank - no_path,word:260,0.001715299684542565
cnndm_test_01920,Lead - no_path,word:260,-0.013025700934579443
cnndm_test_01926,Full - no_path,unit:10,0.0
cnndm_test_01926,AB2 - AB0,unit:10,0.0023531021273684866
cnndm_test_01926,TextRank - no_path,unit:10,0.024133991026391327
cnndm_test_01926,Lead - no_path,unit:10,0.08080142450541901
cnndm_test_01926,Full - no_path,unit:5,0.0
cnndm_test_01926,AB2 - AB0,unit:5,-0.005029074336005024
cnndm_test_01926,TextRank - no_path,unit:5,0.010697032436162879
cnndm_test_01926,Lead - no_path,unit:5,0.14887794198139026
cnndm_test_01926,Full - no_path,word:110,0.0
cnndm_test_01926,AB2 - AB0,word:110,0.00989040363539162
cnndm_test_01926,TextRank - no_path,word:110,-0.01149425287356326
cnndm_test_01926,Lead - no_path,word:110,0.0652639781804013
cnndm_test_01926,Full - no_path,word:260,0.0
cnndm_test_01926,AB2 - AB0,word:260,-0.012307692307692325
cnndm_test_01926,TextRank - no_path,word:260,0.00036087369420702287
cnndm_test_01926,Lead - no_path,word:260,0.05990619136960604
cnndm_test_01927,Full - no_path,unit:10,0.0
cnndm_test_01927,AB2 - AB0,unit:10,0.0
cnndm_test_01927,TextRank - no_path,unit:10,-0.016018306636155638
cnndm_test_01927,Lead - no_path,unit:10,0.013586956521739108
cnndm_test_01927,Full - no_path,unit:5,0.0
cnndm_test_01927,AB2 - AB0,unit:5,0.0
cnndm_test_01927,TextRank - no_path,unit:5,-0.028249999999999997
cnndm_test_01927,Lead - no_path,unit:5,0.07383849557522126
cnndm_test_01927,Full - no_path,word:110,0.0
cnndm_test_01927,AB2 - AB0,word:110,0.0
cnndm_test_01927,TextRank - no_path,word:110,-0.07428130426393978
cnndm_test_01927,Lead - no_path,word:110,0.020024911372999915
cnndm_test_01927,Full - no_path,word:260,0.0
cnndm_test_01927,AB2 - AB0,word:260,0.0
cnndm_test_01927,TextRank - no_path,word:260,0.0
cnndm_test_01927,Lead - no_path,word:260,0.0
cnndm_test_01943,Full - no_path,unit:10,0.0
cnndm_test_01943,AB2 - AB0,unit:10,0.0
cnndm_test_01943,TextRank - no_path,unit:10,0.0
cnndm_test_01943,Lead - no_path,unit:10,0.0
cnndm_test_01943,Full - no_path,unit:5,0.0
cnndm_test_01943,AB2 - AB0,unit:5,0.0
cnndm_test_01943,TextRank - no_path,unit:5,-0.004364429896344835
cnndm_test_01943,Lead - no_path,unit:5,-0.08845425311660282
cnndm_test_01943,Full - no_path,word:110,0.0
cnndm_test_01943,AB2 - AB0,word:110,0.0037327360955580757
cnndm_test_01943,TextRank - no_path,word:110,-0.00809716599190291
cnndm_test_01943,Lead - no_path,word:110,-0.1099071207430341
cnndm_test_01943,Full - no_path,word:260,0.0
cnndm_test_01943,AB2 - AB0,word:260,0.0
cnndm_test_01943,TextRank - no_path,word:260,0.0
cnndm_test_01943,Lead - no_path,word:260,0.0
cnndm_test_01962,Full - no_path,unit:10,0.0
cnndm_test_01962,AB2 - AB0,unit:10,-0.015022930864515019
cnndm_test_01962,TextRank - no_path,unit:10,0.017556517556517562
cnndm_test_01962,Lead - no_path,unit:10,0.01726996407847471
cnndm_test_01962,Full - no_path,unit:5,0.0
cnndm_test_01962,AB2 - AB0,unit:5,-0.00017503938386137508
cnndm_test_01962,TextRank - no_path,unit:5,0.031179021267809193
cnndm_test_01962,Lead - no_path,unit:5,0.014720709820528338
cnndm_test_01962,Full - no_path,word:110,0.13881278538812786
cnndm_test_01962,AB2 - AB0,word:110,-0.18508158508158506
cnndm_test_01962,TextRank - no_path,word:110,0.17971014492753623
cnndm_test_01962,Lead - no_path,word:110,0.15102040816326534
cnndm_test_01962,Full - no_path,word:260,0.0
cnndm_test_01962,AB2 - AB0,word:260,-0.009828178694158099
cnndm_test_01962,TextRank - no_path,word:260,0.011107639973619368
cnndm_test_01962,Lead - no_path,word:260,0.011539890405869821
cnndm_test_01968,Full - no_path,unit:10,0.0
cnndm_test_01968,AB2 - AB0,unit:10,0.05204327784279533
cnndm_test_01968,TextRank - no_path,unit:10,-0.05204327784279533
cnndm_test_01968,Lead - no_path,unit:10,-0.019114724050512344
cnndm_test_01968,Full - no_path,unit:5,0.0
cnndm_test_01968,AB2 - AB0,unit:5,0.058213597985483645
cnndm_test_01968,TextRank - no_path,unit:5,-0.029420685471640895
cnndm_test_01968,Lead - no_path,unit:5,-0.0202040956098897
cnndm_test_01968,Full - no_path,word:110,0.0
cnndm_test_01968,AB2 - AB0,word:110,0.05858718679231503
cnndm_test_01968,TextRank - no_path,word:110,-0.0335097001763669
cnndm_test_01968,Lead - no_path,word:110,0.05975600847395712
cnndm_test_01968,Full - no_path,word:260,0.0
cnndm_test_01968,AB2 - AB0,word:260,0.027316070114606544
cnndm_test_01968,TextRank - no_path,word:260,-0.04433777429467087
cnndm_test_01968,Lead - no_path,word:260,-0.013087774294670812
cnndm_test_01969,Full - no_path,unit:10,0.0
cnndm_test_01969,AB2 - AB0,unit:10,0.0
cnndm_test_01969,TextRank - no_path,unit:10,0.0044100809928336315
cnndm_test_01969,Lead - no_path,unit:10,-0.01420407257393333
cnndm_test_01969,Full - no_path,unit:5,0.0
cnndm_test_01969,AB2 - AB0,unit:5,-0.0209003771756808
cnndm_test_01969,TextRank - no_path,unit:5,0.05449817208758903
cnndm_test_01969,Lead - no_path,unit:5,-0.04017824530645042
cnndm_test_01969,Full - no_path,word:110,0.0
cnndm_test_01969,AB2 - AB0,word:110,-0.01903759266570168
cnndm_test_01969,TextRank - no_path,word:110,0.05836559676949338
cnndm_test_01969,Lead - no_path,word:110,-0.04562831421876923
cnndm_test_01969,Full - no_path,word:260,0.0
cnndm_test_01969,AB2 - AB0,word:260,0.0
cnndm_test_01969,TextRank - no_path,word:260,0.0
cnndm_test_01969,Lead - no_path,word:260,0.0011106957868318168
cnndm_test_01975,Full - no_path,unit:10,0.0
cnndm_test_01975,AB2 - AB0,unit:10,0.0
cnndm_test_01975,TextRank - no_path,unit:10,0.0
cnndm_test_01975,Lead - no_path,unit:10,-0.03588816247044094
cnndm_test_01975,Full - no_path,unit:5,0.0
cnndm_test_01975,AB2 - AB0,unit:5,0.026395173453996945
cnndm_test_01975,TextRank - no_path,unit:5,-0.015877058923416454
cnndm_test_01975,Lead - no_path,unit:5,-0.022640480087288584
cnndm_test_01975,Full - no_path,word:110,0.0
cnndm_test_01975,AB2 - AB0,word:110,0.026991795107737193
cnndm_test_01975,TextRank - no_path,word:110,-0.06803504586401216
cnndm_test_01975,Lead - no_path,word:110,-0.001809880301098299
cnndm_test_01975,Full - no_path,word:260,0.0
cnndm_test_01975,AB2 - AB0,word:260,0.0
cnndm_test_01975,TextRank - no_path,word:260,0.05991460768530832
cnndm_test_01975,Lead - no_path,word:260,0.02621029283083373
cnndm_test_01978,Full - no_path,unit:10,0.0
cnndm_test_01978,AB2 - AB0,unit:10,-0.004131147540983593
cnndm_test_01978,TextRank - no_path,unit:10,0.004131147540983593
cnndm_test_01978,Lead - no_path,unit:10,0.005553719008264457
cnndm_test_01978,Full - no_path,unit:5,0.0
cnndm_test_01978,AB2 - AB0,unit:5,0.004596032897919711
cnndm_test_01978,TextRank - no_path,unit:5,-0.004153123871433739
cnndm_test_01978,Lead - no_path,unit:5,-0.08531636229477954
cnndm_test_01978,Full - no_path,word:110,0.0
cnndm_test_01978,AB2 - AB0,word:110,-0.01526015811730097
cnndm_test_01978,TextRank - no_path,word:110,-0.010366530914476146
cnndm_test_01978,Lead - no_path,word:110,-0.08496986194827921
cnndm_test_01978,Full - no_path,word:260,0.0
cnndm_test_01978,AB2 - AB0,word:260,-0.000535117056856188
cnndm_test_01978,TextRank - no_path,word:260,0.000535117056856188
cnndm_test_01978,Lead - no_path,word:260,-0.009315068493150697
cnndm_test_01991,Full - no_path,unit:10,0.0
cnndm_test_01991,AB2 - AB0,unit:10,0.0
cnndm_test_01991,TextRank - no_path,unit:10,0.019652570626425725
cnndm_test_01991,Lead - no_path,unit:10,0.003332628015234901
cnndm_test_01991,Full - no_path,unit:5,0.0
cnndm_test_01991,AB2 - AB0,unit:5,0.022826766729205722
cnndm_test_01991,TextRank - no_path,unit:5,-0.022826766729205722
cnndm_test_01991,Lead - no_path,unit:5,-0.03389963819411668
cnndm_test_01991,Full - no_path,word:110,0.0
cnndm_test_01991,AB2 - AB0,word:110,-0.01618533798794025
cnndm_test_01991,TextRank - no_path,word:110,0.01618533798794025
cnndm_test_01991,Lead - no_path,word:110,-0.038080959520239904
cnndm_test_01991,Full - no_path,word:260,0.0
cnndm_test_01991,AB2 - AB0,word:260,0.0
cnndm_test_01991,TextRank - no_path,word:260,0.0034604519774011355
cnndm_test_01991,Lead - no_path,word:260,0.0
