paper,experiment_id,method,method_role,seed,hypervolume,hypervolume_worst_case,feasible_front_size,compromise_cost_index,compromise_loss_index,compromise_voltage_risk,compromise_hosting_capacity,compromise_reliability,compromise_survivability,portfolio_size,hosting_shortfall,der_readiness_shortfall,runtime_s,source_status
p3,base_distribution_planning,CARS-MODE,proposed,0,0.04059662,0.04059662,39,0.99300695,0.12380298,0.17363947,0.00003827,0.99764387,1.00000000,14,0.01796173,0.00000000,0.173444,public_simbench_planning_v7_direct_moea_de_controls
p3,base_distribution_planning,CARS-MODE,proposed,1,0.04244966,0.04244966,39,0.98537253,0.12385201,0.17420003,0.00003479,1.00000000,1.00000000,14,0.01796521,0.00000000,0.127810,public_simbench_planning_v7_direct_moea_de_controls
p3,base_distribution_planning,CARS-MODE,proposed,2,0.04168446,0.04168446,38,0.99753797,0.12378471,0.17347752,0.00003363,1.00000000,1.00000000,14,0.01796637,0.00000000,0.126872,public_simbench_planning_v7_direct_moea_de_controls
p3,base_distribution_planning,CARS-MODE,proposed,3,0.03920547,0.03920547,39,0.92315079,0.12404334,0.17556198,0.00003363,0.97621604,1.00000000,13,0.01796637,0.00000000,0.121370,public_simbench_planning_v7_direct_moea_de_controls
p3,base_distribution_planning,CARS-MODE,proposed,4,0.04144311,0.04144311,39,0.98990355,0.12383374,0.17403809,0.00003015,1.00000000,1.00000000,14,0.01796985,0.00000000,0.119920,public_simbench_planning_v7_direct_moea_de_controls
p3,base_distribution_planning,CARS-MODE,proposed,5,0.03699134,0.03699134,39,0.86713831,0.11879125,0.18306006,0.00000000,1.00000000,1.00000000,9,0.01800000,0.13053763,0.124696,public_simbench_planning_v7_direct_moea_de_controls
p3,base_distribution_planning,CARS-MODE,proposed,6,0.04190374,0.04190374,38,0.97320708,0.12391931,0.17492254,0.00003595,1.00000000,1.00000000,14,0.01796405,0.00000000,0.123748,public_simbench_planning_v7_direct_moea_de_controls
p3,base_distribution_planning,CARS-MODE,proposed,7,0.04159361,0.04159361,38,0.99753797,0.12378471,0.17347752,0.00003363,1.00000000,1.00000000,14,0.01796637,0.00000000,0.124638,public_simbench_planning_v7_direct_moea_de_controls
p3,base_distribution_planning,CARS-MODE,proposed,8,0.04283650,0.04283650,39,0.99300695,0.12380298,0.17363947,0.00003827,0.99764387,1.00000000,14,0.01796173,0.00000000,0.122251,public_simbench_planning_v7_direct_moea_de_controls
p3,base_distribution_planning,CARS-MODE,proposed,9,0.04002796,0.04002796,39,0.86999110,0.12419812,0.17660003,0.00002320,1.00000000,1.00000000,12,0.01797680,0.00000000,0.124861,public_simbench_planning_v7_direct_moea_de_controls
p3,base_distribution_planning,CARS-MODE,proposed,10,0.04112640,0.04112640,39,0.99753797,0.12378471,0.17347752,0.00003363,1.00000000,1.00000000,14,0.01796637,0.00000000,0.125666,public_simbench_planning_v7_direct_moea_de_controls
p3,base_distribution_planning,CARS-MODE,proposed,11,0.04199066,0.04199066,38,0.98084150,0.12387028,0.17436198,0.00003943,0.98400798,1.00000000,14,0.01796057,0.00000000,0.125067,public_simbench_planning_v7_direct_moea_de_controls
p3,base_distribution_planning,CARS-MODE,proposed,12,0.04194838,0.04194838,39,0.99753797,0.12378471,0.17347752,0.00003363,1.00000000,1.00000000,14,0.01796637,0.00000000,0.120297,public_simbench_planning_v7_direct_moea_de_controls
p3,base_distribution_planning,CARS-MODE,proposed,13,0.04221407,0.04221407,39,0.98990355,0.12383374,0.17403809,0.00003015,1.00000000,1.00000000,14,0.01796985,0.00000000,0.123323,public_simbench_planning_v7_direct_moea_de_controls
p3,base_distribution_planning,CARS-MODE,proposed,14,0.04099314,0.04099314,39,0.94437829,0.12393949,0.17451558,0.00002320,1.00000000,1.00000000,13,0.01797680,0.00000000,0.117642,public_simbench_planning_v7_direct_moea_de_controls
p3,base_distribution_planning,CARS-MODE,proposed,15,0.03971391,0.03971391,39,0.97773811,0.12390104,0.17476060,0.00003131,1.00000000,1.00000000,14,0.01796869,0.00000000,0.125813,public_simbench_planning_v7_direct_moea_de_controls
p3,base_distribution_planning,CARS-MODE,proposed,16,0.04290484,0.04290484,39,0.99300695,0.12380298,0.17363947,0.00003827,0.99764387,1.00000000,14,0.01796173,0.00000000,0.120629,public_simbench_planning_v7_direct_moea_de_controls
p3,base_distribution_planning,CARS-MODE,proposed,17,0.03876860,0.03876860,38,0.98757397,0.12282491,0.17716893,0.00187435,0.88567533,1.00000000,13,0.01612565,0.00000000,0.120922,public_simbench_planning_v7_direct_moea_de_controls
p3,base_distribution_planning,CARS-MODE,proposed,18,0.04174295,0.04174295,39,0.99300695,0.12380298,0.17363947,0.00003827,0.99764387,1.00000000,14,0.01796173,0.00000000,0.127324,public_simbench_planning_v7_direct_moea_de_controls
p3,base_distribution_planning,CARS-MODE,proposed,19,0.04032761,0.04032761,39,0.99300695,0.12380298,0.17363947,0.00003827,0.99764387,1.00000000,14,0.01796173,0.00000000,0.121394,public_simbench_planning_v7_direct_moea_de_controls
p3,base_distribution_planning,CARS-MODE,proposed,20,0.04203039,0.04203039,38,0.98990355,0.12383374,0.17403809,0.00003015,1.00000000,1.00000000,14,0.01796985,0.00000000,0.123614,public_simbench_planning_v7_direct_moea_de_controls
p3,base_distribution_planning,CARS-MODE,proposed,21,0.04047218,0.04047218,38,0.94887618,0.12405391,0.17636756,0.00003827,1.00000000,1.00000000,14,0.01796173,0.00000000,0.123733,public_simbench_planning_v7_direct_moea_de_controls
p3,base_distribution_planning,CARS-MODE,proposed,22,0.04095562,0.04095562,39,0.99753797,0.12378471,0.17347752,0.00003363,1.00000000,1.00000000,14,0.01796637,0.00000000,0.117514,public_simbench_planning_v7_direct_moea_de_controls
p3,base_distribution_planning,CARS-MODE,proposed,23,0.04157747,0.04157747,38,0.94890932,0.12392122,0.17435364,0.00001856,1.00000000,1.00000000,13,0.01798144,0.00000000,0.120722,public_simbench_planning_v7_direct_moea_de_controls
p3,base_distribution_planning,CARS-MODE,proposed,24,0.03976516,0.03976516,38,0.96557266,0.12396834,0.17548310,0.00003247,1.00000000,1.00000000,14,0.01796753,0.00000000,0.119727,public_simbench_planning_v7_direct_moea_de_controls
p3,base_distribution_planning,CARS-MODE,proposed,25,0.04124635,0.04124635,39,0.96867605,0.12393758,0.17508448,0.00004059,0.97037209,1.00000000,14,0.01795941,0.00000000,0.120636,public_simbench_planning_v7_direct_moea_de_controls
p3,base_distribution_planning,CARS-MODE,proposed,26,0.04197130,0.04197130,39,0.99300695,0.12380298,0.17363947,0.00003827,0.99764387,1.00000000,14,0.01796173,0.00000000,0.125663,public_simbench_planning_v7_direct_moea_de_controls
p3,base_distribution_planning,CARS-MODE,proposed,27,0.04069036,0.04069036,39,0.99300695,0.12380298,0.17363947,0.00003827,0.99764387,1.00000000,14,0.01796173,0.00000000,0.124921,public_simbench_planning_v7_direct_moea_de_controls
p3,base_distribution_planning,CARS-MODE,proposed,28,0.04249369,0.04249369,39,0.93531623,0.12397604,0.17483947,0.00003247,0.98985193,1.00000000,13,0.01796753,0.00000000,0.128726,public_simbench_planning_v7_direct_moea_de_controls
p3,base_distribution_planning,CARS-MODE,proposed,29,0.04070672,0.04070672,39,0.97773811,0.12390104,0.17476060,0.00003131,1.00000000,1.00000000,14,0.01796869,0.00000000,0.113732,public_simbench_planning_v7_direct_moea_de_controls
p3,base_distribution_planning,NSGA-II,baseline,0,0.03493218,0.03493218,40,0.99750484,0.12391740,0.17549144,0.00005335,0.89067722,1.00000000,15,0.01794665,0.00000000,0.159290,public_simbench_planning_v7_direct_moea_de_controls
p3,base_distribution_planning,NSGA-II,baseline,1,0.03880286,0.03880286,40,0.98537253,0.12385201,0.17420003,0.00003479,1.00000000,1.00000000,14,0.01796521,0.00000000,0.079373,public_simbench_planning_v7_direct_moea_de_controls
p3,base_distribution_planning,NSGA-II,baseline,2,0.03884338,0.03884338,40,0.99753797,0.12378471,0.17347752,0.00003363,1.00000000,1.00000000,14,0.01796637,0.00000000,0.077830,public_simbench_planning_v7_direct_moea_de_controls
p3,base_distribution_planning,NSGA-II,baseline,3,0.03797005,0.03797005,40,0.98084150,0.12387028,0.17436198,0.00003943,0.98400798,1.00000000,14,0.01796057,0.00000000,0.079780,public_simbench_planning_v7_direct_moea_de_controls
p3,base_distribution_planning,NSGA-II,baseline,4,0.03921008,0.03921008,40,0.92004739,0.12407409,0.17596060,0.00002552,1.00000000,1.00000000,13,0.01797448,0.00000000,0.078256,public_simbench_planning_v7_direct_moea_de_controls
p3,base_distribution_planning,NSGA-II,baseline,5,0.03835451,0.03835451,40,0.97320708,0.12391931,0.17492254,0.00003595,1.00000000,1.00000000,14,0.01796405,0.00000000,0.080231,public_simbench_planning_v7_direct_moea_de_controls
p3,base_distribution_planning,NSGA-II,baseline,6,0.03681528,0.03681528,40,0.99015415,0.11839612,0.18009950,0.00001508,1.00000000,1.00000000,11,0.01798492,0.00000000,0.077501,public_simbench_planning_v7_direct_moea_de_controls
p3,base_distribution_planning,NSGA-II,baseline,7,0.04086065,0.04086065,40,0.97320708,0.12391931,0.17492254,0.00003595,1.00000000,1.00000000,14,0.01796405,0.00000000,0.079651,public_simbench_planning_v7_direct_moea_de_controls
p3,base_distribution_planning,NSGA-II,baseline,8,0.03745099,0.03745099,40,0.99663603,0.12278837,0.17684505,0.00186507,1.00000000,1.00000000,13,0.01613493,0.00000000,0.077891,public_simbench_planning_v7_direct_moea_de_controls
p3,base_distribution_planning,NSGA-II,baseline,9,0.03879826,0.03879826,40,0.97773811,0.12390104,0.17476060,0.00003131,1.00000000,1.00000000,14,0.01796869,0.00000000,0.079168,public_simbench_planning_v7_direct_moea_de_controls
p3,base_distribution_planning,NSGA-II,baseline,10,0.03930800,0.03930800,40,0.98251973,0.11844515,0.18066006,0.00001160,1.00000000,1.00000000,11,0.01798840,0.00000000,0.079599,public_simbench_planning_v7_direct_moea_de_controls
p3,base_distribution_planning,NSGA-II,baseline,11,0.04127356,0.04127356,40,0.98537253,0.12385201,0.17420003,0.00003479,1.00000000,1.00000000,14,0.01796521,0.00000000,0.082367,public_simbench_planning_v7_direct_moea_de_controls
p3,base_distribution_planning,NSGA-II,baseline,12,0.03953118,0.03953118,40,0.99443458,0.12381547,0.17387615,0.00002552,1.00000000,1.00000000,14,0.01797448,0.00000000,0.078618,public_simbench_planning_v7_direct_moea_de_controls
p3,base_distribution_planning,NSGA-II,baseline,13,0.04193812,0.04193812,40,0.98537253,0.12385201,0.17420003,0.00003479,1.00000000,1.00000000,14,0.01796521,0.00000000,0.079875,public_simbench_planning_v7_direct_moea_de_controls
p3,base_distribution_planning,NSGA-II,baseline,14,0.04009230,0.04009230,40,0.98084150,0.12387028,0.17436198,0.00003943,0.98400798,1.00000000,14,0.01796057,0.00000000,0.078814,public_simbench_planning_v7_direct_moea_de_controls
p3,base_distribution_planning,NSGA-II,baseline,15,0.03360103,0.03360103,40,0.91510881,0.12308875,0.17949006,0.00187911,0.97215032,1.00000000,12,0.01612089,0.00000000,0.081571,public_simbench_planning_v7_direct_moea_de_controls
p3,base_distribution_planning,NSGA-II,baseline,16,0.03687080,0.03687080,40,0.93246344,0.11856917,0.18129950,0.00000928,0.99870084,1.00000000,10,0.01799072,0.00000000,0.078163,public_simbench_planning_v7_direct_moea_de_controls
p3,base_distribution_planning,NSGA-II,baseline,17,0.03776608,0.03776608,40,0.99663603,0.12278837,0.17684505,0.00186507,1.00000000,1.00000000,13,0.01613493,0.00000000,0.079744,public_simbench_planning_v7_direct_moea_de_controls
p3,base_distribution_planning,NSGA-II,baseline,18,0.03809246,0.03809246,40,0.98084150,0.12387028,0.17436198,0.00003943,0.98400798,1.00000000,14,0.01796057,0.00000000,0.079779,public_simbench_planning_v7_direct_moea_de_controls
p3,base_distribution_planning,NSGA-II,baseline,19,0.03975045,0.03975045,40,0.99015415,0.11839612,0.18009950,0.00001508,1.00000000,1.00000000,11,0.01798492,0.00000000,0.079427,public_simbench_planning_v7_direct_moea_de_controls
p3,base_distribution_planning,NSGA-II,baseline,20,0.03742744,0.03742744,40,0.98990355,0.12383374,0.17403809,0.00003015,1.00000000,1.00000000,14,0.01796985,0.00000000,0.079093,public_simbench_planning_v7_direct_moea_de_controls
p3,base_distribution_planning,NSGA-II,baseline,21,0.03564459,0.03564459,40,0.84566021,0.12433271,0.17804505,0.00002552,1.00000000,1.00000000,12,0.01797448,0.00000000,0.082279,public_simbench_planning_v7_direct_moea_de_controls
p3,base_distribution_planning,NSGA-II,baseline,22,0.03572418,0.03572418,40,0.91914545,0.12307775,0.17932812,0.00185695,1.00000000,1.00000000,12,0.01614305,0.00000000,0.077680,public_simbench_planning_v7_direct_moea_de_controls
p3,base_distribution_planning,NSGA-II,baseline,23,0.03854693,0.03854693,40,0.96473846,0.11995766,0.18036524,0.00002320,0.98241155,1.00000000,12,0.01797680,0.00000000,0.078931,public_simbench_planning_v7_direct_moea_de_controls
p3,base_distribution_planning,NSGA-II,baseline,24,0.03693318,0.03693318,40,0.97320708,0.12391931,0.17492254,0.00003595,1.00000000,1.00000000,14,0.01796405,0.00000000,0.077807,public_simbench_planning_v7_direct_moea_de_controls
p3,base_distribution_planning,NSGA-II,baseline,25,0.04064263,0.04064263,40,0.99015415,0.11839612,0.18009950,0.00001508,1.00000000,1.00000000,11,0.01798492,0.00000000,0.078078,public_simbench_planning_v7_direct_moea_de_controls
p3,base_distribution_planning,NSGA-II,baseline,26,0.03761924,0.03761924,40,0.98990355,0.12383374,0.17403809,0.00003015,1.00000000,1.00000000,14,0.01796985,0.00000000,0.078547,public_simbench_planning_v7_direct_moea_de_controls
p3,base_distribution_planning,NSGA-II,baseline,27,0.03923863,0.03923863,40,0.98990355,0.12383374,0.17403809,0.00003015,1.00000000,1.00000000,14,0.01796985,0.00000000,0.078291,public_simbench_planning_v7_direct_moea_de_controls
p3,base_distribution_planning,NSGA-II,baseline,28,0.03227038,0.03227038,40,0.99750484,0.12391740,0.17549144,0.00005335,0.89067722,1.00000000,15,0.01794665,0.00000000,0.078141,public_simbench_planning_v7_direct_moea_de_controls
p3,base_distribution_planning,NSGA-II,baseline,29,0.03946991,0.03946991,40,0.99015415,0.11839612,0.18009950,0.00001508,1.00000000,1.00000000,11,0.01798492,0.00000000,0.079452,public_simbench_planning_v7_direct_moea_de_controls
p3,base_distribution_planning,NSGA-II+Repair,baseline,0,0.03711591,0.03711591,40,0.98537253,0.12385201,0.17420003,0.00003479,1.00000000,1.00000000,14,0.01796521,0.00000000,0.076852,public_simbench_planning_v7_direct_moea_de_controls
p3,base_distribution_planning,NSGA-II+Repair,baseline,1,0.03695393,0.03695393,40,0.94887618,0.12405391,0.17636756,0.00003827,1.00000000,1.00000000,14,0.01796173,0.00000000,0.078296,public_simbench_planning_v7_direct_moea_de_controls
p3,base_distribution_planning,NSGA-II+Repair,baseline,2,0.03239767,0.03239767,40,0.97590291,0.12288494,0.17789144,0.00189303,0.87314809,1.00000000,13,0.01610697,0.00000000,0.081188,public_simbench_planning_v7_direct_moea_de_controls
p3,base_distribution_planning,NSGA-II+Repair,baseline,3,0.03983331,0.03983331,40,0.97773811,0.12390104,0.17476060,0.00003131,1.00000000,1.00000000,14,0.01796869,0.00000000,0.077839,public_simbench_planning_v7_direct_moea_de_controls
p3,base_distribution_planning,NSGA-II+Repair,baseline,4,0.03891471,0.03891471,40,0.98990355,0.12383374,0.17403809,0.00003015,1.00000000,1.00000000,14,0.01796985,0.00000000,0.077901,public_simbench_planning_v7_direct_moea_de_controls
p3,base_distribution_planning,NSGA-II+Repair,baseline,5,0.03635131,0.03635131,40,0.84566021,0.12433271,0.17804505,0.00002552,1.00000000,1.00000000,12,0.01797448,0.00000000,0.079641,public_simbench_planning_v7_direct_moea_de_controls
p3,base_distribution_planning,NSGA-II+Repair,baseline,6,0.03919440,0.03919440,40,0.97320708,0.12391931,0.17492254,0.00003595,1.00000000,1.00000000,14,0.01796405,0.00000000,0.078498,public_simbench_planning_v7_direct_moea_de_controls
p3,base_distribution_planning,NSGA-II+Repair,baseline,7,0.03678695,0.03678695,40,0.95340721,0.12403563,0.17620561,0.00003363,1.00000000,1.00000000,14,0.01796637,0.00000000,0.078681,public_simbench_planning_v7_direct_moea_de_controls
p3,base_distribution_planning,NSGA-II+Repair,baseline,8,0.03794315,0.03794315,40,0.97320708,0.12391931,0.17492254,0.00003595,1.00000000,1.00000000,14,0.01796405,0.00000000,0.078257,public_simbench_planning_v7_direct_moea_de_controls
p3,base_distribution_planning,NSGA-II+Repair,baseline,9,0.03883477,0.03883477,40,0.98537253,0.12385201,0.17420003,0.00003479,1.00000000,1.00000000,14,0.01796521,0.00000000,0.078798,public_simbench_planning_v7_direct_moea_de_controls
p3,base_distribution_planning,NSGA-II+Repair,baseline,10,0.03730326,0.03730326,40,0.96867605,0.12393758,0.17508448,0.00004059,0.97037209,1.00000000,14,0.01795941,0.00000000,0.079066,public_simbench_planning_v7_direct_moea_de_controls
p3,base_distribution_planning,NSGA-II+Repair,baseline,11,0.03770614,0.03770614,40,0.96104163,0.12398661,0.17564505,0.00003711,1.00000000,1.00000000,14,0.01796289,0.00000000,0.080105,public_simbench_planning_v7_direct_moea_de_controls
p3,base_distribution_planning,NSGA-II+Repair,baseline,12,0.03646820,0.03646820,40,0.97773811,0.12390104,0.17476060,0.00003131,1.00000000,1.00000000,14,0.01796869,0.00000000,0.078903,public_simbench_planning_v7_direct_moea_de_controls
p3,base_distribution_planning,NSGA-II+Repair,baseline,13,0.03868504,0.03868504,40,0.97320708,0.12391931,0.17492254,0.00003595,1.00000000,1.00000000,14,0.01796405,0.00000000,0.077174,public_simbench_planning_v7_direct_moea_de_controls
p3,base_distribution_planning,NSGA-II+Repair,baseline,14,0.03886321,0.03886321,40,0.99015415,0.11839612,0.18009950,0.00001508,1.00000000,1.00000000,11,0.01798492,0.00000000,0.079538,public_simbench_planning_v7_direct_moea_de_controls
p3,base_distribution_planning,NSGA-II+Repair,baseline,15,0.03887091,0.03887091,40,0.99753797,0.12378471,0.17347752,0.00003363,1.00000000,1.00000000,14,0.01796637,0.00000000,0.078369,public_simbench_planning_v7_direct_moea_de_controls
p3,base_distribution_planning,NSGA-II+Repair,baseline,16,0.03816192,0.03816192,40,0.97320708,0.12391931,0.17492254,0.00003595,1.00000000,1.00000000,14,0.01796405,0.00000000,0.079053,public_simbench_planning_v7_direct_moea_de_controls
p3,base_distribution_planning,NSGA-II+Repair,baseline,17,0.03898313,0.03898313,40,0.98537253,0.12385201,0.17420003,0.00003479,1.00000000,1.00000000,14,0.01796521,0.00000000,0.077226,public_simbench_planning_v7_direct_moea_de_controls
p3,base_distribution_planning,NSGA-II+Repair,baseline,18,0.03788298,0.03788298,40,0.90788195,0.12414139,0.17668310,0.00002668,1.00000000,1.00000000,13,0.01797332,0.00000000,0.078720,public_simbench_planning_v7_direct_moea_de_controls
p3,base_distribution_planning,NSGA-II+Repair,baseline,19,0.03757382,0.03757382,40,0.98084150,0.12387028,0.17436198,0.00003943,0.98400798,1.00000000,14,0.01796057,0.00000000,0.077721,public_simbench_planning_v7_direct_moea_de_controls
p3,base_distribution_planning,NSGA-II+Repair,baseline,20,0.03806191,0.03806191,40,0.94887618,0.12405391,0.17636756,0.00003827,1.00000000,1.00000000,14,0.01796173,0.00000000,0.078987,public_simbench_planning_v7_direct_moea_de_controls
p3,base_distribution_planning,NSGA-II+Repair,baseline,21,0.03924099,0.03924099,40,0.99753797,0.12378471,0.17347752,0.00003363,1.00000000,1.00000000,14,0.01796637,0.00000000,0.077783,public_simbench_planning_v7_direct_moea_de_controls
p3,base_distribution_planning,NSGA-II+Repair,baseline,22,0.03756774,0.03756774,40,0.96104163,0.12398661,0.17564505,0.00003711,1.00000000,1.00000000,14,0.01796289,0.00000000,0.078563,public_simbench_planning_v7_direct_moea_de_controls
p3,base_distribution_planning,NSGA-II+Repair,baseline,23,0.04009813,0.04009813,40,0.99896561,0.12379719,0.17371420,0.00002088,1.00000000,1.00000000,14,0.01797912,0.00000000,0.076900,public_simbench_planning_v7_direct_moea_de_controls
p3,base_distribution_planning,NSGA-II+Repair,baseline,24,0.03852078,0.03852078,40,0.96104163,0.12398661,0.17564505,0.00003711,1.00000000,1.00000000,14,0.01796289,0.00000000,0.078925,public_simbench_planning_v7_direct_moea_de_controls
p3,base_distribution_planning,NSGA-II+Repair,baseline,25,0.04065476,0.04065476,40,0.96867605,0.12393758,0.17508448,0.00004059,0.97037209,1.00000000,14,0.01795941,0.00000000,0.077084,public_simbench_planning_v7_direct_moea_de_controls
p3,base_distribution_planning,NSGA-II+Repair,baseline,26,0.03814781,0.03814781,40,0.98990355,0.12383374,0.17403809,0.00003015,1.00000000,1.00000000,14,0.01796985,0.00000000,0.081028,public_simbench_planning_v7_direct_moea_de_controls
p3,base_distribution_planning,NSGA-II+Repair,baseline,27,0.03695300,0.03695300,40,0.99468518,0.11837785,0.17993755,0.00001044,1.00000000,1.00000000,11,0.01798956,0.00000000,0.079540,public_simbench_planning_v7_direct_moea_de_controls
p3,base_distribution_planning,NSGA-II+Repair,baseline,28,0.03757036,0.03757036,40,0.96557266,0.12396834,0.17548310,0.00003247,1.00000000,1.00000000,14,0.01796753,0.00000000,0.079499,public_simbench_planning_v7_direct_moea_de_controls
p3,base_distribution_planning,NSGA-II+Repair,baseline,29,0.03667634,0.03667634,40,0.86235668,0.12424714,0.17716060,0.00001972,1.00000000,1.00000000,12,0.01798028,0.00000000,0.079825,public_simbench_planning_v7_direct_moea_de_controls
p3,base_distribution_planning,MOEA/D,baseline,0,0.00047204,0.00047204,1,0.00000000,0.12721025,0.20080373,0.00000000,0.35000000,0.42000000,0,0.01800000,0.48000000,0.386469,public_simbench_planning_v7_direct_moea_de_controls
p3,base_distribution_planning,MOEA/D,baseline,1,0.00047204,0.00047204,1,0.00000000,0.12721025,0.20080373,0.00000000,0.35000000,0.42000000,0,0.01800000,0.48000000,0.372559,public_simbench_planning_v7_direct_moea_de_controls
p3,base_distribution_planning,MOEA/D,baseline,2,0.00047204,0.00047204,1,0.00000000,0.12721025,0.20080373,0.00000000,0.35000000,0.42000000,0,0.01800000,0.48000000,0.376218,public_simbench_planning_v7_direct_moea_de_controls
p3,base_distribution_planning,MOEA/D,baseline,3,0.00047204,0.00047204,1,0.00000000,0.12721025,0.20080373,0.00000000,0.35000000,0.42000000,0,0.01800000,0.48000000,0.372479,public_simbench_planning_v7_direct_moea_de_controls
p3,base_distribution_planning,MOEA/D,baseline,4,0.00047204,0.00047204,1,0.00000000,0.12721025,0.20080373,0.00000000,0.35000000,0.42000000,0,0.01800000,0.48000000,0.364968,public_simbench_planning_v7_direct_moea_de_controls
p3,base_distribution_planning,MOEA/D,baseline,5,0.00047204,0.00047204,1,0.00000000,0.12721025,0.20080373,0.00000000,0.35000000,0.42000000,0,0.01800000,0.48000000,0.376348,public_simbench_planning_v7_direct_moea_de_controls
p3,base_distribution_planning,MOEA/D,baseline,6,0.00047204,0.00047204,1,0.00000000,0.12721025,0.20080373,0.00000000,0.35000000,0.42000000,0,0.01800000,0.48000000,0.368391,public_simbench_planning_v7_direct_moea_de_controls
p3,base_distribution_planning,MOEA/D,baseline,7,0.00047204,0.00047204,1,0.00000000,0.12721025,0.20080373,0.00000000,0.35000000,0.42000000,0,0.01800000,0.48000000,0.372852,public_simbench_planning_v7_direct_moea_de_controls
p3,base_distribution_planning,MOEA/D,baseline,8,0.00047204,0.00047204,1,0.00000000,0.12721025,0.20080373,0.00000000,0.35000000,0.42000000,0,0.01800000,0.48000000,0.375106,public_simbench_planning_v7_direct_moea_de_controls
p3,base_distribution_planning,MOEA/D,baseline,9,0.00047204,0.00047204,1,0.00000000,0.12721025,0.20080373,0.00000000,0.35000000,0.42000000,0,0.01800000,0.48000000,0.371971,public_simbench_planning_v7_direct_moea_de_controls
p3,base_distribution_planning,MOEA/D,baseline,10,0.00047204,0.00047204,1,0.00000000,0.12721025,0.20080373,0.00000000,0.35000000,0.42000000,0,0.01800000,0.48000000,0.368618,public_simbench_planning_v7_direct_moea_de_controls
p3,base_distribution_planning,MOEA/D,baseline,11,0.00047204,0.00047204,1,0.00000000,0.12721025,0.20080373,0.00000000,0.35000000,0.42000000,0,0.01800000,0.48000000,0.373169,public_simbench_planning_v7_direct_moea_de_controls
p3,base_distribution_planning,MOEA/D,baseline,12,0.00047204,0.00047204,1,0.00000000,0.12721025,0.20080373,0.00000000,0.35000000,0.42000000,0,0.01800000,0.48000000,0.370865,public_simbench_planning_v7_direct_moea_de_controls
p3,base_distribution_planning,MOEA/D,baseline,13,0.00047204,0.00047204,1,0.00000000,0.12721025,0.20080373,0.00000000,0.35000000,0.42000000,0,0.01800000,0.48000000,0.381122,public_simbench_planning_v7_direct_moea_de_controls
p3,base_distribution_planning,MOEA/D,baseline,14,0.00047204,0.00047204,1,0.00000000,0.12721025,0.20080373,0.00000000,0.35000000,0.42000000,0,0.01800000,0.48000000,0.372852,public_simbench_planning_v7_direct_moea_de_controls
p3,base_distribution_planning,MOEA/D,baseline,15,0.00047204,0.00047204,1,0.00000000,0.12721025,0.20080373,0.00000000,0.35000000,0.42000000,0,0.01800000,0.48000000,0.373127,public_simbench_planning_v7_direct_moea_de_controls
p3,base_distribution_planning,MOEA/D,baseline,16,0.00047204,0.00047204,1,0.00000000,0.12721025,0.20080373,0.00000000,0.35000000,0.42000000,0,0.01800000,0.48000000,0.371829,public_simbench_planning_v7_direct_moea_de_controls
p3,base_distribution_planning,MOEA/D,baseline,17,0.00047204,0.00047204,1,0.00000000,0.12721025,0.20080373,0.00000000,0.35000000,0.42000000,0,0.01800000,0.48000000,0.372609,public_simbench_planning_v7_direct_moea_de_controls
p3,base_distribution_planning,MOEA/D,baseline,18,0.00047204,0.00047204,1,0.00000000,0.12721025,0.20080373,0.00000000,0.35000000,0.42000000,0,0.01800000,0.48000000,0.368078,public_simbench_planning_v7_direct_moea_de_controls
p3,base_distribution_planning,MOEA/D,baseline,19,0.00047204,0.00047204,1,0.00000000,0.12721025,0.20080373,0.00000000,0.35000000,0.42000000,0,0.01800000,0.48000000,0.366186,public_simbench_planning_v7_direct_moea_de_controls
p3,base_distribution_planning,MOEA/D,baseline,20,0.00047204,0.00047204,1,0.00000000,0.12721025,0.20080373,0.00000000,0.35000000,0.42000000,0,0.01800000,0.48000000,0.365350,public_simbench_planning_v7_direct_moea_de_controls
p3,base_distribution_planning,MOEA/D,baseline,21,0.00047204,0.00047204,1,0.00000000,0.12721025,0.20080373,0.00000000,0.35000000,0.42000000,0,0.01800000,0.48000000,0.363080,public_simbench_planning_v7_direct_moea_de_controls
p3,base_distribution_planning,MOEA/D,baseline,22,0.00047204,0.00047204,1,0.00000000,0.12721025,0.20080373,0.00000000,0.35000000,0.42000000,0,0.01800000,0.48000000,0.371059,public_simbench_planning_v7_direct_moea_de_controls
p3,base_distribution_planning,MOEA/D,baseline,23,0.00047204,0.00047204,1,0.00000000,0.12721025,0.20080373,0.00000000,0.35000000,0.42000000,0,0.01800000,0.48000000,0.363128,public_simbench_planning_v7_direct_moea_de_controls
p3,base_distribution_planning,MOEA/D,baseline,24,0.00047204,0.00047204,1,0.00000000,0.12721025,0.20080373,0.00000000,0.35000000,0.42000000,0,0.01800000,0.48000000,0.362737,public_simbench_planning_v7_direct_moea_de_controls
p3,base_distribution_planning,MOEA/D,baseline,25,0.00047204,0.00047204,1,0.00000000,0.12721025,0.20080373,0.00000000,0.35000000,0.42000000,0,0.01800000,0.48000000,0.369735,public_simbench_planning_v7_direct_moea_de_controls
p3,base_distribution_planning,MOEA/D,baseline,26,0.00047204,0.00047204,1,0.00000000,0.12721025,0.20080373,0.00000000,0.35000000,0.42000000,0,0.01800000,0.48000000,0.374486,public_simbench_planning_v7_direct_moea_de_controls
p3,base_distribution_planning,MOEA/D,baseline,27,0.00047204,0.00047204,1,0.00000000,0.12721025,0.20080373,0.00000000,0.35000000,0.42000000,0,0.01800000,0.48000000,0.370259,public_simbench_planning_v7_direct_moea_de_controls
p3,base_distribution_planning,MOEA/D,baseline,28,0.00047204,0.00047204,1,0.00000000,0.12721025,0.20080373,0.00000000,0.35000000,0.42000000,0,0.01800000,0.48000000,0.367756,public_simbench_planning_v7_direct_moea_de_controls
p3,base_distribution_planning,MOEA/D,baseline,29,0.00047204,0.00047204,1,0.00000000,0.12721025,0.20080373,0.00000000,0.35000000,0.42000000,0,0.01800000,0.48000000,0.362459,public_simbench_planning_v7_direct_moea_de_controls
p3,base_distribution_planning,GDE3,baseline,0,0.03939821,0.03939821,40,0.90788195,0.12414139,0.17668310,0.00002668,1.00000000,1.00000000,13,0.01797332,0.00000000,0.051134,public_simbench_planning_v7_direct_moea_de_controls
p3,base_distribution_planning,GDE3,baseline,1,0.03831356,0.03831356,39,0.92004739,0.12407409,0.17596060,0.00002552,1.00000000,1.00000000,13,0.01797448,0.00000000,0.051452,public_simbench_planning_v7_direct_moea_de_controls
p3,base_distribution_planning,GDE3,baseline,2,0.03439018,0.03439018,39,0.95651060,0.12400488,0.17580699,0.00004175,0.95673620,1.00000000,14,0.01795825,0.00000000,0.050667,public_simbench_planning_v7_direct_moea_de_controls
p3,base_distribution_planning,GDE3,baseline,3,0.03364435,0.03364435,39,0.97237288,0.11990864,0.17980468,0.00002668,0.93583241,1.00000000,12,0.01797332,0.00000000,0.051657,public_simbench_planning_v7_direct_moea_de_controls
p3,base_distribution_planning,GDE3,baseline,4,0.03732939,0.03732939,39,0.96557266,0.12396834,0.17548310,0.00003247,1.00000000,1.00000000,14,0.01796753,0.00000000,0.051868,public_simbench_planning_v7_direct_moea_de_controls
p3,base_distribution_planning,GDE3,baseline,5,0.03833483,0.03833483,39,0.98537253,0.12385201,0.17420003,0.00003479,1.00000000,1.00000000,14,0.01796521,0.00000000,0.051839,public_simbench_planning_v7_direct_moea_de_controls
p3,base_distribution_planning,GDE3,baseline,6,0.03904370,0.03904370,40,0.97320708,0.12391931,0.17492254,0.00003595,1.00000000,1.00000000,14,0.01796405,0.00000000,0.050889,public_simbench_planning_v7_direct_moea_de_controls
p3,base_distribution_planning,GDE3,baseline,7,0.03768452,0.03768452,39,0.90335092,0.12415966,0.17684505,0.00003131,1.00000000,1.00000000,13,0.01796869,0.00000000,0.050940,public_simbench_planning_v7_direct_moea_de_controls
p3,base_distribution_planning,GDE3,baseline,8,0.04127051,0.04127051,40,0.98537253,0.12385201,0.17420003,0.00003479,1.00000000,1.00000000,14,0.01796521,0.00000000,0.050044,public_simbench_planning_v7_direct_moea_de_controls
p3,base_distribution_planning,GDE3,baseline,9,0.03174380,0.03174380,39,0.96129223,0.11854899,0.18170645,0.00002204,0.91900597,1.00000000,11,0.01797796,0.00000000,0.049995,public_simbench_planning_v7_direct_moea_de_controls
p3,base_distribution_planning,GDE3,baseline,10,0.03407037,0.03407037,39,0.93269464,0.12261947,0.17944430,0.00149136,0.92496216,1.00000000,11,0.01650864,0.00000000,0.050768,public_simbench_planning_v7_direct_moea_de_controls
p3,base_distribution_planning,GDE3,baseline,11,0.04070937,0.04070937,39,0.99443458,0.12381547,0.17387615,0.00002552,1.00000000,1.00000000,14,0.01797448,0.00000000,0.051226,public_simbench_planning_v7_direct_moea_de_controls
p3,base_distribution_planning,GDE3,baseline,12,0.03927696,0.03927696,39,0.91551637,0.12409236,0.17612254,0.00003015,1.00000000,1.00000000,13,0.01796985,0.00000000,0.050937,public_simbench_planning_v7_direct_moea_de_controls
p3,base_distribution_planning,GDE3,baseline,13,0.03188800,0.03188800,39,0.83659815,0.12436926,0.17836893,0.00003479,0.88093730,1.00000000,12,0.01796521,0.00000000,0.050807,public_simbench_planning_v7_direct_moea_de_controls
p3,base_distribution_planning,GDE3,baseline,14,0.04134767,0.04134767,39,0.93221284,0.12400679,0.17523809,0.00002436,1.00000000,1.00000000,13,0.01797564,0.00000000,0.051008,public_simbench_planning_v7_direct_moea_de_controls
p3,base_distribution_planning,GDE3,baseline,15,0.03960380,0.03960380,39,0.97320708,0.12391931,0.17492254,0.00003595,1.00000000,1.00000000,14,0.01796405,0.00000000,0.051079,public_simbench_planning_v7_direct_moea_de_controls
p3,base_distribution_planning,GDE3,baseline,16,0.04181868,0.04181868,39,0.98537253,0.12385201,0.17420003,0.00003479,1.00000000,1.00000000,14,0.01796521,0.00000000,0.049190,public_simbench_planning_v7_direct_moea_de_controls
p3,base_distribution_planning,GDE3,baseline,17,0.03894650,0.03894650,40,0.98990355,0.12383374,0.17403809,0.00003015,1.00000000,1.00000000,14,0.01796985,0.00000000,0.052129,public_simbench_planning_v7_direct_moea_de_controls
p3,base_distribution_planning,GDE3,baseline,18,0.03237746,0.03237746,39,0.98109210,0.11843266,0.18042338,0.00002436,0.88606272,1.00000000,11,0.01797564,0.00000000,0.050707,public_simbench_planning_v7_direct_moea_de_controls
p3,base_distribution_planning,GDE3,baseline,19,0.04047008,0.04047008,39,0.98990355,0.12383374,0.17403809,0.00003015,1.00000000,1.00000000,14,0.01796985,0.00000000,0.050405,public_simbench_planning_v7_direct_moea_de_controls
p3,base_distribution_planning,GDE3,baseline,20,0.03807678,0.03807678,39,0.99750484,0.12391740,0.17549144,0.00005335,0.89067722,1.00000000,15,0.01794665,0.00000000,0.051245,public_simbench_planning_v7_direct_moea_de_controls
p3,base_distribution_planning,GDE3,baseline,21,0.03730834,0.03730834,40,0.96867605,0.12393758,0.17508448,0.00004059,0.97037209,1.00000000,14,0.01795941,0.00000000,0.051053,public_simbench_planning_v7_direct_moea_de_controls
p3,base_distribution_planning,GDE3,baseline,22,0.03682856,0.03682856,39,0.94127490,0.12397025,0.17491420,0.00001508,1.00000000,1.00000000,13,0.01798492,0.00000000,0.050926,public_simbench_planning_v7_direct_moea_de_controls
p3,base_distribution_planning,GDE3,baseline,23,0.03863543,0.03863543,39,0.97320708,0.12391931,0.17492254,0.00003595,1.00000000,1.00000000,14,0.01796405,0.00000000,0.051225,public_simbench_planning_v7_direct_moea_de_controls
p3,base_distribution_planning,GDE3,baseline,24,0.03606351,0.03606351,40,0.94434516,0.12407218,0.17652950,0.00004291,0.94310031,1.00000000,14,0.01795709,0.00000000,0.050352,public_simbench_planning_v7_direct_moea_de_controls
p3,base_distribution_planning,GDE3,baseline,25,0.03620332,0.03620332,39,0.91098534,0.12411063,0.17628448,0.00003479,0.96258015,1.00000000,13,0.01796521,0.00000000,0.050730,public_simbench_planning_v7_direct_moea_de_controls
p3,base_distribution_planning,GDE3,baseline,26,0.03651277,0.03651277,39,0.95651060,0.12400488,0.17580699,0.00004175,0.95673620,1.00000000,14,0.01795825,0.00000000,0.050901,public_simbench_planning_v7_direct_moea_de_controls
p3,base_distribution_planning,GDE3,baseline,27,0.03837459,0.03837459,39,0.97320708,0.12391931,0.17492254,0.00003595,1.00000000,1.00000000,14,0.01796405,0.00000000,0.051880,public_simbench_planning_v7_direct_moea_de_controls
p3,base_distribution_planning,GDE3,baseline,28,0.04037594,0.04037594,40,0.99896561,0.12379719,0.17371420,0.00002088,1.00000000,1.00000000,14,0.01797912,0.00000000,0.051431,public_simbench_planning_v7_direct_moea_de_controls
p3,base_distribution_planning,GDE3,baseline,29,0.03417753,0.03417753,39,0.97631047,0.12388855,0.17452392,0.00004407,0.92379295,1.00000000,14,0.01795593,0.00000000,0.050263,public_simbench_planning_v7_direct_moea_de_controls
p3,base_distribution_planning,NSDE,baseline,0,0.03295794,0.03295794,39,0.99750484,0.12391740,0.17549144,0.00005335,0.89067722,1.00000000,15,0.01794665,0.00000000,0.051927,public_simbench_planning_v7_direct_moea_de_controls
p3,base_distribution_planning,NSDE,baseline,1,0.03935899,0.03935899,39,0.98990355,0.12383374,0.17403809,0.00003015,1.00000000,1.00000000,14,0.01796985,0.00000000,0.052804,public_simbench_planning_v7_direct_moea_de_controls
p3,base_distribution_planning,NSDE,baseline,2,0.03122484,0.03122484,39,0.93981413,0.12409045,0.17669144,0.00004755,0.88288528,1.00000000,14,0.01795245,0.00000000,0.051916,public_simbench_planning_v7_direct_moea_de_controls
p3,base_distribution_planning,NSDE,baseline,3,0.04066618,0.04066618,39,0.99753797,0.12378471,0.17347752,0.00003363,1.00000000,1.00000000,14,0.01796637,0.00000000,0.052142,public_simbench_planning_v7_direct_moea_de_controls
p3,base_distribution_planning,NSDE,baseline,4,0.03594350,0.03594350,39,0.97058548,0.12256274,0.17952738,0.00149484,0.96569735,1.00000000,12,0.01650516,0.00000000,0.050972,public_simbench_planning_v7_direct_moea_de_controls
p3,base_distribution_planning,NSDE,baseline,5,0.03718315,0.03718315,39,0.98987042,0.12396642,0.17605201,0.00004987,0.93725636,1.00000000,15,0.01795013,0.00000000,0.050901,public_simbench_planning_v7_direct_moea_de_controls
p3,base_distribution_planning,NSDE,baseline,6,0.03958760,0.03958760,39,0.93531623,0.12397604,0.17483947,0.00003247,0.98985193,1.00000000,13,0.01796753,0.00000000,0.050590,public_simbench_planning_v7_direct_moea_de_controls
p3,base_distribution_planning,NSDE,baseline,7,0.03664985,0.03664985,39,0.86235668,0.12424714,0.17716060,0.00001972,1.00000000,1.00000000,12,0.01798028,0.00000000,0.050674,public_simbench_planning_v7_direct_moea_de_controls
p3,base_distribution_planning,NSDE,baseline,8,0.03960555,0.03960555,40,0.97320708,0.12391931,0.17492254,0.00003595,1.00000000,1.00000000,14,0.01796405,0.00000000,0.050674,public_simbench_planning_v7_direct_moea_de_controls
p3,base_distribution_planning,NSDE,baseline,9,0.03579801,0.03579801,40,0.91551637,0.12409236,0.17612254,0.00003015,1.00000000,1.00000000,13,0.01796985,0.00000000,0.052427,public_simbench_planning_v7_direct_moea_de_controls
p3,base_distribution_planning,NSDE,baseline,10,0.02899366,0.02899366,39,0.88975784,0.12421448,0.17733088,0.00004523,0.82851420,0.98774962,13,0.01795477,0.00000000,0.051830,public_simbench_planning_v7_direct_moea_de_controls
p3,base_distribution_planning,NSDE,baseline,11,0.03916834,0.03916834,39,0.98537253,0.12385201,0.17420003,0.00003479,1.00000000,1.00000000,14,0.01796521,0.00000000,0.051592,public_simbench_planning_v7_direct_moea_de_controls
p3,base_distribution_planning,NSDE,baseline,12,0.03584211,0.03584211,39,0.91241298,0.12412312,0.17652116,0.00002204,1.00000000,1.00000000,13,0.01797796,0.00000000,0.052350,public_simbench_planning_v7_direct_moea_de_controls
p3,base_distribution_planning,NSDE,baseline,13,0.03740218,0.03740218,39,0.99663603,0.12278837,0.17684505,0.00186507,1.00000000,1.00000000,13,0.01613493,0.00000000,0.051432,public_simbench_planning_v7_direct_moea_de_controls
p3,base_distribution_planning,NSDE,baseline,14,0.03700769,0.03700769,39,0.96557266,0.12396834,0.17548310,0.00003247,1.00000000,1.00000000,14,0.01796753,0.00000000,0.055835,public_simbench_planning_v7_direct_moea_de_controls
p3,base_distribution_planning,NSDE,baseline,15,0.03732753,0.03732753,40,0.96104163,0.12398661,0.17564505,0.00003711,1.00000000,1.00000000,14,0.01796289,0.00000000,0.051234,public_simbench_planning_v7_direct_moea_de_controls
p3,base_distribution_planning,NSDE,baseline,16,0.03738101,0.03738101,39,0.94887618,0.12405391,0.17636756,0.00003827,1.00000000,1.00000000,14,0.01796173,0.00000000,0.052551,public_simbench_planning_v7_direct_moea_de_controls
p3,base_distribution_planning,NSDE,baseline,17,0.03776189,0.03776189,39,0.98537253,0.12385201,0.17420003,0.00003479,1.00000000,1.00000000,14,0.01796521,0.00000000,0.051947,public_simbench_planning_v7_direct_moea_de_controls
p3,base_distribution_planning,NSDE,baseline,18,0.03782406,0.03782406,39,0.96066721,0.12285031,0.17699865,0.00186635,1.00000000,1.00000000,12,0.01613365,0.00000000,0.051070,public_simbench_planning_v7_direct_moea_de_controls
p3,base_distribution_planning,NSDE,baseline,19,0.03854531,0.03854531,39,0.98447058,0.12285567,0.17756756,0.00186623,0.99246950,1.00000000,13,0.01613377,0.00000000,0.050643,public_simbench_planning_v7_direct_moea_de_controls
p3,base_distribution_planning,NSDE,baseline,20,0.03489417,0.03489417,38,0.96414502,0.12395585,0.17524643,0.00004523,0.91015706,1.00000000,14,0.01795477,0.00000000,0.053298,public_simbench_planning_v7_direct_moea_de_controls
p3,base_distribution_planning,NSDE,baseline,21,0.03524319,0.03524319,38,0.99038535,0.12244642,0.17824430,0.00149716,0.93275410,1.00000000,12,0.01650284,0.00000000,0.050984,public_simbench_planning_v7_direct_moea_de_controls
p3,base_distribution_planning,NSDE,baseline,22,0.03931223,0.03931223,39,0.97320708,0.12391931,0.17492254,0.00003595,1.00000000,1.00000000,14,0.01796405,0.00000000,0.051231,public_simbench_planning_v7_direct_moea_de_controls
p3,base_distribution_planning,NSDE,baseline,23,0.03406960,0.03406960,40,0.99750484,0.12391740,0.17549144,0.00005335,0.89067722,1.00000000,15,0.01794665,0.00000000,0.051221,public_simbench_planning_v7_direct_moea_de_controls
p3,base_distribution_planning,NSDE,baseline,24,0.03533081,0.03533081,37,0.93981413,0.12409045,0.17669144,0.00004755,0.88288528,1.00000000,14,0.01795245,0.00000000,0.052515,public_simbench_planning_v7_direct_moea_de_controls
p3,base_distribution_planning,NSDE,baseline,25,0.03728408,0.03728408,39,0.96557266,0.12396834,0.17548310,0.00003247,1.00000000,1.00000000,14,0.01796753,0.00000000,0.051471,public_simbench_planning_v7_direct_moea_de_controls
p3,base_distribution_planning,NSDE,baseline,26,0.04128269,0.04128269,39,0.98537253,0.12385201,0.17420003,0.00003479,1.00000000,1.00000000,14,0.01796521,0.00000000,0.052539,public_simbench_planning_v7_direct_moea_de_controls
p3,base_distribution_planning,NSDE,baseline,27,0.03572544,0.03572544,39,0.99038535,0.12244642,0.17824430,0.00149716,0.93275410,1.00000000,12,0.01650284,0.00000000,0.052647,public_simbench_planning_v7_direct_moea_de_controls
p3,base_distribution_planning,NSDE,baseline,28,0.03601935,0.03601935,39,0.91551637,0.12409236,0.17612254,0.00003015,1.00000000,1.00000000,13,0.01796985,0.00000000,0.051367,public_simbench_planning_v7_direct_moea_de_controls
p3,base_distribution_planning,NSDE,baseline,29,0.03810548,0.03810548,40,0.99663603,0.12278837,0.17684505,0.00186507,1.00000000,1.00000000,13,0.01613493,0.00000000,0.052357,public_simbench_planning_v7_direct_moea_de_controls
p3,base_distribution_planning,Standard DE,baseline,0,0.02807849,0.02807849,1,0.91551637,0.12409236,0.17612254,0.00003015,1.00000000,1.00000000,13,0.01796985,0.00000000,0.039177,public_simbench_planning_v7_direct_moea_de_controls
p3,base_distribution_planning,Standard DE,baseline,1,0.03047758,0.03047758,1,0.98990355,0.12383374,0.17403809,0.00003015,1.00000000,1.00000000,14,0.01796985,0.00000000,0.011305,public_simbench_planning_v7_direct_moea_de_controls
p3,base_distribution_planning,Standard DE,baseline,2,0.02818136,0.02818136,1,0.98847592,0.12382126,0.17380141,0.00004291,0.93742884,1.00000000,14,0.01795709,0.00000000,0.011514,public_simbench_planning_v7_direct_moea_de_controls
p3,base_distribution_planning,Standard DE,baseline,3,0.03078498,0.03078498,1,0.99753797,0.12378471,0.17347752,0.00003363,1.00000000,1.00000000,14,0.01796637,0.00000000,0.011197,public_simbench_planning_v7_direct_moea_de_controls
p3,base_distribution_planning,Standard DE,baseline,4,0.03066362,0.03066362,1,0.99300695,0.12380298,0.17363947,0.00003827,0.99764387,1.00000000,14,0.01796173,0.00000000,0.011426,public_simbench_planning_v7_direct_moea_de_controls
p3,base_distribution_planning,Standard DE,baseline,5,0.03029284,0.03029284,1,0.98537253,0.12385201,0.17420003,0.00003479,1.00000000,1.00000000,14,0.01796521,0.00000000,0.010785,public_simbench_planning_v7_direct_moea_de_controls
p3,base_distribution_planning,Standard DE,baseline,6,0.03047758,0.03047758,1,0.98990355,0.12383374,0.17403809,0.00003015,1.00000000,1.00000000,14,0.01796985,0.00000000,0.011323,public_simbench_planning_v7_direct_moea_de_controls
p3,base_distribution_planning,Standard DE,baseline,7,0.03078498,0.03078498,1,0.99753797,0.12378471,0.17347752,0.00003363,1.00000000,1.00000000,14,0.01796637,0.00000000,0.011372,public_simbench_planning_v7_direct_moea_de_controls
p3,base_distribution_planning,Standard DE,baseline,8,0.02948762,0.02948762,1,0.97320708,0.12391931,0.17492254,0.00003595,1.00000000,1.00000000,14,0.01796405,0.00000000,0.010753,public_simbench_planning_v7_direct_moea_de_controls
p3,base_distribution_planning,Standard DE,baseline,9,0.02985804,0.02985804,1,0.94437829,0.12393949,0.17451558,0.00002320,1.00000000,1.00000000,13,0.01797680,0.00000000,0.011099,public_simbench_planning_v7_direct_moea_de_controls
p3,base_distribution_planning,Standard DE,baseline,10,0.03078498,0.03078498,1,0.99753797,0.12378471,0.17347752,0.00003363,1.00000000,1.00000000,14,0.01796637,0.00000000,0.011351,public_simbench_planning_v7_direct_moea_de_controls
p3,base_distribution_planning,Standard DE,baseline,11,0.02868687,0.02868687,1,0.96104163,0.12398661,0.17564505,0.00003711,1.00000000,1.00000000,14,0.01796289,0.00000000,0.011427,public_simbench_planning_v7_direct_moea_de_controls
p3,base_distribution_planning,Standard DE,baseline,12,0.02967128,0.02967128,1,0.97773811,0.12390104,0.17476060,0.00003131,1.00000000,1.00000000,14,0.01796869,0.00000000,0.011418,public_simbench_planning_v7_direct_moea_de_controls
p3,base_distribution_planning,Standard DE,baseline,13,0.02985804,0.02985804,1,0.94437829,0.12393949,0.17451558,0.00002320,1.00000000,1.00000000,13,0.01797680,0.00000000,0.012086,public_simbench_planning_v7_direct_moea_de_controls
p3,base_distribution_planning,Standard DE,baseline,14,0.03066362,0.03066362,1,0.99300695,0.12380298,0.17363947,0.00003827,0.99764387,1.00000000,14,0.01796173,0.00000000,0.011405,public_simbench_planning_v7_direct_moea_de_controls
p3,base_distribution_planning,Standard DE,baseline,15,0.03029284,0.03029284,1,0.98537253,0.12385201,0.17420003,0.00003479,1.00000000,1.00000000,14,0.01796521,0.00000000,0.010594,public_simbench_planning_v7_direct_moea_de_controls
p3,base_distribution_planning,Standard DE,baseline,16,0.02948762,0.02948762,1,0.97320708,0.12391931,0.17492254,0.00003595,1.00000000,1.00000000,14,0.01796405,0.00000000,0.011828,public_simbench_planning_v7_direct_moea_de_controls
p3,base_distribution_planning,Standard DE,baseline,17,0.03047758,0.03047758,1,0.98990355,0.12383374,0.17403809,0.00003015,1.00000000,1.00000000,14,0.01796985,0.00000000,0.011726,public_simbench_planning_v7_direct_moea_de_controls
p3,base_distribution_planning,Standard DE,baseline,18,0.02967128,0.02967128,1,0.97773811,0.12390104,0.17476060,0.00003131,1.00000000,1.00000000,14,0.01796869,0.00000000,0.011247,public_simbench_planning_v7_direct_moea_de_controls
p3,base_distribution_planning,Standard DE,baseline,19,0.03029284,0.03029284,1,0.98537253,0.12385201,0.17420003,0.00003479,1.00000000,1.00000000,14,0.01796521,0.00000000,0.011418,public_simbench_planning_v7_direct_moea_de_controls
p3,base_distribution_planning,Standard DE,baseline,20,0.02985520,0.02985520,1,0.98226913,0.12388276,0.17459865,0.00002668,1.00000000,1.00000000,14,0.01797332,0.00000000,0.011370,public_simbench_planning_v7_direct_moea_de_controls
p3,base_distribution_planning,Standard DE,baseline,21,0.03066362,0.03066362,1,0.99300695,0.12380298,0.17363947,0.00003827,0.99764387,1.00000000,14,0.01796173,0.00000000,0.010931,public_simbench_planning_v7_direct_moea_de_controls
p3,base_distribution_planning,Standard DE,baseline,22,0.03066258,0.03066258,1,0.99443458,0.12381547,0.17387615,0.00002552,1.00000000,1.00000000,14,0.01797448,0.00000000,0.011054,public_simbench_planning_v7_direct_moea_de_controls
p3,base_distribution_planning,Standard DE,baseline,23,0.03066258,0.03066258,1,0.99443458,0.12381547,0.17387615,0.00002552,1.00000000,1.00000000,14,0.01797448,0.00000000,0.011612,public_simbench_planning_v7_direct_moea_de_controls
p3,base_distribution_planning,Standard DE,baseline,24,0.03047758,0.03047758,1,0.98990355,0.12383374,0.17403809,0.00003015,1.00000000,1.00000000,14,0.01796985,0.00000000,0.010738,public_simbench_planning_v7_direct_moea_de_controls
p3,base_distribution_planning,Standard DE,baseline,25,0.03029284,0.03029284,1,0.98537253,0.12385201,0.17420003,0.00003479,1.00000000,1.00000000,14,0.01796521,0.00000000,0.011703,public_simbench_planning_v7_direct_moea_de_controls
p3,base_distribution_planning,Standard DE,baseline,26,0.03078498,0.03078498,1,0.99753797,0.12378471,0.17347752,0.00003363,1.00000000,1.00000000,14,0.01796637,0.00000000,0.011895,public_simbench_planning_v7_direct_moea_de_controls
p3,base_distribution_planning,Standard DE,baseline,27,0.03047758,0.03047758,1,0.98990355,0.12383374,0.17403809,0.00003015,1.00000000,1.00000000,14,0.01796985,0.00000000,0.011092,public_simbench_planning_v7_direct_moea_de_controls
p3,base_distribution_planning,Standard DE,baseline,28,0.02948762,0.02948762,1,0.97320708,0.12391931,0.17492254,0.00003595,1.00000000,1.00000000,14,0.01796405,0.00000000,0.010708,public_simbench_planning_v7_direct_moea_de_controls
p3,base_distribution_planning,Standard DE,baseline,29,0.03066362,0.03066362,1,0.99300695,0.12380298,0.17363947,0.00003827,0.99764387,1.00000000,14,0.01796173,0.00000000,0.011218,public_simbench_planning_v7_direct_moea_de_controls
p3,base_distribution_planning,PSO,baseline,0,0.01527046,0.01527046,1,0.76699259,0.11917199,0.18635285,0.00001508,0.76156421,0.88923917,8,0.01798492,0.00000000,0.033066,public_simbench_planning_v7_direct_moea_de_controls
p3,base_distribution_planning,PSO,baseline,1,0.01908964,0.01908964,1,0.97615351,0.11744733,0.18395285,0.00187795,0.77520282,0.91151558,10,0.01612205,0.00000000,0.004733,public_simbench_planning_v7_direct_moea_de_controls
p3,base_distribution_planning,PSO,baseline,2,0.01241952,0.01241952,1,0.75029612,0.11925756,0.18723730,0.00002088,0.68771329,0.81729934,8,0.01797912,0.00000000,0.005059,public_simbench_planning_v7_direct_moea_de_controls
p3,base_distribution_planning,PSO,baseline,3,0.01082194,0.01082194,1,0.90214075,0.11884224,0.18468370,0.00004871,0.57702315,0.73069040,11,0.01795129,0.00000000,0.005073,public_simbench_planning_v7_direct_moea_de_controls
p3,base_distribution_planning,PSO,baseline,4,0.01078716,0.01078716,1,0.79129035,0.11917008,0.18692175,0.00003247,0.62165430,0.75808633,9,0.01796753,0.00000000,0.004409,public_simbench_planning_v7_direct_moea_de_controls
p3,base_distribution_planning,PSO,baseline,5,0.02062952,0.02062952,1,0.95223018,0.11858553,0.18203034,0.00003131,0.79857591,0.94650991,11,0.01796869,0.00000000,0.004783,public_simbench_planning_v7_direct_moea_de_controls
p3,base_distribution_planning,PSO,baseline,6,0.01049983,0.01049983,1,0.76269276,0.12324056,0.18465960,0.00150180,0.62761050,0.76140228,9,0.01649820,0.00000000,0.005395,public_simbench_planning_v7_direct_moea_de_controls
p3,base_distribution_planning,PSO,baseline,7,0.02091973,0.02091973,1,0.99775544,0.11847978,0.18155285,0.00003827,0.79273196,0.94014649,12,0.01796173,0.00000000,0.004642,public_simbench_planning_v7_direct_moea_de_controls
p3,base_distribution_planning,PSO,baseline,8,0.00761906,0.00761906,1,0.75530894,0.11785197,0.19128157,0.00148324,0.57624437,0.68834549,6,0.01651676,0.00000000,0.004528,public_simbench_planning_v7_direct_moea_de_controls
p3,base_distribution_planning,PSO,baseline,9,0.01939519,0.01939519,1,0.95877980,0.11996345,0.18029051,0.00004059,0.75518732,0.91821443,12,0.01795941,0.00000000,0.005355,public_simbench_planning_v7_direct_moea_de_controls
p3,base_distribution_planning,PSO,baseline,10,0.01242400,0.01242400,1,0.67438196,0.12282117,0.18798147,0.00369662,0.76879900,0.86062170,7,0.01430338,0.00000000,0.004611,public_simbench_planning_v7_direct_moea_de_controls
p3,base_distribution_planning,PSO,baseline,11,0.01358598,0.01358598,1,0.80798683,0.11908451,0.18603730,0.00002668,0.69550522,0.83002617,9,0.01797332,0.00000000,0.004562,public_simbench_planning_v7_direct_moea_de_controls
p3,base_distribution_planning,PSO,baseline,12,0.01554656,0.01554656,1,0.97717573,0.12148753,0.18206011,0.00337404,0.70451292,0.84105525,11,0.01462596,0.00000000,0.004680,public_simbench_planning_v7_direct_moea_de_controls
p3,base_distribution_planning,PSO,baseline,13,0.01771331,0.01771331,1,0.83684875,0.11893164,0.18443034,0.00001972,0.78299203,0.92105625,9,0.01798028,0.00000000,0.004846,public_simbench_planning_v7_direct_moea_de_controls
p3,base_distribution_planning,PSO,baseline,14,0.02436712,0.02436712,1,0.96892665,0.11849996,0.18114589,0.00002552,0.87242683,1.00000000,11,0.01797448,0.00000000,0.004537,public_simbench_planning_v7_direct_moea_de_controls
p3,base_distribution_planning,PSO,baseline,15,0.01689292,0.01689292,1,0.89000844,0.11877686,0.18339228,0.00003015,0.73056894,0.88093349,10,0.01796985,0.00000000,0.004794,public_simbench_planning_v7_direct_moea_de_controls
p3,base_distribution_planning,PSO,baseline,16,0.01078716,0.01078716,1,0.79129035,0.11917008,0.18692175,0.00003247,0.62165430,0.75808633,9,0.01796753,0.00000000,0.004649,public_simbench_planning_v7_direct_moea_de_controls
p3,base_distribution_planning,PSO,baseline,17,0.01062111,0.01062111,1,0.74576509,0.11927583,0.18739924,0.00002552,0.62749826,0.76444975,8,0.01797448,0.00000000,0.004483,public_simbench_planning_v7_direct_moea_de_controls
p3,base_distribution_planning,PSO,baseline,18,0.02228571,0.02228571,1,0.99297381,0.12393567,0.17565339,0.00005799,0.83046219,0.99411304,15,0.01794201,0.00000000,0.004786,public_simbench_planning_v7_direct_moea_de_controls
p3,base_distribution_planning,PSO,baseline,19,0.01389508,0.01389508,1,0.74891273,0.11982297,0.18579215,0.00001856,0.71305244,0.85242931,8,0.01798144,0.00000000,0.004557,public_simbench_planning_v7_direct_moea_de_controls
p3,base_distribution_planning,PSO,baseline,20,0.00939836,0.00939836,1,0.62274925,0.11967097,0.19035981,0.00001044,0.65849352,0.77275543,6,0.01798956,0.00000000,0.004896,public_simbench_planning_v7_direct_moea_de_controls
p3,base_distribution_planning,PSO,baseline,21,0.02527163,0.02527163,1,0.89881989,0.12417793,0.17700699,0.00003595,0.94894426,1.00000000,13,0.01796405,0.00000000,0.004439,public_simbench_planning_v7_direct_moea_de_controls
p3,base_distribution_planning,PSO,baseline,22,0.01830592,0.01830592,1,0.81990168,0.12445483,0.17925339,0.00004059,0.80708638,0.95593254,12,0.01795941,0.00000000,0.004953,public_simbench_planning_v7_direct_moea_de_controls
p3,base_distribution_planning,PSO,baseline,23,0.01191595,0.01191595,1,0.56480794,0.12528164,0.18549840,0.00001972,0.74864685,0.86684473,8,0.01798028,0.00000000,0.004785,public_simbench_planning_v7_direct_moea_de_controls
p3,base_distribution_planning,PSO,baseline,24,0.01158051,0.01158051,1,0.86878093,0.11888070,0.18443868,0.00004059,0.59650299,0.75614406,10,0.01795941,0.00000000,0.004456,public_simbench_planning_v7_direct_moea_de_controls
p3,base_distribution_planning,PSO,baseline,25,0.01502952,0.01502952,1,0.95248078,0.11314791,0.18809175,0.00001624,0.70063065,0.83969378,8,0.01798376,0.00000000,0.005193,public_simbench_planning_v7_direct_moea_de_controls
p3,base_distribution_planning,PSO,baseline,26,0.01868564,0.01868564,1,0.96684086,0.12292149,0.17821533,0.00190230,0.75271803,0.91263253,13,0.01609770,0.00000000,0.004565,public_simbench_planning_v7_direct_moea_de_controls
p3,base_distribution_planning,PSO,baseline,27,0.00962714,0.00962714,1,0.68807438,0.11944889,0.18859924,0.00001972,0.61970632,0.75172292,7,0.01798028,0.00000000,0.004660,public_simbench_planning_v7_direct_moea_de_controls
p3,base_distribution_planning,PSO,baseline,28,0.01332387,0.01332387,1,0.73334904,0.12478075,0.18206034,0.00004175,0.71180763,0.85217563,11,0.01795825,0.00000000,0.004707,public_simbench_planning_v7_direct_moea_de_controls
p3,base_distribution_planning,PSO,baseline,29,0.01474213,0.01474213,1,0.90695551,0.11325367,0.18856924,0.00000928,0.70647460,0.84605719,7,0.01799072,0.00000000,0.004335,public_simbench_planning_v7_direct_moea_de_controls
p3,base_distribution_planning,GA,baseline,0,0.03078498,0.03078498,1,0.99753797,0.12378471,0.17347752,0.00003363,1.00000000,1.00000000,14,0.01796637,0.00000000,0.031887,public_simbench_planning_v7_direct_moea_de_controls
p3,base_distribution_planning,GA,baseline,1,0.03076449,0.03076449,1,0.99896561,0.12379719,0.17371420,0.00002088,1.00000000,1.00000000,14,0.01797912,0.00000000,0.004197,public_simbench_planning_v7_direct_moea_de_controls
p3,base_distribution_planning,GA,baseline,2,0.03078498,0.03078498,1,0.99753797,0.12378471,0.17347752,0.00003363,1.00000000,1.00000000,14,0.01796637,0.00000000,0.004809,public_simbench_planning_v7_direct_moea_de_controls
p3,base_distribution_planning,GA,baseline,3,0.03078498,0.03078498,1,0.99753797,0.12378471,0.17347752,0.00003363,1.00000000,1.00000000,14,0.01796637,0.00000000,0.004087,public_simbench_planning_v7_direct_moea_de_controls
p3,base_distribution_planning,GA,baseline,4,0.03078498,0.03078498,1,0.99753797,0.12378471,0.17347752,0.00003363,1.00000000,1.00000000,14,0.01796637,0.00000000,0.004034,public_simbench_planning_v7_direct_moea_de_controls
p3,base_distribution_planning,GA,baseline,5,0.03076449,0.03076449,1,0.99896561,0.12379719,0.17371420,0.00002088,1.00000000,1.00000000,14,0.01797912,0.00000000,0.004015,public_simbench_planning_v7_direct_moea_de_controls
p3,base_distribution_planning,GA,baseline,6,0.03078498,0.03078498,1,0.99753797,0.12378471,0.17347752,0.00003363,1.00000000,1.00000000,14,0.01796637,0.00000000,0.005265,public_simbench_planning_v7_direct_moea_de_controls
p3,base_distribution_planning,GA,baseline,7,0.03078498,0.03078498,1,0.99753797,0.12378471,0.17347752,0.00003363,1.00000000,1.00000000,14,0.01796637,0.00000000,0.004335,public_simbench_planning_v7_direct_moea_de_controls
p3,base_distribution_planning,GA,baseline,8,0.03078498,0.03078498,1,0.99753797,0.12378471,0.17347752,0.00003363,1.00000000,1.00000000,14,0.01796637,0.00000000,0.004056,public_simbench_planning_v7_direct_moea_de_controls
p3,base_distribution_planning,GA,baseline,9,0.03078498,0.03078498,1,0.99753797,0.12378471,0.17347752,0.00003363,1.00000000,1.00000000,14,0.01796637,0.00000000,0.005550,public_simbench_planning_v7_direct_moea_de_controls
p3,base_distribution_planning,GA,baseline,10,0.03078498,0.03078498,1,0.99753797,0.12378471,0.17347752,0.00003363,1.00000000,1.00000000,14,0.01796637,0.00000000,0.004225,public_simbench_planning_v7_direct_moea_de_controls
p3,base_distribution_planning,GA,baseline,11,0.03078498,0.03078498,1,0.99753797,0.12378471,0.17347752,0.00003363,1.00000000,1.00000000,14,0.01796637,0.00000000,0.004151,public_simbench_planning_v7_direct_moea_de_controls
p3,base_distribution_planning,GA,baseline,12,0.03078498,0.03078498,1,0.99753797,0.12378471,0.17347752,0.00003363,1.00000000,1.00000000,14,0.01796637,0.00000000,0.004442,public_simbench_planning_v7_direct_moea_de_controls
p3,base_distribution_planning,GA,baseline,13,0.03078498,0.03078498,1,0.99753797,0.12378471,0.17347752,0.00003363,1.00000000,1.00000000,14,0.01796637,0.00000000,0.005471,public_simbench_planning_v7_direct_moea_de_controls
p3,base_distribution_planning,GA,baseline,14,0.03078498,0.03078498,1,0.99753797,0.12378471,0.17347752,0.00003363,1.00000000,1.00000000,14,0.01796637,0.00000000,0.004266,public_simbench_planning_v7_direct_moea_de_controls
p3,base_distribution_planning,GA,baseline,15,0.03078498,0.03078498,1,0.99753797,0.12378471,0.17347752,0.00003363,1.00000000,1.00000000,14,0.01796637,0.00000000,0.004132,public_simbench_planning_v7_direct_moea_de_controls
p3,base_distribution_planning,GA,baseline,16,0.03078498,0.03078498,1,0.99753797,0.12378471,0.17347752,0.00003363,1.00000000,1.00000000,14,0.01796637,0.00000000,0.004718,public_simbench_planning_v7_direct_moea_de_controls
p3,base_distribution_planning,GA,baseline,17,0.03078498,0.03078498,1,0.99753797,0.12378471,0.17347752,0.00003363,1.00000000,1.00000000,14,0.01796637,0.00000000,0.004171,public_simbench_planning_v7_direct_moea_de_controls
p3,base_distribution_planning,GA,baseline,18,0.03078498,0.03078498,1,0.99753797,0.12378471,0.17347752,0.00003363,1.00000000,1.00000000,14,0.01796637,0.00000000,0.004140,public_simbench_planning_v7_direct_moea_de_controls
p3,base_distribution_planning,GA,baseline,19,0.03078498,0.03078498,1,0.99753797,0.12378471,0.17347752,0.00003363,1.00000000,1.00000000,14,0.01796637,0.00000000,0.005036,public_simbench_planning_v7_direct_moea_de_controls
p3,base_distribution_planning,GA,baseline,20,0.03078498,0.03078498,1,0.99753797,0.12378471,0.17347752,0.00003363,1.00000000,1.00000000,14,0.01796637,0.00000000,0.004685,public_simbench_planning_v7_direct_moea_de_controls
p3,base_distribution_planning,GA,baseline,21,0.03078498,0.03078498,1,0.99753797,0.12378471,0.17347752,0.00003363,1.00000000,1.00000000,14,0.01796637,0.00000000,0.004160,public_simbench_planning_v7_direct_moea_de_controls
p3,base_distribution_planning,GA,baseline,22,0.03078498,0.03078498,1,0.99753797,0.12378471,0.17347752,0.00003363,1.00000000,1.00000000,14,0.01796637,0.00000000,0.004501,public_simbench_planning_v7_direct_moea_de_controls
p3,base_distribution_planning,GA,baseline,23,0.03078498,0.03078498,1,0.99753797,0.12378471,0.17347752,0.00003363,1.00000000,1.00000000,14,0.01796637,0.00000000,0.004334,public_simbench_planning_v7_direct_moea_de_controls
p3,base_distribution_planning,GA,baseline,24,0.03078498,0.03078498,1,0.99753797,0.12378471,0.17347752,0.00003363,1.00000000,1.00000000,14,0.01796637,0.00000000,0.004827,public_simbench_planning_v7_direct_moea_de_controls
p3,base_distribution_planning,GA,baseline,25,0.03078498,0.03078498,1,0.99753797,0.12378471,0.17347752,0.00003363,1.00000000,1.00000000,14,0.01796637,0.00000000,0.004246,public_simbench_planning_v7_direct_moea_de_controls
p3,base_distribution_planning,GA,baseline,26,0.03076449,0.03076449,1,0.99896561,0.12379719,0.17371420,0.00002088,1.00000000,1.00000000,14,0.01797912,0.00000000,0.004379,public_simbench_planning_v7_direct_moea_de_controls
p3,base_distribution_planning,GA,baseline,27,0.03076449,0.03076449,1,0.99896561,0.12379719,0.17371420,0.00002088,1.00000000,1.00000000,14,0.01797912,0.00000000,0.004463,public_simbench_planning_v7_direct_moea_de_controls
p3,base_distribution_planning,GA,baseline,28,0.03076449,0.03076449,1,0.99896561,0.12379719,0.17371420,0.00002088,1.00000000,1.00000000,14,0.01797912,0.00000000,0.004320,public_simbench_planning_v7_direct_moea_de_controls
p3,base_distribution_planning,GA,baseline,29,0.03078498,0.03078498,1,0.99753797,0.12378471,0.17347752,0.00003363,1.00000000,1.00000000,14,0.01796637,0.00000000,0.004511,public_simbench_planning_v7_direct_moea_de_controls
p3,base_distribution_planning,Weighted Sum,baseline,0,0.00434006,0.00434006,1,0.96759266,0.10660863,0.19639955,0.00185707,0.45888224,0.59218414,4,0.01614293,0.00000000,0.000362,public_simbench_planning_v7_direct_moea_de_controls
p3,base_distribution_planning,Weighted Sum,baseline,1,0.00434006,0.00434006,1,0.96759266,0.10660863,0.19639955,0.00185707,0.45888224,0.59218414,4,0.01614293,0.00000000,0.000320,public_simbench_planning_v7_direct_moea_de_controls
p3,base_distribution_planning,Weighted Sum,baseline,2,0.00434006,0.00434006,1,0.96759266,0.10660863,0.19639955,0.00185707,0.45888224,0.59218414,4,0.01614293,0.00000000,0.000299,public_simbench_planning_v7_direct_moea_de_controls
p3,base_distribution_planning,Weighted Sum,baseline,3,0.00434006,0.00434006,1,0.96759266,0.10660863,0.19639955,0.00185707,0.45888224,0.59218414,4,0.01614293,0.00000000,0.000291,public_simbench_planning_v7_direct_moea_de_controls
p3,base_distribution_planning,Weighted Sum,baseline,4,0.00434006,0.00434006,1,0.96759266,0.10660863,0.19639955,0.00185707,0.45888224,0.59218414,4,0.01614293,0.00000000,0.000291,public_simbench_planning_v7_direct_moea_de_controls
p3,base_distribution_planning,Weighted Sum,baseline,5,0.00434006,0.00434006,1,0.96759266,0.10660863,0.19639955,0.00185707,0.45888224,0.59218414,4,0.01614293,0.00000000,0.000291,public_simbench_planning_v7_direct_moea_de_controls
p3,base_distribution_planning,Weighted Sum,baseline,6,0.00434006,0.00434006,1,0.96759266,0.10660863,0.19639955,0.00185707,0.45888224,0.59218414,4,0.01614293,0.00000000,0.000288,public_simbench_planning_v7_direct_moea_de_controls
p3,base_distribution_planning,Weighted Sum,baseline,7,0.00434006,0.00434006,1,0.96759266,0.10660863,0.19639955,0.00185707,0.45888224,0.59218414,4,0.01614293,0.00000000,0.000283,public_simbench_planning_v7_direct_moea_de_controls
p3,base_distribution_planning,Weighted Sum,baseline,8,0.00434006,0.00434006,1,0.96759266,0.10660863,0.19639955,0.00185707,0.45888224,0.59218414,4,0.01614293,0.00000000,0.000281,public_simbench_planning_v7_direct_moea_de_controls
p3,base_distribution_planning,Weighted Sum,baseline,9,0.00434006,0.00434006,1,0.96759266,0.10660863,0.19639955,0.00185707,0.45888224,0.59218414,4,0.01614293,0.00000000,0.000292,public_simbench_planning_v7_direct_moea_de_controls
p3,base_distribution_planning,Weighted Sum,baseline,10,0.00434006,0.00434006,1,0.96759266,0.10660863,0.19639955,0.00185707,0.45888224,0.59218414,4,0.01614293,0.00000000,0.000290,public_simbench_planning_v7_direct_moea_de_controls
p3,base_distribution_planning,Weighted Sum,baseline,11,0.00434006,0.00434006,1,0.96759266,0.10660863,0.19639955,0.00185707,0.45888224,0.59218414,4,0.01614293,0.00000000,0.000280,public_simbench_planning_v7_direct_moea_de_controls
p3,base_distribution_planning,Weighted Sum,baseline,12,0.00434006,0.00434006,1,0.96759266,0.10660863,0.19639955,0.00185707,0.45888224,0.59218414,4,0.01614293,0.00000000,0.000277,public_simbench_planning_v7_direct_moea_de_controls
p3,base_distribution_planning,Weighted Sum,baseline,13,0.00434006,0.00434006,1,0.96759266,0.10660863,0.19639955,0.00185707,0.45888224,0.59218414,4,0.01614293,0.00000000,0.000285,public_simbench_planning_v7_direct_moea_de_controls
p3,base_distribution_planning,Weighted Sum,baseline,14,0.00434006,0.00434006,1,0.96759266,0.10660863,0.19639955,0.00185707,0.45888224,0.59218414,4,0.01614293,0.00000000,0.000280,public_simbench_planning_v7_direct_moea_de_controls
p3,base_distribution_planning,Weighted Sum,baseline,15,0.00434006,0.00434006,1,0.96759266,0.10660863,0.19639955,0.00185707,0.45888224,0.59218414,4,0.01614293,0.00000000,0.000277,public_simbench_planning_v7_direct_moea_de_controls
p3,base_distribution_planning,Weighted Sum,baseline,16,0.00434006,0.00434006,1,0.96759266,0.10660863,0.19639955,0.00185707,0.45888224,0.59218414,4,0.01614293,0.00000000,0.000280,public_simbench_planning_v7_direct_moea_de_controls
p3,base_distribution_planning,Weighted Sum,baseline,17,0.00434006,0.00434006,1,0.96759266,0.10660863,0.19639955,0.00185707,0.45888224,0.59218414,4,0.01614293,0.00000000,0.000285,public_simbench_planning_v7_direct_moea_de_controls
p3,base_distribution_planning,Weighted Sum,baseline,18,0.00434006,0.00434006,1,0.96759266,0.10660863,0.19639955,0.00185707,0.45888224,0.59218414,4,0.01614293,0.00000000,0.000280,public_simbench_planning_v7_direct_moea_de_controls
p3,base_distribution_planning,Weighted Sum,baseline,19,0.00434006,0.00434006,1,0.96759266,0.10660863,0.19639955,0.00185707,0.45888224,0.59218414,4,0.01614293,0.00000000,0.000275,public_simbench_planning_v7_direct_moea_de_controls
p3,base_distribution_planning,Weighted Sum,baseline,20,0.00434006,0.00434006,1,0.96759266,0.10660863,0.19639955,0.00185707,0.45888224,0.59218414,4,0.01614293,0.00000000,0.000444,public_simbench_planning_v7_direct_moea_de_controls
p3,base_distribution_planning,Weighted Sum,baseline,21,0.00434006,0.00434006,1,0.96759266,0.10660863,0.19639955,0.00185707,0.45888224,0.59218414,4,0.01614293,0.00000000,0.000427,public_simbench_planning_v7_direct_moea_de_controls
p3,base_distribution_planning,Weighted Sum,baseline,22,0.00434006,0.00434006,1,0.96759266,0.10660863,0.19639955,0.00185707,0.45888224,0.59218414,4,0.01614293,0.00000000,0.000311,public_simbench_planning_v7_direct_moea_de_controls
p3,base_distribution_planning,Weighted Sum,baseline,23,0.00434006,0.00434006,1,0.96759266,0.10660863,0.19639955,0.00185707,0.45888224,0.59218414,4,0.01614293,0.00000000,0.000297,public_simbench_planning_v7_direct_moea_de_controls
p3,base_distribution_planning,Weighted Sum,baseline,24,0.00434006,0.00434006,1,0.96759266,0.10660863,0.19639955,0.00185707,0.45888224,0.59218414,4,0.01614293,0.00000000,0.000308,public_simbench_planning_v7_direct_moea_de_controls
p3,base_distribution_planning,Weighted Sum,baseline,25,0.00434006,0.00434006,1,0.96759266,0.10660863,0.19639955,0.00185707,0.45888224,0.59218414,4,0.01614293,0.00000000,0.000295,public_simbench_planning_v7_direct_moea_de_controls
p3,base_distribution_planning,Weighted Sum,baseline,26,0.00434006,0.00434006,1,0.96759266,0.10660863,0.19639955,0.00185707,0.45888224,0.59218414,4,0.01614293,0.00000000,0.000290,public_simbench_planning_v7_direct_moea_de_controls
p3,base_distribution_planning,Weighted Sum,baseline,27,0.00434006,0.00434006,1,0.96759266,0.10660863,0.19639955,0.00185707,0.45888224,0.59218414,4,0.01614293,0.00000000,0.000283,public_simbench_planning_v7_direct_moea_de_controls
p3,base_distribution_planning,Weighted Sum,baseline,28,0.00434006,0.00434006,1,0.96759266,0.10660863,0.19639955,0.00185707,0.45888224,0.59218414,4,0.01614293,0.00000000,0.000293,public_simbench_planning_v7_direct_moea_de_controls
p3,base_distribution_planning,Weighted Sum,baseline,29,0.00434006,0.00434006,1,0.96759266,0.10660863,0.19639955,0.00185707,0.45888224,0.59218414,4,0.01614293,0.00000000,0.000283,public_simbench_planning_v7_direct_moea_de_controls
p3,base_distribution_planning,Ablation-NoRepair,ablation,0,0.04042963,0.04042963,39,0.99443458,0.12381547,0.17387615,0.00002552,1.00000000,1.00000000,14,0.01797448,0.00000000,0.079033,public_simbench_planning_v7_direct_moea_de_controls
p3,base_distribution_planning,Ablation-NoRepair,ablation,1,0.03732636,0.03732636,39,0.87902002,0.12429426,0.17829006,0.00003363,0.98188751,1.00000000,13,0.01796637,0.00000000,0.080124,public_simbench_planning_v7_direct_moea_de_controls
p3,base_distribution_planning,Ablation-NoRepair,ablation,2,0.03761702,0.03761702,40,0.99663603,0.12278837,0.17684505,0.00186507,1.00000000,1.00000000,13,0.01613493,0.00000000,0.082028,public_simbench_planning_v7_direct_moea_de_controls
p3,base_distribution_planning,Ablation-NoRepair,ablation,3,0.03615979,0.03615979,40,0.95197958,0.12402315,0.17596893,0.00004639,0.89652117,1.00000000,14,0.01795361,0.00000000,0.082422,public_simbench_planning_v7_direct_moea_de_controls
p3,base_distribution_planning,Ablation-NoRepair,ablation,4,0.03933202,0.03933202,39,0.96867605,0.12393758,0.17508448,0.00004059,0.97037209,1.00000000,14,0.01795941,0.00000000,0.080395,public_simbench_planning_v7_direct_moea_de_controls
p3,base_distribution_planning,Ablation-NoRepair,ablation,5,0.03760871,0.03760871,39,0.91551637,0.12409236,0.17612254,0.00003015,1.00000000,1.00000000,13,0.01796985,0.00000000,0.081998,public_simbench_planning_v7_direct_moea_de_controls
p3,base_distribution_planning,Ablation-NoRepair,ablation,6,0.03727511,0.03727511,39,0.98537253,0.12385201,0.17420003,0.00003479,1.00000000,1.00000000,14,0.01796521,0.00000000,0.081549,public_simbench_planning_v7_direct_moea_de_controls
p3,base_distribution_planning,Ablation-NoRepair,ablation,7,0.03396745,0.03396745,40,0.94434516,0.12407218,0.17652950,0.00004291,0.94310031,1.00000000,14,0.01795709,0.00000000,0.079206,public_simbench_planning_v7_direct_moea_de_controls
p3,base_distribution_planning,Ablation-NoRepair,ablation,8,0.03560709,0.03560709,38,0.81500085,0.12298624,0.18220538,0.00148566,1.00000000,1.00000000,9,0.01651434,0.04989247,0.080933,public_simbench_planning_v7_direct_moea_de_controls
p3,base_distribution_planning,Ablation-NoRepair,ablation,9,0.03965351,0.03965351,39,0.97773811,0.12390104,0.17476060,0.00003131,1.00000000,1.00000000,14,0.01796869,0.00000000,0.082422,public_simbench_planning_v7_direct_moea_de_controls
p3,base_distribution_planning,Ablation-NoRepair,ablation,10,0.04088612,0.04088612,40,0.98537253,0.12385201,0.17420003,0.00003479,1.00000000,1.00000000,14,0.01796521,0.00000000,0.082639,public_simbench_planning_v7_direct_moea_de_controls
p3,base_distribution_planning,Ablation-NoRepair,ablation,11,0.03881571,0.03881571,40,0.97320708,0.12391931,0.17492254,0.00003595,1.00000000,1.00000000,14,0.01796405,0.00000000,0.080207,public_simbench_planning_v7_direct_moea_de_controls
p3,base_distribution_planning,Ablation-NoRepair,ablation,12,0.03743707,0.03743707,39,0.93137864,0.11999612,0.18012022,0.00001508,1.00000000,1.00000000,11,0.01798492,0.00000000,0.079296,public_simbench_planning_v7_direct_moea_de_controls
p3,base_distribution_planning,Ablation-NoRepair,ablation,13,0.03704620,0.03704620,39,0.88665444,0.12424523,0.17772950,0.00003711,0.93530837,1.00000000,13,0.01796289,0.00000000,0.080326,public_simbench_planning_v7_direct_moea_de_controls
p3,base_distribution_planning,Ablation-NoRepair,ablation,14,0.03613311,0.03613311,40,0.90335092,0.12415966,0.17684505,0.00003131,1.00000000,1.00000000,13,0.01796869,0.00000000,0.080862,public_simbench_planning_v7_direct_moea_de_controls
p3,base_distribution_planning,Ablation-NoRepair,ablation,15,0.03958614,0.03958614,40,0.93894531,0.12296142,0.17804505,0.00185927,0.99831345,1.00000000,12,0.01614073,0.00000000,0.079752,public_simbench_planning_v7_direct_moea_de_controls
p3,base_distribution_planning,Ablation-NoRepair,ablation,16,0.03752031,0.03752031,39,0.78796950,0.12450577,0.17924505,0.00001972,0.99357542,1.00000000,11,0.01798028,0.00000000,0.080887,public_simbench_planning_v7_direct_moea_de_controls
p3,base_distribution_planning,Ablation-NoRepair,ablation,17,0.03972981,0.03972981,40,0.98537253,0.12385201,0.17420003,0.00003479,1.00000000,1.00000000,14,0.01796521,0.00000000,0.080930,public_simbench_planning_v7_direct_moea_de_controls
p3,base_distribution_planning,Ablation-NoRepair,ablation,18,0.03813085,0.03813085,40,0.96557266,0.12396834,0.17548310,0.00003247,1.00000000,1.00000000,14,0.01796753,0.00000000,0.081635,public_simbench_planning_v7_direct_moea_de_controls
p3,base_distribution_planning,Ablation-NoRepair,ablation,19,0.03730520,0.03730520,39,0.98084150,0.12387028,0.17436198,0.00003943,0.98400798,1.00000000,14,0.01796057,0.00000000,0.081038,public_simbench_planning_v7_direct_moea_de_controls
p3,base_distribution_planning,Ablation-NoRepair,ablation,20,0.03224300,0.03224300,40,0.99801977,0.12239739,0.17768374,0.00150064,0.88617496,1.00000000,12,0.01649936,0.00000000,0.081646,public_simbench_planning_v7_direct_moea_de_controls
p3,base_distribution_planning,Ablation-NoRepair,ablation,21,0.03951592,0.03951592,39,0.91551637,0.12409236,0.17612254,0.00003015,1.00000000,1.00000000,13,0.01796985,0.00000000,0.079030,public_simbench_planning_v7_direct_moea_de_controls
p3,base_distribution_planning,Ablation-NoRepair,ablation,22,0.03733202,0.03733202,40,0.93221284,0.12400679,0.17523809,0.00002436,1.00000000,1.00000000,13,0.01797564,0.00000000,0.080816,public_simbench_planning_v7_direct_moea_de_controls
p3,base_distribution_planning,Ablation-NoRepair,ablation,23,0.03679158,0.03679158,39,0.99570740,0.12241805,0.17804481,0.00150653,0.99601790,1.00000000,12,0.01649347,0.00000000,0.080443,public_simbench_planning_v7_direct_moea_de_controls
p3,base_distribution_planning,Ablation-NoRepair,ablation,24,0.03921784,0.03921784,39,0.98537253,0.12385201,0.17420003,0.00003479,1.00000000,1.00000000,14,0.01796521,0.00000000,0.081023,public_simbench_planning_v7_direct_moea_de_controls
p3,base_distribution_planning,Ablation-NoRepair,ablation,25,0.03800347,0.03800347,39,0.98990355,0.12383374,0.17403809,0.00003015,1.00000000,1.00000000,14,0.01796985,0.00000000,0.080792,public_simbench_planning_v7_direct_moea_de_controls
p3,base_distribution_planning,Ablation-NoRepair,ablation,26,0.03315467,0.03315467,38,0.88665444,0.12424523,0.17772950,0.00003711,0.93530837,1.00000000,13,0.01796289,0.00000000,0.081996,public_simbench_planning_v7_direct_moea_de_controls
p3,base_distribution_planning,Ablation-NoRepair,ablation,27,0.03803783,0.03803783,40,0.96104163,0.12398661,0.17564505,0.00003711,1.00000000,1.00000000,14,0.01796289,0.00000000,0.081677,public_simbench_planning_v7_direct_moea_de_controls
p3,base_distribution_planning,Ablation-NoRepair,ablation,28,0.03163818,0.03163818,39,0.95508297,0.12399240,0.17557031,0.00005451,0.78972700,0.96671711,14,0.01794549,0.00000000,0.080564,public_simbench_planning_v7_direct_moea_de_controls
p3,base_distribution_planning,Ablation-NoRepair,ablation,29,0.03770204,0.03770204,40,0.97631047,0.12388855,0.17452392,0.00004407,0.92379295,1.00000000,14,0.01795593,0.00000000,0.080472,public_simbench_planning_v7_direct_moea_de_controls
p3,base_distribution_planning,Ablation-FixedDE,ablation,0,0.04247102,0.04247102,39,0.98847592,0.12382126,0.17380141,0.00004291,0.93742884,1.00000000,14,0.01795709,0.00000000,0.121776,public_simbench_planning_v7_direct_moea_de_controls
p3,base_distribution_planning,Ablation-FixedDE,ablation,1,0.04086000,0.04086000,39,0.93984726,0.12395776,0.17467752,0.00002784,1.00000000,1.00000000,13,0.01797216,0.00000000,0.120070,public_simbench_planning_v7_direct_moea_de_controls
p3,base_distribution_planning,Ablation-FixedDE,ablation,2,0.04008264,0.04008264,39,0.86999110,0.12419812,0.17660003,0.00002320,1.00000000,1.00000000,12,0.01797680,0.00000000,0.122638,public_simbench_planning_v7_direct_moea_de_controls
p3,base_distribution_planning,Ablation-FixedDE,ablation,3,0.04307692,0.04307692,39,0.98990355,0.12383374,0.17403809,0.00003015,1.00000000,1.00000000,14,0.01796985,0.00000000,0.118889,public_simbench_planning_v7_direct_moea_de_controls
p3,base_distribution_planning,Ablation-FixedDE,ablation,4,0.04135646,0.04135646,39,0.94890932,0.12392122,0.17435364,0.00001856,1.00000000,1.00000000,13,0.01798144,0.00000000,0.128099,public_simbench_planning_v7_direct_moea_de_controls
p3,base_distribution_planning,Ablation-FixedDE,ablation,5,0.04281452,0.04281452,39,0.99753797,0.12378471,0.17347752,0.00003363,1.00000000,1.00000000,14,0.01796637,0.00000000,0.123696,public_simbench_planning_v7_direct_moea_de_controls
p3,base_distribution_planning,Ablation-FixedDE,ablation,6,0.04075196,0.04075196,38,0.93984726,0.12395776,0.17467752,0.00002784,1.00000000,1.00000000,13,0.01797216,0.00000000,0.121300,public_simbench_planning_v7_direct_moea_de_controls
p3,base_distribution_planning,Ablation-FixedDE,ablation,7,0.04153190,0.04153190,39,0.99753797,0.12378471,0.17347752,0.00003363,1.00000000,1.00000000,14,0.01796637,0.00000000,0.112029,public_simbench_planning_v7_direct_moea_de_controls
p3,base_distribution_planning,Ablation-FixedDE,ablation,8,0.04221988,0.04221988,37,0.93984726,0.12395776,0.17467752,0.00002784,1.00000000,1.00000000,13,0.01797216,0.00000000,0.125625,public_simbench_planning_v7_direct_moea_de_controls
p3,base_distribution_planning,Ablation-FixedDE,ablation,9,0.04275599,0.04275599,39,0.98084150,0.12387028,0.17436198,0.00003943,0.98400798,1.00000000,14,0.01796057,0.00000000,0.131226,public_simbench_planning_v7_direct_moea_de_controls
p3,base_distribution_planning,Ablation-FixedDE,ablation,10,0.04223057,0.04223057,38,0.99753797,0.12378471,0.17347752,0.00003363,1.00000000,1.00000000,14,0.01796637,0.00000000,0.117407,public_simbench_planning_v7_direct_moea_de_controls
p3,base_distribution_planning,Ablation-FixedDE,ablation,11,0.04163318,0.04163318,39,0.94437829,0.12393949,0.17451558,0.00002320,1.00000000,1.00000000,13,0.01797680,0.00000000,0.123244,public_simbench_planning_v7_direct_moea_de_controls
p3,base_distribution_planning,Ablation-FixedDE,ablation,12,0.04094149,0.04094149,39,0.93984726,0.12395776,0.17467752,0.00002784,1.00000000,1.00000000,13,0.01797216,0.00000000,0.113429,public_simbench_planning_v7_direct_moea_de_controls
p3,base_distribution_planning,Ablation-FixedDE,ablation,13,0.04134701,0.04134701,38,0.99300695,0.12380298,0.17363947,0.00003827,0.99764387,1.00000000,14,0.01796173,0.00000000,0.114585,public_simbench_planning_v7_direct_moea_de_controls
p3,base_distribution_planning,Ablation-FixedDE,ablation,14,0.04281751,0.04281751,39,0.99300695,0.12380298,0.17363947,0.00003827,0.99764387,1.00000000,14,0.01796173,0.00000000,0.119819,public_simbench_planning_v7_direct_moea_de_controls
p3,base_distribution_planning,Ablation-FixedDE,ablation,15,0.04221967,0.04221967,38,0.98537253,0.12385201,0.17420003,0.00003479,1.00000000,1.00000000,14,0.01796521,0.00000000,0.116558,public_simbench_planning_v7_direct_moea_de_controls
p3,base_distribution_planning,Ablation-FixedDE,ablation,16,0.04133839,0.04133839,39,0.99753797,0.12378471,0.17347752,0.00003363,1.00000000,1.00000000,14,0.01796637,0.00000000,0.117817,public_simbench_planning_v7_direct_moea_de_controls
p3,base_distribution_planning,Ablation-FixedDE,ablation,17,0.03979277,0.03979277,39,0.94890932,0.12392122,0.17435364,0.00001856,1.00000000,1.00000000,13,0.01798144,0.00000000,0.119173,public_simbench_planning_v7_direct_moea_de_controls
p3,base_distribution_planning,Ablation-FixedDE,ablation,18,0.04169820,0.04169820,39,0.99753797,0.12378471,0.17347752,0.00003363,1.00000000,1.00000000,14,0.01796637,0.00000000,0.118013,public_simbench_planning_v7_direct_moea_de_controls
p3,base_distribution_planning,Ablation-FixedDE,ablation,19,0.04171326,0.04171326,39,0.95797137,0.12388468,0.17402975,0.00000928,1.00000000,1.00000000,13,0.01799072,0.00853598,0.121912,public_simbench_planning_v7_direct_moea_de_controls
p3,base_distribution_planning,Ablation-FixedDE,ablation,20,0.04195835,0.04195835,38,0.99753797,0.12378471,0.17347752,0.00003363,1.00000000,1.00000000,14,0.01796637,0.00000000,0.119400,public_simbench_planning_v7_direct_moea_de_controls
p3,base_distribution_planning,Ablation-FixedDE,ablation,21,0.04124806,0.04124806,39,0.98990355,0.12383374,0.17403809,0.00003015,1.00000000,1.00000000,14,0.01796985,0.00000000,0.118034,public_simbench_planning_v7_direct_moea_de_controls
p3,base_distribution_planning,Ablation-FixedDE,ablation,22,0.04135432,0.04135432,39,0.94437829,0.12393949,0.17451558,0.00002320,1.00000000,1.00000000,13,0.01797680,0.00000000,0.119134,public_simbench_planning_v7_direct_moea_de_controls
p3,base_distribution_planning,Ablation-FixedDE,ablation,23,0.04254665,0.04254665,39,0.94437829,0.12393949,0.17451558,0.00002320,1.00000000,1.00000000,13,0.01797680,0.00000000,0.124533,public_simbench_planning_v7_direct_moea_de_controls
p3,base_distribution_planning,Ablation-FixedDE,ablation,24,0.04046981,0.04046981,39,0.98847592,0.12382126,0.17380141,0.00004291,0.93742884,1.00000000,14,0.01795709,0.00000000,0.119277,public_simbench_planning_v7_direct_moea_de_controls
p3,base_distribution_planning,Ablation-FixedDE,ablation,25,0.04152850,0.04152850,39,0.99753797,0.12378471,0.17347752,0.00003363,1.00000000,1.00000000,14,0.01796637,0.00000000,0.120240,public_simbench_planning_v7_direct_moea_de_controls
p3,base_distribution_planning,Ablation-FixedDE,ablation,26,0.04094784,0.04094784,38,0.98537253,0.12385201,0.17420003,0.00003479,1.00000000,1.00000000,14,0.01796521,0.00000000,0.127942,public_simbench_planning_v7_direct_moea_de_controls
p3,base_distribution_planning,Ablation-FixedDE,ablation,27,0.03757991,0.03757991,37,0.95160515,0.12288686,0.17732254,0.00187563,1.00000000,1.00000000,12,0.01612437,0.00000000,0.131509,public_simbench_planning_v7_direct_moea_de_controls
p3,base_distribution_planning,Ablation-FixedDE,ablation,28,0.04104083,0.04104083,39,0.92004739,0.12407409,0.17596060,0.00002552,1.00000000,1.00000000,13,0.01797448,0.00000000,0.115142,public_simbench_planning_v7_direct_moea_de_controls
p3,base_distribution_planning,Ablation-FixedDE,ablation,29,0.03906056,0.03906056,38,0.96066721,0.12285031,0.17699865,0.00186635,1.00000000,1.00000000,12,0.01613365,0.00000000,0.122612,public_simbench_planning_v7_direct_moea_de_controls
p3,base_distribution_planning,Ablation-NoDiversity,ablation,0,0.02899135,0.02899135,9,0.94422133,0.11749826,0.18394451,0.00185707,0.96169187,1.00000000,9,0.01614293,0.00000000,0.201748,public_simbench_planning_v7_direct_moea_de_controls
p3,base_distribution_planning,Ablation-NoDiversity,ablation,1,0.02841460,0.02841460,9,0.94422133,0.11749826,0.18394451,0.00185707,0.96169187,1.00000000,9,0.01614293,0.00000000,0.210132,public_simbench_planning_v7_direct_moea_de_controls
p3,base_distribution_planning,Ablation-NoDiversity,ablation,2,0.02504151,0.02504151,4,0.99040475,0.11295850,0.18616090,0.00000000,0.90854752,1.00000000,8,0.01800000,0.09693548,0.203843,public_simbench_planning_v7_direct_moea_de_controls
p3,base_distribution_planning,Ablation-NoDiversity,ablation,3,0.02738185,0.02738185,9,0.79275112,0.11904988,0.18514451,0.00000000,0.95584519,1.00000000,8,0.01800000,0.12717742,0.207074,public_simbench_planning_v7_direct_moea_de_controls
p3,base_distribution_planning,Ablation-NoDiversity,ablation,4,0.03417081,0.03417081,8,0.94152550,0.11853263,0.18097561,0.00000000,1.00000000,1.00000000,10,0.01800000,0.13322581,0.215056,public_simbench_planning_v7_direct_moea_de_controls
p3,base_distribution_planning,Ablation-NoDiversity,ablation,5,0.02474170,0.02474170,5,0.99040475,0.11295850,0.18616090,0.00000000,0.90854752,1.00000000,8,0.01800000,0.09693548,0.190278,public_simbench_planning_v7_direct_moea_de_controls
p3,base_distribution_planning,Ablation-NoDiversity,ablation,6,0.02374290,0.02374290,9,0.86983415,0.11775689,0.18602896,0.00185707,0.88004901,0.99176110,8,0.01614293,0.00000000,0.211295,public_simbench_planning_v7_direct_moea_de_controls
p3,base_distribution_planning,Ablation-NoDiversity,ablation,7,0.03583104,0.03583104,9,0.89534208,0.12307239,0.17875922,0.00185707,1.00000000,1.00000000,11,0.01614293,0.04011730,0.217648,public_simbench_planning_v7_direct_moea_de_controls
p3,base_distribution_planning,Ablation-NoDiversity,ablation,8,0.01645391,0.01645391,2,0.99310059,0.11192414,0.18912981,0.00185707,0.75110848,0.87663928,7,0.01614293,0.00000000,0.195488,public_simbench_planning_v7_direct_moea_de_controls
p3,base_distribution_planning,Ablation-NoDiversity,ablation,9,0.03017122,0.03017122,6,0.86713831,0.11879125,0.18306006,0.00000000,1.00000000,1.00000000,9,0.01800000,0.13053763,0.207534,public_simbench_planning_v7_direct_moea_de_controls
p3,base_distribution_planning,Ablation-NoDiversity,ablation,10,0.03162752,0.03162752,9,0.86713831,0.11879125,0.18306006,0.00000000,1.00000000,1.00000000,9,0.01800000,0.13053763,0.199947,public_simbench_planning_v7_direct_moea_de_controls
p3,base_distribution_planning,Ablation-NoDiversity,ablation,11,0.00047204,0.00047204,1,0.00000000,0.12721025,0.20080373,0.00000000,0.35000000,0.42000000,0,0.01800000,0.48000000,0.221641,public_simbench_planning_v7_direct_moea_de_controls
p3,base_distribution_planning,Ablation-NoDiversity,ablation,12,0.03293630,0.03293630,24,0.86713831,0.11879125,0.18306006,0.00000000,1.00000000,1.00000000,9,0.01800000,0.13053763,0.178515,public_simbench_planning_v7_direct_moea_de_controls
p3,base_distribution_planning,Ablation-NoDiversity,ablation,13,0.03103329,0.03103329,10,0.86713831,0.11879125,0.18306006,0.00000000,1.00000000,1.00000000,9,0.01800000,0.13053763,0.201320,public_simbench_planning_v7_direct_moea_de_controls
p3,base_distribution_planning,Ablation-NoDiversity,ablation,14,0.03190163,0.03190163,15,0.86713831,0.11879125,0.18306006,0.00000000,1.00000000,1.00000000,9,0.01800000,0.13053763,0.174497,public_simbench_planning_v7_direct_moea_de_controls
p3,base_distribution_planning,Ablation-NoDiversity,ablation,15,0.00047204,0.00047204,1,0.00000000,0.12721025,0.20080373,0.00000000,0.35000000,0.42000000,0,0.01800000,0.48000000,0.198916,public_simbench_planning_v7_direct_moea_de_controls
p3,base_distribution_planning,Ablation-NoDiversity,ablation,16,0.03090024,0.03090024,15,0.94422133,0.11749826,0.18394451,0.00185707,0.96169187,1.00000000,9,0.01614293,0.00000000,0.201355,public_simbench_planning_v7_direct_moea_de_controls
p3,base_distribution_planning,Ablation-NoDiversity,ablation,17,0.02854046,0.02854046,6,0.94422133,0.11749826,0.18394451,0.00185707,0.96169187,1.00000000,9,0.01614293,0.00000000,0.210319,public_simbench_planning_v7_direct_moea_de_controls
p3,base_distribution_planning,Ablation-NoDiversity,ablation,18,0.03397421,0.03397421,9,0.94152550,0.11853263,0.18097561,0.00000000,1.00000000,1.00000000,10,0.01800000,0.13322581,0.181959,public_simbench_planning_v7_direct_moea_de_controls
p3,base_distribution_planning,Ablation-NoDiversity,ablation,19,0.03089919,0.03089919,21,0.94422133,0.11749826,0.18394451,0.00185707,0.96169187,1.00000000,9,0.01614293,0.00000000,0.193723,public_simbench_planning_v7_direct_moea_de_controls
p3,base_distribution_planning,Ablation-NoDiversity,ablation,20,0.02525662,0.02525662,10,0.99040475,0.11295850,0.18616090,0.00000000,0.90854752,1.00000000,8,0.01800000,0.09693548,0.197964,public_simbench_planning_v7_direct_moea_de_controls
p3,base_distribution_planning,Ablation-NoDiversity,ablation,21,0.01007348,0.01007348,2,0.76724319,0.11373437,0.19241426,0.00000000,0.66361894,0.78242304,5,0.01800000,0.06064516,0.219318,public_simbench_planning_v7_direct_moea_de_controls
p3,base_distribution_planning,Ablation-NoDiversity,ablation,22,0.03635393,0.03635393,29,0.97207429,0.11904709,0.17953880,0.00001856,0.95798101,1.00000000,11,0.01798144,0.00000000,0.193774,public_simbench_planning_v7_direct_moea_de_controls
p3,base_distribution_planning,Ablation-NoDiversity,ablation,23,0.02783385,0.02783385,14,0.79275112,0.11904988,0.18514451,0.00000000,0.95584519,1.00000000,8,0.01800000,0.12717742,0.184277,public_simbench_planning_v7_direct_moea_de_controls
p3,base_distribution_planning,Ablation-NoDiversity,ablation,24,0.03103329,0.03103329,12,0.86713831,0.11879125,0.18306006,0.00000000,1.00000000,1.00000000,9,0.01800000,0.13053763,0.209142,public_simbench_planning_v7_direct_moea_de_controls
p3,base_distribution_planning,Ablation-NoDiversity,ablation,25,0.03003952,0.03003952,5,0.82095489,0.12333102,0.18084367,0.00185707,1.00000000,1.00000000,10,0.01614293,0.02838710,0.226080,public_simbench_planning_v7_direct_moea_de_controls
p3,base_distribution_planning,Ablation-NoDiversity,ablation,26,0.01097404,0.01097404,5,0.76724319,0.11373437,0.19241426,0.00000000,0.66361894,0.78242304,5,0.01800000,0.06064516,0.220911,public_simbench_planning_v7_direct_moea_de_controls
p3,base_distribution_planning,Ablation-NoDiversity,ablation,27,0.03624774,0.03624774,13,0.89534208,0.12307239,0.17875922,0.00185707,1.00000000,1.00000000,11,0.01614293,0.04011730,0.196779,public_simbench_planning_v7_direct_moea_de_controls
p3,base_distribution_planning,Ablation-NoDiversity,ablation,28,0.02998814,0.02998814,5,0.86713831,0.11879125,0.18306006,0.00000000,1.00000000,1.00000000,9,0.01800000,0.13053763,0.200849,public_simbench_planning_v7_direct_moea_de_controls
p3,base_distribution_planning,Ablation-NoDiversity,ablation,29,0.03136174,0.03136174,9,0.86713831,0.11879125,0.18306006,0.00000000,1.00000000,1.00000000,9,0.01800000,0.13053763,0.195132,public_simbench_planning_v7_direct_moea_de_controls
p3,base_distribution_planning,Ablation-NoDER,ablation,0,0.04066940,0.04066940,38,0.89264624,0.12410676,0.17579032,0.00000000,1.00000000,1.00000000,12,0.01800000,0.15741935,0.147328,public_simbench_planning_v7_direct_moea_de_controls
p3,base_distribution_planning,Ablation-NoDER,ablation,1,0.04330959,0.04330959,39,0.96703343,0.12384813,0.17370586,0.00000000,1.00000000,1.00000000,13,0.01800000,0.15741935,0.145243,public_simbench_planning_v7_direct_moea_de_controls
p3,base_distribution_planning,Ablation-NoDER,ablation,2,0.04163536,0.04163536,38,0.89264624,0.12410676,0.17579032,0.00000000,1.00000000,1.00000000,12,0.01800000,0.15741935,0.138958,public_simbench_planning_v7_direct_moea_de_controls
p3,base_distribution_planning,Ablation-NoDER,ablation,3,0.04084021,0.04084021,35,0.89264624,0.12410676,0.17579032,0.00000000,1.00000000,1.00000000,12,0.01800000,0.15741935,0.147016,public_simbench_planning_v7_direct_moea_de_controls
p3,base_distribution_planning,Ablation-NoDER,ablation,4,0.03623109,0.03623109,38,0.94152550,0.11853263,0.18097561,0.00000000,1.00000000,1.00000000,10,0.01800000,0.13322581,0.144237,public_simbench_planning_v7_direct_moea_de_controls
p3,base_distribution_planning,Ablation-NoDER,ablation,5,0.04070072,0.04070072,38,0.89264624,0.12410676,0.17579032,0.00000000,1.00000000,1.00000000,12,0.01800000,0.15741935,0.149724,public_simbench_planning_v7_direct_moea_de_controls
p3,base_distribution_planning,Ablation-NoDER,ablation,6,0.04105251,0.04105251,39,0.89264624,0.12410676,0.17579032,0.00000000,1.00000000,1.00000000,12,0.01800000,0.15741935,0.154817,public_simbench_planning_v7_direct_moea_de_controls
p3,base_distribution_planning,Ablation-NoDER,ablation,7,0.04305361,0.04305361,37,0.96703343,0.12384813,0.17370586,0.00000000,1.00000000,1.00000000,13,0.01800000,0.15741935,0.155208,public_simbench_planning_v7_direct_moea_de_controls
p3,base_distribution_planning,Ablation-NoDER,ablation,8,0.04286884,0.04286884,37,0.96703343,0.12384813,0.17370586,0.00000000,1.00000000,1.00000000,13,0.01800000,0.15741935,0.145814,public_simbench_planning_v7_direct_moea_de_controls
p3,base_distribution_planning,Ablation-NoDER,ablation,9,0.03913282,0.03913282,38,0.81825906,0.12436538,0.17787477,0.00000000,1.00000000,1.00000000,11,0.01800000,0.15741935,0.160541,public_simbench_planning_v7_direct_moea_de_controls
p3,base_distribution_planning,Ablation-NoDER,ablation,10,0.04020711,0.04020711,37,0.89264624,0.12410676,0.17579032,0.00000000,1.00000000,1.00000000,12,0.01800000,0.15741935,0.146099,public_simbench_planning_v7_direct_moea_de_controls
p3,base_distribution_planning,Ablation-NoDER,ablation,11,0.03813921,0.03813921,37,0.81825906,0.12436538,0.17787477,0.00000000,1.00000000,1.00000000,11,0.01800000,0.15741935,0.151639,public_simbench_planning_v7_direct_moea_de_controls
p3,base_distribution_planning,Ablation-NoDER,ablation,12,0.04064804,0.04064804,38,0.89264624,0.12410676,0.17579032,0.00000000,1.00000000,1.00000000,12,0.01800000,0.15741935,0.152117,public_simbench_planning_v7_direct_moea_de_controls
p3,base_distribution_planning,Ablation-NoDER,ablation,13,0.04267455,0.04267455,38,0.96703343,0.12384813,0.17370586,0.00000000,1.00000000,1.00000000,13,0.01800000,0.15741935,0.143831,public_simbench_planning_v7_direct_moea_de_controls
p3,base_distribution_planning,Ablation-NoDER,ablation,14,0.04286833,0.04286833,36,0.96703343,0.12384813,0.17370586,0.00000000,1.00000000,1.00000000,13,0.01800000,0.15741935,0.142460,public_simbench_planning_v7_direct_moea_de_controls
p3,base_distribution_planning,Ablation-NoDER,ablation,15,0.04064681,0.04064681,38,0.89264624,0.12410676,0.17579032,0.00000000,1.00000000,1.00000000,12,0.01800000,0.15741935,0.149199,public_simbench_planning_v7_direct_moea_de_controls
p3,base_distribution_planning,Ablation-NoDER,ablation,16,0.03921502,0.03921502,36,0.81825906,0.12436538,0.17787477,0.00000000,1.00000000,1.00000000,11,0.01800000,0.15741935,0.152241,public_simbench_planning_v7_direct_moea_de_controls
p3,base_distribution_planning,Ablation-NoDER,ablation,17,0.03849751,0.03849751,37,0.81825906,0.12436538,0.17787477,0.00000000,1.00000000,1.00000000,11,0.01800000,0.15741935,0.138486,public_simbench_planning_v7_direct_moea_de_controls
p3,base_distribution_planning,Ablation-NoDER,ablation,18,0.03877362,0.03877362,38,0.81825906,0.12436538,0.17787477,0.00000000,1.00000000,1.00000000,11,0.01800000,0.15741935,0.159774,public_simbench_planning_v7_direct_moea_de_controls
p3,base_distribution_planning,Ablation-NoDER,ablation,19,0.03719722,0.03719722,39,0.94152550,0.11853263,0.18097561,0.00000000,1.00000000,1.00000000,10,0.01800000,0.13322581,0.156102,public_simbench_planning_v7_direct_moea_de_controls
p3,base_distribution_planning,Ablation-NoDER,ablation,20,0.04020772,0.04020772,39,0.89264624,0.12410676,0.17579032,0.00000000,1.00000000,1.00000000,12,0.01800000,0.15741935,0.151216,public_simbench_planning_v7_direct_moea_de_controls
p3,base_distribution_planning,Ablation-NoDER,ablation,21,0.04259064,0.04259064,37,0.96703343,0.12384813,0.17370586,0.00000000,1.00000000,1.00000000,13,0.01800000,0.15741935,0.154585,public_simbench_planning_v7_direct_moea_de_controls
p3,base_distribution_planning,Ablation-NoDER,ablation,22,0.03865852,0.03865852,39,0.99019840,0.11897400,0.17889103,0.00000000,1.00000000,1.00000000,11,0.01800000,0.13542522,0.155506,public_simbench_planning_v7_direct_moea_de_controls
p3,base_distribution_planning,Ablation-NoDER,ablation,23,0.04259065,0.04259065,37,0.96703343,0.12384813,0.17370586,0.00000000,1.00000000,1.00000000,13,0.01800000,0.15741935,0.142279,public_simbench_planning_v7_direct_moea_de_controls
p3,base_distribution_planning,Ablation-NoDER,ablation,24,0.03849774,0.03849774,37,0.81825906,0.12436538,0.17787477,0.00000000,1.00000000,1.00000000,11,0.01800000,0.15741935,0.145202,public_simbench_planning_v7_direct_moea_de_controls
p3,base_distribution_planning,Ablation-NoDER,ablation,25,0.04259081,0.04259081,37,0.96703343,0.12384813,0.17370586,0.00000000,1.00000000,1.00000000,13,0.01800000,0.15741935,0.143590,public_simbench_planning_v7_direct_moea_de_controls
p3,base_distribution_planning,Ablation-NoDER,ablation,26,0.04056470,0.04056470,36,0.89264624,0.12410676,0.17579032,0.00000000,1.00000000,1.00000000,12,0.01800000,0.15741935,0.152818,public_simbench_planning_v7_direct_moea_de_controls
p3,base_distribution_planning,Ablation-NoDER,ablation,27,0.04322681,0.04322681,39,0.96703343,0.12384813,0.17370586,0.00000000,1.00000000,1.00000000,13,0.01800000,0.15741935,0.148761,public_simbench_planning_v7_direct_moea_de_controls
p3,base_distribution_planning,Ablation-NoDER,ablation,28,0.04322615,0.04322615,38,0.96703343,0.12384813,0.17370586,0.00000000,1.00000000,1.00000000,13,0.01800000,0.15741935,0.143439,public_simbench_planning_v7_direct_moea_de_controls
p3,base_distribution_planning,Ablation-NoDER,ablation,29,0.03892594,0.03892594,38,0.81825906,0.12436538,0.17787477,0.00000000,1.00000000,1.00000000,11,0.01800000,0.15741935,0.146001,public_simbench_planning_v7_direct_moea_de_controls
p3,der_siting_sizing,CARS-MODE,proposed,0,0.04649069,0.04649069,39,0.91694400,0.12410484,0.17635922,0.00001740,1.00000000,1.00000000,13,0.02498260,0.00000000,0.136484,public_simbench_planning_v7_direct_moea_de_controls
p3,der_siting_sizing,CARS-MODE,proposed,1,0.04468480,0.04468480,39,0.97733055,0.12289743,0.17812812,0.00188027,1.00000000,1.00000000,13,0.02311973,0.00000000,0.115459,public_simbench_planning_v7_direct_moea_de_controls
p3,der_siting_sizing,CARS-MODE,proposed,2,0.04570735,0.04570735,39,0.96972926,0.12281377,0.17667477,0.00185707,1.00000000,1.00000000,12,0.02314293,0.12989247,0.119517,public_simbench_planning_v7_direct_moea_de_controls
p3,der_siting_sizing,CARS-MODE,proposed,3,0.04663366,0.04663366,39,0.99893248,0.12392988,0.17572812,0.00004059,1.00000000,1.00000000,15,0.02495941,0.00000000,0.117084,public_simbench_planning_v7_direct_moea_de_controls
p3,der_siting_sizing,CARS-MODE,proposed,4,0.04326190,0.04326190,38,0.99893248,0.12392988,0.17572812,0.00004059,1.00000000,1.00000000,15,0.02495941,0.00000000,0.112483,public_simbench_planning_v7_direct_moea_de_controls
p3,der_siting_sizing,CARS-MODE,proposed,5,0.04463941,0.04463941,38,0.99893248,0.12392988,0.17572812,0.00004059,1.00000000,1.00000000,15,0.02495941,0.00000000,0.115738,public_simbench_planning_v7_direct_moea_de_controls
p3,der_siting_sizing,CARS-MODE,proposed,6,0.04648987,0.04648987,39,0.89264624,0.12410676,0.17579032,0.00000000,1.00000000,1.00000000,12,0.02500000,0.23741935,0.116071,public_simbench_planning_v7_direct_moea_de_controls
p3,der_siting_sizing,CARS-MODE,proposed,7,0.04487136,0.04487136,38,0.99893248,0.12392988,0.17572812,0.00004059,1.00000000,1.00000000,15,0.02495941,0.00000000,0.114390,public_simbench_planning_v7_direct_moea_de_controls
p3,der_siting_sizing,CARS-MODE,proposed,8,0.04474862,0.04474862,39,0.97463471,0.12393179,0.17515922,0.00002320,1.00000000,1.00000000,14,0.02497680,0.00000000,0.113584,public_simbench_planning_v7_direct_moea_de_controls
p3,der_siting_sizing,CARS-MODE,proposed,9,0.04590505,0.04590505,39,0.96703343,0.12384813,0.17370586,0.00000000,1.00000000,1.00000000,13,0.02500000,0.23741935,0.120148,public_simbench_planning_v7_direct_moea_de_controls
p3,der_siting_sizing,CARS-MODE,proposed,10,0.04493076,0.04493076,39,0.92454529,0.12418850,0.17781257,0.00004059,0.97604356,1.00000000,14,0.02495941,0.00000000,0.111487,public_simbench_planning_v7_direct_moea_de_controls
p3,der_siting_sizing,CARS-MODE,proposed,11,0.04621415,0.04621415,39,0.96972926,0.12281377,0.17667477,0.00185707,1.00000000,1.00000000,12,0.02314293,0.12989247,0.113509,public_simbench_planning_v7_direct_moea_de_controls
p3,der_siting_sizing,CARS-MODE,proposed,12,0.04415503,0.04415503,39,0.81825906,0.12436538,0.17787477,0.00000000,1.00000000,1.00000000,11,0.02500000,0.23741935,0.113629,public_simbench_planning_v7_direct_moea_de_controls
p3,der_siting_sizing,CARS-MODE,proposed,13,0.04597671,0.04597671,39,0.96972926,0.12281377,0.17667477,0.00185707,1.00000000,1.00000000,12,0.02314293,0.12989247,0.119816,public_simbench_planning_v7_direct_moea_de_controls
p3,der_siting_sizing,CARS-MODE,proposed,14,0.04490389,0.04490389,39,0.97463471,0.12393179,0.17515922,0.00002320,1.00000000,1.00000000,14,0.02497680,0.00000000,0.117479,public_simbench_planning_v7_direct_moea_de_controls
p3,der_siting_sizing,CARS-MODE,proposed,15,0.04474293,0.04474293,39,0.99353263,0.12281912,0.17724367,0.00185695,1.00000000,1.00000000,13,0.02314305,0.00000000,0.113767,public_simbench_planning_v7_direct_moea_de_controls
p3,der_siting_sizing,CARS-MODE,proposed,16,0.04281318,0.04281318,40,0.96703343,0.12384813,0.17370586,0.00000000,1.00000000,1.00000000,13,0.02500000,0.23741935,0.124933,public_simbench_planning_v7_direct_moea_de_controls
p3,der_siting_sizing,CARS-MODE,proposed,17,0.04607700,0.04607700,38,0.99893248,0.12392988,0.17572812,0.00004059,1.00000000,1.00000000,15,0.02495941,0.00000000,0.114973,public_simbench_planning_v7_direct_moea_de_controls
p3,der_siting_sizing,CARS-MODE,proposed,18,0.04499120,0.04499120,39,0.99893248,0.12392988,0.17572812,0.00004059,1.00000000,1.00000000,15,0.02495941,0.00000000,0.110707,public_simbench_planning_v7_direct_moea_de_controls
p3,der_siting_sizing,CARS-MODE,proposed,19,0.04371803,0.04371803,39,0.98251973,0.11844515,0.18066006,0.00001160,1.00000000,1.00000000,11,0.02498840,0.00000000,0.114832,public_simbench_planning_v7_direct_moea_de_controls
p3,der_siting_sizing,CARS-MODE,proposed,20,0.04432522,0.04432522,38,0.99402703,0.12281186,0.17724367,0.00187447,1.00000000,1.00000000,13,0.02312553,0.00000000,0.122112,public_simbench_planning_v7_direct_moea_de_controls
p3,der_siting_sizing,CARS-MODE,proposed,21,0.04296860,0.04296860,39,0.96703343,0.12384813,0.17370586,0.00000000,1.00000000,1.00000000,13,0.02500000,0.23741935,0.115651,public_simbench_planning_v7_direct_moea_de_controls
p3,der_siting_sizing,CARS-MODE,proposed,22,0.04300138,0.04300138,39,0.97733055,0.12289743,0.17812812,0.00188027,1.00000000,1.00000000,13,0.02311973,0.00000000,0.116984,public_simbench_planning_v7_direct_moea_de_controls
p3,der_siting_sizing,CARS-MODE,proposed,23,0.04550477,0.04550477,39,0.95793824,0.12401736,0.17604367,0.00002899,1.00000000,1.00000000,14,0.02497101,0.00000000,0.118158,public_simbench_planning_v7_direct_moea_de_controls
p3,der_siting_sizing,CARS-MODE,proposed,24,0.04449217,0.04449217,39,0.99133119,0.12384622,0.17427477,0.00001740,1.00000000,1.00000000,14,0.02498260,0.00000000,0.117242,public_simbench_planning_v7_direct_moea_de_controls
p3,der_siting_sizing,CARS-MODE,proposed,25,0.04409011,0.04409011,39,0.94124176,0.12410293,0.17692812,0.00003479,1.00000000,1.00000000,14,0.02496521,0.00000000,0.114314,public_simbench_planning_v7_direct_moea_de_controls
p3,der_siting_sizing,CARS-MODE,proposed,26,0.04519543,0.04519543,38,0.94124176,0.12410293,0.17692812,0.00003479,1.00000000,1.00000000,14,0.02496521,0.00000000,0.110617,public_simbench_planning_v7_direct_moea_de_controls
p3,der_siting_sizing,CARS-MODE,proposed,27,0.04656540,0.04656540,39,0.99133119,0.12384622,0.17427477,0.00001740,1.00000000,1.00000000,14,0.02498260,0.00000000,0.114589,public_simbench_planning_v7_direct_moea_de_controls
p3,der_siting_sizing,CARS-MODE,proposed,28,0.04523335,0.04523335,38,0.89264624,0.12410676,0.17579032,0.00000000,1.00000000,1.00000000,12,0.02500000,0.23741935,0.110561,public_simbench_planning_v7_direct_moea_de_controls
p3,der_siting_sizing,CARS-MODE,proposed,29,0.04536290,0.04536290,39,0.97463471,0.12393179,0.17515922,0.00002320,1.00000000,1.00000000,14,0.02497680,0.00000000,0.120341,public_simbench_planning_v7_direct_moea_de_controls
p3,der_siting_sizing,NSGA-II,baseline,0,0.04287584,0.04287584,40,0.99893248,0.12392988,0.17572812,0.00004059,1.00000000,1.00000000,15,0.02495941,0.00000000,0.079036,public_simbench_planning_v7_direct_moea_de_controls
p3,der_siting_sizing,NSGA-II,baseline,1,0.04563187,0.04563187,40,0.98223600,0.12401545,0.17661257,0.00004639,0.98383550,1.00000000,15,0.02495361,0.00000000,0.079319,public_simbench_planning_v7_direct_moea_de_controls
p3,der_siting_sizing,NSGA-II,baseline,2,0.04367564,0.04367564,40,0.90024753,0.12419042,0.17724367,0.00002320,1.00000000,1.00000000,13,0.02497680,0.00000000,0.079590,public_simbench_planning_v7_direct_moea_de_controls
p3,der_siting_sizing,NSGA-II,baseline,3,0.04350494,0.04350494,40,0.99893248,0.12392988,0.17572812,0.00004059,1.00000000,1.00000000,15,0.02495941,0.00000000,0.077872,public_simbench_planning_v7_direct_moea_de_controls
p3,der_siting_sizing,NSGA-II,baseline,4,0.04030483,0.04030483,40,0.99893248,0.12392988,0.17572812,0.00004059,1.00000000,1.00000000,15,0.02495941,0.00000000,0.078516,public_simbench_planning_v7_direct_moea_de_controls
p3,der_siting_sizing,NSGA-II,baseline,5,0.04267460,0.04267460,40,0.99893248,0.12392988,0.17572812,0.00004059,1.00000000,1.00000000,15,0.02495941,0.00000000,0.079773,public_simbench_planning_v7_direct_moea_de_controls
p3,der_siting_sizing,NSGA-II,baseline,6,0.04454770,0.04454770,40,0.97463471,0.12393179,0.17515922,0.00002320,1.00000000,1.00000000,14,0.02497680,0.00000000,0.077855,public_simbench_planning_v7_direct_moea_de_controls
p3,der_siting_sizing,NSGA-II,baseline,7,0.04105861,0.04105861,40,0.99893248,0.12392988,0.17572812,0.00004059,1.00000000,1.00000000,15,0.02495941,0.00000000,0.096143,public_simbench_planning_v7_direct_moea_de_controls
p3,der_siting_sizing,NSGA-II,baseline,8,0.04287137,0.04287137,40,0.99893248,0.12392988,0.17572812,0.00004059,1.00000000,1.00000000,15,0.02495941,0.00000000,0.077327,public_simbench_planning_v7_direct_moea_de_controls
p3,der_siting_sizing,NSGA-II,baseline,9,0.04047198,0.04047198,40,0.94124176,0.12410293,0.17692812,0.00003479,1.00000000,1.00000000,14,0.02496521,0.00000000,0.078236,public_simbench_planning_v7_direct_moea_de_controls
p3,der_siting_sizing,NSGA-II,baseline,10,0.04311175,0.04311175,40,0.99813141,0.11978652,0.17859634,0.00001160,1.00000000,1.00000000,12,0.02498840,0.00220430,0.078518,public_simbench_planning_v7_direct_moea_de_controls
p3,der_siting_sizing,NSGA-II,baseline,11,0.04160791,0.04160791,40,0.99893248,0.12392988,0.17572812,0.00004059,1.00000000,1.00000000,15,0.02495941,0.00000000,0.077492,public_simbench_planning_v7_direct_moea_de_controls
p3,der_siting_sizing,NSGA-II,baseline,12,0.04266403,0.04266403,40,0.97463471,0.12393179,0.17515922,0.00002320,1.00000000,1.00000000,14,0.02497680,0.00000000,0.079009,public_simbench_planning_v7_direct_moea_de_controls
p3,der_siting_sizing,NSGA-II,baseline,13,0.04342862,0.04342862,40,0.94124176,0.12410293,0.17692812,0.00003479,1.00000000,1.00000000,14,0.02496521,0.00000000,0.079028,public_simbench_planning_v7_direct_moea_de_controls
p3,der_siting_sizing,NSGA-II,baseline,14,0.04238351,0.04238351,40,0.99133119,0.12384622,0.17427477,0.00001740,1.00000000,1.00000000,14,0.02498260,0.00000000,0.077973,public_simbench_planning_v7_direct_moea_de_controls
p3,der_siting_sizing,NSGA-II,baseline,15,0.04238299,0.04238299,40,0.93364048,0.12401927,0.17547477,0.00001160,1.00000000,1.00000000,13,0.02498840,0.03890819,0.077689,public_simbench_planning_v7_direct_moea_de_controls
p3,der_siting_sizing,NSGA-II,baseline,16,0.04325934,0.04325934,40,0.98223600,0.12401545,0.17661257,0.00004639,0.98383550,1.00000000,15,0.02495361,0.00000000,0.079921,public_simbench_planning_v7_direct_moea_de_controls
p3,der_siting_sizing,NSGA-II,baseline,17,0.04507147,0.04507147,40,0.98223600,0.12401545,0.17661257,0.00004639,0.98383550,1.00000000,15,0.02495361,0.00000000,0.079729,public_simbench_planning_v7_direct_moea_de_controls
p3,der_siting_sizing,NSGA-II,baseline,18,0.03987474,0.03987474,40,0.99893248,0.12392988,0.17572812,0.00004059,1.00000000,1.00000000,15,0.02495941,0.00000000,0.078714,public_simbench_planning_v7_direct_moea_de_controls
p3,der_siting_sizing,NSGA-II,baseline,19,0.04220604,0.04220604,40,0.98251973,0.11844515,0.18066006,0.00001160,1.00000000,1.00000000,11,0.02498840,0.00000000,0.077348,public_simbench_planning_v7_direct_moea_de_controls
p3,der_siting_sizing,NSGA-II,baseline,20,0.04366785,0.04366785,40,0.97733055,0.12289743,0.17812812,0.00188027,1.00000000,1.00000000,13,0.02311973,0.00000000,0.078664,public_simbench_planning_v7_direct_moea_de_controls
p3,der_siting_sizing,NSGA-II,baseline,21,0.04536502,0.04536502,40,0.97733055,0.12289743,0.17812812,0.00188027,1.00000000,1.00000000,13,0.02311973,0.00000000,0.077052,public_simbench_planning_v7_direct_moea_de_controls
p3,der_siting_sizing,NSGA-II,baseline,22,0.04624696,0.04624696,40,0.97463471,0.12393179,0.17515922,0.00002320,1.00000000,1.00000000,14,0.02497680,0.00000000,0.082632,public_simbench_planning_v7_direct_moea_de_controls
p3,der_siting_sizing,NSGA-II,baseline,23,0.04458560,0.04458560,40,0.95793824,0.12401736,0.17604367,0.00002899,1.00000000,1.00000000,14,0.02497101,0.00000000,0.079603,public_simbench_planning_v7_direct_moea_de_controls
p3,der_siting_sizing,NSGA-II,baseline,24,0.04333540,0.04333540,40,0.98143494,0.11987209,0.17948079,0.00001740,1.00000000,1.00000000,12,0.02498260,0.00000000,0.078838,public_simbench_planning_v7_direct_moea_de_controls
p3,der_siting_sizing,NSGA-II,baseline,25,0.04536696,0.04536696,40,0.99133119,0.12384622,0.17427477,0.00001740,1.00000000,1.00000000,14,0.02498260,0.00000000,0.076911,public_simbench_planning_v7_direct_moea_de_controls
p3,der_siting_sizing,NSGA-II,baseline,26,0.04389759,0.04389759,40,0.99893248,0.12392988,0.17572812,0.00004059,1.00000000,1.00000000,15,0.02495941,0.00000000,0.078014,public_simbench_planning_v7_direct_moea_de_controls
p3,der_siting_sizing,NSGA-II,baseline,27,0.03771234,0.03771234,40,0.94393760,0.12306857,0.17989702,0.00189187,0.89245545,1.00000000,13,0.02310813,0.00000000,0.079116,public_simbench_planning_v7_direct_moea_de_controls
p3,der_siting_sizing,NSGA-II,baseline,28,0.04239758,0.04239758,40,0.97463471,0.12393179,0.17515922,0.00002320,1.00000000,1.00000000,14,0.02497680,0.00000000,0.078107,public_simbench_planning_v7_direct_moea_de_controls
p3,der_siting_sizing,NSGA-II,baseline,29,0.04616503,0.04616503,40,0.98223600,0.12401545,0.17661257,0.00004639,0.98383550,1.00000000,15,0.02495361,0.00000000,0.077043,public_simbench_planning_v7_direct_moea_de_controls
p3,der_siting_sizing,NSGA-II+Repair,baseline,0,0.04346868,0.04346868,40,0.99893248,0.12392988,0.17572812,0.00004059,1.00000000,1.00000000,15,0.02495941,0.00000000,0.079632,public_simbench_planning_v7_direct_moea_de_controls
p3,der_siting_sizing,NSGA-II+Repair,baseline,1,0.04515111,0.04515111,40,0.91694400,0.12410484,0.17635922,0.00001740,1.00000000,1.00000000,13,0.02498260,0.00000000,0.078935,public_simbench_planning_v7_direct_moea_de_controls
p3,der_siting_sizing,NSGA-II+Repair,baseline,2,0.04238239,0.04238239,40,0.97683616,0.12290469,0.17812812,0.00186275,1.00000000,1.00000000,13,0.02313725,0.00000000,0.080431,public_simbench_planning_v7_direct_moea_de_controls
p3,der_siting_sizing,NSGA-II+Repair,baseline,3,0.04557830,0.04557830,40,0.97683616,0.12290469,0.17812812,0.00186275,1.00000000,1.00000000,13,0.02313725,0.00000000,0.078370,public_simbench_planning_v7_direct_moea_de_controls
p3,der_siting_sizing,NSGA-II+Repair,baseline,4,0.04546833,0.04546833,40,0.97733055,0.12289743,0.17812812,0.00188027,1.00000000,1.00000000,13,0.02311973,0.00000000,0.078243,public_simbench_planning_v7_direct_moea_de_controls
p3,der_siting_sizing,NSGA-II+Repair,baseline,5,0.04379746,0.04379746,40,0.97683616,0.12290469,0.17812812,0.00186275,1.00000000,1.00000000,13,0.02313725,0.00000000,0.078006,public_simbench_planning_v7_direct_moea_de_controls
p3,der_siting_sizing,NSGA-II+Repair,baseline,6,0.04477866,0.04477866,40,0.90024753,0.12419042,0.17724367,0.00002320,1.00000000,1.00000000,13,0.02497680,0.00000000,0.078781,public_simbench_planning_v7_direct_moea_de_controls
p3,der_siting_sizing,NSGA-II+Repair,baseline,7,0.04128108,0.04128108,40,0.99893248,0.12392988,0.17572812,0.00004059,1.00000000,1.00000000,15,0.02495941,0.00000000,0.084798,public_simbench_planning_v7_direct_moea_de_controls
p3,der_siting_sizing,NSGA-II+Repair,baseline,8,0.04372044,0.04372044,40,0.80156258,0.12445095,0.17875922,0.00000580,1.00000000,1.00000000,11,0.02499420,0.12011730,0.079815,public_simbench_planning_v7_direct_moea_de_controls
p3,der_siting_sizing,NSGA-II+Repair,baseline,9,0.04313035,0.04313035,40,0.99893248,0.12392988,0.17572812,0.00004059,1.00000000,1.00000000,15,0.02495941,0.00000000,0.081911,public_simbench_planning_v7_direct_moea_de_controls
p3,der_siting_sizing,NSGA-II+Repair,baseline,10,0.04346995,0.04346995,40,0.97463471,0.12393179,0.17515922,0.00002320,1.00000000,1.00000000,14,0.02497680,0.00000000,0.078063,public_simbench_planning_v7_direct_moea_de_controls
p3,der_siting_sizing,NSGA-II+Repair,baseline,11,0.04555911,0.04555911,40,0.93633631,0.12298491,0.17844367,0.00186867,1.00000000,1.00000000,12,0.02313133,0.00000000,0.079175,public_simbench_planning_v7_direct_moea_de_controls
p3,der_siting_sizing,NSGA-II+Repair,baseline,12,0.04067436,0.04067436,40,0.82586034,0.12444904,0.17932812,0.00002320,1.00000000,1.00000000,12,0.02497680,0.00000000,0.078406,public_simbench_planning_v7_direct_moea_de_controls
p3,der_siting_sizing,NSGA-II+Repair,baseline,13,0.04417105,0.04417105,40,0.95793824,0.12401736,0.17604367,0.00002899,1.00000000,1.00000000,14,0.02497101,0.00000000,0.078693,public_simbench_planning_v7_direct_moea_de_controls
p3,der_siting_sizing,NSGA-II+Repair,baseline,14,0.04357995,0.04357995,40,0.99133119,0.12384622,0.17427477,0.00001740,1.00000000,1.00000000,14,0.02498260,0.00000000,0.078435,public_simbench_planning_v7_direct_moea_de_controls
p3,der_siting_sizing,NSGA-II+Repair,baseline,15,0.04376671,0.04376671,40,0.99893248,0.12392988,0.17572812,0.00004059,1.00000000,1.00000000,15,0.02495941,0.00000000,0.079638,public_simbench_planning_v7_direct_moea_de_controls
p3,der_siting_sizing,NSGA-II+Repair,baseline,16,0.04060991,0.04060991,40,0.99893248,0.12392988,0.17572812,0.00004059,1.00000000,1.00000000,15,0.02495941,0.00000000,0.077440,public_simbench_planning_v7_direct_moea_de_controls
p3,der_siting_sizing,NSGA-II+Repair,baseline,17,0.04465568,0.04465568,40,0.97733055,0.12289743,0.17812812,0.00188027,1.00000000,1.00000000,13,0.02311973,0.00000000,0.078255,public_simbench_planning_v7_direct_moea_de_controls
p3,der_siting_sizing,NSGA-II+Repair,baseline,18,0.04352433,0.04352433,40,0.99893248,0.12392988,0.17572812,0.00004059,1.00000000,1.00000000,15,0.02495941,0.00000000,0.077773,public_simbench_planning_v7_direct_moea_de_controls
p3,der_siting_sizing,NSGA-II+Repair,baseline,19,0.04251367,0.04251367,40,0.97463471,0.12393179,0.17515922,0.00002320,1.00000000,1.00000000,14,0.02497680,0.00000000,0.077500,public_simbench_planning_v7_direct_moea_de_controls
p3,der_siting_sizing,NSGA-II+Repair,baseline,20,0.04374827,0.04374827,40,0.95793824,0.12401736,0.17604367,0.00002899,1.00000000,1.00000000,14,0.02497101,0.00000000,0.078605,public_simbench_planning_v7_direct_moea_de_controls
p3,der_siting_sizing,NSGA-II+Repair,baseline,21,0.04599638,0.04599638,40,0.99133119,0.12384622,0.17427477,0.00001740,1.00000000,1.00000000,14,0.02498260,0.00000000,0.080162,public_simbench_planning_v7_direct_moea_de_controls
p3,der_siting_sizing,NSGA-II+Repair,baseline,22,0.04093062,0.04093062,40,0.98223600,0.12401545,0.17661257,0.00004639,0.98383550,1.00000000,15,0.02495361,0.00000000,0.078385,public_simbench_planning_v7_direct_moea_de_controls
p3,der_siting_sizing,NSGA-II+Repair,baseline,23,0.04377056,0.04377056,40,0.94124176,0.12410293,0.17692812,0.00003479,1.00000000,1.00000000,14,0.02496521,0.00000000,0.079245,public_simbench_planning_v7_direct_moea_de_controls
p3,der_siting_sizing,NSGA-II+Repair,baseline,24,0.04557246,0.04557246,40,0.99813141,0.11978652,0.17859634,0.00001160,1.00000000,1.00000000,12,0.02498840,0.00220430,0.077089,public_simbench_planning_v7_direct_moea_de_controls
p3,der_siting_sizing,NSGA-II+Repair,baseline,25,0.04210634,0.04210634,40,0.90024753,0.12419042,0.17724367,0.00002320,1.00000000,1.00000000,13,0.02497680,0.00000000,0.078435,public_simbench_planning_v7_direct_moea_de_controls
p3,der_siting_sizing,NSGA-II+Repair,baseline,26,0.04464280,0.04464280,40,0.88355105,0.12427599,0.17812812,0.00002899,1.00000000,1.00000000,13,0.02497101,0.00000000,0.079085,public_simbench_planning_v7_direct_moea_de_controls
p3,der_siting_sizing,NSGA-II+Repair,baseline,27,0.04140516,0.04140516,40,0.99893248,0.12392988,0.17572812,0.00004059,1.00000000,1.00000000,15,0.02495941,0.00000000,0.078528,public_simbench_planning_v7_direct_moea_de_controls
p3,der_siting_sizing,NSGA-II+Repair,baseline,28,0.04394090,0.04394090,40,0.97463471,0.12393179,0.17515922,0.00002320,1.00000000,1.00000000,14,0.02497680,0.00000000,0.077793,public_simbench_planning_v7_direct_moea_de_controls
p3,der_siting_sizing,NSGA-II+Repair,baseline,29,0.04253987,0.04253987,40,0.99893248,0.12392988,0.17572812,0.00004059,1.00000000,1.00000000,15,0.02495941,0.00000000,0.079339,public_simbench_planning_v7_direct_moea_de_controls
p3,der_siting_sizing,MOEA/D,baseline,0,0.00047204,0.00047204,1,0.00000000,0.12721025,0.20080373,0.00000000,0.35000000,0.42000000,0,0.02500000,0.56000000,0.369148,public_simbench_planning_v7_direct_moea_de_controls
p3,der_siting_sizing,MOEA/D,baseline,1,0.00047204,0.00047204,1,0.00000000,0.12721025,0.20080373,0.00000000,0.35000000,0.42000000,0,0.02500000,0.56000000,0.368056,public_simbench_planning_v7_direct_moea_de_controls
p3,der_siting_sizing,MOEA/D,baseline,2,0.00047204,0.00047204,1,0.00000000,0.12721025,0.20080373,0.00000000,0.35000000,0.42000000,0,0.02500000,0.56000000,0.364474,public_simbench_planning_v7_direct_moea_de_controls
p3,der_siting_sizing,MOEA/D,baseline,3,0.00047204,0.00047204,1,0.00000000,0.12721025,0.20080373,0.00000000,0.35000000,0.42000000,0,0.02500000,0.56000000,0.362401,public_simbench_planning_v7_direct_moea_de_controls
p3,der_siting_sizing,MOEA/D,baseline,4,0.00047204,0.00047204,1,0.00000000,0.12721025,0.20080373,0.00000000,0.35000000,0.42000000,0,0.02500000,0.56000000,0.366378,public_simbench_planning_v7_direct_moea_de_controls
p3,der_siting_sizing,MOEA/D,baseline,5,0.00047204,0.00047204,1,0.00000000,0.12721025,0.20080373,0.00000000,0.35000000,0.42000000,0,0.02500000,0.56000000,0.363284,public_simbench_planning_v7_direct_moea_de_controls
p3,der_siting_sizing,MOEA/D,baseline,6,0.00047204,0.00047204,1,0.00000000,0.12721025,0.20080373,0.00000000,0.35000000,0.42000000,0,0.02500000,0.56000000,0.372867,public_simbench_planning_v7_direct_moea_de_controls
p3,der_siting_sizing,MOEA/D,baseline,7,0.00047204,0.00047204,1,0.00000000,0.12721025,0.20080373,0.00000000,0.35000000,0.42000000,0,0.02500000,0.56000000,0.363445,public_simbench_planning_v7_direct_moea_de_controls
p3,der_siting_sizing,MOEA/D,baseline,8,0.00047204,0.00047204,1,0.00000000,0.12721025,0.20080373,0.00000000,0.35000000,0.42000000,0,0.02500000,0.56000000,0.368492,public_simbench_planning_v7_direct_moea_de_controls
p3,der_siting_sizing,MOEA/D,baseline,9,0.00047204,0.00047204,1,0.00000000,0.12721025,0.20080373,0.00000000,0.35000000,0.42000000,0,0.02500000,0.56000000,0.369775,public_simbench_planning_v7_direct_moea_de_controls
p3,der_siting_sizing,MOEA/D,baseline,10,0.00047204,0.00047204,1,0.00000000,0.12721025,0.20080373,0.00000000,0.35000000,0.42000000,0,0.02500000,0.56000000,0.368823,public_simbench_planning_v7_direct_moea_de_controls
p3,der_siting_sizing,MOEA/D,baseline,11,0.00047204,0.00047204,1,0.00000000,0.12721025,0.20080373,0.00000000,0.35000000,0.42000000,0,0.02500000,0.56000000,0.364018,public_simbench_planning_v7_direct_moea_de_controls
p3,der_siting_sizing,MOEA/D,baseline,12,0.00047204,0.00047204,1,0.00000000,0.12721025,0.20080373,0.00000000,0.35000000,0.42000000,0,0.02500000,0.56000000,0.363829,public_simbench_planning_v7_direct_moea_de_controls
p3,der_siting_sizing,MOEA/D,baseline,13,0.00047204,0.00047204,1,0.00000000,0.12721025,0.20080373,0.00000000,0.35000000,0.42000000,0,0.02500000,0.56000000,0.361775,public_simbench_planning_v7_direct_moea_de_controls
p3,der_siting_sizing,MOEA/D,baseline,14,0.00047204,0.00047204,1,0.00000000,0.12721025,0.20080373,0.00000000,0.35000000,0.42000000,0,0.02500000,0.56000000,0.364050,public_simbench_planning_v7_direct_moea_de_controls
p3,der_siting_sizing,MOEA/D,baseline,15,0.00047204,0.00047204,1,0.00000000,0.12721025,0.20080373,0.00000000,0.35000000,0.42000000,0,0.02500000,0.56000000,0.368003,public_simbench_planning_v7_direct_moea_de_controls
p3,der_siting_sizing,MOEA/D,baseline,16,0.00047204,0.00047204,1,0.00000000,0.12721025,0.20080373,0.00000000,0.35000000,0.42000000,0,0.02500000,0.56000000,0.366186,public_simbench_planning_v7_direct_moea_de_controls
p3,der_siting_sizing,MOEA/D,baseline,17,0.00047204,0.00047204,1,0.00000000,0.12721025,0.20080373,0.00000000,0.35000000,0.42000000,0,0.02500000,0.56000000,0.371011,public_simbench_planning_v7_direct_moea_de_controls
p3,der_siting_sizing,MOEA/D,baseline,18,0.00047204,0.00047204,1,0.00000000,0.12721025,0.20080373,0.00000000,0.35000000,0.42000000,0,0.02500000,0.56000000,0.371986,public_simbench_planning_v7_direct_moea_de_controls
p3,der_siting_sizing,MOEA/D,baseline,19,0.00047204,0.00047204,1,0.00000000,0.12721025,0.20080373,0.00000000,0.35000000,0.42000000,0,0.02500000,0.56000000,0.373753,public_simbench_planning_v7_direct_moea_de_controls
p3,der_siting_sizing,MOEA/D,baseline,20,0.00047204,0.00047204,1,0.00000000,0.12721025,0.20080373,0.00000000,0.35000000,0.42000000,0,0.02500000,0.56000000,0.373220,public_simbench_planning_v7_direct_moea_de_controls
p3,der_siting_sizing,MOEA/D,baseline,21,0.00047204,0.00047204,1,0.00000000,0.12721025,0.20080373,0.00000000,0.35000000,0.42000000,0,0.02500000,0.56000000,0.372416,public_simbench_planning_v7_direct_moea_de_controls
p3,der_siting_sizing,MOEA/D,baseline,22,0.00047204,0.00047204,1,0.00000000,0.12721025,0.20080373,0.00000000,0.35000000,0.42000000,0,0.02500000,0.56000000,0.375962,public_simbench_planning_v7_direct_moea_de_controls
p3,der_siting_sizing,MOEA/D,baseline,23,0.00047204,0.00047204,1,0.00000000,0.12721025,0.20080373,0.00000000,0.35000000,0.42000000,0,0.02500000,0.56000000,0.367496,public_simbench_planning_v7_direct_moea_de_controls
p3,der_siting_sizing,MOEA/D,baseline,24,0.00047204,0.00047204,1,0.00000000,0.12721025,0.20080373,0.00000000,0.35000000,0.42000000,0,0.02500000,0.56000000,0.367780,public_simbench_planning_v7_direct_moea_de_controls
p3,der_siting_sizing,MOEA/D,baseline,25,0.00047204,0.00047204,1,0.00000000,0.12721025,0.20080373,0.00000000,0.35000000,0.42000000,0,0.02500000,0.56000000,0.372461,public_simbench_planning_v7_direct_moea_de_controls
p3,der_siting_sizing,MOEA/D,baseline,26,0.00047204,0.00047204,1,0.00000000,0.12721025,0.20080373,0.00000000,0.35000000,0.42000000,0,0.02500000,0.56000000,0.374077,public_simbench_planning_v7_direct_moea_de_controls
p3,der_siting_sizing,MOEA/D,baseline,27,0.00047204,0.00047204,1,0.00000000,0.12721025,0.20080373,0.00000000,0.35000000,0.42000000,0,0.02500000,0.56000000,0.366256,public_simbench_planning_v7_direct_moea_de_controls
p3,der_siting_sizing,MOEA/D,baseline,28,0.00047204,0.00047204,1,0.00000000,0.12721025,0.20080373,0.00000000,0.35000000,0.42000000,0,0.02500000,0.56000000,0.370034,public_simbench_planning_v7_direct_moea_de_controls
p3,der_siting_sizing,MOEA/D,baseline,29,0.00047204,0.00047204,1,0.00000000,0.12721025,0.20080373,0.00000000,0.35000000,0.42000000,0,0.02500000,0.56000000,0.369928,public_simbench_planning_v7_direct_moea_de_controls
p3,der_siting_sizing,GDE3,baseline,0,0.04366871,0.04366871,39,0.97733055,0.12289743,0.17812812,0.00188027,1.00000000,1.00000000,13,0.02311973,0.00000000,0.050434,public_simbench_planning_v7_direct_moea_de_controls
p3,der_siting_sizing,GDE3,baseline,1,0.04035346,0.04035346,40,0.99893248,0.12392988,0.17572812,0.00004059,1.00000000,1.00000000,15,0.02495941,0.00000000,0.052035,public_simbench_planning_v7_direct_moea_de_controls
p3,der_siting_sizing,GDE3,baseline,2,0.04467623,0.04467623,39,0.97463471,0.12393179,0.17515922,0.00002320,1.00000000,1.00000000,14,0.02497680,0.00000000,0.051204,public_simbench_planning_v7_direct_moea_de_controls
p3,der_siting_sizing,GDE3,baseline,3,0.03806811,0.03806811,38,0.96582326,0.11853072,0.18154451,0.00001740,0.97922100,1.00000000,11,0.02498260,0.00000000,0.050648,public_simbench_planning_v7_direct_moea_de_controls
p3,der_siting_sizing,GDE3,baseline,4,0.04569548,0.04569548,39,0.93364048,0.12401927,0.17547477,0.00001160,1.00000000,1.00000000,13,0.02498840,0.03890819,0.052594,public_simbench_planning_v7_direct_moea_de_controls
p3,der_siting_sizing,GDE3,baseline,5,0.04208400,0.04208400,39,0.98223600,0.12401545,0.17661257,0.00004639,0.98383550,1.00000000,15,0.02495361,0.00000000,0.051439,public_simbench_planning_v7_direct_moea_de_controls
p3,der_siting_sizing,GDE3,baseline,6,0.04153713,0.04153713,39,0.96582326,0.11853072,0.18154451,0.00001740,0.97922100,1.00000000,11,0.02498260,0.00000000,0.050282,public_simbench_planning_v7_direct_moea_de_controls
p3,der_siting_sizing,GDE3,baseline,7,0.04467008,0.04467008,39,0.99402703,0.12281186,0.17724367,0.00187447,1.00000000,1.00000000,13,0.02312553,0.00000000,0.051416,public_simbench_planning_v7_direct_moea_de_controls
p3,der_siting_sizing,GDE3,baseline,8,0.04397988,0.04397988,39,0.94124176,0.12410293,0.17692812,0.00003479,1.00000000,1.00000000,14,0.02496521,0.00000000,0.050893,public_simbench_planning_v7_direct_moea_de_controls
p3,der_siting_sizing,GDE3,baseline,9,0.04362577,0.04362577,39,0.99133119,0.12384622,0.17427477,0.00001740,1.00000000,1.00000000,14,0.02498260,0.00000000,0.052442,public_simbench_planning_v7_direct_moea_de_controls
p3,der_siting_sizing,GDE3,baseline,10,0.04279264,0.04279264,39,0.88355105,0.12427599,0.17812812,0.00002899,1.00000000,1.00000000,13,0.02497101,0.00000000,0.051046,public_simbench_planning_v7_direct_moea_de_controls
p3,der_siting_sizing,GDE3,baseline,11,0.04526971,0.04526971,39,0.99893248,0.12392988,0.17572812,0.00004059,1.00000000,1.00000000,15,0.02495941,0.00000000,0.050476,public_simbench_planning_v7_direct_moea_de_controls
p3,der_siting_sizing,GDE3,baseline,12,0.04247559,0.04247559,39,0.99893248,0.12392988,0.17572812,0.00004059,1.00000000,1.00000000,15,0.02495941,0.00000000,0.050652,public_simbench_planning_v7_direct_moea_de_controls
p3,der_siting_sizing,GDE3,baseline,13,0.04308457,0.04308457,39,0.95793824,0.12401736,0.17604367,0.00002899,1.00000000,1.00000000,14,0.02497101,0.00000000,0.051885,public_simbench_planning_v7_direct_moea_de_controls
p3,der_siting_sizing,GDE3,baseline,14,0.04514498,0.04514498,39,0.95793824,0.12401736,0.17604367,0.00002899,1.00000000,1.00000000,14,0.02497101,0.00000000,0.050646,public_simbench_planning_v7_direct_moea_de_controls
p3,der_siting_sizing,GDE3,baseline,15,0.03578257,0.03578257,39,0.99040475,0.11295850,0.18616090,0.00000000,0.90854752,1.00000000,8,0.02500000,0.17693548,0.050317,public_simbench_planning_v7_direct_moea_de_controls
p3,der_siting_sizing,GDE3,baseline,16,0.04618315,0.04618315,39,0.97733055,0.12289743,0.17812812,0.00188027,1.00000000,1.00000000,13,0.02311973,0.00000000,0.050636,public_simbench_planning_v7_direct_moea_de_controls
p3,der_siting_sizing,GDE3,baseline,17,0.04516739,0.04516739,39,0.97683616,0.12290469,0.17812812,0.00186275,1.00000000,1.00000000,13,0.02313725,0.00000000,0.051594,public_simbench_planning_v7_direct_moea_de_controls
p3,der_siting_sizing,GDE3,baseline,18,0.04301769,0.04301769,39,0.90024753,0.12419042,0.17724367,0.00002320,1.00000000,1.00000000,13,0.02497680,0.00000000,0.051247,public_simbench_planning_v7_direct_moea_de_controls
p3,der_siting_sizing,GDE3,baseline,19,0.04303547,0.04303547,38,0.99893248,0.12392988,0.17572812,0.00004059,1.00000000,1.00000000,15,0.02495941,0.00000000,0.050943,public_simbench_planning_v7_direct_moea_de_controls
p3,der_siting_sizing,GDE3,baseline,20,0.04352499,0.04352499,39,0.95793824,0.12401736,0.17604367,0.00002899,1.00000000,1.00000000,14,0.02497101,0.00000000,0.050719,public_simbench_planning_v7_direct_moea_de_controls
p3,der_siting_sizing,GDE3,baseline,21,0.04239290,0.04239290,39,0.91963984,0.12307048,0.17932812,0.00187447,1.00000000,1.00000000,12,0.02312553,0.00000000,0.050694,public_simbench_planning_v7_direct_moea_de_controls
p3,der_siting_sizing,GDE3,baseline,22,0.04426092,0.04426092,39,0.95793824,0.12401736,0.17604367,0.00002899,1.00000000,1.00000000,14,0.02497101,0.00000000,0.051986,public_simbench_planning_v7_direct_moea_de_controls
p3,der_siting_sizing,GDE3,baseline,23,0.04138572,0.04138572,39,0.99893248,0.12392988,0.17572812,0.00004059,1.00000000,1.00000000,15,0.02495941,0.00000000,0.051646,public_simbench_planning_v7_direct_moea_de_controls
p3,der_siting_sizing,GDE3,baseline,24,0.04129871,0.04129871,39,0.95793824,0.12401736,0.17604367,0.00002899,1.00000000,1.00000000,14,0.02497101,0.00000000,0.050096,public_simbench_planning_v7_direct_moea_de_controls
p3,der_siting_sizing,GDE3,baseline,25,0.04440847,0.04440847,39,0.97463471,0.12393179,0.17515922,0.00002320,1.00000000,1.00000000,14,0.02497680,0.00000000,0.051578,public_simbench_planning_v7_direct_moea_de_controls
p3,der_siting_sizing,GDE3,baseline,26,0.04404295,0.04404295,39,0.97463471,0.12393179,0.17515922,0.00002320,1.00000000,1.00000000,14,0.02497680,0.00000000,0.050706,public_simbench_planning_v7_direct_moea_de_controls
p3,der_siting_sizing,GDE3,baseline,27,0.04167424,0.04167424,39,0.88355105,0.12427599,0.17812812,0.00002899,1.00000000,1.00000000,13,0.02497101,0.00000000,0.050610,public_simbench_planning_v7_direct_moea_de_controls
p3,der_siting_sizing,GDE3,baseline,28,0.04499113,0.04499113,39,0.99893248,0.12392988,0.17572812,0.00004059,1.00000000,1.00000000,15,0.02495941,0.00000000,0.051527,public_simbench_planning_v7_direct_moea_de_controls
p3,der_siting_sizing,GDE3,baseline,29,0.04278191,0.04278191,39,0.99893248,0.12392988,0.17572812,0.00004059,1.00000000,1.00000000,15,0.02495941,0.00000000,0.051450,public_simbench_planning_v7_direct_moea_de_controls
p3,der_siting_sizing,NSDE,baseline,0,0.04402382,0.04402382,39,0.98251973,0.11844515,0.18066006,0.00001160,1.00000000,1.00000000,11,0.02498840,0.00000000,0.051909,public_simbench_planning_v7_direct_moea_de_controls
p3,der_siting_sizing,NSDE,baseline,1,0.04056827,0.04056827,39,0.90024753,0.12419042,0.17724367,0.00002320,1.00000000,1.00000000,13,0.02497680,0.00000000,0.050824,public_simbench_planning_v7_direct_moea_de_controls
p3,der_siting_sizing,NSDE,baseline,2,0.04485475,0.04485475,38,0.99402703,0.12281186,0.17724367,0.00187447,1.00000000,1.00000000,13,0.02312553,0.00000000,0.051246,public_simbench_planning_v7_direct_moea_de_controls
p3,der_siting_sizing,NSDE,baseline,3,0.04344864,0.04344864,38,0.95793824,0.12401736,0.17604367,0.00002899,1.00000000,1.00000000,14,0.02497101,0.00000000,0.051261,public_simbench_planning_v7_direct_moea_de_controls
p3,der_siting_sizing,NSDE,baseline,4,0.04350689,0.04350689,38,0.88355105,0.12427599,0.17812812,0.00002899,1.00000000,1.00000000,13,0.02497101,0.00000000,0.051625,public_simbench_planning_v7_direct_moea_de_controls
p3,der_siting_sizing,NSDE,baseline,5,0.04310840,0.04310840,38,0.99893248,0.12392988,0.17572812,0.00004059,1.00000000,1.00000000,15,0.02495941,0.00000000,0.051226,public_simbench_planning_v7_direct_moea_de_controls
p3,der_siting_sizing,NSDE,baseline,6,0.04365781,0.04365781,39,0.99893248,0.12392988,0.17572812,0.00004059,1.00000000,1.00000000,15,0.02495941,0.00000000,0.050891,public_simbench_planning_v7_direct_moea_de_controls
p3,der_siting_sizing,NSDE,baseline,7,0.04363411,0.04363411,39,0.99893248,0.12392988,0.17572812,0.00004059,1.00000000,1.00000000,15,0.02495941,0.00000000,0.050897,public_simbench_planning_v7_direct_moea_de_controls
p3,der_siting_sizing,NSDE,baseline,8,0.04320191,0.04320191,39,0.97463471,0.12393179,0.17515922,0.00002320,1.00000000,1.00000000,14,0.02497680,0.00000000,0.051243,public_simbench_planning_v7_direct_moea_de_controls
p3,der_siting_sizing,NSDE,baseline,9,0.04120171,0.04120171,39,0.96063407,0.12298300,0.17901257,0.00188607,0.96630637,1.00000000,13,0.02311393,0.00000000,0.051442,public_simbench_planning_v7_direct_moea_de_controls
p3,der_siting_sizing,NSDE,baseline,10,0.04200773,0.04200773,39,0.98143494,0.11987209,0.17948079,0.00001740,1.00000000,1.00000000,12,0.02498260,0.00000000,0.050220,public_simbench_planning_v7_direct_moea_de_controls
p3,der_siting_sizing,NSDE,baseline,11,0.04406222,0.04406222,39,0.97683616,0.12290469,0.17812812,0.00186275,1.00000000,1.00000000,13,0.02313725,0.00000000,0.050496,public_simbench_planning_v7_direct_moea_de_controls
p3,der_siting_sizing,NSDE,baseline,12,0.04445976,0.04445976,38,0.99893248,0.12392988,0.17572812,0.00004059,1.00000000,1.00000000,15,0.02495941,0.00000000,0.051332,public_simbench_planning_v7_direct_moea_de_controls
p3,der_siting_sizing,NSDE,baseline,13,0.04187550,0.04187550,38,0.92454529,0.12418850,0.17781257,0.00004059,0.97604356,1.00000000,14,0.02495941,0.00000000,0.050947,public_simbench_planning_v7_direct_moea_de_controls
p3,der_siting_sizing,NSDE,baseline,14,0.04287806,0.04287806,40,0.94124176,0.12410293,0.17692812,0.00003479,1.00000000,1.00000000,14,0.02496521,0.00000000,0.050742,public_simbench_planning_v7_direct_moea_de_controls
p3,der_siting_sizing,NSDE,baseline,15,0.04329494,0.04329494,39,0.97733055,0.12289743,0.17812812,0.00188027,1.00000000,1.00000000,13,0.02311973,0.00000000,0.050767,public_simbench_planning_v7_direct_moea_de_controls
p3,der_siting_sizing,NSDE,baseline,16,0.04220729,0.04220729,39,0.99893248,0.12392988,0.17572812,0.00004059,1.00000000,1.00000000,15,0.02495941,0.00000000,0.051814,public_simbench_planning_v7_direct_moea_de_controls
p3,der_siting_sizing,NSDE,baseline,17,0.04222208,0.04222208,39,0.99893248,0.12392988,0.17572812,0.00004059,1.00000000,1.00000000,15,0.02495941,0.00000000,0.050328,public_simbench_planning_v7_direct_moea_de_controls
p3,der_siting_sizing,NSDE,baseline,18,0.04282639,0.04282639,39,0.99353263,0.12281912,0.17724367,0.00185695,1.00000000,1.00000000,13,0.02314305,0.00000000,0.050321,public_simbench_planning_v7_direct_moea_de_controls
p3,der_siting_sizing,NSDE,baseline,19,0.04330449,0.04330449,39,0.95793824,0.12401736,0.17604367,0.00002899,1.00000000,1.00000000,14,0.02497101,0.00000000,0.050930,public_simbench_planning_v7_direct_moea_de_controls
p3,der_siting_sizing,NSDE,baseline,20,0.04282587,0.04282587,38,0.94124176,0.12410293,0.17692812,0.00003479,1.00000000,1.00000000,14,0.02496521,0.00000000,0.050639,public_simbench_planning_v7_direct_moea_de_controls
p3,der_siting_sizing,NSDE,baseline,21,0.04370800,0.04370800,39,0.99893248,0.12392988,0.17572812,0.00004059,1.00000000,1.00000000,15,0.02495941,0.00000000,0.050377,public_simbench_planning_v7_direct_moea_de_controls
p3,der_siting_sizing,NSDE,baseline,22,0.04271899,0.04271899,39,0.91694400,0.12410484,0.17635922,0.00001740,1.00000000,1.00000000,13,0.02498260,0.00000000,0.051148,public_simbench_planning_v7_direct_moea_de_controls
p3,der_siting_sizing,NSDE,baseline,23,0.04312631,0.04312631,39,0.99893248,0.12392988,0.17572812,0.00004059,1.00000000,1.00000000,15,0.02495941,0.00000000,0.050330,public_simbench_planning_v7_direct_moea_de_controls
p3,der_siting_sizing,NSDE,baseline,24,0.04330913,0.04330913,39,0.99353263,0.12281912,0.17724367,0.00185695,1.00000000,1.00000000,13,0.02314305,0.00000000,0.052034,public_simbench_planning_v7_direct_moea_de_controls
p3,der_siting_sizing,NSDE,baseline,25,0.04453701,0.04453701,39,0.99353263,0.12281912,0.17724367,0.00185695,1.00000000,1.00000000,13,0.02314305,0.00000000,0.050947,public_simbench_planning_v7_direct_moea_de_controls
p3,der_siting_sizing,NSDE,baseline,26,0.04116398,0.04116398,39,0.95523423,0.12187224,0.18052812,0.00370242,1.00000000,1.00000000,11,0.02129758,0.00000000,0.051587,public_simbench_planning_v7_direct_moea_de_controls
p3,der_siting_sizing,NSDE,baseline,27,0.04183132,0.04183132,39,0.94124176,0.12410293,0.17692812,0.00003479,1.00000000,1.00000000,14,0.02496521,0.00000000,0.050545,public_simbench_planning_v7_direct_moea_de_controls
p3,der_siting_sizing,NSDE,baseline,28,0.03922232,0.03922232,39,0.75147315,0.12470766,0.18141257,0.00002320,0.95266775,1.00000000,11,0.02497680,0.00000000,0.053446,public_simbench_planning_v7_direct_moea_de_controls
p3,der_siting_sizing,NSDE,baseline,29,0.04465338,0.04465338,39,0.99893248,0.12392988,0.17572812,0.00004059,1.00000000,1.00000000,15,0.02495941,0.00000000,0.050720,public_simbench_planning_v7_direct_moea_de_controls
p3,der_siting_sizing,Standard DE,baseline,0,0.03156734,0.03156734,1,0.99133119,0.12384622,0.17427477,0.00001740,1.00000000,1.00000000,14,0.02498260,0.00000000,0.034290,public_simbench_planning_v7_direct_moea_de_controls
p3,der_siting_sizing,Standard DE,baseline,1,0.03144770,0.03144770,1,0.99893248,0.12392988,0.17572812,0.00004059,1.00000000,1.00000000,15,0.02495941,0.00000000,0.011100,public_simbench_planning_v7_direct_moea_de_controls
p3,der_siting_sizing,Standard DE,baseline,2,0.03144770,0.03144770,1,0.99893248,0.12392988,0.17572812,0.00004059,1.00000000,1.00000000,15,0.02495941,0.00000000,0.010642,public_simbench_planning_v7_direct_moea_de_controls
p3,der_siting_sizing,Standard DE,baseline,3,0.03144770,0.03144770,1,0.99893248,0.12392988,0.17572812,0.00004059,1.00000000,1.00000000,15,0.02495941,0.00000000,0.011062,public_simbench_planning_v7_direct_moea_de_controls
p3,der_siting_sizing,Standard DE,baseline,4,0.03156734,0.03156734,1,0.99133119,0.12384622,0.17427477,0.00001740,1.00000000,1.00000000,14,0.02498260,0.00000000,0.011450,public_simbench_planning_v7_direct_moea_de_controls
p3,der_siting_sizing,Standard DE,baseline,5,0.03144770,0.03144770,1,0.99893248,0.12392988,0.17572812,0.00004059,1.00000000,1.00000000,15,0.02495941,0.00000000,0.011223,public_simbench_planning_v7_direct_moea_de_controls
p3,der_siting_sizing,Standard DE,baseline,6,0.03156734,0.03156734,1,0.99133119,0.12384622,0.17427477,0.00001740,1.00000000,1.00000000,14,0.02498260,0.00000000,0.011204,public_simbench_planning_v7_direct_moea_de_controls
p3,der_siting_sizing,Standard DE,baseline,7,0.03156734,0.03156734,1,0.99133119,0.12384622,0.17427477,0.00001740,1.00000000,1.00000000,14,0.02498260,0.00000000,0.010746,public_simbench_planning_v7_direct_moea_de_controls
p3,der_siting_sizing,Standard DE,baseline,8,0.03333693,0.03333693,1,0.95253840,0.12290661,0.17755922,0.00184535,1.00000000,1.00000000,12,0.02315465,0.02236559,0.011279,public_simbench_planning_v7_direct_moea_de_controls
p3,der_siting_sizing,Standard DE,baseline,9,0.03156734,0.03156734,1,0.99133119,0.12384622,0.17427477,0.00001740,1.00000000,1.00000000,14,0.02498260,0.00000000,0.011117,public_simbench_planning_v7_direct_moea_de_controls
p3,der_siting_sizing,Standard DE,baseline,10,0.03144245,0.03144245,1,0.97463471,0.12393179,0.17515922,0.00002320,1.00000000,1.00000000,14,0.02497680,0.00000000,0.010946,public_simbench_planning_v7_direct_moea_de_controls
p3,der_siting_sizing,Standard DE,baseline,11,0.03144770,0.03144770,1,0.99893248,0.12392988,0.17572812,0.00004059,1.00000000,1.00000000,15,0.02495941,0.00000000,0.010073,public_simbench_planning_v7_direct_moea_de_controls
p3,der_siting_sizing,Standard DE,baseline,12,0.03131755,0.03131755,1,0.95793824,0.12401736,0.17604367,0.00002899,1.00000000,1.00000000,14,0.02497101,0.00000000,0.011322,public_simbench_planning_v7_direct_moea_de_controls
p3,der_siting_sizing,Standard DE,baseline,13,0.03131755,0.03131755,1,0.95793824,0.12401736,0.17604367,0.00002899,1.00000000,1.00000000,14,0.02497101,0.00000000,0.011665,public_simbench_planning_v7_direct_moea_de_controls
p3,der_siting_sizing,Standard DE,baseline,14,0.03156734,0.03156734,1,0.99133119,0.12384622,0.17427477,0.00001740,1.00000000,1.00000000,14,0.02498260,0.00000000,0.010376,public_simbench_planning_v7_direct_moea_de_controls
p3,der_siting_sizing,Standard DE,baseline,15,0.03144245,0.03144245,1,0.97463471,0.12393179,0.17515922,0.00002320,1.00000000,1.00000000,14,0.02497680,0.00000000,0.011423,public_simbench_planning_v7_direct_moea_de_controls
p3,der_siting_sizing,Standard DE,baseline,16,0.03144245,0.03144245,1,0.97463471,0.12393179,0.17515922,0.00002320,1.00000000,1.00000000,14,0.02497680,0.00000000,0.011861,public_simbench_planning_v7_direct_moea_de_controls
p3,der_siting_sizing,Standard DE,baseline,17,0.03144770,0.03144770,1,0.99893248,0.12392988,0.17572812,0.00004059,1.00000000,1.00000000,15,0.02495941,0.00000000,0.010885,public_simbench_planning_v7_direct_moea_de_controls
p3,der_siting_sizing,Standard DE,baseline,18,0.03144770,0.03144770,1,0.99893248,0.12392988,0.17572812,0.00004059,1.00000000,1.00000000,15,0.02495941,0.00000000,0.010913,public_simbench_planning_v7_direct_moea_de_controls
p3,der_siting_sizing,Standard DE,baseline,19,0.03119264,0.03119264,1,0.94124176,0.12410293,0.17692812,0.00003479,1.00000000,1.00000000,14,0.02496521,0.00000000,0.011123,public_simbench_planning_v7_direct_moea_de_controls
p3,der_siting_sizing,Standard DE,baseline,20,0.03131755,0.03131755,1,0.95793824,0.12401736,0.17604367,0.00002899,1.00000000,1.00000000,14,0.02497101,0.00000000,0.010709,public_simbench_planning_v7_direct_moea_de_controls
p3,der_siting_sizing,Standard DE,baseline,21,0.03144770,0.03144770,1,0.99893248,0.12392988,0.17572812,0.00004059,1.00000000,1.00000000,15,0.02495941,0.00000000,0.010911,public_simbench_planning_v7_direct_moea_de_controls
p3,der_siting_sizing,Standard DE,baseline,22,0.03144770,0.03144770,1,0.99893248,0.12392988,0.17572812,0.00004059,1.00000000,1.00000000,15,0.02495941,0.00000000,0.010696,public_simbench_planning_v7_direct_moea_de_controls
p3,der_siting_sizing,Standard DE,baseline,23,0.03156734,0.03156734,1,0.99133119,0.12384622,0.17427477,0.00001740,1.00000000,1.00000000,14,0.02498260,0.00000000,0.010789,public_simbench_planning_v7_direct_moea_de_controls
p3,der_siting_sizing,Standard DE,baseline,24,0.03545735,0.03545735,1,0.98251973,0.11844515,0.18066006,0.00001160,1.00000000,1.00000000,11,0.02498840,0.00000000,0.011419,public_simbench_planning_v7_direct_moea_de_controls
p3,der_siting_sizing,Standard DE,baseline,25,0.03118741,0.03118741,1,0.91694400,0.12410484,0.17635922,0.00001740,1.00000000,1.00000000,13,0.02498260,0.00000000,0.011471,public_simbench_planning_v7_direct_moea_de_controls
p3,der_siting_sizing,Standard DE,baseline,26,0.03144245,0.03144245,1,0.97463471,0.12393179,0.17515922,0.00002320,1.00000000,1.00000000,14,0.02497680,0.00000000,0.010511,public_simbench_planning_v7_direct_moea_de_controls
p3,der_siting_sizing,Standard DE,baseline,27,0.03144770,0.03144770,1,0.99893248,0.12392988,0.17572812,0.00004059,1.00000000,1.00000000,15,0.02495941,0.00000000,0.011801,public_simbench_planning_v7_direct_moea_de_controls
p3,der_siting_sizing,Standard DE,baseline,28,0.03131755,0.03131755,1,0.95793824,0.12401736,0.17604367,0.00002899,1.00000000,1.00000000,14,0.02497101,0.00000000,0.011266,public_simbench_planning_v7_direct_moea_de_controls
p3,der_siting_sizing,Standard DE,baseline,29,0.03144245,0.03144245,1,0.97463471,0.12393179,0.17515922,0.00002320,1.00000000,1.00000000,14,0.02497680,0.00000000,0.010352,public_simbench_planning_v7_direct_moea_de_controls
p3,der_siting_sizing,PSO,baseline,0,0.01646193,0.01646193,1,0.77463812,0.11983354,0.18659773,0.00002320,0.74015174,0.86073499,9,0.02497680,0.00000000,0.027675,public_simbench_planning_v7_direct_moea_de_controls
p3,der_siting_sizing,PSO,baseline,1,0.02429670,0.02429670,1,0.93134551,0.12012880,0.18213414,0.00003479,0.83470971,0.96664287,12,0.02496521,0.00000000,0.004073,public_simbench_planning_v7_direct_moea_de_controls
p3,der_siting_sizing,PSO,baseline,2,0.01780817,0.01780817,1,0.71808020,0.12487880,0.18318147,0.00003479,0.80496591,0.91969432,11,0.02496521,0.00000000,0.005305,public_simbench_planning_v7_direct_moea_de_controls
p3,der_siting_sizing,PSO,baseline,3,0.02005668,0.02005668,1,0.95701180,0.11312964,0.18792981,0.00001160,0.76084568,0.89254337,8,0.02498840,0.00000000,0.004288,public_simbench_planning_v7_direct_moea_de_controls
p3,der_siting_sizing,PSO,baseline,4,0.02418122,0.02418122,1,0.93243031,0.11870186,0.18331341,0.00002899,0.83151916,0.96117901,11,0.02497101,0.00000000,0.004119,public_simbench_planning_v7_direct_moea_de_controls
p3,der_siting_sizing,PSO,baseline,5,0.02388622,0.02388622,1,0.98443744,0.12298835,0.17958147,0.00188594,0.82528782,0.95288677,14,0.02311406,0.00000000,0.004258,public_simbench_planning_v7_direct_moea_de_controls
p3,der_siting_sizing,PSO,baseline,6,0.02418122,0.02418122,1,0.93243031,0.11870186,0.18331341,0.00002899,0.83151916,0.96117901,11,0.02497101,0.00000000,0.004742,public_simbench_planning_v7_direct_moea_de_controls
p3,der_siting_sizing,PSO,baseline,7,0.01796802,0.01796802,1,0.89363752,0.11776224,0.18659787,0.00185695,0.73903046,0.85879747,9,0.02314305,0.00000000,0.004121,public_simbench_planning_v7_direct_moea_de_controls
p3,der_siting_sizing,PSO,baseline,8,0.02607506,0.02607506,1,0.99012102,0.11852880,0.18211341,0.00003479,0.83931110,0.97390584,12,0.02496521,0.00000000,0.004112,public_simbench_planning_v7_direct_moea_de_controls
p3,der_siting_sizing,PSO,baseline,9,0.01854312,0.01854312,1,0.85804312,0.11896048,0.18539787,0.00002899,0.74987630,0.87651234,10,0.02497101,0.00000000,0.004577,public_simbench_planning_v7_direct_moea_de_controls
p3,der_siting_sizing,PSO,baseline,10,0.02798875,0.02798875,1,0.98472118,0.11741805,0.18362896,0.00185115,0.89452424,1.00000000,10,0.02314885,0.00000000,0.004284,public_simbench_planning_v7_direct_moea_de_controls
p3,der_siting_sizing,PSO,baseline,11,0.02183230,0.02183230,1,0.97342454,0.11861438,0.18299787,0.00004059,0.76546018,0.90196600,12,0.02495941,0.00000000,0.004165,public_simbench_planning_v7_direct_moea_de_controls
p3,der_siting_sizing,PSO,baseline,12,0.03069690,0.03069690,1,0.88355105,0.12427599,0.17812812,0.00002899,1.00000000,1.00000000,13,0.02497101,0.00000000,0.004109,public_simbench_planning_v7_direct_moea_de_controls
p3,der_siting_sizing,PSO,baseline,13,0.03131755,0.03131755,1,0.95793824,0.12401736,0.17604367,0.00002899,1.00000000,1.00000000,14,0.02497101,0.00000000,0.004664,public_simbench_planning_v7_direct_moea_de_controls
p3,der_siting_sizing,PSO,baseline,14,0.02848764,0.02848764,1,0.94912678,0.11861629,0.18242896,0.00002320,0.90537008,1.00000000,11,0.02497680,0.00000000,0.004346,public_simbench_planning_v7_direct_moea_de_controls
p3,der_siting_sizing,PSO,baseline,15,0.01473273,0.01473273,1,0.70138373,0.12496438,0.18406593,0.00004059,0.73111499,0.84775448,11,0.02495941,0.00000000,0.004120,public_simbench_planning_v7_direct_moea_de_controls
p3,der_siting_sizing,PSO,baseline,16,0.02303011,0.02303011,1,0.94280481,0.11819635,0.18451328,0.00187447,0.81984934,0.94222440,10,0.02312553,0.00000000,0.004580,public_simbench_planning_v7_direct_moea_de_controls
p3,der_siting_sizing,PSO,baseline,17,0.03690014,0.03690014,1,0.99921621,0.11835958,0.17977561,0.00000580,1.00000000,1.00000000,11,0.02499420,0.09812317,0.004594,public_simbench_planning_v7_direct_moea_de_controls
p3,der_siting_sizing,PSO,baseline,18,0.01734916,0.01734916,1,0.99232246,0.11750171,0.18508232,0.00187435,0.68076342,0.81231130,11,0.02312565,0.00000000,0.004130,public_simbench_planning_v7_direct_moea_de_controls
p3,der_siting_sizing,PSO,baseline,19,0.02618162,0.02618162,1,0.94344321,0.12307584,0.17989702,0.00187435,0.89134680,1.00000000,13,0.02312565,0.00000000,0.004101,public_simbench_planning_v7_direct_moea_de_controls
p3,der_siting_sizing,PSO,baseline,20,0.03545735,0.03545735,1,0.98251973,0.11844515,0.18066006,0.00001160,1.00000000,1.00000000,11,0.02498840,0.00000000,0.004521,public_simbench_planning_v7_direct_moea_de_controls
p3,der_siting_sizing,PSO,baseline,21,0.01519910,0.01519910,1,0.88153982,0.11481521,0.18883499,0.00001740,0.68239337,0.81334057,8,0.02498260,0.00000000,0.004216,public_simbench_planning_v7_direct_moea_de_controls
p3,der_siting_sizing,PSO,baseline,22,0.02643176,0.02643176,1,0.89143607,0.11878934,0.18362896,0.00001740,0.89757814,1.00000000,10,0.02498260,0.00000000,0.004129,public_simbench_planning_v7_direct_moea_de_controls
p3,der_siting_sizing,PSO,baseline,23,0.02848764,0.02848764,1,0.94912678,0.11861629,0.18242896,0.00002320,0.90537008,1.00000000,11,0.02497680,0.00000000,0.004605,public_simbench_planning_v7_direct_moea_de_controls
p3,der_siting_sizing,PSO,baseline,24,0.01986450,0.01986450,1,0.99201579,0.11335108,0.18795053,0.00186287,0.75429904,0.88210315,8,0.02313713,0.00000000,0.004127,public_simbench_planning_v7_direct_moea_de_controls
p3,der_siting_sizing,PSO,baseline,25,0.01860360,0.01860360,1,0.91054465,0.12323971,0.18166593,0.00190346,0.74475361,0.87003089,13,0.02309654,0.00000000,0.004490,public_simbench_planning_v7_direct_moea_de_controls
p3,der_siting_sizing,PSO,baseline,26,0.02623828,0.02623828,1,0.94393760,0.12306857,0.17989702,0.00189187,0.89245545,1.00000000,13,0.02310813,0.00000000,0.004129,public_simbench_planning_v7_direct_moea_de_controls
p3,der_siting_sizing,PSO,baseline,27,0.02607506,0.02607506,1,0.99012102,0.11852880,0.18211341,0.00003479,0.83931110,0.97390584,12,0.02496521,0.00000000,0.004123,public_simbench_planning_v7_direct_moea_de_controls
p3,der_siting_sizing,PSO,baseline,28,0.03545735,0.03545735,1,0.98251973,0.11844515,0.18066006,0.00001160,1.00000000,1.00000000,11,0.02498840,0.00000000,0.004688,public_simbench_planning_v7_direct_moea_de_controls
p3,der_siting_sizing,PSO,baseline,29,0.02418122,0.02418122,1,0.93243031,0.11870186,0.18331341,0.00002899,0.83151916,0.96117901,11,0.02497101,0.00000000,0.004193,public_simbench_planning_v7_direct_moea_de_controls
p3,der_siting_sizing,GA,baseline,0,0.03156734,0.03156734,1,0.99133119,0.12384622,0.17427477,0.00001740,1.00000000,1.00000000,14,0.02498260,0.00000000,0.027851,public_simbench_planning_v7_direct_moea_de_controls
p3,der_siting_sizing,GA,baseline,1,0.03156734,0.03156734,1,0.99133119,0.12384622,0.17427477,0.00001740,1.00000000,1.00000000,14,0.02498260,0.00000000,0.005789,public_simbench_planning_v7_direct_moea_de_controls
p3,der_siting_sizing,GA,baseline,2,0.03156734,0.03156734,1,0.99133119,0.12384622,0.17427477,0.00001740,1.00000000,1.00000000,14,0.02498260,0.00000000,0.004595,public_simbench_planning_v7_direct_moea_de_controls
p3,der_siting_sizing,GA,baseline,3,0.03156734,0.03156734,1,0.99133119,0.12384622,0.17427477,0.00001740,1.00000000,1.00000000,14,0.02498260,0.00000000,0.004344,public_simbench_planning_v7_direct_moea_de_controls
p3,der_siting_sizing,GA,baseline,4,0.03156734,0.03156734,1,0.99133119,0.12384622,0.17427477,0.00001740,1.00000000,1.00000000,14,0.02498260,0.00000000,0.005469,public_simbench_planning_v7_direct_moea_de_controls
p3,der_siting_sizing,GA,baseline,5,0.03156208,0.03156208,1,0.96703343,0.12384813,0.17370586,0.00000000,1.00000000,1.00000000,13,0.02500000,0.23741935,0.004530,public_simbench_planning_v7_direct_moea_de_controls
p3,der_siting_sizing,GA,baseline,6,0.03156208,0.03156208,1,0.96703343,0.12384813,0.17370586,0.00000000,1.00000000,1.00000000,13,0.02500000,0.23741935,0.004173,public_simbench_planning_v7_direct_moea_de_controls
p3,der_siting_sizing,GA,baseline,7,0.03156734,0.03156734,1,0.99133119,0.12384622,0.17427477,0.00001740,1.00000000,1.00000000,14,0.02498260,0.00000000,0.004035,public_simbench_planning_v7_direct_moea_de_controls
p3,der_siting_sizing,GA,baseline,8,0.03156734,0.03156734,1,0.99133119,0.12384622,0.17427477,0.00001740,1.00000000,1.00000000,14,0.02498260,0.00000000,0.005027,public_simbench_planning_v7_direct_moea_de_controls
p3,der_siting_sizing,GA,baseline,9,0.03156734,0.03156734,1,0.99133119,0.12384622,0.17427477,0.00001740,1.00000000,1.00000000,14,0.02498260,0.00000000,0.003977,public_simbench_planning_v7_direct_moea_de_controls
p3,der_siting_sizing,GA,baseline,10,0.03156734,0.03156734,1,0.99133119,0.12384622,0.17427477,0.00001740,1.00000000,1.00000000,14,0.02498260,0.00000000,0.003960,public_simbench_planning_v7_direct_moea_de_controls
p3,der_siting_sizing,GA,baseline,11,0.03156734,0.03156734,1,0.99133119,0.12384622,0.17427477,0.00001740,1.00000000,1.00000000,14,0.02498260,0.00000000,0.004497,public_simbench_planning_v7_direct_moea_de_controls
p3,der_siting_sizing,GA,baseline,12,0.03156734,0.03156734,1,0.99133119,0.12384622,0.17427477,0.00001740,1.00000000,1.00000000,14,0.02498260,0.00000000,0.004542,public_simbench_planning_v7_direct_moea_de_controls
p3,der_siting_sizing,GA,baseline,13,0.03156734,0.03156734,1,0.99133119,0.12384622,0.17427477,0.00001740,1.00000000,1.00000000,14,0.02498260,0.00000000,0.004136,public_simbench_planning_v7_direct_moea_de_controls
p3,der_siting_sizing,GA,baseline,14,0.03156734,0.03156734,1,0.99133119,0.12384622,0.17427477,0.00001740,1.00000000,1.00000000,14,0.02498260,0.00000000,0.003955,public_simbench_planning_v7_direct_moea_de_controls
p3,der_siting_sizing,GA,baseline,15,0.03156734,0.03156734,1,0.99133119,0.12384622,0.17427477,0.00001740,1.00000000,1.00000000,14,0.02498260,0.00000000,0.004461,public_simbench_planning_v7_direct_moea_de_controls
p3,der_siting_sizing,GA,baseline,16,0.03156734,0.03156734,1,0.99133119,0.12384622,0.17427477,0.00001740,1.00000000,1.00000000,14,0.02498260,0.00000000,0.004091,public_simbench_planning_v7_direct_moea_de_controls
p3,der_siting_sizing,GA,baseline,17,0.03156734,0.03156734,1,0.99133119,0.12384622,0.17427477,0.00001740,1.00000000,1.00000000,14,0.02498260,0.00000000,0.003951,public_simbench_planning_v7_direct_moea_de_controls
p3,der_siting_sizing,GA,baseline,18,0.03156734,0.03156734,1,0.99133119,0.12384622,0.17427477,0.00001740,1.00000000,1.00000000,14,0.02498260,0.00000000,0.003937,public_simbench_planning_v7_direct_moea_de_controls
p3,der_siting_sizing,GA,baseline,19,0.03156734,0.03156734,1,0.99133119,0.12384622,0.17427477,0.00001740,1.00000000,1.00000000,14,0.02498260,0.00000000,0.005241,public_simbench_planning_v7_direct_moea_de_controls
p3,der_siting_sizing,GA,baseline,20,0.03156734,0.03156734,1,0.99133119,0.12384622,0.17427477,0.00001740,1.00000000,1.00000000,14,0.02498260,0.00000000,0.003995,public_simbench_planning_v7_direct_moea_de_controls
p3,der_siting_sizing,GA,baseline,21,0.03156734,0.03156734,1,0.99133119,0.12384622,0.17427477,0.00001740,1.00000000,1.00000000,14,0.02498260,0.00000000,0.003945,public_simbench_planning_v7_direct_moea_de_controls
p3,der_siting_sizing,GA,baseline,22,0.03156734,0.03156734,1,0.99133119,0.12384622,0.17427477,0.00001740,1.00000000,1.00000000,14,0.02498260,0.00000000,0.004029,public_simbench_planning_v7_direct_moea_de_controls
p3,der_siting_sizing,GA,baseline,23,0.03156734,0.03156734,1,0.99133119,0.12384622,0.17427477,0.00001740,1.00000000,1.00000000,14,0.02498260,0.00000000,0.004326,public_simbench_planning_v7_direct_moea_de_controls
p3,der_siting_sizing,GA,baseline,24,0.03156734,0.03156734,1,0.99133119,0.12384622,0.17427477,0.00001740,1.00000000,1.00000000,14,0.02498260,0.00000000,0.004066,public_simbench_planning_v7_direct_moea_de_controls
p3,der_siting_sizing,GA,baseline,25,0.03156734,0.03156734,1,0.99133119,0.12384622,0.17427477,0.00001740,1.00000000,1.00000000,14,0.02498260,0.00000000,0.003936,public_simbench_planning_v7_direct_moea_de_controls
p3,der_siting_sizing,GA,baseline,26,0.03156734,0.03156734,1,0.99133119,0.12384622,0.17427477,0.00001740,1.00000000,1.00000000,14,0.02498260,0.00000000,0.004237,public_simbench_planning_v7_direct_moea_de_controls
p3,der_siting_sizing,GA,baseline,27,0.03156734,0.03156734,1,0.99133119,0.12384622,0.17427477,0.00001740,1.00000000,1.00000000,14,0.02498260,0.00000000,0.003985,public_simbench_planning_v7_direct_moea_de_controls
p3,der_siting_sizing,GA,baseline,28,0.03156734,0.03156734,1,0.99133119,0.12384622,0.17427477,0.00001740,1.00000000,1.00000000,14,0.02498260,0.00000000,0.003968,public_simbench_planning_v7_direct_moea_de_controls
p3,der_siting_sizing,GA,baseline,29,0.03156734,0.03156734,1,0.99133119,0.12384622,0.17427477,0.00001740,1.00000000,1.00000000,14,0.02498260,0.00000000,0.003944,public_simbench_planning_v7_direct_moea_de_controls
p3,der_siting_sizing,Weighted Sum,baseline,0,0.00482464,0.00482464,1,0.96759266,0.10660863,0.19639955,0.00185707,0.45888224,0.59218414,4,0.02314293,0.00000000,0.000685,public_simbench_planning_v7_direct_moea_de_controls
p3,der_siting_sizing,Weighted Sum,baseline,1,0.00482464,0.00482464,1,0.96759266,0.10660863,0.19639955,0.00185707,0.45888224,0.59218414,4,0.02314293,0.00000000,0.000332,public_simbench_planning_v7_direct_moea_de_controls
p3,der_siting_sizing,Weighted Sum,baseline,2,0.00482464,0.00482464,1,0.96759266,0.10660863,0.19639955,0.00185707,0.45888224,0.59218414,4,0.02314293,0.00000000,0.000359,public_simbench_planning_v7_direct_moea_de_controls
p3,der_siting_sizing,Weighted Sum,baseline,3,0.00482464,0.00482464,1,0.96759266,0.10660863,0.19639955,0.00185707,0.45888224,0.59218414,4,0.02314293,0.00000000,0.000299,public_simbench_planning_v7_direct_moea_de_controls
p3,der_siting_sizing,Weighted Sum,baseline,4,0.00482464,0.00482464,1,0.96759266,0.10660863,0.19639955,0.00185707,0.45888224,0.59218414,4,0.02314293,0.00000000,0.000280,public_simbench_planning_v7_direct_moea_de_controls
p3,der_siting_sizing,Weighted Sum,baseline,5,0.00482464,0.00482464,1,0.96759266,0.10660863,0.19639955,0.00185707,0.45888224,0.59218414,4,0.02314293,0.00000000,0.000271,public_simbench_planning_v7_direct_moea_de_controls
p3,der_siting_sizing,Weighted Sum,baseline,6,0.00482464,0.00482464,1,0.96759266,0.10660863,0.19639955,0.00185707,0.45888224,0.59218414,4,0.02314293,0.00000000,0.000257,public_simbench_planning_v7_direct_moea_de_controls
p3,der_siting_sizing,Weighted Sum,baseline,7,0.00482464,0.00482464,1,0.96759266,0.10660863,0.19639955,0.00185707,0.45888224,0.59218414,4,0.02314293,0.00000000,0.000258,public_simbench_planning_v7_direct_moea_de_controls
p3,der_siting_sizing,Weighted Sum,baseline,8,0.00482464,0.00482464,1,0.96759266,0.10660863,0.19639955,0.00185707,0.45888224,0.59218414,4,0.02314293,0.00000000,0.000255,public_simbench_planning_v7_direct_moea_de_controls
p3,der_siting_sizing,Weighted Sum,baseline,9,0.00482464,0.00482464,1,0.96759266,0.10660863,0.19639955,0.00185707,0.45888224,0.59218414,4,0.02314293,0.00000000,0.000258,public_simbench_planning_v7_direct_moea_de_controls
p3,der_siting_sizing,Weighted Sum,baseline,10,0.00482464,0.00482464,1,0.96759266,0.10660863,0.19639955,0.00185707,0.45888224,0.59218414,4,0.02314293,0.00000000,0.000253,public_simbench_planning_v7_direct_moea_de_controls
p3,der_siting_sizing,Weighted Sum,baseline,11,0.00482464,0.00482464,1,0.96759266,0.10660863,0.19639955,0.00185707,0.45888224,0.59218414,4,0.02314293,0.00000000,0.000253,public_simbench_planning_v7_direct_moea_de_controls
p3,der_siting_sizing,Weighted Sum,baseline,12,0.00482464,0.00482464,1,0.96759266,0.10660863,0.19639955,0.00185707,0.45888224,0.59218414,4,0.02314293,0.00000000,0.000256,public_simbench_planning_v7_direct_moea_de_controls
p3,der_siting_sizing,Weighted Sum,baseline,13,0.00482464,0.00482464,1,0.96759266,0.10660863,0.19639955,0.00185707,0.45888224,0.59218414,4,0.02314293,0.00000000,0.000251,public_simbench_planning_v7_direct_moea_de_controls
p3,der_siting_sizing,Weighted Sum,baseline,14,0.00482464,0.00482464,1,0.96759266,0.10660863,0.19639955,0.00185707,0.45888224,0.59218414,4,0.02314293,0.00000000,0.000267,public_simbench_planning_v7_direct_moea_de_controls
p3,der_siting_sizing,Weighted Sum,baseline,15,0.00482464,0.00482464,1,0.96759266,0.10660863,0.19639955,0.00185707,0.45888224,0.59218414,4,0.02314293,0.00000000,0.000255,public_simbench_planning_v7_direct_moea_de_controls
p3,der_siting_sizing,Weighted Sum,baseline,16,0.00482464,0.00482464,1,0.96759266,0.10660863,0.19639955,0.00185707,0.45888224,0.59218414,4,0.02314293,0.00000000,0.000251,public_simbench_planning_v7_direct_moea_de_controls
p3,der_siting_sizing,Weighted Sum,baseline,17,0.00482464,0.00482464,1,0.96759266,0.10660863,0.19639955,0.00185707,0.45888224,0.59218414,4,0.02314293,0.00000000,0.000246,public_simbench_planning_v7_direct_moea_de_controls
p3,der_siting_sizing,Weighted Sum,baseline,18,0.00482464,0.00482464,1,0.96759266,0.10660863,0.19639955,0.00185707,0.45888224,0.59218414,4,0.02314293,0.00000000,0.000248,public_simbench_planning_v7_direct_moea_de_controls
p3,der_siting_sizing,Weighted Sum,baseline,19,0.00482464,0.00482464,1,0.96759266,0.10660863,0.19639955,0.00185707,0.45888224,0.59218414,4,0.02314293,0.00000000,0.000256,public_simbench_planning_v7_direct_moea_de_controls
p3,der_siting_sizing,Weighted Sum,baseline,20,0.00482464,0.00482464,1,0.96759266,0.10660863,0.19639955,0.00185707,0.45888224,0.59218414,4,0.02314293,0.00000000,0.000451,public_simbench_planning_v7_direct_moea_de_controls
p3,der_siting_sizing,Weighted Sum,baseline,21,0.00482464,0.00482464,1,0.96759266,0.10660863,0.19639955,0.00185707,0.45888224,0.59218414,4,0.02314293,0.00000000,0.000306,public_simbench_planning_v7_direct_moea_de_controls
p3,der_siting_sizing,Weighted Sum,baseline,22,0.00482464,0.00482464,1,0.96759266,0.10660863,0.19639955,0.00185707,0.45888224,0.59218414,4,0.02314293,0.00000000,0.000276,public_simbench_planning_v7_direct_moea_de_controls
p3,der_siting_sizing,Weighted Sum,baseline,23,0.00482464,0.00482464,1,0.96759266,0.10660863,0.19639955,0.00185707,0.45888224,0.59218414,4,0.02314293,0.00000000,0.000281,public_simbench_planning_v7_direct_moea_de_controls
p3,der_siting_sizing,Weighted Sum,baseline,24,0.00482464,0.00482464,1,0.96759266,0.10660863,0.19639955,0.00185707,0.45888224,0.59218414,4,0.02314293,0.00000000,0.000267,public_simbench_planning_v7_direct_moea_de_controls
p3,der_siting_sizing,Weighted Sum,baseline,25,0.00482464,0.00482464,1,0.96759266,0.10660863,0.19639955,0.00185707,0.45888224,0.59218414,4,0.02314293,0.00000000,0.000348,public_simbench_planning_v7_direct_moea_de_controls
p3,der_siting_sizing,Weighted Sum,baseline,26,0.00482464,0.00482464,1,0.96759266,0.10660863,0.19639955,0.00185707,0.45888224,0.59218414,4,0.02314293,0.00000000,0.000308,public_simbench_planning_v7_direct_moea_de_controls
p3,der_siting_sizing,Weighted Sum,baseline,27,0.00482464,0.00482464,1,0.96759266,0.10660863,0.19639955,0.00185707,0.45888224,0.59218414,4,0.02314293,0.00000000,0.000294,public_simbench_planning_v7_direct_moea_de_controls
p3,der_siting_sizing,Weighted Sum,baseline,28,0.00482464,0.00482464,1,0.96759266,0.10660863,0.19639955,0.00185707,0.45888224,0.59218414,4,0.02314293,0.00000000,0.000272,public_simbench_planning_v7_direct_moea_de_controls
p3,der_siting_sizing,Weighted Sum,baseline,29,0.00482464,0.00482464,1,0.96759266,0.10660863,0.19639955,0.00185707,0.45888224,0.59218414,4,0.02314293,0.00000000,0.000262,public_simbench_planning_v7_direct_moea_de_controls
p3,der_siting_sizing,Ablation-NoRepair,ablation,0,0.04421616,0.04421616,38,0.97733055,0.12289743,0.17812812,0.00188027,1.00000000,1.00000000,13,0.02311973,0.00000000,0.077915,public_simbench_planning_v7_direct_moea_de_controls
p3,der_siting_sizing,Ablation-NoRepair,ablation,1,0.04430946,0.04430946,39,0.88355105,0.12427599,0.17812812,0.00002899,1.00000000,1.00000000,13,0.02497101,0.00000000,0.079188,public_simbench_planning_v7_direct_moea_de_controls
p3,der_siting_sizing,Ablation-NoRepair,ablation,2,0.04388753,0.04388753,39,0.99893248,0.12392988,0.17572812,0.00004059,1.00000000,1.00000000,15,0.02495941,0.00000000,0.080181,public_simbench_planning_v7_direct_moea_de_controls
p3,der_siting_sizing,Ablation-NoRepair,ablation,3,0.04172773,0.04172773,39,0.98223600,0.12401545,0.17661257,0.00004639,0.98383550,1.00000000,15,0.02495361,0.00000000,0.081072,public_simbench_planning_v7_direct_moea_de_controls
p3,der_siting_sizing,Ablation-NoRepair,ablation,4,0.04275447,0.04275447,39,0.88355105,0.12427599,0.17812812,0.00002899,1.00000000,1.00000000,13,0.02497101,0.00000000,0.079273,public_simbench_planning_v7_direct_moea_de_controls
p3,der_siting_sizing,Ablation-NoRepair,ablation,5,0.04228384,0.04228384,39,0.95793824,0.12401736,0.17604367,0.00002899,1.00000000,1.00000000,14,0.02497101,0.00000000,0.080158,public_simbench_planning_v7_direct_moea_de_controls
p3,der_siting_sizing,Ablation-NoRepair,ablation,6,0.04308509,0.04308509,39,0.93633631,0.12298491,0.17844367,0.00186867,1.00000000,1.00000000,12,0.02313133,0.00000000,0.082139,public_simbench_planning_v7_direct_moea_de_controls
p3,der_siting_sizing,Ablation-NoRepair,ablation,7,0.04364063,0.04364063,40,0.97733055,0.12289743,0.17812812,0.00188027,1.00000000,1.00000000,13,0.02311973,0.00000000,0.079884,public_simbench_planning_v7_direct_moea_de_controls
p3,der_siting_sizing,Ablation-NoRepair,ablation,8,0.04216576,0.04216576,39,0.88355105,0.12427599,0.17812812,0.00002899,1.00000000,1.00000000,13,0.02497101,0.00000000,0.080455,public_simbench_planning_v7_direct_moea_de_controls
p3,der_siting_sizing,Ablation-NoRepair,ablation,9,0.04259135,0.04259135,39,0.97683616,0.12290469,0.17812812,0.00186275,1.00000000,1.00000000,13,0.02313725,0.00000000,0.079257,public_simbench_planning_v7_direct_moea_de_controls
p3,der_siting_sizing,Ablation-NoRepair,ablation,10,0.04257992,0.04257992,39,0.91694400,0.12410484,0.17635922,0.00001740,1.00000000,1.00000000,13,0.02498260,0.00000000,0.080135,public_simbench_planning_v7_direct_moea_de_controls
p3,der_siting_sizing,Ablation-NoRepair,ablation,11,0.04362532,0.04362532,40,0.98223600,0.12401545,0.17661257,0.00004639,0.98383550,1.00000000,15,0.02495361,0.00000000,0.082583,public_simbench_planning_v7_direct_moea_de_controls
p3,der_siting_sizing,Ablation-NoRepair,ablation,12,0.04244101,0.04244101,36,0.82586034,0.12444904,0.17932812,0.00002320,1.00000000,1.00000000,12,0.02497680,0.00000000,0.078176,public_simbench_planning_v7_direct_moea_de_controls
p3,der_siting_sizing,Ablation-NoRepair,ablation,13,0.04360386,0.04360386,38,0.99921621,0.11835958,0.17977561,0.00000580,1.00000000,1.00000000,11,0.02499420,0.09812317,0.082650,public_simbench_planning_v7_direct_moea_de_controls
p3,der_siting_sizing,Ablation-NoRepair,ablation,14,0.04449671,0.04449671,39,0.95793824,0.12401736,0.17604367,0.00002899,1.00000000,1.00000000,14,0.02497101,0.00000000,0.081172,public_simbench_planning_v7_direct_moea_de_controls
p3,der_siting_sizing,Ablation-NoRepair,ablation,15,0.04407976,0.04407976,38,0.99921621,0.11835958,0.17977561,0.00000580,1.00000000,1.00000000,11,0.02499420,0.09812317,0.077469,public_simbench_planning_v7_direct_moea_de_controls
p3,der_siting_sizing,Ablation-NoRepair,ablation,16,0.04383001,0.04383001,39,0.97463471,0.12393179,0.17515922,0.00002320,1.00000000,1.00000000,14,0.02497680,0.00000000,0.082349,public_simbench_planning_v7_direct_moea_de_controls
p3,der_siting_sizing,Ablation-NoRepair,ablation,17,0.04616340,0.04616340,39,0.94124176,0.12410293,0.17692812,0.00003479,1.00000000,1.00000000,14,0.02496521,0.00000000,0.079251,public_simbench_planning_v7_direct_moea_de_controls
p3,der_siting_sizing,Ablation-NoRepair,ablation,18,0.04572425,0.04572425,38,0.95253840,0.12290661,0.17755922,0.00184535,1.00000000,1.00000000,12,0.02315465,0.02236559,0.080927,public_simbench_planning_v7_direct_moea_de_controls
p3,der_siting_sizing,Ablation-NoRepair,ablation,19,0.04348608,0.04348608,39,0.97463471,0.12393179,0.17515922,0.00002320,1.00000000,1.00000000,14,0.02497680,0.00000000,0.079331,public_simbench_planning_v7_direct_moea_de_controls
p3,der_siting_sizing,Ablation-NoRepair,ablation,20,0.04229067,0.04229067,39,0.99353263,0.12281912,0.17724367,0.00185695,1.00000000,1.00000000,13,0.02314305,0.00000000,0.080462,public_simbench_planning_v7_direct_moea_de_controls
p3,der_siting_sizing,Ablation-NoRepair,ablation,21,0.04383739,0.04383739,39,0.99353263,0.12281912,0.17724367,0.00185695,1.00000000,1.00000000,13,0.02314305,0.00000000,0.079418,public_simbench_planning_v7_direct_moea_de_controls
p3,der_siting_sizing,Ablation-NoRepair,ablation,22,0.04327727,0.04327727,40,0.99353263,0.12281912,0.17724367,0.00185695,1.00000000,1.00000000,13,0.02314305,0.00000000,0.079601,public_simbench_planning_v7_direct_moea_de_controls
p3,der_siting_sizing,Ablation-NoRepair,ablation,23,0.04203693,0.04203693,39,0.99779968,0.11905766,0.18034438,0.00002320,0.98508031,1.00000000,12,0.02497680,0.00000000,0.080565,public_simbench_planning_v7_direct_moea_de_controls
p3,der_siting_sizing,Ablation-NoRepair,ablation,24,0.04361451,0.04361451,39,0.93584192,0.12299218,0.17844367,0.00185115,1.00000000,1.00000000,12,0.02314885,0.00000000,0.078958,public_simbench_planning_v7_direct_moea_de_controls
p3,der_siting_sizing,Ablation-NoRepair,ablation,25,0.04178152,0.04178152,38,0.98143494,0.11987209,0.17948079,0.00001740,1.00000000,1.00000000,12,0.02498260,0.00000000,0.082469,public_simbench_planning_v7_direct_moea_de_controls
p3,der_siting_sizing,Ablation-NoRepair,ablation,26,0.04161309,0.04161309,39,0.96063407,0.12298300,0.17901257,0.00188607,0.96630637,1.00000000,13,0.02311393,0.00000000,0.080003,public_simbench_planning_v7_direct_moea_de_controls
p3,der_siting_sizing,Ablation-NoRepair,ablation,27,0.04585989,0.04585989,39,0.94124176,0.12410293,0.17692812,0.00003479,1.00000000,1.00000000,14,0.02496521,0.00000000,0.080293,public_simbench_planning_v7_direct_moea_de_controls
p3,der_siting_sizing,Ablation-NoRepair,ablation,28,0.04169867,0.04169867,39,0.91914545,0.12307775,0.17932812,0.00185695,1.00000000,1.00000000,12,0.02314305,0.00000000,0.079645,public_simbench_planning_v7_direct_moea_de_controls
p3,der_siting_sizing,Ablation-NoRepair,ablation,29,0.04438560,0.04438560,39,0.90024753,0.12419042,0.17724367,0.00002320,1.00000000,1.00000000,13,0.02497680,0.00000000,0.079960,public_simbench_planning_v7_direct_moea_de_controls
p3,der_siting_sizing,Ablation-FixedDE,ablation,0,0.04580608,0.04580608,39,0.89264624,0.12410676,0.17579032,0.00000000,1.00000000,1.00000000,12,0.02500000,0.23741935,0.109473,public_simbench_planning_v7_direct_moea_de_controls
p3,der_siting_sizing,Ablation-FixedDE,ablation,1,0.04564040,0.04564040,40,0.99893248,0.12392988,0.17572812,0.00004059,1.00000000,1.00000000,15,0.02495941,0.00000000,0.108039,public_simbench_planning_v7_direct_moea_de_controls
p3,der_siting_sizing,Ablation-FixedDE,ablation,2,0.04367424,0.04367424,39,0.97463471,0.12393179,0.17515922,0.00002320,1.00000000,1.00000000,14,0.02497680,0.00000000,0.110928,public_simbench_planning_v7_direct_moea_de_controls
p3,der_siting_sizing,Ablation-FixedDE,ablation,3,0.04655347,0.04655347,39,0.89264624,0.12410676,0.17579032,0.00000000,1.00000000,1.00000000,12,0.02500000,0.23741935,0.110514,public_simbench_planning_v7_direct_moea_de_controls
p3,der_siting_sizing,Ablation-FixedDE,ablation,4,0.04475603,0.04475603,39,0.99893248,0.12392988,0.17572812,0.00004059,1.00000000,1.00000000,15,0.02495941,0.00000000,0.110628,public_simbench_planning_v7_direct_moea_de_controls
p3,der_siting_sizing,Ablation-FixedDE,ablation,5,0.04556988,0.04556988,38,0.90024753,0.12419042,0.17724367,0.00002320,1.00000000,1.00000000,13,0.02497680,0.00000000,0.104004,public_simbench_planning_v7_direct_moea_de_controls
p3,der_siting_sizing,Ablation-FixedDE,ablation,6,0.04429008,0.04429008,39,0.99893248,0.12392988,0.17572812,0.00004059,1.00000000,1.00000000,15,0.02495941,0.00000000,0.112631,public_simbench_planning_v7_direct_moea_de_controls
p3,der_siting_sizing,Ablation-FixedDE,ablation,7,0.04465673,0.04465673,39,0.89534208,0.12307239,0.17875922,0.00185707,1.00000000,1.00000000,11,0.02314293,0.12011730,0.116084,public_simbench_planning_v7_direct_moea_de_controls
p3,der_siting_sizing,Ablation-FixedDE,ablation,8,0.04472603,0.04472603,39,0.90024753,0.12419042,0.17724367,0.00002320,1.00000000,1.00000000,13,0.02497680,0.00000000,0.106469,public_simbench_planning_v7_direct_moea_de_controls
p3,der_siting_sizing,Ablation-FixedDE,ablation,9,0.04446866,0.04446866,39,0.89264624,0.12410676,0.17579032,0.00000000,1.00000000,1.00000000,12,0.02500000,0.23741935,0.108838,public_simbench_planning_v7_direct_moea_de_controls
p3,der_siting_sizing,Ablation-FixedDE,ablation,10,0.04525230,0.04525230,39,0.99893248,0.12392988,0.17572812,0.00004059,1.00000000,1.00000000,15,0.02495941,0.00000000,0.114839,public_simbench_planning_v7_direct_moea_de_controls
p3,der_siting_sizing,Ablation-FixedDE,ablation,11,0.04566986,0.04566986,39,0.89264624,0.12410676,0.17579032,0.00000000,1.00000000,1.00000000,12,0.02500000,0.23741935,0.113742,public_simbench_planning_v7_direct_moea_de_controls
p3,der_siting_sizing,Ablation-FixedDE,ablation,12,0.04483692,0.04483692,39,0.98223600,0.12401545,0.17661257,0.00004639,0.98383550,1.00000000,15,0.02495361,0.00000000,0.110017,public_simbench_planning_v7_direct_moea_de_controls
p3,der_siting_sizing,Ablation-FixedDE,ablation,13,0.04644701,0.04644701,39,0.96703343,0.12384813,0.17370586,0.00000000,1.00000000,1.00000000,13,0.02500000,0.23741935,0.111804,public_simbench_planning_v7_direct_moea_de_controls
p3,der_siting_sizing,Ablation-FixedDE,ablation,14,0.04630328,0.04630328,39,0.97463471,0.12393179,0.17515922,0.00002320,1.00000000,1.00000000,14,0.02497680,0.00000000,0.113176,public_simbench_planning_v7_direct_moea_de_controls
p3,der_siting_sizing,Ablation-FixedDE,ablation,15,0.04622839,0.04622839,39,0.89264624,0.12410676,0.17579032,0.00000000,1.00000000,1.00000000,12,0.02500000,0.23741935,0.109929,public_simbench_planning_v7_direct_moea_de_controls
p3,der_siting_sizing,Ablation-FixedDE,ablation,16,0.04443030,0.04443030,39,0.96972926,0.12281377,0.17667477,0.00185707,1.00000000,1.00000000,12,0.02314293,0.12989247,0.108766,public_simbench_planning_v7_direct_moea_de_controls
p3,der_siting_sizing,Ablation-FixedDE,ablation,17,0.04571702,0.04571702,39,0.97463471,0.12393179,0.17515922,0.00002320,1.00000000,1.00000000,14,0.02497680,0.00000000,0.112142,public_simbench_planning_v7_direct_moea_de_controls
p3,der_siting_sizing,Ablation-FixedDE,ablation,18,0.04346979,0.04346979,39,0.97733055,0.12289743,0.17812812,0.00188027,1.00000000,1.00000000,13,0.02311973,0.00000000,0.109273,public_simbench_planning_v7_direct_moea_de_controls
p3,der_siting_sizing,Ablation-FixedDE,ablation,19,0.04607916,0.04607916,38,0.96972926,0.12281377,0.17667477,0.00185707,1.00000000,1.00000000,12,0.02314293,0.12989247,0.112877,public_simbench_planning_v7_direct_moea_de_controls
p3,der_siting_sizing,Ablation-FixedDE,ablation,20,0.04472744,0.04472744,39,0.99893248,0.12392988,0.17572812,0.00004059,1.00000000,1.00000000,15,0.02495941,0.00000000,0.105049,public_simbench_planning_v7_direct_moea_de_controls
p3,der_siting_sizing,Ablation-FixedDE,ablation,21,0.04452150,0.04452150,39,0.99893248,0.12392988,0.17572812,0.00004059,1.00000000,1.00000000,15,0.02495941,0.00000000,0.108968,public_simbench_planning_v7_direct_moea_de_controls
p3,der_siting_sizing,Ablation-FixedDE,ablation,22,0.04638913,0.04638913,39,0.96703343,0.12384813,0.17370586,0.00000000,1.00000000,1.00000000,13,0.02500000,0.23741935,0.109100,public_simbench_planning_v7_direct_moea_de_controls
p3,der_siting_sizing,Ablation-FixedDE,ablation,23,0.04409541,0.04409541,39,0.99893248,0.12392988,0.17572812,0.00004059,1.00000000,1.00000000,15,0.02495941,0.00000000,0.106377,public_simbench_planning_v7_direct_moea_de_controls
p3,der_siting_sizing,Ablation-FixedDE,ablation,24,0.04294247,0.04294247,39,0.98251973,0.11844515,0.18066006,0.00001160,1.00000000,1.00000000,11,0.02498840,0.00000000,0.108658,public_simbench_planning_v7_direct_moea_de_controls
p3,der_siting_sizing,Ablation-FixedDE,ablation,25,0.04734748,0.04734748,39,0.96972926,0.12281377,0.17667477,0.00185707,1.00000000,1.00000000,12,0.02314293,0.12989247,0.116835,public_simbench_planning_v7_direct_moea_de_controls
p3,der_siting_sizing,Ablation-FixedDE,ablation,26,0.04482067,0.04482067,39,0.96063407,0.12298300,0.17901257,0.00188607,0.96630637,1.00000000,13,0.02311393,0.00000000,0.111042,public_simbench_planning_v7_direct_moea_de_controls
p3,der_siting_sizing,Ablation-FixedDE,ablation,27,0.04504614,0.04504614,39,0.89264624,0.12410676,0.17579032,0.00000000,1.00000000,1.00000000,12,0.02500000,0.23741935,0.112386,public_simbench_planning_v7_direct_moea_de_controls
p3,der_siting_sizing,Ablation-FixedDE,ablation,28,0.04572768,0.04572768,39,0.89264624,0.12410676,0.17579032,0.00000000,1.00000000,1.00000000,12,0.02500000,0.23741935,0.114150,public_simbench_planning_v7_direct_moea_de_controls
p3,der_siting_sizing,Ablation-FixedDE,ablation,29,0.04582903,0.04582903,39,0.89264624,0.12410676,0.17579032,0.00000000,1.00000000,1.00000000,12,0.02500000,0.23741935,0.109214,public_simbench_planning_v7_direct_moea_de_controls
p3,der_siting_sizing,Ablation-NoDiversity,ablation,0,0.02879516,0.02879516,4,0.99040475,0.11295850,0.18616090,0.00000000,0.90854752,1.00000000,8,0.02500000,0.17693548,0.174212,public_simbench_planning_v7_direct_moea_de_controls
p3,der_siting_sizing,Ablation-NoDiversity,ablation,1,0.03640918,0.03640918,10,0.86713831,0.11879125,0.18306006,0.00000000,1.00000000,1.00000000,9,0.02500000,0.21053763,0.172660,public_simbench_planning_v7_direct_moea_de_controls
p3,der_siting_sizing,Ablation-NoDiversity,ablation,2,0.04020950,0.04020950,10,0.74387187,0.12462400,0.17995922,0.00000000,1.00000000,1.00000000,10,0.02500000,0.23741935,0.190483,public_simbench_planning_v7_direct_moea_de_controls
p3,der_siting_sizing,Ablation-NoDiversity,ablation,3,0.02314707,0.02314707,6,0.91601757,0.11321713,0.18824535,0.00000000,0.82690466,0.95175637,7,0.02500000,0.16829493,0.154026,public_simbench_planning_v7_direct_moea_de_controls
p3,der_siting_sizing,Ablation-NoDiversity,ablation,4,0.02986859,0.02986859,4,0.99040475,0.11295850,0.18616090,0.00000000,0.90854752,1.00000000,8,0.02500000,0.17693548,0.155555,public_simbench_planning_v7_direct_moea_de_controls
p3,der_siting_sizing,Ablation-NoDiversity,ablation,5,0.03678267,0.03678267,7,0.86713831,0.11879125,0.18306006,0.00000000,1.00000000,1.00000000,9,0.02500000,0.21053763,0.160529,public_simbench_planning_v7_direct_moea_de_controls
p3,der_siting_sizing,Ablation-NoDiversity,ablation,6,0.00047204,0.00047204,1,0.00000000,0.12721025,0.20080373,0.00000000,0.35000000,0.42000000,0,0.02500000,0.56000000,0.173392,public_simbench_planning_v7_direct_moea_de_controls
p3,der_siting_sizing,Ablation-NoDiversity,ablation,7,0.03047569,0.03047569,3,0.79275112,0.11904988,0.18514451,0.00000000,0.95584519,1.00000000,8,0.02500000,0.20717742,0.168310,public_simbench_planning_v7_direct_moea_de_controls
p3,der_siting_sizing,Ablation-NoDiversity,ablation,8,0.00047204,0.00047204,1,0.00000000,0.12721025,0.20080373,0.00000000,0.35000000,0.42000000,0,0.02500000,0.56000000,0.159350,public_simbench_planning_v7_direct_moea_de_controls
p3,der_siting_sizing,Ablation-NoDiversity,ablation,9,0.02389231,0.02389231,2,0.86983415,0.11775689,0.18602896,0.00185707,0.88004901,0.99176110,8,0.02314293,0.04588710,0.167554,public_simbench_planning_v7_direct_moea_de_controls
p3,der_siting_sizing,Ablation-NoDiversity,ablation,10,0.03409038,0.03409038,9,0.94422133,0.11749826,0.18394451,0.00185707,0.96169187,1.00000000,9,0.02314293,0.06716846,0.173220,public_simbench_planning_v7_direct_moea_de_controls
p3,der_siting_sizing,Ablation-NoDiversity,ablation,11,0.03287080,0.03287080,3,0.74656770,0.12358964,0.18292812,0.00185707,1.00000000,1.00000000,9,0.02314293,0.09405018,0.183885,public_simbench_planning_v7_direct_moea_de_controls
p3,der_siting_sizing,Ablation-NoDiversity,ablation,12,0.04139797,0.04139797,14,0.94152550,0.11853263,0.18097561,0.00000000,1.00000000,1.00000000,10,0.02500000,0.21322581,0.185713,public_simbench_planning_v7_direct_moea_de_controls
p3,der_siting_sizing,Ablation-NoDiversity,ablation,13,0.03512559,0.03512559,5,0.86713831,0.11879125,0.18306006,0.00000000,1.00000000,1.00000000,9,0.02500000,0.21053763,0.167162,public_simbench_planning_v7_direct_moea_de_controls
p3,der_siting_sizing,Ablation-NoDiversity,ablation,14,0.01371329,0.01371329,2,0.91871340,0.11218276,0.19121426,0.00185707,0.66946563,0.79197262,6,0.02314293,0.00000000,0.170502,public_simbench_planning_v7_direct_moea_de_controls
p3,der_siting_sizing,Ablation-NoDiversity,ablation,15,0.03666151,0.03666151,4,0.86713831,0.11879125,0.18306006,0.00000000,1.00000000,1.00000000,9,0.02500000,0.21053763,0.161585,public_simbench_planning_v7_direct_moea_de_controls
p3,der_siting_sizing,Ablation-NoDiversity,ablation,16,0.00047204,0.00047204,1,0.00000000,0.12721025,0.20080373,0.00000000,0.35000000,0.42000000,0,0.02500000,0.56000000,0.163523,public_simbench_planning_v7_direct_moea_de_controls
p3,der_siting_sizing,Ablation-NoDiversity,ablation,17,0.04324616,0.04324616,16,0.89534208,0.12307239,0.17875922,0.00185707,1.00000000,1.00000000,11,0.02314293,0.12011730,0.169981,public_simbench_planning_v7_direct_moea_de_controls
p3,der_siting_sizing,Ablation-NoDiversity,ablation,18,0.03128486,0.03128486,6,0.94372694,0.11750553,0.18394451,0.00183955,0.96058322,1.00000000,9,0.02316045,0.06716846,0.163699,public_simbench_planning_v7_direct_moea_de_controls
p3,der_siting_sizing,Ablation-NoDiversity,ablation,19,0.02879733,0.02879733,4,0.99040475,0.11295850,0.18616090,0.00000000,0.90854752,1.00000000,8,0.02500000,0.17693548,0.143344,public_simbench_planning_v7_direct_moea_de_controls
p3,der_siting_sizing,Ablation-NoDiversity,ablation,20,0.03434323,0.03434323,14,0.94422133,0.11749826,0.18394451,0.00185707,0.96169187,1.00000000,9,0.02314293,0.06716846,0.152998,public_simbench_planning_v7_direct_moea_de_controls
p3,der_siting_sizing,Ablation-NoDiversity,ablation,21,0.03687418,0.03687418,8,0.86713831,0.11879125,0.18306006,0.00000000,1.00000000,1.00000000,9,0.02500000,0.21053763,0.163077,public_simbench_planning_v7_direct_moea_de_controls
p3,der_siting_sizing,Ablation-NoDiversity,ablation,22,0.02879516,0.02879516,3,0.99040475,0.11295850,0.18616090,0.00000000,0.90854752,1.00000000,8,0.02500000,0.17693548,0.160172,public_simbench_planning_v7_direct_moea_de_controls
p3,der_siting_sizing,Ablation-NoDiversity,ablation,23,0.03569393,0.03569393,3,0.74656770,0.12358964,0.18292812,0.00185707,1.00000000,1.00000000,9,0.02314293,0.09405018,0.184602,public_simbench_planning_v7_direct_moea_de_controls
p3,der_siting_sizing,Ablation-NoDiversity,ablation,24,0.02620989,0.02620989,3,0.86983415,0.11775689,0.18602896,0.00185707,0.88004901,0.99176110,8,0.02314293,0.04588710,0.176249,public_simbench_planning_v7_direct_moea_de_controls
p3,der_siting_sizing,Ablation-NoDiversity,ablation,25,0.03034814,0.03034814,3,0.94422133,0.11749826,0.18394451,0.00185707,0.96169187,1.00000000,9,0.02314293,0.06716846,0.172755,public_simbench_planning_v7_direct_moea_de_controls
p3,der_siting_sizing,Ablation-NoDiversity,ablation,26,0.03824911,0.03824911,8,0.86713831,0.11879125,0.18306006,0.00000000,1.00000000,1.00000000,9,0.02500000,0.21053763,0.170224,public_simbench_planning_v7_direct_moea_de_controls
p3,der_siting_sizing,Ablation-NoDiversity,ablation,27,0.04025707,0.04025707,11,0.94152550,0.11853263,0.18097561,0.00000000,1.00000000,1.00000000,10,0.02500000,0.21322581,0.164212,public_simbench_planning_v7_direct_moea_de_controls
p3,der_siting_sizing,Ablation-NoDiversity,ablation,28,0.04024272,0.04024272,6,0.74387187,0.12462400,0.17995922,0.00000000,1.00000000,1.00000000,10,0.02500000,0.23741935,0.163754,public_simbench_planning_v7_direct_moea_de_controls
p3,der_siting_sizing,Ablation-NoDiversity,ablation,29,0.02328493,0.02328493,5,0.91601757,0.11321713,0.18824535,0.00000000,0.82690466,0.95175637,7,0.02500000,0.16829493,0.175423,public_simbench_planning_v7_direct_moea_de_controls
p3,der_siting_sizing,Ablation-NoDER,ablation,0,0.04686520,0.04686520,37,0.96703343,0.12384813,0.17370586,0.00000000,1.00000000,1.00000000,13,0.02500000,0.23741935,0.120326,public_simbench_planning_v7_direct_moea_de_controls
p3,der_siting_sizing,Ablation-NoDER,ablation,1,0.04563224,0.04563224,39,0.96703343,0.12384813,0.17370586,0.00000000,1.00000000,1.00000000,13,0.02500000,0.23741935,0.121904,public_simbench_planning_v7_direct_moea_de_controls
p3,der_siting_sizing,Ablation-NoDER,ablation,2,0.04553460,0.04553460,38,0.96703343,0.12384813,0.17370586,0.00000000,1.00000000,1.00000000,13,0.02500000,0.23741935,0.123866,public_simbench_planning_v7_direct_moea_de_controls
p3,der_siting_sizing,Ablation-NoDER,ablation,3,0.04587201,0.04587201,38,0.96703343,0.12384813,0.17370586,0.00000000,1.00000000,1.00000000,13,0.02500000,0.23741935,0.121868,public_simbench_planning_v7_direct_moea_de_controls
p3,der_siting_sizing,Ablation-NoDER,ablation,4,0.04578378,0.04578378,39,0.81825906,0.12436538,0.17787477,0.00000000,1.00000000,1.00000000,11,0.02500000,0.23741935,0.131623,public_simbench_planning_v7_direct_moea_de_controls
p3,der_siting_sizing,Ablation-NoDER,ablation,5,0.04625178,0.04625178,38,0.89264624,0.12410676,0.17579032,0.00000000,1.00000000,1.00000000,12,0.02500000,0.23741935,0.124025,public_simbench_planning_v7_direct_moea_de_controls
p3,der_siting_sizing,Ablation-NoDER,ablation,6,0.04610230,0.04610230,36,0.81825906,0.12436538,0.17787477,0.00000000,1.00000000,1.00000000,11,0.02500000,0.23741935,0.126336,public_simbench_planning_v7_direct_moea_de_controls
p3,der_siting_sizing,Ablation-NoDER,ablation,7,0.04544689,0.04544689,38,0.81825906,0.12436538,0.17787477,0.00000000,1.00000000,1.00000000,11,0.02500000,0.23741935,0.125341,public_simbench_planning_v7_direct_moea_de_controls
p3,der_siting_sizing,Ablation-NoDER,ablation,8,0.04620720,0.04620720,36,0.81825906,0.12436538,0.17787477,0.00000000,1.00000000,1.00000000,11,0.02500000,0.23741935,0.117993,public_simbench_planning_v7_direct_moea_de_controls
p3,der_siting_sizing,Ablation-NoDER,ablation,9,0.04607846,0.04607846,38,0.99019840,0.11897400,0.17889103,0.00000000,1.00000000,1.00000000,11,0.02500000,0.21542522,0.124519,public_simbench_planning_v7_direct_moea_de_controls
p3,der_siting_sizing,Ablation-NoDER,ablation,10,0.04553470,0.04553470,37,0.96703343,0.12384813,0.17370586,0.00000000,1.00000000,1.00000000,13,0.02500000,0.23741935,0.126839,public_simbench_planning_v7_direct_moea_de_controls
p3,der_siting_sizing,Ablation-NoDER,ablation,11,0.04639405,0.04639405,38,0.96703343,0.12384813,0.17370586,0.00000000,1.00000000,1.00000000,13,0.02500000,0.23741935,0.125270,public_simbench_planning_v7_direct_moea_de_controls
p3,der_siting_sizing,Ablation-NoDER,ablation,12,0.04548958,0.04548958,36,0.89264624,0.12410676,0.17579032,0.00000000,1.00000000,1.00000000,12,0.02500000,0.23741935,0.116646,public_simbench_planning_v7_direct_moea_de_controls
p3,der_siting_sizing,Ablation-NoDER,ablation,13,0.04685132,0.04685132,39,0.89264624,0.12410676,0.17579032,0.00000000,1.00000000,1.00000000,12,0.02500000,0.23741935,0.119262,public_simbench_planning_v7_direct_moea_de_controls
p3,der_siting_sizing,Ablation-NoDER,ablation,14,0.04544684,0.04544684,39,0.81825906,0.12436538,0.17787477,0.00000000,1.00000000,1.00000000,11,0.02500000,0.23741935,0.124135,public_simbench_planning_v7_direct_moea_de_controls
p3,der_siting_sizing,Ablation-NoDER,ablation,15,0.04549061,0.04549061,39,0.89264624,0.12410676,0.17579032,0.00000000,1.00000000,1.00000000,12,0.02500000,0.23741935,0.131840,public_simbench_planning_v7_direct_moea_de_controls
p3,der_siting_sizing,Ablation-NoDER,ablation,16,0.04625112,0.04625112,37,0.89264624,0.12410676,0.17579032,0.00000000,1.00000000,1.00000000,12,0.02500000,0.23741935,0.120483,public_simbench_planning_v7_direct_moea_de_controls
p3,der_siting_sizing,Ablation-NoDER,ablation,17,0.04608944,0.04608944,38,0.89264624,0.12410676,0.17579032,0.00000000,1.00000000,1.00000000,12,0.02500000,0.23741935,0.123414,public_simbench_planning_v7_direct_moea_de_controls
p3,der_siting_sizing,Ablation-NoDER,ablation,18,0.04305273,0.04305273,38,0.94152550,0.11853263,0.18097561,0.00000000,1.00000000,1.00000000,10,0.02500000,0.21322581,0.123364,public_simbench_planning_v7_direct_moea_de_controls
p3,der_siting_sizing,Ablation-NoDER,ablation,19,0.04598147,0.04598147,39,0.89264624,0.12410676,0.17579032,0.00000000,1.00000000,1.00000000,12,0.02500000,0.23741935,0.118159,public_simbench_planning_v7_direct_moea_de_controls
p3,der_siting_sizing,Ablation-NoDER,ablation,20,0.04620693,0.04620693,37,0.81825906,0.12436538,0.17787477,0.00000000,1.00000000,1.00000000,11,0.02500000,0.23741935,0.116066,public_simbench_planning_v7_direct_moea_de_controls
p3,der_siting_sizing,Ablation-NoDER,ablation,21,0.04553559,0.04553559,38,0.96703343,0.12384813,0.17370586,0.00000000,1.00000000,1.00000000,13,0.02500000,0.23741935,0.123356,public_simbench_planning_v7_direct_moea_de_controls
p3,der_siting_sizing,Ablation-NoDER,ablation,22,0.04644264,0.04644264,39,0.96703343,0.12384813,0.17370586,0.00000000,1.00000000,1.00000000,13,0.02500000,0.23741935,0.123989,public_simbench_planning_v7_direct_moea_de_controls
p3,der_siting_sizing,Ablation-NoDER,ablation,23,0.04511220,0.04511220,38,0.96703343,0.12384813,0.17370586,0.00000000,1.00000000,1.00000000,13,0.02500000,0.23741935,0.129616,public_simbench_planning_v7_direct_moea_de_controls
p3,der_siting_sizing,Ablation-NoDER,ablation,24,0.04629441,0.04629441,37,0.96703343,0.12384813,0.17370586,0.00000000,1.00000000,1.00000000,13,0.02500000,0.23741935,0.121651,public_simbench_planning_v7_direct_moea_de_controls
p3,der_siting_sizing,Ablation-NoDER,ablation,25,0.04630554,0.04630554,38,0.81825906,0.12436538,0.17787477,0.00000000,1.00000000,1.00000000,11,0.02500000,0.23741935,0.126240,public_simbench_planning_v7_direct_moea_de_controls
p3,der_siting_sizing,Ablation-NoDER,ablation,26,0.04582660,0.04582660,37,0.89264624,0.12410676,0.17579032,0.00000000,1.00000000,1.00000000,12,0.02500000,0.23741935,0.129780,public_simbench_planning_v7_direct_moea_de_controls
p3,der_siting_sizing,Ablation-NoDER,ablation,27,0.04587191,0.04587191,36,0.96703343,0.12384813,0.17370586,0.00000000,1.00000000,1.00000000,13,0.02500000,0.23741935,0.124294,public_simbench_planning_v7_direct_moea_de_controls
p3,der_siting_sizing,Ablation-NoDER,ablation,28,0.04553454,0.04553454,38,0.96703343,0.12384813,0.17370586,0.00000000,1.00000000,1.00000000,13,0.02500000,0.23741935,0.122489,public_simbench_planning_v7_direct_moea_de_controls
p3,der_siting_sizing,Ablation-NoDER,ablation,29,0.04578429,0.04578429,36,0.81825906,0.12436538,0.17787477,0.00000000,1.00000000,1.00000000,11,0.02500000,0.23741935,0.118231,public_simbench_planning_v7_direct_moea_de_controls
p3,storage_allocation,CARS-MODE,proposed,0,0.04339789,0.04339789,39,0.94437829,0.12393949,0.17451558,0.00002320,1.00000000,1.00000000,13,0.02497680,0.00000000,0.132896,public_simbench_planning_v7_direct_moea_de_controls
p3,storage_allocation,CARS-MODE,proposed,1,0.04400634,0.04400634,39,0.93984726,0.12395776,0.17467752,0.00002784,1.00000000,1.00000000,13,0.02497216,0.00000000,0.107620,public_simbench_planning_v7_direct_moea_de_controls
p3,storage_allocation,CARS-MODE,proposed,2,0.04257392,0.04257392,39,0.94890932,0.12392122,0.17435364,0.00001856,1.00000000,1.00000000,13,0.02498144,0.00000000,0.105908,public_simbench_planning_v7_direct_moea_de_controls
p3,storage_allocation,CARS-MODE,proposed,3,0.04394277,0.04394277,38,0.94437829,0.12393949,0.17451558,0.00002320,1.00000000,1.00000000,13,0.02497680,0.00000000,0.106798,public_simbench_planning_v7_direct_moea_de_controls
p3,storage_allocation,CARS-MODE,proposed,4,0.04277590,0.04277590,39,0.93531623,0.12397604,0.17483947,0.00003247,0.98985193,1.00000000,13,0.02496753,0.00000000,0.108661,public_simbench_planning_v7_direct_moea_de_controls
p3,storage_allocation,CARS-MODE,proposed,5,0.04322257,0.04322257,39,0.94437829,0.12393949,0.17451558,0.00002320,1.00000000,1.00000000,13,0.02497680,0.00000000,0.102012,public_simbench_planning_v7_direct_moea_de_controls
p3,storage_allocation,CARS-MODE,proposed,6,0.04568097,0.04568097,38,0.93531623,0.12397604,0.17483947,0.00003247,0.98985193,1.00000000,13,0.02496753,0.00000000,0.109465,public_simbench_planning_v7_direct_moea_de_controls
p3,storage_allocation,CARS-MODE,proposed,7,0.04246484,0.04246484,37,0.94437829,0.12393949,0.17451558,0.00002320,1.00000000,1.00000000,13,0.02497680,0.00000000,0.110109,public_simbench_planning_v7_direct_moea_de_controls
p3,storage_allocation,CARS-MODE,proposed,8,0.04245225,0.04245225,39,0.94890932,0.12392122,0.17435364,0.00001856,1.00000000,1.00000000,13,0.02498144,0.00000000,0.109156,public_simbench_planning_v7_direct_moea_de_controls
p3,storage_allocation,CARS-MODE,proposed,9,0.04444846,0.04444846,38,0.94890932,0.12392122,0.17435364,0.00001856,1.00000000,1.00000000,13,0.02498144,0.00000000,0.107950,public_simbench_planning_v7_direct_moea_de_controls
p3,storage_allocation,CARS-MODE,proposed,10,0.04489656,0.04489656,39,0.94437829,0.12393949,0.17451558,0.00002320,1.00000000,1.00000000,13,0.02497680,0.00000000,0.105590,public_simbench_planning_v7_direct_moea_de_controls
p3,storage_allocation,CARS-MODE,proposed,11,0.04398062,0.04398062,38,0.94890932,0.12392122,0.17435364,0.00001856,1.00000000,1.00000000,13,0.02498144,0.00000000,0.100588,public_simbench_planning_v7_direct_moea_de_controls
p3,storage_allocation,CARS-MODE,proposed,12,0.04288287,0.04288287,37,0.93531623,0.12397604,0.17483947,0.00003247,0.98985193,1.00000000,13,0.02496753,0.00000000,0.113476,public_simbench_planning_v7_direct_moea_de_controls
p3,storage_allocation,CARS-MODE,proposed,13,0.04481021,0.04481021,38,0.95797137,0.12388468,0.17402975,0.00000928,1.00000000,1.00000000,13,0.02499072,0.08853598,0.105067,public_simbench_planning_v7_direct_moea_de_controls
p3,storage_allocation,CARS-MODE,proposed,14,0.04474800,0.04474800,39,0.99611034,0.12377223,0.17324085,0.00004639,0.89084970,1.00000000,14,0.02495361,0.00000000,0.105365,public_simbench_planning_v7_direct_moea_de_controls
p3,storage_allocation,CARS-MODE,proposed,15,0.04510608,0.04510608,39,0.94890932,0.12392122,0.17435364,0.00001856,1.00000000,1.00000000,13,0.02498144,0.00000000,0.112311,public_simbench_planning_v7_direct_moea_de_controls
p3,storage_allocation,CARS-MODE,proposed,16,0.04436115,0.04436115,39,0.93531623,0.12397604,0.17483947,0.00003247,0.98985193,1.00000000,13,0.02496753,0.00000000,0.106974,public_simbench_planning_v7_direct_moea_de_controls
p3,storage_allocation,CARS-MODE,proposed,17,0.04586731,0.04586731,39,0.96250240,0.12386640,0.17386781,0.00000464,1.00000000,1.00000000,13,0.02499536,0.16297767,0.108505,public_simbench_planning_v7_direct_moea_de_controls
p3,storage_allocation,CARS-MODE,proposed,18,0.04287678,0.04287678,39,0.93984726,0.12395776,0.17467752,0.00002784,1.00000000,1.00000000,13,0.02497216,0.00000000,0.102381,public_simbench_planning_v7_direct_moea_de_controls
p3,storage_allocation,CARS-MODE,proposed,19,0.04063915,0.04063915,38,0.93531623,0.12397604,0.17483947,0.00003247,0.98985193,1.00000000,13,0.02496753,0.00000000,0.106714,public_simbench_planning_v7_direct_moea_de_controls
p3,storage_allocation,CARS-MODE,proposed,20,0.04197244,0.04197244,37,0.94890932,0.12392122,0.17435364,0.00001856,1.00000000,1.00000000,13,0.02498144,0.00000000,0.106706,public_simbench_planning_v7_direct_moea_de_controls
p3,storage_allocation,CARS-MODE,proposed,21,0.04375612,0.04375612,39,0.87905316,0.12416157,0.17627615,0.00001392,1.00000000,1.00000000,12,0.02498608,0.00000000,0.103977,public_simbench_planning_v7_direct_moea_de_controls
p3,storage_allocation,CARS-MODE,proposed,22,0.04065613,0.04065613,38,0.94437829,0.12393949,0.17451558,0.00002320,1.00000000,1.00000000,13,0.02497680,0.00000000,0.106551,public_simbench_planning_v7_direct_moea_de_controls
p3,storage_allocation,CARS-MODE,proposed,23,0.04285424,0.04285424,38,0.94890932,0.12392122,0.17435364,0.00001856,1.00000000,1.00000000,13,0.02498144,0.00000000,0.104257,public_simbench_planning_v7_direct_moea_de_controls
p3,storage_allocation,CARS-MODE,proposed,24,0.04489553,0.04489553,38,0.94437829,0.12393949,0.17451558,0.00002320,1.00000000,1.00000000,13,0.02497680,0.00000000,0.103940,public_simbench_planning_v7_direct_moea_de_controls
p3,storage_allocation,CARS-MODE,proposed,25,0.04230063,0.04230063,39,0.93531623,0.12397604,0.17483947,0.00003247,0.98985193,1.00000000,13,0.02496753,0.00000000,0.113838,public_simbench_planning_v7_direct_moea_de_controls
p3,storage_allocation,CARS-MODE,proposed,26,0.04269592,0.04269592,38,0.95344035,0.12390295,0.17419169,0.00001392,1.00000000,1.00000000,13,0.02498608,0.01409429,0.108751,public_simbench_planning_v7_direct_moea_de_controls
p3,storage_allocation,CARS-MODE,proposed,27,0.04461490,0.04461490,39,0.94437829,0.12393949,0.17451558,0.00002320,1.00000000,1.00000000,13,0.02497680,0.00000000,0.110644,public_simbench_planning_v7_direct_moea_de_controls
p3,storage_allocation,CARS-MODE,proposed,28,0.04464971,0.04464971,39,0.94437829,0.12393949,0.17451558,0.00002320,1.00000000,1.00000000,13,0.02497680,0.00000000,0.108026,public_simbench_planning_v7_direct_moea_de_controls
p3,storage_allocation,CARS-MODE,proposed,29,0.04509712,0.04509712,37,0.94437829,0.12393949,0.17451558,0.00002320,1.00000000,1.00000000,13,0.02497680,0.00000000,0.107670,public_simbench_planning_v7_direct_moea_de_controls
p3,storage_allocation,NSGA-II,baseline,0,0.04348716,0.04348716,40,0.94437829,0.12393949,0.17451558,0.00002320,1.00000000,1.00000000,13,0.02497680,0.00000000,0.078492,public_simbench_planning_v7_direct_moea_de_controls
p3,storage_allocation,NSGA-II,baseline,1,0.04299268,0.04299268,40,0.94437829,0.12393949,0.17451558,0.00002320,1.00000000,1.00000000,13,0.02497680,0.00000000,0.078486,public_simbench_planning_v7_direct_moea_de_controls
p3,storage_allocation,NSGA-II,baseline,2,0.04186081,0.04186081,40,0.94890932,0.12392122,0.17435364,0.00001856,1.00000000,1.00000000,13,0.02498144,0.00000000,0.076962,public_simbench_planning_v7_direct_moea_de_controls
p3,storage_allocation,NSGA-II,baseline,3,0.04353414,0.04353414,40,0.94437829,0.12393949,0.17451558,0.00002320,1.00000000,1.00000000,13,0.02497680,0.00000000,0.079759,public_simbench_planning_v7_direct_moea_de_controls
p3,storage_allocation,NSGA-II,baseline,4,0.04247198,0.04247198,40,0.94437829,0.12393949,0.17451558,0.00002320,1.00000000,1.00000000,13,0.02497680,0.00000000,0.076842,public_simbench_planning_v7_direct_moea_de_controls
p3,storage_allocation,NSGA-II,baseline,5,0.04186974,0.04186974,40,0.95344035,0.12390295,0.17419169,0.00001392,1.00000000,1.00000000,13,0.02498608,0.01409429,0.077435,public_simbench_planning_v7_direct_moea_de_controls
p3,storage_allocation,NSGA-II,baseline,6,0.04442421,0.04442421,40,0.95344035,0.12390295,0.17419169,0.00001392,1.00000000,1.00000000,13,0.02498608,0.01409429,0.078863,public_simbench_planning_v7_direct_moea_de_controls
p3,storage_allocation,NSGA-II,baseline,7,0.04382092,0.04382092,40,0.80466597,0.12442020,0.17836060,0.00001392,1.00000000,1.00000000,11,0.02498608,0.00000000,0.077903,public_simbench_planning_v7_direct_moea_de_controls
p3,storage_allocation,NSGA-II,baseline,8,0.04193559,0.04193559,40,0.93984726,0.12395776,0.17467752,0.00002784,1.00000000,1.00000000,13,0.02497216,0.00000000,0.076734,public_simbench_planning_v7_direct_moea_de_controls
p3,storage_allocation,NSGA-II,baseline,9,0.04178580,0.04178580,40,0.99778857,0.11834709,0.17953893,0.00001856,0.95991364,1.00000000,11,0.02498144,0.00000000,0.078958,public_simbench_planning_v7_direct_moea_de_controls
p3,storage_allocation,NSGA-II,baseline,10,0.04293217,0.04293217,40,0.94437829,0.12393949,0.17451558,0.00002320,1.00000000,1.00000000,13,0.02497680,0.00000000,0.076628,public_simbench_planning_v7_direct_moea_de_controls
p3,storage_allocation,NSGA-II,baseline,11,0.04119459,0.04119459,40,0.94437829,0.12393949,0.17451558,0.00002320,1.00000000,1.00000000,13,0.02497680,0.00000000,0.078319,public_simbench_planning_v7_direct_moea_de_controls
p3,storage_allocation,NSGA-II,baseline,12,0.04306965,0.04306965,40,0.94890932,0.12392122,0.17435364,0.00001856,1.00000000,1.00000000,13,0.02498144,0.00000000,0.077471,public_simbench_planning_v7_direct_moea_de_controls
p3,storage_allocation,NSGA-II,baseline,13,0.04298636,0.04298636,40,0.87905316,0.12416157,0.17627615,0.00001392,1.00000000,1.00000000,12,0.02498608,0.00000000,0.077842,public_simbench_planning_v7_direct_moea_de_controls
p3,storage_allocation,NSGA-II,baseline,14,0.04171920,0.04171920,40,0.86999110,0.12419812,0.17660003,0.00002320,1.00000000,1.00000000,12,0.02497680,0.00000000,0.078936,public_simbench_planning_v7_direct_moea_de_controls
p3,storage_allocation,NSGA-II,baseline,15,0.04343177,0.04343177,40,0.95471317,0.12250553,0.17836036,0.00149494,1.00000000,1.00000000,11,0.02350506,0.00000000,0.078564,public_simbench_planning_v7_direct_moea_de_controls
p3,storage_allocation,NSGA-II,baseline,16,0.04244988,0.04244988,40,0.93984726,0.12395776,0.17467752,0.00002784,1.00000000,1.00000000,13,0.02497216,0.00000000,0.078417,public_simbench_planning_v7_direct_moea_de_controls
p3,storage_allocation,NSGA-II,baseline,17,0.04446287,0.04446287,40,0.93984726,0.12395776,0.17467752,0.00002784,1.00000000,1.00000000,13,0.02497216,0.00000000,0.079579,public_simbench_planning_v7_direct_moea_de_controls
p3,storage_allocation,NSGA-II,baseline,18,0.04233618,0.04233618,40,0.93984726,0.12395776,0.17467752,0.00002784,1.00000000,1.00000000,13,0.02497216,0.00000000,0.077958,public_simbench_planning_v7_direct_moea_de_controls
p3,storage_allocation,NSGA-II,baseline,19,0.04372810,0.04372810,40,0.94437829,0.12393949,0.17451558,0.00002320,1.00000000,1.00000000,13,0.02497680,0.00000000,0.079089,public_simbench_planning_v7_direct_moea_de_controls
p3,storage_allocation,NSGA-II,baseline,20,0.04334215,0.04334215,40,0.88358419,0.12414330,0.17611420,0.00000928,1.00000000,1.00000000,12,0.02499072,0.07612903,0.078495,public_simbench_planning_v7_direct_moea_de_controls
p3,storage_allocation,NSGA-II,baseline,21,0.04303194,0.04303194,40,0.94437829,0.12393949,0.17451558,0.00002320,1.00000000,1.00000000,13,0.02497680,0.00000000,0.078772,public_simbench_planning_v7_direct_moea_de_controls
p3,storage_allocation,NSGA-II,baseline,22,0.04226852,0.04226852,40,0.94437829,0.12393949,0.17451558,0.00002320,1.00000000,1.00000000,13,0.02497680,0.00000000,0.079295,public_simbench_planning_v7_direct_moea_de_controls
p3,storage_allocation,NSGA-II,baseline,23,0.04366598,0.04366598,40,0.94437829,0.12393949,0.17451558,0.00002320,1.00000000,1.00000000,13,0.02497680,0.00000000,0.075916,public_simbench_planning_v7_direct_moea_de_controls
p3,storage_allocation,NSGA-II,baseline,24,0.04276431,0.04276431,40,0.94437829,0.12393949,0.17451558,0.00002320,1.00000000,1.00000000,13,0.02497680,0.00000000,0.079336,public_simbench_planning_v7_direct_moea_de_controls
p3,storage_allocation,NSGA-II,baseline,25,0.04214996,0.04214996,40,0.94437829,0.12393949,0.17451558,0.00002320,1.00000000,1.00000000,13,0.02497680,0.00000000,0.080885,public_simbench_planning_v7_direct_moea_de_controls
p3,storage_allocation,NSGA-II,baseline,26,0.04177064,0.04177064,40,0.94939111,0.12253390,0.17855985,0.00148556,0.99881308,1.00000000,11,0.02351444,0.00000000,0.077522,public_simbench_planning_v7_direct_moea_de_controls
p3,storage_allocation,NSGA-II,baseline,27,0.04394300,0.04394300,40,0.86546007,0.12421639,0.17676198,0.00002784,0.96842411,1.00000000,12,0.02497216,0.00000000,0.076545,public_simbench_planning_v7_direct_moea_de_controls
p3,storage_allocation,NSGA-II,baseline,28,0.04357639,0.04357639,40,0.94890932,0.12392122,0.17435364,0.00001856,1.00000000,1.00000000,13,0.02498144,0.00000000,0.076069,public_simbench_planning_v7_direct_moea_de_controls
p3,storage_allocation,NSGA-II,baseline,29,0.04159038,0.04159038,40,0.93246344,0.11856917,0.18129950,0.00000928,0.99870084,1.00000000,10,0.02499072,0.01967742,0.077509,public_simbench_planning_v7_direct_moea_de_controls
p3,storage_allocation,NSGA-II+Repair,baseline,0,0.04086126,0.04086126,40,0.94437829,0.12393949,0.17451558,0.00002320,1.00000000,1.00000000,13,0.02497680,0.00000000,0.080772,public_simbench_planning_v7_direct_moea_de_controls
p3,storage_allocation,NSGA-II+Repair,baseline,1,0.04147364,0.04147364,40,0.94890932,0.12392122,0.17435364,0.00001856,1.00000000,1.00000000,13,0.02498144,0.00000000,0.078723,public_simbench_planning_v7_direct_moea_de_controls
p3,storage_allocation,NSGA-II+Repair,baseline,2,0.04195324,0.04195324,40,0.94437829,0.12393949,0.17451558,0.00002320,1.00000000,1.00000000,13,0.02497680,0.00000000,0.078652,public_simbench_planning_v7_direct_moea_de_controls
p3,storage_allocation,NSGA-II+Repair,baseline,3,0.04147917,0.04147917,40,0.86999110,0.12419812,0.17660003,0.00002320,1.00000000,1.00000000,12,0.02497680,0.00000000,0.081861,public_simbench_planning_v7_direct_moea_de_controls
p3,storage_allocation,NSGA-II+Repair,baseline,4,0.04244385,0.04244385,40,0.99611034,0.12377223,0.17324085,0.00004639,0.89084970,1.00000000,14,0.02495361,0.00000000,0.083380,public_simbench_planning_v7_direct_moea_de_controls
p3,storage_allocation,NSGA-II+Repair,baseline,5,0.04265943,0.04265943,40,0.80466597,0.12442020,0.17836060,0.00001392,1.00000000,1.00000000,11,0.02498608,0.00000000,0.078221,public_simbench_planning_v7_direct_moea_de_controls
p3,storage_allocation,NSGA-II+Repair,baseline,6,0.04061885,0.04061885,40,0.94890932,0.12392122,0.17435364,0.00001856,1.00000000,1.00000000,13,0.02498144,0.00000000,0.080295,public_simbench_planning_v7_direct_moea_de_controls
p3,storage_allocation,NSGA-II+Repair,baseline,7,0.04305476,0.04305476,40,0.93984726,0.12395776,0.17467752,0.00002784,1.00000000,1.00000000,13,0.02497216,0.00000000,0.076792,public_simbench_planning_v7_direct_moea_de_controls
p3,storage_allocation,NSGA-II+Repair,baseline,8,0.04437467,0.04437467,40,0.93984726,0.12395776,0.17467752,0.00002784,1.00000000,1.00000000,13,0.02497216,0.00000000,0.077520,public_simbench_planning_v7_direct_moea_de_controls
p3,storage_allocation,NSGA-II+Repair,baseline,9,0.04414557,0.04414557,40,0.94890932,0.12392122,0.17435364,0.00001856,1.00000000,1.00000000,13,0.02498144,0.00000000,0.077379,public_simbench_planning_v7_direct_moea_de_controls
p3,storage_allocation,NSGA-II+Repair,baseline,10,0.04440940,0.04440940,40,0.94437829,0.12393949,0.17451558,0.00002320,1.00000000,1.00000000,13,0.02497680,0.00000000,0.079618,public_simbench_planning_v7_direct_moea_de_controls
p3,storage_allocation,NSGA-II+Repair,baseline,11,0.04159042,0.04159042,40,0.94437829,0.12393949,0.17451558,0.00002320,1.00000000,1.00000000,13,0.02497680,0.00000000,0.078893,public_simbench_planning_v7_direct_moea_de_controls
p3,storage_allocation,NSGA-II+Repair,baseline,12,0.04377639,0.04377639,40,0.94437829,0.12393949,0.17451558,0.00002320,1.00000000,1.00000000,13,0.02497680,0.00000000,0.081030,public_simbench_planning_v7_direct_moea_de_controls
p3,storage_allocation,NSGA-II+Repair,baseline,13,0.04272354,0.04272354,40,0.94890932,0.12392122,0.17435364,0.00001856,1.00000000,1.00000000,13,0.02498144,0.00000000,0.078364,public_simbench_planning_v7_direct_moea_de_controls
p3,storage_allocation,NSGA-II+Repair,baseline,14,0.04302295,0.04302295,40,0.93531623,0.12397604,0.17483947,0.00003247,0.98985193,1.00000000,13,0.02496753,0.00000000,0.078318,public_simbench_planning_v7_direct_moea_de_controls
p3,storage_allocation,NSGA-II+Repair,baseline,15,0.04299613,0.04299613,40,0.94890932,0.12392122,0.17435364,0.00001856,1.00000000,1.00000000,13,0.02498144,0.00000000,0.078124,public_simbench_planning_v7_direct_moea_de_controls
p3,storage_allocation,NSGA-II+Repair,baseline,16,0.04308590,0.04308590,40,0.94890932,0.12392122,0.17435364,0.00001856,1.00000000,1.00000000,13,0.02498144,0.00000000,0.077791,public_simbench_planning_v7_direct_moea_de_controls
p3,storage_allocation,NSGA-II+Repair,baseline,17,0.04206818,0.04206818,40,0.94890932,0.12392122,0.17435364,0.00001856,1.00000000,1.00000000,13,0.02498144,0.00000000,0.079559,public_simbench_planning_v7_direct_moea_de_controls
p3,storage_allocation,NSGA-II+Repair,baseline,18,0.04217936,0.04217936,40,0.95344035,0.12390295,0.17419169,0.00001392,1.00000000,1.00000000,13,0.02498608,0.01409429,0.080241,public_simbench_planning_v7_direct_moea_de_controls
p3,storage_allocation,NSGA-II+Repair,baseline,19,0.04420691,0.04420691,40,0.95797137,0.12388468,0.17402975,0.00000928,1.00000000,1.00000000,13,0.02499072,0.08853598,0.077555,public_simbench_planning_v7_direct_moea_de_controls
p3,storage_allocation,NSGA-II+Repair,baseline,20,0.04301897,0.04301897,40,0.94437829,0.12393949,0.17451558,0.00002320,1.00000000,1.00000000,13,0.02497680,0.00000000,0.081200,public_simbench_planning_v7_direct_moea_de_controls
p3,storage_allocation,NSGA-II+Repair,baseline,21,0.04366873,0.04366873,40,0.94890932,0.12392122,0.17435364,0.00001856,1.00000000,1.00000000,13,0.02498144,0.00000000,0.076201,public_simbench_planning_v7_direct_moea_de_controls
p3,storage_allocation,NSGA-II+Repair,baseline,22,0.04332320,0.04332320,40,0.87905316,0.12416157,0.17627615,0.00001392,1.00000000,1.00000000,12,0.02498608,0.00000000,0.076385,public_simbench_planning_v7_direct_moea_de_controls
p3,storage_allocation,NSGA-II+Repair,baseline,23,0.04295909,0.04295909,40,0.94890932,0.12392122,0.17435364,0.00001856,1.00000000,1.00000000,13,0.02498144,0.00000000,0.078536,public_simbench_planning_v7_direct_moea_de_controls
p3,storage_allocation,NSGA-II+Repair,baseline,24,0.04476529,0.04476529,40,0.93531623,0.12397604,0.17483947,0.00003247,0.98985193,1.00000000,13,0.02496753,0.00000000,0.078980,public_simbench_planning_v7_direct_moea_de_controls
p3,storage_allocation,NSGA-II+Repair,baseline,25,0.04242710,0.04242710,40,0.87905316,0.12416157,0.17627615,0.00001392,1.00000000,1.00000000,12,0.02498608,0.00000000,0.076874,public_simbench_planning_v7_direct_moea_de_controls
p3,storage_allocation,NSGA-II+Repair,baseline,26,0.04430525,0.04430525,40,0.93984726,0.12395776,0.17467752,0.00002784,1.00000000,1.00000000,13,0.02497216,0.00000000,0.078801,public_simbench_planning_v7_direct_moea_de_controls
p3,storage_allocation,NSGA-II+Repair,baseline,27,0.04110222,0.04110222,40,0.94437829,0.12393949,0.17451558,0.00002320,1.00000000,1.00000000,13,0.02497680,0.00000000,0.079110,public_simbench_planning_v7_direct_moea_de_controls
p3,storage_allocation,NSGA-II+Repair,baseline,28,0.04156032,0.04156032,40,0.94354409,0.11992882,0.17939772,0.00001392,1.00000000,1.00000000,11,0.02498608,0.00000000,0.079430,public_simbench_planning_v7_direct_moea_de_controls
p3,storage_allocation,NSGA-II+Repair,baseline,29,0.04302125,0.04302125,40,0.96250240,0.12386640,0.17386781,0.00000464,1.00000000,1.00000000,13,0.02499536,0.16297767,0.075957,public_simbench_planning_v7_direct_moea_de_controls
p3,storage_allocation,MOEA/D,baseline,0,0.00047204,0.00047204,1,0.00000000,0.12721025,0.20080373,0.00000000,0.35000000,0.42000000,0,0.02500000,0.56000000,0.375185,public_simbench_planning_v7_direct_moea_de_controls
p3,storage_allocation,MOEA/D,baseline,1,0.00047204,0.00047204,1,0.00000000,0.12721025,0.20080373,0.00000000,0.35000000,0.42000000,0,0.02500000,0.56000000,0.370896,public_simbench_planning_v7_direct_moea_de_controls
p3,storage_allocation,MOEA/D,baseline,2,0.00047204,0.00047204,1,0.00000000,0.12721025,0.20080373,0.00000000,0.35000000,0.42000000,0,0.02500000,0.56000000,0.369289,public_simbench_planning_v7_direct_moea_de_controls
p3,storage_allocation,MOEA/D,baseline,3,0.00047204,0.00047204,1,0.00000000,0.12721025,0.20080373,0.00000000,0.35000000,0.42000000,0,0.02500000,0.56000000,0.370739,public_simbench_planning_v7_direct_moea_de_controls
p3,storage_allocation,MOEA/D,baseline,4,0.00047204,0.00047204,1,0.00000000,0.12721025,0.20080373,0.00000000,0.35000000,0.42000000,0,0.02500000,0.56000000,0.369777,public_simbench_planning_v7_direct_moea_de_controls
p3,storage_allocation,MOEA/D,baseline,5,0.00047204,0.00047204,1,0.00000000,0.12721025,0.20080373,0.00000000,0.35000000,0.42000000,0,0.02500000,0.56000000,0.378532,public_simbench_planning_v7_direct_moea_de_controls
p3,storage_allocation,MOEA/D,baseline,6,0.00047204,0.00047204,1,0.00000000,0.12721025,0.20080373,0.00000000,0.35000000,0.42000000,0,0.02500000,0.56000000,0.377958,public_simbench_planning_v7_direct_moea_de_controls
p3,storage_allocation,MOEA/D,baseline,7,0.00047204,0.00047204,1,0.00000000,0.12721025,0.20080373,0.00000000,0.35000000,0.42000000,0,0.02500000,0.56000000,0.375403,public_simbench_planning_v7_direct_moea_de_controls
p3,storage_allocation,MOEA/D,baseline,8,0.00047204,0.00047204,1,0.00000000,0.12721025,0.20080373,0.00000000,0.35000000,0.42000000,0,0.02500000,0.56000000,0.373455,public_simbench_planning_v7_direct_moea_de_controls
p3,storage_allocation,MOEA/D,baseline,9,0.00047204,0.00047204,1,0.00000000,0.12721025,0.20080373,0.00000000,0.35000000,0.42000000,0,0.02500000,0.56000000,0.371150,public_simbench_planning_v7_direct_moea_de_controls
p3,storage_allocation,MOEA/D,baseline,10,0.00047204,0.00047204,1,0.00000000,0.12721025,0.20080373,0.00000000,0.35000000,0.42000000,0,0.02500000,0.56000000,0.371141,public_simbench_planning_v7_direct_moea_de_controls
p3,storage_allocation,MOEA/D,baseline,11,0.00047204,0.00047204,1,0.00000000,0.12721025,0.20080373,0.00000000,0.35000000,0.42000000,0,0.02500000,0.56000000,0.373459,public_simbench_planning_v7_direct_moea_de_controls
p3,storage_allocation,MOEA/D,baseline,12,0.00047204,0.00047204,1,0.00000000,0.12721025,0.20080373,0.00000000,0.35000000,0.42000000,0,0.02500000,0.56000000,0.371963,public_simbench_planning_v7_direct_moea_de_controls
p3,storage_allocation,MOEA/D,baseline,13,0.00047204,0.00047204,1,0.00000000,0.12721025,0.20080373,0.00000000,0.35000000,0.42000000,0,0.02500000,0.56000000,0.378173,public_simbench_planning_v7_direct_moea_de_controls
p3,storage_allocation,MOEA/D,baseline,14,0.00047204,0.00047204,1,0.00000000,0.12721025,0.20080373,0.00000000,0.35000000,0.42000000,0,0.02500000,0.56000000,0.366507,public_simbench_planning_v7_direct_moea_de_controls
p3,storage_allocation,MOEA/D,baseline,15,0.00047204,0.00047204,1,0.00000000,0.12721025,0.20080373,0.00000000,0.35000000,0.42000000,0,0.02500000,0.56000000,0.374178,public_simbench_planning_v7_direct_moea_de_controls
p3,storage_allocation,MOEA/D,baseline,16,0.00047204,0.00047204,1,0.00000000,0.12721025,0.20080373,0.00000000,0.35000000,0.42000000,0,0.02500000,0.56000000,0.373962,public_simbench_planning_v7_direct_moea_de_controls
p3,storage_allocation,MOEA/D,baseline,17,0.00047204,0.00047204,1,0.00000000,0.12721025,0.20080373,0.00000000,0.35000000,0.42000000,0,0.02500000,0.56000000,0.372029,public_simbench_planning_v7_direct_moea_de_controls
p3,storage_allocation,MOEA/D,baseline,18,0.00047204,0.00047204,1,0.00000000,0.12721025,0.20080373,0.00000000,0.35000000,0.42000000,0,0.02500000,0.56000000,0.371941,public_simbench_planning_v7_direct_moea_de_controls
p3,storage_allocation,MOEA/D,baseline,19,0.00047204,0.00047204,1,0.00000000,0.12721025,0.20080373,0.00000000,0.35000000,0.42000000,0,0.02500000,0.56000000,0.368890,public_simbench_planning_v7_direct_moea_de_controls
p3,storage_allocation,MOEA/D,baseline,20,0.00047204,0.00047204,1,0.00000000,0.12721025,0.20080373,0.00000000,0.35000000,0.42000000,0,0.02500000,0.56000000,0.379926,public_simbench_planning_v7_direct_moea_de_controls
p3,storage_allocation,MOEA/D,baseline,21,0.00047204,0.00047204,1,0.00000000,0.12721025,0.20080373,0.00000000,0.35000000,0.42000000,0,0.02500000,0.56000000,0.376850,public_simbench_planning_v7_direct_moea_de_controls
p3,storage_allocation,MOEA/D,baseline,22,0.00047204,0.00047204,1,0.00000000,0.12721025,0.20080373,0.00000000,0.35000000,0.42000000,0,0.02500000,0.56000000,0.380757,public_simbench_planning_v7_direct_moea_de_controls
p3,storage_allocation,MOEA/D,baseline,23,0.00047204,0.00047204,1,0.00000000,0.12721025,0.20080373,0.00000000,0.35000000,0.42000000,0,0.02500000,0.56000000,0.375368,public_simbench_planning_v7_direct_moea_de_controls
p3,storage_allocation,MOEA/D,baseline,24,0.00047204,0.00047204,1,0.00000000,0.12721025,0.20080373,0.00000000,0.35000000,0.42000000,0,0.02500000,0.56000000,0.380058,public_simbench_planning_v7_direct_moea_de_controls
p3,storage_allocation,MOEA/D,baseline,25,0.00047204,0.00047204,1,0.00000000,0.12721025,0.20080373,0.00000000,0.35000000,0.42000000,0,0.02500000,0.56000000,0.374920,public_simbench_planning_v7_direct_moea_de_controls
p3,storage_allocation,MOEA/D,baseline,26,0.00047204,0.00047204,1,0.00000000,0.12721025,0.20080373,0.00000000,0.35000000,0.42000000,0,0.02500000,0.56000000,0.369965,public_simbench_planning_v7_direct_moea_de_controls
p3,storage_allocation,MOEA/D,baseline,27,0.00047204,0.00047204,1,0.00000000,0.12721025,0.20080373,0.00000000,0.35000000,0.42000000,0,0.02500000,0.56000000,0.376637,public_simbench_planning_v7_direct_moea_de_controls
p3,storage_allocation,MOEA/D,baseline,28,0.00047204,0.00047204,1,0.00000000,0.12721025,0.20080373,0.00000000,0.35000000,0.42000000,0,0.02500000,0.56000000,0.375781,public_simbench_planning_v7_direct_moea_de_controls
p3,storage_allocation,MOEA/D,baseline,29,0.00047204,0.00047204,1,0.00000000,0.12721025,0.20080373,0.00000000,0.35000000,0.42000000,0,0.02500000,0.56000000,0.374371,public_simbench_planning_v7_direct_moea_de_controls
p3,storage_allocation,GDE3,baseline,0,0.04288605,0.04288605,38,0.94890932,0.12392122,0.17435364,0.00001856,1.00000000,1.00000000,13,0.02498144,0.00000000,0.053280,public_simbench_planning_v7_direct_moea_de_controls
p3,storage_allocation,GDE3,baseline,1,0.04130633,0.04130633,39,0.95344035,0.12390295,0.17419169,0.00001392,1.00000000,1.00000000,13,0.02498608,0.01409429,0.051101,public_simbench_planning_v7_direct_moea_de_controls
p3,storage_allocation,GDE3,baseline,2,0.04285241,0.04285241,37,0.80013494,0.12443847,0.17852254,0.00001856,1.00000000,1.00000000,11,0.02498144,0.00000000,0.051771,public_simbench_planning_v7_direct_moea_de_controls
p3,storage_allocation,GDE3,baseline,3,0.04205903,0.04205903,39,0.94437829,0.12393949,0.17451558,0.00002320,1.00000000,1.00000000,13,0.02497680,0.00000000,0.051242,public_simbench_planning_v7_direct_moea_de_controls
p3,storage_allocation,GDE3,baseline,4,0.04278339,0.04278339,39,0.80013494,0.12443847,0.17852254,0.00001856,1.00000000,1.00000000,11,0.02498144,0.00000000,0.051860,public_simbench_planning_v7_direct_moea_de_controls
p3,storage_allocation,GDE3,baseline,5,0.04267141,0.04267141,37,0.86999110,0.12419812,0.17660003,0.00002320,1.00000000,1.00000000,12,0.02497680,0.00000000,0.052188,public_simbench_planning_v7_direct_moea_de_controls
p3,storage_allocation,GDE3,baseline,6,0.04368439,0.04368439,39,0.94437829,0.12393949,0.17451558,0.00002320,1.00000000,1.00000000,13,0.02497680,0.00000000,0.051820,public_simbench_planning_v7_direct_moea_de_controls
p3,storage_allocation,GDE3,baseline,7,0.04033471,0.04033471,39,0.99778857,0.11834709,0.17953893,0.00001856,0.95991364,1.00000000,11,0.02498144,0.00000000,0.050716,public_simbench_planning_v7_direct_moea_de_controls
p3,storage_allocation,GDE3,baseline,8,0.04045935,0.04045935,39,0.94437829,0.12393949,0.17451558,0.00002320,1.00000000,1.00000000,13,0.02497680,0.00000000,0.051584,public_simbench_planning_v7_direct_moea_de_controls
p3,storage_allocation,GDE3,baseline,9,0.04244145,0.04244145,39,0.94437829,0.12393949,0.17451558,0.00002320,1.00000000,1.00000000,13,0.02497680,0.00000000,0.051790,public_simbench_planning_v7_direct_moea_de_controls
p3,storage_allocation,GDE3,baseline,10,0.04321272,0.04321272,38,0.94437829,0.12393949,0.17451558,0.00002320,1.00000000,1.00000000,13,0.02497680,0.00000000,0.051932,public_simbench_planning_v7_direct_moea_de_controls
p3,storage_allocation,GDE3,baseline,11,0.04302565,0.04302565,39,0.80013494,0.12443847,0.17852254,0.00001856,1.00000000,1.00000000,11,0.02498144,0.00000000,0.051670,public_simbench_planning_v7_direct_moea_de_controls
p3,storage_allocation,GDE3,baseline,12,0.04215860,0.04215860,39,0.95344035,0.12390295,0.17419169,0.00001392,1.00000000,1.00000000,13,0.02498608,0.01409429,0.051309,public_simbench_planning_v7_direct_moea_de_controls
p3,storage_allocation,GDE3,baseline,13,0.04409768,0.04409768,39,0.93984726,0.12395776,0.17467752,0.00002784,1.00000000,1.00000000,13,0.02497216,0.00000000,0.052258,public_simbench_planning_v7_direct_moea_de_controls
p3,storage_allocation,GDE3,baseline,14,0.04257387,0.04257387,39,0.94437829,0.12393949,0.17451558,0.00002320,1.00000000,1.00000000,13,0.02497680,0.00000000,0.051905,public_simbench_planning_v7_direct_moea_de_controls
p3,storage_allocation,GDE3,baseline,15,0.04168436,0.04168436,39,0.94437829,0.12393949,0.17451558,0.00002320,1.00000000,1.00000000,13,0.02497680,0.00000000,0.052307,public_simbench_planning_v7_direct_moea_de_controls
p3,storage_allocation,GDE3,baseline,16,0.04303874,0.04303874,39,0.94437829,0.12393949,0.17451558,0.00002320,1.00000000,1.00000000,13,0.02497680,0.00000000,0.051862,public_simbench_planning_v7_direct_moea_de_controls
p3,storage_allocation,GDE3,baseline,17,0.04227831,0.04227831,39,0.80013494,0.12443847,0.17852254,0.00001856,1.00000000,1.00000000,11,0.02498144,0.00000000,0.051222,public_simbench_planning_v7_direct_moea_de_controls
p3,storage_allocation,GDE3,baseline,18,0.04367401,0.04367401,38,0.93531623,0.12397604,0.17483947,0.00003247,0.98985193,1.00000000,13,0.02496753,0.00000000,0.052106,public_simbench_planning_v7_direct_moea_de_controls
p3,storage_allocation,GDE3,baseline,19,0.04292156,0.04292156,39,0.80013494,0.12443847,0.17852254,0.00001856,1.00000000,1.00000000,11,0.02498144,0.00000000,0.052196,public_simbench_planning_v7_direct_moea_de_controls
p3,storage_allocation,GDE3,baseline,20,0.04425957,0.04425957,39,0.86092905,0.12423466,0.17692392,0.00003247,0.90820908,1.00000000,12,0.02496753,0.00000000,0.051680,public_simbench_planning_v7_direct_moea_de_controls
p3,storage_allocation,GDE3,baseline,21,0.04502793,0.04502793,39,0.87905316,0.12416157,0.17627615,0.00001392,1.00000000,1.00000000,12,0.02498608,0.00000000,0.050653,public_simbench_planning_v7_direct_moea_de_controls
p3,storage_allocation,GDE3,baseline,22,0.04264395,0.04264395,38,0.93531623,0.12397604,0.17483947,0.00003247,0.98985193,1.00000000,13,0.02496753,0.00000000,0.052020,public_simbench_planning_v7_direct_moea_de_controls
p3,storage_allocation,GDE3,baseline,23,0.04159316,0.04159316,38,0.80013494,0.12443847,0.17852254,0.00001856,1.00000000,1.00000000,11,0.02498144,0.00000000,0.051477,public_simbench_planning_v7_direct_moea_de_controls
p3,storage_allocation,GDE3,baseline,24,0.04257574,0.04257574,39,0.93984726,0.12395776,0.17467752,0.00002784,1.00000000,1.00000000,13,0.02497216,0.00000000,0.053011,public_simbench_planning_v7_direct_moea_de_controls
p3,storage_allocation,GDE3,baseline,25,0.04268921,0.04268921,38,0.87452213,0.12417984,0.17643809,0.00001856,1.00000000,1.00000000,12,0.02498144,0.00000000,0.051285,public_simbench_planning_v7_direct_moea_de_controls
p3,storage_allocation,GDE3,baseline,26,0.04298876,0.04298876,39,0.93984726,0.12395776,0.17467752,0.00002784,1.00000000,1.00000000,13,0.02497216,0.00000000,0.050780,public_simbench_planning_v7_direct_moea_de_controls
p3,storage_allocation,GDE3,baseline,27,0.03902802,0.03902802,39,0.79560392,0.12445674,0.17868448,0.00002320,0.94699628,1.00000000,11,0.02497680,0.00000000,0.051655,public_simbench_planning_v7_direct_moea_de_controls
p3,storage_allocation,GDE3,baseline,28,0.04168537,0.04168537,39,0.94890932,0.12392122,0.17435364,0.00001856,1.00000000,1.00000000,13,0.02498144,0.00000000,0.051023,public_simbench_planning_v7_direct_moea_de_controls
p3,storage_allocation,GDE3,baseline,29,0.04411404,0.04411404,39,0.94437829,0.12393949,0.17451558,0.00002320,1.00000000,1.00000000,13,0.02497680,0.00000000,0.051805,public_simbench_planning_v7_direct_moea_de_controls
p3,storage_allocation,NSDE,baseline,0,0.04219201,0.04219201,39,0.93531623,0.12397604,0.17483947,0.00003247,0.98985193,1.00000000,13,0.02496753,0.00000000,0.051251,public_simbench_planning_v7_direct_moea_de_controls
p3,storage_allocation,NSDE,baseline,1,0.04355282,0.04355282,39,0.94437829,0.12393949,0.17451558,0.00002320,1.00000000,1.00000000,13,0.02497680,0.00000000,0.051839,public_simbench_planning_v7_direct_moea_de_controls
p3,storage_allocation,NSDE,baseline,2,0.04194322,0.04194322,39,0.94890932,0.12392122,0.17435364,0.00001856,1.00000000,1.00000000,13,0.02498144,0.00000000,0.051001,public_simbench_planning_v7_direct_moea_de_controls
p3,storage_allocation,NSDE,baseline,3,0.04319842,0.04319842,38,0.94437829,0.12393949,0.17451558,0.00002320,1.00000000,1.00000000,13,0.02497680,0.00000000,0.051037,public_simbench_planning_v7_direct_moea_de_controls
p3,storage_allocation,NSDE,baseline,4,0.04235021,0.04235021,39,0.94890932,0.12392122,0.17435364,0.00001856,1.00000000,1.00000000,13,0.02498144,0.00000000,0.051776,public_simbench_planning_v7_direct_moea_de_controls
p3,storage_allocation,NSDE,baseline,5,0.04339685,0.04339685,39,0.87452213,0.12417984,0.17643809,0.00001856,1.00000000,1.00000000,12,0.02498144,0.00000000,0.051310,public_simbench_planning_v7_direct_moea_de_controls
p3,storage_allocation,NSDE,baseline,6,0.04060237,0.04060237,38,0.94890932,0.12392122,0.17435364,0.00001856,1.00000000,1.00000000,13,0.02498144,0.00000000,0.051786,public_simbench_planning_v7_direct_moea_de_controls
p3,storage_allocation,NSDE,baseline,7,0.04196472,0.04196472,39,0.93984726,0.12395776,0.17467752,0.00002784,1.00000000,1.00000000,13,0.02497216,0.00000000,0.051291,public_simbench_planning_v7_direct_moea_de_controls
p3,storage_allocation,NSDE,baseline,8,0.04190516,0.04190516,39,0.94437829,0.12393949,0.17451558,0.00002320,1.00000000,1.00000000,13,0.02497680,0.00000000,0.051075,public_simbench_planning_v7_direct_moea_de_controls
p3,storage_allocation,NSDE,baseline,9,0.04335869,0.04335869,40,0.93246344,0.11856917,0.18129950,0.00000928,0.99870084,1.00000000,10,0.02499072,0.01967742,0.051921,public_simbench_planning_v7_direct_moea_de_controls
p3,storage_allocation,NSDE,baseline,10,0.04164425,0.04164425,39,0.93984726,0.12395776,0.17467752,0.00002784,1.00000000,1.00000000,13,0.02497216,0.00000000,0.051331,public_simbench_planning_v7_direct_moea_de_controls
p3,storage_allocation,NSDE,baseline,11,0.04300546,0.04300546,38,0.94437829,0.12393949,0.17451558,0.00002320,1.00000000,1.00000000,13,0.02497680,0.00000000,0.051714,public_simbench_planning_v7_direct_moea_de_controls
p3,storage_allocation,NSDE,baseline,12,0.04334405,0.04334405,37,0.95018214,0.12252380,0.17852230,0.00149957,1.00000000,1.00000000,11,0.02350043,0.00000000,0.051546,public_simbench_planning_v7_direct_moea_de_controls
p3,storage_allocation,NSDE,baseline,13,0.04132090,0.04132090,39,0.93531623,0.12397604,0.17483947,0.00003247,0.98985193,1.00000000,13,0.02496753,0.00000000,0.052167,public_simbench_planning_v7_direct_moea_de_controls
p3,storage_allocation,NSDE,baseline,14,0.04134420,0.04134420,39,0.93984726,0.12395776,0.17467752,0.00002784,1.00000000,1.00000000,13,0.02497216,0.00000000,0.051564,public_simbench_planning_v7_direct_moea_de_controls
p3,storage_allocation,NSDE,baseline,15,0.04085515,0.04085515,40,0.99778857,0.11834709,0.17953893,0.00001856,0.95991364,1.00000000,11,0.02498144,0.00000000,0.051224,public_simbench_planning_v7_direct_moea_de_controls
p3,storage_allocation,NSDE,baseline,16,0.04271190,0.04271190,39,0.93984726,0.12395776,0.17467752,0.00002784,1.00000000,1.00000000,13,0.02497216,0.00000000,0.051307,public_simbench_planning_v7_direct_moea_de_controls
p3,storage_allocation,NSDE,baseline,17,0.03954645,0.03954645,39,0.93078521,0.12399431,0.17500141,0.00003711,0.92963690,1.00000000,13,0.02496289,0.00000000,0.050522,public_simbench_planning_v7_direct_moea_de_controls
p3,storage_allocation,NSDE,baseline,18,0.04166039,0.04166039,39,0.86999110,0.12419812,0.17660003,0.00002320,1.00000000,1.00000000,12,0.02497680,0.00000000,0.050783,public_simbench_planning_v7_direct_moea_de_controls
p3,storage_allocation,NSDE,baseline,19,0.04227586,0.04227586,39,0.94437829,0.12393949,0.17451558,0.00002320,1.00000000,1.00000000,13,0.02497680,0.00000000,0.052175,public_simbench_planning_v7_direct_moea_de_controls
p3,storage_allocation,NSDE,baseline,20,0.04323795,0.04323795,39,0.93531623,0.12397604,0.17483947,0.00003247,0.98985193,1.00000000,13,0.02496753,0.00000000,0.051141,public_simbench_planning_v7_direct_moea_de_controls
p3,storage_allocation,NSDE,baseline,21,0.04196327,0.04196327,38,0.86999110,0.12419812,0.17660003,0.00002320,1.00000000,1.00000000,12,0.02497680,0.00000000,0.051404,public_simbench_planning_v7_direct_moea_de_controls
p3,storage_allocation,NSDE,baseline,22,0.04397625,0.04397625,39,0.94890932,0.12392122,0.17435364,0.00001856,1.00000000,1.00000000,13,0.02498144,0.00000000,0.052089,public_simbench_planning_v7_direct_moea_de_controls
p3,storage_allocation,NSDE,baseline,23,0.04221619,0.04221619,39,0.94437829,0.12393949,0.17451558,0.00002320,1.00000000,1.00000000,13,0.02497680,0.00000000,0.051025,public_simbench_planning_v7_direct_moea_de_controls
p3,storage_allocation,NSDE,baseline,24,0.04367080,0.04367080,39,0.86999110,0.12419812,0.17660003,0.00002320,1.00000000,1.00000000,12,0.02497680,0.00000000,0.052297,public_simbench_planning_v7_direct_moea_de_controls
p3,storage_allocation,NSDE,baseline,25,0.04401145,0.04401145,39,0.93984726,0.12395776,0.17467752,0.00002784,1.00000000,1.00000000,13,0.02497216,0.00000000,0.050647,public_simbench_planning_v7_direct_moea_de_controls
p3,storage_allocation,NSDE,baseline,26,0.04123683,0.04123683,39,0.99778857,0.11834709,0.17953893,0.00001856,0.95991364,1.00000000,11,0.02498144,0.00000000,0.050953,public_simbench_planning_v7_direct_moea_de_controls
p3,storage_allocation,NSDE,baseline,27,0.04340147,0.04340147,39,0.93984726,0.12395776,0.17467752,0.00002784,1.00000000,1.00000000,13,0.02497216,0.00000000,0.051883,public_simbench_planning_v7_direct_moea_de_controls
p3,storage_allocation,NSDE,baseline,28,0.04260970,0.04260970,38,0.94437829,0.12393949,0.17451558,0.00002320,1.00000000,1.00000000,13,0.02497680,0.00000000,0.051075,public_simbench_planning_v7_direct_moea_de_controls
p3,storage_allocation,NSDE,baseline,29,0.04310010,0.04310010,39,0.94437829,0.12393949,0.17451558,0.00002320,1.00000000,1.00000000,13,0.02497680,0.00000000,0.052023,public_simbench_planning_v7_direct_moea_de_controls
p3,storage_allocation,Standard DE,baseline,0,0.03069085,0.03069085,1,0.95797137,0.12388468,0.17402975,0.00000928,1.00000000,1.00000000,13,0.02499072,0.08853598,0.034614,public_simbench_planning_v7_direct_moea_de_controls
p3,storage_allocation,Standard DE,baseline,1,0.03015295,0.03015295,1,0.93531623,0.12397604,0.17483947,0.00003247,0.98985193,1.00000000,13,0.02496753,0.00000000,0.011219,public_simbench_planning_v7_direct_moea_de_controls
p3,storage_allocation,Standard DE,baseline,2,0.03066557,0.03066557,1,0.95344035,0.12390295,0.17419169,0.00001392,1.00000000,1.00000000,13,0.02498608,0.01409429,0.011835,public_simbench_planning_v7_direct_moea_de_controls
p3,storage_allocation,Standard DE,baseline,3,0.03064029,0.03064029,1,0.94890932,0.12392122,0.17435364,0.00001856,1.00000000,1.00000000,13,0.02498144,0.00000000,0.012502,public_simbench_planning_v7_direct_moea_de_controls
p3,storage_allocation,Standard DE,baseline,4,0.03066557,0.03066557,1,0.95344035,0.12390295,0.17419169,0.00001392,1.00000000,1.00000000,13,0.02498608,0.01409429,0.013029,public_simbench_planning_v7_direct_moea_de_controls
p3,storage_allocation,Standard DE,baseline,5,0.03015295,0.03015295,1,0.93531623,0.12397604,0.17483947,0.00003247,0.98985193,1.00000000,13,0.02496753,0.00000000,0.011332,public_simbench_planning_v7_direct_moea_de_controls
p3,storage_allocation,Standard DE,baseline,6,0.03015295,0.03015295,1,0.93531623,0.12397604,0.17483947,0.00003247,0.98985193,1.00000000,13,0.02496753,0.00000000,0.011561,public_simbench_planning_v7_direct_moea_de_controls
p3,storage_allocation,Standard DE,baseline,7,0.03015295,0.03015295,1,0.93531623,0.12397604,0.17483947,0.00003247,0.98985193,1.00000000,13,0.02496753,0.00000000,0.011175,public_simbench_planning_v7_direct_moea_de_controls
p3,storage_allocation,Standard DE,baseline,8,0.03015295,0.03015295,1,0.93531623,0.12397604,0.17483947,0.00003247,0.98985193,1.00000000,13,0.02496753,0.00000000,0.011781,public_simbench_planning_v7_direct_moea_de_controls
p3,storage_allocation,Standard DE,baseline,9,0.03015295,0.03015295,1,0.93531623,0.12397604,0.17483947,0.00003247,0.98985193,1.00000000,13,0.02496753,0.00000000,0.011891,public_simbench_planning_v7_direct_moea_de_controls
p3,storage_allocation,Standard DE,baseline,10,0.03015295,0.03015295,1,0.93531623,0.12397604,0.17483947,0.00003247,0.98985193,1.00000000,13,0.02496753,0.00000000,0.010856,public_simbench_planning_v7_direct_moea_de_controls
p3,storage_allocation,Standard DE,baseline,11,0.03069085,0.03069085,1,0.95797137,0.12388468,0.17402975,0.00000928,1.00000000,1.00000000,13,0.02499072,0.08853598,0.011244,public_simbench_planning_v7_direct_moea_de_controls
p3,storage_allocation,Standard DE,baseline,12,0.03015295,0.03015295,1,0.93531623,0.12397604,0.17483947,0.00003247,0.98985193,1.00000000,13,0.02496753,0.00000000,0.011530,public_simbench_planning_v7_direct_moea_de_controls
p3,storage_allocation,Standard DE,baseline,13,0.03015295,0.03015295,1,0.93531623,0.12397604,0.17483947,0.00003247,0.98985193,1.00000000,13,0.02496753,0.00000000,0.011001,public_simbench_planning_v7_direct_moea_de_controls
p3,storage_allocation,Standard DE,baseline,14,0.03061500,0.03061500,1,0.94437829,0.12393949,0.17451558,0.00002320,1.00000000,1.00000000,13,0.02497680,0.00000000,0.010833,public_simbench_planning_v7_direct_moea_de_controls
p3,storage_allocation,Standard DE,baseline,15,0.03066557,0.03066557,1,0.95344035,0.12390295,0.17419169,0.00001392,1.00000000,1.00000000,13,0.02498608,0.01409429,0.012134,public_simbench_planning_v7_direct_moea_de_controls
p3,storage_allocation,Standard DE,baseline,16,0.03015295,0.03015295,1,0.93531623,0.12397604,0.17483947,0.00003247,0.98985193,1.00000000,13,0.02496753,0.00000000,0.010603,public_simbench_planning_v7_direct_moea_de_controls
p3,storage_allocation,Standard DE,baseline,17,0.03069085,0.03069085,1,0.95797137,0.12388468,0.17402975,0.00000928,1.00000000,1.00000000,13,0.02499072,0.08853598,0.010793,public_simbench_planning_v7_direct_moea_de_controls
p3,storage_allocation,Standard DE,baseline,18,0.03015295,0.03015295,1,0.93531623,0.12397604,0.17483947,0.00003247,0.98985193,1.00000000,13,0.02496753,0.00000000,0.011184,public_simbench_planning_v7_direct_moea_de_controls
p3,storage_allocation,Standard DE,baseline,19,0.03066557,0.03066557,1,0.95344035,0.12390295,0.17419169,0.00001392,1.00000000,1.00000000,13,0.02498608,0.01409429,0.010853,public_simbench_planning_v7_direct_moea_de_controls
p3,storage_allocation,Standard DE,baseline,20,0.03015295,0.03015295,1,0.93531623,0.12397604,0.17483947,0.00003247,0.98985193,1.00000000,13,0.02496753,0.00000000,0.010519,public_simbench_planning_v7_direct_moea_de_controls
p3,storage_allocation,Standard DE,baseline,21,0.03069085,0.03069085,1,0.95797137,0.12388468,0.17402975,0.00000928,1.00000000,1.00000000,13,0.02499072,0.08853598,0.012282,public_simbench_planning_v7_direct_moea_de_controls
p3,storage_allocation,Standard DE,baseline,22,0.03015295,0.03015295,1,0.93531623,0.12397604,0.17483947,0.00003247,0.98985193,1.00000000,13,0.02496753,0.00000000,0.011285,public_simbench_planning_v7_direct_moea_de_controls
p3,storage_allocation,Standard DE,baseline,23,0.03015295,0.03015295,1,0.93531623,0.12397604,0.17483947,0.00003247,0.98985193,1.00000000,13,0.02496753,0.00000000,0.011158,public_simbench_planning_v7_direct_moea_de_controls
p3,storage_allocation,Standard DE,baseline,24,0.03015295,0.03015295,1,0.93531623,0.12397604,0.17483947,0.00003247,0.98985193,1.00000000,13,0.02496753,0.00000000,0.010811,public_simbench_planning_v7_direct_moea_de_controls
p3,storage_allocation,Standard DE,baseline,25,0.03015295,0.03015295,1,0.93531623,0.12397604,0.17483947,0.00003247,0.98985193,1.00000000,13,0.02496753,0.00000000,0.011979,public_simbench_planning_v7_direct_moea_de_controls
p3,storage_allocation,Standard DE,baseline,26,0.03066557,0.03066557,1,0.95344035,0.12390295,0.17419169,0.00001392,1.00000000,1.00000000,13,0.02498608,0.01409429,0.011048,public_simbench_planning_v7_direct_moea_de_controls
p3,storage_allocation,Standard DE,baseline,27,0.03015295,0.03015295,1,0.93531623,0.12397604,0.17483947,0.00003247,0.98985193,1.00000000,13,0.02496753,0.00000000,0.011613,public_simbench_planning_v7_direct_moea_de_controls
p3,storage_allocation,Standard DE,baseline,28,0.03066557,0.03066557,1,0.95344035,0.12390295,0.17419169,0.00001392,1.00000000,1.00000000,13,0.02498608,0.01409429,0.011043,public_simbench_planning_v7_direct_moea_de_controls
p3,storage_allocation,Standard DE,baseline,29,0.03064029,0.03064029,1,0.94890932,0.12392122,0.17435364,0.00001856,1.00000000,1.00000000,13,0.02498144,0.00000000,0.010818,public_simbench_planning_v7_direct_moea_de_controls
p3,storage_allocation,PSO,baseline,0,0.01961879,0.01961879,1,0.97681167,0.11301332,0.18664673,0.00001392,0.72790243,0.87787427,8,0.02498608,0.00000000,0.027099,public_simbench_planning_v7_direct_moea_de_controls
p3,storage_allocation,PSO,baseline,1,0.01911542,0.01911542,1,0.95109738,0.11371332,0.18664660,0.00001392,0.72596980,0.87482375,8,0.02498608,0.00000000,0.004270,public_simbench_planning_v7_direct_moea_de_controls
p3,storage_allocation,PSO,baseline,2,0.02210638,0.02210638,1,0.97255608,0.11765977,0.18374501,0.00148556,0.78629707,0.92462588,9,0.02351444,0.00000000,0.004099,public_simbench_planning_v7_direct_moea_de_controls
p3,storage_allocation,PSO,baseline,3,0.02451291,0.02451291,1,0.91887036,0.11862399,0.18178533,0.00002320,0.81805575,0.97196357,10,0.02497680,0.00000000,0.005031,public_simbench_planning_v7_direct_moea_de_controls
p3,storage_allocation,PSO,baseline,4,0.02172341,0.02172341,1,0.95562841,0.11369505,0.18648466,0.00000928,0.78618483,0.92767334,8,0.02499072,0.00000000,0.004211,public_simbench_planning_v7_direct_moea_de_controls
p3,storage_allocation,PSO,baseline,5,0.03089704,0.03089704,1,0.99325755,0.11836537,0.17970087,0.00002320,0.89969861,1.00000000,11,0.02497680,0.00000000,0.004021,public_simbench_planning_v7_direct_moea_de_controls
p3,storage_allocation,PSO,baseline,6,0.02176000,0.02176000,1,0.91433933,0.11864226,0.18194727,0.00002784,0.75784072,0.91911398,10,0.02497216,0.00000000,0.005188,public_simbench_planning_v7_direct_moea_de_controls
p3,storage_allocation,PSO,baseline,7,0.03066557,0.03066557,1,0.95344035,0.12390295,0.17419169,0.00001392,1.00000000,1.00000000,13,0.02498608,0.01409429,0.004457,public_simbench_planning_v7_direct_moea_de_controls
p3,storage_allocation,PSO,baseline,8,0.01621617,0.01621617,1,0.77462701,0.11912297,0.18579228,0.00001856,0.71498507,0.85547983,8,0.02498144,0.00000000,0.004077,public_simbench_planning_v7_direct_moea_de_controls
p3,storage_allocation,PSO,baseline,9,0.03398779,0.03398779,1,0.99778857,0.11834709,0.17953893,0.00001856,0.95991364,1.00000000,11,0.02498144,0.00000000,0.004552,public_simbench_planning_v7_direct_moea_de_controls
p3,storage_allocation,PSO,baseline,10,0.02419957,0.02419957,1,0.79107289,0.12447501,0.17884643,0.00002784,0.88678125,1.00000000,11,0.02497216,0.00000000,0.004739,public_simbench_planning_v7_direct_moea_de_controls
p3,storage_allocation,PSO,baseline,11,0.02651290,0.02651290,1,0.85807626,0.11882780,0.18338395,0.00000928,0.91705798,1.00000000,9,0.02499072,0.00000000,0.004158,public_simbench_planning_v7_direct_moea_de_controls
p3,storage_allocation,PSO,baseline,12,0.03398779,0.03398779,1,0.99778857,0.11834709,0.17953893,0.00001856,0.95991364,1.00000000,11,0.02498144,0.00000000,0.004118,public_simbench_planning_v7_direct_moea_de_controls
p3,storage_allocation,PSO,baseline,13,0.02393082,0.02393082,1,0.85354523,0.11884607,0.18354589,0.00001392,0.85684295,0.99299608,9,0.02498608,0.00000000,0.005475,public_simbench_planning_v7_direct_moea_de_controls
p3,storage_allocation,PSO,baseline,14,0.02666516,0.02666516,1,0.79560392,0.12445674,0.17868448,0.00002320,0.94699628,1.00000000,11,0.02497680,0.00000000,0.004313,public_simbench_planning_v7_direct_moea_de_controls
p3,storage_allocation,PSO,baseline,15,0.02882573,0.02882573,1,0.93448204,0.11996537,0.17972160,0.00002320,0.89509723,1.00000000,11,0.02497680,0.00000000,0.004172,public_simbench_planning_v7_direct_moea_de_controls
p3,storage_allocation,PSO,baseline,16,0.01847127,0.01847127,1,0.77915804,0.11910469,0.18563034,0.00001392,0.77520010,0.90832942,8,0.02498608,0.00000000,0.004598,public_simbench_planning_v7_direct_moea_de_controls
p3,storage_allocation,PSO,baseline,17,0.03398779,0.03398779,1,0.99778857,0.11834709,0.17953893,0.00001856,0.95991364,1.00000000,11,0.02498144,0.00000000,0.004628,public_simbench_planning_v7_direct_moea_de_controls
p3,storage_allocation,PSO,baseline,18,0.02378666,0.02378666,1,0.89315607,0.11932399,0.18178519,0.00002320,0.81612312,0.96891305,10,0.02497680,0.00000000,0.004182,public_simbench_planning_v7_direct_moea_de_controls
p3,storage_allocation,PSO,baseline,19,0.03398779,0.03398779,1,0.99778857,0.11834709,0.17953893,0.00001856,0.95991364,1.00000000,11,0.02498144,0.00000000,0.004117,public_simbench_planning_v7_direct_moea_de_controls
p3,storage_allocation,PSO,baseline,20,0.02292905,0.02292905,1,0.99906139,0.11694968,0.18370760,0.00149957,0.79127847,0.93220336,9,0.02350043,0.00000000,0.004762,public_simbench_planning_v7_direct_moea_de_controls
p3,storage_allocation,PSO,baseline,21,0.03089704,0.03089704,1,0.99325755,0.11836537,0.17970087,0.00002320,0.89969861,1.00000000,11,0.02497680,0.00000000,0.004678,public_simbench_planning_v7_direct_moea_de_controls
p3,storage_allocation,PSO,baseline,22,0.03027021,0.03027021,1,0.87452213,0.12417984,0.17643809,0.00001856,1.00000000,1.00000000,12,0.02498144,0.00000000,0.004126,public_simbench_planning_v7_direct_moea_de_controls
p3,storage_allocation,PSO,baseline,23,0.02895372,0.02895372,1,0.86546007,0.12421639,0.17676198,0.00002784,0.96842411,1.00000000,12,0.02497216,0.00000000,0.004970,public_simbench_planning_v7_direct_moea_de_controls
p3,storage_allocation,PSO,baseline,24,0.02646427,0.02646427,1,0.94855692,0.11852323,0.18344199,0.00147628,0.90405837,1.00000000,9,0.02352372,0.00000000,0.004565,public_simbench_planning_v7_direct_moea_de_controls
p3,storage_allocation,PSO,baseline,25,0.01888694,0.01888694,1,0.84448317,0.11888261,0.18386978,0.00002320,0.73641289,0.88729690,9,0.02497680,0.00000000,0.004433,public_simbench_planning_v7_direct_moea_de_controls
p3,storage_allocation,PSO,baseline,26,0.03301227,0.03301227,1,0.97207429,0.11904709,0.17953880,0.00001856,0.95798101,1.00000000,11,0.02498144,0.00000000,0.004506,public_simbench_planning_v7_direct_moea_de_controls
p3,storage_allocation,PSO,baseline,27,0.02451291,0.02451291,1,0.91887036,0.11862399,0.18178533,0.00002320,0.81805575,0.97196357,10,0.02497680,0.00000000,0.004194,public_simbench_planning_v7_direct_moea_de_controls
p3,storage_allocation,PSO,baseline,28,0.02651290,0.02651290,1,0.85807626,0.11882780,0.18338395,0.00000928,0.91705798,1.00000000,9,0.02499072,0.00000000,0.004768,public_simbench_planning_v7_direct_moea_de_controls
p3,storage_allocation,PSO,baseline,29,0.02228519,0.02228519,1,0.98134270,0.11299505,0.18648479,0.00000928,0.78811746,0.93072386,8,0.02499072,0.00000000,0.004228,public_simbench_planning_v7_direct_moea_de_controls
p3,storage_allocation,GA,baseline,0,0.03074141,0.03074141,1,0.96703343,0.12384813,0.17370586,0.00000000,1.00000000,1.00000000,13,0.02500000,0.23741935,0.027692,public_simbench_planning_v7_direct_moea_de_controls
p3,storage_allocation,GA,baseline,1,0.03069085,0.03069085,1,0.95797137,0.12388468,0.17402975,0.00000928,1.00000000,1.00000000,13,0.02499072,0.08853598,0.004929,public_simbench_planning_v7_direct_moea_de_controls
p3,storage_allocation,GA,baseline,2,0.03015295,0.03015295,1,0.93531623,0.12397604,0.17483947,0.00003247,0.98985193,1.00000000,13,0.02496753,0.00000000,0.003952,public_simbench_planning_v7_direct_moea_de_controls
p3,storage_allocation,GA,baseline,3,0.03069085,0.03069085,1,0.95797137,0.12388468,0.17402975,0.00000928,1.00000000,1.00000000,13,0.02499072,0.08853598,0.003878,public_simbench_planning_v7_direct_moea_de_controls
p3,storage_allocation,GA,baseline,4,0.03071614,0.03071614,1,0.96250240,0.12386640,0.17386781,0.00000464,1.00000000,1.00000000,13,0.02499536,0.16297767,0.004548,public_simbench_planning_v7_direct_moea_de_controls
p3,storage_allocation,GA,baseline,5,0.03074141,0.03074141,1,0.96703343,0.12384813,0.17370586,0.00000000,1.00000000,1.00000000,13,0.02500000,0.23741935,0.004589,public_simbench_planning_v7_direct_moea_de_controls
p3,storage_allocation,GA,baseline,6,0.03071614,0.03071614,1,0.96250240,0.12386640,0.17386781,0.00000464,1.00000000,1.00000000,13,0.02499536,0.16297767,0.003882,public_simbench_planning_v7_direct_moea_de_controls
p3,storage_allocation,GA,baseline,7,0.03071614,0.03071614,1,0.96250240,0.12386640,0.17386781,0.00000464,1.00000000,1.00000000,13,0.02499536,0.16297767,0.003857,public_simbench_planning_v7_direct_moea_de_controls
p3,storage_allocation,GA,baseline,8,0.03071614,0.03071614,1,0.96250240,0.12386640,0.17386781,0.00000464,1.00000000,1.00000000,13,0.02499536,0.16297767,0.005134,public_simbench_planning_v7_direct_moea_de_controls
p3,storage_allocation,GA,baseline,9,0.03071614,0.03071614,1,0.96250240,0.12386640,0.17386781,0.00000464,1.00000000,1.00000000,13,0.02499536,0.16297767,0.003932,public_simbench_planning_v7_direct_moea_de_controls
p3,storage_allocation,GA,baseline,10,0.03074141,0.03074141,1,0.96703343,0.12384813,0.17370586,0.00000000,1.00000000,1.00000000,13,0.02500000,0.23741935,0.003884,public_simbench_planning_v7_direct_moea_de_controls
p3,storage_allocation,GA,baseline,11,0.03071614,0.03071614,1,0.96250240,0.12386640,0.17386781,0.00000464,1.00000000,1.00000000,13,0.02499536,0.16297767,0.003874,public_simbench_planning_v7_direct_moea_de_controls
p3,storage_allocation,GA,baseline,12,0.03074141,0.03074141,1,0.96703343,0.12384813,0.17370586,0.00000000,1.00000000,1.00000000,13,0.02500000,0.23741935,0.005141,public_simbench_planning_v7_direct_moea_de_controls
p3,storage_allocation,GA,baseline,13,0.03074141,0.03074141,1,0.96703343,0.12384813,0.17370586,0.00000000,1.00000000,1.00000000,13,0.02500000,0.23741935,0.004189,public_simbench_planning_v7_direct_moea_de_controls
p3,storage_allocation,GA,baseline,14,0.03074141,0.03074141,1,0.96703343,0.12384813,0.17370586,0.00000000,1.00000000,1.00000000,13,0.02500000,0.23741935,0.003938,public_simbench_planning_v7_direct_moea_de_controls
p3,storage_allocation,GA,baseline,15,0.03015295,0.03015295,1,0.93531623,0.12397604,0.17483947,0.00003247,0.98985193,1.00000000,13,0.02496753,0.00000000,0.003928,public_simbench_planning_v7_direct_moea_de_controls
p3,storage_allocation,GA,baseline,16,0.03071614,0.03071614,1,0.96250240,0.12386640,0.17386781,0.00000464,1.00000000,1.00000000,13,0.02499536,0.16297767,0.004692,public_simbench_planning_v7_direct_moea_de_controls
p3,storage_allocation,GA,baseline,17,0.03015295,0.03015295,1,0.93531623,0.12397604,0.17483947,0.00003247,0.98985193,1.00000000,13,0.02496753,0.00000000,0.003894,public_simbench_planning_v7_direct_moea_de_controls
p3,storage_allocation,GA,baseline,18,0.03069085,0.03069085,1,0.95797137,0.12388468,0.17402975,0.00000928,1.00000000,1.00000000,13,0.02499072,0.08853598,0.003950,public_simbench_planning_v7_direct_moea_de_controls
p3,storage_allocation,GA,baseline,19,0.03071614,0.03071614,1,0.96250240,0.12386640,0.17386781,0.00000464,1.00000000,1.00000000,13,0.02499536,0.16297767,0.005142,public_simbench_planning_v7_direct_moea_de_controls
p3,storage_allocation,GA,baseline,20,0.03069085,0.03069085,1,0.95797137,0.12388468,0.17402975,0.00000928,1.00000000,1.00000000,13,0.02499072,0.08853598,0.004215,public_simbench_planning_v7_direct_moea_de_controls
p3,storage_allocation,GA,baseline,21,0.03069085,0.03069085,1,0.95797137,0.12388468,0.17402975,0.00000928,1.00000000,1.00000000,13,0.02499072,0.08853598,0.004118,public_simbench_planning_v7_direct_moea_de_controls
p3,storage_allocation,GA,baseline,22,0.03071614,0.03071614,1,0.96250240,0.12386640,0.17386781,0.00000464,1.00000000,1.00000000,13,0.02499536,0.16297767,0.003958,public_simbench_planning_v7_direct_moea_de_controls
p3,storage_allocation,GA,baseline,23,0.03069085,0.03069085,1,0.95797137,0.12388468,0.17402975,0.00000928,1.00000000,1.00000000,13,0.02499072,0.08853598,0.004951,public_simbench_planning_v7_direct_moea_de_controls
p3,storage_allocation,GA,baseline,24,0.03071614,0.03071614,1,0.96250240,0.12386640,0.17386781,0.00000464,1.00000000,1.00000000,13,0.02499536,0.16297767,0.004232,public_simbench_planning_v7_direct_moea_de_controls
p3,storage_allocation,GA,baseline,25,0.03069085,0.03069085,1,0.95797137,0.12388468,0.17402975,0.00000928,1.00000000,1.00000000,13,0.02499072,0.08853598,0.004023,public_simbench_planning_v7_direct_moea_de_controls
p3,storage_allocation,GA,baseline,26,0.03071614,0.03071614,1,0.96250240,0.12386640,0.17386781,0.00000464,1.00000000,1.00000000,13,0.02499536,0.16297767,0.004322,public_simbench_planning_v7_direct_moea_de_controls
p3,storage_allocation,GA,baseline,27,0.03015295,0.03015295,1,0.93531623,0.12397604,0.17483947,0.00003247,0.98985193,1.00000000,13,0.02496753,0.00000000,0.004561,public_simbench_planning_v7_direct_moea_de_controls
p3,storage_allocation,GA,baseline,28,0.03015295,0.03015295,1,0.93531623,0.12397604,0.17483947,0.00003247,0.98985193,1.00000000,13,0.02496753,0.00000000,0.004420,public_simbench_planning_v7_direct_moea_de_controls
p3,storage_allocation,GA,baseline,29,0.03074141,0.03074141,1,0.96703343,0.12384813,0.17370586,0.00000000,1.00000000,1.00000000,13,0.02500000,0.23741935,0.004192,public_simbench_planning_v7_direct_moea_de_controls
p3,storage_allocation,Weighted Sum,baseline,0,0.01084504,0.01084504,1,0.96489682,0.10764300,0.19343065,0.00000000,0.61632127,0.75196789,5,0.02500000,0.09225806,0.000447,public_simbench_planning_v7_direct_moea_de_controls
p3,storage_allocation,Weighted Sum,baseline,1,0.01084504,0.01084504,1,0.96489682,0.10764300,0.19343065,0.00000000,0.61632127,0.75196789,5,0.02500000,0.09225806,0.000376,public_simbench_planning_v7_direct_moea_de_controls
p3,storage_allocation,Weighted Sum,baseline,2,0.01084504,0.01084504,1,0.96489682,0.10764300,0.19343065,0.00000000,0.61632127,0.75196789,5,0.02500000,0.09225806,0.000314,public_simbench_planning_v7_direct_moea_de_controls
p3,storage_allocation,Weighted Sum,baseline,3,0.01084504,0.01084504,1,0.96489682,0.10764300,0.19343065,0.00000000,0.61632127,0.75196789,5,0.02500000,0.09225806,0.000289,public_simbench_planning_v7_direct_moea_de_controls
p3,storage_allocation,Weighted Sum,baseline,4,0.01084504,0.01084504,1,0.96489682,0.10764300,0.19343065,0.00000000,0.61632127,0.75196789,5,0.02500000,0.09225806,0.000270,public_simbench_planning_v7_direct_moea_de_controls
p3,storage_allocation,Weighted Sum,baseline,5,0.01084504,0.01084504,1,0.96489682,0.10764300,0.19343065,0.00000000,0.61632127,0.75196789,5,0.02500000,0.09225806,0.000258,public_simbench_planning_v7_direct_moea_de_controls
p3,storage_allocation,Weighted Sum,baseline,6,0.01084504,0.01084504,1,0.96489682,0.10764300,0.19343065,0.00000000,0.61632127,0.75196789,5,0.02500000,0.09225806,0.000304,public_simbench_planning_v7_direct_moea_de_controls
p3,storage_allocation,Weighted Sum,baseline,7,0.01084504,0.01084504,1,0.96489682,0.10764300,0.19343065,0.00000000,0.61632127,0.75196789,5,0.02500000,0.09225806,0.000296,public_simbench_planning_v7_direct_moea_de_controls
p3,storage_allocation,Weighted Sum,baseline,8,0.01084504,0.01084504,1,0.96489682,0.10764300,0.19343065,0.00000000,0.61632127,0.75196789,5,0.02500000,0.09225806,0.000352,public_simbench_planning_v7_direct_moea_de_controls
p3,storage_allocation,Weighted Sum,baseline,9,0.01084504,0.01084504,1,0.96489682,0.10764300,0.19343065,0.00000000,0.61632127,0.75196789,5,0.02500000,0.09225806,0.000298,public_simbench_planning_v7_direct_moea_de_controls
p3,storage_allocation,Weighted Sum,baseline,10,0.01084504,0.01084504,1,0.96489682,0.10764300,0.19343065,0.00000000,0.61632127,0.75196789,5,0.02500000,0.09225806,0.000268,public_simbench_planning_v7_direct_moea_de_controls
p3,storage_allocation,Weighted Sum,baseline,11,0.01084504,0.01084504,1,0.96489682,0.10764300,0.19343065,0.00000000,0.61632127,0.75196789,5,0.02500000,0.09225806,0.000277,public_simbench_planning_v7_direct_moea_de_controls
p3,storage_allocation,Weighted Sum,baseline,12,0.01084504,0.01084504,1,0.96489682,0.10764300,0.19343065,0.00000000,0.61632127,0.75196789,5,0.02500000,0.09225806,0.000259,public_simbench_planning_v7_direct_moea_de_controls
p3,storage_allocation,Weighted Sum,baseline,13,0.01084504,0.01084504,1,0.96489682,0.10764300,0.19343065,0.00000000,0.61632127,0.75196789,5,0.02500000,0.09225806,0.000258,public_simbench_planning_v7_direct_moea_de_controls
p3,storage_allocation,Weighted Sum,baseline,14,0.01084504,0.01084504,1,0.96489682,0.10764300,0.19343065,0.00000000,0.61632127,0.75196789,5,0.02500000,0.09225806,0.000250,public_simbench_planning_v7_direct_moea_de_controls
p3,storage_allocation,Weighted Sum,baseline,15,0.01084504,0.01084504,1,0.96489682,0.10764300,0.19343065,0.00000000,0.61632127,0.75196789,5,0.02500000,0.09225806,0.000531,public_simbench_planning_v7_direct_moea_de_controls
p3,storage_allocation,Weighted Sum,baseline,16,0.01084504,0.01084504,1,0.96489682,0.10764300,0.19343065,0.00000000,0.61632127,0.75196789,5,0.02500000,0.09225806,0.000382,public_simbench_planning_v7_direct_moea_de_controls
p3,storage_allocation,Weighted Sum,baseline,17,0.01084504,0.01084504,1,0.96489682,0.10764300,0.19343065,0.00000000,0.61632127,0.75196789,5,0.02500000,0.09225806,0.000288,public_simbench_planning_v7_direct_moea_de_controls
p3,storage_allocation,Weighted Sum,baseline,18,0.01084504,0.01084504,1,0.96489682,0.10764300,0.19343065,0.00000000,0.61632127,0.75196789,5,0.02500000,0.09225806,0.000266,public_simbench_planning_v7_direct_moea_de_controls
p3,storage_allocation,Weighted Sum,baseline,19,0.01084504,0.01084504,1,0.96489682,0.10764300,0.19343065,0.00000000,0.61632127,0.75196789,5,0.02500000,0.09225806,0.000269,public_simbench_planning_v7_direct_moea_de_controls
p3,storage_allocation,Weighted Sum,baseline,20,0.01084504,0.01084504,1,0.96489682,0.10764300,0.19343065,0.00000000,0.61632127,0.75196789,5,0.02500000,0.09225806,0.000267,public_simbench_planning_v7_direct_moea_de_controls
p3,storage_allocation,Weighted Sum,baseline,21,0.01084504,0.01084504,1,0.96489682,0.10764300,0.19343065,0.00000000,0.61632127,0.75196789,5,0.02500000,0.09225806,0.000259,public_simbench_planning_v7_direct_moea_de_controls
p3,storage_allocation,Weighted Sum,baseline,22,0.01084504,0.01084504,1,0.96489682,0.10764300,0.19343065,0.00000000,0.61632127,0.75196789,5,0.02500000,0.09225806,0.000257,public_simbench_planning_v7_direct_moea_de_controls
p3,storage_allocation,Weighted Sum,baseline,23,0.01084504,0.01084504,1,0.96489682,0.10764300,0.19343065,0.00000000,0.61632127,0.75196789,5,0.02500000,0.09225806,0.000264,public_simbench_planning_v7_direct_moea_de_controls
p3,storage_allocation,Weighted Sum,baseline,24,0.01084504,0.01084504,1,0.96489682,0.10764300,0.19343065,0.00000000,0.61632127,0.75196789,5,0.02500000,0.09225806,0.000251,public_simbench_planning_v7_direct_moea_de_controls
p3,storage_allocation,Weighted Sum,baseline,25,0.01084504,0.01084504,1,0.96489682,0.10764300,0.19343065,0.00000000,0.61632127,0.75196789,5,0.02500000,0.09225806,0.000253,public_simbench_planning_v7_direct_moea_de_controls
p3,storage_allocation,Weighted Sum,baseline,26,0.01084504,0.01084504,1,0.96489682,0.10764300,0.19343065,0.00000000,0.61632127,0.75196789,5,0.02500000,0.09225806,0.000254,public_simbench_planning_v7_direct_moea_de_controls
p3,storage_allocation,Weighted Sum,baseline,27,0.01084504,0.01084504,1,0.96489682,0.10764300,0.19343065,0.00000000,0.61632127,0.75196789,5,0.02500000,0.09225806,0.000247,public_simbench_planning_v7_direct_moea_de_controls
p3,storage_allocation,Weighted Sum,baseline,28,0.01084504,0.01084504,1,0.96489682,0.10764300,0.19343065,0.00000000,0.61632127,0.75196789,5,0.02500000,0.09225806,0.000243,public_simbench_planning_v7_direct_moea_de_controls
p3,storage_allocation,Weighted Sum,baseline,29,0.01084504,0.01084504,1,0.96489682,0.10764300,0.19343065,0.00000000,0.61632127,0.75196789,5,0.02500000,0.09225806,0.000247,public_simbench_planning_v7_direct_moea_de_controls
p3,storage_allocation,Ablation-NoRepair,ablation,0,0.04251709,0.04251709,37,0.86999110,0.12419812,0.17660003,0.00002320,1.00000000,1.00000000,12,0.02497680,0.00000000,0.081995,public_simbench_planning_v7_direct_moea_de_controls
p3,storage_allocation,Ablation-NoRepair,ablation,1,0.04224149,0.04224149,39,0.87452213,0.12417984,0.17643809,0.00001856,1.00000000,1.00000000,12,0.02498144,0.00000000,0.080979,public_simbench_planning_v7_direct_moea_de_controls
p3,storage_allocation,Ablation-NoRepair,ablation,2,0.04323943,0.04323943,39,0.93531623,0.12397604,0.17483947,0.00003247,0.98985193,1.00000000,13,0.02496753,0.00000000,0.080229,public_simbench_planning_v7_direct_moea_de_controls
p3,storage_allocation,Ablation-NoRepair,ablation,3,0.04287783,0.04287783,39,0.86999110,0.12419812,0.17660003,0.00002320,1.00000000,1.00000000,12,0.02497680,0.00000000,0.082187,public_simbench_planning_v7_direct_moea_de_controls
p3,storage_allocation,Ablation-NoRepair,ablation,4,0.04083568,0.04083568,39,0.99778857,0.11834709,0.17953893,0.00001856,0.95991364,1.00000000,11,0.02498144,0.00000000,0.082989,public_simbench_planning_v7_direct_moea_de_controls
p3,storage_allocation,Ablation-NoRepair,ablation,5,0.04173045,0.04173045,39,0.93531623,0.12397604,0.17483947,0.00003247,0.98985193,1.00000000,13,0.02496753,0.00000000,0.082459,public_simbench_planning_v7_direct_moea_de_controls
p3,storage_allocation,Ablation-NoRepair,ablation,6,0.04250148,0.04250148,37,0.93531623,0.12397604,0.17483947,0.00003247,0.98985193,1.00000000,13,0.02496753,0.00000000,0.079576,public_simbench_planning_v7_direct_moea_de_controls
p3,storage_allocation,Ablation-NoRepair,ablation,7,0.04478264,0.04478264,39,0.93531623,0.12397604,0.17483947,0.00003247,0.98985193,1.00000000,13,0.02496753,0.00000000,0.084171,public_simbench_planning_v7_direct_moea_de_controls
p3,storage_allocation,Ablation-NoRepair,ablation,8,0.04427157,0.04427157,38,0.87452213,0.12417984,0.17643809,0.00001856,1.00000000,1.00000000,12,0.02498144,0.00000000,0.081032,public_simbench_planning_v7_direct_moea_de_controls
p3,storage_allocation,Ablation-NoRepair,ablation,9,0.04264228,0.04264228,40,0.95344035,0.12390295,0.17419169,0.00001392,1.00000000,1.00000000,13,0.02498608,0.01409429,0.082194,public_simbench_planning_v7_direct_moea_de_controls
p3,storage_allocation,Ablation-NoRepair,ablation,10,0.04238929,0.04238929,38,0.94939111,0.12253390,0.17855985,0.00148556,0.99881308,1.00000000,11,0.02351444,0.00000000,0.082144,public_simbench_planning_v7_direct_moea_de_controls
p3,storage_allocation,Ablation-NoRepair,ablation,11,0.04144250,0.04144250,40,0.94437829,0.12393949,0.17451558,0.00002320,1.00000000,1.00000000,13,0.02497680,0.00000000,0.082136,public_simbench_planning_v7_direct_moea_de_controls
p3,storage_allocation,Ablation-NoRepair,ablation,12,0.04399900,0.04399900,39,0.93984726,0.12395776,0.17467752,0.00002784,1.00000000,1.00000000,13,0.02497216,0.00000000,0.083191,public_simbench_planning_v7_direct_moea_de_controls
p3,storage_allocation,Ablation-NoRepair,ablation,13,0.04275609,0.04275609,39,0.93984726,0.12395776,0.17467752,0.00002784,1.00000000,1.00000000,13,0.02497216,0.00000000,0.080664,public_simbench_planning_v7_direct_moea_de_controls
p3,storage_allocation,Ablation-NoRepair,ablation,14,0.04411043,0.04411043,38,0.93984726,0.12395776,0.17467752,0.00002784,1.00000000,1.00000000,13,0.02497216,0.00000000,0.080007,public_simbench_planning_v7_direct_moea_de_controls
p3,storage_allocation,Ablation-NoRepair,ablation,15,0.04317871,0.04317871,38,0.94437829,0.12393949,0.17451558,0.00002320,1.00000000,1.00000000,13,0.02497680,0.00000000,0.084033,public_simbench_planning_v7_direct_moea_de_controls
p3,storage_allocation,Ablation-NoRepair,ablation,16,0.04124195,0.04124195,39,0.86999110,0.12419812,0.17660003,0.00002320,1.00000000,1.00000000,12,0.02497680,0.00000000,0.081659,public_simbench_planning_v7_direct_moea_de_controls
p3,storage_allocation,Ablation-NoRepair,ablation,17,0.04110544,0.04110544,40,0.86999110,0.12419812,0.17660003,0.00002320,1.00000000,1.00000000,12,0.02497680,0.00000000,0.079676,public_simbench_planning_v7_direct_moea_de_controls
p3,storage_allocation,Ablation-NoRepair,ablation,18,0.04258859,0.04258859,39,0.94354409,0.11992882,0.17939772,0.00001392,1.00000000,1.00000000,11,0.02498608,0.00000000,0.081793,public_simbench_planning_v7_direct_moea_de_controls
p3,storage_allocation,Ablation-NoRepair,ablation,19,0.04352424,0.04352424,38,0.94437829,0.12393949,0.17451558,0.00002320,1.00000000,1.00000000,13,0.02497680,0.00000000,0.079809,public_simbench_planning_v7_direct_moea_de_controls
p3,storage_allocation,Ablation-NoRepair,ablation,20,0.04359404,0.04359404,39,0.99778857,0.11834709,0.17953893,0.00001856,0.95991364,1.00000000,11,0.02498144,0.00000000,0.082108,public_simbench_planning_v7_direct_moea_de_controls
p3,storage_allocation,Ablation-NoRepair,ablation,21,0.04351884,0.04351884,39,0.87905316,0.12416157,0.17627615,0.00001392,1.00000000,1.00000000,12,0.02498608,0.00000000,0.082105,public_simbench_planning_v7_direct_moea_de_controls
p3,storage_allocation,Ablation-NoRepair,ablation,22,0.04292348,0.04292348,40,0.95018214,0.12252380,0.17852230,0.00149957,1.00000000,1.00000000,11,0.02350043,0.00000000,0.080521,public_simbench_planning_v7_direct_moea_de_controls
p3,storage_allocation,Ablation-NoRepair,ablation,23,0.04138078,0.04138078,39,0.93984726,0.12395776,0.17467752,0.00002784,1.00000000,1.00000000,13,0.02497216,0.00000000,0.080684,public_simbench_planning_v7_direct_moea_de_controls
p3,storage_allocation,Ablation-NoRepair,ablation,24,0.04095108,0.04095108,37,0.87452213,0.12417984,0.17643809,0.00001856,1.00000000,1.00000000,12,0.02498144,0.00000000,0.081722,public_simbench_planning_v7_direct_moea_de_controls
p3,storage_allocation,Ablation-NoRepair,ablation,25,0.04419561,0.04419561,39,0.94437829,0.12393949,0.17451558,0.00002320,1.00000000,1.00000000,13,0.02497680,0.00000000,0.081077,public_simbench_planning_v7_direct_moea_de_controls
p3,storage_allocation,Ablation-NoRepair,ablation,26,0.04119998,0.04119998,39,0.93531623,0.12397604,0.17483947,0.00003247,0.98985193,1.00000000,13,0.02496753,0.00000000,0.082136,public_simbench_planning_v7_direct_moea_de_controls
p3,storage_allocation,Ablation-NoRepair,ablation,27,0.04406613,0.04406613,39,0.94437829,0.12393949,0.17451558,0.00002320,1.00000000,1.00000000,13,0.02497680,0.00000000,0.081637,public_simbench_planning_v7_direct_moea_de_controls
p3,storage_allocation,Ablation-NoRepair,ablation,28,0.04314379,0.04314379,39,0.94890932,0.12392122,0.17435364,0.00001856,1.00000000,1.00000000,13,0.02498144,0.00000000,0.082634,public_simbench_planning_v7_direct_moea_de_controls
p3,storage_allocation,Ablation-NoRepair,ablation,29,0.04417781,0.04417781,39,0.94890932,0.12392122,0.17435364,0.00001856,1.00000000,1.00000000,13,0.02498144,0.00000000,0.080314,public_simbench_planning_v7_direct_moea_de_controls
p3,storage_allocation,Ablation-FixedDE,ablation,0,0.04494935,0.04494935,39,0.95344035,0.12390295,0.17419169,0.00001392,1.00000000,1.00000000,13,0.02498608,0.01409429,0.101887,public_simbench_planning_v7_direct_moea_de_controls
p3,storage_allocation,Ablation-FixedDE,ablation,1,0.04421605,0.04421605,39,0.95344035,0.12390295,0.17419169,0.00001392,1.00000000,1.00000000,13,0.02498608,0.01409429,0.097851,public_simbench_planning_v7_direct_moea_de_controls
p3,storage_allocation,Ablation-FixedDE,ablation,2,0.04452333,0.04452333,39,0.94437829,0.12393949,0.17451558,0.00002320,1.00000000,1.00000000,13,0.02497680,0.00000000,0.104668,public_simbench_planning_v7_direct_moea_de_controls
p3,storage_allocation,Ablation-FixedDE,ablation,3,0.04452971,0.04452971,39,0.94890932,0.12392122,0.17435364,0.00001856,1.00000000,1.00000000,13,0.02498144,0.00000000,0.101800,public_simbench_planning_v7_direct_moea_de_controls
p3,storage_allocation,Ablation-FixedDE,ablation,4,0.04405354,0.04405354,39,0.95344035,0.12390295,0.17419169,0.00001392,1.00000000,1.00000000,13,0.02498608,0.01409429,0.104387,public_simbench_planning_v7_direct_moea_de_controls
p3,storage_allocation,Ablation-FixedDE,ablation,5,0.04445739,0.04445739,39,0.99611034,0.12377223,0.17324085,0.00004639,0.89084970,1.00000000,14,0.02495361,0.00000000,0.102806,public_simbench_planning_v7_direct_moea_de_controls
p3,storage_allocation,Ablation-FixedDE,ablation,6,0.04352700,0.04352700,38,0.89264624,0.12410676,0.17579032,0.00000000,1.00000000,1.00000000,12,0.02500000,0.23741935,0.108690,public_simbench_planning_v7_direct_moea_de_controls
p3,storage_allocation,Ablation-FixedDE,ablation,7,0.04460871,0.04460871,38,0.99611034,0.12377223,0.17324085,0.00004639,0.89084970,1.00000000,14,0.02495361,0.00000000,0.104656,public_simbench_planning_v7_direct_moea_de_controls
p3,storage_allocation,Ablation-FixedDE,ablation,8,0.04503828,0.04503828,39,0.94890932,0.12392122,0.17435364,0.00001856,1.00000000,1.00000000,13,0.02498144,0.00000000,0.105094,public_simbench_planning_v7_direct_moea_de_controls
p3,storage_allocation,Ablation-FixedDE,ablation,9,0.04418463,0.04418463,38,0.93984726,0.12395776,0.17467752,0.00002784,1.00000000,1.00000000,13,0.02497216,0.00000000,0.103053,public_simbench_planning_v7_direct_moea_de_controls
p3,storage_allocation,Ablation-FixedDE,ablation,10,0.04523470,0.04523470,38,0.93531623,0.12397604,0.17483947,0.00003247,0.98985193,1.00000000,13,0.02496753,0.00000000,0.107649,public_simbench_planning_v7_direct_moea_de_controls
p3,storage_allocation,Ablation-FixedDE,ablation,11,0.04431440,0.04431440,39,0.93531623,0.12397604,0.17483947,0.00003247,0.98985193,1.00000000,13,0.02496753,0.00000000,0.103959,public_simbench_planning_v7_direct_moea_de_controls
p3,storage_allocation,Ablation-FixedDE,ablation,12,0.04218808,0.04218808,39,0.95344035,0.12390295,0.17419169,0.00001392,1.00000000,1.00000000,13,0.02498608,0.01409429,0.105442,public_simbench_planning_v7_direct_moea_de_controls
p3,storage_allocation,Ablation-FixedDE,ablation,13,0.04412549,0.04412549,39,0.94437829,0.12393949,0.17451558,0.00002320,1.00000000,1.00000000,13,0.02497680,0.00000000,0.101205,public_simbench_planning_v7_direct_moea_de_controls
p3,storage_allocation,Ablation-FixedDE,ablation,14,0.04392492,0.04392492,39,0.94437829,0.12393949,0.17451558,0.00002320,1.00000000,1.00000000,13,0.02497680,0.00000000,0.103543,public_simbench_planning_v7_direct_moea_de_controls
p3,storage_allocation,Ablation-FixedDE,ablation,15,0.04444616,0.04444616,39,0.93984726,0.12395776,0.17467752,0.00002784,1.00000000,1.00000000,13,0.02497216,0.00000000,0.105025,public_simbench_planning_v7_direct_moea_de_controls
p3,storage_allocation,Ablation-FixedDE,ablation,16,0.04436262,0.04436262,38,0.94437829,0.12393949,0.17451558,0.00002320,1.00000000,1.00000000,13,0.02497680,0.00000000,0.100870,public_simbench_planning_v7_direct_moea_de_controls
p3,storage_allocation,Ablation-FixedDE,ablation,17,0.04473079,0.04473079,40,0.95344035,0.12390295,0.17419169,0.00001392,1.00000000,1.00000000,13,0.02498608,0.01409429,0.104441,public_simbench_planning_v7_direct_moea_de_controls
p3,storage_allocation,Ablation-FixedDE,ablation,18,0.04118963,0.04118963,39,0.94890932,0.12392122,0.17435364,0.00001856,1.00000000,1.00000000,13,0.02498144,0.00000000,0.106281,public_simbench_planning_v7_direct_moea_de_controls
p3,storage_allocation,Ablation-FixedDE,ablation,19,0.04403468,0.04403468,39,0.94437829,0.12393949,0.17451558,0.00002320,1.00000000,1.00000000,13,0.02497680,0.00000000,0.105052,public_simbench_planning_v7_direct_moea_de_controls
p3,storage_allocation,Ablation-FixedDE,ablation,20,0.04507885,0.04507885,39,0.94437829,0.12393949,0.17451558,0.00002320,1.00000000,1.00000000,13,0.02497680,0.00000000,0.105458,public_simbench_planning_v7_direct_moea_de_controls
p3,storage_allocation,Ablation-FixedDE,ablation,21,0.04248192,0.04248192,39,0.95344035,0.12390295,0.17419169,0.00001392,1.00000000,1.00000000,13,0.02498608,0.01409429,0.101560,public_simbench_planning_v7_direct_moea_de_controls
p3,storage_allocation,Ablation-FixedDE,ablation,22,0.04462611,0.04462611,39,0.94437829,0.12393949,0.17451558,0.00002320,1.00000000,1.00000000,13,0.02497680,0.00000000,0.101699,public_simbench_planning_v7_direct_moea_de_controls
p3,storage_allocation,Ablation-FixedDE,ablation,23,0.04399617,0.04399617,39,0.94890932,0.12392122,0.17435364,0.00001856,1.00000000,1.00000000,13,0.02498144,0.00000000,0.102179,public_simbench_planning_v7_direct_moea_de_controls
p3,storage_allocation,Ablation-FixedDE,ablation,24,0.04330080,0.04330080,39,0.94437829,0.12393949,0.17451558,0.00002320,1.00000000,1.00000000,13,0.02497680,0.00000000,0.102438,public_simbench_planning_v7_direct_moea_de_controls
p3,storage_allocation,Ablation-FixedDE,ablation,25,0.04327481,0.04327481,39,0.95344035,0.12390295,0.17419169,0.00001392,1.00000000,1.00000000,13,0.02498608,0.01409429,0.105069,public_simbench_planning_v7_direct_moea_de_controls
p3,storage_allocation,Ablation-FixedDE,ablation,26,0.04496734,0.04496734,39,0.86999110,0.12419812,0.17660003,0.00002320,1.00000000,1.00000000,12,0.02497680,0.00000000,0.100196,public_simbench_planning_v7_direct_moea_de_controls
p3,storage_allocation,Ablation-FixedDE,ablation,27,0.04546416,0.04546416,38,0.94437829,0.12393949,0.17451558,0.00002320,1.00000000,1.00000000,13,0.02497680,0.00000000,0.104892,public_simbench_planning_v7_direct_moea_de_controls
p3,storage_allocation,Ablation-FixedDE,ablation,28,0.04272648,0.04272648,39,0.95797137,0.12388468,0.17402975,0.00000928,1.00000000,1.00000000,13,0.02499072,0.08853598,0.102137,public_simbench_planning_v7_direct_moea_de_controls
p3,storage_allocation,Ablation-FixedDE,ablation,29,0.04372019,0.04372019,39,0.95344035,0.12390295,0.17419169,0.00001392,1.00000000,1.00000000,13,0.02498608,0.01409429,0.099547,public_simbench_planning_v7_direct_moea_de_controls
p3,storage_allocation,Ablation-NoDiversity,ablation,0,0.03072523,0.03072523,5,0.79275112,0.11904988,0.18514451,0.00000000,0.95584519,1.00000000,8,0.02500000,0.20717742,0.155410,public_simbench_planning_v7_direct_moea_de_controls
p3,storage_allocation,Ablation-NoDiversity,ablation,1,0.02313702,0.02313702,4,0.91601757,0.11321713,0.18824535,0.00000000,0.82690466,0.95175637,7,0.02500000,0.16829493,0.163356,public_simbench_planning_v7_direct_moea_de_controls
p3,storage_allocation,Ablation-NoDiversity,ablation,2,0.03029178,0.03029178,2,0.86713831,0.11879125,0.18306006,0.00000000,1.00000000,1.00000000,9,0.02500000,0.21053763,0.175150,public_simbench_planning_v7_direct_moea_de_controls
p3,storage_allocation,Ablation-NoDiversity,ablation,3,0.01586446,0.01586446,2,0.84163038,0.11347575,0.19032981,0.00000000,0.74526180,0.86708971,6,0.02500000,0.15677419,0.168016,public_simbench_planning_v7_direct_moea_de_controls
p3,storage_allocation,Ablation-NoDiversity,ablation,4,0.02776408,0.02776408,3,0.99040475,0.11295850,0.18616090,0.00000000,0.90854752,1.00000000,8,0.02500000,0.17693548,0.166028,public_simbench_planning_v7_direct_moea_de_controls
p3,storage_allocation,Ablation-NoDiversity,ablation,5,0.02547385,0.02547385,2,0.79275112,0.11904988,0.18514451,0.00000000,0.95584519,1.00000000,8,0.02500000,0.20717742,0.176083,public_simbench_planning_v7_direct_moea_de_controls
p3,storage_allocation,Ablation-NoDiversity,ablation,6,0.03029422,0.03029422,5,0.86713831,0.11879125,0.18306006,0.00000000,1.00000000,1.00000000,9,0.02500000,0.21053763,0.178094,public_simbench_planning_v7_direct_moea_de_controls
p3,storage_allocation,Ablation-NoDiversity,ablation,7,0.03685657,0.03685657,8,0.86713831,0.11879125,0.18306006,0.00000000,1.00000000,1.00000000,9,0.02500000,0.21053763,0.171237,public_simbench_planning_v7_direct_moea_de_controls
p3,storage_allocation,Ablation-NoDiversity,ablation,8,0.00047204,0.00047204,1,0.00000000,0.12721025,0.20080373,0.00000000,0.35000000,0.42000000,0,0.02500000,0.56000000,0.173104,public_simbench_planning_v7_direct_moea_de_controls
p3,storage_allocation,Ablation-NoDiversity,ablation,9,0.03992582,0.03992582,5,0.94152550,0.11853263,0.18097561,0.00000000,1.00000000,1.00000000,10,0.02500000,0.21322581,0.170579,public_simbench_planning_v7_direct_moea_de_controls
p3,storage_allocation,Ablation-NoDiversity,ablation,10,0.03532212,0.03532212,4,0.86713831,0.11879125,0.18306006,0.00000000,1.00000000,1.00000000,9,0.02500000,0.21053763,0.170043,public_simbench_planning_v7_direct_moea_de_controls
p3,storage_allocation,Ablation-NoDiversity,ablation,11,0.03029178,0.03029178,2,0.86713831,0.11879125,0.18306006,0.00000000,1.00000000,1.00000000,9,0.02500000,0.21053763,0.198191,public_simbench_planning_v7_direct_moea_de_controls
p3,storage_allocation,Ablation-NoDiversity,ablation,12,0.02776618,0.02776618,5,0.99040475,0.11295850,0.18616090,0.00000000,0.90854752,1.00000000,8,0.02500000,0.17693548,0.175104,public_simbench_planning_v7_direct_moea_de_controls
p3,storage_allocation,Ablation-NoDiversity,ablation,13,0.02137775,0.02137775,2,0.91601757,0.11321713,0.18824535,0.00000000,0.82690466,0.95175637,7,0.02500000,0.16829493,0.168087,public_simbench_planning_v7_direct_moea_de_controls
p3,storage_allocation,Ablation-NoDiversity,ablation,14,0.03532275,0.03532275,9,0.86713831,0.11879125,0.18306006,0.00000000,1.00000000,1.00000000,9,0.02500000,0.21053763,0.161008,public_simbench_planning_v7_direct_moea_de_controls
p3,storage_allocation,Ablation-NoDiversity,ablation,15,0.03358519,0.03358519,6,0.94152550,0.11853263,0.18097561,0.00000000,1.00000000,1.00000000,10,0.02500000,0.21322581,0.166422,public_simbench_planning_v7_direct_moea_de_controls
p3,storage_allocation,Ablation-NoDiversity,ablation,16,0.01084564,0.01084564,2,0.96489682,0.10764300,0.19343065,0.00000000,0.61632127,0.75196789,5,0.02500000,0.09225806,0.160891,public_simbench_planning_v7_direct_moea_de_controls
p3,storage_allocation,Ablation-NoDiversity,ablation,17,0.03637578,0.03637578,7,0.74387187,0.12462400,0.17995922,0.00000000,1.00000000,1.00000000,10,0.02500000,0.23741935,0.179951,public_simbench_planning_v7_direct_moea_de_controls
p3,storage_allocation,Ablation-NoDiversity,ablation,18,0.03226223,0.03226223,11,0.79275112,0.11904988,0.18514451,0.00000000,0.95584519,1.00000000,8,0.02500000,0.20717742,0.179769,public_simbench_planning_v7_direct_moea_de_controls
p3,storage_allocation,Ablation-NoDiversity,ablation,19,0.03611929,0.03611929,5,0.94152550,0.11853263,0.18097561,0.00000000,1.00000000,1.00000000,10,0.02500000,0.21322581,0.166235,public_simbench_planning_v7_direct_moea_de_controls
p3,storage_allocation,Ablation-NoDiversity,ablation,20,0.02138031,0.02138031,6,0.91601757,0.11321713,0.18824535,0.00000000,0.82690466,0.95175637,7,0.02500000,0.16829493,0.175891,public_simbench_planning_v7_direct_moea_de_controls
p3,storage_allocation,Ablation-NoDiversity,ablation,21,0.02937683,0.02937683,3,0.79275112,0.11904988,0.18514451,0.00000000,0.95584519,1.00000000,8,0.02500000,0.20717742,0.179262,public_simbench_planning_v7_direct_moea_de_controls
p3,storage_allocation,Ablation-NoDiversity,ablation,22,0.03532004,0.03532004,7,0.86713831,0.11879125,0.18306006,0.00000000,1.00000000,1.00000000,9,0.02500000,0.21053763,0.155600,public_simbench_planning_v7_direct_moea_de_controls
p3,storage_allocation,Ablation-NoDiversity,ablation,23,0.02547385,0.02547385,2,0.79275112,0.11904988,0.18514451,0.00000000,0.95584519,1.00000000,8,0.02500000,0.20717742,0.189752,public_simbench_planning_v7_direct_moea_de_controls
p3,storage_allocation,Ablation-NoDiversity,ablation,24,0.02776583,0.02776583,4,0.99040475,0.11295850,0.18616090,0.00000000,0.90854752,1.00000000,8,0.02500000,0.17693548,0.160625,public_simbench_planning_v7_direct_moea_de_controls
p3,storage_allocation,Ablation-NoDiversity,ablation,25,0.02776204,0.02776204,2,0.99040475,0.11295850,0.18616090,0.00000000,0.90854752,1.00000000,8,0.02500000,0.17693548,0.165798,public_simbench_planning_v7_direct_moea_de_controls
p3,storage_allocation,Ablation-NoDiversity,ablation,26,0.02776204,0.02776204,3,0.99040475,0.11295850,0.18616090,0.00000000,0.90854752,1.00000000,8,0.02500000,0.17693548,0.165898,public_simbench_planning_v7_direct_moea_de_controls
p3,storage_allocation,Ablation-NoDiversity,ablation,27,0.03532004,0.03532004,5,0.86713831,0.11879125,0.18306006,0.00000000,1.00000000,1.00000000,9,0.02500000,0.21053763,0.178475,public_simbench_planning_v7_direct_moea_de_controls
p3,storage_allocation,Ablation-NoDiversity,ablation,28,0.02776559,0.02776559,6,0.99040475,0.11295850,0.18616090,0.00000000,0.90854752,1.00000000,8,0.02500000,0.17693548,0.165796,public_simbench_planning_v7_direct_moea_de_controls
p3,storage_allocation,Ablation-NoDiversity,ablation,29,0.03538169,0.03538169,3,0.93984726,0.12395776,0.17467752,0.00002784,1.00000000,1.00000000,13,0.02497216,0.00000000,0.160808,public_simbench_planning_v7_direct_moea_de_controls
p3,storage_allocation,Ablation-NoDER,ablation,0,0.04415462,0.04415462,39,0.81825906,0.12436538,0.17787477,0.00000000,1.00000000,1.00000000,11,0.02500000,0.23741935,0.126388,public_simbench_planning_v7_direct_moea_de_controls
p3,storage_allocation,Ablation-NoDER,ablation,1,0.04392558,0.04392558,36,0.81825906,0.12436538,0.17787477,0.00000000,1.00000000,1.00000000,11,0.02500000,0.23741935,0.122933,public_simbench_planning_v7_direct_moea_de_controls
p3,storage_allocation,Ablation-NoDER,ablation,2,0.04416759,0.04416759,39,0.89264624,0.12410676,0.17579032,0.00000000,1.00000000,1.00000000,12,0.02500000,0.23741935,0.124635,public_simbench_planning_v7_direct_moea_de_controls
p3,storage_allocation,Ablation-NoDER,ablation,3,0.04443927,0.04443927,39,0.99019840,0.11897400,0.17889103,0.00000000,1.00000000,1.00000000,11,0.02500000,0.21542522,0.128192,public_simbench_planning_v7_direct_moea_de_controls
p3,storage_allocation,Ablation-NoDER,ablation,4,0.04456137,0.04456137,37,0.81825906,0.12436538,0.17787477,0.00000000,1.00000000,1.00000000,11,0.02500000,0.23741935,0.130960,public_simbench_planning_v7_direct_moea_de_controls
p3,storage_allocation,Ablation-NoDER,ablation,5,0.04489776,0.04489776,37,0.89264624,0.12410676,0.17579032,0.00000000,1.00000000,1.00000000,12,0.02500000,0.23741935,0.128116,public_simbench_planning_v7_direct_moea_de_controls
p3,storage_allocation,Ablation-NoDER,ablation,6,0.04536840,0.04536840,39,0.89264624,0.12410676,0.17579032,0.00000000,1.00000000,1.00000000,12,0.02500000,0.23741935,0.122040,public_simbench_planning_v7_direct_moea_de_controls
p3,storage_allocation,Ablation-NoDER,ablation,7,0.04421444,0.04421444,37,0.96703343,0.12384813,0.17370586,0.00000000,1.00000000,1.00000000,13,0.02500000,0.23741935,0.120826,public_simbench_planning_v7_direct_moea_de_controls
p3,storage_allocation,Ablation-NoDER,ablation,8,0.04415510,0.04415510,39,0.81825906,0.12436538,0.17787477,0.00000000,1.00000000,1.00000000,11,0.02500000,0.23741935,0.122560,public_simbench_planning_v7_direct_moea_de_controls
p3,storage_allocation,Ablation-NoDER,ablation,9,0.04494365,0.04494365,37,0.96703343,0.12384813,0.17370586,0.00000000,1.00000000,1.00000000,13,0.02500000,0.23741935,0.129011,public_simbench_planning_v7_direct_moea_de_controls
p3,storage_allocation,Ablation-NoDER,ablation,10,0.04430877,0.04430877,39,0.96703343,0.12384813,0.17370586,0.00000000,1.00000000,1.00000000,13,0.02500000,0.23741935,0.128491,public_simbench_planning_v7_direct_moea_de_controls
p3,storage_allocation,Ablation-NoDER,ablation,11,0.04383219,0.04383219,38,0.81825906,0.12436538,0.17787477,0.00000000,1.00000000,1.00000000,11,0.02500000,0.23741935,0.126219,public_simbench_planning_v7_direct_moea_de_controls
p3,storage_allocation,Ablation-NoDER,ablation,12,0.04474373,0.04474373,37,0.89264624,0.12410676,0.17579032,0.00000000,1.00000000,1.00000000,12,0.02500000,0.23741935,0.124084,public_simbench_planning_v7_direct_moea_de_controls
p3,storage_allocation,Ablation-NoDER,ablation,13,0.04383216,0.04383216,38,0.81825906,0.12436538,0.17787477,0.00000000,1.00000000,1.00000000,11,0.02500000,0.23741935,0.123267,public_simbench_planning_v7_direct_moea_de_controls
p3,storage_allocation,Ablation-NoDER,ablation,14,0.04489743,0.04489743,38,0.89264624,0.12410676,0.17579032,0.00000000,1.00000000,1.00000000,12,0.02500000,0.23741935,0.120769,public_simbench_planning_v7_direct_moea_de_controls
p3,storage_allocation,Ablation-NoDER,ablation,15,0.04416721,0.04416721,34,0.89264624,0.12410676,0.17579032,0.00000000,1.00000000,1.00000000,12,0.02500000,0.23741935,0.126699,public_simbench_planning_v7_direct_moea_de_controls
p3,storage_allocation,Ablation-NoDER,ablation,16,0.04435504,0.04435504,37,0.96703343,0.12384813,0.17370586,0.00000000,1.00000000,1.00000000,13,0.02500000,0.23741935,0.122457,public_simbench_planning_v7_direct_moea_de_controls
p3,storage_allocation,Ablation-NoDER,ablation,17,0.04506233,0.04506233,37,0.81825906,0.12436538,0.17787477,0.00000000,1.00000000,1.00000000,11,0.02500000,0.23741935,0.119919,public_simbench_planning_v7_direct_moea_de_controls
p3,storage_allocation,Ablation-NoDER,ablation,18,0.04494258,0.04494258,37,0.96703343,0.12384813,0.17370586,0.00000000,1.00000000,1.00000000,13,0.02500000,0.23741935,0.130274,public_simbench_planning_v7_direct_moea_de_controls
p3,storage_allocation,Ablation-NoDER,ablation,19,0.04416684,0.04416684,38,0.89264624,0.12410676,0.17579032,0.00000000,1.00000000,1.00000000,12,0.02500000,0.23741935,0.126317,public_simbench_planning_v7_direct_moea_de_controls
p3,storage_allocation,Ablation-NoDER,ablation,20,0.04489760,0.04489760,39,0.89264624,0.12410676,0.17579032,0.00000000,1.00000000,1.00000000,12,0.02500000,0.23741935,0.125601,public_simbench_planning_v7_direct_moea_de_controls
p3,storage_allocation,Ablation-NoDER,ablation,21,0.04456229,0.04456229,38,0.81825906,0.12436538,0.17787477,0.00000000,1.00000000,1.00000000,11,0.02500000,0.23741935,0.127571,public_simbench_planning_v7_direct_moea_de_controls
p3,storage_allocation,Ablation-NoDER,ablation,22,0.04392651,0.04392651,36,0.81825906,0.12436538,0.17787477,0.00000000,1.00000000,1.00000000,11,0.02500000,0.23741935,0.123366,public_simbench_planning_v7_direct_moea_de_controls
p3,storage_allocation,Ablation-NoDER,ablation,23,0.04416756,0.04416756,38,0.89264624,0.12410676,0.17579032,0.00000000,1.00000000,1.00000000,12,0.02500000,0.23741935,0.120740,public_simbench_planning_v7_direct_moea_de_controls
p3,storage_allocation,Ablation-NoDER,ablation,24,0.04415318,0.04415318,37,0.81825906,0.12436538,0.17787477,0.00000000,1.00000000,1.00000000,11,0.02500000,0.23741935,0.128330,public_simbench_planning_v7_direct_moea_de_controls
p3,storage_allocation,Ablation-NoDER,ablation,25,0.04375967,0.04375967,36,0.89264624,0.12410676,0.17579032,0.00000000,1.00000000,1.00000000,12,0.02500000,0.23741935,0.131410,public_simbench_planning_v7_direct_moea_de_controls
p3,storage_allocation,Ablation-NoDER,ablation,26,0.04416727,0.04416727,39,0.89264624,0.12410676,0.17579032,0.00000000,1.00000000,1.00000000,12,0.02500000,0.23741935,0.117849,public_simbench_planning_v7_direct_moea_de_controls
p3,storage_allocation,Ablation-NoDER,ablation,27,0.04366709,0.04366709,38,0.81825906,0.12436538,0.17787477,0.00000000,1.00000000,1.00000000,11,0.02500000,0.23741935,0.117961,public_simbench_planning_v7_direct_moea_de_controls
p3,storage_allocation,Ablation-NoDER,ablation,28,0.04548128,0.04548128,38,0.96703343,0.12384813,0.17370586,0.00000000,1.00000000,1.00000000,13,0.02500000,0.23741935,0.124612,public_simbench_planning_v7_direct_moea_de_controls
p3,storage_allocation,Ablation-NoDER,ablation,29,0.04494410,0.04494410,36,0.96703343,0.12384813,0.17370586,0.00000000,1.00000000,1.00000000,13,0.02500000,0.23741935,0.127949,public_simbench_planning_v7_direct_moea_de_controls
p3,load_growth_expansion,CARS-MODE,proposed,0,0.03656557,0.03656557,39,0.96867605,0.16210065,0.23532560,0.00004059,0.97037209,1.00000000,14,0.02495941,0.00000000,0.151781,public_simbench_planning_v7_direct_moea_de_controls
p3,load_growth_expansion,CARS-MODE,proposed,1,0.03788069,0.03788069,38,0.98537253,0.16201508,0.23444115,0.00003479,1.00000000,1.00000000,14,0.02496521,0.00000000,0.130389,public_simbench_planning_v7_direct_moea_de_controls
p3,load_growth_expansion,CARS-MODE,proposed,2,0.03824050,0.03824050,38,0.95344035,0.16206602,0.23443281,0.00001392,1.00000000,1.00000000,13,0.02498608,0.00000000,0.131428,public_simbench_planning_v7_direct_moea_de_controls
p3,load_growth_expansion,CARS-MODE,proposed,3,0.03662879,0.03662879,39,0.98537253,0.16201508,0.23444115,0.00003479,1.00000000,1.00000000,14,0.02496521,0.00000000,0.130392,public_simbench_planning_v7_direct_moea_de_controls
p3,load_growth_expansion,CARS-MODE,proposed,4,0.03642727,0.03642727,39,0.97320708,0.16208238,0.23516366,0.00003595,1.00000000,1.00000000,14,0.02496405,0.00000000,0.121464,public_simbench_planning_v7_direct_moea_de_controls
p3,load_growth_expansion,CARS-MODE,proposed,5,0.03779072,0.03779072,39,0.97320708,0.16208238,0.23516366,0.00003595,1.00000000,1.00000000,14,0.02496405,0.00000000,0.129874,public_simbench_planning_v7_direct_moea_de_controls
p3,load_growth_expansion,CARS-MODE,proposed,6,0.03652646,0.03652646,39,0.97320708,0.16208238,0.23516366,0.00003595,1.00000000,1.00000000,14,0.02496405,0.00000000,0.118441,public_simbench_planning_v7_direct_moea_de_controls
p3,load_growth_expansion,CARS-MODE,proposed,7,0.03631958,0.03631958,38,0.96557266,0.16213141,0.23572422,0.00003247,1.00000000,1.00000000,14,0.02496753,0.00000000,0.127040,public_simbench_planning_v7_direct_moea_de_controls
p3,load_growth_expansion,CARS-MODE,proposed,8,0.03625512,0.03625512,38,0.94437829,0.16210257,0.23475670,0.00002320,1.00000000,1.00000000,13,0.02497680,0.00000000,0.126196,public_simbench_planning_v7_direct_moea_de_controls
p3,load_growth_expansion,CARS-MODE,proposed,9,0.03612265,0.03612265,38,0.96066721,0.16101339,0.23723977,0.00186635,1.00000000,1.00000000,12,0.02313365,0.00000000,0.124555,public_simbench_planning_v7_direct_moea_de_controls
p3,load_growth_expansion,CARS-MODE,proposed,10,0.03762280,0.03762280,39,0.95344035,0.16206602,0.23443281,0.00001392,1.00000000,1.00000000,13,0.02498608,0.00000000,0.130269,public_simbench_planning_v7_direct_moea_de_controls
p3,load_growth_expansion,CARS-MODE,proposed,11,0.03509770,0.03509770,38,0.92457842,0.16221889,0.23603977,0.00002088,1.00000000,1.00000000,13,0.02497912,0.00000000,0.120873,public_simbench_planning_v7_direct_moea_de_controls
p3,load_growth_expansion,CARS-MODE,proposed,12,0.03820238,0.03820238,39,0.98537253,0.16201508,0.23444115,0.00003479,1.00000000,1.00000000,14,0.02496521,0.00000000,0.122239,public_simbench_planning_v7_direct_moea_de_controls
p3,load_growth_expansion,CARS-MODE,proposed,13,0.03763192,0.03763192,39,0.98537253,0.16201508,0.23444115,0.00003479,1.00000000,1.00000000,14,0.02496521,0.00000000,0.129830,public_simbench_planning_v7_direct_moea_de_controls
p3,load_growth_expansion,CARS-MODE,proposed,14,0.03767255,0.03767255,39,0.94890932,0.16208429,0.23459476,0.00001856,1.00000000,1.00000000,13,0.02498144,0.00000000,0.120452,public_simbench_planning_v7_direct_moea_de_controls
p3,load_growth_expansion,CARS-MODE,proposed,15,0.03635795,0.03635795,39,0.99259939,0.16096245,0.23724811,0.00188723,0.94699901,1.00000000,13,0.02311277,0.00000000,0.131242,public_simbench_planning_v7_direct_moea_de_controls
p3,load_growth_expansion,CARS-MODE,proposed,16,0.03551125,0.03551125,37,0.99117638,0.16059939,0.23844787,0.00151117,0.93580287,1.00000000,12,0.02348883,0.00000000,0.116282,public_simbench_planning_v7_direct_moea_de_controls
p3,load_growth_expansion,CARS-MODE,proposed,17,0.03810996,0.03810996,39,0.98537253,0.16201508,0.23444115,0.00003479,1.00000000,1.00000000,14,0.02496521,0.00000000,0.125677,public_simbench_planning_v7_direct_moea_de_controls
p3,load_growth_expansion,CARS-MODE,proposed,18,0.03751510,0.03751510,39,0.96104163,0.16214968,0.23588617,0.00003711,1.00000000,1.00000000,14,0.02496289,0.00000000,0.120182,public_simbench_planning_v7_direct_moea_de_controls
p3,load_growth_expansion,CARS-MODE,proposed,19,0.03612470,0.03612470,39,0.97631047,0.16205163,0.23476504,0.00004407,0.92379295,1.00000000,14,0.02495593,0.00000000,0.122174,public_simbench_planning_v7_direct_moea_de_controls
p3,load_growth_expansion,CARS-MODE,proposed,20,0.03798895,0.03798895,39,0.94437829,0.16210257,0.23475670,0.00002320,1.00000000,1.00000000,13,0.02497680,0.00000000,0.122231,public_simbench_planning_v7_direct_moea_de_controls
p3,load_growth_expansion,CARS-MODE,proposed,21,0.03430677,0.03430677,39,0.86713831,0.15695433,0.24330118,0.00000000,1.00000000,1.00000000,9,0.02500000,0.13053763,0.125159,public_simbench_planning_v7_direct_moea_de_controls
p3,load_growth_expansion,CARS-MODE,proposed,22,0.03847483,0.03847483,39,0.99300695,0.16196606,0.23388059,0.00003827,0.99764387,1.00000000,14,0.02496173,0.00000000,0.130481,public_simbench_planning_v7_direct_moea_de_controls
p3,load_growth_expansion,CARS-MODE,proposed,23,0.03847260,0.03847260,39,0.98990355,0.16199681,0.23427921,0.00003015,1.00000000,1.00000000,14,0.02496985,0.00000000,0.127523,public_simbench_planning_v7_direct_moea_de_controls
p3,load_growth_expansion,CARS-MODE,proposed,24,0.03666147,0.03666147,39,0.96867605,0.16210065,0.23532560,0.00004059,0.97037209,1.00000000,14,0.02495941,0.00000000,0.122960,public_simbench_planning_v7_direct_moea_de_controls
p3,load_growth_expansion,CARS-MODE,proposed,25,0.03746957,0.03746957,38,0.94437829,0.16210257,0.23475670,0.00002320,1.00000000,1.00000000,13,0.02497680,0.00000000,0.115642,public_simbench_planning_v7_direct_moea_de_controls
p3,load_growth_expansion,CARS-MODE,proposed,26,0.03519598,0.03519598,39,0.95160515,0.16104993,0.23756366,0.00187563,1.00000000,1.00000000,12,0.02312437,0.00000000,0.119113,public_simbench_planning_v7_direct_moea_de_controls
p3,load_growth_expansion,CARS-MODE,proposed,27,0.03752681,0.03752681,39,0.94437829,0.16210257,0.23475670,0.00002320,1.00000000,1.00000000,13,0.02497680,0.00000000,0.124883,public_simbench_planning_v7_direct_moea_de_controls
p3,load_growth_expansion,CARS-MODE,proposed,28,0.03719664,0.03719664,39,0.97320708,0.16208238,0.23516366,0.00003595,1.00000000,1.00000000,14,0.02496405,0.00000000,0.122879,public_simbench_planning_v7_direct_moea_de_controls
p3,load_growth_expansion,CARS-MODE,proposed,29,0.03795807,0.03795807,39,0.98990355,0.16199681,0.23427921,0.00003015,1.00000000,1.00000000,14,0.02496985,0.00000000,0.122572,public_simbench_planning_v7_direct_moea_de_controls
p3,load_growth_expansion,NSGA-II,baseline,0,0.03544633,0.03544633,40,0.98990355,0.16199681,0.23427921,0.00003015,1.00000000,1.00000000,14,0.02496985,0.00000000,0.078806,public_simbench_planning_v7_direct_moea_de_controls
p3,load_growth_expansion,NSGA-II,baseline,1,0.03726264,0.03726264,40,0.98226913,0.16204584,0.23483977,0.00002668,1.00000000,1.00000000,14,0.02497332,0.00000000,0.077965,public_simbench_planning_v7_direct_moea_de_controls
p3,load_growth_expansion,NSGA-II,baseline,2,0.03729967,0.03729967,40,0.99443458,0.16197854,0.23411726,0.00002552,1.00000000,1.00000000,14,0.02497448,0.00000000,0.078843,public_simbench_planning_v7_direct_moea_de_controls
p3,load_growth_expansion,NSGA-II,baseline,3,0.03587434,0.03587434,40,0.99468518,0.15654092,0.24017867,0.00001044,1.00000000,1.00000000,11,0.02498956,0.00000000,0.079489,public_simbench_planning_v7_direct_moea_de_controls
p3,load_growth_expansion,NSGA-II,baseline,4,0.03561717,0.03561717,40,0.91551637,0.16225544,0.23636366,0.00003015,1.00000000,1.00000000,13,0.02496985,0.00000000,0.078759,public_simbench_planning_v7_direct_moea_de_controls
p3,load_growth_expansion,NSGA-II,baseline,5,0.03476458,0.03476458,40,0.97773811,0.16206411,0.23500172,0.00003131,1.00000000,1.00000000,14,0.02496869,0.00000000,0.080168,public_simbench_planning_v7_direct_moea_de_controls
p3,load_growth_expansion,NSGA-II,baseline,6,0.02629251,0.02629251,40,0.99297381,0.16209874,0.23589450,0.00005799,0.83046219,0.99411304,15,0.02494201,0.00000000,0.079881,public_simbench_planning_v7_direct_moea_de_controls
p3,load_growth_expansion,NSGA-II,baseline,7,0.03377703,0.03377703,40,0.99713042,0.16094418,0.23708617,0.00188259,1.00000000,1.00000000,13,0.02311741,0.00000000,0.078817,public_simbench_planning_v7_direct_moea_de_controls
p3,load_growth_expansion,NSGA-II,baseline,8,0.03717919,0.03717919,40,0.98084150,0.16203336,0.23460309,0.00003943,0.98400798,1.00000000,14,0.02496057,0.00000000,0.081828,public_simbench_planning_v7_direct_moea_de_controls
p3,load_growth_expansion,NSGA-II,baseline,9,0.03456291,0.03456291,40,0.99713042,0.16094418,0.23708617,0.00188259,1.00000000,1.00000000,13,0.02311741,0.00000000,0.079674,public_simbench_planning_v7_direct_moea_de_controls
p3,load_growth_expansion,NSGA-II,baseline,10,0.03692904,0.03692904,40,0.97320708,0.16208238,0.23516366,0.00003595,1.00000000,1.00000000,14,0.02496405,0.00000000,0.079533,public_simbench_planning_v7_direct_moea_de_controls
p3,load_growth_expansion,NSGA-II,baseline,11,0.03781549,0.03781549,40,0.98900161,0.16100047,0.23764673,0.00186159,1.00000000,1.00000000,13,0.02313841,0.00000000,0.078961,public_simbench_planning_v7_direct_moea_de_controls
p3,load_growth_expansion,NSGA-II,baseline,12,0.03425401,0.03425401,40,0.99663603,0.16095144,0.23708617,0.00186507,1.00000000,1.00000000,13,0.02313493,0.00000000,0.079905,public_simbench_planning_v7_direct_moea_de_controls
p3,load_growth_expansion,NSGA-II,baseline,13,0.03601948,0.03601948,40,0.97773811,0.16206411,0.23500172,0.00003131,1.00000000,1.00000000,14,0.02496869,0.00000000,0.078768,public_simbench_planning_v7_direct_moea_de_controls
p3,load_growth_expansion,NSGA-II,baseline,14,0.03545012,0.03545012,40,0.95651060,0.16216795,0.23604811,0.00004175,0.95673620,1.00000000,14,0.02495825,0.00000000,0.079333,public_simbench_planning_v7_direct_moea_de_controls
p3,load_growth_expansion,NSGA-II,baseline,15,0.03419243,0.03419243,40,0.97320708,0.16208238,0.23516366,0.00003595,1.00000000,1.00000000,14,0.02496405,0.00000000,0.080565,public_simbench_planning_v7_direct_moea_de_controls
p3,load_growth_expansion,NSGA-II,baseline,16,0.03577776,0.03577776,40,0.98537253,0.16201508,0.23444115,0.00003479,1.00000000,1.00000000,14,0.02496521,0.00000000,0.078577,public_simbench_planning_v7_direct_moea_de_controls
p3,load_growth_expansion,NSGA-II,baseline,17,0.03501461,0.03501461,40,0.94434516,0.16223525,0.23677062,0.00004291,0.94310031,1.00000000,14,0.02495709,0.00000000,0.080006,public_simbench_planning_v7_direct_moea_de_controls
p3,load_growth_expansion,NSGA-II,baseline,18,0.03510697,0.03510697,40,0.93217971,0.16230255,0.23749313,0.00004407,0.92946442,1.00000000,14,0.02495593,0.00000000,0.079799,public_simbench_planning_v7_direct_moea_de_controls
p3,load_growth_expansion,NSGA-II,baseline,19,0.03405246,0.03405246,40,0.98906936,0.15798614,0.23916134,0.00002088,1.00000000,1.00000000,12,0.02497912,0.00000000,0.080520,public_simbench_planning_v7_direct_moea_de_controls
p3,load_growth_expansion,NSGA-II,baseline,20,0.03548417,0.03548417,40,0.96104163,0.16214968,0.23588617,0.00003711,1.00000000,1.00000000,14,0.02496289,0.00000000,0.079997,public_simbench_planning_v7_direct_moea_de_controls
p3,load_growth_expansion,NSGA-II,baseline,21,0.03573499,0.03573499,40,0.91551637,0.16225544,0.23636366,0.00003015,1.00000000,1.00000000,13,0.02496985,0.00000000,0.084716,public_simbench_planning_v7_direct_moea_de_controls
p3,load_growth_expansion,NSGA-II,baseline,22,0.03539497,0.03539497,40,0.97320708,0.16208238,0.23516366,0.00003595,1.00000000,1.00000000,14,0.02496405,0.00000000,0.078010,public_simbench_planning_v7_direct_moea_de_controls
p3,load_growth_expansion,NSGA-II,baseline,23,0.03457667,0.03457667,40,0.97320708,0.16208238,0.23516366,0.00003595,1.00000000,1.00000000,14,0.02496405,0.00000000,0.077156,public_simbench_planning_v7_direct_moea_de_controls
p3,load_growth_expansion,NSGA-II,baseline,24,0.02836824,0.02836824,40,0.99297381,0.16209874,0.23589450,0.00005799,0.83046219,0.99411304,15,0.02494201,0.00000000,0.080108,public_simbench_planning_v7_direct_moea_de_controls
p3,load_growth_expansion,NSGA-II,baseline,25,0.03518632,0.03518632,40,0.96867605,0.16210065,0.23532560,0.00004059,0.97037209,1.00000000,14,0.02495941,0.00000000,0.082521,public_simbench_planning_v7_direct_moea_de_controls
p3,load_growth_expansion,NSGA-II,baseline,26,0.03375899,0.03375899,40,0.94254772,0.16073590,0.23932399,0.00149610,1.00000000,1.00000000,11,0.02350390,0.00000000,0.079822,public_simbench_planning_v7_direct_moea_de_controls
p3,load_growth_expansion,NSGA-II,baseline,27,0.03714804,0.03714804,40,0.98537253,0.16201508,0.23444115,0.00003479,1.00000000,1.00000000,14,0.02496521,0.00000000,0.080706,public_simbench_planning_v7_direct_moea_de_controls
p3,load_growth_expansion,NSGA-II,baseline,28,0.03464755,0.03464755,40,0.97320708,0.16208238,0.23516366,0.00003595,1.00000000,1.00000000,14,0.02496405,0.00000000,0.082276,public_simbench_planning_v7_direct_moea_de_controls
p3,load_growth_expansion,NSGA-II,baseline,29,0.03555698,0.03555698,40,0.98537253,0.16201508,0.23444115,0.00003479,1.00000000,1.00000000,14,0.02496521,0.00000000,0.082126,public_simbench_planning_v7_direct_moea_de_controls
p3,load_growth_expansion,NSGA-II+Repair,baseline,0,0.03469964,0.03469964,40,0.96104163,0.16214968,0.23588617,0.00003711,1.00000000,1.00000000,14,0.02496289,0.00000000,0.079355,public_simbench_planning_v7_direct_moea_de_controls
p3,load_growth_expansion,NSGA-II+Repair,baseline,1,0.03638143,0.03638143,40,0.99753797,0.16194779,0.23371864,0.00003363,1.00000000,1.00000000,14,0.02496637,0.00000000,0.081158,public_simbench_planning_v7_direct_moea_de_controls
p3,load_growth_expansion,NSGA-II+Repair,baseline,2,0.03396831,0.03396831,40,0.96286865,0.15998629,0.24020867,0.00370590,0.97494037,1.00000000,11,0.02129410,0.00000000,0.078641,public_simbench_planning_v7_direct_moea_de_controls
p3,load_growth_expansion,NSGA-II+Repair,baseline,3,0.03644225,0.03644225,40,0.99753797,0.16194779,0.23371864,0.00003363,1.00000000,1.00000000,14,0.02496637,0.00000000,0.079164,public_simbench_planning_v7_direct_moea_de_controls
p3,load_growth_expansion,NSGA-II+Repair,baseline,4,0.03416202,0.03416202,40,0.93217971,0.16230255,0.23749313,0.00004407,0.92946442,1.00000000,14,0.02495593,0.00000000,0.079848,public_simbench_planning_v7_direct_moea_de_controls
p3,load_growth_expansion,NSGA-II+Repair,baseline,5,0.03720724,0.03720724,40,0.99896561,0.16196027,0.23395532,0.00002088,1.00000000,1.00000000,14,0.02497912,0.00000000,0.079975,public_simbench_planning_v7_direct_moea_de_controls
p3,load_growth_expansion,NSGA-II+Repair,baseline,6,0.03489293,0.03489293,40,0.95651060,0.16216795,0.23604811,0.00004175,0.95673620,1.00000000,14,0.02495825,0.00000000,0.080838,public_simbench_planning_v7_direct_moea_de_controls
p3,load_growth_expansion,NSGA-II+Repair,baseline,7,0.03112303,0.03112303,40,0.99259939,0.16096245,0.23724811,0.00188723,0.94699901,1.00000000,13,0.02311277,0.00000000,0.078199,public_simbench_planning_v7_direct_moea_de_controls
p3,load_growth_expansion,NSGA-II+Repair,baseline,8,0.03325530,0.03325530,40,0.84566021,0.16249579,0.23828617,0.00002552,1.00000000,1.00000000,12,0.02497448,0.00000000,0.079812,public_simbench_planning_v7_direct_moea_de_controls
p3,load_growth_expansion,NSGA-II+Repair,baseline,9,0.03509191,0.03509191,40,0.97320708,0.16208238,0.23516366,0.00003595,1.00000000,1.00000000,14,0.02496405,0.00000000,0.080925,public_simbench_planning_v7_direct_moea_de_controls
p3,load_growth_expansion,NSGA-II+Repair,baseline,10,0.03375929,0.03375929,40,0.96104163,0.16214968,0.23588617,0.00003711,1.00000000,1.00000000,14,0.02496289,0.00000000,0.079437,public_simbench_planning_v7_direct_moea_de_controls
p3,load_growth_expansion,NSGA-II+Repair,baseline,11,0.03452739,0.03452739,40,0.93943970,0.16111723,0.23828617,0.00187679,0.99942210,1.00000000,12,0.02312321,0.00000000,0.079676,public_simbench_planning_v7_direct_moea_de_controls
p3,load_growth_expansion,NSGA-II+Repair,baseline,12,0.03087145,0.03087145,40,0.86052149,0.16139413,0.24053256,0.00188143,0.85756421,0.99287805,11,0.02311857,0.00000000,0.079967,public_simbench_planning_v7_direct_moea_de_controls
p3,load_growth_expansion,NSGA-II+Repair,baseline,13,0.03543740,0.03543740,40,0.97773811,0.16206411,0.23500172,0.00003131,1.00000000,1.00000000,14,0.02496869,0.00000000,0.081043,public_simbench_planning_v7_direct_moea_de_controls
p3,load_growth_expansion,NSGA-II+Repair,baseline,14,0.03294651,0.03294651,40,0.89118547,0.16239003,0.23780867,0.00003247,0.99552340,1.00000000,13,0.02496753,0.00000000,0.080947,public_simbench_planning_v7_direct_moea_de_controls
p3,load_growth_expansion,NSGA-II+Repair,baseline,15,0.03472801,0.03472801,40,0.98990355,0.16199681,0.23427921,0.00003015,1.00000000,1.00000000,14,0.02496985,0.00000000,0.080488,public_simbench_planning_v7_direct_moea_de_controls
p3,load_growth_expansion,NSGA-II+Repair,baseline,16,0.03364561,0.03364561,40,0.96867605,0.16210065,0.23532560,0.00004059,0.97037209,1.00000000,14,0.02495941,0.00000000,0.081451,public_simbench_planning_v7_direct_moea_de_controls
p3,load_growth_expansion,NSGA-II+Repair,baseline,17,0.03485336,0.03485336,40,0.98084150,0.16203336,0.23460309,0.00003943,0.98400798,1.00000000,14,0.02496057,0.00000000,0.080724,public_simbench_planning_v7_direct_moea_de_controls
p3,load_growth_expansion,NSGA-II+Repair,baseline,18,0.03679139,0.03679139,40,0.98537253,0.16201508,0.23444115,0.00003479,1.00000000,1.00000000,14,0.02496521,0.00000000,0.079656,public_simbench_planning_v7_direct_moea_de_controls
p3,load_growth_expansion,NSGA-II+Repair,baseline,19,0.03394062,0.03394062,40,0.96582326,0.15669379,0.24178563,0.00001740,0.97922100,1.00000000,11,0.02498260,0.00000000,0.078159,public_simbench_planning_v7_direct_moea_de_controls
p3,load_growth_expansion,NSGA-II+Repair,baseline,20,0.03686933,0.03686933,40,0.97773811,0.16206411,0.23500172,0.00003131,1.00000000,1.00000000,14,0.02496869,0.00000000,0.078887,public_simbench_planning_v7_direct_moea_de_controls
p3,load_growth_expansion,NSGA-II+Repair,baseline,21,0.03524180,0.03524180,40,0.99443458,0.16197854,0.23411726,0.00002552,1.00000000,1.00000000,14,0.02497448,0.00000000,0.079096,public_simbench_planning_v7_direct_moea_de_controls
p3,load_growth_expansion,NSGA-II+Repair,baseline,22,0.03701823,0.03701823,40,0.93674387,0.16215159,0.23531726,0.00001972,1.00000000,1.00000000,13,0.02498028,0.00000000,0.081372,public_simbench_planning_v7_direct_moea_de_controls
p3,load_growth_expansion,NSGA-II+Repair,baseline,23,0.03281895,0.03281895,40,0.99491638,0.16059122,0.23832348,0.00149252,0.99296913,1.00000000,12,0.02350748,0.00000000,0.079681,public_simbench_planning_v7_direct_moea_de_controls
p3,load_growth_expansion,NSGA-II+Repair,baseline,24,0.03274895,0.03274895,40,0.99210500,0.16096972,0.23724811,0.00186971,0.94589036,1.00000000,13,0.02313029,0.00000000,0.080162,public_simbench_planning_v7_direct_moea_de_controls
p3,load_growth_expansion,NSGA-II+Repair,baseline,25,0.03488393,0.03488393,40,0.98537253,0.16201508,0.23444115,0.00003479,1.00000000,1.00000000,14,0.02496521,0.00000000,0.079295,public_simbench_planning_v7_direct_moea_de_controls
p3,load_growth_expansion,NSGA-II+Repair,baseline,26,0.03585735,0.03585735,40,0.99300695,0.16196606,0.23388059,0.00003827,0.99764387,1.00000000,14,0.02496173,0.00000000,0.077528,public_simbench_planning_v7_direct_moea_de_controls
p3,load_growth_expansion,NSGA-II+Repair,baseline,27,0.03401842,0.03401842,40,0.91551637,0.16225544,0.23636366,0.00003015,1.00000000,1.00000000,13,0.02496985,0.00000000,0.077708,public_simbench_planning_v7_direct_moea_de_controls
p3,load_growth_expansion,NSGA-II+Repair,baseline,28,0.03452029,0.03452029,40,0.99893248,0.16209295,0.23596924,0.00004059,1.00000000,1.00000000,15,0.02495941,0.00000000,0.079142,public_simbench_planning_v7_direct_moea_de_controls
p3,load_growth_expansion,NSGA-II+Repair,baseline,29,0.03658707,0.03658707,40,0.99443458,0.16197854,0.23411726,0.00002552,1.00000000,1.00000000,14,0.02497448,0.00000000,0.078656,public_simbench_planning_v7_direct_moea_de_controls
p3,load_growth_expansion,MOEA/D,baseline,0,0.00047204,0.00047204,1,0.00000000,0.16537332,0.26104485,0.00000000,0.35000000,0.42000000,0,0.02500000,0.48000000,0.372734,public_simbench_planning_v7_direct_moea_de_controls
p3,load_growth_expansion,MOEA/D,baseline,1,0.00047204,0.00047204,1,0.00000000,0.16537332,0.26104485,0.00000000,0.35000000,0.42000000,0,0.02500000,0.48000000,0.371942,public_simbench_planning_v7_direct_moea_de_controls
p3,load_growth_expansion,MOEA/D,baseline,2,0.00047204,0.00047204,1,0.00000000,0.16537332,0.26104485,0.00000000,0.35000000,0.42000000,0,0.02500000,0.48000000,0.371509,public_simbench_planning_v7_direct_moea_de_controls
p3,load_growth_expansion,MOEA/D,baseline,3,0.00047204,0.00047204,1,0.00000000,0.16537332,0.26104485,0.00000000,0.35000000,0.42000000,0,0.02500000,0.48000000,0.369338,public_simbench_planning_v7_direct_moea_de_controls
p3,load_growth_expansion,MOEA/D,baseline,4,0.00047204,0.00047204,1,0.00000000,0.16537332,0.26104485,0.00000000,0.35000000,0.42000000,0,0.02500000,0.48000000,0.375983,public_simbench_planning_v7_direct_moea_de_controls
p3,load_growth_expansion,MOEA/D,baseline,5,0.00047204,0.00047204,1,0.00000000,0.16537332,0.26104485,0.00000000,0.35000000,0.42000000,0,0.02500000,0.48000000,0.375046,public_simbench_planning_v7_direct_moea_de_controls
p3,load_growth_expansion,MOEA/D,baseline,6,0.00047204,0.00047204,1,0.00000000,0.16537332,0.26104485,0.00000000,0.35000000,0.42000000,0,0.02500000,0.48000000,0.372360,public_simbench_planning_v7_direct_moea_de_controls
p3,load_growth_expansion,MOEA/D,baseline,7,0.00047204,0.00047204,1,0.00000000,0.16537332,0.26104485,0.00000000,0.35000000,0.42000000,0,0.02500000,0.48000000,0.374809,public_simbench_planning_v7_direct_moea_de_controls
p3,load_growth_expansion,MOEA/D,baseline,8,0.00047204,0.00047204,1,0.00000000,0.16537332,0.26104485,0.00000000,0.35000000,0.42000000,0,0.02500000,0.48000000,0.371441,public_simbench_planning_v7_direct_moea_de_controls
p3,load_growth_expansion,MOEA/D,baseline,9,0.00047204,0.00047204,1,0.00000000,0.16537332,0.26104485,0.00000000,0.35000000,0.42000000,0,0.02500000,0.48000000,0.377290,public_simbench_planning_v7_direct_moea_de_controls
p3,load_growth_expansion,MOEA/D,baseline,10,0.00047204,0.00047204,1,0.00000000,0.16537332,0.26104485,0.00000000,0.35000000,0.42000000,0,0.02500000,0.48000000,0.366082,public_simbench_planning_v7_direct_moea_de_controls
p3,load_growth_expansion,MOEA/D,baseline,11,0.00047204,0.00047204,1,0.00000000,0.16537332,0.26104485,0.00000000,0.35000000,0.42000000,0,0.02500000,0.48000000,0.365619,public_simbench_planning_v7_direct_moea_de_controls
p3,load_growth_expansion,MOEA/D,baseline,12,0.00047204,0.00047204,1,0.00000000,0.16537332,0.26104485,0.00000000,0.35000000,0.42000000,0,0.02500000,0.48000000,0.369585,public_simbench_planning_v7_direct_moea_de_controls
p3,load_growth_expansion,MOEA/D,baseline,13,0.00047204,0.00047204,1,0.00000000,0.16537332,0.26104485,0.00000000,0.35000000,0.42000000,0,0.02500000,0.48000000,0.366453,public_simbench_planning_v7_direct_moea_de_controls
p3,load_growth_expansion,MOEA/D,baseline,14,0.00047204,0.00047204,1,0.00000000,0.16537332,0.26104485,0.00000000,0.35000000,0.42000000,0,0.02500000,0.48000000,0.364455,public_simbench_planning_v7_direct_moea_de_controls
p3,load_growth_expansion,MOEA/D,baseline,15,0.00047204,0.00047204,1,0.00000000,0.16537332,0.26104485,0.00000000,0.35000000,0.42000000,0,0.02500000,0.48000000,0.365438,public_simbench_planning_v7_direct_moea_de_controls
p3,load_growth_expansion,MOEA/D,baseline,16,0.00047204,0.00047204,1,0.00000000,0.16537332,0.26104485,0.00000000,0.35000000,0.42000000,0,0.02500000,0.48000000,0.368366,public_simbench_planning_v7_direct_moea_de_controls
p3,load_growth_expansion,MOEA/D,baseline,17,0.00047204,0.00047204,1,0.00000000,0.16537332,0.26104485,0.00000000,0.35000000,0.42000000,0,0.02500000,0.48000000,0.365160,public_simbench_planning_v7_direct_moea_de_controls
p3,load_growth_expansion,MOEA/D,baseline,18,0.00047204,0.00047204,1,0.00000000,0.16537332,0.26104485,0.00000000,0.35000000,0.42000000,0,0.02500000,0.48000000,0.369705,public_simbench_planning_v7_direct_moea_de_controls
p3,load_growth_expansion,MOEA/D,baseline,19,0.00047204,0.00047204,1,0.00000000,0.16537332,0.26104485,0.00000000,0.35000000,0.42000000,0,0.02500000,0.48000000,0.375064,public_simbench_planning_v7_direct_moea_de_controls
p3,load_growth_expansion,MOEA/D,baseline,20,0.00047204,0.00047204,1,0.00000000,0.16537332,0.26104485,0.00000000,0.35000000,0.42000000,0,0.02500000,0.48000000,0.368462,public_simbench_planning_v7_direct_moea_de_controls
p3,load_growth_expansion,MOEA/D,baseline,21,0.00047204,0.00047204,1,0.00000000,0.16537332,0.26104485,0.00000000,0.35000000,0.42000000,0,0.02500000,0.48000000,0.372999,public_simbench_planning_v7_direct_moea_de_controls
p3,load_growth_expansion,MOEA/D,baseline,22,0.00047204,0.00047204,1,0.00000000,0.16537332,0.26104485,0.00000000,0.35000000,0.42000000,0,0.02500000,0.48000000,0.371913,public_simbench_planning_v7_direct_moea_de_controls
p3,load_growth_expansion,MOEA/D,baseline,23,0.00047204,0.00047204,1,0.00000000,0.16537332,0.26104485,0.00000000,0.35000000,0.42000000,0,0.02500000,0.48000000,0.369316,public_simbench_planning_v7_direct_moea_de_controls
p3,load_growth_expansion,MOEA/D,baseline,24,0.00047204,0.00047204,1,0.00000000,0.16537332,0.26104485,0.00000000,0.35000000,0.42000000,0,0.02500000,0.48000000,0.375576,public_simbench_planning_v7_direct_moea_de_controls
p3,load_growth_expansion,MOEA/D,baseline,25,0.00047204,0.00047204,1,0.00000000,0.16537332,0.26104485,0.00000000,0.35000000,0.42000000,0,0.02500000,0.48000000,0.370513,public_simbench_planning_v7_direct_moea_de_controls
p3,load_growth_expansion,MOEA/D,baseline,26,0.00047204,0.00047204,1,0.00000000,0.16537332,0.26104485,0.00000000,0.35000000,0.42000000,0,0.02500000,0.48000000,0.374479,public_simbench_planning_v7_direct_moea_de_controls
p3,load_growth_expansion,MOEA/D,baseline,27,0.00047204,0.00047204,1,0.00000000,0.16537332,0.26104485,0.00000000,0.35000000,0.42000000,0,0.02500000,0.48000000,0.373582,public_simbench_planning_v7_direct_moea_de_controls
p3,load_growth_expansion,MOEA/D,baseline,28,0.00047204,0.00047204,1,0.00000000,0.16537332,0.26104485,0.00000000,0.35000000,0.42000000,0,0.02500000,0.48000000,0.377444,public_simbench_planning_v7_direct_moea_de_controls
p3,load_growth_expansion,MOEA/D,baseline,29,0.00047204,0.00047204,1,0.00000000,0.16537332,0.26104485,0.00000000,0.35000000,0.42000000,0,0.02500000,0.48000000,0.370328,public_simbench_planning_v7_direct_moea_de_controls
p3,load_growth_expansion,GDE3,baseline,0,0.03533659,0.03533659,38,0.98990355,0.16199681,0.23427921,0.00003015,1.00000000,1.00000000,14,0.02496985,0.00000000,0.050656,public_simbench_planning_v7_direct_moea_de_controls
p3,load_growth_expansion,GDE3,baseline,1,0.03698246,0.03698246,39,0.97773811,0.16206411,0.23500172,0.00003131,1.00000000,1.00000000,14,0.02496869,0.00000000,0.051727,public_simbench_planning_v7_direct_moea_de_controls
p3,load_growth_expansion,GDE3,baseline,2,0.03128297,0.03128297,39,0.95651060,0.16216795,0.23604811,0.00004175,0.95673620,1.00000000,14,0.02495825,0.00000000,0.051857,public_simbench_planning_v7_direct_moea_de_controls
p3,load_growth_expansion,GDE3,baseline,3,0.03519150,0.03519150,39,0.96104163,0.16214968,0.23588617,0.00003711,1.00000000,1.00000000,14,0.02496289,0.00000000,0.052375,public_simbench_planning_v7_direct_moea_de_controls
p3,load_growth_expansion,GDE3,baseline,4,0.03436039,0.03436039,39,0.94887618,0.16221698,0.23660867,0.00003827,1.00000000,1.00000000,14,0.02496173,0.00000000,0.052086,public_simbench_planning_v7_direct_moea_de_controls
p3,load_growth_expansion,GDE3,baseline,5,0.03665850,0.03665850,39,0.98537253,0.16201508,0.23444115,0.00003479,1.00000000,1.00000000,14,0.02496521,0.00000000,0.051724,public_simbench_planning_v7_direct_moea_de_controls
p3,load_growth_expansion,GDE3,baseline,6,0.03100073,0.03100073,39,0.99259939,0.16096245,0.23724811,0.00188723,0.94699901,1.00000000,13,0.02311277,0.00000000,0.052049,public_simbench_planning_v7_direct_moea_de_controls
p3,load_growth_expansion,GDE3,baseline,7,0.03176018,0.03176018,38,0.96414502,0.16211893,0.23548755,0.00004523,0.91015706,1.00000000,14,0.02495477,0.00000000,0.050861,public_simbench_planning_v7_direct_moea_de_controls
p3,load_growth_expansion,GDE3,baseline,8,0.03490178,0.03490178,40,0.97320708,0.16208238,0.23516366,0.00003595,1.00000000,1.00000000,14,0.02496405,0.00000000,0.050920,public_simbench_planning_v7_direct_moea_de_controls
p3,load_growth_expansion,GDE3,baseline,9,0.03479777,0.03479777,39,0.96104163,0.16214968,0.23588617,0.00003711,1.00000000,1.00000000,14,0.02496289,0.00000000,0.051313,public_simbench_planning_v7_direct_moea_de_controls
p3,load_growth_expansion,GDE3,baseline,10,0.03118666,0.03118666,39,0.99750484,0.16208047,0.23573256,0.00005335,0.89067722,1.00000000,15,0.02494665,0.00000000,0.051267,public_simbench_planning_v7_direct_moea_de_controls
p3,load_growth_expansion,GDE3,baseline,11,0.02872593,0.02872593,38,0.98043394,0.16102975,0.23797062,0.00188839,0.93336312,1.00000000,13,0.02311161,0.00000000,0.050736,public_simbench_planning_v7_direct_moea_de_controls
p3,load_growth_expansion,GDE3,baseline,12,0.03707410,0.03707410,39,0.98537253,0.16201508,0.23444115,0.00003479,1.00000000,1.00000000,14,0.02496521,0.00000000,0.052032,public_simbench_planning_v7_direct_moea_de_controls
p3,load_growth_expansion,GDE3,baseline,13,0.03655329,0.03655329,39,0.98537253,0.16201508,0.23444115,0.00003479,1.00000000,1.00000000,14,0.02496521,0.00000000,0.051055,public_simbench_planning_v7_direct_moea_de_controls
p3,load_growth_expansion,GDE3,baseline,14,0.03457039,0.03457039,39,0.84566021,0.16249579,0.23828617,0.00002552,1.00000000,1.00000000,12,0.02497448,0.00000000,0.049756,public_simbench_planning_v7_direct_moea_de_controls
p3,load_growth_expansion,GDE3,baseline,15,0.03670453,0.03670453,39,0.97320708,0.16208238,0.23516366,0.00003595,1.00000000,1.00000000,14,0.02496405,0.00000000,0.052664,public_simbench_planning_v7_direct_moea_de_controls
p3,load_growth_expansion,GDE3,baseline,16,0.03313836,0.03313836,39,0.90335092,0.16232273,0.23708617,0.00003131,1.00000000,1.00000000,13,0.02496869,0.00000000,0.052119,public_simbench_planning_v7_direct_moea_de_controls
p3,load_growth_expansion,GDE3,baseline,17,0.03218881,0.03218881,39,0.99778857,0.15651017,0.23978005,0.00001856,0.95991364,1.00000000,11,0.02498144,0.00000000,0.052910,public_simbench_planning_v7_direct_moea_de_controls
p3,load_growth_expansion,GDE3,baseline,18,0.02966560,0.02966560,39,0.71811334,0.16290919,0.24140867,0.00001508,0.97214759,1.00000000,10,0.02498492,0.00000000,0.051626,public_simbench_planning_v7_direct_moea_de_controls
p3,load_growth_expansion,GDE3,baseline,19,0.03157278,0.03157278,39,0.99778857,0.15651017,0.23978005,0.00001856,0.95991364,1.00000000,11,0.02498144,0.00000000,0.051120,public_simbench_planning_v7_direct_moea_de_controls
p3,load_growth_expansion,GDE3,baseline,20,0.03065353,0.03065353,39,0.95651060,0.16216795,0.23604811,0.00004175,0.95673620,1.00000000,14,0.02495825,0.00000000,0.050776,public_simbench_planning_v7_direct_moea_de_controls
p3,load_growth_expansion,GDE3,baseline,21,0.03496569,0.03496569,40,0.98084150,0.16203336,0.23460309,0.00003943,0.98400798,1.00000000,14,0.02496057,0.00000000,0.052326,public_simbench_planning_v7_direct_moea_de_controls
p3,load_growth_expansion,GDE3,baseline,22,0.03558533,0.03558533,39,0.96414502,0.16211893,0.23548755,0.00004523,0.91015706,1.00000000,14,0.02495477,0.00000000,0.051235,public_simbench_planning_v7_direct_moea_de_controls
p3,load_growth_expansion,GDE3,baseline,23,0.03639388,0.03639388,39,0.99443458,0.16197854,0.23411726,0.00002552,1.00000000,1.00000000,14,0.02497448,0.00000000,0.051030,public_simbench_planning_v7_direct_moea_de_controls
p3,load_growth_expansion,GDE3,baseline,24,0.03418204,0.03418204,39,0.96104163,0.16214968,0.23588617,0.00003711,1.00000000,1.00000000,14,0.02496289,0.00000000,0.051666,public_simbench_planning_v7_direct_moea_de_controls
p3,load_growth_expansion,GDE3,baseline,25,0.03502764,0.03502764,39,0.97320708,0.16208238,0.23516366,0.00003595,1.00000000,1.00000000,14,0.02496405,0.00000000,0.051427,public_simbench_planning_v7_direct_moea_de_controls
p3,load_growth_expansion,GDE3,baseline,26,0.03539116,0.03539116,39,0.93221284,0.16216987,0.23547921,0.00002436,1.00000000,1.00000000,13,0.02497564,0.00000000,0.051289,public_simbench_planning_v7_direct_moea_de_controls
p3,load_growth_expansion,GDE3,baseline,27,0.03447179,0.03447179,39,0.91551637,0.16225544,0.23636366,0.00003015,1.00000000,1.00000000,13,0.02496985,0.00000000,0.051758,public_simbench_planning_v7_direct_moea_de_controls
p3,load_growth_expansion,GDE3,baseline,28,0.03617108,0.03617108,39,0.98537253,0.16201508,0.23444115,0.00003479,1.00000000,1.00000000,14,0.02496521,0.00000000,0.051045,public_simbench_planning_v7_direct_moea_de_controls
p3,load_growth_expansion,GDE3,baseline,29,0.02955897,0.02955897,39,0.98806836,0.16098072,0.23741005,0.00189187,0.88678398,1.00000000,13,0.02310813,0.00000000,0.051209,public_simbench_planning_v7_direct_moea_de_controls
p3,load_growth_expansion,NSDE,baseline,0,0.03425450,0.03425450,39,0.93674387,0.16215159,0.23531726,0.00001972,1.00000000,1.00000000,13,0.02498028,0.00000000,0.052352,public_simbench_planning_v7_direct_moea_de_controls
p3,load_growth_expansion,NSDE,baseline,1,0.03520357,0.03520357,39,0.97773811,0.16206411,0.23500172,0.00003131,1.00000000,1.00000000,14,0.02496869,0.00000000,0.051698,public_simbench_planning_v7_direct_moea_de_controls
p3,load_growth_expansion,NSDE,baseline,2,0.03494580,0.03494580,39,0.96867605,0.16210065,0.23532560,0.00004059,0.97037209,1.00000000,14,0.02495941,0.00000000,0.050739,public_simbench_planning_v7_direct_moea_de_controls
p3,load_growth_expansion,NSDE,baseline,3,0.03263696,0.03263696,39,0.95651060,0.16216795,0.23604811,0.00004175,0.95673620,1.00000000,14,0.02495825,0.00000000,0.052213,public_simbench_planning_v7_direct_moea_de_controls
p3,load_growth_expansion,NSDE,baseline,4,0.02830574,0.02830574,39,0.86283848,0.16102289,0.24160793,0.00148672,0.90353433,1.00000000,10,0.02351328,0.00000000,0.050962,public_simbench_planning_v7_direct_moea_de_controls
p3,load_growth_expansion,NSDE,baseline,5,0.03534989,0.03534989,40,0.90335092,0.16232273,0.23708617,0.00003131,1.00000000,1.00000000,13,0.02496869,0.00000000,0.052067,public_simbench_planning_v7_direct_moea_de_controls
p3,load_growth_expansion,NSDE,baseline,6,0.03490647,0.03490647,39,0.91098534,0.16227371,0.23652560,0.00003479,0.96258015,1.00000000,13,0.02496521,0.00000000,0.052168,public_simbench_planning_v7_direct_moea_de_controls
p3,load_growth_expansion,NSDE,baseline,7,0.03092871,0.03092871,39,0.99210500,0.16096972,0.23724811,0.00186971,0.94589036,1.00000000,13,0.02313029,0.00000000,0.050842,public_simbench_planning_v7_direct_moea_de_controls
p3,load_growth_expansion,NSDE,baseline,8,0.02732849,0.02732849,39,0.99297381,0.16209874,0.23589450,0.00005799,0.83046219,0.99411304,15,0.02494201,0.00000000,0.052121,public_simbench_planning_v7_direct_moea_de_controls
p3,load_growth_expansion,NSDE,baseline,9,0.03352748,0.03352748,39,0.99663603,0.16095144,0.23708617,0.00186507,1.00000000,1.00000000,13,0.02313493,0.00000000,0.052055,public_simbench_planning_v7_direct_moea_de_controls
p3,load_growth_expansion,NSDE,baseline,10,0.03624417,0.03624417,40,0.98537253,0.16201508,0.23444115,0.00003479,1.00000000,1.00000000,14,0.02496521,0.00000000,0.050547,public_simbench_planning_v7_direct_moea_de_controls
p3,load_growth_expansion,NSDE,baseline,11,0.02989908,0.02989908,38,0.98987042,0.16212950,0.23629313,0.00004987,0.93725636,1.00000000,15,0.02495013,0.00000000,0.052329,public_simbench_planning_v7_direct_moea_de_controls
p3,load_growth_expansion,NSDE,baseline,12,0.02835381,0.02835381,39,0.94744855,0.16220450,0.23637200,0.00005103,0.83630614,1.00000000,14,0.02494897,0.00000000,0.054988,public_simbench_planning_v7_direct_moea_de_controls
p3,load_growth_expansion,NSDE,baseline,13,0.03377735,0.03377735,39,0.97798871,0.15662649,0.24106312,0.00001624,0.99285689,1.00000000,11,0.02498376,0.00000000,0.052162,public_simbench_planning_v7_direct_moea_de_controls
p3,load_growth_expansion,NSDE,baseline,14,0.03568191,0.03568191,39,0.96867605,0.16210065,0.23532560,0.00004059,0.97037209,1.00000000,14,0.02495941,0.00000000,0.051174,public_simbench_planning_v7_direct_moea_de_controls
p3,load_growth_expansion,NSDE,baseline,15,0.03457811,0.03457811,39,0.96867605,0.16210065,0.23532560,0.00004059,0.97037209,1.00000000,14,0.02495941,0.00000000,0.050465,public_simbench_planning_v7_direct_moea_de_controls
p3,load_growth_expansion,NSDE,baseline,16,0.03362870,0.03362870,39,0.90335092,0.16232273,0.23708617,0.00003131,1.00000000,1.00000000,13,0.02496869,0.00000000,0.051027,public_simbench_planning_v7_direct_moea_de_controls
p3,load_growth_expansion,NSDE,baseline,17,0.03328947,0.03328947,40,0.98949600,0.16099320,0.23764673,0.00187911,1.00000000,1.00000000,13,0.02312089,0.00000000,0.050480,public_simbench_planning_v7_direct_moea_de_controls
p3,load_growth_expansion,NSDE,baseline,18,0.03379915,0.03379915,38,0.91551637,0.16225544,0.23636366,0.00003015,1.00000000,1.00000000,13,0.02496985,0.00000000,0.050830,public_simbench_planning_v7_direct_moea_de_controls
p3,load_growth_expansion,NSDE,baseline,19,0.03460699,0.03460699,39,0.90788195,0.16230446,0.23692422,0.00002668,1.00000000,1.00000000,13,0.02497332,0.00000000,0.051444,public_simbench_planning_v7_direct_moea_de_controls
p3,load_growth_expansion,NSDE,baseline,20,0.03515073,0.03515073,39,0.96104163,0.16214968,0.23588617,0.00003711,1.00000000,1.00000000,14,0.02496289,0.00000000,0.051321,public_simbench_planning_v7_direct_moea_de_controls
p3,load_growth_expansion,NSDE,baseline,21,0.03274906,0.03274906,39,0.89881989,0.16234101,0.23724811,0.00003595,0.94894426,1.00000000,13,0.02496405,0.00000000,0.050990,public_simbench_planning_v7_direct_moea_de_controls
p3,load_growth_expansion,NSDE,baseline,22,0.03656136,0.03656136,39,0.98537253,0.16201508,0.23444115,0.00003479,1.00000000,1.00000000,14,0.02496521,0.00000000,0.052052,public_simbench_planning_v7_direct_moea_de_controls
p3,load_growth_expansion,NSDE,baseline,23,0.03440916,0.03440916,39,0.95651060,0.16216795,0.23604811,0.00004175,0.95673620,1.00000000,14,0.02495825,0.00000000,0.051493,public_simbench_planning_v7_direct_moea_de_controls
p3,load_growth_expansion,NSDE,baseline,24,0.03161276,0.03161276,39,0.94434516,0.16223525,0.23677062,0.00004291,0.94310031,1.00000000,14,0.02495709,0.00000000,0.051572,public_simbench_planning_v7_direct_moea_de_controls
p3,load_growth_expansion,NSDE,baseline,25,0.03317683,0.03317683,39,0.95651060,0.16216795,0.23604811,0.00004175,0.95673620,1.00000000,14,0.02495825,0.00000000,0.052300,public_simbench_planning_v7_direct_moea_de_controls
p3,load_growth_expansion,NSDE,baseline,26,0.03450892,0.03450892,39,0.95651060,0.16216795,0.23604811,0.00004175,0.95673620,1.00000000,14,0.02495825,0.00000000,0.051435,public_simbench_planning_v7_direct_moea_de_controls
p3,load_growth_expansion,NSDE,baseline,27,0.03270878,0.03270878,39,0.86908916,0.16136485,0.24020867,0.00185463,0.97688563,1.00000000,11,0.02314537,0.00000000,0.051430,public_simbench_planning_v7_direct_moea_de_controls
p3,load_growth_expansion,NSDE,baseline,28,0.03707292,0.03707292,39,0.99300695,0.16196606,0.23388059,0.00003827,0.99764387,1.00000000,14,0.02496173,0.00000000,0.051779,public_simbench_planning_v7_direct_moea_de_controls
p3,load_growth_expansion,NSDE,baseline,29,0.03093370,0.03093370,40,0.92274323,0.16120280,0.23917062,0.00188259,0.92557118,1.00000000,12,0.02311741,0.00000000,0.051559,public_simbench_planning_v7_direct_moea_de_controls
p3,load_growth_expansion,Standard DE,baseline,0,0.02953314,0.02953314,1,0.99753797,0.16194779,0.23371864,0.00003363,1.00000000,1.00000000,14,0.02496637,0.00000000,0.039461,public_simbench_planning_v7_direct_moea_de_controls
p3,load_growth_expansion,Standard DE,baseline,1,0.02951731,0.02951731,1,0.99896561,0.16196027,0.23395532,0.00002088,1.00000000,1.00000000,14,0.02497912,0.00000000,0.011000,public_simbench_planning_v7_direct_moea_de_controls
p3,load_growth_expansion,Standard DE,baseline,2,0.02869030,0.02869030,1,0.94437829,0.16210257,0.23475670,0.00002320,1.00000000,1.00000000,13,0.02497680,0.00000000,0.010655,public_simbench_planning_v7_direct_moea_de_controls
p3,load_growth_expansion,Standard DE,baseline,3,0.02829665,0.02829665,1,0.98084150,0.16203336,0.23460309,0.00003943,0.98400798,1.00000000,14,0.02496057,0.00000000,0.011449,public_simbench_planning_v7_direct_moea_de_controls
p3,load_growth_expansion,Standard DE,baseline,4,0.02925317,0.02925317,1,0.98990355,0.16199681,0.23427921,0.00003015,1.00000000,1.00000000,14,0.02496985,0.00000000,0.011601,public_simbench_planning_v7_direct_moea_de_controls
p3,load_growth_expansion,Standard DE,baseline,5,0.02869030,0.02869030,1,0.94437829,0.16210257,0.23475670,0.00002320,1.00000000,1.00000000,13,0.02497680,0.00000000,0.010702,public_simbench_planning_v7_direct_moea_de_controls
p3,load_growth_expansion,Standard DE,baseline,6,0.02683224,0.02683224,1,0.94887618,0.16221698,0.23660867,0.00003827,1.00000000,1.00000000,14,0.02496173,0.00000000,0.010548,public_simbench_planning_v7_direct_moea_de_controls
p3,load_growth_expansion,Standard DE,baseline,7,0.02774881,0.02774881,1,0.96557266,0.16213141,0.23572422,0.00003247,1.00000000,1.00000000,14,0.02496753,0.00000000,0.011495,public_simbench_planning_v7_direct_moea_de_controls
p3,load_growth_expansion,Standard DE,baseline,8,0.02925317,0.02925317,1,0.98990355,0.16199681,0.23427921,0.00003015,1.00000000,1.00000000,14,0.02496985,0.00000000,0.010985,public_simbench_planning_v7_direct_moea_de_controls
p3,load_growth_expansion,Standard DE,baseline,9,0.02925317,0.02925317,1,0.98990355,0.16199681,0.23427921,0.00003015,1.00000000,1.00000000,14,0.02496985,0.00000000,0.011112,public_simbench_planning_v7_direct_moea_de_controls
p3,load_growth_expansion,Standard DE,baseline,10,0.02908140,0.02908140,1,0.98537253,0.16201508,0.23444115,0.00003479,1.00000000,1.00000000,14,0.02496521,0.00000000,0.011054,public_simbench_planning_v7_direct_moea_de_controls
p3,load_growth_expansion,Standard DE,baseline,11,0.02953314,0.02953314,1,0.99753797,0.16194779,0.23371864,0.00003363,1.00000000,1.00000000,14,0.02496637,0.00000000,0.010731,public_simbench_planning_v7_direct_moea_de_controls
p3,load_growth_expansion,Standard DE,baseline,12,0.02925317,0.02925317,1,0.98990355,0.16199681,0.23427921,0.00003015,1.00000000,1.00000000,14,0.02496985,0.00000000,0.010781,public_simbench_planning_v7_direct_moea_de_controls
p3,load_growth_expansion,Standard DE,baseline,13,0.02908140,0.02908140,1,0.98537253,0.16201508,0.23444115,0.00003479,1.00000000,1.00000000,14,0.02496521,0.00000000,0.011598,public_simbench_planning_v7_direct_moea_de_controls
p3,load_growth_expansion,Standard DE,baseline,14,0.02867049,0.02867049,1,0.98226913,0.16204584,0.23483977,0.00002668,1.00000000,1.00000000,14,0.02497332,0.00000000,0.011293,public_simbench_planning_v7_direct_moea_de_controls
p3,load_growth_expansion,Standard DE,baseline,15,0.02925317,0.02925317,1,0.98990355,0.16199681,0.23427921,0.00003015,1.00000000,1.00000000,14,0.02496985,0.00000000,0.010876,public_simbench_planning_v7_direct_moea_de_controls
p3,load_growth_expansion,Standard DE,baseline,16,0.02925317,0.02925317,1,0.98990355,0.16199681,0.23427921,0.00003015,1.00000000,1.00000000,14,0.02496985,0.00000000,0.011647,public_simbench_planning_v7_direct_moea_de_controls
p3,load_growth_expansion,Standard DE,baseline,17,0.02942231,0.02942231,1,0.99300695,0.16196606,0.23388059,0.00003827,0.99764387,1.00000000,14,0.02496173,0.00000000,0.011087,public_simbench_planning_v7_direct_moea_de_controls
p3,load_growth_expansion,Standard DE,baseline,18,0.02908140,0.02908140,1,0.98537253,0.16201508,0.23444115,0.00003479,1.00000000,1.00000000,14,0.02496521,0.00000000,0.010894,public_simbench_planning_v7_direct_moea_de_controls
p3,load_growth_expansion,Standard DE,baseline,19,0.02832836,0.02832836,1,0.97320708,0.16208238,0.23516366,0.00003595,1.00000000,1.00000000,14,0.02496405,0.00000000,0.010825,public_simbench_planning_v7_direct_moea_de_controls
p3,load_growth_expansion,Standard DE,baseline,20,0.02953314,0.02953314,1,0.99753797,0.16194779,0.23371864,0.00003363,1.00000000,1.00000000,14,0.02496637,0.00000000,0.011491,public_simbench_planning_v7_direct_moea_de_controls
p3,load_growth_expansion,Standard DE,baseline,21,0.02908140,0.02908140,1,0.98537253,0.16201508,0.23444115,0.00003479,1.00000000,1.00000000,14,0.02496521,0.00000000,0.010552,public_simbench_planning_v7_direct_moea_de_controls
p3,load_growth_expansion,Standard DE,baseline,22,0.02942231,0.02942231,1,0.99300695,0.16196606,0.23388059,0.00003827,0.99764387,1.00000000,14,0.02496173,0.00000000,0.012206,public_simbench_planning_v7_direct_moea_de_controls
p3,load_growth_expansion,Standard DE,baseline,23,0.02849933,0.02849933,1,0.97773811,0.16206411,0.23500172,0.00003131,1.00000000,1.00000000,14,0.02496869,0.00000000,0.010983,public_simbench_planning_v7_direct_moea_de_controls
p3,load_growth_expansion,Standard DE,baseline,24,0.02925317,0.02925317,1,0.98990355,0.16199681,0.23427921,0.00003015,1.00000000,1.00000000,14,0.02496985,0.00000000,0.011266,public_simbench_planning_v7_direct_moea_de_controls
p3,load_growth_expansion,Standard DE,baseline,25,0.02908140,0.02908140,1,0.98537253,0.16201508,0.23444115,0.00003479,1.00000000,1.00000000,14,0.02496521,0.00000000,0.010885,public_simbench_planning_v7_direct_moea_de_controls
p3,load_growth_expansion,Standard DE,baseline,26,0.02951731,0.02951731,1,0.99896561,0.16196027,0.23395532,0.00002088,1.00000000,1.00000000,14,0.02497912,0.00000000,0.010854,public_simbench_planning_v7_direct_moea_de_controls
p3,load_growth_expansion,Standard DE,baseline,27,0.02951731,0.02951731,1,0.99896561,0.16196027,0.23395532,0.00002088,1.00000000,1.00000000,14,0.02497912,0.00000000,0.010785,public_simbench_planning_v7_direct_moea_de_controls
p3,load_growth_expansion,Standard DE,baseline,28,0.02953314,0.02953314,1,0.99753797,0.16194779,0.23371864,0.00003363,1.00000000,1.00000000,14,0.02496637,0.00000000,0.011955,public_simbench_planning_v7_direct_moea_de_controls
p3,load_growth_expansion,Standard DE,baseline,29,0.02851939,0.02851939,1,0.93984726,0.16212084,0.23491864,0.00002784,1.00000000,1.00000000,13,0.02497216,0.00000000,0.011434,public_simbench_planning_v7_direct_moea_de_controls
p3,load_growth_expansion,PSO,baseline,0,0.01043015,0.01043015,1,0.69260541,0.15759369,0.24867842,0.00001508,0.67992135,0.80457250,7,0.02498492,0.00000000,0.032563,public_simbench_planning_v7_direct_moea_de_controls
p3,load_growth_expansion,PSO,baseline,1,0.00961918,0.00961918,1,0.94341872,0.15134753,0.24865675,0.00002552,0.58020059,0.73399460,8,0.02497448,0.00000000,0.004526,public_simbench_planning_v7_direct_moea_de_controls
p3,load_growth_expansion,PSO,baseline,2,0.01425149,0.01425149,1,0.95896265,0.15570324,0.24507842,0.00186623,0.70024326,0.83776496,10,0.02313377,0.00000000,0.004772,public_simbench_planning_v7_direct_moea_de_controls
p3,load_growth_expansion,PSO,baseline,3,0.01713232,0.01713232,1,0.95562841,0.15185812,0.24672578,0.00000928,0.78618483,0.92767334,8,0.02499072,0.00000000,0.005137,public_simbench_planning_v7_direct_moea_de_controls
p3,load_growth_expansion,PSO,baseline,4,0.01292083,0.01292083,1,0.73334904,0.16294382,0.24230146,0.00004175,0.71180763,0.85217563,11,0.02495825,0.00000000,0.004975,public_simbench_planning_v7_direct_moea_de_controls
p3,load_growth_expansion,PSO,baseline,5,0.02129433,0.02129433,1,0.87788723,0.15758512,0.24314744,0.00001624,0.90928140,1.00000000,10,0.02498376,0.00000000,0.004673,public_simbench_planning_v7_direct_moea_de_controls
p3,load_growth_expansion,PSO,baseline,6,0.01152449,0.01152449,1,0.84883784,0.16007410,0.24546128,0.00334959,0.67224438,0.79198437,9,0.02165041,0.00000000,0.004631,public_simbench_planning_v7_direct_moea_de_controls
p3,load_growth_expansion,PSO,baseline,7,0.01146883,0.01146883,1,0.94794975,0.15132926,0.24849481,0.00002088,0.64041562,0.78684419,8,0.02497912,0.00000000,0.005320,public_simbench_planning_v7_direct_moea_de_controls
p3,load_growth_expansion,PSO,baseline,8,0.02705115,0.02705115,1,0.96867605,0.16210065,0.23532560,0.00004059,0.97037209,1.00000000,14,0.02495941,0.00000000,0.004599,public_simbench_planning_v7_direct_moea_de_controls
p3,load_growth_expansion,PSO,baseline,9,0.01894999,0.01894999,1,0.85779252,0.16256117,0.23957758,0.00004407,0.84782156,0.98332847,13,0.02495593,0.00000000,0.005134,public_simbench_planning_v7_direct_moea_de_controls
p3,load_growth_expansion,PSO,baseline,10,0.01240132,0.01240132,1,0.96011519,0.15126196,0.24777230,0.00001972,0.65405151,0.80593443,8,0.02498028,0.00000000,0.004722,public_simbench_planning_v7_direct_moea_de_controls
p3,load_growth_expansion,PSO,baseline,11,0.01777125,0.01777125,1,0.96684086,0.16108456,0.23845645,0.00190230,0.75271803,0.91263253,13,0.02309770,0.00000000,0.004403,public_simbench_planning_v7_direct_moea_de_controls
p3,load_growth_expansion,PSO,baseline,12,0.01198401,0.01198401,1,0.89955229,0.15551607,0.24751573,0.00148788,0.67931506,0.80482924,8,0.02351212,0.00000000,0.004738,public_simbench_planning_v7_direct_moea_de_controls
p3,load_growth_expansion,PSO,baseline,13,0.01827469,0.01827469,1,0.84137978,0.15707644,0.24450952,0.00001508,0.84320706,0.97390584,9,0.02498492,0.00000000,0.004652,public_simbench_planning_v7_direct_moea_de_controls
p3,load_growth_expansion,PSO,baseline,14,0.01191657,0.01191657,1,0.94686495,0.15275621,0.24731554,0.00002668,0.64360617,0.79230805,9,0.02497332,0.00000000,0.004543,public_simbench_planning_v7_direct_moea_de_controls
p3,load_growth_expansion,PSO,baseline,15,0.01251167,0.01251167,1,0.80798683,0.15724758,0.24627842,0.00002668,0.69550522,0.83002617,9,0.02497332,0.00000000,0.005173,public_simbench_planning_v7_direct_moea_de_controls
p3,load_growth_expansion,PSO,baseline,16,0.01559787,0.01559787,1,0.75004552,0.16285825,0.24141701,0.00003595,0.78565855,0.92411547,11,0.02496405,0.00000000,0.004481,public_simbench_planning_v7_direct_moea_de_controls
p3,load_growth_expansion,PSO,baseline,17,0.01880050,0.01880050,1,0.96915785,0.16071333,0.23953182,0.00150760,0.79868815,0.94346245,12,0.02349240,0.00000000,0.004795,public_simbench_planning_v7_direct_moea_de_controls
p3,load_growth_expansion,PSO,baseline,18,0.01694281,0.01694281,1,0.99322441,0.15666112,0.24195591,0.00004291,0.73251693,0.88729690,12,0.02495709,0.00000000,0.005423,public_simbench_planning_v7_direct_moea_de_controls
p3,load_growth_expansion,PSO,baseline,19,0.01669529,0.01669529,1,0.96039064,0.15589014,0.24470864,0.00148672,0.77266118,0.90553563,9,0.02351328,0.00000000,0.004548,public_simbench_planning_v7_direct_moea_de_controls
p3,load_growth_expansion,PSO,baseline,20,0.00903651,0.00903651,1,0.73359964,0.15750621,0.24836287,0.00002668,0.61386237,0.74535950,8,0.02497332,0.00000000,0.005022,public_simbench_planning_v7_direct_moea_de_controls
p3,load_growth_expansion,PSO,baseline,21,0.01146883,0.01146883,1,0.94794975,0.15132926,0.24849481,0.00002088,0.64041562,0.78684419,8,0.02497912,0.00000000,0.004871,public_simbench_planning_v7_direct_moea_de_controls
p3,load_growth_expansion,PSO,baseline,22,0.02077049,0.02077049,1,0.83659815,0.16253233,0.23861005,0.00003479,0.88093730,1.00000000,12,0.02496521,0.00000000,0.004470,public_simbench_planning_v7_direct_moea_de_controls
p3,load_growth_expansion,PSO,baseline,23,0.02597706,0.02597706,1,0.98562313,0.15657747,0.24050256,0.00001972,0.94627775,1.00000000,11,0.02498028,0.00000000,0.004499,public_simbench_planning_v7_direct_moea_de_controls
p3,load_growth_expansion,PSO,baseline,24,0.01007822,0.01007822,1,0.62728028,0.15781577,0.25043898,0.00000580,0.71870855,0.82560502,6,0.02499420,0.00000000,0.004860,public_simbench_planning_v7_direct_moea_de_controls
p3,load_growth_expansion,PSO,baseline,25,0.00945855,0.00945855,1,0.94897197,0.15536946,0.24660207,0.00151697,0.56972571,0.71638386,9,0.02348303,0.00000000,0.004902,public_simbench_planning_v7_direct_moea_de_controls
p3,load_growth_expansion,PSO,baseline,26,0.01601695,0.01601695,1,0.94346296,0.15192542,0.24744829,0.00001044,0.77254894,0.90858309,8,0.02498956,0.00000000,0.004469,public_simbench_planning_v7_direct_moea_de_controls
p3,load_growth_expansion,PSO,baseline,27,0.01670599,0.01670599,1,0.90009271,0.16094359,0.24141678,0.00151697,0.78030909,0.91617234,11,0.02348303,0.00000000,0.004755,public_simbench_planning_v7_direct_moea_de_controls
p3,load_growth_expansion,PSO,baseline,28,0.00818239,0.00818239,1,0.75643818,0.15779495,0.24910611,0.00187911,0.59367984,0.71582903,8,0.02312089,0.00000000,0.005526,public_simbench_planning_v7_direct_moea_de_controls
p3,load_growth_expansion,PSO,baseline,29,0.01404767,0.01404767,1,0.91343738,0.15580899,0.24555591,0.00185927,0.70608721,0.84412837,9,0.02314073,0.00000000,0.004650,public_simbench_planning_v7_direct_moea_de_controls
p3,load_growth_expansion,GA,baseline,0,0.02951731,0.02951731,1,0.99896561,0.16196027,0.23395532,0.00002088,1.00000000,1.00000000,14,0.02497912,0.00000000,0.031651,public_simbench_planning_v7_direct_moea_de_controls
p3,load_growth_expansion,GA,baseline,1,0.02951731,0.02951731,1,0.99896561,0.16196027,0.23395532,0.00002088,1.00000000,1.00000000,14,0.02497912,0.00000000,0.004204,public_simbench_planning_v7_direct_moea_de_controls
p3,load_growth_expansion,GA,baseline,2,0.02953314,0.02953314,1,0.99753797,0.16194779,0.23371864,0.00003363,1.00000000,1.00000000,14,0.02496637,0.00000000,0.005183,public_simbench_planning_v7_direct_moea_de_controls
p3,load_growth_expansion,GA,baseline,3,0.02951731,0.02951731,1,0.99896561,0.16196027,0.23395532,0.00002088,1.00000000,1.00000000,14,0.02497912,0.00000000,0.004189,public_simbench_planning_v7_direct_moea_de_controls
p3,load_growth_expansion,GA,baseline,4,0.02953314,0.02953314,1,0.99753797,0.16194779,0.23371864,0.00003363,1.00000000,1.00000000,14,0.02496637,0.00000000,0.004177,public_simbench_planning_v7_direct_moea_de_controls
p3,load_growth_expansion,GA,baseline,5,0.02953314,0.02953314,1,0.99753797,0.16194779,0.23371864,0.00003363,1.00000000,1.00000000,14,0.02496637,0.00000000,0.004476,public_simbench_planning_v7_direct_moea_de_controls
p3,load_growth_expansion,GA,baseline,6,0.02953314,0.02953314,1,0.99753797,0.16194779,0.23371864,0.00003363,1.00000000,1.00000000,14,0.02496637,0.00000000,0.004681,public_simbench_planning_v7_direct_moea_de_controls
p3,load_growth_expansion,GA,baseline,7,0.02953314,0.02953314,1,0.99753797,0.16194779,0.23371864,0.00003363,1.00000000,1.00000000,14,0.02496637,0.00000000,0.004140,public_simbench_planning_v7_direct_moea_de_controls
p3,load_growth_expansion,GA,baseline,8,0.02953314,0.02953314,1,0.99753797,0.16194779,0.23371864,0.00003363,1.00000000,1.00000000,14,0.02496637,0.00000000,0.004116,public_simbench_planning_v7_direct_moea_de_controls
p3,load_growth_expansion,GA,baseline,9,0.02953314,0.02953314,1,0.99753797,0.16194779,0.23371864,0.00003363,1.00000000,1.00000000,14,0.02496637,0.00000000,0.004964,public_simbench_planning_v7_direct_moea_de_controls
p3,load_growth_expansion,GA,baseline,10,0.02953314,0.02953314,1,0.99753797,0.16194779,0.23371864,0.00003363,1.00000000,1.00000000,14,0.02496637,0.00000000,0.004410,public_simbench_planning_v7_direct_moea_de_controls
p3,load_growth_expansion,GA,baseline,11,0.02951731,0.02951731,1,0.99896561,0.16196027,0.23395532,0.00002088,1.00000000,1.00000000,14,0.02497912,0.00000000,0.004138,public_simbench_planning_v7_direct_moea_de_controls
p3,load_growth_expansion,GA,baseline,12,0.02953314,0.02953314,1,0.99753797,0.16194779,0.23371864,0.00003363,1.00000000,1.00000000,14,0.02496637,0.00000000,0.005070,public_simbench_planning_v7_direct_moea_de_controls
p3,load_growth_expansion,GA,baseline,13,0.02953314,0.02953314,1,0.99753797,0.16194779,0.23371864,0.00003363,1.00000000,1.00000000,14,0.02496637,0.00000000,0.004167,public_simbench_planning_v7_direct_moea_de_controls
p3,load_growth_expansion,GA,baseline,14,0.02953314,0.02953314,1,0.99753797,0.16194779,0.23371864,0.00003363,1.00000000,1.00000000,14,0.02496637,0.00000000,0.004149,public_simbench_planning_v7_direct_moea_de_controls
p3,load_growth_expansion,GA,baseline,15,0.02953314,0.02953314,1,0.99753797,0.16194779,0.23371864,0.00003363,1.00000000,1.00000000,14,0.02496637,0.00000000,0.004153,public_simbench_planning_v7_direct_moea_de_controls
p3,load_growth_expansion,GA,baseline,16,0.02953314,0.02953314,1,0.99753797,0.16194779,0.23371864,0.00003363,1.00000000,1.00000000,14,0.02496637,0.00000000,0.004748,public_simbench_planning_v7_direct_moea_de_controls
p3,load_growth_expansion,GA,baseline,17,0.02953314,0.02953314,1,0.99753797,0.16194779,0.23371864,0.00003363,1.00000000,1.00000000,14,0.02496637,0.00000000,0.004837,public_simbench_planning_v7_direct_moea_de_controls
p3,load_growth_expansion,GA,baseline,18,0.02953314,0.02953314,1,0.99753797,0.16194779,0.23371864,0.00003363,1.00000000,1.00000000,14,0.02496637,0.00000000,0.004446,public_simbench_planning_v7_direct_moea_de_controls
p3,load_growth_expansion,GA,baseline,19,0.02951731,0.02951731,1,0.99896561,0.16196027,0.23395532,0.00002088,1.00000000,1.00000000,14,0.02497912,0.00000000,0.004189,public_simbench_planning_v7_direct_moea_de_controls
p3,load_growth_expansion,GA,baseline,20,0.02953314,0.02953314,1,0.99753797,0.16194779,0.23371864,0.00003363,1.00000000,1.00000000,14,0.02496637,0.00000000,0.004288,public_simbench_planning_v7_direct_moea_de_controls
p3,load_growth_expansion,GA,baseline,21,0.02953314,0.02953314,1,0.99753797,0.16194779,0.23371864,0.00003363,1.00000000,1.00000000,14,0.02496637,0.00000000,0.004243,public_simbench_planning_v7_direct_moea_de_controls
p3,load_growth_expansion,GA,baseline,22,0.02953314,0.02953314,1,0.99753797,0.16194779,0.23371864,0.00003363,1.00000000,1.00000000,14,0.02496637,0.00000000,0.004789,public_simbench_planning_v7_direct_moea_de_controls
p3,load_growth_expansion,GA,baseline,23,0.02951731,0.02951731,1,0.99896561,0.16196027,0.23395532,0.00002088,1.00000000,1.00000000,14,0.02497912,0.00000000,0.004337,public_simbench_planning_v7_direct_moea_de_controls
p3,load_growth_expansion,GA,baseline,24,0.02953314,0.02953314,1,0.99753797,0.16194779,0.23371864,0.00003363,1.00000000,1.00000000,14,0.02496637,0.00000000,0.004627,public_simbench_planning_v7_direct_moea_de_controls
p3,load_growth_expansion,GA,baseline,25,0.02953314,0.02953314,1,0.99753797,0.16194779,0.23371864,0.00003363,1.00000000,1.00000000,14,0.02496637,0.00000000,0.004495,public_simbench_planning_v7_direct_moea_de_controls
p3,load_growth_expansion,GA,baseline,26,0.02953314,0.02953314,1,0.99753797,0.16194779,0.23371864,0.00003363,1.00000000,1.00000000,14,0.02496637,0.00000000,0.004370,public_simbench_planning_v7_direct_moea_de_controls
p3,load_growth_expansion,GA,baseline,27,0.02953314,0.02953314,1,0.99753797,0.16194779,0.23371864,0.00003363,1.00000000,1.00000000,14,0.02496637,0.00000000,0.004243,public_simbench_planning_v7_direct_moea_de_controls
p3,load_growth_expansion,GA,baseline,28,0.02953314,0.02953314,1,0.99753797,0.16194779,0.23371864,0.00003363,1.00000000,1.00000000,14,0.02496637,0.00000000,0.004503,public_simbench_planning_v7_direct_moea_de_controls
p3,load_growth_expansion,GA,baseline,29,0.02953314,0.02953314,1,0.99753797,0.16194779,0.23371864,0.00003363,1.00000000,1.00000000,14,0.02496637,0.00000000,0.004407,public_simbench_planning_v7_direct_moea_de_controls
p3,load_growth_expansion,Weighted Sum,baseline,0,0.00375150,0.00375150,1,0.96759266,0.14477171,0.25664067,0.00185707,0.45888224,0.59218414,4,0.02314293,0.00000000,0.000318,public_simbench_planning_v7_direct_moea_de_controls
p3,load_growth_expansion,Weighted Sum,baseline,1,0.00375150,0.00375150,1,0.96759266,0.14477171,0.25664067,0.00185707,0.45888224,0.59218414,4,0.02314293,0.00000000,0.000429,public_simbench_planning_v7_direct_moea_de_controls
p3,load_growth_expansion,Weighted Sum,baseline,2,0.00375150,0.00375150,1,0.96759266,0.14477171,0.25664067,0.00185707,0.45888224,0.59218414,4,0.02314293,0.00000000,0.000338,public_simbench_planning_v7_direct_moea_de_controls
p3,load_growth_expansion,Weighted Sum,baseline,3,0.00375150,0.00375150,1,0.96759266,0.14477171,0.25664067,0.00185707,0.45888224,0.59218414,4,0.02314293,0.00000000,0.000313,public_simbench_planning_v7_direct_moea_de_controls
p3,load_growth_expansion,Weighted Sum,baseline,4,0.00375150,0.00375150,1,0.96759266,0.14477171,0.25664067,0.00185707,0.45888224,0.59218414,4,0.02314293,0.00000000,0.000296,public_simbench_planning_v7_direct_moea_de_controls
p3,load_growth_expansion,Weighted Sum,baseline,5,0.00375150,0.00375150,1,0.96759266,0.14477171,0.25664067,0.00185707,0.45888224,0.59218414,4,0.02314293,0.00000000,0.000289,public_simbench_planning_v7_direct_moea_de_controls
p3,load_growth_expansion,Weighted Sum,baseline,6,0.00375150,0.00375150,1,0.96759266,0.14477171,0.25664067,0.00185707,0.45888224,0.59218414,4,0.02314293,0.00000000,0.000441,public_simbench_planning_v7_direct_moea_de_controls
p3,load_growth_expansion,Weighted Sum,baseline,7,0.00375150,0.00375150,1,0.96759266,0.14477171,0.25664067,0.00185707,0.45888224,0.59218414,4,0.02314293,0.00000000,0.000317,public_simbench_planning_v7_direct_moea_de_controls
p3,load_growth_expansion,Weighted Sum,baseline,8,0.00375150,0.00375150,1,0.96759266,0.14477171,0.25664067,0.00185707,0.45888224,0.59218414,4,0.02314293,0.00000000,0.000302,public_simbench_planning_v7_direct_moea_de_controls
p3,load_growth_expansion,Weighted Sum,baseline,9,0.00375150,0.00375150,1,0.96759266,0.14477171,0.25664067,0.00185707,0.45888224,0.59218414,4,0.02314293,0.00000000,0.000309,public_simbench_planning_v7_direct_moea_de_controls
p3,load_growth_expansion,Weighted Sum,baseline,10,0.00375150,0.00375150,1,0.96759266,0.14477171,0.25664067,0.00185707,0.45888224,0.59218414,4,0.02314293,0.00000000,0.000297,public_simbench_planning_v7_direct_moea_de_controls
p3,load_growth_expansion,Weighted Sum,baseline,11,0.00375150,0.00375150,1,0.96759266,0.14477171,0.25664067,0.00185707,0.45888224,0.59218414,4,0.02314293,0.00000000,0.000286,public_simbench_planning_v7_direct_moea_de_controls
p3,load_growth_expansion,Weighted Sum,baseline,12,0.00375150,0.00375150,1,0.96759266,0.14477171,0.25664067,0.00185707,0.45888224,0.59218414,4,0.02314293,0.00000000,0.000280,public_simbench_planning_v7_direct_moea_de_controls
p3,load_growth_expansion,Weighted Sum,baseline,13,0.00375150,0.00375150,1,0.96759266,0.14477171,0.25664067,0.00185707,0.45888224,0.59218414,4,0.02314293,0.00000000,0.000292,public_simbench_planning_v7_direct_moea_de_controls
p3,load_growth_expansion,Weighted Sum,baseline,14,0.00375150,0.00375150,1,0.96759266,0.14477171,0.25664067,0.00185707,0.45888224,0.59218414,4,0.02314293,0.00000000,0.000286,public_simbench_planning_v7_direct_moea_de_controls
p3,load_growth_expansion,Weighted Sum,baseline,15,0.00375150,0.00375150,1,0.96759266,0.14477171,0.25664067,0.00185707,0.45888224,0.59218414,4,0.02314293,0.00000000,0.000282,public_simbench_planning_v7_direct_moea_de_controls
p3,load_growth_expansion,Weighted Sum,baseline,16,0.00375150,0.00375150,1,0.96759266,0.14477171,0.25664067,0.00185707,0.45888224,0.59218414,4,0.02314293,0.00000000,0.000286,public_simbench_planning_v7_direct_moea_de_controls
p3,load_growth_expansion,Weighted Sum,baseline,17,0.00375150,0.00375150,1,0.96759266,0.14477171,0.25664067,0.00185707,0.45888224,0.59218414,4,0.02314293,0.00000000,0.000288,public_simbench_planning_v7_direct_moea_de_controls
p3,load_growth_expansion,Weighted Sum,baseline,18,0.00375150,0.00375150,1,0.96759266,0.14477171,0.25664067,0.00185707,0.45888224,0.59218414,4,0.02314293,0.00000000,0.000281,public_simbench_planning_v7_direct_moea_de_controls
p3,load_growth_expansion,Weighted Sum,baseline,19,0.00375150,0.00375150,1,0.96759266,0.14477171,0.25664067,0.00185707,0.45888224,0.59218414,4,0.02314293,0.00000000,0.000277,public_simbench_planning_v7_direct_moea_de_controls
p3,load_growth_expansion,Weighted Sum,baseline,20,0.00375150,0.00375150,1,0.96759266,0.14477171,0.25664067,0.00185707,0.45888224,0.59218414,4,0.02314293,0.00000000,0.000281,public_simbench_planning_v7_direct_moea_de_controls
p3,load_growth_expansion,Weighted Sum,baseline,21,0.00375150,0.00375150,1,0.96759266,0.14477171,0.25664067,0.00185707,0.45888224,0.59218414,4,0.02314293,0.00000000,0.000283,public_simbench_planning_v7_direct_moea_de_controls
p3,load_growth_expansion,Weighted Sum,baseline,22,0.00375150,0.00375150,1,0.96759266,0.14477171,0.25664067,0.00185707,0.45888224,0.59218414,4,0.02314293,0.00000000,0.000282,public_simbench_planning_v7_direct_moea_de_controls
p3,load_growth_expansion,Weighted Sum,baseline,23,0.00375150,0.00375150,1,0.96759266,0.14477171,0.25664067,0.00185707,0.45888224,0.59218414,4,0.02314293,0.00000000,0.000276,public_simbench_planning_v7_direct_moea_de_controls
p3,load_growth_expansion,Weighted Sum,baseline,24,0.00375150,0.00375150,1,0.96759266,0.14477171,0.25664067,0.00185707,0.45888224,0.59218414,4,0.02314293,0.00000000,0.000276,public_simbench_planning_v7_direct_moea_de_controls
p3,load_growth_expansion,Weighted Sum,baseline,25,0.00375150,0.00375150,1,0.96759266,0.14477171,0.25664067,0.00185707,0.45888224,0.59218414,4,0.02314293,0.00000000,0.000394,public_simbench_planning_v7_direct_moea_de_controls
p3,load_growth_expansion,Weighted Sum,baseline,26,0.00375150,0.00375150,1,0.96759266,0.14477171,0.25664067,0.00185707,0.45888224,0.59218414,4,0.02314293,0.00000000,0.000340,public_simbench_planning_v7_direct_moea_de_controls
p3,load_growth_expansion,Weighted Sum,baseline,27,0.00375150,0.00375150,1,0.96759266,0.14477171,0.25664067,0.00185707,0.45888224,0.59218414,4,0.02314293,0.00000000,0.000300,public_simbench_planning_v7_direct_moea_de_controls
p3,load_growth_expansion,Weighted Sum,baseline,28,0.00375150,0.00375150,1,0.96759266,0.14477171,0.25664067,0.00185707,0.45888224,0.59218414,4,0.02314293,0.00000000,0.000448,public_simbench_planning_v7_direct_moea_de_controls
p3,load_growth_expansion,Weighted Sum,baseline,29,0.00375150,0.00375150,1,0.96759266,0.14477171,0.25664067,0.00185707,0.45888224,0.59218414,4,0.02314293,0.00000000,0.000341,public_simbench_planning_v7_direct_moea_de_controls
p3,load_growth_expansion,Ablation-NoRepair,ablation,0,0.03648204,0.03648204,39,0.96867605,0.16210065,0.23532560,0.00004059,0.97037209,1.00000000,14,0.02495941,0.00000000,0.081298,public_simbench_planning_v7_direct_moea_de_controls
p3,load_growth_expansion,Ablation-NoRepair,ablation,1,0.03222244,0.03222244,38,0.89881989,0.16234101,0.23724811,0.00003595,0.94894426,1.00000000,13,0.02496405,0.00000000,0.079686,public_simbench_planning_v7_direct_moea_de_controls
p3,load_growth_expansion,Ablation-NoRepair,ablation,2,0.03505684,0.03505684,40,0.98990355,0.16199681,0.23427921,0.00003015,1.00000000,1.00000000,14,0.02496985,0.00000000,0.080718,public_simbench_planning_v7_direct_moea_de_controls
p3,load_growth_expansion,Ablation-NoRepair,ablation,3,0.03633534,0.03633534,40,0.96867605,0.16210065,0.23532560,0.00004059,0.97037209,1.00000000,14,0.02495941,0.00000000,0.080654,public_simbench_planning_v7_direct_moea_de_controls
p3,load_growth_expansion,Ablation-NoRepair,ablation,4,0.03196882,0.03196882,40,0.92506022,0.16083157,0.24024599,0.00148788,0.97154130,1.00000000,11,0.02351212,0.00000000,0.081639,public_simbench_planning_v7_direct_moea_de_controls
p3,load_growth_expansion,Ablation-NoRepair,ablation,5,0.03446603,0.03446603,39,0.99713042,0.16094418,0.23708617,0.00188259,1.00000000,1.00000000,13,0.02311741,0.00000000,0.080770,public_simbench_planning_v7_direct_moea_de_controls
p3,load_growth_expansion,Ablation-NoRepair,ablation,6,0.03336434,0.03336434,39,0.98496497,0.16101147,0.23780867,0.00188375,0.99357815,1.00000000,13,0.02311625,0.00000000,0.081429,public_simbench_planning_v7_direct_moea_de_controls
p3,load_growth_expansion,Ablation-NoRepair,ablation,7,0.03144065,0.03144065,36,0.83349476,0.16256309,0.23900867,0.00002668,0.98773147,1.00000000,12,0.02497332,0.00000000,0.080381,public_simbench_planning_v7_direct_moea_de_controls
p3,load_growth_expansion,Ablation-NoRepair,ablation,8,0.03567601,0.03567601,39,0.96867605,0.16210065,0.23532560,0.00004059,0.97037209,1.00000000,14,0.02495941,0.00000000,0.080529,public_simbench_planning_v7_direct_moea_de_controls
p3,load_growth_expansion,Ablation-NoRepair,ablation,9,0.03641253,0.03641253,39,0.98990355,0.16199681,0.23427921,0.00003015,1.00000000,1.00000000,14,0.02496985,0.00000000,0.081974,public_simbench_planning_v7_direct_moea_de_controls
p3,load_growth_expansion,Ablation-NoRepair,ablation,10,0.03477135,0.03477135,40,0.90788195,0.16230446,0.23692422,0.00002668,1.00000000,1.00000000,13,0.02497332,0.00000000,0.082151,public_simbench_planning_v7_direct_moea_de_controls
p3,load_growth_expansion,Ablation-NoRepair,ablation,11,0.03789441,0.03789441,40,0.98537253,0.16201508,0.23444115,0.00003479,1.00000000,1.00000000,14,0.02496521,0.00000000,0.081636,public_simbench_planning_v7_direct_moea_de_controls
p3,load_growth_expansion,Ablation-NoRepair,ablation,12,0.03506967,0.03506967,40,0.94887618,0.16221698,0.23660867,0.00003827,1.00000000,1.00000000,14,0.02496173,0.00000000,0.078635,public_simbench_planning_v7_direct_moea_de_controls
p3,load_growth_expansion,Ablation-NoRepair,ablation,13,0.03463580,0.03463580,40,0.95160515,0.16104993,0.23756366,0.00187563,1.00000000,1.00000000,12,0.02312437,0.00000000,0.079563,public_simbench_planning_v7_direct_moea_de_controls
p3,load_growth_expansion,Ablation-NoRepair,ablation,14,0.03588619,0.03588619,39,0.96557266,0.16213141,0.23572422,0.00003247,1.00000000,1.00000000,14,0.02496753,0.00000000,0.080960,public_simbench_planning_v7_direct_moea_de_controls
p3,load_growth_expansion,Ablation-NoRepair,ablation,15,0.03185909,0.03185909,39,0.83349476,0.16256309,0.23900867,0.00002668,0.98773147,1.00000000,12,0.02497332,0.00000000,0.080917,public_simbench_planning_v7_direct_moea_de_controls
p3,load_growth_expansion,Ablation-NoRepair,ablation,16,0.03297924,0.03297924,39,0.97798871,0.15662649,0.24106312,0.00001624,0.99285689,1.00000000,11,0.02498376,0.00000000,0.080108,public_simbench_planning_v7_direct_moea_de_controls
p3,load_growth_expansion,Ablation-NoRepair,ablation,17,0.03565336,0.03565336,40,0.97320708,0.16208238,0.23516366,0.00003595,1.00000000,1.00000000,14,0.02496405,0.00000000,0.082531,public_simbench_planning_v7_direct_moea_de_controls
p3,load_growth_expansion,Ablation-NoRepair,ablation,18,0.03557619,0.03557619,39,0.99753797,0.16194779,0.23371864,0.00003363,1.00000000,1.00000000,14,0.02496637,0.00000000,0.080155,public_simbench_planning_v7_direct_moea_de_controls
p3,load_growth_expansion,Ablation-NoRepair,ablation,19,0.03614030,0.03614030,40,0.96867605,0.16210065,0.23532560,0.00004059,0.97037209,1.00000000,14,0.02495941,0.00000000,0.081014,public_simbench_planning_v7_direct_moea_de_controls
p3,load_growth_expansion,Ablation-NoRepair,ablation,20,0.02874209,0.02874209,40,0.92764868,0.16232082,0.23765507,0.00004871,0.86924939,1.00000000,14,0.02495129,0.00000000,0.080645,public_simbench_planning_v7_direct_moea_de_controls
p3,load_growth_expansion,Ablation-NoRepair,ablation,21,0.03130108,0.03130108,39,0.98562313,0.15657747,0.24050256,0.00001972,0.94627775,1.00000000,11,0.02498028,0.00000000,0.081706,public_simbench_planning_v7_direct_moea_de_controls
p3,load_growth_expansion,Ablation-NoRepair,ablation,22,0.03166892,0.03166892,39,0.99210500,0.16096972,0.23724811,0.00186971,0.94589036,1.00000000,13,0.02313029,0.00000000,0.080705,public_simbench_planning_v7_direct_moea_de_controls
p3,load_growth_expansion,Ablation-NoRepair,ablation,23,0.03425721,0.03425721,39,0.96867605,0.16210065,0.23532560,0.00004059,0.97037209,1.00000000,14,0.02495941,0.00000000,0.080533,public_simbench_planning_v7_direct_moea_de_controls
p3,load_growth_expansion,Ablation-NoRepair,ablation,24,0.03473456,0.03473456,39,0.96104163,0.16214968,0.23588617,0.00003711,1.00000000,1.00000000,14,0.02496289,0.00000000,0.081076,public_simbench_planning_v7_direct_moea_de_controls
p3,load_growth_expansion,Ablation-NoRepair,ablation,25,0.03543277,0.03543277,39,0.95651060,0.16216795,0.23604811,0.00004175,0.95673620,1.00000000,14,0.02495825,0.00000000,0.079064,public_simbench_planning_v7_direct_moea_de_controls
p3,load_growth_expansion,Ablation-NoRepair,ablation,26,0.03678443,0.03678443,39,0.99300695,0.16196606,0.23388059,0.00003827,0.99764387,1.00000000,14,0.02496173,0.00000000,0.081849,public_simbench_planning_v7_direct_moea_de_controls
p3,load_growth_expansion,Ablation-NoRepair,ablation,27,0.03601274,0.03601274,39,0.97773811,0.16206411,0.23500172,0.00003131,1.00000000,1.00000000,14,0.02496869,0.00000000,0.079473,public_simbench_planning_v7_direct_moea_de_controls
p3,load_growth_expansion,Ablation-NoRepair,ablation,28,0.03423550,0.03423550,40,0.96104163,0.16214968,0.23588617,0.00003711,1.00000000,1.00000000,14,0.02496289,0.00000000,0.080175,public_simbench_planning_v7_direct_moea_de_controls
p3,load_growth_expansion,Ablation-NoRepair,ablation,29,0.03607784,0.03607784,40,0.97320708,0.16208238,0.23516366,0.00003595,1.00000000,1.00000000,14,0.02496405,0.00000000,0.080265,public_simbench_planning_v7_direct_moea_de_controls
p3,load_growth_expansion,Ablation-FixedDE,ablation,0,0.03747000,0.03747000,39,0.98537253,0.16201508,0.23444115,0.00003479,1.00000000,1.00000000,14,0.02496521,0.00000000,0.129771,public_simbench_planning_v7_direct_moea_de_controls
p3,load_growth_expansion,Ablation-FixedDE,ablation,1,0.03751029,0.03751029,37,0.99753797,0.16194779,0.23371864,0.00003363,1.00000000,1.00000000,14,0.02496637,0.00000000,0.120289,public_simbench_planning_v7_direct_moea_de_controls
p3,load_growth_expansion,Ablation-FixedDE,ablation,2,0.03690783,0.03690783,37,0.98847592,0.16198433,0.23404253,0.00004291,0.93742884,1.00000000,14,0.02495709,0.00000000,0.125531,public_simbench_planning_v7_direct_moea_de_controls
p3,load_growth_expansion,Ablation-FixedDE,ablation,3,0.03610155,0.03610155,39,0.98537253,0.16201508,0.23444115,0.00003479,1.00000000,1.00000000,14,0.02496521,0.00000000,0.122921,public_simbench_planning_v7_direct_moea_de_controls
p3,load_growth_expansion,Ablation-FixedDE,ablation,4,0.03877625,0.03877625,39,0.99300695,0.16196606,0.23388059,0.00003827,0.99764387,1.00000000,14,0.02496173,0.00000000,0.121116,public_simbench_planning_v7_direct_moea_de_controls
p3,load_growth_expansion,Ablation-FixedDE,ablation,5,0.03504440,0.03504440,39,0.95160515,0.16104993,0.23756366,0.00187563,1.00000000,1.00000000,12,0.02312437,0.00000000,0.115895,public_simbench_planning_v7_direct_moea_de_controls
p3,load_growth_expansion,Ablation-FixedDE,ablation,6,0.03574040,0.03574040,38,0.89264624,0.16226983,0.23603143,0.00000000,1.00000000,1.00000000,12,0.02500000,0.15741935,0.124851,public_simbench_planning_v7_direct_moea_de_controls
p3,load_growth_expansion,Ablation-FixedDE,ablation,7,0.03858634,0.03858634,39,0.99443458,0.16197854,0.23411726,0.00002552,1.00000000,1.00000000,14,0.02497448,0.00000000,0.118397,public_simbench_planning_v7_direct_moea_de_controls
p3,load_growth_expansion,Ablation-FixedDE,ablation,8,0.03666164,0.03666164,39,0.96017282,0.16102065,0.23723977,0.00184883,1.00000000,1.00000000,12,0.02315117,0.00000000,0.114838,public_simbench_planning_v7_direct_moea_de_controls
p3,load_growth_expansion,Ablation-FixedDE,ablation,9,0.03767977,0.03767977,39,0.94437829,0.16210257,0.23475670,0.00002320,1.00000000,1.00000000,13,0.02497680,0.00000000,0.123687,public_simbench_planning_v7_direct_moea_de_controls
p3,load_growth_expansion,Ablation-FixedDE,ablation,10,0.03894260,0.03894260,39,0.99753797,0.16194779,0.23371864,0.00003363,1.00000000,1.00000000,14,0.02496637,0.00000000,0.129021,public_simbench_planning_v7_direct_moea_de_controls
p3,load_growth_expansion,Ablation-FixedDE,ablation,11,0.03843367,0.03843367,38,0.94437829,0.16210257,0.23475670,0.00002320,1.00000000,1.00000000,13,0.02497680,0.00000000,0.126775,public_simbench_planning_v7_direct_moea_de_controls
p3,load_growth_expansion,Ablation-FixedDE,ablation,12,0.03667817,0.03667817,39,0.96867605,0.16210065,0.23532560,0.00004059,0.97037209,1.00000000,14,0.02495941,0.00000000,0.120980,public_simbench_planning_v7_direct_moea_de_controls
p3,load_growth_expansion,Ablation-FixedDE,ablation,13,0.03771666,0.03771666,39,0.99300695,0.16196606,0.23388059,0.00003827,0.99764387,1.00000000,14,0.02496173,0.00000000,0.117971,public_simbench_planning_v7_direct_moea_de_controls
p3,load_growth_expansion,Ablation-FixedDE,ablation,14,0.03630007,0.03630007,39,0.93078521,0.16215738,0.23524253,0.00003711,0.92963690,1.00000000,13,0.02496289,0.00000000,0.124400,public_simbench_planning_v7_direct_moea_de_controls
p3,load_growth_expansion,Ablation-FixedDE,ablation,15,0.03838431,0.03838431,39,0.99300695,0.16196606,0.23388059,0.00003827,0.99764387,1.00000000,14,0.02496173,0.00000000,0.125892,public_simbench_planning_v7_direct_moea_de_controls
p3,load_growth_expansion,Ablation-FixedDE,ablation,16,0.03816966,0.03816966,39,0.99300695,0.16196606,0.23388059,0.00003827,0.99764387,1.00000000,14,0.02496173,0.00000000,0.128467,public_simbench_planning_v7_direct_moea_de_controls
p3,load_growth_expansion,Ablation-FixedDE,ablation,17,0.03874033,0.03874033,40,0.96867605,0.16210065,0.23532560,0.00004059,0.97037209,1.00000000,14,0.02495941,0.00000000,0.120292,public_simbench_planning_v7_direct_moea_de_controls
p3,load_growth_expansion,Ablation-FixedDE,ablation,18,0.03771463,0.03771463,39,0.97320708,0.16208238,0.23516366,0.00003595,1.00000000,1.00000000,14,0.02496405,0.00000000,0.121214,public_simbench_planning_v7_direct_moea_de_controls
p3,load_growth_expansion,Ablation-FixedDE,ablation,19,0.03704478,0.03704478,38,0.98537253,0.16201508,0.23444115,0.00003479,1.00000000,1.00000000,14,0.02496521,0.00000000,0.119716,public_simbench_planning_v7_direct_moea_de_controls
p3,load_growth_expansion,Ablation-FixedDE,ablation,20,0.03820573,0.03820573,39,0.99300695,0.16196606,0.23388059,0.00003827,0.99764387,1.00000000,14,0.02496173,0.00000000,0.119180,public_simbench_planning_v7_direct_moea_de_controls
p3,load_growth_expansion,Ablation-FixedDE,ablation,21,0.03599262,0.03599262,38,0.94437829,0.16210257,0.23475670,0.00002320,1.00000000,1.00000000,13,0.02497680,0.00000000,0.124636,public_simbench_planning_v7_direct_moea_de_controls
p3,load_growth_expansion,Ablation-FixedDE,ablation,22,0.03641869,0.03641869,39,0.98084150,0.16203336,0.23460309,0.00003943,0.98400798,1.00000000,14,0.02496057,0.00000000,0.132578,public_simbench_planning_v7_direct_moea_de_controls
p3,load_growth_expansion,Ablation-FixedDE,ablation,23,0.03760904,0.03760904,39,0.99300695,0.16196606,0.23388059,0.00003827,0.99764387,1.00000000,14,0.02496173,0.00000000,0.116390,public_simbench_planning_v7_direct_moea_de_controls
p3,load_growth_expansion,Ablation-FixedDE,ablation,24,0.03605778,0.03605778,39,0.95564179,0.16103893,0.23740172,0.00185347,1.00000000,1.00000000,12,0.02314653,0.00000000,0.123040,public_simbench_planning_v7_direct_moea_de_controls
p3,load_growth_expansion,Ablation-FixedDE,ablation,25,0.03732929,0.03732929,39,0.99300695,0.16196606,0.23388059,0.00003827,0.99764387,1.00000000,14,0.02496173,0.00000000,0.125945,public_simbench_planning_v7_direct_moea_de_controls
p3,load_growth_expansion,Ablation-FixedDE,ablation,26,0.03772619,0.03772619,39,0.98084150,0.16203336,0.23460309,0.00003943,0.98400798,1.00000000,14,0.02496057,0.00000000,0.125302,public_simbench_planning_v7_direct_moea_de_controls
p3,load_growth_expansion,Ablation-FixedDE,ablation,27,0.03739108,0.03739108,39,0.94890932,0.16208429,0.23459476,0.00001856,1.00000000,1.00000000,13,0.02498144,0.00000000,0.119435,public_simbench_planning_v7_direct_moea_de_controls
p3,load_growth_expansion,Ablation-FixedDE,ablation,28,0.03733405,0.03733405,39,0.94890932,0.16208429,0.23459476,0.00001856,1.00000000,1.00000000,13,0.02498144,0.00000000,0.117725,public_simbench_planning_v7_direct_moea_de_controls
p3,load_growth_expansion,Ablation-FixedDE,ablation,29,0.03422298,0.03422298,39,0.98043394,0.16102975,0.23797062,0.00188839,0.93336312,1.00000000,13,0.02311161,0.00000000,0.125010,public_simbench_planning_v7_direct_moea_de_controls
p3,load_growth_expansion,Ablation-NoDiversity,ablation,0,0.02783129,0.02783129,5,0.86713831,0.15695433,0.24330118,0.00000000,1.00000000,1.00000000,9,0.02500000,0.13053763,0.200268,public_simbench_planning_v7_direct_moea_de_controls
p3,load_growth_expansion,Ablation-NoDiversity,ablation,1,0.02995320,0.02995320,13,0.94152550,0.15669570,0.24121673,0.00000000,1.00000000,1.00000000,10,0.02500000,0.13322581,0.185227,public_simbench_planning_v7_direct_moea_de_controls
p3,load_growth_expansion,Ablation-NoDiversity,ablation,2,0.02417870,0.02417870,6,0.79275112,0.15721295,0.24538563,0.00000000,0.95584519,1.00000000,8,0.02500000,0.12717742,0.199293,public_simbench_planning_v7_direct_moea_de_controls
p3,load_growth_expansion,Ablation-NoDiversity,ablation,3,0.02961163,0.02961163,8,0.82095489,0.16149409,0.24108479,0.00185707,1.00000000,1.00000000,10,0.02314293,0.02838710,0.193236,public_simbench_planning_v7_direct_moea_de_controls
p3,load_growth_expansion,Ablation-NoDiversity,ablation,4,0.02848488,0.02848488,15,0.74656770,0.16175271,0.24316924,0.00185707,1.00000000,1.00000000,9,0.02314293,0.01405018,0.186962,public_simbench_planning_v7_direct_moea_de_controls
p3,load_growth_expansion,Ablation-NoDiversity,ablation,5,0.02647010,0.02647010,9,0.94422133,0.15566134,0.24418563,0.00185707,0.96169187,1.00000000,9,0.02314293,0.00000000,0.213504,public_simbench_planning_v7_direct_moea_de_controls
p3,load_growth_expansion,Ablation-NoDiversity,ablation,6,0.02199597,0.02199597,3,0.79275112,0.15721295,0.24538563,0.00000000,0.95584519,1.00000000,8,0.02500000,0.12717742,0.201230,public_simbench_planning_v7_direct_moea_de_controls
p3,load_growth_expansion,Ablation-NoDiversity,ablation,7,0.02338189,0.02338189,9,0.99040475,0.15112157,0.24640202,0.00000000,0.90854752,1.00000000,8,0.02500000,0.09693548,0.198606,public_simbench_planning_v7_direct_moea_de_controls
p3,load_growth_expansion,Ablation-NoDiversity,ablation,8,0.03232031,0.03232031,18,0.99778857,0.15651017,0.23978005,0.00001856,0.95991364,1.00000000,11,0.02498144,0.00000000,0.208348,public_simbench_planning_v7_direct_moea_de_controls
p3,load_growth_expansion,Ablation-NoDiversity,ablation,9,0.02074949,0.02074949,5,0.86983415,0.15591996,0.24627008,0.00185707,0.88004901,0.99176110,8,0.02314293,0.00000000,0.216790,public_simbench_planning_v7_direct_moea_de_controls
p3,load_growth_expansion,Ablation-NoDiversity,ablation,10,0.01751741,0.01751741,8,0.91601757,0.15138020,0.24848647,0.00000000,0.82690466,0.95175637,7,0.02500000,0.08829493,0.197561,public_simbench_planning_v7_direct_moea_de_controls
p3,load_growth_expansion,Ablation-NoDiversity,ablation,11,0.02071200,0.02071200,2,0.79275112,0.15721295,0.24538563,0.00000000,0.95584519,1.00000000,8,0.02500000,0.12717742,0.213809,public_simbench_planning_v7_direct_moea_de_controls
p3,load_growth_expansion,Ablation-NoDiversity,ablation,12,0.03275768,0.03275768,10,0.89534208,0.16123547,0.23900034,0.00185707,1.00000000,1.00000000,11,0.02314293,0.04011730,0.203670,public_simbench_planning_v7_direct_moea_de_controls
p3,load_growth_expansion,Ablation-NoDiversity,ablation,13,0.02417797,0.02417797,3,0.79275112,0.15721295,0.24538563,0.00000000,0.95584519,1.00000000,8,0.02500000,0.12717742,0.196420,public_simbench_planning_v7_direct_moea_de_controls
p3,load_growth_expansion,Ablation-NoDiversity,ablation,14,0.02739885,0.02739885,17,0.74656770,0.16175271,0.24316924,0.00185707,1.00000000,1.00000000,9,0.02314293,0.01405018,0.192478,public_simbench_planning_v7_direct_moea_de_controls
p3,load_growth_expansion,Ablation-NoDiversity,ablation,15,0.02554308,0.02554308,10,0.94422133,0.15566134,0.24418563,0.00185707,0.96169187,1.00000000,9,0.02314293,0.00000000,0.196362,public_simbench_planning_v7_direct_moea_de_controls
p3,load_growth_expansion,Ablation-NoDiversity,ablation,16,0.02825623,0.02825623,23,0.86713831,0.15695433,0.24330118,0.00000000,1.00000000,1.00000000,9,0.02500000,0.13053763,0.181711,public_simbench_planning_v7_direct_moea_de_controls
p3,load_growth_expansion,Ablation-NoDiversity,ablation,17,0.02439636,0.02439636,4,0.79275112,0.15721295,0.24538563,0.00000000,0.95584519,1.00000000,8,0.02500000,0.12717742,0.203550,public_simbench_planning_v7_direct_moea_de_controls
p3,load_growth_expansion,Ablation-NoDiversity,ablation,18,0.03127263,0.03127263,18,0.94152550,0.15669570,0.24121673,0.00000000,1.00000000,1.00000000,10,0.02500000,0.13322581,0.181236,public_simbench_planning_v7_direct_moea_de_controls
p3,load_growth_expansion,Ablation-NoDiversity,ablation,19,0.03045358,0.03045358,12,0.94152550,0.15669570,0.24121673,0.00000000,1.00000000,1.00000000,10,0.02500000,0.13322581,0.204579,public_simbench_planning_v7_direct_moea_de_controls
p3,load_growth_expansion,Ablation-NoDiversity,ablation,20,0.03105659,0.03105659,24,0.94152550,0.15669570,0.24121673,0.00000000,1.00000000,1.00000000,10,0.02500000,0.13322581,0.187569,public_simbench_planning_v7_direct_moea_de_controls
p3,load_growth_expansion,Ablation-NoDiversity,ablation,21,0.02606887,0.02606887,12,0.94422133,0.15566134,0.24418563,0.00185707,0.96169187,1.00000000,9,0.02314293,0.00000000,0.203545,public_simbench_planning_v7_direct_moea_de_controls
p3,load_growth_expansion,Ablation-NoDiversity,ablation,22,0.03465602,0.03465602,11,0.89264624,0.16226983,0.23603143,0.00000000,1.00000000,1.00000000,12,0.02500000,0.15741935,0.197903,public_simbench_planning_v7_direct_moea_de_controls
p3,load_growth_expansion,Ablation-NoDiversity,ablation,23,0.01687768,0.01687768,3,0.91601757,0.15138020,0.24848647,0.00000000,0.82690466,0.95175637,7,0.02500000,0.08829493,0.194768,public_simbench_planning_v7_direct_moea_de_controls
p3,load_growth_expansion,Ablation-NoDiversity,ablation,24,0.02684157,0.02684157,6,0.74656770,0.16175271,0.24316924,0.00185707,1.00000000,1.00000000,9,0.02314293,0.01405018,0.214313,public_simbench_planning_v7_direct_moea_de_controls
p3,load_growth_expansion,Ablation-NoDiversity,ablation,25,0.02488555,0.02488555,3,0.86713831,0.15695433,0.24330118,0.00000000,1.00000000,1.00000000,9,0.02500000,0.13053763,0.207726,public_simbench_planning_v7_direct_moea_de_controls
p3,load_growth_expansion,Ablation-NoDiversity,ablation,26,0.03063676,0.03063676,10,0.74387187,0.16278708,0.24020034,0.00000000,1.00000000,1.00000000,10,0.02500000,0.15741935,0.198655,public_simbench_planning_v7_direct_moea_de_controls
p3,load_growth_expansion,Ablation-NoDiversity,ablation,27,0.03022217,0.03022217,10,0.81825906,0.16252845,0.23811589,0.00000000,1.00000000,1.00000000,11,0.02500000,0.15741935,0.206879,public_simbench_planning_v7_direct_moea_de_controls
p3,load_growth_expansion,Ablation-NoDiversity,ablation,28,0.03495129,0.03495129,15,0.96972926,0.16097684,0.23691589,0.00185707,1.00000000,1.00000000,12,0.02314293,0.04989247,0.183608,public_simbench_planning_v7_direct_moea_de_controls
p3,load_growth_expansion,Ablation-NoDiversity,ablation,29,0.02809298,0.02809298,7,0.74656770,0.16175271,0.24316924,0.00185707,1.00000000,1.00000000,9,0.02314293,0.01405018,0.206046,public_simbench_planning_v7_direct_moea_de_controls
p3,load_growth_expansion,Ablation-NoDER,ablation,0,0.03295936,0.03295936,37,0.94152550,0.15669570,0.24121673,0.00000000,1.00000000,1.00000000,10,0.02500000,0.13322581,0.137886,public_simbench_planning_v7_direct_moea_de_controls
p3,load_growth_expansion,Ablation-NoDER,ablation,1,0.03614604,0.03614604,37,0.89264624,0.16226983,0.23603143,0.00000000,1.00000000,1.00000000,12,0.02500000,0.15741935,0.150641,public_simbench_planning_v7_direct_moea_de_controls
p3,load_growth_expansion,Ablation-NoDER,ablation,2,0.03834594,0.03834594,37,0.96703343,0.16201121,0.23394698,0.00000000,1.00000000,1.00000000,13,0.02500000,0.15741935,0.145668,public_simbench_planning_v7_direct_moea_de_controls
p3,load_growth_expansion,Ablation-NoDER,ablation,3,0.03869598,0.03869598,39,0.96703343,0.16201121,0.23394698,0.00000000,1.00000000,1.00000000,13,0.02500000,0.15741935,0.144590,public_simbench_planning_v7_direct_moea_de_controls
p3,load_growth_expansion,Ablation-NoDER,ablation,4,0.03840742,0.03840742,37,0.96703343,0.16201121,0.23394698,0.00000000,1.00000000,1.00000000,13,0.02500000,0.15741935,0.150127,public_simbench_planning_v7_direct_moea_de_controls
p3,load_growth_expansion,Ablation-NoDER,ablation,5,0.03688690,0.03688690,38,0.89264624,0.16226983,0.23603143,0.00000000,1.00000000,1.00000000,12,0.02500000,0.15741935,0.147913,public_simbench_planning_v7_direct_moea_de_controls
p3,load_growth_expansion,Ablation-NoDER,ablation,6,0.03614646,0.03614646,39,0.89264624,0.16226983,0.23603143,0.00000000,1.00000000,1.00000000,12,0.02500000,0.15741935,0.144485,public_simbench_planning_v7_direct_moea_de_controls
p3,load_growth_expansion,Ablation-NoDER,ablation,7,0.03840619,0.03840619,39,0.96703343,0.16201121,0.23394698,0.00000000,1.00000000,1.00000000,13,0.02500000,0.15741935,0.138472,public_simbench_planning_v7_direct_moea_de_controls
p3,load_growth_expansion,Ablation-NoDER,ablation,8,0.03834390,0.03834390,37,0.96703343,0.16201121,0.23394698,0.00000000,1.00000000,1.00000000,13,0.02500000,0.15741935,0.143715,public_simbench_planning_v7_direct_moea_de_controls
p3,load_growth_expansion,Ablation-NoDER,ablation,9,0.03647599,0.03647599,39,0.89264624,0.16226983,0.23603143,0.00000000,1.00000000,1.00000000,12,0.02500000,0.15741935,0.149299,public_simbench_planning_v7_direct_moea_de_controls
p3,load_growth_expansion,Ablation-NoDER,ablation,10,0.03378729,0.03378729,38,0.95713717,0.15803708,0.23915301,0.00000000,1.00000000,1.00000000,11,0.02500000,0.13542522,0.143123,public_simbench_planning_v7_direct_moea_de_controls
p3,load_growth_expansion,Ablation-NoDER,ablation,11,0.03888141,0.03888141,38,0.96703343,0.16201121,0.23394698,0.00000000,1.00000000,1.00000000,13,0.02500000,0.15741935,0.152185,public_simbench_planning_v7_direct_moea_de_controls
p3,load_growth_expansion,Ablation-NoDER,ablation,12,0.03443181,0.03443181,38,0.81825906,0.16252845,0.23811589,0.00000000,1.00000000,1.00000000,11,0.02500000,0.15741935,0.143909,public_simbench_planning_v7_direct_moea_de_controls
p3,load_growth_expansion,Ablation-NoDER,ablation,13,0.03481921,0.03481921,38,0.81825906,0.16252845,0.23811589,0.00000000,1.00000000,1.00000000,11,0.02500000,0.15741935,0.152028,public_simbench_planning_v7_direct_moea_de_controls
p3,load_growth_expansion,Ablation-NoDER,ablation,14,0.03481883,0.03481883,37,0.81825906,0.16252845,0.23811589,0.00000000,1.00000000,1.00000000,11,0.02500000,0.15741935,0.153342,public_simbench_planning_v7_direct_moea_de_controls
p3,load_growth_expansion,Ablation-NoDER,ablation,15,0.03661979,0.03661979,38,0.89264624,0.16226983,0.23603143,0.00000000,1.00000000,1.00000000,12,0.02500000,0.15741935,0.154139,public_simbench_planning_v7_direct_moea_de_controls
p3,load_growth_expansion,Ablation-NoDER,ablation,16,0.03449298,0.03449298,39,0.81825906,0.16252845,0.23811589,0.00000000,1.00000000,1.00000000,11,0.02500000,0.15741935,0.146841,public_simbench_planning_v7_direct_moea_de_controls
p3,load_growth_expansion,Ablation-NoDER,ablation,17,0.03463795,0.03463795,38,0.81825906,0.16252845,0.23811589,0.00000000,1.00000000,1.00000000,11,0.02500000,0.15741935,0.141628,public_simbench_planning_v7_direct_moea_de_controls
p3,load_growth_expansion,Ablation-NoDER,ablation,18,0.03834493,0.03834493,38,0.96703343,0.16201121,0.23394698,0.00000000,1.00000000,1.00000000,13,0.02500000,0.15741935,0.158092,public_simbench_planning_v7_direct_moea_de_controls
p3,load_growth_expansion,Ablation-NoDER,ablation,19,0.03677771,0.03677771,36,0.89264624,0.16226983,0.23603143,0.00000000,1.00000000,1.00000000,12,0.02500000,0.15741935,0.146865,public_simbench_planning_v7_direct_moea_de_controls
p3,load_growth_expansion,Ablation-NoDER,ablation,20,0.03269309,0.03269309,38,0.94152550,0.15669570,0.24121673,0.00000000,1.00000000,1.00000000,10,0.02500000,0.13322581,0.155778,public_simbench_planning_v7_direct_moea_de_controls
p3,load_growth_expansion,Ablation-NoDER,ablation,21,0.03694926,0.03694926,38,0.89264624,0.16226983,0.23603143,0.00000000,1.00000000,1.00000000,12,0.02500000,0.15741935,0.153843,public_simbench_planning_v7_direct_moea_de_controls
p3,load_growth_expansion,Ablation-NoDER,ablation,22,0.03869488,0.03869488,38,0.96703343,0.16201121,0.23394698,0.00000000,1.00000000,1.00000000,13,0.02500000,0.15741935,0.159823,public_simbench_planning_v7_direct_moea_de_controls
p3,load_growth_expansion,Ablation-NoDER,ablation,23,0.03369705,0.03369705,38,0.81825906,0.16252845,0.23811589,0.00000000,1.00000000,1.00000000,11,0.02500000,0.15741935,0.156218,public_simbench_planning_v7_direct_moea_de_controls
p3,load_growth_expansion,Ablation-NoDER,ablation,24,0.03496635,0.03496635,37,0.81825906,0.16252845,0.23811589,0.00000000,1.00000000,1.00000000,11,0.02500000,0.15741935,0.148169,public_simbench_planning_v7_direct_moea_de_controls
p3,load_growth_expansion,Ablation-NoDER,ablation,25,0.03460722,0.03460722,37,0.81825906,0.16252845,0.23811589,0.00000000,1.00000000,1.00000000,11,0.02500000,0.15741935,0.142933,public_simbench_planning_v7_direct_moea_de_controls
p3,load_growth_expansion,Ablation-NoDER,ablation,26,0.03688823,0.03688823,37,0.89264624,0.16226983,0.23603143,0.00000000,1.00000000,1.00000000,12,0.02500000,0.15741935,0.147283,public_simbench_planning_v7_direct_moea_de_controls
p3,load_growth_expansion,Ablation-NoDER,ablation,27,0.03614423,0.03614423,37,0.89264624,0.16226983,0.23603143,0.00000000,1.00000000,1.00000000,12,0.02500000,0.15741935,0.150538,public_simbench_planning_v7_direct_moea_de_controls
p3,load_growth_expansion,Ablation-NoDER,ablation,28,0.03662115,0.03662115,39,0.89264624,0.16226983,0.23603143,0.00000000,1.00000000,1.00000000,12,0.02500000,0.15741935,0.148628,public_simbench_planning_v7_direct_moea_de_controls
p3,load_growth_expansion,Ablation-NoDER,ablation,29,0.03791474,0.03791474,35,0.96703343,0.16201121,0.23394698,0.00000000,1.00000000,1.00000000,13,0.02500000,0.15741935,0.147722,public_simbench_planning_v7_direct_moea_de_controls
p3,pareto_quality,CARS-MODE,proposed,0,0.04093265,0.04093265,39,0.97177944,0.12390683,0.17468586,0.00004871,0.86357792,1.00000000,14,0.01795129,0.00000000,0.149886,public_simbench_planning_v7_direct_moea_de_controls
p3,pareto_quality,CARS-MODE,proposed,1,0.04025095,0.04025095,38,0.99750484,0.12391740,0.17549144,0.00005335,0.89067722,1.00000000,15,0.01794665,0.00000000,0.126637,public_simbench_planning_v7_direct_moea_de_controls
p3,pareto_quality,CARS-MODE,proposed,2,0.03859073,0.03859073,39,0.99778857,0.11834709,0.17953893,0.00001856,0.95991364,1.00000000,11,0.01798144,0.00000000,0.122357,public_simbench_planning_v7_direct_moea_de_controls
p3,pareto_quality,CARS-MODE,proposed,3,0.04160899,0.04160899,39,0.99300695,0.12380298,0.17363947,0.00003827,0.99764387,1.00000000,14,0.01796173,0.00000000,0.127541,public_simbench_planning_v7_direct_moea_de_controls
p3,pareto_quality,CARS-MODE,proposed,4,0.04033020,0.04033020,39,0.95344035,0.12390295,0.17419169,0.00001392,1.00000000,1.00000000,13,0.01798608,0.00000000,0.118244,public_simbench_planning_v7_direct_moea_de_controls
p3,pareto_quality,CARS-MODE,proposed,5,0.04193829,0.04193829,39,0.98084150,0.12387028,0.17436198,0.00003943,0.98400798,1.00000000,14,0.01796057,0.00000000,0.125305,public_simbench_planning_v7_direct_moea_de_controls
p3,pareto_quality,CARS-MODE,proposed,6,0.04135911,0.04135911,39,0.99750484,0.12391740,0.17549144,0.00005335,0.89067722,1.00000000,15,0.01794665,0.00000000,0.125693,public_simbench_planning_v7_direct_moea_de_controls
p3,pareto_quality,CARS-MODE,proposed,7,0.03909816,0.03909816,39,0.97320708,0.12391931,0.17492254,0.00003595,1.00000000,1.00000000,14,0.01796405,0.00000000,0.125981,public_simbench_planning_v7_direct_moea_de_controls
p3,pareto_quality,CARS-MODE,proposed,8,0.04118119,0.04118119,39,0.96867605,0.12393758,0.17508448,0.00004059,0.97037209,1.00000000,14,0.01795941,0.00000000,0.129979,public_simbench_planning_v7_direct_moea_de_controls
p3,pareto_quality,CARS-MODE,proposed,9,0.04168269,0.04168269,39,0.99300695,0.12380298,0.17363947,0.00003827,0.99764387,1.00000000,14,0.01796173,0.00000000,0.122256,public_simbench_planning_v7_direct_moea_de_controls
p3,pareto_quality,CARS-MODE,proposed,10,0.04103911,0.04103911,39,0.98990355,0.12383374,0.17403809,0.00003015,1.00000000,1.00000000,14,0.01796985,0.00000000,0.116332,public_simbench_planning_v7_direct_moea_de_controls
p3,pareto_quality,CARS-MODE,proposed,11,0.04178873,0.04178873,38,0.99300695,0.12380298,0.17363947,0.00003827,0.99764387,1.00000000,14,0.01796173,0.00000000,0.125335,public_simbench_planning_v7_direct_moea_de_controls
p3,pareto_quality,CARS-MODE,proposed,12,0.03973008,0.03973008,39,0.95197958,0.12402315,0.17596893,0.00004639,0.89652117,1.00000000,14,0.01795361,0.00000000,0.118672,public_simbench_planning_v7_direct_moea_de_controls
p3,pareto_quality,CARS-MODE,proposed,13,0.04263784,0.04263784,39,0.98990355,0.12383374,0.17403809,0.00003015,1.00000000,1.00000000,14,0.01796985,0.00000000,0.117540,public_simbench_planning_v7_direct_moea_de_controls
p3,pareto_quality,CARS-MODE,proposed,14,0.04263512,0.04263512,39,0.98084150,0.12387028,0.17436198,0.00003943,0.98400798,1.00000000,14,0.01796057,0.00000000,0.125994,public_simbench_planning_v7_direct_moea_de_controls
p3,pareto_quality,CARS-MODE,proposed,15,0.04103551,0.04103551,39,0.99300695,0.12380298,0.17363947,0.00003827,0.99764387,1.00000000,14,0.01796173,0.00000000,0.120760,public_simbench_planning_v7_direct_moea_de_controls
p3,pareto_quality,CARS-MODE,proposed,16,0.04007917,0.04007917,38,0.94434516,0.12407218,0.17652950,0.00004291,0.94310031,1.00000000,14,0.01795709,0.00000000,0.123107,public_simbench_planning_v7_direct_moea_de_controls
p3,pareto_quality,CARS-MODE,proposed,17,0.04083892,0.04083892,39,0.98537253,0.12385201,0.17420003,0.00003479,1.00000000,1.00000000,14,0.01796521,0.00000000,0.118333,public_simbench_planning_v7_direct_moea_de_controls
p3,pareto_quality,CARS-MODE,proposed,18,0.04034275,0.04034275,39,0.93984726,0.12395776,0.17467752,0.00002784,1.00000000,1.00000000,13,0.01797216,0.00000000,0.131673,public_simbench_planning_v7_direct_moea_de_controls
p3,pareto_quality,CARS-MODE,proposed,19,0.04044659,0.04044659,36,0.99753797,0.12378471,0.17347752,0.00003363,1.00000000,1.00000000,14,0.01796637,0.00000000,0.129471,public_simbench_planning_v7_direct_moea_de_controls
p3,pareto_quality,CARS-MODE,proposed,20,0.03873015,0.03873015,39,0.89264624,0.12410676,0.17579032,0.00000000,1.00000000,1.00000000,12,0.01800000,0.15741935,0.123318,public_simbench_planning_v7_direct_moea_de_controls
p3,pareto_quality,CARS-MODE,proposed,21,0.03765078,0.03765078,39,0.89881989,0.12417793,0.17700699,0.00003595,0.94894426,1.00000000,13,0.01796405,0.00000000,0.124008,public_simbench_planning_v7_direct_moea_de_controls
p3,pareto_quality,CARS-MODE,proposed,22,0.03836118,0.03836118,38,0.89264624,0.12410676,0.17579032,0.00000000,1.00000000,1.00000000,12,0.01800000,0.15741935,0.123877,public_simbench_planning_v7_direct_moea_de_controls
p3,pareto_quality,CARS-MODE,proposed,23,0.04039116,0.04039116,39,0.98537253,0.12385201,0.17420003,0.00003479,1.00000000,1.00000000,14,0.01796521,0.00000000,0.129715,public_simbench_planning_v7_direct_moea_de_controls
p3,pareto_quality,CARS-MODE,proposed,24,0.04009526,0.04009526,38,0.98990355,0.12383374,0.17403809,0.00003015,1.00000000,1.00000000,14,0.01796985,0.00000000,0.123947,public_simbench_planning_v7_direct_moea_de_controls
p3,pareto_quality,CARS-MODE,proposed,25,0.04055922,0.04055922,38,0.93984726,0.12395776,0.17467752,0.00002784,1.00000000,1.00000000,13,0.01797216,0.00000000,0.120266,public_simbench_planning_v7_direct_moea_de_controls
p3,pareto_quality,CARS-MODE,proposed,26,0.04171124,0.04171124,39,0.98537253,0.12385201,0.17420003,0.00003479,1.00000000,1.00000000,14,0.01796521,0.00000000,0.124826,public_simbench_planning_v7_direct_moea_de_controls
p3,pareto_quality,CARS-MODE,proposed,27,0.04238778,0.04238778,39,0.99611034,0.12377223,0.17324085,0.00004639,0.89084970,1.00000000,14,0.01795361,0.00000000,0.127960,public_simbench_planning_v7_direct_moea_de_controls
p3,pareto_quality,CARS-MODE,proposed,28,0.03985381,0.03985381,39,0.97631047,0.12388855,0.17452392,0.00004407,0.92379295,1.00000000,14,0.01795593,0.00000000,0.120195,public_simbench_planning_v7_direct_moea_de_controls
p3,pareto_quality,CARS-MODE,proposed,29,0.04119711,0.04119711,39,0.98990355,0.12383374,0.17403809,0.00003015,1.00000000,1.00000000,14,0.01796985,0.00000000,0.116273,public_simbench_planning_v7_direct_moea_de_controls
p3,pareto_quality,NSGA-II,baseline,0,0.03602667,0.03602667,40,0.91098534,0.12411063,0.17628448,0.00003479,0.96258015,1.00000000,13,0.01796521,0.00000000,0.077790,public_simbench_planning_v7_direct_moea_de_controls
p3,pareto_quality,NSGA-II,baseline,1,0.04017395,0.04017395,40,0.98537253,0.12385201,0.17420003,0.00003479,1.00000000,1.00000000,14,0.01796521,0.00000000,0.076921,public_simbench_planning_v7_direct_moea_de_controls
p3,pareto_quality,NSGA-II,baseline,2,0.03784230,0.03784230,40,0.96104163,0.12398661,0.17564505,0.00003711,1.00000000,1.00000000,14,0.01796289,0.00000000,0.080223,public_simbench_planning_v7_direct_moea_de_controls
p3,pareto_quality,NSGA-II,baseline,3,0.03594436,0.03594436,40,0.96867605,0.12393758,0.17508448,0.00004059,0.97037209,1.00000000,14,0.01795941,0.00000000,0.079065,public_simbench_planning_v7_direct_moea_de_controls
p3,pareto_quality,NSGA-II,baseline,4,0.03674363,0.03674363,40,0.95651060,0.12400488,0.17580699,0.00004175,0.95673620,1.00000000,14,0.01795825,0.00000000,0.078494,public_simbench_planning_v7_direct_moea_de_controls
p3,pareto_quality,NSGA-II,baseline,5,0.03831488,0.03831488,40,0.99015415,0.11839612,0.18009950,0.00001508,1.00000000,1.00000000,11,0.01798492,0.00000000,0.078652,public_simbench_planning_v7_direct_moea_de_controls
p3,pareto_quality,NSGA-II,baseline,6,0.03660997,0.03660997,40,0.90335092,0.12415966,0.17684505,0.00003131,1.00000000,1.00000000,13,0.01796869,0.00000000,0.079411,public_simbench_planning_v7_direct_moea_de_controls
p3,pareto_quality,NSGA-II,baseline,7,0.03886309,0.03886309,40,0.98537253,0.12385201,0.17420003,0.00003479,1.00000000,1.00000000,14,0.01796521,0.00000000,0.079064,public_simbench_planning_v7_direct_moea_de_controls
p3,pareto_quality,NSGA-II,baseline,8,0.03887349,0.03887349,40,0.98990355,0.12383374,0.17403809,0.00003015,1.00000000,1.00000000,14,0.01796985,0.00000000,0.078129,public_simbench_planning_v7_direct_moea_de_controls
p3,pareto_quality,NSGA-II,baseline,9,0.03806654,0.03806654,40,0.85019124,0.12431444,0.17788310,0.00002088,1.00000000,1.00000000,12,0.01797912,0.00000000,0.078161,public_simbench_planning_v7_direct_moea_de_controls
p3,pareto_quality,NSGA-II,baseline,10,0.03404882,0.03404882,40,0.95197958,0.12402315,0.17596893,0.00004639,0.89652117,1.00000000,14,0.01795361,0.00000000,0.078847,public_simbench_planning_v7_direct_moea_de_controls
p3,pareto_quality,NSGA-II,baseline,11,0.03660173,0.03660173,40,0.98084150,0.12387028,0.17436198,0.00003943,0.98400798,1.00000000,14,0.01796057,0.00000000,0.079237,public_simbench_planning_v7_direct_moea_de_controls
p3,pareto_quality,NSGA-II,baseline,12,0.03800243,0.03800243,40,0.92482902,0.11861820,0.18186006,0.00000580,1.00000000,1.00000000,10,0.01799420,0.00419355,0.077831,public_simbench_planning_v7_direct_moea_de_controls
p3,pareto_quality,NSGA-II,baseline,13,0.03881717,0.03881717,40,0.98084150,0.12387028,0.17436198,0.00003943,0.98400798,1.00000000,14,0.01796057,0.00000000,0.078469,public_simbench_planning_v7_direct_moea_de_controls
p3,pareto_quality,NSGA-II,baseline,14,0.03886595,0.03886595,40,0.97320708,0.12391931,0.17492254,0.00003595,1.00000000,1.00000000,14,0.01796405,0.00000000,0.079670,public_simbench_planning_v7_direct_moea_de_controls
p3,pareto_quality,NSGA-II,baseline,15,0.04020348,0.04020348,40,0.98084150,0.12387028,0.17436198,0.00003943,0.98400798,1.00000000,14,0.01796057,0.00000000,0.079931,public_simbench_planning_v7_direct_moea_de_controls
p3,pareto_quality,NSGA-II,baseline,16,0.03810382,0.03810382,40,0.96104163,0.12398661,0.17564505,0.00003711,1.00000000,1.00000000,14,0.01796289,0.00000000,0.078093,public_simbench_planning_v7_direct_moea_de_controls
p3,pareto_quality,NSGA-II,baseline,17,0.03848426,0.03848426,40,0.98990355,0.12383374,0.17403809,0.00003015,1.00000000,1.00000000,14,0.01796985,0.00000000,0.077741,public_simbench_planning_v7_direct_moea_de_controls
p3,pareto_quality,NSGA-II,baseline,18,0.04114439,0.04114439,40,0.98537253,0.12385201,0.17420003,0.00003479,1.00000000,1.00000000,14,0.01796521,0.00000000,0.077763,public_simbench_planning_v7_direct_moea_de_controls
p3,pareto_quality,NSGA-II,baseline,19,0.03726621,0.03726621,40,0.96557266,0.12396834,0.17548310,0.00003247,1.00000000,1.00000000,14,0.01796753,0.00000000,0.078127,public_simbench_planning_v7_direct_moea_de_controls
p3,pareto_quality,NSGA-II,baseline,20,0.03741575,0.03741575,40,0.98562313,0.11841439,0.18026144,0.00001972,0.94627775,1.00000000,11,0.01798028,0.00000000,0.079029,public_simbench_planning_v7_direct_moea_de_controls
p3,pareto_quality,NSGA-II,baseline,21,0.03710807,0.03710807,40,0.96104163,0.12398661,0.17564505,0.00003711,1.00000000,1.00000000,14,0.01796289,0.00000000,0.078832,public_simbench_planning_v7_direct_moea_de_controls
p3,pareto_quality,NSGA-II,baseline,22,0.03905584,0.03905584,40,0.91551637,0.12409236,0.17612254,0.00003015,1.00000000,1.00000000,13,0.01796985,0.00000000,0.079613,public_simbench_planning_v7_direct_moea_de_controls
p3,pareto_quality,NSGA-II,baseline,23,0.03961525,0.03961525,40,0.92768181,0.12402506,0.17540003,0.00002899,1.00000000,1.00000000,13,0.01797101,0.00000000,0.079469,public_simbench_planning_v7_direct_moea_de_controls
p3,pareto_quality,NSGA-II,baseline,24,0.03848418,0.03848418,40,0.98990355,0.12383374,0.17403809,0.00003015,1.00000000,1.00000000,14,0.01796985,0.00000000,0.078286,public_simbench_planning_v7_direct_moea_de_controls
p3,pareto_quality,NSGA-II,baseline,25,0.03919483,0.03919483,40,0.99713042,0.12278110,0.17684505,0.00188259,1.00000000,1.00000000,13,0.01611741,0.00000000,0.080120,public_simbench_planning_v7_direct_moea_de_controls
p3,pareto_quality,NSGA-II,baseline,26,0.03920132,0.03920132,40,0.97320708,0.12391931,0.17492254,0.00003595,1.00000000,1.00000000,14,0.01796405,0.00000000,0.080641,public_simbench_planning_v7_direct_moea_de_controls
p3,pareto_quality,NSGA-II,baseline,27,0.03672250,0.03672250,40,0.99713042,0.12278110,0.17684505,0.00188259,1.00000000,1.00000000,13,0.01611741,0.00000000,0.079165,public_simbench_planning_v7_direct_moea_de_controls
p3,pareto_quality,NSGA-II,baseline,28,0.03869730,0.03869730,40,0.96867605,0.12393758,0.17508448,0.00004059,0.97037209,1.00000000,14,0.01795941,0.00000000,0.078649,public_simbench_planning_v7_direct_moea_de_controls
p3,pareto_quality,NSGA-II,baseline,29,0.03912994,0.03912994,40,0.97773811,0.12390104,0.17476060,0.00003131,1.00000000,1.00000000,14,0.01796869,0.00000000,0.077935,public_simbench_planning_v7_direct_moea_de_controls
p3,pareto_quality,NSGA-II+Repair,baseline,0,0.03602881,0.03602881,40,0.95651060,0.12400488,0.17580699,0.00004175,0.95673620,1.00000000,14,0.01795825,0.00000000,0.079444,public_simbench_planning_v7_direct_moea_de_controls
p3,pareto_quality,NSGA-II+Repair,baseline,1,0.03813610,0.03813610,40,0.96867605,0.12393758,0.17508448,0.00004059,0.97037209,1.00000000,14,0.01795941,0.00000000,0.078361,public_simbench_planning_v7_direct_moea_de_controls
p3,pareto_quality,NSGA-II+Repair,baseline,2,0.03685962,0.03685962,40,0.96867605,0.12393758,0.17508448,0.00004059,0.97037209,1.00000000,14,0.01795941,0.00000000,0.078163,public_simbench_planning_v7_direct_moea_de_controls
p3,pareto_quality,NSGA-II+Repair,baseline,3,0.03808433,0.03808433,40,0.98084150,0.12387028,0.17436198,0.00003943,0.98400798,1.00000000,14,0.01796057,0.00000000,0.080354,public_simbench_planning_v7_direct_moea_de_controls
p3,pareto_quality,NSGA-II+Repair,baseline,4,0.04088715,0.04088715,40,0.99443458,0.12381547,0.17387615,0.00002552,1.00000000,1.00000000,14,0.01797448,0.00000000,0.084548,public_simbench_planning_v7_direct_moea_de_controls
p3,pareto_quality,NSGA-II+Repair,baseline,5,0.03688279,0.03688279,40,0.98990355,0.12383374,0.17403809,0.00003015,1.00000000,1.00000000,14,0.01796985,0.00000000,0.077657,public_simbench_planning_v7_direct_moea_de_controls
p3,pareto_quality,NSGA-II+Repair,baseline,6,0.03638097,0.03638097,40,0.93674387,0.12398852,0.17507615,0.00001972,1.00000000,1.00000000,13,0.01798028,0.00000000,0.078018,public_simbench_planning_v7_direct_moea_de_controls
p3,pareto_quality,NSGA-II+Repair,baseline,7,0.03885022,0.03885022,40,0.96414502,0.12395585,0.17524643,0.00004523,0.91015706,1.00000000,14,0.01795477,0.00000000,0.081145,public_simbench_planning_v7_direct_moea_de_controls
p3,pareto_quality,NSGA-II+Repair,baseline,8,0.03878149,0.03878149,40,0.97320708,0.12391931,0.17492254,0.00003595,1.00000000,1.00000000,14,0.01796405,0.00000000,0.078922,public_simbench_planning_v7_direct_moea_de_controls
p3,pareto_quality,NSGA-II+Repair,baseline,9,0.03623270,0.03623270,40,0.96104163,0.12398661,0.17564505,0.00003711,1.00000000,1.00000000,14,0.01796289,0.00000000,0.080595,public_simbench_planning_v7_direct_moea_de_controls
p3,pareto_quality,NSGA-II+Repair,baseline,10,0.04011708,0.04011708,40,0.98990355,0.12383374,0.17403809,0.00003015,1.00000000,1.00000000,14,0.01796985,0.00000000,0.080140,public_simbench_planning_v7_direct_moea_de_controls
p3,pareto_quality,NSGA-II+Repair,baseline,11,0.03758317,0.03758317,40,0.96104163,0.12398661,0.17564505,0.00003711,1.00000000,1.00000000,14,0.01796289,0.00000000,0.078023,public_simbench_planning_v7_direct_moea_de_controls
p3,pareto_quality,NSGA-II+Repair,baseline,12,0.03947895,0.03947895,40,0.97320708,0.12391931,0.17492254,0.00003595,1.00000000,1.00000000,14,0.01796405,0.00000000,0.077740,public_simbench_planning_v7_direct_moea_de_controls
p3,pareto_quality,NSGA-II+Repair,baseline,13,0.03998977,0.03998977,40,0.98537253,0.12385201,0.17420003,0.00003479,1.00000000,1.00000000,14,0.01796521,0.00000000,0.079583,public_simbench_planning_v7_direct_moea_de_controls
p3,pareto_quality,NSGA-II+Repair,baseline,14,0.03942335,0.03942335,40,0.98537253,0.12385201,0.17420003,0.00003479,1.00000000,1.00000000,14,0.01796521,0.00000000,0.081033,public_simbench_planning_v7_direct_moea_de_controls
p3,pareto_quality,NSGA-II+Repair,baseline,15,0.03656881,0.03656881,40,0.96104163,0.12398661,0.17564505,0.00003711,1.00000000,1.00000000,14,0.01796289,0.00000000,0.080627,public_simbench_planning_v7_direct_moea_de_controls
p3,pareto_quality,NSGA-II+Repair,baseline,16,0.03626288,0.03626288,40,0.99570740,0.12241805,0.17804481,0.00150653,0.99601790,1.00000000,12,0.01649347,0.00000000,0.078170,public_simbench_planning_v7_direct_moea_de_controls
p3,pareto_quality,NSGA-II+Repair,baseline,17,0.03724711,0.03724711,40,0.84566021,0.12433271,0.17804505,0.00002552,1.00000000,1.00000000,12,0.01797448,0.00000000,0.080058,public_simbench_planning_v7_direct_moea_de_controls
p3,pareto_quality,NSGA-II+Repair,baseline,18,0.03924054,0.03924054,40,0.98447058,0.12285567,0.17756756,0.00186623,0.99246950,1.00000000,13,0.01613377,0.00000000,0.077529,public_simbench_planning_v7_direct_moea_de_controls
p3,pareto_quality,NSGA-II+Repair,baseline,19,0.03679514,0.03679514,40,0.97320708,0.12391931,0.17492254,0.00003595,1.00000000,1.00000000,14,0.01796405,0.00000000,0.078711,public_simbench_planning_v7_direct_moea_de_controls
p3,pareto_quality,NSGA-II+Repair,baseline,20,0.03722327,0.03722327,40,0.99713042,0.12278110,0.17684505,0.00188259,1.00000000,1.00000000,13,0.01611741,0.00000000,0.078263,public_simbench_planning_v7_direct_moea_de_controls
p3,pareto_quality,NSGA-II+Repair,baseline,21,0.04081851,0.04081851,40,0.98084150,0.12387028,0.17436198,0.00003943,0.98400798,1.00000000,14,0.01796057,0.00000000,0.080160,public_simbench_planning_v7_direct_moea_de_controls
p3,pareto_quality,NSGA-II+Repair,baseline,22,0.03972775,0.03972775,40,0.98084150,0.12387028,0.17436198,0.00003943,0.98400798,1.00000000,14,0.01796057,0.00000000,0.078529,public_simbench_planning_v7_direct_moea_de_controls
p3,pareto_quality,NSGA-II+Repair,baseline,23,0.03513395,0.03513395,40,0.94434516,0.12407218,0.17652950,0.00004291,0.94310031,1.00000000,14,0.01795709,0.00000000,0.078834,public_simbench_planning_v7_direct_moea_de_controls
p3,pareto_quality,NSGA-II+Repair,baseline,24,0.03944703,0.03944703,40,0.98990355,0.12383374,0.17403809,0.00003015,1.00000000,1.00000000,14,0.01796985,0.00000000,0.079272,public_simbench_planning_v7_direct_moea_de_controls
p3,pareto_quality,NSGA-II+Repair,baseline,25,0.03879493,0.03879493,40,0.97320708,0.12391931,0.17492254,0.00003595,1.00000000,1.00000000,14,0.01796405,0.00000000,0.079309,public_simbench_planning_v7_direct_moea_de_controls
p3,pareto_quality,NSGA-II+Repair,baseline,26,0.03962317,0.03962317,40,0.98990355,0.12383374,0.17403809,0.00003015,1.00000000,1.00000000,14,0.01796985,0.00000000,0.079757,public_simbench_planning_v7_direct_moea_de_controls
p3,pareto_quality,NSGA-II+Repair,baseline,27,0.03910041,0.03910041,40,0.97320708,0.12391931,0.17492254,0.00003595,1.00000000,1.00000000,14,0.01796405,0.00000000,0.079230,public_simbench_planning_v7_direct_moea_de_controls
p3,pareto_quality,NSGA-II+Repair,baseline,28,0.03998657,0.03998657,40,0.98084150,0.12387028,0.17436198,0.00003943,0.98400798,1.00000000,14,0.01796057,0.00000000,0.079457,public_simbench_planning_v7_direct_moea_de_controls
p3,pareto_quality,NSGA-II+Repair,baseline,29,0.03737743,0.03737743,40,0.89571650,0.12420869,0.17740561,0.00002784,1.00000000,1.00000000,13,0.01797216,0.00000000,0.078206,public_simbench_planning_v7_direct_moea_de_controls
p3,pareto_quality,MOEA/D,baseline,0,0.00047204,0.00047204,1,0.00000000,0.12721025,0.20080373,0.00000000,0.35000000,0.42000000,0,0.01800000,0.48000000,0.366159,public_simbench_planning_v7_direct_moea_de_controls
p3,pareto_quality,MOEA/D,baseline,1,0.00047204,0.00047204,1,0.00000000,0.12721025,0.20080373,0.00000000,0.35000000,0.42000000,0,0.01800000,0.48000000,0.365853,public_simbench_planning_v7_direct_moea_de_controls
p3,pareto_quality,MOEA/D,baseline,2,0.00047204,0.00047204,1,0.00000000,0.12721025,0.20080373,0.00000000,0.35000000,0.42000000,0,0.01800000,0.48000000,0.363302,public_simbench_planning_v7_direct_moea_de_controls
p3,pareto_quality,MOEA/D,baseline,3,0.00047204,0.00047204,1,0.00000000,0.12721025,0.20080373,0.00000000,0.35000000,0.42000000,0,0.01800000,0.48000000,0.363516,public_simbench_planning_v7_direct_moea_de_controls
p3,pareto_quality,MOEA/D,baseline,4,0.00047204,0.00047204,1,0.00000000,0.12721025,0.20080373,0.00000000,0.35000000,0.42000000,0,0.01800000,0.48000000,0.368286,public_simbench_planning_v7_direct_moea_de_controls
p3,pareto_quality,MOEA/D,baseline,5,0.00047204,0.00047204,1,0.00000000,0.12721025,0.20080373,0.00000000,0.35000000,0.42000000,0,0.01800000,0.48000000,0.365123,public_simbench_planning_v7_direct_moea_de_controls
p3,pareto_quality,MOEA/D,baseline,6,0.00047204,0.00047204,1,0.00000000,0.12721025,0.20080373,0.00000000,0.35000000,0.42000000,0,0.01800000,0.48000000,0.368541,public_simbench_planning_v7_direct_moea_de_controls
p3,pareto_quality,MOEA/D,baseline,7,0.00047204,0.00047204,1,0.00000000,0.12721025,0.20080373,0.00000000,0.35000000,0.42000000,0,0.01800000,0.48000000,0.367377,public_simbench_planning_v7_direct_moea_de_controls
p3,pareto_quality,MOEA/D,baseline,8,0.00047204,0.00047204,1,0.00000000,0.12721025,0.20080373,0.00000000,0.35000000,0.42000000,0,0.01800000,0.48000000,0.369761,public_simbench_planning_v7_direct_moea_de_controls
p3,pareto_quality,MOEA/D,baseline,9,0.00047204,0.00047204,1,0.00000000,0.12721025,0.20080373,0.00000000,0.35000000,0.42000000,0,0.01800000,0.48000000,0.368161,public_simbench_planning_v7_direct_moea_de_controls
p3,pareto_quality,MOEA/D,baseline,10,0.00047204,0.00047204,1,0.00000000,0.12721025,0.20080373,0.00000000,0.35000000,0.42000000,0,0.01800000,0.48000000,0.367146,public_simbench_planning_v7_direct_moea_de_controls
p3,pareto_quality,MOEA/D,baseline,11,0.00047204,0.00047204,1,0.00000000,0.12721025,0.20080373,0.00000000,0.35000000,0.42000000,0,0.01800000,0.48000000,0.363508,public_simbench_planning_v7_direct_moea_de_controls
p3,pareto_quality,MOEA/D,baseline,12,0.00047204,0.00047204,1,0.00000000,0.12721025,0.20080373,0.00000000,0.35000000,0.42000000,0,0.01800000,0.48000000,0.371914,public_simbench_planning_v7_direct_moea_de_controls
p3,pareto_quality,MOEA/D,baseline,13,0.00047204,0.00047204,1,0.00000000,0.12721025,0.20080373,0.00000000,0.35000000,0.42000000,0,0.01800000,0.48000000,0.372719,public_simbench_planning_v7_direct_moea_de_controls
p3,pareto_quality,MOEA/D,baseline,14,0.00047204,0.00047204,1,0.00000000,0.12721025,0.20080373,0.00000000,0.35000000,0.42000000,0,0.01800000,0.48000000,0.368454,public_simbench_planning_v7_direct_moea_de_controls
p3,pareto_quality,MOEA/D,baseline,15,0.00047204,0.00047204,1,0.00000000,0.12721025,0.20080373,0.00000000,0.35000000,0.42000000,0,0.01800000,0.48000000,0.368472,public_simbench_planning_v7_direct_moea_de_controls
p3,pareto_quality,MOEA/D,baseline,16,0.00047204,0.00047204,1,0.00000000,0.12721025,0.20080373,0.00000000,0.35000000,0.42000000,0,0.01800000,0.48000000,0.369135,public_simbench_planning_v7_direct_moea_de_controls
p3,pareto_quality,MOEA/D,baseline,17,0.00047204,0.00047204,1,0.00000000,0.12721025,0.20080373,0.00000000,0.35000000,0.42000000,0,0.01800000,0.48000000,0.367212,public_simbench_planning_v7_direct_moea_de_controls
p3,pareto_quality,MOEA/D,baseline,18,0.00047204,0.00047204,1,0.00000000,0.12721025,0.20080373,0.00000000,0.35000000,0.42000000,0,0.01800000,0.48000000,0.367581,public_simbench_planning_v7_direct_moea_de_controls
p3,pareto_quality,MOEA/D,baseline,19,0.00047204,0.00047204,1,0.00000000,0.12721025,0.20080373,0.00000000,0.35000000,0.42000000,0,0.01800000,0.48000000,0.369443,public_simbench_planning_v7_direct_moea_de_controls
p3,pareto_quality,MOEA/D,baseline,20,0.00047204,0.00047204,1,0.00000000,0.12721025,0.20080373,0.00000000,0.35000000,0.42000000,0,0.01800000,0.48000000,0.367175,public_simbench_planning_v7_direct_moea_de_controls
p3,pareto_quality,MOEA/D,baseline,21,0.00047204,0.00047204,1,0.00000000,0.12721025,0.20080373,0.00000000,0.35000000,0.42000000,0,0.01800000,0.48000000,0.363344,public_simbench_planning_v7_direct_moea_de_controls
p3,pareto_quality,MOEA/D,baseline,22,0.00047204,0.00047204,1,0.00000000,0.12721025,0.20080373,0.00000000,0.35000000,0.42000000,0,0.01800000,0.48000000,0.361718,public_simbench_planning_v7_direct_moea_de_controls
p3,pareto_quality,MOEA/D,baseline,23,0.00047204,0.00047204,1,0.00000000,0.12721025,0.20080373,0.00000000,0.35000000,0.42000000,0,0.01800000,0.48000000,0.367618,public_simbench_planning_v7_direct_moea_de_controls
p3,pareto_quality,MOEA/D,baseline,24,0.00047204,0.00047204,1,0.00000000,0.12721025,0.20080373,0.00000000,0.35000000,0.42000000,0,0.01800000,0.48000000,0.365736,public_simbench_planning_v7_direct_moea_de_controls
p3,pareto_quality,MOEA/D,baseline,25,0.00047204,0.00047204,1,0.00000000,0.12721025,0.20080373,0.00000000,0.35000000,0.42000000,0,0.01800000,0.48000000,0.363842,public_simbench_planning_v7_direct_moea_de_controls
p3,pareto_quality,MOEA/D,baseline,26,0.00047204,0.00047204,1,0.00000000,0.12721025,0.20080373,0.00000000,0.35000000,0.42000000,0,0.01800000,0.48000000,0.370618,public_simbench_planning_v7_direct_moea_de_controls
p3,pareto_quality,MOEA/D,baseline,27,0.00047204,0.00047204,1,0.00000000,0.12721025,0.20080373,0.00000000,0.35000000,0.42000000,0,0.01800000,0.48000000,0.368743,public_simbench_planning_v7_direct_moea_de_controls
p3,pareto_quality,MOEA/D,baseline,28,0.00047204,0.00047204,1,0.00000000,0.12721025,0.20080373,0.00000000,0.35000000,0.42000000,0,0.01800000,0.48000000,0.379001,public_simbench_planning_v7_direct_moea_de_controls
p3,pareto_quality,MOEA/D,baseline,29,0.00047204,0.00047204,1,0.00000000,0.12721025,0.20080373,0.00000000,0.35000000,0.42000000,0,0.01800000,0.48000000,0.369485,public_simbench_planning_v7_direct_moea_de_controls
p3,pareto_quality,GDE3,baseline,0,0.03081045,0.03081045,39,0.88975784,0.12421448,0.17733088,0.00004523,0.82851420,0.98774962,13,0.01795477,0.00000000,0.052505,public_simbench_planning_v7_direct_moea_de_controls
p3,pareto_quality,GDE3,baseline,1,0.03432358,0.03432358,39,0.92454529,0.12418850,0.17781257,0.00004059,0.97604356,1.00000000,14,0.01795941,0.00000000,0.052072,public_simbench_planning_v7_direct_moea_de_controls
p3,pareto_quality,GDE3,baseline,2,0.03201039,0.03201039,39,0.98562313,0.11841439,0.18026144,0.00001972,0.94627775,1.00000000,11,0.01798028,0.00000000,0.052643,public_simbench_planning_v7_direct_moea_de_controls
p3,pareto_quality,GDE3,baseline,3,0.03730506,0.03730506,39,0.96414502,0.12395585,0.17524643,0.00004523,0.91015706,1.00000000,14,0.01795477,0.00000000,0.052746,public_simbench_planning_v7_direct_moea_de_controls
p3,pareto_quality,GDE3,baseline,4,0.04023940,0.04023940,38,0.97320708,0.12391931,0.17492254,0.00003595,1.00000000,1.00000000,14,0.01796405,0.00000000,0.051105,public_simbench_planning_v7_direct_moea_de_controls
p3,pareto_quality,GDE3,baseline,5,0.02828939,0.02828939,39,0.87306136,0.12430005,0.17821533,0.00005103,0.75466328,0.91580979,13,0.01794897,0.00000000,0.052009,public_simbench_planning_v7_direct_moea_de_controls
p3,pareto_quality,GDE3,baseline,6,0.03486767,0.03486767,39,0.94434516,0.12407218,0.17652950,0.00004291,0.94310031,1.00000000,14,0.01795709,0.00000000,0.050470,public_simbench_planning_v7_direct_moea_de_controls
p3,pareto_quality,GDE3,baseline,7,0.03825575,0.03825575,39,0.97320708,0.12391931,0.17492254,0.00003595,1.00000000,1.00000000,14,0.01796405,0.00000000,0.052674,public_simbench_planning_v7_direct_moea_de_controls
p3,pareto_quality,GDE3,baseline,8,0.03917676,0.03917676,39,0.93943970,0.12295416,0.17804505,0.00187679,0.99942210,1.00000000,12,0.01612321,0.00000000,0.052404,public_simbench_planning_v7_direct_moea_de_controls
p3,pareto_quality,GDE3,baseline,9,0.03782649,0.03782649,39,0.95651060,0.12400488,0.17580699,0.00004175,0.95673620,1.00000000,14,0.01795825,0.00000000,0.051629,public_simbench_planning_v7_direct_moea_de_controls
p3,pareto_quality,GDE3,baseline,10,0.03796553,0.03796553,38,0.96104163,0.12398661,0.17564505,0.00003711,1.00000000,1.00000000,14,0.01796289,0.00000000,0.051354,public_simbench_planning_v7_direct_moea_de_controls
p3,pareto_quality,GDE3,baseline,11,0.03860361,0.03860361,39,0.99753797,0.12378471,0.17347752,0.00003363,1.00000000,1.00000000,14,0.01796637,0.00000000,0.051223,public_simbench_planning_v7_direct_moea_de_controls
p3,pareto_quality,GDE3,baseline,12,0.04053857,0.04053857,38,0.98084150,0.12387028,0.17436198,0.00003943,0.98400798,1.00000000,14,0.01796057,0.00000000,0.051589,public_simbench_planning_v7_direct_moea_de_controls
p3,pareto_quality,GDE3,baseline,13,0.03824676,0.03824676,39,0.98496497,0.12284840,0.17756756,0.00188375,0.99357815,1.00000000,13,0.01611625,0.00000000,0.051827,public_simbench_planning_v7_direct_moea_de_controls
p3,pareto_quality,GDE3,baseline,14,0.03684961,0.03684961,39,0.99893248,0.12392988,0.17572812,0.00004059,1.00000000,1.00000000,15,0.01795941,0.00000000,0.051838,public_simbench_planning_v7_direct_moea_de_controls
p3,pareto_quality,GDE3,baseline,15,0.03055358,0.03055358,39,0.96724841,0.12392510,0.17484781,0.00005335,0.80336289,0.98580735,14,0.01794665,0.00000000,0.052101,public_simbench_planning_v7_direct_moea_de_controls
p3,pareto_quality,GDE3,baseline,16,0.03729206,0.03729206,39,0.91551637,0.12409236,0.17612254,0.00003015,1.00000000,1.00000000,13,0.01796985,0.00000000,0.050945,public_simbench_planning_v7_direct_moea_de_controls
p3,pareto_quality,GDE3,baseline,17,0.03913087,0.03913087,39,0.97320708,0.12391931,0.17492254,0.00003595,1.00000000,1.00000000,14,0.01796405,0.00000000,0.051308,public_simbench_planning_v7_direct_moea_de_controls
p3,pareto_quality,GDE3,baseline,18,0.03760704,0.03760704,39,0.94887618,0.12405391,0.17636756,0.00003827,1.00000000,1.00000000,14,0.01796173,0.00000000,0.051839,public_simbench_planning_v7_direct_moea_de_controls
p3,pareto_quality,GDE3,baseline,19,0.03583856,0.03583856,39,0.89428886,0.12419620,0.17716893,0.00004059,0.88872923,1.00000000,13,0.01795941,0.00000000,0.050931,public_simbench_planning_v7_direct_moea_de_controls
p3,pareto_quality,GDE3,baseline,20,0.03231528,0.03231528,39,0.92764868,0.12415775,0.17741395,0.00004871,0.86924939,1.00000000,14,0.01795129,0.00000000,0.051304,public_simbench_planning_v7_direct_moea_de_controls
p3,pareto_quality,GDE3,baseline,21,0.03905408,0.03905408,39,0.98537253,0.12385201,0.17420003,0.00003479,1.00000000,1.00000000,14,0.01796521,0.00000000,0.051531,public_simbench_planning_v7_direct_moea_de_controls
p3,pareto_quality,GDE3,baseline,22,0.03734635,0.03734635,40,0.90335092,0.12415966,0.17684505,0.00003131,1.00000000,1.00000000,13,0.01796869,0.00000000,0.050975,public_simbench_planning_v7_direct_moea_de_controls
p3,pareto_quality,GDE3,baseline,23,0.03958791,0.03958791,39,0.97320708,0.12391931,0.17492254,0.00003595,1.00000000,1.00000000,14,0.01796405,0.00000000,0.050895,public_simbench_planning_v7_direct_moea_de_controls
p3,pareto_quality,GDE3,baseline,24,0.03740562,0.03740562,40,0.99944741,0.12240987,0.17792042,0.00148788,1.00000000,1.00000000,12,0.01651212,0.00000000,0.051307,public_simbench_planning_v7_direct_moea_de_controls
p3,pareto_quality,GDE3,baseline,25,0.03601514,0.03601514,39,0.91098534,0.12411063,0.17628448,0.00003479,0.96258015,1.00000000,13,0.01796521,0.00000000,0.051554,public_simbench_planning_v7_direct_moea_de_controls
p3,pareto_quality,GDE3,baseline,26,0.03450962,0.03450962,39,0.95651060,0.12400488,0.17580699,0.00004175,0.95673620,1.00000000,14,0.01795825,0.00000000,0.051914,public_simbench_planning_v7_direct_moea_de_controls
p3,pareto_quality,GDE3,baseline,27,0.03527749,0.03527749,39,0.99778857,0.11834709,0.17953893,0.00001856,0.95991364,1.00000000,11,0.01798144,0.00000000,0.052232,public_simbench_planning_v7_direct_moea_de_controls
p3,pareto_quality,GDE3,baseline,28,0.03783821,0.03783821,39,0.84566021,0.12433271,0.17804505,0.00002552,1.00000000,1.00000000,12,0.01797448,0.00000000,0.050869,public_simbench_planning_v7_direct_moea_de_controls
p3,pareto_quality,GDE3,baseline,29,0.03761653,0.03761653,40,0.89571650,0.12420869,0.17740561,0.00002784,1.00000000,1.00000000,13,0.01797216,0.00000000,0.051082,public_simbench_planning_v7_direct_moea_de_controls
p3,pareto_quality,NSDE,baseline,0,0.04156093,0.04156093,39,0.99753797,0.12378471,0.17347752,0.00003363,1.00000000,1.00000000,14,0.01796637,0.00000000,0.052151,public_simbench_planning_v7_direct_moea_de_controls
p3,pareto_quality,NSDE,baseline,1,0.03972050,0.03972050,39,0.99753797,0.12378471,0.17347752,0.00003363,1.00000000,1.00000000,14,0.01796637,0.00000000,0.050907,public_simbench_planning_v7_direct_moea_de_controls
p3,pareto_quality,NSDE,baseline,2,0.03614766,0.03614766,39,0.95651060,0.12400488,0.17580699,0.00004175,0.95673620,1.00000000,14,0.01795825,0.00000000,0.051381,public_simbench_planning_v7_direct_moea_de_controls
p3,pareto_quality,NSDE,baseline,3,0.03842727,0.03842727,39,0.90788195,0.12414139,0.17668310,0.00002668,1.00000000,1.00000000,13,0.01797332,0.00000000,0.051692,public_simbench_planning_v7_direct_moea_de_controls
p3,pareto_quality,NSDE,baseline,4,0.03553671,0.03553671,39,0.96867605,0.12393758,0.17508448,0.00004059,0.97037209,1.00000000,14,0.01795941,0.00000000,0.051187,public_simbench_planning_v7_direct_moea_de_controls
p3,pareto_quality,NSDE,baseline,5,0.03237432,0.03237432,39,0.92132022,0.12267667,0.18012926,0.00150653,0.91437504,1.00000000,11,0.01649347,0.00000000,0.051602,public_simbench_planning_v7_direct_moea_de_controls
p3,pareto_quality,NSDE,baseline,6,0.03713888,0.03713888,39,0.99713042,0.12278110,0.17684505,0.00188259,1.00000000,1.00000000,13,0.01611741,0.00000000,0.051698,public_simbench_planning_v7_direct_moea_de_controls
p3,pareto_quality,NSDE,baseline,7,0.03560211,0.03560211,39,0.97237288,0.11990864,0.17980468,0.00002668,0.93583241,1.00000000,12,0.01797332,0.00000000,0.051371,public_simbench_planning_v7_direct_moea_de_controls
p3,pareto_quality,NSDE,baseline,8,0.04046912,0.04046912,39,0.97631047,0.12388855,0.17452392,0.00004407,0.92379295,1.00000000,14,0.01795593,0.00000000,0.053467,public_simbench_planning_v7_direct_moea_de_controls
p3,pareto_quality,NSDE,baseline,9,0.03281589,0.03281589,39,0.96373747,0.12295224,0.17861395,0.00189418,0.85951220,0.99924147,13,0.01610582,0.00000000,0.052042,public_simbench_planning_v7_direct_moea_de_controls
p3,pareto_quality,NSDE,baseline,10,0.03841210,0.03841210,39,0.99300695,0.12380298,0.17363947,0.00003827,0.99764387,1.00000000,14,0.01796173,0.00000000,0.050947,public_simbench_planning_v7_direct_moea_de_controls
p3,pareto_quality,NSDE,baseline,11,0.03507162,0.03507162,39,0.96867605,0.12393758,0.17508448,0.00004059,0.97037209,1.00000000,14,0.01795941,0.00000000,0.051263,public_simbench_planning_v7_direct_moea_de_controls
p3,pareto_quality,NSDE,baseline,12,0.03982820,0.03982820,40,0.98226913,0.12388276,0.17459865,0.00002668,1.00000000,1.00000000,14,0.01797332,0.00000000,0.052065,public_simbench_planning_v7_direct_moea_de_controls
p3,pareto_quality,NSDE,baseline,13,0.03564220,0.03564220,39,0.96867605,0.12393758,0.17508448,0.00004059,0.97037209,1.00000000,14,0.01795941,0.00000000,0.051688,public_simbench_planning_v7_direct_moea_de_controls
p3,pareto_quality,NSDE,baseline,14,0.03878426,0.03878426,39,0.97320708,0.12391931,0.17492254,0.00003595,1.00000000,1.00000000,14,0.01796405,0.00000000,0.051817,public_simbench_planning_v7_direct_moea_de_controls
p3,pareto_quality,NSDE,baseline,15,0.03611345,0.03611345,39,0.96104163,0.12398661,0.17564505,0.00003711,1.00000000,1.00000000,14,0.01796289,0.00000000,0.051676,public_simbench_planning_v7_direct_moea_de_controls
p3,pareto_quality,NSDE,baseline,16,0.03872955,0.03872955,39,0.92315079,0.12404334,0.17556198,0.00003363,0.97621604,1.00000000,13,0.01796637,0.00000000,0.052240,public_simbench_planning_v7_direct_moea_de_controls
p3,pareto_quality,NSDE,baseline,17,0.03815072,0.03815072,39,0.98084150,0.12387028,0.17436198,0.00003943,0.98400798,1.00000000,14,0.01796057,0.00000000,0.051812,public_simbench_planning_v7_direct_moea_de_controls
p3,pareto_quality,NSDE,baseline,18,0.03559788,0.03559788,39,0.83349476,0.12440001,0.17876756,0.00002668,0.98773147,1.00000000,12,0.01797332,0.00000000,0.051347,public_simbench_planning_v7_direct_moea_de_controls
p3,pareto_quality,NSDE,baseline,19,0.03839187,0.03839187,39,0.97320708,0.12391931,0.17492254,0.00003595,1.00000000,1.00000000,14,0.01796405,0.00000000,0.051925,public_simbench_planning_v7_direct_moea_de_controls
p3,pareto_quality,NSDE,baseline,20,0.03949736,0.03949736,39,0.92315079,0.12404334,0.17556198,0.00003363,0.97621604,1.00000000,13,0.01796637,0.00000000,0.050926,public_simbench_planning_v7_direct_moea_de_controls
p3,pareto_quality,NSDE,baseline,21,0.03870752,0.03870752,39,0.99753797,0.12378471,0.17347752,0.00003363,1.00000000,1.00000000,14,0.01796637,0.00000000,0.051863,public_simbench_planning_v7_direct_moea_de_controls
p3,pareto_quality,NSDE,baseline,22,0.03897812,0.03897812,39,0.98990355,0.12383374,0.17403809,0.00003015,1.00000000,1.00000000,14,0.01796985,0.00000000,0.052031,public_simbench_planning_v7_direct_moea_de_controls
p3,pareto_quality,NSDE,baseline,23,0.03799611,0.03799611,39,0.96104163,0.12398661,0.17564505,0.00003711,1.00000000,1.00000000,14,0.01796289,0.00000000,0.052820,public_simbench_planning_v7_direct_moea_de_controls
p3,pareto_quality,NSDE,baseline,24,0.03659787,0.03659787,39,0.91098534,0.12411063,0.17628448,0.00003479,0.96258015,1.00000000,13,0.01796521,0.00000000,0.051913,public_simbench_planning_v7_direct_moea_de_controls
p3,pareto_quality,NSDE,baseline,25,0.03763002,0.03763002,39,0.96867605,0.12393758,0.17508448,0.00004059,0.97037209,1.00000000,14,0.01795941,0.00000000,0.052277,public_simbench_planning_v7_direct_moea_de_controls
p3,pareto_quality,NSDE,baseline,26,0.03931056,0.03931056,39,0.96104163,0.12398661,0.17564505,0.00003711,1.00000000,1.00000000,14,0.01796289,0.00000000,0.051343,public_simbench_planning_v7_direct_moea_de_controls
p3,pareto_quality,NSDE,baseline,27,0.04094882,0.04094882,40,0.98084150,0.12387028,0.17436198,0.00003943,0.98400798,1.00000000,14,0.01796057,0.00000000,0.051099,public_simbench_planning_v7_direct_moea_de_controls
p3,pareto_quality,NSDE,baseline,28,0.03834229,0.03834229,38,0.97320708,0.12391931,0.17492254,0.00003595,1.00000000,1.00000000,14,0.01796405,0.00000000,0.051955,public_simbench_planning_v7_direct_moea_de_controls
p3,pareto_quality,NSDE,baseline,29,0.03842665,0.03842665,39,0.95651060,0.12400488,0.17580699,0.00004175,0.95673620,1.00000000,14,0.01795825,0.00000000,0.051351,public_simbench_planning_v7_direct_moea_de_controls
p3,pareto_quality,Standard DE,baseline,0,0.03066362,0.03066362,1,0.99300695,0.12380298,0.17363947,0.00003827,0.99764387,1.00000000,14,0.01796173,0.00000000,0.039300,public_simbench_planning_v7_direct_moea_de_controls
p3,pareto_quality,Standard DE,baseline,1,0.02946977,0.02946977,1,0.98084150,0.12387028,0.17436198,0.00003943,0.98400798,1.00000000,14,0.01796057,0.00000000,0.010691,public_simbench_planning_v7_direct_moea_de_controls
p3,pareto_quality,Standard DE,baseline,2,0.03078498,0.03078498,1,0.99753797,0.12378471,0.17347752,0.00003363,1.00000000,1.00000000,14,0.01796637,0.00000000,0.011516,public_simbench_planning_v7_direct_moea_de_controls
p3,pareto_quality,Standard DE,baseline,3,0.02985804,0.02985804,1,0.94437829,0.12393949,0.17451558,0.00002320,1.00000000,1.00000000,13,0.01797680,0.00000000,0.010994,public_simbench_planning_v7_direct_moea_de_controls
p3,pareto_quality,Standard DE,baseline,4,0.03029284,0.03029284,1,0.98537253,0.12385201,0.17420003,0.00003479,1.00000000,1.00000000,14,0.01796521,0.00000000,0.010762,public_simbench_planning_v7_direct_moea_de_controls
p3,pareto_quality,Standard DE,baseline,5,0.03047758,0.03047758,1,0.98990355,0.12383374,0.17403809,0.00003015,1.00000000,1.00000000,14,0.01796985,0.00000000,0.011529,public_simbench_planning_v7_direct_moea_de_controls
p3,pareto_quality,Standard DE,baseline,6,0.02985804,0.02985804,1,0.94437829,0.12393949,0.17451558,0.00002320,1.00000000,1.00000000,13,0.01797680,0.00000000,0.011381,public_simbench_planning_v7_direct_moea_de_controls
p3,pareto_quality,Standard DE,baseline,7,0.03066258,0.03066258,1,0.99443458,0.12381547,0.17387615,0.00002552,1.00000000,1.00000000,14,0.01797448,0.00000000,0.011023,public_simbench_planning_v7_direct_moea_de_controls
p3,pareto_quality,Standard DE,baseline,8,0.02815274,0.02815274,1,0.96867605,0.12393758,0.17508448,0.00004059,0.97037209,1.00000000,14,0.01795941,0.00000000,0.011650,public_simbench_planning_v7_direct_moea_de_controls
p3,pareto_quality,Standard DE,baseline,9,0.02807849,0.02807849,1,0.91551637,0.12409236,0.17612254,0.00003015,1.00000000,1.00000000,13,0.01796985,0.00000000,0.011291,public_simbench_planning_v7_direct_moea_de_controls
p3,pareto_quality,Standard DE,baseline,10,0.02967128,0.02967128,1,0.97773811,0.12390104,0.17476060,0.00003131,1.00000000,1.00000000,14,0.01796869,0.00000000,0.011244,public_simbench_planning_v7_direct_moea_de_controls
p3,pareto_quality,Standard DE,baseline,11,0.03047758,0.03047758,1,0.98990355,0.12383374,0.17403809,0.00003015,1.00000000,1.00000000,14,0.01796985,0.00000000,0.011254,public_simbench_planning_v7_direct_moea_de_controls
p3,pareto_quality,Standard DE,baseline,12,0.02946977,0.02946977,1,0.98084150,0.12387028,0.17436198,0.00003943,0.98400798,1.00000000,14,0.01796057,0.00000000,0.010944,public_simbench_planning_v7_direct_moea_de_controls
p3,pareto_quality,Standard DE,baseline,13,0.03047758,0.03047758,1,0.98990355,0.12383374,0.17403809,0.00003015,1.00000000,1.00000000,14,0.01796985,0.00000000,0.010960,public_simbench_planning_v7_direct_moea_de_controls
p3,pareto_quality,Standard DE,baseline,14,0.03066258,0.03066258,1,0.99443458,0.12381547,0.17387615,0.00002552,1.00000000,1.00000000,14,0.01797448,0.00000000,0.011901,public_simbench_planning_v7_direct_moea_de_controls
p3,pareto_quality,Standard DE,baseline,15,0.03078498,0.03078498,1,0.99753797,0.12378471,0.17347752,0.00003363,1.00000000,1.00000000,14,0.01796637,0.00000000,0.011097,public_simbench_planning_v7_direct_moea_de_controls
p3,pareto_quality,Standard DE,baseline,16,0.03076449,0.03076449,1,0.99896561,0.12379719,0.17371420,0.00002088,1.00000000,1.00000000,14,0.01797912,0.00000000,0.010524,public_simbench_planning_v7_direct_moea_de_controls
p3,pareto_quality,Standard DE,baseline,17,0.03078498,0.03078498,1,0.99753797,0.12378471,0.17347752,0.00003363,1.00000000,1.00000000,14,0.01796637,0.00000000,0.011906,public_simbench_planning_v7_direct_moea_de_controls
p3,pareto_quality,Standard DE,baseline,18,0.03078498,0.03078498,1,0.99753797,0.12378471,0.17347752,0.00003363,1.00000000,1.00000000,14,0.01796637,0.00000000,0.011616,public_simbench_planning_v7_direct_moea_de_controls
p3,pareto_quality,Standard DE,baseline,19,0.03047758,0.03047758,1,0.98990355,0.12383374,0.17403809,0.00003015,1.00000000,1.00000000,14,0.01796985,0.00000000,0.010717,public_simbench_planning_v7_direct_moea_de_controls
p3,pareto_quality,Standard DE,baseline,20,0.02985804,0.02985804,1,0.94437829,0.12393949,0.17451558,0.00002320,1.00000000,1.00000000,13,0.01797680,0.00000000,0.011283,public_simbench_planning_v7_direct_moea_de_controls
p3,pareto_quality,Standard DE,baseline,21,0.02886945,0.02886945,1,0.96557266,0.12396834,0.17548310,0.00003247,1.00000000,1.00000000,14,0.01796753,0.00000000,0.011373,public_simbench_planning_v7_direct_moea_de_controls
p3,pareto_quality,Standard DE,baseline,22,0.03078498,0.03078498,1,0.99753797,0.12378471,0.17347752,0.00003363,1.00000000,1.00000000,14,0.01796637,0.00000000,0.012119,public_simbench_planning_v7_direct_moea_de_controls
p3,pareto_quality,Standard DE,baseline,23,0.02948762,0.02948762,1,0.97320708,0.12391931,0.17492254,0.00003595,1.00000000,1.00000000,14,0.01796405,0.00000000,0.012214,public_simbench_planning_v7_direct_moea_de_controls
p3,pareto_quality,Standard DE,baseline,24,0.03066362,0.03066362,1,0.99300695,0.12380298,0.17363947,0.00003827,0.99764387,1.00000000,14,0.01796173,0.00000000,0.012629,public_simbench_planning_v7_direct_moea_de_controls
p3,pareto_quality,Standard DE,baseline,25,0.03047758,0.03047758,1,0.98990355,0.12383374,0.17403809,0.00003015,1.00000000,1.00000000,14,0.01796985,0.00000000,0.011824,public_simbench_planning_v7_direct_moea_de_controls
p3,pareto_quality,Standard DE,baseline,26,0.03078498,0.03078498,1,0.99753797,0.12378471,0.17347752,0.00003363,1.00000000,1.00000000,14,0.01796637,0.00000000,0.012195,public_simbench_planning_v7_direct_moea_de_controls
p3,pareto_quality,Standard DE,baseline,27,0.03078498,0.03078498,1,0.99753797,0.12378471,0.17347752,0.00003363,1.00000000,1.00000000,14,0.01796637,0.00000000,0.010850,public_simbench_planning_v7_direct_moea_de_controls
p3,pareto_quality,Standard DE,baseline,28,0.03076449,0.03076449,1,0.99896561,0.12379719,0.17371420,0.00002088,1.00000000,1.00000000,14,0.01797912,0.00000000,0.011650,public_simbench_planning_v7_direct_moea_de_controls
p3,pareto_quality,Standard DE,baseline,29,0.03029284,0.03029284,1,0.98537253,0.12385201,0.17420003,0.00003479,1.00000000,1.00000000,14,0.01796521,0.00000000,0.011350,public_simbench_planning_v7_direct_moea_de_controls
p3,pareto_quality,PSO,baseline,0,0.01712748,0.01712748,1,0.93553370,0.11867110,0.18291479,0.00003711,0.72472499,0.87457007,11,0.01796289,0.00000000,0.032440,public_simbench_planning_v7_direct_moea_de_controls
p3,pareto_quality,PSO,baseline,1,0.01339929,0.01339929,1,0.88960088,0.11777325,0.18675981,0.00187911,0.67992408,0.80775867,9,0.01612089,0.00000000,0.005085,public_simbench_planning_v7_direct_moea_de_controls
p3,pareto_quality,PSO,baseline,2,0.01689292,0.01689292,1,0.89000844,0.11877686,0.18339228,0.00003015,0.73056894,0.88093349,10,0.01796985,0.00000000,0.004581,public_simbench_planning_v7_direct_moea_de_controls
p3,pareto_quality,PSO,baseline,3,0.01689292,0.01689292,1,0.89000844,0.11877686,0.18339228,0.00003015,0.73056894,0.88093349,10,0.01796985,0.00000000,0.004504,public_simbench_planning_v7_direct_moea_de_controls
p3,pareto_quality,PSO,baseline,4,0.01142108,0.01142108,1,0.84920222,0.11889387,0.18669723,0.00150537,0.63118331,0.76833389,8,0.01649463,0.00000000,0.005937,public_simbench_planning_v7_direct_moea_de_controls
p3,pareto_quality,PSO,baseline,5,0.02436712,0.02436712,1,0.96892665,0.11849996,0.18114589,0.00002552,0.87242683,1.00000000,11,0.01797448,0.00000000,0.004765,public_simbench_planning_v7_direct_moea_de_controls
p3,pareto_quality,PSO,baseline,6,0.01502952,0.01502952,1,0.95248078,0.11314791,0.18809175,0.00001624,0.70063065,0.83969378,8,0.01798376,0.00000000,0.004691,public_simbench_planning_v7_direct_moea_de_controls
p3,pareto_quality,PSO,baseline,7,0.01993072,0.01993072,1,0.95920644,0.12297052,0.17877589,0.00189882,0.79929717,0.94639188,13,0.01610118,0.00000000,0.004833,public_simbench_planning_v7_direct_moea_de_controls
p3,pareto_quality,PSO,baseline,8,0.02228571,0.02228571,1,0.99297381,0.12393567,0.17565339,0.00005799,0.83046219,0.99411304,15,0.01794201,0.00000000,0.004428,public_simbench_planning_v7_direct_moea_de_controls
p3,pareto_quality,PSO,baseline,9,0.01290648,0.01290648,1,0.94794975,0.11316619,0.18825369,0.00002088,0.64041562,0.78684419,8,0.01797912,0.00000000,0.004357,public_simbench_planning_v7_direct_moea_de_controls
p3,pareto_quality,PSO,baseline,10,0.01433741,0.01433741,1,0.77462701,0.11912297,0.18579228,0.00001856,0.71498507,0.85547983,8,0.01798144,0.00000000,0.004386,public_simbench_planning_v7_direct_moea_de_controls
p3,pareto_quality,PSO,baseline,11,0.01961146,0.01961146,1,0.94927557,0.12187803,0.18045339,0.00371982,0.79429528,0.93504042,11,0.01428018,0.00000000,0.005794,public_simbench_planning_v7_direct_moea_de_controls
p3,pareto_quality,PSO,baseline,12,0.01588441,0.01588441,1,0.94316812,0.11862208,0.18235423,0.00004059,0.67814585,0.84081073,11,0.01795941,0.00000000,0.004488,public_simbench_planning_v7_direct_moea_de_controls
p3,pareto_quality,PSO,baseline,13,0.01060329,0.01060329,1,0.76615839,0.11516132,0.19123499,0.00000580,0.66680950,0.78788690,6,0.01799420,0.00000000,0.004440,public_simbench_planning_v7_direct_moea_de_controls
p3,pareto_quality,PSO,baseline,14,0.01148392,0.01148392,1,0.75793054,0.11920854,0.18667674,0.00002436,0.64113415,0.78353999,8,0.01797564,0.00000000,0.005423,public_simbench_planning_v7_direct_moea_de_controls
p3,pareto_quality,PSO,baseline,15,0.01062111,0.01062111,1,0.74576509,0.11927583,0.18739924,0.00002552,0.62749826,0.76444975,8,0.01797448,0.00000000,0.004419,public_simbench_planning_v7_direct_moea_de_controls
p3,pareto_quality,PSO,baseline,16,0.01972536,0.01972536,1,0.98134270,0.11299505,0.18648479,0.00000928,0.78811746,0.93072386,8,0.01799072,0.00000000,0.004432,public_simbench_planning_v7_direct_moea_de_controls
p3,pareto_quality,PSO,baseline,17,0.01574369,0.01574369,1,0.72080917,0.12371176,0.18413646,0.00187215,0.81470856,0.92924390,9,0.01612785,0.00000000,0.004904,public_simbench_planning_v7_direct_moea_de_controls
p3,pareto_quality,PSO,baseline,18,0.01774800,0.01774800,1,0.93438115,0.12311238,0.18022091,0.00188362,0.77091674,0.90640060,13,0.01611638,0.00000000,0.004865,public_simbench_planning_v7_direct_moea_de_controls
p3,pareto_quality,PSO,baseline,19,0.01189527,0.01189527,1,0.93578430,0.11323348,0.18897620,0.00002204,0.62677973,0.76775394,8,0.01797796,0.00000000,0.004367,public_simbench_planning_v7_direct_moea_de_controls
p3,pareto_quality,PSO,baseline,20,0.01332387,0.01332387,1,0.73334904,0.12478075,0.18206034,0.00004175,0.71180763,0.85217563,11,0.01795825,0.00000000,0.004498,public_simbench_planning_v7_direct_moea_de_controls
p3,pareto_quality,PSO,baseline,21,0.01210327,0.01210327,1,0.98130956,0.11312773,0.18849871,0.00002899,0.62093577,0.76139053,9,0.01797101,0.00000000,0.004567,public_simbench_planning_v7_direct_moea_de_controls
p3,pareto_quality,PSO,baseline,22,0.02365514,0.02365514,1,0.94321236,0.11919996,0.18114576,0.00002552,0.87049420,1.00000000,11,0.01797448,0.00000000,0.004430,public_simbench_planning_v7_direct_moea_de_controls
p3,pareto_quality,PSO,baseline,23,0.00826861,0.00826861,1,0.68146218,0.12353812,0.18726707,0.00151233,0.59559555,0.71502193,8,0.01648767,0.00000000,0.005013,public_simbench_planning_v7_direct_moea_de_controls
p3,pareto_quality,PSO,baseline,24,0.00937319,0.00937319,1,0.76968843,0.11813763,0.18932175,0.00187215,0.60412517,0.72945542,7,0.01612785,0.00000000,0.005458,public_simbench_planning_v7_direct_moea_de_controls
p3,pareto_quality,PSO,baseline,25,0.01137222,0.01137222,1,0.69958167,0.12381560,0.18518285,0.00188259,0.68064261,0.80445447,9,0.01611741,0.00000000,0.004868,public_simbench_planning_v7_direct_moea_de_controls
p3,pareto_quality,PSO,baseline,26,0.01530748,0.01530748,1,0.99800604,0.11304216,0.18761426,0.00002320,0.69478669,0.83333036,9,0.01797680,0.00000000,0.004600,public_simbench_planning_v7_direct_moea_de_controls
p3,pareto_quality,PSO,baseline,27,0.01770392,0.01770392,1,0.80645986,0.12238949,0.18469702,0.00370242,0.85823380,0.95801520,9,0.01429758,0.00000000,0.004479,public_simbench_planning_v7_direct_moea_de_controls
p3,pareto_quality,PSO,baseline,28,0.01847468,0.01847468,1,0.99322441,0.11849805,0.18171479,0.00004291,0.73251693,0.88729690,12,0.01795709,0.00000000,0.004867,public_simbench_planning_v7_direct_moea_de_controls
p3,pareto_quality,PSO,baseline,29,0.01921027,0.01921027,1,0.89345467,0.12018553,0.18205107,0.00003131,0.79397453,0.93924694,11,0.01796869,0.00000000,0.004397,public_simbench_planning_v7_direct_moea_de_controls
p3,pareto_quality,GA,baseline,0,0.03078498,0.03078498,1,0.99753797,0.12378471,0.17347752,0.00003363,1.00000000,1.00000000,14,0.01796637,0.00000000,0.032707,public_simbench_planning_v7_direct_moea_de_controls
p3,pareto_quality,GA,baseline,1,0.03078498,0.03078498,1,0.99753797,0.12378471,0.17347752,0.00003363,1.00000000,1.00000000,14,0.01796637,0.00000000,0.004572,public_simbench_planning_v7_direct_moea_de_controls
p3,pareto_quality,GA,baseline,2,0.03078498,0.03078498,1,0.99753797,0.12378471,0.17347752,0.00003363,1.00000000,1.00000000,14,0.01796637,0.00000000,0.004128,public_simbench_planning_v7_direct_moea_de_controls
p3,pareto_quality,GA,baseline,3,0.03078498,0.03078498,1,0.99753797,0.12378471,0.17347752,0.00003363,1.00000000,1.00000000,14,0.01796637,0.00000000,0.004870,public_simbench_planning_v7_direct_moea_de_controls
p3,pareto_quality,GA,baseline,4,0.03078498,0.03078498,1,0.99753797,0.12378471,0.17347752,0.00003363,1.00000000,1.00000000,14,0.01796637,0.00000000,0.004382,public_simbench_planning_v7_direct_moea_de_controls
p3,pareto_quality,GA,baseline,5,0.03076449,0.03076449,1,0.99896561,0.12379719,0.17371420,0.00002088,1.00000000,1.00000000,14,0.01797912,0.00000000,0.004201,public_simbench_planning_v7_direct_moea_de_controls
p3,pareto_quality,GA,baseline,6,0.03078498,0.03078498,1,0.99753797,0.12378471,0.17347752,0.00003363,1.00000000,1.00000000,14,0.01796637,0.00000000,0.004289,public_simbench_planning_v7_direct_moea_de_controls
p3,pareto_quality,GA,baseline,7,0.03078498,0.03078498,1,0.99753797,0.12378471,0.17347752,0.00003363,1.00000000,1.00000000,14,0.01796637,0.00000000,0.004741,public_simbench_planning_v7_direct_moea_de_controls
p3,pareto_quality,GA,baseline,8,0.03078498,0.03078498,1,0.99753797,0.12378471,0.17347752,0.00003363,1.00000000,1.00000000,14,0.01796637,0.00000000,0.004491,public_simbench_planning_v7_direct_moea_de_controls
p3,pareto_quality,GA,baseline,9,0.03078498,0.03078498,1,0.99753797,0.12378471,0.17347752,0.00003363,1.00000000,1.00000000,14,0.01796637,0.00000000,0.004257,public_simbench_planning_v7_direct_moea_de_controls
p3,pareto_quality,GA,baseline,10,0.03078498,0.03078498,1,0.99753797,0.12378471,0.17347752,0.00003363,1.00000000,1.00000000,14,0.01796637,0.00000000,0.004817,public_simbench_planning_v7_direct_moea_de_controls
p3,pareto_quality,GA,baseline,11,0.03078498,0.03078498,1,0.99753797,0.12378471,0.17347752,0.00003363,1.00000000,1.00000000,14,0.01796637,0.00000000,0.005121,public_simbench_planning_v7_direct_moea_de_controls
p3,pareto_quality,GA,baseline,12,0.03078498,0.03078498,1,0.99753797,0.12378471,0.17347752,0.00003363,1.00000000,1.00000000,14,0.01796637,0.00000000,0.004340,public_simbench_planning_v7_direct_moea_de_controls
p3,pareto_quality,GA,baseline,13,0.03078498,0.03078498,1,0.99753797,0.12378471,0.17347752,0.00003363,1.00000000,1.00000000,14,0.01796637,0.00000000,0.004217,public_simbench_planning_v7_direct_moea_de_controls
p3,pareto_quality,GA,baseline,14,0.03078498,0.03078498,1,0.99753797,0.12378471,0.17347752,0.00003363,1.00000000,1.00000000,14,0.01796637,0.00000000,0.004760,public_simbench_planning_v7_direct_moea_de_controls
p3,pareto_quality,GA,baseline,15,0.03078498,0.03078498,1,0.99753797,0.12378471,0.17347752,0.00003363,1.00000000,1.00000000,14,0.01796637,0.00000000,0.004223,public_simbench_planning_v7_direct_moea_de_controls
p3,pareto_quality,GA,baseline,16,0.03078498,0.03078498,1,0.99753797,0.12378471,0.17347752,0.00003363,1.00000000,1.00000000,14,0.01796637,0.00000000,0.004186,public_simbench_planning_v7_direct_moea_de_controls
p3,pareto_quality,GA,baseline,17,0.03078498,0.03078498,1,0.99753797,0.12378471,0.17347752,0.00003363,1.00000000,1.00000000,14,0.01796637,0.00000000,0.005019,public_simbench_planning_v7_direct_moea_de_controls
p3,pareto_quality,GA,baseline,18,0.03078498,0.03078498,1,0.99753797,0.12378471,0.17347752,0.00003363,1.00000000,1.00000000,14,0.01796637,0.00000000,0.004354,public_simbench_planning_v7_direct_moea_de_controls
p3,pareto_quality,GA,baseline,19,0.03076449,0.03076449,1,0.99896561,0.12379719,0.17371420,0.00002088,1.00000000,1.00000000,14,0.01797912,0.00000000,0.004187,public_simbench_planning_v7_direct_moea_de_controls
p3,pareto_quality,GA,baseline,20,0.03078498,0.03078498,1,0.99753797,0.12378471,0.17347752,0.00003363,1.00000000,1.00000000,14,0.01796637,0.00000000,0.004175,public_simbench_planning_v7_direct_moea_de_controls
p3,pareto_quality,GA,baseline,21,0.03078498,0.03078498,1,0.99753797,0.12378471,0.17347752,0.00003363,1.00000000,1.00000000,14,0.01796637,0.00000000,0.004737,public_simbench_planning_v7_direct_moea_de_controls
p3,pareto_quality,GA,baseline,22,0.03078498,0.03078498,1,0.99753797,0.12378471,0.17347752,0.00003363,1.00000000,1.00000000,14,0.01796637,0.00000000,0.004205,public_simbench_planning_v7_direct_moea_de_controls
p3,pareto_quality,GA,baseline,23,0.03078498,0.03078498,1,0.99753797,0.12378471,0.17347752,0.00003363,1.00000000,1.00000000,14,0.01796637,0.00000000,0.004349,public_simbench_planning_v7_direct_moea_de_controls
p3,pareto_quality,GA,baseline,24,0.03076449,0.03076449,1,0.99896561,0.12379719,0.17371420,0.00002088,1.00000000,1.00000000,14,0.01797912,0.00000000,0.004418,public_simbench_planning_v7_direct_moea_de_controls
p3,pareto_quality,GA,baseline,25,0.03076449,0.03076449,1,0.99896561,0.12379719,0.17371420,0.00002088,1.00000000,1.00000000,14,0.01797912,0.00000000,0.004793,public_simbench_planning_v7_direct_moea_de_controls
p3,pareto_quality,GA,baseline,26,0.03078498,0.03078498,1,0.99753797,0.12378471,0.17347752,0.00003363,1.00000000,1.00000000,14,0.01796637,0.00000000,0.004163,public_simbench_planning_v7_direct_moea_de_controls
p3,pareto_quality,GA,baseline,27,0.03078498,0.03078498,1,0.99753797,0.12378471,0.17347752,0.00003363,1.00000000,1.00000000,14,0.01796637,0.00000000,0.004251,public_simbench_planning_v7_direct_moea_de_controls
p3,pareto_quality,GA,baseline,28,0.03078498,0.03078498,1,0.99753797,0.12378471,0.17347752,0.00003363,1.00000000,1.00000000,14,0.01796637,0.00000000,0.005630,public_simbench_planning_v7_direct_moea_de_controls
p3,pareto_quality,GA,baseline,29,0.03078498,0.03078498,1,0.99753797,0.12378471,0.17347752,0.00003363,1.00000000,1.00000000,14,0.01796637,0.00000000,0.004436,public_simbench_planning_v7_direct_moea_de_controls
p3,pareto_quality,Weighted Sum,baseline,0,0.00434006,0.00434006,1,0.96759266,0.10660863,0.19639955,0.00185707,0.45888224,0.59218414,4,0.01614293,0.00000000,0.000394,public_simbench_planning_v7_direct_moea_de_controls
p3,pareto_quality,Weighted Sum,baseline,1,0.00434006,0.00434006,1,0.96759266,0.10660863,0.19639955,0.00185707,0.45888224,0.59218414,4,0.01614293,0.00000000,0.000316,public_simbench_planning_v7_direct_moea_de_controls
p3,pareto_quality,Weighted Sum,baseline,2,0.00434006,0.00434006,1,0.96759266,0.10660863,0.19639955,0.00185707,0.45888224,0.59218414,4,0.01614293,0.00000000,0.000297,public_simbench_planning_v7_direct_moea_de_controls
p3,pareto_quality,Weighted Sum,baseline,3,0.00434006,0.00434006,1,0.96759266,0.10660863,0.19639955,0.00185707,0.45888224,0.59218414,4,0.01614293,0.00000000,0.000307,public_simbench_planning_v7_direct_moea_de_controls
p3,pareto_quality,Weighted Sum,baseline,4,0.00434006,0.00434006,1,0.96759266,0.10660863,0.19639955,0.00185707,0.45888224,0.59218414,4,0.01614293,0.00000000,0.000295,public_simbench_planning_v7_direct_moea_de_controls
p3,pareto_quality,Weighted Sum,baseline,5,0.00434006,0.00434006,1,0.96759266,0.10660863,0.19639955,0.00185707,0.45888224,0.59218414,4,0.01614293,0.00000000,0.000286,public_simbench_planning_v7_direct_moea_de_controls
p3,pareto_quality,Weighted Sum,baseline,6,0.00434006,0.00434006,1,0.96759266,0.10660863,0.19639955,0.00185707,0.45888224,0.59218414,4,0.01614293,0.00000000,0.000286,public_simbench_planning_v7_direct_moea_de_controls
p3,pareto_quality,Weighted Sum,baseline,7,0.00434006,0.00434006,1,0.96759266,0.10660863,0.19639955,0.00185707,0.45888224,0.59218414,4,0.01614293,0.00000000,0.000288,public_simbench_planning_v7_direct_moea_de_controls
p3,pareto_quality,Weighted Sum,baseline,8,0.00434006,0.00434006,1,0.96759266,0.10660863,0.19639955,0.00185707,0.45888224,0.59218414,4,0.01614293,0.00000000,0.000281,public_simbench_planning_v7_direct_moea_de_controls
p3,pareto_quality,Weighted Sum,baseline,9,0.00434006,0.00434006,1,0.96759266,0.10660863,0.19639955,0.00185707,0.45888224,0.59218414,4,0.01614293,0.00000000,0.000278,public_simbench_planning_v7_direct_moea_de_controls
p3,pareto_quality,Weighted Sum,baseline,10,0.00434006,0.00434006,1,0.96759266,0.10660863,0.19639955,0.00185707,0.45888224,0.59218414,4,0.01614293,0.00000000,0.000279,public_simbench_planning_v7_direct_moea_de_controls
p3,pareto_quality,Weighted Sum,baseline,11,0.00434006,0.00434006,1,0.96759266,0.10660863,0.19639955,0.00185707,0.45888224,0.59218414,4,0.01614293,0.00000000,0.000285,public_simbench_planning_v7_direct_moea_de_controls
p3,pareto_quality,Weighted Sum,baseline,12,0.00434006,0.00434006,1,0.96759266,0.10660863,0.19639955,0.00185707,0.45888224,0.59218414,4,0.01614293,0.00000000,0.000280,public_simbench_planning_v7_direct_moea_de_controls
p3,pareto_quality,Weighted Sum,baseline,13,0.00434006,0.00434006,1,0.96759266,0.10660863,0.19639955,0.00185707,0.45888224,0.59218414,4,0.01614293,0.00000000,0.000278,public_simbench_planning_v7_direct_moea_de_controls
p3,pareto_quality,Weighted Sum,baseline,14,0.00434006,0.00434006,1,0.96759266,0.10660863,0.19639955,0.00185707,0.45888224,0.59218414,4,0.01614293,0.00000000,0.000294,public_simbench_planning_v7_direct_moea_de_controls
p3,pareto_quality,Weighted Sum,baseline,15,0.00434006,0.00434006,1,0.96759266,0.10660863,0.19639955,0.00185707,0.45888224,0.59218414,4,0.01614293,0.00000000,0.000295,public_simbench_planning_v7_direct_moea_de_controls
p3,pareto_quality,Weighted Sum,baseline,16,0.00434006,0.00434006,1,0.96759266,0.10660863,0.19639955,0.00185707,0.45888224,0.59218414,4,0.01614293,0.00000000,0.000283,public_simbench_planning_v7_direct_moea_de_controls
p3,pareto_quality,Weighted Sum,baseline,17,0.00434006,0.00434006,1,0.96759266,0.10660863,0.19639955,0.00185707,0.45888224,0.59218414,4,0.01614293,0.00000000,0.000276,public_simbench_planning_v7_direct_moea_de_controls
p3,pareto_quality,Weighted Sum,baseline,18,0.00434006,0.00434006,1,0.96759266,0.10660863,0.19639955,0.00185707,0.45888224,0.59218414,4,0.01614293,0.00000000,0.000289,public_simbench_planning_v7_direct_moea_de_controls
p3,pareto_quality,Weighted Sum,baseline,19,0.00434006,0.00434006,1,0.96759266,0.10660863,0.19639955,0.00185707,0.45888224,0.59218414,4,0.01614293,0.00000000,0.000281,public_simbench_planning_v7_direct_moea_de_controls
p3,pareto_quality,Weighted Sum,baseline,20,0.00434006,0.00434006,1,0.96759266,0.10660863,0.19639955,0.00185707,0.45888224,0.59218414,4,0.01614293,0.00000000,0.000277,public_simbench_planning_v7_direct_moea_de_controls
p3,pareto_quality,Weighted Sum,baseline,21,0.00434006,0.00434006,1,0.96759266,0.10660863,0.19639955,0.00185707,0.45888224,0.59218414,4,0.01614293,0.00000000,0.000276,public_simbench_planning_v7_direct_moea_de_controls
p3,pareto_quality,Weighted Sum,baseline,22,0.00434006,0.00434006,1,0.96759266,0.10660863,0.19639955,0.00185707,0.45888224,0.59218414,4,0.01614293,0.00000000,0.000286,public_simbench_planning_v7_direct_moea_de_controls
p3,pareto_quality,Weighted Sum,baseline,23,0.00434006,0.00434006,1,0.96759266,0.10660863,0.19639955,0.00185707,0.45888224,0.59218414,4,0.01614293,0.00000000,0.000280,public_simbench_planning_v7_direct_moea_de_controls
p3,pareto_quality,Weighted Sum,baseline,24,0.00434006,0.00434006,1,0.96759266,0.10660863,0.19639955,0.00185707,0.45888224,0.59218414,4,0.01614293,0.00000000,0.000285,public_simbench_planning_v7_direct_moea_de_controls
p3,pareto_quality,Weighted Sum,baseline,25,0.00434006,0.00434006,1,0.96759266,0.10660863,0.19639955,0.00185707,0.45888224,0.59218414,4,0.01614293,0.00000000,0.000277,public_simbench_planning_v7_direct_moea_de_controls
p3,pareto_quality,Weighted Sum,baseline,26,0.00434006,0.00434006,1,0.96759266,0.10660863,0.19639955,0.00185707,0.45888224,0.59218414,4,0.01614293,0.00000000,0.000273,public_simbench_planning_v7_direct_moea_de_controls
p3,pareto_quality,Weighted Sum,baseline,27,0.00434006,0.00434006,1,0.96759266,0.10660863,0.19639955,0.00185707,0.45888224,0.59218414,4,0.01614293,0.00000000,0.000284,public_simbench_planning_v7_direct_moea_de_controls
p3,pareto_quality,Weighted Sum,baseline,28,0.00434006,0.00434006,1,0.96759266,0.10660863,0.19639955,0.00185707,0.45888224,0.59218414,4,0.01614293,0.00000000,0.000285,public_simbench_planning_v7_direct_moea_de_controls
p3,pareto_quality,Weighted Sum,baseline,29,0.00434006,0.00434006,1,0.96759266,0.10660863,0.19639955,0.00185707,0.45888224,0.59218414,4,0.01614293,0.00000000,0.000288,public_simbench_planning_v7_direct_moea_de_controls
p3,pareto_quality,Ablation-NoRepair,ablation,0,0.03487796,0.03487796,40,0.77580405,0.12457307,0.17996756,0.00002088,0.97993953,1.00000000,11,0.01797912,0.00000000,0.081318,public_simbench_planning_v7_direct_moea_de_controls
p3,pareto_quality,Ablation-NoRepair,ablation,1,0.03553087,0.03553087,39,0.93901306,0.11994709,0.17955966,0.00001856,0.95531226,1.00000000,11,0.01798144,0.00000000,0.079620,public_simbench_planning_v7_direct_moea_de_controls
p3,pareto_quality,Ablation-NoRepair,ablation,2,0.04130503,0.04130503,40,0.98537253,0.12385201,0.17420003,0.00003479,1.00000000,1.00000000,14,0.01796521,0.00000000,0.079701,public_simbench_planning_v7_direct_moea_de_controls
p3,pareto_quality,Ablation-NoRepair,ablation,3,0.04050337,0.04050337,39,0.98084150,0.12387028,0.17436198,0.00003943,0.98400798,1.00000000,14,0.01796057,0.00000000,0.078406,public_simbench_planning_v7_direct_moea_de_controls
p3,pareto_quality,Ablation-NoRepair,ablation,4,0.03747145,0.03747145,40,0.99440145,0.12394815,0.17589006,0.00004523,0.99747139,1.00000000,15,0.01795477,0.00000000,0.077887,public_simbench_planning_v7_direct_moea_de_controls
p3,pareto_quality,Ablation-NoRepair,ablation,5,0.03842353,0.03842353,39,0.96867605,0.12393758,0.17508448,0.00004059,0.97037209,1.00000000,14,0.01795941,0.00000000,0.080618,public_simbench_planning_v7_direct_moea_de_controls
p3,pareto_quality,Ablation-NoRepair,ablation,6,0.03802786,0.03802786,40,0.98084150,0.12387028,0.17436198,0.00003943,0.98400798,1.00000000,14,0.01796057,0.00000000,0.081410,public_simbench_planning_v7_direct_moea_de_controls
p3,pareto_quality,Ablation-NoRepair,ablation,7,0.03801705,0.03801705,39,0.98084150,0.12387028,0.17436198,0.00003943,0.98400798,1.00000000,14,0.01796057,0.00000000,0.081274,public_simbench_planning_v7_direct_moea_de_controls
p3,pareto_quality,Ablation-NoRepair,ablation,8,0.03901730,0.03901730,40,0.96104163,0.12398661,0.17564505,0.00003711,1.00000000,1.00000000,14,0.01796289,0.00000000,0.080925,public_simbench_planning_v7_direct_moea_de_controls
p3,pareto_quality,Ablation-NoRepair,ablation,9,0.03859266,0.03859266,38,0.93221284,0.12400679,0.17523809,0.00002436,1.00000000,1.00000000,13,0.01797564,0.00000000,0.079393,public_simbench_planning_v7_direct_moea_de_controls
p3,pareto_quality,Ablation-NoRepair,ablation,10,0.03836777,0.03836777,39,0.95651060,0.12400488,0.17580699,0.00004175,0.95673620,1.00000000,14,0.01795825,0.00000000,0.081579,public_simbench_planning_v7_direct_moea_de_controls
p3,pareto_quality,Ablation-NoRepair,ablation,11,0.03847605,0.03847605,40,0.93984726,0.12395776,0.17467752,0.00002784,1.00000000,1.00000000,13,0.01797216,0.00000000,0.081311,public_simbench_planning_v7_direct_moea_de_controls
p3,pareto_quality,Ablation-NoRepair,ablation,12,0.03792991,0.03792991,39,0.92768181,0.12402506,0.17540003,0.00002899,1.00000000,1.00000000,13,0.01797101,0.00000000,0.081904,public_simbench_planning_v7_direct_moea_de_controls
p3,pareto_quality,Ablation-NoRepair,ablation,13,0.03367235,0.03367235,40,0.93217971,0.12413948,0.17725201,0.00004407,0.92946442,1.00000000,14,0.01795593,0.00000000,0.080607,public_simbench_planning_v7_direct_moea_de_controls
p3,pareto_quality,Ablation-NoRepair,ablation,14,0.03994236,0.03994236,40,0.94887618,0.12405391,0.17636756,0.00003827,1.00000000,1.00000000,14,0.01796173,0.00000000,0.081216,public_simbench_planning_v7_direct_moea_de_controls
p3,pareto_quality,Ablation-NoRepair,ablation,15,0.03749270,0.03749270,39,0.95160515,0.12288686,0.17732254,0.00187563,1.00000000,1.00000000,12,0.01612437,0.00000000,0.079539,public_simbench_planning_v7_direct_moea_de_controls
p3,pareto_quality,Ablation-NoRepair,ablation,16,0.04049822,0.04049822,40,0.98226913,0.12388276,0.17459865,0.00002668,1.00000000,1.00000000,14,0.01797332,0.00000000,0.079002,public_simbench_planning_v7_direct_moea_de_controls
p3,pareto_quality,Ablation-NoRepair,ablation,17,0.03774734,0.03774734,39,0.96104163,0.12398661,0.17564505,0.00003711,1.00000000,1.00000000,14,0.01796289,0.00000000,0.080088,public_simbench_planning_v7_direct_moea_de_controls
p3,pareto_quality,Ablation-NoRepair,ablation,18,0.03704616,0.03704616,40,0.96414502,0.12395585,0.17524643,0.00004523,0.91015706,1.00000000,14,0.01795477,0.00000000,0.079468,public_simbench_planning_v7_direct_moea_de_controls
p3,pareto_quality,Ablation-NoRepair,ablation,19,0.03630922,0.03630922,39,0.96867605,0.12393758,0.17508448,0.00004059,0.97037209,1.00000000,14,0.01795941,0.00000000,0.081983,public_simbench_planning_v7_direct_moea_de_controls
p3,pareto_quality,Ablation-NoRepair,ablation,20,0.03461553,0.03461553,40,0.92029799,0.11863647,0.18202200,0.00001044,0.98506495,1.00000000,10,0.01798956,0.00000000,0.079433,public_simbench_planning_v7_direct_moea_de_controls
p3,pareto_quality,Ablation-NoRepair,ablation,21,0.03823128,0.03823128,38,0.99570740,0.12241805,0.17804481,0.00150653,0.99601790,1.00000000,12,0.01649347,0.00000000,0.081442,public_simbench_planning_v7_direct_moea_de_controls
p3,pareto_quality,Ablation-NoRepair,ablation,22,0.03553154,0.03553154,37,0.94657973,0.12291240,0.17748448,0.00186275,0.95173432,1.00000000,12,0.01613725,0.00000000,0.080372,public_simbench_planning_v7_direct_moea_de_controls
p3,pareto_quality,Ablation-NoRepair,ablation,23,0.03786476,0.03786476,40,0.97320708,0.12391931,0.17492254,0.00003595,1.00000000,1.00000000,14,0.01796405,0.00000000,0.081032,public_simbench_planning_v7_direct_moea_de_controls
p3,pareto_quality,Ablation-NoRepair,ablation,24,0.03748200,0.03748200,40,0.91551637,0.12409236,0.17612254,0.00003015,1.00000000,1.00000000,13,0.01796985,0.00000000,0.080789,public_simbench_planning_v7_direct_moea_de_controls
p3,pareto_quality,Ablation-NoRepair,ablation,25,0.03466239,0.03466239,38,0.98354196,0.12248535,0.17876732,0.00150769,0.98238201,1.00000000,12,0.01649231,0.00000000,0.081238,public_simbench_planning_v7_direct_moea_de_controls
p3,pareto_quality,Ablation-NoRepair,ablation,26,0.03811429,0.03811429,39,0.87452213,0.12417984,0.17643809,0.00001856,1.00000000,1.00000000,12,0.01798144,0.00000000,0.082038,public_simbench_planning_v7_direct_moea_de_controls
p3,pareto_quality,Ablation-NoRepair,ablation,27,0.03656984,0.03656984,40,0.91551637,0.12409236,0.17612254,0.00003015,1.00000000,1.00000000,13,0.01796985,0.00000000,0.085598,public_simbench_planning_v7_direct_moea_de_controls
p3,pareto_quality,Ablation-NoRepair,ablation,28,0.03983518,0.03983518,40,0.98226913,0.12388276,0.17459865,0.00002668,1.00000000,1.00000000,14,0.01797332,0.00000000,0.081634,public_simbench_planning_v7_direct_moea_de_controls
p3,pareto_quality,Ablation-NoRepair,ablation,29,0.03787724,0.03787724,38,0.98537253,0.12385201,0.17420003,0.00003479,1.00000000,1.00000000,14,0.01796521,0.00000000,0.082322,public_simbench_planning_v7_direct_moea_de_controls
p3,pareto_quality,Ablation-FixedDE,ablation,0,0.04173882,0.04173882,39,0.99753797,0.12378471,0.17347752,0.00003363,1.00000000,1.00000000,14,0.01796637,0.00000000,0.124957,public_simbench_planning_v7_direct_moea_de_controls
p3,pareto_quality,Ablation-FixedDE,ablation,1,0.04135224,0.04135224,39,0.96867605,0.12393758,0.17508448,0.00004059,0.97037209,1.00000000,14,0.01795941,0.00000000,0.123690,public_simbench_planning_v7_direct_moea_de_controls
p3,pareto_quality,Ablation-FixedDE,ablation,2,0.04102736,0.04102736,39,0.99300695,0.12380298,0.17363947,0.00003827,0.99764387,1.00000000,14,0.01796173,0.00000000,0.132098,public_simbench_planning_v7_direct_moea_de_controls
p3,pareto_quality,Ablation-FixedDE,ablation,3,0.03931914,0.03931914,38,0.93531623,0.12397604,0.17483947,0.00003247,0.98985193,1.00000000,13,0.01796753,0.00000000,0.125293,public_simbench_planning_v7_direct_moea_de_controls
p3,pareto_quality,Ablation-FixedDE,ablation,4,0.04131261,0.04131261,38,0.98990355,0.12383374,0.17403809,0.00003015,1.00000000,1.00000000,14,0.01796985,0.00000000,0.129206,public_simbench_planning_v7_direct_moea_de_controls
p3,pareto_quality,Ablation-FixedDE,ablation,5,0.04272172,0.04272172,39,0.98847592,0.12382126,0.17380141,0.00004291,0.93742884,1.00000000,14,0.01795709,0.00000000,0.127006,public_simbench_planning_v7_direct_moea_de_controls
p3,pareto_quality,Ablation-FixedDE,ablation,6,0.04080191,0.04080191,39,0.94437829,0.12393949,0.17451558,0.00002320,1.00000000,1.00000000,13,0.01797680,0.00000000,0.125370,public_simbench_planning_v7_direct_moea_de_controls
p3,pareto_quality,Ablation-FixedDE,ablation,7,0.04114940,0.04114940,38,0.99753797,0.12378471,0.17347752,0.00003363,1.00000000,1.00000000,14,0.01796637,0.00000000,0.126572,public_simbench_planning_v7_direct_moea_de_controls
p3,pareto_quality,Ablation-FixedDE,ablation,8,0.04011005,0.04011005,39,0.93531623,0.12397604,0.17483947,0.00003247,0.98985193,1.00000000,13,0.01796753,0.00000000,0.121294,public_simbench_planning_v7_direct_moea_de_controls
p3,pareto_quality,Ablation-FixedDE,ablation,9,0.04131546,0.04131546,38,0.93531623,0.12397604,0.17483947,0.00003247,0.98985193,1.00000000,13,0.01796753,0.00000000,0.124725,public_simbench_planning_v7_direct_moea_de_controls
p3,pareto_quality,Ablation-FixedDE,ablation,10,0.03823719,0.03823719,37,0.94657973,0.12291240,0.17748448,0.00186275,0.95173432,1.00000000,12,0.01613725,0.00000000,0.126578,public_simbench_planning_v7_direct_moea_de_controls
p3,pareto_quality,Ablation-FixedDE,ablation,11,0.04173483,0.04173483,39,0.93078521,0.12399431,0.17500141,0.00003711,0.92963690,1.00000000,13,0.01796289,0.00000000,0.127574,public_simbench_planning_v7_direct_moea_de_controls
p3,pareto_quality,Ablation-FixedDE,ablation,12,0.04025038,0.04025038,39,0.98537253,0.12385201,0.17420003,0.00003479,1.00000000,1.00000000,14,0.01796521,0.00000000,0.122915,public_simbench_planning_v7_direct_moea_de_controls
p3,pareto_quality,Ablation-FixedDE,ablation,13,0.03997759,0.03997759,38,0.82095489,0.12333102,0.18084367,0.00185707,1.00000000,1.00000000,10,0.01614293,0.02838710,0.120799,public_simbench_planning_v7_direct_moea_de_controls
p3,pareto_quality,Ablation-FixedDE,ablation,14,0.04157934,0.04157934,39,0.99443458,0.12381547,0.17387615,0.00002552,1.00000000,1.00000000,14,0.01797448,0.00000000,0.118320,public_simbench_planning_v7_direct_moea_de_controls
p3,pareto_quality,Ablation-FixedDE,ablation,15,0.04215093,0.04215093,37,0.99753797,0.12378471,0.17347752,0.00003363,1.00000000,1.00000000,14,0.01796637,0.00000000,0.119882,public_simbench_planning_v7_direct_moea_de_controls
p3,pareto_quality,Ablation-FixedDE,ablation,16,0.04199168,0.04199168,39,0.94437829,0.12393949,0.17451558,0.00002320,1.00000000,1.00000000,13,0.01797680,0.00000000,0.121509,public_simbench_planning_v7_direct_moea_de_controls
p3,pareto_quality,Ablation-FixedDE,ablation,17,0.03963248,0.03963248,39,0.99663603,0.12278837,0.17684505,0.00186507,1.00000000,1.00000000,13,0.01613493,0.00000000,0.123287,public_simbench_planning_v7_direct_moea_de_controls
p3,pareto_quality,Ablation-FixedDE,ablation,18,0.04153835,0.04153835,39,0.95344035,0.12390295,0.17419169,0.00001392,1.00000000,1.00000000,13,0.01798608,0.00000000,0.124287,public_simbench_planning_v7_direct_moea_de_controls
p3,pareto_quality,Ablation-FixedDE,ablation,19,0.04140677,0.04140677,39,0.94437829,0.12393949,0.17451558,0.00002320,1.00000000,1.00000000,13,0.01797680,0.00000000,0.121094,public_simbench_planning_v7_direct_moea_de_controls
p3,pareto_quality,Ablation-FixedDE,ablation,20,0.03845617,0.03845617,39,0.89264624,0.12410676,0.17579032,0.00000000,1.00000000,1.00000000,12,0.01800000,0.15741935,0.129126,public_simbench_planning_v7_direct_moea_de_controls
p3,pareto_quality,Ablation-FixedDE,ablation,21,0.04115678,0.04115678,39,0.96867605,0.12393758,0.17508448,0.00004059,0.97037209,1.00000000,14,0.01795941,0.00000000,0.121338,public_simbench_planning_v7_direct_moea_de_controls
p3,pareto_quality,Ablation-FixedDE,ablation,22,0.04046154,0.04046154,39,0.96414502,0.12395585,0.17524643,0.00004523,0.91015706,1.00000000,14,0.01795477,0.00000000,0.124928,public_simbench_planning_v7_direct_moea_de_controls
p3,pareto_quality,Ablation-FixedDE,ablation,23,0.04165789,0.04165789,38,0.93984726,0.12395776,0.17467752,0.00002784,1.00000000,1.00000000,13,0.01797216,0.00000000,0.127295,public_simbench_planning_v7_direct_moea_de_controls
p3,pareto_quality,Ablation-FixedDE,ablation,24,0.04162379,0.04162379,39,0.99753797,0.12378471,0.17347752,0.00003363,1.00000000,1.00000000,14,0.01796637,0.00000000,0.128824,public_simbench_planning_v7_direct_moea_de_controls
p3,pareto_quality,Ablation-FixedDE,ablation,25,0.04053929,0.04053929,38,0.99300695,0.12380298,0.17363947,0.00003827,0.99764387,1.00000000,14,0.01796173,0.00000000,0.120333,public_simbench_planning_v7_direct_moea_de_controls
p3,pareto_quality,Ablation-FixedDE,ablation,26,0.03817448,0.03817448,39,0.96972926,0.12281377,0.17667477,0.00185707,1.00000000,1.00000000,12,0.01614293,0.04989247,0.121769,public_simbench_planning_v7_direct_moea_de_controls
p3,pareto_quality,Ablation-FixedDE,ablation,27,0.03919763,0.03919763,37,0.95651060,0.12400488,0.17580699,0.00004175,0.95673620,1.00000000,14,0.01795825,0.00000000,0.120417,public_simbench_planning_v7_direct_moea_de_controls
p3,pareto_quality,Ablation-FixedDE,ablation,28,0.04226342,0.04226342,38,0.99300695,0.12380298,0.17363947,0.00003827,0.99764387,1.00000000,14,0.01796173,0.00000000,0.120837,public_simbench_planning_v7_direct_moea_de_controls
p3,pareto_quality,Ablation-FixedDE,ablation,29,0.04143504,0.04143504,39,0.99753797,0.12378471,0.17347752,0.00003363,1.00000000,1.00000000,14,0.01796637,0.00000000,0.116313,public_simbench_planning_v7_direct_moea_de_controls
p3,pareto_quality,Ablation-NoDiversity,ablation,0,0.01774822,0.01774822,3,0.79544696,0.11801551,0.18811341,0.00185707,0.79840615,0.90709443,7,0.01614293,0.00000000,0.216610,public_simbench_planning_v7_direct_moea_de_controls
p3,pareto_quality,Ablation-NoDiversity,ablation,1,0.00047204,0.00047204,1,0.00000000,0.12721025,0.20080373,0.00000000,0.35000000,0.42000000,0,0.01800000,0.48000000,0.223598,public_simbench_planning_v7_direct_moea_de_controls
p3,pareto_quality,Ablation-NoDiversity,ablation,2,0.03031774,0.03031774,6,0.74656770,0.12358964,0.18292812,0.00185707,1.00000000,1.00000000,9,0.01614293,0.01405018,0.197207,public_simbench_planning_v7_direct_moea_de_controls
p3,pareto_quality,Ablation-NoDiversity,ablation,3,0.00047204,0.00047204,1,0.00000000,0.12721025,0.20080373,0.00000000,0.35000000,0.42000000,0,0.01800000,0.48000000,0.207877,public_simbench_planning_v7_direct_moea_de_controls
p3,pareto_quality,Ablation-NoDiversity,ablation,4,0.03483324,0.03483324,16,0.94152550,0.11853263,0.18097561,0.00000000,1.00000000,1.00000000,10,0.01800000,0.13322581,0.187045,public_simbench_planning_v7_direct_moea_de_controls
p3,pareto_quality,Ablation-NoDiversity,ablation,5,0.03136264,0.03136264,17,0.86713831,0.11879125,0.18306006,0.00000000,1.00000000,1.00000000,9,0.01800000,0.13053763,0.185952,public_simbench_planning_v7_direct_moea_de_controls
p3,pareto_quality,Ablation-NoDiversity,ablation,6,0.03301170,0.03301170,21,0.86713831,0.11879125,0.18306006,0.00000000,1.00000000,1.00000000,9,0.01800000,0.13053763,0.203127,public_simbench_planning_v7_direct_moea_de_controls
p3,pareto_quality,Ablation-NoDiversity,ablation,7,0.02783609,0.02783609,7,0.79275112,0.11904988,0.18514451,0.00000000,0.95584519,1.00000000,8,0.01800000,0.12717742,0.207124,public_simbench_planning_v7_direct_moea_de_controls
p3,pareto_quality,Ablation-NoDiversity,ablation,8,0.02714138,0.02714138,10,0.79275112,0.11904988,0.18514451,0.00000000,0.95584519,1.00000000,8,0.01800000,0.12717742,0.185740,public_simbench_planning_v7_direct_moea_de_controls
p3,pareto_quality,Ablation-NoDiversity,ablation,9,0.03475351,0.03475351,16,0.94152550,0.11853263,0.18097561,0.00000000,1.00000000,1.00000000,10,0.01800000,0.13322581,0.207462,public_simbench_planning_v7_direct_moea_de_controls
p3,pareto_quality,Ablation-NoDiversity,ablation,10,0.00047204,0.00047204,1,0.00000000,0.12721025,0.20080373,0.00000000,0.35000000,0.42000000,0,0.01800000,0.48000000,0.205394,public_simbench_planning_v7_direct_moea_de_controls
p3,pareto_quality,Ablation-NoDiversity,ablation,11,0.01007348,0.01007348,2,0.76724319,0.11373437,0.19241426,0.00000000,0.66361894,0.78242304,5,0.01800000,0.06064516,0.201261,public_simbench_planning_v7_direct_moea_de_controls
p3,pareto_quality,Ablation-NoDiversity,ablation,12,0.03190216,0.03190216,4,0.94152550,0.11853263,0.18097561,0.00000000,1.00000000,1.00000000,10,0.01800000,0.13322581,0.222770,public_simbench_planning_v7_direct_moea_de_controls
p3,pareto_quality,Ablation-NoDiversity,ablation,13,0.03072548,0.03072548,8,0.94422133,0.11749826,0.18394451,0.00185707,0.96169187,1.00000000,9,0.01614293,0.00000000,0.199394,public_simbench_planning_v7_direct_moea_de_controls
p3,pareto_quality,Ablation-NoDiversity,ablation,14,0.03266477,0.03266477,7,0.94152550,0.11853263,0.18097561,0.00000000,1.00000000,1.00000000,10,0.01800000,0.13322581,0.221342,public_simbench_planning_v7_direct_moea_de_controls
p3,pareto_quality,Ablation-NoDiversity,ablation,15,0.02954310,0.02954310,2,0.96972926,0.12281377,0.17667477,0.00185707,1.00000000,1.00000000,12,0.01614293,0.04989247,0.205563,public_simbench_planning_v7_direct_moea_de_controls
p3,pareto_quality,Ablation-NoDiversity,ablation,16,0.03612428,0.03612428,11,0.89534208,0.12307239,0.17875922,0.00185707,1.00000000,1.00000000,11,0.01614293,0.04011730,0.200593,public_simbench_planning_v7_direct_moea_de_controls
p3,pareto_quality,Ablation-NoDiversity,ablation,17,0.02751183,0.02751183,5,0.85807626,0.11882780,0.18338395,0.00000928,0.91705798,1.00000000,9,0.01799072,0.00000000,0.200482,public_simbench_planning_v7_direct_moea_de_controls
p3,pareto_quality,Ablation-NoDiversity,ablation,18,0.02714172,0.02714172,7,0.79275112,0.11904988,0.18514451,0.00000000,0.95584519,1.00000000,8,0.01800000,0.12717742,0.198968,public_simbench_planning_v7_direct_moea_de_controls
p3,pareto_quality,Ablation-NoDiversity,ablation,19,0.03515340,0.03515340,24,0.81825906,0.12436538,0.17787477,0.00000000,1.00000000,1.00000000,11,0.01800000,0.15741935,0.208120,public_simbench_planning_v7_direct_moea_de_controls
p3,pareto_quality,Ablation-NoDiversity,ablation,20,0.02667319,0.02667319,2,0.86713831,0.11879125,0.18306006,0.00000000,1.00000000,1.00000000,9,0.01800000,0.13053763,0.229155,public_simbench_planning_v7_direct_moea_de_controls
p3,pareto_quality,Ablation-NoDiversity,ablation,21,0.02704421,0.02704421,9,0.79275112,0.11904988,0.18514451,0.00000000,0.95584519,1.00000000,8,0.01800000,0.12717742,0.224965,public_simbench_planning_v7_direct_moea_de_controls
p3,pareto_quality,Ablation-NoDiversity,ablation,22,0.01898709,0.01898709,2,0.91601757,0.11321713,0.18824535,0.00000000,0.82690466,0.95175637,7,0.01800000,0.08829493,0.218260,public_simbench_planning_v7_direct_moea_de_controls
p3,pareto_quality,Ablation-NoDiversity,ablation,23,0.03064531,0.03064531,5,0.74656770,0.12358964,0.18292812,0.00185707,1.00000000,1.00000000,9,0.01614293,0.01405018,0.202320,public_simbench_planning_v7_direct_moea_de_controls
p3,pareto_quality,Ablation-NoDiversity,ablation,24,0.03642158,0.03642158,25,0.89534208,0.12307239,0.17875922,0.00185707,1.00000000,1.00000000,11,0.01614293,0.04011730,0.206797,public_simbench_planning_v7_direct_moea_de_controls
p3,pareto_quality,Ablation-NoDiversity,ablation,25,0.03609431,0.03609431,11,0.89534208,0.12307239,0.17875922,0.00185707,1.00000000,1.00000000,11,0.01614293,0.04011730,0.216787,public_simbench_planning_v7_direct_moea_de_controls
p3,pareto_quality,Ablation-NoDiversity,ablation,26,0.03475166,0.03475166,12,0.94152550,0.11853263,0.18097561,0.00000000,1.00000000,1.00000000,10,0.01800000,0.13322581,0.199185,public_simbench_planning_v7_direct_moea_de_controls
p3,pareto_quality,Ablation-NoDiversity,ablation,27,0.03251530,0.03251530,7,0.82095489,0.12333102,0.18084367,0.00185707,1.00000000,1.00000000,10,0.01614293,0.02838710,0.213780,public_simbench_planning_v7_direct_moea_de_controls
p3,pareto_quality,Ablation-NoDiversity,ablation,28,0.02654707,0.02654707,4,0.74656770,0.12358964,0.18292812,0.00185707,1.00000000,1.00000000,9,0.01614293,0.01405018,0.204846,public_simbench_planning_v7_direct_moea_de_controls
p3,pareto_quality,Ablation-NoDiversity,ablation,29,0.02604232,0.02604232,6,0.99040475,0.11295850,0.18616090,0.00000000,0.90854752,1.00000000,8,0.01800000,0.09693548,0.215071,public_simbench_planning_v7_direct_moea_de_controls
p3,pareto_quality,Ablation-NoDER,ablation,0,0.04064704,0.04064704,39,0.89264624,0.12410676,0.17579032,0.00000000,1.00000000,1.00000000,12,0.01800000,0.15741935,0.141358,public_simbench_planning_v7_direct_moea_de_controls
p3,pareto_quality,Ablation-NoDER,ablation,1,0.04119997,0.04119997,37,0.89264624,0.12410676,0.17579032,0.00000000,1.00000000,1.00000000,12,0.01800000,0.15741935,0.156348,public_simbench_planning_v7_direct_moea_de_controls
p3,pareto_quality,Ablation-NoDER,ablation,2,0.03656104,0.03656104,38,0.94152550,0.11853263,0.18097561,0.00000000,1.00000000,1.00000000,10,0.01800000,0.13322581,0.158505,public_simbench_planning_v7_direct_moea_de_controls
p3,pareto_quality,Ablation-NoDER,ablation,3,0.03814008,0.03814008,39,0.81825906,0.12436538,0.17787477,0.00000000,1.00000000,1.00000000,11,0.01800000,0.15741935,0.146734,public_simbench_planning_v7_direct_moea_de_controls
p3,pareto_quality,Ablation-NoDER,ablation,4,0.04267282,0.04267282,37,0.96703343,0.12384813,0.17370586,0.00000000,1.00000000,1.00000000,13,0.01800000,0.15741935,0.141989,public_simbench_planning_v7_direct_moea_de_controls
p3,pareto_quality,Ablation-NoDER,ablation,5,0.04064747,0.04064747,37,0.89264624,0.12410676,0.17579032,0.00000000,1.00000000,1.00000000,12,0.01800000,0.15741935,0.149705,public_simbench_planning_v7_direct_moea_de_controls
p3,pareto_quality,Ablation-NoDER,ablation,6,0.04020709,0.04020709,37,0.89264624,0.12410676,0.17579032,0.00000000,1.00000000,1.00000000,12,0.01800000,0.15741935,0.156973,public_simbench_planning_v7_direct_moea_de_controls
p3,pareto_quality,Ablation-NoDER,ablation,7,0.04120026,0.04120026,39,0.89264624,0.12410676,0.17579032,0.00000000,1.00000000,1.00000000,12,0.01800000,0.15741935,0.154091,public_simbench_planning_v7_direct_moea_de_controls
p3,pareto_quality,Ablation-NoDER,ablation,8,0.04169559,0.04169559,39,0.89264624,0.12410676,0.17579032,0.00000000,1.00000000,1.00000000,12,0.01800000,0.15741935,0.144495,public_simbench_planning_v7_direct_moea_de_controls
p3,pareto_quality,Ablation-NoDER,ablation,9,0.04223349,0.04223349,38,0.96703343,0.12384813,0.17370586,0.00000000,1.00000000,1.00000000,13,0.01800000,0.15741935,0.147200,public_simbench_planning_v7_direct_moea_de_controls
p3,pareto_quality,Ablation-NoDER,ablation,10,0.04267317,0.04267317,36,0.96703343,0.12384813,0.17370586,0.00000000,1.00000000,1.00000000,13,0.01800000,0.15741935,0.146081,public_simbench_planning_v7_direct_moea_de_controls
p3,pareto_quality,Ablation-NoDER,ablation,11,0.04267362,0.04267362,36,0.96703343,0.12384813,0.17370586,0.00000000,1.00000000,1.00000000,13,0.01800000,0.15741935,0.154087,public_simbench_planning_v7_direct_moea_de_controls
p3,pareto_quality,Ablation-NoDER,ablation,12,0.03656138,0.03656138,39,0.94152550,0.11853263,0.18097561,0.00000000,1.00000000,1.00000000,10,0.01800000,0.13322581,0.150047,public_simbench_planning_v7_direct_moea_de_controls
p3,pareto_quality,Ablation-NoDER,ablation,13,0.04322324,0.04322324,34,0.96703343,0.12384813,0.17370586,0.00000000,1.00000000,1.00000000,13,0.01800000,0.15741935,0.159159,public_simbench_planning_v7_direct_moea_de_controls
p3,pareto_quality,Ablation-NoDER,ablation,14,0.03813854,0.03813854,38,0.81825906,0.12436538,0.17787477,0.00000000,1.00000000,1.00000000,11,0.01800000,0.15741935,0.145393,public_simbench_planning_v7_direct_moea_de_controls
p3,pareto_quality,Ablation-NoDER,ablation,15,0.04290826,0.04290826,36,0.96703343,0.12384813,0.17370586,0.00000000,1.00000000,1.00000000,13,0.01800000,0.15741935,0.156049,public_simbench_planning_v7_direct_moea_de_controls
p3,pareto_quality,Ablation-NoDER,ablation,16,0.03877449,0.03877449,35,0.81825906,0.12436538,0.17787477,0.00000000,1.00000000,1.00000000,11,0.01800000,0.15741935,0.144138,public_simbench_planning_v7_direct_moea_de_controls
p3,pareto_quality,Ablation-NoDER,ablation,17,0.04020656,0.04020656,38,0.89264624,0.12410676,0.17579032,0.00000000,1.00000000,1.00000000,12,0.01800000,0.15741935,0.152759,public_simbench_planning_v7_direct_moea_de_controls
p3,pareto_quality,Ablation-NoDER,ablation,18,0.04119960,0.04119960,37,0.89264624,0.12410676,0.17579032,0.00000000,1.00000000,1.00000000,12,0.01800000,0.15741935,0.151064,public_simbench_planning_v7_direct_moea_de_controls
p3,pareto_quality,Ablation-NoDER,ablation,19,0.04223274,0.04223274,37,0.96703343,0.12384813,0.17370586,0.00000000,1.00000000,1.00000000,13,0.01800000,0.15741935,0.145337,public_simbench_planning_v7_direct_moea_de_controls
p3,pareto_quality,Ablation-NoDER,ablation,20,0.04124553,0.04124553,38,0.89264624,0.12410676,0.17579032,0.00000000,1.00000000,1.00000000,12,0.01800000,0.15741935,0.143923,public_simbench_planning_v7_direct_moea_de_controls
p3,pareto_quality,Ablation-NoDER,ablation,21,0.04223341,0.04223341,39,0.96703343,0.12384813,0.17370586,0.00000000,1.00000000,1.00000000,13,0.01800000,0.15741935,0.144109,public_simbench_planning_v7_direct_moea_de_controls
p3,pareto_quality,Ablation-NoDER,ablation,22,0.03813796,0.03813796,39,0.81825906,0.12436538,0.17787477,0.00000000,1.00000000,1.00000000,11,0.01800000,0.15741935,0.145969,public_simbench_planning_v7_direct_moea_de_controls
p3,pareto_quality,Ablation-NoDER,ablation,23,0.04090699,0.04090699,38,0.89264624,0.12410676,0.17579032,0.00000000,1.00000000,1.00000000,12,0.01800000,0.15741935,0.145899,public_simbench_planning_v7_direct_moea_de_controls
p3,pareto_quality,Ablation-NoDER,ablation,24,0.04201454,0.04201454,38,0.96703343,0.12384813,0.17370586,0.00000000,1.00000000,1.00000000,13,0.01800000,0.15741935,0.163427,public_simbench_planning_v7_direct_moea_de_controls
p3,pareto_quality,Ablation-NoDER,ablation,25,0.04056510,0.04056510,37,0.89264624,0.12410676,0.17579032,0.00000000,1.00000000,1.00000000,12,0.01800000,0.15741935,0.146146,public_simbench_planning_v7_direct_moea_de_controls
p3,pareto_quality,Ablation-NoDER,ablation,26,0.04259093,0.04259093,37,0.96703343,0.12384813,0.17370586,0.00000000,1.00000000,1.00000000,13,0.01800000,0.15741935,0.157042,public_simbench_planning_v7_direct_moea_de_controls
p3,pareto_quality,Ablation-NoDER,ablation,27,0.04056431,0.04056431,36,0.89264624,0.12410676,0.17579032,0.00000000,1.00000000,1.00000000,12,0.01800000,0.15741935,0.138662,public_simbench_planning_v7_direct_moea_de_controls
p3,pareto_quality,Ablation-NoDER,ablation,28,0.04267413,0.04267413,37,0.96703343,0.12384813,0.17370586,0.00000000,1.00000000,1.00000000,13,0.01800000,0.15741935,0.151646,public_simbench_planning_v7_direct_moea_de_controls
p3,pareto_quality,Ablation-NoDER,ablation,29,0.04330859,0.04330859,39,0.96703343,0.12384813,0.17370586,0.00000000,1.00000000,1.00000000,13,0.01800000,0.15741935,0.148240,public_simbench_planning_v7_direct_moea_de_controls
p3,constraint_repair,CARS-MODE,proposed,0,0.04063659,0.04063659,37,0.99787690,0.12436538,0.17787477,0.00000000,1.00000000,1.00000000,11,0.01800000,0.15741935,0.159454,public_simbench_planning_v7_direct_moea_de_controls
p3,constraint_repair,CARS-MODE,proposed,1,0.03956033,0.03956033,39,0.98129997,0.12442020,0.17836060,0.00001392,1.00000000,1.00000000,11,0.01798608,0.00000000,0.130826,public_simbench_planning_v7_direct_moea_de_controls
p3,constraint_repair,CARS-MODE,proposed,2,0.03963810,0.03963810,39,0.99787690,0.12436538,0.17787477,0.00000000,1.00000000,1.00000000,11,0.01800000,0.15741935,0.133020,public_simbench_planning_v7_direct_moea_de_controls
p3,constraint_repair,CARS-MODE,proposed,3,0.04109850,0.04109850,37,0.98129997,0.12442020,0.17836060,0.00001392,1.00000000,1.00000000,11,0.01798608,0.00000000,0.131048,public_simbench_planning_v7_direct_moea_de_controls
p3,constraint_repair,CARS-MODE,proposed,4,0.03874439,0.03874439,39,0.99235125,0.12438365,0.17803671,0.00000464,1.00000000,1.00000000,11,0.01799536,0.06944282,0.120007,public_simbench_planning_v7_direct_moea_de_controls
p3,constraint_repair,CARS-MODE,proposed,5,0.03915034,0.03915034,39,0.98129997,0.12442020,0.17836060,0.00001392,1.00000000,1.00000000,11,0.01798608,0.00000000,0.121623,public_simbench_planning_v7_direct_moea_de_controls
p3,constraint_repair,CARS-MODE,proposed,6,0.03938000,0.03938000,39,0.98129997,0.12442020,0.17836060,0.00001392,1.00000000,1.00000000,11,0.01798608,0.00000000,0.125020,public_simbench_planning_v7_direct_moea_de_controls
p3,constraint_repair,CARS-MODE,proposed,7,0.03653376,0.03653376,36,0.72572865,0.12514125,0.18412812,0.00000000,1.00000000,1.00000000,8,0.01800000,0.15741935,0.121261,public_simbench_planning_v7_direct_moea_de_controls
p3,constraint_repair,CARS-MODE,proposed,8,0.03921215,0.03921215,38,0.98129997,0.12442020,0.17836060,0.00001392,1.00000000,1.00000000,11,0.01798608,0.00000000,0.126291,public_simbench_planning_v7_direct_moea_de_controls
p3,constraint_repair,CARS-MODE,proposed,9,0.03998000,0.03998000,37,0.98682561,0.12440192,0.17819865,0.00000928,1.00000000,1.00000000,11,0.01799072,0.00000000,0.131022,public_simbench_planning_v7_direct_moea_de_controls
p3,constraint_repair,CARS-MODE,proposed,10,0.04091098,0.04091098,38,0.99787690,0.12436538,0.17787477,0.00000000,1.00000000,1.00000000,11,0.01800000,0.15741935,0.132514,public_simbench_planning_v7_direct_moea_de_controls
p3,constraint_repair,CARS-MODE,proposed,11,0.03905865,0.03905865,39,0.99787690,0.12436538,0.17787477,0.00000000,1.00000000,1.00000000,11,0.01800000,0.15741935,0.122773,public_simbench_planning_v7_direct_moea_de_controls
p3,constraint_repair,CARS-MODE,proposed,12,0.03795777,0.03795777,39,0.97577432,0.12443847,0.17852254,0.00001856,1.00000000,1.00000000,11,0.01798144,0.00000000,0.128552,public_simbench_planning_v7_direct_moea_de_controls
p3,constraint_repair,CARS-MODE,proposed,13,0.04071049,0.04071049,37,0.99787690,0.12436538,0.17787477,0.00000000,1.00000000,1.00000000,11,0.01800000,0.15741935,0.127901,public_simbench_planning_v7_direct_moea_de_controls
p3,constraint_repair,CARS-MODE,proposed,14,0.03975730,0.03975730,37,0.99787690,0.12436538,0.17787477,0.00000000,1.00000000,1.00000000,11,0.01800000,0.15741935,0.120475,public_simbench_planning_v7_direct_moea_de_controls
p3,constraint_repair,CARS-MODE,proposed,15,0.03800045,0.03800045,37,0.97577432,0.12443847,0.17852254,0.00001856,1.00000000,1.00000000,11,0.01798144,0.00000000,0.123418,public_simbench_planning_v7_direct_moea_de_controls
p3,constraint_repair,CARS-MODE,proposed,16,0.03991286,0.03991286,39,0.99787690,0.12436538,0.17787477,0.00000000,1.00000000,1.00000000,11,0.01800000,0.15741935,0.121797,public_simbench_planning_v7_direct_moea_de_controls
p3,constraint_repair,CARS-MODE,proposed,17,0.03882856,0.03882856,38,0.97577432,0.12443847,0.17852254,0.00001856,1.00000000,1.00000000,11,0.01798144,0.00000000,0.126334,public_simbench_planning_v7_direct_moea_de_controls
p3,constraint_repair,CARS-MODE,proposed,18,0.03919353,0.03919353,39,0.98682561,0.12440192,0.17819865,0.00000928,1.00000000,1.00000000,11,0.01799072,0.00000000,0.122129,public_simbench_planning_v7_direct_moea_de_controls
p3,constraint_repair,CARS-MODE,proposed,19,0.03904842,0.03904842,39,0.99787690,0.12436538,0.17787477,0.00000000,1.00000000,1.00000000,11,0.01800000,0.15741935,0.126439,public_simbench_planning_v7_direct_moea_de_controls
p3,constraint_repair,CARS-MODE,proposed,20,0.03848650,0.03848650,38,0.97577432,0.12443847,0.17852254,0.00001856,1.00000000,1.00000000,11,0.01798144,0.00000000,0.125049,public_simbench_planning_v7_direct_moea_de_controls
p3,constraint_repair,CARS-MODE,proposed,21,0.03888983,0.03888983,39,0.97024868,0.12445674,0.17868448,0.00002320,0.94699628,1.00000000,11,0.01797680,0.00000000,0.126828,public_simbench_planning_v7_direct_moea_de_controls
p3,constraint_repair,CARS-MODE,proposed,22,0.03787650,0.03787650,39,0.91044842,0.12358964,0.18292812,0.00185707,1.00000000,1.00000000,9,0.01614293,0.01405018,0.130549,public_simbench_planning_v7_direct_moea_de_controls
p3,constraint_repair,CARS-MODE,proposed,23,0.03895317,0.03895317,39,0.98682561,0.12440192,0.17819865,0.00000928,1.00000000,1.00000000,11,0.01799072,0.00000000,0.139357,public_simbench_planning_v7_direct_moea_de_controls
p3,constraint_repair,CARS-MODE,proposed,24,0.03981057,0.03981057,39,0.98682561,0.12440192,0.17819865,0.00000928,1.00000000,1.00000000,11,0.01799072,0.00000000,0.120055,public_simbench_planning_v7_direct_moea_de_controls
p3,constraint_repair,CARS-MODE,proposed,25,0.03944590,0.03944590,39,0.98682561,0.12440192,0.17819865,0.00000928,1.00000000,1.00000000,11,0.01799072,0.00000000,0.124436,public_simbench_planning_v7_direct_moea_de_controls
p3,constraint_repair,CARS-MODE,proposed,26,0.03791266,0.03791266,39,0.72572865,0.12514125,0.18412812,0.00000000,1.00000000,1.00000000,8,0.01800000,0.15741935,0.129932,public_simbench_planning_v7_direct_moea_de_controls
p3,constraint_repair,CARS-MODE,proposed,27,0.03866444,0.03866444,38,0.98682561,0.12440192,0.17819865,0.00000928,1.00000000,1.00000000,11,0.01799072,0.00000000,0.121441,public_simbench_planning_v7_direct_moea_de_controls
p3,constraint_repair,CARS-MODE,proposed,28,0.03993353,0.03993353,39,0.98682561,0.12440192,0.17819865,0.00000928,1.00000000,1.00000000,11,0.01799072,0.00000000,0.124107,public_simbench_planning_v7_direct_moea_de_controls
p3,constraint_repair,CARS-MODE,proposed,29,0.04009455,0.04009455,37,0.98129997,0.12442020,0.17836060,0.00001392,1.00000000,1.00000000,11,0.01798608,0.00000000,0.126929,public_simbench_planning_v7_direct_moea_de_controls
p3,constraint_repair,NSGA-II,baseline,0,0.03802359,0.03802359,40,0.96093841,0.12450577,0.17924505,0.00001972,0.99357542,1.00000000,11,0.01798028,0.00000000,0.078453,public_simbench_planning_v7_direct_moea_de_controls
p3,constraint_repair,NSGA-II,baseline,1,0.03580330,0.03580330,40,0.96093841,0.12450577,0.17924505,0.00001972,0.99357542,1.00000000,11,0.01798028,0.00000000,0.080571,public_simbench_planning_v7_direct_moea_de_controls
p3,constraint_repair,NSGA-II,baseline,2,0.03513980,0.03513980,40,0.95541277,0.12452404,0.17940699,0.00002436,0.93336039,1.00000000,11,0.01797564,0.00000000,0.080503,public_simbench_planning_v7_direct_moea_de_controls
p3,constraint_repair,NSGA-II,baseline,3,0.03499376,0.03499376,40,0.95541277,0.12452404,0.17940699,0.00002436,0.93336039,1.00000000,11,0.01797564,0.00000000,0.080508,public_simbench_planning_v7_direct_moea_de_controls
p3,constraint_repair,NSGA-II,baseline,4,0.03215585,0.03215585,40,0.99056983,0.12450386,0.17981395,0.00003711,0.85366552,0.98969189,12,0.01796289,0.00000000,0.082475,public_simbench_planning_v7_direct_moea_de_controls
p3,constraint_repair,NSGA-II,baseline,5,0.03617401,0.03617401,40,0.97024868,0.12445674,0.17868448,0.00002320,0.94699628,1.00000000,11,0.01797680,0.00000000,0.083684,public_simbench_planning_v7_direct_moea_de_controls
p3,constraint_repair,NSGA-II,baseline,6,0.03797492,0.03797492,40,0.81091909,0.12490090,0.18220561,0.00000464,1.00000000,1.00000000,9,0.01799536,0.04989247,0.080012,public_simbench_planning_v7_direct_moea_de_controls
p3,constraint_repair,NSGA-II,baseline,7,0.03667456,0.03667456,40,0.93126659,0.12464036,0.18069006,0.00002204,0.96630364,1.00000000,11,0.01797796,0.00000000,0.079063,public_simbench_planning_v7_direct_moea_de_controls
p3,constraint_repair,NSGA-II,baseline,8,0.03192356,0.03192356,40,0.99056983,0.12450386,0.17981395,0.00003711,0.85366552,0.98969189,12,0.01796289,0.00000000,0.081255,public_simbench_planning_v7_direct_moea_de_controls
p3,constraint_repair,NSGA-II,baseline,9,0.03735042,0.03735042,40,0.97467439,0.12344213,0.18189006,0.00184999,0.95545780,1.00000000,10,0.01615001,0.00000000,0.079585,public_simbench_planning_v7_direct_moea_de_controls
p3,constraint_repair,NSGA-II,baseline,10,0.03569359,0.03569359,40,0.96093841,0.12450577,0.17924505,0.00001972,0.99357542,1.00000000,11,0.01798028,0.00000000,0.081780,public_simbench_planning_v7_direct_moea_de_controls
p3,constraint_repair,NSGA-II,baseline,11,0.03781850,0.03781850,40,0.97577432,0.12443847,0.17852254,0.00001856,1.00000000,1.00000000,11,0.01798144,0.00000000,0.080922,public_simbench_planning_v7_direct_moea_de_controls
p3,constraint_repair,NSGA-II,baseline,12,0.03923428,0.03923428,40,0.98129997,0.12442020,0.17836060,0.00001392,1.00000000,1.00000000,11,0.01798608,0.00000000,0.080458,public_simbench_planning_v7_direct_moea_de_controls
p3,constraint_repair,NSGA-II,baseline,13,0.03220168,0.03220168,40,0.85538642,0.12483169,0.18205201,0.00002088,0.89829667,1.00000000,10,0.01797912,0.00000000,0.081562,public_simbench_planning_v7_direct_moea_de_controls
p3,constraint_repair,NSGA-II,baseline,14,0.03633175,0.03633175,40,0.94057685,0.12459134,0.18012950,0.00002552,0.91972450,1.00000000,11,0.01797448,0.00000000,0.080936,public_simbench_planning_v7_direct_moea_de_controls
p3,constraint_repair,NSGA-II,baseline,15,0.03699947,0.03699947,40,0.96093841,0.12450577,0.17924505,0.00001972,0.99357542,1.00000000,11,0.01798028,0.00000000,0.081600,public_simbench_planning_v7_direct_moea_de_controls
p3,constraint_repair,NSGA-II,baseline,16,0.03756254,0.03756254,40,0.94610250,0.12457307,0.17996756,0.00002088,0.97993953,1.00000000,11,0.01797912,0.00000000,0.079212,public_simbench_planning_v7_direct_moea_de_controls
p3,constraint_repair,NSGA-II,baseline,17,0.03526022,0.03526022,40,0.96093841,0.12450577,0.17924505,0.00001972,0.99357542,1.00000000,11,0.01798028,0.00000000,0.081271,public_simbench_planning_v7_direct_moea_de_controls
p3,constraint_repair,NSGA-II,baseline,18,0.03574980,0.03574980,40,0.96646405,0.12448750,0.17908310,0.00001508,1.00000000,1.00000000,11,0.01798492,0.00000000,0.079665,public_simbench_planning_v7_direct_moea_de_controls
p3,constraint_repair,NSGA-II,baseline,19,0.03259415,0.03259415,40,0.99609547,0.12448558,0.17965201,0.00003247,0.91388055,1.00000000,12,0.01796753,0.00000000,0.082934,public_simbench_planning_v7_direct_moea_de_controls
p3,constraint_repair,NSGA-II,baseline,20,0.03753496,0.03753496,40,0.95162814,0.12455479,0.17980561,0.00001624,1.00000000,1.00000000,11,0.01798376,0.00000000,0.080251,public_simbench_planning_v7_direct_moea_de_controls
p3,constraint_repair,NSGA-II,baseline,21,0.03115784,0.03115784,40,0.99056983,0.12450386,0.17981395,0.00003711,0.85366552,0.98969189,12,0.01796289,0.00000000,0.080060,public_simbench_planning_v7_direct_moea_de_controls
p3,constraint_repair,NSGA-II,baseline,22,0.03682172,0.03682172,40,0.96093841,0.12450577,0.17924505,0.00001972,0.99357542,1.00000000,11,0.01798028,0.00000000,0.079952,public_simbench_planning_v7_direct_moea_de_controls
p3,constraint_repair,NSGA-II,baseline,23,0.03760659,0.03760659,40,0.96646405,0.12448750,0.17908310,0.00001508,1.00000000,1.00000000,11,0.01798492,0.00000000,0.079421,public_simbench_planning_v7_direct_moea_de_controls
p3,constraint_repair,NSGA-II,baseline,24,0.03342672,0.03342672,40,0.99609547,0.12448558,0.17965201,0.00003247,0.91388055,1.00000000,12,0.01796753,0.00000000,0.081388,public_simbench_planning_v7_direct_moea_de_controls
p3,constraint_repair,NSGA-II,baseline,25,0.03667186,0.03667186,40,0.96544674,0.12047682,0.18396524,0.00000580,0.95903574,1.00000000,9,0.01799420,0.00000000,0.082099,public_simbench_planning_v7_direct_moea_de_controls
p3,constraint_repair,NSGA-II,baseline,26,0.03483540,0.03483540,40,0.94610250,0.12457307,0.17996756,0.00002088,0.97993953,1.00000000,11,0.01797912,0.00000000,0.078106,public_simbench_planning_v7_direct_moea_de_controls
p3,constraint_repair,NSGA-II,baseline,27,0.03437570,0.03437570,40,0.99609547,0.12448558,0.17965201,0.00003247,0.91388055,1.00000000,12,0.01796753,0.00000000,0.079823,public_simbench_planning_v7_direct_moea_de_controls
p3,constraint_repair,NSGA-II,baseline,28,0.03680303,0.03680303,40,0.89610953,0.12466055,0.18028310,0.00000928,1.00000000,1.00000000,10,0.01799072,0.00000000,0.079886,public_simbench_planning_v7_direct_moea_de_controls
p3,constraint_repair,NSGA-II,baseline,29,0.03702646,0.03702646,40,0.95162814,0.12455479,0.17980561,0.00001624,1.00000000,1.00000000,11,0.01798376,0.00000000,0.078734,public_simbench_planning_v7_direct_moea_de_controls
p3,constraint_repair,NSGA-II+Repair,baseline,0,0.03645354,0.03645354,40,0.96044139,0.12350216,0.18261257,0.00186867,0.94293056,1.00000000,10,0.01613133,0.00000000,0.081692,public_simbench_planning_v7_direct_moea_de_controls
p3,constraint_repair,NSGA-II+Repair,baseline,1,0.03843785,0.03843785,40,0.98129997,0.12442020,0.17836060,0.00001392,1.00000000,1.00000000,11,0.01798608,0.00000000,0.080971,public_simbench_planning_v7_direct_moea_de_controls
p3,constraint_repair,NSGA-II+Repair,baseline,2,0.03669835,0.03669835,40,0.94610250,0.12457307,0.17996756,0.00002088,0.97993953,1.00000000,11,0.01797912,0.00000000,0.079131,public_simbench_planning_v7_direct_moea_de_controls
p3,constraint_repair,NSGA-II+Repair,baseline,3,0.03687553,0.03687553,40,0.99056983,0.12450386,0.17981395,0.00003711,0.85366552,0.98969189,12,0.01796289,0.00000000,0.078948,public_simbench_planning_v7_direct_moea_de_controls
p3,constraint_repair,NSGA-II+Repair,baseline,4,0.03619729,0.03619729,40,0.95162814,0.12455479,0.17980561,0.00001624,1.00000000,1.00000000,11,0.01798376,0.00000000,0.080856,public_simbench_planning_v7_direct_moea_de_controls
p3,constraint_repair,NSGA-II+Repair,baseline,5,0.03727290,0.03727290,40,0.97198970,0.12446922,0.17892116,0.00001044,1.00000000,1.00000000,11,0.01798956,0.00000000,0.081401,public_simbench_planning_v7_direct_moea_de_controls
p3,constraint_repair,NSGA-II+Repair,baseline,6,0.03609694,0.03609694,40,0.96093841,0.12450577,0.17924505,0.00001972,0.99357542,1.00000000,11,0.01798028,0.00000000,0.079489,public_simbench_planning_v7_direct_moea_de_controls
p3,constraint_repair,NSGA-II+Repair,baseline,7,0.03307857,0.03307857,40,0.99609547,0.12448558,0.17965201,0.00003247,0.91388055,1.00000000,12,0.01796753,0.00000000,0.079903,public_simbench_planning_v7_direct_moea_de_controls
p3,constraint_repair,NSGA-II+Repair,baseline,8,0.03718173,0.03718173,40,0.86643771,0.12479515,0.18172812,0.00001160,1.00000000,1.00000000,10,0.01798840,0.00000000,0.081835,public_simbench_planning_v7_direct_moea_de_controls
p3,constraint_repair,NSGA-II+Repair,baseline,9,0.03706240,0.03706240,40,0.96646405,0.12448750,0.17908310,0.00001508,1.00000000,1.00000000,11,0.01798492,0.00000000,0.080552,public_simbench_planning_v7_direct_moea_de_controls
p3,constraint_repair,NSGA-II+Repair,baseline,10,0.03512276,0.03512276,40,0.95541277,0.12452404,0.17940699,0.00002436,0.93336039,1.00000000,11,0.01797564,0.00000000,0.080196,public_simbench_planning_v7_direct_moea_de_controls
p3,constraint_repair,NSGA-II+Repair,baseline,11,0.03753037,0.03753037,40,0.97198970,0.12446922,0.17892116,0.00001044,1.00000000,1.00000000,11,0.01798956,0.00000000,0.080138,public_simbench_planning_v7_direct_moea_de_controls
p3,constraint_repair,NSGA-II+Repair,baseline,12,0.03893543,0.03893543,40,0.98682561,0.12440192,0.17819865,0.00000928,1.00000000,1.00000000,11,0.01799072,0.00000000,0.078297,public_simbench_planning_v7_direct_moea_de_controls
p3,constraint_repair,NSGA-II+Repair,baseline,13,0.03415885,0.03415885,40,0.95541277,0.12452404,0.17940699,0.00002436,0.93336039,1.00000000,11,0.01797564,0.00000000,0.080920,public_simbench_planning_v7_direct_moea_de_controls
p3,constraint_repair,NSGA-II+Repair,baseline,14,0.03488249,0.03488249,40,0.94057685,0.12459134,0.18012950,0.00002552,0.91972450,1.00000000,11,0.01797448,0.00000000,0.084886,public_simbench_planning_v7_direct_moea_de_controls
p3,constraint_repair,NSGA-II+Repair,baseline,15,0.03721948,0.03721948,40,0.97577432,0.12443847,0.17852254,0.00001856,1.00000000,1.00000000,11,0.01798144,0.00000000,0.079314,public_simbench_planning_v7_direct_moea_de_controls
p3,constraint_repair,NSGA-II+Repair,baseline,16,0.03622798,0.03622798,40,0.94610250,0.12457307,0.17996756,0.00002088,0.97993953,1.00000000,11,0.01797912,0.00000000,0.078377,public_simbench_planning_v7_direct_moea_de_controls
p3,constraint_repair,NSGA-II+Repair,baseline,17,0.03234795,0.03234795,40,0.93505121,0.12460961,0.18029144,0.00003015,0.85950947,0.99605530,11,0.01796985,0.00000000,0.081641,public_simbench_planning_v7_direct_moea_de_controls
p3,constraint_repair,NSGA-II+Repair,baseline,18,0.03438331,0.03438331,40,0.95541277,0.12452404,0.17940699,0.00002436,0.93336039,1.00000000,11,0.01797564,0.00000000,0.080588,public_simbench_planning_v7_direct_moea_de_controls
p3,constraint_repair,NSGA-II+Repair,baseline,19,0.03727588,0.03727588,40,0.95162814,0.12455479,0.17980561,0.00001624,1.00000000,1.00000000,11,0.01798376,0.00000000,0.080948,public_simbench_planning_v7_direct_moea_de_controls
p3,constraint_repair,NSGA-II+Repair,baseline,20,0.03532374,0.03532374,40,0.99293881,0.12299633,0.18224292,0.00147164,1.00000000,1.00000000,9,0.01652836,0.04989247,0.081386,public_simbench_planning_v7_direct_moea_de_controls
p3,constraint_repair,NSGA-II+Repair,baseline,21,0.03617045,0.03617045,40,0.94610250,0.12457307,0.17996756,0.00002088,0.97993953,1.00000000,11,0.01797912,0.00000000,0.079033,public_simbench_planning_v7_direct_moea_de_controls
p3,constraint_repair,NSGA-II+Repair,baseline,22,0.03570454,0.03570454,40,0.95715379,0.12453652,0.17964367,0.00001160,1.00000000,1.00000000,11,0.01798840,0.00000000,0.092825,public_simbench_planning_v7_direct_moea_de_controls
p3,constraint_repair,NSGA-II+Repair,baseline,23,0.03845810,0.03845810,40,0.98129997,0.12442020,0.17836060,0.00001392,1.00000000,1.00000000,11,0.01798608,0.00000000,0.079888,public_simbench_planning_v7_direct_moea_de_controls
p3,constraint_repair,NSGA-II+Repair,baseline,24,0.03542143,0.03542143,40,0.96093841,0.12450577,0.17924505,0.00001972,0.99357542,1.00000000,11,0.01798028,0.00000000,0.081852,public_simbench_planning_v7_direct_moea_de_controls
p3,constraint_repair,NSGA-II+Repair,baseline,25,0.03737809,0.03737809,40,0.97577432,0.12443847,0.17852254,0.00001856,1.00000000,1.00000000,11,0.01798144,0.00000000,0.080858,public_simbench_planning_v7_direct_moea_de_controls
p3,constraint_repair,NSGA-II+Repair,baseline,26,0.03415408,0.03415408,40,0.94057685,0.12459134,0.18012950,0.00002552,0.91972450,1.00000000,11,0.01797448,0.00000000,0.080232,public_simbench_planning_v7_direct_moea_de_controls
p3,constraint_repair,NSGA-II+Repair,baseline,27,0.03951276,0.03951276,40,0.97198970,0.12446922,0.17892116,0.00001044,1.00000000,1.00000000,11,0.01798956,0.00000000,0.078233,public_simbench_planning_v7_direct_moea_de_controls
p3,constraint_repair,NSGA-II+Repair,baseline,28,0.03493122,0.03493122,40,0.95162814,0.12455479,0.17980561,0.00001624,1.00000000,1.00000000,11,0.01798376,0.00000000,0.080570,public_simbench_planning_v7_direct_moea_de_controls
p3,constraint_repair,NSGA-II+Repair,baseline,29,0.03680579,0.03680579,40,0.95162814,0.12455479,0.17980561,0.00001624,1.00000000,1.00000000,11,0.01798376,0.00000000,0.080926,public_simbench_planning_v7_direct_moea_de_controls
p3,constraint_repair,MOEA/D,baseline,0,0.00047204,0.00047204,1,0.00000000,0.12721025,0.20080373,0.00000000,0.35000000,0.42000000,0,0.01800000,0.48000000,0.373161,public_simbench_planning_v7_direct_moea_de_controls
p3,constraint_repair,MOEA/D,baseline,1,0.00047204,0.00047204,1,0.00000000,0.12721025,0.20080373,0.00000000,0.35000000,0.42000000,0,0.01800000,0.48000000,0.369654,public_simbench_planning_v7_direct_moea_de_controls
p3,constraint_repair,MOEA/D,baseline,2,0.00047204,0.00047204,1,0.00000000,0.12721025,0.20080373,0.00000000,0.35000000,0.42000000,0,0.01800000,0.48000000,0.367987,public_simbench_planning_v7_direct_moea_de_controls
p3,constraint_repair,MOEA/D,baseline,3,0.00047204,0.00047204,1,0.00000000,0.12721025,0.20080373,0.00000000,0.35000000,0.42000000,0,0.01800000,0.48000000,0.370123,public_simbench_planning_v7_direct_moea_de_controls
p3,constraint_repair,MOEA/D,baseline,4,0.00047204,0.00047204,1,0.00000000,0.12721025,0.20080373,0.00000000,0.35000000,0.42000000,0,0.01800000,0.48000000,0.369327,public_simbench_planning_v7_direct_moea_de_controls
p3,constraint_repair,MOEA/D,baseline,5,0.00047204,0.00047204,1,0.00000000,0.12721025,0.20080373,0.00000000,0.35000000,0.42000000,0,0.01800000,0.48000000,0.367590,public_simbench_planning_v7_direct_moea_de_controls
p3,constraint_repair,MOEA/D,baseline,6,0.00047204,0.00047204,1,0.00000000,0.12721025,0.20080373,0.00000000,0.35000000,0.42000000,0,0.01800000,0.48000000,0.376047,public_simbench_planning_v7_direct_moea_de_controls
p3,constraint_repair,MOEA/D,baseline,7,0.00047204,0.00047204,1,0.00000000,0.12721025,0.20080373,0.00000000,0.35000000,0.42000000,0,0.01800000,0.48000000,0.373008,public_simbench_planning_v7_direct_moea_de_controls
p3,constraint_repair,MOEA/D,baseline,8,0.00047204,0.00047204,1,0.00000000,0.12721025,0.20080373,0.00000000,0.35000000,0.42000000,0,0.01800000,0.48000000,0.371625,public_simbench_planning_v7_direct_moea_de_controls
p3,constraint_repair,MOEA/D,baseline,9,0.00047204,0.00047204,1,0.00000000,0.12721025,0.20080373,0.00000000,0.35000000,0.42000000,0,0.01800000,0.48000000,0.372907,public_simbench_planning_v7_direct_moea_de_controls
p3,constraint_repair,MOEA/D,baseline,10,0.00047204,0.00047204,1,0.00000000,0.12721025,0.20080373,0.00000000,0.35000000,0.42000000,0,0.01800000,0.48000000,0.378320,public_simbench_planning_v7_direct_moea_de_controls
p3,constraint_repair,MOEA/D,baseline,11,0.00047204,0.00047204,1,0.00000000,0.12721025,0.20080373,0.00000000,0.35000000,0.42000000,0,0.01800000,0.48000000,0.368410,public_simbench_planning_v7_direct_moea_de_controls
p3,constraint_repair,MOEA/D,baseline,12,0.00047204,0.00047204,1,0.00000000,0.12721025,0.20080373,0.00000000,0.35000000,0.42000000,0,0.01800000,0.48000000,0.369827,public_simbench_planning_v7_direct_moea_de_controls
p3,constraint_repair,MOEA/D,baseline,13,0.00047204,0.00047204,1,0.00000000,0.12721025,0.20080373,0.00000000,0.35000000,0.42000000,0,0.01800000,0.48000000,0.374369,public_simbench_planning_v7_direct_moea_de_controls
p3,constraint_repair,MOEA/D,baseline,14,0.00047204,0.00047204,1,0.00000000,0.12721025,0.20080373,0.00000000,0.35000000,0.42000000,0,0.01800000,0.48000000,0.376980,public_simbench_planning_v7_direct_moea_de_controls
p3,constraint_repair,MOEA/D,baseline,15,0.00047204,0.00047204,1,0.00000000,0.12721025,0.20080373,0.00000000,0.35000000,0.42000000,0,0.01800000,0.48000000,0.382397,public_simbench_planning_v7_direct_moea_de_controls
p3,constraint_repair,MOEA/D,baseline,16,0.00047204,0.00047204,1,0.00000000,0.12721025,0.20080373,0.00000000,0.35000000,0.42000000,0,0.01800000,0.48000000,0.381085,public_simbench_planning_v7_direct_moea_de_controls
p3,constraint_repair,MOEA/D,baseline,17,0.00047204,0.00047204,1,0.00000000,0.12721025,0.20080373,0.00000000,0.35000000,0.42000000,0,0.01800000,0.48000000,0.370029,public_simbench_planning_v7_direct_moea_de_controls
p3,constraint_repair,MOEA/D,baseline,18,0.00047204,0.00047204,1,0.00000000,0.12721025,0.20080373,0.00000000,0.35000000,0.42000000,0,0.01800000,0.48000000,0.376338,public_simbench_planning_v7_direct_moea_de_controls
p3,constraint_repair,MOEA/D,baseline,19,0.00047204,0.00047204,1,0.00000000,0.12721025,0.20080373,0.00000000,0.35000000,0.42000000,0,0.01800000,0.48000000,0.369579,public_simbench_planning_v7_direct_moea_de_controls
p3,constraint_repair,MOEA/D,baseline,20,0.00047204,0.00047204,1,0.00000000,0.12721025,0.20080373,0.00000000,0.35000000,0.42000000,0,0.01800000,0.48000000,0.375458,public_simbench_planning_v7_direct_moea_de_controls
p3,constraint_repair,MOEA/D,baseline,21,0.00047204,0.00047204,1,0.00000000,0.12721025,0.20080373,0.00000000,0.35000000,0.42000000,0,0.01800000,0.48000000,0.374007,public_simbench_planning_v7_direct_moea_de_controls
p3,constraint_repair,MOEA/D,baseline,22,0.00047204,0.00047204,1,0.00000000,0.12721025,0.20080373,0.00000000,0.35000000,0.42000000,0,0.01800000,0.48000000,0.373029,public_simbench_planning_v7_direct_moea_de_controls
p3,constraint_repair,MOEA/D,baseline,23,0.00047204,0.00047204,1,0.00000000,0.12721025,0.20080373,0.00000000,0.35000000,0.42000000,0,0.01800000,0.48000000,0.373839,public_simbench_planning_v7_direct_moea_de_controls
p3,constraint_repair,MOEA/D,baseline,24,0.00047204,0.00047204,1,0.00000000,0.12721025,0.20080373,0.00000000,0.35000000,0.42000000,0,0.01800000,0.48000000,0.380491,public_simbench_planning_v7_direct_moea_de_controls
p3,constraint_repair,MOEA/D,baseline,25,0.00047204,0.00047204,1,0.00000000,0.12721025,0.20080373,0.00000000,0.35000000,0.42000000,0,0.01800000,0.48000000,0.373142,public_simbench_planning_v7_direct_moea_de_controls
p3,constraint_repair,MOEA/D,baseline,26,0.00047204,0.00047204,1,0.00000000,0.12721025,0.20080373,0.00000000,0.35000000,0.42000000,0,0.01800000,0.48000000,0.369933,public_simbench_planning_v7_direct_moea_de_controls
p3,constraint_repair,MOEA/D,baseline,27,0.00047204,0.00047204,1,0.00000000,0.12721025,0.20080373,0.00000000,0.35000000,0.42000000,0,0.01800000,0.48000000,0.372304,public_simbench_planning_v7_direct_moea_de_controls
p3,constraint_repair,MOEA/D,baseline,28,0.00047204,0.00047204,1,0.00000000,0.12721025,0.20080373,0.00000000,0.35000000,0.42000000,0,0.01800000,0.48000000,0.376586,public_simbench_planning_v7_direct_moea_de_controls
p3,constraint_repair,MOEA/D,baseline,29,0.00047204,0.00047204,1,0.00000000,0.12721025,0.20080373,0.00000000,0.35000000,0.42000000,0,0.01800000,0.48000000,0.375903,public_simbench_planning_v7_direct_moea_de_controls
p3,constraint_repair,GDE3,baseline,0,0.03217652,0.03217652,39,0.91643068,0.12470766,0.18141257,0.00002320,0.95266775,1.00000000,11,0.01797680,0.00000000,0.052660,public_simbench_planning_v7_direct_moea_de_controls
p3,constraint_repair,GDE3,baseline,1,0.02626737,0.02626737,39,0.84433513,0.12486823,0.18237589,0.00003015,0.77786661,0.91138864,10,0.01796985,0.00000000,0.052494,public_simbench_planning_v7_direct_moea_de_controls
p3,constraint_repair,GDE3,baseline,2,0.03293264,0.03293264,39,0.94057685,0.12459134,0.18012950,0.00002552,0.91972450,1.00000000,11,0.01797448,0.00000000,0.051541,public_simbench_planning_v7_direct_moea_de_controls
p3,constraint_repair,GDE3,baseline,3,0.03825966,0.03825966,39,0.96093841,0.12450577,0.17924505,0.00001972,0.99357542,1.00000000,11,0.01798028,0.00000000,0.051794,public_simbench_planning_v7_direct_moea_de_controls
p3,constraint_repair,GDE3,baseline,4,0.03214759,0.03214759,39,0.94988712,0.12454231,0.17956893,0.00002899,0.87314536,1.00000000,11,0.01797101,0.00000000,0.052808,public_simbench_planning_v7_direct_moea_de_controls
p3,constraint_repair,GDE3,baseline,5,0.03500427,0.03500427,39,0.99609547,0.12448558,0.17965201,0.00003247,0.91388055,1.00000000,12,0.01796753,0.00000000,0.051891,public_simbench_planning_v7_direct_moea_de_controls
p3,constraint_repair,GDE3,baseline,6,0.03550660,0.03550660,39,0.95162814,0.12455479,0.17980561,0.00001624,1.00000000,1.00000000,11,0.01798376,0.00000000,0.053363,public_simbench_planning_v7_direct_moea_de_controls
p3,constraint_repair,GDE3,baseline,7,0.03696552,0.03696552,38,0.96646405,0.12448750,0.17908310,0.00001508,1.00000000,1.00000000,11,0.01798492,0.00000000,0.052386,public_simbench_planning_v7_direct_moea_de_controls
p3,constraint_repair,GDE3,baseline,8,0.03521075,0.03521075,39,0.96646405,0.12448750,0.17908310,0.00001508,1.00000000,1.00000000,11,0.01798492,0.00000000,0.051129,public_simbench_planning_v7_direct_moea_de_controls
p3,constraint_repair,GDE3,baseline,9,0.03274604,0.03274604,39,0.97573391,0.12457115,0.18053646,0.00003827,0.84002963,0.97060164,12,0.01796173,0.00000000,0.051739,public_simbench_planning_v7_direct_moea_de_controls
p3,constraint_repair,GDE3,baseline,10,0.03585252,0.03585252,40,0.96646405,0.12448750,0.17908310,0.00001508,1.00000000,1.00000000,11,0.01798492,0.00000000,0.051638,public_simbench_planning_v7_direct_moea_de_controls
p3,constraint_repair,GDE3,baseline,11,0.03404555,0.03404555,39,0.92574094,0.12465864,0.18085201,0.00002668,0.90608861,1.00000000,11,0.01797332,0.00000000,0.052052,public_simbench_planning_v7_direct_moea_de_controls
p3,constraint_repair,GDE3,baseline,12,0.02957725,0.02957725,39,0.84986077,0.12484996,0.18221395,0.00002552,0.83808164,0.96423823,10,0.01797448,0.00000000,0.051278,public_simbench_planning_v7_direct_moea_de_controls
p3,constraint_repair,GDE3,baseline,13,0.03486701,0.03486701,38,0.94057685,0.12459134,0.18012950,0.00002552,0.91972450,1.00000000,11,0.01797448,0.00000000,0.053139,public_simbench_planning_v7_direct_moea_de_controls
p3,constraint_repair,GDE3,baseline,14,0.03238587,0.03238587,38,0.92574094,0.12465864,0.18085201,0.00002668,0.90608861,1.00000000,11,0.01797332,0.00000000,0.051963,public_simbench_planning_v7_direct_moea_de_controls
p3,constraint_repair,GDE3,baseline,15,0.03358270,0.03358270,37,0.93505121,0.12460961,0.18029144,0.00003015,0.85950947,0.99605530,11,0.01796985,0.00000000,0.051241,public_simbench_planning_v7_direct_moea_de_controls
p3,constraint_repair,GDE3,baseline,16,0.03288326,0.03288326,39,0.99056983,0.12450386,0.17981395,0.00003711,0.85366552,0.98969189,12,0.01796289,0.00000000,0.052421,public_simbench_planning_v7_direct_moea_de_controls
p3,constraint_repair,GDE3,baseline,17,0.03582896,0.03582896,38,0.95541277,0.12452404,0.17940699,0.00002436,0.93336039,1.00000000,11,0.01797564,0.00000000,0.053066,public_simbench_planning_v7_direct_moea_de_controls
p3,constraint_repair,GDE3,baseline,18,0.03462578,0.03462578,39,0.94057685,0.12459134,0.18012950,0.00002552,0.91972450,1.00000000,11,0.01797448,0.00000000,0.051992,public_simbench_planning_v7_direct_moea_de_controls
p3,constraint_repair,GDE3,baseline,19,0.03483129,0.03483129,39,0.95541277,0.12452404,0.17940699,0.00002436,0.93336039,1.00000000,11,0.01797564,0.00000000,0.051700,public_simbench_planning_v7_direct_moea_de_controls
p3,constraint_repair,GDE3,baseline,20,0.03667335,0.03667335,39,0.95541277,0.12452404,0.17940699,0.00002436,0.93336039,1.00000000,11,0.01797564,0.00000000,0.051796,public_simbench_planning_v7_direct_moea_de_controls
p3,constraint_repair,GDE3,baseline,21,0.03321104,0.03321104,39,0.93505121,0.12460961,0.18029144,0.00003015,0.85950947,0.99605530,11,0.01796985,0.00000000,0.052916,public_simbench_planning_v7_direct_moea_de_controls
p3,constraint_repair,GDE3,baseline,22,0.03679616,0.03679616,39,0.95541277,0.12452404,0.17940699,0.00002436,0.93336039,1.00000000,11,0.01797564,0.00000000,0.051464,public_simbench_planning_v7_direct_moea_de_controls
p3,constraint_repair,GDE3,baseline,23,0.03084203,0.03084203,38,0.97573391,0.12457115,0.18053646,0.00003827,0.84002963,0.97060164,12,0.01796173,0.00000000,0.051929,public_simbench_planning_v7_direct_moea_de_controls
p3,constraint_repair,GDE3,baseline,24,0.03520485,0.03520485,39,0.94610250,0.12457307,0.17996756,0.00002088,0.97993953,1.00000000,11,0.01797912,0.00000000,0.052211,public_simbench_planning_v7_direct_moea_de_controls
p3,constraint_repair,GDE3,baseline,25,0.03475478,0.03475478,39,0.99609547,0.12448558,0.17965201,0.00003247,0.91388055,1.00000000,12,0.01796753,0.00000000,0.051959,public_simbench_planning_v7_direct_moea_de_controls
p3,constraint_repair,GDE3,baseline,26,0.03245768,0.03245768,39,0.99056983,0.12450386,0.17981395,0.00003711,0.85366552,0.98969189,12,0.01796289,0.00000000,0.051534,public_simbench_planning_v7_direct_moea_de_controls
p3,constraint_repair,GDE3,baseline,27,0.03519150,0.03519150,39,0.96646405,0.12448750,0.17908310,0.00001508,1.00000000,1.00000000,11,0.01798492,0.00000000,0.051384,public_simbench_planning_v7_direct_moea_de_controls
p3,constraint_repair,GDE3,baseline,28,0.03594075,0.03594075,39,0.96646405,0.12448750,0.17908310,0.00001508,1.00000000,1.00000000,11,0.01798492,0.00000000,0.051971,public_simbench_planning_v7_direct_moea_de_controls
p3,constraint_repair,GDE3,baseline,29,0.03130354,0.03130354,39,0.99988009,0.12445483,0.17925339,0.00004059,0.80708638,0.95593254,12,0.01795941,0.00000000,0.052032,public_simbench_planning_v7_direct_moea_de_controls
p3,constraint_repair,NSDE,baseline,0,0.03089794,0.03089794,39,0.93505121,0.12460961,0.18029144,0.00003015,0.85950947,0.99605530,11,0.01796985,0.00000000,0.052050,public_simbench_planning_v7_direct_moea_de_controls
p3,constraint_repair,NSDE,baseline,1,0.03554868,0.03554868,38,0.96544674,0.12047682,0.18396524,0.00000580,0.95903574,1.00000000,9,0.01799420,0.00000000,0.051943,public_simbench_planning_v7_direct_moea_de_controls
p3,constraint_repair,NSDE,baseline,2,0.03658050,0.03658050,39,0.95162814,0.12455479,0.17980561,0.00001624,1.00000000,1.00000000,11,0.01798376,0.00000000,0.053013,public_simbench_planning_v7_direct_moea_de_controls
p3,constraint_repair,NSDE,baseline,3,0.03311025,0.03311025,39,0.94057685,0.12459134,0.18012950,0.00002552,0.91972450,1.00000000,11,0.01797448,0.00000000,0.052588,public_simbench_planning_v7_direct_moea_de_controls
p3,constraint_repair,NSDE,baseline,4,0.03501196,0.03501196,39,0.93126659,0.12464036,0.18069006,0.00002204,0.96630364,1.00000000,11,0.01797796,0.00000000,0.051620,public_simbench_planning_v7_direct_moea_de_controls
p3,constraint_repair,NSDE,baseline,5,0.03119755,0.03119755,39,0.99056983,0.12450386,0.17981395,0.00003711,0.85366552,0.98969189,12,0.01796289,0.00000000,0.051835,public_simbench_planning_v7_direct_moea_de_controls
p3,constraint_repair,NSDE,baseline,6,0.03612783,0.03612783,39,0.96093841,0.12450577,0.17924505,0.00001972,0.99357542,1.00000000,11,0.01798028,0.00000000,0.052328,public_simbench_planning_v7_direct_moea_de_controls
p3,constraint_repair,NSDE,baseline,7,0.03248128,0.03248128,39,0.92574094,0.12465864,0.18085201,0.00002668,0.90608861,1.00000000,11,0.01797332,0.00000000,0.053030,public_simbench_planning_v7_direct_moea_de_controls
p3,constraint_repair,NSDE,baseline,8,0.03028999,0.03028999,39,0.93505121,0.12460961,0.18029144,0.00003015,0.85950947,0.99605530,11,0.01796985,0.00000000,0.052443,public_simbench_planning_v7_direct_moea_de_controls
p3,constraint_repair,NSDE,baseline,9,0.02537543,0.02537543,39,0.99435445,0.12447310,0.17941533,0.00004523,0.74687135,0.90308295,12,0.01795477,0.00000000,0.051523,public_simbench_planning_v7_direct_moea_de_controls
p3,constraint_repair,NSDE,baseline,10,0.03686534,0.03686534,39,0.97577432,0.12443847,0.17852254,0.00001856,1.00000000,1.00000000,11,0.01798144,0.00000000,0.051228,public_simbench_planning_v7_direct_moea_de_controls
p3,constraint_repair,NSDE,baseline,11,0.03493440,0.03493440,39,0.99609547,0.12448558,0.17965201,0.00003247,0.91388055,1.00000000,12,0.01796753,0.00000000,0.052100,public_simbench_planning_v7_direct_moea_de_controls
p3,constraint_repair,NSDE,baseline,12,0.03469234,0.03469234,39,0.99609547,0.12448558,0.17965201,0.00003247,0.91388055,1.00000000,12,0.01796753,0.00000000,0.051841,public_simbench_planning_v7_direct_moea_de_controls
p3,constraint_repair,NSDE,baseline,13,0.03353755,0.03353755,38,0.93505121,0.12460961,0.18029144,0.00003015,0.85950947,0.99605530,11,0.01796985,0.00000000,0.052787,public_simbench_planning_v7_direct_moea_de_controls
p3,constraint_repair,NSDE,baseline,14,0.02920494,0.02920494,39,0.98504418,0.12452213,0.17997589,0.00004175,0.79345049,0.93684230,12,0.01795825,0.00000000,0.052218,public_simbench_planning_v7_direct_moea_de_controls
p3,constraint_repair,NSDE,baseline,15,0.03337293,0.03337293,39,0.94988712,0.12454231,0.17956893,0.00002899,0.87314536,1.00000000,11,0.01797101,0.00000000,0.052066,public_simbench_planning_v7_direct_moea_de_controls
p3,constraint_repair,NSDE,baseline,16,0.03534238,0.03534238,39,0.99609547,0.12448558,0.17965201,0.00003247,0.91388055,1.00000000,12,0.01796753,0.00000000,0.051606,public_simbench_planning_v7_direct_moea_de_controls
p3,constraint_repair,NSDE,baseline,17,0.03691601,0.03691601,39,0.89058388,0.12467882,0.18044505,0.00001392,0.98578348,1.00000000,10,0.01798608,0.00000000,0.052222,public_simbench_planning_v7_direct_moea_de_controls
p3,constraint_repair,NSDE,baseline,18,0.03619845,0.03619845,39,0.97024868,0.12445674,0.17868448,0.00002320,0.94699628,1.00000000,11,0.01797680,0.00000000,0.052329,public_simbench_planning_v7_direct_moea_de_controls
p3,constraint_repair,NSDE,baseline,19,0.03078391,0.03078391,39,0.92021530,0.12467691,0.18101395,0.00003131,0.84587358,0.97696506,11,0.01796869,0.00000000,0.052014,public_simbench_planning_v7_direct_moea_de_controls
p3,constraint_repair,NSDE,baseline,20,0.03770567,0.03770567,39,0.97577432,0.12443847,0.17852254,0.00001856,1.00000000,1.00000000,11,0.01798144,0.00000000,0.053355,public_simbench_planning_v7_direct_moea_de_controls
p3,constraint_repair,NSDE,baseline,21,0.03426075,0.03426075,39,0.99609547,0.12448558,0.17965201,0.00003247,0.91388055,1.00000000,12,0.01796753,0.00000000,0.051679,public_simbench_planning_v7_direct_moea_de_controls
p3,constraint_repair,NSDE,baseline,22,0.03709393,0.03709393,39,0.96093841,0.12450577,0.17924505,0.00001972,0.99357542,1.00000000,11,0.01798028,0.00000000,0.052246,public_simbench_planning_v7_direct_moea_de_controls
p3,constraint_repair,NSDE,baseline,23,0.03772561,0.03772561,39,0.96646405,0.12448750,0.17908310,0.00001508,1.00000000,1.00000000,11,0.01798492,0.00000000,0.053200,public_simbench_planning_v7_direct_moea_de_controls
p3,constraint_repair,NSDE,baseline,24,0.02626194,0.02626194,38,0.99435445,0.12447310,0.17941533,0.00004523,0.74687135,0.90308295,12,0.01795477,0.00000000,0.051928,public_simbench_planning_v7_direct_moea_de_controls
p3,constraint_repair,NSDE,baseline,25,0.03095303,0.03095303,39,0.93505121,0.12460961,0.18029144,0.00003015,0.85950947,0.99605530,11,0.01796985,0.00000000,0.052369,public_simbench_planning_v7_direct_moea_de_controls
p3,constraint_repair,NSDE,baseline,26,0.03337210,0.03337210,39,0.98125956,0.12455288,0.18037451,0.00003363,0.90024466,1.00000000,12,0.01796637,0.00000000,0.051929,public_simbench_planning_v7_direct_moea_de_controls
p3,constraint_repair,NSDE,baseline,27,0.03583000,0.03583000,39,0.94610250,0.12457307,0.17996756,0.00002088,0.97993953,1.00000000,11,0.01797912,0.00000000,0.050886,public_simbench_planning_v7_direct_moea_de_controls
p3,constraint_repair,NSDE,baseline,28,0.03782951,0.03782951,38,0.98129997,0.12442020,0.17836060,0.00001392,1.00000000,1.00000000,11,0.01798608,0.00000000,0.052316,public_simbench_planning_v7_direct_moea_de_controls
p3,constraint_repair,NSDE,baseline,29,0.03117282,0.03117282,39,0.93505121,0.12460961,0.18029144,0.00003015,0.85950947,0.99605530,11,0.01796985,0.00000000,0.054572,public_simbench_planning_v7_direct_moea_de_controls
p3,constraint_repair,Standard DE,baseline,0,0.02983078,0.02983078,1,0.97024868,0.12445674,0.17868448,0.00002320,0.94699628,1.00000000,11,0.01797680,0.00000000,0.041177,public_simbench_planning_v7_direct_moea_de_controls
p3,constraint_repair,Standard DE,baseline,1,0.02685847,0.02685847,1,0.94057685,0.12459134,0.18012950,0.00002552,0.91972450,1.00000000,11,0.01797448,0.00000000,0.011425,public_simbench_planning_v7_direct_moea_de_controls
p3,constraint_repair,Standard DE,baseline,2,0.02976222,0.02976222,1,0.96093841,0.12450577,0.17924505,0.00001972,0.99357542,1.00000000,11,0.01798028,0.00000000,0.012343,public_simbench_planning_v7_direct_moea_de_controls
p3,constraint_repair,Standard DE,baseline,3,0.02728783,0.02728783,1,0.99609547,0.12448558,0.17965201,0.00003247,0.91388055,1.00000000,12,0.01796753,0.00000000,0.011773,public_simbench_planning_v7_direct_moea_de_controls
p3,constraint_repair,Standard DE,baseline,4,0.02976222,0.02976222,1,0.96093841,0.12450577,0.17924505,0.00001972,0.99357542,1.00000000,11,0.01798028,0.00000000,0.010949,public_simbench_planning_v7_direct_moea_de_controls
p3,constraint_repair,Standard DE,baseline,5,0.02976222,0.02976222,1,0.96093841,0.12450577,0.17924505,0.00001972,0.99357542,1.00000000,11,0.01798028,0.00000000,0.012109,public_simbench_planning_v7_direct_moea_de_controls
p3,constraint_repair,Standard DE,baseline,6,0.02728783,0.02728783,1,0.99609547,0.12448558,0.17965201,0.00003247,0.91388055,1.00000000,12,0.01796753,0.00000000,0.011429,public_simbench_planning_v7_direct_moea_de_controls
p3,constraint_repair,Standard DE,baseline,7,0.03072117,0.03072117,1,0.97577432,0.12443847,0.17852254,0.00001856,1.00000000,1.00000000,11,0.01798144,0.00000000,0.013823,public_simbench_planning_v7_direct_moea_de_controls
p3,constraint_repair,Standard DE,baseline,8,0.02728783,0.02728783,1,0.99609547,0.12448558,0.17965201,0.00003247,0.91388055,1.00000000,12,0.01796753,0.00000000,0.012929,public_simbench_planning_v7_direct_moea_de_controls
p3,constraint_repair,Standard DE,baseline,9,0.02786099,0.02786099,1,0.93126659,0.12464036,0.18069006,0.00002204,0.96630364,1.00000000,11,0.01797796,0.00000000,0.011792,public_simbench_planning_v7_direct_moea_de_controls
p3,constraint_repair,Standard DE,baseline,10,0.03019892,0.03019892,1,0.97198970,0.12446922,0.17892116,0.00001044,1.00000000,1.00000000,11,0.01798956,0.00000000,0.011916,public_simbench_planning_v7_direct_moea_de_controls
p3,constraint_repair,Standard DE,baseline,11,0.02809777,0.02809777,1,0.89058388,0.12467882,0.18044505,0.00001392,0.98578348,1.00000000,10,0.01798608,0.00000000,0.011237,public_simbench_planning_v7_direct_moea_de_controls
p3,constraint_repair,Standard DE,baseline,12,0.02976222,0.02976222,1,0.96093841,0.12450577,0.17924505,0.00001972,0.99357542,1.00000000,11,0.01798028,0.00000000,0.011113,public_simbench_planning_v7_direct_moea_de_controls
p3,constraint_repair,Standard DE,baseline,13,0.02998040,0.02998040,1,0.96646405,0.12448750,0.17908310,0.00001508,1.00000000,1.00000000,11,0.01798492,0.00000000,0.010833,public_simbench_planning_v7_direct_moea_de_controls
p3,constraint_repair,Standard DE,baseline,14,0.02728783,0.02728783,1,0.99609547,0.12448558,0.17965201,0.00003247,0.91388055,1.00000000,12,0.01796753,0.00000000,0.010725,public_simbench_planning_v7_direct_moea_de_controls
p3,constraint_repair,Standard DE,baseline,15,0.02880882,0.02880882,1,0.94610250,0.12457307,0.17996756,0.00002088,0.97993953,1.00000000,11,0.01797912,0.00000000,0.011091,public_simbench_planning_v7_direct_moea_de_controls
p3,constraint_repair,Standard DE,baseline,16,0.02728783,0.02728783,1,0.99609547,0.12448558,0.17965201,0.00003247,0.91388055,1.00000000,12,0.01796753,0.00000000,0.011192,public_simbench_planning_v7_direct_moea_de_controls
p3,constraint_repair,Standard DE,baseline,17,0.02998040,0.02998040,1,0.96646405,0.12448750,0.17908310,0.00001508,1.00000000,1.00000000,11,0.01798492,0.00000000,0.011103,public_simbench_planning_v7_direct_moea_de_controls
p3,constraint_repair,Standard DE,baseline,18,0.02880882,0.02880882,1,0.94610250,0.12457307,0.17996756,0.00002088,0.97993953,1.00000000,11,0.01797912,0.00000000,0.012251,public_simbench_planning_v7_direct_moea_de_controls
p3,constraint_repair,Standard DE,baseline,19,0.03019892,0.03019892,1,0.97198970,0.12446922,0.17892116,0.00001044,1.00000000,1.00000000,11,0.01798956,0.00000000,0.011394,public_simbench_planning_v7_direct_moea_de_controls
p3,constraint_repair,Standard DE,baseline,20,0.02880882,0.02880882,1,0.94610250,0.12457307,0.17996756,0.00002088,0.97993953,1.00000000,11,0.01797912,0.00000000,0.010834,public_simbench_planning_v7_direct_moea_de_controls
p3,constraint_repair,Standard DE,baseline,21,0.02976222,0.02976222,1,0.96093841,0.12450577,0.17924505,0.00001972,0.99357542,1.00000000,11,0.01798028,0.00000000,0.012160,public_simbench_planning_v7_direct_moea_de_controls
p3,constraint_repair,Standard DE,baseline,22,0.02902566,0.02902566,1,0.95162814,0.12455479,0.17980561,0.00001624,1.00000000,1.00000000,11,0.01798376,0.00000000,0.011918,public_simbench_planning_v7_direct_moea_de_controls
p3,constraint_repair,Standard DE,baseline,23,0.02786099,0.02786099,1,0.93126659,0.12464036,0.18069006,0.00002204,0.96630364,1.00000000,11,0.01797796,0.00000000,0.011165,public_simbench_planning_v7_direct_moea_de_controls
p3,constraint_repair,Standard DE,baseline,24,0.02976222,0.02976222,1,0.96093841,0.12450577,0.17924505,0.00001972,0.99357542,1.00000000,11,0.01798028,0.00000000,0.011455,public_simbench_planning_v7_direct_moea_de_controls
p3,constraint_repair,Standard DE,baseline,25,0.02902566,0.02902566,1,0.95162814,0.12455479,0.17980561,0.00001624,1.00000000,1.00000000,11,0.01798376,0.00000000,0.011153,public_simbench_planning_v7_direct_moea_de_controls
p3,constraint_repair,Standard DE,baseline,26,0.02685847,0.02685847,1,0.94057685,0.12459134,0.18012950,0.00002552,0.91972450,1.00000000,11,0.01797448,0.00000000,0.011789,public_simbench_planning_v7_direct_moea_de_controls
p3,constraint_repair,Standard DE,baseline,27,0.02728783,0.02728783,1,0.99609547,0.12448558,0.17965201,0.00003247,0.91388055,1.00000000,12,0.01796753,0.00000000,0.010915,public_simbench_planning_v7_direct_moea_de_controls
p3,constraint_repair,Standard DE,baseline,28,0.02998040,0.02998040,1,0.96646405,0.12448750,0.17908310,0.00001508,1.00000000,1.00000000,11,0.01798492,0.00000000,0.011012,public_simbench_planning_v7_direct_moea_de_controls
p3,constraint_repair,Standard DE,baseline,29,0.02976222,0.02976222,1,0.96093841,0.12450577,0.17924505,0.00001972,0.99357542,1.00000000,11,0.01798028,0.00000000,0.011389,public_simbench_planning_v7_direct_moea_de_controls
p3,constraint_repair,PSO,baseline,0,0.01051838,0.01051838,1,0.92320560,0.11821219,0.19004426,0.00185579,0.58938064,0.70855438,7,0.01614421,0.00000000,0.033627,public_simbench_planning_v7_direct_moea_de_controls
p3,constraint_repair,PSO,baseline,1,0.00842765,0.00842765,1,0.65737732,0.12540375,0.18670674,0.00003479,0.55436587,0.68920571,8,0.01796521,0.00000000,0.004646,public_simbench_planning_v7_direct_moea_de_controls
p3,constraint_repair,PSO,baseline,2,0.00845267,0.00845267,1,0.92461114,0.11377092,0.19273814,0.00000928,0.54318888,0.67672386,5,0.01799072,0.00000000,0.005082,public_simbench_planning_v7_direct_moea_de_controls
p3,constraint_repair,PSO,baseline,3,0.01033740,0.01033740,1,0.68909578,0.11984402,0.19155981,0.00000464,0.65070159,0.76002860,5,0.01799536,0.00000000,0.005696,public_simbench_planning_v7_direct_moea_de_controls
p3,constraint_repair,PSO,baseline,4,0.01126907,0.01126907,1,0.80803773,0.12402476,0.18735038,0.00186855,0.63862629,0.74537295,9,0.01613145,0.00000000,0.004650,public_simbench_planning_v7_direct_moea_de_controls
p3,constraint_repair,PSO,baseline,5,0.00928067,0.00928067,1,0.56840226,0.12567486,0.18902787,0.00002204,0.63973221,0.74399757,7,0.01797796,0.00000000,0.004770,public_simbench_planning_v7_direct_moea_de_controls
p3,constraint_repair,PSO,baseline,6,0.01953444,0.01953444,1,0.99087544,0.11906624,0.18587536,0.00002204,0.75572025,0.88287576,9,0.01797796,0.00000000,0.004786,public_simbench_planning_v7_direct_moea_de_controls
p3,constraint_repair,PSO,baseline,7,0.00821633,0.00821633,1,0.60390534,0.12008437,0.19348232,0.00000000,0.62927376,0.72821152,4,0.01800000,0.09693548,0.004718,public_simbench_planning_v7_direct_moea_de_controls
p3,constraint_repair,PSO,baseline,8,0.01229138,0.01229138,1,0.72394723,0.12526146,0.18590536,0.00003247,0.66895198,0.78854148,9,0.01796753,0.00000000,0.004509,public_simbench_planning_v7_direct_moea_de_controls
p3,constraint_repair,PSO,baseline,9,0.01237472,0.01237472,1,0.99916839,0.11500654,0.19019693,0.00001624,0.61438641,0.74776415,7,0.01798376,0.00000000,0.004980,public_simbench_planning_v7_direct_moea_de_controls
p3,constraint_repair,PSO,baseline,10,0.01579163,0.01579163,1,0.97051388,0.11915181,0.18675981,0.00002784,0.68186933,0.81093592,9,0.01797216,0.00000000,0.004771,public_simbench_planning_v7_direct_moea_de_controls
p3,constraint_repair,PSO,baseline,11,0.01666509,0.01666509,1,0.95143934,0.12314489,0.18373760,0.00151001,0.70451019,0.83786908,9,0.01648999,0.00000000,0.004620,public_simbench_planning_v7_direct_moea_de_controls
p3,constraint_repair,PSO,baseline,12,0.01342086,0.01342086,1,0.96498824,0.11917008,0.18692175,0.00003247,0.62165430,0.75808633,9,0.01796753,0.00000000,0.005175,public_simbench_planning_v7_direct_moea_de_controls
p3,constraint_repair,PSO,baseline,13,0.01172858,0.01172858,1,0.70260876,0.12120367,0.18965803,0.00000928,0.66752803,0.78458271,6,0.01799072,0.00000000,0.004966,public_simbench_planning_v7_direct_moea_de_controls
p3,constraint_repair,PSO,baseline,14,0.01142365,0.01142365,1,0.78877611,0.12510667,0.18486730,0.00004291,0.61652888,0.74841872,10,0.01795709,0.00000000,0.004877,public_simbench_planning_v7_direct_moea_de_controls
p3,constraint_repair,PSO,baseline,15,0.00946003,0.00946003,1,0.93311878,0.11815590,0.18948370,0.00187679,0.54391014,0.67660583,7,0.01612321,0.00000000,0.004871,public_simbench_planning_v7_direct_moea_de_controls
p3,constraint_repair,PSO,baseline,16,0.00821633,0.00821633,1,0.60390534,0.12008437,0.19348232,0.00000000,0.62927376,0.72821152,4,0.01800000,0.09693548,0.004609,public_simbench_planning_v7_direct_moea_de_controls
p3,constraint_repair,PSO,baseline,17,0.01342086,0.01342086,1,0.96498824,0.11917008,0.18692175,0.00003247,0.62165430,0.75808633,9,0.01796753,0.00000000,0.004883,public_simbench_planning_v7_direct_moea_de_controls
p3,constraint_repair,PSO,baseline,18,0.01213968,0.01213968,1,0.91527721,0.12330786,0.18538211,0.00150296,0.61397461,0.74231203,9,0.01649704,0.00000000,0.004748,public_simbench_planning_v7_direct_moea_de_controls
p3,constraint_repair,PSO,baseline,19,0.00688248,0.00688248,1,0.49252209,0.12586619,0.19038981,0.00002088,0.57172524,0.67842115,6,0.01797912,0.00000000,0.004485,public_simbench_planning_v7_direct_moea_de_controls
p3,constraint_repair,PSO,baseline,20,0.00651512,0.00651512,1,0.87551877,0.12346891,0.18711346,0.00152857,0.46932154,0.60295933,9,0.01647143,0.00000000,0.004846,public_simbench_planning_v7_direct_moea_de_controls
p3,constraint_repair,PSO,baseline,21,0.01525617,0.01525617,1,0.74430878,0.12517588,0.18502091,0.00002668,0.74280289,0.86048131,9,0.01797332,0.00000000,0.005011,public_simbench_planning_v7_direct_moea_de_controls
p3,constraint_repair,PSO,baseline,22,0.00767397,0.00767397,1,0.36286433,0.12617575,0.19246593,0.00000000,0.67657143,0.75866667,4,0.01800000,0.15741935,0.004640,public_simbench_planning_v7_direct_moea_de_controls
p3,constraint_repair,PSO,baseline,23,0.01793282,0.01793282,1,0.90916401,0.12471345,0.18133784,0.00004059,0.72544352,0.87126588,11,0.01795941,0.00000000,0.004528,public_simbench_planning_v7_direct_moea_de_controls
p3,constraint_repair,PSO,baseline,24,0.01124409,0.01124409,1,0.72809142,0.12037097,0.19035968,0.00001044,0.65656090,0.76970491,6,0.01798956,0.00000000,0.005324,public_simbench_planning_v7_direct_moea_de_controls
p3,constraint_repair,PSO,baseline,25,0.01506385,0.01506385,1,0.77848893,0.12101234,0.18829609,0.00001044,0.73553500,0.85015913,7,0.01798956,0.00000000,0.004692,public_simbench_planning_v7_direct_moea_de_controls
p3,constraint_repair,PSO,baseline,26,0.00725045,0.00725045,1,0.61902320,0.12406737,0.19090462,0.00148092,0.56917097,0.67231447,5,0.01651908,0.00000000,0.004622,public_simbench_planning_v7_direct_moea_de_controls
p3,constraint_repair,PSO,baseline,27,0.02832351,0.02832351,1,0.95541277,0.12452404,0.17940699,0.00002436,0.93336039,1.00000000,11,0.01797564,0.00000000,0.004874,public_simbench_planning_v7_direct_moea_de_controls
p3,constraint_repair,PSO,baseline,28,0.01578666,0.01578666,1,0.91367234,0.12068451,0.18605803,0.00002668,0.69090384,0.82276320,9,0.01797332,0.00000000,0.004997,public_simbench_planning_v7_direct_moea_de_controls
p3,constraint_repair,PSO,baseline,29,0.00844535,0.00844535,1,0.93138340,0.11779285,0.19068346,0.00150073,0.53271401,0.65911312,6,0.01649927,0.00000000,0.004573,public_simbench_planning_v7_direct_moea_de_controls
p3,constraint_repair,GA,baseline,0,0.03124053,0.03124053,1,0.99787690,0.12436538,0.17787477,0.00000000,1.00000000,1.00000000,11,0.01800000,0.15741935,0.032872,public_simbench_planning_v7_direct_moea_de_controls
p3,constraint_repair,GA,baseline,1,0.03124053,0.03124053,1,0.99787690,0.12436538,0.17787477,0.00000000,1.00000000,1.00000000,11,0.01800000,0.15741935,0.004416,public_simbench_planning_v7_direct_moea_de_controls
p3,constraint_repair,GA,baseline,2,0.03116057,0.03116057,1,0.98682561,0.12440192,0.17819865,0.00000928,1.00000000,1.00000000,11,0.01799072,0.00000000,0.005104,public_simbench_planning_v7_direct_moea_de_controls
p3,constraint_repair,GA,baseline,3,0.03121417,0.03121417,1,0.99235125,0.12438365,0.17803671,0.00000464,1.00000000,1.00000000,11,0.01799536,0.06944282,0.004108,public_simbench_planning_v7_direct_moea_de_controls
p3,constraint_repair,GA,baseline,4,0.03121417,0.03121417,1,0.99235125,0.12438365,0.17803671,0.00000464,1.00000000,1.00000000,11,0.01799536,0.06944282,0.004097,public_simbench_planning_v7_direct_moea_de_controls
p3,constraint_repair,GA,baseline,5,0.03121417,0.03121417,1,0.99235125,0.12438365,0.17803671,0.00000464,1.00000000,1.00000000,11,0.01799536,0.06944282,0.005199,public_simbench_planning_v7_direct_moea_de_controls
p3,constraint_repair,GA,baseline,6,0.03124053,0.03124053,1,0.99787690,0.12436538,0.17787477,0.00000000,1.00000000,1.00000000,11,0.01800000,0.15741935,0.004289,public_simbench_planning_v7_direct_moea_de_controls
p3,constraint_repair,GA,baseline,7,0.03124053,0.03124053,1,0.99787690,0.12436538,0.17787477,0.00000000,1.00000000,1.00000000,11,0.01800000,0.15741935,0.004136,public_simbench_planning_v7_direct_moea_de_controls
p3,constraint_repair,GA,baseline,8,0.03124053,0.03124053,1,0.99787690,0.12436538,0.17787477,0.00000000,1.00000000,1.00000000,11,0.01800000,0.15741935,0.004112,public_simbench_planning_v7_direct_moea_de_controls
p3,constraint_repair,GA,baseline,9,0.03121417,0.03121417,1,0.99235125,0.12438365,0.17803671,0.00000464,1.00000000,1.00000000,11,0.01799536,0.06944282,0.005218,public_simbench_planning_v7_direct_moea_de_controls
p3,constraint_repair,GA,baseline,10,0.03121417,0.03121417,1,0.99235125,0.12438365,0.17803671,0.00000464,1.00000000,1.00000000,11,0.01799536,0.06944282,0.004162,public_simbench_planning_v7_direct_moea_de_controls
p3,constraint_repair,GA,baseline,11,0.03121417,0.03121417,1,0.99235125,0.12438365,0.17803671,0.00000464,1.00000000,1.00000000,11,0.01799536,0.06944282,0.004145,public_simbench_planning_v7_direct_moea_de_controls
p3,constraint_repair,GA,baseline,12,0.03116057,0.03116057,1,0.98682561,0.12440192,0.17819865,0.00000928,1.00000000,1.00000000,11,0.01799072,0.00000000,0.004963,public_simbench_planning_v7_direct_moea_de_controls
p3,constraint_repair,GA,baseline,13,0.03121417,0.03121417,1,0.99235125,0.12438365,0.17803671,0.00000464,1.00000000,1.00000000,11,0.01799536,0.06944282,0.004695,public_simbench_planning_v7_direct_moea_de_controls
p3,constraint_repair,GA,baseline,14,0.03116057,0.03116057,1,0.98682561,0.12440192,0.17819865,0.00000928,1.00000000,1.00000000,11,0.01799072,0.00000000,0.004192,public_simbench_planning_v7_direct_moea_de_controls
p3,constraint_repair,GA,baseline,15,0.03121417,0.03121417,1,0.99235125,0.12438365,0.17803671,0.00000464,1.00000000,1.00000000,11,0.01799536,0.06944282,0.005240,public_simbench_planning_v7_direct_moea_de_controls
p3,constraint_repair,GA,baseline,16,0.03124053,0.03124053,1,0.99787690,0.12436538,0.17787477,0.00000000,1.00000000,1.00000000,11,0.01800000,0.15741935,0.004713,public_simbench_planning_v7_direct_moea_de_controls
p3,constraint_repair,GA,baseline,17,0.03121417,0.03121417,1,0.99235125,0.12438365,0.17803671,0.00000464,1.00000000,1.00000000,11,0.01799536,0.06944282,0.004097,public_simbench_planning_v7_direct_moea_de_controls
p3,constraint_repair,GA,baseline,18,0.03124053,0.03124053,1,0.99787690,0.12436538,0.17787477,0.00000000,1.00000000,1.00000000,11,0.01800000,0.15741935,0.004614,public_simbench_planning_v7_direct_moea_de_controls
p3,constraint_repair,GA,baseline,19,0.03041775,0.03041775,1,0.97751534,0.12445095,0.17875922,0.00000580,1.00000000,1.00000000,11,0.01799420,0.04011730,0.004141,public_simbench_planning_v7_direct_moea_de_controls
p3,constraint_repair,GA,baseline,20,0.03121417,0.03121417,1,0.99235125,0.12438365,0.17803671,0.00000464,1.00000000,1.00000000,11,0.01799536,0.06944282,0.004963,public_simbench_planning_v7_direct_moea_de_controls
p3,constraint_repair,GA,baseline,21,0.03124053,0.03124053,1,0.99787690,0.12436538,0.17787477,0.00000000,1.00000000,1.00000000,11,0.01800000,0.15741935,0.004127,public_simbench_planning_v7_direct_moea_de_controls
p3,constraint_repair,GA,baseline,22,0.03121417,0.03121417,1,0.99235125,0.12438365,0.17803671,0.00000464,1.00000000,1.00000000,11,0.01799536,0.06944282,0.004894,public_simbench_planning_v7_direct_moea_de_controls
p3,constraint_repair,GA,baseline,23,0.03116057,0.03116057,1,0.98682561,0.12440192,0.17819865,0.00000928,1.00000000,1.00000000,11,0.01799072,0.00000000,0.004454,public_simbench_planning_v7_direct_moea_de_controls
p3,constraint_repair,GA,baseline,24,0.03124053,0.03124053,1,0.99787690,0.12436538,0.17787477,0.00000000,1.00000000,1.00000000,11,0.01800000,0.15741935,0.004525,public_simbench_planning_v7_direct_moea_de_controls
p3,constraint_repair,GA,baseline,25,0.03121417,0.03121417,1,0.99235125,0.12438365,0.17803671,0.00000464,1.00000000,1.00000000,11,0.01799536,0.06944282,0.004826,public_simbench_planning_v7_direct_moea_de_controls
p3,constraint_repair,GA,baseline,26,0.03116057,0.03116057,1,0.98682561,0.12440192,0.17819865,0.00000928,1.00000000,1.00000000,11,0.01799072,0.00000000,0.004275,public_simbench_planning_v7_direct_moea_de_controls
p3,constraint_repair,GA,baseline,27,0.03121417,0.03121417,1,0.99235125,0.12438365,0.17803671,0.00000464,1.00000000,1.00000000,11,0.01799536,0.06944282,0.004805,public_simbench_planning_v7_direct_moea_de_controls
p3,constraint_repair,GA,baseline,28,0.03121417,0.03121417,1,0.99235125,0.12438365,0.17803671,0.00000464,1.00000000,1.00000000,11,0.01799536,0.06944282,0.004104,public_simbench_planning_v7_direct_moea_de_controls
p3,constraint_repair,GA,baseline,29,0.03121417,0.03121417,1,0.99235125,0.12438365,0.17803671,0.00000464,1.00000000,1.00000000,11,0.01799536,0.06944282,0.004504,public_simbench_planning_v7_direct_moea_de_controls
p3,constraint_repair,Weighted Sum,baseline,0,0.00394475,0.00394475,1,0.99527128,0.10816025,0.19759955,0.00000000,0.45303556,0.58263456,3,0.01800000,0.00000000,0.000309,public_simbench_planning_v7_direct_moea_de_controls
p3,constraint_repair,Weighted Sum,baseline,1,0.00394475,0.00394475,1,0.99527128,0.10816025,0.19759955,0.00000000,0.45303556,0.58263456,3,0.01800000,0.00000000,0.000293,public_simbench_planning_v7_direct_moea_de_controls
p3,constraint_repair,Weighted Sum,baseline,2,0.00394475,0.00394475,1,0.99527128,0.10816025,0.19759955,0.00000000,0.45303556,0.58263456,3,0.01800000,0.00000000,0.000288,public_simbench_planning_v7_direct_moea_de_controls
p3,constraint_repair,Weighted Sum,baseline,3,0.00394475,0.00394475,1,0.99527128,0.10816025,0.19759955,0.00000000,0.45303556,0.58263456,3,0.01800000,0.00000000,0.000289,public_simbench_planning_v7_direct_moea_de_controls
p3,constraint_repair,Weighted Sum,baseline,4,0.00394475,0.00394475,1,0.99527128,0.10816025,0.19759955,0.00000000,0.45303556,0.58263456,3,0.01800000,0.00000000,0.000279,public_simbench_planning_v7_direct_moea_de_controls
p3,constraint_repair,Weighted Sum,baseline,5,0.00394475,0.00394475,1,0.99527128,0.10816025,0.19759955,0.00000000,0.45303556,0.58263456,3,0.01800000,0.00000000,0.000297,public_simbench_planning_v7_direct_moea_de_controls
p3,constraint_repair,Weighted Sum,baseline,6,0.00394475,0.00394475,1,0.99527128,0.10816025,0.19759955,0.00000000,0.45303556,0.58263456,3,0.01800000,0.00000000,0.000280,public_simbench_planning_v7_direct_moea_de_controls
p3,constraint_repair,Weighted Sum,baseline,7,0.00394475,0.00394475,1,0.99527128,0.10816025,0.19759955,0.00000000,0.45303556,0.58263456,3,0.01800000,0.00000000,0.000274,public_simbench_planning_v7_direct_moea_de_controls
p3,constraint_repair,Weighted Sum,baseline,8,0.00394475,0.00394475,1,0.99527128,0.10816025,0.19759955,0.00000000,0.45303556,0.58263456,3,0.01800000,0.00000000,0.000288,public_simbench_planning_v7_direct_moea_de_controls
p3,constraint_repair,Weighted Sum,baseline,9,0.00394475,0.00394475,1,0.99527128,0.10816025,0.19759955,0.00000000,0.45303556,0.58263456,3,0.01800000,0.00000000,0.000276,public_simbench_planning_v7_direct_moea_de_controls
p3,constraint_repair,Weighted Sum,baseline,10,0.00394475,0.00394475,1,0.99527128,0.10816025,0.19759955,0.00000000,0.45303556,0.58263456,3,0.01800000,0.00000000,0.000273,public_simbench_planning_v7_direct_moea_de_controls
p3,constraint_repair,Weighted Sum,baseline,11,0.00394475,0.00394475,1,0.99527128,0.10816025,0.19759955,0.00000000,0.45303556,0.58263456,3,0.01800000,0.00000000,0.000282,public_simbench_planning_v7_direct_moea_de_controls
p3,constraint_repair,Weighted Sum,baseline,12,0.00394475,0.00394475,1,0.99527128,0.10816025,0.19759955,0.00000000,0.45303556,0.58263456,3,0.01800000,0.00000000,0.000284,public_simbench_planning_v7_direct_moea_de_controls
p3,constraint_repair,Weighted Sum,baseline,13,0.00394475,0.00394475,1,0.99527128,0.10816025,0.19759955,0.00000000,0.45303556,0.58263456,3,0.01800000,0.00000000,0.000277,public_simbench_planning_v7_direct_moea_de_controls
p3,constraint_repair,Weighted Sum,baseline,14,0.00394475,0.00394475,1,0.99527128,0.10816025,0.19759955,0.00000000,0.45303556,0.58263456,3,0.01800000,0.00000000,0.000490,public_simbench_planning_v7_direct_moea_de_controls
p3,constraint_repair,Weighted Sum,baseline,15,0.00394475,0.00394475,1,0.99527128,0.10816025,0.19759955,0.00000000,0.45303556,0.58263456,3,0.01800000,0.00000000,0.000629,public_simbench_planning_v7_direct_moea_de_controls
p3,constraint_repair,Weighted Sum,baseline,16,0.00394475,0.00394475,1,0.99527128,0.10816025,0.19759955,0.00000000,0.45303556,0.58263456,3,0.01800000,0.00000000,0.000373,public_simbench_planning_v7_direct_moea_de_controls
p3,constraint_repair,Weighted Sum,baseline,17,0.00394475,0.00394475,1,0.99527128,0.10816025,0.19759955,0.00000000,0.45303556,0.58263456,3,0.01800000,0.00000000,0.000321,public_simbench_planning_v7_direct_moea_de_controls
p3,constraint_repair,Weighted Sum,baseline,18,0.00394475,0.00394475,1,0.99527128,0.10816025,0.19759955,0.00000000,0.45303556,0.58263456,3,0.01800000,0.00000000,0.000294,public_simbench_planning_v7_direct_moea_de_controls
p3,constraint_repair,Weighted Sum,baseline,19,0.00394475,0.00394475,1,0.99527128,0.10816025,0.19759955,0.00000000,0.45303556,0.58263456,3,0.01800000,0.00000000,0.000285,public_simbench_planning_v7_direct_moea_de_controls
p3,constraint_repair,Weighted Sum,baseline,20,0.00394475,0.00394475,1,0.99527128,0.10816025,0.19759955,0.00000000,0.45303556,0.58263456,3,0.01800000,0.00000000,0.000290,public_simbench_planning_v7_direct_moea_de_controls
p3,constraint_repair,Weighted Sum,baseline,21,0.00394475,0.00394475,1,0.99527128,0.10816025,0.19759955,0.00000000,0.45303556,0.58263456,3,0.01800000,0.00000000,0.000289,public_simbench_planning_v7_direct_moea_de_controls
p3,constraint_repair,Weighted Sum,baseline,22,0.00394475,0.00394475,1,0.99527128,0.10816025,0.19759955,0.00000000,0.45303556,0.58263456,3,0.01800000,0.00000000,0.000278,public_simbench_planning_v7_direct_moea_de_controls
p3,constraint_repair,Weighted Sum,baseline,23,0.00394475,0.00394475,1,0.99527128,0.10816025,0.19759955,0.00000000,0.45303556,0.58263456,3,0.01800000,0.00000000,0.000282,public_simbench_planning_v7_direct_moea_de_controls
p3,constraint_repair,Weighted Sum,baseline,24,0.00394475,0.00394475,1,0.99527128,0.10816025,0.19759955,0.00000000,0.45303556,0.58263456,3,0.01800000,0.00000000,0.000372,public_simbench_planning_v7_direct_moea_de_controls
p3,constraint_repair,Weighted Sum,baseline,25,0.00394475,0.00394475,1,0.99527128,0.10816025,0.19759955,0.00000000,0.45303556,0.58263456,3,0.01800000,0.00000000,0.000315,public_simbench_planning_v7_direct_moea_de_controls
p3,constraint_repair,Weighted Sum,baseline,26,0.00394475,0.00394475,1,0.99527128,0.10816025,0.19759955,0.00000000,0.45303556,0.58263456,3,0.01800000,0.00000000,0.000293,public_simbench_planning_v7_direct_moea_de_controls
p3,constraint_repair,Weighted Sum,baseline,27,0.00394475,0.00394475,1,0.99527128,0.10816025,0.19759955,0.00000000,0.45303556,0.58263456,3,0.01800000,0.00000000,0.000308,public_simbench_planning_v7_direct_moea_de_controls
p3,constraint_repair,Weighted Sum,baseline,28,0.00394475,0.00394475,1,0.99527128,0.10816025,0.19759955,0.00000000,0.45303556,0.58263456,3,0.01800000,0.00000000,0.000292,public_simbench_planning_v7_direct_moea_de_controls
p3,constraint_repair,Weighted Sum,baseline,29,0.00394475,0.00394475,1,0.99527128,0.10816025,0.19759955,0.00000000,0.45303556,0.58263456,3,0.01800000,0.00000000,0.000282,public_simbench_planning_v7_direct_moea_de_controls
p3,constraint_repair,Ablation-NoRepair,ablation,0,0.03531504,0.03531504,39,0.89058388,0.12467882,0.18044505,0.00001392,0.98578348,1.00000000,10,0.01798608,0.00000000,0.082193,public_simbench_planning_v7_direct_moea_de_controls
p3,constraint_repair,Ablation-NoRepair,ablation,1,0.03412999,0.03412999,37,0.94057685,0.12459134,0.18012950,0.00002552,0.91972450,1.00000000,11,0.01797448,0.00000000,0.083188,public_simbench_planning_v7_direct_moea_de_controls
p3,constraint_repair,Ablation-NoRepair,ablation,2,0.03234927,0.03234927,40,0.99988009,0.12445483,0.17925339,0.00004059,0.80708638,0.95593254,12,0.01795941,0.00000000,0.080753,public_simbench_planning_v7_direct_moea_de_controls
p3,constraint_repair,Ablation-NoRepair,ablation,3,0.03407588,0.03407588,37,0.99056983,0.12450386,0.17981395,0.00003711,0.85366552,0.98969189,12,0.01796289,0.00000000,0.082586,public_simbench_planning_v7_direct_moea_de_controls
p3,constraint_repair,Ablation-NoRepair,ablation,4,0.03488668,0.03488668,39,0.94057685,0.12459134,0.18012950,0.00002552,0.91972450,1.00000000,11,0.01797448,0.00000000,0.080870,public_simbench_planning_v7_direct_moea_de_controls
p3,constraint_repair,Ablation-NoRepair,ablation,5,0.03470425,0.03470425,39,0.94057685,0.12459134,0.18012950,0.00002552,0.91972450,1.00000000,11,0.01797448,0.00000000,0.082674,public_simbench_planning_v7_direct_moea_de_controls
p3,constraint_repair,Ablation-NoRepair,ablation,6,0.03411883,0.03411883,38,0.80539345,0.12491917,0.18236756,0.00000928,0.96435565,1.00000000,9,0.01799072,0.00000000,0.080999,public_simbench_planning_v7_direct_moea_de_controls
p3,constraint_repair,Ablation-NoRepair,ablation,7,0.03760295,0.03760295,40,0.96093841,0.12450577,0.17924505,0.00001972,0.99357542,1.00000000,11,0.01798028,0.00000000,0.082582,public_simbench_planning_v7_direct_moea_de_controls
p3,constraint_repair,Ablation-NoRepair,ablation,8,0.03504130,0.03504130,39,0.94610250,0.12457307,0.17996756,0.00002088,0.97993953,1.00000000,11,0.01797912,0.00000000,0.081322,public_simbench_planning_v7_direct_moea_de_controls
p3,constraint_repair,Ablation-NoRepair,ablation,9,0.03577421,0.03577421,40,0.93126659,0.12464036,0.18069006,0.00002204,0.96630364,1.00000000,11,0.01797796,0.00000000,0.083205,public_simbench_planning_v7_direct_moea_de_controls
p3,constraint_repair,Ablation-NoRepair,ablation,10,0.03462668,0.03462668,38,0.99609547,0.12448558,0.17965201,0.00003247,0.91388055,1.00000000,12,0.01796753,0.00000000,0.083014,public_simbench_planning_v7_direct_moea_de_controls
p3,constraint_repair,Ablation-NoRepair,ablation,11,0.03090231,0.03090231,38,0.99988009,0.12445483,0.17925339,0.00004059,0.80708638,0.95593254,12,0.01795941,0.00000000,0.082575,public_simbench_planning_v7_direct_moea_de_controls
p3,constraint_repair,Ablation-NoRepair,ablation,12,0.03508355,0.03508355,39,0.98458757,0.12338583,0.18132950,0.00187099,0.90998731,1.00000000,10,0.01612901,0.00000000,0.081916,public_simbench_planning_v7_direct_moea_de_controls
p3,constraint_repair,Ablation-NoRepair,ablation,13,0.03354407,0.03354407,39,0.99609547,0.12448558,0.17965201,0.00003247,0.91388055,1.00000000,12,0.01796753,0.00000000,0.082980,public_simbench_planning_v7_direct_moea_de_controls
p3,constraint_repair,Ablation-NoRepair,ablation,14,0.03625835,0.03625835,40,0.94610250,0.12457307,0.17996756,0.00002088,0.97993953,1.00000000,11,0.01797912,0.00000000,0.081224,public_simbench_planning_v7_direct_moea_de_controls
p3,constraint_repair,Ablation-NoRepair,ablation,15,0.03555016,0.03555016,39,0.93126659,0.12464036,0.18069006,0.00002204,0.96630364,1.00000000,11,0.01797796,0.00000000,0.081038,public_simbench_planning_v7_direct_moea_de_controls
p3,constraint_repair,Ablation-NoRepair,ablation,16,0.03362601,0.03362601,39,0.99609547,0.12448558,0.17965201,0.00003247,0.91388055,1.00000000,12,0.01796753,0.00000000,0.082130,public_simbench_planning_v7_direct_moea_de_controls
p3,constraint_repair,Ablation-NoRepair,ablation,17,0.03337367,0.03337367,37,0.87022233,0.12476439,0.18132950,0.00001972,0.91193256,1.00000000,10,0.01798028,0.00000000,0.082420,public_simbench_planning_v7_direct_moea_de_controls
p3,constraint_repair,Ablation-NoRepair,ablation,18,0.03472635,0.03472635,39,0.95541277,0.12452404,0.17940699,0.00002436,0.93336039,1.00000000,11,0.01797564,0.00000000,0.081440,public_simbench_planning_v7_direct_moea_de_controls
p3,constraint_repair,Ablation-NoRepair,ablation,19,0.03688851,0.03688851,39,0.99563886,0.12334929,0.18100561,0.00186171,1.00000000,1.00000000,10,0.01613829,0.00000000,0.082507,public_simbench_planning_v7_direct_moea_de_controls
p3,constraint_repair,Ablation-NoRepair,ablation,20,0.02944650,0.02944650,39,0.99056983,0.12450386,0.17981395,0.00003711,0.85366552,0.98969189,12,0.01796289,0.00000000,0.081068,public_simbench_planning_v7_direct_moea_de_controls
p3,constraint_repair,Ablation-NoRepair,ablation,21,0.03253448,0.03253448,39,0.87953260,0.12471537,0.18076893,0.00002320,0.86535342,1.00000000,10,0.01797680,0.00000000,0.080716,public_simbench_planning_v7_direct_moea_de_controls
p3,constraint_repair,Ablation-NoRepair,ablation,22,0.03400577,0.03400577,38,0.99609547,0.12448558,0.17965201,0.00003247,0.91388055,1.00000000,12,0.01796753,0.00000000,0.082920,public_simbench_planning_v7_direct_moea_de_controls
p3,constraint_repair,Ablation-NoRepair,ablation,23,0.03445995,0.03445995,39,0.99609547,0.12448558,0.17965201,0.00003247,0.91388055,1.00000000,12,0.01796753,0.00000000,0.084625,public_simbench_planning_v7_direct_moea_de_controls
p3,constraint_repair,Ablation-NoRepair,ablation,24,0.03565576,0.03565576,37,0.81091909,0.12490090,0.18220561,0.00000464,1.00000000,1.00000000,9,0.01799536,0.04989247,0.080001,public_simbench_planning_v7_direct_moea_de_controls
p3,constraint_repair,Ablation-NoRepair,ablation,25,0.03208388,0.03208388,37,0.99988009,0.12445483,0.17925339,0.00004059,0.80708638,0.95593254,12,0.01795941,0.00000000,0.080821,public_simbench_planning_v7_direct_moea_de_controls
p3,constraint_repair,Ablation-NoRepair,ablation,26,0.03903705,0.03903705,37,0.97577432,0.12443847,0.17852254,0.00001856,1.00000000,1.00000000,11,0.01798144,0.00000000,0.082307,public_simbench_planning_v7_direct_moea_de_controls
p3,constraint_repair,Ablation-NoRepair,ablation,27,0.03382698,0.03382698,38,0.94610250,0.12457307,0.17996756,0.00002088,0.97993953,1.00000000,11,0.01797912,0.00000000,0.080492,public_simbench_planning_v7_direct_moea_de_controls
p3,constraint_repair,Ablation-NoRepair,ablation,28,0.03295474,0.03295474,39,0.99609547,0.12448558,0.17965201,0.00003247,0.91388055,1.00000000,12,0.01796753,0.00000000,0.081494,public_simbench_planning_v7_direct_moea_de_controls
p3,constraint_repair,Ablation-NoRepair,ablation,29,0.03498806,0.03498806,39,0.87574797,0.12474612,0.18116756,0.00001508,0.97214759,1.00000000,10,0.01798492,0.00000000,0.082694,public_simbench_planning_v7_direct_moea_de_controls
p3,constraint_repair,Ablation-FixedDE,ablation,0,0.03940177,0.03940177,39,0.98682561,0.12440192,0.17819865,0.00000928,1.00000000,1.00000000,11,0.01799072,0.00000000,0.126840,public_simbench_planning_v7_direct_moea_de_controls
p3,constraint_repair,Ablation-FixedDE,ablation,1,0.03935697,0.03935697,38,0.97024868,0.12445674,0.17868448,0.00002320,0.94699628,1.00000000,11,0.01797680,0.00000000,0.128854,public_simbench_planning_v7_direct_moea_de_controls
p3,constraint_repair,Ablation-FixedDE,ablation,2,0.04086257,0.04086257,38,0.98129997,0.12442020,0.17836060,0.00001392,1.00000000,1.00000000,11,0.01798608,0.00000000,0.121126,public_simbench_planning_v7_direct_moea_de_controls
p3,constraint_repair,Ablation-FixedDE,ablation,3,0.03998781,0.03998781,38,0.98129997,0.12442020,0.17836060,0.00001392,1.00000000,1.00000000,11,0.01798608,0.00000000,0.129409,public_simbench_planning_v7_direct_moea_de_controls
p3,constraint_repair,Ablation-FixedDE,ablation,4,0.03982662,0.03982662,39,0.97577432,0.12443847,0.17852254,0.00001856,1.00000000,1.00000000,11,0.01798144,0.00000000,0.124940,public_simbench_planning_v7_direct_moea_de_controls
p3,constraint_repair,Ablation-FixedDE,ablation,5,0.03760778,0.03760778,38,0.97577432,0.12443847,0.17852254,0.00001856,1.00000000,1.00000000,11,0.01798144,0.00000000,0.130154,public_simbench_planning_v7_direct_moea_de_controls
p3,constraint_repair,Ablation-FixedDE,ablation,6,0.03990529,0.03990529,38,0.97577432,0.12443847,0.17852254,0.00001856,1.00000000,1.00000000,11,0.01798144,0.00000000,0.120360,public_simbench_planning_v7_direct_moea_de_controls
p3,constraint_repair,Ablation-FixedDE,ablation,7,0.03937161,0.03937161,39,0.96093841,0.12450577,0.17924505,0.00001972,0.99357542,1.00000000,11,0.01798028,0.00000000,0.122481,public_simbench_planning_v7_direct_moea_de_controls
p3,constraint_repair,Ablation-FixedDE,ablation,8,0.03784563,0.03784563,37,0.98129997,0.12442020,0.17836060,0.00001392,1.00000000,1.00000000,11,0.01798608,0.00000000,0.125363,public_simbench_planning_v7_direct_moea_de_controls
p3,constraint_repair,Ablation-FixedDE,ablation,9,0.03965619,0.03965619,39,0.99787690,0.12436538,0.17787477,0.00000000,1.00000000,1.00000000,11,0.01800000,0.15741935,0.123906,public_simbench_planning_v7_direct_moea_de_controls
p3,constraint_repair,Ablation-FixedDE,ablation,10,0.04052173,0.04052173,38,0.99787690,0.12436538,0.17787477,0.00000000,1.00000000,1.00000000,11,0.01800000,0.15741935,0.126343,public_simbench_planning_v7_direct_moea_de_controls
p3,constraint_repair,Ablation-FixedDE,ablation,11,0.03939920,0.03939920,39,0.97577432,0.12443847,0.17852254,0.00001856,1.00000000,1.00000000,11,0.01798144,0.00000000,0.123397,public_simbench_planning_v7_direct_moea_de_controls
p3,constraint_repair,Ablation-FixedDE,ablation,12,0.03895169,0.03895169,39,0.99787690,0.12436538,0.17787477,0.00000000,1.00000000,1.00000000,11,0.01800000,0.15741935,0.133130,public_simbench_planning_v7_direct_moea_de_controls
p3,constraint_repair,Ablation-FixedDE,ablation,13,0.03820762,0.03820762,39,0.99787690,0.12436538,0.17787477,0.00000000,1.00000000,1.00000000,11,0.01800000,0.15741935,0.122940,public_simbench_planning_v7_direct_moea_de_controls
p3,constraint_repair,Ablation-FixedDE,ablation,14,0.03990309,0.03990309,39,0.99787690,0.12436538,0.17787477,0.00000000,1.00000000,1.00000000,11,0.01800000,0.15741935,0.128264,public_simbench_planning_v7_direct_moea_de_controls
p3,constraint_repair,Ablation-FixedDE,ablation,15,0.03860762,0.03860762,39,0.99787690,0.12436538,0.17787477,0.00000000,1.00000000,1.00000000,11,0.01800000,0.15741935,0.121544,public_simbench_planning_v7_direct_moea_de_controls
p3,constraint_repair,Ablation-FixedDE,ablation,16,0.04053010,0.04053010,38,0.99787690,0.12436538,0.17787477,0.00000000,1.00000000,1.00000000,11,0.01800000,0.15741935,0.127312,public_simbench_planning_v7_direct_moea_de_controls
p3,constraint_repair,Ablation-FixedDE,ablation,17,0.03929729,0.03929729,39,0.98129997,0.12442020,0.17836060,0.00001392,1.00000000,1.00000000,11,0.01798608,0.00000000,0.124877,public_simbench_planning_v7_direct_moea_de_controls
p3,constraint_repair,Ablation-FixedDE,ablation,18,0.03816151,0.03816151,38,0.98129997,0.12442020,0.17836060,0.00001392,1.00000000,1.00000000,11,0.01798608,0.00000000,0.121198,public_simbench_planning_v7_direct_moea_de_controls
p3,constraint_repair,Ablation-FixedDE,ablation,19,0.04022693,0.04022693,39,0.99235125,0.12438365,0.17803671,0.00000464,1.00000000,1.00000000,11,0.01799536,0.06944282,0.126751,public_simbench_planning_v7_direct_moea_de_controls
p3,constraint_repair,Ablation-FixedDE,ablation,20,0.03848848,0.03848848,38,0.99235125,0.12438365,0.17803671,0.00000464,1.00000000,1.00000000,11,0.01799536,0.06944282,0.124849,public_simbench_planning_v7_direct_moea_de_controls
p3,constraint_repair,Ablation-FixedDE,ablation,21,0.03890959,0.03890959,39,0.99235125,0.12438365,0.17803671,0.00000464,1.00000000,1.00000000,11,0.01799536,0.06944282,0.127722,public_simbench_planning_v7_direct_moea_de_controls
p3,constraint_repair,Ablation-FixedDE,ablation,22,0.03877957,0.03877957,38,0.98129997,0.12442020,0.17836060,0.00001392,1.00000000,1.00000000,11,0.01798608,0.00000000,0.127774,public_simbench_planning_v7_direct_moea_de_controls
p3,constraint_repair,Ablation-FixedDE,ablation,23,0.03780973,0.03780973,38,0.97577432,0.12443847,0.17852254,0.00001856,1.00000000,1.00000000,11,0.01798144,0.00000000,0.129113,public_simbench_planning_v7_direct_moea_de_controls
p3,constraint_repair,Ablation-FixedDE,ablation,24,0.03958310,0.03958310,37,0.99235125,0.12438365,0.17803671,0.00000464,1.00000000,1.00000000,11,0.01799536,0.06944282,0.133035,public_simbench_planning_v7_direct_moea_de_controls
p3,constraint_repair,Ablation-FixedDE,ablation,25,0.03963375,0.03963375,38,0.97024868,0.12445674,0.17868448,0.00002320,0.94699628,1.00000000,11,0.01797680,0.00000000,0.120231,public_simbench_planning_v7_direct_moea_de_controls
p3,constraint_repair,Ablation-FixedDE,ablation,26,0.04067822,0.04067822,38,0.99787690,0.12436538,0.17787477,0.00000000,1.00000000,1.00000000,11,0.01800000,0.15741935,0.126899,public_simbench_planning_v7_direct_moea_de_controls
p3,constraint_repair,Ablation-FixedDE,ablation,27,0.03965606,0.03965606,38,0.98129997,0.12442020,0.17836060,0.00001392,1.00000000,1.00000000,11,0.01798608,0.00000000,0.124904,public_simbench_planning_v7_direct_moea_de_controls
p3,constraint_repair,Ablation-FixedDE,ablation,28,0.03918970,0.03918970,39,0.99787690,0.12436538,0.17787477,0.00000000,1.00000000,1.00000000,11,0.01800000,0.15741935,0.130148,public_simbench_planning_v7_direct_moea_de_controls
p3,constraint_repair,Ablation-FixedDE,ablation,29,0.04005839,0.04005839,39,0.98129997,0.12442020,0.17836060,0.00001392,1.00000000,1.00000000,11,0.01798608,0.00000000,0.128392,public_simbench_planning_v7_direct_moea_de_controls
p3,constraint_repair,Ablation-NoDiversity,ablation,0,0.03062229,0.03062229,8,0.72572865,0.12514125,0.18412812,0.00000000,1.00000000,1.00000000,8,0.01800000,0.15741935,0.190059,public_simbench_planning_v7_direct_moea_de_controls
p3,constraint_repair,Ablation-NoDiversity,ablation,1,0.03144578,0.03144578,7,0.81644473,0.12488263,0.18204367,0.00000000,1.00000000,1.00000000,9,0.01800000,0.15741935,0.220321,public_simbench_planning_v7_direct_moea_de_controls
p3,constraint_repair,Ablation-NoDiversity,ablation,2,0.03084963,0.03084963,13,0.72572865,0.12514125,0.18412812,0.00000000,1.00000000,1.00000000,8,0.01800000,0.15741935,0.210734,public_simbench_planning_v7_direct_moea_de_controls
p3,constraint_repair,Ablation-NoDiversity,ablation,3,0.03194919,0.03194919,9,0.72572865,0.12514125,0.18412812,0.00000000,1.00000000,1.00000000,8,0.01800000,0.15741935,0.210258,public_simbench_planning_v7_direct_moea_de_controls
p3,constraint_repair,Ablation-NoDiversity,ablation,4,0.03356547,0.03356547,12,0.81644473,0.12488263,0.18204367,0.00000000,1.00000000,1.00000000,9,0.01800000,0.15741935,0.210379,public_simbench_planning_v7_direct_moea_de_controls
p3,constraint_repair,Ablation-NoDiversity,ablation,5,0.03231202,0.03231202,11,0.81644473,0.12488263,0.18204367,0.00000000,1.00000000,1.00000000,9,0.01800000,0.15741935,0.196166,public_simbench_planning_v7_direct_moea_de_controls
p3,constraint_repair,Ablation-NoDiversity,ablation,6,0.03338947,0.03338947,11,0.81644473,0.12488263,0.18204367,0.00000000,1.00000000,1.00000000,9,0.01800000,0.15741935,0.211480,public_simbench_planning_v7_direct_moea_de_controls
p3,constraint_repair,Ablation-NoDiversity,ablation,7,0.02946715,0.02946715,9,0.96676966,0.11904988,0.18514451,0.00000000,0.95584519,1.00000000,8,0.01800000,0.12717742,0.213443,public_simbench_planning_v7_direct_moea_de_controls
p3,constraint_repair,Ablation-NoDiversity,ablation,8,0.00047204,0.00047204,1,0.00000000,0.12721025,0.20080373,0.00000000,0.35000000,0.42000000,0,0.01800000,0.48000000,0.211244,public_simbench_planning_v7_direct_moea_de_controls
p3,constraint_repair,Ablation-NoDiversity,ablation,9,0.03057314,0.03057314,9,0.72572865,0.12514125,0.18412812,0.00000000,1.00000000,1.00000000,8,0.01800000,0.15741935,0.209055,public_simbench_planning_v7_direct_moea_de_controls
p3,constraint_repair,Ablation-NoDiversity,ablation,10,0.02764535,0.02764535,8,0.72572865,0.12514125,0.18412812,0.00000000,1.00000000,1.00000000,8,0.01800000,0.15741935,0.200618,public_simbench_planning_v7_direct_moea_de_controls
p3,constraint_repair,Ablation-NoDiversity,ablation,11,0.03482773,0.03482773,19,0.90716082,0.12462400,0.17995922,0.00000000,1.00000000,1.00000000,10,0.01800000,0.15741935,0.195085,public_simbench_planning_v7_direct_moea_de_controls
p3,constraint_repair,Ablation-NoDiversity,ablation,12,0.03089048,0.03089048,10,0.96676966,0.11904988,0.18514451,0.00000000,0.95584519,1.00000000,8,0.01800000,0.12717742,0.209046,public_simbench_planning_v7_direct_moea_de_controls
p3,constraint_repair,Ablation-NoDiversity,ablation,13,0.02128309,0.02128309,5,0.97005727,0.11801551,0.18811341,0.00185707,0.79840615,0.90709443,7,0.01614293,0.00000000,0.206857,public_simbench_planning_v7_direct_moea_de_controls
p3,constraint_repair,Ablation-NoDiversity,ablation,14,0.03112069,0.03112069,18,0.96676966,0.11904988,0.18514451,0.00000000,0.95584519,1.00000000,8,0.01800000,0.12717742,0.199538,public_simbench_planning_v7_direct_moea_de_controls
p3,constraint_repair,Ablation-NoDiversity,ablation,15,0.02437810,0.02437810,9,0.87605358,0.11930850,0.18722896,0.00000000,0.87420233,0.98221152,7,0.01800000,0.12285714,0.198092,public_simbench_planning_v7_direct_moea_de_controls
p3,constraint_repair,Ablation-NoDiversity,ablation,16,0.03606320,0.03606320,17,0.90716082,0.12462400,0.17995922,0.00000000,1.00000000,1.00000000,10,0.01800000,0.15741935,0.193958,public_simbench_planning_v7_direct_moea_de_controls
p3,constraint_repair,Ablation-NoDiversity,ablation,17,0.03056496,0.03056496,12,0.96676966,0.11904988,0.18514451,0.00000000,0.95584519,1.00000000,8,0.01800000,0.12717742,0.200894,public_simbench_planning_v7_direct_moea_de_controls
p3,constraint_repair,Ablation-NoDiversity,ablation,18,0.03115042,0.03115042,21,0.96676966,0.11904988,0.18514451,0.00000000,0.95584519,1.00000000,8,0.01800000,0.12717742,0.192264,public_simbench_planning_v7_direct_moea_de_controls
p3,constraint_repair,Ablation-NoDiversity,ablation,19,0.02904769,0.02904769,5,0.96676966,0.11904988,0.18514451,0.00000000,0.95584519,1.00000000,8,0.01800000,0.12717742,0.202599,public_simbench_planning_v7_direct_moea_de_controls
p3,constraint_repair,Ablation-NoDiversity,ablation,20,0.02068504,0.02068504,3,0.72901626,0.12410689,0.18709702,0.00185707,0.84570382,0.93754958,7,0.01614293,0.00000000,0.203719,public_simbench_planning_v7_direct_moea_de_controls
p3,constraint_repair,Ablation-NoDiversity,ablation,21,0.03820565,0.03820565,15,0.99787690,0.12436538,0.17787477,0.00000000,1.00000000,1.00000000,11,0.01800000,0.15741935,0.205671,public_simbench_planning_v7_direct_moea_de_controls
p3,constraint_repair,Ablation-NoDiversity,ablation,22,0.03730598,0.03730598,8,0.99787690,0.12436538,0.17787477,0.00000000,1.00000000,1.00000000,11,0.01800000,0.15741935,0.195102,public_simbench_planning_v7_direct_moea_de_controls
p3,constraint_repair,Ablation-NoDiversity,ablation,23,0.02467932,0.02467932,4,0.87605358,0.11930850,0.18722896,0.00000000,0.87420233,0.98221152,7,0.01800000,0.12285714,0.195359,public_simbench_planning_v7_direct_moea_de_controls
p3,constraint_repair,Ablation-NoDiversity,ablation,24,0.03458032,0.03458032,16,0.90716082,0.12462400,0.17995922,0.00000000,1.00000000,1.00000000,10,0.01800000,0.15741935,0.212458,public_simbench_planning_v7_direct_moea_de_controls
p3,constraint_repair,Ablation-NoDiversity,ablation,25,0.02910494,0.02910494,14,0.81973234,0.12384826,0.18501257,0.00185707,0.92734668,1.00000000,8,0.01614293,0.00000000,0.195831,public_simbench_planning_v7_direct_moea_de_controls
p3,constraint_repair,Ablation-NoDiversity,ablation,26,0.02973820,0.02973820,4,0.81644473,0.12488263,0.18204367,0.00000000,1.00000000,1.00000000,9,0.01800000,0.15741935,0.209897,public_simbench_planning_v7_direct_moea_de_controls
p3,constraint_repair,Ablation-NoDiversity,ablation,27,0.00047204,0.00047204,1,0.00000000,0.12721025,0.20080373,0.00000000,0.35000000,0.42000000,0,0.01800000,0.48000000,0.214629,public_simbench_planning_v7_direct_moea_de_controls
p3,constraint_repair,Ablation-NoDiversity,ablation,28,0.02867814,0.02867814,7,0.96676966,0.11904988,0.18514451,0.00000000,0.95584519,1.00000000,8,0.01800000,0.12717742,0.208365,public_simbench_planning_v7_direct_moea_de_controls
p3,constraint_repair,Ablation-NoDiversity,ablation,29,0.03399925,0.03399925,5,0.90716082,0.12462400,0.17995922,0.00000000,1.00000000,1.00000000,10,0.01800000,0.15741935,0.187624,public_simbench_planning_v7_direct_moea_de_controls
p3,constraint_repair,Ablation-NoDER,ablation,0,0.04024901,0.04024901,34,0.99787690,0.12436538,0.17787477,0.00000000,1.00000000,1.00000000,11,0.01800000,0.15741935,0.156183,public_simbench_planning_v7_direct_moea_de_controls
p3,constraint_repair,Ablation-NoDER,ablation,1,0.04066062,0.04066062,35,0.99787690,0.12436538,0.17787477,0.00000000,1.00000000,1.00000000,11,0.01800000,0.15741935,0.152919,public_simbench_planning_v7_direct_moea_de_controls
p3,constraint_repair,Ablation-NoDER,ablation,2,0.04081942,0.04081942,35,0.99787690,0.12436538,0.17787477,0.00000000,1.00000000,1.00000000,11,0.01800000,0.15741935,0.149811,public_simbench_planning_v7_direct_moea_de_controls
p3,constraint_repair,Ablation-NoDER,ablation,3,0.03973496,0.03973496,37,0.99787690,0.12436538,0.17787477,0.00000000,1.00000000,1.00000000,11,0.01800000,0.15741935,0.146535,public_simbench_planning_v7_direct_moea_de_controls
p3,constraint_repair,Ablation-NoDER,ablation,4,0.03844384,0.03844384,36,0.90716082,0.12462400,0.17995922,0.00000000,1.00000000,1.00000000,10,0.01800000,0.15741935,0.140986,public_simbench_planning_v7_direct_moea_de_controls
p3,constraint_repair,Ablation-NoDER,ablation,5,0.04066066,0.04066066,38,0.99787690,0.12436538,0.17787477,0.00000000,1.00000000,1.00000000,11,0.01800000,0.15741935,0.150101,public_simbench_planning_v7_direct_moea_de_controls
p3,constraint_repair,Ablation-NoDER,ablation,6,0.04081981,0.04081981,35,0.99787690,0.12436538,0.17787477,0.00000000,1.00000000,1.00000000,11,0.01800000,0.15741935,0.147396,public_simbench_planning_v7_direct_moea_de_controls
p3,constraint_repair,Ablation-NoDER,ablation,7,0.04105789,0.04105789,37,0.99787690,0.12436538,0.17787477,0.00000000,1.00000000,1.00000000,11,0.01800000,0.15741935,0.149662,public_simbench_planning_v7_direct_moea_de_controls
p3,constraint_repair,Ablation-NoDER,ablation,8,0.04066065,0.04066065,39,0.99787690,0.12436538,0.17787477,0.00000000,1.00000000,1.00000000,11,0.01800000,0.15741935,0.153922,public_simbench_planning_v7_direct_moea_de_controls
p3,constraint_repair,Ablation-NoDER,ablation,9,0.04086880,0.04086880,37,0.99787690,0.12436538,0.17787477,0.00000000,1.00000000,1.00000000,11,0.01800000,0.15741935,0.153722,public_simbench_planning_v7_direct_moea_de_controls
p3,constraint_repair,Ablation-NoDER,ablation,10,0.04117467,0.04117467,37,0.99787690,0.12436538,0.17787477,0.00000000,1.00000000,1.00000000,11,0.01800000,0.15741935,0.146962,public_simbench_planning_v7_direct_moea_de_controls
p3,constraint_repair,Ablation-NoDER,ablation,11,0.03922881,0.03922881,37,0.99787690,0.12436538,0.17787477,0.00000000,1.00000000,1.00000000,11,0.01800000,0.15741935,0.155479,public_simbench_planning_v7_direct_moea_de_controls
p3,constraint_repair,Ablation-NoDER,ablation,12,0.04024897,0.04024897,37,0.99787690,0.12436538,0.17787477,0.00000000,1.00000000,1.00000000,11,0.01800000,0.15741935,0.153357,public_simbench_planning_v7_direct_moea_de_controls
p3,constraint_repair,Ablation-NoDER,ablation,13,0.04004114,0.04004114,38,0.99787690,0.12436538,0.17787477,0.00000000,1.00000000,1.00000000,11,0.01800000,0.15741935,0.146874,public_simbench_planning_v7_direct_moea_de_controls
p3,constraint_repair,Ablation-NoDER,ablation,14,0.04117351,0.04117351,38,0.99787690,0.12436538,0.17787477,0.00000000,1.00000000,1.00000000,11,0.01800000,0.15741935,0.155767,public_simbench_planning_v7_direct_moea_de_controls
p3,constraint_repair,Ablation-NoDER,ablation,15,0.04117426,0.04117426,37,0.99787690,0.12436538,0.17787477,0.00000000,1.00000000,1.00000000,11,0.01800000,0.15741935,0.146089,public_simbench_planning_v7_direct_moea_de_controls
p3,constraint_repair,Ablation-NoDER,ablation,16,0.03860347,0.03860347,38,0.90716082,0.12462400,0.17995922,0.00000000,1.00000000,1.00000000,10,0.01800000,0.15741935,0.146117,public_simbench_planning_v7_direct_moea_de_controls
p3,constraint_repair,Ablation-NoDER,ablation,17,0.04051413,0.04051413,37,0.99787690,0.12436538,0.17787477,0.00000000,1.00000000,1.00000000,11,0.01800000,0.15741935,0.145215,public_simbench_planning_v7_direct_moea_de_controls
p3,constraint_repair,Ablation-NoDER,ablation,18,0.04054449,0.04054449,36,0.99787690,0.12436538,0.17787477,0.00000000,1.00000000,1.00000000,11,0.01800000,0.15741935,0.143823,public_simbench_planning_v7_direct_moea_de_controls
p3,constraint_repair,Ablation-NoDER,ablation,19,0.04054449,0.04054449,37,0.99787690,0.12436538,0.17787477,0.00000000,1.00000000,1.00000000,11,0.01800000,0.15741935,0.155679,public_simbench_planning_v7_direct_moea_de_controls
p3,constraint_repair,Ablation-NoDER,ablation,20,0.03996452,0.03996452,37,0.99787690,0.12436538,0.17787477,0.00000000,1.00000000,1.00000000,11,0.01800000,0.15741935,0.146338,public_simbench_planning_v7_direct_moea_de_controls
p3,constraint_repair,Ablation-NoDER,ablation,21,0.04086898,0.04086898,35,0.99787690,0.12436538,0.17787477,0.00000000,1.00000000,1.00000000,11,0.01800000,0.15741935,0.158508,public_simbench_planning_v7_direct_moea_de_controls
p3,constraint_repair,Ablation-NoDER,ablation,22,0.04004117,0.04004117,38,0.99787690,0.12436538,0.17787477,0.00000000,1.00000000,1.00000000,11,0.01800000,0.15741935,0.158765,public_simbench_planning_v7_direct_moea_de_controls
p3,constraint_repair,Ablation-NoDER,ablation,23,0.04081959,0.04081959,37,0.99787690,0.12436538,0.17787477,0.00000000,1.00000000,1.00000000,11,0.01800000,0.15741935,0.154718,public_simbench_planning_v7_direct_moea_de_controls
p3,constraint_repair,Ablation-NoDER,ablation,24,0.04023904,0.04023904,37,0.99787690,0.12436538,0.17787477,0.00000000,1.00000000,1.00000000,11,0.01800000,0.15741935,0.154373,public_simbench_planning_v7_direct_moea_de_controls
p3,constraint_repair,Ablation-NoDER,ablation,25,0.04054429,0.04054429,37,0.99787690,0.12436538,0.17787477,0.00000000,1.00000000,1.00000000,11,0.01800000,0.15741935,0.161198,public_simbench_planning_v7_direct_moea_de_controls
p3,constraint_repair,Ablation-NoDER,ablation,26,0.04004047,0.04004047,36,0.99787690,0.12436538,0.17787477,0.00000000,1.00000000,1.00000000,11,0.01800000,0.15741935,0.160440,public_simbench_planning_v7_direct_moea_de_controls
p3,constraint_repair,Ablation-NoDER,ablation,27,0.04004100,0.04004100,37,0.99787690,0.12436538,0.17787477,0.00000000,1.00000000,1.00000000,11,0.01800000,0.15741935,0.150301,public_simbench_planning_v7_direct_moea_de_controls
p3,constraint_repair,Ablation-NoDER,ablation,28,0.04055466,0.04055466,36,0.99787690,0.12436538,0.17787477,0.00000000,1.00000000,1.00000000,11,0.01800000,0.15741935,0.143699,public_simbench_planning_v7_direct_moea_de_controls
p3,constraint_repair,Ablation-NoDER,ablation,29,0.04004062,0.04004062,35,0.99787690,0.12436538,0.17787477,0.00000000,1.00000000,1.00000000,11,0.01800000,0.15741935,0.158698,public_simbench_planning_v7_direct_moea_de_controls
p3,runtime_scalability,CARS-MODE,proposed,0,0.04789758,0.04789758,38,0.97928428,0.12324728,0.16971558,0.00004639,1.00000000,1.00000000,17,0.01795361,0.00000000,0.151895,public_simbench_planning_v7_direct_moea_de_controls
p3,runtime_scalability,CARS-MODE,proposed,1,0.04955084,0.04955084,39,0.97475680,0.12226921,0.17324505,0.00188246,1.00000000,1.00000000,16,0.01611754,0.00000000,0.128780,public_simbench_planning_v7_direct_moea_de_controls
p3,runtime_scalability,CARS-MODE,proposed,2,0.04854561,0.04854561,39,0.97173257,0.12328382,0.17003947,0.00005567,1.00000000,1.00000000,17,0.01794433,0.00000000,0.128476,public_simbench_planning_v7_direct_moea_de_controls
p3,runtime_scalability,CARS-MODE,proposed,3,0.04897363,0.04897363,39,0.96645885,0.12180275,0.17275478,0.00151349,1.00000000,1.00000000,14,0.01648651,0.00000000,0.126721,public_simbench_planning_v7_direct_moea_de_controls
p3,runtime_scalability,CARS-MODE,proposed,4,0.04837615,0.04837615,39,0.99599300,0.11769334,0.17449392,0.00003363,1.00000000,1.00000000,14,0.01796637,0.00000000,0.125778,public_simbench_planning_v7_direct_moea_de_controls
p3,runtime_scalability,CARS-MODE,proposed,5,0.05051966,0.05051966,39,0.96539816,0.12320016,0.16858611,0.00003247,1.00000000,1.00000000,16,0.01796753,0.00000000,0.123190,public_simbench_planning_v7_direct_moea_de_controls
p3,runtime_scalability,CARS-MODE,proposed,6,0.04935894,0.04935894,39,0.98187044,0.12321652,0.16931696,0.00005451,1.00000000,1.00000000,17,0.01794549,0.00000000,0.121793,public_simbench_planning_v7_direct_moea_de_controls
p3,runtime_scalability,CARS-MODE,proposed,7,0.04730764,0.04730764,39,0.98789282,0.12216389,0.17212392,0.00190694,0.93743157,1.00000000,16,0.01609306,0.00000000,0.123472,public_simbench_planning_v7_direct_moea_de_controls
p3,runtime_scalability,CARS-MODE,proposed,8,0.04852162,0.04852162,39,0.97856027,0.12211825,0.17106919,0.00185811,1.00000000,1.00000000,15,0.01614189,0.00000000,0.118116,public_simbench_planning_v7_direct_moea_de_controls
p3,runtime_scalability,CARS-MODE,proposed,9,0.04702729,0.04702729,39,0.97703094,0.12110216,0.17420003,0.00371982,1.00000000,1.00000000,14,0.01428018,0.00000000,0.118446,public_simbench_planning_v7_direct_moea_de_controls
p3,runtime_scalability,CARS-MODE,proposed,10,0.04919871,0.04919871,38,0.99200831,0.12314923,0.16859445,0.00005335,1.00000000,1.00000000,17,0.01794665,0.00000000,0.118998,public_simbench_planning_v7_direct_moea_de_controls
p3,runtime_scalability,CARS-MODE,proposed,11,0.04916301,0.04916301,39,0.98306014,0.12322901,0.16955364,0.00004175,1.00000000,1.00000000,17,0.01795825,0.00000000,0.119287,public_simbench_planning_v7_direct_moea_de_controls
p3,runtime_scalability,CARS-MODE,proposed,12,0.04775079,0.04775079,39,0.99956003,0.12311268,0.16827057,0.00004407,1.00000000,1.00000000,17,0.01795593,0.00000000,0.117987,public_simbench_planning_v7_direct_moea_de_controls
p3,runtime_scalability,CARS-MODE,proposed,13,0.04950261,0.04950261,38,0.94768096,0.12343669,0.17164643,0.00006263,0.93353287,1.00000000,17,0.01793737,0.00000000,0.117475,public_simbench_planning_v7_direct_moea_de_controls
p3,runtime_scalability,CARS-MODE,proposed,14,0.04797640,0.04797640,39,0.96917402,0.12318189,0.16842417,0.00002784,1.00000000,1.00000000,16,0.01797216,0.00000000,0.128040,public_simbench_planning_v7_direct_moea_de_controls
p3,runtime_scalability,CARS-MODE,proposed,15,0.04752164,0.04752164,38,0.97139294,0.12228021,0.17340699,0.00190462,0.97037482,1.00000000,16,0.01609538,0.00000000,0.127916,public_simbench_planning_v7_direct_moea_de_controls
p3,runtime_scalability,CARS-MODE,proposed,16,0.05036577,0.05036577,39,0.96537055,0.12333285,0.17060003,0.00005219,1.00000000,1.00000000,17,0.01794781,0.00000000,0.127361,public_simbench_planning_v7_direct_moea_de_controls
p3,runtime_scalability,CARS-MODE,proposed,17,0.04851520,0.04851520,39,0.99956003,0.12311268,0.16827057,0.00004407,1.00000000,1.00000000,17,0.01795593,0.00000000,0.122842,public_simbench_planning_v7_direct_moea_de_controls
p3,runtime_scalability,CARS-MODE,proposed,18,0.04979456,0.04979456,40,0.99956003,0.12311268,0.16827057,0.00004407,1.00000000,1.00000000,17,0.01795593,0.00000000,0.124287,public_simbench_planning_v7_direct_moea_de_controls
p3,runtime_scalability,CARS-MODE,proposed,19,0.04904292,0.04904292,39,0.97173257,0.12328382,0.17003947,0.00005567,1.00000000,1.00000000,17,0.01794433,0.00000000,0.133845,public_simbench_planning_v7_direct_moea_de_controls
p3,runtime_scalability,CARS-MODE,proposed,20,0.04762476,0.04762476,39,0.96795671,0.12330210,0.17020141,0.00006031,0.96080465,1.00000000,17,0.01793969,0.00000000,0.124214,public_simbench_planning_v7_direct_moea_de_controls
p3,runtime_scalability,CARS-MODE,proposed,21,0.04777561,0.04777561,39,0.99198070,0.12328191,0.17060837,0.00007307,0.88110978,1.00000000,18,0.01792693,0.00000000,0.118289,public_simbench_planning_v7_direct_moea_de_controls
p3,runtime_scalability,CARS-MODE,proposed,22,0.04843267,0.04843267,39,0.94791741,0.11786639,0.17569392,0.00002784,1.00000000,1.00000000,13,0.01797216,0.00000000,0.126752,public_simbench_planning_v7_direct_moea_de_controls
p3,runtime_scalability,CARS-MODE,proposed,23,0.04911884,0.04911884,39,0.96842240,0.12218555,0.17179169,0.00185927,1.00000000,1.00000000,15,0.01614073,0.00000000,0.117912,public_simbench_planning_v7_direct_moea_de_controls
p3,runtime_scalability,CARS-MODE,proposed,24,0.04784246,0.04784246,39,0.96914641,0.12331458,0.17043809,0.00004755,1.00000000,1.00000000,17,0.01795245,0.00000000,0.126708,public_simbench_planning_v7_direct_moea_de_controls
p3,runtime_scalability,CARS-MODE,proposed,25,0.04798801,0.04798801,39,0.97139294,0.12228021,0.17340699,0.00190462,0.97037482,1.00000000,16,0.01609538,0.00000000,0.127987,public_simbench_planning_v7_direct_moea_de_controls
p3,runtime_scalability,CARS-MODE,proposed,26,0.04852716,0.04852716,39,0.98823246,0.12316750,0.16875640,0.00005799,0.98807643,1.00000000,17,0.01794201,0.00000000,0.123994,public_simbench_planning_v7_direct_moea_de_controls
p3,runtime_scalability,CARS-MODE,proposed,27,0.04994315,0.04994315,39,0.83764366,0.12373568,0.17291696,0.00003711,1.00000000,1.00000000,14,0.01796289,0.00000000,0.123419,public_simbench_planning_v7_direct_moea_de_controls
p3,runtime_scalability,CARS-MODE,proposed,28,0.04976462,0.04976462,38,0.96537055,0.12333285,0.17060003,0.00005219,1.00000000,1.00000000,17,0.01794781,0.00000000,0.121051,public_simbench_planning_v7_direct_moea_de_controls
p3,runtime_scalability,CARS-MODE,proposed,29,0.05011129,0.05011129,37,0.99503255,0.12213461,0.17180003,0.00188014,1.00000000,1.00000000,16,0.01611986,0.00000000,0.121318,public_simbench_planning_v7_direct_moea_de_controls
p3,runtime_scalability,NSGA-II,baseline,0,0.04239350,0.04239350,40,0.96537055,0.12333285,0.17060003,0.00005219,1.00000000,1.00000000,17,0.01794781,0.00000000,0.083971,public_simbench_planning_v7_direct_moea_de_controls
p3,runtime_scalability,NSGA-II,baseline,1,0.04379213,0.04379213,40,0.99953241,0.12324537,0.17028448,0.00006379,1.00000000,1.00000000,18,0.01793621,0.00000000,0.079216,public_simbench_planning_v7_direct_moea_de_controls
p3,runtime_scalability,NSGA-II,baseline,2,0.04129987,0.04129987,40,0.97928428,0.12324728,0.16971558,0.00004639,1.00000000,1.00000000,17,0.01795361,0.00000000,0.081960,public_simbench_planning_v7_direct_moea_de_controls
p3,runtime_scalability,NSGA-II,baseline,3,0.04620027,0.04620027,40,0.96537055,0.12333285,0.17060003,0.00005219,1.00000000,1.00000000,17,0.01794781,0.00000000,0.079687,public_simbench_planning_v7_direct_moea_de_controls
p3,runtime_scalability,NSGA-II,baseline,4,0.04502618,0.04502618,40,0.98939454,0.12331267,0.17100699,0.00006495,0.98790395,1.00000000,18,0.01793505,0.00000000,0.078276,public_simbench_planning_v7_direct_moea_de_controls
p3,runtime_scalability,NSGA-II,baseline,5,0.04305571,0.04305571,40,0.95523268,0.12340015,0.17132254,0.00005335,1.00000000,1.00000000,17,0.01794665,0.00000000,0.078784,public_simbench_planning_v7_direct_moea_de_controls
p3,runtime_scalability,NSGA-II,baseline,6,0.04361265,0.04361265,40,0.76670616,0.12407409,0.17596060,0.00002552,1.00000000,1.00000000,13,0.01797448,0.00000000,0.078967,public_simbench_planning_v7_direct_moea_de_controls
p3,runtime_scalability,NSGA-II,baseline,7,0.04578184,0.04578184,40,0.97550842,0.12326555,0.16987752,0.00005103,1.00000000,1.00000000,17,0.01794897,0.00000000,0.078714,public_simbench_planning_v7_direct_moea_de_controls
p3,runtime_scalability,NSGA-II,baseline,8,0.04705998,0.04705998,40,0.95145682,0.12341842,0.17148448,0.00005799,0.99374790,1.00000000,17,0.01794201,0.00000000,0.079556,public_simbench_planning_v7_direct_moea_de_controls
p3,runtime_scalability,NSGA-II,baseline,9,0.04308194,0.04308194,40,0.96914641,0.12331458,0.17043809,0.00004755,1.00000000,1.00000000,17,0.01795245,0.00000000,0.079119,public_simbench_planning_v7_direct_moea_de_controls
p3,runtime_scalability,NSGA-II,baseline,10,0.04322219,0.04322219,40,0.96504804,0.12081650,0.17615985,0.00333091,1.00000000,1.00000000,13,0.01466909,0.00000000,0.079328,public_simbench_planning_v7_direct_moea_de_controls
p3,runtime_scalability,NSGA-II,baseline,11,0.04714827,0.04714827,40,0.99697387,0.12314344,0.16866919,0.00003595,1.00000000,1.00000000,17,0.01796405,0.00000000,0.078545,public_simbench_planning_v7_direct_moea_de_controls
p3,runtime_scalability,NSGA-II,baseline,12,0.04413609,0.04413609,40,0.97550842,0.12326555,0.16987752,0.00005103,1.00000000,1.00000000,17,0.01794897,0.00000000,0.079443,public_simbench_planning_v7_direct_moea_de_controls
p3,runtime_scalability,NSGA-II,baseline,13,0.04493758,0.04493758,40,0.99578417,0.12313095,0.16843251,0.00004871,1.00000000,1.00000000,17,0.01795129,0.00000000,0.078644,public_simbench_planning_v7_direct_moea_de_controls
p3,runtime_scalability,NSGA-II,baseline,14,0.04733209,0.04733209,40,0.98411697,0.12218216,0.17228586,0.00191158,0.87721654,1.00000000,16,0.01608842,0.00000000,0.079321,public_simbench_planning_v7_direct_moea_de_controls
p3,runtime_scalability,NSGA-II,baseline,15,0.04390877,0.04390877,40,0.97550842,0.12326555,0.16987752,0.00005103,1.00000000,1.00000000,17,0.01794897,0.00000000,0.079990,public_simbench_planning_v7_direct_moea_de_controls
p3,runtime_scalability,NSGA-II,baseline,16,0.04346940,0.04346940,40,0.97928428,0.12324728,0.16971558,0.00004639,1.00000000,1.00000000,17,0.01795361,0.00000000,0.080232,public_simbench_planning_v7_direct_moea_de_controls
p3,runtime_scalability,NSGA-II,baseline,17,0.04333771,0.04333771,40,0.99575656,0.12326364,0.17044643,0.00006843,0.94132481,1.00000000,18,0.01793157,0.00000000,0.079346,public_simbench_planning_v7_direct_moea_de_controls
p3,runtime_scalability,NSGA-II,baseline,18,0.04379832,0.04379832,40,0.99319801,0.12316171,0.16883113,0.00004059,1.00000000,1.00000000,17,0.01795941,0.00000000,0.079253,public_simbench_planning_v7_direct_moea_de_controls
p3,runtime_scalability,NSGA-II,baseline,19,0.04683714,0.04683714,40,0.96914641,0.12331458,0.17043809,0.00004755,1.00000000,1.00000000,17,0.01795245,0.00000000,0.077474,public_simbench_planning_v7_direct_moea_de_controls
p3,runtime_scalability,NSGA-II,baseline,20,0.04476955,0.04476955,40,0.98326897,0.11779139,0.17561504,0.00002668,1.00000000,1.00000000,14,0.01797332,0.00000000,0.081126,public_simbench_planning_v7_direct_moea_de_controls
p3,runtime_scalability,NSGA-II,baseline,21,0.04335180,0.04335180,40,0.98187044,0.12321652,0.16931696,0.00005451,1.00000000,1.00000000,17,0.01794549,0.00000000,0.078504,public_simbench_planning_v7_direct_moea_de_controls
p3,runtime_scalability,NSGA-II,baseline,22,0.04821378,0.04821378,40,0.99503255,0.12213461,0.17180003,0.00188014,1.00000000,1.00000000,16,0.01611986,0.00000000,0.080637,public_simbench_planning_v7_direct_moea_de_controls
p3,runtime_scalability,NSGA-II,baseline,23,0.04462492,0.04462492,40,0.94512242,0.12333476,0.17003113,0.00003479,1.00000000,1.00000000,16,0.01796521,0.00000000,0.078302,public_simbench_planning_v7_direct_moea_de_controls
p3,runtime_scalability,NSGA-II,baseline,24,0.04728094,0.04728094,40,0.97571726,0.11782793,0.17593893,0.00003595,0.98328945,1.00000000,14,0.01796405,0.00000000,0.078420,public_simbench_planning_v7_direct_moea_de_controls
p3,runtime_scalability,NSGA-II,baseline,25,0.04661957,0.04661957,40,0.99922039,0.12210907,0.17163809,0.00189303,1.00000000,1.00000000,16,0.01610697,0.00000000,0.080274,public_simbench_planning_v7_direct_moea_de_controls
p3,runtime_scalability,NSGA-II,baseline,26,0.04524093,0.04524093,40,0.98683599,0.12321073,0.16939169,0.00003711,1.00000000,1.00000000,17,0.01796289,0.00000000,0.079904,public_simbench_planning_v7_direct_moea_de_controls
p3,runtime_scalability,NSGA-II,baseline,27,0.04745129,0.04745129,40,0.99953241,0.12324537,0.17028448,0.00006379,1.00000000,1.00000000,18,0.01793621,0.00000000,0.081053,public_simbench_planning_v7_direct_moea_de_controls
p3,runtime_scalability,NSGA-II,baseline,28,0.04320767,0.04320767,40,0.97550842,0.12326555,0.16987752,0.00005103,1.00000000,1.00000000,17,0.01794897,0.00000000,0.078672,public_simbench_planning_v7_direct_moea_de_controls
p3,runtime_scalability,NSGA-II,baseline,29,0.04414351,0.04414351,40,0.97139294,0.12228021,0.17340699,0.00190462,0.97037482,1.00000000,16,0.01609538,0.00000000,0.077717,public_simbench_planning_v7_direct_moea_de_controls
p3,runtime_scalability,NSGA-II+Repair,baseline,0,0.04515369,0.04515369,40,0.96159469,0.12335112,0.17076198,0.00005683,1.00000000,1.00000000,17,0.01794317,0.00000000,0.081353,public_simbench_planning_v7_direct_moea_de_controls
p3,runtime_scalability,NSGA-II+Repair,baseline,1,0.04417608,0.04417608,40,0.97173257,0.12328382,0.17003947,0.00005567,1.00000000,1.00000000,17,0.01794433,0.00000000,0.080436,public_simbench_planning_v7_direct_moea_de_controls
p3,runtime_scalability,NSGA-II+Repair,baseline,2,0.04498294,0.04498294,40,0.98963099,0.11774236,0.17505448,0.00003015,1.00000000,1.00000000,14,0.01796985,0.00000000,0.079717,public_simbench_planning_v7_direct_moea_de_controls
p3,runtime_scalability,NSGA-II+Repair,baseline,3,0.04180130,0.04180130,40,0.97571726,0.11782793,0.17593893,0.00003595,0.98328945,1.00000000,14,0.01796405,0.00000000,0.080507,public_simbench_planning_v7_direct_moea_de_controls
p3,runtime_scalability,NSGA-II+Repair,baseline,4,0.04213653,0.04213653,40,0.98604779,0.12181093,0.17336123,0.00151687,0.92318666,1.00000000,15,0.01648313,0.00000000,0.078390,public_simbench_planning_v7_direct_moea_de_controls
p3,runtime_scalability,NSGA-II+Repair,baseline,5,0.04523109,0.04523109,40,0.98153081,0.12221292,0.17268448,0.00190346,0.98401071,1.00000000,16,0.01609654,0.00000000,0.080949,public_simbench_planning_v7_direct_moea_de_controls
p3,runtime_scalability,NSGA-II+Repair,baseline,6,0.04311685,0.04311685,40,0.98346163,0.12184168,0.17375985,0.00150875,1.00000000,1.00000000,15,0.01649125,0.00000000,0.079436,public_simbench_planning_v7_direct_moea_de_controls
p3,runtime_scalability,NSGA-II+Repair,baseline,7,0.04397689,0.04397689,40,0.91351910,0.12352418,0.17196198,0.00005103,0.99959186,1.00000000,16,0.01794897,0.00000000,0.080389,public_simbench_planning_v7_direct_moea_de_controls
p3,runtime_scalability,NSGA-II+Repair,baseline,8,0.04365550,0.04365550,40,0.99469292,0.12113100,0.17516756,0.00372910,1.00000000,1.00000000,15,0.01427090,0.00000000,0.079780,public_simbench_planning_v7_direct_moea_de_controls
p3,runtime_scalability,NSGA-II+Repair,baseline,9,0.04375197,0.04375197,40,0.99737536,0.12175611,0.17287540,0.00150296,1.00000000,1.00000000,15,0.01649704,0.00000000,0.078480,public_simbench_planning_v7_direct_moea_de_controls
p3,runtime_scalability,NSGA-II+Repair,baseline,10,0.04368075,0.04368075,40,0.98942215,0.12317998,0.16899307,0.00004523,1.00000000,1.00000000,17,0.01795477,0.00000000,0.077909,public_simbench_planning_v7_direct_moea_de_controls
p3,runtime_scalability,NSGA-II+Repair,baseline,11,0.04554597,0.04554597,40,0.97173257,0.12328382,0.17003947,0.00005567,1.00000000,1.00000000,17,0.01794433,0.00000000,0.079633,public_simbench_planning_v7_direct_moea_de_controls
p3,runtime_scalability,NSGA-II+Repair,baseline,12,0.04809443,0.04809443,40,0.98748083,0.12217116,0.17212392,0.00188942,0.93632292,1.00000000,16,0.01611058,0.00000000,0.079126,public_simbench_planning_v7_direct_moea_de_controls
p3,runtime_scalability,NSGA-II+Repair,baseline,13,0.04585706,0.04585706,40,0.97292226,0.12329631,0.17027615,0.00004291,1.00000000,1.00000000,17,0.01795709,0.00000000,0.079836,public_simbench_planning_v7_direct_moea_de_controls
p3,runtime_scalability,NSGA-II+Repair,baseline,14,0.04609563,0.04609563,40,0.99319801,0.12316171,0.16883113,0.00004059,1.00000000,1.00000000,17,0.01795941,0.00000000,0.080144,public_simbench_planning_v7_direct_moea_de_controls
p3,runtime_scalability,NSGA-II+Repair,baseline,15,0.04348298,0.04348298,40,0.95900853,0.12338188,0.17116060,0.00004871,1.00000000,1.00000000,17,0.01795129,0.00000000,0.079864,public_simbench_planning_v7_direct_moea_de_controls
p3,runtime_scalability,NSGA-II+Repair,baseline,16,0.04369451,0.04369451,40,0.91729496,0.12350590,0.17180003,0.00004639,1.00000000,1.00000000,16,0.01795361,0.00000000,0.079460,public_simbench_planning_v7_direct_moea_de_controls
p3,runtime_scalability,NSGA-II+Repair,baseline,17,0.04317856,0.04317856,40,0.97925667,0.12337996,0.17172950,0.00006611,0.97426806,1.00000000,18,0.01793389,0.00000000,0.077993,public_simbench_planning_v7_direct_moea_de_controls
p3,runtime_scalability,NSGA-II+Repair,baseline,18,0.04656411,0.04656411,40,0.99976886,0.11767506,0.17433197,0.00002899,1.00000000,1.00000000,14,0.01797101,0.00000000,0.077702,public_simbench_planning_v7_direct_moea_de_controls
p3,runtime_scalability,NSGA-II+Repair,baseline,19,0.04617155,0.04617155,40,0.95404298,0.12338767,0.17108586,0.00006611,0.88695373,1.00000000,17,0.01793389,0.00000000,0.079558,public_simbench_planning_v7_direct_moea_de_controls
p3,runtime_scalability,NSGA-II+Repair,baseline,20,0.04355639,0.04355639,40,0.99942923,0.11667145,0.17769950,0.00187795,1.00000000,1.00000000,13,0.01612205,0.00000000,0.080014,public_simbench_planning_v7_direct_moea_de_controls
p3,runtime_scalability,NSGA-II+Repair,baseline,21,0.04575156,0.04575156,40,0.97292226,0.12329631,0.17027615,0.00004291,1.00000000,1.00000000,17,0.01795709,0.00000000,0.083376,public_simbench_planning_v7_direct_moea_de_controls
p3,runtime_scalability,NSGA-II+Repair,baseline,22,0.04438726,0.04438726,40,0.93120869,0.12342033,0.17091558,0.00004059,1.00000000,1.00000000,16,0.01795941,0.00000000,0.079890,public_simbench_planning_v7_direct_moea_de_controls
p3,runtime_scalability,NSGA-II+Repair,baseline,23,0.04331713,0.04331713,40,0.95523268,0.12340015,0.17132254,0.00005335,1.00000000,1.00000000,17,0.01794665,0.00000000,0.077608,public_simbench_planning_v7_direct_moea_de_controls
p3,runtime_scalability,NSGA-II+Repair,baseline,24,0.04571775,0.04571775,40,0.98489467,0.12220191,0.17252254,0.00188130,1.00000000,1.00000000,16,0.01611870,0.00000000,0.079585,public_simbench_planning_v7_direct_moea_de_controls
p3,runtime_scalability,NSGA-II+Repair,baseline,25,0.04372279,0.04372279,40,0.97173257,0.12328382,0.17003947,0.00005567,1.00000000,1.00000000,17,0.01794433,0.00000000,0.079042,public_simbench_planning_v7_direct_moea_de_controls
p3,runtime_scalability,NSGA-II+Repair,baseline,26,0.04347148,0.04347148,40,0.96914641,0.12331458,0.17043809,0.00004755,1.00000000,1.00000000,17,0.01795245,0.00000000,0.079377,public_simbench_planning_v7_direct_moea_de_controls
p3,runtime_scalability,NSGA-II+Repair,baseline,27,0.04685767,0.04685767,40,0.99697387,0.12314344,0.16866919,0.00003595,1.00000000,1.00000000,17,0.01796405,0.00000000,0.076832,public_simbench_planning_v7_direct_moea_de_controls
p3,runtime_scalability,NSGA-II+Repair,baseline,28,0.04407587,0.04407587,40,0.98867053,0.12218364,0.17236060,0.00187667,1.00000000,1.00000000,16,0.01612333,0.00000000,0.079946,public_simbench_planning_v7_direct_moea_de_controls
p3,runtime_scalability,NSGA-II+Repair,baseline,29,0.04602353,0.04602353,40,0.99317040,0.12329439,0.17084505,0.00006031,1.00000000,1.00000000,18,0.01793969,0.00000000,0.079964,public_simbench_planning_v7_direct_moea_de_controls
p3,runtime_scalability,MOEA/D,baseline,0,0.00047204,0.00047204,1,0.00000000,0.12721025,0.20080373,0.00000000,0.35000000,0.42000000,0,0.01800000,0.48000000,0.370813,public_simbench_planning_v7_direct_moea_de_controls
p3,runtime_scalability,MOEA/D,baseline,1,0.00047204,0.00047204,1,0.00000000,0.12721025,0.20080373,0.00000000,0.35000000,0.42000000,0,0.01800000,0.48000000,0.365825,public_simbench_planning_v7_direct_moea_de_controls
p3,runtime_scalability,MOEA/D,baseline,2,0.00047204,0.00047204,1,0.00000000,0.12721025,0.20080373,0.00000000,0.35000000,0.42000000,0,0.01800000,0.48000000,0.369230,public_simbench_planning_v7_direct_moea_de_controls
p3,runtime_scalability,MOEA/D,baseline,3,0.00047204,0.00047204,1,0.00000000,0.12721025,0.20080373,0.00000000,0.35000000,0.42000000,0,0.01800000,0.48000000,0.365625,public_simbench_planning_v7_direct_moea_de_controls
p3,runtime_scalability,MOEA/D,baseline,4,0.00047204,0.00047204,1,0.00000000,0.12721025,0.20080373,0.00000000,0.35000000,0.42000000,0,0.01800000,0.48000000,0.366643,public_simbench_planning_v7_direct_moea_de_controls
p3,runtime_scalability,MOEA/D,baseline,5,0.00047204,0.00047204,1,0.00000000,0.12721025,0.20080373,0.00000000,0.35000000,0.42000000,0,0.01800000,0.48000000,0.362361,public_simbench_planning_v7_direct_moea_de_controls
p3,runtime_scalability,MOEA/D,baseline,6,0.00047204,0.00047204,1,0.00000000,0.12721025,0.20080373,0.00000000,0.35000000,0.42000000,0,0.01800000,0.48000000,0.361740,public_simbench_planning_v7_direct_moea_de_controls
p3,runtime_scalability,MOEA/D,baseline,7,0.00047204,0.00047204,1,0.00000000,0.12721025,0.20080373,0.00000000,0.35000000,0.42000000,0,0.01800000,0.48000000,0.367050,public_simbench_planning_v7_direct_moea_de_controls
p3,runtime_scalability,MOEA/D,baseline,8,0.00047204,0.00047204,1,0.00000000,0.12721025,0.20080373,0.00000000,0.35000000,0.42000000,0,0.01800000,0.48000000,0.363593,public_simbench_planning_v7_direct_moea_de_controls
p3,runtime_scalability,MOEA/D,baseline,9,0.00047204,0.00047204,1,0.00000000,0.12721025,0.20080373,0.00000000,0.35000000,0.42000000,0,0.01800000,0.48000000,0.370186,public_simbench_planning_v7_direct_moea_de_controls
p3,runtime_scalability,MOEA/D,baseline,10,0.00047204,0.00047204,1,0.00000000,0.12721025,0.20080373,0.00000000,0.35000000,0.42000000,0,0.01800000,0.48000000,0.363764,public_simbench_planning_v7_direct_moea_de_controls
p3,runtime_scalability,MOEA/D,baseline,11,0.00047204,0.00047204,1,0.00000000,0.12721025,0.20080373,0.00000000,0.35000000,0.42000000,0,0.01800000,0.48000000,0.372197,public_simbench_planning_v7_direct_moea_de_controls
p3,runtime_scalability,MOEA/D,baseline,12,0.00047204,0.00047204,1,0.00000000,0.12721025,0.20080373,0.00000000,0.35000000,0.42000000,0,0.01800000,0.48000000,0.363031,public_simbench_planning_v7_direct_moea_de_controls
p3,runtime_scalability,MOEA/D,baseline,13,0.00047204,0.00047204,1,0.00000000,0.12721025,0.20080373,0.00000000,0.35000000,0.42000000,0,0.01800000,0.48000000,0.366858,public_simbench_planning_v7_direct_moea_de_controls
p3,runtime_scalability,MOEA/D,baseline,14,0.00047204,0.00047204,1,0.00000000,0.12721025,0.20080373,0.00000000,0.35000000,0.42000000,0,0.01800000,0.48000000,0.370416,public_simbench_planning_v7_direct_moea_de_controls
p3,runtime_scalability,MOEA/D,baseline,15,0.00047204,0.00047204,1,0.00000000,0.12721025,0.20080373,0.00000000,0.35000000,0.42000000,0,0.01800000,0.48000000,0.369948,public_simbench_planning_v7_direct_moea_de_controls
p3,runtime_scalability,MOEA/D,baseline,16,0.00047204,0.00047204,1,0.00000000,0.12721025,0.20080373,0.00000000,0.35000000,0.42000000,0,0.01800000,0.48000000,0.366765,public_simbench_planning_v7_direct_moea_de_controls
p3,runtime_scalability,MOEA/D,baseline,17,0.00047204,0.00047204,1,0.00000000,0.12721025,0.20080373,0.00000000,0.35000000,0.42000000,0,0.01800000,0.48000000,0.362536,public_simbench_planning_v7_direct_moea_de_controls
p3,runtime_scalability,MOEA/D,baseline,18,0.00047204,0.00047204,1,0.00000000,0.12721025,0.20080373,0.00000000,0.35000000,0.42000000,0,0.01800000,0.48000000,0.374264,public_simbench_planning_v7_direct_moea_de_controls
p3,runtime_scalability,MOEA/D,baseline,19,0.00047204,0.00047204,1,0.00000000,0.12721025,0.20080373,0.00000000,0.35000000,0.42000000,0,0.01800000,0.48000000,0.371520,public_simbench_planning_v7_direct_moea_de_controls
p3,runtime_scalability,MOEA/D,baseline,20,0.00047204,0.00047204,1,0.00000000,0.12721025,0.20080373,0.00000000,0.35000000,0.42000000,0,0.01800000,0.48000000,0.373569,public_simbench_planning_v7_direct_moea_de_controls
p3,runtime_scalability,MOEA/D,baseline,21,0.00047204,0.00047204,1,0.00000000,0.12721025,0.20080373,0.00000000,0.35000000,0.42000000,0,0.01800000,0.48000000,0.377450,public_simbench_planning_v7_direct_moea_de_controls
p3,runtime_scalability,MOEA/D,baseline,22,0.00047204,0.00047204,1,0.00000000,0.12721025,0.20080373,0.00000000,0.35000000,0.42000000,0,0.01800000,0.48000000,0.369919,public_simbench_planning_v7_direct_moea_de_controls
p3,runtime_scalability,MOEA/D,baseline,23,0.00047204,0.00047204,1,0.00000000,0.12721025,0.20080373,0.00000000,0.35000000,0.42000000,0,0.01800000,0.48000000,0.368409,public_simbench_planning_v7_direct_moea_de_controls
p3,runtime_scalability,MOEA/D,baseline,24,0.00047204,0.00047204,1,0.00000000,0.12721025,0.20080373,0.00000000,0.35000000,0.42000000,0,0.01800000,0.48000000,0.369329,public_simbench_planning_v7_direct_moea_de_controls
p3,runtime_scalability,MOEA/D,baseline,25,0.00047204,0.00047204,1,0.00000000,0.12721025,0.20080373,0.00000000,0.35000000,0.42000000,0,0.01800000,0.48000000,0.366417,public_simbench_planning_v7_direct_moea_de_controls
p3,runtime_scalability,MOEA/D,baseline,26,0.00047204,0.00047204,1,0.00000000,0.12721025,0.20080373,0.00000000,0.35000000,0.42000000,0,0.01800000,0.48000000,0.371413,public_simbench_planning_v7_direct_moea_de_controls
p3,runtime_scalability,MOEA/D,baseline,27,0.00047204,0.00047204,1,0.00000000,0.12721025,0.20080373,0.00000000,0.35000000,0.42000000,0,0.01800000,0.48000000,0.367568,public_simbench_planning_v7_direct_moea_de_controls
p3,runtime_scalability,MOEA/D,baseline,28,0.00047204,0.00047204,1,0.00000000,0.12721025,0.20080373,0.00000000,0.35000000,0.42000000,0,0.01800000,0.48000000,0.369530,public_simbench_planning_v7_direct_moea_de_controls
p3,runtime_scalability,MOEA/D,baseline,29,0.00047204,0.00047204,1,0.00000000,0.12721025,0.20080373,0.00000000,0.35000000,0.42000000,0,0.01800000,0.48000000,0.367720,public_simbench_planning_v7_direct_moea_de_controls
p3,runtime_scalability,GDE3,baseline,0,0.04400362,0.04400362,39,0.98153081,0.12221292,0.17268448,0.00190346,0.98401071,1.00000000,16,0.01609654,0.00000000,0.053331,public_simbench_planning_v7_direct_moea_de_controls
p3,runtime_scalability,GDE3,baseline,1,0.04540632,0.04540632,38,0.96159469,0.12335112,0.17076198,0.00005683,1.00000000,1.00000000,17,0.01794317,0.00000000,0.051861,public_simbench_planning_v7_direct_moea_de_controls
p3,runtime_scalability,GDE3,baseline,2,0.04519726,0.04519726,39,0.89960537,0.12360975,0.17284643,0.00005683,0.92574094,1.00000000,16,0.01794317,0.00000000,0.051567,public_simbench_planning_v7_direct_moea_de_controls
p3,runtime_scalability,GDE3,baseline,3,0.04422412,0.04422412,39,0.99469292,0.12113100,0.17516756,0.00372910,1.00000000,1.00000000,15,0.01427090,0.00000000,0.052557,public_simbench_planning_v7_direct_moea_de_controls
p3,runtime_scalability,GDE3,baseline,4,0.04420015,0.04420015,40,0.95709483,0.12224037,0.17227752,0.00187319,1.00000000,1.00000000,15,0.01612681,0.00000000,0.051785,public_simbench_planning_v7_direct_moea_de_controls
p3,runtime_scalability,GDE3,baseline,5,0.04392485,0.04392485,38,0.98963099,0.11774236,0.17505448,0.00003015,1.00000000,1.00000000,14,0.01796985,0.00000000,0.050563,public_simbench_planning_v7_direct_moea_de_controls
p3,runtime_scalability,GDE3,baseline,6,0.04552959,0.04552959,39,0.91351910,0.12352418,0.17196198,0.00005103,0.99959186,1.00000000,16,0.01794897,0.00000000,0.051396,public_simbench_planning_v7_direct_moea_de_controls
p3,runtime_scalability,GDE3,baseline,7,0.04653576,0.04653576,39,0.93498454,0.12340206,0.17075364,0.00003595,1.00000000,1.00000000,16,0.01796405,0.00000000,0.051857,public_simbench_planning_v7_direct_moea_de_controls
p3,runtime_scalability,GDE3,baseline,8,0.04371735,0.04371735,39,0.99953241,0.12324537,0.17028448,0.00006379,1.00000000,1.00000000,18,0.01793621,0.00000000,0.052299,public_simbench_planning_v7_direct_moea_de_controls
p3,runtime_scalability,GDE3,baseline,9,0.04227100,0.04227100,39,0.91729496,0.12350590,0.17180003,0.00004639,1.00000000,1.00000000,16,0.01795361,0.00000000,0.051112,public_simbench_planning_v7_direct_moea_de_controls
p3,runtime_scalability,GDE3,baseline,10,0.04659786,0.04659786,39,0.95526029,0.12326746,0.16930862,0.00003363,1.00000000,1.00000000,16,0.01796637,0.00000000,0.051138,public_simbench_planning_v7_direct_moea_de_controls
p3,runtime_scalability,GDE3,baseline,11,0.04434735,0.04434735,40,0.97928428,0.12324728,0.16971558,0.00004639,1.00000000,1.00000000,17,0.01795361,0.00000000,0.055488,public_simbench_planning_v7_direct_moea_de_controls
p3,runtime_scalability,GDE3,baseline,12,0.04374169,0.04374169,39,0.98564630,0.12319825,0.16915502,0.00004987,1.00000000,1.00000000,17,0.01795013,0.00000000,0.052218,public_simbench_planning_v7_direct_moea_de_controls
p3,runtime_scalability,GDE3,baseline,13,0.04765485,0.04765485,39,0.97550842,0.12326555,0.16987752,0.00005103,1.00000000,1.00000000,17,0.01794897,0.00000000,0.051863,public_simbench_planning_v7_direct_moea_de_controls
p3,runtime_scalability,GDE3,baseline,14,0.04212386,0.04212386,39,0.99953241,0.12324537,0.17028448,0.00006379,1.00000000,1.00000000,18,0.01793621,0.00000000,0.050959,public_simbench_planning_v7_direct_moea_de_controls
p3,runtime_scalability,GDE3,baseline,15,0.04424027,0.04424027,39,0.93777954,0.11793369,0.17641642,0.00002899,0.98913340,1.00000000,13,0.01797101,0.00000000,0.052397,public_simbench_planning_v7_direct_moea_de_controls
p3,runtime_scalability,GDE3,baseline,16,0.04421584,0.04421584,40,0.96159469,0.12335112,0.17076198,0.00005683,1.00000000,1.00000000,17,0.01794317,0.00000000,0.051837,public_simbench_planning_v7_direct_moea_de_controls
p3,runtime_scalability,GDE3,baseline,17,0.04594975,0.04594975,39,0.92764166,0.11800099,0.17713893,0.00003015,0.97549751,1.00000000,13,0.01796985,0.00000000,0.050967,public_simbench_planning_v7_direct_moea_de_controls
p3,runtime_scalability,GDE3,baseline,18,0.04613119,0.04613119,39,0.98564630,0.12319825,0.16915502,0.00004987,1.00000000,1.00000000,17,0.01795013,0.00000000,0.052076,public_simbench_planning_v7_direct_moea_de_controls
p3,runtime_scalability,GDE3,baseline,19,0.04460300,0.04460300,39,0.99758420,0.11631850,0.17893681,0.00148788,1.00000000,1.00000000,12,0.01651212,0.00000000,0.051947,public_simbench_planning_v7_direct_moea_de_controls
p3,runtime_scalability,GDE3,baseline,20,0.04357530,0.04357530,38,0.95523268,0.12340015,0.17132254,0.00005335,1.00000000,1.00000000,17,0.01794665,0.00000000,0.051650,public_simbench_planning_v7_direct_moea_de_controls
p3,runtime_scalability,GDE3,baseline,21,0.04558166,0.04558166,39,0.98034496,0.12184986,0.17388425,0.00152741,0.97281457,1.00000000,15,0.01647259,0.00000000,0.052049,public_simbench_planning_v7_direct_moea_de_controls
p3,runtime_scalability,GDE3,baseline,22,0.04711868,0.04711868,38,0.97139294,0.12228021,0.17340699,0.00190462,0.97037482,1.00000000,16,0.01609538,0.00000000,0.051674,public_simbench_planning_v7_direct_moea_de_controls
p3,runtime_scalability,GDE3,baseline,23,0.04662135,0.04662135,40,0.92365697,0.12345688,0.17123947,0.00004987,1.00000000,1.00000000,16,0.01795013,0.00000000,0.051690,public_simbench_planning_v7_direct_moea_de_controls
p3,runtime_scalability,GDE3,baseline,24,0.04606334,0.04606334,38,0.99166868,0.12214562,0.17196198,0.00190230,0.99764660,1.00000000,16,0.01609770,0.00000000,0.051991,public_simbench_planning_v7_direct_moea_de_controls
p3,runtime_scalability,GDE3,baseline,25,0.04323190,0.04323190,39,0.90122418,0.12210222,0.17527540,0.00149136,1.00000000,1.00000000,13,0.01650864,0.00000000,0.051046,public_simbench_planning_v7_direct_moea_de_controls
p3,runtime_scalability,GDE3,baseline,26,0.04756563,0.04756563,39,0.94131895,0.12348572,0.17220699,0.00005915,0.98011201,1.00000000,17,0.01794085,0.00000000,0.051210,public_simbench_planning_v7_direct_moea_de_controls
p3,runtime_scalability,GDE3,baseline,27,0.03841887,0.03841887,39,0.91133444,0.12216761,0.17656681,0.00150991,0.93470208,1.00000000,14,0.01649009,0.00000000,0.051687,public_simbench_planning_v7_direct_moea_de_controls
p3,runtime_scalability,GDE3,baseline,28,0.04287842,0.04287842,39,0.98034496,0.12184986,0.17388425,0.00152741,0.97281457,1.00000000,15,0.01647259,0.00000000,0.051012,public_simbench_planning_v7_direct_moea_de_controls
p3,runtime_scalability,GDE3,baseline,29,0.04369426,0.04369426,39,0.96914641,0.12331458,0.17043809,0.00004755,1.00000000,1.00000000,17,0.01795245,0.00000000,0.051696,public_simbench_planning_v7_direct_moea_de_controls
p3,runtime_scalability,NSDE,baseline,0,0.04475158,0.04475158,39,0.98306014,0.12322901,0.16955364,0.00004175,1.00000000,1.00000000,17,0.01795825,0.00000000,0.051045,public_simbench_planning_v7_direct_moea_de_controls
p3,runtime_scalability,NSDE,baseline,1,0.04625860,0.04625860,39,0.96159469,0.12335112,0.17076198,0.00005683,1.00000000,1.00000000,17,0.01794317,0.00000000,0.051743,public_simbench_planning_v7_direct_moea_de_controls
p3,runtime_scalability,NSDE,baseline,2,0.04503643,0.04503643,39,0.94618310,0.12193735,0.17419980,0.00151581,1.00000000,1.00000000,14,0.01648419,0.00000000,0.051544,public_simbench_planning_v7_direct_moea_de_controls
p3,runtime_scalability,NSDE,baseline,3,0.04532566,0.04532566,39,0.95148443,0.12328574,0.16947057,0.00003827,1.00000000,1.00000000,16,0.01796173,0.00000000,0.050943,public_simbench_planning_v7_direct_moea_de_controls
p3,runtime_scalability,NSDE,baseline,4,0.04602994,0.04602994,40,0.98982365,0.12179266,0.17319929,0.00151223,0.98340169,1.00000000,15,0.01648777,0.00000000,0.052109,public_simbench_planning_v7_direct_moea_de_controls
p3,runtime_scalability,NSDE,baseline,5,0.04849431,0.04849431,39,0.95900853,0.12338188,0.17116060,0.00004871,1.00000000,1.00000000,17,0.01795129,0.00000000,0.051609,public_simbench_planning_v7_direct_moea_de_controls
p3,runtime_scalability,NSDE,baseline,6,0.04424983,0.04424983,39,0.95145682,0.12341842,0.17148448,0.00005799,0.99374790,1.00000000,17,0.01794201,0.00000000,0.051272,public_simbench_planning_v7_direct_moea_de_controls
p3,runtime_scalability,NSDE,baseline,7,0.04704014,0.04704014,40,0.98939454,0.12331267,0.17100699,0.00006495,0.98790395,1.00000000,18,0.01793505,0.00000000,0.051097,public_simbench_planning_v7_direct_moea_de_controls
p3,runtime_scalability,NSDE,baseline,8,0.04233894,0.04233894,40,0.93161018,0.12203301,0.17512180,0.00150760,0.96197386,1.00000000,14,0.01649240,0.00000000,0.050606,public_simbench_planning_v7_direct_moea_de_controls
p3,runtime_scalability,NSDE,baseline,9,0.04753925,0.04753925,39,0.99319801,0.12316171,0.16883113,0.00004059,1.00000000,1.00000000,17,0.01795941,0.00000000,0.050713,public_simbench_planning_v7_direct_moea_de_controls
p3,runtime_scalability,NSDE,baseline,10,0.04421290,0.04421290,39,0.99953241,0.12324537,0.17028448,0.00006379,1.00000000,1.00000000,18,0.01793621,0.00000000,0.050766,public_simbench_planning_v7_direct_moea_de_controls
p3,runtime_scalability,NSDE,baseline,11,0.04592987,0.04592987,39,0.92365697,0.12345688,0.17123947,0.00004987,1.00000000,1.00000000,16,0.01795013,0.00000000,0.050560,public_simbench_planning_v7_direct_moea_de_controls
p3,runtime_scalability,NSDE,baseline,12,0.04494508,0.04494508,39,0.93045706,0.12242399,0.17428310,0.00187203,1.00000000,1.00000000,15,0.01612797,0.00000000,0.051534,public_simbench_planning_v7_direct_moea_de_controls
p3,runtime_scalability,NSDE,baseline,13,0.04285185,0.04285185,39,0.88915548,0.12254075,0.17492254,0.00188723,1.00000000,1.00000000,14,0.01611277,0.00000000,0.050570,public_simbench_planning_v7_direct_moea_de_controls
p3,runtime_scalability,NSDE,baseline,14,0.04219565,0.04219565,39,0.99317040,0.12329439,0.17084505,0.00006031,1.00000000,1.00000000,18,0.01793969,0.00000000,0.051294,public_simbench_planning_v7_direct_moea_de_controls
p3,runtime_scalability,NSDE,baseline,15,0.04572982,0.04572982,40,0.99578417,0.12313095,0.16843251,0.00004871,1.00000000,1.00000000,17,0.01795129,0.00000000,0.050980,public_simbench_planning_v7_direct_moea_de_controls
p3,runtime_scalability,NSDE,baseline,16,0.04041212,0.04041212,40,0.97831268,0.11850775,0.17634576,0.00004871,0.90166195,1.00000000,15,0.01795129,0.00000000,0.051201,public_simbench_planning_v7_direct_moea_de_controls
p3,runtime_scalability,NSDE,baseline,17,0.04371666,0.04371666,39,0.99953241,0.12324537,0.17028448,0.00006379,1.00000000,1.00000000,18,0.01793621,0.00000000,0.050473,public_simbench_planning_v7_direct_moea_de_controls
p3,runtime_scalability,NSDE,baseline,18,0.04405216,0.04405216,39,0.95145682,0.12341842,0.17148448,0.00005799,0.99374790,1.00000000,17,0.01794201,0.00000000,0.051229,public_simbench_planning_v7_direct_moea_de_controls
p3,runtime_scalability,NSDE,baseline,19,0.04499796,0.04499796,40,0.99953241,0.12324537,0.17028448,0.00006379,1.00000000,1.00000000,18,0.01793621,0.00000000,0.052306,public_simbench_planning_v7_direct_moea_de_controls
p3,runtime_scalability,NSDE,baseline,20,0.04415180,0.04415180,38,0.98585513,0.11776063,0.17521642,0.00003479,0.99692534,1.00000000,14,0.01796521,0.00000000,0.051364,public_simbench_planning_v7_direct_moea_de_controls
p3,runtime_scalability,NSDE,baseline,21,0.04568297,0.04568297,39,0.98564630,0.12319825,0.16915502,0.00004987,1.00000000,1.00000000,17,0.01795013,0.00000000,0.052255,public_simbench_planning_v7_direct_moea_de_controls
p3,runtime_scalability,NSDE,baseline,22,0.04398044,0.04398044,39,0.99697387,0.12314344,0.16866919,0.00003595,1.00000000,1.00000000,17,0.01796405,0.00000000,0.051684,public_simbench_planning_v7_direct_moea_de_controls
p3,runtime_scalability,NSDE,baseline,23,0.04517676,0.04517676,39,0.99953241,0.12324537,0.17028448,0.00006379,1.00000000,1.00000000,18,0.01793621,0.00000000,0.050725,public_simbench_planning_v7_direct_moea_de_controls
p3,runtime_scalability,NSDE,baseline,24,0.04896118,0.04896118,39,0.99125669,0.12215288,0.17196198,0.00188478,0.99653795,1.00000000,16,0.01611522,0.00000000,0.051347,public_simbench_planning_v7_direct_moea_de_controls
p3,runtime_scalability,NSDE,baseline,25,0.04562393,0.04562393,37,0.98683599,0.12321073,0.16939169,0.00003711,1.00000000,1.00000000,17,0.01796289,0.00000000,0.050525,public_simbench_planning_v7_direct_moea_de_controls
p3,runtime_scalability,NSDE,baseline,26,0.04778905,0.04778905,40,0.97023470,0.12178448,0.17259284,0.00150885,1.00000000,1.00000000,14,0.01649115,0.00000000,0.051672,public_simbench_planning_v7_direct_moea_de_controls
p3,runtime_scalability,NSDE,baseline,27,0.04591311,0.04591311,39,0.98939454,0.12331267,0.17100699,0.00006495,0.98790395,1.00000000,18,0.01793505,0.00000000,0.052609,public_simbench_planning_v7_direct_moea_de_controls
p3,runtime_scalability,NSDE,baseline,28,0.04724490,0.04724490,38,0.91729496,0.12350590,0.17180003,0.00004639,1.00000000,1.00000000,16,0.01795361,0.00000000,0.051238,public_simbench_planning_v7_direct_moea_de_controls
p3,runtime_scalability,NSDE,baseline,29,0.04700557,0.04700557,39,0.93681908,0.12237496,0.17372254,0.00187551,1.00000000,1.00000000,15,0.01612449,0.00000000,0.051036,public_simbench_planning_v7_direct_moea_de_controls
p3,runtime_scalability,Standard DE,baseline,0,0.03147788,0.03147788,1,0.95267413,0.12329822,0.16970724,0.00002552,1.00000000,1.00000000,16,0.01797448,0.00000000,0.039413,public_simbench_planning_v7_direct_moea_de_controls
p3,runtime_scalability,Standard DE,baseline,1,0.03160441,0.03160441,1,0.98683599,0.12321073,0.16939169,0.00003711,1.00000000,1.00000000,17,0.01796289,0.00000000,0.011529,public_simbench_planning_v7_direct_moea_de_controls
p3,runtime_scalability,Standard DE,baseline,2,0.03155918,0.03155918,1,0.99953241,0.12324537,0.17028448,0.00006379,1.00000000,1.00000000,18,0.01793621,0.00000000,0.010700,public_simbench_planning_v7_direct_moea_de_controls
p3,runtime_scalability,Standard DE,baseline,3,0.03167536,0.03167536,1,0.99319801,0.12316171,0.16883113,0.00004059,1.00000000,1.00000000,17,0.01795941,0.00000000,0.011490,public_simbench_planning_v7_direct_moea_de_controls
p3,runtime_scalability,Standard DE,baseline,4,0.03169592,0.03169592,1,0.99200831,0.12314923,0.16859445,0.00005335,1.00000000,1.00000000,17,0.01794665,0.00000000,0.011498,public_simbench_planning_v7_direct_moea_de_controls
p3,runtime_scalability,Standard DE,baseline,5,0.03174631,0.03174631,1,0.99956003,0.12311268,0.16827057,0.00004407,1.00000000,1.00000000,17,0.01795593,0.00000000,0.010683,public_simbench_planning_v7_direct_moea_de_controls
p3,runtime_scalability,Standard DE,baseline,6,0.03145267,0.03145267,1,0.94889827,0.12331649,0.16986919,0.00003015,1.00000000,1.00000000,16,0.01796985,0.00000000,0.011299,public_simbench_planning_v7_direct_moea_de_controls
p3,runtime_scalability,Standard DE,baseline,7,0.03152880,0.03152880,1,0.97550842,0.12326555,0.16987752,0.00005103,1.00000000,1.00000000,17,0.01794897,0.00000000,0.010713,public_simbench_planning_v7_direct_moea_de_controls
p3,runtime_scalability,Standard DE,baseline,8,0.03167536,0.03167536,1,0.99319801,0.12316171,0.16883113,0.00004059,1.00000000,1.00000000,17,0.01795941,0.00000000,0.010954,public_simbench_planning_v7_direct_moea_de_controls
p3,runtime_scalability,Standard DE,baseline,9,0.03174631,0.03174631,1,0.99956003,0.12311268,0.16827057,0.00004407,1.00000000,1.00000000,17,0.01795593,0.00000000,0.010990,public_simbench_planning_v7_direct_moea_de_controls
p3,runtime_scalability,Standard DE,baseline,10,0.03170056,0.03170056,1,0.99697387,0.12314344,0.16866919,0.00003595,1.00000000,1.00000000,17,0.01796405,0.00000000,0.010924,public_simbench_planning_v7_direct_moea_de_controls
p3,runtime_scalability,Standard DE,baseline,11,0.03128088,0.03128088,1,0.92743283,0.12343860,0.17107752,0.00004523,1.00000000,1.00000000,16,0.01795477,0.00000000,0.010505,public_simbench_planning_v7_direct_moea_de_controls
p3,runtime_scalability,Standard DE,baseline,12,0.03165016,0.03165016,1,0.98942215,0.12317998,0.16899307,0.00004523,1.00000000,1.00000000,17,0.01795477,0.00000000,0.011013,public_simbench_planning_v7_direct_moea_de_controls
p3,runtime_scalability,Standard DE,baseline,13,0.03155400,0.03155400,1,0.97928428,0.12324728,0.16971558,0.00004639,1.00000000,1.00000000,17,0.01795361,0.00000000,0.010619,public_simbench_planning_v7_direct_moea_de_controls
p3,runtime_scalability,Standard DE,baseline,14,0.03172111,0.03172111,1,0.99578417,0.12313095,0.16843251,0.00004871,1.00000000,1.00000000,17,0.01795129,0.00000000,0.011508,public_simbench_planning_v7_direct_moea_de_controls
p3,runtime_scalability,Standard DE,baseline,15,0.03174631,0.03174631,1,0.99956003,0.12311268,0.16827057,0.00004407,1.00000000,1.00000000,17,0.01795593,0.00000000,0.011315,public_simbench_planning_v7_direct_moea_de_controls
p3,runtime_scalability,Standard DE,baseline,16,0.03174631,0.03174631,1,0.99956003,0.12311268,0.16827057,0.00004407,1.00000000,1.00000000,17,0.01795593,0.00000000,0.010805,public_simbench_planning_v7_direct_moea_de_controls
p3,runtime_scalability,Standard DE,baseline,17,0.03335611,0.03335611,1,0.95331897,0.12225864,0.17243947,0.00187783,1.00000000,1.00000000,15,0.01612217,0.00000000,0.010699,public_simbench_planning_v7_direct_moea_de_controls
p3,runtime_scalability,Standard DE,baseline,18,0.03145784,0.03145784,1,0.96914641,0.12331458,0.17043809,0.00004755,1.00000000,1.00000000,17,0.01795245,0.00000000,0.011291,public_simbench_planning_v7_direct_moea_de_controls
p3,runtime_scalability,Standard DE,baseline,19,0.03391908,0.03391908,1,0.99996152,0.12172536,0.17247678,0.00151107,0.99703758,1.00000000,15,0.01648893,0.00000000,0.011116,public_simbench_planning_v7_direct_moea_de_controls
p3,runtime_scalability,Standard DE,baseline,20,0.03167536,0.03167536,1,0.99319801,0.12316171,0.16883113,0.00004059,1.00000000,1.00000000,17,0.01795941,0.00000000,0.011358,public_simbench_planning_v7_direct_moea_de_controls
p3,runtime_scalability,Standard DE,baseline,21,0.03150359,0.03150359,1,0.97173257,0.12328382,0.17003947,0.00005567,1.00000000,1.00000000,17,0.01794433,0.00000000,0.011016,public_simbench_planning_v7_direct_moea_de_controls
p3,runtime_scalability,Standard DE,baseline,22,0.03155918,0.03155918,1,0.99953241,0.12324537,0.17028448,0.00006379,1.00000000,1.00000000,18,0.01793621,0.00000000,0.011153,public_simbench_planning_v7_direct_moea_de_controls
p3,runtime_scalability,Standard DE,baseline,23,0.03174631,0.03174631,1,0.99956003,0.12311268,0.16827057,0.00004407,1.00000000,1.00000000,17,0.01795593,0.00000000,0.010835,public_simbench_planning_v7_direct_moea_de_controls
p3,runtime_scalability,Standard DE,baseline,24,0.03105162,0.03105162,1,0.95145682,0.12341842,0.17148448,0.00005799,0.99374790,1.00000000,17,0.01794201,0.00000000,0.011391,public_simbench_planning_v7_direct_moea_de_controls
p3,runtime_scalability,Standard DE,baseline,25,0.03165016,0.03165016,1,0.98942215,0.12317998,0.16899307,0.00004523,1.00000000,1.00000000,17,0.01795477,0.00000000,0.010898,public_simbench_planning_v7_direct_moea_de_controls
p3,runtime_scalability,Standard DE,baseline,26,0.03165016,0.03165016,1,0.98942215,0.12317998,0.16899307,0.00004523,1.00000000,1.00000000,17,0.01795477,0.00000000,0.010794,public_simbench_planning_v7_direct_moea_de_controls
p3,runtime_scalability,Standard DE,baseline,27,0.03155400,0.03155400,1,0.97928428,0.12324728,0.16971558,0.00004639,1.00000000,1.00000000,17,0.01795361,0.00000000,0.011083,public_simbench_planning_v7_direct_moea_de_controls
p3,runtime_scalability,Standard DE,baseline,28,0.03170056,0.03170056,1,0.99697387,0.12314344,0.16866919,0.00003595,1.00000000,1.00000000,17,0.01796405,0.00000000,0.010365,public_simbench_planning_v7_direct_moea_de_controls
p3,runtime_scalability,Standard DE,baseline,29,0.03157921,0.03157921,1,0.98306014,0.12322901,0.16955364,0.00004175,1.00000000,1.00000000,17,0.01795825,0.00000000,0.011243,public_simbench_planning_v7_direct_moea_de_controls
p3,runtime_scalability,PSO,baseline,0,0.02775840,0.02775840,1,0.93559487,0.11657712,0.18102126,0.00148788,0.92424363,1.00000000,11,0.01651212,0.00000000,0.032521,public_simbench_planning_v7_direct_moea_de_controls
p3,runtime_scalability,PSO,baseline,1,0.01457786,0.01457786,1,0.47822499,0.12524510,0.18517451,0.00001044,0.86907691,0.97254391,8,0.01798956,0.00000000,0.004518,public_simbench_planning_v7_direct_moea_de_controls
p3,runtime_scalability,PSO,baseline,2,0.01239442,0.01239442,1,0.68196777,0.11857900,0.18723717,0.00187215,0.68383540,0.81107156,8,0.01612785,0.00000000,0.005626,public_simbench_planning_v7_direct_moea_de_controls
p3,runtime_scalability,PSO,baseline,3,0.03154304,0.03154304,1,0.95544151,0.11796253,0.17738395,0.00003827,0.95601767,1.00000000,14,0.01796173,0.00000000,0.004653,public_simbench_planning_v7_direct_moea_de_controls
p3,runtime_scalability,PSO,baseline,4,0.03006845,0.03006845,1,0.97020709,0.12191716,0.17460676,0.00152857,0.95917868,1.00000000,15,0.01647143,0.00000000,0.004376,public_simbench_planning_v7_direct_moea_de_controls
p3,runtime_scalability,PSO,baseline,5,0.03048471,0.03048471,1,0.90338123,0.12359147,0.17268448,0.00005219,0.98595597,1.00000000,16,0.01794781,0.00000000,0.005480,public_simbench_planning_v7_direct_moea_de_controls
p3,runtime_scalability,PSO,baseline,6,0.01163570,0.01163570,1,0.95431368,0.11555912,0.18472101,0.00336699,0.56667966,0.71504305,11,0.01463301,0.00000000,0.004604,public_simbench_planning_v7_direct_moea_de_controls
p3,runtime_scalability,PSO,baseline,7,0.01999620,0.01999620,1,0.96459852,0.11244513,0.18248617,0.00003479,0.70469910,0.88229542,11,0.01796521,0.00000000,0.004636,public_simbench_planning_v7_direct_moea_de_controls
p3,runtime_scalability,PSO,baseline,8,0.03682442,0.03682442,1,0.99340684,0.11772409,0.17489254,0.00002552,1.00000000,1.00000000,14,0.01797448,0.00000000,0.004524,public_simbench_planning_v7_direct_moea_de_controls
p3,runtime_scalability,PSO,baseline,9,0.03113349,0.03113349,1,0.91750379,0.11806828,0.17786144,0.00003131,0.96186162,1.00000000,13,0.01796869,0.00000000,0.005444,public_simbench_planning_v7_direct_moea_de_controls
p3,runtime_scalability,PSO,baseline,10,0.02660057,0.02660057,1,0.88946750,0.12367704,0.17356893,0.00005799,0.91210505,1.00000000,16,0.01794201,0.00000000,0.004402,public_simbench_planning_v7_direct_moea_de_controls
p3,runtime_scalability,PSO,baseline,11,0.00953770,0.00953770,1,0.96446772,0.10600390,0.19191510,0.00186867,0.55610897,0.70230447,7,0.01613133,0.00000000,0.004376,public_simbench_planning_v7_direct_moea_de_controls
p3,runtime_scalability,PSO,baseline,12,0.02561496,0.02561496,1,0.90899162,0.12254611,0.17549144,0.00188710,0.88762332,1.00000000,15,0.01611290,0.00000000,0.004516,public_simbench_planning_v7_direct_moea_de_controls
p3,runtime_scalability,PSO,baseline,13,0.02984371,0.02984371,1,0.98432965,0.11639397,0.17978371,0.00150769,0.93508434,1.00000000,12,0.01649231,0.00000000,0.004369,public_simbench_planning_v7_direct_moea_de_controls
p3,runtime_scalability,PSO,baseline,14,0.03141527,0.03141527,1,0.99803070,0.12209659,0.17140141,0.00190578,0.95106746,1.00000000,16,0.01609422,0.00000000,0.004408,public_simbench_planning_v7_direct_moea_de_controls
p3,runtime_scalability,PSO,baseline,15,0.02322071,0.02322071,1,0.91457979,0.12212676,0.17613064,0.00153205,0.83095669,0.99253332,14,0.01646795,0.00000000,0.005398,public_simbench_planning_v7_direct_moea_de_controls
p3,runtime_scalability,PSO,baseline,16,0.03735414,0.03735414,1,0.99599300,0.11769334,0.17449392,0.00003363,1.00000000,1.00000000,14,0.01796637,0.00000000,0.005465,public_simbench_planning_v7_direct_moea_de_controls
p3,runtime_scalability,PSO,baseline,17,0.01615436,0.01615436,1,0.89624718,0.11275278,0.18513118,0.00003131,0.66963538,0.83138810,10,0.01796869,0.00000000,0.004405,public_simbench_planning_v7_direct_moea_de_controls
p3,runtime_scalability,PSO,baseline,18,0.02868091,0.02868091,1,0.95166565,0.11798080,0.17754589,0.00004291,0.89580264,1.00000000,14,0.01795709,0.00000000,0.004483,public_simbench_planning_v7_direct_moea_de_controls
p3,runtime_scalability,PSO,baseline,19,0.03131960,0.03131960,1,0.97139294,0.12228021,0.17340699,0.00190462,0.97037482,1.00000000,16,0.01609538,0.00000000,0.005324,public_simbench_planning_v7_direct_moea_de_controls
p3,runtime_scalability,PSO,baseline,20,0.02657927,0.02657927,1,0.86565234,0.11825961,0.17922338,0.00003015,0.89385466,1.00000000,12,0.01796985,0.00000000,0.004694,public_simbench_planning_v7_direct_moea_de_controls
p3,runtime_scalability,PSO,baseline,21,0.02712028,0.02712028,1,0.98228811,0.11234129,0.18143977,0.00002436,0.83876505,1.00000000,11,0.01797564,0.00000000,0.004635,public_simbench_planning_v7_direct_moea_de_controls
p3,runtime_scalability,PSO,baseline,22,0.03048471,0.03048471,1,0.90338123,0.12359147,0.17268448,0.00005219,0.98595597,1.00000000,16,0.01794781,0.00000000,0.004602,public_simbench_planning_v7_direct_moea_de_controls
p3,runtime_scalability,PSO,baseline,23,0.03143585,0.03143585,1,0.97970195,0.11237204,0.18183840,0.00001624,0.94555922,1.00000000,11,0.01798376,0.00000000,0.004475,public_simbench_planning_v7_direct_moea_de_controls
p3,runtime_scalability,PSO,baseline,24,0.01261685,0.01261685,1,0.58094703,0.11941234,0.18827536,0.00001044,0.74013638,0.85742209,7,0.01798956,0.00000000,0.004442,public_simbench_planning_v7_direct_moea_de_controls
p3,runtime_scalability,PSO,baseline,25,0.02144796,0.02144796,1,0.95823650,0.11249416,0.18304673,0.00003131,0.75127824,0.91605476,11,0.01796869,0.00000000,0.005139,public_simbench_planning_v7_direct_moea_de_controls
p3,runtime_scalability,PSO,baseline,26,0.01957292,0.01957292,1,0.73908754,0.11880761,0.18379091,0.00002204,0.83736311,0.96754242,10,0.01797796,0.00000000,0.004930,public_simbench_planning_v7_direct_moea_de_controls
p3,runtime_scalability,PSO,baseline,27,0.01682598,0.01682598,1,0.75866812,0.11466234,0.18722803,0.00001044,0.76988018,0.90437065,8,0.01798956,0.00000000,0.004477,public_simbench_planning_v7_direct_moea_de_controls
p3,runtime_scalability,PSO,baseline,28,0.01645141,0.01645141,1,0.94829129,0.11661175,0.18191405,0.00151455,0.66390367,0.82197722,12,0.01648545,0.00000000,0.004810,public_simbench_planning_v7_direct_moea_de_controls
p3,runtime_scalability,PSO,baseline,29,0.03610298,0.03610298,1,0.95546912,0.11782984,0.17537003,0.00001856,1.00000000,1.00000000,13,0.01798144,0.00000000,0.004628,public_simbench_planning_v7_direct_moea_de_controls
p3,runtime_scalability,GA,baseline,0,0.03174631,0.03174631,1,0.99956003,0.12311268,0.16827057,0.00004407,1.00000000,1.00000000,17,0.01795593,0.00000000,0.031709,public_simbench_planning_v7_direct_moea_de_controls
p3,runtime_scalability,GA,baseline,1,0.03174631,0.03174631,1,0.99956003,0.12311268,0.16827057,0.00004407,1.00000000,1.00000000,17,0.01795593,0.00000000,0.004798,public_simbench_planning_v7_direct_moea_de_controls
p3,runtime_scalability,GA,baseline,2,0.03174631,0.03174631,1,0.99956003,0.12311268,0.16827057,0.00004407,1.00000000,1.00000000,17,0.01795593,0.00000000,0.004383,public_simbench_planning_v7_direct_moea_de_controls
p3,runtime_scalability,GA,baseline,3,0.03174631,0.03174631,1,0.99956003,0.12311268,0.16827057,0.00004407,1.00000000,1.00000000,17,0.01795593,0.00000000,0.004189,public_simbench_planning_v7_direct_moea_de_controls
p3,runtime_scalability,GA,baseline,4,0.03174631,0.03174631,1,0.99956003,0.12311268,0.16827057,0.00004407,1.00000000,1.00000000,17,0.01795593,0.00000000,0.004212,public_simbench_planning_v7_direct_moea_de_controls
p3,runtime_scalability,GA,baseline,5,0.03174631,0.03174631,1,0.99956003,0.12311268,0.16827057,0.00004407,1.00000000,1.00000000,17,0.01795593,0.00000000,0.005073,public_simbench_planning_v7_direct_moea_de_controls
p3,runtime_scalability,GA,baseline,6,0.03176687,0.03176687,1,0.99837033,0.12310020,0.16803389,0.00005683,1.00000000,1.00000000,17,0.01794317,0.00000000,0.004301,public_simbench_planning_v7_direct_moea_de_controls
p3,runtime_scalability,GA,baseline,7,0.03174631,0.03174631,1,0.99956003,0.12311268,0.16827057,0.00004407,1.00000000,1.00000000,17,0.01795593,0.00000000,0.004203,public_simbench_planning_v7_direct_moea_de_controls
p3,runtime_scalability,GA,baseline,8,0.03174631,0.03174631,1,0.99956003,0.12311268,0.16827057,0.00004407,1.00000000,1.00000000,17,0.01795593,0.00000000,0.004448,public_simbench_planning_v7_direct_moea_de_controls
p3,runtime_scalability,GA,baseline,9,0.03170056,0.03170056,1,0.99697387,0.12314344,0.16866919,0.00003595,1.00000000,1.00000000,17,0.01796405,0.00000000,0.005264,public_simbench_planning_v7_direct_moea_de_controls
p3,runtime_scalability,GA,baseline,10,0.03174631,0.03174631,1,0.99956003,0.12311268,0.16827057,0.00004407,1.00000000,1.00000000,17,0.01795593,0.00000000,0.004113,public_simbench_planning_v7_direct_moea_de_controls
p3,runtime_scalability,GA,baseline,11,0.03174631,0.03174631,1,0.99956003,0.12311268,0.16827057,0.00004407,1.00000000,1.00000000,17,0.01795593,0.00000000,0.004150,public_simbench_planning_v7_direct_moea_de_controls
p3,runtime_scalability,GA,baseline,12,0.03174631,0.03174631,1,0.99956003,0.12311268,0.16827057,0.00004407,1.00000000,1.00000000,17,0.01795593,0.00000000,0.004695,public_simbench_planning_v7_direct_moea_de_controls
p3,runtime_scalability,GA,baseline,13,0.03172056,0.03172056,1,0.98050159,0.12312708,0.16793834,0.00001392,1.00000000,1.00000000,16,0.01798608,0.00000000,0.004173,public_simbench_planning_v7_direct_moea_de_controls
p3,runtime_scalability,GA,baseline,14,0.03174631,0.03174631,1,0.99956003,0.12311268,0.16827057,0.00004407,1.00000000,1.00000000,17,0.01795593,0.00000000,0.004160,public_simbench_planning_v7_direct_moea_de_controls
p3,runtime_scalability,GA,baseline,15,0.03174631,0.03174631,1,0.99956003,0.12311268,0.16827057,0.00004407,1.00000000,1.00000000,17,0.01795593,0.00000000,0.004597,public_simbench_planning_v7_direct_moea_de_controls
p3,runtime_scalability,GA,baseline,16,0.03174631,0.03174631,1,0.99956003,0.12311268,0.16827057,0.00004407,1.00000000,1.00000000,17,0.01795593,0.00000000,0.004642,public_simbench_planning_v7_direct_moea_de_controls
p3,runtime_scalability,GA,baseline,17,0.03174631,0.03174631,1,0.99956003,0.12311268,0.16827057,0.00004407,1.00000000,1.00000000,17,0.01795593,0.00000000,0.004100,public_simbench_planning_v7_direct_moea_de_controls
p3,runtime_scalability,GA,baseline,18,0.03174631,0.03174631,1,0.99956003,0.12311268,0.16827057,0.00004407,1.00000000,1.00000000,17,0.01795593,0.00000000,0.004140,public_simbench_planning_v7_direct_moea_de_controls
p3,runtime_scalability,GA,baseline,19,0.03174631,0.03174631,1,0.99956003,0.12311268,0.16827057,0.00004407,1.00000000,1.00000000,17,0.01795593,0.00000000,0.004985,public_simbench_planning_v7_direct_moea_de_controls
p3,runtime_scalability,GA,baseline,20,0.03174631,0.03174631,1,0.99956003,0.12311268,0.16827057,0.00004407,1.00000000,1.00000000,17,0.01795593,0.00000000,0.004497,public_simbench_planning_v7_direct_moea_de_controls
p3,runtime_scalability,GA,baseline,21,0.03174631,0.03174631,1,0.99956003,0.12311268,0.16827057,0.00004407,1.00000000,1.00000000,17,0.01795593,0.00000000,0.004133,public_simbench_planning_v7_direct_moea_de_controls
p3,runtime_scalability,GA,baseline,22,0.03174631,0.03174631,1,0.99956003,0.12311268,0.16827057,0.00004407,1.00000000,1.00000000,17,0.01795593,0.00000000,0.004300,public_simbench_planning_v7_direct_moea_de_controls
p3,runtime_scalability,GA,baseline,23,0.03170056,0.03170056,1,0.99697387,0.12314344,0.16866919,0.00003595,1.00000000,1.00000000,17,0.01796405,0.00000000,0.004646,public_simbench_planning_v7_direct_moea_de_controls
p3,runtime_scalability,GA,baseline,24,0.03174631,0.03174631,1,0.99956003,0.12311268,0.16827057,0.00004407,1.00000000,1.00000000,17,0.01795593,0.00000000,0.004340,public_simbench_planning_v7_direct_moea_de_controls
p3,runtime_scalability,GA,baseline,25,0.03174631,0.03174631,1,0.99956003,0.12311268,0.16827057,0.00004407,1.00000000,1.00000000,17,0.01795593,0.00000000,0.004095,public_simbench_planning_v7_direct_moea_de_controls
p3,runtime_scalability,GA,baseline,26,0.03174631,0.03174631,1,0.99956003,0.12311268,0.16827057,0.00004407,1.00000000,1.00000000,17,0.01795593,0.00000000,0.004300,public_simbench_planning_v7_direct_moea_de_controls
p3,runtime_scalability,GA,baseline,27,0.03170056,0.03170056,1,0.99697387,0.12314344,0.16866919,0.00003595,1.00000000,1.00000000,17,0.01796405,0.00000000,0.005003,public_simbench_planning_v7_direct_moea_de_controls
p3,runtime_scalability,GA,baseline,28,0.03174631,0.03174631,1,0.99956003,0.12311268,0.16827057,0.00004407,1.00000000,1.00000000,17,0.01795593,0.00000000,0.004433,public_simbench_planning_v7_direct_moea_de_controls
p3,runtime_scalability,GA,baseline,29,0.03174631,0.03174631,1,0.99956003,0.12311268,0.16827057,0.00004407,1.00000000,1.00000000,17,0.01795593,0.00000000,0.005251,public_simbench_planning_v7_direct_moea_de_controls
p3,runtime_scalability,Weighted Sum,baseline,0,0.00883427,0.00883427,1,0.96879204,0.10155162,0.19444704,0.00000000,0.56902360,0.72151275,5,0.01800000,0.00000000,0.000332,public_simbench_planning_v7_direct_moea_de_controls
p3,runtime_scalability,Weighted Sum,baseline,1,0.00883427,0.00883427,1,0.96879204,0.10155162,0.19444704,0.00000000,0.56902360,0.72151275,5,0.01800000,0.00000000,0.000303,public_simbench_planning_v7_direct_moea_de_controls
p3,runtime_scalability,Weighted Sum,baseline,2,0.00883427,0.00883427,1,0.96879204,0.10155162,0.19444704,0.00000000,0.56902360,0.72151275,5,0.01800000,0.00000000,0.000289,public_simbench_planning_v7_direct_moea_de_controls
p3,runtime_scalability,Weighted Sum,baseline,3,0.00883427,0.00883427,1,0.96879204,0.10155162,0.19444704,0.00000000,0.56902360,0.72151275,5,0.01800000,0.00000000,0.000288,public_simbench_planning_v7_direct_moea_de_controls
p3,runtime_scalability,Weighted Sum,baseline,4,0.00883427,0.00883427,1,0.96879204,0.10155162,0.19444704,0.00000000,0.56902360,0.72151275,5,0.01800000,0.00000000,0.000294,public_simbench_planning_v7_direct_moea_de_controls
p3,runtime_scalability,Weighted Sum,baseline,5,0.00883427,0.00883427,1,0.96879204,0.10155162,0.19444704,0.00000000,0.56902360,0.72151275,5,0.01800000,0.00000000,0.000288,public_simbench_planning_v7_direct_moea_de_controls
p3,runtime_scalability,Weighted Sum,baseline,6,0.00883427,0.00883427,1,0.96879204,0.10155162,0.19444704,0.00000000,0.56902360,0.72151275,5,0.01800000,0.00000000,0.000285,public_simbench_planning_v7_direct_moea_de_controls
p3,runtime_scalability,Weighted Sum,baseline,7,0.00883427,0.00883427,1,0.96879204,0.10155162,0.19444704,0.00000000,0.56902360,0.72151275,5,0.01800000,0.00000000,0.000292,public_simbench_planning_v7_direct_moea_de_controls
p3,runtime_scalability,Weighted Sum,baseline,8,0.00883427,0.00883427,1,0.96879204,0.10155162,0.19444704,0.00000000,0.56902360,0.72151275,5,0.01800000,0.00000000,0.000284,public_simbench_planning_v7_direct_moea_de_controls
p3,runtime_scalability,Weighted Sum,baseline,9,0.00883427,0.00883427,1,0.96879204,0.10155162,0.19444704,0.00000000,0.56902360,0.72151275,5,0.01800000,0.00000000,0.000355,public_simbench_planning_v7_direct_moea_de_controls
p3,runtime_scalability,Weighted Sum,baseline,10,0.00883427,0.00883427,1,0.96879204,0.10155162,0.19444704,0.00000000,0.56902360,0.72151275,5,0.01800000,0.00000000,0.000319,public_simbench_planning_v7_direct_moea_de_controls
p3,runtime_scalability,Weighted Sum,baseline,11,0.00883427,0.00883427,1,0.96879204,0.10155162,0.19444704,0.00000000,0.56902360,0.72151275,5,0.01800000,0.00000000,0.000295,public_simbench_planning_v7_direct_moea_de_controls
p3,runtime_scalability,Weighted Sum,baseline,12,0.00883427,0.00883427,1,0.96879204,0.10155162,0.19444704,0.00000000,0.56902360,0.72151275,5,0.01800000,0.00000000,0.000285,public_simbench_planning_v7_direct_moea_de_controls
p3,runtime_scalability,Weighted Sum,baseline,13,0.00883427,0.00883427,1,0.96879204,0.10155162,0.19444704,0.00000000,0.56902360,0.72151275,5,0.01800000,0.00000000,0.000297,public_simbench_planning_v7_direct_moea_de_controls
p3,runtime_scalability,Weighted Sum,baseline,14,0.00883427,0.00883427,1,0.96879204,0.10155162,0.19444704,0.00000000,0.56902360,0.72151275,5,0.01800000,0.00000000,0.000287,public_simbench_planning_v7_direct_moea_de_controls
p3,runtime_scalability,Weighted Sum,baseline,15,0.00883427,0.00883427,1,0.96879204,0.10155162,0.19444704,0.00000000,0.56902360,0.72151275,5,0.01800000,0.00000000,0.000304,public_simbench_planning_v7_direct_moea_de_controls
p3,runtime_scalability,Weighted Sum,baseline,16,0.00883427,0.00883427,1,0.96879204,0.10155162,0.19444704,0.00000000,0.56902360,0.72151275,5,0.01800000,0.00000000,0.000285,public_simbench_planning_v7_direct_moea_de_controls
p3,runtime_scalability,Weighted Sum,baseline,17,0.00883427,0.00883427,1,0.96879204,0.10155162,0.19444704,0.00000000,0.56902360,0.72151275,5,0.01800000,0.00000000,0.000278,public_simbench_planning_v7_direct_moea_de_controls
p3,runtime_scalability,Weighted Sum,baseline,18,0.00883427,0.00883427,1,0.96879204,0.10155162,0.19444704,0.00000000,0.56902360,0.72151275,5,0.01800000,0.00000000,0.000275,public_simbench_planning_v7_direct_moea_de_controls
p3,runtime_scalability,Weighted Sum,baseline,19,0.00883427,0.00883427,1,0.96879204,0.10155162,0.19444704,0.00000000,0.56902360,0.72151275,5,0.01800000,0.00000000,0.000282,public_simbench_planning_v7_direct_moea_de_controls
p3,runtime_scalability,Weighted Sum,baseline,20,0.00883427,0.00883427,1,0.96879204,0.10155162,0.19444704,0.00000000,0.56902360,0.72151275,5,0.01800000,0.00000000,0.000277,public_simbench_planning_v7_direct_moea_de_controls
p3,runtime_scalability,Weighted Sum,baseline,21,0.00883427,0.00883427,1,0.96879204,0.10155162,0.19444704,0.00000000,0.56902360,0.72151275,5,0.01800000,0.00000000,0.000278,public_simbench_planning_v7_direct_moea_de_controls
p3,runtime_scalability,Weighted Sum,baseline,22,0.00883427,0.00883427,1,0.96879204,0.10155162,0.19444704,0.00000000,0.56902360,0.72151275,5,0.01800000,0.00000000,0.000271,public_simbench_planning_v7_direct_moea_de_controls
p3,runtime_scalability,Weighted Sum,baseline,23,0.00883427,0.00883427,1,0.96879204,0.10155162,0.19444704,0.00000000,0.56902360,0.72151275,5,0.01800000,0.00000000,0.000273,public_simbench_planning_v7_direct_moea_de_controls
p3,runtime_scalability,Weighted Sum,baseline,24,0.00883427,0.00883427,1,0.96879204,0.10155162,0.19444704,0.00000000,0.56902360,0.72151275,5,0.01800000,0.00000000,0.000278,public_simbench_planning_v7_direct_moea_de_controls
p3,runtime_scalability,Weighted Sum,baseline,25,0.00883427,0.00883427,1,0.96879204,0.10155162,0.19444704,0.00000000,0.56902360,0.72151275,5,0.01800000,0.00000000,0.000271,public_simbench_planning_v7_direct_moea_de_controls
p3,runtime_scalability,Weighted Sum,baseline,26,0.00883427,0.00883427,1,0.96879204,0.10155162,0.19444704,0.00000000,0.56902360,0.72151275,5,0.01800000,0.00000000,0.000270,public_simbench_planning_v7_direct_moea_de_controls
p3,runtime_scalability,Weighted Sum,baseline,27,0.00883427,0.00883427,1,0.96879204,0.10155162,0.19444704,0.00000000,0.56902360,0.72151275,5,0.01800000,0.00000000,0.000281,public_simbench_planning_v7_direct_moea_de_controls
p3,runtime_scalability,Weighted Sum,baseline,28,0.00883427,0.00883427,1,0.96879204,0.10155162,0.19444704,0.00000000,0.56902360,0.72151275,5,0.01800000,0.00000000,0.000275,public_simbench_planning_v7_direct_moea_de_controls
p3,runtime_scalability,Weighted Sum,baseline,29,0.00883427,0.00883427,1,0.96879204,0.10155162,0.19444704,0.00000000,0.56902360,0.72151275,5,0.01800000,0.00000000,0.000273,public_simbench_planning_v7_direct_moea_de_controls
p3,runtime_scalability,Ablation-NoRepair,ablation,0,0.04807138,0.04807138,40,0.89068481,0.12355684,0.17179169,0.00002552,1.00000000,1.00000000,15,0.01797448,0.00000000,0.080100,public_simbench_planning_v7_direct_moea_de_controls
p3,runtime_scalability,Ablation-NoRepair,ablation,1,0.04542790,0.04542790,40,0.88688134,0.12370780,0.17396756,0.00004987,1.00000000,1.00000000,16,0.01795013,0.00000000,0.079297,public_simbench_planning_v7_direct_moea_de_controls
p3,runtime_scalability,Ablation-NoRepair,ablation,2,0.04287912,0.04287912,40,0.95900853,0.12338188,0.17116060,0.00004871,1.00000000,1.00000000,17,0.01795129,0.00000000,0.079268,public_simbench_planning_v7_direct_moea_de_controls
p3,runtime_scalability,Ablation-NoRepair,ablation,3,0.04369116,0.04369116,38,0.92743283,0.12343860,0.17107752,0.00004523,1.00000000,1.00000000,16,0.01795477,0.00000000,0.079878,public_simbench_planning_v7_direct_moea_de_controls
p3,runtime_scalability,Ablation-NoRepair,ablation,4,0.04168194,0.04168194,39,0.92331734,0.12245327,0.17460699,0.00189882,0.96258288,1.00000000,15,0.01610118,0.00000000,0.080454,public_simbench_planning_v7_direct_moea_de_controls
p3,runtime_scalability,Ablation-NoRepair,ablation,5,0.04337639,0.04337639,38,0.99976886,0.11767506,0.17433197,0.00002899,1.00000000,1.00000000,14,0.01797101,0.00000000,0.081522,public_simbench_planning_v7_direct_moea_de_controls
p3,runtime_scalability,Ablation-NoRepair,ablation,6,0.04522590,0.04522590,40,0.87299522,0.12366068,0.17283809,0.00003595,1.00000000,1.00000000,15,0.01796405,0.00000000,0.081466,public_simbench_planning_v7_direct_moea_de_controls
p3,runtime_scalability,Ablation-NoRepair,ablation,7,0.04308925,0.04308925,39,0.95145682,0.12341842,0.17148448,0.00005799,0.99374790,1.00000000,17,0.01794201,0.00000000,0.078789,public_simbench_planning_v7_direct_moea_de_controls
p3,runtime_scalability,Ablation-NoRepair,ablation,8,0.04450033,0.04450033,40,0.97571726,0.11782793,0.17593893,0.00003595,0.98328945,1.00000000,14,0.01796405,0.00000000,0.080090,public_simbench_planning_v7_direct_moea_de_controls
p3,runtime_scalability,Ablation-NoRepair,ablation,9,0.04255503,0.04255503,38,0.99048284,0.12178256,0.17316174,0.00152625,0.98645046,1.00000000,15,0.01647375,0.00000000,0.079808,public_simbench_planning_v7_direct_moea_de_controls
p3,runtime_scalability,Ablation-NoRepair,ablation,10,0.04430545,0.04430545,40,0.96845124,0.11930391,0.17532022,0.00003827,1.00000000,1.00000000,15,0.01796173,0.00000000,0.081109,public_simbench_planning_v7_direct_moea_de_controls
p3,runtime_scalability,Ablation-NoRepair,ablation,11,0.04611755,0.04611755,40,0.97173257,0.12328382,0.17003947,0.00005567,1.00000000,1.00000000,17,0.01794433,0.00000000,0.080534,public_simbench_planning_v7_direct_moea_de_controls
p3,runtime_scalability,Ablation-NoRepair,ablation,12,0.04559979,0.04559979,40,0.97928428,0.12324728,0.16971558,0.00004639,1.00000000,1.00000000,17,0.01795361,0.00000000,0.080305,public_simbench_planning_v7_direct_moea_de_controls
p3,runtime_scalability,Ablation-NoRepair,ablation,13,0.04478363,0.04478363,40,0.96537055,0.12333285,0.17060003,0.00005219,1.00000000,1.00000000,17,0.01794781,0.00000000,0.078016,public_simbench_planning_v7_direct_moea_de_controls
p3,runtime_scalability,Ablation-NoRepair,ablation,14,0.04814731,0.04814731,39,0.94240724,0.12195562,0.17436174,0.00152045,0.97865853,1.00000000,14,0.01647955,0.00000000,0.081379,public_simbench_planning_v7_direct_moea_de_controls
p3,runtime_scalability,Ablation-NoRepair,ablation,15,0.04606185,0.04606185,39,0.97949311,0.11780966,0.17577699,0.00003131,1.00000000,1.00000000,14,0.01796869,0.00000000,0.082242,public_simbench_planning_v7_direct_moea_de_controls
p3,runtime_scalability,Ablation-NoRepair,ablation,16,0.04442291,0.04442291,39,0.95145682,0.12341842,0.17148448,0.00005799,0.99374790,1.00000000,17,0.01794201,0.00000000,0.079174,public_simbench_planning_v7_direct_moea_de_controls
p3,runtime_scalability,Ablation-NoRepair,ablation,17,0.04787592,0.04787592,40,0.95145682,0.12341842,0.17148448,0.00005799,0.99374790,1.00000000,17,0.01794201,0.00000000,0.077979,public_simbench_planning_v7_direct_moea_de_controls
p3,runtime_scalability,Ablation-NoRepair,ablation,18,0.04324643,0.04324643,39,0.81736791,0.12387028,0.17436198,0.00003943,0.98400798,1.00000000,14,0.01796057,0.00000000,0.079098,public_simbench_planning_v7_direct_moea_de_controls
p3,runtime_scalability,Ablation-NoRepair,ablation,19,0.04496285,0.04496285,40,0.97475680,0.12226921,0.17324505,0.00188246,1.00000000,1.00000000,16,0.01611754,0.00000000,0.082096,public_simbench_planning_v7_direct_moea_de_controls
p3,runtime_scalability,Ablation-NoRepair,ablation,20,0.04546780,0.04546780,40,0.99244639,0.12216537,0.17219865,0.00187203,1.00000000,1.00000000,16,0.01612797,0.00000000,0.077557,public_simbench_planning_v7_direct_moea_de_controls
p3,runtime_scalability,Ablation-NoRepair,ablation,21,0.04799428,0.04799428,38,0.99578417,0.12313095,0.16843251,0.00004871,1.00000000,1.00000000,17,0.01795129,0.00000000,0.079519,public_simbench_planning_v7_direct_moea_de_controls
p3,runtime_scalability,Ablation-NoRepair,ablation,22,0.04460912,0.04460912,39,0.97928428,0.12324728,0.16971558,0.00004639,1.00000000,1.00000000,17,0.01795361,0.00000000,0.078154,public_simbench_planning_v7_direct_moea_de_controls
p3,runtime_scalability,Ablation-NoRepair,ablation,23,0.04584902,0.04584902,40,0.94736895,0.12230040,0.17300003,0.00189187,1.00000000,1.00000000,15,0.01610813,0.00000000,0.080998,public_simbench_planning_v7_direct_moea_de_controls
p3,runtime_scalability,Ablation-NoRepair,ablation,24,0.04203251,0.04203251,40,0.97550842,0.12326555,0.16987752,0.00005103,1.00000000,1.00000000,17,0.01794897,0.00000000,0.078885,public_simbench_planning_v7_direct_moea_de_controls
p3,runtime_scalability,Ablation-NoRepair,ablation,25,0.04468642,0.04468642,40,0.95523268,0.12340015,0.17132254,0.00005335,1.00000000,1.00000000,17,0.01794665,0.00000000,0.079843,public_simbench_planning_v7_direct_moea_de_controls
p3,runtime_scalability,Ablation-NoRepair,ablation,26,0.04619810,0.04619810,40,0.96720509,0.12230575,0.17356893,0.00189174,0.90905114,1.00000000,16,0.01610826,0.00000000,0.081738,public_simbench_planning_v7_direct_moea_de_controls
p3,runtime_scalability,Ablation-NoRepair,ablation,27,0.04715775,0.04715775,38,0.91093294,0.12355493,0.17236060,0.00004291,1.00000000,1.00000000,16,0.01795709,0.00000000,0.079415,public_simbench_planning_v7_direct_moea_de_controls
p3,runtime_scalability,Ablation-NoRepair,ablation,28,0.04663236,0.04663236,39,0.93498454,0.12340206,0.17075364,0.00003595,1.00000000,1.00000000,16,0.01796405,0.00000000,0.078824,public_simbench_planning_v7_direct_moea_de_controls
p3,runtime_scalability,Ablation-NoRepair,ablation,29,0.04477300,0.04477300,38,0.97669812,0.12327803,0.17011420,0.00003827,1.00000000,1.00000000,17,0.01796173,0.00000000,0.079876,public_simbench_planning_v7_direct_moea_de_controls
p3,runtime_scalability,Ablation-FixedDE,ablation,0,0.04872409,0.04872409,39,0.96539816,0.12320016,0.16858611,0.00003247,1.00000000,1.00000000,16,0.01796753,0.00000000,0.122851,public_simbench_planning_v7_direct_moea_de_controls
p3,runtime_scalability,Ablation-FixedDE,ablation,1,0.04719406,0.04719406,39,0.98207927,0.11777891,0.17537837,0.00003943,0.93671031,1.00000000,14,0.01796057,0.00000000,0.123188,public_simbench_planning_v7_direct_moea_de_controls
p3,runtime_scalability,Ablation-FixedDE,ablation,2,0.04945425,0.04945425,39,0.96162231,0.12321844,0.16874806,0.00003711,1.00000000,1.00000000,16,0.01796289,0.00000000,0.120527,public_simbench_planning_v7_direct_moea_de_controls
p3,runtime_scalability,Ablation-FixedDE,ablation,3,0.04890558,0.04890558,39,0.97142055,0.12214753,0.17139307,0.00188491,1.00000000,1.00000000,15,0.01611509,0.00000000,0.119702,public_simbench_planning_v7_direct_moea_de_controls
p3,runtime_scalability,Ablation-FixedDE,ablation,4,0.04870572,0.04870572,39,0.90340884,0.12345879,0.17067057,0.00003247,1.00000000,1.00000000,15,0.01796753,0.00000000,0.120801,public_simbench_planning_v7_direct_moea_de_controls
p3,runtime_scalability,Ablation-FixedDE,ablation,5,0.04896633,0.04896633,39,0.97928428,0.12324728,0.16971558,0.00004639,1.00000000,1.00000000,17,0.01795361,0.00000000,0.121892,public_simbench_planning_v7_direct_moea_de_controls
p3,runtime_scalability,Ablation-FixedDE,ablation,6,0.05025980,0.05025980,39,0.96386883,0.12218407,0.17171696,0.00189418,1.00000000,1.00000000,15,0.01610582,0.00000000,0.121735,public_simbench_planning_v7_direct_moea_de_controls
p3,runtime_scalability,Ablation-FixedDE,ablation,7,0.04970800,0.04970800,39,0.99319801,0.12316171,0.16883113,0.00004059,1.00000000,1.00000000,17,0.01795941,0.00000000,0.120487,public_simbench_planning_v7_direct_moea_de_controls
p3,runtime_scalability,Ablation-FixedDE,ablation,8,0.04936397,0.04936397,39,0.95784645,0.12323671,0.16891000,0.00004175,1.00000000,1.00000000,16,0.01795825,0.00000000,0.122343,public_simbench_planning_v7_direct_moea_de_controls
p3,runtime_scalability,Ablation-FixedDE,ablation,9,0.05051585,0.05051585,39,0.99166868,0.12214562,0.17196198,0.00190230,0.99764660,1.00000000,16,0.01609770,0.00000000,0.124526,public_simbench_planning_v7_direct_moea_de_controls
p3,runtime_scalability,Ablation-FixedDE,ablation,10,0.05049171,0.05049171,39,0.99578417,0.12313095,0.16843251,0.00004871,1.00000000,1.00000000,17,0.01795129,0.00000000,0.113745,public_simbench_planning_v7_direct_moea_de_controls
p3,runtime_scalability,Ablation-FixedDE,ablation,11,0.04881980,0.04881980,39,0.97550842,0.12326555,0.16987752,0.00005103,1.00000000,1.00000000,17,0.01794897,0.00000000,0.118207,public_simbench_planning_v7_direct_moea_de_controls
p3,runtime_scalability,Ablation-FixedDE,ablation,12,0.04651870,0.04651870,39,0.96947923,0.12113870,0.17452392,0.00372910,0.91879379,1.00000000,14,0.01427090,0.00000000,0.123110,public_simbench_planning_v7_direct_moea_de_controls
p3,runtime_scalability,Ablation-FixedDE,ablation,13,0.04876585,0.04876585,39,0.97928428,0.12324728,0.16971558,0.00004639,1.00000000,1.00000000,17,0.01795361,0.00000000,0.120182,public_simbench_planning_v7_direct_moea_de_controls
p3,runtime_scalability,Ablation-FixedDE,ablation,14,0.04926981,0.04926981,39,0.97519640,0.12212926,0.17123113,0.00188027,1.00000000,1.00000000,15,0.01611973,0.00000000,0.114021,public_simbench_planning_v7_direct_moea_de_controls
p3,runtime_scalability,Ablation-FixedDE,ablation,15,0.04874654,0.04874654,39,0.84141952,0.12371741,0.17275502,0.00003247,1.00000000,1.00000000,14,0.01796753,0.00000000,0.120672,public_simbench_planning_v7_direct_moea_de_controls
p3,runtime_scalability,Ablation-FixedDE,ablation,16,0.04943329,0.04943329,39,0.95784645,0.12323671,0.16891000,0.00004175,1.00000000,1.00000000,16,0.01795825,0.00000000,0.122610,public_simbench_planning_v7_direct_moea_de_controls
p3,runtime_scalability,Ablation-FixedDE,ablation,17,0.04912369,0.04912369,39,0.95824795,0.12184939,0.17311622,0.00150875,0.94266650,1.00000000,14,0.01649125,0.00000000,0.123600,public_simbench_planning_v7_direct_moea_de_controls
p3,runtime_scalability,Ablation-FixedDE,ablation,18,0.04952466,0.04952466,39,0.97173257,0.12328382,0.17003947,0.00005567,1.00000000,1.00000000,17,0.01794433,0.00000000,0.120487,public_simbench_planning_v7_direct_moea_de_controls
p3,runtime_scalability,Ablation-FixedDE,ablation,19,0.04852826,0.04852826,39,0.97550842,0.12326555,0.16987752,0.00005103,1.00000000,1.00000000,17,0.01794897,0.00000000,0.117935,public_simbench_planning_v7_direct_moea_de_controls
p3,runtime_scalability,Ablation-FixedDE,ablation,20,0.04987933,0.04987933,39,0.99319801,0.12316171,0.16883113,0.00004059,1.00000000,1.00000000,17,0.01795941,0.00000000,0.123538,public_simbench_planning_v7_direct_moea_de_controls
p3,runtime_scalability,Ablation-FixedDE,ablation,21,0.04887123,0.04887123,39,0.96162231,0.12321844,0.16874806,0.00003711,1.00000000,1.00000000,16,0.01796289,0.00000000,0.129413,public_simbench_planning_v7_direct_moea_de_controls
p3,runtime_scalability,Ablation-FixedDE,ablation,22,0.04796191,0.04796191,39,0.95145682,0.12341842,0.17148448,0.00005799,0.99374790,1.00000000,17,0.01794201,0.00000000,0.123138,public_simbench_planning_v7_direct_moea_de_controls
p3,runtime_scalability,Ablation-FixedDE,ablation,23,0.04795187,0.04795187,38,0.98789282,0.12216389,0.17212392,0.00190694,0.93743157,1.00000000,16,0.01609306,0.00000000,0.120210,public_simbench_planning_v7_direct_moea_de_controls
p3,runtime_scalability,Ablation-FixedDE,ablation,24,0.05009229,0.05009229,39,0.97100856,0.12215480,0.17139307,0.00186739,1.00000000,1.00000000,15,0.01613261,0.00000000,0.124777,public_simbench_planning_v7_direct_moea_de_controls
p3,runtime_scalability,Ablation-FixedDE,ablation,25,0.04817003,0.04817003,39,0.99200831,0.12314923,0.16859445,0.00005335,1.00000000,1.00000000,17,0.01794665,0.00000000,0.121407,public_simbench_planning_v7_direct_moea_de_controls
p3,runtime_scalability,Ablation-FixedDE,ablation,26,0.04953124,0.04953124,39,0.97294988,0.12316362,0.16826223,0.00002320,1.00000000,1.00000000,16,0.01797680,0.00000000,0.120446,public_simbench_planning_v7_direct_moea_de_controls
p3,runtime_scalability,Ablation-FixedDE,ablation,27,0.04893658,0.04893658,39,0.97173257,0.12328382,0.17003947,0.00005567,1.00000000,1.00000000,17,0.01794433,0.00000000,0.120856,public_simbench_planning_v7_direct_moea_de_controls
p3,runtime_scalability,Ablation-FixedDE,ablation,28,0.04872400,0.04872400,39,0.95407059,0.12325498,0.16907194,0.00004639,1.00000000,1.00000000,16,0.01795361,0.00000000,0.126996,public_simbench_planning_v7_direct_moea_de_controls
p3,runtime_scalability,Ablation-FixedDE,ablation,29,0.04851257,0.04851257,39,0.98942215,0.12317998,0.16899307,0.00004523,1.00000000,1.00000000,17,0.01795477,0.00000000,0.123846,public_simbench_planning_v7_direct_moea_de_controls
p3,runtime_scalability,Ablation-NoDiversity,ablation,0,0.03442989,0.03442989,16,0.84884043,0.11723964,0.18186006,0.00185707,1.00000000,1.00000000,10,0.01614293,0.00419355,0.199769,public_simbench_planning_v7_direct_moea_de_controls
p3,runtime_scalability,Ablation-NoDiversity,ablation,1,0.03754558,0.03754558,9,0.94931594,0.11244125,0.18199200,0.00000000,1.00000000,1.00000000,10,0.01800000,0.10903226,0.188712,public_simbench_planning_v7_direct_moea_de_controls
p3,runtime_scalability,Ablation-NoDiversity,ablation,2,0.03770418,0.03770418,14,0.94931594,0.11244125,0.18199200,0.00000000,1.00000000,1.00000000,10,0.01800000,0.10903226,0.209022,public_simbench_planning_v7_direct_moea_de_controls
p3,runtime_scalability,Ablation-NoDiversity,ablation,3,0.00047204,0.00047204,1,0.00000000,0.12721025,0.20080373,0.00000000,0.35000000,0.42000000,0,0.01800000,0.48000000,0.214417,public_simbench_planning_v7_direct_moea_de_controls
p3,runtime_scalability,Ablation-NoDiversity,ablation,4,0.04055779,0.04055779,21,0.91082976,0.11698102,0.17977561,0.00185707,1.00000000,1.00000000,11,0.01614293,0.01812317,0.204500,public_simbench_planning_v7_direct_moea_de_controls
p3,runtime_scalability,Ablation-NoDiversity,ablation,5,0.02516047,0.02516047,3,0.82533729,0.11295850,0.18616090,0.00000000,0.90854752,1.00000000,8,0.01800000,0.09693548,0.200369,public_simbench_planning_v7_direct_moea_de_controls
p3,runtime_scalability,Ablation-NoDiversity,ablation,6,0.03951620,0.03951620,7,0.84659390,0.11827400,0.17889116,0.00000000,1.00000000,1.00000000,11,0.01800000,0.13542522,0.223340,public_simbench_planning_v7_direct_moea_de_controls
p3,runtime_scalability,Ablation-NoDiversity,ablation,7,0.03789265,0.03789265,9,0.78460458,0.11853263,0.18097561,0.00000000,1.00000000,1.00000000,10,0.01800000,0.13322581,0.183420,public_simbench_planning_v7_direct_moea_de_controls
p3,runtime_scalability,Ablation-NoDiversity,ablation,8,0.03581888,0.03581888,12,0.78685111,0.11749826,0.18394451,0.00185707,0.96169187,1.00000000,9,0.01614293,0.00000000,0.184051,public_simbench_planning_v7_direct_moea_de_controls
p3,runtime_scalability,Ablation-NoDiversity,ablation,9,0.03324490,0.03324490,8,0.78685111,0.11749826,0.18394451,0.00185707,0.96169187,1.00000000,9,0.01614293,0.00000000,0.220603,public_simbench_planning_v7_direct_moea_de_controls
p3,runtime_scalability,Ablation-NoDiversity,ablation,10,0.01126750,0.01126750,3,0.93030586,0.10609139,0.19223065,0.00185707,0.62216795,0.76151747,6,0.01614293,0.00000000,0.213462,public_simbench_planning_v7_direct_moea_de_controls
p3,runtime_scalability,Ablation-NoDiversity,ablation,11,0.02496717,0.02496717,2,0.78685111,0.11749826,0.18394451,0.00185707,0.96169187,1.00000000,9,0.01614293,0.00000000,0.216735,public_simbench_planning_v7_direct_moea_de_controls
p3,runtime_scalability,Ablation-NoDiversity,ablation,12,0.03760945,0.03760945,8,0.91082976,0.11698102,0.17977561,0.00185707,1.00000000,1.00000000,11,0.01614293,0.01812317,0.204686,public_simbench_planning_v7_direct_moea_de_controls
p3,runtime_scalability,Ablation-NoDiversity,ablation,13,0.02671090,0.02671090,6,0.82533729,0.11295850,0.18616090,0.00000000,0.90854752,1.00000000,8,0.01800000,0.09693548,0.203845,public_simbench_planning_v7_direct_moea_de_controls
p3,runtime_scalability,Ablation-NoDiversity,ablation,14,0.03914742,0.03914742,22,0.94931594,0.11244125,0.18199200,0.00000000,1.00000000,1.00000000,10,0.01800000,0.10903226,0.202629,public_simbench_planning_v7_direct_moea_de_controls
p3,runtime_scalability,Ablation-NoDiversity,ablation,15,0.03706616,0.03706616,6,0.84659390,0.11827400,0.17889116,0.00000000,1.00000000,1.00000000,11,0.01800000,0.13542522,0.189587,public_simbench_planning_v7_direct_moea_de_controls
p3,runtime_scalability,Ablation-NoDiversity,ablation,16,0.03420815,0.03420815,8,0.88732662,0.11269988,0.18407645,0.00000000,0.99019037,1.00000000,9,0.01800000,0.10365591,0.191449,public_simbench_planning_v7_direct_moea_de_controls
p3,runtime_scalability,Ablation-NoDiversity,ablation,17,0.04087372,0.04087372,19,0.91082976,0.11698102,0.17977561,0.00185707,1.00000000,1.00000000,11,0.01614293,0.01812317,0.194128,public_simbench_planning_v7_direct_moea_de_controls
p3,runtime_scalability,Ablation-NoDiversity,ablation,18,0.00047204,0.00047204,1,0.00000000,0.12721025,0.20080373,0.00000000,0.35000000,0.42000000,0,0.01800000,0.48000000,0.206617,public_simbench_planning_v7_direct_moea_de_controls
p3,runtime_scalability,Ablation-NoDiversity,ablation,19,0.03555472,0.03555472,12,0.88732662,0.11269988,0.18407645,0.00000000,0.99019037,1.00000000,9,0.01800000,0.10365591,0.193291,public_simbench_planning_v7_direct_moea_de_controls
p3,runtime_scalability,Ablation-NoDiversity,ablation,20,0.02854447,0.02854447,2,0.78460458,0.11853263,0.18097561,0.00000000,1.00000000,1.00000000,10,0.01800000,0.13322581,0.212019,public_simbench_planning_v7_direct_moea_de_controls
p3,runtime_scalability,Ablation-NoDiversity,ablation,21,0.03673792,0.03673792,5,0.91082976,0.11698102,0.17977561,0.00185707,1.00000000,1.00000000,11,0.01614293,0.01812317,0.204867,public_simbench_planning_v7_direct_moea_de_controls
p3,runtime_scalability,Ablation-NoDiversity,ablation,22,0.03592954,0.03592954,19,0.88732662,0.11269988,0.18407645,0.00000000,0.99019037,1.00000000,9,0.01800000,0.10365591,0.183483,public_simbench_planning_v7_direct_moea_de_controls
p3,runtime_scalability,Ablation-NoDiversity,ablation,23,0.03766960,0.03766960,9,0.94931594,0.11244125,0.18199200,0.00000000,1.00000000,1.00000000,10,0.01800000,0.10903226,0.203207,public_simbench_planning_v7_direct_moea_de_controls
p3,runtime_scalability,Ablation-NoDiversity,ablation,24,0.03478925,0.03478925,14,0.88732662,0.11269988,0.18407645,0.00000000,0.99019037,1.00000000,9,0.01800000,0.10365591,0.195828,public_simbench_planning_v7_direct_moea_de_controls
p3,runtime_scalability,Ablation-NoDiversity,ablation,25,0.00047204,0.00047204,1,0.00000000,0.12721025,0.20080373,0.00000000,0.35000000,0.42000000,0,0.01800000,0.48000000,0.206267,public_simbench_planning_v7_direct_moea_de_controls
p3,runtime_scalability,Ablation-NoDiversity,ablation,26,0.02707991,0.02707991,6,0.95156247,0.11140689,0.18496090,0.00185707,0.91439420,1.00000000,9,0.01614293,0.00000000,0.209756,public_simbench_planning_v7_direct_moea_de_controls
p3,runtime_scalability,Ablation-NoDiversity,ablation,27,0.04064823,0.04064823,13,0.97281908,0.11672239,0.17769116,0.00185707,1.00000000,1.00000000,12,0.01614293,0.02973118,0.168653,public_simbench_planning_v7_direct_moea_de_controls
p3,runtime_scalability,Ablation-NoDiversity,ablation,28,0.03395956,0.03395956,11,0.88732662,0.11269988,0.18407645,0.00000000,0.99019037,1.00000000,9,0.01800000,0.10365591,0.197516,public_simbench_planning_v7_direct_moea_de_controls
p3,runtime_scalability,Ablation-NoDiversity,ablation,29,0.00047204,0.00047204,1,0.00000000,0.12721025,0.20080373,0.00000000,0.35000000,0.42000000,0,0.01800000,0.48000000,0.219533,public_simbench_planning_v7_direct_moea_de_controls
p3,runtime_scalability,Ablation-NoDER,ablation,0,0.04968053,0.04968053,39,0.86785051,0.12358951,0.17162141,0.00000000,1.00000000,1.00000000,14,0.01800000,0.15741935,0.148481,public_simbench_planning_v7_direct_moea_de_controls
p3,runtime_scalability,Ablation-NoDER,ablation,1,0.04716301,0.04716301,38,0.97057255,0.11775676,0.17472226,0.00000000,1.00000000,1.00000000,13,0.01800000,0.13880893,0.141509,public_simbench_planning_v7_direct_moea_de_controls
p3,runtime_scalability,Ablation-NoDER,ablation,2,0.04282458,0.04282458,39,0.98987669,0.11288263,0.17990742,0.00000000,1.00000000,1.00000000,11,0.01800000,0.11343109,0.147191,public_simbench_planning_v7_direct_moea_de_controls
p3,runtime_scalability,Ablation-NoDER,ablation,3,0.04297428,0.04297428,37,0.84659390,0.11827400,0.17889116,0.00000000,1.00000000,1.00000000,11,0.01800000,0.13542522,0.154413,public_simbench_planning_v7_direct_moea_de_controls
p3,runtime_scalability,Ablation-NoDER,ablation,4,0.04805213,0.04805213,38,0.97057255,0.11775676,0.17472226,0.00000000,1.00000000,1.00000000,13,0.01800000,0.13880893,0.145180,public_simbench_planning_v7_direct_moea_de_controls
p3,runtime_scalability,Ablation-NoDER,ablation,5,0.04761040,0.04761040,39,0.97057255,0.11775676,0.17472226,0.00000000,1.00000000,1.00000000,13,0.01800000,0.13880893,0.142403,public_simbench_planning_v7_direct_moea_de_controls
p3,runtime_scalability,Ablation-NoDER,ablation,6,0.04514087,0.04514087,39,0.90858323,0.11801538,0.17680671,0.00000000,1.00000000,1.00000000,12,0.01800000,0.13725806,0.157219,public_simbench_planning_v7_direct_moea_de_controls
p3,runtime_scalability,Ablation-NoDER,ablation,7,0.04747517,0.04747517,39,0.97057255,0.11775676,0.17472226,0.00000000,1.00000000,1.00000000,13,0.01800000,0.13880893,0.138342,public_simbench_planning_v7_direct_moea_de_controls
p3,runtime_scalability,Ablation-NoDER,ablation,8,0.04201379,0.04201379,38,0.84659390,0.11827400,0.17889116,0.00000000,1.00000000,1.00000000,11,0.01800000,0.13542522,0.140821,public_simbench_planning_v7_direct_moea_de_controls
p3,runtime_scalability,Ablation-NoDER,ablation,9,0.04545274,0.04545274,38,0.90858323,0.11801538,0.17680671,0.00000000,1.00000000,1.00000000,12,0.01800000,0.13725806,0.136387,public_simbench_planning_v7_direct_moea_de_controls
p3,runtime_scalability,Ablation-NoDER,ablation,10,0.04818936,0.04818936,39,0.97057255,0.11775676,0.17472226,0.00000000,1.00000000,1.00000000,13,0.01800000,0.13880893,0.155431,public_simbench_planning_v7_direct_moea_de_controls
p3,runtime_scalability,Ablation-NoDER,ablation,11,0.04748964,0.04748964,39,0.97057255,0.11775676,0.17472226,0.00000000,1.00000000,1.00000000,13,0.01800000,0.13880893,0.142899,public_simbench_planning_v7_direct_moea_de_controls
p3,runtime_scalability,Ablation-NoDER,ablation,12,0.04870227,0.04870227,37,0.97057255,0.11775676,0.17472226,0.00000000,1.00000000,1.00000000,13,0.01800000,0.13880893,0.144800,public_simbench_planning_v7_direct_moea_de_controls
p3,runtime_scalability,Ablation-NoDER,ablation,13,0.04788797,0.04788797,38,0.80586119,0.12384813,0.17370586,0.00000000,1.00000000,1.00000000,13,0.01800000,0.15741935,0.142766,public_simbench_planning_v7_direct_moea_de_controls
p3,runtime_scalability,Ablation-NoDER,ablation,14,0.04545337,0.04545337,38,0.90858323,0.11801538,0.17680671,0.00000000,1.00000000,1.00000000,12,0.01800000,0.13725806,0.141427,public_simbench_planning_v7_direct_moea_de_controls
p3,runtime_scalability,Ablation-NoDER,ablation,15,0.04716267,0.04716267,36,0.97057255,0.11775676,0.17472226,0.00000000,1.00000000,1.00000000,13,0.01800000,0.13880893,0.139996,public_simbench_planning_v7_direct_moea_de_controls
p3,runtime_scalability,Ablation-NoDER,ablation,16,0.04812613,0.04812613,37,0.97057255,0.11775676,0.17472226,0.00000000,1.00000000,1.00000000,13,0.01800000,0.13880893,0.146184,public_simbench_planning_v7_direct_moea_de_controls
p3,runtime_scalability,Ablation-NoDER,ablation,17,0.04838639,0.04838639,38,0.97057255,0.11775676,0.17472226,0.00000000,1.00000000,1.00000000,13,0.01800000,0.13880893,0.150002,public_simbench_planning_v7_direct_moea_de_controls
p3,runtime_scalability,Ablation-NoDER,ablation,18,0.04737982,0.04737982,38,0.97057255,0.11775676,0.17472226,0.00000000,1.00000000,1.00000000,13,0.01800000,0.13880893,0.151637,public_simbench_planning_v7_direct_moea_de_controls
p3,runtime_scalability,Ablation-NoDER,ablation,19,0.04820405,0.04820405,39,0.80586119,0.12384813,0.17370586,0.00000000,1.00000000,1.00000000,13,0.01800000,0.15741935,0.142899,public_simbench_planning_v7_direct_moea_de_controls
p3,runtime_scalability,Ablation-NoDER,ablation,20,0.04773862,0.04773862,38,0.97057255,0.11775676,0.17472226,0.00000000,1.00000000,1.00000000,13,0.01800000,0.13880893,0.145687,public_simbench_planning_v7_direct_moea_de_controls
p3,runtime_scalability,Ablation-NoDER,ablation,21,0.04886856,0.04886856,39,0.80586119,0.12384813,0.17370586,0.00000000,1.00000000,1.00000000,13,0.01800000,0.15741935,0.142403,public_simbench_planning_v7_direct_moea_de_controls
p3,runtime_scalability,Ablation-NoDER,ablation,22,0.04888957,0.04888957,39,0.86785051,0.12358951,0.17162141,0.00000000,1.00000000,1.00000000,14,0.01800000,0.15741935,0.136311,public_simbench_planning_v7_direct_moea_de_controls
p3,runtime_scalability,Ablation-NoDER,ablation,23,0.04843893,0.04843893,39,0.97057255,0.11775676,0.17472226,0.00000000,1.00000000,1.00000000,13,0.01800000,0.13880893,0.140447,public_simbench_planning_v7_direct_moea_de_controls
p3,runtime_scalability,Ablation-NoDER,ablation,24,0.05006511,0.05006511,38,0.86785051,0.12358951,0.17162141,0.00000000,1.00000000,1.00000000,14,0.01800000,0.15741935,0.144490,public_simbench_planning_v7_direct_moea_de_controls
p3,runtime_scalability,Ablation-NoDER,ablation,25,0.04736057,0.04736057,37,0.80586119,0.12384813,0.17370586,0.00000000,1.00000000,1.00000000,13,0.01800000,0.15741935,0.146997,public_simbench_planning_v7_direct_moea_de_controls
p3,runtime_scalability,Ablation-NoDER,ablation,26,0.04484280,0.04484280,39,0.90858323,0.11801538,0.17680671,0.00000000,1.00000000,1.00000000,12,0.01800000,0.13725806,0.144336,public_simbench_planning_v7_direct_moea_de_controls
p3,runtime_scalability,Ablation-NoDER,ablation,27,0.04805360,0.04805360,38,0.97057255,0.11775676,0.17472226,0.00000000,1.00000000,1.00000000,13,0.01800000,0.13880893,0.153173,public_simbench_planning_v7_direct_moea_de_controls
p3,runtime_scalability,Ablation-NoDER,ablation,28,0.04941616,0.04941616,39,0.86785051,0.12358951,0.17162141,0.00000000,1.00000000,1.00000000,14,0.01800000,0.15741935,0.144772,public_simbench_planning_v7_direct_moea_de_controls
p3,runtime_scalability,Ablation-NoDER,ablation,29,0.04514220,0.04514220,39,0.90858323,0.11801538,0.17680671,0.00000000,1.00000000,1.00000000,12,0.01800000,0.13725806,0.139860,public_simbench_planning_v7_direct_moea_de_controls
