protocol,scenario,method,seed_index,scheme,reference_point,clip,hypervolume,below_zero_coordinates,above_one_coordinates,out_of_bounds_points,front_size,front_objectives_sha256
matched_evaluation,budget_constrained_selection,BiLo-NSGA,0,reported_empirical_ref1p1_clipped,1.1000000000,1,0.1453356936,0,0,0,38,fd437d6381d0b832fec1df07a55f499582841a985c66d03c5c1077052baa55b7
matched_evaluation,budget_constrained_selection,BiLo-NSGA,0,reported_empirical_ref1p1_unclipped,1.1000000000,0,0.1453356936,0,0,0,38,fd437d6381d0b832fec1df07a55f499582841a985c66d03c5c1077052baa55b7
matched_evaluation,budget_constrained_selection,BiLo-NSGA,0,expanded_empirical_ref1p1_unclipped,1.1000000000,0,0.1884573312,0,0,0,38,fd437d6381d0b832fec1df07a55f499582841a985c66d03c5c1077052baa55b7
matched_evaluation,budget_constrained_selection,BiLo-NSGA,0,analytic_ref1p05_unclipped,1.0500000000,0,0.0072054968,0,0,0,38,fd437d6381d0b832fec1df07a55f499582841a985c66d03c5c1077052baa55b7
matched_evaluation,budget_constrained_selection,BiLo-NSGA,0,analytic_ref1p1_unclipped,1.1000000000,0,0.0213717297,0,0,0,38,fd437d6381d0b832fec1df07a55f499582841a985c66d03c5c1077052baa55b7
matched_evaluation,budget_constrained_selection,BiLo-NSGA,0,analytic_ref1p2_unclipped,1.2000000000,0,0.0792173514,0,0,0,38,fd437d6381d0b832fec1df07a55f499582841a985c66d03c5c1077052baa55b7
matched_evaluation,budget_constrained_selection,NSGA-II,0,reported_empirical_ref1p1_clipped,1.1000000000,1,0.1697218600,5,0,5,40,89f084083df32648fde9bc03e1ab420883a08de8a34fbdbc41661cbc6acc1cb6
matched_evaluation,budget_constrained_selection,NSGA-II,0,reported_empirical_ref1p1_unclipped,1.1000000000,0,0.2097137789,5,0,5,40,89f084083df32648fde9bc03e1ab420883a08de8a34fbdbc41661cbc6acc1cb6
matched_evaluation,budget_constrained_selection,NSGA-II,0,expanded_empirical_ref1p1_unclipped,1.1000000000,0,0.2582666135,1,0,1,40,89f084083df32648fde9bc03e1ab420883a08de8a34fbdbc41661cbc6acc1cb6
matched_evaluation,budget_constrained_selection,NSGA-II,0,analytic_ref1p05_unclipped,1.0500000000,0,0.0085235306,0,0,0,40,89f084083df32648fde9bc03e1ab420883a08de8a34fbdbc41661cbc6acc1cb6
matched_evaluation,budget_constrained_selection,NSGA-II,0,analytic_ref1p1_unclipped,1.1000000000,0,0.0245278359,0,0,0,40,89f084083df32648fde9bc03e1ab420883a08de8a34fbdbc41661cbc6acc1cb6
matched_evaluation,budget_constrained_selection,NSGA-II,0,analytic_ref1p2_unclipped,1.2000000000,0,0.0875740905,0,0,0,40,89f084083df32648fde9bc03e1ab420883a08de8a34fbdbc41661cbc6acc1cb6
matched_evaluation,budget_constrained_selection,Pareto Local Search,0,reported_empirical_ref1p1_clipped,1.1000000000,1,0.1073456676,0,0,0,40,145524dcc97c8e2428bd288309582aa57902ca52267abb9ba0d9e094abb2aada
matched_evaluation,budget_constrained_selection,Pareto Local Search,0,reported_empirical_ref1p1_unclipped,1.1000000000,0,0.1073456676,0,0,0,40,145524dcc97c8e2428bd288309582aa57902ca52267abb9ba0d9e094abb2aada
matched_evaluation,budget_constrained_selection,Pareto Local Search,0,expanded_empirical_ref1p1_unclipped,1.1000000000,0,0.1523323870,0,0,0,40,145524dcc97c8e2428bd288309582aa57902ca52267abb9ba0d9e094abb2aada
matched_evaluation,budget_constrained_selection,Pareto Local Search,0,analytic_ref1p05_unclipped,1.0500000000,0,0.0062907209,0,0,0,40,145524dcc97c8e2428bd288309582aa57902ca52267abb9ba0d9e094abb2aada
matched_evaluation,budget_constrained_selection,Pareto Local Search,0,analytic_ref1p1_unclipped,1.1000000000,0,0.0193691847,0,0,0,40,145524dcc97c8e2428bd288309582aa57902ca52267abb9ba0d9e094abb2aada
matched_evaluation,budget_constrained_selection,Pareto Local Search,0,analytic_ref1p2_unclipped,1.2000000000,0,0.0743599994,0,0,0,40,145524dcc97c8e2428bd288309582aa57902ca52267abb9ba0d9e094abb2aada
matched_evaluation,budget_constrained_selection,NSGA-II,1,reported_empirical_ref1p1_clipped,1.1000000000,1,0.1719729163,3,0,3,38,eeaeac2ebe8701340d3c96598ea661bd9d26210935a11130ecc1e87f7aead776
matched_evaluation,budget_constrained_selection,NSGA-II,1,reported_empirical_ref1p1_unclipped,1.1000000000,0,0.1899999236,3,0,3,38,eeaeac2ebe8701340d3c96598ea661bd9d26210935a11130ecc1e87f7aead776
matched_evaluation,budget_constrained_selection,NSGA-II,1,expanded_empirical_ref1p1_unclipped,1.1000000000,0,0.2366862888,0,0,0,38,eeaeac2ebe8701340d3c96598ea661bd9d26210935a11130ecc1e87f7aead776
matched_evaluation,budget_constrained_selection,NSGA-II,1,analytic_ref1p05_unclipped,1.0500000000,0,0.0083254244,0,0,0,38,eeaeac2ebe8701340d3c96598ea661bd9d26210935a11130ecc1e87f7aead776
matched_evaluation,budget_constrained_selection,NSGA-II,1,analytic_ref1p1_unclipped,1.1000000000,0,0.0240292714,0,0,0,38,eeaeac2ebe8701340d3c96598ea661bd9d26210935a11130ecc1e87f7aead776
matched_evaluation,budget_constrained_selection,NSGA-II,1,analytic_ref1p2_unclipped,1.2000000000,0,0.0863601833,0,0,0,38,eeaeac2ebe8701340d3c96598ea661bd9d26210935a11130ecc1e87f7aead776
matched_evaluation,budget_constrained_selection,Pareto Local Search,1,reported_empirical_ref1p1_clipped,1.1000000000,1,0.1052483450,0,0,0,40,48964707e3a5bdc2fe78d553ea9b2621fd57aed001afaf04e57b8959a4958acd
matched_evaluation,budget_constrained_selection,Pareto Local Search,1,reported_empirical_ref1p1_unclipped,1.1000000000,0,0.1052483450,0,0,0,40,48964707e3a5bdc2fe78d553ea9b2621fd57aed001afaf04e57b8959a4958acd
matched_evaluation,budget_constrained_selection,Pareto Local Search,1,expanded_empirical_ref1p1_unclipped,1.1000000000,0,0.1494966460,0,0,0,40,48964707e3a5bdc2fe78d553ea9b2621fd57aed001afaf04e57b8959a4958acd
matched_evaluation,budget_constrained_selection,Pareto Local Search,1,analytic_ref1p05_unclipped,1.0500000000,0,0.0066428725,0,0,0,40,48964707e3a5bdc2fe78d553ea9b2621fd57aed001afaf04e57b8959a4958acd
matched_evaluation,budget_constrained_selection,Pareto Local Search,1,analytic_ref1p1_unclipped,1.1000000000,0,0.0199405775,0,0,0,40,48964707e3a5bdc2fe78d553ea9b2621fd57aed001afaf04e57b8959a4958acd
matched_evaluation,budget_constrained_selection,Pareto Local Search,1,analytic_ref1p2_unclipped,1.2000000000,0,0.0749709611,0,0,0,40,48964707e3a5bdc2fe78d553ea9b2621fd57aed001afaf04e57b8959a4958acd
matched_evaluation,budget_constrained_selection,BiLo-NSGA,1,reported_empirical_ref1p1_clipped,1.1000000000,1,0.1452033191,0,0,0,38,f1f922add39c9999f5695e80b6477f6970de4a69a0135920c45478688d125571
matched_evaluation,budget_constrained_selection,BiLo-NSGA,1,reported_empirical_ref1p1_unclipped,1.1000000000,0,0.1452033191,0,0,0,38,f1f922add39c9999f5695e80b6477f6970de4a69a0135920c45478688d125571
matched_evaluation,budget_constrained_selection,BiLo-NSGA,1,expanded_empirical_ref1p1_unclipped,1.1000000000,0,0.1883984944,0,0,0,38,f1f922add39c9999f5695e80b6477f6970de4a69a0135920c45478688d125571
matched_evaluation,budget_constrained_selection,BiLo-NSGA,1,analytic_ref1p05_unclipped,1.0500000000,0,0.0072993643,0,0,0,38,f1f922add39c9999f5695e80b6477f6970de4a69a0135920c45478688d125571
matched_evaluation,budget_constrained_selection,BiLo-NSGA,1,analytic_ref1p1_unclipped,1.1000000000,0,0.0214967733,0,0,0,38,f1f922add39c9999f5695e80b6477f6970de4a69a0135920c45478688d125571
matched_evaluation,budget_constrained_selection,BiLo-NSGA,1,analytic_ref1p2_unclipped,1.2000000000,0,0.0790913836,0,0,0,38,f1f922add39c9999f5695e80b6477f6970de4a69a0135920c45478688d125571
matched_evaluation,budget_constrained_selection,Pareto Local Search,2,reported_empirical_ref1p1_clipped,1.1000000000,1,0.0932807818,0,0,0,40,088fa952b86cb981cebdf484712400fdee27e62ed2ab392ee2aef4933e7cf880
matched_evaluation,budget_constrained_selection,Pareto Local Search,2,reported_empirical_ref1p1_unclipped,1.1000000000,0,0.0932807818,0,0,0,40,088fa952b86cb981cebdf484712400fdee27e62ed2ab392ee2aef4933e7cf880
matched_evaluation,budget_constrained_selection,Pareto Local Search,2,expanded_empirical_ref1p1_unclipped,1.1000000000,0,0.1385145935,0,0,0,40,088fa952b86cb981cebdf484712400fdee27e62ed2ab392ee2aef4933e7cf880
matched_evaluation,budget_constrained_selection,Pareto Local Search,2,analytic_ref1p05_unclipped,1.0500000000,0,0.0064411284,0,0,0,40,088fa952b86cb981cebdf484712400fdee27e62ed2ab392ee2aef4933e7cf880
matched_evaluation,budget_constrained_selection,Pareto Local Search,2,analytic_ref1p1_unclipped,1.1000000000,0,0.0195086169,0,0,0,40,088fa952b86cb981cebdf484712400fdee27e62ed2ab392ee2aef4933e7cf880
matched_evaluation,budget_constrained_selection,Pareto Local Search,2,analytic_ref1p2_unclipped,1.2000000000,0,0.0739613246,0,0,0,40,088fa952b86cb981cebdf484712400fdee27e62ed2ab392ee2aef4933e7cf880
matched_evaluation,budget_constrained_selection,BiLo-NSGA,2,reported_empirical_ref1p1_clipped,1.1000000000,1,0.1677518636,0,0,0,39,57abcb1ebedbb3a77ff50e0eb91925504dbe142b82c9f02442f5c3ebf5c006b1
matched_evaluation,budget_constrained_selection,BiLo-NSGA,2,reported_empirical_ref1p1_unclipped,1.1000000000,0,0.1677518636,0,0,0,39,57abcb1ebedbb3a77ff50e0eb91925504dbe142b82c9f02442f5c3ebf5c006b1
matched_evaluation,budget_constrained_selection,BiLo-NSGA,2,expanded_empirical_ref1p1_unclipped,1.1000000000,0,0.2119854567,0,0,0,39,57abcb1ebedbb3a77ff50e0eb91925504dbe142b82c9f02442f5c3ebf5c006b1
matched_evaluation,budget_constrained_selection,BiLo-NSGA,2,analytic_ref1p05_unclipped,1.0500000000,0,0.0077720374,0,0,0,39,57abcb1ebedbb3a77ff50e0eb91925504dbe142b82c9f02442f5c3ebf5c006b1
matched_evaluation,budget_constrained_selection,BiLo-NSGA,2,analytic_ref1p1_unclipped,1.1000000000,0,0.0227372797,0,0,0,39,57abcb1ebedbb3a77ff50e0eb91925504dbe142b82c9f02442f5c3ebf5c006b1
matched_evaluation,budget_constrained_selection,BiLo-NSGA,2,analytic_ref1p2_unclipped,1.2000000000,0,0.0829611437,0,0,0,39,57abcb1ebedbb3a77ff50e0eb91925504dbe142b82c9f02442f5c3ebf5c006b1
matched_evaluation,budget_constrained_selection,NSGA-II,2,reported_empirical_ref1p1_clipped,1.1000000000,1,0.1711454964,1,0,1,38,3acae190c53322ffb93ebc56ba27e5a27ffa17c9564d6ed4562635a0dc499a6a
matched_evaluation,budget_constrained_selection,NSGA-II,2,reported_empirical_ref1p1_unclipped,1.1000000000,0,0.1796098888,1,0,1,38,3acae190c53322ffb93ebc56ba27e5a27ffa17c9564d6ed4562635a0dc499a6a
matched_evaluation,budget_constrained_selection,NSGA-II,2,expanded_empirical_ref1p1_unclipped,1.1000000000,0,0.2263604226,0,0,0,38,3acae190c53322ffb93ebc56ba27e5a27ffa17c9564d6ed4562635a0dc499a6a
matched_evaluation,budget_constrained_selection,NSGA-II,2,analytic_ref1p05_unclipped,1.0500000000,0,0.0077833887,0,0,0,38,3acae190c53322ffb93ebc56ba27e5a27ffa17c9564d6ed4562635a0dc499a6a
matched_evaluation,budget_constrained_selection,NSGA-II,2,analytic_ref1p1_unclipped,1.1000000000,0,0.0229285333,0,0,0,38,3acae190c53322ffb93ebc56ba27e5a27ffa17c9564d6ed4562635a0dc499a6a
matched_evaluation,budget_constrained_selection,NSGA-II,2,analytic_ref1p2_unclipped,1.2000000000,0,0.0840607755,0,0,0,38,3acae190c53322ffb93ebc56ba27e5a27ffa17c9564d6ed4562635a0dc499a6a
matched_evaluation,budget_constrained_selection,BiLo-NSGA,3,reported_empirical_ref1p1_clipped,1.1000000000,1,0.1455414348,0,0,0,39,7c5927d288973cc3fa92305152e1b4158c8e42b461490282625f1be66156c4ee
matched_evaluation,budget_constrained_selection,BiLo-NSGA,3,reported_empirical_ref1p1_unclipped,1.1000000000,0,0.1455414348,0,0,0,39,7c5927d288973cc3fa92305152e1b4158c8e42b461490282625f1be66156c4ee
matched_evaluation,budget_constrained_selection,BiLo-NSGA,3,expanded_empirical_ref1p1_unclipped,1.1000000000,0,0.1898653735,0,0,0,39,7c5927d288973cc3fa92305152e1b4158c8e42b461490282625f1be66156c4ee
matched_evaluation,budget_constrained_selection,BiLo-NSGA,3,analytic_ref1p05_unclipped,1.0500000000,0,0.0072415831,0,0,0,39,7c5927d288973cc3fa92305152e1b4158c8e42b461490282625f1be66156c4ee
matched_evaluation,budget_constrained_selection,BiLo-NSGA,3,analytic_ref1p1_unclipped,1.1000000000,0,0.0215171429,0,0,0,39,7c5927d288973cc3fa92305152e1b4158c8e42b461490282625f1be66156c4ee
matched_evaluation,budget_constrained_selection,BiLo-NSGA,3,analytic_ref1p2_unclipped,1.2000000000,0,0.0799385872,0,0,0,39,7c5927d288973cc3fa92305152e1b4158c8e42b461490282625f1be66156c4ee
matched_evaluation,budget_constrained_selection,NSGA-II,3,reported_empirical_ref1p1_clipped,1.1000000000,1,0.1690049389,4,0,4,38,1485a7582a88dd03d5e0577cfcdbb2fbbf76d36995d218905ce868d68a2335aa
matched_evaluation,budget_constrained_selection,NSGA-II,3,reported_empirical_ref1p1_unclipped,1.1000000000,0,0.2068066556,4,0,4,38,1485a7582a88dd03d5e0577cfcdbb2fbbf76d36995d218905ce868d68a2335aa
matched_evaluation,budget_constrained_selection,NSGA-II,3,expanded_empirical_ref1p1_unclipped,1.1000000000,0,0.2554942769,1,0,1,38,1485a7582a88dd03d5e0577cfcdbb2fbbf76d36995d218905ce868d68a2335aa
matched_evaluation,budget_constrained_selection,NSGA-II,3,analytic_ref1p05_unclipped,1.0500000000,0,0.0084563232,0,0,0,38,1485a7582a88dd03d5e0577cfcdbb2fbbf76d36995d218905ce868d68a2335aa
matched_evaluation,budget_constrained_selection,NSGA-II,3,analytic_ref1p1_unclipped,1.1000000000,0,0.0245678671,0,0,0,38,1485a7582a88dd03d5e0577cfcdbb2fbbf76d36995d218905ce868d68a2335aa
matched_evaluation,budget_constrained_selection,NSGA-II,3,analytic_ref1p2_unclipped,1.2000000000,0,0.0885722109,0,0,0,38,1485a7582a88dd03d5e0577cfcdbb2fbbf76d36995d218905ce868d68a2335aa
matched_evaluation,budget_constrained_selection,Pareto Local Search,3,reported_empirical_ref1p1_clipped,1.1000000000,1,0.1002193138,0,0,0,40,58f23a4cfef257a0a6d3719b3c986d1acf7c8954cad145c673b771908df5a321
matched_evaluation,budget_constrained_selection,Pareto Local Search,3,reported_empirical_ref1p1_unclipped,1.1000000000,0,0.1002193138,0,0,0,40,58f23a4cfef257a0a6d3719b3c986d1acf7c8954cad145c673b771908df5a321
matched_evaluation,budget_constrained_selection,Pareto Local Search,3,expanded_empirical_ref1p1_unclipped,1.1000000000,0,0.1450682475,0,0,0,40,58f23a4cfef257a0a6d3719b3c986d1acf7c8954cad145c673b771908df5a321
matched_evaluation,budget_constrained_selection,Pareto Local Search,3,analytic_ref1p05_unclipped,1.0500000000,0,0.0065257717,0,0,0,40,58f23a4cfef257a0a6d3719b3c986d1acf7c8954cad145c673b771908df5a321
matched_evaluation,budget_constrained_selection,Pareto Local Search,3,analytic_ref1p1_unclipped,1.1000000000,0,0.0196674801,0,0,0,40,58f23a4cfef257a0a6d3719b3c986d1acf7c8954cad145c673b771908df5a321
matched_evaluation,budget_constrained_selection,Pareto Local Search,3,analytic_ref1p2_unclipped,1.2000000000,0,0.0740781378,0,0,0,40,58f23a4cfef257a0a6d3719b3c986d1acf7c8954cad145c673b771908df5a321
matched_evaluation,budget_constrained_selection,NSGA-II,4,reported_empirical_ref1p1_clipped,1.1000000000,1,0.1657525538,0,0,0,38,eedee585bc82982449b90a3b8337d425a9f9a0b4b5adf25f054c838425c68338
matched_evaluation,budget_constrained_selection,NSGA-II,4,reported_empirical_ref1p1_unclipped,1.1000000000,0,0.1657525538,0,0,0,38,eedee585bc82982449b90a3b8337d425a9f9a0b4b5adf25f054c838425c68338
matched_evaluation,budget_constrained_selection,NSGA-II,4,expanded_empirical_ref1p1_unclipped,1.1000000000,0,0.2129492684,0,0,0,38,eedee585bc82982449b90a3b8337d425a9f9a0b4b5adf25f054c838425c68338
matched_evaluation,budget_constrained_selection,NSGA-II,4,analytic_ref1p05_unclipped,1.0500000000,0,0.0076381830,0,0,0,38,eedee585bc82982449b90a3b8337d425a9f9a0b4b5adf25f054c838425c68338
matched_evaluation,budget_constrained_selection,NSGA-II,4,analytic_ref1p1_unclipped,1.1000000000,0,0.0226773538,0,0,0,38,eedee585bc82982449b90a3b8337d425a9f9a0b4b5adf25f054c838425c68338
matched_evaluation,budget_constrained_selection,NSGA-II,4,analytic_ref1p2_unclipped,1.2000000000,0,0.0834230426,0,0,0,38,eedee585bc82982449b90a3b8337d425a9f9a0b4b5adf25f054c838425c68338
matched_evaluation,budget_constrained_selection,Pareto Local Search,4,reported_empirical_ref1p1_clipped,1.1000000000,1,0.1133683541,0,0,0,40,b8ed45d47333ac1f456333c10e173cdf53d908b6421d632574d7250f14866915
matched_evaluation,budget_constrained_selection,Pareto Local Search,4,reported_empirical_ref1p1_unclipped,1.1000000000,0,0.1133683541,0,0,0,40,b8ed45d47333ac1f456333c10e173cdf53d908b6421d632574d7250f14866915
matched_evaluation,budget_constrained_selection,Pareto Local Search,4,expanded_empirical_ref1p1_unclipped,1.1000000000,0,0.1584372092,0,0,0,40,b8ed45d47333ac1f456333c10e173cdf53d908b6421d632574d7250f14866915
matched_evaluation,budget_constrained_selection,Pareto Local Search,4,analytic_ref1p05_unclipped,1.0500000000,0,0.0066399271,0,0,0,40,b8ed45d47333ac1f456333c10e173cdf53d908b6421d632574d7250f14866915
matched_evaluation,budget_constrained_selection,Pareto Local Search,4,analytic_ref1p1_unclipped,1.1000000000,0,0.0201110547,0,0,0,40,b8ed45d47333ac1f456333c10e173cdf53d908b6421d632574d7250f14866915
matched_evaluation,budget_constrained_selection,Pareto Local Search,4,analytic_ref1p2_unclipped,1.2000000000,0,0.0761065550,0,0,0,40,b8ed45d47333ac1f456333c10e173cdf53d908b6421d632574d7250f14866915
matched_evaluation,budget_constrained_selection,BiLo-NSGA,4,reported_empirical_ref1p1_clipped,1.1000000000,1,0.1441629945,0,0,0,38,7759f4d6c36bbd88d2723e6b09753a43df178b4972387b73b7621225aca57ea9
matched_evaluation,budget_constrained_selection,BiLo-NSGA,4,reported_empirical_ref1p1_unclipped,1.1000000000,0,0.1441629945,0,0,0,38,7759f4d6c36bbd88d2723e6b09753a43df178b4972387b73b7621225aca57ea9
matched_evaluation,budget_constrained_selection,BiLo-NSGA,4,expanded_empirical_ref1p1_unclipped,1.1000000000,0,0.1875455230,0,0,0,38,7759f4d6c36bbd88d2723e6b09753a43df178b4972387b73b7621225aca57ea9
matched_evaluation,budget_constrained_selection,BiLo-NSGA,4,analytic_ref1p05_unclipped,1.0500000000,0,0.0069738199,0,0,0,38,7759f4d6c36bbd88d2723e6b09753a43df178b4972387b73b7621225aca57ea9
matched_evaluation,budget_constrained_selection,BiLo-NSGA,4,analytic_ref1p1_unclipped,1.1000000000,0,0.0208268811,0,0,0,38,7759f4d6c36bbd88d2723e6b09753a43df178b4972387b73b7621225aca57ea9
matched_evaluation,budget_constrained_selection,BiLo-NSGA,4,analytic_ref1p2_unclipped,1.2000000000,0,0.0777504924,0,0,0,38,7759f4d6c36bbd88d2723e6b09753a43df178b4972387b73b7621225aca57ea9
matched_evaluation,budget_constrained_selection,Pareto Local Search,5,reported_empirical_ref1p1_clipped,1.1000000000,1,0.1120187079,0,0,0,40,cb2503a4c3311b332de558b0fb6e320ee80fe8ee268c3579a6538870633de6c3
matched_evaluation,budget_constrained_selection,Pareto Local Search,5,reported_empirical_ref1p1_unclipped,1.1000000000,0,0.1120187079,0,0,0,40,cb2503a4c3311b332de558b0fb6e320ee80fe8ee268c3579a6538870633de6c3
matched_evaluation,budget_constrained_selection,Pareto Local Search,5,expanded_empirical_ref1p1_unclipped,1.1000000000,0,0.1574075118,0,0,0,40,cb2503a4c3311b332de558b0fb6e320ee80fe8ee268c3579a6538870633de6c3
matched_evaluation,budget_constrained_selection,Pareto Local Search,5,analytic_ref1p05_unclipped,1.0500000000,0,0.0072099679,0,0,0,40,cb2503a4c3311b332de558b0fb6e320ee80fe8ee268c3579a6538870633de6c3
matched_evaluation,budget_constrained_selection,Pareto Local Search,5,analytic_ref1p1_unclipped,1.1000000000,0,0.0212348471,0,0,0,40,cb2503a4c3311b332de558b0fb6e320ee80fe8ee268c3579a6538870633de6c3
matched_evaluation,budget_constrained_selection,Pareto Local Search,5,analytic_ref1p2_unclipped,1.2000000000,0,0.0783261123,0,0,0,40,cb2503a4c3311b332de558b0fb6e320ee80fe8ee268c3579a6538870633de6c3
matched_evaluation,budget_constrained_selection,BiLo-NSGA,5,reported_empirical_ref1p1_clipped,1.1000000000,1,0.1479754643,0,0,0,38,1e0cf3b64cce40cfeca389440dc99a11b322228a7d5595cf705ffe1d6b759fde
matched_evaluation,budget_constrained_selection,BiLo-NSGA,5,reported_empirical_ref1p1_unclipped,1.1000000000,0,0.1479754643,0,0,0,38,1e0cf3b64cce40cfeca389440dc99a11b322228a7d5595cf705ffe1d6b759fde
matched_evaluation,budget_constrained_selection,BiLo-NSGA,5,expanded_empirical_ref1p1_unclipped,1.1000000000,0,0.1916683741,0,0,0,38,1e0cf3b64cce40cfeca389440dc99a11b322228a7d5595cf705ffe1d6b759fde
matched_evaluation,budget_constrained_selection,BiLo-NSGA,5,analytic_ref1p05_unclipped,1.0500000000,0,0.0076402002,0,0,0,38,1e0cf3b64cce40cfeca389440dc99a11b322228a7d5595cf705ffe1d6b759fde
matched_evaluation,budget_constrained_selection,BiLo-NSGA,5,analytic_ref1p1_unclipped,1.1000000000,0,0.0222857685,0,0,0,38,1e0cf3b64cce40cfeca389440dc99a11b322228a7d5595cf705ffe1d6b759fde
matched_evaluation,budget_constrained_selection,BiLo-NSGA,5,analytic_ref1p2_unclipped,1.2000000000,0,0.0810794266,0,0,0,38,1e0cf3b64cce40cfeca389440dc99a11b322228a7d5595cf705ffe1d6b759fde
matched_evaluation,budget_constrained_selection,NSGA-II,5,reported_empirical_ref1p1_clipped,1.1000000000,1,0.1685805562,5,0,5,38,3b610766e9fe4da12856e01b9196bec665156fd6a0f1670740096e67e97a591b
matched_evaluation,budget_constrained_selection,NSGA-II,5,reported_empirical_ref1p1_unclipped,1.1000000000,0,0.2084800601,5,0,5,38,3b610766e9fe4da12856e01b9196bec665156fd6a0f1670740096e67e97a591b
matched_evaluation,budget_constrained_selection,NSGA-II,5,expanded_empirical_ref1p1_unclipped,1.1000000000,0,0.2581425699,2,0,2,38,3b610766e9fe4da12856e01b9196bec665156fd6a0f1670740096e67e97a591b
matched_evaluation,budget_constrained_selection,NSGA-II,5,analytic_ref1p05_unclipped,1.0500000000,0,0.0079695894,0,0,0,38,3b610766e9fe4da12856e01b9196bec665156fd6a0f1670740096e67e97a591b
matched_evaluation,budget_constrained_selection,NSGA-II,5,analytic_ref1p1_unclipped,1.1000000000,0,0.0232308070,0,0,0,38,3b610766e9fe4da12856e01b9196bec665156fd6a0f1670740096e67e97a591b
matched_evaluation,budget_constrained_selection,NSGA-II,5,analytic_ref1p2_unclipped,1.2000000000,0,0.0843086745,0,0,0,38,3b610766e9fe4da12856e01b9196bec665156fd6a0f1670740096e67e97a591b
matched_evaluation,budget_constrained_selection,BiLo-NSGA,6,reported_empirical_ref1p1_clipped,1.1000000000,1,0.1384520913,0,0,0,39,f3ded10479956cb816fd2853a6d644c8862900f653f37defd8c13b8b7b267959
matched_evaluation,budget_constrained_selection,BiLo-NSGA,6,reported_empirical_ref1p1_unclipped,1.1000000000,0,0.1384520913,0,0,0,39,f3ded10479956cb816fd2853a6d644c8862900f653f37defd8c13b8b7b267959
matched_evaluation,budget_constrained_selection,BiLo-NSGA,6,expanded_empirical_ref1p1_unclipped,1.1000000000,0,0.1827450608,0,0,0,39,f3ded10479956cb816fd2853a6d644c8862900f653f37defd8c13b8b7b267959
matched_evaluation,budget_constrained_selection,BiLo-NSGA,6,analytic_ref1p05_unclipped,1.0500000000,0,0.0074303030,0,0,0,39,f3ded10479956cb816fd2853a6d644c8862900f653f37defd8c13b8b7b267959
matched_evaluation,budget_constrained_selection,BiLo-NSGA,6,analytic_ref1p1_unclipped,1.1000000000,0,0.0218967881,0,0,0,39,f3ded10479956cb816fd2853a6d644c8862900f653f37defd8c13b8b7b267959
matched_evaluation,budget_constrained_selection,BiLo-NSGA,6,analytic_ref1p2_unclipped,1.2000000000,0,0.0804500051,0,0,0,39,f3ded10479956cb816fd2853a6d644c8862900f653f37defd8c13b8b7b267959
matched_evaluation,budget_constrained_selection,NSGA-II,6,reported_empirical_ref1p1_clipped,1.1000000000,1,0.1701392717,2,0,2,37,f3ce0cfd3210a25f9748fbac38db5af36501f85571d559413f9f7b478111dae7
matched_evaluation,budget_constrained_selection,NSGA-II,6,reported_empirical_ref1p1_unclipped,1.1000000000,0,0.1724966735,2,0,2,37,f3ce0cfd3210a25f9748fbac38db5af36501f85571d559413f9f7b478111dae7
matched_evaluation,budget_constrained_selection,NSGA-II,6,expanded_empirical_ref1p1_unclipped,1.1000000000,0,0.2194468785,0,0,0,37,f3ce0cfd3210a25f9748fbac38db5af36501f85571d559413f9f7b478111dae7
matched_evaluation,budget_constrained_selection,NSGA-II,6,analytic_ref1p05_unclipped,1.0500000000,0,0.0080790853,0,0,0,37,f3ce0cfd3210a25f9748fbac38db5af36501f85571d559413f9f7b478111dae7
matched_evaluation,budget_constrained_selection,NSGA-II,6,analytic_ref1p1_unclipped,1.1000000000,0,0.0234923234,0,0,0,37,f3ce0cfd3210a25f9748fbac38db5af36501f85571d559413f9f7b478111dae7
matched_evaluation,budget_constrained_selection,NSGA-II,6,analytic_ref1p2_unclipped,1.2000000000,0,0.0850016239,0,0,0,37,f3ce0cfd3210a25f9748fbac38db5af36501f85571d559413f9f7b478111dae7
matched_evaluation,budget_constrained_selection,Pareto Local Search,6,reported_empirical_ref1p1_clipped,1.1000000000,1,0.1059639824,0,0,0,40,65830d8935d78f4ac330288e99cc2fabc8feeb465934dcc07ebeba0ce16ad1ec
matched_evaluation,budget_constrained_selection,Pareto Local Search,6,reported_empirical_ref1p1_unclipped,1.1000000000,0,0.1059639824,0,0,0,40,65830d8935d78f4ac330288e99cc2fabc8feeb465934dcc07ebeba0ce16ad1ec
matched_evaluation,budget_constrained_selection,Pareto Local Search,6,expanded_empirical_ref1p1_unclipped,1.1000000000,0,0.1510568981,0,0,0,40,65830d8935d78f4ac330288e99cc2fabc8feeb465934dcc07ebeba0ce16ad1ec
matched_evaluation,budget_constrained_selection,Pareto Local Search,6,analytic_ref1p05_unclipped,1.0500000000,0,0.0065733450,0,0,0,40,65830d8935d78f4ac330288e99cc2fabc8feeb465934dcc07ebeba0ce16ad1ec
matched_evaluation,budget_constrained_selection,Pareto Local Search,6,analytic_ref1p1_unclipped,1.1000000000,0,0.0198604995,0,0,0,40,65830d8935d78f4ac330288e99cc2fabc8feeb465934dcc07ebeba0ce16ad1ec
matched_evaluation,budget_constrained_selection,Pareto Local Search,6,analytic_ref1p2_unclipped,1.2000000000,0,0.0750833266,0,0,0,40,65830d8935d78f4ac330288e99cc2fabc8feeb465934dcc07ebeba0ce16ad1ec
matched_evaluation,budget_constrained_selection,NSGA-II,7,reported_empirical_ref1p1_clipped,1.1000000000,1,0.1707520751,6,0,6,38,6a02981f5258af4cbf77334ee4b1b166c2ab38ab19ba2a3602f6ed00c188229c
matched_evaluation,budget_constrained_selection,NSGA-II,7,reported_empirical_ref1p1_unclipped,1.1000000000,0,0.2110952928,6,0,6,38,6a02981f5258af4cbf77334ee4b1b166c2ab38ab19ba2a3602f6ed00c188229c
matched_evaluation,budget_constrained_selection,NSGA-II,7,expanded_empirical_ref1p1_unclipped,1.1000000000,0,0.2593590435,1,0,1,38,6a02981f5258af4cbf77334ee4b1b166c2ab38ab19ba2a3602f6ed00c188229c
matched_evaluation,budget_constrained_selection,NSGA-II,7,analytic_ref1p05_unclipped,1.0500000000,0,0.0085802401,0,0,0,38,6a02981f5258af4cbf77334ee4b1b166c2ab38ab19ba2a3602f6ed00c188229c
matched_evaluation,budget_constrained_selection,NSGA-II,7,analytic_ref1p1_unclipped,1.1000000000,0,0.0247898342,0,0,0,38,6a02981f5258af4cbf77334ee4b1b166c2ab38ab19ba2a3602f6ed00c188229c
matched_evaluation,budget_constrained_selection,NSGA-II,7,analytic_ref1p2_unclipped,1.2000000000,0,0.0889707434,0,0,0,38,6a02981f5258af4cbf77334ee4b1b166c2ab38ab19ba2a3602f6ed00c188229c
matched_evaluation,budget_constrained_selection,Pareto Local Search,7,reported_empirical_ref1p1_clipped,1.1000000000,1,0.1013307195,0,0,0,40,3857a59f0bcfa6c0596613eba9887a17978e8ab6d123c4c89045f9558a359f11
matched_evaluation,budget_constrained_selection,Pareto Local Search,7,reported_empirical_ref1p1_unclipped,1.1000000000,0,0.1013307195,0,0,0,40,3857a59f0bcfa6c0596613eba9887a17978e8ab6d123c4c89045f9558a359f11
matched_evaluation,budget_constrained_selection,Pareto Local Search,7,expanded_empirical_ref1p1_unclipped,1.1000000000,0,0.1467295054,0,0,0,40,3857a59f0bcfa6c0596613eba9887a17978e8ab6d123c4c89045f9558a359f11
matched_evaluation,budget_constrained_selection,Pareto Local Search,7,analytic_ref1p05_unclipped,1.0500000000,0,0.0065606863,0,0,0,40,3857a59f0bcfa6c0596613eba9887a17978e8ab6d123c4c89045f9558a359f11
matched_evaluation,budget_constrained_selection,Pareto Local Search,7,analytic_ref1p1_unclipped,1.1000000000,0,0.0197306245,0,0,0,40,3857a59f0bcfa6c0596613eba9887a17978e8ab6d123c4c89045f9558a359f11
matched_evaluation,budget_constrained_selection,Pareto Local Search,7,analytic_ref1p2_unclipped,1.2000000000,0,0.0743645146,0,0,0,40,3857a59f0bcfa6c0596613eba9887a17978e8ab6d123c4c89045f9558a359f11
matched_evaluation,budget_constrained_selection,BiLo-NSGA,7,reported_empirical_ref1p1_clipped,1.1000000000,1,0.1509340175,0,0,0,38,fb44d4a67c80fdf9c27fe6b0195f5fbf2cf47919cc268bf2f6b1e403b4adef7f
matched_evaluation,budget_constrained_selection,BiLo-NSGA,7,reported_empirical_ref1p1_unclipped,1.1000000000,0,0.1509340175,0,0,0,38,fb44d4a67c80fdf9c27fe6b0195f5fbf2cf47919cc268bf2f6b1e403b4adef7f
matched_evaluation,budget_constrained_selection,BiLo-NSGA,7,expanded_empirical_ref1p1_unclipped,1.1000000000,0,0.1959238561,0,0,0,38,fb44d4a67c80fdf9c27fe6b0195f5fbf2cf47919cc268bf2f6b1e403b4adef7f
matched_evaluation,budget_constrained_selection,BiLo-NSGA,7,analytic_ref1p05_unclipped,1.0500000000,0,0.0074224807,0,0,0,38,fb44d4a67c80fdf9c27fe6b0195f5fbf2cf47919cc268bf2f6b1e403b4adef7f
matched_evaluation,budget_constrained_selection,BiLo-NSGA,7,analytic_ref1p1_unclipped,1.1000000000,0,0.0219308538,0,0,0,38,fb44d4a67c80fdf9c27fe6b0195f5fbf2cf47919cc268bf2f6b1e403b4adef7f
matched_evaluation,budget_constrained_selection,BiLo-NSGA,7,analytic_ref1p2_unclipped,1.2000000000,0,0.0809735179,0,0,0,38,fb44d4a67c80fdf9c27fe6b0195f5fbf2cf47919cc268bf2f6b1e403b4adef7f
matched_evaluation,budget_constrained_selection,Pareto Local Search,8,reported_empirical_ref1p1_clipped,1.1000000000,1,0.1035251492,0,0,0,40,c1ddd4f305cb095e55614a2685c7888d8cca2edcadde16979639d1ebec038867
matched_evaluation,budget_constrained_selection,Pareto Local Search,8,reported_empirical_ref1p1_unclipped,1.1000000000,0,0.1035251492,0,0,0,40,c1ddd4f305cb095e55614a2685c7888d8cca2edcadde16979639d1ebec038867
matched_evaluation,budget_constrained_selection,Pareto Local Search,8,expanded_empirical_ref1p1_unclipped,1.1000000000,0,0.1482823800,0,0,0,40,c1ddd4f305cb095e55614a2685c7888d8cca2edcadde16979639d1ebec038867
matched_evaluation,budget_constrained_selection,Pareto Local Search,8,analytic_ref1p05_unclipped,1.0500000000,0,0.0065083344,0,0,0,40,c1ddd4f305cb095e55614a2685c7888d8cca2edcadde16979639d1ebec038867
matched_evaluation,budget_constrained_selection,Pareto Local Search,8,analytic_ref1p1_unclipped,1.1000000000,0,0.0197352895,0,0,0,40,c1ddd4f305cb095e55614a2685c7888d8cca2edcadde16979639d1ebec038867
matched_evaluation,budget_constrained_selection,Pareto Local Search,8,analytic_ref1p2_unclipped,1.2000000000,0,0.0747645946,0,0,0,40,c1ddd4f305cb095e55614a2685c7888d8cca2edcadde16979639d1ebec038867
matched_evaluation,budget_constrained_selection,BiLo-NSGA,8,reported_empirical_ref1p1_clipped,1.1000000000,1,0.1369812471,0,0,0,38,c85c2c69051682b831273b387a9fdcc8ac62247d1eb25c70f694414e28e76522
matched_evaluation,budget_constrained_selection,BiLo-NSGA,8,reported_empirical_ref1p1_unclipped,1.1000000000,0,0.1369812471,0,0,0,38,c85c2c69051682b831273b387a9fdcc8ac62247d1eb25c70f694414e28e76522
matched_evaluation,budget_constrained_selection,BiLo-NSGA,8,expanded_empirical_ref1p1_unclipped,1.1000000000,0,0.1821722567,0,0,0,38,c85c2c69051682b831273b387a9fdcc8ac62247d1eb25c70f694414e28e76522
matched_evaluation,budget_constrained_selection,BiLo-NSGA,8,analytic_ref1p05_unclipped,1.0500000000,0,0.0072240827,0,0,0,38,c85c2c69051682b831273b387a9fdcc8ac62247d1eb25c70f694414e28e76522
matched_evaluation,budget_constrained_selection,BiLo-NSGA,8,analytic_ref1p1_unclipped,1.1000000000,0,0.0214869237,0,0,0,38,c85c2c69051682b831273b387a9fdcc8ac62247d1eb25c70f694414e28e76522
matched_evaluation,budget_constrained_selection,BiLo-NSGA,8,analytic_ref1p2_unclipped,1.2000000000,0,0.0796740488,0,0,0,38,c85c2c69051682b831273b387a9fdcc8ac62247d1eb25c70f694414e28e76522
matched_evaluation,budget_constrained_selection,NSGA-II,8,reported_empirical_ref1p1_clipped,1.1000000000,1,0.1689861074,1,0,1,37,fec18c87b21c9ea364071bb11c2c54d9eb93dc6aa52024af850b4945b73d0f35
matched_evaluation,budget_constrained_selection,NSGA-II,8,reported_empirical_ref1p1_unclipped,1.1000000000,0,0.1723974809,1,0,1,37,fec18c87b21c9ea364071bb11c2c54d9eb93dc6aa52024af850b4945b73d0f35
matched_evaluation,budget_constrained_selection,NSGA-II,8,expanded_empirical_ref1p1_unclipped,1.1000000000,0,0.2198512902,0,0,0,37,fec18c87b21c9ea364071bb11c2c54d9eb93dc6aa52024af850b4945b73d0f35
matched_evaluation,budget_constrained_selection,NSGA-II,8,analytic_ref1p05_unclipped,1.0500000000,0,0.0083739989,0,0,0,37,fec18c87b21c9ea364071bb11c2c54d9eb93dc6aa52024af850b4945b73d0f35
matched_evaluation,budget_constrained_selection,NSGA-II,8,analytic_ref1p1_unclipped,1.1000000000,0,0.0241122652,0,0,0,37,fec18c87b21c9ea364071bb11c2c54d9eb93dc6aa52024af850b4945b73d0f35
matched_evaluation,budget_constrained_selection,NSGA-II,8,analytic_ref1p2_unclipped,1.2000000000,0,0.0863830129,0,0,0,37,fec18c87b21c9ea364071bb11c2c54d9eb93dc6aa52024af850b4945b73d0f35
matched_evaluation,budget_constrained_selection,BiLo-NSGA,9,reported_empirical_ref1p1_clipped,1.1000000000,1,0.1585700519,0,0,0,39,9aeade7e06c9165ce3e157e72d929fcc00a3e7487b47e6fcd181e7e1412545c5
matched_evaluation,budget_constrained_selection,BiLo-NSGA,9,reported_empirical_ref1p1_unclipped,1.1000000000,0,0.1585700519,0,0,0,39,9aeade7e06c9165ce3e157e72d929fcc00a3e7487b47e6fcd181e7e1412545c5
matched_evaluation,budget_constrained_selection,BiLo-NSGA,9,expanded_empirical_ref1p1_unclipped,1.1000000000,0,0.2038241615,0,0,0,39,9aeade7e06c9165ce3e157e72d929fcc00a3e7487b47e6fcd181e7e1412545c5
matched_evaluation,budget_constrained_selection,BiLo-NSGA,9,analytic_ref1p05_unclipped,1.0500000000,0,0.0073036593,0,0,0,39,9aeade7e06c9165ce3e157e72d929fcc00a3e7487b47e6fcd181e7e1412545c5
matched_evaluation,budget_constrained_selection,BiLo-NSGA,9,analytic_ref1p1_unclipped,1.1000000000,0,0.0216191400,0,0,0,39,9aeade7e06c9165ce3e157e72d929fcc00a3e7487b47e6fcd181e7e1412545c5
matched_evaluation,budget_constrained_selection,BiLo-NSGA,9,analytic_ref1p2_unclipped,1.2000000000,0,0.0799253370,0,0,0,39,9aeade7e06c9165ce3e157e72d929fcc00a3e7487b47e6fcd181e7e1412545c5
matched_evaluation,budget_constrained_selection,NSGA-II,9,reported_empirical_ref1p1_clipped,1.1000000000,1,0.1691587804,1,0,1,38,99f928364b8005764141b3c4b5f7f37d8df957464c5dc30f20a13ae94774dc14
matched_evaluation,budget_constrained_selection,NSGA-II,9,reported_empirical_ref1p1_unclipped,1.1000000000,0,0.1739516541,1,0,1,38,99f928364b8005764141b3c4b5f7f37d8df957464c5dc30f20a13ae94774dc14
matched_evaluation,budget_constrained_selection,NSGA-II,9,expanded_empirical_ref1p1_unclipped,1.1000000000,0,0.2214977789,0,0,0,38,99f928364b8005764141b3c4b5f7f37d8df957464c5dc30f20a13ae94774dc14
matched_evaluation,budget_constrained_selection,NSGA-II,9,analytic_ref1p05_unclipped,1.0500000000,0,0.0081233806,0,0,0,38,99f928364b8005764141b3c4b5f7f37d8df957464c5dc30f20a13ae94774dc14
matched_evaluation,budget_constrained_selection,NSGA-II,9,analytic_ref1p1_unclipped,1.1000000000,0,0.0236266250,0,0,0,38,99f928364b8005764141b3c4b5f7f37d8df957464c5dc30f20a13ae94774dc14
matched_evaluation,budget_constrained_selection,NSGA-II,9,analytic_ref1p2_unclipped,1.2000000000,0,0.0853944753,0,0,0,38,99f928364b8005764141b3c4b5f7f37d8df957464c5dc30f20a13ae94774dc14
matched_evaluation,budget_constrained_selection,Pareto Local Search,9,reported_empirical_ref1p1_clipped,1.1000000000,1,0.1172537455,0,0,0,40,c04fe4e7f9d92091e71bd4a8a0c0ea2966b93ce7fb22cdc5dfaf3bb7cac56424
matched_evaluation,budget_constrained_selection,Pareto Local Search,9,reported_empirical_ref1p1_unclipped,1.1000000000,0,0.1172537455,0,0,0,40,c04fe4e7f9d92091e71bd4a8a0c0ea2966b93ce7fb22cdc5dfaf3bb7cac56424
matched_evaluation,budget_constrained_selection,Pareto Local Search,9,expanded_empirical_ref1p1_unclipped,1.1000000000,0,0.1618385365,0,0,0,40,c04fe4e7f9d92091e71bd4a8a0c0ea2966b93ce7fb22cdc5dfaf3bb7cac56424
matched_evaluation,budget_constrained_selection,Pareto Local Search,9,analytic_ref1p05_unclipped,1.0500000000,0,0.0070681479,0,0,0,40,c04fe4e7f9d92091e71bd4a8a0c0ea2966b93ce7fb22cdc5dfaf3bb7cac56424
matched_evaluation,budget_constrained_selection,Pareto Local Search,9,analytic_ref1p1_unclipped,1.1000000000,0,0.0209321262,0,0,0,40,c04fe4e7f9d92091e71bd4a8a0c0ea2966b93ce7fb22cdc5dfaf3bb7cac56424
matched_evaluation,budget_constrained_selection,Pareto Local Search,9,analytic_ref1p2_unclipped,1.2000000000,0,0.0775331145,0,0,0,40,c04fe4e7f9d92091e71bd4a8a0c0ea2966b93ce7fb22cdc5dfaf3bb7cac56424
matched_evaluation,budget_constrained_selection,NSGA-II,10,reported_empirical_ref1p1_clipped,1.1000000000,1,0.1692456368,3,0,3,39,80ed0bf57273e7f78b428cc0b992992e95b4146f027905830e1382d00beac701
matched_evaluation,budget_constrained_selection,NSGA-II,10,reported_empirical_ref1p1_unclipped,1.1000000000,0,0.1906779355,3,0,3,39,80ed0bf57273e7f78b428cc0b992992e95b4146f027905830e1382d00beac701
matched_evaluation,budget_constrained_selection,NSGA-II,10,expanded_empirical_ref1p1_unclipped,1.1000000000,0,0.2390211985,0,0,0,39,80ed0bf57273e7f78b428cc0b992992e95b4146f027905830e1382d00beac701
matched_evaluation,budget_constrained_selection,NSGA-II,10,analytic_ref1p05_unclipped,1.0500000000,0,0.0084850664,0,0,0,39,80ed0bf57273e7f78b428cc0b992992e95b4146f027905830e1382d00beac701
matched_evaluation,budget_constrained_selection,NSGA-II,10,analytic_ref1p1_unclipped,1.1000000000,0,0.0245564518,0,0,0,39,80ed0bf57273e7f78b428cc0b992992e95b4146f027905830e1382d00beac701
matched_evaluation,budget_constrained_selection,NSGA-II,10,analytic_ref1p2_unclipped,1.2000000000,0,0.0881077786,0,0,0,39,80ed0bf57273e7f78b428cc0b992992e95b4146f027905830e1382d00beac701
matched_evaluation,budget_constrained_selection,Pareto Local Search,10,reported_empirical_ref1p1_clipped,1.1000000000,1,0.1034567380,0,0,0,40,02f05bf7669445a0ad03cacdab81cb9e25ba8bdae468a51988b5827da40fe6c6
matched_evaluation,budget_constrained_selection,Pareto Local Search,10,reported_empirical_ref1p1_unclipped,1.1000000000,0,0.1034567380,0,0,0,40,02f05bf7669445a0ad03cacdab81cb9e25ba8bdae468a51988b5827da40fe6c6
matched_evaluation,budget_constrained_selection,Pareto Local Search,10,expanded_empirical_ref1p1_unclipped,1.1000000000,0,0.1486778896,0,0,0,40,02f05bf7669445a0ad03cacdab81cb9e25ba8bdae468a51988b5827da40fe6c6
matched_evaluation,budget_constrained_selection,Pareto Local Search,10,analytic_ref1p05_unclipped,1.0500000000,0,0.0066321005,0,0,0,40,02f05bf7669445a0ad03cacdab81cb9e25ba8bdae468a51988b5827da40fe6c6
matched_evaluation,budget_constrained_selection,Pareto Local Search,10,analytic_ref1p1_unclipped,1.1000000000,0,0.0199805720,0,0,0,40,02f05bf7669445a0ad03cacdab81cb9e25ba8bdae468a51988b5827da40fe6c6
matched_evaluation,budget_constrained_selection,Pareto Local Search,10,analytic_ref1p2_unclipped,1.2000000000,0,0.0753140703,0,0,0,40,02f05bf7669445a0ad03cacdab81cb9e25ba8bdae468a51988b5827da40fe6c6
matched_evaluation,budget_constrained_selection,BiLo-NSGA,10,reported_empirical_ref1p1_clipped,1.1000000000,1,0.1641534320,0,0,0,39,d3e972ce93af3f6edfa55945cb9d6e87e736ac07d41e75aadced31e4a52fb9b7
matched_evaluation,budget_constrained_selection,BiLo-NSGA,10,reported_empirical_ref1p1_unclipped,1.1000000000,0,0.1641534320,0,0,0,39,d3e972ce93af3f6edfa55945cb9d6e87e736ac07d41e75aadced31e4a52fb9b7
matched_evaluation,budget_constrained_selection,BiLo-NSGA,10,expanded_empirical_ref1p1_unclipped,1.1000000000,0,0.2081097016,0,0,0,39,d3e972ce93af3f6edfa55945cb9d6e87e736ac07d41e75aadced31e4a52fb9b7
matched_evaluation,budget_constrained_selection,BiLo-NSGA,10,analytic_ref1p05_unclipped,1.0500000000,0,0.0076574918,0,0,0,39,d3e972ce93af3f6edfa55945cb9d6e87e736ac07d41e75aadced31e4a52fb9b7
matched_evaluation,budget_constrained_selection,BiLo-NSGA,10,analytic_ref1p1_unclipped,1.1000000000,0,0.0223798878,0,0,0,39,d3e972ce93af3f6edfa55945cb9d6e87e736ac07d41e75aadced31e4a52fb9b7
matched_evaluation,budget_constrained_selection,BiLo-NSGA,10,analytic_ref1p2_unclipped,1.2000000000,0,0.0818791145,0,0,0,39,d3e972ce93af3f6edfa55945cb9d6e87e736ac07d41e75aadced31e4a52fb9b7
matched_evaluation,budget_constrained_selection,Pareto Local Search,11,reported_empirical_ref1p1_clipped,1.1000000000,1,0.1193100288,0,0,0,40,34ecb126faa0059b9b6acaede9fd3a9c9c06fb28e755508075569c85650f78ec
matched_evaluation,budget_constrained_selection,Pareto Local Search,11,reported_empirical_ref1p1_unclipped,1.1000000000,0,0.1193100288,0,0,0,40,34ecb126faa0059b9b6acaede9fd3a9c9c06fb28e755508075569c85650f78ec
matched_evaluation,budget_constrained_selection,Pareto Local Search,11,expanded_empirical_ref1p1_unclipped,1.1000000000,0,0.1640215643,0,0,0,40,34ecb126faa0059b9b6acaede9fd3a9c9c06fb28e755508075569c85650f78ec
matched_evaluation,budget_constrained_selection,Pareto Local Search,11,analytic_ref1p05_unclipped,1.0500000000,0,0.0067765694,0,0,0,40,34ecb126faa0059b9b6acaede9fd3a9c9c06fb28e755508075569c85650f78ec
matched_evaluation,budget_constrained_selection,Pareto Local Search,11,analytic_ref1p1_unclipped,1.1000000000,0,0.0203701014,0,0,0,40,34ecb126faa0059b9b6acaede9fd3a9c9c06fb28e755508075569c85650f78ec
matched_evaluation,budget_constrained_selection,Pareto Local Search,11,analytic_ref1p2_unclipped,1.2000000000,0,0.0766170072,0,0,0,40,34ecb126faa0059b9b6acaede9fd3a9c9c06fb28e755508075569c85650f78ec
matched_evaluation,budget_constrained_selection,BiLo-NSGA,11,reported_empirical_ref1p1_clipped,1.1000000000,1,0.1628712074,0,0,0,39,bb2b24cee9bf5aa27fb9ea0dcbaa100fb691b13eeacbbde7bdfd5a0b5e3cd0e5
matched_evaluation,budget_constrained_selection,BiLo-NSGA,11,reported_empirical_ref1p1_unclipped,1.1000000000,0,0.1628712074,0,0,0,39,bb2b24cee9bf5aa27fb9ea0dcbaa100fb691b13eeacbbde7bdfd5a0b5e3cd0e5
matched_evaluation,budget_constrained_selection,BiLo-NSGA,11,expanded_empirical_ref1p1_unclipped,1.1000000000,0,0.2071145813,0,0,0,39,bb2b24cee9bf5aa27fb9ea0dcbaa100fb691b13eeacbbde7bdfd5a0b5e3cd0e5
matched_evaluation,budget_constrained_selection,BiLo-NSGA,11,analytic_ref1p05_unclipped,1.0500000000,0,0.0071589171,0,0,0,39,bb2b24cee9bf5aa27fb9ea0dcbaa100fb691b13eeacbbde7bdfd5a0b5e3cd0e5
matched_evaluation,budget_constrained_selection,BiLo-NSGA,11,analytic_ref1p1_unclipped,1.1000000000,0,0.0215765305,0,0,0,39,bb2b24cee9bf5aa27fb9ea0dcbaa100fb691b13eeacbbde7bdfd5a0b5e3cd0e5
matched_evaluation,budget_constrained_selection,BiLo-NSGA,11,analytic_ref1p2_unclipped,1.2000000000,0,0.0807603206,0,0,0,39,bb2b24cee9bf5aa27fb9ea0dcbaa100fb691b13eeacbbde7bdfd5a0b5e3cd0e5
matched_evaluation,budget_constrained_selection,NSGA-II,11,reported_empirical_ref1p1_clipped,1.1000000000,1,0.1703991870,3,0,3,39,c6c53da43ce0a2aaa056969ae5d8bbc4dc2f3186d0605761eae6125984f8b5fd
matched_evaluation,budget_constrained_selection,NSGA-II,11,reported_empirical_ref1p1_unclipped,1.1000000000,0,0.1925686068,3,0,3,39,c6c53da43ce0a2aaa056969ae5d8bbc4dc2f3186d0605761eae6125984f8b5fd
matched_evaluation,budget_constrained_selection,NSGA-II,11,expanded_empirical_ref1p1_unclipped,1.1000000000,0,0.2403397037,0,0,0,39,c6c53da43ce0a2aaa056969ae5d8bbc4dc2f3186d0605761eae6125984f8b5fd
matched_evaluation,budget_constrained_selection,NSGA-II,11,analytic_ref1p05_unclipped,1.0500000000,0,0.0081099640,0,0,0,39,c6c53da43ce0a2aaa056969ae5d8bbc4dc2f3186d0605761eae6125984f8b5fd
matched_evaluation,budget_constrained_selection,NSGA-II,11,analytic_ref1p1_unclipped,1.1000000000,0,0.0237796983,0,0,0,39,c6c53da43ce0a2aaa056969ae5d8bbc4dc2f3186d0605761eae6125984f8b5fd
matched_evaluation,budget_constrained_selection,NSGA-II,11,analytic_ref1p2_unclipped,1.2000000000,0,0.0866632564,0,0,0,39,c6c53da43ce0a2aaa056969ae5d8bbc4dc2f3186d0605761eae6125984f8b5fd
matched_evaluation,budget_constrained_selection,BiLo-NSGA,12,reported_empirical_ref1p1_clipped,1.1000000000,1,0.1463931309,0,0,0,38,36420af2fe023f23b637b7a4b5d78c4610c12c357d159d2dafdf57b436c950b4
matched_evaluation,budget_constrained_selection,BiLo-NSGA,12,reported_empirical_ref1p1_unclipped,1.1000000000,0,0.1463931309,0,0,0,38,36420af2fe023f23b637b7a4b5d78c4610c12c357d159d2dafdf57b436c950b4
matched_evaluation,budget_constrained_selection,BiLo-NSGA,12,expanded_empirical_ref1p1_unclipped,1.1000000000,0,0.1905419059,0,0,0,38,36420af2fe023f23b637b7a4b5d78c4610c12c357d159d2dafdf57b436c950b4
matched_evaluation,budget_constrained_selection,BiLo-NSGA,12,analytic_ref1p05_unclipped,1.0500000000,0,0.0070424741,0,0,0,38,36420af2fe023f23b637b7a4b5d78c4610c12c357d159d2dafdf57b436c950b4
matched_evaluation,budget_constrained_selection,BiLo-NSGA,12,analytic_ref1p1_unclipped,1.1000000000,0,0.0210414937,0,0,0,38,36420af2fe023f23b637b7a4b5d78c4610c12c357d159d2dafdf57b436c950b4
matched_evaluation,budget_constrained_selection,BiLo-NSGA,12,analytic_ref1p2_unclipped,1.2000000000,0,0.0786157898,0,0,0,38,36420af2fe023f23b637b7a4b5d78c4610c12c357d159d2dafdf57b436c950b4
matched_evaluation,budget_constrained_selection,NSGA-II,12,reported_empirical_ref1p1_clipped,1.1000000000,1,0.1656726905,0,0,0,39,91277ac4d7ffa868ac77ff6aad5033dd25407285f4982255ea2b62b599a23338
matched_evaluation,budget_constrained_selection,NSGA-II,12,reported_empirical_ref1p1_unclipped,1.1000000000,0,0.1656726905,0,0,0,39,91277ac4d7ffa868ac77ff6aad5033dd25407285f4982255ea2b62b599a23338
matched_evaluation,budget_constrained_selection,NSGA-II,12,expanded_empirical_ref1p1_unclipped,1.1000000000,0,0.2123687685,0,0,0,39,91277ac4d7ffa868ac77ff6aad5033dd25407285f4982255ea2b62b599a23338
matched_evaluation,budget_constrained_selection,NSGA-II,12,analytic_ref1p05_unclipped,1.0500000000,0,0.0081895090,0,0,0,39,91277ac4d7ffa868ac77ff6aad5033dd25407285f4982255ea2b62b599a23338
matched_evaluation,budget_constrained_selection,NSGA-II,12,analytic_ref1p1_unclipped,1.1000000000,0,0.0236623379,0,0,0,39,91277ac4d7ffa868ac77ff6aad5033dd25407285f4982255ea2b62b599a23338
matched_evaluation,budget_constrained_selection,NSGA-II,12,analytic_ref1p2_unclipped,1.2000000000,0,0.0851063205,0,0,0,39,91277ac4d7ffa868ac77ff6aad5033dd25407285f4982255ea2b62b599a23338
matched_evaluation,budget_constrained_selection,Pareto Local Search,12,reported_empirical_ref1p1_clipped,1.1000000000,1,0.0825946225,0,0,0,40,4d29e9150717538bbc1e4244a6063da013db588c42d04ca488532c890f7fdfb9
matched_evaluation,budget_constrained_selection,Pareto Local Search,12,reported_empirical_ref1p1_unclipped,1.1000000000,0,0.0825946225,0,0,0,40,4d29e9150717538bbc1e4244a6063da013db588c42d04ca488532c890f7fdfb9
matched_evaluation,budget_constrained_selection,Pareto Local Search,12,expanded_empirical_ref1p1_unclipped,1.1000000000,0,0.1282527951,0,0,0,40,4d29e9150717538bbc1e4244a6063da013db588c42d04ca488532c890f7fdfb9
matched_evaluation,budget_constrained_selection,Pareto Local Search,12,analytic_ref1p05_unclipped,1.0500000000,0,0.0057050425,0,0,0,40,4d29e9150717538bbc1e4244a6063da013db588c42d04ca488532c890f7fdfb9
matched_evaluation,budget_constrained_selection,Pareto Local Search,12,analytic_ref1p1_unclipped,1.1000000000,0,0.0180662157,0,0,0,40,4d29e9150717538bbc1e4244a6063da013db588c42d04ca488532c890f7fdfb9
matched_evaluation,budget_constrained_selection,Pareto Local Search,12,analytic_ref1p2_unclipped,1.2000000000,0,0.0709050175,0,0,0,40,4d29e9150717538bbc1e4244a6063da013db588c42d04ca488532c890f7fdfb9
matched_evaluation,budget_constrained_selection,NSGA-II,13,reported_empirical_ref1p1_clipped,1.1000000000,1,0.1711169370,5,0,5,38,efd82db2d243863370e4ef911d25601563796efc801806f5224dcfb91cadab80
matched_evaluation,budget_constrained_selection,NSGA-II,13,reported_empirical_ref1p1_unclipped,1.1000000000,0,0.2014899662,5,0,5,38,efd82db2d243863370e4ef911d25601563796efc801806f5224dcfb91cadab80
matched_evaluation,budget_constrained_selection,NSGA-II,13,expanded_empirical_ref1p1_unclipped,1.1000000000,0,0.2491656493,0,0,0,38,efd82db2d243863370e4ef911d25601563796efc801806f5224dcfb91cadab80
matched_evaluation,budget_constrained_selection,NSGA-II,13,analytic_ref1p05_unclipped,1.0500000000,0,0.0086279160,0,0,0,38,efd82db2d243863370e4ef911d25601563796efc801806f5224dcfb91cadab80
matched_evaluation,budget_constrained_selection,NSGA-II,13,analytic_ref1p1_unclipped,1.1000000000,0,0.0247077951,0,0,0,38,efd82db2d243863370e4ef911d25601563796efc801806f5224dcfb91cadab80
matched_evaluation,budget_constrained_selection,NSGA-II,13,analytic_ref1p2_unclipped,1.2000000000,0,0.0880139891,0,0,0,38,efd82db2d243863370e4ef911d25601563796efc801806f5224dcfb91cadab80
matched_evaluation,budget_constrained_selection,Pareto Local Search,13,reported_empirical_ref1p1_clipped,1.1000000000,1,0.1096035781,0,0,0,40,3d9ebc5754da8b07777a95ebe8dcd07f9f69e5eb073bee2101473242f432f8df
matched_evaluation,budget_constrained_selection,Pareto Local Search,13,reported_empirical_ref1p1_unclipped,1.1000000000,0,0.1096035781,0,0,0,40,3d9ebc5754da8b07777a95ebe8dcd07f9f69e5eb073bee2101473242f432f8df
matched_evaluation,budget_constrained_selection,Pareto Local Search,13,expanded_empirical_ref1p1_unclipped,1.1000000000,0,0.1554734740,0,0,0,40,3d9ebc5754da8b07777a95ebe8dcd07f9f69e5eb073bee2101473242f432f8df
matched_evaluation,budget_constrained_selection,Pareto Local Search,13,analytic_ref1p05_unclipped,1.0500000000,0,0.0067805047,0,0,0,40,3d9ebc5754da8b07777a95ebe8dcd07f9f69e5eb073bee2101473242f432f8df
matched_evaluation,budget_constrained_selection,Pareto Local Search,13,analytic_ref1p1_unclipped,1.1000000000,0,0.0203568803,0,0,0,40,3d9ebc5754da8b07777a95ebe8dcd07f9f69e5eb073bee2101473242f432f8df
matched_evaluation,budget_constrained_selection,Pareto Local Search,13,analytic_ref1p2_unclipped,1.2000000000,0,0.0763591019,0,0,0,40,3d9ebc5754da8b07777a95ebe8dcd07f9f69e5eb073bee2101473242f432f8df
matched_evaluation,budget_constrained_selection,BiLo-NSGA,13,reported_empirical_ref1p1_clipped,1.1000000000,1,0.1606316458,0,0,0,39,c782d292ac0f698bb605fbd6835d7029758369c8bc346cf8e78f1ef70c6b0c2e
matched_evaluation,budget_constrained_selection,BiLo-NSGA,13,reported_empirical_ref1p1_unclipped,1.1000000000,0,0.1606316458,0,0,0,39,c782d292ac0f698bb605fbd6835d7029758369c8bc346cf8e78f1ef70c6b0c2e
matched_evaluation,budget_constrained_selection,BiLo-NSGA,13,expanded_empirical_ref1p1_unclipped,1.1000000000,0,0.2053505958,0,0,0,39,c782d292ac0f698bb605fbd6835d7029758369c8bc346cf8e78f1ef70c6b0c2e
matched_evaluation,budget_constrained_selection,BiLo-NSGA,13,analytic_ref1p05_unclipped,1.0500000000,0,0.0074332670,0,0,0,39,c782d292ac0f698bb605fbd6835d7029758369c8bc346cf8e78f1ef70c6b0c2e
matched_evaluation,budget_constrained_selection,BiLo-NSGA,13,analytic_ref1p1_unclipped,1.1000000000,0,0.0218255545,0,0,0,39,c782d292ac0f698bb605fbd6835d7029758369c8bc346cf8e78f1ef70c6b0c2e
matched_evaluation,budget_constrained_selection,BiLo-NSGA,13,analytic_ref1p2_unclipped,1.2000000000,0,0.0801257248,0,0,0,39,c782d292ac0f698bb605fbd6835d7029758369c8bc346cf8e78f1ef70c6b0c2e
matched_evaluation,budget_constrained_selection,Pareto Local Search,14,reported_empirical_ref1p1_clipped,1.1000000000,1,0.1045119902,0,0,0,40,c15374a8390aa2ce19fe6acf8bfc8f743541157fd566034df08e453656901cdf
matched_evaluation,budget_constrained_selection,Pareto Local Search,14,reported_empirical_ref1p1_unclipped,1.1000000000,0,0.1045119902,0,0,0,40,c15374a8390aa2ce19fe6acf8bfc8f743541157fd566034df08e453656901cdf
matched_evaluation,budget_constrained_selection,Pareto Local Search,14,expanded_empirical_ref1p1_unclipped,1.1000000000,0,0.1491313919,0,0,0,40,c15374a8390aa2ce19fe6acf8bfc8f743541157fd566034df08e453656901cdf
matched_evaluation,budget_constrained_selection,Pareto Local Search,14,analytic_ref1p05_unclipped,1.0500000000,0,0.0064720663,0,0,0,40,c15374a8390aa2ce19fe6acf8bfc8f743541157fd566034df08e453656901cdf
matched_evaluation,budget_constrained_selection,Pareto Local Search,14,analytic_ref1p1_unclipped,1.1000000000,0,0.0195873195,0,0,0,40,c15374a8390aa2ce19fe6acf8bfc8f743541157fd566034df08e453656901cdf
matched_evaluation,budget_constrained_selection,Pareto Local Search,14,analytic_ref1p2_unclipped,1.2000000000,0,0.0741896278,0,0,0,40,c15374a8390aa2ce19fe6acf8bfc8f743541157fd566034df08e453656901cdf
matched_evaluation,budget_constrained_selection,BiLo-NSGA,14,reported_empirical_ref1p1_clipped,1.1000000000,1,0.1471589428,0,0,0,39,e6695046c9df335e5d05a772120368dbb33957ab938493fbe1082d83888f8f5e
matched_evaluation,budget_constrained_selection,BiLo-NSGA,14,reported_empirical_ref1p1_unclipped,1.1000000000,0,0.1471589428,0,0,0,39,e6695046c9df335e5d05a772120368dbb33957ab938493fbe1082d83888f8f5e
matched_evaluation,budget_constrained_selection,BiLo-NSGA,14,expanded_empirical_ref1p1_unclipped,1.1000000000,0,0.1913211570,0,0,0,39,e6695046c9df335e5d05a772120368dbb33957ab938493fbe1082d83888f8f5e
matched_evaluation,budget_constrained_selection,BiLo-NSGA,14,analytic_ref1p05_unclipped,1.0500000000,0,0.0073466102,0,0,0,39,e6695046c9df335e5d05a772120368dbb33957ab938493fbe1082d83888f8f5e
matched_evaluation,budget_constrained_selection,BiLo-NSGA,14,analytic_ref1p1_unclipped,1.1000000000,0,0.0217064444,0,0,0,39,e6695046c9df335e5d05a772120368dbb33957ab938493fbe1082d83888f8f5e
matched_evaluation,budget_constrained_selection,BiLo-NSGA,14,analytic_ref1p2_unclipped,1.2000000000,0,0.0802227565,0,0,0,39,e6695046c9df335e5d05a772120368dbb33957ab938493fbe1082d83888f8f5e
matched_evaluation,budget_constrained_selection,NSGA-II,14,reported_empirical_ref1p1_clipped,1.1000000000,1,0.1716309696,2,0,2,38,516a34d866b57ff23598800f18debe9d7019b9dd0762f70c00a7e7093d64b9b8
matched_evaluation,budget_constrained_selection,NSGA-II,14,reported_empirical_ref1p1_unclipped,1.1000000000,0,0.1795171629,2,0,2,38,516a34d866b57ff23598800f18debe9d7019b9dd0762f70c00a7e7093d64b9b8
matched_evaluation,budget_constrained_selection,NSGA-II,14,expanded_empirical_ref1p1_unclipped,1.1000000000,0,0.2262912535,0,0,0,38,516a34d866b57ff23598800f18debe9d7019b9dd0762f70c00a7e7093d64b9b8
matched_evaluation,budget_constrained_selection,NSGA-II,14,analytic_ref1p05_unclipped,1.0500000000,0,0.0083803886,0,0,0,38,516a34d866b57ff23598800f18debe9d7019b9dd0762f70c00a7e7093d64b9b8
matched_evaluation,budget_constrained_selection,NSGA-II,14,analytic_ref1p1_unclipped,1.1000000000,0,0.0241873693,0,0,0,38,516a34d866b57ff23598800f18debe9d7019b9dd0762f70c00a7e7093d64b9b8
matched_evaluation,budget_constrained_selection,NSGA-II,14,analytic_ref1p2_unclipped,1.2000000000,0,0.0867671137,0,0,0,38,516a34d866b57ff23598800f18debe9d7019b9dd0762f70c00a7e7093d64b9b8
matched_evaluation,budget_constrained_selection,BiLo-NSGA,15,reported_empirical_ref1p1_clipped,1.1000000000,1,0.1613150650,0,0,0,39,63b19c50e7e8f6818f87bae75c1abe1e1147471970141e74785b97dee7f07952
matched_evaluation,budget_constrained_selection,BiLo-NSGA,15,reported_empirical_ref1p1_unclipped,1.1000000000,0,0.1613150650,0,0,0,39,63b19c50e7e8f6818f87bae75c1abe1e1147471970141e74785b97dee7f07952
matched_evaluation,budget_constrained_selection,BiLo-NSGA,15,expanded_empirical_ref1p1_unclipped,1.1000000000,0,0.2055840970,0,0,0,39,63b19c50e7e8f6818f87bae75c1abe1e1147471970141e74785b97dee7f07952
matched_evaluation,budget_constrained_selection,BiLo-NSGA,15,analytic_ref1p05_unclipped,1.0500000000,0,0.0072993772,0,0,0,39,63b19c50e7e8f6818f87bae75c1abe1e1147471970141e74785b97dee7f07952
matched_evaluation,budget_constrained_selection,BiLo-NSGA,15,analytic_ref1p1_unclipped,1.1000000000,0,0.0216746136,0,0,0,39,63b19c50e7e8f6818f87bae75c1abe1e1147471970141e74785b97dee7f07952
matched_evaluation,budget_constrained_selection,BiLo-NSGA,15,analytic_ref1p2_unclipped,1.2000000000,0,0.0804111389,0,0,0,39,63b19c50e7e8f6818f87bae75c1abe1e1147471970141e74785b97dee7f07952
matched_evaluation,budget_constrained_selection,NSGA-II,15,reported_empirical_ref1p1_clipped,1.1000000000,1,0.1712276985,1,0,1,36,85bedc7bfcd0d7e2876c3f03ec448202ca20dc93b2c5271e1aedbb10a2f73951
matched_evaluation,budget_constrained_selection,NSGA-II,15,reported_empirical_ref1p1_unclipped,1.1000000000,0,0.1724230808,1,0,1,36,85bedc7bfcd0d7e2876c3f03ec448202ca20dc93b2c5271e1aedbb10a2f73951
matched_evaluation,budget_constrained_selection,NSGA-II,15,expanded_empirical_ref1p1_unclipped,1.1000000000,0,0.2192151737,0,0,0,36,85bedc7bfcd0d7e2876c3f03ec448202ca20dc93b2c5271e1aedbb10a2f73951
matched_evaluation,budget_constrained_selection,NSGA-II,15,analytic_ref1p05_unclipped,1.0500000000,0,0.0080298973,0,0,0,36,85bedc7bfcd0d7e2876c3f03ec448202ca20dc93b2c5271e1aedbb10a2f73951
matched_evaluation,budget_constrained_selection,NSGA-II,15,analytic_ref1p1_unclipped,1.1000000000,0,0.0235151487,0,0,0,36,85bedc7bfcd0d7e2876c3f03ec448202ca20dc93b2c5271e1aedbb10a2f73951
matched_evaluation,budget_constrained_selection,NSGA-II,15,analytic_ref1p2_unclipped,1.2000000000,0,0.0855023763,0,0,0,36,85bedc7bfcd0d7e2876c3f03ec448202ca20dc93b2c5271e1aedbb10a2f73951
matched_evaluation,budget_constrained_selection,Pareto Local Search,15,reported_empirical_ref1p1_clipped,1.1000000000,1,0.0943993818,0,0,0,40,dddd2fbbeb2ea3c38ddf45ac5ae9a34f4c2c190ab40375c2ccfe34d42d8b0e0a
matched_evaluation,budget_constrained_selection,Pareto Local Search,15,reported_empirical_ref1p1_unclipped,1.1000000000,0,0.0943993818,0,0,0,40,dddd2fbbeb2ea3c38ddf45ac5ae9a34f4c2c190ab40375c2ccfe34d42d8b0e0a
matched_evaluation,budget_constrained_selection,Pareto Local Search,15,expanded_empirical_ref1p1_unclipped,1.1000000000,0,0.1396894736,0,0,0,40,dddd2fbbeb2ea3c38ddf45ac5ae9a34f4c2c190ab40375c2ccfe34d42d8b0e0a
matched_evaluation,budget_constrained_selection,Pareto Local Search,15,analytic_ref1p05_unclipped,1.0500000000,0,0.0062132404,0,0,0,40,dddd2fbbeb2ea3c38ddf45ac5ae9a34f4c2c190ab40375c2ccfe34d42d8b0e0a
matched_evaluation,budget_constrained_selection,Pareto Local Search,15,analytic_ref1p1_unclipped,1.1000000000,0,0.0190568006,0,0,0,40,dddd2fbbeb2ea3c38ddf45ac5ae9a34f4c2c190ab40375c2ccfe34d42d8b0e0a
matched_evaluation,budget_constrained_selection,Pareto Local Search,15,analytic_ref1p2_unclipped,1.2000000000,0,0.0730135330,0,0,0,40,dddd2fbbeb2ea3c38ddf45ac5ae9a34f4c2c190ab40375c2ccfe34d42d8b0e0a
matched_evaluation,budget_constrained_selection,NSGA-II,16,reported_empirical_ref1p1_clipped,1.1000000000,1,0.1693306386,6,0,6,39,5d2252fe2f8ca5562f23e41280f2fc0a182ed41ed880f1982b87b6f7230417b7
matched_evaluation,budget_constrained_selection,NSGA-II,16,reported_empirical_ref1p1_unclipped,1.1000000000,0,0.1990066692,6,0,6,39,5d2252fe2f8ca5562f23e41280f2fc0a182ed41ed880f1982b87b6f7230417b7
matched_evaluation,budget_constrained_selection,NSGA-II,16,expanded_empirical_ref1p1_unclipped,1.1000000000,0,0.2475614720,0,0,0,39,5d2252fe2f8ca5562f23e41280f2fc0a182ed41ed880f1982b87b6f7230417b7
matched_evaluation,budget_constrained_selection,NSGA-II,16,analytic_ref1p05_unclipped,1.0500000000,0,0.0084211818,0,0,0,39,5d2252fe2f8ca5562f23e41280f2fc0a182ed41ed880f1982b87b6f7230417b7
matched_evaluation,budget_constrained_selection,NSGA-II,16,analytic_ref1p1_unclipped,1.1000000000,0,0.0241586768,0,0,0,39,5d2252fe2f8ca5562f23e41280f2fc0a182ed41ed880f1982b87b6f7230417b7
matched_evaluation,budget_constrained_selection,NSGA-II,16,analytic_ref1p2_unclipped,1.2000000000,0,0.0863027032,0,0,0,39,5d2252fe2f8ca5562f23e41280f2fc0a182ed41ed880f1982b87b6f7230417b7
matched_evaluation,budget_constrained_selection,Pareto Local Search,16,reported_empirical_ref1p1_clipped,1.1000000000,1,0.0935456979,0,0,0,40,dff19d1c7c0ebce6ab8612097623ddc4f797ea962e8bb75b2378b9c7bab58f76
matched_evaluation,budget_constrained_selection,Pareto Local Search,16,reported_empirical_ref1p1_unclipped,1.1000000000,0,0.0935456979,0,0,0,40,dff19d1c7c0ebce6ab8612097623ddc4f797ea962e8bb75b2378b9c7bab58f76
matched_evaluation,budget_constrained_selection,Pareto Local Search,16,expanded_empirical_ref1p1_unclipped,1.1000000000,0,0.1389564837,0,0,0,40,dff19d1c7c0ebce6ab8612097623ddc4f797ea962e8bb75b2378b9c7bab58f76
matched_evaluation,budget_constrained_selection,Pareto Local Search,16,analytic_ref1p05_unclipped,1.0500000000,0,0.0059125686,0,0,0,40,dff19d1c7c0ebce6ab8612097623ddc4f797ea962e8bb75b2378b9c7bab58f76
matched_evaluation,budget_constrained_selection,Pareto Local Search,16,analytic_ref1p1_unclipped,1.1000000000,0,0.0184571164,0,0,0,40,dff19d1c7c0ebce6ab8612097623ddc4f797ea962e8bb75b2378b9c7bab58f76
matched_evaluation,budget_constrained_selection,Pareto Local Search,16,analytic_ref1p2_unclipped,1.2000000000,0,0.0716985789,0,0,0,40,dff19d1c7c0ebce6ab8612097623ddc4f797ea962e8bb75b2378b9c7bab58f76
matched_evaluation,budget_constrained_selection,BiLo-NSGA,16,reported_empirical_ref1p1_clipped,1.1000000000,1,0.1441702413,0,0,0,39,3215a08fa5e1de0b0b631ce507cdf88d916c8379db0eae0ae1f9cd5fef9c1d76
matched_evaluation,budget_constrained_selection,BiLo-NSGA,16,reported_empirical_ref1p1_unclipped,1.1000000000,0,0.1441702413,0,0,0,39,3215a08fa5e1de0b0b631ce507cdf88d916c8379db0eae0ae1f9cd5fef9c1d76
matched_evaluation,budget_constrained_selection,BiLo-NSGA,16,expanded_empirical_ref1p1_unclipped,1.1000000000,0,0.1884793756,0,0,0,39,3215a08fa5e1de0b0b631ce507cdf88d916c8379db0eae0ae1f9cd5fef9c1d76
matched_evaluation,budget_constrained_selection,BiLo-NSGA,16,analytic_ref1p05_unclipped,1.0500000000,0,0.0078106733,0,0,0,39,3215a08fa5e1de0b0b631ce507cdf88d916c8379db0eae0ae1f9cd5fef9c1d76
matched_evaluation,budget_constrained_selection,BiLo-NSGA,16,analytic_ref1p1_unclipped,1.1000000000,0,0.0227327908,0,0,0,39,3215a08fa5e1de0b0b631ce507cdf88d916c8379db0eae0ae1f9cd5fef9c1d76
matched_evaluation,budget_constrained_selection,BiLo-NSGA,16,analytic_ref1p2_unclipped,1.2000000000,0,0.0825470617,0,0,0,39,3215a08fa5e1de0b0b631ce507cdf88d916c8379db0eae0ae1f9cd5fef9c1d76
matched_evaluation,budget_constrained_selection,Pareto Local Search,17,reported_empirical_ref1p1_clipped,1.1000000000,1,0.1002933314,0,0,0,40,74acf4d84154ecfcca873726e40d40d46b80a16182b0666be245503414200583
matched_evaluation,budget_constrained_selection,Pareto Local Search,17,reported_empirical_ref1p1_unclipped,1.1000000000,0,0.1002933314,0,0,0,40,74acf4d84154ecfcca873726e40d40d46b80a16182b0666be245503414200583
matched_evaluation,budget_constrained_selection,Pareto Local Search,17,expanded_empirical_ref1p1_unclipped,1.1000000000,0,0.1456076542,0,0,0,40,74acf4d84154ecfcca873726e40d40d46b80a16182b0666be245503414200583
matched_evaluation,budget_constrained_selection,Pareto Local Search,17,analytic_ref1p05_unclipped,1.0500000000,0,0.0066238746,0,0,0,40,74acf4d84154ecfcca873726e40d40d46b80a16182b0666be245503414200583
matched_evaluation,budget_constrained_selection,Pareto Local Search,17,analytic_ref1p1_unclipped,1.1000000000,0,0.0199564100,0,0,0,40,74acf4d84154ecfcca873726e40d40d46b80a16182b0666be245503414200583
matched_evaluation,budget_constrained_selection,Pareto Local Search,17,analytic_ref1p2_unclipped,1.2000000000,0,0.0751767664,0,0,0,40,74acf4d84154ecfcca873726e40d40d46b80a16182b0666be245503414200583
matched_evaluation,budget_constrained_selection,BiLo-NSGA,17,reported_empirical_ref1p1_clipped,1.1000000000,1,0.1329085021,0,0,0,39,e47a15e78c3b3695a0d005b841fb6ace2f087bd52f447d4d0075934386c31543
matched_evaluation,budget_constrained_selection,BiLo-NSGA,17,reported_empirical_ref1p1_unclipped,1.1000000000,0,0.1329085021,0,0,0,39,e47a15e78c3b3695a0d005b841fb6ace2f087bd52f447d4d0075934386c31543
matched_evaluation,budget_constrained_selection,BiLo-NSGA,17,expanded_empirical_ref1p1_unclipped,1.1000000000,0,0.1773678048,0,0,0,39,e47a15e78c3b3695a0d005b841fb6ace2f087bd52f447d4d0075934386c31543
matched_evaluation,budget_constrained_selection,BiLo-NSGA,17,analytic_ref1p05_unclipped,1.0500000000,0,0.0070765291,0,0,0,39,e47a15e78c3b3695a0d005b841fb6ace2f087bd52f447d4d0075934386c31543
matched_evaluation,budget_constrained_selection,BiLo-NSGA,17,analytic_ref1p1_unclipped,1.1000000000,0,0.0211402296,0,0,0,39,e47a15e78c3b3695a0d005b841fb6ace2f087bd52f447d4d0075934386c31543
matched_evaluation,budget_constrained_selection,BiLo-NSGA,17,analytic_ref1p2_unclipped,1.2000000000,0,0.0787690882,0,0,0,39,e47a15e78c3b3695a0d005b841fb6ace2f087bd52f447d4d0075934386c31543
matched_evaluation,budget_constrained_selection,NSGA-II,17,reported_empirical_ref1p1_clipped,1.1000000000,1,0.1702527761,3,0,3,38,e091278742f8c519c00e6ca9c89eaa563f8c681234032c6fbcfb1be8bd148e62
matched_evaluation,budget_constrained_selection,NSGA-II,17,reported_empirical_ref1p1_unclipped,1.1000000000,0,0.1926989207,3,0,3,38,e091278742f8c519c00e6ca9c89eaa563f8c681234032c6fbcfb1be8bd148e62
matched_evaluation,budget_constrained_selection,NSGA-II,17,expanded_empirical_ref1p1_unclipped,1.1000000000,0,0.2405926990,0,0,0,38,e091278742f8c519c00e6ca9c89eaa563f8c681234032c6fbcfb1be8bd148e62
matched_evaluation,budget_constrained_selection,NSGA-II,17,analytic_ref1p05_unclipped,1.0500000000,0,0.0084892494,0,0,0,38,e091278742f8c519c00e6ca9c89eaa563f8c681234032c6fbcfb1be8bd148e62
matched_evaluation,budget_constrained_selection,NSGA-II,17,analytic_ref1p1_unclipped,1.1000000000,0,0.0245332314,0,0,0,38,e091278742f8c519c00e6ca9c89eaa563f8c681234032c6fbcfb1be8bd148e62
matched_evaluation,budget_constrained_selection,NSGA-II,17,analytic_ref1p2_unclipped,1.2000000000,0,0.0881190936,0,0,0,38,e091278742f8c519c00e6ca9c89eaa563f8c681234032c6fbcfb1be8bd148e62
matched_evaluation,budget_constrained_selection,BiLo-NSGA,18,reported_empirical_ref1p1_clipped,1.1000000000,1,0.1480305840,0,0,0,39,51df446bead5d605e9fc3ce0eed62b5ea266cd130be064ebb3bdff496b2797ba
matched_evaluation,budget_constrained_selection,BiLo-NSGA,18,reported_empirical_ref1p1_unclipped,1.1000000000,0,0.1480305840,0,0,0,39,51df446bead5d605e9fc3ce0eed62b5ea266cd130be064ebb3bdff496b2797ba
matched_evaluation,budget_constrained_selection,BiLo-NSGA,18,expanded_empirical_ref1p1_unclipped,1.1000000000,0,0.1920954790,0,0,0,39,51df446bead5d605e9fc3ce0eed62b5ea266cd130be064ebb3bdff496b2797ba
matched_evaluation,budget_constrained_selection,BiLo-NSGA,18,analytic_ref1p05_unclipped,1.0500000000,0,0.0072961121,0,0,0,39,51df446bead5d605e9fc3ce0eed62b5ea266cd130be064ebb3bdff496b2797ba
matched_evaluation,budget_constrained_selection,BiLo-NSGA,18,analytic_ref1p1_unclipped,1.1000000000,0,0.0215982455,0,0,0,39,51df446bead5d605e9fc3ce0eed62b5ea266cd130be064ebb3bdff496b2797ba
matched_evaluation,budget_constrained_selection,BiLo-NSGA,18,analytic_ref1p2_unclipped,1.2000000000,0,0.0797261702,0,0,0,39,51df446bead5d605e9fc3ce0eed62b5ea266cd130be064ebb3bdff496b2797ba
matched_evaluation,budget_constrained_selection,NSGA-II,18,reported_empirical_ref1p1_clipped,1.1000000000,1,0.1701139463,2,0,2,39,d5c96281663977c1fd425e8e4e7ba410ff18133556d9c224eb77a33265091528
matched_evaluation,budget_constrained_selection,NSGA-II,18,reported_empirical_ref1p1_unclipped,1.1000000000,0,0.1770846417,2,0,2,39,d5c96281663977c1fd425e8e4e7ba410ff18133556d9c224eb77a33265091528
matched_evaluation,budget_constrained_selection,NSGA-II,18,expanded_empirical_ref1p1_unclipped,1.1000000000,0,0.2244747719,0,0,0,39,d5c96281663977c1fd425e8e4e7ba410ff18133556d9c224eb77a33265091528
matched_evaluation,budget_constrained_selection,NSGA-II,18,analytic_ref1p05_unclipped,1.0500000000,0,0.0082832326,0,0,0,39,d5c96281663977c1fd425e8e4e7ba410ff18133556d9c224eb77a33265091528
matched_evaluation,budget_constrained_selection,NSGA-II,18,analytic_ref1p1_unclipped,1.1000000000,0,0.0240085571,0,0,0,39,d5c96281663977c1fd425e8e4e7ba410ff18133556d9c224eb77a33265091528
matched_evaluation,budget_constrained_selection,NSGA-II,18,analytic_ref1p2_unclipped,1.2000000000,0,0.0865231863,0,0,0,39,d5c96281663977c1fd425e8e4e7ba410ff18133556d9c224eb77a33265091528
matched_evaluation,budget_constrained_selection,Pareto Local Search,18,reported_empirical_ref1p1_clipped,1.1000000000,1,0.0996092185,0,0,0,40,1215e56269825ccc9c1d969d85e37f32547ff676f7557cb679f920eb6ea3a934
matched_evaluation,budget_constrained_selection,Pareto Local Search,18,reported_empirical_ref1p1_unclipped,1.1000000000,0,0.0996092185,0,0,0,40,1215e56269825ccc9c1d969d85e37f32547ff676f7557cb679f920eb6ea3a934
matched_evaluation,budget_constrained_selection,Pareto Local Search,18,expanded_empirical_ref1p1_unclipped,1.1000000000,0,0.1440752105,0,0,0,40,1215e56269825ccc9c1d969d85e37f32547ff676f7557cb679f920eb6ea3a934
matched_evaluation,budget_constrained_selection,Pareto Local Search,18,analytic_ref1p05_unclipped,1.0500000000,0,0.0061921989,0,0,0,40,1215e56269825ccc9c1d969d85e37f32547ff676f7557cb679f920eb6ea3a934
matched_evaluation,budget_constrained_selection,Pareto Local Search,18,analytic_ref1p1_unclipped,1.1000000000,0,0.0190145234,0,0,0,40,1215e56269825ccc9c1d969d85e37f32547ff676f7557cb679f920eb6ea3a934
matched_evaluation,budget_constrained_selection,Pareto Local Search,18,analytic_ref1p2_unclipped,1.2000000000,0,0.0728249293,0,0,0,40,1215e56269825ccc9c1d969d85e37f32547ff676f7557cb679f920eb6ea3a934
matched_evaluation,budget_constrained_selection,NSGA-II,19,reported_empirical_ref1p1_clipped,1.1000000000,1,0.1694195135,1,0,1,39,d5e8c7be4282295933febcd5f9d2fb20665bea0c8e450fc2b6dfb95d838f4f1f
matched_evaluation,budget_constrained_selection,NSGA-II,19,reported_empirical_ref1p1_unclipped,1.1000000000,0,0.1754288213,1,0,1,39,d5e8c7be4282295933febcd5f9d2fb20665bea0c8e450fc2b6dfb95d838f4f1f
matched_evaluation,budget_constrained_selection,NSGA-II,19,expanded_empirical_ref1p1_unclipped,1.1000000000,0,0.2229310755,0,0,0,39,d5e8c7be4282295933febcd5f9d2fb20665bea0c8e450fc2b6dfb95d838f4f1f
matched_evaluation,budget_constrained_selection,NSGA-II,19,analytic_ref1p05_unclipped,1.0500000000,0,0.0082876720,0,0,0,39,d5e8c7be4282295933febcd5f9d2fb20665bea0c8e450fc2b6dfb95d838f4f1f
matched_evaluation,budget_constrained_selection,NSGA-II,19,analytic_ref1p1_unclipped,1.1000000000,0,0.0240404568,0,0,0,39,d5e8c7be4282295933febcd5f9d2fb20665bea0c8e450fc2b6dfb95d838f4f1f
matched_evaluation,budget_constrained_selection,NSGA-II,19,analytic_ref1p2_unclipped,1.2000000000,0,0.0865260097,0,0,0,39,d5e8c7be4282295933febcd5f9d2fb20665bea0c8e450fc2b6dfb95d838f4f1f
matched_evaluation,budget_constrained_selection,Pareto Local Search,19,reported_empirical_ref1p1_clipped,1.1000000000,1,0.1172159513,0,0,0,40,f6c909fb0290295e6b81c7944b017c39035b9e199cb6d4f70908236f5913717f
matched_evaluation,budget_constrained_selection,Pareto Local Search,19,reported_empirical_ref1p1_unclipped,1.1000000000,0,0.1172159513,0,0,0,40,f6c909fb0290295e6b81c7944b017c39035b9e199cb6d4f70908236f5913717f
matched_evaluation,budget_constrained_selection,Pareto Local Search,19,expanded_empirical_ref1p1_unclipped,1.1000000000,0,0.1612815437,0,0,0,40,f6c909fb0290295e6b81c7944b017c39035b9e199cb6d4f70908236f5913717f
matched_evaluation,budget_constrained_selection,Pareto Local Search,19,analytic_ref1p05_unclipped,1.0500000000,0,0.0072348272,0,0,0,40,f6c909fb0290295e6b81c7944b017c39035b9e199cb6d4f70908236f5913717f
matched_evaluation,budget_constrained_selection,Pareto Local Search,19,analytic_ref1p1_unclipped,1.1000000000,0,0.0212279416,0,0,0,40,f6c909fb0290295e6b81c7944b017c39035b9e199cb6d4f70908236f5913717f
matched_evaluation,budget_constrained_selection,Pareto Local Search,19,analytic_ref1p2_unclipped,1.2000000000,0,0.0781149108,0,0,0,40,f6c909fb0290295e6b81c7944b017c39035b9e199cb6d4f70908236f5913717f
matched_evaluation,budget_constrained_selection,BiLo-NSGA,19,reported_empirical_ref1p1_clipped,1.1000000000,1,0.1437051749,0,0,0,39,03d56c3427d5882086ecd2619e8097e21ef2948652a9f2d456a57ff70e2b6697
matched_evaluation,budget_constrained_selection,BiLo-NSGA,19,reported_empirical_ref1p1_unclipped,1.1000000000,0,0.1437051749,0,0,0,39,03d56c3427d5882086ecd2619e8097e21ef2948652a9f2d456a57ff70e2b6697
matched_evaluation,budget_constrained_selection,BiLo-NSGA,19,expanded_empirical_ref1p1_unclipped,1.1000000000,0,0.1884469879,0,0,0,39,03d56c3427d5882086ecd2619e8097e21ef2948652a9f2d456a57ff70e2b6697
matched_evaluation,budget_constrained_selection,BiLo-NSGA,19,analytic_ref1p05_unclipped,1.0500000000,0,0.0072951238,0,0,0,39,03d56c3427d5882086ecd2619e8097e21ef2948652a9f2d456a57ff70e2b6697
matched_evaluation,budget_constrained_selection,BiLo-NSGA,19,analytic_ref1p1_unclipped,1.1000000000,0,0.0216128952,0,0,0,39,03d56c3427d5882086ecd2619e8097e21ef2948652a9f2d456a57ff70e2b6697
matched_evaluation,budget_constrained_selection,BiLo-NSGA,19,analytic_ref1p2_unclipped,1.2000000000,0,0.0799225497,0,0,0,39,03d56c3427d5882086ecd2619e8097e21ef2948652a9f2d456a57ff70e2b6697
matched_evaluation,budget_constrained_selection,Pareto Local Search,20,reported_empirical_ref1p1_clipped,1.1000000000,1,0.1208355167,0,0,0,40,0a0b4cb3fcada5794608b6ace6990b9b0c74d032375d0f7a145d41527869e7fb
matched_evaluation,budget_constrained_selection,Pareto Local Search,20,reported_empirical_ref1p1_unclipped,1.1000000000,0,0.1208355167,0,0,0,40,0a0b4cb3fcada5794608b6ace6990b9b0c74d032375d0f7a145d41527869e7fb
matched_evaluation,budget_constrained_selection,Pareto Local Search,20,expanded_empirical_ref1p1_unclipped,1.1000000000,0,0.1658655753,0,0,0,40,0a0b4cb3fcada5794608b6ace6990b9b0c74d032375d0f7a145d41527869e7fb
matched_evaluation,budget_constrained_selection,Pareto Local Search,20,analytic_ref1p05_unclipped,1.0500000000,0,0.0071765349,0,0,0,40,0a0b4cb3fcada5794608b6ace6990b9b0c74d032375d0f7a145d41527869e7fb
matched_evaluation,budget_constrained_selection,Pareto Local Search,20,analytic_ref1p1_unclipped,1.1000000000,0,0.0212734534,0,0,0,40,0a0b4cb3fcada5794608b6ace6990b9b0c74d032375d0f7a145d41527869e7fb
matched_evaluation,budget_constrained_selection,Pareto Local Search,20,analytic_ref1p2_unclipped,1.2000000000,0,0.0788463221,0,0,0,40,0a0b4cb3fcada5794608b6ace6990b9b0c74d032375d0f7a145d41527869e7fb
matched_evaluation,budget_constrained_selection,BiLo-NSGA,20,reported_empirical_ref1p1_clipped,1.1000000000,1,0.1570553100,0,0,0,38,f731d8d196b2daf35cbb06ac02d6f9c5c75eadcb57c0068c602987de4f485447
matched_evaluation,budget_constrained_selection,BiLo-NSGA,20,reported_empirical_ref1p1_unclipped,1.1000000000,0,0.1570553100,0,0,0,38,f731d8d196b2daf35cbb06ac02d6f9c5c75eadcb57c0068c602987de4f485447
matched_evaluation,budget_constrained_selection,BiLo-NSGA,20,expanded_empirical_ref1p1_unclipped,1.1000000000,0,0.2016287116,0,0,0,38,f731d8d196b2daf35cbb06ac02d6f9c5c75eadcb57c0068c602987de4f485447
matched_evaluation,budget_constrained_selection,BiLo-NSGA,20,analytic_ref1p05_unclipped,1.0500000000,0,0.0081715707,0,0,0,38,f731d8d196b2daf35cbb06ac02d6f9c5c75eadcb57c0068c602987de4f485447
matched_evaluation,budget_constrained_selection,BiLo-NSGA,20,analytic_ref1p1_unclipped,1.1000000000,0,0.0235158538,0,0,0,38,f731d8d196b2daf35cbb06ac02d6f9c5c75eadcb57c0068c602987de4f485447
matched_evaluation,budget_constrained_selection,BiLo-NSGA,20,analytic_ref1p2_unclipped,1.2000000000,0,0.0844805949,0,0,0,38,f731d8d196b2daf35cbb06ac02d6f9c5c75eadcb57c0068c602987de4f485447
matched_evaluation,budget_constrained_selection,NSGA-II,20,reported_empirical_ref1p1_clipped,1.1000000000,1,0.1703317320,1,0,1,39,1ebfc714d3d552723d2a5225b54400d2e4f7977ed6f4fee6b099dd83bc83af68
matched_evaluation,budget_constrained_selection,NSGA-II,20,reported_empirical_ref1p1_unclipped,1.1000000000,0,0.1749442952,1,0,1,39,1ebfc714d3d552723d2a5225b54400d2e4f7977ed6f4fee6b099dd83bc83af68
matched_evaluation,budget_constrained_selection,NSGA-II,20,expanded_empirical_ref1p1_unclipped,1.1000000000,0,0.2219254448,0,0,0,39,1ebfc714d3d552723d2a5225b54400d2e4f7977ed6f4fee6b099dd83bc83af68
matched_evaluation,budget_constrained_selection,NSGA-II,20,analytic_ref1p05_unclipped,1.0500000000,0,0.0081412922,0,0,0,39,1ebfc714d3d552723d2a5225b54400d2e4f7977ed6f4fee6b099dd83bc83af68
matched_evaluation,budget_constrained_selection,NSGA-II,20,analytic_ref1p1_unclipped,1.1000000000,0,0.0237282482,0,0,0,39,1ebfc714d3d552723d2a5225b54400d2e4f7977ed6f4fee6b099dd83bc83af68
matched_evaluation,budget_constrained_selection,NSGA-II,20,analytic_ref1p2_unclipped,1.2000000000,0,0.0859842305,0,0,0,39,1ebfc714d3d552723d2a5225b54400d2e4f7977ed6f4fee6b099dd83bc83af68
matched_evaluation,budget_constrained_selection,BiLo-NSGA,21,reported_empirical_ref1p1_clipped,1.1000000000,1,0.1441386958,0,0,0,38,9a76701cfad438e6ea878a2c31254ff4c88425ce61493bf45d8bcbcd577bf520
matched_evaluation,budget_constrained_selection,BiLo-NSGA,21,reported_empirical_ref1p1_unclipped,1.1000000000,0,0.1441386958,0,0,0,38,9a76701cfad438e6ea878a2c31254ff4c88425ce61493bf45d8bcbcd577bf520
matched_evaluation,budget_constrained_selection,BiLo-NSGA,21,expanded_empirical_ref1p1_unclipped,1.1000000000,0,0.1882660056,0,0,0,38,9a76701cfad438e6ea878a2c31254ff4c88425ce61493bf45d8bcbcd577bf520
matched_evaluation,budget_constrained_selection,BiLo-NSGA,21,analytic_ref1p05_unclipped,1.0500000000,0,0.0076071547,0,0,0,38,9a76701cfad438e6ea878a2c31254ff4c88425ce61493bf45d8bcbcd577bf520
matched_evaluation,budget_constrained_selection,BiLo-NSGA,21,analytic_ref1p1_unclipped,1.1000000000,0,0.0222771226,0,0,0,38,9a76701cfad438e6ea878a2c31254ff4c88425ce61493bf45d8bcbcd577bf520
matched_evaluation,budget_constrained_selection,BiLo-NSGA,21,analytic_ref1p2_unclipped,1.2000000000,0,0.0813124092,0,0,0,38,9a76701cfad438e6ea878a2c31254ff4c88425ce61493bf45d8bcbcd577bf520
matched_evaluation,budget_constrained_selection,NSGA-II,21,reported_empirical_ref1p1_clipped,1.1000000000,1,0.1701521773,2,0,2,39,081cb3a09b16b5078c8fb34da30807e1b8f56562d8ebdbe9b4681db54cecb8a9
matched_evaluation,budget_constrained_selection,NSGA-II,21,reported_empirical_ref1p1_unclipped,1.1000000000,0,0.1868618466,2,0,2,39,081cb3a09b16b5078c8fb34da30807e1b8f56562d8ebdbe9b4681db54cecb8a9
matched_evaluation,budget_constrained_selection,NSGA-II,21,expanded_empirical_ref1p1_unclipped,1.1000000000,0,0.2350428250,0,0,0,39,081cb3a09b16b5078c8fb34da30807e1b8f56562d8ebdbe9b4681db54cecb8a9
matched_evaluation,budget_constrained_selection,NSGA-II,21,analytic_ref1p05_unclipped,1.0500000000,0,0.0080875830,0,0,0,39,081cb3a09b16b5078c8fb34da30807e1b8f56562d8ebdbe9b4681db54cecb8a9
matched_evaluation,budget_constrained_selection,NSGA-II,21,analytic_ref1p1_unclipped,1.1000000000,0,0.0237396599,0,0,0,39,081cb3a09b16b5078c8fb34da30807e1b8f56562d8ebdbe9b4681db54cecb8a9
matched_evaluation,budget_constrained_selection,NSGA-II,21,analytic_ref1p2_unclipped,1.2000000000,0,0.0863393268,0,0,0,39,081cb3a09b16b5078c8fb34da30807e1b8f56562d8ebdbe9b4681db54cecb8a9
matched_evaluation,budget_constrained_selection,Pareto Local Search,21,reported_empirical_ref1p1_clipped,1.1000000000,1,0.1035343215,0,0,0,40,f4209e7021880166cce47ce798f2ee46c9f12d2dbd0501bdadc87ec4df2f28a2
matched_evaluation,budget_constrained_selection,Pareto Local Search,21,reported_empirical_ref1p1_unclipped,1.1000000000,0,0.1035343215,0,0,0,40,f4209e7021880166cce47ce798f2ee46c9f12d2dbd0501bdadc87ec4df2f28a2
matched_evaluation,budget_constrained_selection,Pareto Local Search,21,expanded_empirical_ref1p1_unclipped,1.1000000000,0,0.1486725653,0,0,0,40,f4209e7021880166cce47ce798f2ee46c9f12d2dbd0501bdadc87ec4df2f28a2
matched_evaluation,budget_constrained_selection,Pareto Local Search,21,analytic_ref1p05_unclipped,1.0500000000,0,0.0063093044,0,0,0,40,f4209e7021880166cce47ce798f2ee46c9f12d2dbd0501bdadc87ec4df2f28a2
matched_evaluation,budget_constrained_selection,Pareto Local Search,21,analytic_ref1p1_unclipped,1.1000000000,0,0.0193080525,0,0,0,40,f4209e7021880166cce47ce798f2ee46c9f12d2dbd0501bdadc87ec4df2f28a2
matched_evaluation,budget_constrained_selection,Pareto Local Search,21,analytic_ref1p2_unclipped,1.2000000000,0,0.0738088255,0,0,0,40,f4209e7021880166cce47ce798f2ee46c9f12d2dbd0501bdadc87ec4df2f28a2
matched_evaluation,budget_constrained_selection,NSGA-II,22,reported_empirical_ref1p1_clipped,1.1000000000,1,0.1701334578,2,0,2,38,d4ff8338ee77b7f0f88922e6e6330cbb5be980410bb658ed62d53963a4e49401
matched_evaluation,budget_constrained_selection,NSGA-II,22,reported_empirical_ref1p1_unclipped,1.1000000000,0,0.1786002749,2,0,2,38,d4ff8338ee77b7f0f88922e6e6330cbb5be980410bb658ed62d53963a4e49401
matched_evaluation,budget_constrained_selection,NSGA-II,22,expanded_empirical_ref1p1_unclipped,1.1000000000,0,0.2260088251,0,0,0,38,d4ff8338ee77b7f0f88922e6e6330cbb5be980410bb658ed62d53963a4e49401
matched_evaluation,budget_constrained_selection,NSGA-II,22,analytic_ref1p05_unclipped,1.0500000000,0,0.0080812725,0,0,0,38,d4ff8338ee77b7f0f88922e6e6330cbb5be980410bb658ed62d53963a4e49401
matched_evaluation,budget_constrained_selection,NSGA-II,22,analytic_ref1p1_unclipped,1.1000000000,0,0.0235919827,0,0,0,38,d4ff8338ee77b7f0f88922e6e6330cbb5be980410bb658ed62d53963a4e49401
matched_evaluation,budget_constrained_selection,NSGA-II,22,analytic_ref1p2_unclipped,1.2000000000,0,0.0855791239,0,0,0,38,d4ff8338ee77b7f0f88922e6e6330cbb5be980410bb658ed62d53963a4e49401
matched_evaluation,budget_constrained_selection,Pareto Local Search,22,reported_empirical_ref1p1_clipped,1.1000000000,1,0.0965949314,0,0,0,40,1ea76a331a4c6049a0aff5eaca427b71e9ee30a6e01d6781830c583eaef06f80
matched_evaluation,budget_constrained_selection,Pareto Local Search,22,reported_empirical_ref1p1_unclipped,1.1000000000,0,0.0965949314,0,0,0,40,1ea76a331a4c6049a0aff5eaca427b71e9ee30a6e01d6781830c583eaef06f80
matched_evaluation,budget_constrained_selection,Pareto Local Search,22,expanded_empirical_ref1p1_unclipped,1.1000000000,0,0.1414024320,0,0,0,40,1ea76a331a4c6049a0aff5eaca427b71e9ee30a6e01d6781830c583eaef06f80
matched_evaluation,budget_constrained_selection,Pareto Local Search,22,analytic_ref1p05_unclipped,1.0500000000,0,0.0064280889,0,0,0,40,1ea76a331a4c6049a0aff5eaca427b71e9ee30a6e01d6781830c583eaef06f80
matched_evaluation,budget_constrained_selection,Pareto Local Search,22,analytic_ref1p1_unclipped,1.1000000000,0,0.0194536469,0,0,0,40,1ea76a331a4c6049a0aff5eaca427b71e9ee30a6e01d6781830c583eaef06f80
matched_evaluation,budget_constrained_selection,Pareto Local Search,22,analytic_ref1p2_unclipped,1.2000000000,0,0.0735980261,0,0,0,40,1ea76a331a4c6049a0aff5eaca427b71e9ee30a6e01d6781830c583eaef06f80
matched_evaluation,budget_constrained_selection,BiLo-NSGA,22,reported_empirical_ref1p1_clipped,1.1000000000,1,0.1449633996,0,0,0,38,16f7e106d82184f2dff87c046464454431908337eed7b663f1e5afe8d94c57bc
matched_evaluation,budget_constrained_selection,BiLo-NSGA,22,reported_empirical_ref1p1_unclipped,1.1000000000,0,0.1449633996,0,0,0,38,16f7e106d82184f2dff87c046464454431908337eed7b663f1e5afe8d94c57bc
matched_evaluation,budget_constrained_selection,BiLo-NSGA,22,expanded_empirical_ref1p1_unclipped,1.1000000000,0,0.1885131189,0,0,0,38,16f7e106d82184f2dff87c046464454431908337eed7b663f1e5afe8d94c57bc
matched_evaluation,budget_constrained_selection,BiLo-NSGA,22,analytic_ref1p05_unclipped,1.0500000000,0,0.0073322192,0,0,0,38,16f7e106d82184f2dff87c046464454431908337eed7b663f1e5afe8d94c57bc
matched_evaluation,budget_constrained_selection,BiLo-NSGA,22,analytic_ref1p1_unclipped,1.1000000000,0,0.0215441033,0,0,0,38,16f7e106d82184f2dff87c046464454431908337eed7b663f1e5afe8d94c57bc
matched_evaluation,budget_constrained_selection,BiLo-NSGA,22,analytic_ref1p2_unclipped,1.2000000000,0,0.0792440783,0,0,0,38,16f7e106d82184f2dff87c046464454431908337eed7b663f1e5afe8d94c57bc
matched_evaluation,budget_constrained_selection,Pareto Local Search,23,reported_empirical_ref1p1_clipped,1.1000000000,1,0.1186300244,0,0,0,40,d1be10a98ec5e5130675be3de1056dbd92baa178ae831919bdf3bb433cb1e0b9
matched_evaluation,budget_constrained_selection,Pareto Local Search,23,reported_empirical_ref1p1_unclipped,1.1000000000,0,0.1186300244,0,0,0,40,d1be10a98ec5e5130675be3de1056dbd92baa178ae831919bdf3bb433cb1e0b9
matched_evaluation,budget_constrained_selection,Pareto Local Search,23,expanded_empirical_ref1p1_unclipped,1.1000000000,0,0.1631678151,0,0,0,40,d1be10a98ec5e5130675be3de1056dbd92baa178ae831919bdf3bb433cb1e0b9
matched_evaluation,budget_constrained_selection,Pareto Local Search,23,analytic_ref1p05_unclipped,1.0500000000,0,0.0072039218,0,0,0,40,d1be10a98ec5e5130675be3de1056dbd92baa178ae831919bdf3bb433cb1e0b9
matched_evaluation,budget_constrained_selection,Pareto Local Search,23,analytic_ref1p1_unclipped,1.1000000000,0,0.0212551717,0,0,0,40,d1be10a98ec5e5130675be3de1056dbd92baa178ae831919bdf3bb433cb1e0b9
matched_evaluation,budget_constrained_selection,Pareto Local Search,23,analytic_ref1p2_unclipped,1.2000000000,0,0.0785463137,0,0,0,40,d1be10a98ec5e5130675be3de1056dbd92baa178ae831919bdf3bb433cb1e0b9
matched_evaluation,budget_constrained_selection,BiLo-NSGA,23,reported_empirical_ref1p1_clipped,1.1000000000,1,0.1422791830,0,0,0,39,7b80c426d392a9b105d26f7476b41c8a10c7b6d563b9e9c61a8d44205728ebfb
matched_evaluation,budget_constrained_selection,BiLo-NSGA,23,reported_empirical_ref1p1_unclipped,1.1000000000,0,0.1422791830,0,0,0,39,7b80c426d392a9b105d26f7476b41c8a10c7b6d563b9e9c61a8d44205728ebfb
matched_evaluation,budget_constrained_selection,BiLo-NSGA,23,expanded_empirical_ref1p1_unclipped,1.1000000000,0,0.1871649330,0,0,0,39,7b80c426d392a9b105d26f7476b41c8a10c7b6d563b9e9c61a8d44205728ebfb
matched_evaluation,budget_constrained_selection,BiLo-NSGA,23,analytic_ref1p05_unclipped,1.0500000000,0,0.0073072101,0,0,0,39,7b80c426d392a9b105d26f7476b41c8a10c7b6d563b9e9c61a8d44205728ebfb
matched_evaluation,budget_constrained_selection,BiLo-NSGA,23,analytic_ref1p1_unclipped,1.1000000000,0,0.0216825429,0,0,0,39,7b80c426d392a9b105d26f7476b41c8a10c7b6d563b9e9c61a8d44205728ebfb
matched_evaluation,budget_constrained_selection,BiLo-NSGA,23,analytic_ref1p2_unclipped,1.2000000000,0,0.0803467399,0,0,0,39,7b80c426d392a9b105d26f7476b41c8a10c7b6d563b9e9c61a8d44205728ebfb
matched_evaluation,budget_constrained_selection,NSGA-II,23,reported_empirical_ref1p1_clipped,1.1000000000,1,0.1717514140,1,0,1,38,b22e72f58400896223dc5f6754b04d9891e2fb5006ddefee95728fea5fe1b55c
matched_evaluation,budget_constrained_selection,NSGA-II,23,reported_empirical_ref1p1_unclipped,1.1000000000,0,0.1742340137,1,0,1,38,b22e72f58400896223dc5f6754b04d9891e2fb5006ddefee95728fea5fe1b55c
matched_evaluation,budget_constrained_selection,NSGA-II,23,expanded_empirical_ref1p1_unclipped,1.1000000000,0,0.2208621531,0,0,0,38,b22e72f58400896223dc5f6754b04d9891e2fb5006ddefee95728fea5fe1b55c
matched_evaluation,budget_constrained_selection,NSGA-II,23,analytic_ref1p05_unclipped,1.0500000000,0,0.0082062204,0,0,0,38,b22e72f58400896223dc5f6754b04d9891e2fb5006ddefee95728fea5fe1b55c
matched_evaluation,budget_constrained_selection,NSGA-II,23,analytic_ref1p1_unclipped,1.1000000000,0,0.0238243399,0,0,0,38,b22e72f58400896223dc5f6754b04d9891e2fb5006ddefee95728fea5fe1b55c
matched_evaluation,budget_constrained_selection,NSGA-II,23,analytic_ref1p2_unclipped,1.2000000000,0,0.0859783571,0,0,0,38,b22e72f58400896223dc5f6754b04d9891e2fb5006ddefee95728fea5fe1b55c
matched_evaluation,budget_constrained_selection,BiLo-NSGA,24,reported_empirical_ref1p1_clipped,1.1000000000,1,0.1501663598,0,0,0,38,e741c135507dfd34f56f3d10331b01a3e293cf2e2de97fd7b5dfc721b4c9303c
matched_evaluation,budget_constrained_selection,BiLo-NSGA,24,reported_empirical_ref1p1_unclipped,1.1000000000,0,0.1501663598,0,0,0,38,e741c135507dfd34f56f3d10331b01a3e293cf2e2de97fd7b5dfc721b4c9303c
matched_evaluation,budget_constrained_selection,BiLo-NSGA,24,expanded_empirical_ref1p1_unclipped,1.1000000000,0,0.1943203594,0,0,0,38,e741c135507dfd34f56f3d10331b01a3e293cf2e2de97fd7b5dfc721b4c9303c
matched_evaluation,budget_constrained_selection,BiLo-NSGA,24,analytic_ref1p05_unclipped,1.0500000000,0,0.0069489954,0,0,0,38,e741c135507dfd34f56f3d10331b01a3e293cf2e2de97fd7b5dfc721b4c9303c
matched_evaluation,budget_constrained_selection,BiLo-NSGA,24,analytic_ref1p1_unclipped,1.1000000000,0,0.0209412393,0,0,0,38,e741c135507dfd34f56f3d10331b01a3e293cf2e2de97fd7b5dfc721b4c9303c
matched_evaluation,budget_constrained_selection,BiLo-NSGA,24,analytic_ref1p2_unclipped,1.2000000000,0,0.0787053877,0,0,0,38,e741c135507dfd34f56f3d10331b01a3e293cf2e2de97fd7b5dfc721b4c9303c
matched_evaluation,budget_constrained_selection,NSGA-II,24,reported_empirical_ref1p1_clipped,1.1000000000,1,0.1707593262,3,0,3,39,f5be2b838d4b57d521119ab8ce16d2c5cd8204099e85234da5f1b0856b50987a
matched_evaluation,budget_constrained_selection,NSGA-II,24,reported_empirical_ref1p1_unclipped,1.1000000000,0,0.1792553340,3,0,3,39,f5be2b838d4b57d521119ab8ce16d2c5cd8204099e85234da5f1b0856b50987a
matched_evaluation,budget_constrained_selection,NSGA-II,24,expanded_empirical_ref1p1_unclipped,1.1000000000,0,0.2261965040,0,0,0,39,f5be2b838d4b57d521119ab8ce16d2c5cd8204099e85234da5f1b0856b50987a
matched_evaluation,budget_constrained_selection,NSGA-II,24,analytic_ref1p05_unclipped,1.0500000000,0,0.0083524350,0,0,0,39,f5be2b838d4b57d521119ab8ce16d2c5cd8204099e85234da5f1b0856b50987a
matched_evaluation,budget_constrained_selection,NSGA-II,24,analytic_ref1p1_unclipped,1.1000000000,0,0.0242076739,0,0,0,39,f5be2b838d4b57d521119ab8ce16d2c5cd8204099e85234da5f1b0856b50987a
matched_evaluation,budget_constrained_selection,NSGA-II,24,analytic_ref1p2_unclipped,1.2000000000,0,0.0871976612,0,0,0,39,f5be2b838d4b57d521119ab8ce16d2c5cd8204099e85234da5f1b0856b50987a
matched_evaluation,budget_constrained_selection,Pareto Local Search,24,reported_empirical_ref1p1_clipped,1.1000000000,1,0.1048357320,0,0,0,40,5eb305c0e2e61fbbcb468273ac32298cb36d630bd535f98093a1ea2168d3b17a
matched_evaluation,budget_constrained_selection,Pareto Local Search,24,reported_empirical_ref1p1_unclipped,1.1000000000,0,0.1048357320,0,0,0,40,5eb305c0e2e61fbbcb468273ac32298cb36d630bd535f98093a1ea2168d3b17a
matched_evaluation,budget_constrained_selection,Pareto Local Search,24,expanded_empirical_ref1p1_unclipped,1.1000000000,0,0.1494015150,0,0,0,40,5eb305c0e2e61fbbcb468273ac32298cb36d630bd535f98093a1ea2168d3b17a
matched_evaluation,budget_constrained_selection,Pareto Local Search,24,analytic_ref1p05_unclipped,1.0500000000,0,0.0066685120,0,0,0,40,5eb305c0e2e61fbbcb468273ac32298cb36d630bd535f98093a1ea2168d3b17a
matched_evaluation,budget_constrained_selection,Pareto Local Search,24,analytic_ref1p1_unclipped,1.1000000000,0,0.0200171954,0,0,0,40,5eb305c0e2e61fbbcb468273ac32298cb36d630bd535f98093a1ea2168d3b17a
matched_evaluation,budget_constrained_selection,Pareto Local Search,24,analytic_ref1p2_unclipped,1.2000000000,0,0.0751536218,0,0,0,40,5eb305c0e2e61fbbcb468273ac32298cb36d630bd535f98093a1ea2168d3b17a
matched_evaluation,budget_constrained_selection,NSGA-II,25,reported_empirical_ref1p1_clipped,1.1000000000,1,0.1714759877,5,0,5,39,b5b5b165fcf5bca377554b6de822911b7a29325cf9f9ede020a5aeff58a2f08e
matched_evaluation,budget_constrained_selection,NSGA-II,25,reported_empirical_ref1p1_unclipped,1.1000000000,0,0.2086448545,5,0,5,39,b5b5b165fcf5bca377554b6de822911b7a29325cf9f9ede020a5aeff58a2f08e
matched_evaluation,budget_constrained_selection,NSGA-II,25,expanded_empirical_ref1p1_unclipped,1.1000000000,0,0.2566875967,1,0,1,39,b5b5b165fcf5bca377554b6de822911b7a29325cf9f9ede020a5aeff58a2f08e
matched_evaluation,budget_constrained_selection,NSGA-II,25,analytic_ref1p05_unclipped,1.0500000000,0,0.0087959116,0,0,0,39,b5b5b165fcf5bca377554b6de822911b7a29325cf9f9ede020a5aeff58a2f08e
matched_evaluation,budget_constrained_selection,NSGA-II,25,analytic_ref1p1_unclipped,1.1000000000,0,0.0252601683,0,0,0,39,b5b5b165fcf5bca377554b6de822911b7a29325cf9f9ede020a5aeff58a2f08e
matched_evaluation,budget_constrained_selection,NSGA-II,25,analytic_ref1p2_unclipped,1.2000000000,0,0.0901665038,0,0,0,39,b5b5b165fcf5bca377554b6de822911b7a29325cf9f9ede020a5aeff58a2f08e
matched_evaluation,budget_constrained_selection,Pareto Local Search,25,reported_empirical_ref1p1_clipped,1.1000000000,1,0.1023839025,0,0,0,40,284e90d59cf6abec284ac7373a4638982a4129181bdf24ef49830df49d3abd07
matched_evaluation,budget_constrained_selection,Pareto Local Search,25,reported_empirical_ref1p1_unclipped,1.1000000000,0,0.1023839025,0,0,0,40,284e90d59cf6abec284ac7373a4638982a4129181bdf24ef49830df49d3abd07
matched_evaluation,budget_constrained_selection,Pareto Local Search,25,expanded_empirical_ref1p1_unclipped,1.1000000000,0,0.1473207144,0,0,0,40,284e90d59cf6abec284ac7373a4638982a4129181bdf24ef49830df49d3abd07
matched_evaluation,budget_constrained_selection,Pareto Local Search,25,analytic_ref1p05_unclipped,1.0500000000,0,0.0066088492,0,0,0,40,284e90d59cf6abec284ac7373a4638982a4129181bdf24ef49830df49d3abd07
matched_evaluation,budget_constrained_selection,Pareto Local Search,25,analytic_ref1p1_unclipped,1.1000000000,0,0.0199246308,0,0,0,40,284e90d59cf6abec284ac7373a4638982a4129181bdf24ef49830df49d3abd07
matched_evaluation,budget_constrained_selection,Pareto Local Search,25,analytic_ref1p2_unclipped,1.2000000000,0,0.0751987933,0,0,0,40,284e90d59cf6abec284ac7373a4638982a4129181bdf24ef49830df49d3abd07
matched_evaluation,budget_constrained_selection,BiLo-NSGA,25,reported_empirical_ref1p1_clipped,1.1000000000,1,0.1343288680,0,0,0,39,cb0866ed75c646799e29e93dc026471462172f2aa9a170efbee3f19cfa2e17d6
matched_evaluation,budget_constrained_selection,BiLo-NSGA,25,reported_empirical_ref1p1_unclipped,1.1000000000,0,0.1343288680,0,0,0,39,cb0866ed75c646799e29e93dc026471462172f2aa9a170efbee3f19cfa2e17d6
matched_evaluation,budget_constrained_selection,BiLo-NSGA,25,expanded_empirical_ref1p1_unclipped,1.1000000000,0,0.1784629758,0,0,0,39,cb0866ed75c646799e29e93dc026471462172f2aa9a170efbee3f19cfa2e17d6
matched_evaluation,budget_constrained_selection,BiLo-NSGA,25,analytic_ref1p05_unclipped,1.0500000000,0,0.0071343159,0,0,0,39,cb0866ed75c646799e29e93dc026471462172f2aa9a170efbee3f19cfa2e17d6
matched_evaluation,budget_constrained_selection,BiLo-NSGA,25,analytic_ref1p1_unclipped,1.1000000000,0,0.0212863822,0,0,0,39,cb0866ed75c646799e29e93dc026471462172f2aa9a170efbee3f19cfa2e17d6
matched_evaluation,budget_constrained_selection,BiLo-NSGA,25,analytic_ref1p2_unclipped,1.2000000000,0,0.0791586918,0,0,0,39,cb0866ed75c646799e29e93dc026471462172f2aa9a170efbee3f19cfa2e17d6
matched_evaluation,budget_constrained_selection,Pareto Local Search,26,reported_empirical_ref1p1_clipped,1.1000000000,1,0.1016826310,0,0,0,40,a1a9eb2486fdeee4cdea7df95ff165cab2345bbeeff780c615d9eb1d9141ab74
matched_evaluation,budget_constrained_selection,Pareto Local Search,26,reported_empirical_ref1p1_unclipped,1.1000000000,0,0.1016826310,0,0,0,40,a1a9eb2486fdeee4cdea7df95ff165cab2345bbeeff780c615d9eb1d9141ab74
matched_evaluation,budget_constrained_selection,Pareto Local Search,26,expanded_empirical_ref1p1_unclipped,1.1000000000,0,0.1466372770,0,0,0,40,a1a9eb2486fdeee4cdea7df95ff165cab2345bbeeff780c615d9eb1d9141ab74
matched_evaluation,budget_constrained_selection,Pareto Local Search,26,analytic_ref1p05_unclipped,1.0500000000,0,0.0065380653,0,0,0,40,a1a9eb2486fdeee4cdea7df95ff165cab2345bbeeff780c615d9eb1d9141ab74
matched_evaluation,budget_constrained_selection,Pareto Local Search,26,analytic_ref1p1_unclipped,1.1000000000,0,0.0197470132,0,0,0,40,a1a9eb2486fdeee4cdea7df95ff165cab2345bbeeff780c615d9eb1d9141ab74
matched_evaluation,budget_constrained_selection,Pareto Local Search,26,analytic_ref1p2_unclipped,1.2000000000,0,0.0745327338,0,0,0,40,a1a9eb2486fdeee4cdea7df95ff165cab2345bbeeff780c615d9eb1d9141ab74
matched_evaluation,budget_constrained_selection,BiLo-NSGA,26,reported_empirical_ref1p1_clipped,1.1000000000,1,0.1627073612,0,0,0,39,19aaad9e0d6f6ab6eef1204f6e8c184c50b87179e708f5192f58b273fcd0e80f
matched_evaluation,budget_constrained_selection,BiLo-NSGA,26,reported_empirical_ref1p1_unclipped,1.1000000000,0,0.1627073612,0,0,0,39,19aaad9e0d6f6ab6eef1204f6e8c184c50b87179e708f5192f58b273fcd0e80f
matched_evaluation,budget_constrained_selection,BiLo-NSGA,26,expanded_empirical_ref1p1_unclipped,1.1000000000,0,0.2081819817,0,0,0,39,19aaad9e0d6f6ab6eef1204f6e8c184c50b87179e708f5192f58b273fcd0e80f
matched_evaluation,budget_constrained_selection,BiLo-NSGA,26,analytic_ref1p05_unclipped,1.0500000000,0,0.0076042943,0,0,0,39,19aaad9e0d6f6ab6eef1204f6e8c184c50b87179e708f5192f58b273fcd0e80f
matched_evaluation,budget_constrained_selection,BiLo-NSGA,26,analytic_ref1p1_unclipped,1.1000000000,0,0.0223508945,0,0,0,39,19aaad9e0d6f6ab6eef1204f6e8c184c50b87179e708f5192f58b273fcd0e80f
matched_evaluation,budget_constrained_selection,BiLo-NSGA,26,analytic_ref1p2_unclipped,1.2000000000,0,0.0820635099,0,0,0,39,19aaad9e0d6f6ab6eef1204f6e8c184c50b87179e708f5192f58b273fcd0e80f
matched_evaluation,budget_constrained_selection,NSGA-II,26,reported_empirical_ref1p1_clipped,1.1000000000,1,0.1691026247,2,0,2,38,d569db6581d9117fbb5293364983423cc3bd51c47c2ef4307da8bb81a19fc5a5
matched_evaluation,budget_constrained_selection,NSGA-II,26,reported_empirical_ref1p1_unclipped,1.1000000000,0,0.1727210892,2,0,2,38,d569db6581d9117fbb5293364983423cc3bd51c47c2ef4307da8bb81a19fc5a5
matched_evaluation,budget_constrained_selection,NSGA-II,26,expanded_empirical_ref1p1_unclipped,1.1000000000,0,0.2202771941,0,0,0,38,d569db6581d9117fbb5293364983423cc3bd51c47c2ef4307da8bb81a19fc5a5
matched_evaluation,budget_constrained_selection,NSGA-II,26,analytic_ref1p05_unclipped,1.0500000000,0,0.0074942289,0,0,0,38,d569db6581d9117fbb5293364983423cc3bd51c47c2ef4307da8bb81a19fc5a5
matched_evaluation,budget_constrained_selection,NSGA-II,26,analytic_ref1p1_unclipped,1.1000000000,0,0.0223203592,0,0,0,38,d569db6581d9117fbb5293364983423cc3bd51c47c2ef4307da8bb81a19fc5a5
matched_evaluation,budget_constrained_selection,NSGA-II,26,analytic_ref1p2_unclipped,1.2000000000,0,0.0824956117,0,0,0,38,d569db6581d9117fbb5293364983423cc3bd51c47c2ef4307da8bb81a19fc5a5
matched_evaluation,budget_constrained_selection,BiLo-NSGA,27,reported_empirical_ref1p1_clipped,1.1000000000,1,0.1326444045,0,0,0,38,251b33cb4ba5afd0f7300f8de136761a5fc409a84e7457d243e113690699180c
matched_evaluation,budget_constrained_selection,BiLo-NSGA,27,reported_empirical_ref1p1_unclipped,1.1000000000,0,0.1326444045,0,0,0,38,251b33cb4ba5afd0f7300f8de136761a5fc409a84e7457d243e113690699180c
matched_evaluation,budget_constrained_selection,BiLo-NSGA,27,expanded_empirical_ref1p1_unclipped,1.1000000000,0,0.1774081961,0,0,0,38,251b33cb4ba5afd0f7300f8de136761a5fc409a84e7457d243e113690699180c
matched_evaluation,budget_constrained_selection,BiLo-NSGA,27,analytic_ref1p05_unclipped,1.0500000000,0,0.0067836635,0,0,0,38,251b33cb4ba5afd0f7300f8de136761a5fc409a84e7457d243e113690699180c
matched_evaluation,budget_constrained_selection,BiLo-NSGA,27,analytic_ref1p1_unclipped,1.1000000000,0,0.0205066029,0,0,0,38,251b33cb4ba5afd0f7300f8de136761a5fc409a84e7457d243e113690699180c
matched_evaluation,budget_constrained_selection,BiLo-NSGA,27,analytic_ref1p2_unclipped,1.2000000000,0,0.0773580928,0,0,0,38,251b33cb4ba5afd0f7300f8de136761a5fc409a84e7457d243e113690699180c
matched_evaluation,budget_constrained_selection,NSGA-II,27,reported_empirical_ref1p1_clipped,1.1000000000,1,0.1700281548,4,0,4,39,82d46e649f432fb6c8fb79aa39db9a8e0a6818c8e57686271fa0d78cde9613ad
matched_evaluation,budget_constrained_selection,NSGA-II,27,reported_empirical_ref1p1_unclipped,1.1000000000,0,0.1888784909,4,0,4,39,82d46e649f432fb6c8fb79aa39db9a8e0a6818c8e57686271fa0d78cde9613ad
matched_evaluation,budget_constrained_selection,NSGA-II,27,expanded_empirical_ref1p1_unclipped,1.1000000000,0,0.2368327848,0,0,0,39,82d46e649f432fb6c8fb79aa39db9a8e0a6818c8e57686271fa0d78cde9613ad
matched_evaluation,budget_constrained_selection,NSGA-II,27,analytic_ref1p05_unclipped,1.0500000000,0,0.0082037287,0,0,0,39,82d46e649f432fb6c8fb79aa39db9a8e0a6818c8e57686271fa0d78cde9613ad
matched_evaluation,budget_constrained_selection,NSGA-II,27,analytic_ref1p1_unclipped,1.1000000000,0,0.0238612049,0,0,0,39,82d46e649f432fb6c8fb79aa39db9a8e0a6818c8e57686271fa0d78cde9613ad
matched_evaluation,budget_constrained_selection,NSGA-II,27,analytic_ref1p2_unclipped,1.2000000000,0,0.0862689532,0,0,0,39,82d46e649f432fb6c8fb79aa39db9a8e0a6818c8e57686271fa0d78cde9613ad
matched_evaluation,budget_constrained_selection,Pareto Local Search,27,reported_empirical_ref1p1_clipped,1.1000000000,1,0.1079984988,0,0,0,40,617d286f4dd374d04350a1e8133978cbd7f6bf40c8659174d2669ec9e702414a
matched_evaluation,budget_constrained_selection,Pareto Local Search,27,reported_empirical_ref1p1_unclipped,1.1000000000,0,0.1079984988,0,0,0,40,617d286f4dd374d04350a1e8133978cbd7f6bf40c8659174d2669ec9e702414a
matched_evaluation,budget_constrained_selection,Pareto Local Search,27,expanded_empirical_ref1p1_unclipped,1.1000000000,0,0.1525573969,0,0,0,40,617d286f4dd374d04350a1e8133978cbd7f6bf40c8659174d2669ec9e702414a
matched_evaluation,budget_constrained_selection,Pareto Local Search,27,analytic_ref1p05_unclipped,1.0500000000,0,0.0067855935,0,0,0,40,617d286f4dd374d04350a1e8133978cbd7f6bf40c8659174d2669ec9e702414a
matched_evaluation,budget_constrained_selection,Pareto Local Search,27,analytic_ref1p1_unclipped,1.1000000000,0,0.0203128644,0,0,0,40,617d286f4dd374d04350a1e8133978cbd7f6bf40c8659174d2669ec9e702414a
matched_evaluation,budget_constrained_selection,Pareto Local Search,27,analytic_ref1p2_unclipped,1.2000000000,0,0.0760049329,0,0,0,40,617d286f4dd374d04350a1e8133978cbd7f6bf40c8659174d2669ec9e702414a
matched_evaluation,budget_constrained_selection,NSGA-II,28,reported_empirical_ref1p1_clipped,1.1000000000,1,0.1676269443,0,0,0,38,d8ef28f616a6d3e32f49ad80f66a63d7aa68a497942d52aaa803c2bbb85bf1d9
matched_evaluation,budget_constrained_selection,NSGA-II,28,reported_empirical_ref1p1_unclipped,1.1000000000,0,0.1676269443,0,0,0,38,d8ef28f616a6d3e32f49ad80f66a63d7aa68a497942d52aaa803c2bbb85bf1d9
matched_evaluation,budget_constrained_selection,NSGA-II,28,expanded_empirical_ref1p1_unclipped,1.1000000000,0,0.2145167245,0,0,0,38,d8ef28f616a6d3e32f49ad80f66a63d7aa68a497942d52aaa803c2bbb85bf1d9
matched_evaluation,budget_constrained_selection,NSGA-II,28,analytic_ref1p05_unclipped,1.0500000000,0,0.0081771997,0,0,0,38,d8ef28f616a6d3e32f49ad80f66a63d7aa68a497942d52aaa803c2bbb85bf1d9
matched_evaluation,budget_constrained_selection,NSGA-II,28,analytic_ref1p1_unclipped,1.1000000000,0,0.0237520351,0,0,0,38,d8ef28f616a6d3e32f49ad80f66a63d7aa68a497942d52aaa803c2bbb85bf1d9
matched_evaluation,budget_constrained_selection,NSGA-II,28,analytic_ref1p2_unclipped,1.2000000000,0,0.0857847563,0,0,0,38,d8ef28f616a6d3e32f49ad80f66a63d7aa68a497942d52aaa803c2bbb85bf1d9
matched_evaluation,budget_constrained_selection,Pareto Local Search,28,reported_empirical_ref1p1_clipped,1.1000000000,1,0.1048859303,0,0,0,40,6dd49a1e5c3ef9c4984ce481cbccb3d7b7365e27ab32a9e023ac3328579f4718
matched_evaluation,budget_constrained_selection,Pareto Local Search,28,reported_empirical_ref1p1_unclipped,1.1000000000,0,0.1048859303,0,0,0,40,6dd49a1e5c3ef9c4984ce481cbccb3d7b7365e27ab32a9e023ac3328579f4718
matched_evaluation,budget_constrained_selection,Pareto Local Search,28,expanded_empirical_ref1p1_unclipped,1.1000000000,0,0.1496647417,0,0,0,40,6dd49a1e5c3ef9c4984ce481cbccb3d7b7365e27ab32a9e023ac3328579f4718
matched_evaluation,budget_constrained_selection,Pareto Local Search,28,analytic_ref1p05_unclipped,1.0500000000,0,0.0062303633,0,0,0,40,6dd49a1e5c3ef9c4984ce481cbccb3d7b7365e27ab32a9e023ac3328579f4718
matched_evaluation,budget_constrained_selection,Pareto Local Search,28,analytic_ref1p1_unclipped,1.1000000000,0,0.0191410682,0,0,0,40,6dd49a1e5c3ef9c4984ce481cbccb3d7b7365e27ab32a9e023ac3328579f4718
matched_evaluation,budget_constrained_selection,Pareto Local Search,28,analytic_ref1p2_unclipped,1.2000000000,0,0.0734549082,0,0,0,40,6dd49a1e5c3ef9c4984ce481cbccb3d7b7365e27ab32a9e023ac3328579f4718
matched_evaluation,budget_constrained_selection,BiLo-NSGA,28,reported_empirical_ref1p1_clipped,1.1000000000,1,0.1621118571,0,0,0,38,ed1732b1eca2dbb597921912d05367ab68e59eef6b8bb80a8c46e6338127c037
matched_evaluation,budget_constrained_selection,BiLo-NSGA,28,reported_empirical_ref1p1_unclipped,1.1000000000,0,0.1621118571,0,0,0,38,ed1732b1eca2dbb597921912d05367ab68e59eef6b8bb80a8c46e6338127c037
matched_evaluation,budget_constrained_selection,BiLo-NSGA,28,expanded_empirical_ref1p1_unclipped,1.1000000000,0,0.2067325217,0,0,0,38,ed1732b1eca2dbb597921912d05367ab68e59eef6b8bb80a8c46e6338127c037
matched_evaluation,budget_constrained_selection,BiLo-NSGA,28,analytic_ref1p05_unclipped,1.0500000000,0,0.0080053374,0,0,0,38,ed1732b1eca2dbb597921912d05367ab68e59eef6b8bb80a8c46e6338127c037
matched_evaluation,budget_constrained_selection,BiLo-NSGA,28,analytic_ref1p1_unclipped,1.1000000000,0,0.0230607574,0,0,0,38,ed1732b1eca2dbb597921912d05367ab68e59eef6b8bb80a8c46e6338127c037
matched_evaluation,budget_constrained_selection,BiLo-NSGA,28,analytic_ref1p2_unclipped,1.2000000000,0,0.0832100558,0,0,0,38,ed1732b1eca2dbb597921912d05367ab68e59eef6b8bb80a8c46e6338127c037
matched_evaluation,budget_constrained_selection,Pareto Local Search,29,reported_empirical_ref1p1_clipped,1.1000000000,1,0.1095738414,0,0,0,40,74eeb68ba6fd4f925a2d052127af5eed082f9880c272fbb7136396443bbcdba6
matched_evaluation,budget_constrained_selection,Pareto Local Search,29,reported_empirical_ref1p1_unclipped,1.1000000000,0,0.1095738414,0,0,0,40,74eeb68ba6fd4f925a2d052127af5eed082f9880c272fbb7136396443bbcdba6
matched_evaluation,budget_constrained_selection,Pareto Local Search,29,expanded_empirical_ref1p1_unclipped,1.1000000000,0,0.1542859886,0,0,0,40,74eeb68ba6fd4f925a2d052127af5eed082f9880c272fbb7136396443bbcdba6
matched_evaluation,budget_constrained_selection,Pareto Local Search,29,analytic_ref1p05_unclipped,1.0500000000,0,0.0065586989,0,0,0,40,74eeb68ba6fd4f925a2d052127af5eed082f9880c272fbb7136396443bbcdba6
matched_evaluation,budget_constrained_selection,Pareto Local Search,29,analytic_ref1p1_unclipped,1.1000000000,0,0.0198601826,0,0,0,40,74eeb68ba6fd4f925a2d052127af5eed082f9880c272fbb7136396443bbcdba6
matched_evaluation,budget_constrained_selection,Pareto Local Search,29,analytic_ref1p2_unclipped,1.2000000000,0,0.0751825250,0,0,0,40,74eeb68ba6fd4f925a2d052127af5eed082f9880c272fbb7136396443bbcdba6
matched_evaluation,budget_constrained_selection,BiLo-NSGA,29,reported_empirical_ref1p1_clipped,1.1000000000,1,0.1470081781,0,0,0,39,929247383dd78839826a8f75e18e53764ee007248cd937099927c9fdfd433d32
matched_evaluation,budget_constrained_selection,BiLo-NSGA,29,reported_empirical_ref1p1_unclipped,1.1000000000,0,0.1470081781,0,0,0,39,929247383dd78839826a8f75e18e53764ee007248cd937099927c9fdfd433d32
matched_evaluation,budget_constrained_selection,BiLo-NSGA,29,expanded_empirical_ref1p1_unclipped,1.1000000000,0,0.1901591803,0,0,0,39,929247383dd78839826a8f75e18e53764ee007248cd937099927c9fdfd433d32
matched_evaluation,budget_constrained_selection,BiLo-NSGA,29,analytic_ref1p05_unclipped,1.0500000000,0,0.0070470587,0,0,0,39,929247383dd78839826a8f75e18e53764ee007248cd937099927c9fdfd433d32
matched_evaluation,budget_constrained_selection,BiLo-NSGA,29,analytic_ref1p1_unclipped,1.1000000000,0,0.0209829754,0,0,0,39,929247383dd78839826a8f75e18e53764ee007248cd937099927c9fdfd433d32
matched_evaluation,budget_constrained_selection,BiLo-NSGA,29,analytic_ref1p2_unclipped,1.2000000000,0,0.0781599009,0,0,0,39,929247383dd78839826a8f75e18e53764ee007248cd937099927c9fdfd433d32
matched_evaluation,budget_constrained_selection,NSGA-II,29,reported_empirical_ref1p1_clipped,1.1000000000,1,0.1712022184,2,0,2,39,de4cfe119ace83ffce0ce1b16ed447043dc14d2fd84571fac5f6c129556a2d69
matched_evaluation,budget_constrained_selection,NSGA-II,29,reported_empirical_ref1p1_unclipped,1.1000000000,0,0.1956429759,2,0,2,39,de4cfe119ace83ffce0ce1b16ed447043dc14d2fd84571fac5f6c129556a2d69
matched_evaluation,budget_constrained_selection,NSGA-II,29,expanded_empirical_ref1p1_unclipped,1.1000000000,0,0.2432679766,0,0,0,39,de4cfe119ace83ffce0ce1b16ed447043dc14d2fd84571fac5f6c129556a2d69
matched_evaluation,budget_constrained_selection,NSGA-II,29,analytic_ref1p05_unclipped,1.0500000000,0,0.0086354383,0,0,0,39,de4cfe119ace83ffce0ce1b16ed447043dc14d2fd84571fac5f6c129556a2d69
matched_evaluation,budget_constrained_selection,NSGA-II,29,analytic_ref1p1_unclipped,1.1000000000,0,0.0249009029,0,0,0,39,de4cfe119ace83ffce0ce1b16ed447043dc14d2fd84571fac5f6c129556a2d69
matched_evaluation,budget_constrained_selection,NSGA-II,29,analytic_ref1p2_unclipped,1.2000000000,0,0.0891027382,0,0,0,39,de4cfe119ace83ffce0ce1b16ed447043dc14d2fd84571fac5f6c129556a2d69
matched_evaluation,reliability_prioritized_review,BiLo-NSGA,0,reported_empirical_ref1p1_clipped,1.1000000000,1,0.1705758712,0,0,0,39,932a7bd4a8b5af086567d4b5ae93a5ff914a94130ba5853d865b9e7f16c8deaf
matched_evaluation,reliability_prioritized_review,BiLo-NSGA,0,reported_empirical_ref1p1_unclipped,1.1000000000,0,0.1705758712,0,0,0,39,932a7bd4a8b5af086567d4b5ae93a5ff914a94130ba5853d865b9e7f16c8deaf
matched_evaluation,reliability_prioritized_review,BiLo-NSGA,0,expanded_empirical_ref1p1_unclipped,1.1000000000,0,0.2164361727,0,0,0,39,932a7bd4a8b5af086567d4b5ae93a5ff914a94130ba5853d865b9e7f16c8deaf
matched_evaluation,reliability_prioritized_review,BiLo-NSGA,0,analytic_ref1p05_unclipped,1.0500000000,0,0.0093022887,0,0,0,39,932a7bd4a8b5af086567d4b5ae93a5ff914a94130ba5853d865b9e7f16c8deaf
matched_evaluation,reliability_prioritized_review,BiLo-NSGA,0,analytic_ref1p1_unclipped,1.1000000000,0,0.0262253472,0,0,0,39,932a7bd4a8b5af086567d4b5ae93a5ff914a94130ba5853d865b9e7f16c8deaf
matched_evaluation,reliability_prioritized_review,BiLo-NSGA,0,analytic_ref1p2_unclipped,1.2000000000,0,0.0918267715,0,0,0,39,932a7bd4a8b5af086567d4b5ae93a5ff914a94130ba5853d865b9e7f16c8deaf
matched_evaluation,reliability_prioritized_review,NSGA-II,0,reported_empirical_ref1p1_clipped,1.1000000000,1,0.1691170274,7,0,7,38,5d771527fa1fd234e4f12017aa214eac2cc0d1f8c5657e54466f8d02fc077721
matched_evaluation,reliability_prioritized_review,NSGA-II,0,reported_empirical_ref1p1_unclipped,1.1000000000,0,0.2294287701,7,0,7,38,5d771527fa1fd234e4f12017aa214eac2cc0d1f8c5657e54466f8d02fc077721
matched_evaluation,reliability_prioritized_review,NSGA-II,0,expanded_empirical_ref1p1_unclipped,1.1000000000,0,0.2782417850,3,0,3,38,5d771527fa1fd234e4f12017aa214eac2cc0d1f8c5657e54466f8d02fc077721
matched_evaluation,reliability_prioritized_review,NSGA-II,0,analytic_ref1p05_unclipped,1.0500000000,0,0.0102049990,0,0,0,38,5d771527fa1fd234e4f12017aa214eac2cc0d1f8c5657e54466f8d02fc077721
matched_evaluation,reliability_prioritized_review,NSGA-II,0,analytic_ref1p1_unclipped,1.1000000000,0,0.0286215516,0,0,0,38,5d771527fa1fd234e4f12017aa214eac2cc0d1f8c5657e54466f8d02fc077721
matched_evaluation,reliability_prioritized_review,NSGA-II,0,analytic_ref1p2_unclipped,1.2000000000,0,0.0992213055,0,0,0,38,5d771527fa1fd234e4f12017aa214eac2cc0d1f8c5657e54466f8d02fc077721
matched_evaluation,reliability_prioritized_review,Pareto Local Search,0,reported_empirical_ref1p1_clipped,1.1000000000,1,0.1186930595,0,0,0,40,abbb2a247e2bab18b541be6b0cee8251eb344e6c67f218834603a11712ad7160
matched_evaluation,reliability_prioritized_review,Pareto Local Search,0,reported_empirical_ref1p1_unclipped,1.1000000000,0,0.1186930595,0,0,0,40,abbb2a247e2bab18b541be6b0cee8251eb344e6c67f218834603a11712ad7160
matched_evaluation,reliability_prioritized_review,Pareto Local Search,0,expanded_empirical_ref1p1_unclipped,1.1000000000,0,0.1645026481,0,0,0,40,abbb2a247e2bab18b541be6b0cee8251eb344e6c67f218834603a11712ad7160
matched_evaluation,reliability_prioritized_review,Pareto Local Search,0,analytic_ref1p05_unclipped,1.0500000000,0,0.0077144207,0,0,0,40,abbb2a247e2bab18b541be6b0cee8251eb344e6c67f218834603a11712ad7160
matched_evaluation,reliability_prioritized_review,Pareto Local Search,0,analytic_ref1p1_unclipped,1.1000000000,0,0.0225209012,0,0,0,40,abbb2a247e2bab18b541be6b0cee8251eb344e6c67f218834603a11712ad7160
matched_evaluation,reliability_prioritized_review,Pareto Local Search,0,analytic_ref1p2_unclipped,1.2000000000,0,0.0819284837,0,0,0,40,abbb2a247e2bab18b541be6b0cee8251eb344e6c67f218834603a11712ad7160
matched_evaluation,reliability_prioritized_review,NSGA-II,1,reported_empirical_ref1p1_clipped,1.1000000000,1,0.1700827322,1,0,1,37,1bd6e3ee4651a93319689f1da228fdf3f500f36e5a0ee47e1551f27b8c6fc635
matched_evaluation,reliability_prioritized_review,NSGA-II,1,reported_empirical_ref1p1_unclipped,1.1000000000,0,0.1836065384,1,0,1,37,1bd6e3ee4651a93319689f1da228fdf3f500f36e5a0ee47e1551f27b8c6fc635
matched_evaluation,reliability_prioritized_review,NSGA-II,1,expanded_empirical_ref1p1_unclipped,1.1000000000,0,0.2310520057,0,0,0,37,1bd6e3ee4651a93319689f1da228fdf3f500f36e5a0ee47e1551f27b8c6fc635
matched_evaluation,reliability_prioritized_review,NSGA-II,1,analytic_ref1p05_unclipped,1.0500000000,0,0.0091486652,0,0,0,37,1bd6e3ee4651a93319689f1da228fdf3f500f36e5a0ee47e1551f27b8c6fc635
matched_evaluation,reliability_prioritized_review,NSGA-II,1,analytic_ref1p1_unclipped,1.1000000000,0,0.0261040899,0,0,0,37,1bd6e3ee4651a93319689f1da228fdf3f500f36e5a0ee47e1551f27b8c6fc635
matched_evaluation,reliability_prioritized_review,NSGA-II,1,analytic_ref1p2_unclipped,1.2000000000,0,0.0922315699,0,0,0,37,1bd6e3ee4651a93319689f1da228fdf3f500f36e5a0ee47e1551f27b8c6fc635
matched_evaluation,reliability_prioritized_review,Pareto Local Search,1,reported_empirical_ref1p1_clipped,1.1000000000,1,0.1039973644,0,0,0,40,b0362c4deb53599503d879671debd09482b2cebe9c8c4248aa8e927524424711
matched_evaluation,reliability_prioritized_review,Pareto Local Search,1,reported_empirical_ref1p1_unclipped,1.1000000000,0,0.1039973644,0,0,0,40,b0362c4deb53599503d879671debd09482b2cebe9c8c4248aa8e927524424711
matched_evaluation,reliability_prioritized_review,Pareto Local Search,1,expanded_empirical_ref1p1_unclipped,1.1000000000,0,0.1500031918,0,0,0,40,b0362c4deb53599503d879671debd09482b2cebe9c8c4248aa8e927524424711
matched_evaluation,reliability_prioritized_review,Pareto Local Search,1,analytic_ref1p05_unclipped,1.0500000000,0,0.0069962887,0,0,0,40,b0362c4deb53599503d879671debd09482b2cebe9c8c4248aa8e927524424711
matched_evaluation,reliability_prioritized_review,Pareto Local Search,1,analytic_ref1p1_unclipped,1.1000000000,0,0.0209754063,0,0,0,40,b0362c4deb53599503d879671debd09482b2cebe9c8c4248aa8e927524424711
matched_evaluation,reliability_prioritized_review,Pareto Local Search,1,analytic_ref1p2_unclipped,1.2000000000,0,0.0782246228,0,0,0,40,b0362c4deb53599503d879671debd09482b2cebe9c8c4248aa8e927524424711
matched_evaluation,reliability_prioritized_review,BiLo-NSGA,1,reported_empirical_ref1p1_clipped,1.1000000000,1,0.1497386186,0,0,0,39,4f2d6137e9ea84eb973b5d6e2228ef7c8e7cc784422b69e2e8ee0ce2f2ab71fe
matched_evaluation,reliability_prioritized_review,BiLo-NSGA,1,reported_empirical_ref1p1_unclipped,1.1000000000,0,0.1497386186,0,0,0,39,4f2d6137e9ea84eb973b5d6e2228ef7c8e7cc784422b69e2e8ee0ce2f2ab71fe
matched_evaluation,reliability_prioritized_review,BiLo-NSGA,1,expanded_empirical_ref1p1_unclipped,1.1000000000,0,0.1951400395,0,0,0,39,4f2d6137e9ea84eb973b5d6e2228ef7c8e7cc784422b69e2e8ee0ce2f2ab71fe
matched_evaluation,reliability_prioritized_review,BiLo-NSGA,1,analytic_ref1p05_unclipped,1.0500000000,0,0.0082666613,0,0,0,39,4f2d6137e9ea84eb973b5d6e2228ef7c8e7cc784422b69e2e8ee0ce2f2ab71fe
matched_evaluation,reliability_prioritized_review,BiLo-NSGA,1,analytic_ref1p1_unclipped,1.1000000000,0,0.0239115539,0,0,0,39,4f2d6137e9ea84eb973b5d6e2228ef7c8e7cc784422b69e2e8ee0ce2f2ab71fe
matched_evaluation,reliability_prioritized_review,BiLo-NSGA,1,analytic_ref1p2_unclipped,1.2000000000,0,0.0860474847,0,0,0,39,4f2d6137e9ea84eb973b5d6e2228ef7c8e7cc784422b69e2e8ee0ce2f2ab71fe
matched_evaluation,reliability_prioritized_review,Pareto Local Search,2,reported_empirical_ref1p1_clipped,1.1000000000,1,0.1008204802,0,0,0,40,3327252ba22aa669ced8c2611641358ca4878271540641450dfa271190dafc99
matched_evaluation,reliability_prioritized_review,Pareto Local Search,2,reported_empirical_ref1p1_unclipped,1.1000000000,0,0.1008204802,0,0,0,40,3327252ba22aa669ced8c2611641358ca4878271540641450dfa271190dafc99
matched_evaluation,reliability_prioritized_review,Pareto Local Search,2,expanded_empirical_ref1p1_unclipped,1.1000000000,0,0.1471960158,0,0,0,40,3327252ba22aa669ced8c2611641358ca4878271540641450dfa271190dafc99
matched_evaluation,reliability_prioritized_review,Pareto Local Search,2,analytic_ref1p05_unclipped,1.0500000000,0,0.0069988117,0,0,0,40,3327252ba22aa669ced8c2611641358ca4878271540641450dfa271190dafc99
matched_evaluation,reliability_prioritized_review,Pareto Local Search,2,analytic_ref1p1_unclipped,1.1000000000,0,0.0209804266,0,0,0,40,3327252ba22aa669ced8c2611641358ca4878271540641450dfa271190dafc99
matched_evaluation,reliability_prioritized_review,Pareto Local Search,2,analytic_ref1p2_unclipped,1.2000000000,0,0.0781927468,0,0,0,40,3327252ba22aa669ced8c2611641358ca4878271540641450dfa271190dafc99
matched_evaluation,reliability_prioritized_review,BiLo-NSGA,2,reported_empirical_ref1p1_clipped,1.1000000000,1,0.1652597710,0,0,0,39,44b958c1cfcc654585e95b419e9c7c0bfcc1e0f9c9700893758b6c41f94f77be
matched_evaluation,reliability_prioritized_review,BiLo-NSGA,2,reported_empirical_ref1p1_unclipped,1.1000000000,0,0.1652597710,0,0,0,39,44b958c1cfcc654585e95b419e9c7c0bfcc1e0f9c9700893758b6c41f94f77be
matched_evaluation,reliability_prioritized_review,BiLo-NSGA,2,expanded_empirical_ref1p1_unclipped,1.1000000000,0,0.2106068889,0,0,0,39,44b958c1cfcc654585e95b419e9c7c0bfcc1e0f9c9700893758b6c41f94f77be
matched_evaluation,reliability_prioritized_review,BiLo-NSGA,2,analytic_ref1p05_unclipped,1.0500000000,0,0.0090730402,0,0,0,39,44b958c1cfcc654585e95b419e9c7c0bfcc1e0f9c9700893758b6c41f94f77be
matched_evaluation,reliability_prioritized_review,BiLo-NSGA,2,analytic_ref1p1_unclipped,1.1000000000,0,0.0257268746,0,0,0,39,44b958c1cfcc654585e95b419e9c7c0bfcc1e0f9c9700893758b6c41f94f77be
matched_evaluation,reliability_prioritized_review,BiLo-NSGA,2,analytic_ref1p2_unclipped,1.2000000000,0,0.0905665780,0,0,0,39,44b958c1cfcc654585e95b419e9c7c0bfcc1e0f9c9700893758b6c41f94f77be
matched_evaluation,reliability_prioritized_review,NSGA-II,2,reported_empirical_ref1p1_clipped,1.1000000000,1,0.1700514134,6,0,6,39,9b888470b5f40435dab5801801cc1c318102b6cf80e8194d3410c49123c16e64
matched_evaluation,reliability_prioritized_review,NSGA-II,2,reported_empirical_ref1p1_unclipped,1.1000000000,0,0.2140292251,6,0,6,39,9b888470b5f40435dab5801801cc1c318102b6cf80e8194d3410c49123c16e64
matched_evaluation,reliability_prioritized_review,NSGA-II,2,expanded_empirical_ref1p1_unclipped,1.1000000000,0,0.2630021505,2,0,2,39,9b888470b5f40435dab5801801cc1c318102b6cf80e8194d3410c49123c16e64
matched_evaluation,reliability_prioritized_review,NSGA-II,2,analytic_ref1p05_unclipped,1.0500000000,0,0.0102196538,0,0,0,39,9b888470b5f40435dab5801801cc1c318102b6cf80e8194d3410c49123c16e64
matched_evaluation,reliability_prioritized_review,NSGA-II,2,analytic_ref1p1_unclipped,1.1000000000,0,0.0286252576,0,0,0,39,9b888470b5f40435dab5801801cc1c318102b6cf80e8194d3410c49123c16e64
matched_evaluation,reliability_prioritized_review,NSGA-II,2,analytic_ref1p2_unclipped,1.2000000000,0,0.0988874797,0,0,0,39,9b888470b5f40435dab5801801cc1c318102b6cf80e8194d3410c49123c16e64
matched_evaluation,reliability_prioritized_review,BiLo-NSGA,3,reported_empirical_ref1p1_clipped,1.1000000000,1,0.1496759864,0,0,0,38,0b779f5227abc449b092ed8f55251c4b01073bb6c6180972650921aba7859032
matched_evaluation,reliability_prioritized_review,BiLo-NSGA,3,reported_empirical_ref1p1_unclipped,1.1000000000,0,0.1496759864,0,0,0,38,0b779f5227abc449b092ed8f55251c4b01073bb6c6180972650921aba7859032
matched_evaluation,reliability_prioritized_review,BiLo-NSGA,3,expanded_empirical_ref1p1_unclipped,1.1000000000,0,0.1952145352,0,0,0,38,0b779f5227abc449b092ed8f55251c4b01073bb6c6180972650921aba7859032
matched_evaluation,reliability_prioritized_review,BiLo-NSGA,3,analytic_ref1p05_unclipped,1.0500000000,0,0.0085405087,0,0,0,38,0b779f5227abc449b092ed8f55251c4b01073bb6c6180972650921aba7859032
matched_evaluation,reliability_prioritized_review,BiLo-NSGA,3,analytic_ref1p1_unclipped,1.1000000000,0,0.0244775342,0,0,0,38,0b779f5227abc449b092ed8f55251c4b01073bb6c6180972650921aba7859032
matched_evaluation,reliability_prioritized_review,BiLo-NSGA,3,analytic_ref1p2_unclipped,1.2000000000,0,0.0871327697,0,0,0,38,0b779f5227abc449b092ed8f55251c4b01073bb6c6180972650921aba7859032
matched_evaluation,reliability_prioritized_review,NSGA-II,3,reported_empirical_ref1p1_clipped,1.1000000000,1,0.1719483010,4,0,4,39,9281c2b8aae1e61cca76378ea88822a9bea485cb8b3e98b96a62222272a5c590
matched_evaluation,reliability_prioritized_review,NSGA-II,3,reported_empirical_ref1p1_unclipped,1.1000000000,0,0.2030588939,4,0,4,39,9281c2b8aae1e61cca76378ea88822a9bea485cb8b3e98b96a62222272a5c590
matched_evaluation,reliability_prioritized_review,NSGA-II,3,expanded_empirical_ref1p1_unclipped,1.1000000000,0,0.2506351388,0,0,0,39,9281c2b8aae1e61cca76378ea88822a9bea485cb8b3e98b96a62222272a5c590
matched_evaluation,reliability_prioritized_review,NSGA-II,3,analytic_ref1p05_unclipped,1.0500000000,0,0.0096664372,0,0,0,39,9281c2b8aae1e61cca76378ea88822a9bea485cb8b3e98b96a62222272a5c590
matched_evaluation,reliability_prioritized_review,NSGA-II,3,analytic_ref1p1_unclipped,1.1000000000,0,0.0271213993,0,0,0,39,9281c2b8aae1e61cca76378ea88822a9bea485cb8b3e98b96a62222272a5c590
matched_evaluation,reliability_prioritized_review,NSGA-II,3,analytic_ref1p2_unclipped,1.2000000000,0,0.0942503844,0,0,0,39,9281c2b8aae1e61cca76378ea88822a9bea485cb8b3e98b96a62222272a5c590
matched_evaluation,reliability_prioritized_review,Pareto Local Search,3,reported_empirical_ref1p1_clipped,1.1000000000,1,0.1234295544,0,0,0,40,5531981b1ef79514e2513d9d04ef8c2c73790bf5e697831054e8df3aa6f71383
matched_evaluation,reliability_prioritized_review,Pareto Local Search,3,reported_empirical_ref1p1_unclipped,1.1000000000,0,0.1234295544,0,0,0,40,5531981b1ef79514e2513d9d04ef8c2c73790bf5e697831054e8df3aa6f71383
matched_evaluation,reliability_prioritized_review,Pareto Local Search,3,expanded_empirical_ref1p1_unclipped,1.1000000000,0,0.1689575798,0,0,0,40,5531981b1ef79514e2513d9d04ef8c2c73790bf5e697831054e8df3aa6f71383
matched_evaluation,reliability_prioritized_review,Pareto Local Search,3,analytic_ref1p05_unclipped,1.0500000000,0,0.0077110893,0,0,0,40,5531981b1ef79514e2513d9d04ef8c2c73790bf5e697831054e8df3aa6f71383
matched_evaluation,reliability_prioritized_review,Pareto Local Search,3,analytic_ref1p1_unclipped,1.1000000000,0,0.0225860575,0,0,0,40,5531981b1ef79514e2513d9d04ef8c2c73790bf5e697831054e8df3aa6f71383
matched_evaluation,reliability_prioritized_review,Pareto Local Search,3,analytic_ref1p2_unclipped,1.2000000000,0,0.0823367611,0,0,0,40,5531981b1ef79514e2513d9d04ef8c2c73790bf5e697831054e8df3aa6f71383
matched_evaluation,reliability_prioritized_review,NSGA-II,4,reported_empirical_ref1p1_clipped,1.1000000000,1,0.1703936650,6,0,6,39,1bbe48020fc53d9d873b4c990c4d755f40fee1cd32a92ef1bd48267afd3251e5
matched_evaluation,reliability_prioritized_review,NSGA-II,4,reported_empirical_ref1p1_unclipped,1.1000000000,0,0.1999388576,6,0,6,39,1bbe48020fc53d9d873b4c990c4d755f40fee1cd32a92ef1bd48267afd3251e5
matched_evaluation,reliability_prioritized_review,NSGA-II,4,expanded_empirical_ref1p1_unclipped,1.1000000000,0,0.2476808198,0,0,0,39,1bbe48020fc53d9d873b4c990c4d755f40fee1cd32a92ef1bd48267afd3251e5
matched_evaluation,reliability_prioritized_review,NSGA-II,4,analytic_ref1p05_unclipped,1.0500000000,0,0.0098557812,0,0,0,39,1bbe48020fc53d9d873b4c990c4d755f40fee1cd32a92ef1bd48267afd3251e5
matched_evaluation,reliability_prioritized_review,NSGA-II,4,analytic_ref1p1_unclipped,1.1000000000,0,0.0277191861,0,0,0,39,1bbe48020fc53d9d873b4c990c4d755f40fee1cd32a92ef1bd48267afd3251e5
matched_evaluation,reliability_prioritized_review,NSGA-II,4,analytic_ref1p2_unclipped,1.2000000000,0,0.0963409339,0,0,0,39,1bbe48020fc53d9d873b4c990c4d755f40fee1cd32a92ef1bd48267afd3251e5
matched_evaluation,reliability_prioritized_review,Pareto Local Search,4,reported_empirical_ref1p1_clipped,1.1000000000,1,0.1057208007,0,0,0,40,345afb29875d7776fb535f699258982b207a4f64f3df04d76e7a9c0474fa2dba
matched_evaluation,reliability_prioritized_review,Pareto Local Search,4,reported_empirical_ref1p1_unclipped,1.1000000000,0,0.1057208007,0,0,0,40,345afb29875d7776fb535f699258982b207a4f64f3df04d76e7a9c0474fa2dba
matched_evaluation,reliability_prioritized_review,Pareto Local Search,4,expanded_empirical_ref1p1_unclipped,1.1000000000,0,0.1516950983,0,0,0,40,345afb29875d7776fb535f699258982b207a4f64f3df04d76e7a9c0474fa2dba
matched_evaluation,reliability_prioritized_review,Pareto Local Search,4,analytic_ref1p05_unclipped,1.0500000000,0,0.0070047674,0,0,0,40,345afb29875d7776fb535f699258982b207a4f64f3df04d76e7a9c0474fa2dba
matched_evaluation,reliability_prioritized_review,Pareto Local Search,4,analytic_ref1p1_unclipped,1.1000000000,0,0.0209974230,0,0,0,40,345afb29875d7776fb535f699258982b207a4f64f3df04d76e7a9c0474fa2dba
matched_evaluation,reliability_prioritized_review,Pareto Local Search,4,analytic_ref1p2_unclipped,1.2000000000,0,0.0782875696,0,0,0,40,345afb29875d7776fb535f699258982b207a4f64f3df04d76e7a9c0474fa2dba
matched_evaluation,reliability_prioritized_review,BiLo-NSGA,4,reported_empirical_ref1p1_clipped,1.1000000000,1,0.1731846125,2,0,2,38,040774e5c76814c746ea2b87f6520aea8c84d3b6063c347f6d10d5a5c9ea964f
matched_evaluation,reliability_prioritized_review,BiLo-NSGA,4,reported_empirical_ref1p1_unclipped,1.1000000000,0,0.1841943402,2,0,2,38,040774e5c76814c746ea2b87f6520aea8c84d3b6063c347f6d10d5a5c9ea964f
matched_evaluation,reliability_prioritized_review,BiLo-NSGA,4,expanded_empirical_ref1p1_unclipped,1.1000000000,0,0.2298896354,0,0,0,38,040774e5c76814c746ea2b87f6520aea8c84d3b6063c347f6d10d5a5c9ea964f
matched_evaluation,reliability_prioritized_review,BiLo-NSGA,4,analytic_ref1p05_unclipped,1.0500000000,0,0.0095323119,0,0,0,38,040774e5c76814c746ea2b87f6520aea8c84d3b6063c347f6d10d5a5c9ea964f
matched_evaluation,reliability_prioritized_review,BiLo-NSGA,4,analytic_ref1p1_unclipped,1.1000000000,0,0.0266479678,0,0,0,38,040774e5c76814c746ea2b87f6520aea8c84d3b6063c347f6d10d5a5c9ea964f
matched_evaluation,reliability_prioritized_review,BiLo-NSGA,4,analytic_ref1p2_unclipped,1.2000000000,0,0.0925895509,0,0,0,38,040774e5c76814c746ea2b87f6520aea8c84d3b6063c347f6d10d5a5c9ea964f
matched_evaluation,reliability_prioritized_review,Pareto Local Search,5,reported_empirical_ref1p1_clipped,1.1000000000,1,0.1085672520,0,0,0,40,9cd2bf9b3c4e6627d12da5694613b7b888cc2884d595e00ad77000198f505919
matched_evaluation,reliability_prioritized_review,Pareto Local Search,5,reported_empirical_ref1p1_unclipped,1.1000000000,0,0.1085672520,0,0,0,40,9cd2bf9b3c4e6627d12da5694613b7b888cc2884d595e00ad77000198f505919
matched_evaluation,reliability_prioritized_review,Pareto Local Search,5,expanded_empirical_ref1p1_unclipped,1.1000000000,0,0.1541033651,0,0,0,40,9cd2bf9b3c4e6627d12da5694613b7b888cc2884d595e00ad77000198f505919
matched_evaluation,reliability_prioritized_review,Pareto Local Search,5,analytic_ref1p05_unclipped,1.0500000000,0,0.0071144187,0,0,0,40,9cd2bf9b3c4e6627d12da5694613b7b888cc2884d595e00ad77000198f505919
matched_evaluation,reliability_prioritized_review,Pareto Local Search,5,analytic_ref1p1_unclipped,1.1000000000,0,0.0211973595,0,0,0,40,9cd2bf9b3c4e6627d12da5694613b7b888cc2884d595e00ad77000198f505919
matched_evaluation,reliability_prioritized_review,Pareto Local Search,5,analytic_ref1p2_unclipped,1.2000000000,0,0.0786520012,0,0,0,40,9cd2bf9b3c4e6627d12da5694613b7b888cc2884d595e00ad77000198f505919
matched_evaluation,reliability_prioritized_review,BiLo-NSGA,5,reported_empirical_ref1p1_clipped,1.1000000000,1,0.1550426681,0,0,0,39,5e4aaaf06ae51ed11253022132d387103ebfa9ca08c67d7d21756839f7f96be8
matched_evaluation,reliability_prioritized_review,BiLo-NSGA,5,reported_empirical_ref1p1_unclipped,1.1000000000,0,0.1550426681,0,0,0,39,5e4aaaf06ae51ed11253022132d387103ebfa9ca08c67d7d21756839f7f96be8
matched_evaluation,reliability_prioritized_review,BiLo-NSGA,5,expanded_empirical_ref1p1_unclipped,1.1000000000,0,0.2005041908,0,0,0,39,5e4aaaf06ae51ed11253022132d387103ebfa9ca08c67d7d21756839f7f96be8
matched_evaluation,reliability_prioritized_review,BiLo-NSGA,5,analytic_ref1p05_unclipped,1.0500000000,0,0.0085325359,0,0,0,39,5e4aaaf06ae51ed11253022132d387103ebfa9ca08c67d7d21756839f7f96be8
matched_evaluation,reliability_prioritized_review,BiLo-NSGA,5,analytic_ref1p1_unclipped,1.1000000000,0,0.0245186328,0,0,0,39,5e4aaaf06ae51ed11253022132d387103ebfa9ca08c67d7d21756839f7f96be8
matched_evaluation,reliability_prioritized_review,BiLo-NSGA,5,analytic_ref1p2_unclipped,1.2000000000,0,0.0876251196,0,0,0,39,5e4aaaf06ae51ed11253022132d387103ebfa9ca08c67d7d21756839f7f96be8
matched_evaluation,reliability_prioritized_review,NSGA-II,5,reported_empirical_ref1p1_clipped,1.1000000000,1,0.1695928444,5,0,5,37,628fc8a0f986b61de9faeb61096300ec6c58092ec5ad1dacd04aea612903c31d
matched_evaluation,reliability_prioritized_review,NSGA-II,5,reported_empirical_ref1p1_unclipped,1.1000000000,0,0.2118583576,5,0,5,37,628fc8a0f986b61de9faeb61096300ec6c58092ec5ad1dacd04aea612903c31d
matched_evaluation,reliability_prioritized_review,NSGA-II,5,expanded_empirical_ref1p1_unclipped,1.1000000000,0,0.2606756669,1,0,1,37,628fc8a0f986b61de9faeb61096300ec6c58092ec5ad1dacd04aea612903c31d
matched_evaluation,reliability_prioritized_review,NSGA-II,5,analytic_ref1p05_unclipped,1.0500000000,0,0.0103878159,0,0,0,37,628fc8a0f986b61de9faeb61096300ec6c58092ec5ad1dacd04aea612903c31d
matched_evaluation,reliability_prioritized_review,NSGA-II,5,analytic_ref1p1_unclipped,1.1000000000,0,0.0286440090,0,0,0,37,628fc8a0f986b61de9faeb61096300ec6c58092ec5ad1dacd04aea612903c31d
matched_evaluation,reliability_prioritized_review,NSGA-II,5,analytic_ref1p2_unclipped,1.2000000000,0,0.0976662221,0,0,0,37,628fc8a0f986b61de9faeb61096300ec6c58092ec5ad1dacd04aea612903c31d
matched_evaluation,reliability_prioritized_review,BiLo-NSGA,6,reported_empirical_ref1p1_clipped,1.1000000000,1,0.1728433491,4,0,4,39,745f4e401b6378ede53b9ad4f2fdd8d84e6f6e312598103938a02b3c70c0e6ba
matched_evaluation,reliability_prioritized_review,BiLo-NSGA,6,reported_empirical_ref1p1_unclipped,1.1000000000,0,0.1993955378,4,0,4,39,745f4e401b6378ede53b9ad4f2fdd8d84e6f6e312598103938a02b3c70c0e6ba
matched_evaluation,reliability_prioritized_review,BiLo-NSGA,6,expanded_empirical_ref1p1_unclipped,1.1000000000,0,0.2453358177,0,0,0,39,745f4e401b6378ede53b9ad4f2fdd8d84e6f6e312598103938a02b3c70c0e6ba
matched_evaluation,reliability_prioritized_review,BiLo-NSGA,6,analytic_ref1p05_unclipped,1.0500000000,0,0.0101695777,0,0,0,39,745f4e401b6378ede53b9ad4f2fdd8d84e6f6e312598103938a02b3c70c0e6ba
matched_evaluation,reliability_prioritized_review,BiLo-NSGA,6,analytic_ref1p1_unclipped,1.1000000000,0,0.0282446098,0,0,0,39,745f4e401b6378ede53b9ad4f2fdd8d84e6f6e312598103938a02b3c70c0e6ba
matched_evaluation,reliability_prioritized_review,BiLo-NSGA,6,analytic_ref1p2_unclipped,1.2000000000,0,0.0970293529,0,0,0,39,745f4e401b6378ede53b9ad4f2fdd8d84e6f6e312598103938a02b3c70c0e6ba
matched_evaluation,reliability_prioritized_review,NSGA-II,6,reported_empirical_ref1p1_clipped,1.1000000000,1,0.1709723315,3,0,3,38,0c6187847199680b857dc4f50182afc8a53ada2af37b507a365593ff922327d6
matched_evaluation,reliability_prioritized_review,NSGA-II,6,reported_empirical_ref1p1_unclipped,1.1000000000,0,0.1856365605,3,0,3,38,0c6187847199680b857dc4f50182afc8a53ada2af37b507a365593ff922327d6
matched_evaluation,reliability_prioritized_review,NSGA-II,6,expanded_empirical_ref1p1_unclipped,1.1000000000,0,0.2330859695,0,0,0,38,0c6187847199680b857dc4f50182afc8a53ada2af37b507a365593ff922327d6
matched_evaluation,reliability_prioritized_review,NSGA-II,6,analytic_ref1p05_unclipped,1.0500000000,0,0.0097917644,0,0,0,38,0c6187847199680b857dc4f50182afc8a53ada2af37b507a365593ff922327d6
matched_evaluation,reliability_prioritized_review,NSGA-II,6,analytic_ref1p1_unclipped,1.1000000000,0,0.0275096715,0,0,0,38,0c6187847199680b857dc4f50182afc8a53ada2af37b507a365593ff922327d6
matched_evaluation,reliability_prioritized_review,NSGA-II,6,analytic_ref1p2_unclipped,1.2000000000,0,0.0954426539,0,0,0,38,0c6187847199680b857dc4f50182afc8a53ada2af37b507a365593ff922327d6
matched_evaluation,reliability_prioritized_review,Pareto Local Search,6,reported_empirical_ref1p1_clipped,1.1000000000,1,0.1443423432,0,0,0,40,fadcb43d762e2ad73516e8c35a3bbe74acca3da9d0a182cb25d031e331691ec1
matched_evaluation,reliability_prioritized_review,Pareto Local Search,6,reported_empirical_ref1p1_unclipped,1.1000000000,0,0.1443423432,0,0,0,40,fadcb43d762e2ad73516e8c35a3bbe74acca3da9d0a182cb25d031e331691ec1
matched_evaluation,reliability_prioritized_review,Pareto Local Search,6,expanded_empirical_ref1p1_unclipped,1.1000000000,0,0.1895934096,0,0,0,40,fadcb43d762e2ad73516e8c35a3bbe74acca3da9d0a182cb25d031e331691ec1
matched_evaluation,reliability_prioritized_review,Pareto Local Search,6,analytic_ref1p05_unclipped,1.0500000000,0,0.0087112297,0,0,0,40,fadcb43d762e2ad73516e8c35a3bbe74acca3da9d0a182cb25d031e331691ec1
matched_evaluation,reliability_prioritized_review,Pareto Local Search,6,analytic_ref1p1_unclipped,1.1000000000,0,0.0248294652,0,0,0,40,fadcb43d762e2ad73516e8c35a3bbe74acca3da9d0a182cb25d031e331691ec1
matched_evaluation,reliability_prioritized_review,Pareto Local Search,6,analytic_ref1p2_unclipped,1.2000000000,0,0.0880259268,0,0,0,40,fadcb43d762e2ad73516e8c35a3bbe74acca3da9d0a182cb25d031e331691ec1
matched_evaluation,reliability_prioritized_review,NSGA-II,7,reported_empirical_ref1p1_clipped,1.1000000000,1,0.1705568244,6,0,6,39,91a609efbae1ca055070b562d21782f580cdc60e41302673324c946f027009c4
matched_evaluation,reliability_prioritized_review,NSGA-II,7,reported_empirical_ref1p1_unclipped,1.1000000000,0,0.2153107373,6,0,6,39,91a609efbae1ca055070b562d21782f580cdc60e41302673324c946f027009c4
matched_evaluation,reliability_prioritized_review,NSGA-II,7,expanded_empirical_ref1p1_unclipped,1.1000000000,0,0.2633539618,3,0,3,39,91a609efbae1ca055070b562d21782f580cdc60e41302673324c946f027009c4
matched_evaluation,reliability_prioritized_review,NSGA-II,7,analytic_ref1p05_unclipped,1.0500000000,0,0.0102836107,0,0,0,39,91a609efbae1ca055070b562d21782f580cdc60e41302673324c946f027009c4
matched_evaluation,reliability_prioritized_review,NSGA-II,7,analytic_ref1p1_unclipped,1.1000000000,0,0.0286871101,0,0,0,39,91a609efbae1ca055070b562d21782f580cdc60e41302673324c946f027009c4
matched_evaluation,reliability_prioritized_review,NSGA-II,7,analytic_ref1p2_unclipped,1.2000000000,0,0.0988530220,0,0,0,39,91a609efbae1ca055070b562d21782f580cdc60e41302673324c946f027009c4
matched_evaluation,reliability_prioritized_review,Pareto Local Search,7,reported_empirical_ref1p1_clipped,1.1000000000,1,0.1254080289,0,0,0,40,86870a83df2c028ee291add67d435f335e1609f9f97c29306835331e33e98232
matched_evaluation,reliability_prioritized_review,Pareto Local Search,7,reported_empirical_ref1p1_unclipped,1.1000000000,0,0.1254080289,0,0,0,40,86870a83df2c028ee291add67d435f335e1609f9f97c29306835331e33e98232
matched_evaluation,reliability_prioritized_review,Pareto Local Search,7,expanded_empirical_ref1p1_unclipped,1.1000000000,0,0.1713477498,0,0,0,40,86870a83df2c028ee291add67d435f335e1609f9f97c29306835331e33e98232
matched_evaluation,reliability_prioritized_review,Pareto Local Search,7,analytic_ref1p05_unclipped,1.0500000000,0,0.0078427352,0,0,0,40,86870a83df2c028ee291add67d435f335e1609f9f97c29306835331e33e98232
matched_evaluation,reliability_prioritized_review,Pareto Local Search,7,analytic_ref1p1_unclipped,1.1000000000,0,0.0228748171,0,0,0,40,86870a83df2c028ee291add67d435f335e1609f9f97c29306835331e33e98232
matched_evaluation,reliability_prioritized_review,Pareto Local Search,7,analytic_ref1p2_unclipped,1.2000000000,0,0.0830454255,0,0,0,40,86870a83df2c028ee291add67d435f335e1609f9f97c29306835331e33e98232
matched_evaluation,reliability_prioritized_review,BiLo-NSGA,7,reported_empirical_ref1p1_clipped,1.1000000000,1,0.1535627757,0,0,0,39,36185278edf372a3be33d44942cb6467bd404a6e3f24c2c31b45989f48868e10
matched_evaluation,reliability_prioritized_review,BiLo-NSGA,7,reported_empirical_ref1p1_unclipped,1.1000000000,0,0.1535627757,0,0,0,39,36185278edf372a3be33d44942cb6467bd404a6e3f24c2c31b45989f48868e10
matched_evaluation,reliability_prioritized_review,BiLo-NSGA,7,expanded_empirical_ref1p1_unclipped,1.1000000000,0,0.1988189317,0,0,0,39,36185278edf372a3be33d44942cb6467bd404a6e3f24c2c31b45989f48868e10
matched_evaluation,reliability_prioritized_review,BiLo-NSGA,7,analytic_ref1p05_unclipped,1.0500000000,0,0.0085724892,0,0,0,39,36185278edf372a3be33d44942cb6467bd404a6e3f24c2c31b45989f48868e10
matched_evaluation,reliability_prioritized_review,BiLo-NSGA,7,analytic_ref1p1_unclipped,1.1000000000,0,0.0244533348,0,0,0,39,36185278edf372a3be33d44942cb6467bd404a6e3f24c2c31b45989f48868e10
matched_evaluation,reliability_prioritized_review,BiLo-NSGA,7,analytic_ref1p2_unclipped,1.2000000000,0,0.0868667450,0,0,0,39,36185278edf372a3be33d44942cb6467bd404a6e3f24c2c31b45989f48868e10
matched_evaluation,reliability_prioritized_review,Pareto Local Search,8,reported_empirical_ref1p1_clipped,1.1000000000,1,0.1186683920,0,0,0,40,55fdc3dd561bbd783d6a7b246a0294dbb65040caa49a1ffb573491be460551b5
matched_evaluation,reliability_prioritized_review,Pareto Local Search,8,reported_empirical_ref1p1_unclipped,1.1000000000,0,0.1186683920,0,0,0,40,55fdc3dd561bbd783d6a7b246a0294dbb65040caa49a1ffb573491be460551b5
matched_evaluation,reliability_prioritized_review,Pareto Local Search,8,expanded_empirical_ref1p1_unclipped,1.1000000000,0,0.1643544296,0,0,0,40,55fdc3dd561bbd783d6a7b246a0294dbb65040caa49a1ffb573491be460551b5
matched_evaluation,reliability_prioritized_review,Pareto Local Search,8,analytic_ref1p05_unclipped,1.0500000000,0,0.0074689785,0,0,0,40,55fdc3dd561bbd783d6a7b246a0294dbb65040caa49a1ffb573491be460551b5
matched_evaluation,reliability_prioritized_review,Pareto Local Search,8,analytic_ref1p1_unclipped,1.1000000000,0,0.0220481240,0,0,0,40,55fdc3dd561bbd783d6a7b246a0294dbb65040caa49a1ffb573491be460551b5
matched_evaluation,reliability_prioritized_review,Pareto Local Search,8,analytic_ref1p2_unclipped,1.2000000000,0,0.0810169624,0,0,0,40,55fdc3dd561bbd783d6a7b246a0294dbb65040caa49a1ffb573491be460551b5
matched_evaluation,reliability_prioritized_review,BiLo-NSGA,8,reported_empirical_ref1p1_clipped,1.1000000000,1,0.1729207203,3,0,3,39,3ef5b94d8fd043c4761af146996e56de2342655e19693f898dff86337825a62d
matched_evaluation,reliability_prioritized_review,BiLo-NSGA,8,reported_empirical_ref1p1_unclipped,1.1000000000,0,0.1899372613,3,0,3,39,3ef5b94d8fd043c4761af146996e56de2342655e19693f898dff86337825a62d
matched_evaluation,reliability_prioritized_review,BiLo-NSGA,8,expanded_empirical_ref1p1_unclipped,1.1000000000,0,0.2356268366,0,0,0,39,3ef5b94d8fd043c4761af146996e56de2342655e19693f898dff86337825a62d
matched_evaluation,reliability_prioritized_review,BiLo-NSGA,8,analytic_ref1p05_unclipped,1.0500000000,0,0.0100028556,0,0,0,39,3ef5b94d8fd043c4761af146996e56de2342655e19693f898dff86337825a62d
matched_evaluation,reliability_prioritized_review,BiLo-NSGA,8,analytic_ref1p1_unclipped,1.1000000000,0,0.0278775957,0,0,0,39,3ef5b94d8fd043c4761af146996e56de2342655e19693f898dff86337825a62d
matched_evaluation,reliability_prioritized_review,BiLo-NSGA,8,analytic_ref1p2_unclipped,1.2000000000,0,0.0961635224,0,0,0,39,3ef5b94d8fd043c4761af146996e56de2342655e19693f898dff86337825a62d
matched_evaluation,reliability_prioritized_review,NSGA-II,8,reported_empirical_ref1p1_clipped,1.1000000000,1,0.1703494884,4,0,4,37,532eb5aa3419a35b61cebf7def5f2659d26b3cdfa3be104034c7ba44097091a0
matched_evaluation,reliability_prioritized_review,NSGA-II,8,reported_empirical_ref1p1_unclipped,1.1000000000,0,0.1970587260,4,0,4,37,532eb5aa3419a35b61cebf7def5f2659d26b3cdfa3be104034c7ba44097091a0
matched_evaluation,reliability_prioritized_review,NSGA-II,8,expanded_empirical_ref1p1_unclipped,1.1000000000,0,0.2443350851,0,0,0,37,532eb5aa3419a35b61cebf7def5f2659d26b3cdfa3be104034c7ba44097091a0
matched_evaluation,reliability_prioritized_review,NSGA-II,8,analytic_ref1p05_unclipped,1.0500000000,0,0.0100699588,0,0,0,37,532eb5aa3419a35b61cebf7def5f2659d26b3cdfa3be104034c7ba44097091a0
matched_evaluation,reliability_prioritized_review,NSGA-II,8,analytic_ref1p1_unclipped,1.1000000000,0,0.0279822940,0,0,0,37,532eb5aa3419a35b61cebf7def5f2659d26b3cdfa3be104034c7ba44097091a0
matched_evaluation,reliability_prioritized_review,NSGA-II,8,analytic_ref1p2_unclipped,1.2000000000,0,0.0962136723,0,0,0,37,532eb5aa3419a35b61cebf7def5f2659d26b3cdfa3be104034c7ba44097091a0
matched_evaluation,reliability_prioritized_review,BiLo-NSGA,9,reported_empirical_ref1p1_clipped,1.1000000000,1,0.1653663771,0,0,0,39,612ea38ccb42379648b1bddaaf0eb570b70adb96b7774c19a72f1fa424309ecd
matched_evaluation,reliability_prioritized_review,BiLo-NSGA,9,reported_empirical_ref1p1_unclipped,1.1000000000,0,0.1653663771,0,0,0,39,612ea38ccb42379648b1bddaaf0eb570b70adb96b7774c19a72f1fa424309ecd
matched_evaluation,reliability_prioritized_review,BiLo-NSGA,9,expanded_empirical_ref1p1_unclipped,1.1000000000,0,0.2111312522,0,0,0,39,612ea38ccb42379648b1bddaaf0eb570b70adb96b7774c19a72f1fa424309ecd
matched_evaluation,reliability_prioritized_review,BiLo-NSGA,9,analytic_ref1p05_unclipped,1.0500000000,0,0.0087076339,0,0,0,39,612ea38ccb42379648b1bddaaf0eb570b70adb96b7774c19a72f1fa424309ecd
matched_evaluation,reliability_prioritized_review,BiLo-NSGA,9,analytic_ref1p1_unclipped,1.1000000000,0,0.0249852539,0,0,0,39,612ea38ccb42379648b1bddaaf0eb570b70adb96b7774c19a72f1fa424309ecd
matched_evaluation,reliability_prioritized_review,BiLo-NSGA,9,analytic_ref1p2_unclipped,1.2000000000,0,0.0890415709,0,0,0,39,612ea38ccb42379648b1bddaaf0eb570b70adb96b7774c19a72f1fa424309ecd
matched_evaluation,reliability_prioritized_review,NSGA-II,9,reported_empirical_ref1p1_clipped,1.1000000000,1,0.1710515313,6,0,6,39,4dd66ed177c52bf4e04f716eb4e0a2c0b157ae6e7471a70ab1bf87beb2b04f3f
matched_evaluation,reliability_prioritized_review,NSGA-II,9,reported_empirical_ref1p1_unclipped,1.1000000000,0,0.2310411886,6,0,6,39,4dd66ed177c52bf4e04f716eb4e0a2c0b157ae6e7471a70ab1bf87beb2b04f3f
matched_evaluation,reliability_prioritized_review,NSGA-II,9,expanded_empirical_ref1p1_unclipped,1.1000000000,0,0.2796396151,2,0,2,39,4dd66ed177c52bf4e04f716eb4e0a2c0b157ae6e7471a70ab1bf87beb2b04f3f
matched_evaluation,reliability_prioritized_review,NSGA-II,9,analytic_ref1p05_unclipped,1.0500000000,0,0.0104762377,0,0,0,39,4dd66ed177c52bf4e04f716eb4e0a2c0b157ae6e7471a70ab1bf87beb2b04f3f
matched_evaluation,reliability_prioritized_review,NSGA-II,9,analytic_ref1p1_unclipped,1.1000000000,0,0.0292331059,0,0,0,39,4dd66ed177c52bf4e04f716eb4e0a2c0b157ae6e7471a70ab1bf87beb2b04f3f
matched_evaluation,reliability_prioritized_review,NSGA-II,9,analytic_ref1p2_unclipped,1.2000000000,0,0.1006508880,0,0,0,39,4dd66ed177c52bf4e04f716eb4e0a2c0b157ae6e7471a70ab1bf87beb2b04f3f
matched_evaluation,reliability_prioritized_review,Pareto Local Search,9,reported_empirical_ref1p1_clipped,1.1000000000,1,0.1034441066,0,0,0,40,c1d5d4690485565f4caa8eb8e5b91c814ae3a9e7519646ad85d5e4c4bb3d0ee5
matched_evaluation,reliability_prioritized_review,Pareto Local Search,9,reported_empirical_ref1p1_unclipped,1.1000000000,0,0.1034441066,0,0,0,40,c1d5d4690485565f4caa8eb8e5b91c814ae3a9e7519646ad85d5e4c4bb3d0ee5
matched_evaluation,reliability_prioritized_review,Pareto Local Search,9,expanded_empirical_ref1p1_unclipped,1.1000000000,0,0.1496603017,0,0,0,40,c1d5d4690485565f4caa8eb8e5b91c814ae3a9e7519646ad85d5e4c4bb3d0ee5
matched_evaluation,reliability_prioritized_review,Pareto Local Search,9,analytic_ref1p05_unclipped,1.0500000000,0,0.0068943209,0,0,0,40,c1d5d4690485565f4caa8eb8e5b91c814ae3a9e7519646ad85d5e4c4bb3d0ee5
matched_evaluation,reliability_prioritized_review,Pareto Local Search,9,analytic_ref1p1_unclipped,1.1000000000,0,0.0207913387,0,0,0,40,c1d5d4690485565f4caa8eb8e5b91c814ae3a9e7519646ad85d5e4c4bb3d0ee5
matched_evaluation,reliability_prioritized_review,Pareto Local Search,9,analytic_ref1p2_unclipped,1.2000000000,0,0.0778907924,0,0,0,40,c1d5d4690485565f4caa8eb8e5b91c814ae3a9e7519646ad85d5e4c4bb3d0ee5
matched_evaluation,reliability_prioritized_review,NSGA-II,10,reported_empirical_ref1p1_clipped,1.1000000000,1,0.1694108444,8,0,8,38,aa288c5d1b86a940be1e694a99b5996f1c4aba1a81849230776a1822bc716931
matched_evaluation,reliability_prioritized_review,NSGA-II,10,reported_empirical_ref1p1_unclipped,1.1000000000,0,0.2255850012,8,0,8,38,aa288c5d1b86a940be1e694a99b5996f1c4aba1a81849230776a1822bc716931
matched_evaluation,reliability_prioritized_review,NSGA-II,10,expanded_empirical_ref1p1_unclipped,1.1000000000,0,0.2746571151,3,0,3,38,aa288c5d1b86a940be1e694a99b5996f1c4aba1a81849230776a1822bc716931
matched_evaluation,reliability_prioritized_review,NSGA-II,10,analytic_ref1p05_unclipped,1.0500000000,0,0.0105091118,0,0,0,38,aa288c5d1b86a940be1e694a99b5996f1c4aba1a81849230776a1822bc716931
matched_evaluation,reliability_prioritized_review,NSGA-II,10,analytic_ref1p1_unclipped,1.1000000000,0,0.0292997585,0,0,0,38,aa288c5d1b86a940be1e694a99b5996f1c4aba1a81849230776a1822bc716931
matched_evaluation,reliability_prioritized_review,NSGA-II,10,analytic_ref1p2_unclipped,1.2000000000,0,0.1007645106,0,0,0,38,aa288c5d1b86a940be1e694a99b5996f1c4aba1a81849230776a1822bc716931
matched_evaluation,reliability_prioritized_review,Pareto Local Search,10,reported_empirical_ref1p1_clipped,1.1000000000,1,0.1385540199,0,0,0,40,719cc1d79de544957681cbdb2c873e434a6dfe0825f6b0cb9112a78fd3fb461a
matched_evaluation,reliability_prioritized_review,Pareto Local Search,10,reported_empirical_ref1p1_unclipped,1.1000000000,0,0.1385540199,0,0,0,40,719cc1d79de544957681cbdb2c873e434a6dfe0825f6b0cb9112a78fd3fb461a
matched_evaluation,reliability_prioritized_review,Pareto Local Search,10,expanded_empirical_ref1p1_unclipped,1.1000000000,0,0.1840331243,0,0,0,40,719cc1d79de544957681cbdb2c873e434a6dfe0825f6b0cb9112a78fd3fb461a
matched_evaluation,reliability_prioritized_review,Pareto Local Search,10,analytic_ref1p05_unclipped,1.0500000000,0,0.0082188236,0,0,0,40,719cc1d79de544957681cbdb2c873e434a6dfe0825f6b0cb9112a78fd3fb461a
matched_evaluation,reliability_prioritized_review,Pareto Local Search,10,analytic_ref1p1_unclipped,1.1000000000,0,0.0236951203,0,0,0,40,719cc1d79de544957681cbdb2c873e434a6dfe0825f6b0cb9112a78fd3fb461a
matched_evaluation,reliability_prioritized_review,Pareto Local Search,10,analytic_ref1p2_unclipped,1.2000000000,0,0.0851092018,0,0,0,40,719cc1d79de544957681cbdb2c873e434a6dfe0825f6b0cb9112a78fd3fb461a
matched_evaluation,reliability_prioritized_review,BiLo-NSGA,10,reported_empirical_ref1p1_clipped,1.1000000000,1,0.1744109887,1,0,1,39,950c6b1195707dd7d69ce632a11aeb3eb371a4acd0d1162467be02e87f949d5f
matched_evaluation,reliability_prioritized_review,BiLo-NSGA,10,reported_empirical_ref1p1_unclipped,1.1000000000,0,0.1762438422,1,0,1,39,950c6b1195707dd7d69ce632a11aeb3eb371a4acd0d1162467be02e87f949d5f
matched_evaluation,reliability_prioritized_review,BiLo-NSGA,10,expanded_empirical_ref1p1_unclipped,1.1000000000,0,0.2214414025,0,0,0,39,950c6b1195707dd7d69ce632a11aeb3eb371a4acd0d1162467be02e87f949d5f
matched_evaluation,reliability_prioritized_review,BiLo-NSGA,10,analytic_ref1p05_unclipped,1.0500000000,0,0.0093766575,0,0,0,39,950c6b1195707dd7d69ce632a11aeb3eb371a4acd0d1162467be02e87f949d5f
matched_evaluation,reliability_prioritized_review,BiLo-NSGA,10,analytic_ref1p1_unclipped,1.1000000000,0,0.0264540993,0,0,0,39,950c6b1195707dd7d69ce632a11aeb3eb371a4acd0d1162467be02e87f949d5f
matched_evaluation,reliability_prioritized_review,BiLo-NSGA,10,analytic_ref1p2_unclipped,1.2000000000,0,0.0925333845,0,0,0,39,950c6b1195707dd7d69ce632a11aeb3eb371a4acd0d1162467be02e87f949d5f
matched_evaluation,reliability_prioritized_review,Pareto Local Search,11,reported_empirical_ref1p1_clipped,1.1000000000,1,0.1044172485,0,0,0,40,65fdf6d97a02cd1e5623490cba62dbc536b6e5fcf43cd1e7563d90b778de8f16
matched_evaluation,reliability_prioritized_review,Pareto Local Search,11,reported_empirical_ref1p1_unclipped,1.1000000000,0,0.1044172485,0,0,0,40,65fdf6d97a02cd1e5623490cba62dbc536b6e5fcf43cd1e7563d90b778de8f16
matched_evaluation,reliability_prioritized_review,Pareto Local Search,11,expanded_empirical_ref1p1_unclipped,1.1000000000,0,0.1502601648,0,0,0,40,65fdf6d97a02cd1e5623490cba62dbc536b6e5fcf43cd1e7563d90b778de8f16
matched_evaluation,reliability_prioritized_review,Pareto Local Search,11,analytic_ref1p05_unclipped,1.0500000000,0,0.0067982631,0,0,0,40,65fdf6d97a02cd1e5623490cba62dbc536b6e5fcf43cd1e7563d90b778de8f16
matched_evaluation,reliability_prioritized_review,Pareto Local Search,11,analytic_ref1p1_unclipped,1.1000000000,0,0.0205875035,0,0,0,40,65fdf6d97a02cd1e5623490cba62dbc536b6e5fcf43cd1e7563d90b778de8f16
matched_evaluation,reliability_prioritized_review,Pareto Local Search,11,analytic_ref1p2_unclipped,1.2000000000,0,0.0774499742,0,0,0,40,65fdf6d97a02cd1e5623490cba62dbc536b6e5fcf43cd1e7563d90b778de8f16
matched_evaluation,reliability_prioritized_review,BiLo-NSGA,11,reported_empirical_ref1p1_clipped,1.1000000000,1,0.1697537354,0,0,0,38,4529e10b13d084106049fa5584a5e7882a979fe83e250626496a29b106bfa31e
matched_evaluation,reliability_prioritized_review,BiLo-NSGA,11,reported_empirical_ref1p1_unclipped,1.1000000000,0,0.1697537354,0,0,0,38,4529e10b13d084106049fa5584a5e7882a979fe83e250626496a29b106bfa31e
matched_evaluation,reliability_prioritized_review,BiLo-NSGA,11,expanded_empirical_ref1p1_unclipped,1.1000000000,0,0.2150126975,0,0,0,38,4529e10b13d084106049fa5584a5e7882a979fe83e250626496a29b106bfa31e
matched_evaluation,reliability_prioritized_review,BiLo-NSGA,11,analytic_ref1p05_unclipped,1.0500000000,0,0.0089929224,0,0,0,38,4529e10b13d084106049fa5584a5e7882a979fe83e250626496a29b106bfa31e
matched_evaluation,reliability_prioritized_review,BiLo-NSGA,11,analytic_ref1p1_unclipped,1.1000000000,0,0.0255138601,0,0,0,38,4529e10b13d084106049fa5584a5e7882a979fe83e250626496a29b106bfa31e
matched_evaluation,reliability_prioritized_review,BiLo-NSGA,11,analytic_ref1p2_unclipped,1.2000000000,0,0.0899787376,0,0,0,38,4529e10b13d084106049fa5584a5e7882a979fe83e250626496a29b106bfa31e
matched_evaluation,reliability_prioritized_review,NSGA-II,11,reported_empirical_ref1p1_clipped,1.1000000000,1,0.1703155858,6,0,6,37,b367d9e006d66ae7e02ab5abcf22586f1026847da3b3b440d821a0fb87c9c4c3
matched_evaluation,reliability_prioritized_review,NSGA-II,11,reported_empirical_ref1p1_unclipped,1.1000000000,0,0.2089941180,6,0,6,37,b367d9e006d66ae7e02ab5abcf22586f1026847da3b3b440d821a0fb87c9c4c3
matched_evaluation,reliability_prioritized_review,NSGA-II,11,expanded_empirical_ref1p1_unclipped,1.1000000000,0,0.2578122099,1,0,1,37,b367d9e006d66ae7e02ab5abcf22586f1026847da3b3b440d821a0fb87c9c4c3
matched_evaluation,reliability_prioritized_review,NSGA-II,11,analytic_ref1p05_unclipped,1.0500000000,0,0.0102159921,0,0,0,37,b367d9e006d66ae7e02ab5abcf22586f1026847da3b3b440d821a0fb87c9c4c3
matched_evaluation,reliability_prioritized_review,NSGA-II,11,analytic_ref1p1_unclipped,1.1000000000,0,0.0282320312,0,0,0,37,b367d9e006d66ae7e02ab5abcf22586f1026847da3b3b440d821a0fb87c9c4c3
matched_evaluation,reliability_prioritized_review,NSGA-II,11,analytic_ref1p2_unclipped,1.2000000000,0,0.0965768760,0,0,0,37,b367d9e006d66ae7e02ab5abcf22586f1026847da3b3b440d821a0fb87c9c4c3
matched_evaluation,reliability_prioritized_review,BiLo-NSGA,12,reported_empirical_ref1p1_clipped,1.1000000000,1,0.1719381803,4,0,4,38,a7ef6e33664dd587a4b6d1494555f525fbb3219cd7c7b9088b26ba1b82d20f9c
matched_evaluation,reliability_prioritized_review,BiLo-NSGA,12,reported_empirical_ref1p1_unclipped,1.1000000000,0,0.2016608050,4,0,4,38,a7ef6e33664dd587a4b6d1494555f525fbb3219cd7c7b9088b26ba1b82d20f9c
matched_evaluation,reliability_prioritized_review,BiLo-NSGA,12,expanded_empirical_ref1p1_unclipped,1.1000000000,0,0.2484287388,0,0,0,38,a7ef6e33664dd587a4b6d1494555f525fbb3219cd7c7b9088b26ba1b82d20f9c
matched_evaluation,reliability_prioritized_review,BiLo-NSGA,12,analytic_ref1p05_unclipped,1.0500000000,0,0.0096205778,0,0,0,38,a7ef6e33664dd587a4b6d1494555f525fbb3219cd7c7b9088b26ba1b82d20f9c
matched_evaluation,reliability_prioritized_review,BiLo-NSGA,12,analytic_ref1p1_unclipped,1.1000000000,0,0.0271209064,0,0,0,38,a7ef6e33664dd587a4b6d1494555f525fbb3219cd7c7b9088b26ba1b82d20f9c
matched_evaluation,reliability_prioritized_review,BiLo-NSGA,12,analytic_ref1p2_unclipped,1.2000000000,0,0.0947125026,0,0,0,38,a7ef6e33664dd587a4b6d1494555f525fbb3219cd7c7b9088b26ba1b82d20f9c
matched_evaluation,reliability_prioritized_review,NSGA-II,12,reported_empirical_ref1p1_clipped,1.1000000000,1,0.1703418279,5,0,5,38,52dd2bf09deb630a22c78ff4fe5f57d5473090741e1b52d8c05fffa03173d249
matched_evaluation,reliability_prioritized_review,NSGA-II,12,reported_empirical_ref1p1_unclipped,1.1000000000,0,0.2011819305,5,0,5,38,52dd2bf09deb630a22c78ff4fe5f57d5473090741e1b52d8c05fffa03173d249
matched_evaluation,reliability_prioritized_review,NSGA-II,12,expanded_empirical_ref1p1_unclipped,1.1000000000,0,0.2494721177,0,0,0,38,52dd2bf09deb630a22c78ff4fe5f57d5473090741e1b52d8c05fffa03173d249
matched_evaluation,reliability_prioritized_review,NSGA-II,12,analytic_ref1p05_unclipped,1.0500000000,0,0.0103146930,0,0,0,38,52dd2bf09deb630a22c78ff4fe5f57d5473090741e1b52d8c05fffa03173d249
matched_evaluation,reliability_prioritized_review,NSGA-II,12,analytic_ref1p1_unclipped,1.1000000000,0,0.0286798646,0,0,0,38,52dd2bf09deb630a22c78ff4fe5f57d5473090741e1b52d8c05fffa03173d249
matched_evaluation,reliability_prioritized_review,NSGA-II,12,analytic_ref1p2_unclipped,1.2000000000,0,0.0984343989,0,0,0,38,52dd2bf09deb630a22c78ff4fe5f57d5473090741e1b52d8c05fffa03173d249
matched_evaluation,reliability_prioritized_review,Pareto Local Search,12,reported_empirical_ref1p1_clipped,1.1000000000,1,0.1243160560,0,0,0,40,0cc19434e8344d61a84eb5cb41c684bf5916f1930936d06c2c170f4437943549
matched_evaluation,reliability_prioritized_review,Pareto Local Search,12,reported_empirical_ref1p1_unclipped,1.1000000000,0,0.1243160560,0,0,0,40,0cc19434e8344d61a84eb5cb41c684bf5916f1930936d06c2c170f4437943549
matched_evaluation,reliability_prioritized_review,Pareto Local Search,12,expanded_empirical_ref1p1_unclipped,1.1000000000,0,0.1698889474,0,0,0,40,0cc19434e8344d61a84eb5cb41c684bf5916f1930936d06c2c170f4437943549
matched_evaluation,reliability_prioritized_review,Pareto Local Search,12,analytic_ref1p05_unclipped,1.0500000000,0,0.0077726898,0,0,0,40,0cc19434e8344d61a84eb5cb41c684bf5916f1930936d06c2c170f4437943549
matched_evaluation,reliability_prioritized_review,Pareto Local Search,12,analytic_ref1p1_unclipped,1.1000000000,0,0.0227014767,0,0,0,40,0cc19434e8344d61a84eb5cb41c684bf5916f1930936d06c2c170f4437943549
matched_evaluation,reliability_prioritized_review,Pareto Local Search,12,analytic_ref1p2_unclipped,1.2000000000,0,0.0825770214,0,0,0,40,0cc19434e8344d61a84eb5cb41c684bf5916f1930936d06c2c170f4437943549
matched_evaluation,reliability_prioritized_review,NSGA-II,13,reported_empirical_ref1p1_clipped,1.1000000000,1,0.1684556685,5,0,5,39,64c4eae755742b5678e5127e7c85a3cabf0330285bd36e39c9b92afb85475591
matched_evaluation,reliability_prioritized_review,NSGA-II,13,reported_empirical_ref1p1_unclipped,1.1000000000,0,0.2127293326,5,0,5,39,64c4eae755742b5678e5127e7c85a3cabf0330285bd36e39c9b92afb85475591
matched_evaluation,reliability_prioritized_review,NSGA-II,13,expanded_empirical_ref1p1_unclipped,1.1000000000,0,0.2620436077,1,0,1,39,64c4eae755742b5678e5127e7c85a3cabf0330285bd36e39c9b92afb85475591
matched_evaluation,reliability_prioritized_review,NSGA-II,13,analytic_ref1p05_unclipped,1.0500000000,0,0.0102219717,0,0,0,39,64c4eae755742b5678e5127e7c85a3cabf0330285bd36e39c9b92afb85475591
matched_evaluation,reliability_prioritized_review,NSGA-II,13,analytic_ref1p1_unclipped,1.1000000000,0,0.0286268111,0,0,0,39,64c4eae755742b5678e5127e7c85a3cabf0330285bd36e39c9b92afb85475591
matched_evaluation,reliability_prioritized_review,NSGA-II,13,analytic_ref1p2_unclipped,1.2000000000,0,0.0988907257,0,0,0,39,64c4eae755742b5678e5127e7c85a3cabf0330285bd36e39c9b92afb85475591
matched_evaluation,reliability_prioritized_review,Pareto Local Search,13,reported_empirical_ref1p1_clipped,1.1000000000,1,0.1087575935,0,0,0,40,017161a9f7a1e9805a5364d6f2d5294531387756e76c9c195f9a090a8ad1fcc1
matched_evaluation,reliability_prioritized_review,Pareto Local Search,13,reported_empirical_ref1p1_unclipped,1.1000000000,0,0.1087575935,0,0,0,40,017161a9f7a1e9805a5364d6f2d5294531387756e76c9c195f9a090a8ad1fcc1
matched_evaluation,reliability_prioritized_review,Pareto Local Search,13,expanded_empirical_ref1p1_unclipped,1.1000000000,0,0.1549283873,0,0,0,40,017161a9f7a1e9805a5364d6f2d5294531387756e76c9c195f9a090a8ad1fcc1
matched_evaluation,reliability_prioritized_review,Pareto Local Search,13,analytic_ref1p05_unclipped,1.0500000000,0,0.0071267765,0,0,0,40,017161a9f7a1e9805a5364d6f2d5294531387756e76c9c195f9a090a8ad1fcc1
matched_evaluation,reliability_prioritized_review,Pareto Local Search,13,analytic_ref1p1_unclipped,1.1000000000,0,0.0212823048,0,0,0,40,017161a9f7a1e9805a5364d6f2d5294531387756e76c9c195f9a090a8ad1fcc1
matched_evaluation,reliability_prioritized_review,Pareto Local Search,13,analytic_ref1p2_unclipped,1.2000000000,0,0.0790313476,0,0,0,40,017161a9f7a1e9805a5364d6f2d5294531387756e76c9c195f9a090a8ad1fcc1
matched_evaluation,reliability_prioritized_review,BiLo-NSGA,13,reported_empirical_ref1p1_clipped,1.1000000000,1,0.1723039560,1,0,1,38,b382ab1a9cb12452c06936bb578b79aec8d65d7d23c7cfc4600bbae481b2b0ef
matched_evaluation,reliability_prioritized_review,BiLo-NSGA,13,reported_empirical_ref1p1_unclipped,1.1000000000,0,0.1790259302,1,0,1,38,b382ab1a9cb12452c06936bb578b79aec8d65d7d23c7cfc4600bbae481b2b0ef
matched_evaluation,reliability_prioritized_review,BiLo-NSGA,13,expanded_empirical_ref1p1_unclipped,1.1000000000,0,0.2252385337,0,0,0,38,b382ab1a9cb12452c06936bb578b79aec8d65d7d23c7cfc4600bbae481b2b0ef
matched_evaluation,reliability_prioritized_review,BiLo-NSGA,13,analytic_ref1p05_unclipped,1.0500000000,0,0.0097406283,0,0,0,38,b382ab1a9cb12452c06936bb578b79aec8d65d7d23c7cfc4600bbae481b2b0ef
matched_evaluation,reliability_prioritized_review,BiLo-NSGA,13,analytic_ref1p1_unclipped,1.1000000000,0,0.0272184260,0,0,0,38,b382ab1a9cb12452c06936bb578b79aec8d65d7d23c7cfc4600bbae481b2b0ef
matched_evaluation,reliability_prioritized_review,BiLo-NSGA,13,analytic_ref1p2_unclipped,1.2000000000,0,0.0943470505,0,0,0,38,b382ab1a9cb12452c06936bb578b79aec8d65d7d23c7cfc4600bbae481b2b0ef
matched_evaluation,reliability_prioritized_review,Pareto Local Search,14,reported_empirical_ref1p1_clipped,1.1000000000,1,0.1113771998,0,0,0,40,b1a11c9e473bff30bb2ab830092f3701a61941d57725921f2e9e1a65df177f99
matched_evaluation,reliability_prioritized_review,Pareto Local Search,14,reported_empirical_ref1p1_unclipped,1.1000000000,0,0.1113771998,0,0,0,40,b1a11c9e473bff30bb2ab830092f3701a61941d57725921f2e9e1a65df177f99
matched_evaluation,reliability_prioritized_review,Pareto Local Search,14,expanded_empirical_ref1p1_unclipped,1.1000000000,0,0.1571892988,0,0,0,40,b1a11c9e473bff30bb2ab830092f3701a61941d57725921f2e9e1a65df177f99
matched_evaluation,reliability_prioritized_review,Pareto Local Search,14,analytic_ref1p05_unclipped,1.0500000000,0,0.0071945431,0,0,0,40,b1a11c9e473bff30bb2ab830092f3701a61941d57725921f2e9e1a65df177f99
matched_evaluation,reliability_prioritized_review,Pareto Local Search,14,analytic_ref1p1_unclipped,1.1000000000,0,0.0214384245,0,0,0,40,b1a11c9e473bff30bb2ab830092f3701a61941d57725921f2e9e1a65df177f99
matched_evaluation,reliability_prioritized_review,Pareto Local Search,14,analytic_ref1p2_unclipped,1.2000000000,0,0.0794660607,0,0,0,40,b1a11c9e473bff30bb2ab830092f3701a61941d57725921f2e9e1a65df177f99
matched_evaluation,reliability_prioritized_review,BiLo-NSGA,14,reported_empirical_ref1p1_clipped,1.1000000000,1,0.1505596381,0,0,0,39,2abb73077d4f909f23f83271e9f67ec33c9888016eb10f5d59b7af241ba9fb3a
matched_evaluation,reliability_prioritized_review,BiLo-NSGA,14,reported_empirical_ref1p1_unclipped,1.1000000000,0,0.1505596381,0,0,0,39,2abb73077d4f909f23f83271e9f67ec33c9888016eb10f5d59b7af241ba9fb3a
matched_evaluation,reliability_prioritized_review,BiLo-NSGA,14,expanded_empirical_ref1p1_unclipped,1.1000000000,0,0.1959438016,0,0,0,39,2abb73077d4f909f23f83271e9f67ec33c9888016eb10f5d59b7af241ba9fb3a
matched_evaluation,reliability_prioritized_review,BiLo-NSGA,14,analytic_ref1p05_unclipped,1.0500000000,0,0.0088253308,0,0,0,39,2abb73077d4f909f23f83271e9f67ec33c9888016eb10f5d59b7af241ba9fb3a
matched_evaluation,reliability_prioritized_review,BiLo-NSGA,14,analytic_ref1p1_unclipped,1.1000000000,0,0.0251185916,0,0,0,39,2abb73077d4f909f23f83271e9f67ec33c9888016eb10f5d59b7af241ba9fb3a
matched_evaluation,reliability_prioritized_review,BiLo-NSGA,14,analytic_ref1p2_unclipped,1.2000000000,0,0.0887833436,0,0,0,39,2abb73077d4f909f23f83271e9f67ec33c9888016eb10f5d59b7af241ba9fb3a
matched_evaluation,reliability_prioritized_review,NSGA-II,14,reported_empirical_ref1p1_clipped,1.1000000000,1,0.1705194889,6,0,6,39,6791693c8cd07ef06ea36a348c7abb34ea7c429eb680624d9dc67f4a2a7ba5c5
matched_evaluation,reliability_prioritized_review,NSGA-II,14,reported_empirical_ref1p1_unclipped,1.1000000000,0,0.2138147233,6,0,6,39,6791693c8cd07ef06ea36a348c7abb34ea7c429eb680624d9dc67f4a2a7ba5c5
matched_evaluation,reliability_prioritized_review,NSGA-II,14,expanded_empirical_ref1p1_unclipped,1.1000000000,0,0.2623162933,1,0,1,39,6791693c8cd07ef06ea36a348c7abb34ea7c429eb680624d9dc67f4a2a7ba5c5
matched_evaluation,reliability_prioritized_review,NSGA-II,14,analytic_ref1p05_unclipped,1.0500000000,0,0.0088825631,0,0,0,39,6791693c8cd07ef06ea36a348c7abb34ea7c429eb680624d9dc67f4a2a7ba5c5
matched_evaluation,reliability_prioritized_review,NSGA-II,14,analytic_ref1p1_unclipped,1.1000000000,0,0.0255356546,0,0,0,39,6791693c8cd07ef06ea36a348c7abb34ea7c429eb680624d9dc67f4a2a7ba5c5
matched_evaluation,reliability_prioritized_review,NSGA-II,14,analytic_ref1p2_unclipped,1.2000000000,0,0.0910103606,0,0,0,39,6791693c8cd07ef06ea36a348c7abb34ea7c429eb680624d9dc67f4a2a7ba5c5
matched_evaluation,reliability_prioritized_review,BiLo-NSGA,15,reported_empirical_ref1p1_clipped,1.1000000000,1,0.1735576067,3,0,3,38,33d6be11858132972cc44dd620dc6448e585c5f1d3f0ea46f92fa99c39056b83
matched_evaluation,reliability_prioritized_review,BiLo-NSGA,15,reported_empirical_ref1p1_unclipped,1.1000000000,0,0.2005086691,3,0,3,38,33d6be11858132972cc44dd620dc6448e585c5f1d3f0ea46f92fa99c39056b83
matched_evaluation,reliability_prioritized_review,BiLo-NSGA,15,expanded_empirical_ref1p1_unclipped,1.1000000000,0,0.2463221691,0,0,0,38,33d6be11858132972cc44dd620dc6448e585c5f1d3f0ea46f92fa99c39056b83
matched_evaluation,reliability_prioritized_review,BiLo-NSGA,15,analytic_ref1p05_unclipped,1.0500000000,0,0.0091538246,0,0,0,38,33d6be11858132972cc44dd620dc6448e585c5f1d3f0ea46f92fa99c39056b83
matched_evaluation,reliability_prioritized_review,BiLo-NSGA,15,analytic_ref1p1_unclipped,1.1000000000,0,0.0261857341,0,0,0,38,33d6be11858132972cc44dd620dc6448e585c5f1d3f0ea46f92fa99c39056b83
matched_evaluation,reliability_prioritized_review,BiLo-NSGA,15,analytic_ref1p2_unclipped,1.2000000000,0,0.0927774286,0,0,0,38,33d6be11858132972cc44dd620dc6448e585c5f1d3f0ea46f92fa99c39056b83
matched_evaluation,reliability_prioritized_review,NSGA-II,15,reported_empirical_ref1p1_clipped,1.1000000000,1,0.1694954957,5,0,5,39,b96ae260c4e160f43a46e264d16e765ea5b49d961eee4a42262af71f2f7ef2ac
matched_evaluation,reliability_prioritized_review,NSGA-II,15,reported_empirical_ref1p1_unclipped,1.1000000000,0,0.2006786856,5,0,5,39,b96ae260c4e160f43a46e264d16e765ea5b49d961eee4a42262af71f2f7ef2ac
matched_evaluation,reliability_prioritized_review,NSGA-II,15,expanded_empirical_ref1p1_unclipped,1.1000000000,0,0.2489448843,0,0,0,39,b96ae260c4e160f43a46e264d16e765ea5b49d961eee4a42262af71f2f7ef2ac
matched_evaluation,reliability_prioritized_review,NSGA-II,15,analytic_ref1p05_unclipped,1.0500000000,0,0.0095176288,0,0,0,39,b96ae260c4e160f43a46e264d16e765ea5b49d961eee4a42262af71f2f7ef2ac
matched_evaluation,reliability_prioritized_review,NSGA-II,15,analytic_ref1p1_unclipped,1.1000000000,0,0.0269855295,0,0,0,39,b96ae260c4e160f43a46e264d16e765ea5b49d961eee4a42262af71f2f7ef2ac
matched_evaluation,reliability_prioritized_review,NSGA-II,15,analytic_ref1p2_unclipped,1.2000000000,0,0.0946358359,0,0,0,39,b96ae260c4e160f43a46e264d16e765ea5b49d961eee4a42262af71f2f7ef2ac
matched_evaluation,reliability_prioritized_review,Pareto Local Search,15,reported_empirical_ref1p1_clipped,1.1000000000,1,0.1026125132,0,0,0,40,27e1a54383baf5d45bd342d9c1e0b821d14c78d0ef8270f91be65869d67da5d4
matched_evaluation,reliability_prioritized_review,Pareto Local Search,15,reported_empirical_ref1p1_unclipped,1.1000000000,0,0.1026125132,0,0,0,40,27e1a54383baf5d45bd342d9c1e0b821d14c78d0ef8270f91be65869d67da5d4
matched_evaluation,reliability_prioritized_review,Pareto Local Search,15,expanded_empirical_ref1p1_unclipped,1.1000000000,0,0.1486771337,0,0,0,40,27e1a54383baf5d45bd342d9c1e0b821d14c78d0ef8270f91be65869d67da5d4
matched_evaluation,reliability_prioritized_review,Pareto Local Search,15,analytic_ref1p05_unclipped,1.0500000000,0,0.0068145648,0,0,0,40,27e1a54383baf5d45bd342d9c1e0b821d14c78d0ef8270f91be65869d67da5d4
matched_evaluation,reliability_prioritized_review,Pareto Local Search,15,analytic_ref1p1_unclipped,1.1000000000,0,0.0205848415,0,0,0,40,27e1a54383baf5d45bd342d9c1e0b821d14c78d0ef8270f91be65869d67da5d4
matched_evaluation,reliability_prioritized_review,Pareto Local Search,15,analytic_ref1p2_unclipped,1.2000000000,0,0.0772907873,0,0,0,40,27e1a54383baf5d45bd342d9c1e0b821d14c78d0ef8270f91be65869d67da5d4
matched_evaluation,reliability_prioritized_review,NSGA-II,16,reported_empirical_ref1p1_clipped,1.1000000000,1,0.1698320851,8,0,8,39,0cf0c17a40ca5e6ee21debc53b3d21cc2c11543ab00138e7b1a59af208a4fecb
matched_evaluation,reliability_prioritized_review,NSGA-II,16,reported_empirical_ref1p1_unclipped,1.1000000000,0,0.2416372849,8,0,8,39,0cf0c17a40ca5e6ee21debc53b3d21cc2c11543ab00138e7b1a59af208a4fecb
matched_evaluation,reliability_prioritized_review,NSGA-II,16,expanded_empirical_ref1p1_unclipped,1.1000000000,0,0.2918636852,5,0,5,39,0cf0c17a40ca5e6ee21debc53b3d21cc2c11543ab00138e7b1a59af208a4fecb
matched_evaluation,reliability_prioritized_review,NSGA-II,16,analytic_ref1p05_unclipped,1.0500000000,0,0.0111392103,0,0,0,39,0cf0c17a40ca5e6ee21debc53b3d21cc2c11543ab00138e7b1a59af208a4fecb
matched_evaluation,reliability_prioritized_review,NSGA-II,16,analytic_ref1p1_unclipped,1.1000000000,0,0.0306210724,0,0,0,39,0cf0c17a40ca5e6ee21debc53b3d21cc2c11543ab00138e7b1a59af208a4fecb
matched_evaluation,reliability_prioritized_review,NSGA-II,16,analytic_ref1p2_unclipped,1.2000000000,0,0.1037443318,0,0,0,39,0cf0c17a40ca5e6ee21debc53b3d21cc2c11543ab00138e7b1a59af208a4fecb
matched_evaluation,reliability_prioritized_review,Pareto Local Search,16,reported_empirical_ref1p1_clipped,1.1000000000,1,0.1067932443,0,0,0,40,0f4703bb87e4dfe95c9e693de076a2a8ca24eb27d9a8c454461f6d83d2550a9a
matched_evaluation,reliability_prioritized_review,Pareto Local Search,16,reported_empirical_ref1p1_unclipped,1.1000000000,0,0.1067932443,0,0,0,40,0f4703bb87e4dfe95c9e693de076a2a8ca24eb27d9a8c454461f6d83d2550a9a
matched_evaluation,reliability_prioritized_review,Pareto Local Search,16,expanded_empirical_ref1p1_unclipped,1.1000000000,0,0.1528239245,0,0,0,40,0f4703bb87e4dfe95c9e693de076a2a8ca24eb27d9a8c454461f6d83d2550a9a
matched_evaluation,reliability_prioritized_review,Pareto Local Search,16,analytic_ref1p05_unclipped,1.0500000000,0,0.0070262524,0,0,0,40,0f4703bb87e4dfe95c9e693de076a2a8ca24eb27d9a8c454461f6d83d2550a9a
matched_evaluation,reliability_prioritized_review,Pareto Local Search,16,analytic_ref1p1_unclipped,1.1000000000,0,0.0209970556,0,0,0,40,0f4703bb87e4dfe95c9e693de076a2a8ca24eb27d9a8c454461f6d83d2550a9a
matched_evaluation,reliability_prioritized_review,Pareto Local Search,16,analytic_ref1p2_unclipped,1.2000000000,0,0.0780345825,0,0,0,40,0f4703bb87e4dfe95c9e693de076a2a8ca24eb27d9a8c454461f6d83d2550a9a
matched_evaluation,reliability_prioritized_review,BiLo-NSGA,16,reported_empirical_ref1p1_clipped,1.1000000000,1,0.1675554869,0,0,0,39,d05273c644d52fb48c65dd18763ad90d04805c42d23fe6804bd35c8112707f48
matched_evaluation,reliability_prioritized_review,BiLo-NSGA,16,reported_empirical_ref1p1_unclipped,1.1000000000,0,0.1675554869,0,0,0,39,d05273c644d52fb48c65dd18763ad90d04805c42d23fe6804bd35c8112707f48
matched_evaluation,reliability_prioritized_review,BiLo-NSGA,16,expanded_empirical_ref1p1_unclipped,1.1000000000,0,0.2125002368,0,0,0,39,d05273c644d52fb48c65dd18763ad90d04805c42d23fe6804bd35c8112707f48
matched_evaluation,reliability_prioritized_review,BiLo-NSGA,16,analytic_ref1p05_unclipped,1.0500000000,0,0.0078670227,0,0,0,39,d05273c644d52fb48c65dd18763ad90d04805c42d23fe6804bd35c8112707f48
matched_evaluation,reliability_prioritized_review,BiLo-NSGA,16,analytic_ref1p1_unclipped,1.1000000000,0,0.0232003194,0,0,0,39,d05273c644d52fb48c65dd18763ad90d04805c42d23fe6804bd35c8112707f48
matched_evaluation,reliability_prioritized_review,BiLo-NSGA,16,analytic_ref1p2_unclipped,1.2000000000,0,0.0850654725,0,0,0,39,d05273c644d52fb48c65dd18763ad90d04805c42d23fe6804bd35c8112707f48
matched_evaluation,reliability_prioritized_review,Pareto Local Search,17,reported_empirical_ref1p1_clipped,1.1000000000,1,0.1187670444,0,0,0,39,58e6da7d244d5402a017a7a3fb59d628eadc411af2e9bcce006c2b586f06457a
matched_evaluation,reliability_prioritized_review,Pareto Local Search,17,reported_empirical_ref1p1_unclipped,1.1000000000,0,0.1187670444,0,0,0,39,58e6da7d244d5402a017a7a3fb59d628eadc411af2e9bcce006c2b586f06457a
matched_evaluation,reliability_prioritized_review,Pareto Local Search,17,expanded_empirical_ref1p1_unclipped,1.1000000000,0,0.1638808971,0,0,0,39,58e6da7d244d5402a017a7a3fb59d628eadc411af2e9bcce006c2b586f06457a
matched_evaluation,reliability_prioritized_review,Pareto Local Search,17,analytic_ref1p05_unclipped,1.0500000000,0,0.0076612735,0,0,0,39,58e6da7d244d5402a017a7a3fb59d628eadc411af2e9bcce006c2b586f06457a
matched_evaluation,reliability_prioritized_review,Pareto Local Search,17,analytic_ref1p1_unclipped,1.1000000000,0,0.0223290720,0,0,0,39,58e6da7d244d5402a017a7a3fb59d628eadc411af2e9bcce006c2b586f06457a
matched_evaluation,reliability_prioritized_review,Pareto Local Search,17,analytic_ref1p2_unclipped,1.2000000000,0,0.0811237445,0,0,0,39,58e6da7d244d5402a017a7a3fb59d628eadc411af2e9bcce006c2b586f06457a
matched_evaluation,reliability_prioritized_review,BiLo-NSGA,17,reported_empirical_ref1p1_clipped,1.1000000000,1,0.1650304099,0,0,0,38,9bf4956220fc8856f1bb200d5630cbacfd8244018a42df7e1eacb05b4843969f
matched_evaluation,reliability_prioritized_review,BiLo-NSGA,17,reported_empirical_ref1p1_unclipped,1.1000000000,0,0.1650304099,0,0,0,38,9bf4956220fc8856f1bb200d5630cbacfd8244018a42df7e1eacb05b4843969f
matched_evaluation,reliability_prioritized_review,BiLo-NSGA,17,expanded_empirical_ref1p1_unclipped,1.1000000000,0,0.2102791816,0,0,0,38,9bf4956220fc8856f1bb200d5630cbacfd8244018a42df7e1eacb05b4843969f
matched_evaluation,reliability_prioritized_review,BiLo-NSGA,17,analytic_ref1p05_unclipped,1.0500000000,0,0.0081696505,0,0,0,38,9bf4956220fc8856f1bb200d5630cbacfd8244018a42df7e1eacb05b4843969f
matched_evaluation,reliability_prioritized_review,BiLo-NSGA,17,analytic_ref1p1_unclipped,1.1000000000,0,0.0238331865,0,0,0,38,9bf4956220fc8856f1bb200d5630cbacfd8244018a42df7e1eacb05b4843969f
matched_evaluation,reliability_prioritized_review,BiLo-NSGA,17,analytic_ref1p2_unclipped,1.2000000000,0,0.0864396636,0,0,0,38,9bf4956220fc8856f1bb200d5630cbacfd8244018a42df7e1eacb05b4843969f
matched_evaluation,reliability_prioritized_review,NSGA-II,17,reported_empirical_ref1p1_clipped,1.1000000000,1,0.1700844757,5,0,5,38,fba770a912424b3fb52b0f7f47a3c1822e566c9699882aa39fa79e42425f08f1
matched_evaluation,reliability_prioritized_review,NSGA-II,17,reported_empirical_ref1p1_unclipped,1.1000000000,0,0.2103392169,5,0,5,38,fba770a912424b3fb52b0f7f47a3c1822e566c9699882aa39fa79e42425f08f1
matched_evaluation,reliability_prioritized_review,NSGA-II,17,expanded_empirical_ref1p1_unclipped,1.1000000000,0,0.2591587456,1,0,1,38,fba770a912424b3fb52b0f7f47a3c1822e566c9699882aa39fa79e42425f08f1
matched_evaluation,reliability_prioritized_review,NSGA-II,17,analytic_ref1p05_unclipped,1.0500000000,0,0.0106358537,0,0,0,38,fba770a912424b3fb52b0f7f47a3c1822e566c9699882aa39fa79e42425f08f1
matched_evaluation,reliability_prioritized_review,NSGA-II,17,analytic_ref1p1_unclipped,1.1000000000,0,0.0293401739,0,0,0,38,fba770a912424b3fb52b0f7f47a3c1822e566c9699882aa39fa79e42425f08f1
matched_evaluation,reliability_prioritized_review,NSGA-II,17,analytic_ref1p2_unclipped,1.2000000000,0,0.0998551447,0,0,0,38,fba770a912424b3fb52b0f7f47a3c1822e566c9699882aa39fa79e42425f08f1
matched_evaluation,reliability_prioritized_review,BiLo-NSGA,18,reported_empirical_ref1p1_clipped,1.1000000000,1,0.1719510060,2,0,2,39,6173f2743e587ad553fa14ff0a9048006b00bf8c89c5738ec15fb06dc1d5a380
matched_evaluation,reliability_prioritized_review,BiLo-NSGA,18,reported_empirical_ref1p1_unclipped,1.1000000000,0,0.1823476710,2,0,2,39,6173f2743e587ad553fa14ff0a9048006b00bf8c89c5738ec15fb06dc1d5a380
matched_evaluation,reliability_prioritized_review,BiLo-NSGA,18,expanded_empirical_ref1p1_unclipped,1.1000000000,0,0.2284658028,0,0,0,39,6173f2743e587ad553fa14ff0a9048006b00bf8c89c5738ec15fb06dc1d5a380
matched_evaluation,reliability_prioritized_review,BiLo-NSGA,18,analytic_ref1p05_unclipped,1.0500000000,0,0.0086018468,0,0,0,39,6173f2743e587ad553fa14ff0a9048006b00bf8c89c5738ec15fb06dc1d5a380
matched_evaluation,reliability_prioritized_review,BiLo-NSGA,18,analytic_ref1p1_unclipped,1.1000000000,0,0.0248428821,0,0,0,39,6173f2743e587ad553fa14ff0a9048006b00bf8c89c5738ec15fb06dc1d5a380
matched_evaluation,reliability_prioritized_review,BiLo-NSGA,18,analytic_ref1p2_unclipped,1.2000000000,0,0.0892029184,0,0,0,39,6173f2743e587ad553fa14ff0a9048006b00bf8c89c5738ec15fb06dc1d5a380
matched_evaluation,reliability_prioritized_review,NSGA-II,18,reported_empirical_ref1p1_clipped,1.1000000000,1,0.1663081366,4,0,4,39,63faefab2ef70c32e59cd8bf0a302aa625335012e57f52932cc1a6fee9800e8d
matched_evaluation,reliability_prioritized_review,NSGA-II,18,reported_empirical_ref1p1_unclipped,1.1000000000,0,0.2096738730,4,0,4,39,63faefab2ef70c32e59cd8bf0a302aa625335012e57f52932cc1a6fee9800e8d
matched_evaluation,reliability_prioritized_review,NSGA-II,18,expanded_empirical_ref1p1_unclipped,1.1000000000,0,0.2598857558,2,0,2,39,63faefab2ef70c32e59cd8bf0a302aa625335012e57f52932cc1a6fee9800e8d
matched_evaluation,reliability_prioritized_review,NSGA-II,18,analytic_ref1p05_unclipped,1.0500000000,0,0.0104751137,0,0,0,39,63faefab2ef70c32e59cd8bf0a302aa625335012e57f52932cc1a6fee9800e8d
matched_evaluation,reliability_prioritized_review,NSGA-II,18,analytic_ref1p1_unclipped,1.1000000000,0,0.0291687489,0,0,0,39,63faefab2ef70c32e59cd8bf0a302aa625335012e57f52932cc1a6fee9800e8d
matched_evaluation,reliability_prioritized_review,NSGA-II,18,analytic_ref1p2_unclipped,1.2000000000,0,0.1000590990,0,0,0,39,63faefab2ef70c32e59cd8bf0a302aa625335012e57f52932cc1a6fee9800e8d
matched_evaluation,reliability_prioritized_review,Pareto Local Search,18,reported_empirical_ref1p1_clipped,1.1000000000,1,0.1079921586,0,0,0,40,b3f9d1721ae0a13a9ce030a4ebb3144619bb2f8845642e5d06ada607955b401b
matched_evaluation,reliability_prioritized_review,Pareto Local Search,18,reported_empirical_ref1p1_unclipped,1.1000000000,0,0.1079921586,0,0,0,40,b3f9d1721ae0a13a9ce030a4ebb3144619bb2f8845642e5d06ada607955b401b
matched_evaluation,reliability_prioritized_review,Pareto Local Search,18,expanded_empirical_ref1p1_unclipped,1.1000000000,0,0.1540592497,0,0,0,40,b3f9d1721ae0a13a9ce030a4ebb3144619bb2f8845642e5d06ada607955b401b
matched_evaluation,reliability_prioritized_review,Pareto Local Search,18,analytic_ref1p05_unclipped,1.0500000000,0,0.0070936189,0,0,0,40,b3f9d1721ae0a13a9ce030a4ebb3144619bb2f8845642e5d06ada607955b401b
matched_evaluation,reliability_prioritized_review,Pareto Local Search,18,analytic_ref1p1_unclipped,1.1000000000,0,0.0212435010,0,0,0,40,b3f9d1721ae0a13a9ce030a4ebb3144619bb2f8845642e5d06ada607955b401b
matched_evaluation,reliability_prioritized_review,Pareto Local Search,18,analytic_ref1p2_unclipped,1.2000000000,0,0.0790201444,0,0,0,40,b3f9d1721ae0a13a9ce030a4ebb3144619bb2f8845642e5d06ada607955b401b
matched_evaluation,reliability_prioritized_review,NSGA-II,19,reported_empirical_ref1p1_clipped,1.1000000000,1,0.1702102630,3,0,3,39,14b41fe39397b498a31876493731540261ce334f64fb9b1481ec81c10b9f5df8
matched_evaluation,reliability_prioritized_review,NSGA-II,19,reported_empirical_ref1p1_unclipped,1.1000000000,0,0.2011302055,3,0,3,39,14b41fe39397b498a31876493731540261ce334f64fb9b1481ec81c10b9f5df8
matched_evaluation,reliability_prioritized_review,NSGA-II,19,expanded_empirical_ref1p1_unclipped,1.1000000000,0,0.2494352060,0,0,0,39,14b41fe39397b498a31876493731540261ce334f64fb9b1481ec81c10b9f5df8
matched_evaluation,reliability_prioritized_review,NSGA-II,19,analytic_ref1p05_unclipped,1.0500000000,0,0.0094914083,0,0,0,39,14b41fe39397b498a31876493731540261ce334f64fb9b1481ec81c10b9f5df8
matched_evaluation,reliability_prioritized_review,NSGA-II,19,analytic_ref1p1_unclipped,1.1000000000,0,0.0269187888,0,0,0,39,14b41fe39397b498a31876493731540261ce334f64fb9b1481ec81c10b9f5df8
matched_evaluation,reliability_prioritized_review,NSGA-II,19,analytic_ref1p2_unclipped,1.2000000000,0,0.0944833906,0,0,0,39,14b41fe39397b498a31876493731540261ce334f64fb9b1481ec81c10b9f5df8
matched_evaluation,reliability_prioritized_review,Pareto Local Search,19,reported_empirical_ref1p1_clipped,1.1000000000,1,0.1060579522,0,0,0,40,db6d24aac76b0370c394215b7181802b7effa147a43494231dd1d29851ae5a05
matched_evaluation,reliability_prioritized_review,Pareto Local Search,19,reported_empirical_ref1p1_unclipped,1.1000000000,0,0.1060579522,0,0,0,40,db6d24aac76b0370c394215b7181802b7effa147a43494231dd1d29851ae5a05
matched_evaluation,reliability_prioritized_review,Pareto Local Search,19,expanded_empirical_ref1p1_unclipped,1.1000000000,0,0.1522876554,0,0,0,40,db6d24aac76b0370c394215b7181802b7effa147a43494231dd1d29851ae5a05
matched_evaluation,reliability_prioritized_review,Pareto Local Search,19,analytic_ref1p05_unclipped,1.0500000000,0,0.0070943432,0,0,0,40,db6d24aac76b0370c394215b7181802b7effa147a43494231dd1d29851ae5a05
matched_evaluation,reliability_prioritized_review,Pareto Local Search,19,analytic_ref1p1_unclipped,1.1000000000,0,0.0212022301,0,0,0,40,db6d24aac76b0370c394215b7181802b7effa147a43494231dd1d29851ae5a05
matched_evaluation,reliability_prioritized_review,Pareto Local Search,19,analytic_ref1p2_unclipped,1.2000000000,0,0.0787784592,0,0,0,40,db6d24aac76b0370c394215b7181802b7effa147a43494231dd1d29851ae5a05
matched_evaluation,reliability_prioritized_review,BiLo-NSGA,19,reported_empirical_ref1p1_clipped,1.1000000000,1,0.1734168288,2,0,2,39,e4587fe3197011921ed246cf5afc1da95e4219d151a780012b9472d8148dc891
matched_evaluation,reliability_prioritized_review,BiLo-NSGA,19,reported_empirical_ref1p1_unclipped,1.1000000000,0,0.2043919251,2,0,2,39,e4587fe3197011921ed246cf5afc1da95e4219d151a780012b9472d8148dc891
matched_evaluation,reliability_prioritized_review,BiLo-NSGA,19,expanded_empirical_ref1p1_unclipped,1.1000000000,0,0.2504111211,0,0,0,39,e4587fe3197011921ed246cf5afc1da95e4219d151a780012b9472d8148dc891
matched_evaluation,reliability_prioritized_review,BiLo-NSGA,19,analytic_ref1p05_unclipped,1.0500000000,0,0.0095561940,0,0,0,39,e4587fe3197011921ed246cf5afc1da95e4219d151a780012b9472d8148dc891
matched_evaluation,reliability_prioritized_review,BiLo-NSGA,19,analytic_ref1p1_unclipped,1.1000000000,0,0.0270239397,0,0,0,39,e4587fe3197011921ed246cf5afc1da95e4219d151a780012b9472d8148dc891
matched_evaluation,reliability_prioritized_review,BiLo-NSGA,19,analytic_ref1p2_unclipped,1.2000000000,0,0.0946351890,0,0,0,39,e4587fe3197011921ed246cf5afc1da95e4219d151a780012b9472d8148dc891
matched_evaluation,reliability_prioritized_review,Pareto Local Search,20,reported_empirical_ref1p1_clipped,1.1000000000,1,0.1074584414,0,0,0,40,4227320cae1aed6a3588c7f8a2bf54f53d964222ed71a0f82e0f96e2f3c12353
matched_evaluation,reliability_prioritized_review,Pareto Local Search,20,reported_empirical_ref1p1_unclipped,1.1000000000,0,0.1074584414,0,0,0,40,4227320cae1aed6a3588c7f8a2bf54f53d964222ed71a0f82e0f96e2f3c12353
matched_evaluation,reliability_prioritized_review,Pareto Local Search,20,expanded_empirical_ref1p1_unclipped,1.1000000000,0,0.1536437682,0,0,0,40,4227320cae1aed6a3588c7f8a2bf54f53d964222ed71a0f82e0f96e2f3c12353
matched_evaluation,reliability_prioritized_review,Pareto Local Search,20,analytic_ref1p05_unclipped,1.0500000000,0,0.0070418233,0,0,0,40,4227320cae1aed6a3588c7f8a2bf54f53d964222ed71a0f82e0f96e2f3c12353
matched_evaluation,reliability_prioritized_review,Pareto Local Search,20,analytic_ref1p1_unclipped,1.1000000000,0,0.0211021604,0,0,0,40,4227320cae1aed6a3588c7f8a2bf54f53d964222ed71a0f82e0f96e2f3c12353
matched_evaluation,reliability_prioritized_review,Pareto Local Search,20,analytic_ref1p2_unclipped,1.2000000000,0,0.0786062038,0,0,0,40,4227320cae1aed6a3588c7f8a2bf54f53d964222ed71a0f82e0f96e2f3c12353
matched_evaluation,reliability_prioritized_review,BiLo-NSGA,20,reported_empirical_ref1p1_clipped,1.1000000000,1,0.1715806105,2,0,2,38,0692df8ea496724e85d63aa036ca33a80cf68474f5ea4f50dff5b3c8836b0f18
matched_evaluation,reliability_prioritized_review,BiLo-NSGA,20,reported_empirical_ref1p1_unclipped,1.1000000000,0,0.1965522940,2,0,2,38,0692df8ea496724e85d63aa036ca33a80cf68474f5ea4f50dff5b3c8836b0f18
matched_evaluation,reliability_prioritized_review,BiLo-NSGA,20,expanded_empirical_ref1p1_unclipped,1.1000000000,0,0.2429725159,0,0,0,38,0692df8ea496724e85d63aa036ca33a80cf68474f5ea4f50dff5b3c8836b0f18
matched_evaluation,reliability_prioritized_review,BiLo-NSGA,20,analytic_ref1p05_unclipped,1.0500000000,0,0.0094787936,0,0,0,38,0692df8ea496724e85d63aa036ca33a80cf68474f5ea4f50dff5b3c8836b0f18
matched_evaluation,reliability_prioritized_review,BiLo-NSGA,20,analytic_ref1p1_unclipped,1.1000000000,0,0.0268282124,0,0,0,38,0692df8ea496724e85d63aa036ca33a80cf68474f5ea4f50dff5b3c8836b0f18
matched_evaluation,reliability_prioritized_review,BiLo-NSGA,20,analytic_ref1p2_unclipped,1.2000000000,0,0.0941691810,0,0,0,38,0692df8ea496724e85d63aa036ca33a80cf68474f5ea4f50dff5b3c8836b0f18
matched_evaluation,reliability_prioritized_review,NSGA-II,20,reported_empirical_ref1p1_clipped,1.1000000000,1,0.1719471328,5,0,5,39,167b406a7b915cd1e3eb13d8b8a85c3d5f8b86c14f5d23134c10e8fcdb8e20cb
matched_evaluation,reliability_prioritized_review,NSGA-II,20,reported_empirical_ref1p1_unclipped,1.1000000000,0,0.1992447823,5,0,5,39,167b406a7b915cd1e3eb13d8b8a85c3d5f8b86c14f5d23134c10e8fcdb8e20cb
matched_evaluation,reliability_prioritized_review,NSGA-II,20,expanded_empirical_ref1p1_unclipped,1.1000000000,0,0.2468893776,0,0,0,39,167b406a7b915cd1e3eb13d8b8a85c3d5f8b86c14f5d23134c10e8fcdb8e20cb
matched_evaluation,reliability_prioritized_review,NSGA-II,20,analytic_ref1p05_unclipped,1.0500000000,0,0.0096844981,0,0,0,39,167b406a7b915cd1e3eb13d8b8a85c3d5f8b86c14f5d23134c10e8fcdb8e20cb
matched_evaluation,reliability_prioritized_review,NSGA-II,20,analytic_ref1p1_unclipped,1.1000000000,0,0.0273318831,0,0,0,39,167b406a7b915cd1e3eb13d8b8a85c3d5f8b86c14f5d23134c10e8fcdb8e20cb
matched_evaluation,reliability_prioritized_review,NSGA-II,20,analytic_ref1p2_unclipped,1.2000000000,0,0.0954374743,0,0,0,39,167b406a7b915cd1e3eb13d8b8a85c3d5f8b86c14f5d23134c10e8fcdb8e20cb
matched_evaluation,reliability_prioritized_review,BiLo-NSGA,21,reported_empirical_ref1p1_clipped,1.1000000000,1,0.1716159945,1,0,1,39,f065cb8cbd81778aa8dedab83906f3f5d82690316e3deb03d8a4d9d8d552cd03
matched_evaluation,reliability_prioritized_review,BiLo-NSGA,21,reported_empirical_ref1p1_unclipped,1.1000000000,0,0.1834773377,1,0,1,39,f065cb8cbd81778aa8dedab83906f3f5d82690316e3deb03d8a4d9d8d552cd03
matched_evaluation,reliability_prioritized_review,BiLo-NSGA,21,expanded_empirical_ref1p1_unclipped,1.1000000000,0,0.2297090849,0,0,0,39,f065cb8cbd81778aa8dedab83906f3f5d82690316e3deb03d8a4d9d8d552cd03
matched_evaluation,reliability_prioritized_review,BiLo-NSGA,21,analytic_ref1p05_unclipped,1.0500000000,0,0.0090476036,0,0,0,39,f065cb8cbd81778aa8dedab83906f3f5d82690316e3deb03d8a4d9d8d552cd03
matched_evaluation,reliability_prioritized_review,BiLo-NSGA,21,analytic_ref1p1_unclipped,1.1000000000,0,0.0258065281,0,0,0,39,f065cb8cbd81778aa8dedab83906f3f5d82690316e3deb03d8a4d9d8d552cd03
matched_evaluation,reliability_prioritized_review,BiLo-NSGA,21,analytic_ref1p2_unclipped,1.2000000000,0,0.0914268580,0,0,0,39,f065cb8cbd81778aa8dedab83906f3f5d82690316e3deb03d8a4d9d8d552cd03
matched_evaluation,reliability_prioritized_review,NSGA-II,21,reported_empirical_ref1p1_clipped,1.1000000000,1,0.1707004728,6,0,6,39,a24b99ea9c5d2d54a54c40864b8eeb9182ca59d75b535aea3f20fd21231df3f7
matched_evaluation,reliability_prioritized_review,NSGA-II,21,reported_empirical_ref1p1_unclipped,1.1000000000,0,0.2305286120,6,0,6,39,a24b99ea9c5d2d54a54c40864b8eeb9182ca59d75b535aea3f20fd21231df3f7
matched_evaluation,reliability_prioritized_review,NSGA-II,21,expanded_empirical_ref1p1_unclipped,1.1000000000,0,0.2792201146,3,0,3,39,a24b99ea9c5d2d54a54c40864b8eeb9182ca59d75b535aea3f20fd21231df3f7
matched_evaluation,reliability_prioritized_review,NSGA-II,21,analytic_ref1p05_unclipped,1.0500000000,0,0.0100594812,0,0,0,39,a24b99ea9c5d2d54a54c40864b8eeb9182ca59d75b535aea3f20fd21231df3f7
matched_evaluation,reliability_prioritized_review,NSGA-II,21,analytic_ref1p1_unclipped,1.1000000000,0,0.0283015413,0,0,0,39,a24b99ea9c5d2d54a54c40864b8eeb9182ca59d75b535aea3f20fd21231df3f7
matched_evaluation,reliability_prioritized_review,NSGA-II,21,analytic_ref1p2_unclipped,1.2000000000,0,0.0984727807,0,0,0,39,a24b99ea9c5d2d54a54c40864b8eeb9182ca59d75b535aea3f20fd21231df3f7
matched_evaluation,reliability_prioritized_review,Pareto Local Search,21,reported_empirical_ref1p1_clipped,1.1000000000,1,0.1201269680,0,0,0,40,dd01998f268fc3cbd12cc7d8edceeb82561d91ff0e5d6c3cf9b56311909d5163
matched_evaluation,reliability_prioritized_review,Pareto Local Search,21,reported_empirical_ref1p1_unclipped,1.1000000000,0,0.1201269680,0,0,0,40,dd01998f268fc3cbd12cc7d8edceeb82561d91ff0e5d6c3cf9b56311909d5163
matched_evaluation,reliability_prioritized_review,Pareto Local Search,21,expanded_empirical_ref1p1_unclipped,1.1000000000,0,0.1647832272,0,0,0,40,dd01998f268fc3cbd12cc7d8edceeb82561d91ff0e5d6c3cf9b56311909d5163
matched_evaluation,reliability_prioritized_review,Pareto Local Search,21,analytic_ref1p05_unclipped,1.0500000000,0,0.0073696156,0,0,0,40,dd01998f268fc3cbd12cc7d8edceeb82561d91ff0e5d6c3cf9b56311909d5163
matched_evaluation,reliability_prioritized_review,Pareto Local Search,21,analytic_ref1p1_unclipped,1.1000000000,0,0.0217003040,0,0,0,40,dd01998f268fc3cbd12cc7d8edceeb82561d91ff0e5d6c3cf9b56311909d5163
matched_evaluation,reliability_prioritized_review,Pareto Local Search,21,analytic_ref1p2_unclipped,1.2000000000,0,0.0797245947,0,0,0,40,dd01998f268fc3cbd12cc7d8edceeb82561d91ff0e5d6c3cf9b56311909d5163
matched_evaluation,reliability_prioritized_review,NSGA-II,22,reported_empirical_ref1p1_clipped,1.1000000000,1,0.1715159185,5,0,5,39,e55773988fa3320fe213e00b875210297a5b2b6afbce3c49056500c7563c443a
matched_evaluation,reliability_prioritized_review,NSGA-II,22,reported_empirical_ref1p1_unclipped,1.1000000000,0,0.2029831285,5,0,5,39,e55773988fa3320fe213e00b875210297a5b2b6afbce3c49056500c7563c443a
matched_evaluation,reliability_prioritized_review,NSGA-II,22,expanded_empirical_ref1p1_unclipped,1.1000000000,0,0.2504369395,0,0,0,39,e55773988fa3320fe213e00b875210297a5b2b6afbce3c49056500c7563c443a
matched_evaluation,reliability_prioritized_review,NSGA-II,22,analytic_ref1p05_unclipped,1.0500000000,0,0.0095684394,0,0,0,39,e55773988fa3320fe213e00b875210297a5b2b6afbce3c49056500c7563c443a
matched_evaluation,reliability_prioritized_review,NSGA-II,22,analytic_ref1p1_unclipped,1.1000000000,0,0.0270571646,0,0,0,39,e55773988fa3320fe213e00b875210297a5b2b6afbce3c49056500c7563c443a
matched_evaluation,reliability_prioritized_review,NSGA-II,22,analytic_ref1p2_unclipped,1.2000000000,0,0.0947190084,0,0,0,39,e55773988fa3320fe213e00b875210297a5b2b6afbce3c49056500c7563c443a
matched_evaluation,reliability_prioritized_review,Pareto Local Search,22,reported_empirical_ref1p1_clipped,1.1000000000,1,0.1121231991,0,0,0,40,6cd4bac056f36a11a762f8b095cc16c9a820640e42223ad68276c6efff4152b5
matched_evaluation,reliability_prioritized_review,Pareto Local Search,22,reported_empirical_ref1p1_unclipped,1.1000000000,0,0.1121231991,0,0,0,40,6cd4bac056f36a11a762f8b095cc16c9a820640e42223ad68276c6efff4152b5
matched_evaluation,reliability_prioritized_review,Pareto Local Search,22,expanded_empirical_ref1p1_unclipped,1.1000000000,0,0.1581623285,0,0,0,40,6cd4bac056f36a11a762f8b095cc16c9a820640e42223ad68276c6efff4152b5
matched_evaluation,reliability_prioritized_review,Pareto Local Search,22,analytic_ref1p05_unclipped,1.0500000000,0,0.0070426379,0,0,0,40,6cd4bac056f36a11a762f8b095cc16c9a820640e42223ad68276c6efff4152b5
matched_evaluation,reliability_prioritized_review,Pareto Local Search,22,analytic_ref1p1_unclipped,1.1000000000,0,0.0211324783,0,0,0,40,6cd4bac056f36a11a762f8b095cc16c9a820640e42223ad68276c6efff4152b5
matched_evaluation,reliability_prioritized_review,Pareto Local Search,22,analytic_ref1p2_unclipped,1.2000000000,0,0.0788273933,0,0,0,40,6cd4bac056f36a11a762f8b095cc16c9a820640e42223ad68276c6efff4152b5
matched_evaluation,reliability_prioritized_review,BiLo-NSGA,22,reported_empirical_ref1p1_clipped,1.1000000000,1,0.1555912361,0,0,0,39,e8314cef90a7d2319ef9f38f5c7612be7511998b995fe552f0c35c0ad35c118a
matched_evaluation,reliability_prioritized_review,BiLo-NSGA,22,reported_empirical_ref1p1_unclipped,1.1000000000,0,0.1555912361,0,0,0,39,e8314cef90a7d2319ef9f38f5c7612be7511998b995fe552f0c35c0ad35c118a
matched_evaluation,reliability_prioritized_review,BiLo-NSGA,22,expanded_empirical_ref1p1_unclipped,1.1000000000,0,0.2010771012,0,0,0,39,e8314cef90a7d2319ef9f38f5c7612be7511998b995fe552f0c35c0ad35c118a
matched_evaluation,reliability_prioritized_review,BiLo-NSGA,22,analytic_ref1p05_unclipped,1.0500000000,0,0.0087593779,0,0,0,39,e8314cef90a7d2319ef9f38f5c7612be7511998b995fe552f0c35c0ad35c118a
matched_evaluation,reliability_prioritized_review,BiLo-NSGA,22,analytic_ref1p1_unclipped,1.1000000000,0,0.0250178968,0,0,0,39,e8314cef90a7d2319ef9f38f5c7612be7511998b995fe552f0c35c0ad35c118a
matched_evaluation,reliability_prioritized_review,BiLo-NSGA,22,analytic_ref1p2_unclipped,1.2000000000,0,0.0887448586,0,0,0,39,e8314cef90a7d2319ef9f38f5c7612be7511998b995fe552f0c35c0ad35c118a
matched_evaluation,reliability_prioritized_review,Pareto Local Search,23,reported_empirical_ref1p1_clipped,1.1000000000,1,0.0986795595,0,0,0,40,2a21ae31da7ac4d2ac1cf474e67260e40a55639a17f4a82b587f58af213dd71a
matched_evaluation,reliability_prioritized_review,Pareto Local Search,23,reported_empirical_ref1p1_unclipped,1.1000000000,0,0.0986795595,0,0,0,40,2a21ae31da7ac4d2ac1cf474e67260e40a55639a17f4a82b587f58af213dd71a
matched_evaluation,reliability_prioritized_review,Pareto Local Search,23,expanded_empirical_ref1p1_unclipped,1.1000000000,0,0.1445812898,0,0,0,40,2a21ae31da7ac4d2ac1cf474e67260e40a55639a17f4a82b587f58af213dd71a
matched_evaluation,reliability_prioritized_review,Pareto Local Search,23,analytic_ref1p05_unclipped,1.0500000000,0,0.0067814572,0,0,0,40,2a21ae31da7ac4d2ac1cf474e67260e40a55639a17f4a82b587f58af213dd71a
matched_evaluation,reliability_prioritized_review,Pareto Local Search,23,analytic_ref1p1_unclipped,1.1000000000,0,0.0204442080,0,0,0,40,2a21ae31da7ac4d2ac1cf474e67260e40a55639a17f4a82b587f58af213dd71a
matched_evaluation,reliability_prioritized_review,Pareto Local Search,23,analytic_ref1p2_unclipped,1.2000000000,0,0.0766966174,0,0,0,40,2a21ae31da7ac4d2ac1cf474e67260e40a55639a17f4a82b587f58af213dd71a
matched_evaluation,reliability_prioritized_review,BiLo-NSGA,23,reported_empirical_ref1p1_clipped,1.1000000000,1,0.1573558733,0,0,0,39,0d59227bdf36c2f66cc30dd38c54ab04b16de747d375f71398f83baec1492889
matched_evaluation,reliability_prioritized_review,BiLo-NSGA,23,reported_empirical_ref1p1_unclipped,1.1000000000,0,0.1573558733,0,0,0,39,0d59227bdf36c2f66cc30dd38c54ab04b16de747d375f71398f83baec1492889
matched_evaluation,reliability_prioritized_review,BiLo-NSGA,23,expanded_empirical_ref1p1_unclipped,1.1000000000,0,0.2028435889,0,0,0,39,0d59227bdf36c2f66cc30dd38c54ab04b16de747d375f71398f83baec1492889
matched_evaluation,reliability_prioritized_review,BiLo-NSGA,23,analytic_ref1p05_unclipped,1.0500000000,0,0.0087344558,0,0,0,39,0d59227bdf36c2f66cc30dd38c54ab04b16de747d375f71398f83baec1492889
matched_evaluation,reliability_prioritized_review,BiLo-NSGA,23,analytic_ref1p1_unclipped,1.1000000000,0,0.0249035922,0,0,0,39,0d59227bdf36c2f66cc30dd38c54ab04b16de747d375f71398f83baec1492889
matched_evaluation,reliability_prioritized_review,BiLo-NSGA,23,analytic_ref1p2_unclipped,1.2000000000,0,0.0883506548,0,0,0,39,0d59227bdf36c2f66cc30dd38c54ab04b16de747d375f71398f83baec1492889
matched_evaluation,reliability_prioritized_review,NSGA-II,23,reported_empirical_ref1p1_clipped,1.1000000000,1,0.1687792471,5,0,5,39,121b0abf058b5560b5770176d54c04b43fb4c0662535ad59bad199918237c0a6
matched_evaluation,reliability_prioritized_review,NSGA-II,23,reported_empirical_ref1p1_unclipped,1.1000000000,0,0.2131121067,5,0,5,39,121b0abf058b5560b5770176d54c04b43fb4c0662535ad59bad199918237c0a6
matched_evaluation,reliability_prioritized_review,NSGA-II,23,expanded_empirical_ref1p1_unclipped,1.1000000000,0,0.2622021794,2,0,2,39,121b0abf058b5560b5770176d54c04b43fb4c0662535ad59bad199918237c0a6
matched_evaluation,reliability_prioritized_review,NSGA-II,23,analytic_ref1p05_unclipped,1.0500000000,0,0.0104963618,0,0,0,39,121b0abf058b5560b5770176d54c04b43fb4c0662535ad59bad199918237c0a6
matched_evaluation,reliability_prioritized_review,NSGA-II,23,analytic_ref1p1_unclipped,1.1000000000,0,0.0289224601,0,0,0,39,121b0abf058b5560b5770176d54c04b43fb4c0662535ad59bad199918237c0a6
matched_evaluation,reliability_prioritized_review,NSGA-II,23,analytic_ref1p2_unclipped,1.2000000000,0,0.0985957413,0,0,0,39,121b0abf058b5560b5770176d54c04b43fb4c0662535ad59bad199918237c0a6
matched_evaluation,reliability_prioritized_review,BiLo-NSGA,24,reported_empirical_ref1p1_clipped,1.1000000000,1,0.1729389532,6,0,6,39,8288a2d2b6b0573fd3d30463f4dd34937cdfe549c0148e7fc14caeabbf1c2813
matched_evaluation,reliability_prioritized_review,BiLo-NSGA,24,reported_empirical_ref1p1_unclipped,1.1000000000,0,0.1998673050,6,0,6,39,8288a2d2b6b0573fd3d30463f4dd34937cdfe549c0148e7fc14caeabbf1c2813
matched_evaluation,reliability_prioritized_review,BiLo-NSGA,24,expanded_empirical_ref1p1_unclipped,1.1000000000,0,0.2460538517,0,0,0,39,8288a2d2b6b0573fd3d30463f4dd34937cdfe549c0148e7fc14caeabbf1c2813
matched_evaluation,reliability_prioritized_review,BiLo-NSGA,24,analytic_ref1p05_unclipped,1.0500000000,0,0.0098076762,0,0,0,39,8288a2d2b6b0573fd3d30463f4dd34937cdfe549c0148e7fc14caeabbf1c2813
matched_evaluation,reliability_prioritized_review,BiLo-NSGA,24,analytic_ref1p1_unclipped,1.1000000000,0,0.0275131186,0,0,0,39,8288a2d2b6b0573fd3d30463f4dd34937cdfe549c0148e7fc14caeabbf1c2813
matched_evaluation,reliability_prioritized_review,BiLo-NSGA,24,analytic_ref1p2_unclipped,1.2000000000,0,0.0956751651,0,0,0,39,8288a2d2b6b0573fd3d30463f4dd34937cdfe549c0148e7fc14caeabbf1c2813
matched_evaluation,reliability_prioritized_review,NSGA-II,24,reported_empirical_ref1p1_clipped,1.1000000000,1,0.1691822483,7,0,7,38,d0e041205b3f691c87cec899622ed827818fae1b8e3189e8a613cbe2e028efd7
matched_evaluation,reliability_prioritized_review,NSGA-II,24,reported_empirical_ref1p1_unclipped,1.1000000000,0,0.2274700875,7,0,7,38,d0e041205b3f691c87cec899622ed827818fae1b8e3189e8a613cbe2e028efd7
matched_evaluation,reliability_prioritized_review,NSGA-II,24,expanded_empirical_ref1p1_unclipped,1.1000000000,0,0.2767481674,2,0,2,38,d0e041205b3f691c87cec899622ed827818fae1b8e3189e8a613cbe2e028efd7
matched_evaluation,reliability_prioritized_review,NSGA-II,24,analytic_ref1p05_unclipped,1.0500000000,0,0.0108307352,0,0,0,38,d0e041205b3f691c87cec899622ed827818fae1b8e3189e8a613cbe2e028efd7
matched_evaluation,reliability_prioritized_review,NSGA-II,24,analytic_ref1p1_unclipped,1.1000000000,0,0.0299783951,0,0,0,38,d0e041205b3f691c87cec899622ed827818fae1b8e3189e8a613cbe2e028efd7
matched_evaluation,reliability_prioritized_review,NSGA-II,24,analytic_ref1p2_unclipped,1.2000000000,0,0.1022421872,0,0,0,38,d0e041205b3f691c87cec899622ed827818fae1b8e3189e8a613cbe2e028efd7
matched_evaluation,reliability_prioritized_review,Pareto Local Search,24,reported_empirical_ref1p1_clipped,1.1000000000,1,0.1417800163,0,0,0,40,f6b0f2524f32f99d47aff2e4afaf6fe6261ec4791679be7e4258c7e6a462dacf
matched_evaluation,reliability_prioritized_review,Pareto Local Search,24,reported_empirical_ref1p1_unclipped,1.1000000000,0,0.1417800163,0,0,0,40,f6b0f2524f32f99d47aff2e4afaf6fe6261ec4791679be7e4258c7e6a462dacf
matched_evaluation,reliability_prioritized_review,Pareto Local Search,24,expanded_empirical_ref1p1_unclipped,1.1000000000,0,0.1878642794,0,0,0,40,f6b0f2524f32f99d47aff2e4afaf6fe6261ec4791679be7e4258c7e6a462dacf
matched_evaluation,reliability_prioritized_review,Pareto Local Search,24,analytic_ref1p05_unclipped,1.0500000000,0,0.0084116563,0,0,0,40,f6b0f2524f32f99d47aff2e4afaf6fe6261ec4791679be7e4258c7e6a462dacf
matched_evaluation,reliability_prioritized_review,Pareto Local Search,24,analytic_ref1p1_unclipped,1.1000000000,0,0.0241512990,0,0,0,40,f6b0f2524f32f99d47aff2e4afaf6fe6261ec4791679be7e4258c7e6a462dacf
matched_evaluation,reliability_prioritized_review,Pareto Local Search,24,analytic_ref1p2_unclipped,1.2000000000,0,0.0863060757,0,0,0,40,f6b0f2524f32f99d47aff2e4afaf6fe6261ec4791679be7e4258c7e6a462dacf
matched_evaluation,reliability_prioritized_review,NSGA-II,25,reported_empirical_ref1p1_clipped,1.1000000000,1,0.1716975714,6,0,6,39,496b7b08002d4217e081bab70157a4ec0f1a00e064a447ec1ac1d1429a806a26
matched_evaluation,reliability_prioritized_review,NSGA-II,25,reported_empirical_ref1p1_unclipped,1.1000000000,0,0.2036513127,6,0,6,39,496b7b08002d4217e081bab70157a4ec0f1a00e064a447ec1ac1d1429a806a26
matched_evaluation,reliability_prioritized_review,NSGA-II,25,expanded_empirical_ref1p1_unclipped,1.1000000000,0,0.2510143332,0,0,0,39,496b7b08002d4217e081bab70157a4ec0f1a00e064a447ec1ac1d1429a806a26
matched_evaluation,reliability_prioritized_review,NSGA-II,25,analytic_ref1p05_unclipped,1.0500000000,0,0.0104908132,0,0,0,39,496b7b08002d4217e081bab70157a4ec0f1a00e064a447ec1ac1d1429a806a26
matched_evaluation,reliability_prioritized_review,NSGA-II,25,analytic_ref1p1_unclipped,1.1000000000,0,0.0290452333,0,0,0,39,496b7b08002d4217e081bab70157a4ec0f1a00e064a447ec1ac1d1429a806a26
matched_evaluation,reliability_prioritized_review,NSGA-II,25,analytic_ref1p2_unclipped,1.2000000000,0,0.0992660635,0,0,0,39,496b7b08002d4217e081bab70157a4ec0f1a00e064a447ec1ac1d1429a806a26
matched_evaluation,reliability_prioritized_review,Pareto Local Search,25,reported_empirical_ref1p1_clipped,1.1000000000,1,0.1190800860,0,0,0,40,0c3e6dde7ecdad4f00f3aef873fa698fa6e51fb7a4ec03dc21d804d2de6bf1cc
matched_evaluation,reliability_prioritized_review,Pareto Local Search,25,reported_empirical_ref1p1_unclipped,1.1000000000,0,0.1190800860,0,0,0,40,0c3e6dde7ecdad4f00f3aef873fa698fa6e51fb7a4ec03dc21d804d2de6bf1cc
matched_evaluation,reliability_prioritized_review,Pareto Local Search,25,expanded_empirical_ref1p1_unclipped,1.1000000000,0,0.1647198774,0,0,0,40,0c3e6dde7ecdad4f00f3aef873fa698fa6e51fb7a4ec03dc21d804d2de6bf1cc
matched_evaluation,reliability_prioritized_review,Pareto Local Search,25,analytic_ref1p05_unclipped,1.0500000000,0,0.0075270199,0,0,0,40,0c3e6dde7ecdad4f00f3aef873fa698fa6e51fb7a4ec03dc21d804d2de6bf1cc
matched_evaluation,reliability_prioritized_review,Pareto Local Search,25,analytic_ref1p1_unclipped,1.1000000000,0,0.0221573602,0,0,0,40,0c3e6dde7ecdad4f00f3aef873fa698fa6e51fb7a4ec03dc21d804d2de6bf1cc
matched_evaluation,reliability_prioritized_review,Pareto Local Search,25,analytic_ref1p2_unclipped,1.2000000000,0,0.0812368124,0,0,0,40,0c3e6dde7ecdad4f00f3aef873fa698fa6e51fb7a4ec03dc21d804d2de6bf1cc
matched_evaluation,reliability_prioritized_review,BiLo-NSGA,25,reported_empirical_ref1p1_clipped,1.1000000000,1,0.1722845578,2,0,2,37,8ee92b2f486f4366376befbc36e12f2bb52e30e668d10eaf8fcbb1028fdccfff
matched_evaluation,reliability_prioritized_review,BiLo-NSGA,25,reported_empirical_ref1p1_unclipped,1.1000000000,0,0.1813244699,2,0,2,37,8ee92b2f486f4366376befbc36e12f2bb52e30e668d10eaf8fcbb1028fdccfff
matched_evaluation,reliability_prioritized_review,BiLo-NSGA,25,expanded_empirical_ref1p1_unclipped,1.1000000000,0,0.2269637678,0,0,0,37,8ee92b2f486f4366376befbc36e12f2bb52e30e668d10eaf8fcbb1028fdccfff
matched_evaluation,reliability_prioritized_review,BiLo-NSGA,25,analytic_ref1p05_unclipped,1.0500000000,0,0.0096707272,0,0,0,37,8ee92b2f486f4366376befbc36e12f2bb52e30e668d10eaf8fcbb1028fdccfff
matched_evaluation,reliability_prioritized_review,BiLo-NSGA,25,analytic_ref1p1_unclipped,1.1000000000,0,0.0271181152,0,0,0,37,8ee92b2f486f4366376befbc36e12f2bb52e30e668d10eaf8fcbb1028fdccfff
matched_evaluation,reliability_prioritized_review,BiLo-NSGA,25,analytic_ref1p2_unclipped,1.2000000000,0,0.0942833024,0,0,0,37,8ee92b2f486f4366376befbc36e12f2bb52e30e668d10eaf8fcbb1028fdccfff
matched_evaluation,reliability_prioritized_review,Pareto Local Search,26,reported_empirical_ref1p1_clipped,1.1000000000,1,0.1194356363,0,0,0,40,2195ac8009cecf444f16dc0487b476ea133659a9d881e9abc91e066eaf61acee
matched_evaluation,reliability_prioritized_review,Pareto Local Search,26,reported_empirical_ref1p1_unclipped,1.1000000000,0,0.1194356363,0,0,0,40,2195ac8009cecf444f16dc0487b476ea133659a9d881e9abc91e066eaf61acee
matched_evaluation,reliability_prioritized_review,Pareto Local Search,26,expanded_empirical_ref1p1_unclipped,1.1000000000,0,0.1649132444,0,0,0,40,2195ac8009cecf444f16dc0487b476ea133659a9d881e9abc91e066eaf61acee
matched_evaluation,reliability_prioritized_review,Pareto Local Search,26,analytic_ref1p05_unclipped,1.0500000000,0,0.0073506504,0,0,0,40,2195ac8009cecf444f16dc0487b476ea133659a9d881e9abc91e066eaf61acee
matched_evaluation,reliability_prioritized_review,Pareto Local Search,26,analytic_ref1p1_unclipped,1.1000000000,0,0.0218154186,0,0,0,40,2195ac8009cecf444f16dc0487b476ea133659a9d881e9abc91e066eaf61acee
matched_evaluation,reliability_prioritized_review,Pareto Local Search,26,analytic_ref1p2_unclipped,1.2000000000,0,0.0805876706,0,0,0,40,2195ac8009cecf444f16dc0487b476ea133659a9d881e9abc91e066eaf61acee
matched_evaluation,reliability_prioritized_review,BiLo-NSGA,26,reported_empirical_ref1p1_clipped,1.1000000000,1,0.1505943396,0,0,0,39,ce037fa91b414b6aa7da16b111834e0b9ca54653a30d4532a3d6837341be6acc
matched_evaluation,reliability_prioritized_review,BiLo-NSGA,26,reported_empirical_ref1p1_unclipped,1.1000000000,0,0.1505943396,0,0,0,39,ce037fa91b414b6aa7da16b111834e0b9ca54653a30d4532a3d6837341be6acc
matched_evaluation,reliability_prioritized_review,BiLo-NSGA,26,expanded_empirical_ref1p1_unclipped,1.1000000000,0,0.1957672909,0,0,0,39,ce037fa91b414b6aa7da16b111834e0b9ca54653a30d4532a3d6837341be6acc
matched_evaluation,reliability_prioritized_review,BiLo-NSGA,26,analytic_ref1p05_unclipped,1.0500000000,0,0.0082667824,0,0,0,39,ce037fa91b414b6aa7da16b111834e0b9ca54653a30d4532a3d6837341be6acc
matched_evaluation,reliability_prioritized_review,BiLo-NSGA,26,analytic_ref1p1_unclipped,1.1000000000,0,0.0234386868,0,0,0,39,ce037fa91b414b6aa7da16b111834e0b9ca54653a30d4532a3d6837341be6acc
matched_evaluation,reliability_prioritized_review,BiLo-NSGA,26,analytic_ref1p2_unclipped,1.2000000000,0,0.0832266429,0,0,0,39,ce037fa91b414b6aa7da16b111834e0b9ca54653a30d4532a3d6837341be6acc
matched_evaluation,reliability_prioritized_review,NSGA-II,26,reported_empirical_ref1p1_clipped,1.1000000000,1,0.1692861152,7,0,7,38,d7104954ffd2e55fdbb2d36af86f7d2038234a2b2f6e79d6f94a4df5bcab7fd8
matched_evaluation,reliability_prioritized_review,NSGA-II,26,reported_empirical_ref1p1_unclipped,1.1000000000,0,0.2092133043,7,0,7,38,d7104954ffd2e55fdbb2d36af86f7d2038234a2b2f6e79d6f94a4df5bcab7fd8
matched_evaluation,reliability_prioritized_review,NSGA-II,26,expanded_empirical_ref1p1_unclipped,1.1000000000,0,0.2573790843,2,0,2,38,d7104954ffd2e55fdbb2d36af86f7d2038234a2b2f6e79d6f94a4df5bcab7fd8
matched_evaluation,reliability_prioritized_review,NSGA-II,26,analytic_ref1p05_unclipped,1.0500000000,0,0.0104964848,0,0,0,38,d7104954ffd2e55fdbb2d36af86f7d2038234a2b2f6e79d6f94a4df5bcab7fd8
matched_evaluation,reliability_prioritized_review,NSGA-II,26,analytic_ref1p1_unclipped,1.1000000000,0,0.0291102872,0,0,0,38,d7104954ffd2e55fdbb2d36af86f7d2038234a2b2f6e79d6f94a4df5bcab7fd8
matched_evaluation,reliability_prioritized_review,NSGA-II,26,analytic_ref1p2_unclipped,1.2000000000,0,0.0997419080,0,0,0,38,d7104954ffd2e55fdbb2d36af86f7d2038234a2b2f6e79d6f94a4df5bcab7fd8
matched_evaluation,reliability_prioritized_review,BiLo-NSGA,27,reported_empirical_ref1p1_clipped,1.1000000000,1,0.1723001475,1,0,1,39,95cda57d713eb309a511a89ccd8127bd90161e3ca6d46c22c86c549ab0c9d724
matched_evaluation,reliability_prioritized_review,BiLo-NSGA,27,reported_empirical_ref1p1_unclipped,1.1000000000,0,0.1843573239,1,0,1,39,95cda57d713eb309a511a89ccd8127bd90161e3ca6d46c22c86c549ab0c9d724
matched_evaluation,reliability_prioritized_review,BiLo-NSGA,27,expanded_empirical_ref1p1_unclipped,1.1000000000,0,0.2303159912,0,0,0,39,95cda57d713eb309a511a89ccd8127bd90161e3ca6d46c22c86c549ab0c9d724
matched_evaluation,reliability_prioritized_review,BiLo-NSGA,27,analytic_ref1p05_unclipped,1.0500000000,0,0.0089860523,0,0,0,39,95cda57d713eb309a511a89ccd8127bd90161e3ca6d46c22c86c549ab0c9d724
matched_evaluation,reliability_prioritized_review,BiLo-NSGA,27,analytic_ref1p1_unclipped,1.1000000000,0,0.0256838812,0,0,0,39,95cda57d713eb309a511a89ccd8127bd90161e3ca6d46c22c86c549ab0c9d724
matched_evaluation,reliability_prioritized_review,BiLo-NSGA,27,analytic_ref1p2_unclipped,1.2000000000,0,0.0911797814,0,0,0,39,95cda57d713eb309a511a89ccd8127bd90161e3ca6d46c22c86c549ab0c9d724
matched_evaluation,reliability_prioritized_review,NSGA-II,27,reported_empirical_ref1p1_clipped,1.1000000000,1,0.1696867163,5,0,5,39,6a9d5d73f2ec2d3f595e307ac42c5b8b0a610cb29d33ec84d423198efe29ea04
matched_evaluation,reliability_prioritized_review,NSGA-II,27,reported_empirical_ref1p1_unclipped,1.1000000000,0,0.1983928369,5,0,5,39,6a9d5d73f2ec2d3f595e307ac42c5b8b0a610cb29d33ec84d423198efe29ea04
matched_evaluation,reliability_prioritized_review,NSGA-II,27,expanded_empirical_ref1p1_unclipped,1.1000000000,0,0.2465963957,0,0,0,39,6a9d5d73f2ec2d3f595e307ac42c5b8b0a610cb29d33ec84d423198efe29ea04
matched_evaluation,reliability_prioritized_review,NSGA-II,27,analytic_ref1p05_unclipped,1.0500000000,0,0.0100906662,0,0,0,39,6a9d5d73f2ec2d3f595e307ac42c5b8b0a610cb29d33ec84d423198efe29ea04
matched_evaluation,reliability_prioritized_review,NSGA-II,27,analytic_ref1p1_unclipped,1.1000000000,0,0.0282069230,0,0,0,39,6a9d5d73f2ec2d3f595e307ac42c5b8b0a610cb29d33ec84d423198efe29ea04
matched_evaluation,reliability_prioritized_review,NSGA-II,27,analytic_ref1p2_unclipped,1.2000000000,0,0.0973914132,0,0,0,39,6a9d5d73f2ec2d3f595e307ac42c5b8b0a610cb29d33ec84d423198efe29ea04
matched_evaluation,reliability_prioritized_review,Pareto Local Search,27,reported_empirical_ref1p1_clipped,1.1000000000,1,0.1200465965,0,0,0,40,e7c8a76647155c9e91352e8a26d5809ee5d7be05efea332a38a355760a3c9952
matched_evaluation,reliability_prioritized_review,Pareto Local Search,27,reported_empirical_ref1p1_unclipped,1.1000000000,0,0.1200465965,0,0,0,40,e7c8a76647155c9e91352e8a26d5809ee5d7be05efea332a38a355760a3c9952
matched_evaluation,reliability_prioritized_review,Pareto Local Search,27,expanded_empirical_ref1p1_unclipped,1.1000000000,0,0.1659179537,0,0,0,40,e7c8a76647155c9e91352e8a26d5809ee5d7be05efea332a38a355760a3c9952
matched_evaluation,reliability_prioritized_review,Pareto Local Search,27,analytic_ref1p05_unclipped,1.0500000000,0,0.0077426701,0,0,0,40,e7c8a76647155c9e91352e8a26d5809ee5d7be05efea332a38a355760a3c9952
matched_evaluation,reliability_prioritized_review,Pareto Local Search,27,analytic_ref1p1_unclipped,1.1000000000,0,0.0226437376,0,0,0,40,e7c8a76647155c9e91352e8a26d5809ee5d7be05efea332a38a355760a3c9952
matched_evaluation,reliability_prioritized_review,Pareto Local Search,27,analytic_ref1p2_unclipped,1.2000000000,0,0.0824444412,0,0,0,40,e7c8a76647155c9e91352e8a26d5809ee5d7be05efea332a38a355760a3c9952
matched_evaluation,reliability_prioritized_review,NSGA-II,28,reported_empirical_ref1p1_clipped,1.1000000000,1,0.1702510477,7,0,7,38,48da37c8957f935a0fe498b2b2c18cfa1da8a779073df9742144c468243ffe56
matched_evaluation,reliability_prioritized_review,NSGA-II,28,reported_empirical_ref1p1_unclipped,1.1000000000,0,0.2128307011,7,0,7,38,48da37c8957f935a0fe498b2b2c18cfa1da8a779073df9742144c468243ffe56
matched_evaluation,reliability_prioritized_review,NSGA-II,28,expanded_empirical_ref1p1_unclipped,1.1000000000,0,0.2615684926,2,0,2,38,48da37c8957f935a0fe498b2b2c18cfa1da8a779073df9742144c468243ffe56
matched_evaluation,reliability_prioritized_review,NSGA-II,28,analytic_ref1p05_unclipped,1.0500000000,0,0.0102764884,0,0,0,38,48da37c8957f935a0fe498b2b2c18cfa1da8a779073df9742144c468243ffe56
matched_evaluation,reliability_prioritized_review,NSGA-II,28,analytic_ref1p1_unclipped,1.1000000000,0,0.0287173910,0,0,0,38,48da37c8957f935a0fe498b2b2c18cfa1da8a779073df9742144c468243ffe56
matched_evaluation,reliability_prioritized_review,NSGA-II,28,analytic_ref1p2_unclipped,1.2000000000,0,0.0990246425,0,0,0,38,48da37c8957f935a0fe498b2b2c18cfa1da8a779073df9742144c468243ffe56
matched_evaluation,reliability_prioritized_review,Pareto Local Search,28,reported_empirical_ref1p1_clipped,1.1000000000,1,0.1115381107,0,0,0,40,35a888556a02f81e1e1830367cf7bd796e5d118e67121eb0178b25798399323e
matched_evaluation,reliability_prioritized_review,Pareto Local Search,28,reported_empirical_ref1p1_unclipped,1.1000000000,0,0.1115381107,0,0,0,40,35a888556a02f81e1e1830367cf7bd796e5d118e67121eb0178b25798399323e
matched_evaluation,reliability_prioritized_review,Pareto Local Search,28,expanded_empirical_ref1p1_unclipped,1.1000000000,0,0.1572297309,0,0,0,40,35a888556a02f81e1e1830367cf7bd796e5d118e67121eb0178b25798399323e
matched_evaluation,reliability_prioritized_review,Pareto Local Search,28,analytic_ref1p05_unclipped,1.0500000000,0,0.0071423685,0,0,0,40,35a888556a02f81e1e1830367cf7bd796e5d118e67121eb0178b25798399323e
matched_evaluation,reliability_prioritized_review,Pareto Local Search,28,analytic_ref1p1_unclipped,1.1000000000,0,0.0213273901,0,0,0,40,35a888556a02f81e1e1830367cf7bd796e5d118e67121eb0178b25798399323e
matched_evaluation,reliability_prioritized_review,Pareto Local Search,28,analytic_ref1p2_unclipped,1.2000000000,0,0.0791966309,0,0,0,40,35a888556a02f81e1e1830367cf7bd796e5d118e67121eb0178b25798399323e
matched_evaluation,reliability_prioritized_review,BiLo-NSGA,28,reported_empirical_ref1p1_clipped,1.1000000000,1,0.1717605751,0,0,0,39,f59f9d43501b1dccafd50645b31019b3540bec7712f4e04d9955ebf7a2e991e6
matched_evaluation,reliability_prioritized_review,BiLo-NSGA,28,reported_empirical_ref1p1_unclipped,1.1000000000,0,0.1717605751,0,0,0,39,f59f9d43501b1dccafd50645b31019b3540bec7712f4e04d9955ebf7a2e991e6
matched_evaluation,reliability_prioritized_review,BiLo-NSGA,28,expanded_empirical_ref1p1_unclipped,1.1000000000,0,0.2171148002,0,0,0,39,f59f9d43501b1dccafd50645b31019b3540bec7712f4e04d9955ebf7a2e991e6
matched_evaluation,reliability_prioritized_review,BiLo-NSGA,28,analytic_ref1p05_unclipped,1.0500000000,0,0.0093738493,0,0,0,39,f59f9d43501b1dccafd50645b31019b3540bec7712f4e04d9955ebf7a2e991e6
matched_evaluation,reliability_prioritized_review,BiLo-NSGA,28,analytic_ref1p1_unclipped,1.1000000000,0,0.0264463696,0,0,0,39,f59f9d43501b1dccafd50645b31019b3540bec7712f4e04d9955ebf7a2e991e6
matched_evaluation,reliability_prioritized_review,BiLo-NSGA,28,analytic_ref1p2_unclipped,1.2000000000,0,0.0924941522,0,0,0,39,f59f9d43501b1dccafd50645b31019b3540bec7712f4e04d9955ebf7a2e991e6
matched_evaluation,reliability_prioritized_review,Pareto Local Search,29,reported_empirical_ref1p1_clipped,1.1000000000,1,0.1392156891,0,0,0,40,a2b688f60747e94c6c124cfc0d62a809a4e36a54293098b051088db08c44b1e5
matched_evaluation,reliability_prioritized_review,Pareto Local Search,29,reported_empirical_ref1p1_unclipped,1.1000000000,0,0.1392156891,0,0,0,40,a2b688f60747e94c6c124cfc0d62a809a4e36a54293098b051088db08c44b1e5
matched_evaluation,reliability_prioritized_review,Pareto Local Search,29,expanded_empirical_ref1p1_unclipped,1.1000000000,0,0.1845825598,0,0,0,40,a2b688f60747e94c6c124cfc0d62a809a4e36a54293098b051088db08c44b1e5
matched_evaluation,reliability_prioritized_review,Pareto Local Search,29,analytic_ref1p05_unclipped,1.0500000000,0,0.0081211595,0,0,0,40,a2b688f60747e94c6c124cfc0d62a809a4e36a54293098b051088db08c44b1e5
matched_evaluation,reliability_prioritized_review,Pareto Local Search,29,analytic_ref1p1_unclipped,1.1000000000,0,0.0235310023,0,0,0,40,a2b688f60747e94c6c124cfc0d62a809a4e36a54293098b051088db08c44b1e5
matched_evaluation,reliability_prioritized_review,Pareto Local Search,29,analytic_ref1p2_unclipped,1.2000000000,0,0.0848814938,0,0,0,40,a2b688f60747e94c6c124cfc0d62a809a4e36a54293098b051088db08c44b1e5
matched_evaluation,reliability_prioritized_review,BiLo-NSGA,29,reported_empirical_ref1p1_clipped,1.1000000000,1,0.1754009030,3,0,3,39,a196099e4c5df23730f830b2f11b7d2876429e6933a1d1b9ecc9c7cce890412f
matched_evaluation,reliability_prioritized_review,BiLo-NSGA,29,reported_empirical_ref1p1_unclipped,1.1000000000,0,0.1924054420,3,0,3,39,a196099e4c5df23730f830b2f11b7d2876429e6933a1d1b9ecc9c7cce890412f
matched_evaluation,reliability_prioritized_review,BiLo-NSGA,29,expanded_empirical_ref1p1_unclipped,1.1000000000,0,0.2374563238,0,0,0,39,a196099e4c5df23730f830b2f11b7d2876429e6933a1d1b9ecc9c7cce890412f
matched_evaluation,reliability_prioritized_review,BiLo-NSGA,29,analytic_ref1p05_unclipped,1.0500000000,0,0.0090280190,0,0,0,39,a196099e4c5df23730f830b2f11b7d2876429e6933a1d1b9ecc9c7cce890412f
matched_evaluation,reliability_prioritized_review,BiLo-NSGA,29,analytic_ref1p1_unclipped,1.1000000000,0,0.0257818871,0,0,0,39,a196099e4c5df23730f830b2f11b7d2876429e6933a1d1b9ecc9c7cce890412f
matched_evaluation,reliability_prioritized_review,BiLo-NSGA,29,analytic_ref1p2_unclipped,1.2000000000,0,0.0914093956,0,0,0,39,a196099e4c5df23730f830b2f11b7d2876429e6933a1d1b9ecc9c7cce890412f
matched_evaluation,reliability_prioritized_review,NSGA-II,29,reported_empirical_ref1p1_clipped,1.1000000000,1,0.1696737830,6,0,6,38,39ae9f5d6524715d0a6cfcab56b6837a90bffa14e092a0a20c65482a41b3b78a
matched_evaluation,reliability_prioritized_review,NSGA-II,29,reported_empirical_ref1p1_unclipped,1.1000000000,0,0.2276620295,6,0,6,38,39ae9f5d6524715d0a6cfcab56b6837a90bffa14e092a0a20c65482a41b3b78a
matched_evaluation,reliability_prioritized_review,NSGA-II,29,expanded_empirical_ref1p1_unclipped,1.1000000000,0,0.2766431845,3,0,3,38,39ae9f5d6524715d0a6cfcab56b6837a90bffa14e092a0a20c65482a41b3b78a
matched_evaluation,reliability_prioritized_review,NSGA-II,29,analytic_ref1p05_unclipped,1.0500000000,0,0.0104039289,0,0,0,38,39ae9f5d6524715d0a6cfcab56b6837a90bffa14e092a0a20c65482a41b3b78a
matched_evaluation,reliability_prioritized_review,NSGA-II,29,analytic_ref1p1_unclipped,1.1000000000,0,0.0290829947,0,0,0,38,39ae9f5d6524715d0a6cfcab56b6837a90bffa14e092a0a20c65482a41b3b78a
matched_evaluation,reliability_prioritized_review,NSGA-II,29,analytic_ref1p2_unclipped,1.2000000000,0,0.1002896786,0,0,0,38,39ae9f5d6524715d0a6cfcab56b6837a90bffa14e092a0a20c65482a41b3b78a
matched_evaluation,renewable_accommodation_review,BiLo-NSGA,0,reported_empirical_ref1p1_clipped,1.1000000000,1,0.1661582943,0,0,0,39,4becf0d07c199001169ada9981cc99ada63495bd636513c0867bd99097ea95d4
matched_evaluation,renewable_accommodation_review,BiLo-NSGA,0,reported_empirical_ref1p1_unclipped,1.1000000000,0,0.1661582943,0,0,0,39,4becf0d07c199001169ada9981cc99ada63495bd636513c0867bd99097ea95d4
matched_evaluation,renewable_accommodation_review,BiLo-NSGA,0,expanded_empirical_ref1p1_unclipped,1.1000000000,0,0.2090519728,0,0,0,39,4becf0d07c199001169ada9981cc99ada63495bd636513c0867bd99097ea95d4
matched_evaluation,renewable_accommodation_review,BiLo-NSGA,0,analytic_ref1p05_unclipped,1.0500000000,0,0.0173903814,0,0,0,39,4becf0d07c199001169ada9981cc99ada63495bd636513c0867bd99097ea95d4
matched_evaluation,renewable_accommodation_review,BiLo-NSGA,0,analytic_ref1p1_unclipped,1.1000000000,0,0.0428170166,0,0,0,39,4becf0d07c199001169ada9981cc99ada63495bd636513c0867bd99097ea95d4
matched_evaluation,renewable_accommodation_review,BiLo-NSGA,0,analytic_ref1p2_unclipped,1.2000000000,0,0.1314987037,0,0,0,39,4becf0d07c199001169ada9981cc99ada63495bd636513c0867bd99097ea95d4
matched_evaluation,renewable_accommodation_review,NSGA-II,0,reported_empirical_ref1p1_clipped,1.1000000000,1,0.1774112847,3,0,3,39,3dd4bf5bf3bb10820a316c37e5e7801aca343198cb0bb56bae46aca7317ee23a
matched_evaluation,renewable_accommodation_review,NSGA-II,0,reported_empirical_ref1p1_unclipped,1.1000000000,0,0.1934334284,3,0,3,39,3dd4bf5bf3bb10820a316c37e5e7801aca343198cb0bb56bae46aca7317ee23a
matched_evaluation,renewable_accommodation_review,NSGA-II,0,expanded_empirical_ref1p1_unclipped,1.1000000000,0,0.2373028012,0,0,0,39,3dd4bf5bf3bb10820a316c37e5e7801aca343198cb0bb56bae46aca7317ee23a
matched_evaluation,renewable_accommodation_review,NSGA-II,0,analytic_ref1p05_unclipped,1.0500000000,0,0.0198899249,0,0,0,39,3dd4bf5bf3bb10820a316c37e5e7801aca343198cb0bb56bae46aca7317ee23a
matched_evaluation,renewable_accommodation_review,NSGA-II,0,analytic_ref1p1_unclipped,1.1000000000,0,0.0485043705,0,0,0,39,3dd4bf5bf3bb10820a316c37e5e7801aca343198cb0bb56bae46aca7317ee23a
matched_evaluation,renewable_accommodation_review,NSGA-II,0,analytic_ref1p2_unclipped,1.2000000000,0,0.1459723277,0,0,0,39,3dd4bf5bf3bb10820a316c37e5e7801aca343198cb0bb56bae46aca7317ee23a
matched_evaluation,renewable_accommodation_review,Pareto Local Search,0,reported_empirical_ref1p1_clipped,1.1000000000,1,0.1383875633,0,0,0,40,e9374464ed70796defa70a7afb437c7e1b7691125104ae385e4a27a91c954330
matched_evaluation,renewable_accommodation_review,Pareto Local Search,0,reported_empirical_ref1p1_unclipped,1.1000000000,0,0.1383875633,0,0,0,40,e9374464ed70796defa70a7afb437c7e1b7691125104ae385e4a27a91c954330
matched_evaluation,renewable_accommodation_review,Pareto Local Search,0,expanded_empirical_ref1p1_unclipped,1.1000000000,0,0.1818462129,0,0,0,40,e9374464ed70796defa70a7afb437c7e1b7691125104ae385e4a27a91c954330
matched_evaluation,renewable_accommodation_review,Pareto Local Search,0,analytic_ref1p05_unclipped,1.0500000000,0,0.0154106184,0,0,0,40,e9374464ed70796defa70a7afb437c7e1b7691125104ae385e4a27a91c954330
matched_evaluation,renewable_accommodation_review,Pareto Local Search,0,analytic_ref1p1_unclipped,1.1000000000,0,0.0381817545,0,0,0,40,e9374464ed70796defa70a7afb437c7e1b7691125104ae385e4a27a91c954330
matched_evaluation,renewable_accommodation_review,Pareto Local Search,0,analytic_ref1p2_unclipped,1.2000000000,0,0.1193335376,0,0,0,40,e9374464ed70796defa70a7afb437c7e1b7691125104ae385e4a27a91c954330
matched_evaluation,renewable_accommodation_review,NSGA-II,1,reported_empirical_ref1p1_clipped,1.1000000000,1,0.1766908646,6,0,6,37,dd86bef3ad70d7980f8575712ac7ab3cba56f327d2291e2aa0a815a87fa9bdd8
matched_evaluation,renewable_accommodation_review,NSGA-II,1,reported_empirical_ref1p1_unclipped,1.1000000000,0,0.2140961385,6,0,6,37,dd86bef3ad70d7980f8575712ac7ab3cba56f327d2291e2aa0a815a87fa9bdd8
matched_evaluation,renewable_accommodation_review,NSGA-II,1,expanded_empirical_ref1p1_unclipped,1.1000000000,0,0.2592929636,2,0,2,37,dd86bef3ad70d7980f8575712ac7ab3cba56f327d2291e2aa0a815a87fa9bdd8
matched_evaluation,renewable_accommodation_review,NSGA-II,1,analytic_ref1p05_unclipped,1.0500000000,0,0.0203934024,0,0,0,37,dd86bef3ad70d7980f8575712ac7ab3cba56f327d2291e2aa0a815a87fa9bdd8
matched_evaluation,renewable_accommodation_review,NSGA-II,1,analytic_ref1p1_unclipped,1.1000000000,0,0.0500437201,0,0,0,37,dd86bef3ad70d7980f8575712ac7ab3cba56f327d2291e2aa0a815a87fa9bdd8
matched_evaluation,renewable_accommodation_review,NSGA-II,1,analytic_ref1p2_unclipped,1.2000000000,0,0.1510495940,0,0,0,37,dd86bef3ad70d7980f8575712ac7ab3cba56f327d2291e2aa0a815a87fa9bdd8
matched_evaluation,renewable_accommodation_review,Pareto Local Search,1,reported_empirical_ref1p1_clipped,1.1000000000,1,0.1207875815,0,0,0,40,bbcedcd5cf981b62e5e3d6ca87ca6d87e26347ec16b6e11125e24f71f09f4e65
matched_evaluation,renewable_accommodation_review,Pareto Local Search,1,reported_empirical_ref1p1_unclipped,1.1000000000,0,0.1207875815,0,0,0,40,bbcedcd5cf981b62e5e3d6ca87ca6d87e26347ec16b6e11125e24f71f09f4e65
matched_evaluation,renewable_accommodation_review,Pareto Local Search,1,expanded_empirical_ref1p1_unclipped,1.1000000000,0,0.1644017491,0,0,0,40,bbcedcd5cf981b62e5e3d6ca87ca6d87e26347ec16b6e11125e24f71f09f4e65
matched_evaluation,renewable_accommodation_review,Pareto Local Search,1,analytic_ref1p05_unclipped,1.0500000000,0,0.0143056000,0,0,0,40,bbcedcd5cf981b62e5e3d6ca87ca6d87e26347ec16b6e11125e24f71f09f4e65
matched_evaluation,renewable_accommodation_review,Pareto Local Search,1,analytic_ref1p1_unclipped,1.1000000000,0,0.0357367934,0,0,0,40,bbcedcd5cf981b62e5e3d6ca87ca6d87e26347ec16b6e11125e24f71f09f4e65
matched_evaluation,renewable_accommodation_review,Pareto Local Search,1,analytic_ref1p2_unclipped,1.2000000000,0,0.1128541439,0,0,0,40,bbcedcd5cf981b62e5e3d6ca87ca6d87e26347ec16b6e11125e24f71f09f4e65
matched_evaluation,renewable_accommodation_review,BiLo-NSGA,1,reported_empirical_ref1p1_clipped,1.1000000000,1,0.1719798384,0,0,0,39,9623ae0c1a6568d41731f07cd66cdd4e0907da49348c6b64768c9351864683f8
matched_evaluation,renewable_accommodation_review,BiLo-NSGA,1,reported_empirical_ref1p1_unclipped,1.1000000000,0,0.1719798384,0,0,0,39,9623ae0c1a6568d41731f07cd66cdd4e0907da49348c6b64768c9351864683f8
matched_evaluation,renewable_accommodation_review,BiLo-NSGA,1,expanded_empirical_ref1p1_unclipped,1.1000000000,0,0.2147614168,0,0,0,39,9623ae0c1a6568d41731f07cd66cdd4e0907da49348c6b64768c9351864683f8
matched_evaluation,renewable_accommodation_review,BiLo-NSGA,1,analytic_ref1p05_unclipped,1.0500000000,0,0.0176389496,0,0,0,39,9623ae0c1a6568d41731f07cd66cdd4e0907da49348c6b64768c9351864683f8
matched_evaluation,renewable_accommodation_review,BiLo-NSGA,1,analytic_ref1p1_unclipped,1.1000000000,0,0.0434938289,0,0,0,39,9623ae0c1a6568d41731f07cd66cdd4e0907da49348c6b64768c9351864683f8
matched_evaluation,renewable_accommodation_review,BiLo-NSGA,1,analytic_ref1p2_unclipped,1.2000000000,0,0.1334698397,0,0,0,39,9623ae0c1a6568d41731f07cd66cdd4e0907da49348c6b64768c9351864683f8
matched_evaluation,renewable_accommodation_review,Pareto Local Search,2,reported_empirical_ref1p1_clipped,1.1000000000,1,0.1213946760,0,0,0,40,2056938aa48b14674fa06627c51589a3455e2ddb50b6b07865862d2ccb47c153
matched_evaluation,renewable_accommodation_review,Pareto Local Search,2,reported_empirical_ref1p1_unclipped,1.1000000000,0,0.1213946760,0,0,0,40,2056938aa48b14674fa06627c51589a3455e2ddb50b6b07865862d2ccb47c153
matched_evaluation,renewable_accommodation_review,Pareto Local Search,2,expanded_empirical_ref1p1_unclipped,1.1000000000,0,0.1647853230,0,0,0,40,2056938aa48b14674fa06627c51589a3455e2ddb50b6b07865862d2ccb47c153
matched_evaluation,renewable_accommodation_review,Pareto Local Search,2,analytic_ref1p05_unclipped,1.0500000000,0,0.0146066225,0,0,0,40,2056938aa48b14674fa06627c51589a3455e2ddb50b6b07865862d2ccb47c153
matched_evaluation,renewable_accommodation_review,Pareto Local Search,2,analytic_ref1p1_unclipped,1.1000000000,0,0.0363496100,0,0,0,40,2056938aa48b14674fa06627c51589a3455e2ddb50b6b07865862d2ccb47c153
matched_evaluation,renewable_accommodation_review,Pareto Local Search,2,analytic_ref1p2_unclipped,1.2000000000,0,0.1141735174,0,0,0,40,2056938aa48b14674fa06627c51589a3455e2ddb50b6b07865862d2ccb47c153
matched_evaluation,renewable_accommodation_review,BiLo-NSGA,2,reported_empirical_ref1p1_clipped,1.1000000000,1,0.1748173968,1,0,1,39,22d5d63d57c0eb7c8d747b2b04b984562e88f839a4545cc9de23e7ad7bafa92a
matched_evaluation,renewable_accommodation_review,BiLo-NSGA,2,reported_empirical_ref1p1_unclipped,1.1000000000,0,0.1753411774,1,0,1,39,22d5d63d57c0eb7c8d747b2b04b984562e88f839a4545cc9de23e7ad7bafa92a
matched_evaluation,renewable_accommodation_review,BiLo-NSGA,2,expanded_empirical_ref1p1_unclipped,1.1000000000,0,0.2188639637,0,0,0,39,22d5d63d57c0eb7c8d747b2b04b984562e88f839a4545cc9de23e7ad7bafa92a
matched_evaluation,renewable_accommodation_review,BiLo-NSGA,2,analytic_ref1p05_unclipped,1.0500000000,0,0.0170615290,0,0,0,39,22d5d63d57c0eb7c8d747b2b04b984562e88f839a4545cc9de23e7ad7bafa92a
matched_evaluation,renewable_accommodation_review,BiLo-NSGA,2,analytic_ref1p1_unclipped,1.1000000000,0,0.0423396997,0,0,0,39,22d5d63d57c0eb7c8d747b2b04b984562e88f839a4545cc9de23e7ad7bafa92a
matched_evaluation,renewable_accommodation_review,BiLo-NSGA,2,analytic_ref1p2_unclipped,1.2000000000,0,0.1311386225,0,0,0,39,22d5d63d57c0eb7c8d747b2b04b984562e88f839a4545cc9de23e7ad7bafa92a
matched_evaluation,renewable_accommodation_review,NSGA-II,2,reported_empirical_ref1p1_clipped,1.1000000000,1,0.1761192704,4,0,4,38,f25cd6fc84467e2d11689edb058a55eb6ea47a47ff29d2549b5626ef8fa9a902
matched_evaluation,renewable_accommodation_review,NSGA-II,2,reported_empirical_ref1p1_unclipped,1.1000000000,0,0.1972901910,4,0,4,38,f25cd6fc84467e2d11689edb058a55eb6ea47a47ff29d2549b5626ef8fa9a902
matched_evaluation,renewable_accommodation_review,NSGA-II,2,expanded_empirical_ref1p1_unclipped,1.1000000000,0,0.2416909633,0,0,0,38,f25cd6fc84467e2d11689edb058a55eb6ea47a47ff29d2549b5626ef8fa9a902
matched_evaluation,renewable_accommodation_review,NSGA-II,2,analytic_ref1p05_unclipped,1.0500000000,0,0.0196332776,0,0,0,38,f25cd6fc84467e2d11689edb058a55eb6ea47a47ff29d2549b5626ef8fa9a902
matched_evaluation,renewable_accommodation_review,NSGA-II,2,analytic_ref1p1_unclipped,1.1000000000,0,0.0481004168,0,0,0,38,f25cd6fc84467e2d11689edb058a55eb6ea47a47ff29d2549b5626ef8fa9a902
matched_evaluation,renewable_accommodation_review,NSGA-II,2,analytic_ref1p2_unclipped,1.2000000000,0,0.1455458298,0,0,0,38,f25cd6fc84467e2d11689edb058a55eb6ea47a47ff29d2549b5626ef8fa9a902
matched_evaluation,renewable_accommodation_review,BiLo-NSGA,3,reported_empirical_ref1p1_clipped,1.1000000000,1,0.1564980769,0,0,0,38,d92f7bf96bac1a8a51d1987995392b28e0f86a4319baa38d7224d8d2c4204585
matched_evaluation,renewable_accommodation_review,BiLo-NSGA,3,reported_empirical_ref1p1_unclipped,1.1000000000,0,0.1564980769,0,0,0,38,d92f7bf96bac1a8a51d1987995392b28e0f86a4319baa38d7224d8d2c4204585
matched_evaluation,renewable_accommodation_review,BiLo-NSGA,3,expanded_empirical_ref1p1_unclipped,1.1000000000,0,0.1991132571,0,0,0,38,d92f7bf96bac1a8a51d1987995392b28e0f86a4319baa38d7224d8d2c4204585
matched_evaluation,renewable_accommodation_review,BiLo-NSGA,3,analytic_ref1p05_unclipped,1.0500000000,0,0.0174762948,0,0,0,38,d92f7bf96bac1a8a51d1987995392b28e0f86a4319baa38d7224d8d2c4204585
matched_evaluation,renewable_accommodation_review,BiLo-NSGA,3,analytic_ref1p1_unclipped,1.1000000000,0,0.0428090551,0,0,0,38,d92f7bf96bac1a8a51d1987995392b28e0f86a4319baa38d7224d8d2c4204585
matched_evaluation,renewable_accommodation_review,BiLo-NSGA,3,analytic_ref1p2_unclipped,1.2000000000,0,0.1306550323,0,0,0,38,d92f7bf96bac1a8a51d1987995392b28e0f86a4319baa38d7224d8d2c4204585
matched_evaluation,renewable_accommodation_review,NSGA-II,3,reported_empirical_ref1p1_clipped,1.1000000000,1,0.1758388948,8,0,8,38,4a07226cbbf792ab9961dd465b23aacac07f62dc8ec0c79efe2938203ecf8964
matched_evaluation,renewable_accommodation_review,NSGA-II,3,reported_empirical_ref1p1_unclipped,1.1000000000,0,0.2227499039,8,0,8,38,4a07226cbbf792ab9961dd465b23aacac07f62dc8ec0c79efe2938203ecf8964
matched_evaluation,renewable_accommodation_review,NSGA-II,3,expanded_empirical_ref1p1_unclipped,1.1000000000,0,0.2685187919,1,0,1,38,4a07226cbbf792ab9961dd465b23aacac07f62dc8ec0c79efe2938203ecf8964
matched_evaluation,renewable_accommodation_review,NSGA-II,3,analytic_ref1p05_unclipped,1.0500000000,0,0.0200502932,0,0,0,38,4a07226cbbf792ab9961dd465b23aacac07f62dc8ec0c79efe2938203ecf8964
matched_evaluation,renewable_accommodation_review,NSGA-II,3,analytic_ref1p1_unclipped,1.1000000000,0,0.0495455661,0,0,0,38,4a07226cbbf792ab9961dd465b23aacac07f62dc8ec0c79efe2938203ecf8964
matched_evaluation,renewable_accommodation_review,NSGA-II,3,analytic_ref1p2_unclipped,1.2000000000,0,0.1509094344,0,0,0,38,4a07226cbbf792ab9961dd465b23aacac07f62dc8ec0c79efe2938203ecf8964
matched_evaluation,renewable_accommodation_review,Pareto Local Search,3,reported_empirical_ref1p1_clipped,1.1000000000,1,0.1186857846,0,0,0,40,d00200bcb545e17dab7ad132316553bf00fd8cd624bb7c664165e41d082e6b31
matched_evaluation,renewable_accommodation_review,Pareto Local Search,3,reported_empirical_ref1p1_unclipped,1.1000000000,0,0.1186857846,0,0,0,40,d00200bcb545e17dab7ad132316553bf00fd8cd624bb7c664165e41d082e6b31
matched_evaluation,renewable_accommodation_review,Pareto Local Search,3,expanded_empirical_ref1p1_unclipped,1.1000000000,0,0.1627128565,0,0,0,40,d00200bcb545e17dab7ad132316553bf00fd8cd624bb7c664165e41d082e6b31
matched_evaluation,renewable_accommodation_review,Pareto Local Search,3,analytic_ref1p05_unclipped,1.0500000000,0,0.0129243553,0,0,0,40,d00200bcb545e17dab7ad132316553bf00fd8cd624bb7c664165e41d082e6b31
matched_evaluation,renewable_accommodation_review,Pareto Local Search,3,analytic_ref1p1_unclipped,1.1000000000,0,0.0328485374,0,0,0,40,d00200bcb545e17dab7ad132316553bf00fd8cd624bb7c664165e41d082e6b31
matched_evaluation,renewable_accommodation_review,Pareto Local Search,3,analytic_ref1p2_unclipped,1.2000000000,0,0.1065511189,0,0,0,40,d00200bcb545e17dab7ad132316553bf00fd8cd624bb7c664165e41d082e6b31
matched_evaluation,renewable_accommodation_review,NSGA-II,4,reported_empirical_ref1p1_clipped,1.1000000000,1,0.1747688716,6,0,6,38,ad130deed278700cb498b4a9abbdfb189569b7d1d84a746eecb083a26cf0e444
matched_evaluation,renewable_accommodation_review,NSGA-II,4,reported_empirical_ref1p1_unclipped,1.1000000000,0,0.2123526461,6,0,6,38,ad130deed278700cb498b4a9abbdfb189569b7d1d84a746eecb083a26cf0e444
matched_evaluation,renewable_accommodation_review,NSGA-II,4,expanded_empirical_ref1p1_unclipped,1.1000000000,0,0.2576405504,1,0,1,38,ad130deed278700cb498b4a9abbdfb189569b7d1d84a746eecb083a26cf0e444
matched_evaluation,renewable_accommodation_review,NSGA-II,4,analytic_ref1p05_unclipped,1.0500000000,0,0.0195739009,0,0,0,38,ad130deed278700cb498b4a9abbdfb189569b7d1d84a746eecb083a26cf0e444
matched_evaluation,renewable_accommodation_review,NSGA-II,4,analytic_ref1p1_unclipped,1.1000000000,0,0.0480962594,0,0,0,38,ad130deed278700cb498b4a9abbdfb189569b7d1d84a746eecb083a26cf0e444
matched_evaluation,renewable_accommodation_review,NSGA-II,4,analytic_ref1p2_unclipped,1.2000000000,0,0.1457581105,0,0,0,38,ad130deed278700cb498b4a9abbdfb189569b7d1d84a746eecb083a26cf0e444
matched_evaluation,renewable_accommodation_review,Pareto Local Search,4,reported_empirical_ref1p1_clipped,1.1000000000,1,0.1207630669,0,0,0,40,917ddb7319dab651f1385c9696ed621bd4be571f4c89a053dcb0560b81d5e43f
matched_evaluation,renewable_accommodation_review,Pareto Local Search,4,reported_empirical_ref1p1_unclipped,1.1000000000,0,0.1207630669,0,0,0,40,917ddb7319dab651f1385c9696ed621bd4be571f4c89a053dcb0560b81d5e43f
matched_evaluation,renewable_accommodation_review,Pareto Local Search,4,expanded_empirical_ref1p1_unclipped,1.1000000000,0,0.1642936954,0,0,0,40,917ddb7319dab651f1385c9696ed621bd4be571f4c89a053dcb0560b81d5e43f
matched_evaluation,renewable_accommodation_review,Pareto Local Search,4,analytic_ref1p05_unclipped,1.0500000000,0,0.0143006187,0,0,0,40,917ddb7319dab651f1385c9696ed621bd4be571f4c89a053dcb0560b81d5e43f
matched_evaluation,renewable_accommodation_review,Pareto Local Search,4,analytic_ref1p1_unclipped,1.1000000000,0,0.0356399580,0,0,0,40,917ddb7319dab651f1385c9696ed621bd4be571f4c89a053dcb0560b81d5e43f
matched_evaluation,renewable_accommodation_review,Pareto Local Search,4,analytic_ref1p2_unclipped,1.2000000000,0,0.1125485932,0,0,0,40,917ddb7319dab651f1385c9696ed621bd4be571f4c89a053dcb0560b81d5e43f
matched_evaluation,renewable_accommodation_review,BiLo-NSGA,4,reported_empirical_ref1p1_clipped,1.1000000000,1,0.1559096343,0,0,0,38,83b69a78bbe13cfbce7c74a6c760f091d358c6d0ebf018c15e26a233c088e24b
matched_evaluation,renewable_accommodation_review,BiLo-NSGA,4,reported_empirical_ref1p1_unclipped,1.1000000000,0,0.1559096343,0,0,0,38,83b69a78bbe13cfbce7c74a6c760f091d358c6d0ebf018c15e26a233c088e24b
matched_evaluation,renewable_accommodation_review,BiLo-NSGA,4,expanded_empirical_ref1p1_unclipped,1.1000000000,0,0.1985454400,0,0,0,38,83b69a78bbe13cfbce7c74a6c760f091d358c6d0ebf018c15e26a233c088e24b
matched_evaluation,renewable_accommodation_review,BiLo-NSGA,4,analytic_ref1p05_unclipped,1.0500000000,0,0.0170041992,0,0,0,38,83b69a78bbe13cfbce7c74a6c760f091d358c6d0ebf018c15e26a233c088e24b
matched_evaluation,renewable_accommodation_review,BiLo-NSGA,4,analytic_ref1p1_unclipped,1.1000000000,0,0.0417959468,0,0,0,38,83b69a78bbe13cfbce7c74a6c760f091d358c6d0ebf018c15e26a233c088e24b
matched_evaluation,renewable_accommodation_review,BiLo-NSGA,4,analytic_ref1p2_unclipped,1.2000000000,0,0.1284128519,0,0,0,38,83b69a78bbe13cfbce7c74a6c760f091d358c6d0ebf018c15e26a233c088e24b
matched_evaluation,renewable_accommodation_review,Pareto Local Search,5,reported_empirical_ref1p1_clipped,1.1000000000,1,0.1201718923,0,0,0,40,6f885644ffd5b4c01f33de45a9f0a28d8aff037c1ac3a964df90a053e1383d86
matched_evaluation,renewable_accommodation_review,Pareto Local Search,5,reported_empirical_ref1p1_unclipped,1.1000000000,0,0.1201718923,0,0,0,40,6f885644ffd5b4c01f33de45a9f0a28d8aff037c1ac3a964df90a053e1383d86
matched_evaluation,renewable_accommodation_review,Pareto Local Search,5,expanded_empirical_ref1p1_unclipped,1.1000000000,0,0.1638109548,0,0,0,40,6f885644ffd5b4c01f33de45a9f0a28d8aff037c1ac3a964df90a053e1383d86
matched_evaluation,renewable_accommodation_review,Pareto Local Search,5,analytic_ref1p05_unclipped,1.0500000000,0,0.0138059118,0,0,0,40,6f885644ffd5b4c01f33de45a9f0a28d8aff037c1ac3a964df90a053e1383d86
matched_evaluation,renewable_accommodation_review,Pareto Local Search,5,analytic_ref1p1_unclipped,1.1000000000,0,0.0347137585,0,0,0,40,6f885644ffd5b4c01f33de45a9f0a28d8aff037c1ac3a964df90a053e1383d86
matched_evaluation,renewable_accommodation_review,Pareto Local Search,5,analytic_ref1p2_unclipped,1.2000000000,0,0.1106421573,0,0,0,40,6f885644ffd5b4c01f33de45a9f0a28d8aff037c1ac3a964df90a053e1383d86
matched_evaluation,renewable_accommodation_review,BiLo-NSGA,5,reported_empirical_ref1p1_clipped,1.1000000000,1,0.1605639669,0,0,0,39,92fba170ba62003622254b46794d171ea053e2cdf9f291c0e1229111d8352c0f
matched_evaluation,renewable_accommodation_review,BiLo-NSGA,5,reported_empirical_ref1p1_unclipped,1.1000000000,0,0.1605639669,0,0,0,39,92fba170ba62003622254b46794d171ea053e2cdf9f291c0e1229111d8352c0f
matched_evaluation,renewable_accommodation_review,BiLo-NSGA,5,expanded_empirical_ref1p1_unclipped,1.1000000000,0,0.2037353632,0,0,0,39,92fba170ba62003622254b46794d171ea053e2cdf9f291c0e1229111d8352c0f
matched_evaluation,renewable_accommodation_review,BiLo-NSGA,5,analytic_ref1p05_unclipped,1.0500000000,0,0.0173053722,0,0,0,39,92fba170ba62003622254b46794d171ea053e2cdf9f291c0e1229111d8352c0f
matched_evaluation,renewable_accommodation_review,BiLo-NSGA,5,analytic_ref1p1_unclipped,1.1000000000,0,0.0424536394,0,0,0,39,92fba170ba62003622254b46794d171ea053e2cdf9f291c0e1229111d8352c0f
matched_evaluation,renewable_accommodation_review,BiLo-NSGA,5,analytic_ref1p2_unclipped,1.2000000000,0,0.1301977575,0,0,0,39,92fba170ba62003622254b46794d171ea053e2cdf9f291c0e1229111d8352c0f
matched_evaluation,renewable_accommodation_review,NSGA-II,5,reported_empirical_ref1p1_clipped,1.1000000000,1,0.1742988472,5,0,5,38,07b6be824879ca550458c7caf6ed2319ae67da1279b106f72c3a05dc54e630bb
matched_evaluation,renewable_accommodation_review,NSGA-II,5,reported_empirical_ref1p1_unclipped,1.1000000000,0,0.2110306059,5,0,5,38,07b6be824879ca550458c7caf6ed2319ae67da1279b106f72c3a05dc54e630bb
matched_evaluation,renewable_accommodation_review,NSGA-II,5,expanded_empirical_ref1p1_unclipped,1.1000000000,0,0.2565413848,1,0,1,38,07b6be824879ca550458c7caf6ed2319ae67da1279b106f72c3a05dc54e630bb
matched_evaluation,renewable_accommodation_review,NSGA-II,5,analytic_ref1p05_unclipped,1.0500000000,0,0.0190162244,0,0,0,38,07b6be824879ca550458c7caf6ed2319ae67da1279b106f72c3a05dc54e630bb
matched_evaluation,renewable_accommodation_review,NSGA-II,5,analytic_ref1p1_unclipped,1.1000000000,0,0.0471603254,0,0,0,38,07b6be824879ca550458c7caf6ed2319ae67da1279b106f72c3a05dc54e630bb
matched_evaluation,renewable_accommodation_review,NSGA-II,5,analytic_ref1p2_unclipped,1.2000000000,0,0.1446452886,0,0,0,38,07b6be824879ca550458c7caf6ed2319ae67da1279b106f72c3a05dc54e630bb
matched_evaluation,renewable_accommodation_review,BiLo-NSGA,6,reported_empirical_ref1p1_clipped,1.1000000000,1,0.1665676067,0,0,0,38,4478990d253c167c062b9df01fb1b7db4f9d1d4a9d70a25b7b458ece5b5a8e57
matched_evaluation,renewable_accommodation_review,BiLo-NSGA,6,reported_empirical_ref1p1_unclipped,1.1000000000,0,0.1665676067,0,0,0,38,4478990d253c167c062b9df01fb1b7db4f9d1d4a9d70a25b7b458ece5b5a8e57
matched_evaluation,renewable_accommodation_review,BiLo-NSGA,6,expanded_empirical_ref1p1_unclipped,1.1000000000,0,0.2094348434,0,0,0,38,4478990d253c167c062b9df01fb1b7db4f9d1d4a9d70a25b7b458ece5b5a8e57
matched_evaluation,renewable_accommodation_review,BiLo-NSGA,6,analytic_ref1p05_unclipped,1.0500000000,0,0.0178006302,0,0,0,38,4478990d253c167c062b9df01fb1b7db4f9d1d4a9d70a25b7b458ece5b5a8e57
matched_evaluation,renewable_accommodation_review,BiLo-NSGA,6,analytic_ref1p1_unclipped,1.1000000000,0,0.0436265547,0,0,0,38,4478990d253c167c062b9df01fb1b7db4f9d1d4a9d70a25b7b458ece5b5a8e57
matched_evaluation,renewable_accommodation_review,BiLo-NSGA,6,analytic_ref1p2_unclipped,1.2000000000,0,0.1332122157,0,0,0,38,4478990d253c167c062b9df01fb1b7db4f9d1d4a9d70a25b7b458ece5b5a8e57
matched_evaluation,renewable_accommodation_review,NSGA-II,6,reported_empirical_ref1p1_clipped,1.1000000000,1,0.1758110585,6,0,6,37,4a795c572a8b8dcfa4f1a759b2538810d21d7fcd3414aaa579f55bca26409303
matched_evaluation,renewable_accommodation_review,NSGA-II,6,reported_empirical_ref1p1_unclipped,1.1000000000,0,0.2028383250,6,0,6,37,4a795c572a8b8dcfa4f1a759b2538810d21d7fcd3414aaa579f55bca26409303
matched_evaluation,renewable_accommodation_review,NSGA-II,6,expanded_empirical_ref1p1_unclipped,1.1000000000,0,0.2477791888,0,0,0,37,4a795c572a8b8dcfa4f1a759b2538810d21d7fcd3414aaa579f55bca26409303
matched_evaluation,renewable_accommodation_review,NSGA-II,6,analytic_ref1p05_unclipped,1.0500000000,0,0.0199786685,0,0,0,37,4a795c572a8b8dcfa4f1a759b2538810d21d7fcd3414aaa579f55bca26409303
matched_evaluation,renewable_accommodation_review,NSGA-II,6,analytic_ref1p1_unclipped,1.1000000000,0,0.0489389351,0,0,0,37,4a795c572a8b8dcfa4f1a759b2538810d21d7fcd3414aaa579f55bca26409303
matched_evaluation,renewable_accommodation_review,NSGA-II,6,analytic_ref1p2_unclipped,1.2000000000,0,0.1478145848,0,0,0,37,4a795c572a8b8dcfa4f1a759b2538810d21d7fcd3414aaa579f55bca26409303
matched_evaluation,renewable_accommodation_review,Pareto Local Search,6,reported_empirical_ref1p1_clipped,1.1000000000,1,0.1160228006,0,0,0,40,b5f4f5e197bbb730b3896f89ba8f773e1956c982450362a87b4e0fc106e9aa12
matched_evaluation,renewable_accommodation_review,Pareto Local Search,6,reported_empirical_ref1p1_unclipped,1.1000000000,0,0.1160228006,0,0,0,40,b5f4f5e197bbb730b3896f89ba8f773e1956c982450362a87b4e0fc106e9aa12
matched_evaluation,renewable_accommodation_review,Pareto Local Search,6,expanded_empirical_ref1p1_unclipped,1.1000000000,0,0.1597948819,0,0,0,40,b5f4f5e197bbb730b3896f89ba8f773e1956c982450362a87b4e0fc106e9aa12
matched_evaluation,renewable_accommodation_review,Pareto Local Search,6,analytic_ref1p05_unclipped,1.0500000000,0,0.0138020171,0,0,0,40,b5f4f5e197bbb730b3896f89ba8f773e1956c982450362a87b4e0fc106e9aa12
matched_evaluation,renewable_accommodation_review,Pareto Local Search,6,analytic_ref1p1_unclipped,1.1000000000,0,0.0346507345,0,0,0,40,b5f4f5e197bbb730b3896f89ba8f773e1956c982450362a87b4e0fc106e9aa12
matched_evaluation,renewable_accommodation_review,Pareto Local Search,6,analytic_ref1p2_unclipped,1.2000000000,0,0.1102036109,0,0,0,40,b5f4f5e197bbb730b3896f89ba8f773e1956c982450362a87b4e0fc106e9aa12
matched_evaluation,renewable_accommodation_review,NSGA-II,7,reported_empirical_ref1p1_clipped,1.1000000000,1,0.1768033918,2,0,2,38,54b68fa11edd541196e870fc7520532b9df9513ab04340c7f01a9065422b554e
matched_evaluation,renewable_accommodation_review,NSGA-II,7,reported_empirical_ref1p1_unclipped,1.1000000000,0,0.1906776696,2,0,2,38,54b68fa11edd541196e870fc7520532b9df9513ab04340c7f01a9065422b554e
matched_evaluation,renewable_accommodation_review,NSGA-II,7,expanded_empirical_ref1p1_unclipped,1.1000000000,0,0.2346466592,0,0,0,38,54b68fa11edd541196e870fc7520532b9df9513ab04340c7f01a9065422b554e
matched_evaluation,renewable_accommodation_review,NSGA-II,7,analytic_ref1p05_unclipped,1.0500000000,0,0.0191738860,0,0,0,38,54b68fa11edd541196e870fc7520532b9df9513ab04340c7f01a9065422b554e
matched_evaluation,renewable_accommodation_review,NSGA-II,7,analytic_ref1p1_unclipped,1.1000000000,0,0.0470110082,0,0,0,38,54b68fa11edd541196e870fc7520532b9df9513ab04340c7f01a9065422b554e
matched_evaluation,renewable_accommodation_review,NSGA-II,7,analytic_ref1p2_unclipped,1.2000000000,0,0.1424556116,0,0,0,38,54b68fa11edd541196e870fc7520532b9df9513ab04340c7f01a9065422b554e
matched_evaluation,renewable_accommodation_review,Pareto Local Search,7,reported_empirical_ref1p1_clipped,1.1000000000,1,0.1373194587,0,0,0,40,d44b7a437d734eb7d6b5aacd35a055f1a41993cd78bedd08de81652e9de25ad6
matched_evaluation,renewable_accommodation_review,Pareto Local Search,7,reported_empirical_ref1p1_unclipped,1.1000000000,0,0.1373194587,0,0,0,40,d44b7a437d734eb7d6b5aacd35a055f1a41993cd78bedd08de81652e9de25ad6
matched_evaluation,renewable_accommodation_review,Pareto Local Search,7,expanded_empirical_ref1p1_unclipped,1.1000000000,0,0.1811316751,0,0,0,40,d44b7a437d734eb7d6b5aacd35a055f1a41993cd78bedd08de81652e9de25ad6
matched_evaluation,renewable_accommodation_review,Pareto Local Search,7,analytic_ref1p05_unclipped,1.0500000000,0,0.0146383120,0,0,0,40,d44b7a437d734eb7d6b5aacd35a055f1a41993cd78bedd08de81652e9de25ad6
matched_evaluation,renewable_accommodation_review,Pareto Local Search,7,analytic_ref1p1_unclipped,1.1000000000,0,0.0366798526,0,0,0,40,d44b7a437d734eb7d6b5aacd35a055f1a41993cd78bedd08de81652e9de25ad6
matched_evaluation,renewable_accommodation_review,Pareto Local Search,7,analytic_ref1p2_unclipped,1.2000000000,0,0.1160072017,0,0,0,40,d44b7a437d734eb7d6b5aacd35a055f1a41993cd78bedd08de81652e9de25ad6
matched_evaluation,renewable_accommodation_review,BiLo-NSGA,7,reported_empirical_ref1p1_clipped,1.1000000000,1,0.1701401114,0,0,0,38,e9375603f4121e87134a320504689f6615a0c2aa6c32c4e499b695df284cb033
matched_evaluation,renewable_accommodation_review,BiLo-NSGA,7,reported_empirical_ref1p1_unclipped,1.1000000000,0,0.1701401114,0,0,0,38,e9375603f4121e87134a320504689f6615a0c2aa6c32c4e499b695df284cb033
matched_evaluation,renewable_accommodation_review,BiLo-NSGA,7,expanded_empirical_ref1p1_unclipped,1.1000000000,0,0.2137214165,0,0,0,38,e9375603f4121e87134a320504689f6615a0c2aa6c32c4e499b695df284cb033
matched_evaluation,renewable_accommodation_review,BiLo-NSGA,7,analytic_ref1p05_unclipped,1.0500000000,0,0.0168858104,0,0,0,38,e9375603f4121e87134a320504689f6615a0c2aa6c32c4e499b695df284cb033
matched_evaluation,renewable_accommodation_review,BiLo-NSGA,7,analytic_ref1p1_unclipped,1.1000000000,0,0.0419773992,0,0,0,38,e9375603f4121e87134a320504689f6615a0c2aa6c32c4e499b695df284cb033
matched_evaluation,renewable_accommodation_review,BiLo-NSGA,7,analytic_ref1p2_unclipped,1.2000000000,0,0.1302294434,0,0,0,38,e9375603f4121e87134a320504689f6615a0c2aa6c32c4e499b695df284cb033
matched_evaluation,renewable_accommodation_review,Pareto Local Search,8,reported_empirical_ref1p1_clipped,1.1000000000,1,0.1261704916,0,0,0,40,8c76c3a20c26ca49f9c1e9c4dcf1adac715176820bfbad3275fbb71b12b00ba2
matched_evaluation,renewable_accommodation_review,Pareto Local Search,8,reported_empirical_ref1p1_unclipped,1.1000000000,0,0.1261704916,0,0,0,40,8c76c3a20c26ca49f9c1e9c4dcf1adac715176820bfbad3275fbb71b12b00ba2
matched_evaluation,renewable_accommodation_review,Pareto Local Search,8,expanded_empirical_ref1p1_unclipped,1.1000000000,0,0.1697416461,0,0,0,40,8c76c3a20c26ca49f9c1e9c4dcf1adac715176820bfbad3275fbb71b12b00ba2
matched_evaluation,renewable_accommodation_review,Pareto Local Search,8,analytic_ref1p05_unclipped,1.0500000000,0,0.0146055608,0,0,0,40,8c76c3a20c26ca49f9c1e9c4dcf1adac715176820bfbad3275fbb71b12b00ba2
matched_evaluation,renewable_accommodation_review,Pareto Local Search,8,analytic_ref1p1_unclipped,1.1000000000,0,0.0364357661,0,0,0,40,8c76c3a20c26ca49f9c1e9c4dcf1adac715176820bfbad3275fbb71b12b00ba2
matched_evaluation,renewable_accommodation_review,Pareto Local Search,8,analytic_ref1p2_unclipped,1.2000000000,0,0.1147656470,0,0,0,40,8c76c3a20c26ca49f9c1e9c4dcf1adac715176820bfbad3275fbb71b12b00ba2
matched_evaluation,renewable_accommodation_review,BiLo-NSGA,8,reported_empirical_ref1p1_clipped,1.1000000000,1,0.1633760276,0,0,0,39,76294474d645b0cd0c7006c27341811099cc5ed18d0cca1a607f59c3f1139b37
matched_evaluation,renewable_accommodation_review,BiLo-NSGA,8,reported_empirical_ref1p1_unclipped,1.1000000000,0,0.1633760276,0,0,0,39,76294474d645b0cd0c7006c27341811099cc5ed18d0cca1a607f59c3f1139b37
matched_evaluation,renewable_accommodation_review,BiLo-NSGA,8,expanded_empirical_ref1p1_unclipped,1.1000000000,0,0.2065200515,0,0,0,39,76294474d645b0cd0c7006c27341811099cc5ed18d0cca1a607f59c3f1139b37
matched_evaluation,renewable_accommodation_review,BiLo-NSGA,8,analytic_ref1p05_unclipped,1.0500000000,0,0.0180169468,0,0,0,39,76294474d645b0cd0c7006c27341811099cc5ed18d0cca1a607f59c3f1139b37
matched_evaluation,renewable_accommodation_review,BiLo-NSGA,8,analytic_ref1p1_unclipped,1.1000000000,0,0.0439091378,0,0,0,39,76294474d645b0cd0c7006c27341811099cc5ed18d0cca1a607f59c3f1139b37
matched_evaluation,renewable_accommodation_review,BiLo-NSGA,8,analytic_ref1p2_unclipped,1.2000000000,0,0.1334668456,0,0,0,39,76294474d645b0cd0c7006c27341811099cc5ed18d0cca1a607f59c3f1139b37
matched_evaluation,renewable_accommodation_review,NSGA-II,8,reported_empirical_ref1p1_clipped,1.1000000000,1,0.1764766312,4,0,4,38,38a52578281747e47b381247f7218a84ecd851d069fc8f1247e2c28067401fbc
matched_evaluation,renewable_accommodation_review,NSGA-II,8,reported_empirical_ref1p1_unclipped,1.1000000000,0,0.2055024399,4,0,4,38,38a52578281747e47b381247f7218a84ecd851d069fc8f1247e2c28067401fbc
matched_evaluation,renewable_accommodation_review,NSGA-II,8,expanded_empirical_ref1p1_unclipped,1.1000000000,0,0.2501852320,0,0,0,38,38a52578281747e47b381247f7218a84ecd851d069fc8f1247e2c28067401fbc
matched_evaluation,renewable_accommodation_review,NSGA-II,8,analytic_ref1p05_unclipped,1.0500000000,0,0.0194963233,0,0,0,38,38a52578281747e47b381247f7218a84ecd851d069fc8f1247e2c28067401fbc
matched_evaluation,renewable_accommodation_review,NSGA-II,8,analytic_ref1p1_unclipped,1.1000000000,0,0.0479091591,0,0,0,38,38a52578281747e47b381247f7218a84ecd851d069fc8f1247e2c28067401fbc
matched_evaluation,renewable_accommodation_review,NSGA-II,8,analytic_ref1p2_unclipped,1.2000000000,0,0.1457645309,0,0,0,38,38a52578281747e47b381247f7218a84ecd851d069fc8f1247e2c28067401fbc
matched_evaluation,renewable_accommodation_review,BiLo-NSGA,9,reported_empirical_ref1p1_clipped,1.1000000000,1,0.1544470416,0,0,0,39,9db9b39e0e702a09801611566bafcdb037ec1d58f9b3559d67a56aeefe1ddf10
matched_evaluation,renewable_accommodation_review,BiLo-NSGA,9,reported_empirical_ref1p1_unclipped,1.1000000000,0,0.1544470416,0,0,0,39,9db9b39e0e702a09801611566bafcdb037ec1d58f9b3559d67a56aeefe1ddf10
matched_evaluation,renewable_accommodation_review,BiLo-NSGA,9,expanded_empirical_ref1p1_unclipped,1.1000000000,0,0.1975452979,0,0,0,39,9db9b39e0e702a09801611566bafcdb037ec1d58f9b3559d67a56aeefe1ddf10
matched_evaluation,renewable_accommodation_review,BiLo-NSGA,9,analytic_ref1p05_unclipped,1.0500000000,0,0.0161411388,0,0,0,39,9db9b39e0e702a09801611566bafcdb037ec1d58f9b3559d67a56aeefe1ddf10
matched_evaluation,renewable_accommodation_review,BiLo-NSGA,9,analytic_ref1p1_unclipped,1.1000000000,0,0.0400765114,0,0,0,39,9db9b39e0e702a09801611566bafcdb037ec1d58f9b3559d67a56aeefe1ddf10
matched_evaluation,renewable_accommodation_review,BiLo-NSGA,9,analytic_ref1p2_unclipped,1.2000000000,0,0.1247593447,0,0,0,39,9db9b39e0e702a09801611566bafcdb037ec1d58f9b3559d67a56aeefe1ddf10
matched_evaluation,renewable_accommodation_review,NSGA-II,9,reported_empirical_ref1p1_clipped,1.1000000000,1,0.1755935870,3,0,3,37,97efcbd47bd19eaeaa316993b67288ab7afcc8bf4fc9dad4acb98c24e0321388
matched_evaluation,renewable_accommodation_review,NSGA-II,9,reported_empirical_ref1p1_unclipped,1.1000000000,0,0.2051485232,3,0,3,37,97efcbd47bd19eaeaa316993b67288ab7afcc8bf4fc9dad4acb98c24e0321388
matched_evaluation,renewable_accommodation_review,NSGA-II,9,expanded_empirical_ref1p1_unclipped,1.1000000000,0,0.2501832802,0,0,0,37,97efcbd47bd19eaeaa316993b67288ab7afcc8bf4fc9dad4acb98c24e0321388
matched_evaluation,renewable_accommodation_review,NSGA-II,9,analytic_ref1p05_unclipped,1.0500000000,0,0.0188341349,0,0,0,37,97efcbd47bd19eaeaa316993b67288ab7afcc8bf4fc9dad4acb98c24e0321388
matched_evaluation,renewable_accommodation_review,NSGA-II,9,analytic_ref1p1_unclipped,1.1000000000,0,0.0466744902,0,0,0,37,97efcbd47bd19eaeaa316993b67288ab7afcc8bf4fc9dad4acb98c24e0321388
matched_evaluation,renewable_accommodation_review,NSGA-II,9,analytic_ref1p2_unclipped,1.2000000000,0,0.1432898053,0,0,0,37,97efcbd47bd19eaeaa316993b67288ab7afcc8bf4fc9dad4acb98c24e0321388
matched_evaluation,renewable_accommodation_review,Pareto Local Search,9,reported_empirical_ref1p1_clipped,1.1000000000,1,0.1209549822,0,0,0,40,1ec6305aac4a66e0aa3e7779c2514a2d946eb6b4f364af57ff058880a7877068
matched_evaluation,renewable_accommodation_review,Pareto Local Search,9,reported_empirical_ref1p1_unclipped,1.1000000000,0,0.1209549822,0,0,0,40,1ec6305aac4a66e0aa3e7779c2514a2d946eb6b4f364af57ff058880a7877068
matched_evaluation,renewable_accommodation_review,Pareto Local Search,9,expanded_empirical_ref1p1_unclipped,1.1000000000,0,0.1644716911,0,0,0,40,1ec6305aac4a66e0aa3e7779c2514a2d946eb6b4f364af57ff058880a7877068
matched_evaluation,renewable_accommodation_review,Pareto Local Search,9,analytic_ref1p05_unclipped,1.0500000000,0,0.0143942892,0,0,0,40,1ec6305aac4a66e0aa3e7779c2514a2d946eb6b4f364af57ff058880a7877068
matched_evaluation,renewable_accommodation_review,Pareto Local Search,9,analytic_ref1p1_unclipped,1.1000000000,0,0.0358884893,0,0,0,40,1ec6305aac4a66e0aa3e7779c2514a2d946eb6b4f364af57ff058880a7877068
matched_evaluation,renewable_accommodation_review,Pareto Local Search,9,analytic_ref1p2_unclipped,1.2000000000,0,0.1131452064,0,0,0,40,1ec6305aac4a66e0aa3e7779c2514a2d946eb6b4f364af57ff058880a7877068
matched_evaluation,renewable_accommodation_review,NSGA-II,10,reported_empirical_ref1p1_clipped,1.1000000000,1,0.1753017812,6,0,6,38,d51f4afe7645c3be963cbd037b72698a2f2c233356ea79123f179839ece8d276
matched_evaluation,renewable_accommodation_review,NSGA-II,10,reported_empirical_ref1p1_unclipped,1.1000000000,0,0.1989609031,6,0,6,38,d51f4afe7645c3be963cbd037b72698a2f2c233356ea79123f179839ece8d276
matched_evaluation,renewable_accommodation_review,NSGA-II,10,expanded_empirical_ref1p1_unclipped,1.1000000000,0,0.2432596095,0,0,0,38,d51f4afe7645c3be963cbd037b72698a2f2c233356ea79123f179839ece8d276
matched_evaluation,renewable_accommodation_review,NSGA-II,10,analytic_ref1p05_unclipped,1.0500000000,0,0.0181855215,0,0,0,38,d51f4afe7645c3be963cbd037b72698a2f2c233356ea79123f179839ece8d276
matched_evaluation,renewable_accommodation_review,NSGA-II,10,analytic_ref1p1_unclipped,1.1000000000,0,0.0451020467,0,0,0,38,d51f4afe7645c3be963cbd037b72698a2f2c233356ea79123f179839ece8d276
matched_evaluation,renewable_accommodation_review,NSGA-II,10,analytic_ref1p2_unclipped,1.2000000000,0,0.1390892281,0,0,0,38,d51f4afe7645c3be963cbd037b72698a2f2c233356ea79123f179839ece8d276
matched_evaluation,renewable_accommodation_review,Pareto Local Search,10,reported_empirical_ref1p1_clipped,1.1000000000,1,0.1210374544,0,0,0,40,5fba5fe07069f3bb448ef9c8ac0fd0e12c08bc962b4cf07adec9de186ecd8f5e
matched_evaluation,renewable_accommodation_review,Pareto Local Search,10,reported_empirical_ref1p1_unclipped,1.1000000000,0,0.1210374544,0,0,0,40,5fba5fe07069f3bb448ef9c8ac0fd0e12c08bc962b4cf07adec9de186ecd8f5e
matched_evaluation,renewable_accommodation_review,Pareto Local Search,10,expanded_empirical_ref1p1_unclipped,1.1000000000,0,0.1645267832,0,0,0,40,5fba5fe07069f3bb448ef9c8ac0fd0e12c08bc962b4cf07adec9de186ecd8f5e
matched_evaluation,renewable_accommodation_review,Pareto Local Search,10,analytic_ref1p05_unclipped,1.0500000000,0,0.0144490320,0,0,0,40,5fba5fe07069f3bb448ef9c8ac0fd0e12c08bc962b4cf07adec9de186ecd8f5e
matched_evaluation,renewable_accommodation_review,Pareto Local Search,10,analytic_ref1p1_unclipped,1.1000000000,0,0.0359769673,0,0,0,40,5fba5fe07069f3bb448ef9c8ac0fd0e12c08bc962b4cf07adec9de186ecd8f5e
matched_evaluation,renewable_accommodation_review,Pareto Local Search,10,analytic_ref1p2_unclipped,1.2000000000,0,0.1133139687,0,0,0,40,5fba5fe07069f3bb448ef9c8ac0fd0e12c08bc962b4cf07adec9de186ecd8f5e
matched_evaluation,renewable_accommodation_review,BiLo-NSGA,10,reported_empirical_ref1p1_clipped,1.1000000000,1,0.1700193286,0,0,0,37,bad5f28761079949a5a781b64eebb7c98778c750494e6465b8c0031a005d5536
matched_evaluation,renewable_accommodation_review,BiLo-NSGA,10,reported_empirical_ref1p1_unclipped,1.1000000000,0,0.1700193286,0,0,0,37,bad5f28761079949a5a781b64eebb7c98778c750494e6465b8c0031a005d5536
matched_evaluation,renewable_accommodation_review,BiLo-NSGA,10,expanded_empirical_ref1p1_unclipped,1.1000000000,0,0.2130061604,0,0,0,37,bad5f28761079949a5a781b64eebb7c98778c750494e6465b8c0031a005d5536
matched_evaluation,renewable_accommodation_review,BiLo-NSGA,10,analytic_ref1p05_unclipped,1.0500000000,0,0.0175702245,0,0,0,37,bad5f28761079949a5a781b64eebb7c98778c750494e6465b8c0031a005d5536
matched_evaluation,renewable_accommodation_review,BiLo-NSGA,10,analytic_ref1p1_unclipped,1.1000000000,0,0.0431387543,0,0,0,37,bad5f28761079949a5a781b64eebb7c98778c750494e6465b8c0031a005d5536
matched_evaluation,renewable_accommodation_review,BiLo-NSGA,10,analytic_ref1p2_unclipped,1.2000000000,0,0.1323788292,0,0,0,37,bad5f28761079949a5a781b64eebb7c98778c750494e6465b8c0031a005d5536
matched_evaluation,renewable_accommodation_review,Pareto Local Search,11,reported_empirical_ref1p1_clipped,1.1000000000,1,0.1225048205,0,0,0,40,bf1a5517870b4e31a9815a9b9015a3ea650ba2a2ed744392bfa5f1924a30c0bb
matched_evaluation,renewable_accommodation_review,Pareto Local Search,11,reported_empirical_ref1p1_unclipped,1.1000000000,0,0.1225048205,0,0,0,40,bf1a5517870b4e31a9815a9b9015a3ea650ba2a2ed744392bfa5f1924a30c0bb
matched_evaluation,renewable_accommodation_review,Pareto Local Search,11,expanded_empirical_ref1p1_unclipped,1.1000000000,0,0.1659408936,0,0,0,40,bf1a5517870b4e31a9815a9b9015a3ea650ba2a2ed744392bfa5f1924a30c0bb
matched_evaluation,renewable_accommodation_review,Pareto Local Search,11,analytic_ref1p05_unclipped,1.0500000000,0,0.0150165003,0,0,0,40,bf1a5517870b4e31a9815a9b9015a3ea650ba2a2ed744392bfa5f1924a30c0bb
matched_evaluation,renewable_accommodation_review,Pareto Local Search,11,analytic_ref1p1_unclipped,1.1000000000,0,0.0371895195,0,0,0,40,bf1a5517870b4e31a9815a9b9015a3ea650ba2a2ed744392bfa5f1924a30c0bb
matched_evaluation,renewable_accommodation_review,Pareto Local Search,11,analytic_ref1p2_unclipped,1.2000000000,0,0.1160315220,0,0,0,40,bf1a5517870b4e31a9815a9b9015a3ea650ba2a2ed744392bfa5f1924a30c0bb
matched_evaluation,renewable_accommodation_review,BiLo-NSGA,11,reported_empirical_ref1p1_clipped,1.1000000000,1,0.1534737037,0,0,0,39,bafe590a2fa1cb28b9a8cc552e9fd185c4c4060fcd440efe80ac270d5d26e850
matched_evaluation,renewable_accommodation_review,BiLo-NSGA,11,reported_empirical_ref1p1_unclipped,1.1000000000,0,0.1534737037,0,0,0,39,bafe590a2fa1cb28b9a8cc552e9fd185c4c4060fcd440efe80ac270d5d26e850
matched_evaluation,renewable_accommodation_review,BiLo-NSGA,11,expanded_empirical_ref1p1_unclipped,1.1000000000,0,0.1967453497,0,0,0,39,bafe590a2fa1cb28b9a8cc552e9fd185c4c4060fcd440efe80ac270d5d26e850
matched_evaluation,renewable_accommodation_review,BiLo-NSGA,11,analytic_ref1p05_unclipped,1.0500000000,0,0.0153993898,0,0,0,39,bafe590a2fa1cb28b9a8cc552e9fd185c4c4060fcd440efe80ac270d5d26e850
matched_evaluation,renewable_accommodation_review,BiLo-NSGA,11,analytic_ref1p1_unclipped,1.1000000000,0,0.0386169441,0,0,0,39,bafe590a2fa1cb28b9a8cc552e9fd185c4c4060fcd440efe80ac270d5d26e850
matched_evaluation,renewable_accommodation_review,BiLo-NSGA,11,analytic_ref1p2_unclipped,1.2000000000,0,0.1216704892,0,0,0,39,bafe590a2fa1cb28b9a8cc552e9fd185c4c4060fcd440efe80ac270d5d26e850
matched_evaluation,renewable_accommodation_review,NSGA-II,11,reported_empirical_ref1p1_clipped,1.1000000000,1,0.1749305445,4,0,4,39,ec4aa3e77a7b5755036727d4f6fe1f0acdb9d52bfe0534d9455e5ab001f282a2
matched_evaluation,renewable_accommodation_review,NSGA-II,11,reported_empirical_ref1p1_unclipped,1.1000000000,0,0.1992222034,4,0,4,39,ec4aa3e77a7b5755036727d4f6fe1f0acdb9d52bfe0534d9455e5ab001f282a2
matched_evaluation,renewable_accommodation_review,NSGA-II,11,expanded_empirical_ref1p1_unclipped,1.1000000000,0,0.2442196328,0,0,0,39,ec4aa3e77a7b5755036727d4f6fe1f0acdb9d52bfe0534d9455e5ab001f282a2
matched_evaluation,renewable_accommodation_review,NSGA-II,11,analytic_ref1p05_unclipped,1.0500000000,0,0.0185572198,0,0,0,39,ec4aa3e77a7b5755036727d4f6fe1f0acdb9d52bfe0534d9455e5ab001f282a2
matched_evaluation,renewable_accommodation_review,NSGA-II,11,analytic_ref1p1_unclipped,1.1000000000,0,0.0460019939,0,0,0,39,ec4aa3e77a7b5755036727d4f6fe1f0acdb9d52bfe0534d9455e5ab001f282a2
matched_evaluation,renewable_accommodation_review,NSGA-II,11,analytic_ref1p2_unclipped,1.2000000000,0,0.1413180856,0,0,0,39,ec4aa3e77a7b5755036727d4f6fe1f0acdb9d52bfe0534d9455e5ab001f282a2
matched_evaluation,renewable_accommodation_review,BiLo-NSGA,12,reported_empirical_ref1p1_clipped,1.1000000000,1,0.1750575423,1,0,1,38,02c6046817911350e7451b26867a93d446f7c0adcdb365a03f718c5393fdb650
matched_evaluation,renewable_accommodation_review,BiLo-NSGA,12,reported_empirical_ref1p1_unclipped,1.1000000000,0,0.1782439608,1,0,1,38,02c6046817911350e7451b26867a93d446f7c0adcdb365a03f718c5393fdb650
matched_evaluation,renewable_accommodation_review,BiLo-NSGA,12,expanded_empirical_ref1p1_unclipped,1.1000000000,0,0.2219579359,0,0,0,38,02c6046817911350e7451b26867a93d446f7c0adcdb365a03f718c5393fdb650
matched_evaluation,renewable_accommodation_review,BiLo-NSGA,12,analytic_ref1p05_unclipped,1.0500000000,0,0.0177702111,0,0,0,38,02c6046817911350e7451b26867a93d446f7c0adcdb365a03f718c5393fdb650
matched_evaluation,renewable_accommodation_review,BiLo-NSGA,12,analytic_ref1p1_unclipped,1.1000000000,0,0.0437477943,0,0,0,38,02c6046817911350e7451b26867a93d446f7c0adcdb365a03f718c5393fdb650
matched_evaluation,renewable_accommodation_review,BiLo-NSGA,12,analytic_ref1p2_unclipped,1.2000000000,0,0.1344725493,0,0,0,38,02c6046817911350e7451b26867a93d446f7c0adcdb365a03f718c5393fdb650
matched_evaluation,renewable_accommodation_review,NSGA-II,12,reported_empirical_ref1p1_clipped,1.1000000000,1,0.1758032587,3,0,3,38,af39481dd3d10d15e5d1b0302ca292178a81ca1cb26b491f88fbd2165a01ff22
matched_evaluation,renewable_accommodation_review,NSGA-II,12,reported_empirical_ref1p1_unclipped,1.1000000000,0,0.2057258746,3,0,3,38,af39481dd3d10d15e5d1b0302ca292178a81ca1cb26b491f88fbd2165a01ff22
matched_evaluation,renewable_accommodation_review,NSGA-II,12,expanded_empirical_ref1p1_unclipped,1.1000000000,0,0.2508805969,0,0,0,38,af39481dd3d10d15e5d1b0302ca292178a81ca1cb26b491f88fbd2165a01ff22
matched_evaluation,renewable_accommodation_review,NSGA-II,12,analytic_ref1p05_unclipped,1.0500000000,0,0.0192109394,0,0,0,38,af39481dd3d10d15e5d1b0302ca292178a81ca1cb26b491f88fbd2165a01ff22
matched_evaluation,renewable_accommodation_review,NSGA-II,12,analytic_ref1p1_unclipped,1.1000000000,0,0.0474888878,0,0,0,38,af39481dd3d10d15e5d1b0302ca292178a81ca1cb26b491f88fbd2165a01ff22
matched_evaluation,renewable_accommodation_review,NSGA-II,12,analytic_ref1p2_unclipped,1.2000000000,0,0.1450918126,0,0,0,38,af39481dd3d10d15e5d1b0302ca292178a81ca1cb26b491f88fbd2165a01ff22
matched_evaluation,renewable_accommodation_review,Pareto Local Search,12,reported_empirical_ref1p1_clipped,1.1000000000,1,0.1218245733,0,0,0,40,d2288b935e87257bd14a19275abbaaef84fea9d9d52788fbead3c434cf56bca7
matched_evaluation,renewable_accommodation_review,Pareto Local Search,12,reported_empirical_ref1p1_unclipped,1.1000000000,0,0.1218245733,0,0,0,40,d2288b935e87257bd14a19275abbaaef84fea9d9d52788fbead3c434cf56bca7
matched_evaluation,renewable_accommodation_review,Pareto Local Search,12,expanded_empirical_ref1p1_unclipped,1.1000000000,0,0.1652095878,0,0,0,40,d2288b935e87257bd14a19275abbaaef84fea9d9d52788fbead3c434cf56bca7
matched_evaluation,renewable_accommodation_review,Pareto Local Search,12,analytic_ref1p05_unclipped,1.0500000000,0,0.0150230403,0,0,0,40,d2288b935e87257bd14a19275abbaaef84fea9d9d52788fbead3c434cf56bca7
matched_evaluation,renewable_accommodation_review,Pareto Local Search,12,analytic_ref1p1_unclipped,1.1000000000,0,0.0371507854,0,0,0,40,d2288b935e87257bd14a19275abbaaef84fea9d9d52788fbead3c434cf56bca7
matched_evaluation,renewable_accommodation_review,Pareto Local Search,12,analytic_ref1p2_unclipped,1.2000000000,0,0.1158468212,0,0,0,40,d2288b935e87257bd14a19275abbaaef84fea9d9d52788fbead3c434cf56bca7
matched_evaluation,renewable_accommodation_review,NSGA-II,13,reported_empirical_ref1p1_clipped,1.1000000000,1,0.1765089232,5,0,5,39,886968fb443e29d57a3ac18fae23a3c2d03bd688586d3ab208f112f0aff88fb9
matched_evaluation,renewable_accommodation_review,NSGA-II,13,reported_empirical_ref1p1_unclipped,1.1000000000,0,0.1977667859,5,0,5,39,886968fb443e29d57a3ac18fae23a3c2d03bd688586d3ab208f112f0aff88fb9
matched_evaluation,renewable_accommodation_review,NSGA-II,13,expanded_empirical_ref1p1_unclipped,1.1000000000,0,0.2421709614,0,0,0,39,886968fb443e29d57a3ac18fae23a3c2d03bd688586d3ab208f112f0aff88fb9
matched_evaluation,renewable_accommodation_review,NSGA-II,13,analytic_ref1p05_unclipped,1.0500000000,0,0.0203355377,0,0,0,39,886968fb443e29d57a3ac18fae23a3c2d03bd688586d3ab208f112f0aff88fb9
matched_evaluation,renewable_accommodation_review,NSGA-II,13,analytic_ref1p1_unclipped,1.1000000000,0,0.0494989941,0,0,0,39,886968fb443e29d57a3ac18fae23a3c2d03bd688586d3ab208f112f0aff88fb9
matched_evaluation,renewable_accommodation_review,NSGA-II,13,analytic_ref1p2_unclipped,1.2000000000,0,0.1482811162,0,0,0,39,886968fb443e29d57a3ac18fae23a3c2d03bd688586d3ab208f112f0aff88fb9
matched_evaluation,renewable_accommodation_review,Pareto Local Search,13,reported_empirical_ref1p1_clipped,1.1000000000,1,0.1201933413,0,0,0,40,c7bd990730e8d536e37d9fa78ed79aad1fafd07d60ae261bcaf06efdcb42692c
matched_evaluation,renewable_accommodation_review,Pareto Local Search,13,reported_empirical_ref1p1_unclipped,1.1000000000,0,0.1201933413,0,0,0,40,c7bd990730e8d536e37d9fa78ed79aad1fafd07d60ae261bcaf06efdcb42692c
matched_evaluation,renewable_accommodation_review,Pareto Local Search,13,expanded_empirical_ref1p1_unclipped,1.1000000000,0,0.1638848767,0,0,0,40,c7bd990730e8d536e37d9fa78ed79aad1fafd07d60ae261bcaf06efdcb42692c
matched_evaluation,renewable_accommodation_review,Pareto Local Search,13,analytic_ref1p05_unclipped,1.0500000000,0,0.0138446238,0,0,0,40,c7bd990730e8d536e37d9fa78ed79aad1fafd07d60ae261bcaf06efdcb42692c
matched_evaluation,renewable_accommodation_review,Pareto Local Search,13,analytic_ref1p1_unclipped,1.1000000000,0,0.0347636205,0,0,0,40,c7bd990730e8d536e37d9fa78ed79aad1fafd07d60ae261bcaf06efdcb42692c
matched_evaluation,renewable_accommodation_review,Pareto Local Search,13,analytic_ref1p2_unclipped,1.2000000000,0,0.1107197840,0,0,0,40,c7bd990730e8d536e37d9fa78ed79aad1fafd07d60ae261bcaf06efdcb42692c
matched_evaluation,renewable_accommodation_review,BiLo-NSGA,13,reported_empirical_ref1p1_clipped,1.1000000000,1,0.1666638809,0,0,0,39,db12dd0f3461ff1f8bd386157d18dc66cb1ef6a8abcae5e9d49de6f4b6eed225
matched_evaluation,renewable_accommodation_review,BiLo-NSGA,13,reported_empirical_ref1p1_unclipped,1.1000000000,0,0.1666638809,0,0,0,39,db12dd0f3461ff1f8bd386157d18dc66cb1ef6a8abcae5e9d49de6f4b6eed225
matched_evaluation,renewable_accommodation_review,BiLo-NSGA,13,expanded_empirical_ref1p1_unclipped,1.1000000000,0,0.2094845979,0,0,0,39,db12dd0f3461ff1f8bd386157d18dc66cb1ef6a8abcae5e9d49de6f4b6eed225
matched_evaluation,renewable_accommodation_review,BiLo-NSGA,13,analytic_ref1p05_unclipped,1.0500000000,0,0.0178182933,0,0,0,39,db12dd0f3461ff1f8bd386157d18dc66cb1ef6a8abcae5e9d49de6f4b6eed225
matched_evaluation,renewable_accommodation_review,BiLo-NSGA,13,analytic_ref1p1_unclipped,1.1000000000,0,0.0436088245,0,0,0,39,db12dd0f3461ff1f8bd386157d18dc66cb1ef6a8abcae5e9d49de6f4b6eed225
matched_evaluation,renewable_accommodation_review,BiLo-NSGA,13,analytic_ref1p2_unclipped,1.2000000000,0,0.1331147272,0,0,0,39,db12dd0f3461ff1f8bd386157d18dc66cb1ef6a8abcae5e9d49de6f4b6eed225
matched_evaluation,renewable_accommodation_review,Pareto Local Search,14,reported_empirical_ref1p1_clipped,1.1000000000,1,0.1250993094,0,0,0,40,4f9f88e6bfdd649ddbff952da65d61c3c40548508ffaff289efa27b9b8182b77
matched_evaluation,renewable_accommodation_review,Pareto Local Search,14,reported_empirical_ref1p1_unclipped,1.1000000000,0,0.1250993094,0,0,0,40,4f9f88e6bfdd649ddbff952da65d61c3c40548508ffaff289efa27b9b8182b77
matched_evaluation,renewable_accommodation_review,Pareto Local Search,14,expanded_empirical_ref1p1_unclipped,1.1000000000,0,0.1684664612,0,0,0,40,4f9f88e6bfdd649ddbff952da65d61c3c40548508ffaff289efa27b9b8182b77
matched_evaluation,renewable_accommodation_review,Pareto Local Search,14,analytic_ref1p05_unclipped,1.0500000000,0,0.0150481233,0,0,0,40,4f9f88e6bfdd649ddbff952da65d61c3c40548508ffaff289efa27b9b8182b77
matched_evaluation,renewable_accommodation_review,Pareto Local Search,14,analytic_ref1p1_unclipped,1.1000000000,0,0.0372336438,0,0,0,40,4f9f88e6bfdd649ddbff952da65d61c3c40548508ffaff289efa27b9b8182b77
matched_evaluation,renewable_accommodation_review,Pareto Local Search,14,analytic_ref1p2_unclipped,1.2000000000,0,0.1162619951,0,0,0,40,4f9f88e6bfdd649ddbff952da65d61c3c40548508ffaff289efa27b9b8182b77
matched_evaluation,renewable_accommodation_review,BiLo-NSGA,14,reported_empirical_ref1p1_clipped,1.1000000000,1,0.1759031762,1,0,1,39,c2bf52db667f0ddb8accfdc993292c0ceabe183ef7127f94fcf383c20a43db9a
matched_evaluation,renewable_accommodation_review,BiLo-NSGA,14,reported_empirical_ref1p1_unclipped,1.1000000000,0,0.1764242728,1,0,1,39,c2bf52db667f0ddb8accfdc993292c0ceabe183ef7127f94fcf383c20a43db9a
matched_evaluation,renewable_accommodation_review,BiLo-NSGA,14,expanded_empirical_ref1p1_unclipped,1.1000000000,0,0.2197320492,0,0,0,39,c2bf52db667f0ddb8accfdc993292c0ceabe183ef7127f94fcf383c20a43db9a
matched_evaluation,renewable_accommodation_review,BiLo-NSGA,14,analytic_ref1p05_unclipped,1.0500000000,0,0.0180390157,0,0,0,39,c2bf52db667f0ddb8accfdc993292c0ceabe183ef7127f94fcf383c20a43db9a
matched_evaluation,renewable_accommodation_review,BiLo-NSGA,14,analytic_ref1p1_unclipped,1.1000000000,0,0.0442730751,0,0,0,39,c2bf52db667f0ddb8accfdc993292c0ceabe183ef7127f94fcf383c20a43db9a
matched_evaluation,renewable_accommodation_review,BiLo-NSGA,14,analytic_ref1p2_unclipped,1.2000000000,0,0.1354154591,0,0,0,39,c2bf52db667f0ddb8accfdc993292c0ceabe183ef7127f94fcf383c20a43db9a
matched_evaluation,renewable_accommodation_review,NSGA-II,14,reported_empirical_ref1p1_clipped,1.1000000000,1,0.1741329896,5,0,5,39,705466edfae1d7eb5accedff464ba69945db637d071f9a1b02a1bca948970a30
matched_evaluation,renewable_accommodation_review,NSGA-II,14,reported_empirical_ref1p1_unclipped,1.1000000000,0,0.1934305512,5,0,5,39,705466edfae1d7eb5accedff464ba69945db637d071f9a1b02a1bca948970a30
matched_evaluation,renewable_accommodation_review,NSGA-II,14,expanded_empirical_ref1p1_unclipped,1.1000000000,0,0.2384085638,0,0,0,39,705466edfae1d7eb5accedff464ba69945db637d071f9a1b02a1bca948970a30
matched_evaluation,renewable_accommodation_review,NSGA-II,14,analytic_ref1p05_unclipped,1.0500000000,0,0.0183168160,0,0,0,39,705466edfae1d7eb5accedff464ba69945db637d071f9a1b02a1bca948970a30
matched_evaluation,renewable_accommodation_review,NSGA-II,14,analytic_ref1p1_unclipped,1.1000000000,0,0.0455092652,0,0,0,39,705466edfae1d7eb5accedff464ba69945db637d071f9a1b02a1bca948970a30
matched_evaluation,renewable_accommodation_review,NSGA-II,14,analytic_ref1p2_unclipped,1.2000000000,0,0.1397832277,0,0,0,39,705466edfae1d7eb5accedff464ba69945db637d071f9a1b02a1bca948970a30
matched_evaluation,renewable_accommodation_review,BiLo-NSGA,15,reported_empirical_ref1p1_clipped,1.1000000000,1,0.1610523252,0,0,0,39,89d170fa110fc39a0485fc0ea4ec3f8f21573449065f7fe67631b8f9fb52ffa5
matched_evaluation,renewable_accommodation_review,BiLo-NSGA,15,reported_empirical_ref1p1_unclipped,1.1000000000,0,0.1610523252,0,0,0,39,89d170fa110fc39a0485fc0ea4ec3f8f21573449065f7fe67631b8f9fb52ffa5
matched_evaluation,renewable_accommodation_review,BiLo-NSGA,15,expanded_empirical_ref1p1_unclipped,1.1000000000,0,0.2037348070,0,0,0,39,89d170fa110fc39a0485fc0ea4ec3f8f21573449065f7fe67631b8f9fb52ffa5
matched_evaluation,renewable_accommodation_review,BiLo-NSGA,15,analytic_ref1p05_unclipped,1.0500000000,0,0.0177596937,0,0,0,39,89d170fa110fc39a0485fc0ea4ec3f8f21573449065f7fe67631b8f9fb52ffa5
matched_evaluation,renewable_accommodation_review,BiLo-NSGA,15,analytic_ref1p1_unclipped,1.1000000000,0,0.0433736959,0,0,0,39,89d170fa110fc39a0485fc0ea4ec3f8f21573449065f7fe67631b8f9fb52ffa5
matched_evaluation,renewable_accommodation_review,BiLo-NSGA,15,analytic_ref1p2_unclipped,1.2000000000,0,0.1321315143,0,0,0,39,89d170fa110fc39a0485fc0ea4ec3f8f21573449065f7fe67631b8f9fb52ffa5
matched_evaluation,renewable_accommodation_review,NSGA-II,15,reported_empirical_ref1p1_clipped,1.1000000000,1,0.1762309073,5,0,5,38,9d8d0d25a41336a8f41a8eb0c89dfc53cd0d36fbcacb5c39084b6820a2bb237b
matched_evaluation,renewable_accommodation_review,NSGA-II,15,reported_empirical_ref1p1_unclipped,1.1000000000,0,0.2138566150,5,0,5,38,9d8d0d25a41336a8f41a8eb0c89dfc53cd0d36fbcacb5c39084b6820a2bb237b
matched_evaluation,renewable_accommodation_review,NSGA-II,15,expanded_empirical_ref1p1_unclipped,1.1000000000,0,0.2595308859,2,0,2,38,9d8d0d25a41336a8f41a8eb0c89dfc53cd0d36fbcacb5c39084b6820a2bb237b
matched_evaluation,renewable_accommodation_review,NSGA-II,15,analytic_ref1p05_unclipped,1.0500000000,0,0.0208277485,0,0,0,38,9d8d0d25a41336a8f41a8eb0c89dfc53cd0d36fbcacb5c39084b6820a2bb237b
matched_evaluation,renewable_accommodation_review,NSGA-II,15,analytic_ref1p1_unclipped,1.1000000000,0,0.0510458004,0,0,0,38,9d8d0d25a41336a8f41a8eb0c89dfc53cd0d36fbcacb5c39084b6820a2bb237b
matched_evaluation,renewable_accommodation_review,NSGA-II,15,analytic_ref1p2_unclipped,1.2000000000,0,0.1534966532,0,0,0,38,9d8d0d25a41336a8f41a8eb0c89dfc53cd0d36fbcacb5c39084b6820a2bb237b
matched_evaluation,renewable_accommodation_review,Pareto Local Search,15,reported_empirical_ref1p1_clipped,1.1000000000,1,0.1335034499,0,0,0,40,5f0deff42320c0302452ad2e7bee9a3d22d9b96a9cc39c1d4b4f961b9421f72f
matched_evaluation,renewable_accommodation_review,Pareto Local Search,15,reported_empirical_ref1p1_unclipped,1.1000000000,0,0.1335034499,0,0,0,40,5f0deff42320c0302452ad2e7bee9a3d22d9b96a9cc39c1d4b4f961b9421f72f
matched_evaluation,renewable_accommodation_review,Pareto Local Search,15,expanded_empirical_ref1p1_unclipped,1.1000000000,0,0.1764421507,0,0,0,40,5f0deff42320c0302452ad2e7bee9a3d22d9b96a9cc39c1d4b4f961b9421f72f
matched_evaluation,renewable_accommodation_review,Pareto Local Search,15,analytic_ref1p05_unclipped,1.0500000000,0,0.0158607501,0,0,0,40,5f0deff42320c0302452ad2e7bee9a3d22d9b96a9cc39c1d4b4f961b9421f72f
matched_evaluation,renewable_accommodation_review,Pareto Local Search,15,analytic_ref1p1_unclipped,1.1000000000,0,0.0389743020,0,0,0,40,5f0deff42320c0302452ad2e7bee9a3d22d9b96a9cc39c1d4b4f961b9421f72f
matched_evaluation,renewable_accommodation_review,Pareto Local Search,15,analytic_ref1p2_unclipped,1.2000000000,0,0.1205272093,0,0,0,40,5f0deff42320c0302452ad2e7bee9a3d22d9b96a9cc39c1d4b4f961b9421f72f
matched_evaluation,renewable_accommodation_review,NSGA-II,16,reported_empirical_ref1p1_clipped,1.1000000000,1,0.1752913466,5,0,5,38,7ae261403344d2d5b5c30576ca08b4258b2a8e07ee4c976693509442b3977f9c
matched_evaluation,renewable_accommodation_review,NSGA-II,16,reported_empirical_ref1p1_unclipped,1.1000000000,0,0.1995900495,5,0,5,38,7ae261403344d2d5b5c30576ca08b4258b2a8e07ee4c976693509442b3977f9c
matched_evaluation,renewable_accommodation_review,NSGA-II,16,expanded_empirical_ref1p1_unclipped,1.1000000000,0,0.2440306048,0,0,0,38,7ae261403344d2d5b5c30576ca08b4258b2a8e07ee4c976693509442b3977f9c
matched_evaluation,renewable_accommodation_review,NSGA-II,16,analytic_ref1p05_unclipped,1.0500000000,0,0.0190631526,0,0,0,38,7ae261403344d2d5b5c30576ca08b4258b2a8e07ee4c976693509442b3977f9c
matched_evaluation,renewable_accommodation_review,NSGA-II,16,analytic_ref1p1_unclipped,1.1000000000,0,0.0471021254,0,0,0,38,7ae261403344d2d5b5c30576ca08b4258b2a8e07ee4c976693509442b3977f9c
matched_evaluation,renewable_accommodation_review,NSGA-II,16,analytic_ref1p2_unclipped,1.2000000000,0,0.1437306840,0,0,0,38,7ae261403344d2d5b5c30576ca08b4258b2a8e07ee4c976693509442b3977f9c
matched_evaluation,renewable_accommodation_review,Pareto Local Search,16,reported_empirical_ref1p1_clipped,1.1000000000,1,0.1370665085,0,0,0,40,bfe4b78abc2f646607b2ae8d028b64dfc210ee2dc8257ec34456acf08ac68663
matched_evaluation,renewable_accommodation_review,Pareto Local Search,16,reported_empirical_ref1p1_unclipped,1.1000000000,0,0.1370665085,0,0,0,40,bfe4b78abc2f646607b2ae8d028b64dfc210ee2dc8257ec34456acf08ac68663
matched_evaluation,renewable_accommodation_review,Pareto Local Search,16,expanded_empirical_ref1p1_unclipped,1.1000000000,0,0.1802203811,0,0,0,40,bfe4b78abc2f646607b2ae8d028b64dfc210ee2dc8257ec34456acf08ac68663
matched_evaluation,renewable_accommodation_review,Pareto Local Search,16,analytic_ref1p05_unclipped,1.0500000000,0,0.0158464951,0,0,0,40,bfe4b78abc2f646607b2ae8d028b64dfc210ee2dc8257ec34456acf08ac68663
matched_evaluation,renewable_accommodation_review,Pareto Local Search,16,analytic_ref1p1_unclipped,1.1000000000,0,0.0390640634,0,0,0,40,bfe4b78abc2f646607b2ae8d028b64dfc210ee2dc8257ec34456acf08ac68663
matched_evaluation,renewable_accommodation_review,Pareto Local Search,16,analytic_ref1p2_unclipped,1.2000000000,0,0.1210899749,0,0,0,40,bfe4b78abc2f646607b2ae8d028b64dfc210ee2dc8257ec34456acf08ac68663
matched_evaluation,renewable_accommodation_review,BiLo-NSGA,16,reported_empirical_ref1p1_clipped,1.1000000000,1,0.1738237837,0,0,0,37,2eb65e3b7d96ab26e5dd6484199a3113e9e8d323a0ef8c644d811d876cde7e3a
matched_evaluation,renewable_accommodation_review,BiLo-NSGA,16,reported_empirical_ref1p1_unclipped,1.1000000000,0,0.1738237837,0,0,0,37,2eb65e3b7d96ab26e5dd6484199a3113e9e8d323a0ef8c644d811d876cde7e3a
matched_evaluation,renewable_accommodation_review,BiLo-NSGA,16,expanded_empirical_ref1p1_unclipped,1.1000000000,0,0.2168686698,0,0,0,37,2eb65e3b7d96ab26e5dd6484199a3113e9e8d323a0ef8c644d811d876cde7e3a
matched_evaluation,renewable_accommodation_review,BiLo-NSGA,16,analytic_ref1p05_unclipped,1.0500000000,0,0.0178927361,0,0,0,37,2eb65e3b7d96ab26e5dd6484199a3113e9e8d323a0ef8c644d811d876cde7e3a
matched_evaluation,renewable_accommodation_review,BiLo-NSGA,16,analytic_ref1p1_unclipped,1.1000000000,0,0.0438763182,0,0,0,37,2eb65e3b7d96ab26e5dd6484199a3113e9e8d323a0ef8c644d811d876cde7e3a
matched_evaluation,renewable_accommodation_review,BiLo-NSGA,16,analytic_ref1p2_unclipped,1.2000000000,0,0.1342750813,0,0,0,37,2eb65e3b7d96ab26e5dd6484199a3113e9e8d323a0ef8c644d811d876cde7e3a
matched_evaluation,renewable_accommodation_review,Pareto Local Search,17,reported_empirical_ref1p1_clipped,1.1000000000,1,0.1188274646,0,0,0,40,f38a4a2374848adc52c783af9a9df3abcd2fb4bed1a4fa2154e741f20c5be6ea
matched_evaluation,renewable_accommodation_review,Pareto Local Search,17,reported_empirical_ref1p1_unclipped,1.1000000000,0,0.1188274646,0,0,0,40,f38a4a2374848adc52c783af9a9df3abcd2fb4bed1a4fa2154e741f20c5be6ea
matched_evaluation,renewable_accommodation_review,Pareto Local Search,17,expanded_empirical_ref1p1_unclipped,1.1000000000,0,0.1628178337,0,0,0,40,f38a4a2374848adc52c783af9a9df3abcd2fb4bed1a4fa2154e741f20c5be6ea
matched_evaluation,renewable_accommodation_review,Pareto Local Search,17,analytic_ref1p05_unclipped,1.0500000000,0,0.0128584557,0,0,0,40,f38a4a2374848adc52c783af9a9df3abcd2fb4bed1a4fa2154e741f20c5be6ea
matched_evaluation,renewable_accommodation_review,Pareto Local Search,17,analytic_ref1p1_unclipped,1.1000000000,0,0.0327935174,0,0,0,40,f38a4a2374848adc52c783af9a9df3abcd2fb4bed1a4fa2154e741f20c5be6ea
matched_evaluation,renewable_accommodation_review,Pareto Local Search,17,analytic_ref1p2_unclipped,1.2000000000,0,0.1065253921,0,0,0,40,f38a4a2374848adc52c783af9a9df3abcd2fb4bed1a4fa2154e741f20c5be6ea
matched_evaluation,renewable_accommodation_review,BiLo-NSGA,17,reported_empirical_ref1p1_clipped,1.1000000000,1,0.1681867867,0,0,0,37,6e9c2cbffe77775d1233af25ba25595fe0dda25aeaab73065191bb67ae33f000
matched_evaluation,renewable_accommodation_review,BiLo-NSGA,17,reported_empirical_ref1p1_unclipped,1.1000000000,0,0.1681867867,0,0,0,37,6e9c2cbffe77775d1233af25ba25595fe0dda25aeaab73065191bb67ae33f000
matched_evaluation,renewable_accommodation_review,BiLo-NSGA,17,expanded_empirical_ref1p1_unclipped,1.1000000000,0,0.2115011648,0,0,0,37,6e9c2cbffe77775d1233af25ba25595fe0dda25aeaab73065191bb67ae33f000
matched_evaluation,renewable_accommodation_review,BiLo-NSGA,17,analytic_ref1p05_unclipped,1.0500000000,0,0.0162508871,0,0,0,37,6e9c2cbffe77775d1233af25ba25595fe0dda25aeaab73065191bb67ae33f000
matched_evaluation,renewable_accommodation_review,BiLo-NSGA,17,analytic_ref1p1_unclipped,1.1000000000,0,0.0405521344,0,0,0,37,6e9c2cbffe77775d1233af25ba25595fe0dda25aeaab73065191bb67ae33f000
matched_evaluation,renewable_accommodation_review,BiLo-NSGA,17,analytic_ref1p2_unclipped,1.2000000000,0,0.1269148267,0,0,0,37,6e9c2cbffe77775d1233af25ba25595fe0dda25aeaab73065191bb67ae33f000
matched_evaluation,renewable_accommodation_review,NSGA-II,17,reported_empirical_ref1p1_clipped,1.1000000000,1,0.1748543233,4,0,4,36,3cb13fa1ad2af60c07802b7c8632ab04b78213ad4634478b4d0d964cddb892da
matched_evaluation,renewable_accommodation_review,NSGA-II,17,reported_empirical_ref1p1_unclipped,1.1000000000,0,0.2040710018,4,0,4,36,3cb13fa1ad2af60c07802b7c8632ab04b78213ad4634478b4d0d964cddb892da
matched_evaluation,renewable_accommodation_review,NSGA-II,17,expanded_empirical_ref1p1_unclipped,1.1000000000,0,0.2496368867,0,0,0,36,3cb13fa1ad2af60c07802b7c8632ab04b78213ad4634478b4d0d964cddb892da
matched_evaluation,renewable_accommodation_review,NSGA-II,17,analytic_ref1p05_unclipped,1.0500000000,0,0.0191939381,0,0,0,36,3cb13fa1ad2af60c07802b7c8632ab04b78213ad4634478b4d0d964cddb892da
matched_evaluation,renewable_accommodation_review,NSGA-II,17,analytic_ref1p1_unclipped,1.1000000000,0,0.0473796935,0,0,0,36,3cb13fa1ad2af60c07802b7c8632ab04b78213ad4634478b4d0d964cddb892da
matched_evaluation,renewable_accommodation_review,NSGA-II,17,analytic_ref1p2_unclipped,1.2000000000,0,0.1447334260,0,0,0,36,3cb13fa1ad2af60c07802b7c8632ab04b78213ad4634478b4d0d964cddb892da
matched_evaluation,renewable_accommodation_review,BiLo-NSGA,18,reported_empirical_ref1p1_clipped,1.1000000000,1,0.1584994664,0,0,0,39,59638994bd8cbc77c040892aa48b035f891ce6da631004e44524cca0d9ed9723
matched_evaluation,renewable_accommodation_review,BiLo-NSGA,18,reported_empirical_ref1p1_unclipped,1.1000000000,0,0.1584994664,0,0,0,39,59638994bd8cbc77c040892aa48b035f891ce6da631004e44524cca0d9ed9723
matched_evaluation,renewable_accommodation_review,BiLo-NSGA,18,expanded_empirical_ref1p1_unclipped,1.1000000000,0,0.2013039180,0,0,0,39,59638994bd8cbc77c040892aa48b035f891ce6da631004e44524cca0d9ed9723
matched_evaluation,renewable_accommodation_review,BiLo-NSGA,18,analytic_ref1p05_unclipped,1.0500000000,0,0.0173397441,0,0,0,39,59638994bd8cbc77c040892aa48b035f891ce6da631004e44524cca0d9ed9723
matched_evaluation,renewable_accommodation_review,BiLo-NSGA,18,analytic_ref1p1_unclipped,1.1000000000,0,0.0424316189,0,0,0,39,59638994bd8cbc77c040892aa48b035f891ce6da631004e44524cca0d9ed9723
matched_evaluation,renewable_accommodation_review,BiLo-NSGA,18,analytic_ref1p2_unclipped,1.2000000000,0,0.1298908021,0,0,0,39,59638994bd8cbc77c040892aa48b035f891ce6da631004e44524cca0d9ed9723
matched_evaluation,renewable_accommodation_review,NSGA-II,18,reported_empirical_ref1p1_clipped,1.1000000000,1,0.1751637999,5,0,5,38,4a08187599c225e3a93f35c7bd084238351a4ccfb5b662a88f5321cca31f9921
matched_evaluation,renewable_accommodation_review,NSGA-II,18,reported_empirical_ref1p1_unclipped,1.1000000000,0,0.1942416786,5,0,5,38,4a08187599c225e3a93f35c7bd084238351a4ccfb5b662a88f5321cca31f9921
matched_evaluation,renewable_accommodation_review,NSGA-II,18,expanded_empirical_ref1p1_unclipped,1.1000000000,0,0.2388973290,0,0,0,38,4a08187599c225e3a93f35c7bd084238351a4ccfb5b662a88f5321cca31f9921
matched_evaluation,renewable_accommodation_review,NSGA-II,18,analytic_ref1p05_unclipped,1.0500000000,0,0.0184122884,0,0,0,38,4a08187599c225e3a93f35c7bd084238351a4ccfb5b662a88f5321cca31f9921
matched_evaluation,renewable_accommodation_review,NSGA-II,18,analytic_ref1p1_unclipped,1.1000000000,0,0.0453955178,0,0,0,38,4a08187599c225e3a93f35c7bd084238351a4ccfb5b662a88f5321cca31f9921
matched_evaluation,renewable_accommodation_review,NSGA-II,18,analytic_ref1p2_unclipped,1.2000000000,0,0.1392734845,0,0,0,38,4a08187599c225e3a93f35c7bd084238351a4ccfb5b662a88f5321cca31f9921
matched_evaluation,renewable_accommodation_review,Pareto Local Search,18,reported_empirical_ref1p1_clipped,1.1000000000,1,0.1205834804,0,0,0,40,950722a869c1e6dc7a99c60c0bd32f7028058b0343a9a433383fc3881556af1d
matched_evaluation,renewable_accommodation_review,Pareto Local Search,18,reported_empirical_ref1p1_unclipped,1.1000000000,0,0.1205834804,0,0,0,40,950722a869c1e6dc7a99c60c0bd32f7028058b0343a9a433383fc3881556af1d
matched_evaluation,renewable_accommodation_review,Pareto Local Search,18,expanded_empirical_ref1p1_unclipped,1.1000000000,0,0.1642322338,0,0,0,40,950722a869c1e6dc7a99c60c0bd32f7028058b0343a9a433383fc3881556af1d
matched_evaluation,renewable_accommodation_review,Pareto Local Search,18,analytic_ref1p05_unclipped,1.0500000000,0,0.0141935966,0,0,0,40,950722a869c1e6dc7a99c60c0bd32f7028058b0343a9a433383fc3881556af1d
matched_evaluation,renewable_accommodation_review,Pareto Local Search,18,analytic_ref1p1_unclipped,1.1000000000,0,0.0354886327,0,0,0,40,950722a869c1e6dc7a99c60c0bd32f7028058b0343a9a433383fc3881556af1d
matched_evaluation,renewable_accommodation_review,Pareto Local Search,18,analytic_ref1p2_unclipped,1.2000000000,0,0.1122958722,0,0,0,40,950722a869c1e6dc7a99c60c0bd32f7028058b0343a9a433383fc3881556af1d
matched_evaluation,renewable_accommodation_review,NSGA-II,19,reported_empirical_ref1p1_clipped,1.1000000000,1,0.1753803203,2,0,2,39,d57b036216b4182e7b12ee070db908973c49cfff2327b096dd736a1d4a9f9e1a
matched_evaluation,renewable_accommodation_review,NSGA-II,19,reported_empirical_ref1p1_unclipped,1.1000000000,0,0.1810291757,2,0,2,39,d57b036216b4182e7b12ee070db908973c49cfff2327b096dd736a1d4a9f9e1a
matched_evaluation,renewable_accommodation_review,NSGA-II,19,expanded_empirical_ref1p1_unclipped,1.1000000000,0,0.2249539382,0,0,0,39,d57b036216b4182e7b12ee070db908973c49cfff2327b096dd736a1d4a9f9e1a
matched_evaluation,renewable_accommodation_review,NSGA-II,19,analytic_ref1p05_unclipped,1.0500000000,0,0.0181976608,0,0,0,39,d57b036216b4182e7b12ee070db908973c49cfff2327b096dd736a1d4a9f9e1a
matched_evaluation,renewable_accommodation_review,NSGA-II,19,analytic_ref1p1_unclipped,1.1000000000,0,0.0447218470,0,0,0,39,d57b036216b4182e7b12ee070db908973c49cfff2327b096dd736a1d4a9f9e1a
matched_evaluation,renewable_accommodation_review,NSGA-II,19,analytic_ref1p2_unclipped,1.2000000000,0,0.1366212971,0,0,0,39,d57b036216b4182e7b12ee070db908973c49cfff2327b096dd736a1d4a9f9e1a
matched_evaluation,renewable_accommodation_review,Pareto Local Search,19,reported_empirical_ref1p1_clipped,1.1000000000,1,0.1160941843,0,0,0,40,34314edff3b3695ade0d4fc55406941df96f479297b98c0df2658ad3eaf77127
matched_evaluation,renewable_accommodation_review,Pareto Local Search,19,reported_empirical_ref1p1_unclipped,1.1000000000,0,0.1160941843,0,0,0,40,34314edff3b3695ade0d4fc55406941df96f479297b98c0df2658ad3eaf77127
matched_evaluation,renewable_accommodation_review,Pareto Local Search,19,expanded_empirical_ref1p1_unclipped,1.1000000000,0,0.1598790293,0,0,0,40,34314edff3b3695ade0d4fc55406941df96f479297b98c0df2658ad3eaf77127
matched_evaluation,renewable_accommodation_review,Pareto Local Search,19,analytic_ref1p05_unclipped,1.0500000000,0,0.0139050252,0,0,0,40,34314edff3b3695ade0d4fc55406941df96f479297b98c0df2658ad3eaf77127
matched_evaluation,renewable_accommodation_review,Pareto Local Search,19,analytic_ref1p1_unclipped,1.1000000000,0,0.0348771503,0,0,0,40,34314edff3b3695ade0d4fc55406941df96f479297b98c0df2658ad3eaf77127
matched_evaluation,renewable_accommodation_review,Pareto Local Search,19,analytic_ref1p2_unclipped,1.2000000000,0,0.1107099717,0,0,0,40,34314edff3b3695ade0d4fc55406941df96f479297b98c0df2658ad3eaf77127
matched_evaluation,renewable_accommodation_review,BiLo-NSGA,19,reported_empirical_ref1p1_clipped,1.1000000000,1,0.1565916890,0,0,0,39,e44d5ab22d522c72fc0cebe40ff1e9c5038d62c44312054805d658b3e5318666
matched_evaluation,renewable_accommodation_review,BiLo-NSGA,19,reported_empirical_ref1p1_unclipped,1.1000000000,0,0.1565916890,0,0,0,39,e44d5ab22d522c72fc0cebe40ff1e9c5038d62c44312054805d658b3e5318666
matched_evaluation,renewable_accommodation_review,BiLo-NSGA,19,expanded_empirical_ref1p1_unclipped,1.1000000000,0,0.1992314676,0,0,0,39,e44d5ab22d522c72fc0cebe40ff1e9c5038d62c44312054805d658b3e5318666
matched_evaluation,renewable_accommodation_review,BiLo-NSGA,19,analytic_ref1p05_unclipped,1.0500000000,0,0.0175596887,0,0,0,39,e44d5ab22d522c72fc0cebe40ff1e9c5038d62c44312054805d658b3e5318666
matched_evaluation,renewable_accommodation_review,BiLo-NSGA,19,analytic_ref1p1_unclipped,1.1000000000,0,0.0430544937,0,0,0,39,e44d5ab22d522c72fc0cebe40ff1e9c5038d62c44312054805d658b3e5318666
matched_evaluation,renewable_accommodation_review,BiLo-NSGA,19,analytic_ref1p2_unclipped,1.2000000000,0,0.1312651516,0,0,0,39,e44d5ab22d522c72fc0cebe40ff1e9c5038d62c44312054805d658b3e5318666
matched_evaluation,renewable_accommodation_review,Pareto Local Search,20,reported_empirical_ref1p1_clipped,1.1000000000,1,0.1255981592,0,0,0,40,7d7e66e069fbe8a35f362af59abd8acbe4f9480ffe6395c4d9b8decaeceb50f0
matched_evaluation,renewable_accommodation_review,Pareto Local Search,20,reported_empirical_ref1p1_unclipped,1.1000000000,0,0.1255981592,0,0,0,40,7d7e66e069fbe8a35f362af59abd8acbe4f9480ffe6395c4d9b8decaeceb50f0
matched_evaluation,renewable_accommodation_review,Pareto Local Search,20,expanded_empirical_ref1p1_unclipped,1.1000000000,0,0.1690390204,0,0,0,40,7d7e66e069fbe8a35f362af59abd8acbe4f9480ffe6395c4d9b8decaeceb50f0
matched_evaluation,renewable_accommodation_review,Pareto Local Search,20,analytic_ref1p05_unclipped,1.0500000000,0,0.0150675328,0,0,0,40,7d7e66e069fbe8a35f362af59abd8acbe4f9480ffe6395c4d9b8decaeceb50f0
matched_evaluation,renewable_accommodation_review,Pareto Local Search,20,analytic_ref1p1_unclipped,1.1000000000,0,0.0373252267,0,0,0,40,7d7e66e069fbe8a35f362af59abd8acbe4f9480ffe6395c4d9b8decaeceb50f0
matched_evaluation,renewable_accommodation_review,Pareto Local Search,20,analytic_ref1p2_unclipped,1.2000000000,0,0.1165483633,0,0,0,40,7d7e66e069fbe8a35f362af59abd8acbe4f9480ffe6395c4d9b8decaeceb50f0
matched_evaluation,renewable_accommodation_review,BiLo-NSGA,20,reported_empirical_ref1p1_clipped,1.1000000000,1,0.1765395497,1,0,1,39,a875241c3bee71f3279610bff8ce5d73c71608634f663f749830b5457ddd20e1
matched_evaluation,renewable_accommodation_review,BiLo-NSGA,20,reported_empirical_ref1p1_unclipped,1.1000000000,0,0.1770567244,1,0,1,39,a875241c3bee71f3279610bff8ce5d73c71608634f663f749830b5457ddd20e1
matched_evaluation,renewable_accommodation_review,BiLo-NSGA,20,expanded_empirical_ref1p1_unclipped,1.1000000000,0,0.2200847137,0,0,0,39,a875241c3bee71f3279610bff8ce5d73c71608634f663f749830b5457ddd20e1
matched_evaluation,renewable_accommodation_review,BiLo-NSGA,20,analytic_ref1p05_unclipped,1.0500000000,0,0.0180236856,0,0,0,39,a875241c3bee71f3279610bff8ce5d73c71608634f663f749830b5457ddd20e1
matched_evaluation,renewable_accommodation_review,BiLo-NSGA,20,analytic_ref1p1_unclipped,1.1000000000,0,0.0443122841,0,0,0,39,a875241c3bee71f3279610bff8ce5d73c71608634f663f749830b5457ddd20e1
matched_evaluation,renewable_accommodation_review,BiLo-NSGA,20,analytic_ref1p2_unclipped,1.2000000000,0,0.1355850314,0,0,0,39,a875241c3bee71f3279610bff8ce5d73c71608634f663f749830b5457ddd20e1
matched_evaluation,renewable_accommodation_review,NSGA-II,20,reported_empirical_ref1p1_clipped,1.1000000000,1,0.1758975685,7,0,7,38,85c6b37f0891af0f06b1776b77e945be306838d5fdb903e4d848286eeb2da753
matched_evaluation,renewable_accommodation_review,NSGA-II,20,reported_empirical_ref1p1_unclipped,1.1000000000,0,0.2200719285,7,0,7,38,85c6b37f0891af0f06b1776b77e945be306838d5fdb903e4d848286eeb2da753
matched_evaluation,renewable_accommodation_review,NSGA-II,20,expanded_empirical_ref1p1_unclipped,1.1000000000,0,0.2653150260,2,0,2,38,85c6b37f0891af0f06b1776b77e945be306838d5fdb903e4d848286eeb2da753
matched_evaluation,renewable_accommodation_review,NSGA-II,20,analytic_ref1p05_unclipped,1.0500000000,0,0.0200692363,0,0,0,38,85c6b37f0891af0f06b1776b77e945be306838d5fdb903e4d848286eeb2da753
matched_evaluation,renewable_accommodation_review,NSGA-II,20,analytic_ref1p1_unclipped,1.1000000000,0,0.0495553084,0,0,0,38,85c6b37f0891af0f06b1776b77e945be306838d5fdb903e4d848286eeb2da753
matched_evaluation,renewable_accommodation_review,NSGA-II,20,analytic_ref1p2_unclipped,1.2000000000,0,0.1507263093,0,0,0,38,85c6b37f0891af0f06b1776b77e945be306838d5fdb903e4d848286eeb2da753
matched_evaluation,renewable_accommodation_review,BiLo-NSGA,21,reported_empirical_ref1p1_clipped,1.1000000000,1,0.1760214789,3,0,3,38,ccc94d545cb1a0aaa282f1e398d0b01ac113053d825cd511dc25f8a8e4c1fde6
matched_evaluation,renewable_accommodation_review,BiLo-NSGA,21,reported_empirical_ref1p1_unclipped,1.1000000000,0,0.1993852330,3,0,3,38,ccc94d545cb1a0aaa282f1e398d0b01ac113053d825cd511dc25f8a8e4c1fde6
matched_evaluation,renewable_accommodation_review,BiLo-NSGA,21,expanded_empirical_ref1p1_unclipped,1.1000000000,0,0.2434187337,0,0,0,38,ccc94d545cb1a0aaa282f1e398d0b01ac113053d825cd511dc25f8a8e4c1fde6
matched_evaluation,renewable_accommodation_review,BiLo-NSGA,21,analytic_ref1p05_unclipped,1.0500000000,0,0.0182395638,0,0,0,38,ccc94d545cb1a0aaa282f1e398d0b01ac113053d825cd511dc25f8a8e4c1fde6
matched_evaluation,renewable_accommodation_review,BiLo-NSGA,21,analytic_ref1p1_unclipped,1.1000000000,0,0.0451871699,0,0,0,38,ccc94d545cb1a0aaa282f1e398d0b01ac113053d825cd511dc25f8a8e4c1fde6
matched_evaluation,renewable_accommodation_review,BiLo-NSGA,21,analytic_ref1p2_unclipped,1.2000000000,0,0.1393901031,0,0,0,38,ccc94d545cb1a0aaa282f1e398d0b01ac113053d825cd511dc25f8a8e4c1fde6
matched_evaluation,renewable_accommodation_review,NSGA-II,21,reported_empirical_ref1p1_clipped,1.1000000000,1,0.1762477007,5,0,5,39,6a812bba2d9be86db2b535f4f748051f20ba62f89c41f96eb957debaeea98256
matched_evaluation,renewable_accommodation_review,NSGA-II,21,reported_empirical_ref1p1_unclipped,1.1000000000,0,0.1948241798,5,0,5,39,6a812bba2d9be86db2b535f4f748051f20ba62f89c41f96eb957debaeea98256
matched_evaluation,renewable_accommodation_review,NSGA-II,21,expanded_empirical_ref1p1_unclipped,1.1000000000,0,0.2389989642,0,0,0,39,6a812bba2d9be86db2b535f4f748051f20ba62f89c41f96eb957debaeea98256
matched_evaluation,renewable_accommodation_review,NSGA-II,21,analytic_ref1p05_unclipped,1.0500000000,0,0.0192390882,0,0,0,39,6a812bba2d9be86db2b535f4f748051f20ba62f89c41f96eb957debaeea98256
matched_evaluation,renewable_accommodation_review,NSGA-II,21,analytic_ref1p1_unclipped,1.1000000000,0,0.0472080947,0,0,0,39,6a812bba2d9be86db2b535f4f748051f20ba62f89c41f96eb957debaeea98256
matched_evaluation,renewable_accommodation_review,NSGA-II,21,analytic_ref1p2_unclipped,1.2000000000,0,0.1433754828,0,0,0,39,6a812bba2d9be86db2b535f4f748051f20ba62f89c41f96eb957debaeea98256
matched_evaluation,renewable_accommodation_review,Pareto Local Search,21,reported_empirical_ref1p1_clipped,1.1000000000,1,0.1200884951,0,0,0,40,b2ca0912be8b8cc784de90ae00220ec1be3c6799e2c9d9e7a5a24aee33bc863b
matched_evaluation,renewable_accommodation_review,Pareto Local Search,21,reported_empirical_ref1p1_unclipped,1.1000000000,0,0.1200884951,0,0,0,40,b2ca0912be8b8cc784de90ae00220ec1be3c6799e2c9d9e7a5a24aee33bc863b
matched_evaluation,renewable_accommodation_review,Pareto Local Search,21,expanded_empirical_ref1p1_unclipped,1.1000000000,0,0.1637973718,0,0,0,40,b2ca0912be8b8cc784de90ae00220ec1be3c6799e2c9d9e7a5a24aee33bc863b
matched_evaluation,renewable_accommodation_review,Pareto Local Search,21,analytic_ref1p05_unclipped,1.0500000000,0,0.0138234332,0,0,0,40,b2ca0912be8b8cc784de90ae00220ec1be3c6799e2c9d9e7a5a24aee33bc863b
matched_evaluation,renewable_accommodation_review,Pareto Local Search,21,analytic_ref1p1_unclipped,1.1000000000,0,0.0347075206,0,0,0,40,b2ca0912be8b8cc784de90ae00220ec1be3c6799e2c9d9e7a5a24aee33bc863b
matched_evaluation,renewable_accommodation_review,Pareto Local Search,21,analytic_ref1p2_unclipped,1.2000000000,0,0.1105861746,0,0,0,40,b2ca0912be8b8cc784de90ae00220ec1be3c6799e2c9d9e7a5a24aee33bc863b
matched_evaluation,renewable_accommodation_review,NSGA-II,22,reported_empirical_ref1p1_clipped,1.1000000000,1,0.1769410257,6,0,6,39,1867e707bdaec4b81b99a33633a2ca2797030540f0d44e6a120990339f7e5293
matched_evaluation,renewable_accommodation_review,NSGA-II,22,reported_empirical_ref1p1_unclipped,1.1000000000,0,0.2044357270,6,0,6,39,1867e707bdaec4b81b99a33633a2ca2797030540f0d44e6a120990339f7e5293
matched_evaluation,renewable_accommodation_review,NSGA-II,22,expanded_empirical_ref1p1_unclipped,1.1000000000,0,0.2489579995,0,0,0,39,1867e707bdaec4b81b99a33633a2ca2797030540f0d44e6a120990339f7e5293
matched_evaluation,renewable_accommodation_review,NSGA-II,22,analytic_ref1p05_unclipped,1.0500000000,0,0.0202905043,0,0,0,39,1867e707bdaec4b81b99a33633a2ca2797030540f0d44e6a120990339f7e5293
matched_evaluation,renewable_accommodation_review,NSGA-II,22,analytic_ref1p1_unclipped,1.1000000000,0,0.0495691289,0,0,0,39,1867e707bdaec4b81b99a33633a2ca2797030540f0d44e6a120990339f7e5293
matched_evaluation,renewable_accommodation_review,NSGA-II,22,analytic_ref1p2_unclipped,1.2000000000,0,0.1492559449,0,0,0,39,1867e707bdaec4b81b99a33633a2ca2797030540f0d44e6a120990339f7e5293
matched_evaluation,renewable_accommodation_review,Pareto Local Search,22,reported_empirical_ref1p1_clipped,1.1000000000,1,0.1334627017,0,0,0,40,062fd993d0ef00f456e0be9b880dc251fa25e9c3a8ced231f0a25a0648cc2bd3
matched_evaluation,renewable_accommodation_review,Pareto Local Search,22,reported_empirical_ref1p1_unclipped,1.1000000000,0,0.1334627017,0,0,0,40,062fd993d0ef00f456e0be9b880dc251fa25e9c3a8ced231f0a25a0648cc2bd3
matched_evaluation,renewable_accommodation_review,Pareto Local Search,22,expanded_empirical_ref1p1_unclipped,1.1000000000,0,0.1765356208,0,0,0,40,062fd993d0ef00f456e0be9b880dc251fa25e9c3a8ced231f0a25a0648cc2bd3
matched_evaluation,renewable_accommodation_review,Pareto Local Search,22,analytic_ref1p05_unclipped,1.0500000000,0,0.0158551199,0,0,0,40,062fd993d0ef00f456e0be9b880dc251fa25e9c3a8ced231f0a25a0648cc2bd3
matched_evaluation,renewable_accommodation_review,Pareto Local Search,22,analytic_ref1p1_unclipped,1.1000000000,0,0.0390320062,0,0,0,40,062fd993d0ef00f456e0be9b880dc251fa25e9c3a8ced231f0a25a0648cc2bd3
matched_evaluation,renewable_accommodation_review,Pareto Local Search,22,analytic_ref1p2_unclipped,1.2000000000,0,0.1207345642,0,0,0,40,062fd993d0ef00f456e0be9b880dc251fa25e9c3a8ced231f0a25a0648cc2bd3
matched_evaluation,renewable_accommodation_review,BiLo-NSGA,22,reported_empirical_ref1p1_clipped,1.1000000000,1,0.1754060222,1,0,1,38,87d2a6fbc3675cf6672af81f3d6b5b7a32055b14595e91f8b8ff35817c8db976
matched_evaluation,renewable_accommodation_review,BiLo-NSGA,22,reported_empirical_ref1p1_unclipped,1.1000000000,0,0.1759298027,1,0,1,38,87d2a6fbc3675cf6672af81f3d6b5b7a32055b14595e91f8b8ff35817c8db976
matched_evaluation,renewable_accommodation_review,BiLo-NSGA,22,expanded_empirical_ref1p1_unclipped,1.1000000000,0,0.2190224957,0,0,0,38,87d2a6fbc3675cf6672af81f3d6b5b7a32055b14595e91f8b8ff35817c8db976
matched_evaluation,renewable_accommodation_review,BiLo-NSGA,22,analytic_ref1p05_unclipped,1.0500000000,0,0.0170863791,0,0,0,38,87d2a6fbc3675cf6672af81f3d6b5b7a32055b14595e91f8b8ff35817c8db976
matched_evaluation,renewable_accommodation_review,BiLo-NSGA,22,analytic_ref1p1_unclipped,1.1000000000,0,0.0423007131,0,0,0,38,87d2a6fbc3675cf6672af81f3d6b5b7a32055b14595e91f8b8ff35817c8db976
matched_evaluation,renewable_accommodation_review,BiLo-NSGA,22,analytic_ref1p2_unclipped,1.2000000000,0,0.1311356442,0,0,0,38,87d2a6fbc3675cf6672af81f3d6b5b7a32055b14595e91f8b8ff35817c8db976
matched_evaluation,renewable_accommodation_review,Pareto Local Search,23,reported_empirical_ref1p1_clipped,1.1000000000,1,0.1277255389,0,0,0,39,e10e3c14192231c2cf6585ea4d3c90eff8496c289516ff7bfaa074993c5be9a1
matched_evaluation,renewable_accommodation_review,Pareto Local Search,23,reported_empirical_ref1p1_unclipped,1.1000000000,0,0.1277255389,0,0,0,39,e10e3c14192231c2cf6585ea4d3c90eff8496c289516ff7bfaa074993c5be9a1
matched_evaluation,renewable_accommodation_review,Pareto Local Search,23,expanded_empirical_ref1p1_unclipped,1.1000000000,0,0.1713177183,0,0,0,39,e10e3c14192231c2cf6585ea4d3c90eff8496c289516ff7bfaa074993c5be9a1
matched_evaluation,renewable_accommodation_review,Pareto Local Search,23,analytic_ref1p05_unclipped,1.0500000000,0,0.0152314432,0,0,0,39,e10e3c14192231c2cf6585ea4d3c90eff8496c289516ff7bfaa074993c5be9a1
matched_evaluation,renewable_accommodation_review,Pareto Local Search,23,analytic_ref1p1_unclipped,1.1000000000,0,0.0377297414,0,0,0,39,e10e3c14192231c2cf6585ea4d3c90eff8496c289516ff7bfaa074993c5be9a1
matched_evaluation,renewable_accommodation_review,Pareto Local Search,23,analytic_ref1p2_unclipped,1.2000000000,0,0.1176290200,0,0,0,39,e10e3c14192231c2cf6585ea4d3c90eff8496c289516ff7bfaa074993c5be9a1
matched_evaluation,renewable_accommodation_review,BiLo-NSGA,23,reported_empirical_ref1p1_clipped,1.1000000000,1,0.1766083138,1,0,1,39,f145ad001e8bdc665eb3726679bf3b5825ebcb130bd810f6d1ab1d816eb2dccc
matched_evaluation,renewable_accommodation_review,BiLo-NSGA,23,reported_empirical_ref1p1_unclipped,1.1000000000,0,0.1771272140,1,0,1,39,f145ad001e8bdc665eb3726679bf3b5825ebcb130bd810f6d1ab1d816eb2dccc
matched_evaluation,renewable_accommodation_review,BiLo-NSGA,23,expanded_empirical_ref1p1_unclipped,1.1000000000,0,0.2202036625,0,0,0,39,f145ad001e8bdc665eb3726679bf3b5825ebcb130bd810f6d1ab1d816eb2dccc
matched_evaluation,renewable_accommodation_review,BiLo-NSGA,23,analytic_ref1p05_unclipped,1.0500000000,0,0.0183010252,0,0,0,39,f145ad001e8bdc665eb3726679bf3b5825ebcb130bd810f6d1ab1d816eb2dccc
matched_evaluation,renewable_accommodation_review,BiLo-NSGA,23,analytic_ref1p1_unclipped,1.1000000000,0,0.0447569106,0,0,0,39,f145ad001e8bdc665eb3726679bf3b5825ebcb130bd810f6d1ab1d816eb2dccc
matched_evaluation,renewable_accommodation_review,BiLo-NSGA,23,analytic_ref1p2_unclipped,1.2000000000,0,0.1364035639,0,0,0,39,f145ad001e8bdc665eb3726679bf3b5825ebcb130bd810f6d1ab1d816eb2dccc
matched_evaluation,renewable_accommodation_review,NSGA-II,23,reported_empirical_ref1p1_clipped,1.1000000000,1,0.1751784032,2,0,2,39,b6014b5fdada79e350de0e96c874b8971c78e0029e9607305376bcbc2b40b825
matched_evaluation,renewable_accommodation_review,NSGA-II,23,reported_empirical_ref1p1_unclipped,1.1000000000,0,0.1909488131,2,0,2,39,b6014b5fdada79e350de0e96c874b8971c78e0029e9607305376bcbc2b40b825
matched_evaluation,renewable_accommodation_review,NSGA-II,23,expanded_empirical_ref1p1_unclipped,1.1000000000,0,0.2355947764,0,0,0,39,b6014b5fdada79e350de0e96c874b8971c78e0029e9607305376bcbc2b40b825
matched_evaluation,renewable_accommodation_review,NSGA-II,23,analytic_ref1p05_unclipped,1.0500000000,0,0.0185791898,0,0,0,39,b6014b5fdada79e350de0e96c874b8971c78e0029e9607305376bcbc2b40b825
matched_evaluation,renewable_accommodation_review,NSGA-II,23,analytic_ref1p1_unclipped,1.1000000000,0,0.0457874760,0,0,0,39,b6014b5fdada79e350de0e96c874b8971c78e0029e9607305376bcbc2b40b825
matched_evaluation,renewable_accommodation_review,NSGA-II,23,analytic_ref1p2_unclipped,1.2000000000,0,0.1400702264,0,0,0,39,b6014b5fdada79e350de0e96c874b8971c78e0029e9607305376bcbc2b40b825
matched_evaluation,renewable_accommodation_review,BiLo-NSGA,24,reported_empirical_ref1p1_clipped,1.1000000000,1,0.1753926481,1,0,1,38,c66605620536f4e5ccbd8936fe34ec91453699c10bff1e76ebd2ab0895e4f199
matched_evaluation,renewable_accommodation_review,BiLo-NSGA,24,reported_empirical_ref1p1_unclipped,1.1000000000,0,0.1886033483,1,0,1,38,c66605620536f4e5ccbd8936fe34ec91453699c10bff1e76ebd2ab0895e4f199
matched_evaluation,renewable_accommodation_review,BiLo-NSGA,24,expanded_empirical_ref1p1_unclipped,1.1000000000,0,0.2326670777,0,0,0,38,c66605620536f4e5ccbd8936fe34ec91453699c10bff1e76ebd2ab0895e4f199
matched_evaluation,renewable_accommodation_review,BiLo-NSGA,24,analytic_ref1p05_unclipped,1.0500000000,0,0.0180416809,0,0,0,38,c66605620536f4e5ccbd8936fe34ec91453699c10bff1e76ebd2ab0895e4f199
matched_evaluation,renewable_accommodation_review,BiLo-NSGA,24,analytic_ref1p1_unclipped,1.1000000000,0,0.0445096393,0,0,0,38,c66605620536f4e5ccbd8936fe34ec91453699c10bff1e76ebd2ab0895e4f199
matched_evaluation,renewable_accommodation_review,BiLo-NSGA,24,analytic_ref1p2_unclipped,1.2000000000,0,0.1369864253,0,0,0,38,c66605620536f4e5ccbd8936fe34ec91453699c10bff1e76ebd2ab0895e4f199
matched_evaluation,renewable_accommodation_review,NSGA-II,24,reported_empirical_ref1p1_clipped,1.1000000000,1,0.1769781127,5,0,5,38,80a9eef83139f162b00e9714e3730802d85c917c91fde60263febcfa6722b0f4
matched_evaluation,renewable_accommodation_review,NSGA-II,24,reported_empirical_ref1p1_unclipped,1.1000000000,0,0.2037301078,5,0,5,38,80a9eef83139f162b00e9714e3730802d85c917c91fde60263febcfa6722b0f4
matched_evaluation,renewable_accommodation_review,NSGA-II,24,expanded_empirical_ref1p1_unclipped,1.1000000000,0,0.2480139078,0,0,0,38,80a9eef83139f162b00e9714e3730802d85c917c91fde60263febcfa6722b0f4
matched_evaluation,renewable_accommodation_review,NSGA-II,24,analytic_ref1p05_unclipped,1.0500000000,0,0.0197338948,0,0,0,38,80a9eef83139f162b00e9714e3730802d85c917c91fde60263febcfa6722b0f4
matched_evaluation,renewable_accommodation_review,NSGA-II,24,analytic_ref1p1_unclipped,1.1000000000,0,0.0482775892,0,0,0,38,80a9eef83139f162b00e9714e3730802d85c917c91fde60263febcfa6722b0f4
matched_evaluation,renewable_accommodation_review,NSGA-II,24,analytic_ref1p2_unclipped,1.2000000000,0,0.1461657449,0,0,0,38,80a9eef83139f162b00e9714e3730802d85c917c91fde60263febcfa6722b0f4
matched_evaluation,renewable_accommodation_review,Pareto Local Search,24,reported_empirical_ref1p1_clipped,1.1000000000,1,0.1547301119,0,0,0,40,bc8fe3515b5f147e39ab44105215c4cf4183e68155bac89b0c36e9c2be776312
matched_evaluation,renewable_accommodation_review,Pareto Local Search,24,reported_empirical_ref1p1_unclipped,1.1000000000,0,0.1547301119,0,0,0,40,bc8fe3515b5f147e39ab44105215c4cf4183e68155bac89b0c36e9c2be776312
matched_evaluation,renewable_accommodation_review,Pareto Local Search,24,expanded_empirical_ref1p1_unclipped,1.1000000000,0,0.1977834697,0,0,0,40,bc8fe3515b5f147e39ab44105215c4cf4183e68155bac89b0c36e9c2be776312
matched_evaluation,renewable_accommodation_review,Pareto Local Search,24,analytic_ref1p05_unclipped,1.0500000000,0,0.0167533288,0,0,0,40,bc8fe3515b5f147e39ab44105215c4cf4183e68155bac89b0c36e9c2be776312
matched_evaluation,renewable_accommodation_review,Pareto Local Search,24,analytic_ref1p1_unclipped,1.1000000000,0,0.0411067332,0,0,0,40,bc8fe3515b5f147e39ab44105215c4cf4183e68155bac89b0c36e9c2be776312
matched_evaluation,renewable_accommodation_review,Pareto Local Search,24,analytic_ref1p2_unclipped,1.2000000000,0,0.1267236680,0,0,0,40,bc8fe3515b5f147e39ab44105215c4cf4183e68155bac89b0c36e9c2be776312
matched_evaluation,renewable_accommodation_review,NSGA-II,25,reported_empirical_ref1p1_clipped,1.1000000000,1,0.1734699900,5,0,5,39,2c772d9384f9b28c485ddb4a28062a556a49c1224ed4e41faa7e0a84bf5f4219
matched_evaluation,renewable_accommodation_review,NSGA-II,25,reported_empirical_ref1p1_unclipped,1.1000000000,0,0.2110664388,5,0,5,39,2c772d9384f9b28c485ddb4a28062a556a49c1224ed4e41faa7e0a84bf5f4219
matched_evaluation,renewable_accommodation_review,NSGA-II,25,expanded_empirical_ref1p1_unclipped,1.1000000000,0,0.2566304025,1,0,1,39,2c772d9384f9b28c485ddb4a28062a556a49c1224ed4e41faa7e0a84bf5f4219
matched_evaluation,renewable_accommodation_review,NSGA-II,25,analytic_ref1p05_unclipped,1.0500000000,0,0.0178923755,0,0,0,39,2c772d9384f9b28c485ddb4a28062a556a49c1224ed4e41faa7e0a84bf5f4219
matched_evaluation,renewable_accommodation_review,NSGA-II,25,analytic_ref1p1_unclipped,1.1000000000,0,0.0448676338,0,0,0,39,2c772d9384f9b28c485ddb4a28062a556a49c1224ed4e41faa7e0a84bf5f4219
matched_evaluation,renewable_accommodation_review,NSGA-II,25,analytic_ref1p2_unclipped,1.2000000000,0,0.1397771300,0,0,0,39,2c772d9384f9b28c485ddb4a28062a556a49c1224ed4e41faa7e0a84bf5f4219
matched_evaluation,renewable_accommodation_review,Pareto Local Search,25,reported_empirical_ref1p1_clipped,1.1000000000,1,0.1192796012,0,0,0,40,292191e9604b6586dca074911f3087a5d4f67518cc49dc9522b575d6d560db5e
matched_evaluation,renewable_accommodation_review,Pareto Local Search,25,reported_empirical_ref1p1_unclipped,1.1000000000,0,0.1192796012,0,0,0,40,292191e9604b6586dca074911f3087a5d4f67518cc49dc9522b575d6d560db5e
matched_evaluation,renewable_accommodation_review,Pareto Local Search,25,expanded_empirical_ref1p1_unclipped,1.1000000000,0,0.1631475213,0,0,0,40,292191e9604b6586dca074911f3087a5d4f67518cc49dc9522b575d6d560db5e
matched_evaluation,renewable_accommodation_review,Pareto Local Search,25,analytic_ref1p05_unclipped,1.0500000000,0,0.0132877691,0,0,0,40,292191e9604b6586dca074911f3087a5d4f67518cc49dc9522b575d6d560db5e
matched_evaluation,renewable_accommodation_review,Pareto Local Search,25,analytic_ref1p1_unclipped,1.1000000000,0,0.0335882066,0,0,0,40,292191e9604b6586dca074911f3087a5d4f67518cc49dc9522b575d6d560db5e
matched_evaluation,renewable_accommodation_review,Pareto Local Search,25,analytic_ref1p2_unclipped,1.2000000000,0,0.1081425462,0,0,0,40,292191e9604b6586dca074911f3087a5d4f67518cc49dc9522b575d6d560db5e
matched_evaluation,renewable_accommodation_review,BiLo-NSGA,25,reported_empirical_ref1p1_clipped,1.1000000000,1,0.1708892575,0,0,0,39,27da2c6f537674128064e2bc13c3153c6159a9ac4227ef3119a3ed1b7d790537
matched_evaluation,renewable_accommodation_review,BiLo-NSGA,25,reported_empirical_ref1p1_unclipped,1.1000000000,0,0.1708892575,0,0,0,39,27da2c6f537674128064e2bc13c3153c6159a9ac4227ef3119a3ed1b7d790537
matched_evaluation,renewable_accommodation_review,BiLo-NSGA,25,expanded_empirical_ref1p1_unclipped,1.1000000000,0,0.2141086825,0,0,0,39,27da2c6f537674128064e2bc13c3153c6159a9ac4227ef3119a3ed1b7d790537
matched_evaluation,renewable_accommodation_review,BiLo-NSGA,25,analytic_ref1p05_unclipped,1.0500000000,0,0.0172569644,0,0,0,39,27da2c6f537674128064e2bc13c3153c6159a9ac4227ef3119a3ed1b7d790537
matched_evaluation,renewable_accommodation_review,BiLo-NSGA,25,analytic_ref1p1_unclipped,1.1000000000,0,0.0425344731,0,0,0,39,27da2c6f537674128064e2bc13c3153c6159a9ac4227ef3119a3ed1b7d790537
matched_evaluation,renewable_accommodation_review,BiLo-NSGA,25,analytic_ref1p2_unclipped,1.2000000000,0,0.1312090487,0,0,0,39,27da2c6f537674128064e2bc13c3153c6159a9ac4227ef3119a3ed1b7d790537
matched_evaluation,renewable_accommodation_review,Pareto Local Search,26,reported_empirical_ref1p1_clipped,1.1000000000,1,0.1194429146,0,0,0,40,a0af17508c3e61bf31dd0b9945a0b91df1139cfadc6ffb6749a4b66c531f5b38
matched_evaluation,renewable_accommodation_review,Pareto Local Search,26,reported_empirical_ref1p1_unclipped,1.1000000000,0,0.1194429146,0,0,0,40,a0af17508c3e61bf31dd0b9945a0b91df1139cfadc6ffb6749a4b66c531f5b38
matched_evaluation,renewable_accommodation_review,Pareto Local Search,26,expanded_empirical_ref1p1_unclipped,1.1000000000,0,0.1632277769,0,0,0,40,a0af17508c3e61bf31dd0b9945a0b91df1139cfadc6ffb6749a4b66c531f5b38
matched_evaluation,renewable_accommodation_review,Pareto Local Search,26,analytic_ref1p05_unclipped,1.0500000000,0,0.0131671481,0,0,0,40,a0af17508c3e61bf31dd0b9945a0b91df1139cfadc6ffb6749a4b66c531f5b38
matched_evaluation,renewable_accommodation_review,Pareto Local Search,26,analytic_ref1p1_unclipped,1.1000000000,0,0.0334085607,0,0,0,40,a0af17508c3e61bf31dd0b9945a0b91df1139cfadc6ffb6749a4b66c531f5b38
matched_evaluation,renewable_accommodation_review,Pareto Local Search,26,analytic_ref1p2_unclipped,1.2000000000,0,0.1078334646,0,0,0,40,a0af17508c3e61bf31dd0b9945a0b91df1139cfadc6ffb6749a4b66c531f5b38
matched_evaluation,renewable_accommodation_review,BiLo-NSGA,26,reported_empirical_ref1p1_clipped,1.1000000000,1,0.1652872215,0,0,0,39,b5bb301690fe994ccaa54fcc1a1404463f7c12237681ebb03ebb8019aec00936
matched_evaluation,renewable_accommodation_review,BiLo-NSGA,26,reported_empirical_ref1p1_unclipped,1.1000000000,0,0.1652872215,0,0,0,39,b5bb301690fe994ccaa54fcc1a1404463f7c12237681ebb03ebb8019aec00936
matched_evaluation,renewable_accommodation_review,BiLo-NSGA,26,expanded_empirical_ref1p1_unclipped,1.1000000000,0,0.2086367562,0,0,0,39,b5bb301690fe994ccaa54fcc1a1404463f7c12237681ebb03ebb8019aec00936
matched_evaluation,renewable_accommodation_review,BiLo-NSGA,26,analytic_ref1p05_unclipped,1.0500000000,0,0.0173081402,0,0,0,39,b5bb301690fe994ccaa54fcc1a1404463f7c12237681ebb03ebb8019aec00936
matched_evaluation,renewable_accommodation_review,BiLo-NSGA,26,analytic_ref1p1_unclipped,1.1000000000,0,0.0425137769,0,0,0,39,b5bb301690fe994ccaa54fcc1a1404463f7c12237681ebb03ebb8019aec00936
matched_evaluation,renewable_accommodation_review,BiLo-NSGA,26,analytic_ref1p2_unclipped,1.2000000000,0,0.1306946587,0,0,0,39,b5bb301690fe994ccaa54fcc1a1404463f7c12237681ebb03ebb8019aec00936
matched_evaluation,renewable_accommodation_review,NSGA-II,26,reported_empirical_ref1p1_clipped,1.1000000000,1,0.1759818196,5,0,5,39,d86b1676269c956f97d0fc285efad772ed960c48a4de35dc4b675635877d8db0
matched_evaluation,renewable_accommodation_review,NSGA-II,26,reported_empirical_ref1p1_unclipped,1.1000000000,0,0.2031802750,5,0,5,39,d86b1676269c956f97d0fc285efad772ed960c48a4de35dc4b675635877d8db0
matched_evaluation,renewable_accommodation_review,NSGA-II,26,expanded_empirical_ref1p1_unclipped,1.1000000000,0,0.2475723369,0,0,0,39,d86b1676269c956f97d0fc285efad772ed960c48a4de35dc4b675635877d8db0
matched_evaluation,renewable_accommodation_review,NSGA-II,26,analytic_ref1p05_unclipped,1.0500000000,0,0.0193881026,0,0,0,39,d86b1676269c956f97d0fc285efad772ed960c48a4de35dc4b675635877d8db0
matched_evaluation,renewable_accommodation_review,NSGA-II,26,analytic_ref1p1_unclipped,1.1000000000,0,0.0475892975,0,0,0,39,d86b1676269c956f97d0fc285efad772ed960c48a4de35dc4b675635877d8db0
matched_evaluation,renewable_accommodation_review,NSGA-II,26,analytic_ref1p2_unclipped,1.2000000000,0,0.1446534145,0,0,0,39,d86b1676269c956f97d0fc285efad772ed960c48a4de35dc4b675635877d8db0
matched_evaluation,renewable_accommodation_review,BiLo-NSGA,27,reported_empirical_ref1p1_clipped,1.1000000000,1,0.1652584098,0,0,0,39,a517ac459fa20da9225eee24c3be9522d8cd523db018305d4ec7b07b558ec6dc
matched_evaluation,renewable_accommodation_review,BiLo-NSGA,27,reported_empirical_ref1p1_unclipped,1.1000000000,0,0.1652584098,0,0,0,39,a517ac459fa20da9225eee24c3be9522d8cd523db018305d4ec7b07b558ec6dc
matched_evaluation,renewable_accommodation_review,BiLo-NSGA,27,expanded_empirical_ref1p1_unclipped,1.1000000000,0,0.2087582400,0,0,0,39,a517ac459fa20da9225eee24c3be9522d8cd523db018305d4ec7b07b558ec6dc
matched_evaluation,renewable_accommodation_review,BiLo-NSGA,27,analytic_ref1p05_unclipped,1.0500000000,0,0.0173249223,0,0,0,39,a517ac459fa20da9225eee24c3be9522d8cd523db018305d4ec7b07b558ec6dc
matched_evaluation,renewable_accommodation_review,BiLo-NSGA,27,analytic_ref1p1_unclipped,1.1000000000,0,0.0426712859,0,0,0,39,a517ac459fa20da9225eee24c3be9522d8cd523db018305d4ec7b07b558ec6dc
matched_evaluation,renewable_accommodation_review,BiLo-NSGA,27,analytic_ref1p2_unclipped,1.2000000000,0,0.1311732185,0,0,0,39,a517ac459fa20da9225eee24c3be9522d8cd523db018305d4ec7b07b558ec6dc
matched_evaluation,renewable_accommodation_review,NSGA-II,27,reported_empirical_ref1p1_clipped,1.1000000000,1,0.1757254537,4,0,4,39,232440787ff1e4eb43e927cdcf091f39e75ff674fb0ae686372a2afc7a5a6a5e
matched_evaluation,renewable_accommodation_review,NSGA-II,27,reported_empirical_ref1p1_unclipped,1.1000000000,0,0.2093836877,4,0,4,39,232440787ff1e4eb43e927cdcf091f39e75ff674fb0ae686372a2afc7a5a6a5e
matched_evaluation,renewable_accommodation_review,NSGA-II,27,expanded_empirical_ref1p1_unclipped,1.1000000000,0,0.2546721614,1,0,1,39,232440787ff1e4eb43e927cdcf091f39e75ff674fb0ae686372a2afc7a5a6a5e
matched_evaluation,renewable_accommodation_review,NSGA-II,27,analytic_ref1p05_unclipped,1.0500000000,0,0.0198643111,0,0,0,39,232440787ff1e4eb43e927cdcf091f39e75ff674fb0ae686372a2afc7a5a6a5e
matched_evaluation,renewable_accommodation_review,NSGA-II,27,analytic_ref1p1_unclipped,1.1000000000,0,0.0488237732,0,0,0,39,232440787ff1e4eb43e927cdcf091f39e75ff674fb0ae686372a2afc7a5a6a5e
matched_evaluation,renewable_accommodation_review,NSGA-II,27,analytic_ref1p2_unclipped,1.2000000000,0,0.1481842533,0,0,0,39,232440787ff1e4eb43e927cdcf091f39e75ff674fb0ae686372a2afc7a5a6a5e
matched_evaluation,renewable_accommodation_review,Pareto Local Search,27,reported_empirical_ref1p1_clipped,1.1000000000,1,0.1217970017,0,0,0,40,f91d92835df0651bbc4b79a6decde4618fb1313509404c965308fa0b599afe48
matched_evaluation,renewable_accommodation_review,Pareto Local Search,27,reported_empirical_ref1p1_unclipped,1.1000000000,0,0.1217970017,0,0,0,40,f91d92835df0651bbc4b79a6decde4618fb1313509404c965308fa0b599afe48
matched_evaluation,renewable_accommodation_review,Pareto Local Search,27,expanded_empirical_ref1p1_unclipped,1.1000000000,0,0.1651187807,0,0,0,40,f91d92835df0651bbc4b79a6decde4618fb1313509404c965308fa0b599afe48
matched_evaluation,renewable_accommodation_review,Pareto Local Search,27,analytic_ref1p05_unclipped,1.0500000000,0,0.0148717111,0,0,0,40,f91d92835df0651bbc4b79a6decde4618fb1313509404c965308fa0b599afe48
matched_evaluation,renewable_accommodation_review,Pareto Local Search,27,analytic_ref1p1_unclipped,1.1000000000,0,0.0368578150,0,0,0,40,f91d92835df0651bbc4b79a6decde4618fb1313509404c965308fa0b599afe48
matched_evaluation,renewable_accommodation_review,Pareto Local Search,27,analytic_ref1p2_unclipped,1.2000000000,0,0.1152338106,0,0,0,40,f91d92835df0651bbc4b79a6decde4618fb1313509404c965308fa0b599afe48
matched_evaluation,renewable_accommodation_review,NSGA-II,28,reported_empirical_ref1p1_clipped,1.1000000000,1,0.1750477817,6,0,6,38,2c40553247cdb79ee9f3b00660f85a61f907cef4ebd28a8bd31db5b0cd585914
matched_evaluation,renewable_accommodation_review,NSGA-II,28,reported_empirical_ref1p1_unclipped,1.1000000000,0,0.2047312848,6,0,6,38,2c40553247cdb79ee9f3b00660f85a61f907cef4ebd28a8bd31db5b0cd585914
matched_evaluation,renewable_accommodation_review,NSGA-II,28,expanded_empirical_ref1p1_unclipped,1.1000000000,0,0.2500651515,0,0,0,38,2c40553247cdb79ee9f3b00660f85a61f907cef4ebd28a8bd31db5b0cd585914
matched_evaluation,renewable_accommodation_review,NSGA-II,28,analytic_ref1p05_unclipped,1.0500000000,0,0.0196534850,0,0,0,38,2c40553247cdb79ee9f3b00660f85a61f907cef4ebd28a8bd31db5b0cd585914
matched_evaluation,renewable_accommodation_review,NSGA-II,28,analytic_ref1p1_unclipped,1.1000000000,0,0.0483427831,0,0,0,38,2c40553247cdb79ee9f3b00660f85a61f907cef4ebd28a8bd31db5b0cd585914
matched_evaluation,renewable_accommodation_review,NSGA-II,28,analytic_ref1p2_unclipped,1.2000000000,0,0.1466754791,0,0,0,38,2c40553247cdb79ee9f3b00660f85a61f907cef4ebd28a8bd31db5b0cd585914
matched_evaluation,renewable_accommodation_review,Pareto Local Search,28,reported_empirical_ref1p1_clipped,1.1000000000,1,0.1358157714,0,0,0,40,de0a4c5f5b7edebd3ab02aeb1ca1800c44e1b0df82753824b0cc822ed55a3cd7
matched_evaluation,renewable_accommodation_review,Pareto Local Search,28,reported_empirical_ref1p1_unclipped,1.1000000000,0,0.1358157714,0,0,0,40,de0a4c5f5b7edebd3ab02aeb1ca1800c44e1b0df82753824b0cc822ed55a3cd7
matched_evaluation,renewable_accommodation_review,Pareto Local Search,28,expanded_empirical_ref1p1_unclipped,1.1000000000,0,0.1790122824,0,0,0,40,de0a4c5f5b7edebd3ab02aeb1ca1800c44e1b0df82753824b0cc822ed55a3cd7
matched_evaluation,renewable_accommodation_review,Pareto Local Search,28,analytic_ref1p05_unclipped,1.0500000000,0,0.0152684822,0,0,0,40,de0a4c5f5b7edebd3ab02aeb1ca1800c44e1b0df82753824b0cc822ed55a3cd7
matched_evaluation,renewable_accommodation_review,Pareto Local Search,28,analytic_ref1p1_unclipped,1.1000000000,0,0.0378575934,0,0,0,40,de0a4c5f5b7edebd3ab02aeb1ca1800c44e1b0df82753824b0cc822ed55a3cd7
matched_evaluation,renewable_accommodation_review,Pareto Local Search,28,analytic_ref1p2_unclipped,1.2000000000,0,0.1184259074,0,0,0,40,de0a4c5f5b7edebd3ab02aeb1ca1800c44e1b0df82753824b0cc822ed55a3cd7
matched_evaluation,renewable_accommodation_review,BiLo-NSGA,28,reported_empirical_ref1p1_clipped,1.1000000000,1,0.1715936153,0,0,0,38,cc34db6be4dec98893e052e2047cfce09e6779f75cb1323bbee26fd22b2fe522
matched_evaluation,renewable_accommodation_review,BiLo-NSGA,28,reported_empirical_ref1p1_unclipped,1.1000000000,0,0.1715936153,0,0,0,38,cc34db6be4dec98893e052e2047cfce09e6779f75cb1323bbee26fd22b2fe522
matched_evaluation,renewable_accommodation_review,BiLo-NSGA,28,expanded_empirical_ref1p1_unclipped,1.1000000000,0,0.2146159381,0,0,0,38,cc34db6be4dec98893e052e2047cfce09e6779f75cb1323bbee26fd22b2fe522
matched_evaluation,renewable_accommodation_review,BiLo-NSGA,28,analytic_ref1p05_unclipped,1.0500000000,0,0.0184948801,0,0,0,38,cc34db6be4dec98893e052e2047cfce09e6779f75cb1323bbee26fd22b2fe522
matched_evaluation,renewable_accommodation_review,BiLo-NSGA,28,analytic_ref1p1_unclipped,1.1000000000,0,0.0450952794,0,0,0,38,cc34db6be4dec98893e052e2047cfce09e6779f75cb1323bbee26fd22b2fe522
matched_evaluation,renewable_accommodation_review,BiLo-NSGA,28,analytic_ref1p2_unclipped,1.2000000000,0,0.1367155953,0,0,0,38,cc34db6be4dec98893e052e2047cfce09e6779f75cb1323bbee26fd22b2fe522
matched_evaluation,renewable_accommodation_review,Pareto Local Search,29,reported_empirical_ref1p1_clipped,1.1000000000,1,0.1259111293,0,0,0,40,8aee3fa1e01c31a924e06064cc2333063a48809017f843dec13f6cbe0f5d82a4
matched_evaluation,renewable_accommodation_review,Pareto Local Search,29,reported_empirical_ref1p1_unclipped,1.1000000000,0,0.1259111293,0,0,0,40,8aee3fa1e01c31a924e06064cc2333063a48809017f843dec13f6cbe0f5d82a4
matched_evaluation,renewable_accommodation_review,Pareto Local Search,29,expanded_empirical_ref1p1_unclipped,1.1000000000,0,0.1695578083,0,0,0,40,8aee3fa1e01c31a924e06064cc2333063a48809017f843dec13f6cbe0f5d82a4
matched_evaluation,renewable_accommodation_review,Pareto Local Search,29,analytic_ref1p05_unclipped,1.0500000000,0,0.0150540119,0,0,0,40,8aee3fa1e01c31a924e06064cc2333063a48809017f843dec13f6cbe0f5d82a4
matched_evaluation,renewable_accommodation_review,Pareto Local Search,29,analytic_ref1p1_unclipped,1.1000000000,0,0.0372530495,0,0,0,40,8aee3fa1e01c31a924e06064cc2333063a48809017f843dec13f6cbe0f5d82a4
matched_evaluation,renewable_accommodation_review,Pareto Local Search,29,analytic_ref1p2_unclipped,1.2000000000,0,0.1163872390,0,0,0,40,8aee3fa1e01c31a924e06064cc2333063a48809017f843dec13f6cbe0f5d82a4
matched_evaluation,renewable_accommodation_review,BiLo-NSGA,29,reported_empirical_ref1p1_clipped,1.1000000000,1,0.1709108083,0,0,0,39,e0edabb45ce8d16942c688fe84eb387f99077ace7cb6f8245dd99f813e78ba81
matched_evaluation,renewable_accommodation_review,BiLo-NSGA,29,reported_empirical_ref1p1_unclipped,1.1000000000,0,0.1709108083,0,0,0,39,e0edabb45ce8d16942c688fe84eb387f99077ace7cb6f8245dd99f813e78ba81
matched_evaluation,renewable_accommodation_review,BiLo-NSGA,29,expanded_empirical_ref1p1_unclipped,1.1000000000,0,0.2138517310,0,0,0,39,e0edabb45ce8d16942c688fe84eb387f99077ace7cb6f8245dd99f813e78ba81
matched_evaluation,renewable_accommodation_review,BiLo-NSGA,29,analytic_ref1p05_unclipped,1.0500000000,0,0.0181405108,0,0,0,39,e0edabb45ce8d16942c688fe84eb387f99077ace7cb6f8245dd99f813e78ba81
matched_evaluation,renewable_accommodation_review,BiLo-NSGA,29,analytic_ref1p1_unclipped,1.1000000000,0,0.0444001494,0,0,0,39,e0edabb45ce8d16942c688fe84eb387f99077ace7cb6f8245dd99f813e78ba81
matched_evaluation,renewable_accommodation_review,BiLo-NSGA,29,analytic_ref1p2_unclipped,1.2000000000,0,0.1352155957,0,0,0,39,e0edabb45ce8d16942c688fe84eb387f99077ace7cb6f8245dd99f813e78ba81
matched_evaluation,renewable_accommodation_review,NSGA-II,29,reported_empirical_ref1p1_clipped,1.1000000000,1,0.1757926526,3,0,3,39,dcc5b3fac5ae214489077a45aef83057d43e62f85367c464e8b434dd9b2c0750
matched_evaluation,renewable_accommodation_review,NSGA-II,29,reported_empirical_ref1p1_unclipped,1.1000000000,0,0.1860874985,3,0,3,39,dcc5b3fac5ae214489077a45aef83057d43e62f85367c464e8b434dd9b2c0750
matched_evaluation,renewable_accommodation_review,NSGA-II,29,expanded_empirical_ref1p1_unclipped,1.1000000000,0,0.2300967593,0,0,0,39,dcc5b3fac5ae214489077a45aef83057d43e62f85367c464e8b434dd9b2c0750
matched_evaluation,renewable_accommodation_review,NSGA-II,29,analytic_ref1p05_unclipped,1.0500000000,0,0.0186197359,0,0,0,39,dcc5b3fac5ae214489077a45aef83057d43e62f85367c464e8b434dd9b2c0750
matched_evaluation,renewable_accommodation_review,NSGA-II,29,analytic_ref1p1_unclipped,1.1000000000,0,0.0457597791,0,0,0,39,dcc5b3fac5ae214489077a45aef83057d43e62f85367c464e8b434dd9b2c0750
matched_evaluation,renewable_accommodation_review,NSGA-II,29,analytic_ref1p2_unclipped,1.2000000000,0,0.1393389193,0,0,0,39,dcc5b3fac5ae214489077a45aef83057d43e62f85367c464e8b434dd9b2c0750
matched_evaluation,dependency_constrained_review,BiLo-NSGA,0,reported_empirical_ref1p1_clipped,1.1000000000,1,0.1581657556,0,0,0,39,0e7bde2c32e47acc987773ad51d0b44fba8eeb90dc917a5ab630e62e30c06407
matched_evaluation,dependency_constrained_review,BiLo-NSGA,0,reported_empirical_ref1p1_unclipped,1.1000000000,0,0.1581657556,0,0,0,39,0e7bde2c32e47acc987773ad51d0b44fba8eeb90dc917a5ab630e62e30c06407
matched_evaluation,dependency_constrained_review,BiLo-NSGA,0,expanded_empirical_ref1p1_unclipped,1.1000000000,0,0.2036171900,0,0,0,39,0e7bde2c32e47acc987773ad51d0b44fba8eeb90dc917a5ab630e62e30c06407
matched_evaluation,dependency_constrained_review,BiLo-NSGA,0,analytic_ref1p05_unclipped,1.0500000000,0,0.0087535142,0,0,0,39,0e7bde2c32e47acc987773ad51d0b44fba8eeb90dc917a5ab630e62e30c06407
matched_evaluation,dependency_constrained_review,BiLo-NSGA,0,analytic_ref1p1_unclipped,1.1000000000,0,0.0250355868,0,0,0,39,0e7bde2c32e47acc987773ad51d0b44fba8eeb90dc917a5ab630e62e30c06407
matched_evaluation,dependency_constrained_review,BiLo-NSGA,0,analytic_ref1p2_unclipped,1.2000000000,0,0.0889176942,0,0,0,39,0e7bde2c32e47acc987773ad51d0b44fba8eeb90dc917a5ab630e62e30c06407
matched_evaluation,dependency_constrained_review,NSGA-II,0,reported_empirical_ref1p1_clipped,1.1000000000,1,0.1708870359,3,0,3,39,908610af0fc7268983358099ec5eb0859a2d21371ebc977e7ae60653d27b5b0c
matched_evaluation,dependency_constrained_review,NSGA-II,0,reported_empirical_ref1p1_unclipped,1.1000000000,0,0.1973736639,3,0,3,39,908610af0fc7268983358099ec5eb0859a2d21371ebc977e7ae60653d27b5b0c
matched_evaluation,dependency_constrained_review,NSGA-II,0,expanded_empirical_ref1p1_unclipped,1.1000000000,0,0.2446832943,0,0,0,39,908610af0fc7268983358099ec5eb0859a2d21371ebc977e7ae60653d27b5b0c
matched_evaluation,dependency_constrained_review,NSGA-II,0,analytic_ref1p05_unclipped,1.0500000000,0,0.0098896171,0,0,0,39,908610af0fc7268983358099ec5eb0859a2d21371ebc977e7ae60653d27b5b0c
matched_evaluation,dependency_constrained_review,NSGA-II,0,analytic_ref1p1_unclipped,1.1000000000,0,0.0277724155,0,0,0,39,908610af0fc7268983358099ec5eb0859a2d21371ebc977e7ae60653d27b5b0c
matched_evaluation,dependency_constrained_review,NSGA-II,0,analytic_ref1p2_unclipped,1.2000000000,0,0.0963481337,0,0,0,39,908610af0fc7268983358099ec5eb0859a2d21371ebc977e7ae60653d27b5b0c
matched_evaluation,dependency_constrained_review,Pareto Local Search,0,reported_empirical_ref1p1_clipped,1.1000000000,1,0.1043850356,0,0,0,40,b4843b31966f4507d6a4055b2ef0449c47e74c1d0293cd2368a977db591d2d95
matched_evaluation,dependency_constrained_review,Pareto Local Search,0,reported_empirical_ref1p1_unclipped,1.1000000000,0,0.1043850356,0,0,0,40,b4843b31966f4507d6a4055b2ef0449c47e74c1d0293cd2368a977db591d2d95
matched_evaluation,dependency_constrained_review,Pareto Local Search,0,expanded_empirical_ref1p1_unclipped,1.1000000000,0,0.1503941455,0,0,0,40,b4843b31966f4507d6a4055b2ef0449c47e74c1d0293cd2368a977db591d2d95
matched_evaluation,dependency_constrained_review,Pareto Local Search,0,analytic_ref1p05_unclipped,1.0500000000,0,0.0068622203,0,0,0,40,b4843b31966f4507d6a4055b2ef0449c47e74c1d0293cd2368a977db591d2d95
matched_evaluation,dependency_constrained_review,Pareto Local Search,0,analytic_ref1p1_unclipped,1.1000000000,0,0.0206814461,0,0,0,40,b4843b31966f4507d6a4055b2ef0449c47e74c1d0293cd2368a977db591d2d95
matched_evaluation,dependency_constrained_review,Pareto Local Search,0,analytic_ref1p2_unclipped,1.2000000000,0,0.0773107680,0,0,0,40,b4843b31966f4507d6a4055b2ef0449c47e74c1d0293cd2368a977db591d2d95
matched_evaluation,dependency_constrained_review,NSGA-II,1,reported_empirical_ref1p1_clipped,1.1000000000,1,0.1707841319,3,0,3,39,8e0947e1f2815913124177247ce523f125ff8144437cf8f5879cc80de4d857cf
matched_evaluation,dependency_constrained_review,NSGA-II,1,reported_empirical_ref1p1_unclipped,1.1000000000,0,0.1843647008,3,0,3,39,8e0947e1f2815913124177247ce523f125ff8144437cf8f5879cc80de4d857cf
matched_evaluation,dependency_constrained_review,NSGA-II,1,expanded_empirical_ref1p1_unclipped,1.1000000000,0,0.2315171585,0,0,0,39,8e0947e1f2815913124177247ce523f125ff8144437cf8f5879cc80de4d857cf
matched_evaluation,dependency_constrained_review,NSGA-II,1,analytic_ref1p05_unclipped,1.0500000000,0,0.0091627599,0,0,0,39,8e0947e1f2815913124177247ce523f125ff8144437cf8f5879cc80de4d857cf
matched_evaluation,dependency_constrained_review,NSGA-II,1,analytic_ref1p1_unclipped,1.1000000000,0,0.0261408610,0,0,0,39,8e0947e1f2815913124177247ce523f125ff8144437cf8f5879cc80de4d857cf
matched_evaluation,dependency_constrained_review,NSGA-II,1,analytic_ref1p2_unclipped,1.2000000000,0,0.0923172025,0,0,0,39,8e0947e1f2815913124177247ce523f125ff8144437cf8f5879cc80de4d857cf
matched_evaluation,dependency_constrained_review,Pareto Local Search,1,reported_empirical_ref1p1_clipped,1.1000000000,1,0.1190373124,0,0,0,40,0a4a2bba7f83c117f6d01e51ffbdc5e9c7672b68e7976c28bc7f7d10bdbee486
matched_evaluation,dependency_constrained_review,Pareto Local Search,1,reported_empirical_ref1p1_unclipped,1.1000000000,0,0.1190373124,0,0,0,40,0a4a2bba7f83c117f6d01e51ffbdc5e9c7672b68e7976c28bc7f7d10bdbee486
matched_evaluation,dependency_constrained_review,Pareto Local Search,1,expanded_empirical_ref1p1_unclipped,1.1000000000,0,0.1649666789,0,0,0,40,0a4a2bba7f83c117f6d01e51ffbdc5e9c7672b68e7976c28bc7f7d10bdbee486
matched_evaluation,dependency_constrained_review,Pareto Local Search,1,analytic_ref1p05_unclipped,1.0500000000,0,0.0076851560,0,0,0,40,0a4a2bba7f83c117f6d01e51ffbdc5e9c7672b68e7976c28bc7f7d10bdbee486
matched_evaluation,dependency_constrained_review,Pareto Local Search,1,analytic_ref1p1_unclipped,1.1000000000,0,0.0225016143,0,0,0,40,0a4a2bba7f83c117f6d01e51ffbdc5e9c7672b68e7976c28bc7f7d10bdbee486
matched_evaluation,dependency_constrained_review,Pareto Local Search,1,analytic_ref1p2_unclipped,1.2000000000,0,0.0820447930,0,0,0,40,0a4a2bba7f83c117f6d01e51ffbdc5e9c7672b68e7976c28bc7f7d10bdbee486
matched_evaluation,dependency_constrained_review,BiLo-NSGA,1,reported_empirical_ref1p1_clipped,1.1000000000,1,0.1732744869,1,0,1,38,da65827e839e97c8f6440c29a88bb468bd31b97dd95a0eb89a8e1095ddd18417
matched_evaluation,dependency_constrained_review,BiLo-NSGA,1,reported_empirical_ref1p1_unclipped,1.1000000000,0,0.1801028987,1,0,1,38,da65827e839e97c8f6440c29a88bb468bd31b97dd95a0eb89a8e1095ddd18417
matched_evaluation,dependency_constrained_review,BiLo-NSGA,1,expanded_empirical_ref1p1_unclipped,1.1000000000,0,0.2255566522,0,0,0,38,da65827e839e97c8f6440c29a88bb468bd31b97dd95a0eb89a8e1095ddd18417
matched_evaluation,dependency_constrained_review,BiLo-NSGA,1,analytic_ref1p05_unclipped,1.0500000000,0,0.0087819506,0,0,0,38,da65827e839e97c8f6440c29a88bb468bd31b97dd95a0eb89a8e1095ddd18417
matched_evaluation,dependency_constrained_review,BiLo-NSGA,1,analytic_ref1p1_unclipped,1.1000000000,0,0.0251769493,0,0,0,38,da65827e839e97c8f6440c29a88bb468bd31b97dd95a0eb89a8e1095ddd18417
matched_evaluation,dependency_constrained_review,BiLo-NSGA,1,analytic_ref1p2_unclipped,1.2000000000,0,0.0897338035,0,0,0,38,da65827e839e97c8f6440c29a88bb468bd31b97dd95a0eb89a8e1095ddd18417
matched_evaluation,dependency_constrained_review,Pareto Local Search,2,reported_empirical_ref1p1_clipped,1.1000000000,1,0.1370968654,0,0,0,40,376fcae57fcd1a91d0f4a1c26854afd6a07fc24cde06acfff68ab7f7d86ac0bc
matched_evaluation,dependency_constrained_review,Pareto Local Search,2,reported_empirical_ref1p1_unclipped,1.1000000000,0,0.1370968654,0,0,0,40,376fcae57fcd1a91d0f4a1c26854afd6a07fc24cde06acfff68ab7f7d86ac0bc
matched_evaluation,dependency_constrained_review,Pareto Local Search,2,expanded_empirical_ref1p1_unclipped,1.1000000000,0,0.1828192321,0,0,0,40,376fcae57fcd1a91d0f4a1c26854afd6a07fc24cde06acfff68ab7f7d86ac0bc
matched_evaluation,dependency_constrained_review,Pareto Local Search,2,analytic_ref1p05_unclipped,1.0500000000,0,0.0081729947,0,0,0,40,376fcae57fcd1a91d0f4a1c26854afd6a07fc24cde06acfff68ab7f7d86ac0bc
matched_evaluation,dependency_constrained_review,Pareto Local Search,2,analytic_ref1p1_unclipped,1.1000000000,0,0.0236377351,0,0,0,40,376fcae57fcd1a91d0f4a1c26854afd6a07fc24cde06acfff68ab7f7d86ac0bc
matched_evaluation,dependency_constrained_review,Pareto Local Search,2,analytic_ref1p2_unclipped,1.2000000000,0,0.0850821130,0,0,0,40,376fcae57fcd1a91d0f4a1c26854afd6a07fc24cde06acfff68ab7f7d86ac0bc
matched_evaluation,dependency_constrained_review,BiLo-NSGA,2,reported_empirical_ref1p1_clipped,1.1000000000,1,0.1725775703,2,0,2,39,cea57f0744c64b3a31287bc284f4c8af4a969effe5cef2a42bcb211509e48cf2
matched_evaluation,dependency_constrained_review,BiLo-NSGA,2,reported_empirical_ref1p1_unclipped,1.1000000000,0,0.1809231143,2,0,2,39,cea57f0744c64b3a31287bc284f4c8af4a969effe5cef2a42bcb211509e48cf2
matched_evaluation,dependency_constrained_review,BiLo-NSGA,2,expanded_empirical_ref1p1_unclipped,1.1000000000,0,0.2264067322,0,0,0,39,cea57f0744c64b3a31287bc284f4c8af4a969effe5cef2a42bcb211509e48cf2
matched_evaluation,dependency_constrained_review,BiLo-NSGA,2,analytic_ref1p05_unclipped,1.0500000000,0,0.0090835766,0,0,0,39,cea57f0744c64b3a31287bc284f4c8af4a969effe5cef2a42bcb211509e48cf2
matched_evaluation,dependency_constrained_review,BiLo-NSGA,2,analytic_ref1p1_unclipped,1.1000000000,0,0.0258686934,0,0,0,39,cea57f0744c64b3a31287bc284f4c8af4a969effe5cef2a42bcb211509e48cf2
matched_evaluation,dependency_constrained_review,BiLo-NSGA,2,analytic_ref1p2_unclipped,1.2000000000,0,0.0914713960,0,0,0,39,cea57f0744c64b3a31287bc284f4c8af4a969effe5cef2a42bcb211509e48cf2
matched_evaluation,dependency_constrained_review,NSGA-II,2,reported_empirical_ref1p1_clipped,1.1000000000,1,0.1684567610,8,0,8,39,7a2886c666474ffc3ca349b7731ec2499a7afcbfa7cf2da6e5d3ee4909bc285f
matched_evaluation,dependency_constrained_review,NSGA-II,2,reported_empirical_ref1p1_unclipped,1.1000000000,0,0.2278219889,8,0,8,39,7a2886c666474ffc3ca349b7731ec2499a7afcbfa7cf2da6e5d3ee4909bc285f
matched_evaluation,dependency_constrained_review,NSGA-II,2,expanded_empirical_ref1p1_unclipped,1.1000000000,0,0.2778657092,3,0,3,39,7a2886c666474ffc3ca349b7731ec2499a7afcbfa7cf2da6e5d3ee4909bc285f
matched_evaluation,dependency_constrained_review,NSGA-II,2,analytic_ref1p05_unclipped,1.0500000000,0,0.0103468017,0,0,0,39,7a2886c666474ffc3ca349b7731ec2499a7afcbfa7cf2da6e5d3ee4909bc285f
matched_evaluation,dependency_constrained_review,NSGA-II,2,analytic_ref1p1_unclipped,1.1000000000,0,0.0289955827,0,0,0,39,7a2886c666474ffc3ca349b7731ec2499a7afcbfa7cf2da6e5d3ee4909bc285f
matched_evaluation,dependency_constrained_review,NSGA-II,2,analytic_ref1p2_unclipped,1.2000000000,0,0.1001855919,0,0,0,39,7a2886c666474ffc3ca349b7731ec2499a7afcbfa7cf2da6e5d3ee4909bc285f
matched_evaluation,dependency_constrained_review,BiLo-NSGA,3,reported_empirical_ref1p1_clipped,1.1000000000,1,0.1718571227,2,0,2,38,a28e65a249be3c2d3272e830512380a9e4ba368a9ea4fef822c4a3488c3e753a
matched_evaluation,dependency_constrained_review,BiLo-NSGA,3,reported_empirical_ref1p1_unclipped,1.1000000000,0,0.1845143622,2,0,2,38,a28e65a249be3c2d3272e830512380a9e4ba368a9ea4fef822c4a3488c3e753a
matched_evaluation,dependency_constrained_review,BiLo-NSGA,3,expanded_empirical_ref1p1_unclipped,1.1000000000,0,0.2303874697,0,0,0,38,a28e65a249be3c2d3272e830512380a9e4ba368a9ea4fef822c4a3488c3e753a
matched_evaluation,dependency_constrained_review,BiLo-NSGA,3,analytic_ref1p05_unclipped,1.0500000000,0,0.0095447159,0,0,0,38,a28e65a249be3c2d3272e830512380a9e4ba368a9ea4fef822c4a3488c3e753a
matched_evaluation,dependency_constrained_review,BiLo-NSGA,3,analytic_ref1p1_unclipped,1.1000000000,0,0.0268169581,0,0,0,38,a28e65a249be3c2d3272e830512380a9e4ba368a9ea4fef822c4a3488c3e753a
matched_evaluation,dependency_constrained_review,BiLo-NSGA,3,analytic_ref1p2_unclipped,1.2000000000,0,0.0935962212,0,0,0,38,a28e65a249be3c2d3272e830512380a9e4ba368a9ea4fef822c4a3488c3e753a
matched_evaluation,dependency_constrained_review,NSGA-II,3,reported_empirical_ref1p1_clipped,1.1000000000,1,0.1715420361,6,0,6,39,603511e8402f6d645e85a1e8a9052cd10c1ef46d1b251637cf1427cc056684cb
matched_evaluation,dependency_constrained_review,NSGA-II,3,reported_empirical_ref1p1_unclipped,1.1000000000,0,0.2137360720,6,0,6,39,603511e8402f6d645e85a1e8a9052cd10c1ef46d1b251637cf1427cc056684cb
matched_evaluation,dependency_constrained_review,NSGA-II,3,expanded_empirical_ref1p1_unclipped,1.1000000000,0,0.2616210559,2,0,2,39,603511e8402f6d645e85a1e8a9052cd10c1ef46d1b251637cf1427cc056684cb
matched_evaluation,dependency_constrained_review,NSGA-II,3,analytic_ref1p05_unclipped,1.0500000000,0,0.0103887384,0,0,0,39,603511e8402f6d645e85a1e8a9052cd10c1ef46d1b251637cf1427cc056684cb
matched_evaluation,dependency_constrained_review,NSGA-II,3,analytic_ref1p1_unclipped,1.1000000000,0,0.0289286761,0,0,0,39,603511e8402f6d645e85a1e8a9052cd10c1ef46d1b251637cf1427cc056684cb
matched_evaluation,dependency_constrained_review,NSGA-II,3,analytic_ref1p2_unclipped,1.2000000000,0,0.0993877326,0,0,0,39,603511e8402f6d645e85a1e8a9052cd10c1ef46d1b251637cf1427cc056684cb
matched_evaluation,dependency_constrained_review,Pareto Local Search,3,reported_empirical_ref1p1_clipped,1.1000000000,1,0.0935243607,0,0,0,40,7602538b35ef293a3b44e2cacba1bb24618a19a2031869cec60b91d80631339e
matched_evaluation,dependency_constrained_review,Pareto Local Search,3,reported_empirical_ref1p1_unclipped,1.1000000000,0,0.0935243607,0,0,0,40,7602538b35ef293a3b44e2cacba1bb24618a19a2031869cec60b91d80631339e
matched_evaluation,dependency_constrained_review,Pareto Local Search,3,expanded_empirical_ref1p1_unclipped,1.1000000000,0,0.1397965942,0,0,0,40,7602538b35ef293a3b44e2cacba1bb24618a19a2031869cec60b91d80631339e
matched_evaluation,dependency_constrained_review,Pareto Local Search,3,analytic_ref1p05_unclipped,1.0500000000,0,0.0061725867,0,0,0,40,7602538b35ef293a3b44e2cacba1bb24618a19a2031869cec60b91d80631339e
matched_evaluation,dependency_constrained_review,Pareto Local Search,3,analytic_ref1p1_unclipped,1.1000000000,0,0.0191571004,0,0,0,40,7602538b35ef293a3b44e2cacba1bb24618a19a2031869cec60b91d80631339e
matched_evaluation,dependency_constrained_review,Pareto Local Search,3,analytic_ref1p2_unclipped,1.2000000000,0,0.0736824744,0,0,0,40,7602538b35ef293a3b44e2cacba1bb24618a19a2031869cec60b91d80631339e
matched_evaluation,dependency_constrained_review,NSGA-II,4,reported_empirical_ref1p1_clipped,1.1000000000,1,0.1710728185,6,0,6,38,b05b5ec4c8d32bfb59d92534b14782fca021bd47200031efeff9efcd02bc73ef
matched_evaluation,dependency_constrained_review,NSGA-II,4,reported_empirical_ref1p1_unclipped,1.1000000000,0,0.2159355649,6,0,6,38,b05b5ec4c8d32bfb59d92534b14782fca021bd47200031efeff9efcd02bc73ef
matched_evaluation,dependency_constrained_review,NSGA-II,4,expanded_empirical_ref1p1_unclipped,1.1000000000,0,0.2640904910,1,0,1,38,b05b5ec4c8d32bfb59d92534b14782fca021bd47200031efeff9efcd02bc73ef
matched_evaluation,dependency_constrained_review,NSGA-II,4,analytic_ref1p05_unclipped,1.0500000000,0,0.0100753545,0,0,0,38,b05b5ec4c8d32bfb59d92534b14782fca021bd47200031efeff9efcd02bc73ef
matched_evaluation,dependency_constrained_review,NSGA-II,4,analytic_ref1p1_unclipped,1.1000000000,0,0.0282226925,0,0,0,38,b05b5ec4c8d32bfb59d92534b14782fca021bd47200031efeff9efcd02bc73ef
matched_evaluation,dependency_constrained_review,NSGA-II,4,analytic_ref1p2_unclipped,1.2000000000,0,0.0977519390,0,0,0,38,b05b5ec4c8d32bfb59d92534b14782fca021bd47200031efeff9efcd02bc73ef
matched_evaluation,dependency_constrained_review,Pareto Local Search,4,reported_empirical_ref1p1_clipped,1.1000000000,1,0.1279065238,0,0,0,40,b9edc2871695835c8fd4b04a89708f082e79345671e79789da72cc73ababf585
matched_evaluation,dependency_constrained_review,Pareto Local Search,4,reported_empirical_ref1p1_unclipped,1.1000000000,0,0.1279065238,0,0,0,40,b9edc2871695835c8fd4b04a89708f082e79345671e79789da72cc73ababf585
matched_evaluation,dependency_constrained_review,Pareto Local Search,4,expanded_empirical_ref1p1_unclipped,1.1000000000,0,0.1736500752,0,0,0,40,b9edc2871695835c8fd4b04a89708f082e79345671e79789da72cc73ababf585
matched_evaluation,dependency_constrained_review,Pareto Local Search,4,analytic_ref1p05_unclipped,1.0500000000,0,0.0073881395,0,0,0,40,b9edc2871695835c8fd4b04a89708f082e79345671e79789da72cc73ababf585
matched_evaluation,dependency_constrained_review,Pareto Local Search,4,analytic_ref1p1_unclipped,1.1000000000,0,0.0219391157,0,0,0,40,b9edc2871695835c8fd4b04a89708f082e79345671e79789da72cc73ababf585
matched_evaluation,dependency_constrained_review,Pareto Local Search,4,analytic_ref1p2_unclipped,1.2000000000,0,0.0810554367,0,0,0,40,b9edc2871695835c8fd4b04a89708f082e79345671e79789da72cc73ababf585
matched_evaluation,dependency_constrained_review,BiLo-NSGA,4,reported_empirical_ref1p1_clipped,1.1000000000,1,0.1730708006,2,0,2,39,57c11247ceeaad8b86e2a8ba0b23268ab8a008d9d40df2d12013be0ae3c3c16b
matched_evaluation,dependency_constrained_review,BiLo-NSGA,4,reported_empirical_ref1p1_unclipped,1.1000000000,0,0.1819276851,2,0,2,39,57c11247ceeaad8b86e2a8ba0b23268ab8a008d9d40df2d12013be0ae3c3c16b
matched_evaluation,dependency_constrained_review,BiLo-NSGA,4,expanded_empirical_ref1p1_unclipped,1.1000000000,0,0.2280152436,0,0,0,39,57c11247ceeaad8b86e2a8ba0b23268ab8a008d9d40df2d12013be0ae3c3c16b
matched_evaluation,dependency_constrained_review,BiLo-NSGA,4,analytic_ref1p05_unclipped,1.0500000000,0,0.0095636764,0,0,0,39,57c11247ceeaad8b86e2a8ba0b23268ab8a008d9d40df2d12013be0ae3c3c16b
matched_evaluation,dependency_constrained_review,BiLo-NSGA,4,analytic_ref1p1_unclipped,1.1000000000,0,0.0269018119,0,0,0,39,57c11247ceeaad8b86e2a8ba0b23268ab8a008d9d40df2d12013be0ae3c3c16b
matched_evaluation,dependency_constrained_review,BiLo-NSGA,4,analytic_ref1p2_unclipped,1.2000000000,0,0.0937513985,0,0,0,39,57c11247ceeaad8b86e2a8ba0b23268ab8a008d9d40df2d12013be0ae3c3c16b
matched_evaluation,dependency_constrained_review,Pareto Local Search,5,reported_empirical_ref1p1_clipped,1.1000000000,1,0.1243648205,0,0,0,40,6dc11033825f42a1fefdac268b3af6c7cb6e5f49df2412cc5d6f8218e9f23dc3
matched_evaluation,dependency_constrained_review,Pareto Local Search,5,reported_empirical_ref1p1_unclipped,1.1000000000,0,0.1243648205,0,0,0,40,6dc11033825f42a1fefdac268b3af6c7cb6e5f49df2412cc5d6f8218e9f23dc3
matched_evaluation,dependency_constrained_review,Pareto Local Search,5,expanded_empirical_ref1p1_unclipped,1.1000000000,0,0.1702576199,0,0,0,40,6dc11033825f42a1fefdac268b3af6c7cb6e5f49df2412cc5d6f8218e9f23dc3
matched_evaluation,dependency_constrained_review,Pareto Local Search,5,analytic_ref1p05_unclipped,1.0500000000,0,0.0076493722,0,0,0,40,6dc11033825f42a1fefdac268b3af6c7cb6e5f49df2412cc5d6f8218e9f23dc3
matched_evaluation,dependency_constrained_review,Pareto Local Search,5,analytic_ref1p1_unclipped,1.1000000000,0,0.0224460855,0,0,0,40,6dc11033825f42a1fefdac268b3af6c7cb6e5f49df2412cc5d6f8218e9f23dc3
matched_evaluation,dependency_constrained_review,Pareto Local Search,5,analytic_ref1p2_unclipped,1.2000000000,0,0.0820438096,0,0,0,40,6dc11033825f42a1fefdac268b3af6c7cb6e5f49df2412cc5d6f8218e9f23dc3
matched_evaluation,dependency_constrained_review,BiLo-NSGA,5,reported_empirical_ref1p1_clipped,1.1000000000,1,0.1704881815,0,0,0,39,4e45db9af25547cb8c9a52298ec6cabf7b843d2519544d6f1735493183c5a3da
matched_evaluation,dependency_constrained_review,BiLo-NSGA,5,reported_empirical_ref1p1_unclipped,1.1000000000,0,0.1704881815,0,0,0,39,4e45db9af25547cb8c9a52298ec6cabf7b843d2519544d6f1735493183c5a3da
matched_evaluation,dependency_constrained_review,BiLo-NSGA,5,expanded_empirical_ref1p1_unclipped,1.1000000000,0,0.2162351421,0,0,0,39,4e45db9af25547cb8c9a52298ec6cabf7b843d2519544d6f1735493183c5a3da
matched_evaluation,dependency_constrained_review,BiLo-NSGA,5,analytic_ref1p05_unclipped,1.0500000000,0,0.0092978251,0,0,0,39,4e45db9af25547cb8c9a52298ec6cabf7b843d2519544d6f1735493183c5a3da
matched_evaluation,dependency_constrained_review,BiLo-NSGA,5,analytic_ref1p1_unclipped,1.1000000000,0,0.0262368544,0,0,0,39,4e45db9af25547cb8c9a52298ec6cabf7b843d2519544d6f1735493183c5a3da
matched_evaluation,dependency_constrained_review,BiLo-NSGA,5,analytic_ref1p2_unclipped,1.2000000000,0,0.0919664889,0,0,0,39,4e45db9af25547cb8c9a52298ec6cabf7b843d2519544d6f1735493183c5a3da
matched_evaluation,dependency_constrained_review,NSGA-II,5,reported_empirical_ref1p1_clipped,1.1000000000,1,0.1707309362,3,0,3,39,315e9c9ecbb67806d27000bb1a37339ac97f2739c0439cf97f193d16e3e2b103
matched_evaluation,dependency_constrained_review,NSGA-II,5,reported_empirical_ref1p1_unclipped,1.1000000000,0,0.1858613843,3,0,3,39,315e9c9ecbb67806d27000bb1a37339ac97f2739c0439cf97f193d16e3e2b103
matched_evaluation,dependency_constrained_review,NSGA-II,5,expanded_empirical_ref1p1_unclipped,1.1000000000,0,0.2331797109,0,0,0,39,315e9c9ecbb67806d27000bb1a37339ac97f2739c0439cf97f193d16e3e2b103
matched_evaluation,dependency_constrained_review,NSGA-II,5,analytic_ref1p05_unclipped,1.0500000000,0,0.0094829326,0,0,0,39,315e9c9ecbb67806d27000bb1a37339ac97f2739c0439cf97f193d16e3e2b103
matched_evaluation,dependency_constrained_review,NSGA-II,5,analytic_ref1p1_unclipped,1.1000000000,0,0.0265795818,0,0,0,39,315e9c9ecbb67806d27000bb1a37339ac97f2739c0439cf97f193d16e3e2b103
matched_evaluation,dependency_constrained_review,NSGA-II,5,analytic_ref1p2_unclipped,1.2000000000,0,0.0923731337,0,0,0,39,315e9c9ecbb67806d27000bb1a37339ac97f2739c0439cf97f193d16e3e2b103
matched_evaluation,dependency_constrained_review,BiLo-NSGA,6,reported_empirical_ref1p1_clipped,1.1000000000,1,0.1739888305,1,0,1,39,7cd543f119d02e7523af073c2dc81d97111722a8d2f776dfc867cd2548ae1f6f
matched_evaluation,dependency_constrained_review,BiLo-NSGA,6,reported_empirical_ref1p1_unclipped,1.1000000000,0,0.1750744123,1,0,1,39,7cd543f119d02e7523af073c2dc81d97111722a8d2f776dfc867cd2548ae1f6f
matched_evaluation,dependency_constrained_review,BiLo-NSGA,6,expanded_empirical_ref1p1_unclipped,1.1000000000,0,0.2204178330,0,0,0,39,7cd543f119d02e7523af073c2dc81d97111722a8d2f776dfc867cd2548ae1f6f
matched_evaluation,dependency_constrained_review,BiLo-NSGA,6,analytic_ref1p05_unclipped,1.0500000000,0,0.0088103472,0,0,0,39,7cd543f119d02e7523af073c2dc81d97111722a8d2f776dfc867cd2548ae1f6f
matched_evaluation,dependency_constrained_review,BiLo-NSGA,6,analytic_ref1p1_unclipped,1.1000000000,0,0.0252453672,0,0,0,39,7cd543f119d02e7523af073c2dc81d97111722a8d2f776dfc867cd2548ae1f6f
matched_evaluation,dependency_constrained_review,BiLo-NSGA,6,analytic_ref1p2_unclipped,1.2000000000,0,0.0897795746,0,0,0,39,7cd543f119d02e7523af073c2dc81d97111722a8d2f776dfc867cd2548ae1f6f
matched_evaluation,dependency_constrained_review,NSGA-II,6,reported_empirical_ref1p1_clipped,1.1000000000,1,0.1699638816,5,0,5,39,df5085e95237f72d1a98838e81a0e1ba940137ddc31a73c9bab40a303b53aec9
matched_evaluation,dependency_constrained_review,NSGA-II,6,reported_empirical_ref1p1_unclipped,1.1000000000,0,0.2008681847,5,0,5,39,df5085e95237f72d1a98838e81a0e1ba940137ddc31a73c9bab40a303b53aec9
matched_evaluation,dependency_constrained_review,NSGA-II,6,expanded_empirical_ref1p1_unclipped,1.1000000000,0,0.2488448705,0,0,0,39,df5085e95237f72d1a98838e81a0e1ba940137ddc31a73c9bab40a303b53aec9
matched_evaluation,dependency_constrained_review,NSGA-II,6,analytic_ref1p05_unclipped,1.0500000000,0,0.0102127961,0,0,0,39,df5085e95237f72d1a98838e81a0e1ba940137ddc31a73c9bab40a303b53aec9
matched_evaluation,dependency_constrained_review,NSGA-II,6,analytic_ref1p1_unclipped,1.1000000000,0,0.0284278025,0,0,0,39,df5085e95237f72d1a98838e81a0e1ba940137ddc31a73c9bab40a303b53aec9
matched_evaluation,dependency_constrained_review,NSGA-II,6,analytic_ref1p2_unclipped,1.2000000000,0,0.0977385522,0,0,0,39,df5085e95237f72d1a98838e81a0e1ba940137ddc31a73c9bab40a303b53aec9
matched_evaluation,dependency_constrained_review,Pareto Local Search,6,reported_empirical_ref1p1_clipped,1.1000000000,1,0.1227640097,0,0,0,40,373e8912c5424afe6bc1429994dbb3eeba703acfdf9c4d343ae5746960880990
matched_evaluation,dependency_constrained_review,Pareto Local Search,6,reported_empirical_ref1p1_unclipped,1.1000000000,0,0.1227640097,0,0,0,40,373e8912c5424afe6bc1429994dbb3eeba703acfdf9c4d343ae5746960880990
matched_evaluation,dependency_constrained_review,Pareto Local Search,6,expanded_empirical_ref1p1_unclipped,1.1000000000,0,0.1679803681,0,0,0,40,373e8912c5424afe6bc1429994dbb3eeba703acfdf9c4d343ae5746960880990
matched_evaluation,dependency_constrained_review,Pareto Local Search,6,analytic_ref1p05_unclipped,1.0500000000,0,0.0076626585,0,0,0,40,373e8912c5424afe6bc1429994dbb3eeba703acfdf9c4d343ae5746960880990
matched_evaluation,dependency_constrained_review,Pareto Local Search,6,analytic_ref1p1_unclipped,1.1000000000,0,0.0222693640,0,0,0,40,373e8912c5424afe6bc1429994dbb3eeba703acfdf9c4d343ae5746960880990
matched_evaluation,dependency_constrained_review,Pareto Local Search,6,analytic_ref1p2_unclipped,1.2000000000,0,0.0807512503,0,0,0,40,373e8912c5424afe6bc1429994dbb3eeba703acfdf9c4d343ae5746960880990
matched_evaluation,dependency_constrained_review,NSGA-II,7,reported_empirical_ref1p1_clipped,1.1000000000,1,0.1707908499,4,0,4,38,452999f1175c4f86af146744048a9057b84cec8860e0f781b6ff4214c9c02a11
matched_evaluation,dependency_constrained_review,NSGA-II,7,reported_empirical_ref1p1_unclipped,1.1000000000,0,0.2001238776,4,0,4,38,452999f1175c4f86af146744048a9057b84cec8860e0f781b6ff4214c9c02a11
matched_evaluation,dependency_constrained_review,NSGA-II,7,expanded_empirical_ref1p1_unclipped,1.1000000000,0,0.2476771300,0,0,0,38,452999f1175c4f86af146744048a9057b84cec8860e0f781b6ff4214c9c02a11
matched_evaluation,dependency_constrained_review,NSGA-II,7,analytic_ref1p05_unclipped,1.0500000000,0,0.0103410259,0,0,0,38,452999f1175c4f86af146744048a9057b84cec8860e0f781b6ff4214c9c02a11
matched_evaluation,dependency_constrained_review,NSGA-II,7,analytic_ref1p1_unclipped,1.1000000000,0,0.0287654501,0,0,0,38,452999f1175c4f86af146744048a9057b84cec8860e0f781b6ff4214c9c02a11
matched_evaluation,dependency_constrained_review,NSGA-II,7,analytic_ref1p2_unclipped,1.2000000000,0,0.0986560006,0,0,0,38,452999f1175c4f86af146744048a9057b84cec8860e0f781b6ff4214c9c02a11
matched_evaluation,dependency_constrained_review,Pareto Local Search,7,reported_empirical_ref1p1_clipped,1.1000000000,1,0.1032932033,0,0,0,40,5177e9d87d46df424ef361d0fef75cd8954f99e6e9c55fea99348521b1f92037
matched_evaluation,dependency_constrained_review,Pareto Local Search,7,reported_empirical_ref1p1_unclipped,1.1000000000,0,0.1032932033,0,0,0,40,5177e9d87d46df424ef361d0fef75cd8954f99e6e9c55fea99348521b1f92037
matched_evaluation,dependency_constrained_review,Pareto Local Search,7,expanded_empirical_ref1p1_unclipped,1.1000000000,0,0.1488495732,0,0,0,40,5177e9d87d46df424ef361d0fef75cd8954f99e6e9c55fea99348521b1f92037
matched_evaluation,dependency_constrained_review,Pareto Local Search,7,analytic_ref1p05_unclipped,1.0500000000,0,0.0064823332,0,0,0,40,5177e9d87d46df424ef361d0fef75cd8954f99e6e9c55fea99348521b1f92037
matched_evaluation,dependency_constrained_review,Pareto Local Search,7,analytic_ref1p1_unclipped,1.1000000000,0,0.0198972914,0,0,0,40,5177e9d87d46df424ef361d0fef75cd8954f99e6e9c55fea99348521b1f92037
matched_evaluation,dependency_constrained_review,Pareto Local Search,7,analytic_ref1p2_unclipped,1.2000000000,0,0.0757716246,0,0,0,40,5177e9d87d46df424ef361d0fef75cd8954f99e6e9c55fea99348521b1f92037
matched_evaluation,dependency_constrained_review,BiLo-NSGA,7,reported_empirical_ref1p1_clipped,1.1000000000,1,0.1745367874,2,0,2,39,05d3469b319cee58faa91a9b60a18e5c0fad3a74d3d4f5872078d25785b509a8
matched_evaluation,dependency_constrained_review,BiLo-NSGA,7,reported_empirical_ref1p1_unclipped,1.1000000000,0,0.1872896653,2,0,2,39,05d3469b319cee58faa91a9b60a18e5c0fad3a74d3d4f5872078d25785b509a8
matched_evaluation,dependency_constrained_review,BiLo-NSGA,7,expanded_empirical_ref1p1_unclipped,1.1000000000,0,0.2322977051,0,0,0,39,05d3469b319cee58faa91a9b60a18e5c0fad3a74d3d4f5872078d25785b509a8
matched_evaluation,dependency_constrained_review,BiLo-NSGA,7,analytic_ref1p05_unclipped,1.0500000000,0,0.0092376820,0,0,0,39,05d3469b319cee58faa91a9b60a18e5c0fad3a74d3d4f5872078d25785b509a8
matched_evaluation,dependency_constrained_review,BiLo-NSGA,7,analytic_ref1p1_unclipped,1.1000000000,0,0.0261194606,0,0,0,39,05d3469b319cee58faa91a9b60a18e5c0fad3a74d3d4f5872078d25785b509a8
matched_evaluation,dependency_constrained_review,BiLo-NSGA,7,analytic_ref1p2_unclipped,1.2000000000,0,0.0916876062,0,0,0,39,05d3469b319cee58faa91a9b60a18e5c0fad3a74d3d4f5872078d25785b509a8
matched_evaluation,dependency_constrained_review,Pareto Local Search,8,reported_empirical_ref1p1_clipped,1.1000000000,1,0.1174344325,0,0,0,40,0db70fa1c4857528259018dec20727bf3fba69930427161af3fc70fb4f799c1b
matched_evaluation,dependency_constrained_review,Pareto Local Search,8,reported_empirical_ref1p1_unclipped,1.1000000000,0,0.1174344325,0,0,0,40,0db70fa1c4857528259018dec20727bf3fba69930427161af3fc70fb4f799c1b
matched_evaluation,dependency_constrained_review,Pareto Local Search,8,expanded_empirical_ref1p1_unclipped,1.1000000000,0,0.1626702092,0,0,0,40,0db70fa1c4857528259018dec20727bf3fba69930427161af3fc70fb4f799c1b
matched_evaluation,dependency_constrained_review,Pareto Local Search,8,analytic_ref1p05_unclipped,1.0500000000,0,0.0074333678,0,0,0,40,0db70fa1c4857528259018dec20727bf3fba69930427161af3fc70fb4f799c1b
matched_evaluation,dependency_constrained_review,Pareto Local Search,8,analytic_ref1p1_unclipped,1.1000000000,0,0.0218473288,0,0,0,40,0db70fa1c4857528259018dec20727bf3fba69930427161af3fc70fb4f799c1b
matched_evaluation,dependency_constrained_review,Pareto Local Search,8,analytic_ref1p2_unclipped,1.2000000000,0,0.0799997809,0,0,0,40,0db70fa1c4857528259018dec20727bf3fba69930427161af3fc70fb4f799c1b
matched_evaluation,dependency_constrained_review,BiLo-NSGA,8,reported_empirical_ref1p1_clipped,1.1000000000,1,0.1717985521,1,0,1,39,f3bf15f75cd2eec11a3e52d1ad9a962619e722ebceb7a10ac9c223b81fd3b5c5
matched_evaluation,dependency_constrained_review,BiLo-NSGA,8,reported_empirical_ref1p1_unclipped,1.1000000000,0,0.1747113318,1,0,1,39,f3bf15f75cd2eec11a3e52d1ad9a962619e722ebceb7a10ac9c223b81fd3b5c5
matched_evaluation,dependency_constrained_review,BiLo-NSGA,8,expanded_empirical_ref1p1_unclipped,1.1000000000,0,0.2202268714,0,0,0,39,f3bf15f75cd2eec11a3e52d1ad9a962619e722ebceb7a10ac9c223b81fd3b5c5
matched_evaluation,dependency_constrained_review,BiLo-NSGA,8,analytic_ref1p05_unclipped,1.0500000000,0,0.0096891033,0,0,0,39,f3bf15f75cd2eec11a3e52d1ad9a962619e722ebceb7a10ac9c223b81fd3b5c5
matched_evaluation,dependency_constrained_review,BiLo-NSGA,8,analytic_ref1p1_unclipped,1.1000000000,0,0.0270615204,0,0,0,39,f3bf15f75cd2eec11a3e52d1ad9a962619e722ebceb7a10ac9c223b81fd3b5c5
matched_evaluation,dependency_constrained_review,BiLo-NSGA,8,analytic_ref1p2_unclipped,1.2000000000,0,0.0936564606,0,0,0,39,f3bf15f75cd2eec11a3e52d1ad9a962619e722ebceb7a10ac9c223b81fd3b5c5
matched_evaluation,dependency_constrained_review,NSGA-II,8,reported_empirical_ref1p1_clipped,1.1000000000,1,0.1709690908,1,0,1,38,eaf7cbff63a3257adff64ee02c198af2a27fe343b0797d566f90a1c66cb93f97
matched_evaluation,dependency_constrained_review,NSGA-II,8,reported_empirical_ref1p1_unclipped,1.1000000000,0,0.1879199012,1,0,1,38,eaf7cbff63a3257adff64ee02c198af2a27fe343b0797d566f90a1c66cb93f97
matched_evaluation,dependency_constrained_review,NSGA-II,8,expanded_empirical_ref1p1_unclipped,1.1000000000,0,0.2349945352,0,0,0,38,eaf7cbff63a3257adff64ee02c198af2a27fe343b0797d566f90a1c66cb93f97
matched_evaluation,dependency_constrained_review,NSGA-II,8,analytic_ref1p05_unclipped,1.0500000000,0,0.0093877049,0,0,0,38,eaf7cbff63a3257adff64ee02c198af2a27fe343b0797d566f90a1c66cb93f97
matched_evaluation,dependency_constrained_review,NSGA-II,8,analytic_ref1p1_unclipped,1.1000000000,0,0.0263770700,0,0,0,38,eaf7cbff63a3257adff64ee02c198af2a27fe343b0797d566f90a1c66cb93f97
matched_evaluation,dependency_constrained_review,NSGA-II,8,analytic_ref1p2_unclipped,1.2000000000,0,0.0919164317,0,0,0,38,eaf7cbff63a3257adff64ee02c198af2a27fe343b0797d566f90a1c66cb93f97
matched_evaluation,dependency_constrained_review,BiLo-NSGA,9,reported_empirical_ref1p1_clipped,1.1000000000,1,0.1732254203,2,0,2,39,7c57d803d8ed993bb7e4d6ec7e70359b139ef3051c32b6e33943c02879181f60
matched_evaluation,dependency_constrained_review,BiLo-NSGA,9,reported_empirical_ref1p1_unclipped,1.1000000000,0,0.1840411406,2,0,2,39,7c57d803d8ed993bb7e4d6ec7e70359b139ef3051c32b6e33943c02879181f60
matched_evaluation,dependency_constrained_review,BiLo-NSGA,9,expanded_empirical_ref1p1_unclipped,1.1000000000,0,0.2295850588,0,0,0,39,7c57d803d8ed993bb7e4d6ec7e70359b139ef3051c32b6e33943c02879181f60
matched_evaluation,dependency_constrained_review,BiLo-NSGA,9,analytic_ref1p05_unclipped,1.0500000000,0,0.0095896299,0,0,0,39,7c57d803d8ed993bb7e4d6ec7e70359b139ef3051c32b6e33943c02879181f60
matched_evaluation,dependency_constrained_review,BiLo-NSGA,9,analytic_ref1p1_unclipped,1.1000000000,0,0.0269636943,0,0,0,39,7c57d803d8ed993bb7e4d6ec7e70359b139ef3051c32b6e33943c02879181f60
matched_evaluation,dependency_constrained_review,BiLo-NSGA,9,analytic_ref1p2_unclipped,1.2000000000,0,0.0939495314,0,0,0,39,7c57d803d8ed993bb7e4d6ec7e70359b139ef3051c32b6e33943c02879181f60
matched_evaluation,dependency_constrained_review,NSGA-II,9,reported_empirical_ref1p1_clipped,1.1000000000,1,0.1670779633,7,0,7,39,1438dd1b89f934f462b977a9ef0329b83eda3db81ab11c6a513f2eac5210320f
matched_evaluation,dependency_constrained_review,NSGA-II,9,reported_empirical_ref1p1_unclipped,1.1000000000,0,0.2254327169,7,0,7,39,1438dd1b89f934f462b977a9ef0329b83eda3db81ab11c6a513f2eac5210320f
matched_evaluation,dependency_constrained_review,NSGA-II,9,expanded_empirical_ref1p1_unclipped,1.1000000000,0,0.2758614169,4,0,4,39,1438dd1b89f934f462b977a9ef0329b83eda3db81ab11c6a513f2eac5210320f
matched_evaluation,dependency_constrained_review,NSGA-II,9,analytic_ref1p05_unclipped,1.0500000000,0,0.0103988308,0,0,0,39,1438dd1b89f934f462b977a9ef0329b83eda3db81ab11c6a513f2eac5210320f
matched_evaluation,dependency_constrained_review,NSGA-II,9,analytic_ref1p1_unclipped,1.1000000000,0,0.0290030655,0,0,0,39,1438dd1b89f934f462b977a9ef0329b83eda3db81ab11c6a513f2eac5210320f
matched_evaluation,dependency_constrained_review,NSGA-II,9,analytic_ref1p2_unclipped,1.2000000000,0,0.0998440970,0,0,0,39,1438dd1b89f934f462b977a9ef0329b83eda3db81ab11c6a513f2eac5210320f
matched_evaluation,dependency_constrained_review,Pareto Local Search,9,reported_empirical_ref1p1_clipped,1.1000000000,1,0.1686471792,0,0,0,40,244b47c8faddce9a412df1d8c46b0c3ba529c7a09fb0ab7a236be5001fbed6d6
matched_evaluation,dependency_constrained_review,Pareto Local Search,9,reported_empirical_ref1p1_unclipped,1.1000000000,0,0.1686471792,0,0,0,40,244b47c8faddce9a412df1d8c46b0c3ba529c7a09fb0ab7a236be5001fbed6d6
matched_evaluation,dependency_constrained_review,Pareto Local Search,9,expanded_empirical_ref1p1_unclipped,1.1000000000,0,0.2144130681,0,0,0,40,244b47c8faddce9a412df1d8c46b0c3ba529c7a09fb0ab7a236be5001fbed6d6
matched_evaluation,dependency_constrained_review,Pareto Local Search,9,analytic_ref1p05_unclipped,1.0500000000,0,0.0088930203,0,0,0,40,244b47c8faddce9a412df1d8c46b0c3ba529c7a09fb0ab7a236be5001fbed6d6
matched_evaluation,dependency_constrained_review,Pareto Local Search,9,analytic_ref1p1_unclipped,1.1000000000,0,0.0254056478,0,0,0,40,244b47c8faddce9a412df1d8c46b0c3ba529c7a09fb0ab7a236be5001fbed6d6
matched_evaluation,dependency_constrained_review,Pareto Local Search,9,analytic_ref1p2_unclipped,1.2000000000,0,0.0901296640,0,0,0,40,244b47c8faddce9a412df1d8c46b0c3ba529c7a09fb0ab7a236be5001fbed6d6
matched_evaluation,dependency_constrained_review,NSGA-II,10,reported_empirical_ref1p1_clipped,1.1000000000,1,0.1715672744,5,0,5,39,6390d0fb644ba54e0193b20686974bb897b36d26db72bca5203d6e9ef45503e3
matched_evaluation,dependency_constrained_review,NSGA-II,10,reported_empirical_ref1p1_unclipped,1.1000000000,0,0.2153871145,5,0,5,39,6390d0fb644ba54e0193b20686974bb897b36d26db72bca5203d6e9ef45503e3
matched_evaluation,dependency_constrained_review,NSGA-II,10,expanded_empirical_ref1p1_unclipped,1.1000000000,0,0.2634614874,2,0,2,39,6390d0fb644ba54e0193b20686974bb897b36d26db72bca5203d6e9ef45503e3
matched_evaluation,dependency_constrained_review,NSGA-II,10,analytic_ref1p05_unclipped,1.0500000000,0,0.0107222297,0,0,0,39,6390d0fb644ba54e0193b20686974bb897b36d26db72bca5203d6e9ef45503e3
matched_evaluation,dependency_constrained_review,NSGA-II,10,analytic_ref1p1_unclipped,1.1000000000,0,0.0296625697,0,0,0,39,6390d0fb644ba54e0193b20686974bb897b36d26db72bca5203d6e9ef45503e3
matched_evaluation,dependency_constrained_review,NSGA-II,10,analytic_ref1p2_unclipped,1.2000000000,0,0.1010921953,0,0,0,39,6390d0fb644ba54e0193b20686974bb897b36d26db72bca5203d6e9ef45503e3
matched_evaluation,dependency_constrained_review,Pareto Local Search,10,reported_empirical_ref1p1_clipped,1.1000000000,1,0.1209220692,0,0,0,40,ecee2ab402e64807c3f9667ffd51f58ddcde5e604baae28aafa33dceb39847ea
matched_evaluation,dependency_constrained_review,Pareto Local Search,10,reported_empirical_ref1p1_unclipped,1.1000000000,0,0.1209220692,0,0,0,40,ecee2ab402e64807c3f9667ffd51f58ddcde5e604baae28aafa33dceb39847ea
matched_evaluation,dependency_constrained_review,Pareto Local Search,10,expanded_empirical_ref1p1_unclipped,1.1000000000,0,0.1668517439,0,0,0,40,ecee2ab402e64807c3f9667ffd51f58ddcde5e604baae28aafa33dceb39847ea
matched_evaluation,dependency_constrained_review,Pareto Local Search,10,analytic_ref1p05_unclipped,1.0500000000,0,0.0075862392,0,0,0,40,ecee2ab402e64807c3f9667ffd51f58ddcde5e604baae28aafa33dceb39847ea
matched_evaluation,dependency_constrained_review,Pareto Local Search,10,analytic_ref1p1_unclipped,1.1000000000,0,0.0222880151,0,0,0,40,ecee2ab402e64807c3f9667ffd51f58ddcde5e604baae28aafa33dceb39847ea
matched_evaluation,dependency_constrained_review,Pareto Local Search,10,analytic_ref1p2_unclipped,1.2000000000,0,0.0815740291,0,0,0,40,ecee2ab402e64807c3f9667ffd51f58ddcde5e604baae28aafa33dceb39847ea
matched_evaluation,dependency_constrained_review,BiLo-NSGA,10,reported_empirical_ref1p1_clipped,1.1000000000,1,0.1535629322,0,0,0,39,8dcebdc3c652e146d8aaec0a2d0f284063a2d4010fa52f837ea1cc59fac14116
matched_evaluation,dependency_constrained_review,BiLo-NSGA,10,reported_empirical_ref1p1_unclipped,1.1000000000,0,0.1535629322,0,0,0,39,8dcebdc3c652e146d8aaec0a2d0f284063a2d4010fa52f837ea1cc59fac14116
matched_evaluation,dependency_constrained_review,BiLo-NSGA,10,expanded_empirical_ref1p1_unclipped,1.1000000000,0,0.1992431952,0,0,0,39,8dcebdc3c652e146d8aaec0a2d0f284063a2d4010fa52f837ea1cc59fac14116
matched_evaluation,dependency_constrained_review,BiLo-NSGA,10,analytic_ref1p05_unclipped,1.0500000000,0,0.0080883217,0,0,0,39,8dcebdc3c652e146d8aaec0a2d0f284063a2d4010fa52f837ea1cc59fac14116
matched_evaluation,dependency_constrained_review,BiLo-NSGA,10,analytic_ref1p1_unclipped,1.1000000000,0,0.0235545921,0,0,0,39,8dcebdc3c652e146d8aaec0a2d0f284063a2d4010fa52f837ea1cc59fac14116
matched_evaluation,dependency_constrained_review,BiLo-NSGA,10,analytic_ref1p2_unclipped,1.2000000000,0,0.0853767643,0,0,0,39,8dcebdc3c652e146d8aaec0a2d0f284063a2d4010fa52f837ea1cc59fac14116
matched_evaluation,dependency_constrained_review,Pareto Local Search,11,reported_empirical_ref1p1_clipped,1.1000000000,1,0.1071980245,0,0,0,40,fae2864d261ab8cda5f0a92548a47a10e244cabba1e226b87199e93918fd4bd8
matched_evaluation,dependency_constrained_review,Pareto Local Search,11,reported_empirical_ref1p1_unclipped,1.1000000000,0,0.1071980245,0,0,0,40,fae2864d261ab8cda5f0a92548a47a10e244cabba1e226b87199e93918fd4bd8
matched_evaluation,dependency_constrained_review,Pareto Local Search,11,expanded_empirical_ref1p1_unclipped,1.1000000000,0,0.1529862281,0,0,0,40,fae2864d261ab8cda5f0a92548a47a10e244cabba1e226b87199e93918fd4bd8
matched_evaluation,dependency_constrained_review,Pareto Local Search,11,analytic_ref1p05_unclipped,1.0500000000,0,0.0068850172,0,0,0,40,fae2864d261ab8cda5f0a92548a47a10e244cabba1e226b87199e93918fd4bd8
matched_evaluation,dependency_constrained_review,Pareto Local Search,11,analytic_ref1p1_unclipped,1.1000000000,0,0.0207451409,0,0,0,40,fae2864d261ab8cda5f0a92548a47a10e244cabba1e226b87199e93918fd4bd8
matched_evaluation,dependency_constrained_review,Pareto Local Search,11,analytic_ref1p2_unclipped,1.2000000000,0,0.0777452334,0,0,0,40,fae2864d261ab8cda5f0a92548a47a10e244cabba1e226b87199e93918fd4bd8
matched_evaluation,dependency_constrained_review,BiLo-NSGA,11,reported_empirical_ref1p1_clipped,1.1000000000,1,0.1669505018,0,0,0,39,4cf1d53413e888262f8330c024958999add5da5d73650f8303e8a70ae2713486
matched_evaluation,dependency_constrained_review,BiLo-NSGA,11,reported_empirical_ref1p1_unclipped,1.1000000000,0,0.1669505018,0,0,0,39,4cf1d53413e888262f8330c024958999add5da5d73650f8303e8a70ae2713486
matched_evaluation,dependency_constrained_review,BiLo-NSGA,11,expanded_empirical_ref1p1_unclipped,1.1000000000,0,0.2121832053,0,0,0,39,4cf1d53413e888262f8330c024958999add5da5d73650f8303e8a70ae2713486
matched_evaluation,dependency_constrained_review,BiLo-NSGA,11,analytic_ref1p05_unclipped,1.0500000000,0,0.0081973364,0,0,0,39,4cf1d53413e888262f8330c024958999add5da5d73650f8303e8a70ae2713486
matched_evaluation,dependency_constrained_review,BiLo-NSGA,11,analytic_ref1p1_unclipped,1.1000000000,0,0.0239065876,0,0,0,39,4cf1d53413e888262f8330c024958999add5da5d73650f8303e8a70ae2713486
matched_evaluation,dependency_constrained_review,BiLo-NSGA,11,analytic_ref1p2_unclipped,1.2000000000,0,0.0866192016,0,0,0,39,4cf1d53413e888262f8330c024958999add5da5d73650f8303e8a70ae2713486
matched_evaluation,dependency_constrained_review,NSGA-II,11,reported_empirical_ref1p1_clipped,1.1000000000,1,0.1688177697,5,0,5,38,cc0322353f302c1fab2b0a55fa21065b1581c4501b3e6fdb4c5e8e9190818e2f
matched_evaluation,dependency_constrained_review,NSGA-II,11,reported_empirical_ref1p1_unclipped,1.1000000000,0,0.2085848322,5,0,5,38,cc0322353f302c1fab2b0a55fa21065b1581c4501b3e6fdb4c5e8e9190818e2f
matched_evaluation,dependency_constrained_review,NSGA-II,11,expanded_empirical_ref1p1_unclipped,1.1000000000,0,0.2569714887,2,0,2,38,cc0322353f302c1fab2b0a55fa21065b1581c4501b3e6fdb4c5e8e9190818e2f
matched_evaluation,dependency_constrained_review,NSGA-II,11,analytic_ref1p05_unclipped,1.0500000000,0,0.0100713446,0,0,0,38,cc0322353f302c1fab2b0a55fa21065b1581c4501b3e6fdb4c5e8e9190818e2f
matched_evaluation,dependency_constrained_review,NSGA-II,11,analytic_ref1p1_unclipped,1.1000000000,0,0.0280470738,0,0,0,38,cc0322353f302c1fab2b0a55fa21065b1581c4501b3e6fdb4c5e8e9190818e2f
matched_evaluation,dependency_constrained_review,NSGA-II,11,analytic_ref1p2_unclipped,1.2000000000,0,0.0967293689,0,0,0,38,cc0322353f302c1fab2b0a55fa21065b1581c4501b3e6fdb4c5e8e9190818e2f
matched_evaluation,dependency_constrained_review,BiLo-NSGA,12,reported_empirical_ref1p1_clipped,1.1000000000,1,0.1520171337,0,0,0,38,479b2b67377e712094459688978513d7e9d425e7bbd40e4a5cd08e7695e8270f
matched_evaluation,dependency_constrained_review,BiLo-NSGA,12,reported_empirical_ref1p1_unclipped,1.1000000000,0,0.1520171337,0,0,0,38,479b2b67377e712094459688978513d7e9d425e7bbd40e4a5cd08e7695e8270f
matched_evaluation,dependency_constrained_review,BiLo-NSGA,12,expanded_empirical_ref1p1_unclipped,1.1000000000,0,0.1976998723,0,0,0,38,479b2b67377e712094459688978513d7e9d425e7bbd40e4a5cd08e7695e8270f
matched_evaluation,dependency_constrained_review,BiLo-NSGA,12,analytic_ref1p05_unclipped,1.0500000000,0,0.0083464419,0,0,0,38,479b2b67377e712094459688978513d7e9d425e7bbd40e4a5cd08e7695e8270f
matched_evaluation,dependency_constrained_review,BiLo-NSGA,12,analytic_ref1p1_unclipped,1.1000000000,0,0.0241193284,0,0,0,38,479b2b67377e712094459688978513d7e9d425e7bbd40e4a5cd08e7695e8270f
matched_evaluation,dependency_constrained_review,BiLo-NSGA,12,analytic_ref1p2_unclipped,1.2000000000,0,0.0866869554,0,0,0,38,479b2b67377e712094459688978513d7e9d425e7bbd40e4a5cd08e7695e8270f
matched_evaluation,dependency_constrained_review,NSGA-II,12,reported_empirical_ref1p1_clipped,1.1000000000,1,0.1696729416,5,0,5,37,9204176159af22ab50b5cbaf80fa86ca777b300a24d6b9a385b5547c5c699cfc
matched_evaluation,dependency_constrained_review,NSGA-II,12,reported_empirical_ref1p1_unclipped,1.1000000000,0,0.2106833310,5,0,5,37,9204176159af22ab50b5cbaf80fa86ca777b300a24d6b9a385b5547c5c699cfc
matched_evaluation,dependency_constrained_review,NSGA-II,12,expanded_empirical_ref1p1_unclipped,1.1000000000,0,0.2592867284,1,0,1,37,9204176159af22ab50b5cbaf80fa86ca777b300a24d6b9a385b5547c5c699cfc
matched_evaluation,dependency_constrained_review,NSGA-II,12,analytic_ref1p05_unclipped,1.0500000000,0,0.0099213295,0,0,0,37,9204176159af22ab50b5cbaf80fa86ca777b300a24d6b9a385b5547c5c699cfc
matched_evaluation,dependency_constrained_review,NSGA-II,12,analytic_ref1p1_unclipped,1.1000000000,0,0.0279018960,0,0,0,37,9204176159af22ab50b5cbaf80fa86ca777b300a24d6b9a385b5547c5c699cfc
matched_evaluation,dependency_constrained_review,NSGA-II,12,analytic_ref1p2_unclipped,1.2000000000,0,0.0970349507,0,0,0,37,9204176159af22ab50b5cbaf80fa86ca777b300a24d6b9a385b5547c5c699cfc
matched_evaluation,dependency_constrained_review,Pareto Local Search,12,reported_empirical_ref1p1_clipped,1.1000000000,1,0.1036245167,0,0,0,40,680b31f515e7d188f5c12bb42f0a72a3f90e61a0784894daa70a400544fc6805
matched_evaluation,dependency_constrained_review,Pareto Local Search,12,reported_empirical_ref1p1_unclipped,1.1000000000,0,0.1036245167,0,0,0,40,680b31f515e7d188f5c12bb42f0a72a3f90e61a0784894daa70a400544fc6805
matched_evaluation,dependency_constrained_review,Pareto Local Search,12,expanded_empirical_ref1p1_unclipped,1.1000000000,0,0.1498193153,0,0,0,40,680b31f515e7d188f5c12bb42f0a72a3f90e61a0784894daa70a400544fc6805
matched_evaluation,dependency_constrained_review,Pareto Local Search,12,analytic_ref1p05_unclipped,1.0500000000,0,0.0069529183,0,0,0,40,680b31f515e7d188f5c12bb42f0a72a3f90e61a0784894daa70a400544fc6805
matched_evaluation,dependency_constrained_review,Pareto Local Search,12,analytic_ref1p1_unclipped,1.1000000000,0,0.0208816080,0,0,0,40,680b31f515e7d188f5c12bb42f0a72a3f90e61a0784894daa70a400544fc6805
matched_evaluation,dependency_constrained_review,Pareto Local Search,12,analytic_ref1p2_unclipped,1.2000000000,0,0.0779786306,0,0,0,40,680b31f515e7d188f5c12bb42f0a72a3f90e61a0784894daa70a400544fc6805
matched_evaluation,dependency_constrained_review,NSGA-II,13,reported_empirical_ref1p1_clipped,1.1000000000,1,0.1707261718,8,0,8,38,51387d9a9630e357f1d9eca8314f45e17a4ea3d2b6dcaf8d4565180de1c4e52d
matched_evaluation,dependency_constrained_review,NSGA-II,13,reported_empirical_ref1p1_unclipped,1.1000000000,0,0.2172944223,8,0,8,38,51387d9a9630e357f1d9eca8314f45e17a4ea3d2b6dcaf8d4565180de1c4e52d
matched_evaluation,dependency_constrained_review,NSGA-II,13,expanded_empirical_ref1p1_unclipped,1.1000000000,0,0.2653105187,1,0,1,38,51387d9a9630e357f1d9eca8314f45e17a4ea3d2b6dcaf8d4565180de1c4e52d
matched_evaluation,dependency_constrained_review,NSGA-II,13,analytic_ref1p05_unclipped,1.0500000000,0,0.0105418991,0,0,0,38,51387d9a9630e357f1d9eca8314f45e17a4ea3d2b6dcaf8d4565180de1c4e52d
matched_evaluation,dependency_constrained_review,NSGA-II,13,analytic_ref1p1_unclipped,1.1000000000,0,0.0292272668,0,0,0,38,51387d9a9630e357f1d9eca8314f45e17a4ea3d2b6dcaf8d4565180de1c4e52d
matched_evaluation,dependency_constrained_review,NSGA-II,13,analytic_ref1p2_unclipped,1.2000000000,0,0.1000308050,0,0,0,38,51387d9a9630e357f1d9eca8314f45e17a4ea3d2b6dcaf8d4565180de1c4e52d
matched_evaluation,dependency_constrained_review,Pareto Local Search,13,reported_empirical_ref1p1_clipped,1.1000000000,1,0.1131578170,0,0,0,40,3b96162ebcf663561f1944dcb9a5ba8643ea3b23cb5dcffc3e95b6304ad9fa47
matched_evaluation,dependency_constrained_review,Pareto Local Search,13,reported_empirical_ref1p1_unclipped,1.1000000000,0,0.1131578170,0,0,0,40,3b96162ebcf663561f1944dcb9a5ba8643ea3b23cb5dcffc3e95b6304ad9fa47
matched_evaluation,dependency_constrained_review,Pareto Local Search,13,expanded_empirical_ref1p1_unclipped,1.1000000000,0,0.1583057109,0,0,0,40,3b96162ebcf663561f1944dcb9a5ba8643ea3b23cb5dcffc3e95b6304ad9fa47
matched_evaluation,dependency_constrained_review,Pareto Local Search,13,analytic_ref1p05_unclipped,1.0500000000,0,0.0075002694,0,0,0,40,3b96162ebcf663561f1944dcb9a5ba8643ea3b23cb5dcffc3e95b6304ad9fa47
matched_evaluation,dependency_constrained_review,Pareto Local Search,13,analytic_ref1p1_unclipped,1.1000000000,0,0.0219403080,0,0,0,40,3b96162ebcf663561f1944dcb9a5ba8643ea3b23cb5dcffc3e95b6304ad9fa47
matched_evaluation,dependency_constrained_review,Pareto Local Search,13,analytic_ref1p2_unclipped,1.2000000000,0,0.0800687108,0,0,0,40,3b96162ebcf663561f1944dcb9a5ba8643ea3b23cb5dcffc3e95b6304ad9fa47
matched_evaluation,dependency_constrained_review,BiLo-NSGA,13,reported_empirical_ref1p1_clipped,1.1000000000,1,0.1715652271,2,0,2,39,bde892d0d08ecd18023814fe22ccaccf49b8fa8f68e1bffd0ef528dd52391030
matched_evaluation,dependency_constrained_review,BiLo-NSGA,13,reported_empirical_ref1p1_unclipped,1.1000000000,0,0.1995812430,2,0,2,39,bde892d0d08ecd18023814fe22ccaccf49b8fa8f68e1bffd0ef528dd52391030
matched_evaluation,dependency_constrained_review,BiLo-NSGA,13,expanded_empirical_ref1p1_unclipped,1.1000000000,0,0.2463920606,0,0,0,39,bde892d0d08ecd18023814fe22ccaccf49b8fa8f68e1bffd0ef528dd52391030
matched_evaluation,dependency_constrained_review,BiLo-NSGA,13,analytic_ref1p05_unclipped,1.0500000000,0,0.0092310937,0,0,0,39,bde892d0d08ecd18023814fe22ccaccf49b8fa8f68e1bffd0ef528dd52391030
matched_evaluation,dependency_constrained_review,BiLo-NSGA,13,analytic_ref1p1_unclipped,1.1000000000,0,0.0261959728,0,0,0,39,bde892d0d08ecd18023814fe22ccaccf49b8fa8f68e1bffd0ef528dd52391030
matched_evaluation,dependency_constrained_review,BiLo-NSGA,13,analytic_ref1p2_unclipped,1.2000000000,0,0.0923463762,0,0,0,39,bde892d0d08ecd18023814fe22ccaccf49b8fa8f68e1bffd0ef528dd52391030
matched_evaluation,dependency_constrained_review,Pareto Local Search,14,reported_empirical_ref1p1_clipped,1.1000000000,1,0.1026270520,0,0,0,40,0639e8eaa3bab301022f093786c42464acffe5275b17d5ec8bd356c5bfe2c017
matched_evaluation,dependency_constrained_review,Pareto Local Search,14,reported_empirical_ref1p1_unclipped,1.1000000000,0,0.1026270520,0,0,0,40,0639e8eaa3bab301022f093786c42464acffe5275b17d5ec8bd356c5bfe2c017
matched_evaluation,dependency_constrained_review,Pareto Local Search,14,expanded_empirical_ref1p1_unclipped,1.1000000000,0,0.1485216789,0,0,0,40,0639e8eaa3bab301022f093786c42464acffe5275b17d5ec8bd356c5bfe2c017
matched_evaluation,dependency_constrained_review,Pareto Local Search,14,analytic_ref1p05_unclipped,1.0500000000,0,0.0068722251,0,0,0,40,0639e8eaa3bab301022f093786c42464acffe5275b17d5ec8bd356c5bfe2c017
matched_evaluation,dependency_constrained_review,Pareto Local Search,14,analytic_ref1p1_unclipped,1.1000000000,0,0.0206971474,0,0,0,40,0639e8eaa3bab301022f093786c42464acffe5275b17d5ec8bd356c5bfe2c017
matched_evaluation,dependency_constrained_review,Pareto Local Search,14,analytic_ref1p2_unclipped,1.2000000000,0,0.0775184171,0,0,0,40,0639e8eaa3bab301022f093786c42464acffe5275b17d5ec8bd356c5bfe2c017
matched_evaluation,dependency_constrained_review,BiLo-NSGA,14,reported_empirical_ref1p1_clipped,1.1000000000,1,0.1717867906,0,0,0,39,b668f8dfc110896bf019c4cf6c6e34e43e8cdc79de68895c654c7d8a7ea15ca1
matched_evaluation,dependency_constrained_review,BiLo-NSGA,14,reported_empirical_ref1p1_unclipped,1.1000000000,0,0.1717867906,0,0,0,39,b668f8dfc110896bf019c4cf6c6e34e43e8cdc79de68895c654c7d8a7ea15ca1
matched_evaluation,dependency_constrained_review,BiLo-NSGA,14,expanded_empirical_ref1p1_unclipped,1.1000000000,0,0.2168324368,0,0,0,39,b668f8dfc110896bf019c4cf6c6e34e43e8cdc79de68895c654c7d8a7ea15ca1
matched_evaluation,dependency_constrained_review,BiLo-NSGA,14,analytic_ref1p05_unclipped,1.0500000000,0,0.0084458390,0,0,0,39,b668f8dfc110896bf019c4cf6c6e34e43e8cdc79de68895c654c7d8a7ea15ca1
matched_evaluation,dependency_constrained_review,BiLo-NSGA,14,analytic_ref1p1_unclipped,1.1000000000,0,0.0242596436,0,0,0,39,b668f8dfc110896bf019c4cf6c6e34e43e8cdc79de68895c654c7d8a7ea15ca1
matched_evaluation,dependency_constrained_review,BiLo-NSGA,14,analytic_ref1p2_unclipped,1.2000000000,0,0.0868060291,0,0,0,39,b668f8dfc110896bf019c4cf6c6e34e43e8cdc79de68895c654c7d8a7ea15ca1
matched_evaluation,dependency_constrained_review,NSGA-II,14,reported_empirical_ref1p1_clipped,1.1000000000,1,0.1712151049,8,0,8,37,a3d0bf278a2cf18159d0a59f979c44eaae8c4d4d990adf020e2c2d2e7e32ed99
matched_evaluation,dependency_constrained_review,NSGA-II,14,reported_empirical_ref1p1_unclipped,1.1000000000,0,0.2308108307,8,0,8,37,a3d0bf278a2cf18159d0a59f979c44eaae8c4d4d990adf020e2c2d2e7e32ed99
matched_evaluation,dependency_constrained_review,NSGA-II,14,expanded_empirical_ref1p1_unclipped,1.1000000000,0,0.2797375817,4,0,4,37,a3d0bf278a2cf18159d0a59f979c44eaae8c4d4d990adf020e2c2d2e7e32ed99
matched_evaluation,dependency_constrained_review,NSGA-II,14,analytic_ref1p05_unclipped,1.0500000000,0,0.0112172890,0,0,0,37,a3d0bf278a2cf18159d0a59f979c44eaae8c4d4d990adf020e2c2d2e7e32ed99
matched_evaluation,dependency_constrained_review,NSGA-II,14,analytic_ref1p1_unclipped,1.1000000000,0,0.0308447682,0,0,0,37,a3d0bf278a2cf18159d0a59f979c44eaae8c4d4d990adf020e2c2d2e7e32ed99
matched_evaluation,dependency_constrained_review,NSGA-II,14,analytic_ref1p2_unclipped,1.2000000000,0,0.1043558083,0,0,0,37,a3d0bf278a2cf18159d0a59f979c44eaae8c4d4d990adf020e2c2d2e7e32ed99
matched_evaluation,dependency_constrained_review,BiLo-NSGA,15,reported_empirical_ref1p1_clipped,1.1000000000,1,0.1705102289,0,0,0,37,a6385d739fd073876b262ff3335abe4303782dc7e249ef9d5066f2688cab7eaa
matched_evaluation,dependency_constrained_review,BiLo-NSGA,15,reported_empirical_ref1p1_unclipped,1.1000000000,0,0.1705102289,0,0,0,37,a6385d739fd073876b262ff3335abe4303782dc7e249ef9d5066f2688cab7eaa
matched_evaluation,dependency_constrained_review,BiLo-NSGA,15,expanded_empirical_ref1p1_unclipped,1.1000000000,0,0.2160406156,0,0,0,37,a6385d739fd073876b262ff3335abe4303782dc7e249ef9d5066f2688cab7eaa
matched_evaluation,dependency_constrained_review,BiLo-NSGA,15,analytic_ref1p05_unclipped,1.0500000000,0,0.0091130013,0,0,0,37,a6385d739fd073876b262ff3335abe4303782dc7e249ef9d5066f2688cab7eaa
matched_evaluation,dependency_constrained_review,BiLo-NSGA,15,analytic_ref1p1_unclipped,1.1000000000,0,0.0258282001,0,0,0,37,a6385d739fd073876b262ff3335abe4303782dc7e249ef9d5066f2688cab7eaa
matched_evaluation,dependency_constrained_review,BiLo-NSGA,15,analytic_ref1p2_unclipped,1.2000000000,0,0.0909429976,0,0,0,37,a6385d739fd073876b262ff3335abe4303782dc7e249ef9d5066f2688cab7eaa
matched_evaluation,dependency_constrained_review,NSGA-II,15,reported_empirical_ref1p1_clipped,1.1000000000,1,0.1703044644,7,0,7,39,cec3718891daf60235aac8f760e6dab5a4b17db44dce36aa7442194ee80ef774
matched_evaluation,dependency_constrained_review,NSGA-II,15,reported_empirical_ref1p1_unclipped,1.1000000000,0,0.2145136125,7,0,7,39,cec3718891daf60235aac8f760e6dab5a4b17db44dce36aa7442194ee80ef774
matched_evaluation,dependency_constrained_review,NSGA-II,15,expanded_empirical_ref1p1_unclipped,1.1000000000,0,0.2623884018,3,0,3,39,cec3718891daf60235aac8f760e6dab5a4b17db44dce36aa7442194ee80ef774
matched_evaluation,dependency_constrained_review,NSGA-II,15,analytic_ref1p05_unclipped,1.0500000000,0,0.0098752400,0,0,0,39,cec3718891daf60235aac8f760e6dab5a4b17db44dce36aa7442194ee80ef774
matched_evaluation,dependency_constrained_review,NSGA-II,15,analytic_ref1p1_unclipped,1.1000000000,0,0.0278190296,0,0,0,39,cec3718891daf60235aac8f760e6dab5a4b17db44dce36aa7442194ee80ef774
matched_evaluation,dependency_constrained_review,NSGA-II,15,analytic_ref1p2_unclipped,1.2000000000,0,0.0969084422,0,0,0,39,cec3718891daf60235aac8f760e6dab5a4b17db44dce36aa7442194ee80ef774
matched_evaluation,dependency_constrained_review,Pareto Local Search,15,reported_empirical_ref1p1_clipped,1.1000000000,1,0.1183986503,0,0,0,40,288235ce9cc0d38e7e9d0ec29d93c1e51ed6f53894701979d8974fc924f32557
matched_evaluation,dependency_constrained_review,Pareto Local Search,15,reported_empirical_ref1p1_unclipped,1.1000000000,0,0.1183986503,0,0,0,40,288235ce9cc0d38e7e9d0ec29d93c1e51ed6f53894701979d8974fc924f32557
matched_evaluation,dependency_constrained_review,Pareto Local Search,15,expanded_empirical_ref1p1_unclipped,1.1000000000,0,0.1641164765,0,0,0,40,288235ce9cc0d38e7e9d0ec29d93c1e51ed6f53894701979d8974fc924f32557
matched_evaluation,dependency_constrained_review,Pareto Local Search,15,analytic_ref1p05_unclipped,1.0500000000,0,0.0076962004,0,0,0,40,288235ce9cc0d38e7e9d0ec29d93c1e51ed6f53894701979d8974fc924f32557
matched_evaluation,dependency_constrained_review,Pareto Local Search,15,analytic_ref1p1_unclipped,1.1000000000,0,0.0225110919,0,0,0,40,288235ce9cc0d38e7e9d0ec29d93c1e51ed6f53894701979d8974fc924f32557
matched_evaluation,dependency_constrained_review,Pareto Local Search,15,analytic_ref1p2_unclipped,1.2000000000,0,0.0820213838,0,0,0,40,288235ce9cc0d38e7e9d0ec29d93c1e51ed6f53894701979d8974fc924f32557
matched_evaluation,dependency_constrained_review,NSGA-II,16,reported_empirical_ref1p1_clipped,1.1000000000,1,0.1685987568,5,0,5,38,7b9de3ec37f042e42389e7ef425a4936b34062f40b9d80335395597c8b636446
matched_evaluation,dependency_constrained_review,NSGA-II,16,reported_empirical_ref1p1_unclipped,1.1000000000,0,0.1977862404,5,0,5,38,7b9de3ec37f042e42389e7ef425a4936b34062f40b9d80335395597c8b636446
matched_evaluation,dependency_constrained_review,NSGA-II,16,expanded_empirical_ref1p1_unclipped,1.1000000000,0,0.2457982739,0,0,0,38,7b9de3ec37f042e42389e7ef425a4936b34062f40b9d80335395597c8b636446
matched_evaluation,dependency_constrained_review,NSGA-II,16,analytic_ref1p05_unclipped,1.0500000000,0,0.0103029110,0,0,0,38,7b9de3ec37f042e42389e7ef425a4936b34062f40b9d80335395597c8b636446
matched_evaluation,dependency_constrained_review,NSGA-II,16,analytic_ref1p1_unclipped,1.1000000000,0,0.0286362121,0,0,0,38,7b9de3ec37f042e42389e7ef425a4936b34062f40b9d80335395597c8b636446
matched_evaluation,dependency_constrained_review,NSGA-II,16,analytic_ref1p2_unclipped,1.2000000000,0,0.0983113056,0,0,0,38,7b9de3ec37f042e42389e7ef425a4936b34062f40b9d80335395597c8b636446
matched_evaluation,dependency_constrained_review,Pareto Local Search,16,reported_empirical_ref1p1_clipped,1.1000000000,1,0.1014757480,0,0,0,40,8e0ed52b357a49e2a800ca6cf9531bc3be832ae672d04ac9295afe34fbd7a415
matched_evaluation,dependency_constrained_review,Pareto Local Search,16,reported_empirical_ref1p1_unclipped,1.1000000000,0,0.1014757480,0,0,0,40,8e0ed52b357a49e2a800ca6cf9531bc3be832ae672d04ac9295afe34fbd7a415
matched_evaluation,dependency_constrained_review,Pareto Local Search,16,expanded_empirical_ref1p1_unclipped,1.1000000000,0,0.1478758655,0,0,0,40,8e0ed52b357a49e2a800ca6cf9531bc3be832ae672d04ac9295afe34fbd7a415
matched_evaluation,dependency_constrained_review,Pareto Local Search,16,analytic_ref1p05_unclipped,1.0500000000,0,0.0069796773,0,0,0,40,8e0ed52b357a49e2a800ca6cf9531bc3be832ae672d04ac9295afe34fbd7a415
matched_evaluation,dependency_constrained_review,Pareto Local Search,16,analytic_ref1p1_unclipped,1.1000000000,0,0.0209471066,0,0,0,40,8e0ed52b357a49e2a800ca6cf9531bc3be832ae672d04ac9295afe34fbd7a415
matched_evaluation,dependency_constrained_review,Pareto Local Search,16,analytic_ref1p2_unclipped,1.2000000000,0,0.0781616982,0,0,0,40,8e0ed52b357a49e2a800ca6cf9531bc3be832ae672d04ac9295afe34fbd7a415
matched_evaluation,dependency_constrained_review,BiLo-NSGA,16,reported_empirical_ref1p1_clipped,1.1000000000,1,0.1503931769,0,0,0,39,af2d0109451fb389938e1c6e7c899edc63c9cece1b8e477ebf95802f845644cd
matched_evaluation,dependency_constrained_review,BiLo-NSGA,16,reported_empirical_ref1p1_unclipped,1.1000000000,0,0.1503931769,0,0,0,39,af2d0109451fb389938e1c6e7c899edc63c9cece1b8e477ebf95802f845644cd
matched_evaluation,dependency_constrained_review,BiLo-NSGA,16,expanded_empirical_ref1p1_unclipped,1.1000000000,0,0.1951427076,0,0,0,39,af2d0109451fb389938e1c6e7c899edc63c9cece1b8e477ebf95802f845644cd
matched_evaluation,dependency_constrained_review,BiLo-NSGA,16,analytic_ref1p05_unclipped,1.0500000000,0,0.0082734162,0,0,0,39,af2d0109451fb389938e1c6e7c899edc63c9cece1b8e477ebf95802f845644cd
matched_evaluation,dependency_constrained_review,BiLo-NSGA,16,analytic_ref1p1_unclipped,1.1000000000,0,0.0238611240,0,0,0,39,af2d0109451fb389938e1c6e7c899edc63c9cece1b8e477ebf95802f845644cd
matched_evaluation,dependency_constrained_review,BiLo-NSGA,16,analytic_ref1p2_unclipped,1.2000000000,0,0.0856629072,0,0,0,39,af2d0109451fb389938e1c6e7c899edc63c9cece1b8e477ebf95802f845644cd
matched_evaluation,dependency_constrained_review,Pareto Local Search,17,reported_empirical_ref1p1_clipped,1.1000000000,1,0.1190552559,0,0,0,39,34f4f21d627c970b7d705a7af5cee3d606797583db900c4857ecf5c9b9def276
matched_evaluation,dependency_constrained_review,Pareto Local Search,17,reported_empirical_ref1p1_unclipped,1.1000000000,0,0.1190552559,0,0,0,39,34f4f21d627c970b7d705a7af5cee3d606797583db900c4857ecf5c9b9def276
matched_evaluation,dependency_constrained_review,Pareto Local Search,17,expanded_empirical_ref1p1_unclipped,1.1000000000,0,0.1646551537,0,0,0,39,34f4f21d627c970b7d705a7af5cee3d606797583db900c4857ecf5c9b9def276
matched_evaluation,dependency_constrained_review,Pareto Local Search,17,analytic_ref1p05_unclipped,1.0500000000,0,0.0075500434,0,0,0,39,34f4f21d627c970b7d705a7af5cee3d606797583db900c4857ecf5c9b9def276
matched_evaluation,dependency_constrained_review,Pareto Local Search,17,analytic_ref1p1_unclipped,1.1000000000,0,0.0221948783,0,0,0,39,34f4f21d627c970b7d705a7af5cee3d606797583db900c4857ecf5c9b9def276
matched_evaluation,dependency_constrained_review,Pareto Local Search,17,analytic_ref1p2_unclipped,1.2000000000,0,0.0812718976,0,0,0,39,34f4f21d627c970b7d705a7af5cee3d606797583db900c4857ecf5c9b9def276
matched_evaluation,dependency_constrained_review,BiLo-NSGA,17,reported_empirical_ref1p1_clipped,1.1000000000,1,0.1670612709,0,0,0,38,2586464221af76e99b459a755a7fc5dfa6d29023fefb9751deac211bf120a9e0
matched_evaluation,dependency_constrained_review,BiLo-NSGA,17,reported_empirical_ref1p1_unclipped,1.1000000000,0,0.1670612709,0,0,0,38,2586464221af76e99b459a755a7fc5dfa6d29023fefb9751deac211bf120a9e0
matched_evaluation,dependency_constrained_review,BiLo-NSGA,17,expanded_empirical_ref1p1_unclipped,1.1000000000,0,0.2118847698,0,0,0,38,2586464221af76e99b459a755a7fc5dfa6d29023fefb9751deac211bf120a9e0
matched_evaluation,dependency_constrained_review,BiLo-NSGA,17,analytic_ref1p05_unclipped,1.0500000000,0,0.0084255675,0,0,0,38,2586464221af76e99b459a755a7fc5dfa6d29023fefb9751deac211bf120a9e0
matched_evaluation,dependency_constrained_review,BiLo-NSGA,17,analytic_ref1p1_unclipped,1.1000000000,0,0.0244243907,0,0,0,38,2586464221af76e99b459a755a7fc5dfa6d29023fefb9751deac211bf120a9e0
matched_evaluation,dependency_constrained_review,BiLo-NSGA,17,analytic_ref1p2_unclipped,1.2000000000,0,0.0878251354,0,0,0,38,2586464221af76e99b459a755a7fc5dfa6d29023fefb9751deac211bf120a9e0
matched_evaluation,dependency_constrained_review,NSGA-II,17,reported_empirical_ref1p1_clipped,1.1000000000,1,0.1674595240,4,0,4,38,fa4aaae23527fedffd7597931f2c7b28510ade97b5064eb3a256542488d9681e
matched_evaluation,dependency_constrained_review,NSGA-II,17,reported_empirical_ref1p1_unclipped,1.1000000000,0,0.1961724629,4,0,4,38,fa4aaae23527fedffd7597931f2c7b28510ade97b5064eb3a256542488d9681e
matched_evaluation,dependency_constrained_review,NSGA-II,17,expanded_empirical_ref1p1_unclipped,1.1000000000,0,0.2452829877,0,0,0,38,fa4aaae23527fedffd7597931f2c7b28510ade97b5064eb3a256542488d9681e
matched_evaluation,dependency_constrained_review,NSGA-II,17,analytic_ref1p05_unclipped,1.0500000000,0,0.0100191369,0,0,0,38,fa4aaae23527fedffd7597931f2c7b28510ade97b5064eb3a256542488d9681e
matched_evaluation,dependency_constrained_review,NSGA-II,17,analytic_ref1p1_unclipped,1.1000000000,0,0.0279751466,0,0,0,38,fa4aaae23527fedffd7597931f2c7b28510ade97b5064eb3a256542488d9681e
matched_evaluation,dependency_constrained_review,NSGA-II,17,analytic_ref1p2_unclipped,1.2000000000,0,0.0966348824,0,0,0,38,fa4aaae23527fedffd7597931f2c7b28510ade97b5064eb3a256542488d9681e
matched_evaluation,dependency_constrained_review,BiLo-NSGA,18,reported_empirical_ref1p1_clipped,1.1000000000,1,0.1709239861,3,0,3,39,286210557d2fea5ecec27e9853ac5c0ddb6cf0969f838fe80186a3c0a464e936
matched_evaluation,dependency_constrained_review,BiLo-NSGA,18,reported_empirical_ref1p1_unclipped,1.1000000000,0,0.1974713543,3,0,3,39,286210557d2fea5ecec27e9853ac5c0ddb6cf0969f838fe80186a3c0a464e936
matched_evaluation,dependency_constrained_review,BiLo-NSGA,18,expanded_empirical_ref1p1_unclipped,1.1000000000,0,0.2445025053,0,0,0,39,286210557d2fea5ecec27e9853ac5c0ddb6cf0969f838fe80186a3c0a464e936
matched_evaluation,dependency_constrained_review,BiLo-NSGA,18,analytic_ref1p05_unclipped,1.0500000000,0,0.0095290520,0,0,0,39,286210557d2fea5ecec27e9853ac5c0ddb6cf0969f838fe80186a3c0a464e936
matched_evaluation,dependency_constrained_review,BiLo-NSGA,18,analytic_ref1p1_unclipped,1.1000000000,0,0.0269296657,0,0,0,39,286210557d2fea5ecec27e9853ac5c0ddb6cf0969f838fe80186a3c0a464e936
matched_evaluation,dependency_constrained_review,BiLo-NSGA,18,analytic_ref1p2_unclipped,1.2000000000,0,0.0943149584,0,0,0,39,286210557d2fea5ecec27e9853ac5c0ddb6cf0969f838fe80186a3c0a464e936
matched_evaluation,dependency_constrained_review,NSGA-II,18,reported_empirical_ref1p1_clipped,1.1000000000,1,0.1708554579,4,0,4,39,1751081049030d9011572e01373aa8a44a7fe1dc584164e2445dd4071d8bcfcb
matched_evaluation,dependency_constrained_review,NSGA-II,18,reported_empirical_ref1p1_unclipped,1.1000000000,0,0.2022474517,4,0,4,39,1751081049030d9011572e01373aa8a44a7fe1dc584164e2445dd4071d8bcfcb
matched_evaluation,dependency_constrained_review,NSGA-II,18,expanded_empirical_ref1p1_unclipped,1.1000000000,0,0.2500475754,0,0,0,39,1751081049030d9011572e01373aa8a44a7fe1dc584164e2445dd4071d8bcfcb
matched_evaluation,dependency_constrained_review,NSGA-II,18,analytic_ref1p05_unclipped,1.0500000000,0,0.0098740053,0,0,0,39,1751081049030d9011572e01373aa8a44a7fe1dc584164e2445dd4071d8bcfcb
matched_evaluation,dependency_constrained_review,NSGA-II,18,analytic_ref1p1_unclipped,1.1000000000,0,0.0277491409,0,0,0,39,1751081049030d9011572e01373aa8a44a7fe1dc584164e2445dd4071d8bcfcb
matched_evaluation,dependency_constrained_review,NSGA-II,18,analytic_ref1p2_unclipped,1.2000000000,0,0.0963078794,0,0,0,39,1751081049030d9011572e01373aa8a44a7fe1dc584164e2445dd4071d8bcfcb
matched_evaluation,dependency_constrained_review,Pareto Local Search,18,reported_empirical_ref1p1_clipped,1.1000000000,1,0.1074458864,0,0,0,40,44e1fb85553c231e1133af3c2b89d5f68af8cd661ba885ff5243dd6c00da4f55
matched_evaluation,dependency_constrained_review,Pareto Local Search,18,reported_empirical_ref1p1_unclipped,1.1000000000,0,0.1074458864,0,0,0,40,44e1fb85553c231e1133af3c2b89d5f68af8cd661ba885ff5243dd6c00da4f55
matched_evaluation,dependency_constrained_review,Pareto Local Search,18,expanded_empirical_ref1p1_unclipped,1.1000000000,0,0.1529595208,0,0,0,40,44e1fb85553c231e1133af3c2b89d5f68af8cd661ba885ff5243dd6c00da4f55
matched_evaluation,dependency_constrained_review,Pareto Local Search,18,analytic_ref1p05_unclipped,1.0500000000,0,0.0070154287,0,0,0,40,44e1fb85553c231e1133af3c2b89d5f68af8cd661ba885ff5243dd6c00da4f55
matched_evaluation,dependency_constrained_review,Pareto Local Search,18,analytic_ref1p1_unclipped,1.1000000000,0,0.0209815082,0,0,0,40,44e1fb85553c231e1133af3c2b89d5f68af8cd661ba885ff5243dd6c00da4f55
matched_evaluation,dependency_constrained_review,Pareto Local Search,18,analytic_ref1p2_unclipped,1.2000000000,0,0.0781492580,0,0,0,40,44e1fb85553c231e1133af3c2b89d5f68af8cd661ba885ff5243dd6c00da4f55
matched_evaluation,dependency_constrained_review,NSGA-II,19,reported_empirical_ref1p1_clipped,1.1000000000,1,0.1695444992,4,0,4,38,f8d44b9cfe4da4725df2ff2c0bfd060b199c360511102fd18cf0652e93a91954
matched_evaluation,dependency_constrained_review,NSGA-II,19,reported_empirical_ref1p1_unclipped,1.1000000000,0,0.1938639923,4,0,4,38,f8d44b9cfe4da4725df2ff2c0bfd060b199c360511102fd18cf0652e93a91954
matched_evaluation,dependency_constrained_review,NSGA-II,19,expanded_empirical_ref1p1_unclipped,1.1000000000,0,0.2419506116,0,0,0,38,f8d44b9cfe4da4725df2ff2c0bfd060b199c360511102fd18cf0652e93a91954
matched_evaluation,dependency_constrained_review,NSGA-II,19,analytic_ref1p05_unclipped,1.0500000000,0,0.0103517949,0,0,0,38,f8d44b9cfe4da4725df2ff2c0bfd060b199c360511102fd18cf0652e93a91954
matched_evaluation,dependency_constrained_review,NSGA-II,19,analytic_ref1p1_unclipped,1.1000000000,0,0.0286678124,0,0,0,38,f8d44b9cfe4da4725df2ff2c0bfd060b199c360511102fd18cf0652e93a91954
matched_evaluation,dependency_constrained_review,NSGA-II,19,analytic_ref1p2_unclipped,1.2000000000,0,0.0981236455,0,0,0,38,f8d44b9cfe4da4725df2ff2c0bfd060b199c360511102fd18cf0652e93a91954
matched_evaluation,dependency_constrained_review,Pareto Local Search,19,reported_empirical_ref1p1_clipped,1.1000000000,1,0.1104246103,0,0,0,40,5abc0441ea6e0761d6e69c59bbb9f50caf969a1c5b9c5b917f86abdfb412af1d
matched_evaluation,dependency_constrained_review,Pareto Local Search,19,reported_empirical_ref1p1_unclipped,1.1000000000,0,0.1104246103,0,0,0,40,5abc0441ea6e0761d6e69c59bbb9f50caf969a1c5b9c5b917f86abdfb412af1d
matched_evaluation,dependency_constrained_review,Pareto Local Search,19,expanded_empirical_ref1p1_unclipped,1.1000000000,0,0.1562091194,0,0,0,40,5abc0441ea6e0761d6e69c59bbb9f50caf969a1c5b9c5b917f86abdfb412af1d
matched_evaluation,dependency_constrained_review,Pareto Local Search,19,analytic_ref1p05_unclipped,1.0500000000,0,0.0070462054,0,0,0,40,5abc0441ea6e0761d6e69c59bbb9f50caf969a1c5b9c5b917f86abdfb412af1d
matched_evaluation,dependency_constrained_review,Pareto Local Search,19,analytic_ref1p1_unclipped,1.1000000000,0,0.0210949752,0,0,0,40,5abc0441ea6e0761d6e69c59bbb9f50caf969a1c5b9c5b917f86abdfb412af1d
matched_evaluation,dependency_constrained_review,Pareto Local Search,19,analytic_ref1p2_unclipped,1.2000000000,0,0.0785353847,0,0,0,40,5abc0441ea6e0761d6e69c59bbb9f50caf969a1c5b9c5b917f86abdfb412af1d
matched_evaluation,dependency_constrained_review,BiLo-NSGA,19,reported_empirical_ref1p1_clipped,1.1000000000,1,0.1721031919,1,0,1,38,98a373eea8413edf38acc7d5db12ae51dbbf5692889d2dffeb4857c333168e52
matched_evaluation,dependency_constrained_review,BiLo-NSGA,19,reported_empirical_ref1p1_unclipped,1.1000000000,0,0.1834500704,1,0,1,38,98a373eea8413edf38acc7d5db12ae51dbbf5692889d2dffeb4857c333168e52
matched_evaluation,dependency_constrained_review,BiLo-NSGA,19,expanded_empirical_ref1p1_unclipped,1.1000000000,0,0.2294973698,0,0,0,38,98a373eea8413edf38acc7d5db12ae51dbbf5692889d2dffeb4857c333168e52
matched_evaluation,dependency_constrained_review,BiLo-NSGA,19,analytic_ref1p05_unclipped,1.0500000000,0,0.0092579498,0,0,0,38,98a373eea8413edf38acc7d5db12ae51dbbf5692889d2dffeb4857c333168e52
matched_evaluation,dependency_constrained_review,BiLo-NSGA,19,analytic_ref1p1_unclipped,1.1000000000,0,0.0262620081,0,0,0,38,98a373eea8413edf38acc7d5db12ae51dbbf5692889d2dffeb4857c333168e52
matched_evaluation,dependency_constrained_review,BiLo-NSGA,19,analytic_ref1p2_unclipped,1.2000000000,0,0.0923979740,0,0,0,38,98a373eea8413edf38acc7d5db12ae51dbbf5692889d2dffeb4857c333168e52
matched_evaluation,dependency_constrained_review,Pareto Local Search,20,reported_empirical_ref1p1_clipped,1.1000000000,1,0.1186461802,0,0,0,40,bdb1f1332f9aa4a9eb6301c6bd05106b7f397d4f585092067de0336d7cff7312
matched_evaluation,dependency_constrained_review,Pareto Local Search,20,reported_empirical_ref1p1_unclipped,1.1000000000,0,0.1186461802,0,0,0,40,bdb1f1332f9aa4a9eb6301c6bd05106b7f397d4f585092067de0336d7cff7312
matched_evaluation,dependency_constrained_review,Pareto Local Search,20,expanded_empirical_ref1p1_unclipped,1.1000000000,0,0.1642796409,0,0,0,40,bdb1f1332f9aa4a9eb6301c6bd05106b7f397d4f585092067de0336d7cff7312
matched_evaluation,dependency_constrained_review,Pareto Local Search,20,analytic_ref1p05_unclipped,1.0500000000,0,0.0076156747,0,0,0,40,bdb1f1332f9aa4a9eb6301c6bd05106b7f397d4f585092067de0336d7cff7312
matched_evaluation,dependency_constrained_review,Pareto Local Search,20,analytic_ref1p1_unclipped,1.1000000000,0,0.0222547545,0,0,0,40,bdb1f1332f9aa4a9eb6301c6bd05106b7f397d4f585092067de0336d7cff7312
matched_evaluation,dependency_constrained_review,Pareto Local Search,20,analytic_ref1p2_unclipped,1.2000000000,0,0.0810843574,0,0,0,40,bdb1f1332f9aa4a9eb6301c6bd05106b7f397d4f585092067de0336d7cff7312
matched_evaluation,dependency_constrained_review,BiLo-NSGA,20,reported_empirical_ref1p1_clipped,1.1000000000,1,0.1664185821,0,0,0,38,061d8da025a3ac1ae1a0ab92d8ecdbc630557485947684db9448829d96591112
matched_evaluation,dependency_constrained_review,BiLo-NSGA,20,reported_empirical_ref1p1_unclipped,1.1000000000,0,0.1664185821,0,0,0,38,061d8da025a3ac1ae1a0ab92d8ecdbc630557485947684db9448829d96591112
matched_evaluation,dependency_constrained_review,BiLo-NSGA,20,expanded_empirical_ref1p1_unclipped,1.1000000000,0,0.2115005589,0,0,0,38,061d8da025a3ac1ae1a0ab92d8ecdbc630557485947684db9448829d96591112
matched_evaluation,dependency_constrained_review,BiLo-NSGA,20,analytic_ref1p05_unclipped,1.0500000000,0,0.0085606417,0,0,0,38,061d8da025a3ac1ae1a0ab92d8ecdbc630557485947684db9448829d96591112
matched_evaluation,dependency_constrained_review,BiLo-NSGA,20,analytic_ref1p1_unclipped,1.1000000000,0,0.0246024679,0,0,0,38,061d8da025a3ac1ae1a0ab92d8ecdbc630557485947684db9448829d96591112
matched_evaluation,dependency_constrained_review,BiLo-NSGA,20,analytic_ref1p2_unclipped,1.2000000000,0,0.0879341926,0,0,0,38,061d8da025a3ac1ae1a0ab92d8ecdbc630557485947684db9448829d96591112
matched_evaluation,dependency_constrained_review,NSGA-II,20,reported_empirical_ref1p1_clipped,1.1000000000,1,0.1714214196,5,0,5,39,71fe20d9069e232a0f82a2a4035a2c96e0868340bd7ce629cb52d08b21e3d9d5
matched_evaluation,dependency_constrained_review,NSGA-II,20,reported_empirical_ref1p1_unclipped,1.1000000000,0,0.2024463758,5,0,5,39,71fe20d9069e232a0f82a2a4035a2c96e0868340bd7ce629cb52d08b21e3d9d5
matched_evaluation,dependency_constrained_review,NSGA-II,20,expanded_empirical_ref1p1_unclipped,1.1000000000,0,0.2493407076,0,0,0,39,71fe20d9069e232a0f82a2a4035a2c96e0868340bd7ce629cb52d08b21e3d9d5
matched_evaluation,dependency_constrained_review,NSGA-II,20,analytic_ref1p05_unclipped,1.0500000000,0,0.0105485728,0,0,0,39,71fe20d9069e232a0f82a2a4035a2c96e0868340bd7ce629cb52d08b21e3d9d5
matched_evaluation,dependency_constrained_review,NSGA-II,20,analytic_ref1p1_unclipped,1.1000000000,0,0.0291919633,0,0,0,39,71fe20d9069e232a0f82a2a4035a2c96e0868340bd7ce629cb52d08b21e3d9d5
matched_evaluation,dependency_constrained_review,NSGA-II,20,analytic_ref1p2_unclipped,1.2000000000,0,0.0996663054,0,0,0,39,71fe20d9069e232a0f82a2a4035a2c96e0868340bd7ce629cb52d08b21e3d9d5
matched_evaluation,dependency_constrained_review,BiLo-NSGA,21,reported_empirical_ref1p1_clipped,1.1000000000,1,0.1558180337,0,0,0,39,589e2c974702ea0fb7ddd3c97928b41b2c02d2bc5df2d63a7efef95f36e23dc1
matched_evaluation,dependency_constrained_review,BiLo-NSGA,21,reported_empirical_ref1p1_unclipped,1.1000000000,0,0.1558180337,0,0,0,39,589e2c974702ea0fb7ddd3c97928b41b2c02d2bc5df2d63a7efef95f36e23dc1
matched_evaluation,dependency_constrained_review,BiLo-NSGA,21,expanded_empirical_ref1p1_unclipped,1.1000000000,0,0.2009543437,0,0,0,39,589e2c974702ea0fb7ddd3c97928b41b2c02d2bc5df2d63a7efef95f36e23dc1
matched_evaluation,dependency_constrained_review,BiLo-NSGA,21,analytic_ref1p05_unclipped,1.0500000000,0,0.0082967625,0,0,0,39,589e2c974702ea0fb7ddd3c97928b41b2c02d2bc5df2d63a7efef95f36e23dc1
matched_evaluation,dependency_constrained_review,BiLo-NSGA,21,analytic_ref1p1_unclipped,1.1000000000,0,0.0239749658,0,0,0,39,589e2c974702ea0fb7ddd3c97928b41b2c02d2bc5df2d63a7efef95f36e23dc1
matched_evaluation,dependency_constrained_review,BiLo-NSGA,21,analytic_ref1p2_unclipped,1.2000000000,0,0.0861301084,0,0,0,39,589e2c974702ea0fb7ddd3c97928b41b2c02d2bc5df2d63a7efef95f36e23dc1
matched_evaluation,dependency_constrained_review,NSGA-II,21,reported_empirical_ref1p1_clipped,1.1000000000,1,0.1707408702,5,0,5,39,d60ae9630b8aa151af268808ad211062e1c0795874aeab27198533f486633255
matched_evaluation,dependency_constrained_review,NSGA-II,21,reported_empirical_ref1p1_unclipped,1.1000000000,0,0.2165531967,5,0,5,39,d60ae9630b8aa151af268808ad211062e1c0795874aeab27198533f486633255
matched_evaluation,dependency_constrained_review,NSGA-II,21,expanded_empirical_ref1p1_unclipped,1.1000000000,0,0.2650211396,2,0,2,39,d60ae9630b8aa151af268808ad211062e1c0795874aeab27198533f486633255
matched_evaluation,dependency_constrained_review,NSGA-II,21,analytic_ref1p05_unclipped,1.0500000000,0,0.0104414791,0,0,0,39,d60ae9630b8aa151af268808ad211062e1c0795874aeab27198533f486633255
matched_evaluation,dependency_constrained_review,NSGA-II,21,analytic_ref1p1_unclipped,1.1000000000,0,0.0290947494,0,0,0,39,d60ae9630b8aa151af268808ad211062e1c0795874aeab27198533f486633255
matched_evaluation,dependency_constrained_review,NSGA-II,21,analytic_ref1p2_unclipped,1.2000000000,0,0.0999899027,0,0,0,39,d60ae9630b8aa151af268808ad211062e1c0795874aeab27198533f486633255
matched_evaluation,dependency_constrained_review,Pareto Local Search,21,reported_empirical_ref1p1_clipped,1.1000000000,1,0.1129957420,0,0,0,40,4aa73fce1808df195df4a4fec378f7c999ca3f8554649bbb785ff593a09bd356
matched_evaluation,dependency_constrained_review,Pareto Local Search,21,reported_empirical_ref1p1_unclipped,1.1000000000,0,0.1129957420,0,0,0,40,4aa73fce1808df195df4a4fec378f7c999ca3f8554649bbb785ff593a09bd356
matched_evaluation,dependency_constrained_review,Pareto Local Search,21,expanded_empirical_ref1p1_unclipped,1.1000000000,0,0.1589252184,0,0,0,40,4aa73fce1808df195df4a4fec378f7c999ca3f8554649bbb785ff593a09bd356
matched_evaluation,dependency_constrained_review,Pareto Local Search,21,analytic_ref1p05_unclipped,1.0500000000,0,0.0070235313,0,0,0,40,4aa73fce1808df195df4a4fec378f7c999ca3f8554649bbb785ff593a09bd356
matched_evaluation,dependency_constrained_review,Pareto Local Search,21,analytic_ref1p1_unclipped,1.1000000000,0,0.0211265934,0,0,0,40,4aa73fce1808df195df4a4fec378f7c999ca3f8554649bbb785ff593a09bd356
matched_evaluation,dependency_constrained_review,Pareto Local Search,21,analytic_ref1p2_unclipped,1.2000000000,0,0.0789170779,0,0,0,40,4aa73fce1808df195df4a4fec378f7c999ca3f8554649bbb785ff593a09bd356
matched_evaluation,dependency_constrained_review,NSGA-II,22,reported_empirical_ref1p1_clipped,1.1000000000,1,0.1716403239,6,0,6,38,7e34ddd2233d03692a200a9a885dca5d473d26752b6059ee85acb17a0d9008bf
matched_evaluation,dependency_constrained_review,NSGA-II,22,reported_empirical_ref1p1_unclipped,1.1000000000,0,0.2006533995,6,0,6,38,7e34ddd2233d03692a200a9a885dca5d473d26752b6059ee85acb17a0d9008bf
matched_evaluation,dependency_constrained_review,NSGA-II,22,expanded_empirical_ref1p1_unclipped,1.1000000000,0,0.2482886316,0,0,0,38,7e34ddd2233d03692a200a9a885dca5d473d26752b6059ee85acb17a0d9008bf
matched_evaluation,dependency_constrained_review,NSGA-II,22,analytic_ref1p05_unclipped,1.0500000000,0,0.0099264819,0,0,0,38,7e34ddd2233d03692a200a9a885dca5d473d26752b6059ee85acb17a0d9008bf
matched_evaluation,dependency_constrained_review,NSGA-II,22,analytic_ref1p1_unclipped,1.1000000000,0,0.0278355393,0,0,0,38,7e34ddd2233d03692a200a9a885dca5d473d26752b6059ee85acb17a0d9008bf
matched_evaluation,dependency_constrained_review,NSGA-II,22,analytic_ref1p2_unclipped,1.2000000000,0,0.0964816562,0,0,0,38,7e34ddd2233d03692a200a9a885dca5d473d26752b6059ee85acb17a0d9008bf
matched_evaluation,dependency_constrained_review,Pareto Local Search,22,reported_empirical_ref1p1_clipped,1.1000000000,1,0.1087863377,0,0,0,40,ee93be65682a26837c4f95084f92b81d91c1b8ecf90d8ae549b88d85b277e692
matched_evaluation,dependency_constrained_review,Pareto Local Search,22,reported_empirical_ref1p1_unclipped,1.1000000000,0,0.1087863377,0,0,0,40,ee93be65682a26837c4f95084f92b81d91c1b8ecf90d8ae549b88d85b277e692
matched_evaluation,dependency_constrained_review,Pareto Local Search,22,expanded_empirical_ref1p1_unclipped,1.1000000000,0,0.1547579999,0,0,0,40,ee93be65682a26837c4f95084f92b81d91c1b8ecf90d8ae549b88d85b277e692
matched_evaluation,dependency_constrained_review,Pareto Local Search,22,analytic_ref1p05_unclipped,1.0500000000,0,0.0071024336,0,0,0,40,ee93be65682a26837c4f95084f92b81d91c1b8ecf90d8ae549b88d85b277e692
matched_evaluation,dependency_constrained_review,Pareto Local Search,22,analytic_ref1p1_unclipped,1.1000000000,0,0.0212126037,0,0,0,40,ee93be65682a26837c4f95084f92b81d91c1b8ecf90d8ae549b88d85b277e692
matched_evaluation,dependency_constrained_review,Pareto Local Search,22,analytic_ref1p2_unclipped,1.2000000000,0,0.0788206410,0,0,0,40,ee93be65682a26837c4f95084f92b81d91c1b8ecf90d8ae549b88d85b277e692
matched_evaluation,dependency_constrained_review,BiLo-NSGA,22,reported_empirical_ref1p1_clipped,1.1000000000,1,0.1660940527,0,0,0,39,75db0cd1e7538ad3febb536ddb9cbac9284d858335fd69f16ca825b779dc18d0
matched_evaluation,dependency_constrained_review,BiLo-NSGA,22,reported_empirical_ref1p1_unclipped,1.1000000000,0,0.1660940527,0,0,0,39,75db0cd1e7538ad3febb536ddb9cbac9284d858335fd69f16ca825b779dc18d0
matched_evaluation,dependency_constrained_review,BiLo-NSGA,22,expanded_empirical_ref1p1_unclipped,1.1000000000,0,0.2112449127,0,0,0,39,75db0cd1e7538ad3febb536ddb9cbac9284d858335fd69f16ca825b779dc18d0
matched_evaluation,dependency_constrained_review,BiLo-NSGA,22,analytic_ref1p05_unclipped,1.0500000000,0,0.0083949246,0,0,0,39,75db0cd1e7538ad3febb536ddb9cbac9284d858335fd69f16ca825b779dc18d0
matched_evaluation,dependency_constrained_review,BiLo-NSGA,22,analytic_ref1p1_unclipped,1.1000000000,0,0.0243327283,0,0,0,39,75db0cd1e7538ad3febb536ddb9cbac9284d858335fd69f16ca825b779dc18d0
matched_evaluation,dependency_constrained_review,BiLo-NSGA,22,analytic_ref1p2_unclipped,1.2000000000,0,0.0875134085,0,0,0,39,75db0cd1e7538ad3febb536ddb9cbac9284d858335fd69f16ca825b779dc18d0
matched_evaluation,dependency_constrained_review,Pareto Local Search,23,reported_empirical_ref1p1_clipped,1.1000000000,1,0.1094449135,0,0,0,40,e4c6e3bae526e8524928a074bf8000fb45f32e8e60e4b3ed4aadd12988371a9f
matched_evaluation,dependency_constrained_review,Pareto Local Search,23,reported_empirical_ref1p1_unclipped,1.1000000000,0,0.1094449135,0,0,0,40,e4c6e3bae526e8524928a074bf8000fb45f32e8e60e4b3ed4aadd12988371a9f
matched_evaluation,dependency_constrained_review,Pareto Local Search,23,expanded_empirical_ref1p1_unclipped,1.1000000000,0,0.1556108900,0,0,0,40,e4c6e3bae526e8524928a074bf8000fb45f32e8e60e4b3ed4aadd12988371a9f
matched_evaluation,dependency_constrained_review,Pareto Local Search,23,analytic_ref1p05_unclipped,1.0500000000,0,0.0070950558,0,0,0,40,e4c6e3bae526e8524928a074bf8000fb45f32e8e60e4b3ed4aadd12988371a9f
matched_evaluation,dependency_constrained_review,Pareto Local Search,23,analytic_ref1p1_unclipped,1.1000000000,0,0.0212006624,0,0,0,40,e4c6e3bae526e8524928a074bf8000fb45f32e8e60e4b3ed4aadd12988371a9f
matched_evaluation,dependency_constrained_review,Pareto Local Search,23,analytic_ref1p2_unclipped,1.2000000000,0,0.0787649162,0,0,0,40,e4c6e3bae526e8524928a074bf8000fb45f32e8e60e4b3ed4aadd12988371a9f
matched_evaluation,dependency_constrained_review,BiLo-NSGA,23,reported_empirical_ref1p1_clipped,1.1000000000,1,0.1686349739,0,0,0,38,45c4dde4794e027df824f35db0a065742b3fd05302562ba0a41c95d556060296
matched_evaluation,dependency_constrained_review,BiLo-NSGA,23,reported_empirical_ref1p1_unclipped,1.1000000000,0,0.1686349739,0,0,0,38,45c4dde4794e027df824f35db0a065742b3fd05302562ba0a41c95d556060296
matched_evaluation,dependency_constrained_review,BiLo-NSGA,23,expanded_empirical_ref1p1_unclipped,1.1000000000,0,0.2141813104,0,0,0,38,45c4dde4794e027df824f35db0a065742b3fd05302562ba0a41c95d556060296
matched_evaluation,dependency_constrained_review,BiLo-NSGA,23,analytic_ref1p05_unclipped,1.0500000000,0,0.0086209789,0,0,0,38,45c4dde4794e027df824f35db0a065742b3fd05302562ba0a41c95d556060296
matched_evaluation,dependency_constrained_review,BiLo-NSGA,23,analytic_ref1p1_unclipped,1.1000000000,0,0.0248917365,0,0,0,38,45c4dde4794e027df824f35db0a065742b3fd05302562ba0a41c95d556060296
matched_evaluation,dependency_constrained_review,BiLo-NSGA,23,analytic_ref1p2_unclipped,1.2000000000,0,0.0890359139,0,0,0,38,45c4dde4794e027df824f35db0a065742b3fd05302562ba0a41c95d556060296
matched_evaluation,dependency_constrained_review,NSGA-II,23,reported_empirical_ref1p1_clipped,1.1000000000,1,0.1705849113,4,0,4,39,be5a3b387caca94c5a0126150530bdccbf439051b53f1020cbe6960da1707662
matched_evaluation,dependency_constrained_review,NSGA-II,23,reported_empirical_ref1p1_unclipped,1.1000000000,0,0.1992676463,4,0,4,39,be5a3b387caca94c5a0126150530bdccbf439051b53f1020cbe6960da1707662
matched_evaluation,dependency_constrained_review,NSGA-II,23,expanded_empirical_ref1p1_unclipped,1.1000000000,0,0.2475177434,0,0,0,39,be5a3b387caca94c5a0126150530bdccbf439051b53f1020cbe6960da1707662
matched_evaluation,dependency_constrained_review,NSGA-II,23,analytic_ref1p05_unclipped,1.0500000000,0,0.0100176961,0,0,0,39,be5a3b387caca94c5a0126150530bdccbf439051b53f1020cbe6960da1707662
matched_evaluation,dependency_constrained_review,NSGA-II,23,analytic_ref1p1_unclipped,1.1000000000,0,0.0280611899,0,0,0,39,be5a3b387caca94c5a0126150530bdccbf439051b53f1020cbe6960da1707662
matched_evaluation,dependency_constrained_review,NSGA-II,23,analytic_ref1p2_unclipped,1.2000000000,0,0.0970997122,0,0,0,39,be5a3b387caca94c5a0126150530bdccbf439051b53f1020cbe6960da1707662
matched_evaluation,dependency_constrained_review,BiLo-NSGA,24,reported_empirical_ref1p1_clipped,1.1000000000,1,0.1724023808,1,0,1,39,f2179879554fe625badab68e0d7d34379630499a33d083f656c8667ab94ec6f0
matched_evaluation,dependency_constrained_review,BiLo-NSGA,24,reported_empirical_ref1p1_unclipped,1.1000000000,0,0.1849991169,1,0,1,39,f2179879554fe625badab68e0d7d34379630499a33d083f656c8667ab94ec6f0
matched_evaluation,dependency_constrained_review,BiLo-NSGA,24,expanded_empirical_ref1p1_unclipped,1.1000000000,0,0.2307587642,0,0,0,39,f2179879554fe625badab68e0d7d34379630499a33d083f656c8667ab94ec6f0
matched_evaluation,dependency_constrained_review,BiLo-NSGA,24,analytic_ref1p05_unclipped,1.0500000000,0,0.0091106459,0,0,0,39,f2179879554fe625badab68e0d7d34379630499a33d083f656c8667ab94ec6f0
matched_evaluation,dependency_constrained_review,BiLo-NSGA,24,analytic_ref1p1_unclipped,1.1000000000,0,0.0259280081,0,0,0,39,f2179879554fe625badab68e0d7d34379630499a33d083f656c8667ab94ec6f0
matched_evaluation,dependency_constrained_review,BiLo-NSGA,24,analytic_ref1p2_unclipped,1.2000000000,0,0.0916483985,0,0,0,39,f2179879554fe625badab68e0d7d34379630499a33d083f656c8667ab94ec6f0
matched_evaluation,dependency_constrained_review,NSGA-II,24,reported_empirical_ref1p1_clipped,1.1000000000,1,0.1699528184,9,0,9,39,710074ccbfdea6a5a44b1923e305ad76425ff6ada69d3f9583cea0bd1711d99b
matched_evaluation,dependency_constrained_review,NSGA-II,24,reported_empirical_ref1p1_unclipped,1.1000000000,0,0.2303043222,9,0,9,39,710074ccbfdea6a5a44b1923e305ad76425ff6ada69d3f9583cea0bd1711d99b
matched_evaluation,dependency_constrained_review,NSGA-II,24,expanded_empirical_ref1p1_unclipped,1.1000000000,0,0.2791453924,4,0,4,39,710074ccbfdea6a5a44b1923e305ad76425ff6ada69d3f9583cea0bd1711d99b
matched_evaluation,dependency_constrained_review,NSGA-II,24,analytic_ref1p05_unclipped,1.0500000000,0,0.0105821075,0,0,0,39,710074ccbfdea6a5a44b1923e305ad76425ff6ada69d3f9583cea0bd1711d99b
matched_evaluation,dependency_constrained_review,NSGA-II,24,analytic_ref1p1_unclipped,1.1000000000,0,0.0294105607,0,0,0,39,710074ccbfdea6a5a44b1923e305ad76425ff6ada69d3f9583cea0bd1711d99b
matched_evaluation,dependency_constrained_review,NSGA-II,24,analytic_ref1p2_unclipped,1.2000000000,0,0.1008404277,0,0,0,39,710074ccbfdea6a5a44b1923e305ad76425ff6ada69d3f9583cea0bd1711d99b
matched_evaluation,dependency_constrained_review,Pareto Local Search,24,reported_empirical_ref1p1_clipped,1.1000000000,1,0.1174125037,0,0,0,40,f1a636bf3193dc8d05d19aaaec52406708bd2ca6a4bb26221ed5cc28b17958b2
matched_evaluation,dependency_constrained_review,Pareto Local Search,24,reported_empirical_ref1p1_unclipped,1.1000000000,0,0.1174125037,0,0,0,40,f1a636bf3193dc8d05d19aaaec52406708bd2ca6a4bb26221ed5cc28b17958b2
matched_evaluation,dependency_constrained_review,Pareto Local Search,24,expanded_empirical_ref1p1_unclipped,1.1000000000,0,0.1636020897,0,0,0,40,f1a636bf3193dc8d05d19aaaec52406708bd2ca6a4bb26221ed5cc28b17958b2
matched_evaluation,dependency_constrained_review,Pareto Local Search,24,analytic_ref1p05_unclipped,1.0500000000,0,0.0076250811,0,0,0,40,f1a636bf3193dc8d05d19aaaec52406708bd2ca6a4bb26221ed5cc28b17958b2
matched_evaluation,dependency_constrained_review,Pareto Local Search,24,analytic_ref1p1_unclipped,1.1000000000,0,0.0223643914,0,0,0,40,f1a636bf3193dc8d05d19aaaec52406708bd2ca6a4bb26221ed5cc28b17958b2
matched_evaluation,dependency_constrained_review,Pareto Local Search,24,analytic_ref1p2_unclipped,1.2000000000,0,0.0816596433,0,0,0,40,f1a636bf3193dc8d05d19aaaec52406708bd2ca6a4bb26221ed5cc28b17958b2
matched_evaluation,dependency_constrained_review,NSGA-II,25,reported_empirical_ref1p1_clipped,1.1000000000,1,0.1697282571,5,0,5,37,6ba7fb90c627b707ebc22891fd163bedccd103796a3b345d4751bee9628370dd
matched_evaluation,dependency_constrained_review,NSGA-II,25,reported_empirical_ref1p1_unclipped,1.1000000000,0,0.1998642461,5,0,5,37,6ba7fb90c627b707ebc22891fd163bedccd103796a3b345d4751bee9628370dd
matched_evaluation,dependency_constrained_review,NSGA-II,25,expanded_empirical_ref1p1_unclipped,1.1000000000,0,0.2477261660,0,0,0,37,6ba7fb90c627b707ebc22891fd163bedccd103796a3b345d4751bee9628370dd
matched_evaluation,dependency_constrained_review,NSGA-II,25,analytic_ref1p05_unclipped,1.0500000000,0,0.0100561095,0,0,0,37,6ba7fb90c627b707ebc22891fd163bedccd103796a3b345d4751bee9628370dd
matched_evaluation,dependency_constrained_review,NSGA-II,25,analytic_ref1p1_unclipped,1.1000000000,0,0.0280889191,0,0,0,37,6ba7fb90c627b707ebc22891fd163bedccd103796a3b345d4751bee9628370dd
matched_evaluation,dependency_constrained_review,NSGA-II,25,analytic_ref1p2_unclipped,1.2000000000,0,0.0970554323,0,0,0,37,6ba7fb90c627b707ebc22891fd163bedccd103796a3b345d4751bee9628370dd
matched_evaluation,dependency_constrained_review,Pareto Local Search,25,reported_empirical_ref1p1_clipped,1.1000000000,1,0.1198872156,0,0,0,40,bbdaba9d8d5a5aaa20158d274fd4070e2fbc3f226695c1355eaf617e6d950e8d
matched_evaluation,dependency_constrained_review,Pareto Local Search,25,reported_empirical_ref1p1_unclipped,1.1000000000,0,0.1198872156,0,0,0,40,bbdaba9d8d5a5aaa20158d274fd4070e2fbc3f226695c1355eaf617e6d950e8d
matched_evaluation,dependency_constrained_review,Pareto Local Search,25,expanded_empirical_ref1p1_unclipped,1.1000000000,0,0.1655537936,0,0,0,40,bbdaba9d8d5a5aaa20158d274fd4070e2fbc3f226695c1355eaf617e6d950e8d
matched_evaluation,dependency_constrained_review,Pareto Local Search,25,analytic_ref1p05_unclipped,1.0500000000,0,0.0077263677,0,0,0,40,bbdaba9d8d5a5aaa20158d274fd4070e2fbc3f226695c1355eaf617e6d950e8d
matched_evaluation,dependency_constrained_review,Pareto Local Search,25,analytic_ref1p1_unclipped,1.1000000000,0,0.0226311127,0,0,0,40,bbdaba9d8d5a5aaa20158d274fd4070e2fbc3f226695c1355eaf617e6d950e8d
matched_evaluation,dependency_constrained_review,Pareto Local Search,25,analytic_ref1p2_unclipped,1.2000000000,0,0.0824356514,0,0,0,40,bbdaba9d8d5a5aaa20158d274fd4070e2fbc3f226695c1355eaf617e6d950e8d
matched_evaluation,dependency_constrained_review,BiLo-NSGA,25,reported_empirical_ref1p1_clipped,1.1000000000,1,0.1739505624,2,0,2,39,399d78ab876b234c4db14777456f38b6a49fb2dfa6c7c053853441a0bae5750a
matched_evaluation,dependency_constrained_review,BiLo-NSGA,25,reported_empirical_ref1p1_unclipped,1.1000000000,0,0.1849614188,2,0,2,39,399d78ab876b234c4db14777456f38b6a49fb2dfa6c7c053853441a0bae5750a
matched_evaluation,dependency_constrained_review,BiLo-NSGA,25,expanded_empirical_ref1p1_unclipped,1.1000000000,0,0.2303523531,0,0,0,39,399d78ab876b234c4db14777456f38b6a49fb2dfa6c7c053853441a0bae5750a
matched_evaluation,dependency_constrained_review,BiLo-NSGA,25,analytic_ref1p05_unclipped,1.0500000000,0,0.0090790961,0,0,0,39,399d78ab876b234c4db14777456f38b6a49fb2dfa6c7c053853441a0bae5750a
matched_evaluation,dependency_constrained_review,BiLo-NSGA,25,analytic_ref1p1_unclipped,1.1000000000,0,0.0258667323,0,0,0,39,399d78ab876b234c4db14777456f38b6a49fb2dfa6c7c053853441a0bae5750a
matched_evaluation,dependency_constrained_review,BiLo-NSGA,25,analytic_ref1p2_unclipped,1.2000000000,0,0.0914849908,0,0,0,39,399d78ab876b234c4db14777456f38b6a49fb2dfa6c7c053853441a0bae5750a
matched_evaluation,dependency_constrained_review,Pareto Local Search,26,reported_empirical_ref1p1_clipped,1.1000000000,1,0.1029239978,0,0,0,40,d134d7350260b11b009488c80458dc364369765870e6bdf50732c85a9eaa0579
matched_evaluation,dependency_constrained_review,Pareto Local Search,26,reported_empirical_ref1p1_unclipped,1.1000000000,0,0.1029239978,0,0,0,40,d134d7350260b11b009488c80458dc364369765870e6bdf50732c85a9eaa0579
matched_evaluation,dependency_constrained_review,Pareto Local Search,26,expanded_empirical_ref1p1_unclipped,1.1000000000,0,0.1488531573,0,0,0,40,d134d7350260b11b009488c80458dc364369765870e6bdf50732c85a9eaa0579
matched_evaluation,dependency_constrained_review,Pareto Local Search,26,analytic_ref1p05_unclipped,1.0500000000,0,0.0069086035,0,0,0,40,d134d7350260b11b009488c80458dc364369765870e6bdf50732c85a9eaa0579
matched_evaluation,dependency_constrained_review,Pareto Local Search,26,analytic_ref1p1_unclipped,1.1000000000,0,0.0207891642,0,0,0,40,d134d7350260b11b009488c80458dc364369765870e6bdf50732c85a9eaa0579
matched_evaluation,dependency_constrained_review,Pareto Local Search,26,analytic_ref1p2_unclipped,1.2000000000,0,0.0777793325,0,0,0,40,d134d7350260b11b009488c80458dc364369765870e6bdf50732c85a9eaa0579
matched_evaluation,dependency_constrained_review,BiLo-NSGA,26,reported_empirical_ref1p1_clipped,1.1000000000,1,0.1731427269,1,0,1,39,7c27ce11d00aeae6b906e455645000f9dbdd990c2fdc1b70fa6d2e8f239198f1
matched_evaluation,dependency_constrained_review,BiLo-NSGA,26,reported_empirical_ref1p1_unclipped,1.1000000000,0,0.1835750670,1,0,1,39,7c27ce11d00aeae6b906e455645000f9dbdd990c2fdc1b70fa6d2e8f239198f1
matched_evaluation,dependency_constrained_review,BiLo-NSGA,26,expanded_empirical_ref1p1_unclipped,1.1000000000,0,0.2292394606,0,0,0,39,7c27ce11d00aeae6b906e455645000f9dbdd990c2fdc1b70fa6d2e8f239198f1
matched_evaluation,dependency_constrained_review,BiLo-NSGA,26,analytic_ref1p05_unclipped,1.0500000000,0,0.0087206208,0,0,0,39,7c27ce11d00aeae6b906e455645000f9dbdd990c2fdc1b70fa6d2e8f239198f1
matched_evaluation,dependency_constrained_review,BiLo-NSGA,26,analytic_ref1p1_unclipped,1.1000000000,0,0.0249908177,0,0,0,39,7c27ce11d00aeae6b906e455645000f9dbdd990c2fdc1b70fa6d2e8f239198f1
matched_evaluation,dependency_constrained_review,BiLo-NSGA,26,analytic_ref1p2_unclipped,1.2000000000,0,0.0890443846,0,0,0,39,7c27ce11d00aeae6b906e455645000f9dbdd990c2fdc1b70fa6d2e8f239198f1
matched_evaluation,dependency_constrained_review,NSGA-II,26,reported_empirical_ref1p1_clipped,1.1000000000,1,0.1693165216,6,0,6,38,c9b54e6b6c5df2717e4918725ac1124b6d408e12bb39a49cbd3abe4cd59526af
matched_evaluation,dependency_constrained_review,NSGA-II,26,reported_empirical_ref1p1_unclipped,1.1000000000,0,0.2228549694,6,0,6,38,c9b54e6b6c5df2717e4918725ac1124b6d408e12bb39a49cbd3abe4cd59526af
matched_evaluation,dependency_constrained_review,NSGA-II,26,expanded_empirical_ref1p1_unclipped,1.1000000000,0,0.2719230695,3,0,3,38,c9b54e6b6c5df2717e4918725ac1124b6d408e12bb39a49cbd3abe4cd59526af
matched_evaluation,dependency_constrained_review,NSGA-II,26,analytic_ref1p05_unclipped,1.0500000000,0,0.0098143252,0,0,0,38,c9b54e6b6c5df2717e4918725ac1124b6d408e12bb39a49cbd3abe4cd59526af
matched_evaluation,dependency_constrained_review,NSGA-II,26,analytic_ref1p1_unclipped,1.1000000000,0,0.0277346650,0,0,0,38,c9b54e6b6c5df2717e4918725ac1124b6d408e12bb39a49cbd3abe4cd59526af
matched_evaluation,dependency_constrained_review,NSGA-II,26,analytic_ref1p2_unclipped,1.2000000000,0,0.0969349482,0,0,0,38,c9b54e6b6c5df2717e4918725ac1124b6d408e12bb39a49cbd3abe4cd59526af
matched_evaluation,dependency_constrained_review,BiLo-NSGA,27,reported_empirical_ref1p1_clipped,1.1000000000,1,0.1727056315,4,0,4,38,159c2211860e05208746b62913465ec17c84853fee546d2e40317f4d4f494ab3
matched_evaluation,dependency_constrained_review,BiLo-NSGA,27,reported_empirical_ref1p1_unclipped,1.1000000000,0,0.1995624597,4,0,4,38,159c2211860e05208746b62913465ec17c84853fee546d2e40317f4d4f494ab3
matched_evaluation,dependency_constrained_review,BiLo-NSGA,27,expanded_empirical_ref1p1_unclipped,1.1000000000,0,0.2459578566,0,0,0,38,159c2211860e05208746b62913465ec17c84853fee546d2e40317f4d4f494ab3
matched_evaluation,dependency_constrained_review,BiLo-NSGA,27,analytic_ref1p05_unclipped,1.0500000000,0,0.0098286270,0,0,0,38,159c2211860e05208746b62913465ec17c84853fee546d2e40317f4d4f494ab3
matched_evaluation,dependency_constrained_review,BiLo-NSGA,27,analytic_ref1p1_unclipped,1.1000000000,0,0.0275919530,0,0,0,38,159c2211860e05208746b62913465ec17c84853fee546d2e40317f4d4f494ab3
matched_evaluation,dependency_constrained_review,BiLo-NSGA,27,analytic_ref1p2_unclipped,1.2000000000,0,0.0959108952,0,0,0,38,159c2211860e05208746b62913465ec17c84853fee546d2e40317f4d4f494ab3
matched_evaluation,dependency_constrained_review,NSGA-II,27,reported_empirical_ref1p1_clipped,1.1000000000,1,0.1698411698,6,0,6,39,2586dc3960af34454c8b1dc915e3fee1c4e005464485f7597192fdbc14b14f25
matched_evaluation,dependency_constrained_review,NSGA-II,27,reported_empirical_ref1p1_unclipped,1.1000000000,0,0.2082194484,6,0,6,39,2586dc3960af34454c8b1dc915e3fee1c4e005464485f7597192fdbc14b14f25
matched_evaluation,dependency_constrained_review,NSGA-II,27,expanded_empirical_ref1p1_unclipped,1.1000000000,0,0.2561328985,1,0,1,39,2586dc3960af34454c8b1dc915e3fee1c4e005464485f7597192fdbc14b14f25
matched_evaluation,dependency_constrained_review,NSGA-II,27,analytic_ref1p05_unclipped,1.0500000000,0,0.0100199224,0,0,0,39,2586dc3960af34454c8b1dc915e3fee1c4e005464485f7597192fdbc14b14f25
matched_evaluation,dependency_constrained_review,NSGA-II,27,analytic_ref1p1_unclipped,1.1000000000,0,0.0281038703,0,0,0,39,2586dc3960af34454c8b1dc915e3fee1c4e005464485f7597192fdbc14b14f25
matched_evaluation,dependency_constrained_review,NSGA-II,27,analytic_ref1p2_unclipped,1.2000000000,0,0.0974035514,0,0,0,39,2586dc3960af34454c8b1dc915e3fee1c4e005464485f7597192fdbc14b14f25
matched_evaluation,dependency_constrained_review,Pareto Local Search,27,reported_empirical_ref1p1_clipped,1.1000000000,1,0.1194599138,0,0,0,40,24851a9f9355c47ad2ac355e111bafea61c2ce38fe632d119407082a77146a96
matched_evaluation,dependency_constrained_review,Pareto Local Search,27,reported_empirical_ref1p1_unclipped,1.1000000000,0,0.1194599138,0,0,0,40,24851a9f9355c47ad2ac355e111bafea61c2ce38fe632d119407082a77146a96
matched_evaluation,dependency_constrained_review,Pareto Local Search,27,expanded_empirical_ref1p1_unclipped,1.1000000000,0,0.1652767517,0,0,0,40,24851a9f9355c47ad2ac355e111bafea61c2ce38fe632d119407082a77146a96
matched_evaluation,dependency_constrained_review,Pareto Local Search,27,analytic_ref1p05_unclipped,1.0500000000,0,0.0078224857,0,0,0,40,24851a9f9355c47ad2ac355e111bafea61c2ce38fe632d119407082a77146a96
matched_evaluation,dependency_constrained_review,Pareto Local Search,27,analytic_ref1p1_unclipped,1.1000000000,0,0.0227764911,0,0,0,40,24851a9f9355c47ad2ac355e111bafea61c2ce38fe632d119407082a77146a96
matched_evaluation,dependency_constrained_review,Pareto Local Search,27,analytic_ref1p2_unclipped,1.2000000000,0,0.0826335493,0,0,0,40,24851a9f9355c47ad2ac355e111bafea61c2ce38fe632d119407082a77146a96
matched_evaluation,dependency_constrained_review,NSGA-II,28,reported_empirical_ref1p1_clipped,1.1000000000,1,0.1713906028,6,0,6,39,eafdf3b56dbae753456ade72f2a5b409aedb2109dae432554faa671427725bfb
matched_evaluation,dependency_constrained_review,NSGA-II,28,reported_empirical_ref1p1_unclipped,1.1000000000,0,0.2025742626,6,0,6,39,eafdf3b56dbae753456ade72f2a5b409aedb2109dae432554faa671427725bfb
matched_evaluation,dependency_constrained_review,NSGA-II,28,expanded_empirical_ref1p1_unclipped,1.1000000000,0,0.2501667611,0,0,0,39,eafdf3b56dbae753456ade72f2a5b409aedb2109dae432554faa671427725bfb
matched_evaluation,dependency_constrained_review,NSGA-II,28,analytic_ref1p05_unclipped,1.0500000000,0,0.0099443824,0,0,0,39,eafdf3b56dbae753456ade72f2a5b409aedb2109dae432554faa671427725bfb
matched_evaluation,dependency_constrained_review,NSGA-II,28,analytic_ref1p1_unclipped,1.1000000000,0,0.0278895862,0,0,0,39,eafdf3b56dbae753456ade72f2a5b409aedb2109dae432554faa671427725bfb
matched_evaluation,dependency_constrained_review,NSGA-II,28,analytic_ref1p2_unclipped,1.2000000000,0,0.0966979642,0,0,0,39,eafdf3b56dbae753456ade72f2a5b409aedb2109dae432554faa671427725bfb
matched_evaluation,dependency_constrained_review,Pareto Local Search,28,reported_empirical_ref1p1_clipped,1.1000000000,1,0.1386867742,0,0,0,40,612e14d1e4a94876d01dff5628f5bf83e66c40d910ef85f986b57a2113f91072
matched_evaluation,dependency_constrained_review,Pareto Local Search,28,reported_empirical_ref1p1_unclipped,1.1000000000,0,0.1386867742,0,0,0,40,612e14d1e4a94876d01dff5628f5bf83e66c40d910ef85f986b57a2113f91072
matched_evaluation,dependency_constrained_review,Pareto Local Search,28,expanded_empirical_ref1p1_unclipped,1.1000000000,0,0.1841834173,0,0,0,40,612e14d1e4a94876d01dff5628f5bf83e66c40d910ef85f986b57a2113f91072
matched_evaluation,dependency_constrained_review,Pareto Local Search,28,analytic_ref1p05_unclipped,1.0500000000,0,0.0079698270,0,0,0,40,612e14d1e4a94876d01dff5628f5bf83e66c40d910ef85f986b57a2113f91072
matched_evaluation,dependency_constrained_review,Pareto Local Search,28,analytic_ref1p1_unclipped,1.1000000000,0,0.0232090307,0,0,0,40,612e14d1e4a94876d01dff5628f5bf83e66c40d910ef85f986b57a2113f91072
matched_evaluation,dependency_constrained_review,Pareto Local Search,28,analytic_ref1p2_unclipped,1.2000000000,0,0.0841800411,0,0,0,40,612e14d1e4a94876d01dff5628f5bf83e66c40d910ef85f986b57a2113f91072
matched_evaluation,dependency_constrained_review,BiLo-NSGA,28,reported_empirical_ref1p1_clipped,1.1000000000,1,0.1719817910,0,0,0,39,c70fdbf0ffd0ee8c8b85a51a2c34b8de0d48734dc04ed2bd7fc18538d2efefde
matched_evaluation,dependency_constrained_review,BiLo-NSGA,28,reported_empirical_ref1p1_unclipped,1.1000000000,0,0.1719817910,0,0,0,39,c70fdbf0ffd0ee8c8b85a51a2c34b8de0d48734dc04ed2bd7fc18538d2efefde
matched_evaluation,dependency_constrained_review,BiLo-NSGA,28,expanded_empirical_ref1p1_unclipped,1.1000000000,0,0.2177173965,0,0,0,39,c70fdbf0ffd0ee8c8b85a51a2c34b8de0d48734dc04ed2bd7fc18538d2efefde
matched_evaluation,dependency_constrained_review,BiLo-NSGA,28,analytic_ref1p05_unclipped,1.0500000000,0,0.0088473264,0,0,0,39,c70fdbf0ffd0ee8c8b85a51a2c34b8de0d48734dc04ed2bd7fc18538d2efefde
matched_evaluation,dependency_constrained_review,BiLo-NSGA,28,analytic_ref1p1_unclipped,1.1000000000,0,0.0252433656,0,0,0,39,c70fdbf0ffd0ee8c8b85a51a2c34b8de0d48734dc04ed2bd7fc18538d2efefde
matched_evaluation,dependency_constrained_review,BiLo-NSGA,28,analytic_ref1p2_unclipped,1.2000000000,0,0.0895202519,0,0,0,39,c70fdbf0ffd0ee8c8b85a51a2c34b8de0d48734dc04ed2bd7fc18538d2efefde
matched_evaluation,dependency_constrained_review,Pareto Local Search,29,reported_empirical_ref1p1_clipped,1.1000000000,1,0.1076183434,0,0,0,40,81a806c63833ae5bf770b8e3973c0953c0d3cdc61d6fe6ad11f489e40ed69bf9
matched_evaluation,dependency_constrained_review,Pareto Local Search,29,reported_empirical_ref1p1_unclipped,1.1000000000,0,0.1076183434,0,0,0,40,81a806c63833ae5bf770b8e3973c0953c0d3cdc61d6fe6ad11f489e40ed69bf9
matched_evaluation,dependency_constrained_review,Pareto Local Search,29,expanded_empirical_ref1p1_unclipped,1.1000000000,0,0.1537470576,0,0,0,40,81a806c63833ae5bf770b8e3973c0953c0d3cdc61d6fe6ad11f489e40ed69bf9
matched_evaluation,dependency_constrained_review,Pareto Local Search,29,analytic_ref1p05_unclipped,1.0500000000,0,0.0071199765,0,0,0,40,81a806c63833ae5bf770b8e3973c0953c0d3cdc61d6fe6ad11f489e40ed69bf9
matched_evaluation,dependency_constrained_review,Pareto Local Search,29,analytic_ref1p1_unclipped,1.1000000000,0,0.0212675409,0,0,0,40,81a806c63833ae5bf770b8e3973c0953c0d3cdc61d6fe6ad11f489e40ed69bf9
matched_evaluation,dependency_constrained_review,Pareto Local Search,29,analytic_ref1p2_unclipped,1.2000000000,0,0.0789948258,0,0,0,40,81a806c63833ae5bf770b8e3973c0953c0d3cdc61d6fe6ad11f489e40ed69bf9
matched_evaluation,dependency_constrained_review,BiLo-NSGA,29,reported_empirical_ref1p1_clipped,1.1000000000,1,0.1710694051,0,0,0,39,502b5390574cc7fd96c9833b3c2372673ebe4842a535d4e78f1f68be928b41cb
matched_evaluation,dependency_constrained_review,BiLo-NSGA,29,reported_empirical_ref1p1_unclipped,1.1000000000,0,0.1710694051,0,0,0,39,502b5390574cc7fd96c9833b3c2372673ebe4842a535d4e78f1f68be928b41cb
matched_evaluation,dependency_constrained_review,BiLo-NSGA,29,expanded_empirical_ref1p1_unclipped,1.1000000000,0,0.2166111085,0,0,0,39,502b5390574cc7fd96c9833b3c2372673ebe4842a535d4e78f1f68be928b41cb
matched_evaluation,dependency_constrained_review,BiLo-NSGA,29,analytic_ref1p05_unclipped,1.0500000000,0,0.0093491191,0,0,0,39,502b5390574cc7fd96c9833b3c2372673ebe4842a535d4e78f1f68be928b41cb
matched_evaluation,dependency_constrained_review,BiLo-NSGA,29,analytic_ref1p1_unclipped,1.1000000000,0,0.0263575056,0,0,0,39,502b5390574cc7fd96c9833b3c2372673ebe4842a535d4e78f1f68be928b41cb
matched_evaluation,dependency_constrained_review,BiLo-NSGA,29,analytic_ref1p2_unclipped,1.2000000000,0,0.0921678685,0,0,0,39,502b5390574cc7fd96c9833b3c2372673ebe4842a535d4e78f1f68be928b41cb
matched_evaluation,dependency_constrained_review,NSGA-II,29,reported_empirical_ref1p1_clipped,1.1000000000,1,0.1716204388,4,0,4,38,7c862a9c7433c998b262ef438273b6e5fcb21621f76d61010daf6f4559577680
matched_evaluation,dependency_constrained_review,NSGA-II,29,reported_empirical_ref1p1_unclipped,1.1000000000,0,0.2001059167,4,0,4,38,7c862a9c7433c998b262ef438273b6e5fcb21621f76d61010daf6f4559577680
matched_evaluation,dependency_constrained_review,NSGA-II,29,expanded_empirical_ref1p1_unclipped,1.1000000000,0,0.2476998455,0,0,0,38,7c862a9c7433c998b262ef438273b6e5fcb21621f76d61010daf6f4559577680
matched_evaluation,dependency_constrained_review,NSGA-II,29,analytic_ref1p05_unclipped,1.0500000000,0,0.0101602495,0,0,0,38,7c862a9c7433c998b262ef438273b6e5fcb21621f76d61010daf6f4559577680
matched_evaluation,dependency_constrained_review,NSGA-II,29,analytic_ref1p1_unclipped,1.1000000000,0,0.0283558925,0,0,0,38,7c862a9c7433c998b262ef438273b6e5fcb21621f76d61010daf6f4559577680
matched_evaluation,dependency_constrained_review,NSGA-II,29,analytic_ref1p2_unclipped,1.2000000000,0,0.0976768596,0,0,0,38,7c862a9c7433c998b262ef438273b6e5fcb21621f76d61010daf6f4559577680
matched_evaluation,local_move_explainability,BiLo-NSGA,0,reported_empirical_ref1p1_clipped,1.1000000000,1,0.1609331507,0,0,0,39,ec67028f54db8fa7f87a8ebb2d74879e68cd3d9c1f83024117454360478a5851
matched_evaluation,local_move_explainability,BiLo-NSGA,0,reported_empirical_ref1p1_unclipped,1.1000000000,0,0.1609331507,0,0,0,39,ec67028f54db8fa7f87a8ebb2d74879e68cd3d9c1f83024117454360478a5851
matched_evaluation,local_move_explainability,BiLo-NSGA,0,expanded_empirical_ref1p1_unclipped,1.1000000000,0,0.2039782990,0,0,0,39,ec67028f54db8fa7f87a8ebb2d74879e68cd3d9c1f83024117454360478a5851
matched_evaluation,local_move_explainability,BiLo-NSGA,0,analytic_ref1p05_unclipped,1.0500000000,0,0.0081578779,0,0,0,39,ec67028f54db8fa7f87a8ebb2d74879e68cd3d9c1f83024117454360478a5851
matched_evaluation,local_move_explainability,BiLo-NSGA,0,analytic_ref1p1_unclipped,1.1000000000,0,0.0234665773,0,0,0,39,ec67028f54db8fa7f87a8ebb2d74879e68cd3d9c1f83024117454360478a5851
matched_evaluation,local_move_explainability,BiLo-NSGA,0,analytic_ref1p2_unclipped,1.2000000000,0,0.0844984650,0,0,0,39,ec67028f54db8fa7f87a8ebb2d74879e68cd3d9c1f83024117454360478a5851
matched_evaluation,local_move_explainability,NSGA-II,0,reported_empirical_ref1p1_clipped,1.1000000000,1,0.1740659356,2,0,2,38,187624b9a279845512dbe861748137687a0dc635cc4c6f05409c3a4ae2f0f8aa
matched_evaluation,local_move_explainability,NSGA-II,0,reported_empirical_ref1p1_unclipped,1.1000000000,0,0.1938272095,2,0,2,38,187624b9a279845512dbe861748137687a0dc635cc4c6f05409c3a4ae2f0f8aa
matched_evaluation,local_move_explainability,NSGA-II,0,expanded_empirical_ref1p1_unclipped,1.1000000000,0,0.2401940046,0,0,0,38,187624b9a279845512dbe861748137687a0dc635cc4c6f05409c3a4ae2f0f8aa
matched_evaluation,local_move_explainability,NSGA-II,0,analytic_ref1p05_unclipped,1.0500000000,0,0.0084963015,0,0,0,38,187624b9a279845512dbe861748137687a0dc635cc4c6f05409c3a4ae2f0f8aa
matched_evaluation,local_move_explainability,NSGA-II,0,analytic_ref1p1_unclipped,1.1000000000,0,0.0244065696,0,0,0,38,187624b9a279845512dbe861748137687a0dc635cc4c6f05409c3a4ae2f0f8aa
matched_evaluation,local_move_explainability,NSGA-II,0,analytic_ref1p2_unclipped,1.2000000000,0,0.0873272667,0,0,0,38,187624b9a279845512dbe861748137687a0dc635cc4c6f05409c3a4ae2f0f8aa
matched_evaluation,local_move_explainability,Pareto Local Search,0,reported_empirical_ref1p1_clipped,1.1000000000,1,0.1262265423,0,0,0,40,fcc93e3909cdeb49ffb4b0a144dcbf1540ca3e90d14f39e9b21d4ca51c992922
matched_evaluation,local_move_explainability,Pareto Local Search,0,reported_empirical_ref1p1_unclipped,1.1000000000,0,0.1262265423,0,0,0,40,fcc93e3909cdeb49ffb4b0a144dcbf1540ca3e90d14f39e9b21d4ca51c992922
matched_evaluation,local_move_explainability,Pareto Local Search,0,expanded_empirical_ref1p1_unclipped,1.1000000000,0,0.1698313776,0,0,0,40,fcc93e3909cdeb49ffb4b0a144dcbf1540ca3e90d14f39e9b21d4ca51c992922
matched_evaluation,local_move_explainability,Pareto Local Search,0,analytic_ref1p05_unclipped,1.0500000000,0,0.0071923199,0,0,0,40,fcc93e3909cdeb49ffb4b0a144dcbf1540ca3e90d14f39e9b21d4ca51c992922
matched_evaluation,local_move_explainability,Pareto Local Search,0,analytic_ref1p1_unclipped,1.1000000000,0,0.0211722411,0,0,0,40,fcc93e3909cdeb49ffb4b0a144dcbf1540ca3e90d14f39e9b21d4ca51c992922
matched_evaluation,local_move_explainability,Pareto Local Search,0,analytic_ref1p2_unclipped,1.2000000000,0,0.0784404362,0,0,0,40,fcc93e3909cdeb49ffb4b0a144dcbf1540ca3e90d14f39e9b21d4ca51c992922
matched_evaluation,local_move_explainability,NSGA-II,1,reported_empirical_ref1p1_clipped,1.1000000000,1,0.1745191553,5,0,5,38,4c315ffc2a1ce291cef5d1bd1604ff8eb845a2545d31eea74e1c93affda36398
matched_evaluation,local_move_explainability,NSGA-II,1,reported_empirical_ref1p1_unclipped,1.1000000000,0,0.2067143718,5,0,5,38,4c315ffc2a1ce291cef5d1bd1604ff8eb845a2545d31eea74e1c93affda36398
matched_evaluation,local_move_explainability,NSGA-II,1,expanded_empirical_ref1p1_unclipped,1.1000000000,0,0.2524573802,0,0,0,38,4c315ffc2a1ce291cef5d1bd1604ff8eb845a2545d31eea74e1c93affda36398
matched_evaluation,local_move_explainability,NSGA-II,1,analytic_ref1p05_unclipped,1.0500000000,0,0.0088186770,0,0,0,38,4c315ffc2a1ce291cef5d1bd1604ff8eb845a2545d31eea74e1c93affda36398
matched_evaluation,local_move_explainability,NSGA-II,1,analytic_ref1p1_unclipped,1.1000000000,0,0.0251795727,0,0,0,38,4c315ffc2a1ce291cef5d1bd1604ff8eb845a2545d31eea74e1c93affda36398
matched_evaluation,local_move_explainability,NSGA-II,1,analytic_ref1p2_unclipped,1.2000000000,0,0.0895775356,0,0,0,38,4c315ffc2a1ce291cef5d1bd1604ff8eb845a2545d31eea74e1c93affda36398
matched_evaluation,local_move_explainability,Pareto Local Search,1,reported_empirical_ref1p1_clipped,1.1000000000,1,0.1358633899,0,0,0,40,dfa139f4eccd4b87d64e1e7d9717819e922356b26cd8622241b9c213ae30267e
matched_evaluation,local_move_explainability,Pareto Local Search,1,reported_empirical_ref1p1_unclipped,1.1000000000,0,0.1358633899,0,0,0,40,dfa139f4eccd4b87d64e1e7d9717819e922356b26cd8622241b9c213ae30267e
matched_evaluation,local_move_explainability,Pareto Local Search,1,expanded_empirical_ref1p1_unclipped,1.1000000000,0,0.1791810020,0,0,0,40,dfa139f4eccd4b87d64e1e7d9717819e922356b26cd8622241b9c213ae30267e
matched_evaluation,local_move_explainability,Pareto Local Search,1,analytic_ref1p05_unclipped,1.0500000000,0,0.0075856600,0,0,0,40,dfa139f4eccd4b87d64e1e7d9717819e922356b26cd8622241b9c213ae30267e
matched_evaluation,local_move_explainability,Pareto Local Search,1,analytic_ref1p1_unclipped,1.1000000000,0,0.0220936114,0,0,0,40,dfa139f4eccd4b87d64e1e7d9717819e922356b26cd8622241b9c213ae30267e
matched_evaluation,local_move_explainability,Pareto Local Search,1,analytic_ref1p2_unclipped,1.2000000000,0,0.0808976704,0,0,0,40,dfa139f4eccd4b87d64e1e7d9717819e922356b26cd8622241b9c213ae30267e
matched_evaluation,local_move_explainability,BiLo-NSGA,1,reported_empirical_ref1p1_clipped,1.1000000000,1,0.1458344648,0,0,0,39,62b4f6868a6438801fc1d6edcf84000be2baf93569c106188b87a9188b244770
matched_evaluation,local_move_explainability,BiLo-NSGA,1,reported_empirical_ref1p1_unclipped,1.1000000000,0,0.1458344648,0,0,0,39,62b4f6868a6438801fc1d6edcf84000be2baf93569c106188b87a9188b244770
matched_evaluation,local_move_explainability,BiLo-NSGA,1,expanded_empirical_ref1p1_unclipped,1.1000000000,0,0.1895804844,0,0,0,39,62b4f6868a6438801fc1d6edcf84000be2baf93569c106188b87a9188b244770
matched_evaluation,local_move_explainability,BiLo-NSGA,1,analytic_ref1p05_unclipped,1.0500000000,0,0.0076171670,0,0,0,39,62b4f6868a6438801fc1d6edcf84000be2baf93569c106188b87a9188b244770
matched_evaluation,local_move_explainability,BiLo-NSGA,1,analytic_ref1p1_unclipped,1.1000000000,0,0.0222182918,0,0,0,39,62b4f6868a6438801fc1d6edcf84000be2baf93569c106188b87a9188b244770
matched_evaluation,local_move_explainability,BiLo-NSGA,1,analytic_ref1p2_unclipped,1.2000000000,0,0.0813374431,0,0,0,39,62b4f6868a6438801fc1d6edcf84000be2baf93569c106188b87a9188b244770
matched_evaluation,local_move_explainability,Pareto Local Search,2,reported_empirical_ref1p1_clipped,1.1000000000,1,0.1180012812,0,0,0,40,190069125df4c5822b3be64caf610311f9da079e9eacba29cda1429727850bf6
matched_evaluation,local_move_explainability,Pareto Local Search,2,reported_empirical_ref1p1_unclipped,1.1000000000,0,0.1180012812,0,0,0,40,190069125df4c5822b3be64caf610311f9da079e9eacba29cda1429727850bf6
matched_evaluation,local_move_explainability,Pareto Local Search,2,expanded_empirical_ref1p1_unclipped,1.1000000000,0,0.1626593492,0,0,0,40,190069125df4c5822b3be64caf610311f9da079e9eacba29cda1429727850bf6
matched_evaluation,local_move_explainability,Pareto Local Search,2,analytic_ref1p05_unclipped,1.0500000000,0,0.0070219696,0,0,0,40,190069125df4c5822b3be64caf610311f9da079e9eacba29cda1429727850bf6
matched_evaluation,local_move_explainability,Pareto Local Search,2,analytic_ref1p1_unclipped,1.1000000000,0,0.0209020590,0,0,0,40,190069125df4c5822b3be64caf610311f9da079e9eacba29cda1429727850bf6
matched_evaluation,local_move_explainability,Pareto Local Search,2,analytic_ref1p2_unclipped,1.2000000000,0,0.0779446606,0,0,0,40,190069125df4c5822b3be64caf610311f9da079e9eacba29cda1429727850bf6
matched_evaluation,local_move_explainability,BiLo-NSGA,2,reported_empirical_ref1p1_clipped,1.1000000000,1,0.1574883386,0,0,0,38,8ad7c6894d6066e895829f0baa49062eb85b331945f59987f21f3e89d0dd19b7
matched_evaluation,local_move_explainability,BiLo-NSGA,2,reported_empirical_ref1p1_unclipped,1.1000000000,0,0.1574883386,0,0,0,38,8ad7c6894d6066e895829f0baa49062eb85b331945f59987f21f3e89d0dd19b7
matched_evaluation,local_move_explainability,BiLo-NSGA,2,expanded_empirical_ref1p1_unclipped,1.1000000000,0,0.2001563141,0,0,0,38,8ad7c6894d6066e895829f0baa49062eb85b331945f59987f21f3e89d0dd19b7
matched_evaluation,local_move_explainability,BiLo-NSGA,2,analytic_ref1p05_unclipped,1.0500000000,0,0.0079600441,0,0,0,38,8ad7c6894d6066e895829f0baa49062eb85b331945f59987f21f3e89d0dd19b7
matched_evaluation,local_move_explainability,BiLo-NSGA,2,analytic_ref1p1_unclipped,1.1000000000,0,0.0228740868,0,0,0,38,8ad7c6894d6066e895829f0baa49062eb85b331945f59987f21f3e89d0dd19b7
matched_evaluation,local_move_explainability,BiLo-NSGA,2,analytic_ref1p2_unclipped,1.2000000000,0,0.0827222373,0,0,0,38,8ad7c6894d6066e895829f0baa49062eb85b331945f59987f21f3e89d0dd19b7
matched_evaluation,local_move_explainability,NSGA-II,2,reported_empirical_ref1p1_clipped,1.1000000000,1,0.1749659689,4,0,4,39,9d25762cad785b972084d9c34658f576060ce396298643bf45642bc0e184e09a
matched_evaluation,local_move_explainability,NSGA-II,2,reported_empirical_ref1p1_unclipped,1.1000000000,0,0.2109601413,4,0,4,39,9d25762cad785b972084d9c34658f576060ce396298643bf45642bc0e184e09a
matched_evaluation,local_move_explainability,NSGA-II,2,expanded_empirical_ref1p1_unclipped,1.1000000000,0,0.2567015177,1,0,1,39,9d25762cad785b972084d9c34658f576060ce396298643bf45642bc0e184e09a
matched_evaluation,local_move_explainability,NSGA-II,2,analytic_ref1p05_unclipped,1.0500000000,0,0.0087558044,0,0,0,39,9d25762cad785b972084d9c34658f576060ce396298643bf45642bc0e184e09a
matched_evaluation,local_move_explainability,NSGA-II,2,analytic_ref1p1_unclipped,1.1000000000,0,0.0251467130,0,0,0,39,9d25762cad785b972084d9c34658f576060ce396298643bf45642bc0e184e09a
matched_evaluation,local_move_explainability,NSGA-II,2,analytic_ref1p2_unclipped,1.2000000000,0,0.0897210857,0,0,0,39,9d25762cad785b972084d9c34658f576060ce396298643bf45642bc0e184e09a
matched_evaluation,local_move_explainability,BiLo-NSGA,3,reported_empirical_ref1p1_clipped,1.1000000000,1,0.1412664717,0,0,0,39,923508e5bb533f496ef1c2c228978cfc57dc5a852439f2a7a42d833552696d62
matched_evaluation,local_move_explainability,BiLo-NSGA,3,reported_empirical_ref1p1_unclipped,1.1000000000,0,0.1412664717,0,0,0,39,923508e5bb533f496ef1c2c228978cfc57dc5a852439f2a7a42d833552696d62
matched_evaluation,local_move_explainability,BiLo-NSGA,3,expanded_empirical_ref1p1_unclipped,1.1000000000,0,0.1839787319,0,0,0,39,923508e5bb533f496ef1c2c228978cfc57dc5a852439f2a7a42d833552696d62
matched_evaluation,local_move_explainability,BiLo-NSGA,3,analytic_ref1p05_unclipped,1.0500000000,0,0.0072290491,0,0,0,39,923508e5bb533f496ef1c2c228978cfc57dc5a852439f2a7a42d833552696d62
matched_evaluation,local_move_explainability,BiLo-NSGA,3,analytic_ref1p1_unclipped,1.1000000000,0,0.0214209272,0,0,0,39,923508e5bb533f496ef1c2c228978cfc57dc5a852439f2a7a42d833552696d62
matched_evaluation,local_move_explainability,BiLo-NSGA,3,analytic_ref1p2_unclipped,1.2000000000,0,0.0794561770,0,0,0,39,923508e5bb533f496ef1c2c228978cfc57dc5a852439f2a7a42d833552696d62
matched_evaluation,local_move_explainability,NSGA-II,3,reported_empirical_ref1p1_clipped,1.1000000000,1,0.1742909856,5,0,5,38,c2f2540f19abae04cb22d8003fad39bcf22f60e903f0c3db4107952122c4aab7
matched_evaluation,local_move_explainability,NSGA-II,3,reported_empirical_ref1p1_unclipped,1.1000000000,0,0.2232718876,5,0,5,38,c2f2540f19abae04cb22d8003fad39bcf22f60e903f0c3db4107952122c4aab7
matched_evaluation,local_move_explainability,NSGA-II,3,expanded_empirical_ref1p1_unclipped,1.1000000000,0,0.2698495485,3,0,3,38,c2f2540f19abae04cb22d8003fad39bcf22f60e903f0c3db4107952122c4aab7
matched_evaluation,local_move_explainability,NSGA-II,3,analytic_ref1p05_unclipped,1.0500000000,0,0.0091466039,0,0,0,38,c2f2540f19abae04cb22d8003fad39bcf22f60e903f0c3db4107952122c4aab7
matched_evaluation,local_move_explainability,NSGA-II,3,analytic_ref1p1_unclipped,1.1000000000,0,0.0260933006,0,0,0,38,c2f2540f19abae04cb22d8003fad39bcf22f60e903f0c3db4107952122c4aab7
matched_evaluation,local_move_explainability,NSGA-II,3,analytic_ref1p2_unclipped,1.2000000000,0,0.0923860503,0,0,0,38,c2f2540f19abae04cb22d8003fad39bcf22f60e903f0c3db4107952122c4aab7
matched_evaluation,local_move_explainability,Pareto Local Search,3,reported_empirical_ref1p1_clipped,1.1000000000,1,0.1071425108,0,0,0,40,915895dfb042149df1d35c8d2a7d5f10339446b7d0c58190d82d64d38abbd71f
matched_evaluation,local_move_explainability,Pareto Local Search,3,reported_empirical_ref1p1_unclipped,1.1000000000,0,0.1071425108,0,0,0,40,915895dfb042149df1d35c8d2a7d5f10339446b7d0c58190d82d64d38abbd71f
matched_evaluation,local_move_explainability,Pareto Local Search,3,expanded_empirical_ref1p1_unclipped,1.1000000000,0,0.1513053400,0,0,0,40,915895dfb042149df1d35c8d2a7d5f10339446b7d0c58190d82d64d38abbd71f
matched_evaluation,local_move_explainability,Pareto Local Search,3,analytic_ref1p05_unclipped,1.0500000000,0,0.0067957573,0,0,0,40,915895dfb042149df1d35c8d2a7d5f10339446b7d0c58190d82d64d38abbd71f
matched_evaluation,local_move_explainability,Pareto Local Search,3,analytic_ref1p1_unclipped,1.1000000000,0,0.0202901967,0,0,0,40,915895dfb042149df1d35c8d2a7d5f10339446b7d0c58190d82d64d38abbd71f
matched_evaluation,local_move_explainability,Pareto Local Search,3,analytic_ref1p2_unclipped,1.2000000000,0,0.0760515655,0,0,0,40,915895dfb042149df1d35c8d2a7d5f10339446b7d0c58190d82d64d38abbd71f
matched_evaluation,local_move_explainability,NSGA-II,4,reported_empirical_ref1p1_clipped,1.1000000000,1,0.1742077874,4,0,4,39,e4aa327e435ad2f63279e55fa2fcae64620b21e8049fe32bed322b4c9e22721e
matched_evaluation,local_move_explainability,NSGA-II,4,reported_empirical_ref1p1_unclipped,1.1000000000,0,0.2048244109,4,0,4,39,e4aa327e435ad2f63279e55fa2fcae64620b21e8049fe32bed322b4c9e22721e
matched_evaluation,local_move_explainability,NSGA-II,4,expanded_empirical_ref1p1_unclipped,1.1000000000,0,0.2507238991,0,0,0,39,e4aa327e435ad2f63279e55fa2fcae64620b21e8049fe32bed322b4c9e22721e
matched_evaluation,local_move_explainability,NSGA-II,4,analytic_ref1p05_unclipped,1.0500000000,0,0.0088291162,0,0,0,39,e4aa327e435ad2f63279e55fa2fcae64620b21e8049fe32bed322b4c9e22721e
matched_evaluation,local_move_explainability,NSGA-II,4,analytic_ref1p1_unclipped,1.1000000000,0,0.0252292266,0,0,0,39,e4aa327e435ad2f63279e55fa2fcae64620b21e8049fe32bed322b4c9e22721e
matched_evaluation,local_move_explainability,NSGA-II,4,analytic_ref1p2_unclipped,1.2000000000,0,0.0896733694,0,0,0,39,e4aa327e435ad2f63279e55fa2fcae64620b21e8049fe32bed322b4c9e22721e
matched_evaluation,local_move_explainability,Pareto Local Search,4,reported_empirical_ref1p1_clipped,1.1000000000,1,0.1467773020,0,0,0,40,c72a6095c59d63f0f5a67469dfc2c071bd698f7f6616a7466b90ffaff6d63bf3
matched_evaluation,local_move_explainability,Pareto Local Search,4,reported_empirical_ref1p1_unclipped,1.1000000000,0,0.1467773020,0,0,0,40,c72a6095c59d63f0f5a67469dfc2c071bd698f7f6616a7466b90ffaff6d63bf3
matched_evaluation,local_move_explainability,Pareto Local Search,4,expanded_empirical_ref1p1_unclipped,1.1000000000,0,0.1899277560,0,0,0,40,c72a6095c59d63f0f5a67469dfc2c071bd698f7f6616a7466b90ffaff6d63bf3
matched_evaluation,local_move_explainability,Pareto Local Search,4,analytic_ref1p05_unclipped,1.0500000000,0,0.0077548264,0,0,0,40,c72a6095c59d63f0f5a67469dfc2c071bd698f7f6616a7466b90ffaff6d63bf3
matched_evaluation,local_move_explainability,Pareto Local Search,4,analytic_ref1p1_unclipped,1.1000000000,0,0.0224781617,0,0,0,40,c72a6095c59d63f0f5a67469dfc2c071bd698f7f6616a7466b90ffaff6d63bf3
matched_evaluation,local_move_explainability,Pareto Local Search,4,analytic_ref1p2_unclipped,1.2000000000,0,0.0819403995,0,0,0,40,c72a6095c59d63f0f5a67469dfc2c071bd698f7f6616a7466b90ffaff6d63bf3
matched_evaluation,local_move_explainability,BiLo-NSGA,4,reported_empirical_ref1p1_clipped,1.1000000000,1,0.1766709602,1,0,1,38,19197aae874ade4f98d272297ea09a3413704af1206b82ce9858955b1e70833b
matched_evaluation,local_move_explainability,BiLo-NSGA,4,reported_empirical_ref1p1_unclipped,1.1000000000,0,0.1973715577,1,0,1,38,19197aae874ade4f98d272297ea09a3413704af1206b82ce9858955b1e70833b
matched_evaluation,local_move_explainability,BiLo-NSGA,4,expanded_empirical_ref1p1_unclipped,1.1000000000,0,0.2413522309,0,0,0,38,19197aae874ade4f98d272297ea09a3413704af1206b82ce9858955b1e70833b
matched_evaluation,local_move_explainability,BiLo-NSGA,4,analytic_ref1p05_unclipped,1.0500000000,0,0.0089257702,0,0,0,38,19197aae874ade4f98d272297ea09a3413704af1206b82ce9858955b1e70833b
matched_evaluation,local_move_explainability,BiLo-NSGA,4,analytic_ref1p1_unclipped,1.1000000000,0,0.0252562769,0,0,0,38,19197aae874ade4f98d272297ea09a3413704af1206b82ce9858955b1e70833b
matched_evaluation,local_move_explainability,BiLo-NSGA,4,analytic_ref1p2_unclipped,1.2000000000,0,0.0892483618,0,0,0,38,19197aae874ade4f98d272297ea09a3413704af1206b82ce9858955b1e70833b
matched_evaluation,local_move_explainability,Pareto Local Search,5,reported_empirical_ref1p1_clipped,1.1000000000,1,0.1467162227,0,0,0,40,3224115300b8811c4be5cc8e47e8e600586f572e8062fa92e63decf243e87d72
matched_evaluation,local_move_explainability,Pareto Local Search,5,reported_empirical_ref1p1_unclipped,1.1000000000,0,0.1467162227,0,0,0,40,3224115300b8811c4be5cc8e47e8e600586f572e8062fa92e63decf243e87d72
matched_evaluation,local_move_explainability,Pareto Local Search,5,expanded_empirical_ref1p1_unclipped,1.1000000000,0,0.1910859716,0,0,0,40,3224115300b8811c4be5cc8e47e8e600586f572e8062fa92e63decf243e87d72
matched_evaluation,local_move_explainability,Pareto Local Search,5,analytic_ref1p05_unclipped,1.0500000000,0,0.0080990475,0,0,0,40,3224115300b8811c4be5cc8e47e8e600586f572e8062fa92e63decf243e87d72
matched_evaluation,local_move_explainability,Pareto Local Search,5,analytic_ref1p1_unclipped,1.1000000000,0,0.0231309356,0,0,0,40,3224115300b8811c4be5cc8e47e8e600586f572e8062fa92e63decf243e87d72
matched_evaluation,local_move_explainability,Pareto Local Search,5,analytic_ref1p2_unclipped,1.2000000000,0,0.0830906505,0,0,0,40,3224115300b8811c4be5cc8e47e8e600586f572e8062fa92e63decf243e87d72
matched_evaluation,local_move_explainability,BiLo-NSGA,5,reported_empirical_ref1p1_clipped,1.1000000000,1,0.1739459214,0,0,0,39,c76987f2cd23a4cd7205f5ed81a578a004ed0470fd4e53ede51622eb2201b710
matched_evaluation,local_move_explainability,BiLo-NSGA,5,reported_empirical_ref1p1_unclipped,1.1000000000,0,0.1739459214,0,0,0,39,c76987f2cd23a4cd7205f5ed81a578a004ed0470fd4e53ede51622eb2201b710
matched_evaluation,local_move_explainability,BiLo-NSGA,5,expanded_empirical_ref1p1_unclipped,1.1000000000,0,0.2170518083,0,0,0,39,c76987f2cd23a4cd7205f5ed81a578a004ed0470fd4e53ede51622eb2201b710
matched_evaluation,local_move_explainability,BiLo-NSGA,5,analytic_ref1p05_unclipped,1.0500000000,0,0.0083205117,0,0,0,39,c76987f2cd23a4cd7205f5ed81a578a004ed0470fd4e53ede51622eb2201b710
matched_evaluation,local_move_explainability,BiLo-NSGA,5,analytic_ref1p1_unclipped,1.1000000000,0,0.0237877497,0,0,0,39,c76987f2cd23a4cd7205f5ed81a578a004ed0470fd4e53ede51622eb2201b710
matched_evaluation,local_move_explainability,BiLo-NSGA,5,analytic_ref1p2_unclipped,1.2000000000,0,0.0851997555,0,0,0,39,c76987f2cd23a4cd7205f5ed81a578a004ed0470fd4e53ede51622eb2201b710
matched_evaluation,local_move_explainability,NSGA-II,5,reported_empirical_ref1p1_clipped,1.1000000000,1,0.1714163988,7,0,7,37,fc52ec10753f8708ea9dbe0432eca59f6f9e500343621159f9eb118c946f5c7d
matched_evaluation,local_move_explainability,NSGA-II,5,reported_empirical_ref1p1_unclipped,1.1000000000,0,0.2386248543,7,0,7,37,fc52ec10753f8708ea9dbe0432eca59f6f9e500343621159f9eb118c946f5c7d
matched_evaluation,local_move_explainability,NSGA-II,5,expanded_empirical_ref1p1_unclipped,1.1000000000,0,0.2877955930,4,0,4,37,fc52ec10753f8708ea9dbe0432eca59f6f9e500343621159f9eb118c946f5c7d
matched_evaluation,local_move_explainability,NSGA-II,5,analytic_ref1p05_unclipped,1.0500000000,0,0.0092260869,0,0,0,37,fc52ec10753f8708ea9dbe0432eca59f6f9e500343621159f9eb118c946f5c7d
matched_evaluation,local_move_explainability,NSGA-II,5,analytic_ref1p1_unclipped,1.1000000000,0,0.0262800236,0,0,0,37,fc52ec10753f8708ea9dbe0432eca59f6f9e500343621159f9eb118c946f5c7d
matched_evaluation,local_move_explainability,NSGA-II,5,analytic_ref1p2_unclipped,1.2000000000,0,0.0930819804,0,0,0,37,fc52ec10753f8708ea9dbe0432eca59f6f9e500343621159f9eb118c946f5c7d
matched_evaluation,local_move_explainability,BiLo-NSGA,6,reported_empirical_ref1p1_clipped,1.1000000000,1,0.1780882990,1,0,1,38,08ee0af02000d222f745a7a2e8fc6d2dd1ed797a3bd76b56ffc432e6225d7bb4
matched_evaluation,local_move_explainability,BiLo-NSGA,6,reported_empirical_ref1p1_unclipped,1.1000000000,0,0.1881326172,1,0,1,38,08ee0af02000d222f745a7a2e8fc6d2dd1ed797a3bd76b56ffc432e6225d7bb4
matched_evaluation,local_move_explainability,BiLo-NSGA,6,expanded_empirical_ref1p1_unclipped,1.1000000000,0,0.2311209273,0,0,0,38,08ee0af02000d222f745a7a2e8fc6d2dd1ed797a3bd76b56ffc432e6225d7bb4
matched_evaluation,local_move_explainability,BiLo-NSGA,6,analytic_ref1p05_unclipped,1.0500000000,0,0.0081325624,0,0,0,38,08ee0af02000d222f745a7a2e8fc6d2dd1ed797a3bd76b56ffc432e6225d7bb4
matched_evaluation,local_move_explainability,BiLo-NSGA,6,analytic_ref1p1_unclipped,1.1000000000,0,0.0235338581,0,0,0,38,08ee0af02000d222f745a7a2e8fc6d2dd1ed797a3bd76b56ffc432e6225d7bb4
matched_evaluation,local_move_explainability,BiLo-NSGA,6,analytic_ref1p2_unclipped,1.2000000000,0,0.0852115340,0,0,0,38,08ee0af02000d222f745a7a2e8fc6d2dd1ed797a3bd76b56ffc432e6225d7bb4
matched_evaluation,local_move_explainability,NSGA-II,6,reported_empirical_ref1p1_clipped,1.1000000000,1,0.1754864583,6,0,6,37,81787b012712353bcd7b0f5e637334038e35e37545927e6c7a680593b20b839c
matched_evaluation,local_move_explainability,NSGA-II,6,reported_empirical_ref1p1_unclipped,1.1000000000,0,0.2104954338,6,0,6,37,81787b012712353bcd7b0f5e637334038e35e37545927e6c7a680593b20b839c
matched_evaluation,local_move_explainability,NSGA-II,6,expanded_empirical_ref1p1_unclipped,1.1000000000,0,0.2559908819,0,0,0,37,81787b012712353bcd7b0f5e637334038e35e37545927e6c7a680593b20b839c
matched_evaluation,local_move_explainability,NSGA-II,6,analytic_ref1p05_unclipped,1.0500000000,0,0.0088174509,0,0,0,37,81787b012712353bcd7b0f5e637334038e35e37545927e6c7a680593b20b839c
matched_evaluation,local_move_explainability,NSGA-II,6,analytic_ref1p1_unclipped,1.1000000000,0,0.0252218405,0,0,0,37,81787b012712353bcd7b0f5e637334038e35e37545927e6c7a680593b20b839c
matched_evaluation,local_move_explainability,NSGA-II,6,analytic_ref1p2_unclipped,1.2000000000,0,0.0897518935,0,0,0,37,81787b012712353bcd7b0f5e637334038e35e37545927e6c7a680593b20b839c
matched_evaluation,local_move_explainability,Pareto Local Search,6,reported_empirical_ref1p1_clipped,1.1000000000,1,0.1432759750,0,0,0,40,75e3557934c8c3551c07c59f7c2b4666a3de754f7812f117cfda72dec0ef8552
matched_evaluation,local_move_explainability,Pareto Local Search,6,reported_empirical_ref1p1_unclipped,1.1000000000,0,0.1432759750,0,0,0,40,75e3557934c8c3551c07c59f7c2b4666a3de754f7812f117cfda72dec0ef8552
matched_evaluation,local_move_explainability,Pareto Local Search,6,expanded_empirical_ref1p1_unclipped,1.1000000000,0,0.1862891392,0,0,0,40,75e3557934c8c3551c07c59f7c2b4666a3de754f7812f117cfda72dec0ef8552
matched_evaluation,local_move_explainability,Pareto Local Search,6,analytic_ref1p05_unclipped,1.0500000000,0,0.0073349642,0,0,0,40,75e3557934c8c3551c07c59f7c2b4666a3de754f7812f117cfda72dec0ef8552
matched_evaluation,local_move_explainability,Pareto Local Search,6,analytic_ref1p1_unclipped,1.1000000000,0,0.0214878559,0,0,0,40,75e3557934c8c3551c07c59f7c2b4666a3de754f7812f117cfda72dec0ef8552
matched_evaluation,local_move_explainability,Pareto Local Search,6,analytic_ref1p2_unclipped,1.2000000000,0,0.0791866087,0,0,0,40,75e3557934c8c3551c07c59f7c2b4666a3de754f7812f117cfda72dec0ef8552
matched_evaluation,local_move_explainability,NSGA-II,7,reported_empirical_ref1p1_clipped,1.1000000000,1,0.1763408810,7,0,7,39,55b4a9cf43298cd0705ebb30d23b41b8a858daa21342d5832b885ef18bdb69a8
matched_evaluation,local_move_explainability,NSGA-II,7,reported_empirical_ref1p1_unclipped,1.1000000000,0,0.2261778294,7,0,7,39,55b4a9cf43298cd0705ebb30d23b41b8a858daa21342d5832b885ef18bdb69a8
matched_evaluation,local_move_explainability,NSGA-II,7,expanded_empirical_ref1p1_unclipped,1.1000000000,0,0.2711134748,2,0,2,39,55b4a9cf43298cd0705ebb30d23b41b8a858daa21342d5832b885ef18bdb69a8
matched_evaluation,local_move_explainability,NSGA-II,7,analytic_ref1p05_unclipped,1.0500000000,0,0.0091301730,0,0,0,39,55b4a9cf43298cd0705ebb30d23b41b8a858daa21342d5832b885ef18bdb69a8
matched_evaluation,local_move_explainability,NSGA-II,7,analytic_ref1p1_unclipped,1.1000000000,0,0.0259561413,0,0,0,39,55b4a9cf43298cd0705ebb30d23b41b8a858daa21342d5832b885ef18bdb69a8
matched_evaluation,local_move_explainability,NSGA-II,7,analytic_ref1p2_unclipped,1.2000000000,0,0.0919400812,0,0,0,39,55b4a9cf43298cd0705ebb30d23b41b8a858daa21342d5832b885ef18bdb69a8
matched_evaluation,local_move_explainability,Pareto Local Search,7,reported_empirical_ref1p1_clipped,1.1000000000,1,0.0892635752,0,0,0,40,6f6803ac0e20ab1889cf5b674422a56d0a53ea7b21f84f86960ef1bad0964e8c
matched_evaluation,local_move_explainability,Pareto Local Search,7,reported_empirical_ref1p1_unclipped,1.1000000000,0,0.0892635752,0,0,0,40,6f6803ac0e20ab1889cf5b674422a56d0a53ea7b21f84f86960ef1bad0964e8c
matched_evaluation,local_move_explainability,Pareto Local Search,7,expanded_empirical_ref1p1_unclipped,1.1000000000,0,0.1333819588,0,0,0,40,6f6803ac0e20ab1889cf5b674422a56d0a53ea7b21f84f86960ef1bad0964e8c
matched_evaluation,local_move_explainability,Pareto Local Search,7,analytic_ref1p05_unclipped,1.0500000000,0,0.0060054323,0,0,0,40,6f6803ac0e20ab1889cf5b674422a56d0a53ea7b21f84f86960ef1bad0964e8c
matched_evaluation,local_move_explainability,Pareto Local Search,7,analytic_ref1p1_unclipped,1.1000000000,0,0.0185305596,0,0,0,40,6f6803ac0e20ab1889cf5b674422a56d0a53ea7b21f84f86960ef1bad0964e8c
matched_evaluation,local_move_explainability,Pareto Local Search,7,analytic_ref1p2_unclipped,1.2000000000,0,0.0714006753,0,0,0,40,6f6803ac0e20ab1889cf5b674422a56d0a53ea7b21f84f86960ef1bad0964e8c
matched_evaluation,local_move_explainability,BiLo-NSGA,7,reported_empirical_ref1p1_clipped,1.1000000000,1,0.1634724890,0,0,0,38,16d7d83e2313b45efea984bd385becb69a19a4429af3be3131a13006e8c49c71
matched_evaluation,local_move_explainability,BiLo-NSGA,7,reported_empirical_ref1p1_unclipped,1.1000000000,0,0.1634724890,0,0,0,38,16d7d83e2313b45efea984bd385becb69a19a4429af3be3131a13006e8c49c71
matched_evaluation,local_move_explainability,BiLo-NSGA,7,expanded_empirical_ref1p1_unclipped,1.1000000000,0,0.2063969503,0,0,0,38,16d7d83e2313b45efea984bd385becb69a19a4429af3be3131a13006e8c49c71
matched_evaluation,local_move_explainability,BiLo-NSGA,7,analytic_ref1p05_unclipped,1.0500000000,0,0.0078925236,0,0,0,38,16d7d83e2313b45efea984bd385becb69a19a4429af3be3131a13006e8c49c71
matched_evaluation,local_move_explainability,BiLo-NSGA,7,analytic_ref1p1_unclipped,1.1000000000,0,0.0227703954,0,0,0,38,16d7d83e2313b45efea984bd385becb69a19a4429af3be3131a13006e8c49c71
matched_evaluation,local_move_explainability,BiLo-NSGA,7,analytic_ref1p2_unclipped,1.2000000000,0,0.0824880463,0,0,0,38,16d7d83e2313b45efea984bd385becb69a19a4429af3be3131a13006e8c49c71
matched_evaluation,local_move_explainability,Pareto Local Search,8,reported_empirical_ref1p1_clipped,1.1000000000,1,0.1134368130,0,0,0,40,1f62580548d781a7954cdcf678f9d36fa9510c09877337c9f3136fbbe7f9412f
matched_evaluation,local_move_explainability,Pareto Local Search,8,reported_empirical_ref1p1_unclipped,1.1000000000,0,0.1134368130,0,0,0,40,1f62580548d781a7954cdcf678f9d36fa9510c09877337c9f3136fbbe7f9412f
matched_evaluation,local_move_explainability,Pareto Local Search,8,expanded_empirical_ref1p1_unclipped,1.1000000000,0,0.1575649086,0,0,0,40,1f62580548d781a7954cdcf678f9d36fa9510c09877337c9f3136fbbe7f9412f
matched_evaluation,local_move_explainability,Pareto Local Search,8,analytic_ref1p05_unclipped,1.0500000000,0,0.0069698840,0,0,0,40,1f62580548d781a7954cdcf678f9d36fa9510c09877337c9f3136fbbe7f9412f
matched_evaluation,local_move_explainability,Pareto Local Search,8,analytic_ref1p1_unclipped,1.1000000000,0,0.0206303382,0,0,0,40,1f62580548d781a7954cdcf678f9d36fa9510c09877337c9f3136fbbe7f9412f
matched_evaluation,local_move_explainability,Pareto Local Search,8,analytic_ref1p2_unclipped,1.2000000000,0,0.0768021293,0,0,0,40,1f62580548d781a7954cdcf678f9d36fa9510c09877337c9f3136fbbe7f9412f
matched_evaluation,local_move_explainability,BiLo-NSGA,8,reported_empirical_ref1p1_clipped,1.1000000000,1,0.1756553342,0,0,0,39,d3940aadfbbfbecb1f5b0730d3510eed07da47cd9ca68f2d0e5c761d0e436cc6
matched_evaluation,local_move_explainability,BiLo-NSGA,8,reported_empirical_ref1p1_unclipped,1.1000000000,0,0.1756553342,0,0,0,39,d3940aadfbbfbecb1f5b0730d3510eed07da47cd9ca68f2d0e5c761d0e436cc6
matched_evaluation,local_move_explainability,BiLo-NSGA,8,expanded_empirical_ref1p1_unclipped,1.1000000000,0,0.2193066910,0,0,0,39,d3940aadfbbfbecb1f5b0730d3510eed07da47cd9ca68f2d0e5c761d0e436cc6
matched_evaluation,local_move_explainability,BiLo-NSGA,8,analytic_ref1p05_unclipped,1.0500000000,0,0.0079897827,0,0,0,39,d3940aadfbbfbecb1f5b0730d3510eed07da47cd9ca68f2d0e5c761d0e436cc6
matched_evaluation,local_move_explainability,BiLo-NSGA,8,analytic_ref1p1_unclipped,1.1000000000,0,0.0232607424,0,0,0,39,d3940aadfbbfbecb1f5b0730d3510eed07da47cd9ca68f2d0e5c761d0e436cc6
matched_evaluation,local_move_explainability,BiLo-NSGA,8,analytic_ref1p2_unclipped,1.2000000000,0,0.0845214605,0,0,0,39,d3940aadfbbfbecb1f5b0730d3510eed07da47cd9ca68f2d0e5c761d0e436cc6
matched_evaluation,local_move_explainability,NSGA-II,8,reported_empirical_ref1p1_clipped,1.1000000000,1,0.1741694064,4,0,4,38,b34b5b09e23180edcbaede4f81c9f05e184cdd2a7cccc035858f5c41c31253a4
matched_evaluation,local_move_explainability,NSGA-II,8,reported_empirical_ref1p1_unclipped,1.1000000000,0,0.1949711691,4,0,4,38,b34b5b09e23180edcbaede4f81c9f05e184cdd2a7cccc035858f5c41c31253a4
matched_evaluation,local_move_explainability,NSGA-II,8,expanded_empirical_ref1p1_unclipped,1.1000000000,0,0.2404857046,0,0,0,38,b34b5b09e23180edcbaede4f81c9f05e184cdd2a7cccc035858f5c41c31253a4
matched_evaluation,local_move_explainability,NSGA-II,8,analytic_ref1p05_unclipped,1.0500000000,0,0.0089655884,0,0,0,38,b34b5b09e23180edcbaede4f81c9f05e184cdd2a7cccc035858f5c41c31253a4
matched_evaluation,local_move_explainability,NSGA-II,8,analytic_ref1p1_unclipped,1.1000000000,0,0.0252983176,0,0,0,38,b34b5b09e23180edcbaede4f81c9f05e184cdd2a7cccc035858f5c41c31253a4
matched_evaluation,local_move_explainability,NSGA-II,8,analytic_ref1p2_unclipped,1.2000000000,0,0.0891657850,0,0,0,38,b34b5b09e23180edcbaede4f81c9f05e184cdd2a7cccc035858f5c41c31253a4
matched_evaluation,local_move_explainability,BiLo-NSGA,9,reported_empirical_ref1p1_clipped,1.1000000000,1,0.1521529219,0,0,0,39,8533a9f9789b5347c48d00f54698a8645162a9f5ed1a3a37391d68c05a3f4abf
matched_evaluation,local_move_explainability,BiLo-NSGA,9,reported_empirical_ref1p1_unclipped,1.1000000000,0,0.1521529219,0,0,0,39,8533a9f9789b5347c48d00f54698a8645162a9f5ed1a3a37391d68c05a3f4abf
matched_evaluation,local_move_explainability,BiLo-NSGA,9,expanded_empirical_ref1p1_unclipped,1.1000000000,0,0.1961945745,0,0,0,39,8533a9f9789b5347c48d00f54698a8645162a9f5ed1a3a37391d68c05a3f4abf
matched_evaluation,local_move_explainability,BiLo-NSGA,9,analytic_ref1p05_unclipped,1.0500000000,0,0.0080053519,0,0,0,39,8533a9f9789b5347c48d00f54698a8645162a9f5ed1a3a37391d68c05a3f4abf
matched_evaluation,local_move_explainability,BiLo-NSGA,9,analytic_ref1p1_unclipped,1.1000000000,0,0.0230979501,0,0,0,39,8533a9f9789b5347c48d00f54698a8645162a9f5ed1a3a37391d68c05a3f4abf
matched_evaluation,local_move_explainability,BiLo-NSGA,9,analytic_ref1p2_unclipped,1.2000000000,0,0.0835004515,0,0,0,39,8533a9f9789b5347c48d00f54698a8645162a9f5ed1a3a37391d68c05a3f4abf
matched_evaluation,local_move_explainability,NSGA-II,9,reported_empirical_ref1p1_clipped,1.1000000000,1,0.1751272697,3,0,3,38,5a57ecd91a15bf6ad3874e21bc847ca22f0818a819eb2fc951b311e33b9c7c83
matched_evaluation,local_move_explainability,NSGA-II,9,reported_empirical_ref1p1_unclipped,1.1000000000,0,0.2063479965,3,0,3,38,5a57ecd91a15bf6ad3874e21bc847ca22f0818a819eb2fc951b311e33b9c7c83
matched_evaluation,local_move_explainability,NSGA-II,9,expanded_empirical_ref1p1_unclipped,1.1000000000,0,0.2528059819,0,0,0,38,5a57ecd91a15bf6ad3874e21bc847ca22f0818a819eb2fc951b311e33b9c7c83
matched_evaluation,local_move_explainability,NSGA-II,9,analytic_ref1p05_unclipped,1.0500000000,0,0.0083677560,0,0,0,38,5a57ecd91a15bf6ad3874e21bc847ca22f0818a819eb2fc951b311e33b9c7c83
matched_evaluation,local_move_explainability,NSGA-II,9,analytic_ref1p1_unclipped,1.1000000000,0,0.0243672436,0,0,0,38,5a57ecd91a15bf6ad3874e21bc847ca22f0818a819eb2fc951b311e33b9c7c83
matched_evaluation,local_move_explainability,NSGA-II,9,analytic_ref1p2_unclipped,1.2000000000,0,0.0881759578,0,0,0,38,5a57ecd91a15bf6ad3874e21bc847ca22f0818a819eb2fc951b311e33b9c7c83
matched_evaluation,local_move_explainability,Pareto Local Search,9,reported_empirical_ref1p1_clipped,1.1000000000,1,0.1284981485,0,0,0,40,3957df4b698dd911ef10fdfaeb8ba06b7578c9e8911392f1dc505d34d3c80254
matched_evaluation,local_move_explainability,Pareto Local Search,9,reported_empirical_ref1p1_unclipped,1.1000000000,0,0.1284981485,0,0,0,40,3957df4b698dd911ef10fdfaeb8ba06b7578c9e8911392f1dc505d34d3c80254
matched_evaluation,local_move_explainability,Pareto Local Search,9,expanded_empirical_ref1p1_unclipped,1.1000000000,0,0.1713656326,0,0,0,40,3957df4b698dd911ef10fdfaeb8ba06b7578c9e8911392f1dc505d34d3c80254
matched_evaluation,local_move_explainability,Pareto Local Search,9,analytic_ref1p05_unclipped,1.0500000000,0,0.0075585955,0,0,0,40,3957df4b698dd911ef10fdfaeb8ba06b7578c9e8911392f1dc505d34d3c80254
matched_evaluation,local_move_explainability,Pareto Local Search,9,analytic_ref1p1_unclipped,1.1000000000,0,0.0218653265,0,0,0,40,3957df4b698dd911ef10fdfaeb8ba06b7578c9e8911392f1dc505d34d3c80254
matched_evaluation,local_move_explainability,Pareto Local Search,9,analytic_ref1p2_unclipped,1.2000000000,0,0.0796832780,0,0,0,40,3957df4b698dd911ef10fdfaeb8ba06b7578c9e8911392f1dc505d34d3c80254
matched_evaluation,local_move_explainability,NSGA-II,10,reported_empirical_ref1p1_clipped,1.1000000000,1,0.1736347892,6,0,6,37,9f39d5d876a62a3f2a42d76ffcc8406b53a15825198932315177dbcb52f53449
matched_evaluation,local_move_explainability,NSGA-II,10,reported_empirical_ref1p1_unclipped,1.1000000000,0,0.2149208857,6,0,6,37,9f39d5d876a62a3f2a42d76ffcc8406b53a15825198932315177dbcb52f53449
matched_evaluation,local_move_explainability,NSGA-II,10,expanded_empirical_ref1p1_unclipped,1.1000000000,0,0.2615361961,2,0,2,37,9f39d5d876a62a3f2a42d76ffcc8406b53a15825198932315177dbcb52f53449
matched_evaluation,local_move_explainability,NSGA-II,10,analytic_ref1p05_unclipped,1.0500000000,0,0.0096168918,0,0,0,37,9f39d5d876a62a3f2a42d76ffcc8406b53a15825198932315177dbcb52f53449
matched_evaluation,local_move_explainability,NSGA-II,10,analytic_ref1p1_unclipped,1.1000000000,0,0.0270507964,0,0,0,37,9f39d5d876a62a3f2a42d76ffcc8406b53a15825198932315177dbcb52f53449
matched_evaluation,local_move_explainability,NSGA-II,10,analytic_ref1p2_unclipped,1.2000000000,0,0.0943692805,0,0,0,37,9f39d5d876a62a3f2a42d76ffcc8406b53a15825198932315177dbcb52f53449
matched_evaluation,local_move_explainability,Pareto Local Search,10,reported_empirical_ref1p1_clipped,1.1000000000,1,0.1139126336,0,0,0,40,20acb22d1f27b26ba9498902c913613eeeb136e51b704c4198ea3f9ade65be7c
matched_evaluation,local_move_explainability,Pareto Local Search,10,reported_empirical_ref1p1_unclipped,1.1000000000,0,0.1139126336,0,0,0,40,20acb22d1f27b26ba9498902c913613eeeb136e51b704c4198ea3f9ade65be7c
matched_evaluation,local_move_explainability,Pareto Local Search,10,expanded_empirical_ref1p1_unclipped,1.1000000000,0,0.1572710815,0,0,0,40,20acb22d1f27b26ba9498902c913613eeeb136e51b704c4198ea3f9ade65be7c
matched_evaluation,local_move_explainability,Pareto Local Search,10,analytic_ref1p05_unclipped,1.0500000000,0,0.0066907416,0,0,0,40,20acb22d1f27b26ba9498902c913613eeeb136e51b704c4198ea3f9ade65be7c
matched_evaluation,local_move_explainability,Pareto Local Search,10,analytic_ref1p1_unclipped,1.1000000000,0,0.0200356121,0,0,0,40,20acb22d1f27b26ba9498902c913613eeeb136e51b704c4198ea3f9ade65be7c
matched_evaluation,local_move_explainability,Pareto Local Search,10,analytic_ref1p2_unclipped,1.2000000000,0,0.0753420677,0,0,0,40,20acb22d1f27b26ba9498902c913613eeeb136e51b704c4198ea3f9ade65be7c
matched_evaluation,local_move_explainability,BiLo-NSGA,10,reported_empirical_ref1p1_clipped,1.1000000000,1,0.1557596791,0,0,0,39,b43f2036f8f00e3c60e333718e06ad07230dce3549dc0d9208147caeb6922f45
matched_evaluation,local_move_explainability,BiLo-NSGA,10,reported_empirical_ref1p1_unclipped,1.1000000000,0,0.1557596791,0,0,0,39,b43f2036f8f00e3c60e333718e06ad07230dce3549dc0d9208147caeb6922f45
matched_evaluation,local_move_explainability,BiLo-NSGA,10,expanded_empirical_ref1p1_unclipped,1.1000000000,0,0.1986105404,0,0,0,39,b43f2036f8f00e3c60e333718e06ad07230dce3549dc0d9208147caeb6922f45
matched_evaluation,local_move_explainability,BiLo-NSGA,10,analytic_ref1p05_unclipped,1.0500000000,0,0.0077367543,0,0,0,39,b43f2036f8f00e3c60e333718e06ad07230dce3549dc0d9208147caeb6922f45
matched_evaluation,local_move_explainability,BiLo-NSGA,10,analytic_ref1p1_unclipped,1.1000000000,0,0.0224839130,0,0,0,39,b43f2036f8f00e3c60e333718e06ad07230dce3549dc0d9208147caeb6922f45
matched_evaluation,local_move_explainability,BiLo-NSGA,10,analytic_ref1p2_unclipped,1.2000000000,0,0.0821532981,0,0,0,39,b43f2036f8f00e3c60e333718e06ad07230dce3549dc0d9208147caeb6922f45
matched_evaluation,local_move_explainability,Pareto Local Search,11,reported_empirical_ref1p1_clipped,1.1000000000,1,0.1135082753,0,0,0,40,48468b4b731378144e05907570d092311e3acbed3853b725fbe23a5502591df2
matched_evaluation,local_move_explainability,Pareto Local Search,11,reported_empirical_ref1p1_unclipped,1.1000000000,0,0.1135082753,0,0,0,40,48468b4b731378144e05907570d092311e3acbed3853b725fbe23a5502591df2
matched_evaluation,local_move_explainability,Pareto Local Search,11,expanded_empirical_ref1p1_unclipped,1.1000000000,0,0.1579933630,0,0,0,40,48468b4b731378144e05907570d092311e3acbed3853b725fbe23a5502591df2
matched_evaluation,local_move_explainability,Pareto Local Search,11,analytic_ref1p05_unclipped,1.0500000000,0,0.0067774917,0,0,0,40,48468b4b731378144e05907570d092311e3acbed3853b725fbe23a5502591df2
matched_evaluation,local_move_explainability,Pareto Local Search,11,analytic_ref1p1_unclipped,1.1000000000,0,0.0202889685,0,0,0,40,48468b4b731378144e05907570d092311e3acbed3853b725fbe23a5502591df2
matched_evaluation,local_move_explainability,Pareto Local Search,11,analytic_ref1p2_unclipped,1.2000000000,0,0.0762248489,0,0,0,40,48468b4b731378144e05907570d092311e3acbed3853b725fbe23a5502591df2
matched_evaluation,local_move_explainability,BiLo-NSGA,11,reported_empirical_ref1p1_clipped,1.1000000000,1,0.1595217173,0,0,0,39,4cdda8ff1e05be7238eb6b1de36447f96fd7c14265156ff7c09f0bbc67a2b2fd
matched_evaluation,local_move_explainability,BiLo-NSGA,11,reported_empirical_ref1p1_unclipped,1.1000000000,0,0.1595217173,0,0,0,39,4cdda8ff1e05be7238eb6b1de36447f96fd7c14265156ff7c09f0bbc67a2b2fd
matched_evaluation,local_move_explainability,BiLo-NSGA,11,expanded_empirical_ref1p1_unclipped,1.1000000000,0,0.2030332315,0,0,0,39,4cdda8ff1e05be7238eb6b1de36447f96fd7c14265156ff7c09f0bbc67a2b2fd
matched_evaluation,local_move_explainability,BiLo-NSGA,11,analytic_ref1p05_unclipped,1.0500000000,0,0.0082113159,0,0,0,39,4cdda8ff1e05be7238eb6b1de36447f96fd7c14265156ff7c09f0bbc67a2b2fd
matched_evaluation,local_move_explainability,BiLo-NSGA,11,analytic_ref1p1_unclipped,1.1000000000,0,0.0235495156,0,0,0,39,4cdda8ff1e05be7238eb6b1de36447f96fd7c14265156ff7c09f0bbc67a2b2fd
matched_evaluation,local_move_explainability,BiLo-NSGA,11,analytic_ref1p2_unclipped,1.2000000000,0,0.0846409612,0,0,0,39,4cdda8ff1e05be7238eb6b1de36447f96fd7c14265156ff7c09f0bbc67a2b2fd
matched_evaluation,local_move_explainability,NSGA-II,11,reported_empirical_ref1p1_clipped,1.1000000000,1,0.1742446225,3,0,3,39,643bc7066fdc937fad0c3bf635c9edc2e22c16b062a6b1c0a9baa8e6f9f1e93d
matched_evaluation,local_move_explainability,NSGA-II,11,reported_empirical_ref1p1_unclipped,1.1000000000,0,0.1900762701,3,0,3,39,643bc7066fdc937fad0c3bf635c9edc2e22c16b062a6b1c0a9baa8e6f9f1e93d
matched_evaluation,local_move_explainability,NSGA-II,11,expanded_empirical_ref1p1_unclipped,1.1000000000,0,0.2349719286,0,0,0,39,643bc7066fdc937fad0c3bf635c9edc2e22c16b062a6b1c0a9baa8e6f9f1e93d
matched_evaluation,local_move_explainability,NSGA-II,11,analytic_ref1p05_unclipped,1.0500000000,0,0.0091491568,0,0,0,39,643bc7066fdc937fad0c3bf635c9edc2e22c16b062a6b1c0a9baa8e6f9f1e93d
matched_evaluation,local_move_explainability,NSGA-II,11,analytic_ref1p1_unclipped,1.1000000000,0,0.0257445808,0,0,0,39,643bc7066fdc937fad0c3bf635c9edc2e22c16b062a6b1c0a9baa8e6f9f1e93d
matched_evaluation,local_move_explainability,NSGA-II,11,analytic_ref1p2_unclipped,1.2000000000,0,0.0903671241,0,0,0,39,643bc7066fdc937fad0c3bf635c9edc2e22c16b062a6b1c0a9baa8e6f9f1e93d
matched_evaluation,local_move_explainability,BiLo-NSGA,12,reported_empirical_ref1p1_clipped,1.1000000000,1,0.1678949650,0,0,0,38,523d2e22b7ba0086b392fee29e47de8b4f37035882bfdfed7beddfc219334188
matched_evaluation,local_move_explainability,BiLo-NSGA,12,reported_empirical_ref1p1_unclipped,1.1000000000,0,0.1678949650,0,0,0,38,523d2e22b7ba0086b392fee29e47de8b4f37035882bfdfed7beddfc219334188
matched_evaluation,local_move_explainability,BiLo-NSGA,12,expanded_empirical_ref1p1_unclipped,1.1000000000,0,0.2106728635,0,0,0,38,523d2e22b7ba0086b392fee29e47de8b4f37035882bfdfed7beddfc219334188
matched_evaluation,local_move_explainability,BiLo-NSGA,12,analytic_ref1p05_unclipped,1.0500000000,0,0.0081566733,0,0,0,38,523d2e22b7ba0086b392fee29e47de8b4f37035882bfdfed7beddfc219334188
matched_evaluation,local_move_explainability,BiLo-NSGA,12,analytic_ref1p1_unclipped,1.1000000000,0,0.0233455162,0,0,0,38,523d2e22b7ba0086b392fee29e47de8b4f37035882bfdfed7beddfc219334188
matched_evaluation,local_move_explainability,BiLo-NSGA,12,analytic_ref1p2_unclipped,1.2000000000,0,0.0838394859,0,0,0,38,523d2e22b7ba0086b392fee29e47de8b4f37035882bfdfed7beddfc219334188
matched_evaluation,local_move_explainability,NSGA-II,12,reported_empirical_ref1p1_clipped,1.1000000000,1,0.1738297209,3,0,3,39,68287dba7a96fdf476b144971d2c282ef4278da037a0ced526aa77f1a505b9ad
matched_evaluation,local_move_explainability,NSGA-II,12,reported_empirical_ref1p1_unclipped,1.1000000000,0,0.1865694903,3,0,3,39,68287dba7a96fdf476b144971d2c282ef4278da037a0ced526aa77f1a505b9ad
matched_evaluation,local_move_explainability,NSGA-II,12,expanded_empirical_ref1p1_unclipped,1.1000000000,0,0.2320483610,0,0,0,39,68287dba7a96fdf476b144971d2c282ef4278da037a0ced526aa77f1a505b9ad
matched_evaluation,local_move_explainability,NSGA-II,12,analytic_ref1p05_unclipped,1.0500000000,0,0.0090443593,0,0,0,39,68287dba7a96fdf476b144971d2c282ef4278da037a0ced526aa77f1a505b9ad
matched_evaluation,local_move_explainability,NSGA-II,12,analytic_ref1p1_unclipped,1.1000000000,0,0.0253539279,0,0,0,39,68287dba7a96fdf476b144971d2c282ef4278da037a0ced526aa77f1a505b9ad
matched_evaluation,local_move_explainability,NSGA-II,12,analytic_ref1p2_unclipped,1.2000000000,0,0.0888327961,0,0,0,39,68287dba7a96fdf476b144971d2c282ef4278da037a0ced526aa77f1a505b9ad
matched_evaluation,local_move_explainability,Pareto Local Search,12,reported_empirical_ref1p1_clipped,1.1000000000,1,0.1343585272,0,0,0,40,a69ee168e37baab7c786a025229acd4b68f9a532b5f7f3a5a9bdcd645d6ab194
matched_evaluation,local_move_explainability,Pareto Local Search,12,reported_empirical_ref1p1_unclipped,1.1000000000,0,0.1343585272,0,0,0,40,a69ee168e37baab7c786a025229acd4b68f9a532b5f7f3a5a9bdcd645d6ab194
matched_evaluation,local_move_explainability,Pareto Local Search,12,expanded_empirical_ref1p1_unclipped,1.1000000000,0,0.1781164814,0,0,0,40,a69ee168e37baab7c786a025229acd4b68f9a532b5f7f3a5a9bdcd645d6ab194
matched_evaluation,local_move_explainability,Pareto Local Search,12,analytic_ref1p05_unclipped,1.0500000000,0,0.0076037265,0,0,0,40,a69ee168e37baab7c786a025229acd4b68f9a532b5f7f3a5a9bdcd645d6ab194
matched_evaluation,local_move_explainability,Pareto Local Search,12,analytic_ref1p1_unclipped,1.1000000000,0,0.0220288545,0,0,0,40,a69ee168e37baab7c786a025229acd4b68f9a532b5f7f3a5a9bdcd645d6ab194
matched_evaluation,local_move_explainability,Pareto Local Search,12,analytic_ref1p2_unclipped,1.2000000000,0,0.0803605817,0,0,0,40,a69ee168e37baab7c786a025229acd4b68f9a532b5f7f3a5a9bdcd645d6ab194
matched_evaluation,local_move_explainability,NSGA-II,13,reported_empirical_ref1p1_clipped,1.1000000000,1,0.1744352952,4,0,4,39,87c21a62ec2123f644ef33d932aa0269d836a699725b91a1f922dfaa0cfc1285
matched_evaluation,local_move_explainability,NSGA-II,13,reported_empirical_ref1p1_unclipped,1.1000000000,0,0.2003406443,4,0,4,39,87c21a62ec2123f644ef33d932aa0269d836a699725b91a1f922dfaa0cfc1285
matched_evaluation,local_move_explainability,NSGA-II,13,expanded_empirical_ref1p1_unclipped,1.1000000000,0,0.2464186881,0,0,0,39,87c21a62ec2123f644ef33d932aa0269d836a699725b91a1f922dfaa0cfc1285
matched_evaluation,local_move_explainability,NSGA-II,13,analytic_ref1p05_unclipped,1.0500000000,0,0.0092200634,0,0,0,39,87c21a62ec2123f644ef33d932aa0269d836a699725b91a1f922dfaa0cfc1285
matched_evaluation,local_move_explainability,NSGA-II,13,analytic_ref1p1_unclipped,1.1000000000,0,0.0260993214,0,0,0,39,87c21a62ec2123f644ef33d932aa0269d836a699725b91a1f922dfaa0cfc1285
matched_evaluation,local_move_explainability,NSGA-II,13,analytic_ref1p2_unclipped,1.2000000000,0,0.0918060453,0,0,0,39,87c21a62ec2123f644ef33d932aa0269d836a699725b91a1f922dfaa0cfc1285
matched_evaluation,local_move_explainability,Pareto Local Search,13,reported_empirical_ref1p1_clipped,1.1000000000,1,0.1112784214,0,0,0,40,d10e0f92fedd4d6c9a0db51b4e4a78b007c370abdad2840993d7ada31cb3cf6b
matched_evaluation,local_move_explainability,Pareto Local Search,13,reported_empirical_ref1p1_unclipped,1.1000000000,0,0.1112784214,0,0,0,40,d10e0f92fedd4d6c9a0db51b4e4a78b007c370abdad2840993d7ada31cb3cf6b
matched_evaluation,local_move_explainability,Pareto Local Search,13,expanded_empirical_ref1p1_unclipped,1.1000000000,0,0.1550740472,0,0,0,40,d10e0f92fedd4d6c9a0db51b4e4a78b007c370abdad2840993d7ada31cb3cf6b
matched_evaluation,local_move_explainability,Pareto Local Search,13,analytic_ref1p05_unclipped,1.0500000000,0,0.0064293716,0,0,0,40,d10e0f92fedd4d6c9a0db51b4e4a78b007c370abdad2840993d7ada31cb3cf6b
matched_evaluation,local_move_explainability,Pareto Local Search,13,analytic_ref1p1_unclipped,1.1000000000,0,0.0195781002,0,0,0,40,d10e0f92fedd4d6c9a0db51b4e4a78b007c370abdad2840993d7ada31cb3cf6b
matched_evaluation,local_move_explainability,Pareto Local Search,13,analytic_ref1p2_unclipped,1.2000000000,0,0.0746412123,0,0,0,40,d10e0f92fedd4d6c9a0db51b4e4a78b007c370abdad2840993d7ada31cb3cf6b
matched_evaluation,local_move_explainability,BiLo-NSGA,13,reported_empirical_ref1p1_clipped,1.1000000000,1,0.1575725381,0,0,0,39,560761cad667ea87ff7af5becd8b7fdf1ce95c2b95781d9a195aa6f5761e376a
matched_evaluation,local_move_explainability,BiLo-NSGA,13,reported_empirical_ref1p1_unclipped,1.1000000000,0,0.1575725381,0,0,0,39,560761cad667ea87ff7af5becd8b7fdf1ce95c2b95781d9a195aa6f5761e376a
matched_evaluation,local_move_explainability,BiLo-NSGA,13,expanded_empirical_ref1p1_unclipped,1.1000000000,0,0.2005663142,0,0,0,39,560761cad667ea87ff7af5becd8b7fdf1ce95c2b95781d9a195aa6f5761e376a
matched_evaluation,local_move_explainability,BiLo-NSGA,13,analytic_ref1p05_unclipped,1.0500000000,0,0.0081251978,0,0,0,39,560761cad667ea87ff7af5becd8b7fdf1ce95c2b95781d9a195aa6f5761e376a
matched_evaluation,local_move_explainability,BiLo-NSGA,13,analytic_ref1p1_unclipped,1.1000000000,0,0.0233173994,0,0,0,39,560761cad667ea87ff7af5becd8b7fdf1ce95c2b95781d9a195aa6f5761e376a
matched_evaluation,local_move_explainability,BiLo-NSGA,13,analytic_ref1p2_unclipped,1.2000000000,0,0.0839553236,0,0,0,39,560761cad667ea87ff7af5becd8b7fdf1ce95c2b95781d9a195aa6f5761e376a
matched_evaluation,local_move_explainability,Pareto Local Search,14,reported_empirical_ref1p1_clipped,1.1000000000,1,0.1298512046,0,0,0,40,759feae4a9a577997ac33034341e096fd95ff7eb13121c188e0ff2687e7e7303
matched_evaluation,local_move_explainability,Pareto Local Search,14,reported_empirical_ref1p1_unclipped,1.1000000000,0,0.1298512046,0,0,0,40,759feae4a9a577997ac33034341e096fd95ff7eb13121c188e0ff2687e7e7303
matched_evaluation,local_move_explainability,Pareto Local Search,14,expanded_empirical_ref1p1_unclipped,1.1000000000,0,0.1732945305,0,0,0,40,759feae4a9a577997ac33034341e096fd95ff7eb13121c188e0ff2687e7e7303
matched_evaluation,local_move_explainability,Pareto Local Search,14,analytic_ref1p05_unclipped,1.0500000000,0,0.0075783491,0,0,0,40,759feae4a9a577997ac33034341e096fd95ff7eb13121c188e0ff2687e7e7303
matched_evaluation,local_move_explainability,Pareto Local Search,14,analytic_ref1p1_unclipped,1.1000000000,0,0.0220774694,0,0,0,40,759feae4a9a577997ac33034341e096fd95ff7eb13121c188e0ff2687e7e7303
matched_evaluation,local_move_explainability,Pareto Local Search,14,analytic_ref1p2_unclipped,1.2000000000,0,0.0807607167,0,0,0,40,759feae4a9a577997ac33034341e096fd95ff7eb13121c188e0ff2687e7e7303
matched_evaluation,local_move_explainability,BiLo-NSGA,14,reported_empirical_ref1p1_clipped,1.1000000000,1,0.1774019898,0,0,0,39,e58413f9930a8bcd40274c601669f2071e58210b519008c745e039f7d54105da
matched_evaluation,local_move_explainability,BiLo-NSGA,14,reported_empirical_ref1p1_unclipped,1.1000000000,0,0.1774019898,0,0,0,39,e58413f9930a8bcd40274c601669f2071e58210b519008c745e039f7d54105da
matched_evaluation,local_move_explainability,BiLo-NSGA,14,expanded_empirical_ref1p1_unclipped,1.1000000000,0,0.2198269577,0,0,0,39,e58413f9930a8bcd40274c601669f2071e58210b519008c745e039f7d54105da
matched_evaluation,local_move_explainability,BiLo-NSGA,14,analytic_ref1p05_unclipped,1.0500000000,0,0.0080565580,0,0,0,39,e58413f9930a8bcd40274c601669f2071e58210b519008c745e039f7d54105da
matched_evaluation,local_move_explainability,BiLo-NSGA,14,analytic_ref1p1_unclipped,1.1000000000,0,0.0230714971,0,0,0,39,e58413f9930a8bcd40274c601669f2071e58210b519008c745e039f7d54105da
matched_evaluation,local_move_explainability,BiLo-NSGA,14,analytic_ref1p2_unclipped,1.2000000000,0,0.0832108657,0,0,0,39,e58413f9930a8bcd40274c601669f2071e58210b519008c745e039f7d54105da
matched_evaluation,local_move_explainability,NSGA-II,14,reported_empirical_ref1p1_clipped,1.1000000000,1,0.1747839819,3,0,3,39,ddd0d33b14f84cb31edd2573eed4f3826c6f7bb7e00f65bc14024b3acfd2801a
matched_evaluation,local_move_explainability,NSGA-II,14,reported_empirical_ref1p1_unclipped,1.1000000000,0,0.2043350192,3,0,3,39,ddd0d33b14f84cb31edd2573eed4f3826c6f7bb7e00f65bc14024b3acfd2801a
matched_evaluation,local_move_explainability,NSGA-II,14,expanded_empirical_ref1p1_unclipped,1.1000000000,0,0.2508208365,0,0,0,39,ddd0d33b14f84cb31edd2573eed4f3826c6f7bb7e00f65bc14024b3acfd2801a
matched_evaluation,local_move_explainability,NSGA-II,14,analytic_ref1p05_unclipped,1.0500000000,0,0.0088992680,0,0,0,39,ddd0d33b14f84cb31edd2573eed4f3826c6f7bb7e00f65bc14024b3acfd2801a
matched_evaluation,local_move_explainability,NSGA-II,14,analytic_ref1p1_unclipped,1.1000000000,0,0.0249375041,0,0,0,39,ddd0d33b14f84cb31edd2573eed4f3826c6f7bb7e00f65bc14024b3acfd2801a
matched_evaluation,local_move_explainability,NSGA-II,14,analytic_ref1p2_unclipped,1.2000000000,0,0.0873882931,0,0,0,39,ddd0d33b14f84cb31edd2573eed4f3826c6f7bb7e00f65bc14024b3acfd2801a
matched_evaluation,local_move_explainability,BiLo-NSGA,15,reported_empirical_ref1p1_clipped,1.1000000000,1,0.1789360181,1,0,1,39,c42eaec985a270c81296bf4d8ef353964426bbd39c2340fadf8f1b355a7d6cb3
matched_evaluation,local_move_explainability,BiLo-NSGA,15,reported_empirical_ref1p1_unclipped,1.1000000000,0,0.1865219913,1,0,1,39,c42eaec985a270c81296bf4d8ef353964426bbd39c2340fadf8f1b355a7d6cb3
matched_evaluation,local_move_explainability,BiLo-NSGA,15,expanded_empirical_ref1p1_unclipped,1.1000000000,0,0.2299846276,0,0,0,39,c42eaec985a270c81296bf4d8ef353964426bbd39c2340fadf8f1b355a7d6cb3
matched_evaluation,local_move_explainability,BiLo-NSGA,15,analytic_ref1p05_unclipped,1.0500000000,0,0.0085838370,0,0,0,39,c42eaec985a270c81296bf4d8ef353964426bbd39c2340fadf8f1b355a7d6cb3
matched_evaluation,local_move_explainability,BiLo-NSGA,15,analytic_ref1p1_unclipped,1.1000000000,0,0.0245442225,0,0,0,39,c42eaec985a270c81296bf4d8ef353964426bbd39c2340fadf8f1b355a7d6cb3
matched_evaluation,local_move_explainability,BiLo-NSGA,15,analytic_ref1p2_unclipped,1.2000000000,0,0.0877373649,0,0,0,39,c42eaec985a270c81296bf4d8ef353964426bbd39c2340fadf8f1b355a7d6cb3
matched_evaluation,local_move_explainability,NSGA-II,15,reported_empirical_ref1p1_clipped,1.1000000000,1,0.1736017103,5,0,5,38,597a10c65eb397cb1968d288ed27a5f33ce4cf92f23001f1854b5b6cddb06343
matched_evaluation,local_move_explainability,NSGA-II,15,reported_empirical_ref1p1_unclipped,1.1000000000,0,0.2026409985,5,0,5,38,597a10c65eb397cb1968d288ed27a5f33ce4cf92f23001f1854b5b6cddb06343
matched_evaluation,local_move_explainability,NSGA-II,15,expanded_empirical_ref1p1_unclipped,1.1000000000,0,0.2487558145,0,0,0,38,597a10c65eb397cb1968d288ed27a5f33ce4cf92f23001f1854b5b6cddb06343
matched_evaluation,local_move_explainability,NSGA-II,15,analytic_ref1p05_unclipped,1.0500000000,0,0.0085787367,0,0,0,38,597a10c65eb397cb1968d288ed27a5f33ce4cf92f23001f1854b5b6cddb06343
matched_evaluation,local_move_explainability,NSGA-II,15,analytic_ref1p1_unclipped,1.1000000000,0,0.0243245325,0,0,0,38,597a10c65eb397cb1968d288ed27a5f33ce4cf92f23001f1854b5b6cddb06343
matched_evaluation,local_move_explainability,NSGA-II,15,analytic_ref1p2_unclipped,1.2000000000,0,0.0862637635,0,0,0,38,597a10c65eb397cb1968d288ed27a5f33ce4cf92f23001f1854b5b6cddb06343
matched_evaluation,local_move_explainability,Pareto Local Search,15,reported_empirical_ref1p1_clipped,1.1000000000,1,0.1275514198,0,0,0,40,7fbf4f26d85cca3a17a543fdb0820fb264b810b36d2a6ceba1265218063c1f66
matched_evaluation,local_move_explainability,Pareto Local Search,15,reported_empirical_ref1p1_unclipped,1.1000000000,0,0.1275514198,0,0,0,40,7fbf4f26d85cca3a17a543fdb0820fb264b810b36d2a6ceba1265218063c1f66
matched_evaluation,local_move_explainability,Pareto Local Search,15,expanded_empirical_ref1p1_unclipped,1.1000000000,0,0.1712232449,0,0,0,40,7fbf4f26d85cca3a17a543fdb0820fb264b810b36d2a6ceba1265218063c1f66
matched_evaluation,local_move_explainability,Pareto Local Search,15,analytic_ref1p05_unclipped,1.0500000000,0,0.0073538191,0,0,0,40,7fbf4f26d85cca3a17a543fdb0820fb264b810b36d2a6ceba1265218063c1f66
matched_evaluation,local_move_explainability,Pareto Local Search,15,analytic_ref1p1_unclipped,1.1000000000,0,0.0215613194,0,0,0,40,7fbf4f26d85cca3a17a543fdb0820fb264b810b36d2a6ceba1265218063c1f66
matched_evaluation,local_move_explainability,Pareto Local Search,15,analytic_ref1p2_unclipped,1.2000000000,0,0.0795180086,0,0,0,40,7fbf4f26d85cca3a17a543fdb0820fb264b810b36d2a6ceba1265218063c1f66
matched_evaluation,local_move_explainability,NSGA-II,16,reported_empirical_ref1p1_clipped,1.1000000000,1,0.1741796411,5,0,5,39,a8d5f5b8ed56c4df29cdc13b0d84dffa7a615717281def4cdd5de501ad732555
matched_evaluation,local_move_explainability,NSGA-II,16,reported_empirical_ref1p1_unclipped,1.1000000000,0,0.2224866310,5,0,5,39,a8d5f5b8ed56c4df29cdc13b0d84dffa7a615717281def4cdd5de501ad732555
matched_evaluation,local_move_explainability,NSGA-II,16,expanded_empirical_ref1p1_unclipped,1.1000000000,0,0.2694962426,2,0,2,39,a8d5f5b8ed56c4df29cdc13b0d84dffa7a615717281def4cdd5de501ad732555
matched_evaluation,local_move_explainability,NSGA-II,16,analytic_ref1p05_unclipped,1.0500000000,0,0.0093477821,0,0,0,39,a8d5f5b8ed56c4df29cdc13b0d84dffa7a615717281def4cdd5de501ad732555
matched_evaluation,local_move_explainability,NSGA-II,16,analytic_ref1p1_unclipped,1.1000000000,0,0.0263791284,0,0,0,39,a8d5f5b8ed56c4df29cdc13b0d84dffa7a615717281def4cdd5de501ad732555
matched_evaluation,local_move_explainability,NSGA-II,16,analytic_ref1p2_unclipped,1.2000000000,0,0.0925575681,0,0,0,39,a8d5f5b8ed56c4df29cdc13b0d84dffa7a615717281def4cdd5de501ad732555
matched_evaluation,local_move_explainability,Pareto Local Search,16,reported_empirical_ref1p1_clipped,1.1000000000,1,0.1047632924,0,0,0,40,28531f5746542ec44dfd1d49b2364c86e2959e9f5d0e8e82c2078f78ac3101b5
matched_evaluation,local_move_explainability,Pareto Local Search,16,reported_empirical_ref1p1_unclipped,1.1000000000,0,0.1047632924,0,0,0,40,28531f5746542ec44dfd1d49b2364c86e2959e9f5d0e8e82c2078f78ac3101b5
matched_evaluation,local_move_explainability,Pareto Local Search,16,expanded_empirical_ref1p1_unclipped,1.1000000000,0,0.1487415901,0,0,0,40,28531f5746542ec44dfd1d49b2364c86e2959e9f5d0e8e82c2078f78ac3101b5
matched_evaluation,local_move_explainability,Pareto Local Search,16,analytic_ref1p05_unclipped,1.0500000000,0,0.0067629677,0,0,0,40,28531f5746542ec44dfd1d49b2364c86e2959e9f5d0e8e82c2078f78ac3101b5
matched_evaluation,local_move_explainability,Pareto Local Search,16,analytic_ref1p1_unclipped,1.1000000000,0,0.0202086473,0,0,0,40,28531f5746542ec44dfd1d49b2364c86e2959e9f5d0e8e82c2078f78ac3101b5
matched_evaluation,local_move_explainability,Pareto Local Search,16,analytic_ref1p2_unclipped,1.2000000000,0,0.0757997300,0,0,0,40,28531f5746542ec44dfd1d49b2364c86e2959e9f5d0e8e82c2078f78ac3101b5
matched_evaluation,local_move_explainability,BiLo-NSGA,16,reported_empirical_ref1p1_clipped,1.1000000000,1,0.1416378752,0,0,0,39,5947b1b6609157fe20834c0a67335ec4df69c7941ca4bff4b64023b5ec91cbb8
matched_evaluation,local_move_explainability,BiLo-NSGA,16,reported_empirical_ref1p1_unclipped,1.1000000000,0,0.1416378752,0,0,0,39,5947b1b6609157fe20834c0a67335ec4df69c7941ca4bff4b64023b5ec91cbb8
matched_evaluation,local_move_explainability,BiLo-NSGA,16,expanded_empirical_ref1p1_unclipped,1.1000000000,0,0.1841896466,0,0,0,39,5947b1b6609157fe20834c0a67335ec4df69c7941ca4bff4b64023b5ec91cbb8
matched_evaluation,local_move_explainability,BiLo-NSGA,16,analytic_ref1p05_unclipped,1.0500000000,0,0.0072048069,0,0,0,39,5947b1b6609157fe20834c0a67335ec4df69c7941ca4bff4b64023b5ec91cbb8
matched_evaluation,local_move_explainability,BiLo-NSGA,16,analytic_ref1p1_unclipped,1.1000000000,0,0.0212371066,0,0,0,39,5947b1b6609157fe20834c0a67335ec4df69c7941ca4bff4b64023b5ec91cbb8
matched_evaluation,local_move_explainability,BiLo-NSGA,16,analytic_ref1p2_unclipped,1.2000000000,0,0.0785975449,0,0,0,39,5947b1b6609157fe20834c0a67335ec4df69c7941ca4bff4b64023b5ec91cbb8
matched_evaluation,local_move_explainability,Pareto Local Search,17,reported_empirical_ref1p1_clipped,1.1000000000,1,0.1206300538,0,0,0,40,0add4b28570f77599ece2fa791c19a042fd1d79fd8529fd41c9f05ed8103ac85
matched_evaluation,local_move_explainability,Pareto Local Search,17,reported_empirical_ref1p1_unclipped,1.1000000000,0,0.1206300538,0,0,0,40,0add4b28570f77599ece2fa791c19a042fd1d79fd8529fd41c9f05ed8103ac85
matched_evaluation,local_move_explainability,Pareto Local Search,17,expanded_empirical_ref1p1_unclipped,1.1000000000,0,0.1645625478,0,0,0,40,0add4b28570f77599ece2fa791c19a042fd1d79fd8529fd41c9f05ed8103ac85
matched_evaluation,local_move_explainability,Pareto Local Search,17,analytic_ref1p05_unclipped,1.0500000000,0,0.0075089308,0,0,0,40,0add4b28570f77599ece2fa791c19a042fd1d79fd8529fd41c9f05ed8103ac85
matched_evaluation,local_move_explainability,Pareto Local Search,17,analytic_ref1p1_unclipped,1.1000000000,0,0.0218863449,0,0,0,40,0add4b28570f77599ece2fa791c19a042fd1d79fd8529fd41c9f05ed8103ac85
matched_evaluation,local_move_explainability,Pareto Local Search,17,analytic_ref1p2_unclipped,1.2000000000,0,0.0801184507,0,0,0,40,0add4b28570f77599ece2fa791c19a042fd1d79fd8529fd41c9f05ed8103ac85
matched_evaluation,local_move_explainability,BiLo-NSGA,17,reported_empirical_ref1p1_clipped,1.1000000000,1,0.1439331803,0,0,0,39,55d8cbaf487da1d6a82b06257b024ff3118cbec8e839bd2128dc5e91f827f8c8
matched_evaluation,local_move_explainability,BiLo-NSGA,17,reported_empirical_ref1p1_unclipped,1.1000000000,0,0.1439331803,0,0,0,39,55d8cbaf487da1d6a82b06257b024ff3118cbec8e839bd2128dc5e91f827f8c8
matched_evaluation,local_move_explainability,BiLo-NSGA,17,expanded_empirical_ref1p1_unclipped,1.1000000000,0,0.1863517434,0,0,0,39,55d8cbaf487da1d6a82b06257b024ff3118cbec8e839bd2128dc5e91f827f8c8
matched_evaluation,local_move_explainability,BiLo-NSGA,17,analytic_ref1p05_unclipped,1.0500000000,0,0.0074476217,0,0,0,39,55d8cbaf487da1d6a82b06257b024ff3118cbec8e839bd2128dc5e91f827f8c8
matched_evaluation,local_move_explainability,BiLo-NSGA,17,analytic_ref1p1_unclipped,1.1000000000,0,0.0218552902,0,0,0,39,55d8cbaf487da1d6a82b06257b024ff3118cbec8e839bd2128dc5e91f827f8c8
matched_evaluation,local_move_explainability,BiLo-NSGA,17,analytic_ref1p2_unclipped,1.2000000000,0,0.0802659303,0,0,0,39,55d8cbaf487da1d6a82b06257b024ff3118cbec8e839bd2128dc5e91f827f8c8
matched_evaluation,local_move_explainability,NSGA-II,17,reported_empirical_ref1p1_clipped,1.1000000000,1,0.1756299948,4,0,4,38,b58d1430999868871a36604cacf700c7c54ff9cc8b5673ce904269c0fb123a15
matched_evaluation,local_move_explainability,NSGA-II,17,reported_empirical_ref1p1_unclipped,1.1000000000,0,0.2070905028,4,0,4,38,b58d1430999868871a36604cacf700c7c54ff9cc8b5673ce904269c0fb123a15
matched_evaluation,local_move_explainability,NSGA-II,17,expanded_empirical_ref1p1_unclipped,1.1000000000,0,0.2522346893,0,0,0,38,b58d1430999868871a36604cacf700c7c54ff9cc8b5673ce904269c0fb123a15
matched_evaluation,local_move_explainability,NSGA-II,17,analytic_ref1p05_unclipped,1.0500000000,0,0.0090386303,0,0,0,38,b58d1430999868871a36604cacf700c7c54ff9cc8b5673ce904269c0fb123a15
matched_evaluation,local_move_explainability,NSGA-II,17,analytic_ref1p1_unclipped,1.1000000000,0,0.0256918839,0,0,0,38,b58d1430999868871a36604cacf700c7c54ff9cc8b5673ce904269c0fb123a15
matched_evaluation,local_move_explainability,NSGA-II,17,analytic_ref1p2_unclipped,1.2000000000,0,0.0909847982,0,0,0,38,b58d1430999868871a36604cacf700c7c54ff9cc8b5673ce904269c0fb123a15
matched_evaluation,local_move_explainability,BiLo-NSGA,18,reported_empirical_ref1p1_clipped,1.1000000000,1,0.1686216523,0,0,0,39,fada74042e4e79f0c13b961b4ee4742c02808c915888b3ac8a4a6063bc55efb1
matched_evaluation,local_move_explainability,BiLo-NSGA,18,reported_empirical_ref1p1_unclipped,1.1000000000,0,0.1686216523,0,0,0,39,fada74042e4e79f0c13b961b4ee4742c02808c915888b3ac8a4a6063bc55efb1
matched_evaluation,local_move_explainability,BiLo-NSGA,18,expanded_empirical_ref1p1_unclipped,1.1000000000,0,0.2114062254,0,0,0,39,fada74042e4e79f0c13b961b4ee4742c02808c915888b3ac8a4a6063bc55efb1
matched_evaluation,local_move_explainability,BiLo-NSGA,18,analytic_ref1p05_unclipped,1.0500000000,0,0.0078121351,0,0,0,39,fada74042e4e79f0c13b961b4ee4742c02808c915888b3ac8a4a6063bc55efb1
matched_evaluation,local_move_explainability,BiLo-NSGA,18,analytic_ref1p1_unclipped,1.1000000000,0,0.0226071448,0,0,0,39,fada74042e4e79f0c13b961b4ee4742c02808c915888b3ac8a4a6063bc55efb1
matched_evaluation,local_move_explainability,BiLo-NSGA,18,analytic_ref1p2_unclipped,1.2000000000,0,0.0821631998,0,0,0,39,fada74042e4e79f0c13b961b4ee4742c02808c915888b3ac8a4a6063bc55efb1
matched_evaluation,local_move_explainability,NSGA-II,18,reported_empirical_ref1p1_clipped,1.1000000000,1,0.1726334608,5,0,5,39,673d70d37529e804389a788a84a766fffbbd5980d7ba4370960e639543b490ca
matched_evaluation,local_move_explainability,NSGA-II,18,reported_empirical_ref1p1_unclipped,1.1000000000,0,0.2199336081,5,0,5,39,673d70d37529e804389a788a84a766fffbbd5980d7ba4370960e639543b490ca
matched_evaluation,local_move_explainability,NSGA-II,18,expanded_empirical_ref1p1_unclipped,1.1000000000,0,0.2679753765,2,0,2,39,673d70d37529e804389a788a84a766fffbbd5980d7ba4370960e639543b490ca
matched_evaluation,local_move_explainability,NSGA-II,18,analytic_ref1p05_unclipped,1.0500000000,0,0.0090766221,0,0,0,39,673d70d37529e804389a788a84a766fffbbd5980d7ba4370960e639543b490ca
matched_evaluation,local_move_explainability,NSGA-II,18,analytic_ref1p1_unclipped,1.1000000000,0,0.0259737333,0,0,0,39,673d70d37529e804389a788a84a766fffbbd5980d7ba4370960e639543b490ca
matched_evaluation,local_move_explainability,NSGA-II,18,analytic_ref1p2_unclipped,1.2000000000,0,0.0919943266,0,0,0,39,673d70d37529e804389a788a84a766fffbbd5980d7ba4370960e639543b490ca
matched_evaluation,local_move_explainability,Pareto Local Search,18,reported_empirical_ref1p1_clipped,1.1000000000,1,0.1544428997,0,0,0,40,3753fdde0961e181c1f4aab070769c4d77f66dfc31f523214eab85e25da307e8
matched_evaluation,local_move_explainability,Pareto Local Search,18,reported_empirical_ref1p1_unclipped,1.1000000000,0,0.1544428997,0,0,0,40,3753fdde0961e181c1f4aab070769c4d77f66dfc31f523214eab85e25da307e8
matched_evaluation,local_move_explainability,Pareto Local Search,18,expanded_empirical_ref1p1_unclipped,1.1000000000,0,0.1974665640,0,0,0,40,3753fdde0961e181c1f4aab070769c4d77f66dfc31f523214eab85e25da307e8
matched_evaluation,local_move_explainability,Pareto Local Search,18,analytic_ref1p05_unclipped,1.0500000000,0,0.0076543291,0,0,0,40,3753fdde0961e181c1f4aab070769c4d77f66dfc31f523214eab85e25da307e8
matched_evaluation,local_move_explainability,Pareto Local Search,18,analytic_ref1p1_unclipped,1.1000000000,0,0.0223150805,0,0,0,40,3753fdde0961e181c1f4aab070769c4d77f66dfc31f523214eab85e25da307e8
matched_evaluation,local_move_explainability,Pareto Local Search,18,analytic_ref1p2_unclipped,1.2000000000,0,0.0817313671,0,0,0,40,3753fdde0961e181c1f4aab070769c4d77f66dfc31f523214eab85e25da307e8
matched_evaluation,local_move_explainability,NSGA-II,19,reported_empirical_ref1p1_clipped,1.1000000000,1,0.1732346831,7,0,7,39,e0246eb22e48e8dec9a4105768d5a71dc48edb767ad60c66c665ae3e2e19880e
matched_evaluation,local_move_explainability,NSGA-II,19,reported_empirical_ref1p1_unclipped,1.1000000000,0,0.2330774273,7,0,7,39,e0246eb22e48e8dec9a4105768d5a71dc48edb767ad60c66c665ae3e2e19880e
matched_evaluation,local_move_explainability,NSGA-II,19,expanded_empirical_ref1p1_unclipped,1.1000000000,0,0.2807717119,3,0,3,39,e0246eb22e48e8dec9a4105768d5a71dc48edb767ad60c66c665ae3e2e19880e
matched_evaluation,local_move_explainability,NSGA-II,19,analytic_ref1p05_unclipped,1.0500000000,0,0.0092538406,0,0,0,39,e0246eb22e48e8dec9a4105768d5a71dc48edb767ad60c66c665ae3e2e19880e
matched_evaluation,local_move_explainability,NSGA-II,19,analytic_ref1p1_unclipped,1.1000000000,0,0.0264658948,0,0,0,39,e0246eb22e48e8dec9a4105768d5a71dc48edb767ad60c66c665ae3e2e19880e
matched_evaluation,local_move_explainability,NSGA-II,19,analytic_ref1p2_unclipped,1.2000000000,0,0.0936387799,0,0,0,39,e0246eb22e48e8dec9a4105768d5a71dc48edb767ad60c66c665ae3e2e19880e
matched_evaluation,local_move_explainability,Pareto Local Search,19,reported_empirical_ref1p1_clipped,1.1000000000,1,0.0947484291,0,0,0,40,e7d67fa9b4a3e16b107fc36dc0c52b58af2a8187e7e411b1d887f914562b1b1f
matched_evaluation,local_move_explainability,Pareto Local Search,19,reported_empirical_ref1p1_unclipped,1.1000000000,0,0.0947484291,0,0,0,40,e7d67fa9b4a3e16b107fc36dc0c52b58af2a8187e7e411b1d887f914562b1b1f
matched_evaluation,local_move_explainability,Pareto Local Search,19,expanded_empirical_ref1p1_unclipped,1.1000000000,0,0.1395017401,0,0,0,40,e7d67fa9b4a3e16b107fc36dc0c52b58af2a8187e7e411b1d887f914562b1b1f
matched_evaluation,local_move_explainability,Pareto Local Search,19,analytic_ref1p05_unclipped,1.0500000000,0,0.0060267135,0,0,0,40,e7d67fa9b4a3e16b107fc36dc0c52b58af2a8187e7e411b1d887f914562b1b1f
matched_evaluation,local_move_explainability,Pareto Local Search,19,analytic_ref1p1_unclipped,1.1000000000,0,0.0186800177,0,0,0,40,e7d67fa9b4a3e16b107fc36dc0c52b58af2a8187e7e411b1d887f914562b1b1f
matched_evaluation,local_move_explainability,Pareto Local Search,19,analytic_ref1p2_unclipped,1.2000000000,0,0.0722798071,0,0,0,40,e7d67fa9b4a3e16b107fc36dc0c52b58af2a8187e7e411b1d887f914562b1b1f
matched_evaluation,local_move_explainability,BiLo-NSGA,19,reported_empirical_ref1p1_clipped,1.1000000000,1,0.1766885944,2,0,2,39,2f872b8fa4a417373d6c266aef6e4c45d41131b17e22592dfc1fd2c8703aa1d6
matched_evaluation,local_move_explainability,BiLo-NSGA,19,reported_empirical_ref1p1_unclipped,1.1000000000,0,0.1891932800,2,0,2,39,2f872b8fa4a417373d6c266aef6e4c45d41131b17e22592dfc1fd2c8703aa1d6
matched_evaluation,local_move_explainability,BiLo-NSGA,19,expanded_empirical_ref1p1_unclipped,1.1000000000,0,0.2333704913,0,0,0,39,2f872b8fa4a417373d6c266aef6e4c45d41131b17e22592dfc1fd2c8703aa1d6
matched_evaluation,local_move_explainability,BiLo-NSGA,19,analytic_ref1p05_unclipped,1.0500000000,0,0.0079460240,0,0,0,39,2f872b8fa4a417373d6c266aef6e4c45d41131b17e22592dfc1fd2c8703aa1d6
matched_evaluation,local_move_explainability,BiLo-NSGA,19,analytic_ref1p1_unclipped,1.1000000000,0,0.0232307267,0,0,0,39,2f872b8fa4a417373d6c266aef6e4c45d41131b17e22592dfc1fd2c8703aa1d6
matched_evaluation,local_move_explainability,BiLo-NSGA,19,analytic_ref1p2_unclipped,1.2000000000,0,0.0849254057,0,0,0,39,2f872b8fa4a417373d6c266aef6e4c45d41131b17e22592dfc1fd2c8703aa1d6
matched_evaluation,local_move_explainability,Pareto Local Search,20,reported_empirical_ref1p1_clipped,1.1000000000,1,0.1046497855,0,0,0,40,2ee5f6db00d3de020a88bb0814ee2c09d0b6aafc3726ca275e7281ce14930b92
matched_evaluation,local_move_explainability,Pareto Local Search,20,reported_empirical_ref1p1_unclipped,1.1000000000,0,0.1046497855,0,0,0,40,2ee5f6db00d3de020a88bb0814ee2c09d0b6aafc3726ca275e7281ce14930b92
matched_evaluation,local_move_explainability,Pareto Local Search,20,expanded_empirical_ref1p1_unclipped,1.1000000000,0,0.1491168299,0,0,0,40,2ee5f6db00d3de020a88bb0814ee2c09d0b6aafc3726ca275e7281ce14930b92
matched_evaluation,local_move_explainability,Pareto Local Search,20,analytic_ref1p05_unclipped,1.0500000000,0,0.0061894792,0,0,0,40,2ee5f6db00d3de020a88bb0814ee2c09d0b6aafc3726ca275e7281ce14930b92
matched_evaluation,local_move_explainability,Pareto Local Search,20,analytic_ref1p1_unclipped,1.1000000000,0,0.0190654729,0,0,0,40,2ee5f6db00d3de020a88bb0814ee2c09d0b6aafc3726ca275e7281ce14930b92
matched_evaluation,local_move_explainability,Pareto Local Search,20,analytic_ref1p2_unclipped,1.2000000000,0,0.0733541359,0,0,0,40,2ee5f6db00d3de020a88bb0814ee2c09d0b6aafc3726ca275e7281ce14930b92
matched_evaluation,local_move_explainability,BiLo-NSGA,20,reported_empirical_ref1p1_clipped,1.1000000000,1,0.1552350149,0,0,0,38,44d56be14a3091bb3bbcb96955fb4b328a2e2e316c751f40964627d87cbd1dfb
matched_evaluation,local_move_explainability,BiLo-NSGA,20,reported_empirical_ref1p1_unclipped,1.1000000000,0,0.1552350149,0,0,0,38,44d56be14a3091bb3bbcb96955fb4b328a2e2e316c751f40964627d87cbd1dfb
matched_evaluation,local_move_explainability,BiLo-NSGA,20,expanded_empirical_ref1p1_unclipped,1.1000000000,0,0.1978774174,0,0,0,38,44d56be14a3091bb3bbcb96955fb4b328a2e2e316c751f40964627d87cbd1dfb
matched_evaluation,local_move_explainability,BiLo-NSGA,20,analytic_ref1p05_unclipped,1.0500000000,0,0.0077309720,0,0,0,38,44d56be14a3091bb3bbcb96955fb4b328a2e2e316c751f40964627d87cbd1dfb
matched_evaluation,local_move_explainability,BiLo-NSGA,20,analytic_ref1p1_unclipped,1.1000000000,0,0.0224725799,0,0,0,38,44d56be14a3091bb3bbcb96955fb4b328a2e2e316c751f40964627d87cbd1dfb
matched_evaluation,local_move_explainability,BiLo-NSGA,20,analytic_ref1p2_unclipped,1.2000000000,0,0.0819917794,0,0,0,38,44d56be14a3091bb3bbcb96955fb4b328a2e2e316c751f40964627d87cbd1dfb
matched_evaluation,local_move_explainability,NSGA-II,20,reported_empirical_ref1p1_clipped,1.1000000000,1,0.1734563420,4,0,4,38,289866bbb8f6de98c4279cee71c66151d976fec1a778aab166d8622b1be7c1ff
matched_evaluation,local_move_explainability,NSGA-II,20,reported_empirical_ref1p1_unclipped,1.1000000000,0,0.1954312449,4,0,4,38,289866bbb8f6de98c4279cee71c66151d976fec1a778aab166d8622b1be7c1ff
matched_evaluation,local_move_explainability,NSGA-II,20,expanded_empirical_ref1p1_unclipped,1.1000000000,0,0.2416683392,0,0,0,38,289866bbb8f6de98c4279cee71c66151d976fec1a778aab166d8622b1be7c1ff
matched_evaluation,local_move_explainability,NSGA-II,20,analytic_ref1p05_unclipped,1.0500000000,0,0.0085509882,0,0,0,38,289866bbb8f6de98c4279cee71c66151d976fec1a778aab166d8622b1be7c1ff
matched_evaluation,local_move_explainability,NSGA-II,20,analytic_ref1p1_unclipped,1.1000000000,0,0.0244309073,0,0,0,38,289866bbb8f6de98c4279cee71c66151d976fec1a778aab166d8622b1be7c1ff
matched_evaluation,local_move_explainability,NSGA-II,20,analytic_ref1p2_unclipped,1.2000000000,0,0.0871867568,0,0,0,38,289866bbb8f6de98c4279cee71c66151d976fec1a778aab166d8622b1be7c1ff
matched_evaluation,local_move_explainability,BiLo-NSGA,21,reported_empirical_ref1p1_clipped,1.1000000000,1,0.1601774759,0,0,0,39,aa51caab77058dcddf365e0b399069d192b4d15924a925b09a8b931727b9627e
matched_evaluation,local_move_explainability,BiLo-NSGA,21,reported_empirical_ref1p1_unclipped,1.1000000000,0,0.1601774759,0,0,0,39,aa51caab77058dcddf365e0b399069d192b4d15924a925b09a8b931727b9627e
matched_evaluation,local_move_explainability,BiLo-NSGA,21,expanded_empirical_ref1p1_unclipped,1.1000000000,0,0.2025153720,0,0,0,39,aa51caab77058dcddf365e0b399069d192b4d15924a925b09a8b931727b9627e
matched_evaluation,local_move_explainability,BiLo-NSGA,21,analytic_ref1p05_unclipped,1.0500000000,0,0.0083708626,0,0,0,39,aa51caab77058dcddf365e0b399069d192b4d15924a925b09a8b931727b9627e
matched_evaluation,local_move_explainability,BiLo-NSGA,21,analytic_ref1p1_unclipped,1.1000000000,0,0.0237080919,0,0,0,39,aa51caab77058dcddf365e0b399069d192b4d15924a925b09a8b931727b9627e
matched_evaluation,local_move_explainability,BiLo-NSGA,21,analytic_ref1p2_unclipped,1.2000000000,0,0.0844062095,0,0,0,39,aa51caab77058dcddf365e0b399069d192b4d15924a925b09a8b931727b9627e
matched_evaluation,local_move_explainability,NSGA-II,21,reported_empirical_ref1p1_clipped,1.1000000000,1,0.1747222788,3,0,3,38,946046cf9a564a56653152459e897a20f06aeb79687d14685c219718e31c15b2
matched_evaluation,local_move_explainability,NSGA-II,21,reported_empirical_ref1p1_unclipped,1.1000000000,0,0.2136680423,3,0,3,38,946046cf9a564a56653152459e897a20f06aeb79687d14685c219718e31c15b2
matched_evaluation,local_move_explainability,NSGA-II,21,expanded_empirical_ref1p1_unclipped,1.1000000000,0,0.2600226445,2,0,2,38,946046cf9a564a56653152459e897a20f06aeb79687d14685c219718e31c15b2
matched_evaluation,local_move_explainability,NSGA-II,21,analytic_ref1p05_unclipped,1.0500000000,0,0.0090311424,0,0,0,38,946046cf9a564a56653152459e897a20f06aeb79687d14685c219718e31c15b2
matched_evaluation,local_move_explainability,NSGA-II,21,analytic_ref1p1_unclipped,1.1000000000,0,0.0255236139,0,0,0,38,946046cf9a564a56653152459e897a20f06aeb79687d14685c219718e31c15b2
matched_evaluation,local_move_explainability,NSGA-II,21,analytic_ref1p2_unclipped,1.2000000000,0,0.0899585887,0,0,0,38,946046cf9a564a56653152459e897a20f06aeb79687d14685c219718e31c15b2
matched_evaluation,local_move_explainability,Pareto Local Search,21,reported_empirical_ref1p1_clipped,1.1000000000,1,0.1211531393,0,0,0,40,2da2e9c445335fed032cae028cf8c893a12acdec326c64c505d91072b22a33e5
matched_evaluation,local_move_explainability,Pareto Local Search,21,reported_empirical_ref1p1_unclipped,1.1000000000,0,0.1211531393,0,0,0,40,2da2e9c445335fed032cae028cf8c893a12acdec326c64c505d91072b22a33e5
matched_evaluation,local_move_explainability,Pareto Local Search,21,expanded_empirical_ref1p1_unclipped,1.1000000000,0,0.1656993170,0,0,0,40,2da2e9c445335fed032cae028cf8c893a12acdec326c64c505d91072b22a33e5
matched_evaluation,local_move_explainability,Pareto Local Search,21,analytic_ref1p05_unclipped,1.0500000000,0,0.0070399933,0,0,0,40,2da2e9c445335fed032cae028cf8c893a12acdec326c64c505d91072b22a33e5
matched_evaluation,local_move_explainability,Pareto Local Search,21,analytic_ref1p1_unclipped,1.1000000000,0,0.0209441399,0,0,0,40,2da2e9c445335fed032cae028cf8c893a12acdec326c64c505d91072b22a33e5
matched_evaluation,local_move_explainability,Pareto Local Search,21,analytic_ref1p2_unclipped,1.2000000000,0,0.0780921273,0,0,0,40,2da2e9c445335fed032cae028cf8c893a12acdec326c64c505d91072b22a33e5
matched_evaluation,local_move_explainability,NSGA-II,22,reported_empirical_ref1p1_clipped,1.1000000000,1,0.1727996662,6,0,6,39,291af76a6afe9b39146264cf818a94a115eab711740bce195610caa430c5fba0
matched_evaluation,local_move_explainability,NSGA-II,22,reported_empirical_ref1p1_unclipped,1.1000000000,0,0.2201983925,6,0,6,39,291af76a6afe9b39146264cf818a94a115eab711740bce195610caa430c5fba0
matched_evaluation,local_move_explainability,NSGA-II,22,expanded_empirical_ref1p1_unclipped,1.1000000000,0,0.2680002602,2,0,2,39,291af76a6afe9b39146264cf818a94a115eab711740bce195610caa430c5fba0
matched_evaluation,local_move_explainability,NSGA-II,22,analytic_ref1p05_unclipped,1.0500000000,0,0.0086181507,0,0,0,39,291af76a6afe9b39146264cf818a94a115eab711740bce195610caa430c5fba0
matched_evaluation,local_move_explainability,NSGA-II,22,analytic_ref1p1_unclipped,1.1000000000,0,0.0250051264,0,0,0,39,291af76a6afe9b39146264cf818a94a115eab711740bce195610caa430c5fba0
matched_evaluation,local_move_explainability,NSGA-II,22,analytic_ref1p2_unclipped,1.2000000000,0,0.0899235228,0,0,0,39,291af76a6afe9b39146264cf818a94a115eab711740bce195610caa430c5fba0
matched_evaluation,local_move_explainability,Pareto Local Search,22,reported_empirical_ref1p1_clipped,1.1000000000,1,0.1284487395,0,0,0,40,042f12fbfc711f5d9c787b17769dc22bcf150798c06881dac3ffce029673394a
matched_evaluation,local_move_explainability,Pareto Local Search,22,reported_empirical_ref1p1_unclipped,1.1000000000,0,0.1284487395,0,0,0,40,042f12fbfc711f5d9c787b17769dc22bcf150798c06881dac3ffce029673394a
matched_evaluation,local_move_explainability,Pareto Local Search,22,expanded_empirical_ref1p1_unclipped,1.1000000000,0,0.1723776232,0,0,0,40,042f12fbfc711f5d9c787b17769dc22bcf150798c06881dac3ffce029673394a
matched_evaluation,local_move_explainability,Pareto Local Search,22,analytic_ref1p05_unclipped,1.0500000000,0,0.0076436863,0,0,0,40,042f12fbfc711f5d9c787b17769dc22bcf150798c06881dac3ffce029673394a
matched_evaluation,local_move_explainability,Pareto Local Search,22,analytic_ref1p1_unclipped,1.1000000000,0,0.0221307114,0,0,0,40,042f12fbfc711f5d9c787b17769dc22bcf150798c06881dac3ffce029673394a
matched_evaluation,local_move_explainability,Pareto Local Search,22,analytic_ref1p2_unclipped,1.2000000000,0,0.0806103018,0,0,0,40,042f12fbfc711f5d9c787b17769dc22bcf150798c06881dac3ffce029673394a
matched_evaluation,local_move_explainability,BiLo-NSGA,22,reported_empirical_ref1p1_clipped,1.1000000000,1,0.1681452792,0,0,0,39,7001fa299aa7e34aed36077bd7984257b3d57b6b5fd11fa142ed8d3883d08fe7
matched_evaluation,local_move_explainability,BiLo-NSGA,22,reported_empirical_ref1p1_unclipped,1.1000000000,0,0.1681452792,0,0,0,39,7001fa299aa7e34aed36077bd7984257b3d57b6b5fd11fa142ed8d3883d08fe7
matched_evaluation,local_move_explainability,BiLo-NSGA,22,expanded_empirical_ref1p1_unclipped,1.1000000000,0,0.2123924676,0,0,0,39,7001fa299aa7e34aed36077bd7984257b3d57b6b5fd11fa142ed8d3883d08fe7
matched_evaluation,local_move_explainability,BiLo-NSGA,22,analytic_ref1p05_unclipped,1.0500000000,0,0.0073343348,0,0,0,39,7001fa299aa7e34aed36077bd7984257b3d57b6b5fd11fa142ed8d3883d08fe7
matched_evaluation,local_move_explainability,BiLo-NSGA,22,analytic_ref1p1_unclipped,1.1000000000,0,0.0217651863,0,0,0,39,7001fa299aa7e34aed36077bd7984257b3d57b6b5fd11fa142ed8d3883d08fe7
matched_evaluation,local_move_explainability,BiLo-NSGA,22,analytic_ref1p2_unclipped,1.2000000000,0,0.0808561827,0,0,0,39,7001fa299aa7e34aed36077bd7984257b3d57b6b5fd11fa142ed8d3883d08fe7
matched_evaluation,local_move_explainability,Pareto Local Search,23,reported_empirical_ref1p1_clipped,1.1000000000,1,0.1060794454,0,0,0,40,8c77e831dd1874b605acb48300085721ab3b174cfe24c9c207d246aa1af4f76e
matched_evaluation,local_move_explainability,Pareto Local Search,23,reported_empirical_ref1p1_unclipped,1.1000000000,0,0.1060794454,0,0,0,40,8c77e831dd1874b605acb48300085721ab3b174cfe24c9c207d246aa1af4f76e
matched_evaluation,local_move_explainability,Pareto Local Search,23,expanded_empirical_ref1p1_unclipped,1.1000000000,0,0.1502884365,0,0,0,40,8c77e831dd1874b605acb48300085721ab3b174cfe24c9c207d246aa1af4f76e
matched_evaluation,local_move_explainability,Pareto Local Search,23,analytic_ref1p05_unclipped,1.0500000000,0,0.0062950981,0,0,0,40,8c77e831dd1874b605acb48300085721ab3b174cfe24c9c207d246aa1af4f76e
matched_evaluation,local_move_explainability,Pareto Local Search,23,analytic_ref1p1_unclipped,1.1000000000,0,0.0192693709,0,0,0,40,8c77e831dd1874b605acb48300085721ab3b174cfe24c9c207d246aa1af4f76e
matched_evaluation,local_move_explainability,Pareto Local Search,23,analytic_ref1p2_unclipped,1.2000000000,0,0.0738340800,0,0,0,40,8c77e831dd1874b605acb48300085721ab3b174cfe24c9c207d246aa1af4f76e
matched_evaluation,local_move_explainability,BiLo-NSGA,23,reported_empirical_ref1p1_clipped,1.1000000000,1,0.1709186776,0,0,0,39,484c42ccf4dc447617243383dd9abfbec3ce5525e92ab9439998ed8744410435
matched_evaluation,local_move_explainability,BiLo-NSGA,23,reported_empirical_ref1p1_unclipped,1.1000000000,0,0.1709186776,0,0,0,39,484c42ccf4dc447617243383dd9abfbec3ce5525e92ab9439998ed8744410435
matched_evaluation,local_move_explainability,BiLo-NSGA,23,expanded_empirical_ref1p1_unclipped,1.1000000000,0,0.2137269806,0,0,0,39,484c42ccf4dc447617243383dd9abfbec3ce5525e92ab9439998ed8744410435
matched_evaluation,local_move_explainability,BiLo-NSGA,23,analytic_ref1p05_unclipped,1.0500000000,0,0.0080192828,0,0,0,39,484c42ccf4dc447617243383dd9abfbec3ce5525e92ab9439998ed8744410435
matched_evaluation,local_move_explainability,BiLo-NSGA,23,analytic_ref1p1_unclipped,1.1000000000,0,0.0231637484,0,0,0,39,484c42ccf4dc447617243383dd9abfbec3ce5525e92ab9439998ed8744410435
matched_evaluation,local_move_explainability,BiLo-NSGA,23,analytic_ref1p2_unclipped,1.2000000000,0,0.0839904617,0,0,0,39,484c42ccf4dc447617243383dd9abfbec3ce5525e92ab9439998ed8744410435
matched_evaluation,local_move_explainability,NSGA-II,23,reported_empirical_ref1p1_clipped,1.1000000000,1,0.1730724809,4,0,4,38,07dc720118ddaf6f8c34b0584c4802184c34b3614ea0331da31819d796175250
matched_evaluation,local_move_explainability,NSGA-II,23,reported_empirical_ref1p1_unclipped,1.1000000000,0,0.2115913792,4,0,4,38,07dc720118ddaf6f8c34b0584c4802184c34b3614ea0331da31819d796175250
matched_evaluation,local_move_explainability,NSGA-II,23,expanded_empirical_ref1p1_unclipped,1.1000000000,0,0.2586803703,1,0,1,38,07dc720118ddaf6f8c34b0584c4802184c34b3614ea0331da31819d796175250
matched_evaluation,local_move_explainability,NSGA-II,23,analytic_ref1p05_unclipped,1.0500000000,0,0.0087274970,0,0,0,38,07dc720118ddaf6f8c34b0584c4802184c34b3614ea0331da31819d796175250
matched_evaluation,local_move_explainability,NSGA-II,23,analytic_ref1p1_unclipped,1.1000000000,0,0.0251038211,0,0,0,38,07dc720118ddaf6f8c34b0584c4802184c34b3614ea0331da31819d796175250
matched_evaluation,local_move_explainability,NSGA-II,23,analytic_ref1p2_unclipped,1.2000000000,0,0.0897517903,0,0,0,38,07dc720118ddaf6f8c34b0584c4802184c34b3614ea0331da31819d796175250
matched_evaluation,local_move_explainability,BiLo-NSGA,24,reported_empirical_ref1p1_clipped,1.1000000000,1,0.1781117252,1,0,1,39,f595ef3bcae026cb815b27c5448acbc4a4b9545e67a35097fc72b74d43655499
matched_evaluation,local_move_explainability,BiLo-NSGA,24,reported_empirical_ref1p1_unclipped,1.1000000000,0,0.1786213237,1,0,1,39,f595ef3bcae026cb815b27c5448acbc4a4b9545e67a35097fc72b74d43655499
matched_evaluation,local_move_explainability,BiLo-NSGA,24,expanded_empirical_ref1p1_unclipped,1.1000000000,0,0.2223159198,0,0,0,39,f595ef3bcae026cb815b27c5448acbc4a4b9545e67a35097fc72b74d43655499
matched_evaluation,local_move_explainability,BiLo-NSGA,24,analytic_ref1p05_unclipped,1.0500000000,0,0.0083787054,0,0,0,39,f595ef3bcae026cb815b27c5448acbc4a4b9545e67a35097fc72b74d43655499
matched_evaluation,local_move_explainability,BiLo-NSGA,24,analytic_ref1p1_unclipped,1.1000000000,0,0.0239545601,0,0,0,39,f595ef3bcae026cb815b27c5448acbc4a4b9545e67a35097fc72b74d43655499
matched_evaluation,local_move_explainability,BiLo-NSGA,24,analytic_ref1p2_unclipped,1.2000000000,0,0.0858540408,0,0,0,39,f595ef3bcae026cb815b27c5448acbc4a4b9545e67a35097fc72b74d43655499
matched_evaluation,local_move_explainability,NSGA-II,24,reported_empirical_ref1p1_clipped,1.1000000000,1,0.1735092642,5,0,5,37,f1695e04ac13f5e1f6525cba627471665bb373bef053f9c0dc0490f53efd7fc2
matched_evaluation,local_move_explainability,NSGA-II,24,reported_empirical_ref1p1_unclipped,1.1000000000,0,0.2075579799,5,0,5,37,f1695e04ac13f5e1f6525cba627471665bb373bef053f9c0dc0490f53efd7fc2
matched_evaluation,local_move_explainability,NSGA-II,24,expanded_empirical_ref1p1_unclipped,1.1000000000,0,0.2545154224,0,0,0,37,f1695e04ac13f5e1f6525cba627471665bb373bef053f9c0dc0490f53efd7fc2
matched_evaluation,local_move_explainability,NSGA-II,24,analytic_ref1p05_unclipped,1.0500000000,0,0.0087099713,0,0,0,37,f1695e04ac13f5e1f6525cba627471665bb373bef053f9c0dc0490f53efd7fc2
matched_evaluation,local_move_explainability,NSGA-II,24,analytic_ref1p1_unclipped,1.1000000000,0,0.0250717080,0,0,0,37,f1695e04ac13f5e1f6525cba627471665bb373bef053f9c0dc0490f53efd7fc2
matched_evaluation,local_move_explainability,NSGA-II,24,analytic_ref1p2_unclipped,1.2000000000,0,0.0897168271,0,0,0,37,f1695e04ac13f5e1f6525cba627471665bb373bef053f9c0dc0490f53efd7fc2
matched_evaluation,local_move_explainability,Pareto Local Search,24,reported_empirical_ref1p1_clipped,1.1000000000,1,0.1204574968,0,0,0,40,bdca0c28a430448cc420a795619e43fe0b4ce15706dceae9db7ad5cba31c80eb
matched_evaluation,local_move_explainability,Pareto Local Search,24,reported_empirical_ref1p1_unclipped,1.1000000000,0,0.1204574968,0,0,0,40,bdca0c28a430448cc420a795619e43fe0b4ce15706dceae9db7ad5cba31c80eb
matched_evaluation,local_move_explainability,Pareto Local Search,24,expanded_empirical_ref1p1_unclipped,1.1000000000,0,0.1647594514,0,0,0,40,bdca0c28a430448cc420a795619e43fe0b4ce15706dceae9db7ad5cba31c80eb
matched_evaluation,local_move_explainability,Pareto Local Search,24,analytic_ref1p05_unclipped,1.0500000000,0,0.0067267055,0,0,0,40,bdca0c28a430448cc420a795619e43fe0b4ce15706dceae9db7ad5cba31c80eb
matched_evaluation,local_move_explainability,Pareto Local Search,24,analytic_ref1p1_unclipped,1.1000000000,0,0.0202617478,0,0,0,40,bdca0c28a430448cc420a795619e43fe0b4ce15706dceae9db7ad5cba31c80eb
matched_evaluation,local_move_explainability,Pareto Local Search,24,analytic_ref1p2_unclipped,1.2000000000,0,0.0764282580,0,0,0,40,bdca0c28a430448cc420a795619e43fe0b4ce15706dceae9db7ad5cba31c80eb
matched_evaluation,local_move_explainability,NSGA-II,25,reported_empirical_ref1p1_clipped,1.1000000000,1,0.1743308419,4,0,4,39,bb8e9ae78babdb127ab3806f75134d2685b3a0c6427582080a7560285abed308
matched_evaluation,local_move_explainability,NSGA-II,25,reported_empirical_ref1p1_unclipped,1.1000000000,0,0.2017539408,4,0,4,39,bb8e9ae78babdb127ab3806f75134d2685b3a0c6427582080a7560285abed308
matched_evaluation,local_move_explainability,NSGA-II,25,expanded_empirical_ref1p1_unclipped,1.1000000000,0,0.2470532040,0,0,0,39,bb8e9ae78babdb127ab3806f75134d2685b3a0c6427582080a7560285abed308
matched_evaluation,local_move_explainability,NSGA-II,25,analytic_ref1p05_unclipped,1.0500000000,0,0.0085177332,0,0,0,39,bb8e9ae78babdb127ab3806f75134d2685b3a0c6427582080a7560285abed308
matched_evaluation,local_move_explainability,NSGA-II,25,analytic_ref1p1_unclipped,1.1000000000,0,0.0241629267,0,0,0,39,bb8e9ae78babdb127ab3806f75134d2685b3a0c6427582080a7560285abed308
matched_evaluation,local_move_explainability,NSGA-II,25,analytic_ref1p2_unclipped,1.2000000000,0,0.0858572847,0,0,0,39,bb8e9ae78babdb127ab3806f75134d2685b3a0c6427582080a7560285abed308
matched_evaluation,local_move_explainability,Pareto Local Search,25,reported_empirical_ref1p1_clipped,1.1000000000,1,0.1089664253,0,0,0,40,b98301762bd37509404846c9eb89645daac169ad3cc871f529e71bc016e521e5
matched_evaluation,local_move_explainability,Pareto Local Search,25,reported_empirical_ref1p1_unclipped,1.1000000000,0,0.1089664253,0,0,0,40,b98301762bd37509404846c9eb89645daac169ad3cc871f529e71bc016e521e5
matched_evaluation,local_move_explainability,Pareto Local Search,25,expanded_empirical_ref1p1_unclipped,1.1000000000,0,0.1536262262,0,0,0,40,b98301762bd37509404846c9eb89645daac169ad3cc871f529e71bc016e521e5
matched_evaluation,local_move_explainability,Pareto Local Search,25,analytic_ref1p05_unclipped,1.0500000000,0,0.0067405113,0,0,0,40,b98301762bd37509404846c9eb89645daac169ad3cc871f529e71bc016e521e5
matched_evaluation,local_move_explainability,Pareto Local Search,25,analytic_ref1p1_unclipped,1.1000000000,0,0.0201926028,0,0,0,40,b98301762bd37509404846c9eb89645daac169ad3cc871f529e71bc016e521e5
matched_evaluation,local_move_explainability,Pareto Local Search,25,analytic_ref1p2_unclipped,1.2000000000,0,0.0759218381,0,0,0,40,b98301762bd37509404846c9eb89645daac169ad3cc871f529e71bc016e521e5
matched_evaluation,local_move_explainability,BiLo-NSGA,25,reported_empirical_ref1p1_clipped,1.1000000000,1,0.1779188083,2,0,2,39,a4a01741e80f3213dafa71a3d552c44384ec1f1c37178464c3344c2ca664cb2f
matched_evaluation,local_move_explainability,BiLo-NSGA,25,reported_empirical_ref1p1_unclipped,1.1000000000,0,0.1925133134,2,0,2,39,a4a01741e80f3213dafa71a3d552c44384ec1f1c37178464c3344c2ca664cb2f
matched_evaluation,local_move_explainability,BiLo-NSGA,25,expanded_empirical_ref1p1_unclipped,1.1000000000,0,0.2348476002,0,0,0,39,a4a01741e80f3213dafa71a3d552c44384ec1f1c37178464c3344c2ca664cb2f
matched_evaluation,local_move_explainability,BiLo-NSGA,25,analytic_ref1p05_unclipped,1.0500000000,0,0.0079500943,0,0,0,39,a4a01741e80f3213dafa71a3d552c44384ec1f1c37178464c3344c2ca664cb2f
matched_evaluation,local_move_explainability,BiLo-NSGA,25,analytic_ref1p1_unclipped,1.1000000000,0,0.0231696340,0,0,0,39,a4a01741e80f3213dafa71a3d552c44384ec1f1c37178464c3344c2ca664cb2f
matched_evaluation,local_move_explainability,BiLo-NSGA,25,analytic_ref1p2_unclipped,1.2000000000,0,0.0842760247,0,0,0,39,a4a01741e80f3213dafa71a3d552c44384ec1f1c37178464c3344c2ca664cb2f
matched_evaluation,local_move_explainability,Pareto Local Search,26,reported_empirical_ref1p1_clipped,1.1000000000,1,0.1197093248,0,0,0,40,96661efbd638d22b1215fa71dc0f8d5c4519f706a8605ad0b19f66e219b6f393
matched_evaluation,local_move_explainability,Pareto Local Search,26,reported_empirical_ref1p1_unclipped,1.1000000000,0,0.1197093248,0,0,0,40,96661efbd638d22b1215fa71dc0f8d5c4519f706a8605ad0b19f66e219b6f393
matched_evaluation,local_move_explainability,Pareto Local Search,26,expanded_empirical_ref1p1_unclipped,1.1000000000,0,0.1641098408,0,0,0,40,96661efbd638d22b1215fa71dc0f8d5c4519f706a8605ad0b19f66e219b6f393
matched_evaluation,local_move_explainability,Pareto Local Search,26,analytic_ref1p05_unclipped,1.0500000000,0,0.0069285173,0,0,0,40,96661efbd638d22b1215fa71dc0f8d5c4519f706a8605ad0b19f66e219b6f393
matched_evaluation,local_move_explainability,Pareto Local Search,26,analytic_ref1p1_unclipped,1.1000000000,0,0.0206523149,0,0,0,40,96661efbd638d22b1215fa71dc0f8d5c4519f706a8605ad0b19f66e219b6f393
matched_evaluation,local_move_explainability,Pareto Local Search,26,analytic_ref1p2_unclipped,1.2000000000,0,0.0772048886,0,0,0,40,96661efbd638d22b1215fa71dc0f8d5c4519f706a8605ad0b19f66e219b6f393
matched_evaluation,local_move_explainability,BiLo-NSGA,26,reported_empirical_ref1p1_clipped,1.1000000000,1,0.1554429495,0,0,0,38,1237af31f886c1d2542685b04ea493b3dbddc4366c34ec749e78e6c4751bd770
matched_evaluation,local_move_explainability,BiLo-NSGA,26,reported_empirical_ref1p1_unclipped,1.1000000000,0,0.1554429495,0,0,0,38,1237af31f886c1d2542685b04ea493b3dbddc4366c34ec749e78e6c4751bd770
matched_evaluation,local_move_explainability,BiLo-NSGA,26,expanded_empirical_ref1p1_unclipped,1.1000000000,0,0.1986102348,0,0,0,38,1237af31f886c1d2542685b04ea493b3dbddc4366c34ec749e78e6c4751bd770
matched_evaluation,local_move_explainability,BiLo-NSGA,26,analytic_ref1p05_unclipped,1.0500000000,0,0.0078398909,0,0,0,38,1237af31f886c1d2542685b04ea493b3dbddc4366c34ec749e78e6c4751bd770
matched_evaluation,local_move_explainability,BiLo-NSGA,26,analytic_ref1p1_unclipped,1.1000000000,0,0.0227304823,0,0,0,38,1237af31f886c1d2542685b04ea493b3dbddc4366c34ec749e78e6c4751bd770
matched_evaluation,local_move_explainability,BiLo-NSGA,26,analytic_ref1p2_unclipped,1.2000000000,0,0.0826783407,0,0,0,38,1237af31f886c1d2542685b04ea493b3dbddc4366c34ec749e78e6c4751bd770
matched_evaluation,local_move_explainability,NSGA-II,26,reported_empirical_ref1p1_clipped,1.1000000000,1,0.1745034474,2,0,2,39,19f7d7ec2ad71a88d9201bc38a40e7c46f94085f2ff9642ae412e3974eb6089e
matched_evaluation,local_move_explainability,NSGA-II,26,reported_empirical_ref1p1_unclipped,1.1000000000,0,0.1837010203,2,0,2,39,19f7d7ec2ad71a88d9201bc38a40e7c46f94085f2ff9642ae412e3974eb6089e
matched_evaluation,local_move_explainability,NSGA-II,26,expanded_empirical_ref1p1_unclipped,1.1000000000,0,0.2290448192,0,0,0,39,19f7d7ec2ad71a88d9201bc38a40e7c46f94085f2ff9642ae412e3974eb6089e
matched_evaluation,local_move_explainability,NSGA-II,26,analytic_ref1p05_unclipped,1.0500000000,0,0.0082894264,0,0,0,39,19f7d7ec2ad71a88d9201bc38a40e7c46f94085f2ff9642ae412e3974eb6089e
matched_evaluation,local_move_explainability,NSGA-II,26,analytic_ref1p1_unclipped,1.1000000000,0,0.0238869795,0,0,0,39,19f7d7ec2ad71a88d9201bc38a40e7c46f94085f2ff9642ae412e3974eb6089e
matched_evaluation,local_move_explainability,NSGA-II,26,analytic_ref1p2_unclipped,1.2000000000,0,0.0859131355,0,0,0,39,19f7d7ec2ad71a88d9201bc38a40e7c46f94085f2ff9642ae412e3974eb6089e
matched_evaluation,local_move_explainability,BiLo-NSGA,27,reported_empirical_ref1p1_clipped,1.1000000000,1,0.1324081400,0,0,0,39,64f7cdbea5b13a4f9452829c22fa696e632de486b90fece52ca6d93b46555540
matched_evaluation,local_move_explainability,BiLo-NSGA,27,reported_empirical_ref1p1_unclipped,1.1000000000,0,0.1324081400,0,0,0,39,64f7cdbea5b13a4f9452829c22fa696e632de486b90fece52ca6d93b46555540
matched_evaluation,local_move_explainability,BiLo-NSGA,27,expanded_empirical_ref1p1_unclipped,1.1000000000,0,0.1755120568,0,0,0,39,64f7cdbea5b13a4f9452829c22fa696e632de486b90fece52ca6d93b46555540
matched_evaluation,local_move_explainability,BiLo-NSGA,27,analytic_ref1p05_unclipped,1.0500000000,0,0.0074087491,0,0,0,39,64f7cdbea5b13a4f9452829c22fa696e632de486b90fece52ca6d93b46555540
matched_evaluation,local_move_explainability,BiLo-NSGA,27,analytic_ref1p1_unclipped,1.1000000000,0,0.0218007716,0,0,0,39,64f7cdbea5b13a4f9452829c22fa696e632de486b90fece52ca6d93b46555540
matched_evaluation,local_move_explainability,BiLo-NSGA,27,analytic_ref1p2_unclipped,1.2000000000,0,0.0801328832,0,0,0,39,64f7cdbea5b13a4f9452829c22fa696e632de486b90fece52ca6d93b46555540
matched_evaluation,local_move_explainability,NSGA-II,27,reported_empirical_ref1p1_clipped,1.1000000000,1,0.1738260568,5,0,5,40,f2c6fc891ef4d93ba4a9bb16fe51dffa660fc9c8b7587801029d2e71c67909f2
matched_evaluation,local_move_explainability,NSGA-II,27,reported_empirical_ref1p1_unclipped,1.1000000000,0,0.2091470450,5,0,5,40,f2c6fc891ef4d93ba4a9bb16fe51dffa660fc9c8b7587801029d2e71c67909f2
matched_evaluation,local_move_explainability,NSGA-II,27,expanded_empirical_ref1p1_unclipped,1.1000000000,0,0.2558364755,1,0,1,40,f2c6fc891ef4d93ba4a9bb16fe51dffa660fc9c8b7587801029d2e71c67909f2
matched_evaluation,local_move_explainability,NSGA-II,27,analytic_ref1p05_unclipped,1.0500000000,0,0.0095432267,0,0,0,40,f2c6fc891ef4d93ba4a9bb16fe51dffa660fc9c8b7587801029d2e71c67909f2
matched_evaluation,local_move_explainability,NSGA-II,27,analytic_ref1p1_unclipped,1.1000000000,0,0.0267029442,0,0,0,40,f2c6fc891ef4d93ba4a9bb16fe51dffa660fc9c8b7587801029d2e71c67909f2
matched_evaluation,local_move_explainability,NSGA-II,27,analytic_ref1p2_unclipped,1.2000000000,0,0.0927310290,0,0,0,40,f2c6fc891ef4d93ba4a9bb16fe51dffa660fc9c8b7587801029d2e71c67909f2
matched_evaluation,local_move_explainability,Pareto Local Search,27,reported_empirical_ref1p1_clipped,1.1000000000,1,0.1163251974,0,0,0,40,cd1f17d7d1655a71056ce1c343a58614626170afc484aa5fdfd67b43f454057f
matched_evaluation,local_move_explainability,Pareto Local Search,27,reported_empirical_ref1p1_unclipped,1.1000000000,0,0.1163251974,0,0,0,40,cd1f17d7d1655a71056ce1c343a58614626170afc484aa5fdfd67b43f454057f
matched_evaluation,local_move_explainability,Pareto Local Search,27,expanded_empirical_ref1p1_unclipped,1.1000000000,0,0.1604227953,0,0,0,40,cd1f17d7d1655a71056ce1c343a58614626170afc484aa5fdfd67b43f454057f
matched_evaluation,local_move_explainability,Pareto Local Search,27,analytic_ref1p05_unclipped,1.0500000000,0,0.0070764080,0,0,0,40,cd1f17d7d1655a71056ce1c343a58614626170afc484aa5fdfd67b43f454057f
matched_evaluation,local_move_explainability,Pareto Local Search,27,analytic_ref1p1_unclipped,1.1000000000,0,0.0209849719,0,0,0,40,cd1f17d7d1655a71056ce1c343a58614626170afc484aa5fdfd67b43f454057f
matched_evaluation,local_move_explainability,Pareto Local Search,27,analytic_ref1p2_unclipped,1.2000000000,0,0.0780908970,0,0,0,40,cd1f17d7d1655a71056ce1c343a58614626170afc484aa5fdfd67b43f454057f
matched_evaluation,local_move_explainability,NSGA-II,28,reported_empirical_ref1p1_clipped,1.1000000000,1,0.1754812402,2,0,2,38,5e5c1a8b07fcad2bd00ca70385d2156c058f6f5335bc8eab170e1405fe40f36d
matched_evaluation,local_move_explainability,NSGA-II,28,reported_empirical_ref1p1_unclipped,1.1000000000,0,0.1854900178,2,0,2,38,5e5c1a8b07fcad2bd00ca70385d2156c058f6f5335bc8eab170e1405fe40f36d
matched_evaluation,local_move_explainability,NSGA-II,28,expanded_empirical_ref1p1_unclipped,1.1000000000,0,0.2302476523,0,0,0,38,5e5c1a8b07fcad2bd00ca70385d2156c058f6f5335bc8eab170e1405fe40f36d
matched_evaluation,local_move_explainability,NSGA-II,28,analytic_ref1p05_unclipped,1.0500000000,0,0.0087188623,0,0,0,38,5e5c1a8b07fcad2bd00ca70385d2156c058f6f5335bc8eab170e1405fe40f36d
matched_evaluation,local_move_explainability,NSGA-II,28,analytic_ref1p1_unclipped,1.1000000000,0,0.0248429131,0,0,0,38,5e5c1a8b07fcad2bd00ca70385d2156c058f6f5335bc8eab170e1405fe40f36d
matched_evaluation,local_move_explainability,NSGA-II,28,analytic_ref1p2_unclipped,1.2000000000,0,0.0882138097,0,0,0,38,5e5c1a8b07fcad2bd00ca70385d2156c058f6f5335bc8eab170e1405fe40f36d
matched_evaluation,local_move_explainability,Pareto Local Search,28,reported_empirical_ref1p1_clipped,1.1000000000,1,0.1194098129,0,0,0,40,4df331ed05ab75169f5e51ce7aff49c1920154a9c366bbfe68111fe86596441d
matched_evaluation,local_move_explainability,Pareto Local Search,28,reported_empirical_ref1p1_unclipped,1.1000000000,0,0.1194098129,0,0,0,40,4df331ed05ab75169f5e51ce7aff49c1920154a9c366bbfe68111fe86596441d
matched_evaluation,local_move_explainability,Pareto Local Search,28,expanded_empirical_ref1p1_unclipped,1.1000000000,0,0.1635995398,0,0,0,40,4df331ed05ab75169f5e51ce7aff49c1920154a9c366bbfe68111fe86596441d
matched_evaluation,local_move_explainability,Pareto Local Search,28,analytic_ref1p05_unclipped,1.0500000000,0,0.0069250451,0,0,0,40,4df331ed05ab75169f5e51ce7aff49c1920154a9c366bbfe68111fe86596441d
matched_evaluation,local_move_explainability,Pareto Local Search,28,analytic_ref1p1_unclipped,1.1000000000,0,0.0205900095,0,0,0,40,4df331ed05ab75169f5e51ce7aff49c1920154a9c366bbfe68111fe86596441d
matched_evaluation,local_move_explainability,Pareto Local Search,28,analytic_ref1p2_unclipped,1.2000000000,0,0.0768658004,0,0,0,40,4df331ed05ab75169f5e51ce7aff49c1920154a9c366bbfe68111fe86596441d
matched_evaluation,local_move_explainability,BiLo-NSGA,28,reported_empirical_ref1p1_clipped,1.1000000000,1,0.1777791692,1,0,1,39,abe1a4582f4c20dd6583d0b88fdbdd6569babe42d6930db755e8bd2e8674722b
matched_evaluation,local_move_explainability,BiLo-NSGA,28,reported_empirical_ref1p1_unclipped,1.1000000000,0,0.1869252257,1,0,1,39,abe1a4582f4c20dd6583d0b88fdbdd6569babe42d6930db755e8bd2e8674722b
matched_evaluation,local_move_explainability,BiLo-NSGA,28,expanded_empirical_ref1p1_unclipped,1.1000000000,0,0.2301058207,0,0,0,39,abe1a4582f4c20dd6583d0b88fdbdd6569babe42d6930db755e8bd2e8674722b
matched_evaluation,local_move_explainability,BiLo-NSGA,28,analytic_ref1p05_unclipped,1.0500000000,0,0.0085933981,0,0,0,39,abe1a4582f4c20dd6583d0b88fdbdd6569babe42d6930db755e8bd2e8674722b
matched_evaluation,local_move_explainability,BiLo-NSGA,28,analytic_ref1p1_unclipped,1.1000000000,0,0.0243663595,0,0,0,39,abe1a4582f4c20dd6583d0b88fdbdd6569babe42d6930db755e8bd2e8674722b
matched_evaluation,local_move_explainability,BiLo-NSGA,28,analytic_ref1p2_unclipped,1.2000000000,0,0.0867848825,0,0,0,39,abe1a4582f4c20dd6583d0b88fdbdd6569babe42d6930db755e8bd2e8674722b
matched_evaluation,local_move_explainability,Pareto Local Search,29,reported_empirical_ref1p1_clipped,1.1000000000,1,0.1514912995,0,0,0,40,bf9a1367e15daaba14e03249bac076ba89eee0a31882e58c9d8b789bbf28e8cf
matched_evaluation,local_move_explainability,Pareto Local Search,29,reported_empirical_ref1p1_unclipped,1.1000000000,0,0.1514912995,0,0,0,40,bf9a1367e15daaba14e03249bac076ba89eee0a31882e58c9d8b789bbf28e8cf
matched_evaluation,local_move_explainability,Pareto Local Search,29,expanded_empirical_ref1p1_unclipped,1.1000000000,0,0.1952597018,0,0,0,40,bf9a1367e15daaba14e03249bac076ba89eee0a31882e58c9d8b789bbf28e8cf
matched_evaluation,local_move_explainability,Pareto Local Search,29,analytic_ref1p05_unclipped,1.0500000000,0,0.0084304201,0,0,0,40,bf9a1367e15daaba14e03249bac076ba89eee0a31882e58c9d8b789bbf28e8cf
matched_evaluation,local_move_explainability,Pareto Local Search,29,analytic_ref1p1_unclipped,1.1000000000,0,0.0238925014,0,0,0,40,bf9a1367e15daaba14e03249bac076ba89eee0a31882e58c9d8b789bbf28e8cf
matched_evaluation,local_move_explainability,Pareto Local Search,29,analytic_ref1p2_unclipped,1.2000000000,0,0.0851144084,0,0,0,40,bf9a1367e15daaba14e03249bac076ba89eee0a31882e58c9d8b789bbf28e8cf
matched_evaluation,local_move_explainability,BiLo-NSGA,29,reported_empirical_ref1p1_clipped,1.1000000000,1,0.1774306913,3,0,3,39,9931e01b8ed7d0f269289ce664fcfd4e9ce88527f5c0539797db20255f095571
matched_evaluation,local_move_explainability,BiLo-NSGA,29,reported_empirical_ref1p1_unclipped,1.1000000000,0,0.1947020356,3,0,3,39,9931e01b8ed7d0f269289ce664fcfd4e9ce88527f5c0539797db20255f095571
matched_evaluation,local_move_explainability,BiLo-NSGA,29,expanded_empirical_ref1p1_unclipped,1.1000000000,0,0.2378096959,0,0,0,39,9931e01b8ed7d0f269289ce664fcfd4e9ce88527f5c0539797db20255f095571
matched_evaluation,local_move_explainability,BiLo-NSGA,29,analytic_ref1p05_unclipped,1.0500000000,0,0.0082007475,0,0,0,39,9931e01b8ed7d0f269289ce664fcfd4e9ce88527f5c0539797db20255f095571
matched_evaluation,local_move_explainability,BiLo-NSGA,29,analytic_ref1p1_unclipped,1.1000000000,0,0.0237005718,0,0,0,39,9931e01b8ed7d0f269289ce664fcfd4e9ce88527f5c0539797db20255f095571
matched_evaluation,local_move_explainability,BiLo-NSGA,29,analytic_ref1p2_unclipped,1.2000000000,0,0.0857877693,0,0,0,39,9931e01b8ed7d0f269289ce664fcfd4e9ce88527f5c0539797db20255f095571
matched_evaluation,local_move_explainability,NSGA-II,29,reported_empirical_ref1p1_clipped,1.1000000000,1,0.1751659987,6,0,6,39,7f934dcc2ed4b158c1d26e4b5811fd2a2b25ebec705cbb3781706dd0761166ed
matched_evaluation,local_move_explainability,NSGA-II,29,reported_empirical_ref1p1_unclipped,1.1000000000,0,0.2050766093,6,0,6,39,7f934dcc2ed4b158c1d26e4b5811fd2a2b25ebec705cbb3781706dd0761166ed
matched_evaluation,local_move_explainability,NSGA-II,29,expanded_empirical_ref1p1_unclipped,1.1000000000,0,0.2509716324,0,0,0,39,7f934dcc2ed4b158c1d26e4b5811fd2a2b25ebec705cbb3781706dd0761166ed
matched_evaluation,local_move_explainability,NSGA-II,29,analytic_ref1p05_unclipped,1.0500000000,0,0.0088574409,0,0,0,39,7f934dcc2ed4b158c1d26e4b5811fd2a2b25ebec705cbb3781706dd0761166ed
matched_evaluation,local_move_explainability,NSGA-II,29,analytic_ref1p1_unclipped,1.1000000000,0,0.0245149243,0,0,0,39,7f934dcc2ed4b158c1d26e4b5811fd2a2b25ebec705cbb3781706dd0761166ed
matched_evaluation,local_move_explainability,NSGA-II,29,analytic_ref1p2_unclipped,1.2000000000,0,0.0853212960,0,0,0,39,7f934dcc2ed4b158c1d26e4b5811fd2a2b25ebec705cbb3781706dd0761166ed
matched_evaluation,ranking_robustness,BiLo-NSGA,0,reported_empirical_ref1p1_clipped,1.1000000000,1,0.1710932879,0,0,0,38,c9f4e814b6fdec0af16e154bc5e1b92d5a48caa29c4ae9877dbbd2be176dd538
matched_evaluation,ranking_robustness,BiLo-NSGA,0,reported_empirical_ref1p1_unclipped,1.1000000000,0,0.1710932879,0,0,0,38,c9f4e814b6fdec0af16e154bc5e1b92d5a48caa29c4ae9877dbbd2be176dd538
matched_evaluation,ranking_robustness,BiLo-NSGA,0,expanded_empirical_ref1p1_unclipped,1.1000000000,0,0.2138761044,0,0,0,38,c9f4e814b6fdec0af16e154bc5e1b92d5a48caa29c4ae9877dbbd2be176dd538
matched_evaluation,ranking_robustness,BiLo-NSGA,0,analytic_ref1p05_unclipped,1.0500000000,0,0.0079409109,0,0,0,38,c9f4e814b6fdec0af16e154bc5e1b92d5a48caa29c4ae9877dbbd2be176dd538
matched_evaluation,ranking_robustness,BiLo-NSGA,0,analytic_ref1p1_unclipped,1.1000000000,0,0.0229871166,0,0,0,38,c9f4e814b6fdec0af16e154bc5e1b92d5a48caa29c4ae9877dbbd2be176dd538
matched_evaluation,ranking_robustness,BiLo-NSGA,0,analytic_ref1p2_unclipped,1.2000000000,0,0.0834247445,0,0,0,38,c9f4e814b6fdec0af16e154bc5e1b92d5a48caa29c4ae9877dbbd2be176dd538
matched_evaluation,ranking_robustness,NSGA-II,0,reported_empirical_ref1p1_clipped,1.1000000000,1,0.1755644383,2,0,2,39,ee34bb176335813330d8cf274b0f798c12ffbc1d8f6863a40a057156d96f4aec
matched_evaluation,ranking_robustness,NSGA-II,0,reported_empirical_ref1p1_unclipped,1.1000000000,0,0.2000510105,2,0,2,39,ee34bb176335813330d8cf274b0f798c12ffbc1d8f6863a40a057156d96f4aec
matched_evaluation,ranking_robustness,NSGA-II,0,expanded_empirical_ref1p1_unclipped,1.1000000000,0,0.2452555842,0,0,0,39,ee34bb176335813330d8cf274b0f798c12ffbc1d8f6863a40a057156d96f4aec
matched_evaluation,ranking_robustness,NSGA-II,0,analytic_ref1p05_unclipped,1.0500000000,0,0.0090076538,0,0,0,39,ee34bb176335813330d8cf274b0f798c12ffbc1d8f6863a40a057156d96f4aec
matched_evaluation,ranking_robustness,NSGA-II,0,analytic_ref1p1_unclipped,1.1000000000,0,0.0255901039,0,0,0,39,ee34bb176335813330d8cf274b0f798c12ffbc1d8f6863a40a057156d96f4aec
matched_evaluation,ranking_robustness,NSGA-II,0,analytic_ref1p2_unclipped,1.2000000000,0,0.0905712438,0,0,0,39,ee34bb176335813330d8cf274b0f798c12ffbc1d8f6863a40a057156d96f4aec
matched_evaluation,ranking_robustness,Pareto Local Search,0,reported_empirical_ref1p1_clipped,1.1000000000,1,0.1077442378,0,0,0,40,33536f3cd248352065e4298471c48905e4edff0bc671a5050b20a6b34bdc0bb5
matched_evaluation,ranking_robustness,Pareto Local Search,0,reported_empirical_ref1p1_unclipped,1.1000000000,0,0.1077442378,0,0,0,40,33536f3cd248352065e4298471c48905e4edff0bc671a5050b20a6b34bdc0bb5
matched_evaluation,ranking_robustness,Pareto Local Search,0,expanded_empirical_ref1p1_unclipped,1.1000000000,0,0.1518448339,0,0,0,40,33536f3cd248352065e4298471c48905e4edff0bc671a5050b20a6b34bdc0bb5
matched_evaluation,ranking_robustness,Pareto Local Search,0,analytic_ref1p05_unclipped,1.0500000000,0,0.0068362610,0,0,0,40,33536f3cd248352065e4298471c48905e4edff0bc671a5050b20a6b34bdc0bb5
matched_evaluation,ranking_robustness,Pareto Local Search,0,analytic_ref1p1_unclipped,1.1000000000,0,0.0202573153,0,0,0,40,33536f3cd248352065e4298471c48905e4edff0bc671a5050b20a6b34bdc0bb5
matched_evaluation,ranking_robustness,Pareto Local Search,0,analytic_ref1p2_unclipped,1.2000000000,0,0.0755057122,0,0,0,40,33536f3cd248352065e4298471c48905e4edff0bc671a5050b20a6b34bdc0bb5
matched_evaluation,ranking_robustness,NSGA-II,1,reported_empirical_ref1p1_clipped,1.1000000000,1,0.1759168030,6,0,6,39,4c7cf991c11f5253df6bc39e428697dc712ac0e25ce952436550dc417ca5f0ee
matched_evaluation,ranking_robustness,NSGA-II,1,reported_empirical_ref1p1_unclipped,1.1000000000,0,0.2116753767,6,0,6,39,4c7cf991c11f5253df6bc39e428697dc712ac0e25ce952436550dc417ca5f0ee
matched_evaluation,ranking_robustness,NSGA-II,1,expanded_empirical_ref1p1_unclipped,1.1000000000,0,0.2570797902,1,0,1,39,4c7cf991c11f5253df6bc39e428697dc712ac0e25ce952436550dc417ca5f0ee
matched_evaluation,ranking_robustness,NSGA-II,1,analytic_ref1p05_unclipped,1.0500000000,0,0.0085274178,0,0,0,39,4c7cf991c11f5253df6bc39e428697dc712ac0e25ce952436550dc417ca5f0ee
matched_evaluation,ranking_robustness,NSGA-II,1,analytic_ref1p1_unclipped,1.1000000000,0,0.0246711501,0,0,0,39,4c7cf991c11f5253df6bc39e428697dc712ac0e25ce952436550dc417ca5f0ee
matched_evaluation,ranking_robustness,NSGA-II,1,analytic_ref1p2_unclipped,1.2000000000,0,0.0887813320,0,0,0,39,4c7cf991c11f5253df6bc39e428697dc712ac0e25ce952436550dc417ca5f0ee
matched_evaluation,ranking_robustness,Pareto Local Search,1,reported_empirical_ref1p1_clipped,1.1000000000,1,0.1090369250,0,0,0,40,16cba1613a18fe5ee09e041159664e16ede2d41d7cdb67ef5ab082f15f597261
matched_evaluation,ranking_robustness,Pareto Local Search,1,reported_empirical_ref1p1_unclipped,1.1000000000,0,0.1090369250,0,0,0,40,16cba1613a18fe5ee09e041159664e16ede2d41d7cdb67ef5ab082f15f597261
matched_evaluation,ranking_robustness,Pareto Local Search,1,expanded_empirical_ref1p1_unclipped,1.1000000000,0,0.1522007784,0,0,0,40,16cba1613a18fe5ee09e041159664e16ede2d41d7cdb67ef5ab082f15f597261
matched_evaluation,ranking_robustness,Pareto Local Search,1,analytic_ref1p05_unclipped,1.0500000000,0,0.0068042545,0,0,0,40,16cba1613a18fe5ee09e041159664e16ede2d41d7cdb67ef5ab082f15f597261
matched_evaluation,ranking_robustness,Pareto Local Search,1,analytic_ref1p1_unclipped,1.1000000000,0,0.0201767499,0,0,0,40,16cba1613a18fe5ee09e041159664e16ede2d41d7cdb67ef5ab082f15f597261
matched_evaluation,ranking_robustness,Pareto Local Search,1,analytic_ref1p2_unclipped,1.2000000000,0,0.0751619238,0,0,0,40,16cba1613a18fe5ee09e041159664e16ede2d41d7cdb67ef5ab082f15f597261
matched_evaluation,ranking_robustness,BiLo-NSGA,1,reported_empirical_ref1p1_clipped,1.1000000000,1,0.1728467434,0,0,0,38,4463561289f2ea121f6b45a332e201059b63a96cf895862bfdce99a47c9d3aa0
matched_evaluation,ranking_robustness,BiLo-NSGA,1,reported_empirical_ref1p1_unclipped,1.1000000000,0,0.1728467434,0,0,0,38,4463561289f2ea121f6b45a332e201059b63a96cf895862bfdce99a47c9d3aa0
matched_evaluation,ranking_robustness,BiLo-NSGA,1,expanded_empirical_ref1p1_unclipped,1.1000000000,0,0.2156761291,0,0,0,38,4463561289f2ea121f6b45a332e201059b63a96cf895862bfdce99a47c9d3aa0
matched_evaluation,ranking_robustness,BiLo-NSGA,1,analytic_ref1p05_unclipped,1.0500000000,0,0.0077757390,0,0,0,38,4463561289f2ea121f6b45a332e201059b63a96cf895862bfdce99a47c9d3aa0
matched_evaluation,ranking_robustness,BiLo-NSGA,1,analytic_ref1p1_unclipped,1.1000000000,0,0.0225102208,0,0,0,38,4463561289f2ea121f6b45a332e201059b63a96cf895862bfdce99a47c9d3aa0
matched_evaluation,ranking_robustness,BiLo-NSGA,1,analytic_ref1p2_unclipped,1.2000000000,0,0.0820009795,0,0,0,38,4463561289f2ea121f6b45a332e201059b63a96cf895862bfdce99a47c9d3aa0
matched_evaluation,ranking_robustness,Pareto Local Search,2,reported_empirical_ref1p1_clipped,1.1000000000,1,0.1151095446,0,0,0,40,75287410d40e32c1ab2c0bce4ab31c9b611d3eab18c0df596f9a1e43dd49c1ee
matched_evaluation,ranking_robustness,Pareto Local Search,2,reported_empirical_ref1p1_unclipped,1.1000000000,0,0.1151095446,0,0,0,40,75287410d40e32c1ab2c0bce4ab31c9b611d3eab18c0df596f9a1e43dd49c1ee
matched_evaluation,ranking_robustness,Pareto Local Search,2,expanded_empirical_ref1p1_unclipped,1.1000000000,0,0.1589961200,0,0,0,40,75287410d40e32c1ab2c0bce4ab31c9b611d3eab18c0df596f9a1e43dd49c1ee
matched_evaluation,ranking_robustness,Pareto Local Search,2,analytic_ref1p05_unclipped,1.0500000000,0,0.0060398417,0,0,0,40,75287410d40e32c1ab2c0bce4ab31c9b611d3eab18c0df596f9a1e43dd49c1ee
matched_evaluation,ranking_robustness,Pareto Local Search,2,analytic_ref1p1_unclipped,1.1000000000,0,0.0187879004,0,0,0,40,75287410d40e32c1ab2c0bce4ab31c9b611d3eab18c0df596f9a1e43dd49c1ee
matched_evaluation,ranking_robustness,Pareto Local Search,2,analytic_ref1p2_unclipped,1.2000000000,0,0.0730448391,0,0,0,40,75287410d40e32c1ab2c0bce4ab31c9b611d3eab18c0df596f9a1e43dd49c1ee
matched_evaluation,ranking_robustness,BiLo-NSGA,2,reported_empirical_ref1p1_clipped,1.1000000000,1,0.1625303502,0,0,0,39,9dcf6c0804c53e6eda14aa1a4ee2c2d82d7b7582539a694392ef72d91bbfbe42
matched_evaluation,ranking_robustness,BiLo-NSGA,2,reported_empirical_ref1p1_unclipped,1.1000000000,0,0.1625303502,0,0,0,39,9dcf6c0804c53e6eda14aa1a4ee2c2d82d7b7582539a694392ef72d91bbfbe42
matched_evaluation,ranking_robustness,BiLo-NSGA,2,expanded_empirical_ref1p1_unclipped,1.1000000000,0,0.2051424062,0,0,0,39,9dcf6c0804c53e6eda14aa1a4ee2c2d82d7b7582539a694392ef72d91bbfbe42
matched_evaluation,ranking_robustness,BiLo-NSGA,2,analytic_ref1p05_unclipped,1.0500000000,0,0.0080718793,0,0,0,39,9dcf6c0804c53e6eda14aa1a4ee2c2d82d7b7582539a694392ef72d91bbfbe42
matched_evaluation,ranking_robustness,BiLo-NSGA,2,analytic_ref1p1_unclipped,1.1000000000,0,0.0232176115,0,0,0,39,9dcf6c0804c53e6eda14aa1a4ee2c2d82d7b7582539a694392ef72d91bbfbe42
matched_evaluation,ranking_robustness,BiLo-NSGA,2,analytic_ref1p2_unclipped,1.2000000000,0,0.0836304178,0,0,0,39,9dcf6c0804c53e6eda14aa1a4ee2c2d82d7b7582539a694392ef72d91bbfbe42
matched_evaluation,ranking_robustness,NSGA-II,2,reported_empirical_ref1p1_clipped,1.1000000000,1,0.1730981351,7,0,7,38,63047b9b30b820839532b4007c787d6e8a11d1fc7c19ba3a433c27db6a55c93b
matched_evaluation,ranking_robustness,NSGA-II,2,reported_empirical_ref1p1_unclipped,1.1000000000,0,0.2213154819,7,0,7,38,63047b9b30b820839532b4007c787d6e8a11d1fc7c19ba3a433c27db6a55c93b
matched_evaluation,ranking_robustness,NSGA-II,2,expanded_empirical_ref1p1_unclipped,1.1000000000,0,0.2690742941,2,0,2,38,63047b9b30b820839532b4007c787d6e8a11d1fc7c19ba3a433c27db6a55c93b
matched_evaluation,ranking_robustness,NSGA-II,2,analytic_ref1p05_unclipped,1.0500000000,0,0.0093049979,0,0,0,38,63047b9b30b820839532b4007c787d6e8a11d1fc7c19ba3a433c27db6a55c93b
matched_evaluation,ranking_robustness,NSGA-II,2,analytic_ref1p1_unclipped,1.1000000000,0,0.0263772635,0,0,0,38,63047b9b30b820839532b4007c787d6e8a11d1fc7c19ba3a433c27db6a55c93b
matched_evaluation,ranking_robustness,NSGA-II,2,analytic_ref1p2_unclipped,1.2000000000,0,0.0927049936,0,0,0,38,63047b9b30b820839532b4007c787d6e8a11d1fc7c19ba3a433c27db6a55c93b
matched_evaluation,ranking_robustness,BiLo-NSGA,3,reported_empirical_ref1p1_clipped,1.1000000000,1,0.1735612592,0,0,0,39,820056c521ae391ab2c691a6ecdebf4ce05b6af439f7ff046c81f7f41efbdc4e
matched_evaluation,ranking_robustness,BiLo-NSGA,3,reported_empirical_ref1p1_unclipped,1.1000000000,0,0.1735612592,0,0,0,39,820056c521ae391ab2c691a6ecdebf4ce05b6af439f7ff046c81f7f41efbdc4e
matched_evaluation,ranking_robustness,BiLo-NSGA,3,expanded_empirical_ref1p1_unclipped,1.1000000000,0,0.2156372117,0,0,0,39,820056c521ae391ab2c691a6ecdebf4ce05b6af439f7ff046c81f7f41efbdc4e
matched_evaluation,ranking_robustness,BiLo-NSGA,3,analytic_ref1p05_unclipped,1.0500000000,0,0.0083981185,0,0,0,39,820056c521ae391ab2c691a6ecdebf4ce05b6af439f7ff046c81f7f41efbdc4e
matched_evaluation,ranking_robustness,BiLo-NSGA,3,analytic_ref1p1_unclipped,1.1000000000,0,0.0238836873,0,0,0,39,820056c521ae391ab2c691a6ecdebf4ce05b6af439f7ff046c81f7f41efbdc4e
matched_evaluation,ranking_robustness,BiLo-NSGA,3,analytic_ref1p2_unclipped,1.2000000000,0,0.0852825927,0,0,0,39,820056c521ae391ab2c691a6ecdebf4ce05b6af439f7ff046c81f7f41efbdc4e
matched_evaluation,ranking_robustness,NSGA-II,3,reported_empirical_ref1p1_clipped,1.1000000000,1,0.1749350336,3,0,3,38,96b7211c362e16526b348fe1fc4963e20aae00b34babdcf048793ac0ccb97707
matched_evaluation,ranking_robustness,NSGA-II,3,reported_empirical_ref1p1_unclipped,1.1000000000,0,0.1979075071,3,0,3,38,96b7211c362e16526b348fe1fc4963e20aae00b34babdcf048793ac0ccb97707
matched_evaluation,ranking_robustness,NSGA-II,3,expanded_empirical_ref1p1_unclipped,1.1000000000,0,0.2437775698,0,0,0,38,96b7211c362e16526b348fe1fc4963e20aae00b34babdcf048793ac0ccb97707
matched_evaluation,ranking_robustness,NSGA-II,3,analytic_ref1p05_unclipped,1.0500000000,0,0.0088428745,0,0,0,38,96b7211c362e16526b348fe1fc4963e20aae00b34babdcf048793ac0ccb97707
matched_evaluation,ranking_robustness,NSGA-II,3,analytic_ref1p1_unclipped,1.1000000000,0,0.0251400236,0,0,0,38,96b7211c362e16526b348fe1fc4963e20aae00b34babdcf048793ac0ccb97707
matched_evaluation,ranking_robustness,NSGA-II,3,analytic_ref1p2_unclipped,1.2000000000,0,0.0888073492,0,0,0,38,96b7211c362e16526b348fe1fc4963e20aae00b34babdcf048793ac0ccb97707
matched_evaluation,ranking_robustness,Pareto Local Search,3,reported_empirical_ref1p1_clipped,1.1000000000,1,0.1136977004,0,0,0,40,928fcb4fff320a1243e9f757d4ea405308be65091e9897df656ef5c321d6813a
matched_evaluation,ranking_robustness,Pareto Local Search,3,reported_empirical_ref1p1_unclipped,1.1000000000,0,0.1136977004,0,0,0,40,928fcb4fff320a1243e9f757d4ea405308be65091e9897df656ef5c321d6813a
matched_evaluation,ranking_robustness,Pareto Local Search,3,expanded_empirical_ref1p1_unclipped,1.1000000000,0,0.1575790407,0,0,0,40,928fcb4fff320a1243e9f757d4ea405308be65091e9897df656ef5c321d6813a
matched_evaluation,ranking_robustness,Pareto Local Search,3,analytic_ref1p05_unclipped,1.0500000000,0,0.0069107129,0,0,0,40,928fcb4fff320a1243e9f757d4ea405308be65091e9897df656ef5c321d6813a
matched_evaluation,ranking_robustness,Pareto Local Search,3,analytic_ref1p1_unclipped,1.1000000000,0,0.0205900263,0,0,0,40,928fcb4fff320a1243e9f757d4ea405308be65091e9897df656ef5c321d6813a
matched_evaluation,ranking_robustness,Pareto Local Search,3,analytic_ref1p2_unclipped,1.2000000000,0,0.0769075263,0,0,0,40,928fcb4fff320a1243e9f757d4ea405308be65091e9897df656ef5c321d6813a
matched_evaluation,ranking_robustness,NSGA-II,4,reported_empirical_ref1p1_clipped,1.1000000000,1,0.1733486546,2,0,2,37,c488e16d48664f9a8f2b2d4bc0d0928bc57278a4d6a348a7b7604125f8b52c40
matched_evaluation,ranking_robustness,NSGA-II,4,reported_empirical_ref1p1_unclipped,1.1000000000,0,0.1837695574,2,0,2,37,c488e16d48664f9a8f2b2d4bc0d0928bc57278a4d6a348a7b7604125f8b52c40
matched_evaluation,ranking_robustness,NSGA-II,4,expanded_empirical_ref1p1_unclipped,1.1000000000,0,0.2298111266,0,0,0,37,c488e16d48664f9a8f2b2d4bc0d0928bc57278a4d6a348a7b7604125f8b52c40
matched_evaluation,ranking_robustness,NSGA-II,4,analytic_ref1p05_unclipped,1.0500000000,0,0.0087228427,0,0,0,37,c488e16d48664f9a8f2b2d4bc0d0928bc57278a4d6a348a7b7604125f8b52c40
matched_evaluation,ranking_robustness,NSGA-II,4,analytic_ref1p1_unclipped,1.1000000000,0,0.0249127273,0,0,0,37,c488e16d48664f9a8f2b2d4bc0d0928bc57278a4d6a348a7b7604125f8b52c40
matched_evaluation,ranking_robustness,NSGA-II,4,analytic_ref1p2_unclipped,1.2000000000,0,0.0885342410,0,0,0,37,c488e16d48664f9a8f2b2d4bc0d0928bc57278a4d6a348a7b7604125f8b52c40
matched_evaluation,ranking_robustness,Pareto Local Search,4,reported_empirical_ref1p1_clipped,1.1000000000,1,0.1192421591,0,0,0,40,053003be3c0881908e06ef35ebb42b958cbb59a1bcd92924fd9087d576e91ce0
matched_evaluation,ranking_robustness,Pareto Local Search,4,reported_empirical_ref1p1_unclipped,1.1000000000,0,0.1192421591,0,0,0,40,053003be3c0881908e06ef35ebb42b958cbb59a1bcd92924fd9087d576e91ce0
matched_evaluation,ranking_robustness,Pareto Local Search,4,expanded_empirical_ref1p1_unclipped,1.1000000000,0,0.1631874987,0,0,0,40,053003be3c0881908e06ef35ebb42b958cbb59a1bcd92924fd9087d576e91ce0
matched_evaluation,ranking_robustness,Pareto Local Search,4,analytic_ref1p05_unclipped,1.0500000000,0,0.0073664121,0,0,0,40,053003be3c0881908e06ef35ebb42b958cbb59a1bcd92924fd9087d576e91ce0
matched_evaluation,ranking_robustness,Pareto Local Search,4,analytic_ref1p1_unclipped,1.1000000000,0,0.0215611366,0,0,0,40,053003be3c0881908e06ef35ebb42b958cbb59a1bcd92924fd9087d576e91ce0
matched_evaluation,ranking_robustness,Pareto Local Search,4,analytic_ref1p2_unclipped,1.2000000000,0,0.0793142435,0,0,0,40,053003be3c0881908e06ef35ebb42b958cbb59a1bcd92924fd9087d576e91ce0
matched_evaluation,ranking_robustness,BiLo-NSGA,4,reported_empirical_ref1p1_clipped,1.1000000000,1,0.1729862987,0,0,0,39,423b0935f689d02d83d360815fe722a6de607ffb5a943c0428812ee8b2e04485
matched_evaluation,ranking_robustness,BiLo-NSGA,4,reported_empirical_ref1p1_unclipped,1.1000000000,0,0.1729862987,0,0,0,39,423b0935f689d02d83d360815fe722a6de607ffb5a943c0428812ee8b2e04485
matched_evaluation,ranking_robustness,BiLo-NSGA,4,expanded_empirical_ref1p1_unclipped,1.1000000000,0,0.2164881455,0,0,0,39,423b0935f689d02d83d360815fe722a6de607ffb5a943c0428812ee8b2e04485
matched_evaluation,ranking_robustness,BiLo-NSGA,4,analytic_ref1p05_unclipped,1.0500000000,0,0.0080615695,0,0,0,39,423b0935f689d02d83d360815fe722a6de607ffb5a943c0428812ee8b2e04485
matched_evaluation,ranking_robustness,BiLo-NSGA,4,analytic_ref1p1_unclipped,1.1000000000,0,0.0233489847,0,0,0,39,423b0935f689d02d83d360815fe722a6de607ffb5a943c0428812ee8b2e04485
matched_evaluation,ranking_robustness,BiLo-NSGA,4,analytic_ref1p2_unclipped,1.2000000000,0,0.0847106857,0,0,0,39,423b0935f689d02d83d360815fe722a6de607ffb5a943c0428812ee8b2e04485
matched_evaluation,ranking_robustness,Pareto Local Search,5,reported_empirical_ref1p1_clipped,1.1000000000,1,0.0976509176,0,0,0,40,e8039b44d194b0d022ccb22d37e6bc19aea437ae03b3ee84b556afcb531f517c
matched_evaluation,ranking_robustness,Pareto Local Search,5,reported_empirical_ref1p1_unclipped,1.1000000000,0,0.0976509176,0,0,0,40,e8039b44d194b0d022ccb22d37e6bc19aea437ae03b3ee84b556afcb531f517c
matched_evaluation,ranking_robustness,Pareto Local Search,5,expanded_empirical_ref1p1_unclipped,1.1000000000,0,0.1422099153,0,0,0,40,e8039b44d194b0d022ccb22d37e6bc19aea437ae03b3ee84b556afcb531f517c
matched_evaluation,ranking_robustness,Pareto Local Search,5,analytic_ref1p05_unclipped,1.0500000000,0,0.0061057825,0,0,0,40,e8039b44d194b0d022ccb22d37e6bc19aea437ae03b3ee84b556afcb531f517c
matched_evaluation,ranking_robustness,Pareto Local Search,5,analytic_ref1p1_unclipped,1.1000000000,0,0.0187964666,0,0,0,40,e8039b44d194b0d022ccb22d37e6bc19aea437ae03b3ee84b556afcb531f517c
matched_evaluation,ranking_robustness,Pareto Local Search,5,analytic_ref1p2_unclipped,1.2000000000,0,0.0722819359,0,0,0,40,e8039b44d194b0d022ccb22d37e6bc19aea437ae03b3ee84b556afcb531f517c
matched_evaluation,ranking_robustness,BiLo-NSGA,5,reported_empirical_ref1p1_clipped,1.1000000000,1,0.1430542665,0,0,0,37,ba502330a2924b7797823fe55ebb7bf19fe07e9990440c96aab09acb6ee04b13
matched_evaluation,ranking_robustness,BiLo-NSGA,5,reported_empirical_ref1p1_unclipped,1.1000000000,0,0.1430542665,0,0,0,37,ba502330a2924b7797823fe55ebb7bf19fe07e9990440c96aab09acb6ee04b13
matched_evaluation,ranking_robustness,BiLo-NSGA,5,expanded_empirical_ref1p1_unclipped,1.1000000000,0,0.1859749073,0,0,0,37,ba502330a2924b7797823fe55ebb7bf19fe07e9990440c96aab09acb6ee04b13
matched_evaluation,ranking_robustness,BiLo-NSGA,5,analytic_ref1p05_unclipped,1.0500000000,0,0.0076654177,0,0,0,37,ba502330a2924b7797823fe55ebb7bf19fe07e9990440c96aab09acb6ee04b13
matched_evaluation,ranking_robustness,BiLo-NSGA,5,analytic_ref1p1_unclipped,1.1000000000,0,0.0222651117,0,0,0,37,ba502330a2924b7797823fe55ebb7bf19fe07e9990440c96aab09acb6ee04b13
matched_evaluation,ranking_robustness,BiLo-NSGA,5,analytic_ref1p2_unclipped,1.2000000000,0,0.0810414817,0,0,0,37,ba502330a2924b7797823fe55ebb7bf19fe07e9990440c96aab09acb6ee04b13
matched_evaluation,ranking_robustness,NSGA-II,5,reported_empirical_ref1p1_clipped,1.1000000000,1,0.1749228210,1,0,1,39,4421bc66ab805207f0a3b5b4ed702dc92fe98f3ef75b71bfa7a9f5e1fbb9297b
matched_evaluation,ranking_robustness,NSGA-II,5,reported_empirical_ref1p1_unclipped,1.1000000000,0,0.1797210343,1,0,1,39,4421bc66ab805207f0a3b5b4ed702dc92fe98f3ef75b71bfa7a9f5e1fbb9297b
matched_evaluation,ranking_robustness,NSGA-II,5,expanded_empirical_ref1p1_unclipped,1.1000000000,0,0.2244915016,0,0,0,39,4421bc66ab805207f0a3b5b4ed702dc92fe98f3ef75b71bfa7a9f5e1fbb9297b
matched_evaluation,ranking_robustness,NSGA-II,5,analytic_ref1p05_unclipped,1.0500000000,0,0.0085961342,0,0,0,39,4421bc66ab805207f0a3b5b4ed702dc92fe98f3ef75b71bfa7a9f5e1fbb9297b
matched_evaluation,ranking_robustness,NSGA-II,5,analytic_ref1p1_unclipped,1.1000000000,0,0.0245201588,0,0,0,39,4421bc66ab805207f0a3b5b4ed702dc92fe98f3ef75b71bfa7a9f5e1fbb9297b
matched_evaluation,ranking_robustness,NSGA-II,5,analytic_ref1p2_unclipped,1.2000000000,0,0.0872295570,0,0,0,39,4421bc66ab805207f0a3b5b4ed702dc92fe98f3ef75b71bfa7a9f5e1fbb9297b
matched_evaluation,ranking_robustness,BiLo-NSGA,6,reported_empirical_ref1p1_clipped,1.1000000000,1,0.1578276224,0,0,0,38,46ce97124ddcae732b6ba4904eca71049212c2d8c428cd190314f0ad8c9bd9b1
matched_evaluation,ranking_robustness,BiLo-NSGA,6,reported_empirical_ref1p1_unclipped,1.1000000000,0,0.1578276224,0,0,0,38,46ce97124ddcae732b6ba4904eca71049212c2d8c428cd190314f0ad8c9bd9b1
matched_evaluation,ranking_robustness,BiLo-NSGA,6,expanded_empirical_ref1p1_unclipped,1.1000000000,0,0.2012579656,0,0,0,38,46ce97124ddcae732b6ba4904eca71049212c2d8c428cd190314f0ad8c9bd9b1
matched_evaluation,ranking_robustness,BiLo-NSGA,6,analytic_ref1p05_unclipped,1.0500000000,0,0.0077925117,0,0,0,38,46ce97124ddcae732b6ba4904eca71049212c2d8c428cd190314f0ad8c9bd9b1
matched_evaluation,ranking_robustness,BiLo-NSGA,6,analytic_ref1p1_unclipped,1.1000000000,0,0.0226094248,0,0,0,38,46ce97124ddcae732b6ba4904eca71049212c2d8c428cd190314f0ad8c9bd9b1
matched_evaluation,ranking_robustness,BiLo-NSGA,6,analytic_ref1p2_unclipped,1.2000000000,0,0.0822667508,0,0,0,38,46ce97124ddcae732b6ba4904eca71049212c2d8c428cd190314f0ad8c9bd9b1
matched_evaluation,ranking_robustness,NSGA-II,6,reported_empirical_ref1p1_clipped,1.1000000000,1,0.1741355202,2,0,2,38,a4f620bf980a9dcd0544e19ce7a518205e078b4ea9ee9805293202fd76078033
matched_evaluation,ranking_robustness,NSGA-II,6,reported_empirical_ref1p1_unclipped,1.1000000000,0,0.1948865229,2,0,2,38,a4f620bf980a9dcd0544e19ce7a518205e078b4ea9ee9805293202fd76078033
matched_evaluation,ranking_robustness,NSGA-II,6,expanded_empirical_ref1p1_unclipped,1.1000000000,0,0.2410042984,0,0,0,38,a4f620bf980a9dcd0544e19ce7a518205e078b4ea9ee9805293202fd76078033
matched_evaluation,ranking_robustness,NSGA-II,6,analytic_ref1p05_unclipped,1.0500000000,0,0.0085503719,0,0,0,38,a4f620bf980a9dcd0544e19ce7a518205e078b4ea9ee9805293202fd76078033
matched_evaluation,ranking_robustness,NSGA-II,6,analytic_ref1p1_unclipped,1.1000000000,0,0.0245471880,0,0,0,38,a4f620bf980a9dcd0544e19ce7a518205e078b4ea9ee9805293202fd76078033
matched_evaluation,ranking_robustness,NSGA-II,6,analytic_ref1p2_unclipped,1.2000000000,0,0.0877337234,0,0,0,38,a4f620bf980a9dcd0544e19ce7a518205e078b4ea9ee9805293202fd76078033
matched_evaluation,ranking_robustness,Pareto Local Search,6,reported_empirical_ref1p1_clipped,1.1000000000,1,0.1183037587,0,0,0,40,b4a3614ac759af27431e691a01d9c36fb33ef6339d306113c6f6bc3d3cc8a07a
matched_evaluation,ranking_robustness,Pareto Local Search,6,reported_empirical_ref1p1_unclipped,1.1000000000,0,0.1183037587,0,0,0,40,b4a3614ac759af27431e691a01d9c36fb33ef6339d306113c6f6bc3d3cc8a07a
matched_evaluation,ranking_robustness,Pareto Local Search,6,expanded_empirical_ref1p1_unclipped,1.1000000000,0,0.1620482820,0,0,0,40,b4a3614ac759af27431e691a01d9c36fb33ef6339d306113c6f6bc3d3cc8a07a
matched_evaluation,ranking_robustness,Pareto Local Search,6,analytic_ref1p05_unclipped,1.0500000000,0,0.0066918185,0,0,0,40,b4a3614ac759af27431e691a01d9c36fb33ef6339d306113c6f6bc3d3cc8a07a
matched_evaluation,ranking_robustness,Pareto Local Search,6,analytic_ref1p1_unclipped,1.1000000000,0,0.0200641894,0,0,0,40,b4a3614ac759af27431e691a01d9c36fb33ef6339d306113c6f6bc3d3cc8a07a
matched_evaluation,ranking_robustness,Pareto Local Search,6,analytic_ref1p2_unclipped,1.2000000000,0,0.0755980108,0,0,0,40,b4a3614ac759af27431e691a01d9c36fb33ef6339d306113c6f6bc3d3cc8a07a
matched_evaluation,ranking_robustness,NSGA-II,7,reported_empirical_ref1p1_clipped,1.1000000000,1,0.1728267261,6,0,6,39,a1ad65b403815c16776abb306465eaab064c6df91b340a30c6965faa94412b26
matched_evaluation,ranking_robustness,NSGA-II,7,reported_empirical_ref1p1_unclipped,1.1000000000,0,0.2002405915,6,0,6,39,a1ad65b403815c16776abb306465eaab064c6df91b340a30c6965faa94412b26
matched_evaluation,ranking_robustness,NSGA-II,7,expanded_empirical_ref1p1_unclipped,1.1000000000,0,0.2462271572,0,0,0,39,a1ad65b403815c16776abb306465eaab064c6df91b340a30c6965faa94412b26
matched_evaluation,ranking_robustness,NSGA-II,7,analytic_ref1p05_unclipped,1.0500000000,0,0.0093853452,0,0,0,39,a1ad65b403815c16776abb306465eaab064c6df91b340a30c6965faa94412b26
matched_evaluation,ranking_robustness,NSGA-II,7,analytic_ref1p1_unclipped,1.1000000000,0,0.0263618394,0,0,0,39,a1ad65b403815c16776abb306465eaab064c6df91b340a30c6965faa94412b26
matched_evaluation,ranking_robustness,NSGA-II,7,analytic_ref1p2_unclipped,1.2000000000,0,0.0922169129,0,0,0,39,a1ad65b403815c16776abb306465eaab064c6df91b340a30c6965faa94412b26
matched_evaluation,ranking_robustness,Pareto Local Search,7,reported_empirical_ref1p1_clipped,1.1000000000,1,0.1118019731,0,0,0,40,2c1394ab768eee2a0bba5cc27cff4bf5f674a0e5b7029a2519f568540ac08a4f
matched_evaluation,ranking_robustness,Pareto Local Search,7,reported_empirical_ref1p1_unclipped,1.1000000000,0,0.1118019731,0,0,0,40,2c1394ab768eee2a0bba5cc27cff4bf5f674a0e5b7029a2519f568540ac08a4f
matched_evaluation,ranking_robustness,Pareto Local Search,7,expanded_empirical_ref1p1_unclipped,1.1000000000,0,0.1560526450,0,0,0,40,2c1394ab768eee2a0bba5cc27cff4bf5f674a0e5b7029a2519f568540ac08a4f
matched_evaluation,ranking_robustness,Pareto Local Search,7,analytic_ref1p05_unclipped,1.0500000000,0,0.0068948098,0,0,0,40,2c1394ab768eee2a0bba5cc27cff4bf5f674a0e5b7029a2519f568540ac08a4f
matched_evaluation,ranking_robustness,Pareto Local Search,7,analytic_ref1p1_unclipped,1.1000000000,0,0.0205611872,0,0,0,40,2c1394ab768eee2a0bba5cc27cff4bf5f674a0e5b7029a2519f568540ac08a4f
matched_evaluation,ranking_robustness,Pareto Local Search,7,analytic_ref1p2_unclipped,1.2000000000,0,0.0769618057,0,0,0,40,2c1394ab768eee2a0bba5cc27cff4bf5f674a0e5b7029a2519f568540ac08a4f
matched_evaluation,ranking_robustness,BiLo-NSGA,7,reported_empirical_ref1p1_clipped,1.1000000000,1,0.1728548047,0,0,0,37,31329e0ef2ed26d361e553dfb9249ac83144264e18e1078c4968ee74111a7e19
matched_evaluation,ranking_robustness,BiLo-NSGA,7,reported_empirical_ref1p1_unclipped,1.1000000000,0,0.1728548047,0,0,0,37,31329e0ef2ed26d361e553dfb9249ac83144264e18e1078c4968ee74111a7e19
matched_evaluation,ranking_robustness,BiLo-NSGA,7,expanded_empirical_ref1p1_unclipped,1.1000000000,0,0.2143238755,0,0,0,37,31329e0ef2ed26d361e553dfb9249ac83144264e18e1078c4968ee74111a7e19
matched_evaluation,ranking_robustness,BiLo-NSGA,7,analytic_ref1p05_unclipped,1.0500000000,0,0.0076259593,0,0,0,37,31329e0ef2ed26d361e553dfb9249ac83144264e18e1078c4968ee74111a7e19
matched_evaluation,ranking_robustness,BiLo-NSGA,7,analytic_ref1p1_unclipped,1.1000000000,0,0.0223830154,0,0,0,37,31329e0ef2ed26d361e553dfb9249ac83144264e18e1078c4968ee74111a7e19
matched_evaluation,ranking_robustness,BiLo-NSGA,7,analytic_ref1p2_unclipped,1.2000000000,0,0.0821573300,0,0,0,37,31329e0ef2ed26d361e553dfb9249ac83144264e18e1078c4968ee74111a7e19
matched_evaluation,ranking_robustness,Pareto Local Search,8,reported_empirical_ref1p1_clipped,1.1000000000,1,0.1456352495,0,0,0,40,2eed6100e89e20141983f73e0113b7484e5e6824ec95d172bb57b6b8a48ccdef
matched_evaluation,ranking_robustness,Pareto Local Search,8,reported_empirical_ref1p1_unclipped,1.1000000000,0,0.1456352495,0,0,0,40,2eed6100e89e20141983f73e0113b7484e5e6824ec95d172bb57b6b8a48ccdef
matched_evaluation,ranking_robustness,Pareto Local Search,8,expanded_empirical_ref1p1_unclipped,1.1000000000,0,0.1888844910,0,0,0,40,2eed6100e89e20141983f73e0113b7484e5e6824ec95d172bb57b6b8a48ccdef
matched_evaluation,ranking_robustness,Pareto Local Search,8,analytic_ref1p05_unclipped,1.0500000000,0,0.0080542974,0,0,0,40,2eed6100e89e20141983f73e0113b7484e5e6824ec95d172bb57b6b8a48ccdef
matched_evaluation,ranking_robustness,Pareto Local Search,8,analytic_ref1p1_unclipped,1.1000000000,0,0.0230634362,0,0,0,40,2eed6100e89e20141983f73e0113b7484e5e6824ec95d172bb57b6b8a48ccdef
matched_evaluation,ranking_robustness,Pareto Local Search,8,analytic_ref1p2_unclipped,1.2000000000,0,0.0830867479,0,0,0,40,2eed6100e89e20141983f73e0113b7484e5e6824ec95d172bb57b6b8a48ccdef
matched_evaluation,ranking_robustness,BiLo-NSGA,8,reported_empirical_ref1p1_clipped,1.1000000000,1,0.1725578955,0,0,0,39,4842a9f09d9968a23d55d19b182fe0a6ae3c0417acc83dba2d2cbe3d1724480f
matched_evaluation,ranking_robustness,BiLo-NSGA,8,reported_empirical_ref1p1_unclipped,1.1000000000,0,0.1725578955,0,0,0,39,4842a9f09d9968a23d55d19b182fe0a6ae3c0417acc83dba2d2cbe3d1724480f
matched_evaluation,ranking_robustness,BiLo-NSGA,8,expanded_empirical_ref1p1_unclipped,1.1000000000,0,0.2156505930,0,0,0,39,4842a9f09d9968a23d55d19b182fe0a6ae3c0417acc83dba2d2cbe3d1724480f
matched_evaluation,ranking_robustness,BiLo-NSGA,8,analytic_ref1p05_unclipped,1.0500000000,0,0.0080484086,0,0,0,39,4842a9f09d9968a23d55d19b182fe0a6ae3c0417acc83dba2d2cbe3d1724480f
matched_evaluation,ranking_robustness,BiLo-NSGA,8,analytic_ref1p1_unclipped,1.1000000000,0,0.0232192616,0,0,0,39,4842a9f09d9968a23d55d19b182fe0a6ae3c0417acc83dba2d2cbe3d1724480f
matched_evaluation,ranking_robustness,BiLo-NSGA,8,analytic_ref1p2_unclipped,1.2000000000,0,0.0840356243,0,0,0,39,4842a9f09d9968a23d55d19b182fe0a6ae3c0417acc83dba2d2cbe3d1724480f
matched_evaluation,ranking_robustness,NSGA-II,8,reported_empirical_ref1p1_clipped,1.1000000000,1,0.1737725848,1,0,1,39,96fe28ce52ed8dbf100aacde241895379e24dae44020b6d313501d3112dbe297
matched_evaluation,ranking_robustness,NSGA-II,8,reported_empirical_ref1p1_unclipped,1.1000000000,0,0.1758668669,1,0,1,39,96fe28ce52ed8dbf100aacde241895379e24dae44020b6d313501d3112dbe297
matched_evaluation,ranking_robustness,NSGA-II,8,expanded_empirical_ref1p1_unclipped,1.1000000000,0,0.2216767738,0,0,0,39,96fe28ce52ed8dbf100aacde241895379e24dae44020b6d313501d3112dbe297
matched_evaluation,ranking_robustness,NSGA-II,8,analytic_ref1p05_unclipped,1.0500000000,0,0.0078646795,0,0,0,39,96fe28ce52ed8dbf100aacde241895379e24dae44020b6d313501d3112dbe297
matched_evaluation,ranking_robustness,NSGA-II,8,analytic_ref1p1_unclipped,1.1000000000,0,0.0230979973,0,0,0,39,96fe28ce52ed8dbf100aacde241895379e24dae44020b6d313501d3112dbe297
matched_evaluation,ranking_robustness,NSGA-II,8,analytic_ref1p2_unclipped,1.2000000000,0,0.0844417883,0,0,0,39,96fe28ce52ed8dbf100aacde241895379e24dae44020b6d313501d3112dbe297
matched_evaluation,ranking_robustness,BiLo-NSGA,9,reported_empirical_ref1p1_clipped,1.1000000000,1,0.1530609037,0,0,0,39,5a223436cccd68b414f4363f4384b5249eec85ff926f39f7651e350ef3db3a16
matched_evaluation,ranking_robustness,BiLo-NSGA,9,reported_empirical_ref1p1_unclipped,1.1000000000,0,0.1530609037,0,0,0,39,5a223436cccd68b414f4363f4384b5249eec85ff926f39f7651e350ef3db3a16
matched_evaluation,ranking_robustness,BiLo-NSGA,9,expanded_empirical_ref1p1_unclipped,1.1000000000,0,0.1960004419,0,0,0,39,5a223436cccd68b414f4363f4384b5249eec85ff926f39f7651e350ef3db3a16
matched_evaluation,ranking_robustness,BiLo-NSGA,9,analytic_ref1p05_unclipped,1.0500000000,0,0.0077874092,0,0,0,39,5a223436cccd68b414f4363f4384b5249eec85ff926f39f7651e350ef3db3a16
matched_evaluation,ranking_robustness,BiLo-NSGA,9,analytic_ref1p1_unclipped,1.1000000000,0,0.0225483202,0,0,0,39,5a223436cccd68b414f4363f4384b5249eec85ff926f39f7651e350ef3db3a16
matched_evaluation,ranking_robustness,BiLo-NSGA,9,analytic_ref1p2_unclipped,1.2000000000,0,0.0819055178,0,0,0,39,5a223436cccd68b414f4363f4384b5249eec85ff926f39f7651e350ef3db3a16
matched_evaluation,ranking_robustness,NSGA-II,9,reported_empirical_ref1p1_clipped,1.1000000000,1,0.1732260765,3,0,3,37,9a4dff0ef83f971ff188458910130bdf9ef9032f1e6bf6a4b1ff2d2c8c05f82f
matched_evaluation,ranking_robustness,NSGA-II,9,reported_empirical_ref1p1_unclipped,1.1000000000,0,0.2158773814,3,0,3,37,9a4dff0ef83f971ff188458910130bdf9ef9032f1e6bf6a4b1ff2d2c8c05f82f
matched_evaluation,ranking_robustness,NSGA-II,9,expanded_empirical_ref1p1_unclipped,1.1000000000,0,0.2628603370,1,0,1,37,9a4dff0ef83f971ff188458910130bdf9ef9032f1e6bf6a4b1ff2d2c8c05f82f
matched_evaluation,ranking_robustness,NSGA-II,9,analytic_ref1p05_unclipped,1.0500000000,0,0.0084847386,0,0,0,37,9a4dff0ef83f971ff188458910130bdf9ef9032f1e6bf6a4b1ff2d2c8c05f82f
matched_evaluation,ranking_robustness,NSGA-II,9,analytic_ref1p1_unclipped,1.1000000000,0,0.0245261502,0,0,0,37,9a4dff0ef83f971ff188458910130bdf9ef9032f1e6bf6a4b1ff2d2c8c05f82f
matched_evaluation,ranking_robustness,NSGA-II,9,analytic_ref1p2_unclipped,1.2000000000,0,0.0882735633,0,0,0,37,9a4dff0ef83f971ff188458910130bdf9ef9032f1e6bf6a4b1ff2d2c8c05f82f
matched_evaluation,ranking_robustness,Pareto Local Search,9,reported_empirical_ref1p1_clipped,1.1000000000,1,0.1291705182,0,0,0,40,a8b44ac0c289bcd46fa1ce792e4ba9c9d5c5ed96831c4d0b74914cebe9976d89
matched_evaluation,ranking_robustness,Pareto Local Search,9,reported_empirical_ref1p1_unclipped,1.1000000000,0,0.1291705182,0,0,0,40,a8b44ac0c289bcd46fa1ce792e4ba9c9d5c5ed96831c4d0b74914cebe9976d89
matched_evaluation,ranking_robustness,Pareto Local Search,9,expanded_empirical_ref1p1_unclipped,1.1000000000,0,0.1726832663,0,0,0,40,a8b44ac0c289bcd46fa1ce792e4ba9c9d5c5ed96831c4d0b74914cebe9976d89
matched_evaluation,ranking_robustness,Pareto Local Search,9,analytic_ref1p05_unclipped,1.0500000000,0,0.0075529251,0,0,0,40,a8b44ac0c289bcd46fa1ce792e4ba9c9d5c5ed96831c4d0b74914cebe9976d89
matched_evaluation,ranking_robustness,Pareto Local Search,9,analytic_ref1p1_unclipped,1.1000000000,0,0.0218105173,0,0,0,40,a8b44ac0c289bcd46fa1ce792e4ba9c9d5c5ed96831c4d0b74914cebe9976d89
matched_evaluation,ranking_robustness,Pareto Local Search,9,analytic_ref1p2_unclipped,1.2000000000,0,0.0794375738,0,0,0,40,a8b44ac0c289bcd46fa1ce792e4ba9c9d5c5ed96831c4d0b74914cebe9976d89
matched_evaluation,ranking_robustness,NSGA-II,10,reported_empirical_ref1p1_clipped,1.1000000000,1,0.1730935503,7,0,7,38,ae956922060df3cb05c36abb0eccd257ab01963837d9e967446aeb134a79cae1
matched_evaluation,ranking_robustness,NSGA-II,10,reported_empirical_ref1p1_unclipped,1.1000000000,0,0.2302051022,7,0,7,38,ae956922060df3cb05c36abb0eccd257ab01963837d9e967446aeb134a79cae1
matched_evaluation,ranking_robustness,NSGA-II,10,expanded_empirical_ref1p1_unclipped,1.1000000000,0,0.2780850916,5,0,5,38,ae956922060df3cb05c36abb0eccd257ab01963837d9e967446aeb134a79cae1
matched_evaluation,ranking_robustness,NSGA-II,10,analytic_ref1p05_unclipped,1.0500000000,0,0.0089886491,0,0,0,38,ae956922060df3cb05c36abb0eccd257ab01963837d9e967446aeb134a79cae1
matched_evaluation,ranking_robustness,NSGA-II,10,analytic_ref1p1_unclipped,1.1000000000,0,0.0258217609,0,0,0,38,ae956922060df3cb05c36abb0eccd257ab01963837d9e967446aeb134a79cae1
matched_evaluation,ranking_robustness,NSGA-II,10,analytic_ref1p2_unclipped,1.2000000000,0,0.0919422911,0,0,0,38,ae956922060df3cb05c36abb0eccd257ab01963837d9e967446aeb134a79cae1
matched_evaluation,ranking_robustness,Pareto Local Search,10,reported_empirical_ref1p1_clipped,1.1000000000,1,0.1126955465,0,0,0,40,3d3e4d838a664601729b0b4c6091d9a93578d189c97b11a73e79e14bbebc334a
matched_evaluation,ranking_robustness,Pareto Local Search,10,reported_empirical_ref1p1_unclipped,1.1000000000,0,0.1126955465,0,0,0,40,3d3e4d838a664601729b0b4c6091d9a93578d189c97b11a73e79e14bbebc334a
matched_evaluation,ranking_robustness,Pareto Local Search,10,expanded_empirical_ref1p1_unclipped,1.1000000000,0,0.1569831378,0,0,0,40,3d3e4d838a664601729b0b4c6091d9a93578d189c97b11a73e79e14bbebc334a
matched_evaluation,ranking_robustness,Pareto Local Search,10,analytic_ref1p05_unclipped,1.0500000000,0,0.0070231973,0,0,0,40,3d3e4d838a664601729b0b4c6091d9a93578d189c97b11a73e79e14bbebc334a
matched_evaluation,ranking_robustness,Pareto Local Search,10,analytic_ref1p1_unclipped,1.1000000000,0,0.0208360301,0,0,0,40,3d3e4d838a664601729b0b4c6091d9a93578d189c97b11a73e79e14bbebc334a
matched_evaluation,ranking_robustness,Pareto Local Search,10,analytic_ref1p2_unclipped,1.2000000000,0,0.0774853341,0,0,0,40,3d3e4d838a664601729b0b4c6091d9a93578d189c97b11a73e79e14bbebc334a
matched_evaluation,ranking_robustness,BiLo-NSGA,10,reported_empirical_ref1p1_clipped,1.1000000000,1,0.1509417482,0,0,0,38,a8dff290896c0bb528ad37c1c5461b288d1f4a356543182f79a6435436fcf58b
matched_evaluation,ranking_robustness,BiLo-NSGA,10,reported_empirical_ref1p1_unclipped,1.1000000000,0,0.1509417482,0,0,0,38,a8dff290896c0bb528ad37c1c5461b288d1f4a356543182f79a6435436fcf58b
matched_evaluation,ranking_robustness,BiLo-NSGA,10,expanded_empirical_ref1p1_unclipped,1.1000000000,0,0.1934575469,0,0,0,38,a8dff290896c0bb528ad37c1c5461b288d1f4a356543182f79a6435436fcf58b
matched_evaluation,ranking_robustness,BiLo-NSGA,10,analytic_ref1p05_unclipped,1.0500000000,0,0.0076910842,0,0,0,38,a8dff290896c0bb528ad37c1c5461b288d1f4a356543182f79a6435436fcf58b
matched_evaluation,ranking_robustness,BiLo-NSGA,10,analytic_ref1p1_unclipped,1.1000000000,0,0.0222980918,0,0,0,38,a8dff290896c0bb528ad37c1c5461b288d1f4a356543182f79a6435436fcf58b
matched_evaluation,ranking_robustness,BiLo-NSGA,10,analytic_ref1p2_unclipped,1.2000000000,0,0.0810456144,0,0,0,38,a8dff290896c0bb528ad37c1c5461b288d1f4a356543182f79a6435436fcf58b
matched_evaluation,ranking_robustness,Pareto Local Search,11,reported_empirical_ref1p1_clipped,1.1000000000,1,0.1130665679,0,0,0,40,7c3ac742f8372794886ef09f62801b27357b14296ae751c79392e07c32c267ee
matched_evaluation,ranking_robustness,Pareto Local Search,11,reported_empirical_ref1p1_unclipped,1.1000000000,0,0.1130665679,0,0,0,40,7c3ac742f8372794886ef09f62801b27357b14296ae751c79392e07c32c267ee
matched_evaluation,ranking_robustness,Pareto Local Search,11,expanded_empirical_ref1p1_unclipped,1.1000000000,0,0.1570578356,0,0,0,40,7c3ac742f8372794886ef09f62801b27357b14296ae751c79392e07c32c267ee
matched_evaluation,ranking_robustness,Pareto Local Search,11,analytic_ref1p05_unclipped,1.0500000000,0,0.0067800327,0,0,0,40,7c3ac742f8372794886ef09f62801b27357b14296ae751c79392e07c32c267ee
matched_evaluation,ranking_robustness,Pareto Local Search,11,analytic_ref1p1_unclipped,1.1000000000,0,0.0202775644,0,0,0,40,7c3ac742f8372794886ef09f62801b27357b14296ae751c79392e07c32c267ee
matched_evaluation,ranking_robustness,Pareto Local Search,11,analytic_ref1p2_unclipped,1.2000000000,0,0.0761695991,0,0,0,40,7c3ac742f8372794886ef09f62801b27357b14296ae751c79392e07c32c267ee
matched_evaluation,ranking_robustness,BiLo-NSGA,11,reported_empirical_ref1p1_clipped,1.1000000000,1,0.1577361438,0,0,0,39,ab80dfa368b37020aa9290776bf5c6fb0fc21019d59603137006dbf062681130
matched_evaluation,ranking_robustness,BiLo-NSGA,11,reported_empirical_ref1p1_unclipped,1.1000000000,0,0.1577361438,0,0,0,39,ab80dfa368b37020aa9290776bf5c6fb0fc21019d59603137006dbf062681130
matched_evaluation,ranking_robustness,BiLo-NSGA,11,expanded_empirical_ref1p1_unclipped,1.1000000000,0,0.2005200591,0,0,0,39,ab80dfa368b37020aa9290776bf5c6fb0fc21019d59603137006dbf062681130
matched_evaluation,ranking_robustness,BiLo-NSGA,11,analytic_ref1p05_unclipped,1.0500000000,0,0.0078357269,0,0,0,39,ab80dfa368b37020aa9290776bf5c6fb0fc21019d59603137006dbf062681130
matched_evaluation,ranking_robustness,BiLo-NSGA,11,analytic_ref1p1_unclipped,1.1000000000,0,0.0227838408,0,0,0,39,ab80dfa368b37020aa9290776bf5c6fb0fc21019d59603137006dbf062681130
matched_evaluation,ranking_robustness,BiLo-NSGA,11,analytic_ref1p2_unclipped,1.2000000000,0,0.0830416180,0,0,0,39,ab80dfa368b37020aa9290776bf5c6fb0fc21019d59603137006dbf062681130
matched_evaluation,ranking_robustness,NSGA-II,11,reported_empirical_ref1p1_clipped,1.1000000000,1,0.1736908126,8,0,8,39,6652e72c35c6821a4a7412d49415e56456cce97164e31a93fe838f56ba09eddd
matched_evaluation,ranking_robustness,NSGA-II,11,reported_empirical_ref1p1_unclipped,1.1000000000,0,0.2146616748,8,0,8,39,6652e72c35c6821a4a7412d49415e56456cce97164e31a93fe838f56ba09eddd
matched_evaluation,ranking_robustness,NSGA-II,11,expanded_empirical_ref1p1_unclipped,1.1000000000,0,0.2613712590,1,0,1,39,6652e72c35c6821a4a7412d49415e56456cce97164e31a93fe838f56ba09eddd
matched_evaluation,ranking_robustness,NSGA-II,11,analytic_ref1p05_unclipped,1.0500000000,0,0.0090724512,0,0,0,39,6652e72c35c6821a4a7412d49415e56456cce97164e31a93fe838f56ba09eddd
matched_evaluation,ranking_robustness,NSGA-II,11,analytic_ref1p1_unclipped,1.1000000000,0,0.0259068078,0,0,0,39,6652e72c35c6821a4a7412d49415e56456cce97164e31a93fe838f56ba09eddd
matched_evaluation,ranking_robustness,NSGA-II,11,analytic_ref1p2_unclipped,1.2000000000,0,0.0917392748,0,0,0,39,6652e72c35c6821a4a7412d49415e56456cce97164e31a93fe838f56ba09eddd
matched_evaluation,ranking_robustness,BiLo-NSGA,12,reported_empirical_ref1p1_clipped,1.1000000000,1,0.1789155257,1,0,1,39,07445b80cf51422eec4ab0f1f6f89ce7ee8f68b78c4eef0a7bc938e41a304bbf
matched_evaluation,ranking_robustness,BiLo-NSGA,12,reported_empirical_ref1p1_unclipped,1.1000000000,0,0.1797826276,1,0,1,39,07445b80cf51422eec4ab0f1f6f89ce7ee8f68b78c4eef0a7bc938e41a304bbf
matched_evaluation,ranking_robustness,BiLo-NSGA,12,expanded_empirical_ref1p1_unclipped,1.1000000000,0,0.2226677740,0,0,0,39,07445b80cf51422eec4ab0f1f6f89ce7ee8f68b78c4eef0a7bc938e41a304bbf
matched_evaluation,ranking_robustness,BiLo-NSGA,12,analytic_ref1p05_unclipped,1.0500000000,0,0.0081707708,0,0,0,39,07445b80cf51422eec4ab0f1f6f89ce7ee8f68b78c4eef0a7bc938e41a304bbf
matched_evaluation,ranking_robustness,BiLo-NSGA,12,analytic_ref1p1_unclipped,1.1000000000,0,0.0235433821,0,0,0,39,07445b80cf51422eec4ab0f1f6f89ce7ee8f68b78c4eef0a7bc938e41a304bbf
matched_evaluation,ranking_robustness,BiLo-NSGA,12,analytic_ref1p2_unclipped,1.2000000000,0,0.0850211856,0,0,0,39,07445b80cf51422eec4ab0f1f6f89ce7ee8f68b78c4eef0a7bc938e41a304bbf
matched_evaluation,ranking_robustness,NSGA-II,12,reported_empirical_ref1p1_clipped,1.1000000000,1,0.1750669548,2,0,2,39,fabcf9341005804d05ef022205b4af70cb5940c9f51feae4eb73e428873b117b
matched_evaluation,ranking_robustness,NSGA-II,12,reported_empirical_ref1p1_unclipped,1.1000000000,0,0.1894665166,2,0,2,39,fabcf9341005804d05ef022205b4af70cb5940c9f51feae4eb73e428873b117b
matched_evaluation,ranking_robustness,NSGA-II,12,expanded_empirical_ref1p1_unclipped,1.1000000000,0,0.2347978075,0,0,0,39,fabcf9341005804d05ef022205b4af70cb5940c9f51feae4eb73e428873b117b
matched_evaluation,ranking_robustness,NSGA-II,12,analytic_ref1p05_unclipped,1.0500000000,0,0.0087106971,0,0,0,39,fabcf9341005804d05ef022205b4af70cb5940c9f51feae4eb73e428873b117b
matched_evaluation,ranking_robustness,NSGA-II,12,analytic_ref1p1_unclipped,1.1000000000,0,0.0248004467,0,0,0,39,fabcf9341005804d05ef022205b4af70cb5940c9f51feae4eb73e428873b117b
matched_evaluation,ranking_robustness,NSGA-II,12,analytic_ref1p2_unclipped,1.2000000000,0,0.0881542739,0,0,0,39,fabcf9341005804d05ef022205b4af70cb5940c9f51feae4eb73e428873b117b
matched_evaluation,ranking_robustness,Pareto Local Search,12,reported_empirical_ref1p1_clipped,1.1000000000,1,0.0964996295,0,0,0,40,7c3f65efeb962adb259980ded07015c51680301a6e11dd1e83f55e68d7a9a133
matched_evaluation,ranking_robustness,Pareto Local Search,12,reported_empirical_ref1p1_unclipped,1.1000000000,0,0.0964996295,0,0,0,40,7c3f65efeb962adb259980ded07015c51680301a6e11dd1e83f55e68d7a9a133
matched_evaluation,ranking_robustness,Pareto Local Search,12,expanded_empirical_ref1p1_unclipped,1.1000000000,0,0.1408802547,0,0,0,40,7c3f65efeb962adb259980ded07015c51680301a6e11dd1e83f55e68d7a9a133
matched_evaluation,ranking_robustness,Pareto Local Search,12,analytic_ref1p05_unclipped,1.0500000000,0,0.0060203118,0,0,0,40,7c3f65efeb962adb259980ded07015c51680301a6e11dd1e83f55e68d7a9a133
matched_evaluation,ranking_robustness,Pareto Local Search,12,analytic_ref1p1_unclipped,1.1000000000,0,0.0186568930,0,0,0,40,7c3f65efeb962adb259980ded07015c51680301a6e11dd1e83f55e68d7a9a133
matched_evaluation,ranking_robustness,Pareto Local Search,12,analytic_ref1p2_unclipped,1.2000000000,0,0.0722242580,0,0,0,40,7c3f65efeb962adb259980ded07015c51680301a6e11dd1e83f55e68d7a9a133
matched_evaluation,ranking_robustness,NSGA-II,13,reported_empirical_ref1p1_clipped,1.1000000000,1,0.1749478672,1,0,1,39,0d23d07effbbf25857d17d0376b886246fb44c658cd75fe5508c8a760d68bed3
matched_evaluation,ranking_robustness,NSGA-II,13,reported_empirical_ref1p1_unclipped,1.1000000000,0,0.1834014193,1,0,1,39,0d23d07effbbf25857d17d0376b886246fb44c658cd75fe5508c8a760d68bed3
matched_evaluation,ranking_robustness,NSGA-II,13,expanded_empirical_ref1p1_unclipped,1.1000000000,0,0.2285838626,0,0,0,39,0d23d07effbbf25857d17d0376b886246fb44c658cd75fe5508c8a760d68bed3
matched_evaluation,ranking_robustness,NSGA-II,13,analytic_ref1p05_unclipped,1.0500000000,0,0.0086913942,0,0,0,39,0d23d07effbbf25857d17d0376b886246fb44c658cd75fe5508c8a760d68bed3
matched_evaluation,ranking_robustness,NSGA-II,13,analytic_ref1p1_unclipped,1.1000000000,0,0.0248489349,0,0,0,39,0d23d07effbbf25857d17d0376b886246fb44c658cd75fe5508c8a760d68bed3
matched_evaluation,ranking_robustness,NSGA-II,13,analytic_ref1p2_unclipped,1.2000000000,0,0.0883733854,0,0,0,39,0d23d07effbbf25857d17d0376b886246fb44c658cd75fe5508c8a760d68bed3
matched_evaluation,ranking_robustness,Pareto Local Search,13,reported_empirical_ref1p1_clipped,1.1000000000,1,0.1341379067,0,0,0,40,b40b37986cd8f563964121d16b517656d7f242765acff5aa8ef7855e424b0e98
matched_evaluation,ranking_robustness,Pareto Local Search,13,reported_empirical_ref1p1_unclipped,1.1000000000,0,0.1341379067,0,0,0,40,b40b37986cd8f563964121d16b517656d7f242765acff5aa8ef7855e424b0e98
matched_evaluation,ranking_robustness,Pareto Local Search,13,expanded_empirical_ref1p1_unclipped,1.1000000000,0,0.1782599435,0,0,0,40,b40b37986cd8f563964121d16b517656d7f242765acff5aa8ef7855e424b0e98
matched_evaluation,ranking_robustness,Pareto Local Search,13,analytic_ref1p05_unclipped,1.0500000000,0,0.0075637263,0,0,0,40,b40b37986cd8f563964121d16b517656d7f242765acff5aa8ef7855e424b0e98
matched_evaluation,ranking_robustness,Pareto Local Search,13,analytic_ref1p1_unclipped,1.1000000000,0,0.0220506955,0,0,0,40,b40b37986cd8f563964121d16b517656d7f242765acff5aa8ef7855e424b0e98
matched_evaluation,ranking_robustness,Pareto Local Search,13,analytic_ref1p2_unclipped,1.2000000000,0,0.0807936836,0,0,0,40,b40b37986cd8f563964121d16b517656d7f242765acff5aa8ef7855e424b0e98
matched_evaluation,ranking_robustness,BiLo-NSGA,13,reported_empirical_ref1p1_clipped,1.1000000000,1,0.1788309754,1,0,1,38,51b9596007777cf1fc922ddbeee346927208a2a0f6c0321d7a3cbe9286cd3038
matched_evaluation,ranking_robustness,BiLo-NSGA,13,reported_empirical_ref1p1_unclipped,1.1000000000,0,0.1879770319,1,0,1,38,51b9596007777cf1fc922ddbeee346927208a2a0f6c0321d7a3cbe9286cd3038
matched_evaluation,ranking_robustness,BiLo-NSGA,13,expanded_empirical_ref1p1_unclipped,1.1000000000,0,0.2304868339,0,0,0,38,51b9596007777cf1fc922ddbeee346927208a2a0f6c0321d7a3cbe9286cd3038
matched_evaluation,ranking_robustness,BiLo-NSGA,13,analytic_ref1p05_unclipped,1.0500000000,0,0.0081926632,0,0,0,38,51b9596007777cf1fc922ddbeee346927208a2a0f6c0321d7a3cbe9286cd3038
matched_evaluation,ranking_robustness,BiLo-NSGA,13,analytic_ref1p1_unclipped,1.1000000000,0,0.0236513507,0,0,0,38,51b9596007777cf1fc922ddbeee346927208a2a0f6c0321d7a3cbe9286cd3038
matched_evaluation,ranking_robustness,BiLo-NSGA,13,analytic_ref1p2_unclipped,1.2000000000,0,0.0856686447,0,0,0,38,51b9596007777cf1fc922ddbeee346927208a2a0f6c0321d7a3cbe9286cd3038
matched_evaluation,ranking_robustness,Pareto Local Search,14,reported_empirical_ref1p1_clipped,1.1000000000,1,0.1090409912,0,0,0,40,2a7b952f6e3cc57b52eb59069fd1c850a29067837c4c4b48a9ca64df2d38fe74
matched_evaluation,ranking_robustness,Pareto Local Search,14,reported_empirical_ref1p1_unclipped,1.1000000000,0,0.1090409912,0,0,0,40,2a7b952f6e3cc57b52eb59069fd1c850a29067837c4c4b48a9ca64df2d38fe74
matched_evaluation,ranking_robustness,Pareto Local Search,14,expanded_empirical_ref1p1_unclipped,1.1000000000,0,0.1530755471,0,0,0,40,2a7b952f6e3cc57b52eb59069fd1c850a29067837c4c4b48a9ca64df2d38fe74
matched_evaluation,ranking_robustness,Pareto Local Search,14,analytic_ref1p05_unclipped,1.0500000000,0,0.0067027825,0,0,0,40,2a7b952f6e3cc57b52eb59069fd1c850a29067837c4c4b48a9ca64df2d38fe74
matched_evaluation,ranking_robustness,Pareto Local Search,14,analytic_ref1p1_unclipped,1.1000000000,0,0.0201241628,0,0,0,40,2a7b952f6e3cc57b52eb59069fd1c850a29067837c4c4b48a9ca64df2d38fe74
matched_evaluation,ranking_robustness,Pareto Local Search,14,analytic_ref1p2_unclipped,1.2000000000,0,0.0757890397,0,0,0,40,2a7b952f6e3cc57b52eb59069fd1c850a29067837c4c4b48a9ca64df2d38fe74
matched_evaluation,ranking_robustness,BiLo-NSGA,14,reported_empirical_ref1p1_clipped,1.1000000000,1,0.1718625013,0,0,0,38,27ce1e3576282b786efafc5cb0184a80ff73b166e216dbbc886dfcd647969fcc
matched_evaluation,ranking_robustness,BiLo-NSGA,14,reported_empirical_ref1p1_unclipped,1.1000000000,0,0.1718625013,0,0,0,38,27ce1e3576282b786efafc5cb0184a80ff73b166e216dbbc886dfcd647969fcc
matched_evaluation,ranking_robustness,BiLo-NSGA,14,expanded_empirical_ref1p1_unclipped,1.1000000000,0,0.2144439154,0,0,0,38,27ce1e3576282b786efafc5cb0184a80ff73b166e216dbbc886dfcd647969fcc
matched_evaluation,ranking_robustness,BiLo-NSGA,14,analytic_ref1p05_unclipped,1.0500000000,0,0.0084909657,0,0,0,38,27ce1e3576282b786efafc5cb0184a80ff73b166e216dbbc886dfcd647969fcc
matched_evaluation,ranking_robustness,BiLo-NSGA,14,analytic_ref1p1_unclipped,1.1000000000,0,0.0241475021,0,0,0,38,27ce1e3576282b786efafc5cb0184a80ff73b166e216dbbc886dfcd647969fcc
matched_evaluation,ranking_robustness,BiLo-NSGA,14,analytic_ref1p2_unclipped,1.2000000000,0,0.0860902285,0,0,0,38,27ce1e3576282b786efafc5cb0184a80ff73b166e216dbbc886dfcd647969fcc
matched_evaluation,ranking_robustness,NSGA-II,14,reported_empirical_ref1p1_clipped,1.1000000000,1,0.1730537720,4,0,4,39,3d28eeda4b6d0546eb0ead87399552d529acfa5853a31e016696bfc093f10141
matched_evaluation,ranking_robustness,NSGA-II,14,reported_empirical_ref1p1_unclipped,1.1000000000,0,0.2063836431,4,0,4,39,3d28eeda4b6d0546eb0ead87399552d529acfa5853a31e016696bfc093f10141
matched_evaluation,ranking_robustness,NSGA-II,14,expanded_empirical_ref1p1_unclipped,1.1000000000,0,0.2532241128,0,0,0,39,3d28eeda4b6d0546eb0ead87399552d529acfa5853a31e016696bfc093f10141
matched_evaluation,ranking_robustness,NSGA-II,14,analytic_ref1p05_unclipped,1.0500000000,0,0.0087329976,0,0,0,39,3d28eeda4b6d0546eb0ead87399552d529acfa5853a31e016696bfc093f10141
matched_evaluation,ranking_robustness,NSGA-II,14,analytic_ref1p1_unclipped,1.1000000000,0,0.0250909349,0,0,0,39,3d28eeda4b6d0546eb0ead87399552d529acfa5853a31e016696bfc093f10141
matched_evaluation,ranking_robustness,NSGA-II,14,analytic_ref1p2_unclipped,1.2000000000,0,0.0896152562,0,0,0,39,3d28eeda4b6d0546eb0ead87399552d529acfa5853a31e016696bfc093f10141
matched_evaluation,ranking_robustness,BiLo-NSGA,15,reported_empirical_ref1p1_clipped,1.1000000000,1,0.1720920912,0,0,0,39,8bec65eda241b72e99c8e40275f6e0b34e7f856ecf1fded19d93e527c3c89572
matched_evaluation,ranking_robustness,BiLo-NSGA,15,reported_empirical_ref1p1_unclipped,1.1000000000,0,0.1720920912,0,0,0,39,8bec65eda241b72e99c8e40275f6e0b34e7f856ecf1fded19d93e527c3c89572
matched_evaluation,ranking_robustness,BiLo-NSGA,15,expanded_empirical_ref1p1_unclipped,1.1000000000,0,0.2143535348,0,0,0,39,8bec65eda241b72e99c8e40275f6e0b34e7f856ecf1fded19d93e527c3c89572
matched_evaluation,ranking_robustness,BiLo-NSGA,15,analytic_ref1p05_unclipped,1.0500000000,0,0.0076739303,0,0,0,39,8bec65eda241b72e99c8e40275f6e0b34e7f856ecf1fded19d93e527c3c89572
matched_evaluation,ranking_robustness,BiLo-NSGA,15,analytic_ref1p1_unclipped,1.1000000000,0,0.0224746752,0,0,0,39,8bec65eda241b72e99c8e40275f6e0b34e7f856ecf1fded19d93e527c3c89572
matched_evaluation,ranking_robustness,BiLo-NSGA,15,analytic_ref1p2_unclipped,1.2000000000,0,0.0826397680,0,0,0,39,8bec65eda241b72e99c8e40275f6e0b34e7f856ecf1fded19d93e527c3c89572
matched_evaluation,ranking_robustness,NSGA-II,15,reported_empirical_ref1p1_clipped,1.1000000000,1,0.1727266329,2,0,2,39,ed78459829df2803f04fbf38208a14865e679293e9b1bd50b15f58a48ce7ad94
matched_evaluation,ranking_robustness,NSGA-II,15,reported_empirical_ref1p1_unclipped,1.1000000000,0,0.1809285427,2,0,2,39,ed78459829df2803f04fbf38208a14865e679293e9b1bd50b15f58a48ce7ad94
matched_evaluation,ranking_robustness,NSGA-II,15,expanded_empirical_ref1p1_unclipped,1.1000000000,0,0.2275888710,0,0,0,39,ed78459829df2803f04fbf38208a14865e679293e9b1bd50b15f58a48ce7ad94
matched_evaluation,ranking_robustness,NSGA-II,15,analytic_ref1p05_unclipped,1.0500000000,0,0.0084685127,0,0,0,39,ed78459829df2803f04fbf38208a14865e679293e9b1bd50b15f58a48ce7ad94
matched_evaluation,ranking_robustness,NSGA-II,15,analytic_ref1p1_unclipped,1.1000000000,0,0.0244417088,0,0,0,39,ed78459829df2803f04fbf38208a14865e679293e9b1bd50b15f58a48ce7ad94
matched_evaluation,ranking_robustness,NSGA-II,15,analytic_ref1p2_unclipped,1.2000000000,0,0.0875198137,0,0,0,39,ed78459829df2803f04fbf38208a14865e679293e9b1bd50b15f58a48ce7ad94
matched_evaluation,ranking_robustness,Pareto Local Search,15,reported_empirical_ref1p1_clipped,1.1000000000,1,0.1431350470,0,0,0,40,c9df452999ef982a8d0634c6d3bdacab2723483ca2ea6e6c139cc74e56641c7c
matched_evaluation,ranking_robustness,Pareto Local Search,15,reported_empirical_ref1p1_unclipped,1.1000000000,0,0.1431350470,0,0,0,40,c9df452999ef982a8d0634c6d3bdacab2723483ca2ea6e6c139cc74e56641c7c
matched_evaluation,ranking_robustness,Pareto Local Search,15,expanded_empirical_ref1p1_unclipped,1.1000000000,0,0.1860333692,0,0,0,40,c9df452999ef982a8d0634c6d3bdacab2723483ca2ea6e6c139cc74e56641c7c
matched_evaluation,ranking_robustness,Pareto Local Search,15,analytic_ref1p05_unclipped,1.0500000000,0,0.0079178413,0,0,0,40,c9df452999ef982a8d0634c6d3bdacab2723483ca2ea6e6c139cc74e56641c7c
matched_evaluation,ranking_robustness,Pareto Local Search,15,analytic_ref1p1_unclipped,1.1000000000,0,0.0226415535,0,0,0,40,c9df452999ef982a8d0634c6d3bdacab2723483ca2ea6e6c139cc74e56641c7c
matched_evaluation,ranking_robustness,Pareto Local Search,15,analytic_ref1p2_unclipped,1.2000000000,0,0.0816318516,0,0,0,40,c9df452999ef982a8d0634c6d3bdacab2723483ca2ea6e6c139cc74e56641c7c
matched_evaluation,ranking_robustness,NSGA-II,16,reported_empirical_ref1p1_clipped,1.1000000000,1,0.1722435362,6,0,6,39,51be6ee2e3663c29bf5ed0b4c88d653e82c81a2a1babb1bf01565b882d9ffef4
matched_evaluation,ranking_robustness,NSGA-II,16,reported_empirical_ref1p1_unclipped,1.1000000000,0,0.2135831965,6,0,6,39,51be6ee2e3663c29bf5ed0b4c88d653e82c81a2a1babb1bf01565b882d9ffef4
matched_evaluation,ranking_robustness,NSGA-II,16,expanded_empirical_ref1p1_unclipped,1.1000000000,0,0.2610198207,1,0,1,39,51be6ee2e3663c29bf5ed0b4c88d653e82c81a2a1babb1bf01565b882d9ffef4
matched_evaluation,ranking_robustness,NSGA-II,16,analytic_ref1p05_unclipped,1.0500000000,0,0.0090074264,0,0,0,39,51be6ee2e3663c29bf5ed0b4c88d653e82c81a2a1babb1bf01565b882d9ffef4
matched_evaluation,ranking_robustness,NSGA-II,16,analytic_ref1p1_unclipped,1.1000000000,0,0.0256887669,0,0,0,39,51be6ee2e3663c29bf5ed0b4c88d653e82c81a2a1babb1bf01565b882d9ffef4
matched_evaluation,ranking_robustness,NSGA-II,16,analytic_ref1p2_unclipped,1.2000000000,0,0.0910421936,0,0,0,39,51be6ee2e3663c29bf5ed0b4c88d653e82c81a2a1babb1bf01565b882d9ffef4
matched_evaluation,ranking_robustness,Pareto Local Search,16,reported_empirical_ref1p1_clipped,1.1000000000,1,0.1049186364,0,0,0,40,e491e2dc65c4b283542c091f65343b7b2bc17b48c4b119ffab22ddbcae6e9f2d
matched_evaluation,ranking_robustness,Pareto Local Search,16,reported_empirical_ref1p1_unclipped,1.1000000000,0,0.1049186364,0,0,0,40,e491e2dc65c4b283542c091f65343b7b2bc17b48c4b119ffab22ddbcae6e9f2d
matched_evaluation,ranking_robustness,Pareto Local Search,16,expanded_empirical_ref1p1_unclipped,1.1000000000,0,0.1490458907,0,0,0,40,e491e2dc65c4b283542c091f65343b7b2bc17b48c4b119ffab22ddbcae6e9f2d
matched_evaluation,ranking_robustness,Pareto Local Search,16,analytic_ref1p05_unclipped,1.0500000000,0,0.0067575798,0,0,0,40,e491e2dc65c4b283542c091f65343b7b2bc17b48c4b119ffab22ddbcae6e9f2d
matched_evaluation,ranking_robustness,Pareto Local Search,16,analytic_ref1p1_unclipped,1.1000000000,0,0.0202421394,0,0,0,40,e491e2dc65c4b283542c091f65343b7b2bc17b48c4b119ffab22ddbcae6e9f2d
matched_evaluation,ranking_robustness,Pareto Local Search,16,analytic_ref1p2_unclipped,1.2000000000,0,0.0760686158,0,0,0,40,e491e2dc65c4b283542c091f65343b7b2bc17b48c4b119ffab22ddbcae6e9f2d
matched_evaluation,ranking_robustness,BiLo-NSGA,16,reported_empirical_ref1p1_clipped,1.1000000000,1,0.1548965692,0,0,0,39,8a79598ab081a3bcb2b6a693d28abafe5f339ae471914ea3bc661ecfc04fd848
matched_evaluation,ranking_robustness,BiLo-NSGA,16,reported_empirical_ref1p1_unclipped,1.1000000000,0,0.1548965692,0,0,0,39,8a79598ab081a3bcb2b6a693d28abafe5f339ae471914ea3bc661ecfc04fd848
matched_evaluation,ranking_robustness,BiLo-NSGA,16,expanded_empirical_ref1p1_unclipped,1.1000000000,0,0.1970221049,0,0,0,39,8a79598ab081a3bcb2b6a693d28abafe5f339ae471914ea3bc661ecfc04fd848
matched_evaluation,ranking_robustness,BiLo-NSGA,16,analytic_ref1p05_unclipped,1.0500000000,0,0.0078413674,0,0,0,39,8a79598ab081a3bcb2b6a693d28abafe5f339ae471914ea3bc661ecfc04fd848
matched_evaluation,ranking_robustness,BiLo-NSGA,16,analytic_ref1p1_unclipped,1.1000000000,0,0.0226848729,0,0,0,39,8a79598ab081a3bcb2b6a693d28abafe5f339ae471914ea3bc661ecfc04fd848
matched_evaluation,ranking_robustness,BiLo-NSGA,16,analytic_ref1p2_unclipped,1.2000000000,0,0.0823084348,0,0,0,39,8a79598ab081a3bcb2b6a693d28abafe5f339ae471914ea3bc661ecfc04fd848
matched_evaluation,ranking_robustness,Pareto Local Search,17,reported_empirical_ref1p1_clipped,1.1000000000,1,0.1216852164,0,0,0,40,ff3d22836182f5f07200b06fb70fe36ccf1410e93ecfaf77973a97b7b7983571
matched_evaluation,ranking_robustness,Pareto Local Search,17,reported_empirical_ref1p1_unclipped,1.1000000000,0,0.1216852164,0,0,0,40,ff3d22836182f5f07200b06fb70fe36ccf1410e93ecfaf77973a97b7b7983571
matched_evaluation,ranking_robustness,Pareto Local Search,17,expanded_empirical_ref1p1_unclipped,1.1000000000,0,0.1649732355,0,0,0,40,ff3d22836182f5f07200b06fb70fe36ccf1410e93ecfaf77973a97b7b7983571
matched_evaluation,ranking_robustness,Pareto Local Search,17,analytic_ref1p05_unclipped,1.0500000000,0,0.0074208749,0,0,0,40,ff3d22836182f5f07200b06fb70fe36ccf1410e93ecfaf77973a97b7b7983571
matched_evaluation,ranking_robustness,Pareto Local Search,17,analytic_ref1p1_unclipped,1.1000000000,0,0.0215029594,0,0,0,40,ff3d22836182f5f07200b06fb70fe36ccf1410e93ecfaf77973a97b7b7983571
matched_evaluation,ranking_robustness,Pareto Local Search,17,analytic_ref1p2_unclipped,1.2000000000,0,0.0785558073,0,0,0,40,ff3d22836182f5f07200b06fb70fe36ccf1410e93ecfaf77973a97b7b7983571
matched_evaluation,ranking_robustness,BiLo-NSGA,17,reported_empirical_ref1p1_clipped,1.1000000000,1,0.1727931528,0,0,0,39,2902396b1bdd8dd03e704fdcb884d38a09983e584627c445db45d997796d0c37
matched_evaluation,ranking_robustness,BiLo-NSGA,17,reported_empirical_ref1p1_unclipped,1.1000000000,0,0.1727931528,0,0,0,39,2902396b1bdd8dd03e704fdcb884d38a09983e584627c445db45d997796d0c37
matched_evaluation,ranking_robustness,BiLo-NSGA,17,expanded_empirical_ref1p1_unclipped,1.1000000000,0,0.2153475806,0,0,0,39,2902396b1bdd8dd03e704fdcb884d38a09983e584627c445db45d997796d0c37
matched_evaluation,ranking_robustness,BiLo-NSGA,17,analytic_ref1p05_unclipped,1.0500000000,0,0.0079499202,0,0,0,39,2902396b1bdd8dd03e704fdcb884d38a09983e584627c445db45d997796d0c37
matched_evaluation,ranking_robustness,BiLo-NSGA,17,analytic_ref1p1_unclipped,1.1000000000,0,0.0229601488,0,0,0,39,2902396b1bdd8dd03e704fdcb884d38a09983e584627c445db45d997796d0c37
matched_evaluation,ranking_robustness,BiLo-NSGA,17,analytic_ref1p2_unclipped,1.2000000000,0,0.0833704166,0,0,0,39,2902396b1bdd8dd03e704fdcb884d38a09983e584627c445db45d997796d0c37
matched_evaluation,ranking_robustness,NSGA-II,17,reported_empirical_ref1p1_clipped,1.1000000000,1,0.1738242157,6,0,6,38,90dcdf0ce1319ea459c58f0b475462f6bf75153c782e011e1e772cd8005994f4
matched_evaluation,ranking_robustness,NSGA-II,17,reported_empirical_ref1p1_unclipped,1.1000000000,0,0.2038650612,6,0,6,38,90dcdf0ce1319ea459c58f0b475462f6bf75153c782e011e1e772cd8005994f4
matched_evaluation,ranking_robustness,NSGA-II,17,expanded_empirical_ref1p1_unclipped,1.1000000000,0,0.2502691758,0,0,0,38,90dcdf0ce1319ea459c58f0b475462f6bf75153c782e011e1e772cd8005994f4
matched_evaluation,ranking_robustness,NSGA-II,17,analytic_ref1p05_unclipped,1.0500000000,0,0.0089441347,0,0,0,38,90dcdf0ce1319ea459c58f0b475462f6bf75153c782e011e1e772cd8005994f4
matched_evaluation,ranking_robustness,NSGA-II,17,analytic_ref1p1_unclipped,1.1000000000,0,0.0253350740,0,0,0,38,90dcdf0ce1319ea459c58f0b475462f6bf75153c782e011e1e772cd8005994f4
matched_evaluation,ranking_robustness,NSGA-II,17,analytic_ref1p2_unclipped,1.2000000000,0,0.0893039192,0,0,0,38,90dcdf0ce1319ea459c58f0b475462f6bf75153c782e011e1e772cd8005994f4
matched_evaluation,ranking_robustness,BiLo-NSGA,18,reported_empirical_ref1p1_clipped,1.1000000000,1,0.1725962428,0,0,0,37,a1ba09405d72609be6361fec42d4796db9aa05216bdecd3fbd168fa5236d0c3d
matched_evaluation,ranking_robustness,BiLo-NSGA,18,reported_empirical_ref1p1_unclipped,1.1000000000,0,0.1725962428,0,0,0,37,a1ba09405d72609be6361fec42d4796db9aa05216bdecd3fbd168fa5236d0c3d
matched_evaluation,ranking_robustness,BiLo-NSGA,18,expanded_empirical_ref1p1_unclipped,1.1000000000,0,0.2152089675,0,0,0,37,a1ba09405d72609be6361fec42d4796db9aa05216bdecd3fbd168fa5236d0c3d
matched_evaluation,ranking_robustness,BiLo-NSGA,18,analytic_ref1p05_unclipped,1.0500000000,0,0.0085449644,0,0,0,37,a1ba09405d72609be6361fec42d4796db9aa05216bdecd3fbd168fa5236d0c3d
matched_evaluation,ranking_robustness,BiLo-NSGA,18,analytic_ref1p1_unclipped,1.1000000000,0,0.0241108316,0,0,0,37,a1ba09405d72609be6361fec42d4796db9aa05216bdecd3fbd168fa5236d0c3d
matched_evaluation,ranking_robustness,BiLo-NSGA,18,analytic_ref1p2_unclipped,1.2000000000,0,0.0857182148,0,0,0,37,a1ba09405d72609be6361fec42d4796db9aa05216bdecd3fbd168fa5236d0c3d
matched_evaluation,ranking_robustness,NSGA-II,18,reported_empirical_ref1p1_clipped,1.1000000000,1,0.1749220307,5,0,5,36,dc3130a9a61274b6f69ae1940b5cca6c232d1272dd697bc1951ac70c9f8684cd
matched_evaluation,ranking_robustness,NSGA-II,18,reported_empirical_ref1p1_unclipped,1.1000000000,0,0.2260608510,5,0,5,36,dc3130a9a61274b6f69ae1940b5cca6c232d1272dd697bc1951ac70c9f8684cd
matched_evaluation,ranking_robustness,NSGA-II,18,expanded_empirical_ref1p1_unclipped,1.1000000000,0,0.2733639219,1,0,1,36,dc3130a9a61274b6f69ae1940b5cca6c232d1272dd697bc1951ac70c9f8684cd
matched_evaluation,ranking_robustness,NSGA-II,18,analytic_ref1p05_unclipped,1.0500000000,0,0.0088444921,0,0,0,36,dc3130a9a61274b6f69ae1940b5cca6c232d1272dd697bc1951ac70c9f8684cd
matched_evaluation,ranking_robustness,NSGA-II,18,analytic_ref1p1_unclipped,1.1000000000,0,0.0251757500,0,0,0,36,dc3130a9a61274b6f69ae1940b5cca6c232d1272dd697bc1951ac70c9f8684cd
matched_evaluation,ranking_robustness,NSGA-II,18,analytic_ref1p2_unclipped,1.2000000000,0,0.0892563000,0,0,0,36,dc3130a9a61274b6f69ae1940b5cca6c232d1272dd697bc1951ac70c9f8684cd
matched_evaluation,ranking_robustness,Pareto Local Search,18,reported_empirical_ref1p1_clipped,1.1000000000,1,0.1016450892,0,0,0,40,a928eecbe0b08b6b549b1c80e789cc7add3f45588834fc09349018265d6815a2
matched_evaluation,ranking_robustness,Pareto Local Search,18,reported_empirical_ref1p1_unclipped,1.1000000000,0,0.1016450892,0,0,0,40,a928eecbe0b08b6b549b1c80e789cc7add3f45588834fc09349018265d6815a2
matched_evaluation,ranking_robustness,Pareto Local Search,18,expanded_empirical_ref1p1_unclipped,1.1000000000,0,0.1469411888,0,0,0,40,a928eecbe0b08b6b549b1c80e789cc7add3f45588834fc09349018265d6815a2
matched_evaluation,ranking_robustness,Pareto Local Search,18,analytic_ref1p05_unclipped,1.0500000000,0,0.0063349691,0,0,0,40,a928eecbe0b08b6b549b1c80e789cc7add3f45588834fc09349018265d6815a2
matched_evaluation,ranking_robustness,Pareto Local Search,18,analytic_ref1p1_unclipped,1.1000000000,0,0.0193833203,0,0,0,40,a928eecbe0b08b6b549b1c80e789cc7add3f45588834fc09349018265d6815a2
matched_evaluation,ranking_robustness,Pareto Local Search,18,analytic_ref1p2_unclipped,1.2000000000,0,0.0740585501,0,0,0,40,a928eecbe0b08b6b549b1c80e789cc7add3f45588834fc09349018265d6815a2
matched_evaluation,ranking_robustness,NSGA-II,19,reported_empirical_ref1p1_clipped,1.1000000000,1,0.1738261967,4,0,4,38,6f549f43766415538e9519f1da7ff9c738455e4b024b4b8740168b8616a33142
matched_evaluation,ranking_robustness,NSGA-II,19,reported_empirical_ref1p1_unclipped,1.1000000000,0,0.2144972604,4,0,4,38,6f549f43766415538e9519f1da7ff9c738455e4b024b4b8740168b8616a33142
matched_evaluation,ranking_robustness,NSGA-II,19,expanded_empirical_ref1p1_unclipped,1.1000000000,0,0.2612783840,1,0,1,38,6f549f43766415538e9519f1da7ff9c738455e4b024b4b8740168b8616a33142
matched_evaluation,ranking_robustness,NSGA-II,19,analytic_ref1p05_unclipped,1.0500000000,0,0.0087111480,0,0,0,38,6f549f43766415538e9519f1da7ff9c738455e4b024b4b8740168b8616a33142
matched_evaluation,ranking_robustness,NSGA-II,19,analytic_ref1p1_unclipped,1.1000000000,0,0.0250731675,0,0,0,38,6f549f43766415538e9519f1da7ff9c738455e4b024b4b8740168b8616a33142
matched_evaluation,ranking_robustness,NSGA-II,19,analytic_ref1p2_unclipped,1.2000000000,0,0.0896802077,0,0,0,38,6f549f43766415538e9519f1da7ff9c738455e4b024b4b8740168b8616a33142
matched_evaluation,ranking_robustness,Pareto Local Search,19,reported_empirical_ref1p1_clipped,1.1000000000,1,0.1128474741,0,0,0,40,ff2e2feb9f52e5a02a3ba3328d42766d8e0506a42f8b89243456ffeafdb76098
matched_evaluation,ranking_robustness,Pareto Local Search,19,reported_empirical_ref1p1_unclipped,1.1000000000,0,0.1128474741,0,0,0,40,ff2e2feb9f52e5a02a3ba3328d42766d8e0506a42f8b89243456ffeafdb76098
matched_evaluation,ranking_robustness,Pareto Local Search,19,expanded_empirical_ref1p1_unclipped,1.1000000000,0,0.1575830242,0,0,0,40,ff2e2feb9f52e5a02a3ba3328d42766d8e0506a42f8b89243456ffeafdb76098
matched_evaluation,ranking_robustness,Pareto Local Search,19,analytic_ref1p05_unclipped,1.0500000000,0,0.0068207628,0,0,0,40,ff2e2feb9f52e5a02a3ba3328d42766d8e0506a42f8b89243456ffeafdb76098
matched_evaluation,ranking_robustness,Pareto Local Search,19,analytic_ref1p1_unclipped,1.1000000000,0,0.0203352448,0,0,0,40,ff2e2feb9f52e5a02a3ba3328d42766d8e0506a42f8b89243456ffeafdb76098
matched_evaluation,ranking_robustness,Pareto Local Search,19,analytic_ref1p2_unclipped,1.2000000000,0,0.0761558797,0,0,0,40,ff2e2feb9f52e5a02a3ba3328d42766d8e0506a42f8b89243456ffeafdb76098
matched_evaluation,ranking_robustness,BiLo-NSGA,19,reported_empirical_ref1p1_clipped,1.1000000000,1,0.1553937172,0,0,0,39,b343d63df117c0fdaa458d47c9a1fc8f4ae15cf4d6bcaab6773c75a416007df2
matched_evaluation,ranking_robustness,BiLo-NSGA,19,reported_empirical_ref1p1_unclipped,1.1000000000,0,0.1553937172,0,0,0,39,b343d63df117c0fdaa458d47c9a1fc8f4ae15cf4d6bcaab6773c75a416007df2
matched_evaluation,ranking_robustness,BiLo-NSGA,19,expanded_empirical_ref1p1_unclipped,1.1000000000,0,0.1973252908,0,0,0,39,b343d63df117c0fdaa458d47c9a1fc8f4ae15cf4d6bcaab6773c75a416007df2
matched_evaluation,ranking_robustness,BiLo-NSGA,19,analytic_ref1p05_unclipped,1.0500000000,0,0.0069113430,0,0,0,39,b343d63df117c0fdaa458d47c9a1fc8f4ae15cf4d6bcaab6773c75a416007df2
matched_evaluation,ranking_robustness,BiLo-NSGA,19,analytic_ref1p1_unclipped,1.1000000000,0,0.0207290120,0,0,0,39,b343d63df117c0fdaa458d47c9a1fc8f4ae15cf4d6bcaab6773c75a416007df2
matched_evaluation,ranking_robustness,BiLo-NSGA,19,analytic_ref1p2_unclipped,1.2000000000,0,0.0778258025,0,0,0,39,b343d63df117c0fdaa458d47c9a1fc8f4ae15cf4d6bcaab6773c75a416007df2
matched_evaluation,ranking_robustness,Pareto Local Search,20,reported_empirical_ref1p1_clipped,1.1000000000,1,0.1177053748,0,0,0,40,550817dab6dcb98a6e9292643d9c286474744a564a8f8097b07914009c121beb
matched_evaluation,ranking_robustness,Pareto Local Search,20,reported_empirical_ref1p1_unclipped,1.1000000000,0,0.1177053748,0,0,0,40,550817dab6dcb98a6e9292643d9c286474744a564a8f8097b07914009c121beb
matched_evaluation,ranking_robustness,Pareto Local Search,20,expanded_empirical_ref1p1_unclipped,1.1000000000,0,0.1617274416,0,0,0,40,550817dab6dcb98a6e9292643d9c286474744a564a8f8097b07914009c121beb
matched_evaluation,ranking_robustness,Pareto Local Search,20,analytic_ref1p05_unclipped,1.0500000000,0,0.0070392632,0,0,0,40,550817dab6dcb98a6e9292643d9c286474744a564a8f8097b07914009c121beb
matched_evaluation,ranking_robustness,Pareto Local Search,20,analytic_ref1p1_unclipped,1.1000000000,0,0.0207756016,0,0,0,40,550817dab6dcb98a6e9292643d9c286474744a564a8f8097b07914009c121beb
matched_evaluation,ranking_robustness,Pareto Local Search,20,analytic_ref1p2_unclipped,1.2000000000,0,0.0771170211,0,0,0,40,550817dab6dcb98a6e9292643d9c286474744a564a8f8097b07914009c121beb
matched_evaluation,ranking_robustness,BiLo-NSGA,20,reported_empirical_ref1p1_clipped,1.1000000000,1,0.1404097971,0,0,0,37,46caf94213a7eac337f04669831d148b6ffb4740de0942ac2514076335a705c6
matched_evaluation,ranking_robustness,BiLo-NSGA,20,reported_empirical_ref1p1_unclipped,1.1000000000,0,0.1404097971,0,0,0,37,46caf94213a7eac337f04669831d148b6ffb4740de0942ac2514076335a705c6
matched_evaluation,ranking_robustness,BiLo-NSGA,20,expanded_empirical_ref1p1_unclipped,1.1000000000,0,0.1834109887,0,0,0,37,46caf94213a7eac337f04669831d148b6ffb4740de0942ac2514076335a705c6
matched_evaluation,ranking_robustness,BiLo-NSGA,20,analytic_ref1p05_unclipped,1.0500000000,0,0.0074734111,0,0,0,37,46caf94213a7eac337f04669831d148b6ffb4740de0942ac2514076335a705c6
matched_evaluation,ranking_robustness,BiLo-NSGA,20,analytic_ref1p1_unclipped,1.1000000000,0,0.0218694027,0,0,0,37,46caf94213a7eac337f04669831d148b6ffb4740de0942ac2514076335a705c6
matched_evaluation,ranking_robustness,BiLo-NSGA,20,analytic_ref1p2_unclipped,1.2000000000,0,0.0803481005,0,0,0,37,46caf94213a7eac337f04669831d148b6ffb4740de0942ac2514076335a705c6
matched_evaluation,ranking_robustness,NSGA-II,20,reported_empirical_ref1p1_clipped,1.1000000000,1,0.1731088399,6,0,6,38,65a743d602dc99cc4319494821ac27ff6da589012447a7854dd1ce76a217aafd
matched_evaluation,ranking_robustness,NSGA-II,20,reported_empirical_ref1p1_unclipped,1.1000000000,0,0.2124382223,6,0,6,38,65a743d602dc99cc4319494821ac27ff6da589012447a7854dd1ce76a217aafd
matched_evaluation,ranking_robustness,NSGA-II,20,expanded_empirical_ref1p1_unclipped,1.1000000000,0,0.2589269888,2,0,2,38,65a743d602dc99cc4319494821ac27ff6da589012447a7854dd1ce76a217aafd
matched_evaluation,ranking_robustness,NSGA-II,20,analytic_ref1p05_unclipped,1.0500000000,0,0.0087949837,0,0,0,38,65a743d602dc99cc4319494821ac27ff6da589012447a7854dd1ce76a217aafd
matched_evaluation,ranking_robustness,NSGA-II,20,analytic_ref1p1_unclipped,1.1000000000,0,0.0253182733,0,0,0,38,65a743d602dc99cc4319494821ac27ff6da589012447a7854dd1ce76a217aafd
matched_evaluation,ranking_robustness,NSGA-II,20,analytic_ref1p2_unclipped,1.2000000000,0,0.0903818231,0,0,0,38,65a743d602dc99cc4319494821ac27ff6da589012447a7854dd1ce76a217aafd
matched_evaluation,ranking_robustness,BiLo-NSGA,21,reported_empirical_ref1p1_clipped,1.1000000000,1,0.1740583089,0,0,0,39,7a1668fbcfa3a74e4a3759aad34f88db4c3c3c3ca499a8bb378e70ef817380e0
matched_evaluation,ranking_robustness,BiLo-NSGA,21,reported_empirical_ref1p1_unclipped,1.1000000000,0,0.1740583089,0,0,0,39,7a1668fbcfa3a74e4a3759aad34f88db4c3c3c3ca499a8bb378e70ef817380e0
matched_evaluation,ranking_robustness,BiLo-NSGA,21,expanded_empirical_ref1p1_unclipped,1.1000000000,0,0.2176342228,0,0,0,39,7a1668fbcfa3a74e4a3759aad34f88db4c3c3c3ca499a8bb378e70ef817380e0
matched_evaluation,ranking_robustness,BiLo-NSGA,21,analytic_ref1p05_unclipped,1.0500000000,0,0.0084518745,0,0,0,39,7a1668fbcfa3a74e4a3759aad34f88db4c3c3c3ca499a8bb378e70ef817380e0
matched_evaluation,ranking_robustness,BiLo-NSGA,21,analytic_ref1p1_unclipped,1.1000000000,0,0.0242119223,0,0,0,39,7a1668fbcfa3a74e4a3759aad34f88db4c3c3c3ca499a8bb378e70ef817380e0
matched_evaluation,ranking_robustness,BiLo-NSGA,21,analytic_ref1p2_unclipped,1.2000000000,0,0.0867567899,0,0,0,39,7a1668fbcfa3a74e4a3759aad34f88db4c3c3c3ca499a8bb378e70ef817380e0
matched_evaluation,ranking_robustness,NSGA-II,21,reported_empirical_ref1p1_clipped,1.1000000000,1,0.1725917969,8,0,8,39,6674bfc28682bde6a3824adcaccf00b4081146eb46feb107b06bcd7b53ed3aa8
matched_evaluation,ranking_robustness,NSGA-II,21,reported_empirical_ref1p1_unclipped,1.1000000000,0,0.2279594489,8,0,8,39,6674bfc28682bde6a3824adcaccf00b4081146eb46feb107b06bcd7b53ed3aa8
matched_evaluation,ranking_robustness,NSGA-II,21,expanded_empirical_ref1p1_unclipped,1.1000000000,0,0.2750035049,2,0,2,39,6674bfc28682bde6a3824adcaccf00b4081146eb46feb107b06bcd7b53ed3aa8
matched_evaluation,ranking_robustness,NSGA-II,21,analytic_ref1p05_unclipped,1.0500000000,0,0.0095191287,0,0,0,39,6674bfc28682bde6a3824adcaccf00b4081146eb46feb107b06bcd7b53ed3aa8
matched_evaluation,ranking_robustness,NSGA-II,21,analytic_ref1p1_unclipped,1.1000000000,0,0.0264219948,0,0,0,39,6674bfc28682bde6a3824adcaccf00b4081146eb46feb107b06bcd7b53ed3aa8
matched_evaluation,ranking_robustness,NSGA-II,21,analytic_ref1p2_unclipped,1.2000000000,0,0.0915719025,0,0,0,39,6674bfc28682bde6a3824adcaccf00b4081146eb46feb107b06bcd7b53ed3aa8
matched_evaluation,ranking_robustness,Pareto Local Search,21,reported_empirical_ref1p1_clipped,1.1000000000,1,0.1168209759,0,0,0,40,c5f2410ac72080de753dc9540ce8dddc11433cefa39e3de36a34f94bb63f640e
matched_evaluation,ranking_robustness,Pareto Local Search,21,reported_empirical_ref1p1_unclipped,1.1000000000,0,0.1168209759,0,0,0,40,c5f2410ac72080de753dc9540ce8dddc11433cefa39e3de36a34f94bb63f640e
matched_evaluation,ranking_robustness,Pareto Local Search,21,expanded_empirical_ref1p1_unclipped,1.1000000000,0,0.1608547568,0,0,0,40,c5f2410ac72080de753dc9540ce8dddc11433cefa39e3de36a34f94bb63f640e
matched_evaluation,ranking_robustness,Pareto Local Search,21,analytic_ref1p05_unclipped,1.0500000000,0,0.0068828524,0,0,0,40,c5f2410ac72080de753dc9540ce8dddc11433cefa39e3de36a34f94bb63f640e
matched_evaluation,ranking_robustness,Pareto Local Search,21,analytic_ref1p1_unclipped,1.1000000000,0,0.0204651331,0,0,0,40,c5f2410ac72080de753dc9540ce8dddc11433cefa39e3de36a34f94bb63f640e
matched_evaluation,ranking_robustness,Pareto Local Search,21,analytic_ref1p2_unclipped,1.2000000000,0,0.0763432031,0,0,0,40,c5f2410ac72080de753dc9540ce8dddc11433cefa39e3de36a34f94bb63f640e
matched_evaluation,ranking_robustness,NSGA-II,22,reported_empirical_ref1p1_clipped,1.1000000000,1,0.1769353718,5,0,5,38,b55b1a381b9ca988c7a20a7e4a4458528346cf6237b573d562a9af746f13667f
matched_evaluation,ranking_robustness,NSGA-II,22,reported_empirical_ref1p1_unclipped,1.1000000000,0,0.2077549615,5,0,5,38,b55b1a381b9ca988c7a20a7e4a4458528346cf6237b573d562a9af746f13667f
matched_evaluation,ranking_robustness,NSGA-II,22,expanded_empirical_ref1p1_unclipped,1.1000000000,0,0.2523211451,0,0,0,38,b55b1a381b9ca988c7a20a7e4a4458528346cf6237b573d562a9af746f13667f
matched_evaluation,ranking_robustness,NSGA-II,22,analytic_ref1p05_unclipped,1.0500000000,0,0.0090474300,0,0,0,38,b55b1a381b9ca988c7a20a7e4a4458528346cf6237b573d562a9af746f13667f
matched_evaluation,ranking_robustness,NSGA-II,22,analytic_ref1p1_unclipped,1.1000000000,0,0.0256704435,0,0,0,38,b55b1a381b9ca988c7a20a7e4a4458528346cf6237b573d562a9af746f13667f
matched_evaluation,ranking_robustness,NSGA-II,22,analytic_ref1p2_unclipped,1.2000000000,0,0.0908947906,0,0,0,38,b55b1a381b9ca988c7a20a7e4a4458528346cf6237b573d562a9af746f13667f
matched_evaluation,ranking_robustness,Pareto Local Search,22,reported_empirical_ref1p1_clipped,1.1000000000,1,0.1085243014,0,0,0,40,8a0a73d91a626f7562eeaec0c53bfa243ad49b55d243f2b758510a43ea4dbe6f
matched_evaluation,ranking_robustness,Pareto Local Search,22,reported_empirical_ref1p1_unclipped,1.1000000000,0,0.1085243014,0,0,0,40,8a0a73d91a626f7562eeaec0c53bfa243ad49b55d243f2b758510a43ea4dbe6f
matched_evaluation,ranking_robustness,Pareto Local Search,22,expanded_empirical_ref1p1_unclipped,1.1000000000,0,0.1521079891,0,0,0,40,8a0a73d91a626f7562eeaec0c53bfa243ad49b55d243f2b758510a43ea4dbe6f
matched_evaluation,ranking_robustness,Pareto Local Search,22,analytic_ref1p05_unclipped,1.0500000000,0,0.0068551923,0,0,0,40,8a0a73d91a626f7562eeaec0c53bfa243ad49b55d243f2b758510a43ea4dbe6f
matched_evaluation,ranking_robustness,Pareto Local Search,22,analytic_ref1p1_unclipped,1.1000000000,0,0.0203455033,0,0,0,40,8a0a73d91a626f7562eeaec0c53bfa243ad49b55d243f2b758510a43ea4dbe6f
matched_evaluation,ranking_robustness,Pareto Local Search,22,analytic_ref1p2_unclipped,1.2000000000,0,0.0758865868,0,0,0,40,8a0a73d91a626f7562eeaec0c53bfa243ad49b55d243f2b758510a43ea4dbe6f
matched_evaluation,ranking_robustness,BiLo-NSGA,22,reported_empirical_ref1p1_clipped,1.1000000000,1,0.1784344557,0,0,0,39,3a3fe3a14e9ebc2e22f0ca30087c83003e9feea742e823ac3458c19973fc1979
matched_evaluation,ranking_robustness,BiLo-NSGA,22,reported_empirical_ref1p1_unclipped,1.1000000000,0,0.1784344557,0,0,0,39,3a3fe3a14e9ebc2e22f0ca30087c83003e9feea742e823ac3458c19973fc1979
matched_evaluation,ranking_robustness,BiLo-NSGA,22,expanded_empirical_ref1p1_unclipped,1.1000000000,0,0.2215515347,0,0,0,39,3a3fe3a14e9ebc2e22f0ca30087c83003e9feea742e823ac3458c19973fc1979
matched_evaluation,ranking_robustness,BiLo-NSGA,22,analytic_ref1p05_unclipped,1.0500000000,0,0.0071211873,0,0,0,39,3a3fe3a14e9ebc2e22f0ca30087c83003e9feea742e823ac3458c19973fc1979
matched_evaluation,ranking_robustness,BiLo-NSGA,22,analytic_ref1p1_unclipped,1.1000000000,0,0.0214214474,0,0,0,39,3a3fe3a14e9ebc2e22f0ca30087c83003e9feea742e823ac3458c19973fc1979
matched_evaluation,ranking_robustness,BiLo-NSGA,22,analytic_ref1p2_unclipped,1.2000000000,0,0.0804956545,0,0,0,39,3a3fe3a14e9ebc2e22f0ca30087c83003e9feea742e823ac3458c19973fc1979
matched_evaluation,ranking_robustness,Pareto Local Search,23,reported_empirical_ref1p1_clipped,1.1000000000,1,0.1126286550,0,0,0,40,34bb39e27ccf62863e2f574b72ac9bc4756e62dbe6d983f3114ec8587fd120e7
matched_evaluation,ranking_robustness,Pareto Local Search,23,reported_empirical_ref1p1_unclipped,1.1000000000,0,0.1126286550,0,0,0,40,34bb39e27ccf62863e2f574b72ac9bc4756e62dbe6d983f3114ec8587fd120e7
matched_evaluation,ranking_robustness,Pareto Local Search,23,expanded_empirical_ref1p1_unclipped,1.1000000000,0,0.1573307351,0,0,0,40,34bb39e27ccf62863e2f574b72ac9bc4756e62dbe6d983f3114ec8587fd120e7
matched_evaluation,ranking_robustness,Pareto Local Search,23,analytic_ref1p05_unclipped,1.0500000000,0,0.0069036902,0,0,0,40,34bb39e27ccf62863e2f574b72ac9bc4756e62dbe6d983f3114ec8587fd120e7
matched_evaluation,ranking_robustness,Pareto Local Search,23,analytic_ref1p1_unclipped,1.1000000000,0,0.0204938216,0,0,0,40,34bb39e27ccf62863e2f574b72ac9bc4756e62dbe6d983f3114ec8587fd120e7
matched_evaluation,ranking_robustness,Pareto Local Search,23,analytic_ref1p2_unclipped,1.2000000000,0,0.0764091879,0,0,0,40,34bb39e27ccf62863e2f574b72ac9bc4756e62dbe6d983f3114ec8587fd120e7
matched_evaluation,ranking_robustness,BiLo-NSGA,23,reported_empirical_ref1p1_clipped,1.1000000000,1,0.1712061804,0,0,0,39,c349ff2aca426a2ed78ce80f55b2866a1a920e4d1dba537da32e09f6abd881e0
matched_evaluation,ranking_robustness,BiLo-NSGA,23,reported_empirical_ref1p1_unclipped,1.1000000000,0,0.1712061804,0,0,0,39,c349ff2aca426a2ed78ce80f55b2866a1a920e4d1dba537da32e09f6abd881e0
matched_evaluation,ranking_robustness,BiLo-NSGA,23,expanded_empirical_ref1p1_unclipped,1.1000000000,0,0.2139450578,0,0,0,39,c349ff2aca426a2ed78ce80f55b2866a1a920e4d1dba537da32e09f6abd881e0
matched_evaluation,ranking_robustness,BiLo-NSGA,23,analytic_ref1p05_unclipped,1.0500000000,0,0.0078555995,0,0,0,39,c349ff2aca426a2ed78ce80f55b2866a1a920e4d1dba537da32e09f6abd881e0
matched_evaluation,ranking_robustness,BiLo-NSGA,23,analytic_ref1p1_unclipped,1.1000000000,0,0.0228168199,0,0,0,39,c349ff2aca426a2ed78ce80f55b2866a1a920e4d1dba537da32e09f6abd881e0
matched_evaluation,ranking_robustness,BiLo-NSGA,23,analytic_ref1p2_unclipped,1.2000000000,0,0.0832422702,0,0,0,39,c349ff2aca426a2ed78ce80f55b2866a1a920e4d1dba537da32e09f6abd881e0
matched_evaluation,ranking_robustness,NSGA-II,23,reported_empirical_ref1p1_clipped,1.1000000000,1,0.1744242266,4,0,4,38,5be4243cbe5effb5a7a0d41d01f71f9419654fb0b4e506a359e4b21db4f68444
matched_evaluation,ranking_robustness,NSGA-II,23,reported_empirical_ref1p1_unclipped,1.1000000000,0,0.2116197257,4,0,4,38,5be4243cbe5effb5a7a0d41d01f71f9419654fb0b4e506a359e4b21db4f68444
matched_evaluation,ranking_robustness,NSGA-II,23,expanded_empirical_ref1p1_unclipped,1.1000000000,0,0.2580414261,1,0,1,38,5be4243cbe5effb5a7a0d41d01f71f9419654fb0b4e506a359e4b21db4f68444
matched_evaluation,ranking_robustness,NSGA-II,23,analytic_ref1p05_unclipped,1.0500000000,0,0.0091111065,0,0,0,38,5be4243cbe5effb5a7a0d41d01f71f9419654fb0b4e506a359e4b21db4f68444
matched_evaluation,ranking_robustness,NSGA-II,23,analytic_ref1p1_unclipped,1.1000000000,0,0.0258963064,0,0,0,38,5be4243cbe5effb5a7a0d41d01f71f9419654fb0b4e506a359e4b21db4f68444
matched_evaluation,ranking_robustness,NSGA-II,23,analytic_ref1p2_unclipped,1.2000000000,0,0.0914322467,0,0,0,38,5be4243cbe5effb5a7a0d41d01f71f9419654fb0b4e506a359e4b21db4f68444
matched_evaluation,ranking_robustness,BiLo-NSGA,24,reported_empirical_ref1p1_clipped,1.1000000000,1,0.1789520064,1,0,1,38,1e2673eb6413906e2e927d523e1c0045a4f46ab5943154eace8eec7e9cd1961b
matched_evaluation,ranking_robustness,BiLo-NSGA,24,reported_empirical_ref1p1_unclipped,1.1000000000,0,0.1792082822,1,0,1,38,1e2673eb6413906e2e927d523e1c0045a4f46ab5943154eace8eec7e9cd1961b
matched_evaluation,ranking_robustness,BiLo-NSGA,24,expanded_empirical_ref1p1_unclipped,1.1000000000,0,0.2216329544,0,0,0,38,1e2673eb6413906e2e927d523e1c0045a4f46ab5943154eace8eec7e9cd1961b
matched_evaluation,ranking_robustness,BiLo-NSGA,24,analytic_ref1p05_unclipped,1.0500000000,0,0.0081600281,0,0,0,38,1e2673eb6413906e2e927d523e1c0045a4f46ab5943154eace8eec7e9cd1961b
matched_evaluation,ranking_robustness,BiLo-NSGA,24,analytic_ref1p1_unclipped,1.1000000000,0,0.0235753564,0,0,0,38,1e2673eb6413906e2e927d523e1c0045a4f46ab5943154eace8eec7e9cd1961b
matched_evaluation,ranking_robustness,BiLo-NSGA,24,analytic_ref1p2_unclipped,1.2000000000,0,0.0851252500,0,0,0,38,1e2673eb6413906e2e927d523e1c0045a4f46ab5943154eace8eec7e9cd1961b
matched_evaluation,ranking_robustness,NSGA-II,24,reported_empirical_ref1p1_clipped,1.1000000000,1,0.1738993704,4,0,4,38,7f95ef0a071e54ff03ebf9eb3098b6a8f2f814bb176b7f6ce134c9cdf9b0f81e
matched_evaluation,ranking_robustness,NSGA-II,24,reported_empirical_ref1p1_unclipped,1.1000000000,0,0.2075263353,4,0,4,38,7f95ef0a071e54ff03ebf9eb3098b6a8f2f814bb176b7f6ce134c9cdf9b0f81e
matched_evaluation,ranking_robustness,NSGA-II,24,expanded_empirical_ref1p1_unclipped,1.1000000000,0,0.2547162417,0,0,0,38,7f95ef0a071e54ff03ebf9eb3098b6a8f2f814bb176b7f6ce134c9cdf9b0f81e
matched_evaluation,ranking_robustness,NSGA-II,24,analytic_ref1p05_unclipped,1.0500000000,0,0.0088482217,0,0,0,38,7f95ef0a071e54ff03ebf9eb3098b6a8f2f814bb176b7f6ce134c9cdf9b0f81e
matched_evaluation,ranking_robustness,NSGA-II,24,analytic_ref1p1_unclipped,1.1000000000,0,0.0254150100,0,0,0,38,7f95ef0a071e54ff03ebf9eb3098b6a8f2f814bb176b7f6ce134c9cdf9b0f81e
matched_evaluation,ranking_robustness,NSGA-II,24,analytic_ref1p2_unclipped,1.2000000000,0,0.0903974452,0,0,0,38,7f95ef0a071e54ff03ebf9eb3098b6a8f2f814bb176b7f6ce134c9cdf9b0f81e
matched_evaluation,ranking_robustness,Pareto Local Search,24,reported_empirical_ref1p1_clipped,1.1000000000,1,0.1174514542,0,0,0,40,d528f0ee996087a4fc0bd054666f8f3ddddc04aba9622c3fa77471c4e843e33f
matched_evaluation,ranking_robustness,Pareto Local Search,24,reported_empirical_ref1p1_unclipped,1.1000000000,0,0.1174514542,0,0,0,40,d528f0ee996087a4fc0bd054666f8f3ddddc04aba9622c3fa77471c4e843e33f
matched_evaluation,ranking_robustness,Pareto Local Search,24,expanded_empirical_ref1p1_unclipped,1.1000000000,0,0.1610383206,0,0,0,40,d528f0ee996087a4fc0bd054666f8f3ddddc04aba9622c3fa77471c4e843e33f
matched_evaluation,ranking_robustness,Pareto Local Search,24,analytic_ref1p05_unclipped,1.0500000000,0,0.0063248329,0,0,0,40,d528f0ee996087a4fc0bd054666f8f3ddddc04aba9622c3fa77471c4e843e33f
matched_evaluation,ranking_robustness,Pareto Local Search,24,analytic_ref1p1_unclipped,1.1000000000,0,0.0193492103,0,0,0,40,d528f0ee996087a4fc0bd054666f8f3ddddc04aba9622c3fa77471c4e843e33f
matched_evaluation,ranking_robustness,Pareto Local Search,24,analytic_ref1p2_unclipped,1.2000000000,0,0.0741855493,0,0,0,40,d528f0ee996087a4fc0bd054666f8f3ddddc04aba9622c3fa77471c4e843e33f
matched_evaluation,ranking_robustness,NSGA-II,25,reported_empirical_ref1p1_clipped,1.1000000000,1,0.1745804032,3,0,3,38,f3109fe00fd21c3937a856f22265bb28c3c5f2c34376829bcb90dc29273d364f
matched_evaluation,ranking_robustness,NSGA-II,25,reported_empirical_ref1p1_unclipped,1.1000000000,0,0.1944522406,3,0,3,38,f3109fe00fd21c3937a856f22265bb28c3c5f2c34376829bcb90dc29273d364f
matched_evaluation,ranking_robustness,NSGA-II,25,expanded_empirical_ref1p1_unclipped,1.1000000000,0,0.2401445227,0,0,0,38,f3109fe00fd21c3937a856f22265bb28c3c5f2c34376829bcb90dc29273d364f
matched_evaluation,ranking_robustness,NSGA-II,25,analytic_ref1p05_unclipped,1.0500000000,0,0.0086308936,0,0,0,38,f3109fe00fd21c3937a856f22265bb28c3c5f2c34376829bcb90dc29273d364f
matched_evaluation,ranking_robustness,NSGA-II,25,analytic_ref1p1_unclipped,1.1000000000,0,0.0247966216,0,0,0,38,f3109fe00fd21c3937a856f22265bb28c3c5f2c34376829bcb90dc29273d364f
matched_evaluation,ranking_robustness,NSGA-II,25,analytic_ref1p2_unclipped,1.2000000000,0,0.0887058917,0,0,0,38,f3109fe00fd21c3937a856f22265bb28c3c5f2c34376829bcb90dc29273d364f
matched_evaluation,ranking_robustness,Pareto Local Search,25,reported_empirical_ref1p1_clipped,1.1000000000,1,0.1091962598,0,0,0,40,5bc8c88ba47bd86cf550f4ec9a0c5182b174cf117325a7f9c974f1ee9971bbe5
matched_evaluation,ranking_robustness,Pareto Local Search,25,reported_empirical_ref1p1_unclipped,1.1000000000,0,0.1091962598,0,0,0,40,5bc8c88ba47bd86cf550f4ec9a0c5182b174cf117325a7f9c974f1ee9971bbe5
matched_evaluation,ranking_robustness,Pareto Local Search,25,expanded_empirical_ref1p1_unclipped,1.1000000000,0,0.1535226432,0,0,0,40,5bc8c88ba47bd86cf550f4ec9a0c5182b174cf117325a7f9c974f1ee9971bbe5
matched_evaluation,ranking_robustness,Pareto Local Search,25,analytic_ref1p05_unclipped,1.0500000000,0,0.0069525700,0,0,0,40,5bc8c88ba47bd86cf550f4ec9a0c5182b174cf117325a7f9c974f1ee9971bbe5
matched_evaluation,ranking_robustness,Pareto Local Search,25,analytic_ref1p1_unclipped,1.1000000000,0,0.0206401929,0,0,0,40,5bc8c88ba47bd86cf550f4ec9a0c5182b174cf117325a7f9c974f1ee9971bbe5
matched_evaluation,ranking_robustness,Pareto Local Search,25,analytic_ref1p2_unclipped,1.2000000000,0,0.0768990437,0,0,0,40,5bc8c88ba47bd86cf550f4ec9a0c5182b174cf117325a7f9c974f1ee9971bbe5
matched_evaluation,ranking_robustness,BiLo-NSGA,25,reported_empirical_ref1p1_clipped,1.1000000000,1,0.1713478369,0,0,0,39,30249ff5e4f013d9a226b1515ac3ee0c6562dd32778434f4021bc8ec1665dd70
matched_evaluation,ranking_robustness,BiLo-NSGA,25,reported_empirical_ref1p1_unclipped,1.1000000000,0,0.1713478369,0,0,0,39,30249ff5e4f013d9a226b1515ac3ee0c6562dd32778434f4021bc8ec1665dd70
matched_evaluation,ranking_robustness,BiLo-NSGA,25,expanded_empirical_ref1p1_unclipped,1.1000000000,0,0.2148206505,0,0,0,39,30249ff5e4f013d9a226b1515ac3ee0c6562dd32778434f4021bc8ec1665dd70
matched_evaluation,ranking_robustness,BiLo-NSGA,25,analytic_ref1p05_unclipped,1.0500000000,0,0.0080107069,0,0,0,39,30249ff5e4f013d9a226b1515ac3ee0c6562dd32778434f4021bc8ec1665dd70
matched_evaluation,ranking_robustness,BiLo-NSGA,25,analytic_ref1p1_unclipped,1.1000000000,0,0.0232121782,0,0,0,39,30249ff5e4f013d9a226b1515ac3ee0c6562dd32778434f4021bc8ec1665dd70
matched_evaluation,ranking_robustness,BiLo-NSGA,25,analytic_ref1p2_unclipped,1.2000000000,0,0.0841651778,0,0,0,39,30249ff5e4f013d9a226b1515ac3ee0c6562dd32778434f4021bc8ec1665dd70
matched_evaluation,ranking_robustness,Pareto Local Search,26,reported_empirical_ref1p1_clipped,1.1000000000,1,0.1212887499,0,0,0,40,67062e3a70693370928b453b37009c497d7e1af4a82280c6ef626a7c6736c878
matched_evaluation,ranking_robustness,Pareto Local Search,26,reported_empirical_ref1p1_unclipped,1.1000000000,0,0.1212887499,0,0,0,40,67062e3a70693370928b453b37009c497d7e1af4a82280c6ef626a7c6736c878
matched_evaluation,ranking_robustness,Pareto Local Search,26,expanded_empirical_ref1p1_unclipped,1.1000000000,0,0.1649808048,0,0,0,40,67062e3a70693370928b453b37009c497d7e1af4a82280c6ef626a7c6736c878
matched_evaluation,ranking_robustness,Pareto Local Search,26,analytic_ref1p05_unclipped,1.0500000000,0,0.0074589485,0,0,0,40,67062e3a70693370928b453b37009c497d7e1af4a82280c6ef626a7c6736c878
matched_evaluation,ranking_robustness,Pareto Local Search,26,analytic_ref1p1_unclipped,1.1000000000,0,0.0216551721,0,0,0,40,67062e3a70693370928b453b37009c497d7e1af4a82280c6ef626a7c6736c878
matched_evaluation,ranking_robustness,Pareto Local Search,26,analytic_ref1p2_unclipped,1.2000000000,0,0.0791677332,0,0,0,40,67062e3a70693370928b453b37009c497d7e1af4a82280c6ef626a7c6736c878
matched_evaluation,ranking_robustness,BiLo-NSGA,26,reported_empirical_ref1p1_clipped,1.1000000000,1,0.1734294401,0,0,0,39,5c7c31c1c9e67e3ec98565d2823597c71db84994e40d17059af5f5c5979cf073
matched_evaluation,ranking_robustness,BiLo-NSGA,26,reported_empirical_ref1p1_unclipped,1.1000000000,0,0.1734294401,0,0,0,39,5c7c31c1c9e67e3ec98565d2823597c71db84994e40d17059af5f5c5979cf073
matched_evaluation,ranking_robustness,BiLo-NSGA,26,expanded_empirical_ref1p1_unclipped,1.1000000000,0,0.2153064314,0,0,0,39,5c7c31c1c9e67e3ec98565d2823597c71db84994e40d17059af5f5c5979cf073
matched_evaluation,ranking_robustness,BiLo-NSGA,26,analytic_ref1p05_unclipped,1.0500000000,0,0.0077473999,0,0,0,39,5c7c31c1c9e67e3ec98565d2823597c71db84994e40d17059af5f5c5979cf073
matched_evaluation,ranking_robustness,BiLo-NSGA,26,analytic_ref1p1_unclipped,1.1000000000,0,0.0224368383,0,0,0,39,5c7c31c1c9e67e3ec98565d2823597c71db84994e40d17059af5f5c5979cf073
matched_evaluation,ranking_robustness,BiLo-NSGA,26,analytic_ref1p2_unclipped,1.2000000000,0,0.0817723108,0,0,0,39,5c7c31c1c9e67e3ec98565d2823597c71db84994e40d17059af5f5c5979cf073
matched_evaluation,ranking_robustness,NSGA-II,26,reported_empirical_ref1p1_clipped,1.1000000000,1,0.1734344153,6,0,6,38,e5cdff01676668202a3342838975af2d22fd2821cff0f13efa3b4091cbbca47f
matched_evaluation,ranking_robustness,NSGA-II,26,reported_empirical_ref1p1_unclipped,1.1000000000,0,0.2081651325,6,0,6,38,e5cdff01676668202a3342838975af2d22fd2821cff0f13efa3b4091cbbca47f
matched_evaluation,ranking_robustness,NSGA-II,26,expanded_empirical_ref1p1_unclipped,1.1000000000,0,0.2545587744,0,0,0,38,e5cdff01676668202a3342838975af2d22fd2821cff0f13efa3b4091cbbca47f
matched_evaluation,ranking_robustness,NSGA-II,26,analytic_ref1p05_unclipped,1.0500000000,0,0.0090430879,0,0,0,38,e5cdff01676668202a3342838975af2d22fd2821cff0f13efa3b4091cbbca47f
matched_evaluation,ranking_robustness,NSGA-II,26,analytic_ref1p1_unclipped,1.1000000000,0,0.0257708596,0,0,0,38,e5cdff01676668202a3342838975af2d22fd2821cff0f13efa3b4091cbbca47f
matched_evaluation,ranking_robustness,NSGA-II,26,analytic_ref1p2_unclipped,1.2000000000,0,0.0910840463,0,0,0,38,e5cdff01676668202a3342838975af2d22fd2821cff0f13efa3b4091cbbca47f
matched_evaluation,ranking_robustness,BiLo-NSGA,27,reported_empirical_ref1p1_clipped,1.1000000000,1,0.1721568001,0,0,0,39,efa329237915b52f5c002a776ba0bcf3a16822c7beae1051517dc9af4f79902d
matched_evaluation,ranking_robustness,BiLo-NSGA,27,reported_empirical_ref1p1_unclipped,1.1000000000,0,0.1721568001,0,0,0,39,efa329237915b52f5c002a776ba0bcf3a16822c7beae1051517dc9af4f79902d
matched_evaluation,ranking_robustness,BiLo-NSGA,27,expanded_empirical_ref1p1_unclipped,1.1000000000,0,0.2148443806,0,0,0,39,efa329237915b52f5c002a776ba0bcf3a16822c7beae1051517dc9af4f79902d
matched_evaluation,ranking_robustness,BiLo-NSGA,27,analytic_ref1p05_unclipped,1.0500000000,0,0.0078171263,0,0,0,39,efa329237915b52f5c002a776ba0bcf3a16822c7beae1051517dc9af4f79902d
matched_evaluation,ranking_robustness,BiLo-NSGA,27,analytic_ref1p1_unclipped,1.1000000000,0,0.0227023812,0,0,0,39,efa329237915b52f5c002a776ba0bcf3a16822c7beae1051517dc9af4f79902d
matched_evaluation,ranking_robustness,BiLo-NSGA,27,analytic_ref1p2_unclipped,1.2000000000,0,0.0826680796,0,0,0,39,efa329237915b52f5c002a776ba0bcf3a16822c7beae1051517dc9af4f79902d
matched_evaluation,ranking_robustness,NSGA-II,27,reported_empirical_ref1p1_clipped,1.1000000000,1,0.1726991711,7,0,7,36,f97428fa2f7fe2455838719a0ba01de8e9aca0b66e17450bd990745302b5dd72
matched_evaluation,ranking_robustness,NSGA-II,27,reported_empirical_ref1p1_unclipped,1.1000000000,0,0.2232768440,7,0,7,36,f97428fa2f7fe2455838719a0ba01de8e9aca0b66e17450bd990745302b5dd72
matched_evaluation,ranking_robustness,NSGA-II,27,expanded_empirical_ref1p1_unclipped,1.1000000000,0,0.2704515137,2,0,2,36,f97428fa2f7fe2455838719a0ba01de8e9aca0b66e17450bd990745302b5dd72
matched_evaluation,ranking_robustness,NSGA-II,27,analytic_ref1p05_unclipped,1.0500000000,0,0.0091207159,0,0,0,36,f97428fa2f7fe2455838719a0ba01de8e9aca0b66e17450bd990745302b5dd72
matched_evaluation,ranking_robustness,NSGA-II,27,analytic_ref1p1_unclipped,1.1000000000,0,0.0259734628,0,0,0,36,f97428fa2f7fe2455838719a0ba01de8e9aca0b66e17450bd990745302b5dd72
matched_evaluation,ranking_robustness,NSGA-II,27,analytic_ref1p2_unclipped,1.2000000000,0,0.0918866669,0,0,0,36,f97428fa2f7fe2455838719a0ba01de8e9aca0b66e17450bd990745302b5dd72
matched_evaluation,ranking_robustness,Pareto Local Search,27,reported_empirical_ref1p1_clipped,1.1000000000,1,0.1145426262,0,0,0,40,15ba735168a773c1dfa89c5e14ea5841ffa955a4827a73819cedaf9e7b095a91
matched_evaluation,ranking_robustness,Pareto Local Search,27,reported_empirical_ref1p1_unclipped,1.1000000000,0,0.1145426262,0,0,0,40,15ba735168a773c1dfa89c5e14ea5841ffa955a4827a73819cedaf9e7b095a91
matched_evaluation,ranking_robustness,Pareto Local Search,27,expanded_empirical_ref1p1_unclipped,1.1000000000,0,0.1586807796,0,0,0,40,15ba735168a773c1dfa89c5e14ea5841ffa955a4827a73819cedaf9e7b095a91
matched_evaluation,ranking_robustness,Pareto Local Search,27,analytic_ref1p05_unclipped,1.0500000000,0,0.0069858097,0,0,0,40,15ba735168a773c1dfa89c5e14ea5841ffa955a4827a73819cedaf9e7b095a91
matched_evaluation,ranking_robustness,Pareto Local Search,27,analytic_ref1p1_unclipped,1.1000000000,0,0.0207272481,0,0,0,40,15ba735168a773c1dfa89c5e14ea5841ffa955a4827a73819cedaf9e7b095a91
matched_evaluation,ranking_robustness,Pareto Local Search,27,analytic_ref1p2_unclipped,1.2000000000,0,0.0772135524,0,0,0,40,15ba735168a773c1dfa89c5e14ea5841ffa955a4827a73819cedaf9e7b095a91
matched_evaluation,ranking_robustness,NSGA-II,28,reported_empirical_ref1p1_clipped,1.1000000000,1,0.1727513163,5,0,5,39,cc32e2e9fa991a496a328811683849840ea31b4d0d4f7417e10e81c0acb40763
matched_evaluation,ranking_robustness,NSGA-II,28,reported_empirical_ref1p1_unclipped,1.1000000000,0,0.2047305008,5,0,5,39,cc32e2e9fa991a496a328811683849840ea31b4d0d4f7417e10e81c0acb40763
matched_evaluation,ranking_robustness,NSGA-II,28,expanded_empirical_ref1p1_unclipped,1.1000000000,0,0.2518419959,0,0,0,39,cc32e2e9fa991a496a328811683849840ea31b4d0d4f7417e10e81c0acb40763
matched_evaluation,ranking_robustness,NSGA-II,28,analytic_ref1p05_unclipped,1.0500000000,0,0.0087904182,0,0,0,39,cc32e2e9fa991a496a328811683849840ea31b4d0d4f7417e10e81c0acb40763
matched_evaluation,ranking_robustness,NSGA-II,28,analytic_ref1p1_unclipped,1.1000000000,0,0.0251843184,0,0,0,39,cc32e2e9fa991a496a328811683849840ea31b4d0d4f7417e10e81c0acb40763
matched_evaluation,ranking_robustness,NSGA-II,28,analytic_ref1p2_unclipped,1.2000000000,0,0.0897137940,0,0,0,39,cc32e2e9fa991a496a328811683849840ea31b4d0d4f7417e10e81c0acb40763
matched_evaluation,ranking_robustness,Pareto Local Search,28,reported_empirical_ref1p1_clipped,1.1000000000,1,0.1078742687,0,0,0,40,37bd0eb58785726403b58c5b5f014ab9c2e330a7f87aecfbafbd1c43e37c2f0e
matched_evaluation,ranking_robustness,Pareto Local Search,28,reported_empirical_ref1p1_unclipped,1.1000000000,0,0.1078742687,0,0,0,40,37bd0eb58785726403b58c5b5f014ab9c2e330a7f87aecfbafbd1c43e37c2f0e
matched_evaluation,ranking_robustness,Pareto Local Search,28,expanded_empirical_ref1p1_unclipped,1.1000000000,0,0.1514412393,0,0,0,40,37bd0eb58785726403b58c5b5f014ab9c2e330a7f87aecfbafbd1c43e37c2f0e
matched_evaluation,ranking_robustness,Pareto Local Search,28,analytic_ref1p05_unclipped,1.0500000000,0,0.0067481279,0,0,0,40,37bd0eb58785726403b58c5b5f014ab9c2e330a7f87aecfbafbd1c43e37c2f0e
matched_evaluation,ranking_robustness,Pareto Local Search,28,analytic_ref1p1_unclipped,1.1000000000,0,0.0201863583,0,0,0,40,37bd0eb58785726403b58c5b5f014ab9c2e330a7f87aecfbafbd1c43e37c2f0e
matched_evaluation,ranking_robustness,Pareto Local Search,28,analytic_ref1p2_unclipped,1.2000000000,0,0.0756602057,0,0,0,40,37bd0eb58785726403b58c5b5f014ab9c2e330a7f87aecfbafbd1c43e37c2f0e
matched_evaluation,ranking_robustness,BiLo-NSGA,28,reported_empirical_ref1p1_clipped,1.1000000000,1,0.1723870586,0,0,0,39,9000b7288f4d601dd4f84e5ab52e5ca7de84bba75f866435e356dec0f845165e
matched_evaluation,ranking_robustness,BiLo-NSGA,28,reported_empirical_ref1p1_unclipped,1.1000000000,0,0.1723870586,0,0,0,39,9000b7288f4d601dd4f84e5ab52e5ca7de84bba75f866435e356dec0f845165e
matched_evaluation,ranking_robustness,BiLo-NSGA,28,expanded_empirical_ref1p1_unclipped,1.1000000000,0,0.2160442029,0,0,0,39,9000b7288f4d601dd4f84e5ab52e5ca7de84bba75f866435e356dec0f845165e
matched_evaluation,ranking_robustness,BiLo-NSGA,28,analytic_ref1p05_unclipped,1.0500000000,0,0.0073374432,0,0,0,39,9000b7288f4d601dd4f84e5ab52e5ca7de84bba75f866435e356dec0f845165e
matched_evaluation,ranking_robustness,BiLo-NSGA,28,analytic_ref1p1_unclipped,1.1000000000,0,0.0217413731,0,0,0,39,9000b7288f4d601dd4f84e5ab52e5ca7de84bba75f866435e356dec0f845165e
matched_evaluation,ranking_robustness,BiLo-NSGA,28,analytic_ref1p2_unclipped,1.2000000000,0,0.0807816087,0,0,0,39,9000b7288f4d601dd4f84e5ab52e5ca7de84bba75f866435e356dec0f845165e
matched_evaluation,ranking_robustness,Pareto Local Search,29,reported_empirical_ref1p1_clipped,1.1000000000,1,0.1090398262,0,0,0,40,7978c24e55750425a098be253fe0e821216f2a5dc8f3cf6b290e8fdb1d5061eb
matched_evaluation,ranking_robustness,Pareto Local Search,29,reported_empirical_ref1p1_unclipped,1.1000000000,0,0.1090398262,0,0,0,40,7978c24e55750425a098be253fe0e821216f2a5dc8f3cf6b290e8fdb1d5061eb
matched_evaluation,ranking_robustness,Pareto Local Search,29,expanded_empirical_ref1p1_unclipped,1.1000000000,0,0.1527548936,0,0,0,40,7978c24e55750425a098be253fe0e821216f2a5dc8f3cf6b290e8fdb1d5061eb
matched_evaluation,ranking_robustness,Pareto Local Search,29,analytic_ref1p05_unclipped,1.0500000000,0,0.0067471600,0,0,0,40,7978c24e55750425a098be253fe0e821216f2a5dc8f3cf6b290e8fdb1d5061eb
matched_evaluation,ranking_robustness,Pareto Local Search,29,analytic_ref1p1_unclipped,1.1000000000,0,0.0201672443,0,0,0,40,7978c24e55750425a098be253fe0e821216f2a5dc8f3cf6b290e8fdb1d5061eb
matched_evaluation,ranking_robustness,Pareto Local Search,29,analytic_ref1p2_unclipped,1.2000000000,0,0.0756771309,0,0,0,40,7978c24e55750425a098be253fe0e821216f2a5dc8f3cf6b290e8fdb1d5061eb
matched_evaluation,ranking_robustness,BiLo-NSGA,29,reported_empirical_ref1p1_clipped,1.1000000000,1,0.1758243671,0,0,0,39,967a9120dac1f8a30a72a531c2773d8989b7d12ca3b10592a5766486d9444c20
matched_evaluation,ranking_robustness,BiLo-NSGA,29,reported_empirical_ref1p1_unclipped,1.1000000000,0,0.1758243671,0,0,0,39,967a9120dac1f8a30a72a531c2773d8989b7d12ca3b10592a5766486d9444c20
matched_evaluation,ranking_robustness,BiLo-NSGA,29,expanded_empirical_ref1p1_unclipped,1.1000000000,0,0.2183705115,0,0,0,39,967a9120dac1f8a30a72a531c2773d8989b7d12ca3b10592a5766486d9444c20
matched_evaluation,ranking_robustness,BiLo-NSGA,29,analytic_ref1p05_unclipped,1.0500000000,0,0.0080144191,0,0,0,39,967a9120dac1f8a30a72a531c2773d8989b7d12ca3b10592a5766486d9444c20
matched_evaluation,ranking_robustness,BiLo-NSGA,29,analytic_ref1p1_unclipped,1.1000000000,0,0.0232475273,0,0,0,39,967a9120dac1f8a30a72a531c2773d8989b7d12ca3b10592a5766486d9444c20
matched_evaluation,ranking_robustness,BiLo-NSGA,29,analytic_ref1p2_unclipped,1.2000000000,0,0.0843677499,0,0,0,39,967a9120dac1f8a30a72a531c2773d8989b7d12ca3b10592a5766486d9444c20
matched_evaluation,ranking_robustness,NSGA-II,29,reported_empirical_ref1p1_clipped,1.1000000000,1,0.1732744000,3,0,3,39,90d587a3d780864ba93dee1c8a5092c1dad2838122d308ae542a63b7b60eb7ea
matched_evaluation,ranking_robustness,NSGA-II,29,reported_empirical_ref1p1_unclipped,1.1000000000,0,0.2059092307,3,0,3,39,90d587a3d780864ba93dee1c8a5092c1dad2838122d308ae542a63b7b60eb7ea
matched_evaluation,ranking_robustness,NSGA-II,29,expanded_empirical_ref1p1_unclipped,1.1000000000,0,0.2527209255,0,0,0,39,90d587a3d780864ba93dee1c8a5092c1dad2838122d308ae542a63b7b60eb7ea
matched_evaluation,ranking_robustness,NSGA-II,29,analytic_ref1p05_unclipped,1.0500000000,0,0.0089100852,0,0,0,39,90d587a3d780864ba93dee1c8a5092c1dad2838122d308ae542a63b7b60eb7ea
matched_evaluation,ranking_robustness,NSGA-II,29,analytic_ref1p1_unclipped,1.1000000000,0,0.0254890098,0,0,0,39,90d587a3d780864ba93dee1c8a5092c1dad2838122d308ae542a63b7b60eb7ea
matched_evaluation,ranking_robustness,NSGA-II,29,analytic_ref1p2_unclipped,1.2000000000,0,0.0905660704,0,0,0,39,90d587a3d780864ba93dee1c8a5092c1dad2838122d308ae542a63b7b60eb7ea
matched_evaluation,budget_sensitivity,BiLo-NSGA,0,reported_empirical_ref1p1_clipped,1.1000000000,1,0.1353128197,0,0,0,37,5a5cdee04ed8329d5a6e55cb0a06d3ce0cf5beecc5830c5e1983e0e53b1c89da
matched_evaluation,budget_sensitivity,BiLo-NSGA,0,reported_empirical_ref1p1_unclipped,1.1000000000,0,0.1353128197,0,0,0,37,5a5cdee04ed8329d5a6e55cb0a06d3ce0cf5beecc5830c5e1983e0e53b1c89da
matched_evaluation,budget_sensitivity,BiLo-NSGA,0,expanded_empirical_ref1p1_unclipped,1.1000000000,0,0.1814418391,0,0,0,37,5a5cdee04ed8329d5a6e55cb0a06d3ce0cf5beecc5830c5e1983e0e53b1c89da
matched_evaluation,budget_sensitivity,BiLo-NSGA,0,analytic_ref1p05_unclipped,1.0500000000,0,0.0067178440,0,0,0,37,5a5cdee04ed8329d5a6e55cb0a06d3ce0cf5beecc5830c5e1983e0e53b1c89da
matched_evaluation,budget_sensitivity,BiLo-NSGA,0,analytic_ref1p1_unclipped,1.1000000000,0,0.0203769615,0,0,0,37,5a5cdee04ed8329d5a6e55cb0a06d3ce0cf5beecc5830c5e1983e0e53b1c89da
matched_evaluation,budget_sensitivity,BiLo-NSGA,0,analytic_ref1p2_unclipped,1.2000000000,0,0.0767702450,0,0,0,37,5a5cdee04ed8329d5a6e55cb0a06d3ce0cf5beecc5830c5e1983e0e53b1c89da
matched_evaluation,budget_sensitivity,NSGA-II,0,reported_empirical_ref1p1_clipped,1.1000000000,1,0.1680924249,1,0,1,37,0a0414d657c42c2556c226618885a7c99bd775695fcae3868caf0bcc12dff929
matched_evaluation,budget_sensitivity,NSGA-II,0,reported_empirical_ref1p1_unclipped,1.1000000000,0,0.1744448038,1,0,1,37,0a0414d657c42c2556c226618885a7c99bd775695fcae3868caf0bcc12dff929
matched_evaluation,budget_sensitivity,NSGA-II,0,expanded_empirical_ref1p1_unclipped,1.1000000000,0,0.2224066169,0,0,0,37,0a0414d657c42c2556c226618885a7c99bd775695fcae3868caf0bcc12dff929
matched_evaluation,budget_sensitivity,NSGA-II,0,analytic_ref1p05_unclipped,1.0500000000,0,0.0074819304,0,0,0,37,0a0414d657c42c2556c226618885a7c99bd775695fcae3868caf0bcc12dff929
matched_evaluation,budget_sensitivity,NSGA-II,0,analytic_ref1p1_unclipped,1.1000000000,0,0.0223181361,0,0,0,37,0a0414d657c42c2556c226618885a7c99bd775695fcae3868caf0bcc12dff929
matched_evaluation,budget_sensitivity,NSGA-II,0,analytic_ref1p2_unclipped,1.2000000000,0,0.0825243532,0,0,0,37,0a0414d657c42c2556c226618885a7c99bd775695fcae3868caf0bcc12dff929
matched_evaluation,budget_sensitivity,Pareto Local Search,0,reported_empirical_ref1p1_clipped,1.1000000000,1,0.0998080311,0,0,0,40,c3ca5017a6f4a8f05b27e57df6296b1f877f17f20e93eb90405d014b3fb05d8e
matched_evaluation,budget_sensitivity,Pareto Local Search,0,reported_empirical_ref1p1_unclipped,1.1000000000,0,0.0998080311,0,0,0,40,c3ca5017a6f4a8f05b27e57df6296b1f877f17f20e93eb90405d014b3fb05d8e
matched_evaluation,budget_sensitivity,Pareto Local Search,0,expanded_empirical_ref1p1_unclipped,1.1000000000,0,0.1451594950,0,0,0,40,c3ca5017a6f4a8f05b27e57df6296b1f877f17f20e93eb90405d014b3fb05d8e
matched_evaluation,budget_sensitivity,Pareto Local Search,0,analytic_ref1p05_unclipped,1.0500000000,0,0.0061483481,0,0,0,40,c3ca5017a6f4a8f05b27e57df6296b1f877f17f20e93eb90405d014b3fb05d8e
matched_evaluation,budget_sensitivity,Pareto Local Search,0,analytic_ref1p1_unclipped,1.1000000000,0,0.0189432049,0,0,0,40,c3ca5017a6f4a8f05b27e57df6296b1f877f17f20e93eb90405d014b3fb05d8e
matched_evaluation,budget_sensitivity,Pareto Local Search,0,analytic_ref1p2_unclipped,1.2000000000,0,0.0725398197,0,0,0,40,c3ca5017a6f4a8f05b27e57df6296b1f877f17f20e93eb90405d014b3fb05d8e
matched_evaluation,budget_sensitivity,NSGA-II,1,reported_empirical_ref1p1_clipped,1.1000000000,1,0.1668610502,2,0,2,38,317d961a6a13e802628381e691a31154119e0ed6a797cc63e25667633eb7f466
matched_evaluation,budget_sensitivity,NSGA-II,1,reported_empirical_ref1p1_unclipped,1.1000000000,0,0.1819480066,2,0,2,38,317d961a6a13e802628381e691a31154119e0ed6a797cc63e25667633eb7f466
matched_evaluation,budget_sensitivity,NSGA-II,1,expanded_empirical_ref1p1_unclipped,1.1000000000,0,0.2311482187,0,0,0,38,317d961a6a13e802628381e691a31154119e0ed6a797cc63e25667633eb7f466
matched_evaluation,budget_sensitivity,NSGA-II,1,analytic_ref1p05_unclipped,1.0500000000,0,0.0075446494,0,0,0,38,317d961a6a13e802628381e691a31154119e0ed6a797cc63e25667633eb7f466
matched_evaluation,budget_sensitivity,NSGA-II,1,analytic_ref1p1_unclipped,1.1000000000,0,0.0225539852,0,0,0,38,317d961a6a13e802628381e691a31154119e0ed6a797cc63e25667633eb7f466
matched_evaluation,budget_sensitivity,NSGA-II,1,analytic_ref1p2_unclipped,1.2000000000,0,0.0832751933,0,0,0,38,317d961a6a13e802628381e691a31154119e0ed6a797cc63e25667633eb7f466
matched_evaluation,budget_sensitivity,Pareto Local Search,1,reported_empirical_ref1p1_clipped,1.1000000000,1,0.0891108302,0,0,0,40,179e0107de870a4c5339fb4965062d367e1e3c8fd35ccbdae5ed9794c5c701be
matched_evaluation,budget_sensitivity,Pareto Local Search,1,reported_empirical_ref1p1_unclipped,1.1000000000,0,0.0891108302,0,0,0,40,179e0107de870a4c5339fb4965062d367e1e3c8fd35ccbdae5ed9794c5c701be
matched_evaluation,budget_sensitivity,Pareto Local Search,1,expanded_empirical_ref1p1_unclipped,1.1000000000,0,0.1351033759,0,0,0,40,179e0107de870a4c5339fb4965062d367e1e3c8fd35ccbdae5ed9794c5c701be
matched_evaluation,budget_sensitivity,Pareto Local Search,1,analytic_ref1p05_unclipped,1.0500000000,0,0.0056842908,0,0,0,40,179e0107de870a4c5339fb4965062d367e1e3c8fd35ccbdae5ed9794c5c701be
matched_evaluation,budget_sensitivity,Pareto Local Search,1,analytic_ref1p1_unclipped,1.1000000000,0,0.0179221367,0,0,0,40,179e0107de870a4c5339fb4965062d367e1e3c8fd35ccbdae5ed9794c5c701be
matched_evaluation,budget_sensitivity,Pareto Local Search,1,analytic_ref1p2_unclipped,1.2000000000,0,0.0701108276,0,0,0,40,179e0107de870a4c5339fb4965062d367e1e3c8fd35ccbdae5ed9794c5c701be
matched_evaluation,budget_sensitivity,BiLo-NSGA,1,reported_empirical_ref1p1_clipped,1.1000000000,1,0.1473606957,0,0,0,38,492616f1291d648b7f20edabfd9932aa514a61967e9a5fdaf047a65edea6b6d9
matched_evaluation,budget_sensitivity,BiLo-NSGA,1,reported_empirical_ref1p1_unclipped,1.1000000000,0,0.1473606957,0,0,0,38,492616f1291d648b7f20edabfd9932aa514a61967e9a5fdaf047a65edea6b6d9
matched_evaluation,budget_sensitivity,BiLo-NSGA,1,expanded_empirical_ref1p1_unclipped,1.1000000000,0,0.1929865265,0,0,0,38,492616f1291d648b7f20edabfd9932aa514a61967e9a5fdaf047a65edea6b6d9
matched_evaluation,budget_sensitivity,BiLo-NSGA,1,analytic_ref1p05_unclipped,1.0500000000,0,0.0074318971,0,0,0,38,492616f1291d648b7f20edabfd9932aa514a61967e9a5fdaf047a65edea6b6d9
matched_evaluation,budget_sensitivity,BiLo-NSGA,1,analytic_ref1p1_unclipped,1.1000000000,0,0.0219538938,0,0,0,38,492616f1291d648b7f20edabfd9932aa514a61967e9a5fdaf047a65edea6b6d9
matched_evaluation,budget_sensitivity,BiLo-NSGA,1,analytic_ref1p2_unclipped,1.2000000000,0,0.0806425302,0,0,0,38,492616f1291d648b7f20edabfd9932aa514a61967e9a5fdaf047a65edea6b6d9
matched_evaluation,budget_sensitivity,Pareto Local Search,2,reported_empirical_ref1p1_clipped,1.1000000000,1,0.0966376333,0,0,0,40,8ec3d13a828f365f30c3dc4047fb1e70b8f79a65674a22a6e05e3276f72e7af3
matched_evaluation,budget_sensitivity,Pareto Local Search,2,reported_empirical_ref1p1_unclipped,1.1000000000,0,0.0966376333,0,0,0,40,8ec3d13a828f365f30c3dc4047fb1e70b8f79a65674a22a6e05e3276f72e7af3
matched_evaluation,budget_sensitivity,Pareto Local Search,2,expanded_empirical_ref1p1_unclipped,1.1000000000,0,0.1423274028,0,0,0,40,8ec3d13a828f365f30c3dc4047fb1e70b8f79a65674a22a6e05e3276f72e7af3
matched_evaluation,budget_sensitivity,Pareto Local Search,2,analytic_ref1p05_unclipped,1.0500000000,0,0.0061469512,0,0,0,40,8ec3d13a828f365f30c3dc4047fb1e70b8f79a65674a22a6e05e3276f72e7af3
matched_evaluation,budget_sensitivity,Pareto Local Search,2,analytic_ref1p1_unclipped,1.1000000000,0,0.0189106163,0,0,0,40,8ec3d13a828f365f30c3dc4047fb1e70b8f79a65674a22a6e05e3276f72e7af3
matched_evaluation,budget_sensitivity,Pareto Local Search,2,analytic_ref1p2_unclipped,1.2000000000,0,0.0724408253,0,0,0,40,8ec3d13a828f365f30c3dc4047fb1e70b8f79a65674a22a6e05e3276f72e7af3
matched_evaluation,budget_sensitivity,BiLo-NSGA,2,reported_empirical_ref1p1_clipped,1.1000000000,1,0.1341451077,0,0,0,37,6d54d18aa650c04a6c4d2650f36c9aaa7d6a421f4de371364d7d9741424dba60
matched_evaluation,budget_sensitivity,BiLo-NSGA,2,reported_empirical_ref1p1_unclipped,1.1000000000,0,0.1341451077,0,0,0,37,6d54d18aa650c04a6c4d2650f36c9aaa7d6a421f4de371364d7d9741424dba60
matched_evaluation,budget_sensitivity,BiLo-NSGA,2,expanded_empirical_ref1p1_unclipped,1.1000000000,0,0.1787652670,0,0,0,37,6d54d18aa650c04a6c4d2650f36c9aaa7d6a421f4de371364d7d9741424dba60
matched_evaluation,budget_sensitivity,BiLo-NSGA,2,analytic_ref1p05_unclipped,1.0500000000,0,0.0069726255,0,0,0,37,6d54d18aa650c04a6c4d2650f36c9aaa7d6a421f4de371364d7d9741424dba60
matched_evaluation,budget_sensitivity,BiLo-NSGA,2,analytic_ref1p1_unclipped,1.1000000000,0,0.0208450537,0,0,0,37,6d54d18aa650c04a6c4d2650f36c9aaa7d6a421f4de371364d7d9741424dba60
matched_evaluation,budget_sensitivity,BiLo-NSGA,2,analytic_ref1p2_unclipped,1.2000000000,0,0.0776255411,0,0,0,37,6d54d18aa650c04a6c4d2650f36c9aaa7d6a421f4de371364d7d9741424dba60
matched_evaluation,budget_sensitivity,NSGA-II,2,reported_empirical_ref1p1_clipped,1.1000000000,1,0.1681598312,2,0,2,38,03206cd055f6cab8ffe4d22b90f5482e2523c24d90072dd6173109e42ef1be7c
matched_evaluation,budget_sensitivity,NSGA-II,2,reported_empirical_ref1p1_unclipped,1.1000000000,0,0.1770911509,2,0,2,38,03206cd055f6cab8ffe4d22b90f5482e2523c24d90072dd6173109e42ef1be7c
matched_evaluation,budget_sensitivity,NSGA-II,2,expanded_empirical_ref1p1_unclipped,1.1000000000,0,0.2253588972,0,0,0,38,03206cd055f6cab8ffe4d22b90f5482e2523c24d90072dd6173109e42ef1be7c
matched_evaluation,budget_sensitivity,NSGA-II,2,analytic_ref1p05_unclipped,1.0500000000,0,0.0076209424,0,0,0,38,03206cd055f6cab8ffe4d22b90f5482e2523c24d90072dd6173109e42ef1be7c
matched_evaluation,budget_sensitivity,NSGA-II,2,analytic_ref1p1_unclipped,1.1000000000,0,0.0226505647,0,0,0,38,03206cd055f6cab8ffe4d22b90f5482e2523c24d90072dd6173109e42ef1be7c
matched_evaluation,budget_sensitivity,NSGA-II,2,analytic_ref1p2_unclipped,1.2000000000,0,0.0832902849,0,0,0,38,03206cd055f6cab8ffe4d22b90f5482e2523c24d90072dd6173109e42ef1be7c
matched_evaluation,budget_sensitivity,BiLo-NSGA,3,reported_empirical_ref1p1_clipped,1.1000000000,1,0.1192790391,0,0,0,38,b8bf25cf100d8fa92f5876cbdd511b4f14fd2a7aa352ce903f08e68486ffb306
matched_evaluation,budget_sensitivity,BiLo-NSGA,3,reported_empirical_ref1p1_unclipped,1.1000000000,0,0.1192790391,0,0,0,38,b8bf25cf100d8fa92f5876cbdd511b4f14fd2a7aa352ce903f08e68486ffb306
matched_evaluation,budget_sensitivity,BiLo-NSGA,3,expanded_empirical_ref1p1_unclipped,1.1000000000,0,0.1649589041,0,0,0,38,b8bf25cf100d8fa92f5876cbdd511b4f14fd2a7aa352ce903f08e68486ffb306
matched_evaluation,budget_sensitivity,BiLo-NSGA,3,analytic_ref1p05_unclipped,1.0500000000,0,0.0063809004,0,0,0,38,b8bf25cf100d8fa92f5876cbdd511b4f14fd2a7aa352ce903f08e68486ffb306
matched_evaluation,budget_sensitivity,BiLo-NSGA,3,analytic_ref1p1_unclipped,1.1000000000,0,0.0196272247,0,0,0,38,b8bf25cf100d8fa92f5876cbdd511b4f14fd2a7aa352ce903f08e68486ffb306
matched_evaluation,budget_sensitivity,BiLo-NSGA,3,analytic_ref1p2_unclipped,1.2000000000,0,0.0749322466,0,0,0,38,b8bf25cf100d8fa92f5876cbdd511b4f14fd2a7aa352ce903f08e68486ffb306
matched_evaluation,budget_sensitivity,NSGA-II,3,reported_empirical_ref1p1_clipped,1.1000000000,1,0.1634055615,0,0,0,37,c89850e55d6a456e0e8a089520e894f32a6881765cda25c963b423a801c75a2d
matched_evaluation,budget_sensitivity,NSGA-II,3,reported_empirical_ref1p1_unclipped,1.1000000000,0,0.1634055615,0,0,0,37,c89850e55d6a456e0e8a089520e894f32a6881765cda25c963b423a801c75a2d
matched_evaluation,budget_sensitivity,NSGA-II,3,expanded_empirical_ref1p1_unclipped,1.1000000000,0,0.2112626426,0,0,0,37,c89850e55d6a456e0e8a089520e894f32a6881765cda25c963b423a801c75a2d
matched_evaluation,budget_sensitivity,NSGA-II,3,analytic_ref1p05_unclipped,1.0500000000,0,0.0073891669,0,0,0,37,c89850e55d6a456e0e8a089520e894f32a6881765cda25c963b423a801c75a2d
matched_evaluation,budget_sensitivity,NSGA-II,3,analytic_ref1p1_unclipped,1.1000000000,0,0.0220974879,0,0,0,37,c89850e55d6a456e0e8a089520e894f32a6881765cda25c963b423a801c75a2d
matched_evaluation,budget_sensitivity,NSGA-II,3,analytic_ref1p2_unclipped,1.2000000000,0,0.0817935655,0,0,0,37,c89850e55d6a456e0e8a089520e894f32a6881765cda25c963b423a801c75a2d
matched_evaluation,budget_sensitivity,Pareto Local Search,3,reported_empirical_ref1p1_clipped,1.1000000000,1,0.0868652419,0,0,0,40,755bacdd5f94edd7e63bacc813ba6f6c21adaf03aed8147c4035edb5bb668164
matched_evaluation,budget_sensitivity,Pareto Local Search,3,reported_empirical_ref1p1_unclipped,1.1000000000,0,0.0868652419,0,0,0,40,755bacdd5f94edd7e63bacc813ba6f6c21adaf03aed8147c4035edb5bb668164
matched_evaluation,budget_sensitivity,Pareto Local Search,3,expanded_empirical_ref1p1_unclipped,1.1000000000,0,0.1327682302,0,0,0,40,755bacdd5f94edd7e63bacc813ba6f6c21adaf03aed8147c4035edb5bb668164
matched_evaluation,budget_sensitivity,Pareto Local Search,3,analytic_ref1p05_unclipped,1.0500000000,0,0.0054687904,0,0,0,40,755bacdd5f94edd7e63bacc813ba6f6c21adaf03aed8147c4035edb5bb668164
matched_evaluation,budget_sensitivity,Pareto Local Search,3,analytic_ref1p1_unclipped,1.1000000000,0,0.0174649994,0,0,0,40,755bacdd5f94edd7e63bacc813ba6f6c21adaf03aed8147c4035edb5bb668164
matched_evaluation,budget_sensitivity,Pareto Local Search,3,analytic_ref1p2_unclipped,1.2000000000,0,0.0690202438,0,0,0,40,755bacdd5f94edd7e63bacc813ba6f6c21adaf03aed8147c4035edb5bb668164
matched_evaluation,budget_sensitivity,NSGA-II,4,reported_empirical_ref1p1_clipped,1.1000000000,1,0.1660099517,3,0,3,37,2996018f55fd953e1aae36acc73784c3e4a375393471df5b2ba4c02a2cef3443
matched_evaluation,budget_sensitivity,NSGA-II,4,reported_empirical_ref1p1_unclipped,1.1000000000,0,0.1920815389,3,0,3,37,2996018f55fd953e1aae36acc73784c3e4a375393471df5b2ba4c02a2cef3443
matched_evaluation,budget_sensitivity,NSGA-II,4,expanded_empirical_ref1p1_unclipped,1.1000000000,0,0.2424668685,0,0,0,37,2996018f55fd953e1aae36acc73784c3e4a375393471df5b2ba4c02a2cef3443
matched_evaluation,budget_sensitivity,NSGA-II,4,analytic_ref1p05_unclipped,1.0500000000,0,0.0078333021,0,0,0,37,2996018f55fd953e1aae36acc73784c3e4a375393471df5b2ba4c02a2cef3443
matched_evaluation,budget_sensitivity,NSGA-II,4,analytic_ref1p1_unclipped,1.1000000000,0,0.0231921532,0,0,0,37,2996018f55fd953e1aae36acc73784c3e4a375393471df5b2ba4c02a2cef3443
matched_evaluation,budget_sensitivity,NSGA-II,4,analytic_ref1p2_unclipped,1.2000000000,0,0.0847929366,0,0,0,37,2996018f55fd953e1aae36acc73784c3e4a375393471df5b2ba4c02a2cef3443
matched_evaluation,budget_sensitivity,Pareto Local Search,4,reported_empirical_ref1p1_clipped,1.1000000000,1,0.0994586252,0,0,0,40,784f40ab90d79862f7b116fbfe93a6e999f47bb41ee45e86cc4459458c217327
matched_evaluation,budget_sensitivity,Pareto Local Search,4,reported_empirical_ref1p1_unclipped,1.1000000000,0,0.0994586252,0,0,0,40,784f40ab90d79862f7b116fbfe93a6e999f47bb41ee45e86cc4459458c217327
matched_evaluation,budget_sensitivity,Pareto Local Search,4,expanded_empirical_ref1p1_unclipped,1.1000000000,0,0.1452864849,0,0,0,40,784f40ab90d79862f7b116fbfe93a6e999f47bb41ee45e86cc4459458c217327
matched_evaluation,budget_sensitivity,Pareto Local Search,4,analytic_ref1p05_unclipped,1.0500000000,0,0.0061713953,0,0,0,40,784f40ab90d79862f7b116fbfe93a6e999f47bb41ee45e86cc4459458c217327
matched_evaluation,budget_sensitivity,Pareto Local Search,4,analytic_ref1p1_unclipped,1.1000000000,0,0.0189615572,0,0,0,40,784f40ab90d79862f7b116fbfe93a6e999f47bb41ee45e86cc4459458c217327
matched_evaluation,budget_sensitivity,Pareto Local Search,4,analytic_ref1p2_unclipped,1.2000000000,0,0.0726431455,0,0,0,40,784f40ab90d79862f7b116fbfe93a6e999f47bb41ee45e86cc4459458c217327
matched_evaluation,budget_sensitivity,BiLo-NSGA,4,reported_empirical_ref1p1_clipped,1.1000000000,1,0.1496527535,0,0,0,39,b37655108bca781a00901a35036802e9d2f6919463be07f82afa3953317cd48c
matched_evaluation,budget_sensitivity,BiLo-NSGA,4,reported_empirical_ref1p1_unclipped,1.1000000000,0,0.1496527535,0,0,0,39,b37655108bca781a00901a35036802e9d2f6919463be07f82afa3953317cd48c
matched_evaluation,budget_sensitivity,BiLo-NSGA,4,expanded_empirical_ref1p1_unclipped,1.1000000000,0,0.1950586591,0,0,0,39,b37655108bca781a00901a35036802e9d2f6919463be07f82afa3953317cd48c
matched_evaluation,budget_sensitivity,BiLo-NSGA,4,analytic_ref1p05_unclipped,1.0500000000,0,0.0071638559,0,0,0,39,b37655108bca781a00901a35036802e9d2f6919463be07f82afa3953317cd48c
matched_evaluation,budget_sensitivity,BiLo-NSGA,4,analytic_ref1p1_unclipped,1.1000000000,0,0.0212994219,0,0,0,39,b37655108bca781a00901a35036802e9d2f6919463be07f82afa3953317cd48c
matched_evaluation,budget_sensitivity,BiLo-NSGA,4,analytic_ref1p2_unclipped,1.2000000000,0,0.0790647731,0,0,0,39,b37655108bca781a00901a35036802e9d2f6919463be07f82afa3953317cd48c
matched_evaluation,budget_sensitivity,Pareto Local Search,5,reported_empirical_ref1p1_clipped,1.1000000000,1,0.1199429730,0,0,0,40,753bba4c685f583da43ba501c21941c2e509eb2fbf2b998346f33e90eb4903a2
matched_evaluation,budget_sensitivity,Pareto Local Search,5,reported_empirical_ref1p1_unclipped,1.1000000000,0,0.1199429730,0,0,0,40,753bba4c685f583da43ba501c21941c2e509eb2fbf2b998346f33e90eb4903a2
matched_evaluation,budget_sensitivity,Pareto Local Search,5,expanded_empirical_ref1p1_unclipped,1.1000000000,0,0.1657622675,0,0,0,40,753bba4c685f583da43ba501c21941c2e509eb2fbf2b998346f33e90eb4903a2
matched_evaluation,budget_sensitivity,Pareto Local Search,5,analytic_ref1p05_unclipped,1.0500000000,0,0.0067816656,0,0,0,40,753bba4c685f583da43ba501c21941c2e509eb2fbf2b998346f33e90eb4903a2
matched_evaluation,budget_sensitivity,Pareto Local Search,5,analytic_ref1p1_unclipped,1.1000000000,0,0.0203598088,0,0,0,40,753bba4c685f583da43ba501c21941c2e509eb2fbf2b998346f33e90eb4903a2
matched_evaluation,budget_sensitivity,Pareto Local Search,5,analytic_ref1p2_unclipped,1.2000000000,0,0.0762408911,0,0,0,40,753bba4c685f583da43ba501c21941c2e509eb2fbf2b998346f33e90eb4903a2
matched_evaluation,budget_sensitivity,BiLo-NSGA,5,reported_empirical_ref1p1_clipped,1.1000000000,1,0.1604417814,0,0,0,38,0926c97be3ee16cd4474f8f1172a372d56e97dfb55451f0f66746382221d3709
matched_evaluation,budget_sensitivity,BiLo-NSGA,5,reported_empirical_ref1p1_unclipped,1.1000000000,0,0.1604417814,0,0,0,38,0926c97be3ee16cd4474f8f1172a372d56e97dfb55451f0f66746382221d3709
matched_evaluation,budget_sensitivity,BiLo-NSGA,5,expanded_empirical_ref1p1_unclipped,1.1000000000,0,0.2062111283,0,0,0,38,0926c97be3ee16cd4474f8f1172a372d56e97dfb55451f0f66746382221d3709
matched_evaluation,budget_sensitivity,BiLo-NSGA,5,analytic_ref1p05_unclipped,1.0500000000,0,0.0072894848,0,0,0,38,0926c97be3ee16cd4474f8f1172a372d56e97dfb55451f0f66746382221d3709
matched_evaluation,budget_sensitivity,BiLo-NSGA,5,analytic_ref1p1_unclipped,1.1000000000,0,0.0216080309,0,0,0,38,0926c97be3ee16cd4474f8f1172a372d56e97dfb55451f0f66746382221d3709
matched_evaluation,budget_sensitivity,BiLo-NSGA,5,analytic_ref1p2_unclipped,1.2000000000,0,0.0796968442,0,0,0,38,0926c97be3ee16cd4474f8f1172a372d56e97dfb55451f0f66746382221d3709
matched_evaluation,budget_sensitivity,NSGA-II,5,reported_empirical_ref1p1_clipped,1.1000000000,1,0.1682540441,3,0,3,38,8178aa987a29661394f62da262ceda47c13d09690ad4c46569a76b33867b8d8f
matched_evaluation,budget_sensitivity,NSGA-II,5,reported_empirical_ref1p1_unclipped,1.1000000000,0,0.1970911214,3,0,3,38,8178aa987a29661394f62da262ceda47c13d09690ad4c46569a76b33867b8d8f
matched_evaluation,budget_sensitivity,NSGA-II,5,expanded_empirical_ref1p1_unclipped,1.1000000000,0,0.2460881240,0,0,0,38,8178aa987a29661394f62da262ceda47c13d09690ad4c46569a76b33867b8d8f
matched_evaluation,budget_sensitivity,NSGA-II,5,analytic_ref1p05_unclipped,1.0500000000,0,0.0074987005,0,0,0,38,8178aa987a29661394f62da262ceda47c13d09690ad4c46569a76b33867b8d8f
matched_evaluation,budget_sensitivity,NSGA-II,5,analytic_ref1p1_unclipped,1.1000000000,0,0.0224146971,0,0,0,38,8178aa987a29661394f62da262ceda47c13d09690ad4c46569a76b33867b8d8f
matched_evaluation,budget_sensitivity,NSGA-II,5,analytic_ref1p2_unclipped,1.2000000000,0,0.0830314897,0,0,0,38,8178aa987a29661394f62da262ceda47c13d09690ad4c46569a76b33867b8d8f
matched_evaluation,budget_sensitivity,BiLo-NSGA,6,reported_empirical_ref1p1_clipped,1.1000000000,1,0.1351687828,0,0,0,38,b1f8dee3bf0a9b12f26629880dff7876f1d0ecfc93c451d52a4ffbb853c57ee5
matched_evaluation,budget_sensitivity,BiLo-NSGA,6,reported_empirical_ref1p1_unclipped,1.1000000000,0,0.1351687828,0,0,0,38,b1f8dee3bf0a9b12f26629880dff7876f1d0ecfc93c451d52a4ffbb853c57ee5
matched_evaluation,budget_sensitivity,BiLo-NSGA,6,expanded_empirical_ref1p1_unclipped,1.1000000000,0,0.1814519901,0,0,0,38,b1f8dee3bf0a9b12f26629880dff7876f1d0ecfc93c451d52a4ffbb853c57ee5
matched_evaluation,budget_sensitivity,BiLo-NSGA,6,analytic_ref1p05_unclipped,1.0500000000,0,0.0063663193,0,0,0,38,b1f8dee3bf0a9b12f26629880dff7876f1d0ecfc93c451d52a4ffbb853c57ee5
matched_evaluation,budget_sensitivity,BiLo-NSGA,6,analytic_ref1p1_unclipped,1.1000000000,0,0.0197135870,0,0,0,38,b1f8dee3bf0a9b12f26629880dff7876f1d0ecfc93c451d52a4ffbb853c57ee5
matched_evaluation,budget_sensitivity,BiLo-NSGA,6,analytic_ref1p2_unclipped,1.2000000000,0,0.0755833837,0,0,0,38,b1f8dee3bf0a9b12f26629880dff7876f1d0ecfc93c451d52a4ffbb853c57ee5
matched_evaluation,budget_sensitivity,NSGA-II,6,reported_empirical_ref1p1_clipped,1.1000000000,1,0.1673804291,2,0,2,39,23e5302e8868fbf74d194e01da334c447eda85c1d3b6c7d9b057a2a276f7556a
matched_evaluation,budget_sensitivity,NSGA-II,6,reported_empirical_ref1p1_unclipped,1.1000000000,0,0.1713781428,2,0,2,39,23e5302e8868fbf74d194e01da334c447eda85c1d3b6c7d9b057a2a276f7556a
matched_evaluation,budget_sensitivity,NSGA-II,6,expanded_empirical_ref1p1_unclipped,1.1000000000,0,0.2202054047,0,0,0,39,23e5302e8868fbf74d194e01da334c447eda85c1d3b6c7d9b057a2a276f7556a
matched_evaluation,budget_sensitivity,NSGA-II,6,analytic_ref1p05_unclipped,1.0500000000,0,0.0074635517,0,0,0,39,23e5302e8868fbf74d194e01da334c447eda85c1d3b6c7d9b057a2a276f7556a
matched_evaluation,budget_sensitivity,NSGA-II,6,analytic_ref1p1_unclipped,1.1000000000,0,0.0222546293,0,0,0,39,23e5302e8868fbf74d194e01da334c447eda85c1d3b6c7d9b057a2a276f7556a
matched_evaluation,budget_sensitivity,NSGA-II,6,analytic_ref1p2_unclipped,1.2000000000,0,0.0822156049,0,0,0,39,23e5302e8868fbf74d194e01da334c447eda85c1d3b6c7d9b057a2a276f7556a
matched_evaluation,budget_sensitivity,Pareto Local Search,6,reported_empirical_ref1p1_clipped,1.1000000000,1,0.1051857712,0,0,0,40,7b715780b7a6a6fcb5d1dd43c99aae41c8a936814c4b49aa3a84616aa9396ab9
matched_evaluation,budget_sensitivity,Pareto Local Search,6,reported_empirical_ref1p1_unclipped,1.1000000000,0,0.1051857712,0,0,0,40,7b715780b7a6a6fcb5d1dd43c99aae41c8a936814c4b49aa3a84616aa9396ab9
matched_evaluation,budget_sensitivity,Pareto Local Search,6,expanded_empirical_ref1p1_unclipped,1.1000000000,0,0.1508997624,0,0,0,40,7b715780b7a6a6fcb5d1dd43c99aae41c8a936814c4b49aa3a84616aa9396ab9
matched_evaluation,budget_sensitivity,Pareto Local Search,6,analytic_ref1p05_unclipped,1.0500000000,0,0.0062163940,0,0,0,40,7b715780b7a6a6fcb5d1dd43c99aae41c8a936814c4b49aa3a84616aa9396ab9
matched_evaluation,budget_sensitivity,Pareto Local Search,6,analytic_ref1p1_unclipped,1.1000000000,0,0.0190995659,0,0,0,40,7b715780b7a6a6fcb5d1dd43c99aae41c8a936814c4b49aa3a84616aa9396ab9
matched_evaluation,budget_sensitivity,Pareto Local Search,6,analytic_ref1p2_unclipped,1.2000000000,0,0.0730908020,0,0,0,40,7b715780b7a6a6fcb5d1dd43c99aae41c8a936814c4b49aa3a84616aa9396ab9
matched_evaluation,budget_sensitivity,NSGA-II,7,reported_empirical_ref1p1_clipped,1.1000000000,1,0.1685155713,2,0,2,37,5bb90917b30e2f661922ffbe4f0d4b98ccbcd3acd5877b3c50275dbfae9837a0
matched_evaluation,budget_sensitivity,NSGA-II,7,reported_empirical_ref1p1_unclipped,1.1000000000,0,0.1809383018,2,0,2,37,5bb90917b30e2f661922ffbe4f0d4b98ccbcd3acd5877b3c50275dbfae9837a0
matched_evaluation,budget_sensitivity,NSGA-II,7,expanded_empirical_ref1p1_unclipped,1.1000000000,0,0.2292480803,0,0,0,37,5bb90917b30e2f661922ffbe4f0d4b98ccbcd3acd5877b3c50275dbfae9837a0
matched_evaluation,budget_sensitivity,NSGA-II,7,analytic_ref1p05_unclipped,1.0500000000,0,0.0073557623,0,0,0,37,5bb90917b30e2f661922ffbe4f0d4b98ccbcd3acd5877b3c50275dbfae9837a0
matched_evaluation,budget_sensitivity,NSGA-II,7,analytic_ref1p1_unclipped,1.1000000000,0,0.0221266187,0,0,0,37,5bb90917b30e2f661922ffbe4f0d4b98ccbcd3acd5877b3c50275dbfae9837a0
matched_evaluation,budget_sensitivity,NSGA-II,7,analytic_ref1p2_unclipped,1.2000000000,0,0.0823474877,0,0,0,37,5bb90917b30e2f661922ffbe4f0d4b98ccbcd3acd5877b3c50275dbfae9837a0
matched_evaluation,budget_sensitivity,Pareto Local Search,7,reported_empirical_ref1p1_clipped,1.1000000000,1,0.0843530738,0,0,0,40,aee39f7a27e4e33aea769baf805d9c95df428137553f85f94fae4e8f48175b88
matched_evaluation,budget_sensitivity,Pareto Local Search,7,reported_empirical_ref1p1_unclipped,1.1000000000,0,0.0843530738,0,0,0,40,aee39f7a27e4e33aea769baf805d9c95df428137553f85f94fae4e8f48175b88
matched_evaluation,budget_sensitivity,Pareto Local Search,7,expanded_empirical_ref1p1_unclipped,1.1000000000,0,0.1307431690,0,0,0,40,aee39f7a27e4e33aea769baf805d9c95df428137553f85f94fae4e8f48175b88
matched_evaluation,budget_sensitivity,Pareto Local Search,7,analytic_ref1p05_unclipped,1.0500000000,0,0.0055558671,0,0,0,40,aee39f7a27e4e33aea769baf805d9c95df428137553f85f94fae4e8f48175b88
matched_evaluation,budget_sensitivity,Pareto Local Search,7,analytic_ref1p1_unclipped,1.1000000000,0,0.0176290753,0,0,0,40,aee39f7a27e4e33aea769baf805d9c95df428137553f85f94fae4e8f48175b88
matched_evaluation,budget_sensitivity,Pareto Local Search,7,analytic_ref1p2_unclipped,1.2000000000,0,0.0693639936,0,0,0,40,aee39f7a27e4e33aea769baf805d9c95df428137553f85f94fae4e8f48175b88
matched_evaluation,budget_sensitivity,BiLo-NSGA,7,reported_empirical_ref1p1_clipped,1.1000000000,1,0.1359441572,0,0,0,38,3f5114c174e30d771be95d7c6ce85890090816abc79bb41adebcfd91e416ccd3
matched_evaluation,budget_sensitivity,BiLo-NSGA,7,reported_empirical_ref1p1_unclipped,1.1000000000,0,0.1359441572,0,0,0,38,3f5114c174e30d771be95d7c6ce85890090816abc79bb41adebcfd91e416ccd3
matched_evaluation,budget_sensitivity,BiLo-NSGA,7,expanded_empirical_ref1p1_unclipped,1.1000000000,0,0.1815957409,0,0,0,38,3f5114c174e30d771be95d7c6ce85890090816abc79bb41adebcfd91e416ccd3
matched_evaluation,budget_sensitivity,BiLo-NSGA,7,analytic_ref1p05_unclipped,1.0500000000,0,0.0068688343,0,0,0,38,3f5114c174e30d771be95d7c6ce85890090816abc79bb41adebcfd91e416ccd3
matched_evaluation,budget_sensitivity,BiLo-NSGA,7,analytic_ref1p1_unclipped,1.1000000000,0,0.0207286294,0,0,0,38,3f5114c174e30d771be95d7c6ce85890090816abc79bb41adebcfd91e416ccd3
matched_evaluation,budget_sensitivity,BiLo-NSGA,7,analytic_ref1p2_unclipped,1.2000000000,0,0.0777096018,0,0,0,38,3f5114c174e30d771be95d7c6ce85890090816abc79bb41adebcfd91e416ccd3
matched_evaluation,budget_sensitivity,Pareto Local Search,8,reported_empirical_ref1p1_clipped,1.1000000000,1,0.1135099932,0,0,0,40,ea01e8939655692d6cea1753e7043dfb2e1fe9960847b44da98da2851a259b68
matched_evaluation,budget_sensitivity,Pareto Local Search,8,reported_empirical_ref1p1_unclipped,1.1000000000,0,0.1135099932,0,0,0,40,ea01e8939655692d6cea1753e7043dfb2e1fe9960847b44da98da2851a259b68
matched_evaluation,budget_sensitivity,Pareto Local Search,8,expanded_empirical_ref1p1_unclipped,1.1000000000,0,0.1590969440,0,0,0,40,ea01e8939655692d6cea1753e7043dfb2e1fe9960847b44da98da2851a259b68
matched_evaluation,budget_sensitivity,Pareto Local Search,8,analytic_ref1p05_unclipped,1.0500000000,0,0.0064772948,0,0,0,40,ea01e8939655692d6cea1753e7043dfb2e1fe9960847b44da98da2851a259b68
matched_evaluation,budget_sensitivity,Pareto Local Search,8,analytic_ref1p1_unclipped,1.1000000000,0,0.0197999110,0,0,0,40,ea01e8939655692d6cea1753e7043dfb2e1fe9960847b44da98da2851a259b68
matched_evaluation,budget_sensitivity,Pareto Local Search,8,analytic_ref1p2_unclipped,1.2000000000,0,0.0752347418,0,0,0,40,ea01e8939655692d6cea1753e7043dfb2e1fe9960847b44da98da2851a259b68
matched_evaluation,budget_sensitivity,BiLo-NSGA,8,reported_empirical_ref1p1_clipped,1.1000000000,1,0.1508433923,0,0,0,38,b43e1d641d8fd53474525c5d2ec01ee424c87fe31f160a227eee8cb1c31100e8
matched_evaluation,budget_sensitivity,BiLo-NSGA,8,reported_empirical_ref1p1_unclipped,1.1000000000,0,0.1508433923,0,0,0,38,b43e1d641d8fd53474525c5d2ec01ee424c87fe31f160a227eee8cb1c31100e8
matched_evaluation,budget_sensitivity,BiLo-NSGA,8,expanded_empirical_ref1p1_unclipped,1.1000000000,0,0.1963998455,0,0,0,38,b43e1d641d8fd53474525c5d2ec01ee424c87fe31f160a227eee8cb1c31100e8
matched_evaluation,budget_sensitivity,BiLo-NSGA,8,analytic_ref1p05_unclipped,1.0500000000,0,0.0074858011,0,0,0,38,b43e1d641d8fd53474525c5d2ec01ee424c87fe31f160a227eee8cb1c31100e8
matched_evaluation,budget_sensitivity,BiLo-NSGA,8,analytic_ref1p1_unclipped,1.1000000000,0,0.0221541579,0,0,0,38,b43e1d641d8fd53474525c5d2ec01ee424c87fe31f160a227eee8cb1c31100e8
matched_evaluation,budget_sensitivity,BiLo-NSGA,8,analytic_ref1p2_unclipped,1.2000000000,0,0.0814860942,0,0,0,38,b43e1d641d8fd53474525c5d2ec01ee424c87fe31f160a227eee8cb1c31100e8
matched_evaluation,budget_sensitivity,NSGA-II,8,reported_empirical_ref1p1_clipped,1.1000000000,1,0.1498227512,0,0,0,39,147afec6bfea55697879ff3e668a4f7fe63ac409369e818e78b8bdb38314f1a5
matched_evaluation,budget_sensitivity,NSGA-II,8,reported_empirical_ref1p1_unclipped,1.1000000000,0,0.1498227512,0,0,0,39,147afec6bfea55697879ff3e668a4f7fe63ac409369e818e78b8bdb38314f1a5
matched_evaluation,budget_sensitivity,NSGA-II,8,expanded_empirical_ref1p1_unclipped,1.1000000000,0,0.1971067788,0,0,0,39,147afec6bfea55697879ff3e668a4f7fe63ac409369e818e78b8bdb38314f1a5
matched_evaluation,budget_sensitivity,NSGA-II,8,analytic_ref1p05_unclipped,1.0500000000,0,0.0071548711,0,0,0,39,147afec6bfea55697879ff3e668a4f7fe63ac409369e818e78b8bdb38314f1a5
matched_evaluation,budget_sensitivity,NSGA-II,8,analytic_ref1p1_unclipped,1.1000000000,0,0.0215135753,0,0,0,39,147afec6bfea55697879ff3e668a4f7fe63ac409369e818e78b8bdb38314f1a5
matched_evaluation,budget_sensitivity,NSGA-II,8,analytic_ref1p2_unclipped,1.2000000000,0,0.0800030482,0,0,0,39,147afec6bfea55697879ff3e668a4f7fe63ac409369e818e78b8bdb38314f1a5
matched_evaluation,budget_sensitivity,BiLo-NSGA,9,reported_empirical_ref1p1_clipped,1.1000000000,1,0.1357398442,0,0,0,39,724d7e6e79b7d028e158df943af5d1eb54ca1beadecde09bf7e0b77aca8490c4
matched_evaluation,budget_sensitivity,BiLo-NSGA,9,reported_empirical_ref1p1_unclipped,1.1000000000,0,0.1357398442,0,0,0,39,724d7e6e79b7d028e158df943af5d1eb54ca1beadecde09bf7e0b77aca8490c4
matched_evaluation,budget_sensitivity,BiLo-NSGA,9,expanded_empirical_ref1p1_unclipped,1.1000000000,0,0.1815497517,0,0,0,39,724d7e6e79b7d028e158df943af5d1eb54ca1beadecde09bf7e0b77aca8490c4
matched_evaluation,budget_sensitivity,BiLo-NSGA,9,analytic_ref1p05_unclipped,1.0500000000,0,0.0072294583,0,0,0,39,724d7e6e79b7d028e158df943af5d1eb54ca1beadecde09bf7e0b77aca8490c4
matched_evaluation,budget_sensitivity,BiLo-NSGA,9,analytic_ref1p1_unclipped,1.1000000000,0,0.0214780383,0,0,0,39,724d7e6e79b7d028e158df943af5d1eb54ca1beadecde09bf7e0b77aca8490c4
matched_evaluation,budget_sensitivity,BiLo-NSGA,9,analytic_ref1p2_unclipped,1.2000000000,0,0.0794310692,0,0,0,39,724d7e6e79b7d028e158df943af5d1eb54ca1beadecde09bf7e0b77aca8490c4
matched_evaluation,budget_sensitivity,NSGA-II,9,reported_empirical_ref1p1_clipped,1.1000000000,1,0.1668311631,4,0,4,38,51f97391132cf3ef80dbedf5e46f5c7b0436dc793b66dad45d433246e09a3a28
matched_evaluation,budget_sensitivity,NSGA-II,9,reported_empirical_ref1p1_unclipped,1.1000000000,0,0.1956174467,4,0,4,38,51f97391132cf3ef80dbedf5e46f5c7b0436dc793b66dad45d433246e09a3a28
matched_evaluation,budget_sensitivity,NSGA-II,9,expanded_empirical_ref1p1_unclipped,1.1000000000,0,0.2455383171,0,0,0,38,51f97391132cf3ef80dbedf5e46f5c7b0436dc793b66dad45d433246e09a3a28
matched_evaluation,budget_sensitivity,NSGA-II,9,analytic_ref1p05_unclipped,1.0500000000,0,0.0078052984,0,0,0,38,51f97391132cf3ef80dbedf5e46f5c7b0436dc793b66dad45d433246e09a3a28
matched_evaluation,budget_sensitivity,NSGA-II,9,analytic_ref1p1_unclipped,1.1000000000,0,0.0231751978,0,0,0,38,51f97391132cf3ef80dbedf5e46f5c7b0436dc793b66dad45d433246e09a3a28
matched_evaluation,budget_sensitivity,NSGA-II,9,analytic_ref1p2_unclipped,1.2000000000,0,0.0851017861,0,0,0,38,51f97391132cf3ef80dbedf5e46f5c7b0436dc793b66dad45d433246e09a3a28
matched_evaluation,budget_sensitivity,Pareto Local Search,9,reported_empirical_ref1p1_clipped,1.1000000000,1,0.1192034603,0,0,0,40,3859f8253a17d9fbcefe0b3287ab4bf55a720c2c11461dd3684fc28f0273fb9f
matched_evaluation,budget_sensitivity,Pareto Local Search,9,reported_empirical_ref1p1_unclipped,1.1000000000,0,0.1192034603,0,0,0,40,3859f8253a17d9fbcefe0b3287ab4bf55a720c2c11461dd3684fc28f0273fb9f
matched_evaluation,budget_sensitivity,Pareto Local Search,9,expanded_empirical_ref1p1_unclipped,1.1000000000,0,0.1650243302,0,0,0,40,3859f8253a17d9fbcefe0b3287ab4bf55a720c2c11461dd3684fc28f0273fb9f
matched_evaluation,budget_sensitivity,Pareto Local Search,9,analytic_ref1p05_unclipped,1.0500000000,0,0.0068649275,0,0,0,40,3859f8253a17d9fbcefe0b3287ab4bf55a720c2c11461dd3684fc28f0273fb9f
matched_evaluation,budget_sensitivity,Pareto Local Search,9,analytic_ref1p1_unclipped,1.1000000000,0,0.0206228549,0,0,0,40,3859f8253a17d9fbcefe0b3287ab4bf55a720c2c11461dd3684fc28f0273fb9f
matched_evaluation,budget_sensitivity,Pareto Local Search,9,analytic_ref1p2_unclipped,1.2000000000,0,0.0771982252,0,0,0,40,3859f8253a17d9fbcefe0b3287ab4bf55a720c2c11461dd3684fc28f0273fb9f
matched_evaluation,budget_sensitivity,NSGA-II,10,reported_empirical_ref1p1_clipped,1.1000000000,1,0.1671338413,0,0,0,39,6a41ba39eb516bbee9e2edfe2dba2f16977eaa17227a68ad6bbbb8cfa15c45a6
matched_evaluation,budget_sensitivity,NSGA-II,10,reported_empirical_ref1p1_unclipped,1.1000000000,0,0.1671338413,0,0,0,39,6a41ba39eb516bbee9e2edfe2dba2f16977eaa17227a68ad6bbbb8cfa15c45a6
matched_evaluation,budget_sensitivity,NSGA-II,10,expanded_empirical_ref1p1_unclipped,1.1000000000,0,0.2150595949,0,0,0,39,6a41ba39eb516bbee9e2edfe2dba2f16977eaa17227a68ad6bbbb8cfa15c45a6
matched_evaluation,budget_sensitivity,NSGA-II,10,analytic_ref1p05_unclipped,1.0500000000,0,0.0073646731,0,0,0,39,6a41ba39eb516bbee9e2edfe2dba2f16977eaa17227a68ad6bbbb8cfa15c45a6
matched_evaluation,budget_sensitivity,NSGA-II,10,analytic_ref1p1_unclipped,1.1000000000,0,0.0220097976,0,0,0,39,6a41ba39eb516bbee9e2edfe2dba2f16977eaa17227a68ad6bbbb8cfa15c45a6
matched_evaluation,budget_sensitivity,NSGA-II,10,analytic_ref1p2_unclipped,1.2000000000,0,0.0814339558,0,0,0,39,6a41ba39eb516bbee9e2edfe2dba2f16977eaa17227a68ad6bbbb8cfa15c45a6
matched_evaluation,budget_sensitivity,Pareto Local Search,10,reported_empirical_ref1p1_clipped,1.1000000000,1,0.1218326903,0,0,0,40,7aea29cf5c44fe1af3decc291ddbfd00211a6637d285dfbae320f2487139f56a
matched_evaluation,budget_sensitivity,Pareto Local Search,10,reported_empirical_ref1p1_unclipped,1.1000000000,0,0.1218326903,0,0,0,40,7aea29cf5c44fe1af3decc291ddbfd00211a6637d285dfbae320f2487139f56a
matched_evaluation,budget_sensitivity,Pareto Local Search,10,expanded_empirical_ref1p1_unclipped,1.1000000000,0,0.1673868705,0,0,0,40,7aea29cf5c44fe1af3decc291ddbfd00211a6637d285dfbae320f2487139f56a
matched_evaluation,budget_sensitivity,Pareto Local Search,10,analytic_ref1p05_unclipped,1.0500000000,0,0.0065051539,0,0,0,40,7aea29cf5c44fe1af3decc291ddbfd00211a6637d285dfbae320f2487139f56a
matched_evaluation,budget_sensitivity,Pareto Local Search,10,analytic_ref1p1_unclipped,1.1000000000,0,0.0198814307,0,0,0,40,7aea29cf5c44fe1af3decc291ddbfd00211a6637d285dfbae320f2487139f56a
matched_evaluation,budget_sensitivity,Pareto Local Search,10,analytic_ref1p2_unclipped,1.2000000000,0,0.0755971912,0,0,0,40,7aea29cf5c44fe1af3decc291ddbfd00211a6637d285dfbae320f2487139f56a
matched_evaluation,budget_sensitivity,BiLo-NSGA,10,reported_empirical_ref1p1_clipped,1.1000000000,1,0.1471541909,0,0,0,38,a6822b72e11ac506d66c9c96d070fff7fdf6659195c4a284c63bdcf989753812
matched_evaluation,budget_sensitivity,BiLo-NSGA,10,reported_empirical_ref1p1_unclipped,1.1000000000,0,0.1471541909,0,0,0,38,a6822b72e11ac506d66c9c96d070fff7fdf6659195c4a284c63bdcf989753812
matched_evaluation,budget_sensitivity,BiLo-NSGA,10,expanded_empirical_ref1p1_unclipped,1.1000000000,0,0.1928293480,0,0,0,38,a6822b72e11ac506d66c9c96d070fff7fdf6659195c4a284c63bdcf989753812
matched_evaluation,budget_sensitivity,BiLo-NSGA,10,analytic_ref1p05_unclipped,1.0500000000,0,0.0067776978,0,0,0,38,a6822b72e11ac506d66c9c96d070fff7fdf6659195c4a284c63bdcf989753812
matched_evaluation,budget_sensitivity,BiLo-NSGA,10,analytic_ref1p1_unclipped,1.1000000000,0,0.0205000209,0,0,0,38,a6822b72e11ac506d66c9c96d070fff7fdf6659195c4a284c63bdcf989753812
matched_evaluation,budget_sensitivity,BiLo-NSGA,10,analytic_ref1p2_unclipped,1.2000000000,0,0.0770931526,0,0,0,38,a6822b72e11ac506d66c9c96d070fff7fdf6659195c4a284c63bdcf989753812
matched_evaluation,budget_sensitivity,Pareto Local Search,11,reported_empirical_ref1p1_clipped,1.1000000000,1,0.1054518346,0,0,0,40,40845e9cb242e9c4a9b240499151b56a668ac73181d0968d7e375d654396ba91
matched_evaluation,budget_sensitivity,Pareto Local Search,11,reported_empirical_ref1p1_unclipped,1.1000000000,0,0.1054518346,0,0,0,40,40845e9cb242e9c4a9b240499151b56a668ac73181d0968d7e375d654396ba91
matched_evaluation,budget_sensitivity,Pareto Local Search,11,expanded_empirical_ref1p1_unclipped,1.1000000000,0,0.1510971132,0,0,0,40,40845e9cb242e9c4a9b240499151b56a668ac73181d0968d7e375d654396ba91
matched_evaluation,budget_sensitivity,Pareto Local Search,11,analytic_ref1p05_unclipped,1.0500000000,0,0.0062969863,0,0,0,40,40845e9cb242e9c4a9b240499151b56a668ac73181d0968d7e375d654396ba91
matched_evaluation,budget_sensitivity,Pareto Local Search,11,analytic_ref1p1_unclipped,1.1000000000,0,0.0192905166,0,0,0,40,40845e9cb242e9c4a9b240499151b56a668ac73181d0968d7e375d654396ba91
matched_evaluation,budget_sensitivity,Pareto Local Search,11,analytic_ref1p2_unclipped,1.2000000000,0,0.0735742592,0,0,0,40,40845e9cb242e9c4a9b240499151b56a668ac73181d0968d7e375d654396ba91
matched_evaluation,budget_sensitivity,BiLo-NSGA,11,reported_empirical_ref1p1_clipped,1.1000000000,1,0.1303326228,0,0,0,39,09ae6251a8a7bfd4ec2301673d8b7608ffb100d2cbeacbccc93a8428b3e4b022
matched_evaluation,budget_sensitivity,BiLo-NSGA,11,reported_empirical_ref1p1_unclipped,1.1000000000,0,0.1303326228,0,0,0,39,09ae6251a8a7bfd4ec2301673d8b7608ffb100d2cbeacbccc93a8428b3e4b022
matched_evaluation,budget_sensitivity,BiLo-NSGA,11,expanded_empirical_ref1p1_unclipped,1.1000000000,0,0.1752841158,0,0,0,39,09ae6251a8a7bfd4ec2301673d8b7608ffb100d2cbeacbccc93a8428b3e4b022
matched_evaluation,budget_sensitivity,BiLo-NSGA,11,analytic_ref1p05_unclipped,1.0500000000,0,0.0062536085,0,0,0,39,09ae6251a8a7bfd4ec2301673d8b7608ffb100d2cbeacbccc93a8428b3e4b022
matched_evaluation,budget_sensitivity,BiLo-NSGA,11,analytic_ref1p1_unclipped,1.1000000000,0,0.0194000020,0,0,0,39,09ae6251a8a7bfd4ec2301673d8b7608ffb100d2cbeacbccc93a8428b3e4b022
matched_evaluation,budget_sensitivity,BiLo-NSGA,11,analytic_ref1p2_unclipped,1.2000000000,0,0.0746414180,0,0,0,39,09ae6251a8a7bfd4ec2301673d8b7608ffb100d2cbeacbccc93a8428b3e4b022
matched_evaluation,budget_sensitivity,NSGA-II,11,reported_empirical_ref1p1_clipped,1.1000000000,1,0.1675524068,1,0,1,39,a00ef5a2749ea920b2f6189d865532375bc0a1561a85ab8bbcc5305570915972
matched_evaluation,budget_sensitivity,NSGA-II,11,reported_empirical_ref1p1_unclipped,1.1000000000,0,0.1715499942,1,0,1,39,a00ef5a2749ea920b2f6189d865532375bc0a1561a85ab8bbcc5305570915972
matched_evaluation,budget_sensitivity,NSGA-II,11,expanded_empirical_ref1p1_unclipped,1.1000000000,0,0.2199445021,0,0,0,39,a00ef5a2749ea920b2f6189d865532375bc0a1561a85ab8bbcc5305570915972
matched_evaluation,budget_sensitivity,NSGA-II,11,analytic_ref1p05_unclipped,1.0500000000,0,0.0075467388,0,0,0,39,a00ef5a2749ea920b2f6189d865532375bc0a1561a85ab8bbcc5305570915972
matched_evaluation,budget_sensitivity,NSGA-II,11,analytic_ref1p1_unclipped,1.1000000000,0,0.0223942806,0,0,0,39,a00ef5a2749ea920b2f6189d865532375bc0a1561a85ab8bbcc5305570915972
matched_evaluation,budget_sensitivity,NSGA-II,11,analytic_ref1p2_unclipped,1.2000000000,0,0.0823158523,0,0,0,39,a00ef5a2749ea920b2f6189d865532375bc0a1561a85ab8bbcc5305570915972
matched_evaluation,budget_sensitivity,BiLo-NSGA,12,reported_empirical_ref1p1_clipped,1.1000000000,1,0.1449547687,0,0,0,39,51693409dcaaa0102a4b9cb4240c7e65e685b26869bf1675dbd1ed179d5404f8
matched_evaluation,budget_sensitivity,BiLo-NSGA,12,reported_empirical_ref1p1_unclipped,1.1000000000,0,0.1449547687,0,0,0,39,51693409dcaaa0102a4b9cb4240c7e65e685b26869bf1675dbd1ed179d5404f8
matched_evaluation,budget_sensitivity,BiLo-NSGA,12,expanded_empirical_ref1p1_unclipped,1.1000000000,0,0.1903231641,0,0,0,39,51693409dcaaa0102a4b9cb4240c7e65e685b26869bf1675dbd1ed179d5404f8
matched_evaluation,budget_sensitivity,BiLo-NSGA,12,analytic_ref1p05_unclipped,1.0500000000,0,0.0065029808,0,0,0,39,51693409dcaaa0102a4b9cb4240c7e65e685b26869bf1675dbd1ed179d5404f8
matched_evaluation,budget_sensitivity,BiLo-NSGA,12,analytic_ref1p1_unclipped,1.1000000000,0,0.0199701194,0,0,0,39,51693409dcaaa0102a4b9cb4240c7e65e685b26869bf1675dbd1ed179d5404f8
matched_evaluation,budget_sensitivity,BiLo-NSGA,12,analytic_ref1p2_unclipped,1.2000000000,0,0.0759577288,0,0,0,39,51693409dcaaa0102a4b9cb4240c7e65e685b26869bf1675dbd1ed179d5404f8
matched_evaluation,budget_sensitivity,NSGA-II,12,reported_empirical_ref1p1_clipped,1.1000000000,1,0.1622577581,0,0,0,39,b6c058ad1df99cb252f03fae9db1b1867670df8948e89988be851b5560f94067
matched_evaluation,budget_sensitivity,NSGA-II,12,reported_empirical_ref1p1_unclipped,1.1000000000,0,0.1622577581,0,0,0,39,b6c058ad1df99cb252f03fae9db1b1867670df8948e89988be851b5560f94067
matched_evaluation,budget_sensitivity,NSGA-II,12,expanded_empirical_ref1p1_unclipped,1.1000000000,0,0.2102194102,0,0,0,39,b6c058ad1df99cb252f03fae9db1b1867670df8948e89988be851b5560f94067
matched_evaluation,budget_sensitivity,NSGA-II,12,analytic_ref1p05_unclipped,1.0500000000,0,0.0073858767,0,0,0,39,b6c058ad1df99cb252f03fae9db1b1867670df8948e89988be851b5560f94067
matched_evaluation,budget_sensitivity,NSGA-II,12,analytic_ref1p1_unclipped,1.1000000000,0,0.0219843535,0,0,0,39,b6c058ad1df99cb252f03fae9db1b1867670df8948e89988be851b5560f94067
matched_evaluation,budget_sensitivity,NSGA-II,12,analytic_ref1p2_unclipped,1.2000000000,0,0.0811634663,0,0,0,39,b6c058ad1df99cb252f03fae9db1b1867670df8948e89988be851b5560f94067
matched_evaluation,budget_sensitivity,Pareto Local Search,12,reported_empirical_ref1p1_clipped,1.1000000000,1,0.0950700984,0,0,0,40,4d7f15fb96eb0f839727b3bdec701dc04e8974c41b54a1321e734c98bb32ecd2
matched_evaluation,budget_sensitivity,Pareto Local Search,12,reported_empirical_ref1p1_unclipped,1.1000000000,0,0.0950700984,0,0,0,40,4d7f15fb96eb0f839727b3bdec701dc04e8974c41b54a1321e734c98bb32ecd2
matched_evaluation,budget_sensitivity,Pareto Local Search,12,expanded_empirical_ref1p1_unclipped,1.1000000000,0,0.1404259172,0,0,0,40,4d7f15fb96eb0f839727b3bdec701dc04e8974c41b54a1321e734c98bb32ecd2
matched_evaluation,budget_sensitivity,Pareto Local Search,12,analytic_ref1p05_unclipped,1.0500000000,0,0.0061472168,0,0,0,40,4d7f15fb96eb0f839727b3bdec701dc04e8974c41b54a1321e734c98bb32ecd2
matched_evaluation,budget_sensitivity,Pareto Local Search,12,analytic_ref1p1_unclipped,1.1000000000,0,0.0188728146,0,0,0,40,4d7f15fb96eb0f839727b3bdec701dc04e8974c41b54a1321e734c98bb32ecd2
matched_evaluation,budget_sensitivity,Pareto Local Search,12,analytic_ref1p2_unclipped,1.2000000000,0,0.0721350678,0,0,0,40,4d7f15fb96eb0f839727b3bdec701dc04e8974c41b54a1321e734c98bb32ecd2
matched_evaluation,budget_sensitivity,NSGA-II,13,reported_empirical_ref1p1_clipped,1.1000000000,1,0.1664354174,2,0,2,36,c1ffc4f1965003f9aa4f2545f2d992c97169e3ca5f4403fbdde6c065f4b12c69
matched_evaluation,budget_sensitivity,NSGA-II,13,reported_empirical_ref1p1_unclipped,1.1000000000,0,0.1857263836,2,0,2,36,c1ffc4f1965003f9aa4f2545f2d992c97169e3ca5f4403fbdde6c065f4b12c69
matched_evaluation,budget_sensitivity,NSGA-II,13,expanded_empirical_ref1p1_unclipped,1.1000000000,0,0.2356421111,0,0,0,36,c1ffc4f1965003f9aa4f2545f2d992c97169e3ca5f4403fbdde6c065f4b12c69
matched_evaluation,budget_sensitivity,NSGA-II,13,analytic_ref1p05_unclipped,1.0500000000,0,0.0078283863,0,0,0,36,c1ffc4f1965003f9aa4f2545f2d992c97169e3ca5f4403fbdde6c065f4b12c69
matched_evaluation,budget_sensitivity,NSGA-II,13,analytic_ref1p1_unclipped,1.1000000000,0,0.0231975897,0,0,0,36,c1ffc4f1965003f9aa4f2545f2d992c97169e3ca5f4403fbdde6c065f4b12c69
matched_evaluation,budget_sensitivity,NSGA-II,13,analytic_ref1p2_unclipped,1.2000000000,0,0.0849290435,0,0,0,36,c1ffc4f1965003f9aa4f2545f2d992c97169e3ca5f4403fbdde6c065f4b12c69
matched_evaluation,budget_sensitivity,Pareto Local Search,13,reported_empirical_ref1p1_clipped,1.1000000000,1,0.0998228646,0,0,0,40,a4d2d801d2088ffb171fbb77ae0a842282c892ea606a07124e64bc24237cb641
matched_evaluation,budget_sensitivity,Pareto Local Search,13,reported_empirical_ref1p1_unclipped,1.1000000000,0,0.0998228646,0,0,0,40,a4d2d801d2088ffb171fbb77ae0a842282c892ea606a07124e64bc24237cb641
matched_evaluation,budget_sensitivity,Pareto Local Search,13,expanded_empirical_ref1p1_unclipped,1.1000000000,0,0.1454916232,0,0,0,40,a4d2d801d2088ffb171fbb77ae0a842282c892ea606a07124e64bc24237cb641
matched_evaluation,budget_sensitivity,Pareto Local Search,13,analytic_ref1p05_unclipped,1.0500000000,0,0.0061513616,0,0,0,40,a4d2d801d2088ffb171fbb77ae0a842282c892ea606a07124e64bc24237cb641
matched_evaluation,budget_sensitivity,Pareto Local Search,13,analytic_ref1p1_unclipped,1.1000000000,0,0.0188728448,0,0,0,40,a4d2d801d2088ffb171fbb77ae0a842282c892ea606a07124e64bc24237cb641
matched_evaluation,budget_sensitivity,Pareto Local Search,13,analytic_ref1p2_unclipped,1.2000000000,0,0.0721943062,0,0,0,40,a4d2d801d2088ffb171fbb77ae0a842282c892ea606a07124e64bc24237cb641
matched_evaluation,budget_sensitivity,BiLo-NSGA,13,reported_empirical_ref1p1_clipped,1.1000000000,1,0.1476873598,0,0,0,39,9da110a69db55c2fb27d1c7957c3114b175d01d6d030550478c091acd76e5d80
matched_evaluation,budget_sensitivity,BiLo-NSGA,13,reported_empirical_ref1p1_unclipped,1.1000000000,0,0.1476873598,0,0,0,39,9da110a69db55c2fb27d1c7957c3114b175d01d6d030550478c091acd76e5d80
matched_evaluation,budget_sensitivity,BiLo-NSGA,13,expanded_empirical_ref1p1_unclipped,1.1000000000,0,0.1929129736,0,0,0,39,9da110a69db55c2fb27d1c7957c3114b175d01d6d030550478c091acd76e5d80
matched_evaluation,budget_sensitivity,BiLo-NSGA,13,analytic_ref1p05_unclipped,1.0500000000,0,0.0066199216,0,0,0,39,9da110a69db55c2fb27d1c7957c3114b175d01d6d030550478c091acd76e5d80
matched_evaluation,budget_sensitivity,BiLo-NSGA,13,analytic_ref1p1_unclipped,1.1000000000,0,0.0200134716,0,0,0,39,9da110a69db55c2fb27d1c7957c3114b175d01d6d030550478c091acd76e5d80
matched_evaluation,budget_sensitivity,BiLo-NSGA,13,analytic_ref1p2_unclipped,1.2000000000,0,0.0754890648,0,0,0,39,9da110a69db55c2fb27d1c7957c3114b175d01d6d030550478c091acd76e5d80
matched_evaluation,budget_sensitivity,Pareto Local Search,14,reported_empirical_ref1p1_clipped,1.1000000000,1,0.0879205774,0,0,0,40,b250f722afb0ab40865314a7e96e7e0aefa8b5853e8b9d0c36d6934b31dba18c
matched_evaluation,budget_sensitivity,Pareto Local Search,14,reported_empirical_ref1p1_unclipped,1.1000000000,0,0.0879205774,0,0,0,40,b250f722afb0ab40865314a7e96e7e0aefa8b5853e8b9d0c36d6934b31dba18c
matched_evaluation,budget_sensitivity,Pareto Local Search,14,expanded_empirical_ref1p1_unclipped,1.1000000000,0,0.1340111325,0,0,0,40,b250f722afb0ab40865314a7e96e7e0aefa8b5853e8b9d0c36d6934b31dba18c
matched_evaluation,budget_sensitivity,Pareto Local Search,14,analytic_ref1p05_unclipped,1.0500000000,0,0.0057338609,0,0,0,40,b250f722afb0ab40865314a7e96e7e0aefa8b5853e8b9d0c36d6934b31dba18c
matched_evaluation,budget_sensitivity,Pareto Local Search,14,analytic_ref1p1_unclipped,1.1000000000,0,0.0180163715,0,0,0,40,b250f722afb0ab40865314a7e96e7e0aefa8b5853e8b9d0c36d6934b31dba18c
matched_evaluation,budget_sensitivity,Pareto Local Search,14,analytic_ref1p2_unclipped,1.2000000000,0,0.0702617553,0,0,0,40,b250f722afb0ab40865314a7e96e7e0aefa8b5853e8b9d0c36d6934b31dba18c
matched_evaluation,budget_sensitivity,BiLo-NSGA,14,reported_empirical_ref1p1_clipped,1.1000000000,1,0.1351147983,0,0,0,39,02bb1c85da6897b565eb31bef03cdea197e975a983268790ab203e0501044dfc
matched_evaluation,budget_sensitivity,BiLo-NSGA,14,reported_empirical_ref1p1_unclipped,1.1000000000,0,0.1351147983,0,0,0,39,02bb1c85da6897b565eb31bef03cdea197e975a983268790ab203e0501044dfc
matched_evaluation,budget_sensitivity,BiLo-NSGA,14,expanded_empirical_ref1p1_unclipped,1.1000000000,0,0.1798020432,0,0,0,39,02bb1c85da6897b565eb31bef03cdea197e975a983268790ab203e0501044dfc
matched_evaluation,budget_sensitivity,BiLo-NSGA,14,analytic_ref1p05_unclipped,1.0500000000,0,0.0065821620,0,0,0,39,02bb1c85da6897b565eb31bef03cdea197e975a983268790ab203e0501044dfc
matched_evaluation,budget_sensitivity,BiLo-NSGA,14,analytic_ref1p1_unclipped,1.1000000000,0,0.0198238638,0,0,0,39,02bb1c85da6897b565eb31bef03cdea197e975a983268790ab203e0501044dfc
matched_evaluation,budget_sensitivity,BiLo-NSGA,14,analytic_ref1p2_unclipped,1.2000000000,0,0.0745690162,0,0,0,39,02bb1c85da6897b565eb31bef03cdea197e975a983268790ab203e0501044dfc
matched_evaluation,budget_sensitivity,NSGA-II,14,reported_empirical_ref1p1_clipped,1.1000000000,1,0.1633898758,0,0,0,38,60c9e3326c061c9ed786eb735e12faf843172c9a672c192dbb7901e36e179896
matched_evaluation,budget_sensitivity,NSGA-II,14,reported_empirical_ref1p1_unclipped,1.1000000000,0,0.1633898758,0,0,0,38,60c9e3326c061c9ed786eb735e12faf843172c9a672c192dbb7901e36e179896
matched_evaluation,budget_sensitivity,NSGA-II,14,expanded_empirical_ref1p1_unclipped,1.1000000000,0,0.2114233903,0,0,0,38,60c9e3326c061c9ed786eb735e12faf843172c9a672c192dbb7901e36e179896
matched_evaluation,budget_sensitivity,NSGA-II,14,analytic_ref1p05_unclipped,1.0500000000,0,0.0074333246,0,0,0,38,60c9e3326c061c9ed786eb735e12faf843172c9a672c192dbb7901e36e179896
matched_evaluation,budget_sensitivity,NSGA-II,14,analytic_ref1p1_unclipped,1.1000000000,0,0.0221490461,0,0,0,38,60c9e3326c061c9ed786eb735e12faf843172c9a672c192dbb7901e36e179896
matched_evaluation,budget_sensitivity,NSGA-II,14,analytic_ref1p2_unclipped,1.2000000000,0,0.0817006931,0,0,0,38,60c9e3326c061c9ed786eb735e12faf843172c9a672c192dbb7901e36e179896
matched_evaluation,budget_sensitivity,BiLo-NSGA,15,reported_empirical_ref1p1_clipped,1.1000000000,1,0.1611998431,0,0,0,38,0bae82f6c77d4223bbf7764de8a1291950ee583a7789567e5568285b1149cd28
matched_evaluation,budget_sensitivity,BiLo-NSGA,15,reported_empirical_ref1p1_unclipped,1.1000000000,0,0.1611998431,0,0,0,38,0bae82f6c77d4223bbf7764de8a1291950ee583a7789567e5568285b1149cd28
matched_evaluation,budget_sensitivity,BiLo-NSGA,15,expanded_empirical_ref1p1_unclipped,1.1000000000,0,0.2070110610,0,0,0,38,0bae82f6c77d4223bbf7764de8a1291950ee583a7789567e5568285b1149cd28
matched_evaluation,budget_sensitivity,BiLo-NSGA,15,analytic_ref1p05_unclipped,1.0500000000,0,0.0065745791,0,0,0,38,0bae82f6c77d4223bbf7764de8a1291950ee583a7789567e5568285b1149cd28
matched_evaluation,budget_sensitivity,BiLo-NSGA,15,analytic_ref1p1_unclipped,1.1000000000,0,0.0202600270,0,0,0,38,0bae82f6c77d4223bbf7764de8a1291950ee583a7789567e5568285b1149cd28
matched_evaluation,budget_sensitivity,BiLo-NSGA,15,analytic_ref1p2_unclipped,1.2000000000,0,0.0774358690,0,0,0,38,0bae82f6c77d4223bbf7764de8a1291950ee583a7789567e5568285b1149cd28
matched_evaluation,budget_sensitivity,NSGA-II,15,reported_empirical_ref1p1_clipped,1.1000000000,1,0.1651169071,2,0,2,39,10a824c3b66b31bedfc2604b88046e4f4170e99621eb228108cae2996423e69d
matched_evaluation,budget_sensitivity,NSGA-II,15,reported_empirical_ref1p1_unclipped,1.1000000000,0,0.1753876320,2,0,2,39,10a824c3b66b31bedfc2604b88046e4f4170e99621eb228108cae2996423e69d
matched_evaluation,budget_sensitivity,NSGA-II,15,expanded_empirical_ref1p1_unclipped,1.1000000000,0,0.2249223082,0,0,0,39,10a824c3b66b31bedfc2604b88046e4f4170e99621eb228108cae2996423e69d
matched_evaluation,budget_sensitivity,NSGA-II,15,analytic_ref1p05_unclipped,1.0500000000,0,0.0078667177,0,0,0,39,10a824c3b66b31bedfc2604b88046e4f4170e99621eb228108cae2996423e69d
matched_evaluation,budget_sensitivity,NSGA-II,15,analytic_ref1p1_unclipped,1.1000000000,0,0.0230115208,0,0,0,39,10a824c3b66b31bedfc2604b88046e4f4170e99621eb228108cae2996423e69d
matched_evaluation,budget_sensitivity,NSGA-II,15,analytic_ref1p2_unclipped,1.2000000000,0,0.0834870486,0,0,0,39,10a824c3b66b31bedfc2604b88046e4f4170e99621eb228108cae2996423e69d
matched_evaluation,budget_sensitivity,Pareto Local Search,15,reported_empirical_ref1p1_clipped,1.1000000000,1,0.1106711865,0,0,0,40,b1ad3a34d4b4dabcdd071d06383f6faab3a8fbf26fe0b8ba5fab1c5658b28694
matched_evaluation,budget_sensitivity,Pareto Local Search,15,reported_empirical_ref1p1_unclipped,1.1000000000,0,0.1106711865,0,0,0,40,b1ad3a34d4b4dabcdd071d06383f6faab3a8fbf26fe0b8ba5fab1c5658b28694
matched_evaluation,budget_sensitivity,Pareto Local Search,15,expanded_empirical_ref1p1_unclipped,1.1000000000,0,0.1563053032,0,0,0,40,b1ad3a34d4b4dabcdd071d06383f6faab3a8fbf26fe0b8ba5fab1c5658b28694
matched_evaluation,budget_sensitivity,Pareto Local Search,15,analytic_ref1p05_unclipped,1.0500000000,0,0.0066748807,0,0,0,40,b1ad3a34d4b4dabcdd071d06383f6faab3a8fbf26fe0b8ba5fab1c5658b28694
matched_evaluation,budget_sensitivity,Pareto Local Search,15,analytic_ref1p1_unclipped,1.1000000000,0,0.0200630264,0,0,0,40,b1ad3a34d4b4dabcdd071d06383f6faab3a8fbf26fe0b8ba5fab1c5658b28694
matched_evaluation,budget_sensitivity,Pareto Local Search,15,analytic_ref1p2_unclipped,1.2000000000,0,0.0753411987,0,0,0,40,b1ad3a34d4b4dabcdd071d06383f6faab3a8fbf26fe0b8ba5fab1c5658b28694
matched_evaluation,budget_sensitivity,NSGA-II,16,reported_empirical_ref1p1_clipped,1.1000000000,1,0.1663602195,0,0,0,36,1baea2e7e84eb89b5a81ff6c29ef6ae29864a69bc5e94db6d3946c8505706a1f
matched_evaluation,budget_sensitivity,NSGA-II,16,reported_empirical_ref1p1_unclipped,1.1000000000,0,0.1663602195,0,0,0,36,1baea2e7e84eb89b5a81ff6c29ef6ae29864a69bc5e94db6d3946c8505706a1f
matched_evaluation,budget_sensitivity,NSGA-II,16,expanded_empirical_ref1p1_unclipped,1.1000000000,0,0.2149007153,0,0,0,36,1baea2e7e84eb89b5a81ff6c29ef6ae29864a69bc5e94db6d3946c8505706a1f
matched_evaluation,budget_sensitivity,NSGA-II,16,analytic_ref1p05_unclipped,1.0500000000,0,0.0073603425,0,0,0,36,1baea2e7e84eb89b5a81ff6c29ef6ae29864a69bc5e94db6d3946c8505706a1f
matched_evaluation,budget_sensitivity,NSGA-II,16,analytic_ref1p1_unclipped,1.1000000000,0,0.0219934617,0,0,0,36,1baea2e7e84eb89b5a81ff6c29ef6ae29864a69bc5e94db6d3946c8505706a1f
matched_evaluation,budget_sensitivity,NSGA-II,16,analytic_ref1p2_unclipped,1.2000000000,0,0.0813069897,0,0,0,36,1baea2e7e84eb89b5a81ff6c29ef6ae29864a69bc5e94db6d3946c8505706a1f
matched_evaluation,budget_sensitivity,Pareto Local Search,16,reported_empirical_ref1p1_clipped,1.1000000000,1,0.1191340500,0,0,0,40,274eea554a6b6b715fce9c3af4dc4318252a1239ff599d027df99b878a77b144
matched_evaluation,budget_sensitivity,Pareto Local Search,16,reported_empirical_ref1p1_unclipped,1.1000000000,0,0.1191340500,0,0,0,40,274eea554a6b6b715fce9c3af4dc4318252a1239ff599d027df99b878a77b144
matched_evaluation,budget_sensitivity,Pareto Local Search,16,expanded_empirical_ref1p1_unclipped,1.1000000000,0,0.1643353120,0,0,0,40,274eea554a6b6b715fce9c3af4dc4318252a1239ff599d027df99b878a77b144
matched_evaluation,budget_sensitivity,Pareto Local Search,16,analytic_ref1p05_unclipped,1.0500000000,0,0.0067328773,0,0,0,40,274eea554a6b6b715fce9c3af4dc4318252a1239ff599d027df99b878a77b144
matched_evaluation,budget_sensitivity,Pareto Local Search,16,analytic_ref1p1_unclipped,1.1000000000,0,0.0201774141,0,0,0,40,274eea554a6b6b715fce9c3af4dc4318252a1239ff599d027df99b878a77b144
matched_evaluation,budget_sensitivity,Pareto Local Search,16,analytic_ref1p2_unclipped,1.2000000000,0,0.0754981033,0,0,0,40,274eea554a6b6b715fce9c3af4dc4318252a1239ff599d027df99b878a77b144
matched_evaluation,budget_sensitivity,BiLo-NSGA,16,reported_empirical_ref1p1_clipped,1.1000000000,1,0.1468029066,0,0,0,39,634e2f4207cd6a7cbbb2ed23f383227cab914a3455ead326da4674d4d89f9111
matched_evaluation,budget_sensitivity,BiLo-NSGA,16,reported_empirical_ref1p1_unclipped,1.1000000000,0,0.1468029066,0,0,0,39,634e2f4207cd6a7cbbb2ed23f383227cab914a3455ead326da4674d4d89f9111
matched_evaluation,budget_sensitivity,BiLo-NSGA,16,expanded_empirical_ref1p1_unclipped,1.1000000000,0,0.1922002191,0,0,0,39,634e2f4207cd6a7cbbb2ed23f383227cab914a3455ead326da4674d4d89f9111
matched_evaluation,budget_sensitivity,BiLo-NSGA,16,analytic_ref1p05_unclipped,1.0500000000,0,0.0068874179,0,0,0,39,634e2f4207cd6a7cbbb2ed23f383227cab914a3455ead326da4674d4d89f9111
matched_evaluation,budget_sensitivity,BiLo-NSGA,16,analytic_ref1p1_unclipped,1.1000000000,0,0.0208357560,0,0,0,39,634e2f4207cd6a7cbbb2ed23f383227cab914a3455ead326da4674d4d89f9111
matched_evaluation,budget_sensitivity,BiLo-NSGA,16,analytic_ref1p2_unclipped,1.2000000000,0,0.0783818022,0,0,0,39,634e2f4207cd6a7cbbb2ed23f383227cab914a3455ead326da4674d4d89f9111
matched_evaluation,budget_sensitivity,Pareto Local Search,17,reported_empirical_ref1p1_clipped,1.1000000000,1,0.1031194174,0,0,0,40,5541e061b2cff3c4fbbdf5ad266a2c08fcf504b487663529cc96105efa096982
matched_evaluation,budget_sensitivity,Pareto Local Search,17,reported_empirical_ref1p1_unclipped,1.1000000000,0,0.1031194174,0,0,0,40,5541e061b2cff3c4fbbdf5ad266a2c08fcf504b487663529cc96105efa096982
matched_evaluation,budget_sensitivity,Pareto Local Search,17,expanded_empirical_ref1p1_unclipped,1.1000000000,0,0.1489702552,0,0,0,40,5541e061b2cff3c4fbbdf5ad266a2c08fcf504b487663529cc96105efa096982
matched_evaluation,budget_sensitivity,Pareto Local Search,17,analytic_ref1p05_unclipped,1.0500000000,0,0.0062039012,0,0,0,40,5541e061b2cff3c4fbbdf5ad266a2c08fcf504b487663529cc96105efa096982
matched_evaluation,budget_sensitivity,Pareto Local Search,17,analytic_ref1p1_unclipped,1.1000000000,0,0.0190543952,0,0,0,40,5541e061b2cff3c4fbbdf5ad266a2c08fcf504b487663529cc96105efa096982
matched_evaluation,budget_sensitivity,Pareto Local Search,17,analytic_ref1p2_unclipped,1.2000000000,0,0.0729257239,0,0,0,40,5541e061b2cff3c4fbbdf5ad266a2c08fcf504b487663529cc96105efa096982
matched_evaluation,budget_sensitivity,BiLo-NSGA,17,reported_empirical_ref1p1_clipped,1.1000000000,1,0.1341381246,0,0,0,39,7b442cb6015f673c75ab4f8428fdfade002d6d8dc13ec31af568d4adf320a9f6
matched_evaluation,budget_sensitivity,BiLo-NSGA,17,reported_empirical_ref1p1_unclipped,1.1000000000,0,0.1341381246,0,0,0,39,7b442cb6015f673c75ab4f8428fdfade002d6d8dc13ec31af568d4adf320a9f6
matched_evaluation,budget_sensitivity,BiLo-NSGA,17,expanded_empirical_ref1p1_unclipped,1.1000000000,0,0.1798547275,0,0,0,39,7b442cb6015f673c75ab4f8428fdfade002d6d8dc13ec31af568d4adf320a9f6
matched_evaluation,budget_sensitivity,BiLo-NSGA,17,analytic_ref1p05_unclipped,1.0500000000,0,0.0069810757,0,0,0,39,7b442cb6015f673c75ab4f8428fdfade002d6d8dc13ec31af568d4adf320a9f6
matched_evaluation,budget_sensitivity,BiLo-NSGA,17,analytic_ref1p1_unclipped,1.1000000000,0,0.0209840443,0,0,0,39,7b442cb6015f673c75ab4f8428fdfade002d6d8dc13ec31af568d4adf320a9f6
matched_evaluation,budget_sensitivity,BiLo-NSGA,17,analytic_ref1p2_unclipped,1.2000000000,0,0.0783290896,0,0,0,39,7b442cb6015f673c75ab4f8428fdfade002d6d8dc13ec31af568d4adf320a9f6
matched_evaluation,budget_sensitivity,NSGA-II,17,reported_empirical_ref1p1_clipped,1.1000000000,1,0.1685889313,1,0,1,39,dc60126fa8b43c1789c572c66a2ab475a84612c87cff0f95b606bbdf12d2f8dd
matched_evaluation,budget_sensitivity,NSGA-II,17,reported_empirical_ref1p1_unclipped,1.1000000000,0,0.1720229553,1,0,1,39,dc60126fa8b43c1789c572c66a2ab475a84612c87cff0f95b606bbdf12d2f8dd
matched_evaluation,budget_sensitivity,NSGA-II,17,expanded_empirical_ref1p1_unclipped,1.1000000000,0,0.2201851104,0,0,0,39,dc60126fa8b43c1789c572c66a2ab475a84612c87cff0f95b606bbdf12d2f8dd
matched_evaluation,budget_sensitivity,NSGA-II,17,analytic_ref1p05_unclipped,1.0500000000,0,0.0072993568,0,0,0,39,dc60126fa8b43c1789c572c66a2ab475a84612c87cff0f95b606bbdf12d2f8dd
matched_evaluation,budget_sensitivity,NSGA-II,17,analytic_ref1p1_unclipped,1.1000000000,0,0.0219235531,0,0,0,39,dc60126fa8b43c1789c572c66a2ab475a84612c87cff0f95b606bbdf12d2f8dd
matched_evaluation,budget_sensitivity,NSGA-II,17,analytic_ref1p2_unclipped,1.2000000000,0,0.0814955475,0,0,0,39,dc60126fa8b43c1789c572c66a2ab475a84612c87cff0f95b606bbdf12d2f8dd
matched_evaluation,budget_sensitivity,BiLo-NSGA,18,reported_empirical_ref1p1_clipped,1.1000000000,1,0.1583728210,0,0,0,38,6ec800870561d3186865850dd86fdbae348c064fc059c3d0a1e952cd874d5fb5
matched_evaluation,budget_sensitivity,BiLo-NSGA,18,reported_empirical_ref1p1_unclipped,1.1000000000,0,0.1583728210,0,0,0,38,6ec800870561d3186865850dd86fdbae348c064fc059c3d0a1e952cd874d5fb5
matched_evaluation,budget_sensitivity,BiLo-NSGA,18,expanded_empirical_ref1p1_unclipped,1.1000000000,0,0.2040849305,0,0,0,38,6ec800870561d3186865850dd86fdbae348c064fc059c3d0a1e952cd874d5fb5
matched_evaluation,budget_sensitivity,BiLo-NSGA,18,analytic_ref1p05_unclipped,1.0500000000,0,0.0075620018,0,0,0,38,6ec800870561d3186865850dd86fdbae348c064fc059c3d0a1e952cd874d5fb5
matched_evaluation,budget_sensitivity,BiLo-NSGA,18,analytic_ref1p1_unclipped,1.1000000000,0,0.0222644260,0,0,0,38,6ec800870561d3186865850dd86fdbae348c064fc059c3d0a1e952cd874d5fb5
matched_evaluation,budget_sensitivity,BiLo-NSGA,18,analytic_ref1p2_unclipped,1.2000000000,0,0.0814846515,0,0,0,38,6ec800870561d3186865850dd86fdbae348c064fc059c3d0a1e952cd874d5fb5
matched_evaluation,budget_sensitivity,NSGA-II,18,reported_empirical_ref1p1_clipped,1.1000000000,1,0.1660953245,0,0,0,39,b966ccb4d2c18bfb77cca71151cbdebcd4d4b4f22589df2e1ba77da07c17aa9c
matched_evaluation,budget_sensitivity,NSGA-II,18,reported_empirical_ref1p1_unclipped,1.1000000000,0,0.1660953245,0,0,0,39,b966ccb4d2c18bfb77cca71151cbdebcd4d4b4f22589df2e1ba77da07c17aa9c
matched_evaluation,budget_sensitivity,NSGA-II,18,expanded_empirical_ref1p1_unclipped,1.1000000000,0,0.2137884602,0,0,0,39,b966ccb4d2c18bfb77cca71151cbdebcd4d4b4f22589df2e1ba77da07c17aa9c
matched_evaluation,budget_sensitivity,NSGA-II,18,analytic_ref1p05_unclipped,1.0500000000,0,0.0074832361,0,0,0,39,b966ccb4d2c18bfb77cca71151cbdebcd4d4b4f22589df2e1ba77da07c17aa9c
matched_evaluation,budget_sensitivity,NSGA-II,18,analytic_ref1p1_unclipped,1.1000000000,0,0.0221239244,0,0,0,39,b966ccb4d2c18bfb77cca71151cbdebcd4d4b4f22589df2e1ba77da07c17aa9c
matched_evaluation,budget_sensitivity,NSGA-II,18,analytic_ref1p2_unclipped,1.2000000000,0,0.0812881745,0,0,0,39,b966ccb4d2c18bfb77cca71151cbdebcd4d4b4f22589df2e1ba77da07c17aa9c
matched_evaluation,budget_sensitivity,Pareto Local Search,18,reported_empirical_ref1p1_clipped,1.1000000000,1,0.0900177899,0,0,0,40,a1c7958e18635eb8058dfb6e3fb4ec39982dc3d66b13860a3f919549d7cbecbf
matched_evaluation,budget_sensitivity,Pareto Local Search,18,reported_empirical_ref1p1_unclipped,1.1000000000,0,0.0900177899,0,0,0,40,a1c7958e18635eb8058dfb6e3fb4ec39982dc3d66b13860a3f919549d7cbecbf
matched_evaluation,budget_sensitivity,Pareto Local Search,18,expanded_empirical_ref1p1_unclipped,1.1000000000,0,0.1352812688,0,0,0,40,a1c7958e18635eb8058dfb6e3fb4ec39982dc3d66b13860a3f919549d7cbecbf
matched_evaluation,budget_sensitivity,Pareto Local Search,18,analytic_ref1p05_unclipped,1.0500000000,0,0.0056865048,0,0,0,40,a1c7958e18635eb8058dfb6e3fb4ec39982dc3d66b13860a3f919549d7cbecbf
matched_evaluation,budget_sensitivity,Pareto Local Search,18,analytic_ref1p1_unclipped,1.1000000000,0,0.0178869664,0,0,0,40,a1c7958e18635eb8058dfb6e3fb4ec39982dc3d66b13860a3f919549d7cbecbf
matched_evaluation,budget_sensitivity,Pareto Local Search,18,analytic_ref1p2_unclipped,1.2000000000,0,0.0698112042,0,0,0,40,a1c7958e18635eb8058dfb6e3fb4ec39982dc3d66b13860a3f919549d7cbecbf
matched_evaluation,budget_sensitivity,NSGA-II,19,reported_empirical_ref1p1_clipped,1.1000000000,1,0.1663870682,3,0,3,40,f541a1d7390c46c7fadbb774d4649f533b098b6b6e70488c6b9c09139c3af7e4
matched_evaluation,budget_sensitivity,NSGA-II,19,reported_empirical_ref1p1_unclipped,1.1000000000,0,0.1861309361,3,0,3,40,f541a1d7390c46c7fadbb774d4649f533b098b6b6e70488c6b9c09139c3af7e4
matched_evaluation,budget_sensitivity,NSGA-II,19,expanded_empirical_ref1p1_unclipped,1.1000000000,0,0.2357920014,0,0,0,40,f541a1d7390c46c7fadbb774d4649f533b098b6b6e70488c6b9c09139c3af7e4
matched_evaluation,budget_sensitivity,NSGA-II,19,analytic_ref1p05_unclipped,1.0500000000,0,0.0077411165,0,0,0,40,f541a1d7390c46c7fadbb774d4649f533b098b6b6e70488c6b9c09139c3af7e4
matched_evaluation,budget_sensitivity,NSGA-II,19,analytic_ref1p1_unclipped,1.1000000000,0,0.0228066059,0,0,0,40,f541a1d7390c46c7fadbb774d4649f533b098b6b6e70488c6b9c09139c3af7e4
matched_evaluation,budget_sensitivity,NSGA-II,19,analytic_ref1p2_unclipped,1.2000000000,0,0.0830897586,0,0,0,40,f541a1d7390c46c7fadbb774d4649f533b098b6b6e70488c6b9c09139c3af7e4
matched_evaluation,budget_sensitivity,Pareto Local Search,19,reported_empirical_ref1p1_clipped,1.1000000000,1,0.0963570729,0,0,0,40,48002bb67470ad168cd6c85ddfb843f3878cfeb7bd8f39f1bbf04c3fbb098988
matched_evaluation,budget_sensitivity,Pareto Local Search,19,reported_empirical_ref1p1_unclipped,1.1000000000,0,0.0963570729,0,0,0,40,48002bb67470ad168cd6c85ddfb843f3878cfeb7bd8f39f1bbf04c3fbb098988
matched_evaluation,budget_sensitivity,Pareto Local Search,19,expanded_empirical_ref1p1_unclipped,1.1000000000,0,0.1421419419,0,0,0,40,48002bb67470ad168cd6c85ddfb843f3878cfeb7bd8f39f1bbf04c3fbb098988
matched_evaluation,budget_sensitivity,Pareto Local Search,19,analytic_ref1p05_unclipped,1.0500000000,0,0.0061368401,0,0,0,40,48002bb67470ad168cd6c85ddfb843f3878cfeb7bd8f39f1bbf04c3fbb098988
matched_evaluation,budget_sensitivity,Pareto Local Search,19,analytic_ref1p1_unclipped,1.1000000000,0,0.0188893273,0,0,0,40,48002bb67470ad168cd6c85ddfb843f3878cfeb7bd8f39f1bbf04c3fbb098988
matched_evaluation,budget_sensitivity,Pareto Local Search,19,analytic_ref1p2_unclipped,1.2000000000,0,0.0724066076,0,0,0,40,48002bb67470ad168cd6c85ddfb843f3878cfeb7bd8f39f1bbf04c3fbb098988
matched_evaluation,budget_sensitivity,BiLo-NSGA,19,reported_empirical_ref1p1_clipped,1.1000000000,1,0.1466109091,0,0,0,39,ffeff769de01aed605be8879a7992bea08c114bfd5d3b1ff8c0a9063cb760ccb
matched_evaluation,budget_sensitivity,BiLo-NSGA,19,reported_empirical_ref1p1_unclipped,1.1000000000,0,0.1466109091,0,0,0,39,ffeff769de01aed605be8879a7992bea08c114bfd5d3b1ff8c0a9063cb760ccb
matched_evaluation,budget_sensitivity,BiLo-NSGA,19,expanded_empirical_ref1p1_unclipped,1.1000000000,0,0.1922965796,0,0,0,39,ffeff769de01aed605be8879a7992bea08c114bfd5d3b1ff8c0a9063cb760ccb
matched_evaluation,budget_sensitivity,BiLo-NSGA,19,analytic_ref1p05_unclipped,1.0500000000,0,0.0062794544,0,0,0,39,ffeff769de01aed605be8879a7992bea08c114bfd5d3b1ff8c0a9063cb760ccb
matched_evaluation,budget_sensitivity,BiLo-NSGA,19,analytic_ref1p1_unclipped,1.1000000000,0,0.0195117483,0,0,0,39,ffeff769de01aed605be8879a7992bea08c114bfd5d3b1ff8c0a9063cb760ccb
matched_evaluation,budget_sensitivity,BiLo-NSGA,19,analytic_ref1p2_unclipped,1.2000000000,0,0.0752134164,0,0,0,39,ffeff769de01aed605be8879a7992bea08c114bfd5d3b1ff8c0a9063cb760ccb
matched_evaluation,budget_sensitivity,Pareto Local Search,20,reported_empirical_ref1p1_clipped,1.1000000000,1,0.0851226302,0,0,0,40,36888e7763f87589a0edd7aa7d8b2c559ec4474a563a84e687d7736df0f53efe
matched_evaluation,budget_sensitivity,Pareto Local Search,20,reported_empirical_ref1p1_unclipped,1.1000000000,0,0.0851226302,0,0,0,40,36888e7763f87589a0edd7aa7d8b2c559ec4474a563a84e687d7736df0f53efe
matched_evaluation,budget_sensitivity,Pareto Local Search,20,expanded_empirical_ref1p1_unclipped,1.1000000000,0,0.1310759544,0,0,0,40,36888e7763f87589a0edd7aa7d8b2c559ec4474a563a84e687d7736df0f53efe
matched_evaluation,budget_sensitivity,Pareto Local Search,20,analytic_ref1p05_unclipped,1.0500000000,0,0.0055231283,0,0,0,40,36888e7763f87589a0edd7aa7d8b2c559ec4474a563a84e687d7736df0f53efe
matched_evaluation,budget_sensitivity,Pareto Local Search,20,analytic_ref1p1_unclipped,1.1000000000,0,0.0175590338,0,0,0,40,36888e7763f87589a0edd7aa7d8b2c559ec4474a563a84e687d7736df0f53efe
matched_evaluation,budget_sensitivity,Pareto Local Search,20,analytic_ref1p2_unclipped,1.2000000000,0,0.0691706771,0,0,0,40,36888e7763f87589a0edd7aa7d8b2c559ec4474a563a84e687d7736df0f53efe
matched_evaluation,budget_sensitivity,BiLo-NSGA,20,reported_empirical_ref1p1_clipped,1.1000000000,1,0.1473855799,0,0,0,38,d59c2cdf3de970e7523e7bca8119fc0b6a05a1cde3cb14dbb78800cbcaace655
matched_evaluation,budget_sensitivity,BiLo-NSGA,20,reported_empirical_ref1p1_unclipped,1.1000000000,0,0.1473855799,0,0,0,38,d59c2cdf3de970e7523e7bca8119fc0b6a05a1cde3cb14dbb78800cbcaace655
matched_evaluation,budget_sensitivity,BiLo-NSGA,20,expanded_empirical_ref1p1_unclipped,1.1000000000,0,0.1927919206,0,0,0,38,d59c2cdf3de970e7523e7bca8119fc0b6a05a1cde3cb14dbb78800cbcaace655
matched_evaluation,budget_sensitivity,BiLo-NSGA,20,analytic_ref1p05_unclipped,1.0500000000,0,0.0064505310,0,0,0,38,d59c2cdf3de970e7523e7bca8119fc0b6a05a1cde3cb14dbb78800cbcaace655
matched_evaluation,budget_sensitivity,BiLo-NSGA,20,analytic_ref1p1_unclipped,1.1000000000,0,0.0198736435,0,0,0,38,d59c2cdf3de970e7523e7bca8119fc0b6a05a1cde3cb14dbb78800cbcaace655
matched_evaluation,budget_sensitivity,BiLo-NSGA,20,analytic_ref1p2_unclipped,1.2000000000,0,0.0758959675,0,0,0,38,d59c2cdf3de970e7523e7bca8119fc0b6a05a1cde3cb14dbb78800cbcaace655
matched_evaluation,budget_sensitivity,NSGA-II,20,reported_empirical_ref1p1_clipped,1.1000000000,1,0.1680327000,1,0,1,39,044dbfcc8f07c9ee8b53bf9e10557ca6a246a82e9999fc133cb354c0b57b3ede
matched_evaluation,budget_sensitivity,NSGA-II,20,reported_empirical_ref1p1_unclipped,1.1000000000,0,0.1745051254,1,0,1,39,044dbfcc8f07c9ee8b53bf9e10557ca6a246a82e9999fc133cb354c0b57b3ede
matched_evaluation,budget_sensitivity,NSGA-II,20,expanded_empirical_ref1p1_unclipped,1.1000000000,0,0.2229852046,0,0,0,39,044dbfcc8f07c9ee8b53bf9e10557ca6a246a82e9999fc133cb354c0b57b3ede
matched_evaluation,budget_sensitivity,NSGA-II,20,analytic_ref1p05_unclipped,1.0500000000,0,0.0075940038,0,0,0,39,044dbfcc8f07c9ee8b53bf9e10557ca6a246a82e9999fc133cb354c0b57b3ede
matched_evaluation,budget_sensitivity,NSGA-II,20,analytic_ref1p1_unclipped,1.1000000000,0,0.0225535068,0,0,0,39,044dbfcc8f07c9ee8b53bf9e10557ca6a246a82e9999fc133cb354c0b57b3ede
matched_evaluation,budget_sensitivity,NSGA-II,20,analytic_ref1p2_unclipped,1.2000000000,0,0.0829881381,0,0,0,39,044dbfcc8f07c9ee8b53bf9e10557ca6a246a82e9999fc133cb354c0b57b3ede
matched_evaluation,budget_sensitivity,BiLo-NSGA,21,reported_empirical_ref1p1_clipped,1.1000000000,1,0.1497385445,0,0,0,39,0ecacf6878da4aeec01ba9ec5120adc7e7dfba35210839b4b8bb64f202cffffd
matched_evaluation,budget_sensitivity,BiLo-NSGA,21,reported_empirical_ref1p1_unclipped,1.1000000000,0,0.1497385445,0,0,0,39,0ecacf6878da4aeec01ba9ec5120adc7e7dfba35210839b4b8bb64f202cffffd
matched_evaluation,budget_sensitivity,BiLo-NSGA,21,expanded_empirical_ref1p1_unclipped,1.1000000000,0,0.1955694291,0,0,0,39,0ecacf6878da4aeec01ba9ec5120adc7e7dfba35210839b4b8bb64f202cffffd
matched_evaluation,budget_sensitivity,BiLo-NSGA,21,analytic_ref1p05_unclipped,1.0500000000,0,0.0071928398,0,0,0,39,0ecacf6878da4aeec01ba9ec5120adc7e7dfba35210839b4b8bb64f202cffffd
matched_evaluation,budget_sensitivity,BiLo-NSGA,21,analytic_ref1p1_unclipped,1.1000000000,0,0.0214275568,0,0,0,39,0ecacf6878da4aeec01ba9ec5120adc7e7dfba35210839b4b8bb64f202cffffd
matched_evaluation,budget_sensitivity,BiLo-NSGA,21,analytic_ref1p2_unclipped,1.2000000000,0,0.0795259542,0,0,0,39,0ecacf6878da4aeec01ba9ec5120adc7e7dfba35210839b4b8bb64f202cffffd
matched_evaluation,budget_sensitivity,NSGA-II,21,reported_empirical_ref1p1_clipped,1.1000000000,1,0.1562722208,0,0,0,38,8ae6e875e62f2ce0809526a846a18bad8e52039b978a08a6b21e0ee56073221b
matched_evaluation,budget_sensitivity,NSGA-II,21,reported_empirical_ref1p1_unclipped,1.1000000000,0,0.1562722208,0,0,0,38,8ae6e875e62f2ce0809526a846a18bad8e52039b978a08a6b21e0ee56073221b
matched_evaluation,budget_sensitivity,NSGA-II,21,expanded_empirical_ref1p1_unclipped,1.1000000000,0,0.2034891530,0,0,0,38,8ae6e875e62f2ce0809526a846a18bad8e52039b978a08a6b21e0ee56073221b
matched_evaluation,budget_sensitivity,NSGA-II,21,analytic_ref1p05_unclipped,1.0500000000,0,0.0074007534,0,0,0,38,8ae6e875e62f2ce0809526a846a18bad8e52039b978a08a6b21e0ee56073221b
matched_evaluation,budget_sensitivity,NSGA-II,21,analytic_ref1p1_unclipped,1.1000000000,0,0.0220611138,0,0,0,38,8ae6e875e62f2ce0809526a846a18bad8e52039b978a08a6b21e0ee56073221b
matched_evaluation,budget_sensitivity,NSGA-II,21,analytic_ref1p2_unclipped,1.2000000000,0,0.0814109484,0,0,0,38,8ae6e875e62f2ce0809526a846a18bad8e52039b978a08a6b21e0ee56073221b
matched_evaluation,budget_sensitivity,Pareto Local Search,21,reported_empirical_ref1p1_clipped,1.1000000000,1,0.0914443389,0,0,0,40,3cee7d6f150f65b2644a777cbdb6fd8d18fe1bdf5f9d21bf74da6028824a97ac
matched_evaluation,budget_sensitivity,Pareto Local Search,21,reported_empirical_ref1p1_unclipped,1.1000000000,0,0.0914443389,0,0,0,40,3cee7d6f150f65b2644a777cbdb6fd8d18fe1bdf5f9d21bf74da6028824a97ac
matched_evaluation,budget_sensitivity,Pareto Local Search,21,expanded_empirical_ref1p1_unclipped,1.1000000000,0,0.1367898714,0,0,0,40,3cee7d6f150f65b2644a777cbdb6fd8d18fe1bdf5f9d21bf74da6028824a97ac
matched_evaluation,budget_sensitivity,Pareto Local Search,21,analytic_ref1p05_unclipped,1.0500000000,0,0.0056662701,0,0,0,40,3cee7d6f150f65b2644a777cbdb6fd8d18fe1bdf5f9d21bf74da6028824a97ac
matched_evaluation,budget_sensitivity,Pareto Local Search,21,analytic_ref1p1_unclipped,1.1000000000,0,0.0179033649,0,0,0,40,3cee7d6f150f65b2644a777cbdb6fd8d18fe1bdf5f9d21bf74da6028824a97ac
matched_evaluation,budget_sensitivity,Pareto Local Search,21,analytic_ref1p2_unclipped,1.2000000000,0,0.0700354036,0,0,0,40,3cee7d6f150f65b2644a777cbdb6fd8d18fe1bdf5f9d21bf74da6028824a97ac
matched_evaluation,budget_sensitivity,NSGA-II,22,reported_empirical_ref1p1_clipped,1.1000000000,1,0.1657361297,0,0,0,38,8c5afb6e1add45e81f59f82109c7c81545c63c8b955b5a8931d18c6d73a431b2
matched_evaluation,budget_sensitivity,NSGA-II,22,reported_empirical_ref1p1_unclipped,1.1000000000,0,0.1657361297,0,0,0,38,8c5afb6e1add45e81f59f82109c7c81545c63c8b955b5a8931d18c6d73a431b2
matched_evaluation,budget_sensitivity,NSGA-II,22,expanded_empirical_ref1p1_unclipped,1.1000000000,0,0.2136995662,0,0,0,38,8c5afb6e1add45e81f59f82109c7c81545c63c8b955b5a8931d18c6d73a431b2
matched_evaluation,budget_sensitivity,NSGA-II,22,analytic_ref1p05_unclipped,1.0500000000,0,0.0074932484,0,0,0,38,8c5afb6e1add45e81f59f82109c7c81545c63c8b955b5a8931d18c6d73a431b2
matched_evaluation,budget_sensitivity,NSGA-II,22,analytic_ref1p1_unclipped,1.1000000000,0,0.0223163413,0,0,0,38,8c5afb6e1add45e81f59f82109c7c81545c63c8b955b5a8931d18c6d73a431b2
matched_evaluation,budget_sensitivity,NSGA-II,22,analytic_ref1p2_unclipped,1.2000000000,0,0.0823122887,0,0,0,38,8c5afb6e1add45e81f59f82109c7c81545c63c8b955b5a8931d18c6d73a431b2
matched_evaluation,budget_sensitivity,Pareto Local Search,22,reported_empirical_ref1p1_clipped,1.1000000000,1,0.1075514315,0,0,0,40,999c7bfe5e963c3fa5f1f18f0745dc809a8c24cfa741d70ad57ca44e3c1d1fd7
matched_evaluation,budget_sensitivity,Pareto Local Search,22,reported_empirical_ref1p1_unclipped,1.1000000000,0,0.1075514315,0,0,0,40,999c7bfe5e963c3fa5f1f18f0745dc809a8c24cfa741d70ad57ca44e3c1d1fd7
matched_evaluation,budget_sensitivity,Pareto Local Search,22,expanded_empirical_ref1p1_unclipped,1.1000000000,0,0.1528702676,0,0,0,40,999c7bfe5e963c3fa5f1f18f0745dc809a8c24cfa741d70ad57ca44e3c1d1fd7
matched_evaluation,budget_sensitivity,Pareto Local Search,22,analytic_ref1p05_unclipped,1.0500000000,0,0.0064153447,0,0,0,40,999c7bfe5e963c3fa5f1f18f0745dc809a8c24cfa741d70ad57ca44e3c1d1fd7
matched_evaluation,budget_sensitivity,Pareto Local Search,22,analytic_ref1p1_unclipped,1.1000000000,0,0.0195001176,0,0,0,40,999c7bfe5e963c3fa5f1f18f0745dc809a8c24cfa741d70ad57ca44e3c1d1fd7
matched_evaluation,budget_sensitivity,Pareto Local Search,22,analytic_ref1p2_unclipped,1.2000000000,0,0.0738473070,0,0,0,40,999c7bfe5e963c3fa5f1f18f0745dc809a8c24cfa741d70ad57ca44e3c1d1fd7
matched_evaluation,budget_sensitivity,BiLo-NSGA,22,reported_empirical_ref1p1_clipped,1.1000000000,1,0.1477069442,0,0,0,39,6112083428e2df6815921846c91847a6e556667f4edd38486cd38df5933c45bf
matched_evaluation,budget_sensitivity,BiLo-NSGA,22,reported_empirical_ref1p1_unclipped,1.1000000000,0,0.1477069442,0,0,0,39,6112083428e2df6815921846c91847a6e556667f4edd38486cd38df5933c45bf
matched_evaluation,budget_sensitivity,BiLo-NSGA,22,expanded_empirical_ref1p1_unclipped,1.1000000000,0,0.1929265856,0,0,0,39,6112083428e2df6815921846c91847a6e556667f4edd38486cd38df5933c45bf
matched_evaluation,budget_sensitivity,BiLo-NSGA,22,analytic_ref1p05_unclipped,1.0500000000,0,0.0074696129,0,0,0,39,6112083428e2df6815921846c91847a6e556667f4edd38486cd38df5933c45bf
matched_evaluation,budget_sensitivity,BiLo-NSGA,22,analytic_ref1p1_unclipped,1.1000000000,0,0.0219575425,0,0,0,39,6112083428e2df6815921846c91847a6e556667f4edd38486cd38df5933c45bf
matched_evaluation,budget_sensitivity,BiLo-NSGA,22,analytic_ref1p2_unclipped,1.2000000000,0,0.0803654923,0,0,0,39,6112083428e2df6815921846c91847a6e556667f4edd38486cd38df5933c45bf
matched_evaluation,budget_sensitivity,Pareto Local Search,23,reported_empirical_ref1p1_clipped,1.1000000000,1,0.0989987648,0,0,0,40,6ae38f8a89584177a9614d507d9a4bc980192c60cf046f8d0467b0f87f9df520
matched_evaluation,budget_sensitivity,Pareto Local Search,23,reported_empirical_ref1p1_unclipped,1.1000000000,0,0.0989987648,0,0,0,40,6ae38f8a89584177a9614d507d9a4bc980192c60cf046f8d0467b0f87f9df520
matched_evaluation,budget_sensitivity,Pareto Local Search,23,expanded_empirical_ref1p1_unclipped,1.1000000000,0,0.1450314094,0,0,0,40,6ae38f8a89584177a9614d507d9a4bc980192c60cf046f8d0467b0f87f9df520
matched_evaluation,budget_sensitivity,Pareto Local Search,23,analytic_ref1p05_unclipped,1.0500000000,0,0.0062148527,0,0,0,40,6ae38f8a89584177a9614d507d9a4bc980192c60cf046f8d0467b0f87f9df520
matched_evaluation,budget_sensitivity,Pareto Local Search,23,analytic_ref1p1_unclipped,1.1000000000,0,0.0191788308,0,0,0,40,6ae38f8a89584177a9614d507d9a4bc980192c60cf046f8d0467b0f87f9df520
matched_evaluation,budget_sensitivity,Pareto Local Search,23,analytic_ref1p2_unclipped,1.2000000000,0,0.0735081460,0,0,0,40,6ae38f8a89584177a9614d507d9a4bc980192c60cf046f8d0467b0f87f9df520
matched_evaluation,budget_sensitivity,BiLo-NSGA,23,reported_empirical_ref1p1_clipped,1.1000000000,1,0.1463261403,0,0,0,39,92182b02b89c5f9ba6041ced80e41b1c25afd2d9aabfa93f88d87f81775cbfd6
matched_evaluation,budget_sensitivity,BiLo-NSGA,23,reported_empirical_ref1p1_unclipped,1.1000000000,0,0.1463261403,0,0,0,39,92182b02b89c5f9ba6041ced80e41b1c25afd2d9aabfa93f88d87f81775cbfd6
matched_evaluation,budget_sensitivity,BiLo-NSGA,23,expanded_empirical_ref1p1_unclipped,1.1000000000,0,0.1918273041,0,0,0,39,92182b02b89c5f9ba6041ced80e41b1c25afd2d9aabfa93f88d87f81775cbfd6
matched_evaluation,budget_sensitivity,BiLo-NSGA,23,analytic_ref1p05_unclipped,1.0500000000,0,0.0068722378,0,0,0,39,92182b02b89c5f9ba6041ced80e41b1c25afd2d9aabfa93f88d87f81775cbfd6
matched_evaluation,budget_sensitivity,BiLo-NSGA,23,analytic_ref1p1_unclipped,1.1000000000,0,0.0206642906,0,0,0,39,92182b02b89c5f9ba6041ced80e41b1c25afd2d9aabfa93f88d87f81775cbfd6
matched_evaluation,budget_sensitivity,BiLo-NSGA,23,analytic_ref1p2_unclipped,1.2000000000,0,0.0774187904,0,0,0,39,92182b02b89c5f9ba6041ced80e41b1c25afd2d9aabfa93f88d87f81775cbfd6
matched_evaluation,budget_sensitivity,NSGA-II,23,reported_empirical_ref1p1_clipped,1.1000000000,1,0.1687161233,1,0,1,39,d8ddaf8dbb2d3dce0e33ed9720d23dc91eb9b95abc76769ba724c84ba2b3edea
matched_evaluation,budget_sensitivity,NSGA-II,23,reported_empirical_ref1p1_unclipped,1.1000000000,0,0.1839608737,1,0,1,39,d8ddaf8dbb2d3dce0e33ed9720d23dc91eb9b95abc76769ba724c84ba2b3edea
matched_evaluation,budget_sensitivity,NSGA-II,23,expanded_empirical_ref1p1_unclipped,1.1000000000,0,0.2324281154,0,0,0,39,d8ddaf8dbb2d3dce0e33ed9720d23dc91eb9b95abc76769ba724c84ba2b3edea
matched_evaluation,budget_sensitivity,NSGA-II,23,analytic_ref1p05_unclipped,1.0500000000,0,0.0077022200,0,0,0,39,d8ddaf8dbb2d3dce0e33ed9720d23dc91eb9b95abc76769ba724c84ba2b3edea
matched_evaluation,budget_sensitivity,NSGA-II,23,analytic_ref1p1_unclipped,1.1000000000,0,0.0227276477,0,0,0,39,d8ddaf8dbb2d3dce0e33ed9720d23dc91eb9b95abc76769ba724c84ba2b3edea
matched_evaluation,budget_sensitivity,NSGA-II,23,analytic_ref1p2_unclipped,1.2000000000,0,0.0832106600,0,0,0,39,d8ddaf8dbb2d3dce0e33ed9720d23dc91eb9b95abc76769ba724c84ba2b3edea
matched_evaluation,budget_sensitivity,BiLo-NSGA,24,reported_empirical_ref1p1_clipped,1.1000000000,1,0.1622068730,0,0,0,39,0d45a006ef29b97211963490fa76449487e95b4698d9e25d9bd1ead469a1cf7b
matched_evaluation,budget_sensitivity,BiLo-NSGA,24,reported_empirical_ref1p1_unclipped,1.1000000000,0,0.1622068730,0,0,0,39,0d45a006ef29b97211963490fa76449487e95b4698d9e25d9bd1ead469a1cf7b
matched_evaluation,budget_sensitivity,BiLo-NSGA,24,expanded_empirical_ref1p1_unclipped,1.1000000000,0,0.2085118583,0,0,0,39,0d45a006ef29b97211963490fa76449487e95b4698d9e25d9bd1ead469a1cf7b
matched_evaluation,budget_sensitivity,BiLo-NSGA,24,analytic_ref1p05_unclipped,1.0500000000,0,0.0077350428,0,0,0,39,0d45a006ef29b97211963490fa76449487e95b4698d9e25d9bd1ead469a1cf7b
matched_evaluation,budget_sensitivity,BiLo-NSGA,24,analytic_ref1p1_unclipped,1.1000000000,0,0.0227409280,0,0,0,39,0d45a006ef29b97211963490fa76449487e95b4698d9e25d9bd1ead469a1cf7b
matched_evaluation,budget_sensitivity,BiLo-NSGA,24,analytic_ref1p2_unclipped,1.2000000000,0,0.0829932781,0,0,0,39,0d45a006ef29b97211963490fa76449487e95b4698d9e25d9bd1ead469a1cf7b
matched_evaluation,budget_sensitivity,NSGA-II,24,reported_empirical_ref1p1_clipped,1.1000000000,1,0.1673674184,2,0,2,36,7f4a9c3fda64192a4930383db6166df7bfa4ebe011c6cf2fb2ac6939a95b4282
matched_evaluation,budget_sensitivity,NSGA-II,24,reported_empirical_ref1p1_unclipped,1.1000000000,0,0.1872875812,2,0,2,36,7f4a9c3fda64192a4930383db6166df7bfa4ebe011c6cf2fb2ac6939a95b4282
matched_evaluation,budget_sensitivity,NSGA-II,24,expanded_empirical_ref1p1_unclipped,1.1000000000,0,0.2359858539,0,0,0,36,7f4a9c3fda64192a4930383db6166df7bfa4ebe011c6cf2fb2ac6939a95b4282
matched_evaluation,budget_sensitivity,NSGA-II,24,analytic_ref1p05_unclipped,1.0500000000,0,0.0075549990,0,0,0,36,7f4a9c3fda64192a4930383db6166df7bfa4ebe011c6cf2fb2ac6939a95b4282
matched_evaluation,budget_sensitivity,NSGA-II,24,analytic_ref1p1_unclipped,1.1000000000,0,0.0224733570,0,0,0,36,7f4a9c3fda64192a4930383db6166df7bfa4ebe011c6cf2fb2ac6939a95b4282
matched_evaluation,budget_sensitivity,NSGA-II,24,analytic_ref1p2_unclipped,1.2000000000,0,0.0829600437,0,0,0,36,7f4a9c3fda64192a4930383db6166df7bfa4ebe011c6cf2fb2ac6939a95b4282
matched_evaluation,budget_sensitivity,Pareto Local Search,24,reported_empirical_ref1p1_clipped,1.1000000000,1,0.1051241076,0,0,0,40,e1fa07f9ce7861d48bc8c6f6735ff90e716801ac0d3d5d2cc2180bc06ed7fdb6
matched_evaluation,budget_sensitivity,Pareto Local Search,24,reported_empirical_ref1p1_unclipped,1.1000000000,0,0.1051241076,0,0,0,40,e1fa07f9ce7861d48bc8c6f6735ff90e716801ac0d3d5d2cc2180bc06ed7fdb6
matched_evaluation,budget_sensitivity,Pareto Local Search,24,expanded_empirical_ref1p1_unclipped,1.1000000000,0,0.1509636802,0,0,0,40,e1fa07f9ce7861d48bc8c6f6735ff90e716801ac0d3d5d2cc2180bc06ed7fdb6
matched_evaluation,budget_sensitivity,Pareto Local Search,24,analytic_ref1p05_unclipped,1.0500000000,0,0.0062919578,0,0,0,40,e1fa07f9ce7861d48bc8c6f6735ff90e716801ac0d3d5d2cc2180bc06ed7fdb6
matched_evaluation,budget_sensitivity,Pareto Local Search,24,analytic_ref1p1_unclipped,1.1000000000,0,0.0193009426,0,0,0,40,e1fa07f9ce7861d48bc8c6f6735ff90e716801ac0d3d5d2cc2180bc06ed7fdb6
matched_evaluation,budget_sensitivity,Pareto Local Search,24,analytic_ref1p2_unclipped,1.2000000000,0,0.0736483959,0,0,0,40,e1fa07f9ce7861d48bc8c6f6735ff90e716801ac0d3d5d2cc2180bc06ed7fdb6
matched_evaluation,budget_sensitivity,NSGA-II,25,reported_empirical_ref1p1_clipped,1.1000000000,1,0.1680823984,2,0,2,39,0a205c8c6e18f8389b8d5bd4d199bedf8bdb438ed31473b96ef7a0e8e8b1533d
matched_evaluation,budget_sensitivity,NSGA-II,25,reported_empirical_ref1p1_unclipped,1.1000000000,0,0.1733780001,2,0,2,39,0a205c8c6e18f8389b8d5bd4d199bedf8bdb438ed31473b96ef7a0e8e8b1533d
matched_evaluation,budget_sensitivity,NSGA-II,25,expanded_empirical_ref1p1_unclipped,1.1000000000,0,0.2216891453,0,0,0,39,0a205c8c6e18f8389b8d5bd4d199bedf8bdb438ed31473b96ef7a0e8e8b1533d
matched_evaluation,budget_sensitivity,NSGA-II,25,analytic_ref1p05_unclipped,1.0500000000,0,0.0073702871,0,0,0,39,0a205c8c6e18f8389b8d5bd4d199bedf8bdb438ed31473b96ef7a0e8e8b1533d
matched_evaluation,budget_sensitivity,NSGA-II,25,analytic_ref1p1_unclipped,1.1000000000,0,0.0220513836,0,0,0,39,0a205c8c6e18f8389b8d5bd4d199bedf8bdb438ed31473b96ef7a0e8e8b1533d
matched_evaluation,budget_sensitivity,NSGA-II,25,analytic_ref1p2_unclipped,1.2000000000,0,0.0817080629,0,0,0,39,0a205c8c6e18f8389b8d5bd4d199bedf8bdb438ed31473b96ef7a0e8e8b1533d
matched_evaluation,budget_sensitivity,Pareto Local Search,25,reported_empirical_ref1p1_clipped,1.1000000000,1,0.1165043762,0,0,0,40,ea3eca455aebc7619d3dc576c1ebf5a0d7b521b19753d986251807924a602669
matched_evaluation,budget_sensitivity,Pareto Local Search,25,reported_empirical_ref1p1_unclipped,1.1000000000,0,0.1165043762,0,0,0,40,ea3eca455aebc7619d3dc576c1ebf5a0d7b521b19753d986251807924a602669
matched_evaluation,budget_sensitivity,Pareto Local Search,25,expanded_empirical_ref1p1_unclipped,1.1000000000,0,0.1617646872,0,0,0,40,ea3eca455aebc7619d3dc576c1ebf5a0d7b521b19753d986251807924a602669
matched_evaluation,budget_sensitivity,Pareto Local Search,25,analytic_ref1p05_unclipped,1.0500000000,0,0.0068000508,0,0,0,40,ea3eca455aebc7619d3dc576c1ebf5a0d7b521b19753d986251807924a602669
matched_evaluation,budget_sensitivity,Pareto Local Search,25,analytic_ref1p1_unclipped,1.1000000000,0,0.0203480597,0,0,0,40,ea3eca455aebc7619d3dc576c1ebf5a0d7b521b19753d986251807924a602669
matched_evaluation,budget_sensitivity,Pareto Local Search,25,analytic_ref1p2_unclipped,1.2000000000,0,0.0759461841,0,0,0,40,ea3eca455aebc7619d3dc576c1ebf5a0d7b521b19753d986251807924a602669
matched_evaluation,budget_sensitivity,BiLo-NSGA,25,reported_empirical_ref1p1_clipped,1.1000000000,1,0.1495638539,0,0,0,39,a32a36ea53c028049939b44d6c7e56947abdd52a1b722d2327a20420f951f9cb
matched_evaluation,budget_sensitivity,BiLo-NSGA,25,reported_empirical_ref1p1_unclipped,1.1000000000,0,0.1495638539,0,0,0,39,a32a36ea53c028049939b44d6c7e56947abdd52a1b722d2327a20420f951f9cb
matched_evaluation,budget_sensitivity,BiLo-NSGA,25,expanded_empirical_ref1p1_unclipped,1.1000000000,0,0.1953041755,0,0,0,39,a32a36ea53c028049939b44d6c7e56947abdd52a1b722d2327a20420f951f9cb
matched_evaluation,budget_sensitivity,BiLo-NSGA,25,analytic_ref1p05_unclipped,1.0500000000,0,0.0071238936,0,0,0,39,a32a36ea53c028049939b44d6c7e56947abdd52a1b722d2327a20420f951f9cb
matched_evaluation,budget_sensitivity,BiLo-NSGA,25,analytic_ref1p1_unclipped,1.1000000000,0,0.0212768644,0,0,0,39,a32a36ea53c028049939b44d6c7e56947abdd52a1b722d2327a20420f951f9cb
matched_evaluation,budget_sensitivity,BiLo-NSGA,25,analytic_ref1p2_unclipped,1.2000000000,0,0.0790827591,0,0,0,39,a32a36ea53c028049939b44d6c7e56947abdd52a1b722d2327a20420f951f9cb
matched_evaluation,budget_sensitivity,Pareto Local Search,26,reported_empirical_ref1p1_clipped,1.1000000000,1,0.0818823893,0,0,0,40,72010f7bd2676d2d99a30e406141c83fa5f017b9097d0be1f1f0e571cf74b877
matched_evaluation,budget_sensitivity,Pareto Local Search,26,reported_empirical_ref1p1_unclipped,1.1000000000,0,0.0818823893,0,0,0,40,72010f7bd2676d2d99a30e406141c83fa5f017b9097d0be1f1f0e571cf74b877
matched_evaluation,budget_sensitivity,Pareto Local Search,26,expanded_empirical_ref1p1_unclipped,1.1000000000,0,0.1271166119,0,0,0,40,72010f7bd2676d2d99a30e406141c83fa5f017b9097d0be1f1f0e571cf74b877
matched_evaluation,budget_sensitivity,Pareto Local Search,26,analytic_ref1p05_unclipped,1.0500000000,0,0.0055300987,0,0,0,40,72010f7bd2676d2d99a30e406141c83fa5f017b9097d0be1f1f0e571cf74b877
matched_evaluation,budget_sensitivity,Pareto Local Search,26,analytic_ref1p1_unclipped,1.1000000000,0,0.0175106210,0,0,0,40,72010f7bd2676d2d99a30e406141c83fa5f017b9097d0be1f1f0e571cf74b877
matched_evaluation,budget_sensitivity,Pareto Local Search,26,analytic_ref1p2_unclipped,1.2000000000,0,0.0687659344,0,0,0,40,72010f7bd2676d2d99a30e406141c83fa5f017b9097d0be1f1f0e571cf74b877
matched_evaluation,budget_sensitivity,BiLo-NSGA,26,reported_empirical_ref1p1_clipped,1.1000000000,1,0.1458136419,0,0,0,38,dac22052ea7a0537497ec6812f5aa4dcadc174d3ef12241f36c92161f5a149c7
matched_evaluation,budget_sensitivity,BiLo-NSGA,26,reported_empirical_ref1p1_unclipped,1.1000000000,0,0.1458136419,0,0,0,38,dac22052ea7a0537497ec6812f5aa4dcadc174d3ef12241f36c92161f5a149c7
matched_evaluation,budget_sensitivity,BiLo-NSGA,26,expanded_empirical_ref1p1_unclipped,1.1000000000,0,0.1915587456,0,0,0,38,dac22052ea7a0537497ec6812f5aa4dcadc174d3ef12241f36c92161f5a149c7
matched_evaluation,budget_sensitivity,BiLo-NSGA,26,analytic_ref1p05_unclipped,1.0500000000,0,0.0071943305,0,0,0,38,dac22052ea7a0537497ec6812f5aa4dcadc174d3ef12241f36c92161f5a149c7
matched_evaluation,budget_sensitivity,BiLo-NSGA,26,analytic_ref1p1_unclipped,1.1000000000,0,0.0213806330,0,0,0,38,dac22052ea7a0537497ec6812f5aa4dcadc174d3ef12241f36c92161f5a149c7
matched_evaluation,budget_sensitivity,BiLo-NSGA,26,analytic_ref1p2_unclipped,1.2000000000,0,0.0790390519,0,0,0,38,dac22052ea7a0537497ec6812f5aa4dcadc174d3ef12241f36c92161f5a149c7
matched_evaluation,budget_sensitivity,NSGA-II,26,reported_empirical_ref1p1_clipped,1.1000000000,1,0.1697501458,2,0,2,38,cbc5b6045bf773020094babaa6bda8c4182033ff4b29eb0bda16b2f14816762b
matched_evaluation,budget_sensitivity,NSGA-II,26,reported_empirical_ref1p1_unclipped,1.1000000000,0,0.1787441174,2,0,2,38,cbc5b6045bf773020094babaa6bda8c4182033ff4b29eb0bda16b2f14816762b
matched_evaluation,budget_sensitivity,NSGA-II,26,expanded_empirical_ref1p1_unclipped,1.1000000000,0,0.2266288449,0,0,0,38,cbc5b6045bf773020094babaa6bda8c4182033ff4b29eb0bda16b2f14816762b
matched_evaluation,budget_sensitivity,NSGA-II,26,analytic_ref1p05_unclipped,1.0500000000,0,0.0076180873,0,0,0,38,cbc5b6045bf773020094babaa6bda8c4182033ff4b29eb0bda16b2f14816762b
matched_evaluation,budget_sensitivity,NSGA-II,26,analytic_ref1p1_unclipped,1.1000000000,0,0.0226396556,0,0,0,38,cbc5b6045bf773020094babaa6bda8c4182033ff4b29eb0bda16b2f14816762b
matched_evaluation,budget_sensitivity,NSGA-II,26,analytic_ref1p2_unclipped,1.2000000000,0,0.0833379033,0,0,0,38,cbc5b6045bf773020094babaa6bda8c4182033ff4b29eb0bda16b2f14816762b
matched_evaluation,budget_sensitivity,BiLo-NSGA,27,reported_empirical_ref1p1_clipped,1.1000000000,1,0.1325258502,0,0,0,39,11a735a9a40c0e11f4da5e2e7cb46cdeb097f9a28cc5648a294d1603de5217db
matched_evaluation,budget_sensitivity,BiLo-NSGA,27,reported_empirical_ref1p1_unclipped,1.1000000000,0,0.1325258502,0,0,0,39,11a735a9a40c0e11f4da5e2e7cb46cdeb097f9a28cc5648a294d1603de5217db
matched_evaluation,budget_sensitivity,BiLo-NSGA,27,expanded_empirical_ref1p1_unclipped,1.1000000000,0,0.1784314908,0,0,0,39,11a735a9a40c0e11f4da5e2e7cb46cdeb097f9a28cc5648a294d1603de5217db
matched_evaluation,budget_sensitivity,BiLo-NSGA,27,analytic_ref1p05_unclipped,1.0500000000,0,0.0070461990,0,0,0,39,11a735a9a40c0e11f4da5e2e7cb46cdeb097f9a28cc5648a294d1603de5217db
matched_evaluation,budget_sensitivity,BiLo-NSGA,27,analytic_ref1p1_unclipped,1.1000000000,0,0.0210011223,0,0,0,39,11a735a9a40c0e11f4da5e2e7cb46cdeb097f9a28cc5648a294d1603de5217db
matched_evaluation,budget_sensitivity,BiLo-NSGA,27,analytic_ref1p2_unclipped,1.2000000000,0,0.0780332818,0,0,0,39,11a735a9a40c0e11f4da5e2e7cb46cdeb097f9a28cc5648a294d1603de5217db
matched_evaluation,budget_sensitivity,NSGA-II,27,reported_empirical_ref1p1_clipped,1.1000000000,1,0.1684485998,2,0,2,37,5e434cf7d7f7a5df30be3b653e74a4af9d62f2c63aa8d7222e232a568a9b31a9
matched_evaluation,budget_sensitivity,NSGA-II,27,reported_empirical_ref1p1_unclipped,1.1000000000,0,0.1837594889,2,0,2,37,5e434cf7d7f7a5df30be3b653e74a4af9d62f2c63aa8d7222e232a568a9b31a9
matched_evaluation,budget_sensitivity,NSGA-II,27,expanded_empirical_ref1p1_unclipped,1.1000000000,0,0.2322670829,0,0,0,37,5e434cf7d7f7a5df30be3b653e74a4af9d62f2c63aa8d7222e232a568a9b31a9
matched_evaluation,budget_sensitivity,NSGA-II,27,analytic_ref1p05_unclipped,1.0500000000,0,0.0073758744,0,0,0,37,5e434cf7d7f7a5df30be3b653e74a4af9d62f2c63aa8d7222e232a568a9b31a9
matched_evaluation,budget_sensitivity,NSGA-II,27,analytic_ref1p1_unclipped,1.1000000000,0,0.0221892594,0,0,0,37,5e434cf7d7f7a5df30be3b653e74a4af9d62f2c63aa8d7222e232a568a9b31a9
matched_evaluation,budget_sensitivity,NSGA-II,27,analytic_ref1p2_unclipped,1.2000000000,0,0.0825397789,0,0,0,37,5e434cf7d7f7a5df30be3b653e74a4af9d62f2c63aa8d7222e232a568a9b31a9
matched_evaluation,budget_sensitivity,Pareto Local Search,27,reported_empirical_ref1p1_clipped,1.1000000000,1,0.0846791600,0,0,0,40,35b134c19fef599774763c2977da0ca1f048c8e3f07eed674e3ac0ffdfcc652e
matched_evaluation,budget_sensitivity,Pareto Local Search,27,reported_empirical_ref1p1_unclipped,1.1000000000,0,0.0846791600,0,0,0,40,35b134c19fef599774763c2977da0ca1f048c8e3f07eed674e3ac0ffdfcc652e
matched_evaluation,budget_sensitivity,Pareto Local Search,27,expanded_empirical_ref1p1_unclipped,1.1000000000,0,0.1304540419,0,0,0,40,35b134c19fef599774763c2977da0ca1f048c8e3f07eed674e3ac0ffdfcc652e
matched_evaluation,budget_sensitivity,Pareto Local Search,27,analytic_ref1p05_unclipped,1.0500000000,0,0.0053509519,0,0,0,40,35b134c19fef599774763c2977da0ca1f048c8e3f07eed674e3ac0ffdfcc652e
matched_evaluation,budget_sensitivity,Pareto Local Search,27,analytic_ref1p1_unclipped,1.1000000000,0,0.0171937946,0,0,0,40,35b134c19fef599774763c2977da0ca1f048c8e3f07eed674e3ac0ffdfcc652e
matched_evaluation,budget_sensitivity,Pareto Local Search,27,analytic_ref1p2_unclipped,1.2000000000,0,0.0682286720,0,0,0,40,35b134c19fef599774763c2977da0ca1f048c8e3f07eed674e3ac0ffdfcc652e
matched_evaluation,budget_sensitivity,NSGA-II,28,reported_empirical_ref1p1_clipped,1.1000000000,1,0.1632325912,0,0,0,38,5f8c1c1a0ecec73dae5dd2e850d5b44d877741519688faa6a111c27469c3ef87
matched_evaluation,budget_sensitivity,NSGA-II,28,reported_empirical_ref1p1_unclipped,1.1000000000,0,0.1632325912,0,0,0,38,5f8c1c1a0ecec73dae5dd2e850d5b44d877741519688faa6a111c27469c3ef87
matched_evaluation,budget_sensitivity,NSGA-II,28,expanded_empirical_ref1p1_unclipped,1.1000000000,0,0.2108370485,0,0,0,38,5f8c1c1a0ecec73dae5dd2e850d5b44d877741519688faa6a111c27469c3ef87
matched_evaluation,budget_sensitivity,NSGA-II,28,analytic_ref1p05_unclipped,1.0500000000,0,0.0075083128,0,0,0,38,5f8c1c1a0ecec73dae5dd2e850d5b44d877741519688faa6a111c27469c3ef87
matched_evaluation,budget_sensitivity,NSGA-II,28,analytic_ref1p1_unclipped,1.1000000000,0,0.0223241911,0,0,0,38,5f8c1c1a0ecec73dae5dd2e850d5b44d877741519688faa6a111c27469c3ef87
matched_evaluation,budget_sensitivity,NSGA-II,28,analytic_ref1p2_unclipped,1.2000000000,0,0.0822574715,0,0,0,38,5f8c1c1a0ecec73dae5dd2e850d5b44d877741519688faa6a111c27469c3ef87
matched_evaluation,budget_sensitivity,Pareto Local Search,28,reported_empirical_ref1p1_clipped,1.1000000000,1,0.0875005498,0,0,0,40,c78c9934eb0f674f8436b45864c2cdef904127d9f930625924604f8d72ff32f2
matched_evaluation,budget_sensitivity,Pareto Local Search,28,reported_empirical_ref1p1_unclipped,1.1000000000,0,0.0875005498,0,0,0,40,c78c9934eb0f674f8436b45864c2cdef904127d9f930625924604f8d72ff32f2
matched_evaluation,budget_sensitivity,Pareto Local Search,28,expanded_empirical_ref1p1_unclipped,1.1000000000,0,0.1334926885,0,0,0,40,c78c9934eb0f674f8436b45864c2cdef904127d9f930625924604f8d72ff32f2
matched_evaluation,budget_sensitivity,Pareto Local Search,28,analytic_ref1p05_unclipped,1.0500000000,0,0.0055993303,0,0,0,40,c78c9934eb0f674f8436b45864c2cdef904127d9f930625924604f8d72ff32f2
matched_evaluation,budget_sensitivity,Pareto Local Search,28,analytic_ref1p1_unclipped,1.1000000000,0,0.0177526674,0,0,0,40,c78c9934eb0f674f8436b45864c2cdef904127d9f930625924604f8d72ff32f2
matched_evaluation,budget_sensitivity,Pareto Local Search,28,analytic_ref1p2_unclipped,1.2000000000,0,0.0697871204,0,0,0,40,c78c9934eb0f674f8436b45864c2cdef904127d9f930625924604f8d72ff32f2
matched_evaluation,budget_sensitivity,BiLo-NSGA,28,reported_empirical_ref1p1_clipped,1.1000000000,1,0.1349938444,0,0,0,38,2a7d71e3fbf7879b7baca8d61505226087a9cafc99cb278033129ff53eedace5
matched_evaluation,budget_sensitivity,BiLo-NSGA,28,reported_empirical_ref1p1_unclipped,1.1000000000,0,0.1349938444,0,0,0,38,2a7d71e3fbf7879b7baca8d61505226087a9cafc99cb278033129ff53eedace5
matched_evaluation,budget_sensitivity,BiLo-NSGA,28,expanded_empirical_ref1p1_unclipped,1.1000000000,0,0.1809178607,0,0,0,38,2a7d71e3fbf7879b7baca8d61505226087a9cafc99cb278033129ff53eedace5
matched_evaluation,budget_sensitivity,BiLo-NSGA,28,analytic_ref1p05_unclipped,1.0500000000,0,0.0069931985,0,0,0,38,2a7d71e3fbf7879b7baca8d61505226087a9cafc99cb278033129ff53eedace5
matched_evaluation,budget_sensitivity,BiLo-NSGA,28,analytic_ref1p1_unclipped,1.1000000000,0,0.0210163922,0,0,0,38,2a7d71e3fbf7879b7baca8d61505226087a9cafc99cb278033129ff53eedace5
matched_evaluation,budget_sensitivity,BiLo-NSGA,28,analytic_ref1p2_unclipped,1.2000000000,0,0.0784255932,0,0,0,38,2a7d71e3fbf7879b7baca8d61505226087a9cafc99cb278033129ff53eedace5
matched_evaluation,budget_sensitivity,Pareto Local Search,29,reported_empirical_ref1p1_clipped,1.1000000000,1,0.1024765516,0,0,0,40,9f2f891c3d3e1b3f394e508ff3a9212820fa4e8506348c1961c0d3daf54166ad
matched_evaluation,budget_sensitivity,Pareto Local Search,29,reported_empirical_ref1p1_unclipped,1.1000000000,0,0.1024765516,0,0,0,40,9f2f891c3d3e1b3f394e508ff3a9212820fa4e8506348c1961c0d3daf54166ad
matched_evaluation,budget_sensitivity,Pareto Local Search,29,expanded_empirical_ref1p1_unclipped,1.1000000000,0,0.1477033318,0,0,0,40,9f2f891c3d3e1b3f394e508ff3a9212820fa4e8506348c1961c0d3daf54166ad
matched_evaluation,budget_sensitivity,Pareto Local Search,29,analytic_ref1p05_unclipped,1.0500000000,0,0.0061076510,0,0,0,40,9f2f891c3d3e1b3f394e508ff3a9212820fa4e8506348c1961c0d3daf54166ad
matched_evaluation,budget_sensitivity,Pareto Local Search,29,analytic_ref1p1_unclipped,1.1000000000,0,0.0188720822,0,0,0,40,9f2f891c3d3e1b3f394e508ff3a9212820fa4e8506348c1961c0d3daf54166ad
matched_evaluation,budget_sensitivity,Pareto Local Search,29,analytic_ref1p2_unclipped,1.2000000000,0,0.0724427206,0,0,0,40,9f2f891c3d3e1b3f394e508ff3a9212820fa4e8506348c1961c0d3daf54166ad
matched_evaluation,budget_sensitivity,BiLo-NSGA,29,reported_empirical_ref1p1_clipped,1.1000000000,1,0.1488279964,0,0,0,39,bb7470886fcf137f9c220b21e4c5ad0618467cfb3cd471b3081a4030bd5c2b8e
matched_evaluation,budget_sensitivity,BiLo-NSGA,29,reported_empirical_ref1p1_unclipped,1.1000000000,0,0.1488279964,0,0,0,39,bb7470886fcf137f9c220b21e4c5ad0618467cfb3cd471b3081a4030bd5c2b8e
matched_evaluation,budget_sensitivity,BiLo-NSGA,29,expanded_empirical_ref1p1_unclipped,1.1000000000,0,0.1942414131,0,0,0,39,bb7470886fcf137f9c220b21e4c5ad0618467cfb3cd471b3081a4030bd5c2b8e
matched_evaluation,budget_sensitivity,BiLo-NSGA,29,analytic_ref1p05_unclipped,1.0500000000,0,0.0073200194,0,0,0,39,bb7470886fcf137f9c220b21e4c5ad0618467cfb3cd471b3081a4030bd5c2b8e
matched_evaluation,budget_sensitivity,BiLo-NSGA,29,analytic_ref1p1_unclipped,1.1000000000,0,0.0217252892,0,0,0,39,bb7470886fcf137f9c220b21e4c5ad0618467cfb3cd471b3081a4030bd5c2b8e
matched_evaluation,budget_sensitivity,BiLo-NSGA,29,analytic_ref1p2_unclipped,1.2000000000,0,0.0801462706,0,0,0,39,bb7470886fcf137f9c220b21e4c5ad0618467cfb3cd471b3081a4030bd5c2b8e
matched_evaluation,budget_sensitivity,NSGA-II,29,reported_empirical_ref1p1_clipped,1.1000000000,1,0.1678607329,3,0,3,39,3a22cea3768d013ba963b14f3b447198abd529ae719c6845511bd9cf901a76f0
matched_evaluation,budget_sensitivity,NSGA-II,29,reported_empirical_ref1p1_unclipped,1.1000000000,0,0.1912406209,3,0,3,39,3a22cea3768d013ba963b14f3b447198abd529ae719c6845511bd9cf901a76f0
matched_evaluation,budget_sensitivity,NSGA-II,29,expanded_empirical_ref1p1_unclipped,1.1000000000,0,0.2404441310,0,0,0,39,3a22cea3768d013ba963b14f3b447198abd529ae719c6845511bd9cf901a76f0
matched_evaluation,budget_sensitivity,NSGA-II,29,analytic_ref1p05_unclipped,1.0500000000,0,0.0076192060,0,0,0,39,3a22cea3768d013ba963b14f3b447198abd529ae719c6845511bd9cf901a76f0
matched_evaluation,budget_sensitivity,NSGA-II,29,analytic_ref1p1_unclipped,1.1000000000,0,0.0226791269,0,0,0,39,3a22cea3768d013ba963b14f3b447198abd529ae719c6845511bd9cf901a76f0
matched_evaluation,budget_sensitivity,NSGA-II,29,analytic_ref1p2_unclipped,1.2000000000,0,0.0835928983,0,0,0,39,3a22cea3768d013ba963b14f3b447198abd529ae719c6845511bd9cf901a76f0
matched_evaluation,project_pool_scalability,BiLo-NSGA,0,reported_empirical_ref1p1_clipped,1.1000000000,1,0.1763476429,0,0,0,38,99a145bb639af235a742216ce7e1b9f8f4998625461ef76326b031c4b38dccff
matched_evaluation,project_pool_scalability,BiLo-NSGA,0,reported_empirical_ref1p1_unclipped,1.1000000000,0,0.1763476429,0,0,0,38,99a145bb639af235a742216ce7e1b9f8f4998625461ef76326b031c4b38dccff
matched_evaluation,project_pool_scalability,BiLo-NSGA,0,expanded_empirical_ref1p1_unclipped,1.1000000000,0,0.2171287450,0,0,0,38,99a145bb639af235a742216ce7e1b9f8f4998625461ef76326b031c4b38dccff
matched_evaluation,project_pool_scalability,BiLo-NSGA,0,analytic_ref1p05_unclipped,1.0500000000,0,0.0084596300,0,0,0,38,99a145bb639af235a742216ce7e1b9f8f4998625461ef76326b031c4b38dccff
matched_evaluation,project_pool_scalability,BiLo-NSGA,0,analytic_ref1p1_unclipped,1.1000000000,0,0.0240797265,0,0,0,38,99a145bb639af235a742216ce7e1b9f8f4998625461ef76326b031c4b38dccff
matched_evaluation,project_pool_scalability,BiLo-NSGA,0,analytic_ref1p2_unclipped,1.2000000000,0,0.0862558962,0,0,0,38,99a145bb639af235a742216ce7e1b9f8f4998625461ef76326b031c4b38dccff
matched_evaluation,project_pool_scalability,NSGA-II,0,reported_empirical_ref1p1_clipped,1.1000000000,1,0.1782790823,7,0,7,39,e718420d171d5dab67ce4521e0462d4c6b7a5728c8293837ac6c844950632d13
matched_evaluation,project_pool_scalability,NSGA-II,0,reported_empirical_ref1p1_unclipped,1.1000000000,0,0.2332448662,7,0,7,39,e718420d171d5dab67ce4521e0462d4c6b7a5728c8293837ac6c844950632d13
matched_evaluation,project_pool_scalability,NSGA-II,0,expanded_empirical_ref1p1_unclipped,1.1000000000,0,0.2779935702,4,0,4,39,e718420d171d5dab67ce4521e0462d4c6b7a5728c8293837ac6c844950632d13
matched_evaluation,project_pool_scalability,NSGA-II,0,analytic_ref1p05_unclipped,1.0500000000,0,0.0101549374,0,0,0,39,e718420d171d5dab67ce4521e0462d4c6b7a5728c8293837ac6c844950632d13
matched_evaluation,project_pool_scalability,NSGA-II,0,analytic_ref1p1_unclipped,1.1000000000,0,0.0280726389,0,0,0,39,e718420d171d5dab67ce4521e0462d4c6b7a5728c8293837ac6c844950632d13
matched_evaluation,project_pool_scalability,NSGA-II,0,analytic_ref1p2_unclipped,1.2000000000,0,0.0966968178,0,0,0,39,e718420d171d5dab67ce4521e0462d4c6b7a5728c8293837ac6c844950632d13
matched_evaluation,project_pool_scalability,Pareto Local Search,0,reported_empirical_ref1p1_clipped,1.1000000000,1,0.1471871337,0,0,0,40,e9774c2b94163d023d91235803cc05691859c9057c7b1b50ff94ed1340c51b82
matched_evaluation,project_pool_scalability,Pareto Local Search,0,reported_empirical_ref1p1_unclipped,1.1000000000,0,0.1471871337,0,0,0,40,e9774c2b94163d023d91235803cc05691859c9057c7b1b50ff94ed1340c51b82
matched_evaluation,project_pool_scalability,Pareto Local Search,0,expanded_empirical_ref1p1_unclipped,1.1000000000,0,0.1891671890,0,0,0,40,e9774c2b94163d023d91235803cc05691859c9057c7b1b50ff94ed1340c51b82
matched_evaluation,project_pool_scalability,Pareto Local Search,0,analytic_ref1p05_unclipped,1.0500000000,0,0.0085376687,0,0,0,40,e9774c2b94163d023d91235803cc05691859c9057c7b1b50ff94ed1340c51b82
matched_evaluation,project_pool_scalability,Pareto Local Search,0,analytic_ref1p1_unclipped,1.1000000000,0,0.0238902927,0,0,0,40,e9774c2b94163d023d91235803cc05691859c9057c7b1b50ff94ed1340c51b82
matched_evaluation,project_pool_scalability,Pareto Local Search,0,analytic_ref1p2_unclipped,1.2000000000,0,0.0846945535,0,0,0,40,e9774c2b94163d023d91235803cc05691859c9057c7b1b50ff94ed1340c51b82
matched_evaluation,project_pool_scalability,NSGA-II,1,reported_empirical_ref1p1_clipped,1.1000000000,1,0.1750463371,8,0,8,39,57749f26da45e98763e9af9f1294b1a150194abf6f5b13a4c8404c84415089e1
matched_evaluation,project_pool_scalability,NSGA-II,1,reported_empirical_ref1p1_unclipped,1.1000000000,0,0.2271266856,8,0,8,39,57749f26da45e98763e9af9f1294b1a150194abf6f5b13a4c8404c84415089e1
matched_evaluation,project_pool_scalability,NSGA-II,1,expanded_empirical_ref1p1_unclipped,1.1000000000,0,0.2725310806,3,0,3,39,57749f26da45e98763e9af9f1294b1a150194abf6f5b13a4c8404c84415089e1
matched_evaluation,project_pool_scalability,NSGA-II,1,analytic_ref1p05_unclipped,1.0500000000,0,0.0105156391,0,0,0,39,57749f26da45e98763e9af9f1294b1a150194abf6f5b13a4c8404c84415089e1
matched_evaluation,project_pool_scalability,NSGA-II,1,analytic_ref1p1_unclipped,1.1000000000,0,0.0289611056,0,0,0,39,57749f26da45e98763e9af9f1294b1a150194abf6f5b13a4c8404c84415089e1
matched_evaluation,project_pool_scalability,NSGA-II,1,analytic_ref1p2_unclipped,1.2000000000,0,0.0989630152,0,0,0,39,57749f26da45e98763e9af9f1294b1a150194abf6f5b13a4c8404c84415089e1
matched_evaluation,project_pool_scalability,Pareto Local Search,1,reported_empirical_ref1p1_clipped,1.1000000000,1,0.1311128973,0,0,0,39,bcceecf847eb4e68af9fecf71010824cd6997e1e9c7142d361a4b1b65b55a0e1
matched_evaluation,project_pool_scalability,Pareto Local Search,1,reported_empirical_ref1p1_unclipped,1.1000000000,0,0.1311128973,0,0,0,39,bcceecf847eb4e68af9fecf71010824cd6997e1e9c7142d361a4b1b65b55a0e1
matched_evaluation,project_pool_scalability,Pareto Local Search,1,expanded_empirical_ref1p1_unclipped,1.1000000000,0,0.1731656670,0,0,0,39,bcceecf847eb4e68af9fecf71010824cd6997e1e9c7142d361a4b1b65b55a0e1
matched_evaluation,project_pool_scalability,Pareto Local Search,1,analytic_ref1p05_unclipped,1.0500000000,0,0.0078173058,0,0,0,39,bcceecf847eb4e68af9fecf71010824cd6997e1e9c7142d361a4b1b65b55a0e1
matched_evaluation,project_pool_scalability,Pareto Local Search,1,analytic_ref1p1_unclipped,1.1000000000,0,0.0224196763,0,0,0,39,bcceecf847eb4e68af9fecf71010824cd6997e1e9c7142d361a4b1b65b55a0e1
matched_evaluation,project_pool_scalability,Pareto Local Search,1,analytic_ref1p2_unclipped,1.2000000000,0,0.0813175385,0,0,0,39,bcceecf847eb4e68af9fecf71010824cd6997e1e9c7142d361a4b1b65b55a0e1
matched_evaluation,project_pool_scalability,BiLo-NSGA,1,reported_empirical_ref1p1_clipped,1.1000000000,1,0.1670562640,0,0,0,39,1e829f47b098e6b3c7e7ce2efbd6819ef7e877786dd45f0357d0f32a2a7b5d48
matched_evaluation,project_pool_scalability,BiLo-NSGA,1,reported_empirical_ref1p1_unclipped,1.1000000000,0,0.1670562640,0,0,0,39,1e829f47b098e6b3c7e7ce2efbd6819ef7e877786dd45f0357d0f32a2a7b5d48
matched_evaluation,project_pool_scalability,BiLo-NSGA,1,expanded_empirical_ref1p1_unclipped,1.1000000000,0,0.2074921404,0,0,0,39,1e829f47b098e6b3c7e7ce2efbd6819ef7e877786dd45f0357d0f32a2a7b5d48
matched_evaluation,project_pool_scalability,BiLo-NSGA,1,analytic_ref1p05_unclipped,1.0500000000,0,0.0078442122,0,0,0,39,1e829f47b098e6b3c7e7ce2efbd6819ef7e877786dd45f0357d0f32a2a7b5d48
matched_evaluation,project_pool_scalability,BiLo-NSGA,1,analytic_ref1p1_unclipped,1.1000000000,0,0.0224577485,0,0,0,39,1e829f47b098e6b3c7e7ce2efbd6819ef7e877786dd45f0357d0f32a2a7b5d48
matched_evaluation,project_pool_scalability,BiLo-NSGA,1,analytic_ref1p2_unclipped,1.2000000000,0,0.0811262941,0,0,0,39,1e829f47b098e6b3c7e7ce2efbd6819ef7e877786dd45f0357d0f32a2a7b5d48
matched_evaluation,project_pool_scalability,Pareto Local Search,2,reported_empirical_ref1p1_clipped,1.1000000000,1,0.1187632924,0,0,0,40,73e527ebc479b666ddcda4b502a0c4bb611dd1b47a6b061535b07e9c437ce440
matched_evaluation,project_pool_scalability,Pareto Local Search,2,reported_empirical_ref1p1_unclipped,1.1000000000,0,0.1187632924,0,0,0,40,73e527ebc479b666ddcda4b502a0c4bb611dd1b47a6b061535b07e9c437ce440
matched_evaluation,project_pool_scalability,Pareto Local Search,2,expanded_empirical_ref1p1_unclipped,1.1000000000,0,0.1617305529,0,0,0,40,73e527ebc479b666ddcda4b502a0c4bb611dd1b47a6b061535b07e9c437ce440
matched_evaluation,project_pool_scalability,Pareto Local Search,2,analytic_ref1p05_unclipped,1.0500000000,0,0.0072672936,0,0,0,40,73e527ebc479b666ddcda4b502a0c4bb611dd1b47a6b061535b07e9c437ce440
matched_evaluation,project_pool_scalability,Pareto Local Search,2,analytic_ref1p1_unclipped,1.1000000000,0,0.0211848666,0,0,0,40,73e527ebc479b666ddcda4b502a0c4bb611dd1b47a6b061535b07e9c437ce440
matched_evaluation,project_pool_scalability,Pareto Local Search,2,analytic_ref1p2_unclipped,1.2000000000,0,0.0781640637,0,0,0,40,73e527ebc479b666ddcda4b502a0c4bb611dd1b47a6b061535b07e9c437ce440
matched_evaluation,project_pool_scalability,BiLo-NSGA,2,reported_empirical_ref1p1_clipped,1.1000000000,1,0.1619648062,0,0,0,39,a6feb7522dd909391569238f6efd511f5ea6912acd05739e72be54f29e93abb1
matched_evaluation,project_pool_scalability,BiLo-NSGA,2,reported_empirical_ref1p1_unclipped,1.1000000000,0,0.1619648062,0,0,0,39,a6feb7522dd909391569238f6efd511f5ea6912acd05739e72be54f29e93abb1
matched_evaluation,project_pool_scalability,BiLo-NSGA,2,expanded_empirical_ref1p1_unclipped,1.1000000000,0,0.2020872060,0,0,0,39,a6feb7522dd909391569238f6efd511f5ea6912acd05739e72be54f29e93abb1
matched_evaluation,project_pool_scalability,BiLo-NSGA,2,analytic_ref1p05_unclipped,1.0500000000,0,0.0081361835,0,0,0,39,a6feb7522dd909391569238f6efd511f5ea6912acd05739e72be54f29e93abb1
matched_evaluation,project_pool_scalability,BiLo-NSGA,2,analytic_ref1p1_unclipped,1.1000000000,0,0.0232860283,0,0,0,39,a6feb7522dd909391569238f6efd511f5ea6912acd05739e72be54f29e93abb1
matched_evaluation,project_pool_scalability,BiLo-NSGA,2,analytic_ref1p2_unclipped,1.2000000000,0,0.0839331384,0,0,0,39,a6feb7522dd909391569238f6efd511f5ea6912acd05739e72be54f29e93abb1
matched_evaluation,project_pool_scalability,NSGA-II,2,reported_empirical_ref1p1_clipped,1.1000000000,1,0.1765628478,5,0,5,39,a4b93ddc78ef292b0388ac297111ef6b56f28000231f9c27276c42d5b041e5c8
matched_evaluation,project_pool_scalability,NSGA-II,2,reported_empirical_ref1p1_unclipped,1.1000000000,0,0.2246359746,5,0,5,39,a4b93ddc78ef292b0388ac297111ef6b56f28000231f9c27276c42d5b041e5c8
matched_evaluation,project_pool_scalability,NSGA-II,2,expanded_empirical_ref1p1_unclipped,1.1000000000,0,0.2693360955,2,0,2,39,a4b93ddc78ef292b0388ac297111ef6b56f28000231f9c27276c42d5b041e5c8
matched_evaluation,project_pool_scalability,NSGA-II,2,analytic_ref1p05_unclipped,1.0500000000,0,0.0096731591,0,0,0,39,a4b93ddc78ef292b0388ac297111ef6b56f28000231f9c27276c42d5b041e5c8
matched_evaluation,project_pool_scalability,NSGA-II,2,analytic_ref1p1_unclipped,1.1000000000,0,0.0269197526,0,0,0,39,a4b93ddc78ef292b0388ac297111ef6b56f28000231f9c27276c42d5b041e5c8
matched_evaluation,project_pool_scalability,NSGA-II,2,analytic_ref1p2_unclipped,1.2000000000,0,0.0937872293,0,0,0,39,a4b93ddc78ef292b0388ac297111ef6b56f28000231f9c27276c42d5b041e5c8
matched_evaluation,project_pool_scalability,BiLo-NSGA,3,reported_empirical_ref1p1_clipped,1.1000000000,1,0.1808478641,1,0,1,39,768c09c6c9e0c55cd947aafdac484cc6aa97241f54c359091aa0613a52b05e23
matched_evaluation,project_pool_scalability,BiLo-NSGA,3,reported_empirical_ref1p1_unclipped,1.1000000000,0,0.1889797692,1,0,1,39,768c09c6c9e0c55cd947aafdac484cc6aa97241f54c359091aa0613a52b05e23
matched_evaluation,project_pool_scalability,BiLo-NSGA,3,expanded_empirical_ref1p1_unclipped,1.1000000000,0,0.2295015698,0,0,0,39,768c09c6c9e0c55cd947aafdac484cc6aa97241f54c359091aa0613a52b05e23
matched_evaluation,project_pool_scalability,BiLo-NSGA,3,analytic_ref1p05_unclipped,1.0500000000,0,0.0090597159,0,0,0,39,768c09c6c9e0c55cd947aafdac484cc6aa97241f54c359091aa0613a52b05e23
matched_evaluation,project_pool_scalability,BiLo-NSGA,3,analytic_ref1p1_unclipped,1.1000000000,0,0.0251224346,0,0,0,39,768c09c6c9e0c55cd947aafdac484cc6aa97241f54c359091aa0613a52b05e23
matched_evaluation,project_pool_scalability,BiLo-NSGA,3,analytic_ref1p2_unclipped,1.2000000000,0,0.0880390558,0,0,0,39,768c09c6c9e0c55cd947aafdac484cc6aa97241f54c359091aa0613a52b05e23
matched_evaluation,project_pool_scalability,NSGA-II,3,reported_empirical_ref1p1_clipped,1.1000000000,1,0.1770843674,9,0,9,37,f461a9a771bdcc7ffbee953b694574a19385ea00bd9f08060ec1c9f90442a630
matched_evaluation,project_pool_scalability,NSGA-II,3,reported_empirical_ref1p1_unclipped,1.1000000000,0,0.2346032298,9,0,9,37,f461a9a771bdcc7ffbee953b694574a19385ea00bd9f08060ec1c9f90442a630
matched_evaluation,project_pool_scalability,NSGA-II,3,expanded_empirical_ref1p1_unclipped,1.1000000000,0,0.2789218479,4,0,4,37,f461a9a771bdcc7ffbee953b694574a19385ea00bd9f08060ec1c9f90442a630
matched_evaluation,project_pool_scalability,NSGA-II,3,analytic_ref1p05_unclipped,1.0500000000,0,0.0100427295,0,0,0,37,f461a9a771bdcc7ffbee953b694574a19385ea00bd9f08060ec1c9f90442a630
matched_evaluation,project_pool_scalability,NSGA-II,3,analytic_ref1p1_unclipped,1.1000000000,0,0.0278478982,0,0,0,37,f461a9a771bdcc7ffbee953b694574a19385ea00bd9f08060ec1c9f90442a630
matched_evaluation,project_pool_scalability,NSGA-II,3,analytic_ref1p2_unclipped,1.2000000000,0,0.0961094588,0,0,0,37,f461a9a771bdcc7ffbee953b694574a19385ea00bd9f08060ec1c9f90442a630
matched_evaluation,project_pool_scalability,Pareto Local Search,3,reported_empirical_ref1p1_clipped,1.1000000000,1,0.1368171697,0,0,0,40,60563e042823c06ee9cc730ce34588ead36cdd2dd2a90769fc98ec2c73bc379d
matched_evaluation,project_pool_scalability,Pareto Local Search,3,reported_empirical_ref1p1_unclipped,1.1000000000,0,0.1368171697,0,0,0,40,60563e042823c06ee9cc730ce34588ead36cdd2dd2a90769fc98ec2c73bc379d
matched_evaluation,project_pool_scalability,Pareto Local Search,3,expanded_empirical_ref1p1_unclipped,1.1000000000,0,0.1790935983,0,0,0,40,60563e042823c06ee9cc730ce34588ead36cdd2dd2a90769fc98ec2c73bc379d
matched_evaluation,project_pool_scalability,Pareto Local Search,3,analytic_ref1p05_unclipped,1.0500000000,0,0.0080105516,0,0,0,40,60563e042823c06ee9cc730ce34588ead36cdd2dd2a90769fc98ec2c73bc379d
matched_evaluation,project_pool_scalability,Pareto Local Search,3,analytic_ref1p1_unclipped,1.1000000000,0,0.0228282725,0,0,0,40,60563e042823c06ee9cc730ce34588ead36cdd2dd2a90769fc98ec2c73bc379d
matched_evaluation,project_pool_scalability,Pareto Local Search,3,analytic_ref1p2_unclipped,1.2000000000,0,0.0823201376,0,0,0,40,60563e042823c06ee9cc730ce34588ead36cdd2dd2a90769fc98ec2c73bc379d
matched_evaluation,project_pool_scalability,NSGA-II,4,reported_empirical_ref1p1_clipped,1.1000000000,1,0.1757725549,7,0,7,39,a2fe37a04fb88d474ceb0721efac2791ad3fa731b3c6d81298dd7dabac9aa6c1
matched_evaluation,project_pool_scalability,NSGA-II,4,reported_empirical_ref1p1_unclipped,1.1000000000,0,0.2282261574,7,0,7,39,a2fe37a04fb88d474ceb0721efac2791ad3fa731b3c6d81298dd7dabac9aa6c1
matched_evaluation,project_pool_scalability,NSGA-II,4,expanded_empirical_ref1p1_unclipped,1.1000000000,0,0.2741909891,3,0,3,39,a2fe37a04fb88d474ceb0721efac2791ad3fa731b3c6d81298dd7dabac9aa6c1
matched_evaluation,project_pool_scalability,NSGA-II,4,analytic_ref1p05_unclipped,1.0500000000,0,0.0099304371,0,0,0,39,a2fe37a04fb88d474ceb0721efac2791ad3fa731b3c6d81298dd7dabac9aa6c1
matched_evaluation,project_pool_scalability,NSGA-II,4,analytic_ref1p1_unclipped,1.1000000000,0,0.0276267645,0,0,0,39,a2fe37a04fb88d474ceb0721efac2791ad3fa731b3c6d81298dd7dabac9aa6c1
matched_evaluation,project_pool_scalability,NSGA-II,4,analytic_ref1p2_unclipped,1.2000000000,0,0.0956813034,0,0,0,39,a2fe37a04fb88d474ceb0721efac2791ad3fa731b3c6d81298dd7dabac9aa6c1
matched_evaluation,project_pool_scalability,Pareto Local Search,4,reported_empirical_ref1p1_clipped,1.1000000000,1,0.1219538190,0,0,0,40,4bd0bd1a4a7c7cb619274461216696910a471cb3f0542f2c8dff60a7b1d92cbd
matched_evaluation,project_pool_scalability,Pareto Local Search,4,reported_empirical_ref1p1_unclipped,1.1000000000,0,0.1219538190,0,0,0,40,4bd0bd1a4a7c7cb619274461216696910a471cb3f0542f2c8dff60a7b1d92cbd
matched_evaluation,project_pool_scalability,Pareto Local Search,4,expanded_empirical_ref1p1_unclipped,1.1000000000,0,0.1647732606,0,0,0,40,4bd0bd1a4a7c7cb619274461216696910a471cb3f0542f2c8dff60a7b1d92cbd
matched_evaluation,project_pool_scalability,Pareto Local Search,4,analytic_ref1p05_unclipped,1.0500000000,0,0.0073248029,0,0,0,40,4bd0bd1a4a7c7cb619274461216696910a471cb3f0542f2c8dff60a7b1d92cbd
matched_evaluation,project_pool_scalability,Pareto Local Search,4,analytic_ref1p1_unclipped,1.1000000000,0,0.0214097916,0,0,0,40,4bd0bd1a4a7c7cb619274461216696910a471cb3f0542f2c8dff60a7b1d92cbd
matched_evaluation,project_pool_scalability,Pareto Local Search,4,analytic_ref1p2_unclipped,1.2000000000,0,0.0790379515,0,0,0,40,4bd0bd1a4a7c7cb619274461216696910a471cb3f0542f2c8dff60a7b1d92cbd
matched_evaluation,project_pool_scalability,BiLo-NSGA,4,reported_empirical_ref1p1_clipped,1.1000000000,1,0.1820998731,1,0,1,38,46c7357135ba170c024df44a9902b57eda8afd5118b46c1d6d1c3bb47e45cce1
matched_evaluation,project_pool_scalability,BiLo-NSGA,4,reported_empirical_ref1p1_unclipped,1.1000000000,0,0.1822097673,1,0,1,38,46c7357135ba170c024df44a9902b57eda8afd5118b46c1d6d1c3bb47e45cce1
matched_evaluation,project_pool_scalability,BiLo-NSGA,4,expanded_empirical_ref1p1_unclipped,1.1000000000,0,0.2229200815,0,0,0,38,46c7357135ba170c024df44a9902b57eda8afd5118b46c1d6d1c3bb47e45cce1
matched_evaluation,project_pool_scalability,BiLo-NSGA,4,analytic_ref1p05_unclipped,1.0500000000,0,0.0088428686,0,0,0,38,46c7357135ba170c024df44a9902b57eda8afd5118b46c1d6d1c3bb47e45cce1
matched_evaluation,project_pool_scalability,BiLo-NSGA,4,analytic_ref1p1_unclipped,1.1000000000,0,0.0248394637,0,0,0,38,46c7357135ba170c024df44a9902b57eda8afd5118b46c1d6d1c3bb47e45cce1
matched_evaluation,project_pool_scalability,BiLo-NSGA,4,analytic_ref1p2_unclipped,1.2000000000,0,0.0879337034,0,0,0,38,46c7357135ba170c024df44a9902b57eda8afd5118b46c1d6d1c3bb47e45cce1
matched_evaluation,project_pool_scalability,Pareto Local Search,5,reported_empirical_ref1p1_clipped,1.1000000000,1,0.1699611442,0,0,0,40,a76ef3960524446ce7a6070c373f29e7f0e171d89e7d6893a71e6b8792b40565
matched_evaluation,project_pool_scalability,Pareto Local Search,5,reported_empirical_ref1p1_unclipped,1.1000000000,0,0.1699611442,0,0,0,40,a76ef3960524446ce7a6070c373f29e7f0e171d89e7d6893a71e6b8792b40565
matched_evaluation,project_pool_scalability,Pareto Local Search,5,expanded_empirical_ref1p1_unclipped,1.1000000000,0,0.2101481218,0,0,0,40,a76ef3960524446ce7a6070c373f29e7f0e171d89e7d6893a71e6b8792b40565
matched_evaluation,project_pool_scalability,Pareto Local Search,5,analytic_ref1p05_unclipped,1.0500000000,0,0.0085845400,0,0,0,40,a76ef3960524446ce7a6070c373f29e7f0e171d89e7d6893a71e6b8792b40565
matched_evaluation,project_pool_scalability,Pareto Local Search,5,analytic_ref1p1_unclipped,1.1000000000,0,0.0240247958,0,0,0,40,a76ef3960524446ce7a6070c373f29e7f0e171d89e7d6893a71e6b8792b40565
matched_evaluation,project_pool_scalability,Pareto Local Search,5,analytic_ref1p2_unclipped,1.2000000000,0,0.0852464604,0,0,0,40,a76ef3960524446ce7a6070c373f29e7f0e171d89e7d6893a71e6b8792b40565
matched_evaluation,project_pool_scalability,BiLo-NSGA,5,reported_empirical_ref1p1_clipped,1.1000000000,1,0.1838348491,1,0,1,38,dcf4c5e437d4f88e6986fb832e9aef15657d95168dd52ca347581b1958cb2495
matched_evaluation,project_pool_scalability,BiLo-NSGA,5,reported_empirical_ref1p1_unclipped,1.1000000000,0,0.1875281070,1,0,1,38,dcf4c5e437d4f88e6986fb832e9aef15657d95168dd52ca347581b1958cb2495
matched_evaluation,project_pool_scalability,BiLo-NSGA,5,expanded_empirical_ref1p1_unclipped,1.1000000000,0,0.2269208667,0,0,0,38,dcf4c5e437d4f88e6986fb832e9aef15657d95168dd52ca347581b1958cb2495
matched_evaluation,project_pool_scalability,BiLo-NSGA,5,analytic_ref1p05_unclipped,1.0500000000,0,0.0088579824,0,0,0,38,dcf4c5e437d4f88e6986fb832e9aef15657d95168dd52ca347581b1958cb2495
matched_evaluation,project_pool_scalability,BiLo-NSGA,5,analytic_ref1p1_unclipped,1.1000000000,0,0.0249135171,0,0,0,38,dcf4c5e437d4f88e6986fb832e9aef15657d95168dd52ca347581b1958cb2495
matched_evaluation,project_pool_scalability,BiLo-NSGA,5,analytic_ref1p2_unclipped,1.2000000000,0,0.0880381408,0,0,0,38,dcf4c5e437d4f88e6986fb832e9aef15657d95168dd52ca347581b1958cb2495
matched_evaluation,project_pool_scalability,NSGA-II,5,reported_empirical_ref1p1_clipped,1.1000000000,1,0.1772263131,6,0,6,38,14ed7883ae7123679c6446e199a14a7bdb79284b09d05c6ceb9734c33734b1d9
matched_evaluation,project_pool_scalability,NSGA-II,5,reported_empirical_ref1p1_unclipped,1.1000000000,0,0.2173500763,6,0,6,38,14ed7883ae7123679c6446e199a14a7bdb79284b09d05c6ceb9734c33734b1d9
matched_evaluation,project_pool_scalability,NSGA-II,5,expanded_empirical_ref1p1_unclipped,1.1000000000,0,0.2619999569,2,0,2,38,14ed7883ae7123679c6446e199a14a7bdb79284b09d05c6ceb9734c33734b1d9
matched_evaluation,project_pool_scalability,NSGA-II,5,analytic_ref1p05_unclipped,1.0500000000,0,0.0097991698,0,0,0,38,14ed7883ae7123679c6446e199a14a7bdb79284b09d05c6ceb9734c33734b1d9
matched_evaluation,project_pool_scalability,NSGA-II,5,analytic_ref1p1_unclipped,1.1000000000,0,0.0273264906,0,0,0,38,14ed7883ae7123679c6446e199a14a7bdb79284b09d05c6ceb9734c33734b1d9
matched_evaluation,project_pool_scalability,NSGA-II,5,analytic_ref1p2_unclipped,1.2000000000,0,0.0949866792,0,0,0,38,14ed7883ae7123679c6446e199a14a7bdb79284b09d05c6ceb9734c33734b1d9
matched_evaluation,project_pool_scalability,BiLo-NSGA,6,reported_empirical_ref1p1_clipped,1.1000000000,1,0.1679299507,0,0,0,39,69a0345ea26cac0c0fc5c9b1ad05cf18a2a2de633acbe8337778357eadaa8bdc
matched_evaluation,project_pool_scalability,BiLo-NSGA,6,reported_empirical_ref1p1_unclipped,1.1000000000,0,0.1679299507,0,0,0,39,69a0345ea26cac0c0fc5c9b1ad05cf18a2a2de633acbe8337778357eadaa8bdc
matched_evaluation,project_pool_scalability,BiLo-NSGA,6,expanded_empirical_ref1p1_unclipped,1.1000000000,0,0.2099306856,0,0,0,39,69a0345ea26cac0c0fc5c9b1ad05cf18a2a2de633acbe8337778357eadaa8bdc
matched_evaluation,project_pool_scalability,BiLo-NSGA,6,analytic_ref1p05_unclipped,1.0500000000,0,0.0083641618,0,0,0,39,69a0345ea26cac0c0fc5c9b1ad05cf18a2a2de633acbe8337778357eadaa8bdc
matched_evaluation,project_pool_scalability,BiLo-NSGA,6,analytic_ref1p1_unclipped,1.1000000000,0,0.0237809828,0,0,0,39,69a0345ea26cac0c0fc5c9b1ad05cf18a2a2de633acbe8337778357eadaa8bdc
matched_evaluation,project_pool_scalability,BiLo-NSGA,6,analytic_ref1p2_unclipped,1.2000000000,0,0.0852146035,0,0,0,39,69a0345ea26cac0c0fc5c9b1ad05cf18a2a2de633acbe8337778357eadaa8bdc
matched_evaluation,project_pool_scalability,NSGA-II,6,reported_empirical_ref1p1_clipped,1.1000000000,1,0.1788227889,3,0,3,39,f5d08cd01f8692447b71207ed249e2cb9d077d1a583ce5ab461513da5091d2fc
matched_evaluation,project_pool_scalability,NSGA-II,6,reported_empirical_ref1p1_unclipped,1.1000000000,0,0.1954735217,3,0,3,39,f5d08cd01f8692447b71207ed249e2cb9d077d1a583ce5ab461513da5091d2fc
matched_evaluation,project_pool_scalability,NSGA-II,6,expanded_empirical_ref1p1_unclipped,1.1000000000,0,0.2389700923,0,0,0,39,f5d08cd01f8692447b71207ed249e2cb9d077d1a583ce5ab461513da5091d2fc
matched_evaluation,project_pool_scalability,NSGA-II,6,analytic_ref1p05_unclipped,1.0500000000,0,0.0087684963,0,0,0,39,f5d08cd01f8692447b71207ed249e2cb9d077d1a583ce5ab461513da5091d2fc
matched_evaluation,project_pool_scalability,NSGA-II,6,analytic_ref1p1_unclipped,1.1000000000,0,0.0250195020,0,0,0,39,f5d08cd01f8692447b71207ed249e2cb9d077d1a583ce5ab461513da5091d2fc
matched_evaluation,project_pool_scalability,NSGA-II,6,analytic_ref1p2_unclipped,1.2000000000,0,0.0891059571,0,0,0,39,f5d08cd01f8692447b71207ed249e2cb9d077d1a583ce5ab461513da5091d2fc
matched_evaluation,project_pool_scalability,Pareto Local Search,6,reported_empirical_ref1p1_clipped,1.1000000000,1,0.1335437091,0,0,0,40,86ed7aaf4545dd9b8774040db60aee51f05e71e846276d37ff26663ad74cd851
matched_evaluation,project_pool_scalability,Pareto Local Search,6,reported_empirical_ref1p1_unclipped,1.1000000000,0,0.1335437091,0,0,0,40,86ed7aaf4545dd9b8774040db60aee51f05e71e846276d37ff26663ad74cd851
matched_evaluation,project_pool_scalability,Pareto Local Search,6,expanded_empirical_ref1p1_unclipped,1.1000000000,0,0.1754892855,0,0,0,40,86ed7aaf4545dd9b8774040db60aee51f05e71e846276d37ff26663ad74cd851
matched_evaluation,project_pool_scalability,Pareto Local Search,6,analytic_ref1p05_unclipped,1.0500000000,0,0.0079990567,0,0,0,40,86ed7aaf4545dd9b8774040db60aee51f05e71e846276d37ff26663ad74cd851
matched_evaluation,project_pool_scalability,Pareto Local Search,6,analytic_ref1p1_unclipped,1.1000000000,0,0.0227915168,0,0,0,40,86ed7aaf4545dd9b8774040db60aee51f05e71e846276d37ff26663ad74cd851
matched_evaluation,project_pool_scalability,Pareto Local Search,6,analytic_ref1p2_unclipped,1.2000000000,0,0.0822459090,0,0,0,40,86ed7aaf4545dd9b8774040db60aee51f05e71e846276d37ff26663ad74cd851
matched_evaluation,project_pool_scalability,NSGA-II,7,reported_empirical_ref1p1_clipped,1.1000000000,1,0.1786023833,6,0,6,39,808610f901d81bbf01740eb3d9d56e3d75e9a4103c1ba12ca5e9a98fac1566d1
matched_evaluation,project_pool_scalability,NSGA-II,7,reported_empirical_ref1p1_unclipped,1.1000000000,0,0.2573431647,6,0,6,39,808610f901d81bbf01740eb3d9d56e3d75e9a4103c1ba12ca5e9a98fac1566d1
matched_evaluation,project_pool_scalability,NSGA-II,7,expanded_empirical_ref1p1_unclipped,1.1000000000,0,0.3025903954,3,0,3,39,808610f901d81bbf01740eb3d9d56e3d75e9a4103c1ba12ca5e9a98fac1566d1
matched_evaluation,project_pool_scalability,NSGA-II,7,analytic_ref1p05_unclipped,1.0500000000,0,0.0100013484,0,0,0,39,808610f901d81bbf01740eb3d9d56e3d75e9a4103c1ba12ca5e9a98fac1566d1
matched_evaluation,project_pool_scalability,NSGA-II,7,analytic_ref1p1_unclipped,1.1000000000,0,0.0279269037,0,0,0,39,808610f901d81bbf01740eb3d9d56e3d75e9a4103c1ba12ca5e9a98fac1566d1
matched_evaluation,project_pool_scalability,NSGA-II,7,analytic_ref1p2_unclipped,1.2000000000,0,0.0970899935,0,0,0,39,808610f901d81bbf01740eb3d9d56e3d75e9a4103c1ba12ca5e9a98fac1566d1
matched_evaluation,project_pool_scalability,Pareto Local Search,7,reported_empirical_ref1p1_clipped,1.1000000000,1,0.1462975038,0,0,0,40,a718f1b4b3c1fba3af1ddb4ce4bea04f56237f1c9880544d0d9df1306320041f
matched_evaluation,project_pool_scalability,Pareto Local Search,7,reported_empirical_ref1p1_unclipped,1.1000000000,0,0.1462975038,0,0,0,40,a718f1b4b3c1fba3af1ddb4ce4bea04f56237f1c9880544d0d9df1306320041f
matched_evaluation,project_pool_scalability,Pareto Local Search,7,expanded_empirical_ref1p1_unclipped,1.1000000000,0,0.1885802558,0,0,0,40,a718f1b4b3c1fba3af1ddb4ce4bea04f56237f1c9880544d0d9df1306320041f
matched_evaluation,project_pool_scalability,Pareto Local Search,7,analytic_ref1p05_unclipped,1.0500000000,0,0.0078825175,0,0,0,40,a718f1b4b3c1fba3af1ddb4ce4bea04f56237f1c9880544d0d9df1306320041f
matched_evaluation,project_pool_scalability,Pareto Local Search,7,analytic_ref1p1_unclipped,1.1000000000,0,0.0225930239,0,0,0,40,a718f1b4b3c1fba3af1ddb4ce4bea04f56237f1c9880544d0d9df1306320041f
matched_evaluation,project_pool_scalability,Pareto Local Search,7,analytic_ref1p2_unclipped,1.2000000000,0,0.0819315479,0,0,0,40,a718f1b4b3c1fba3af1ddb4ce4bea04f56237f1c9880544d0d9df1306320041f
matched_evaluation,project_pool_scalability,BiLo-NSGA,7,reported_empirical_ref1p1_clipped,1.1000000000,1,0.1843830366,1,0,1,39,e12956ba3b6ed077768bf0efe1c44841546e6570aec1e0943398af1a61e302e2
matched_evaluation,project_pool_scalability,BiLo-NSGA,7,reported_empirical_ref1p1_unclipped,1.1000000000,0,0.1968957173,1,0,1,39,e12956ba3b6ed077768bf0efe1c44841546e6570aec1e0943398af1a61e302e2
matched_evaluation,project_pool_scalability,BiLo-NSGA,7,expanded_empirical_ref1p1_unclipped,1.1000000000,0,0.2365493907,0,0,0,39,e12956ba3b6ed077768bf0efe1c44841546e6570aec1e0943398af1a61e302e2
matched_evaluation,project_pool_scalability,BiLo-NSGA,7,analytic_ref1p05_unclipped,1.0500000000,0,0.0082779605,0,0,0,39,e12956ba3b6ed077768bf0efe1c44841546e6570aec1e0943398af1a61e302e2
matched_evaluation,project_pool_scalability,BiLo-NSGA,7,analytic_ref1p1_unclipped,1.1000000000,0,0.0238501999,0,0,0,39,e12956ba3b6ed077768bf0efe1c44841546e6570aec1e0943398af1a61e302e2
matched_evaluation,project_pool_scalability,BiLo-NSGA,7,analytic_ref1p2_unclipped,1.2000000000,0,0.0864189378,0,0,0,39,e12956ba3b6ed077768bf0efe1c44841546e6570aec1e0943398af1a61e302e2
matched_evaluation,project_pool_scalability,Pareto Local Search,8,reported_empirical_ref1p1_clipped,1.1000000000,1,0.1521273981,0,0,0,40,fa39ddc9d855e676aa76b0e3367b70ec6d74b4ffc3e3cb973ee86140b9de000c
matched_evaluation,project_pool_scalability,Pareto Local Search,8,reported_empirical_ref1p1_unclipped,1.1000000000,0,0.1521273981,0,0,0,40,fa39ddc9d855e676aa76b0e3367b70ec6d74b4ffc3e3cb973ee86140b9de000c
matched_evaluation,project_pool_scalability,Pareto Local Search,8,expanded_empirical_ref1p1_unclipped,1.1000000000,0,0.1936455210,0,0,0,40,fa39ddc9d855e676aa76b0e3367b70ec6d74b4ffc3e3cb973ee86140b9de000c
matched_evaluation,project_pool_scalability,Pareto Local Search,8,analytic_ref1p05_unclipped,1.0500000000,0,0.0081578177,0,0,0,40,fa39ddc9d855e676aa76b0e3367b70ec6d74b4ffc3e3cb973ee86140b9de000c
matched_evaluation,project_pool_scalability,Pareto Local Search,8,analytic_ref1p1_unclipped,1.1000000000,0,0.0232062138,0,0,0,40,fa39ddc9d855e676aa76b0e3367b70ec6d74b4ffc3e3cb973ee86140b9de000c
matched_evaluation,project_pool_scalability,Pareto Local Search,8,analytic_ref1p2_unclipped,1.2000000000,0,0.0835177896,0,0,0,40,fa39ddc9d855e676aa76b0e3367b70ec6d74b4ffc3e3cb973ee86140b9de000c
matched_evaluation,project_pool_scalability,BiLo-NSGA,8,reported_empirical_ref1p1_clipped,1.1000000000,1,0.1814033479,1,0,1,37,5684408ae1c778522cdc108ed518879704ed225282a942674c91b2c9f4770a80
matched_evaluation,project_pool_scalability,BiLo-NSGA,8,reported_empirical_ref1p1_unclipped,1.1000000000,0,0.1825869708,1,0,1,37,5684408ae1c778522cdc108ed518879704ed225282a942674c91b2c9f4770a80
matched_evaluation,project_pool_scalability,BiLo-NSGA,8,expanded_empirical_ref1p1_unclipped,1.1000000000,0,0.2231163883,0,0,0,37,5684408ae1c778522cdc108ed518879704ed225282a942674c91b2c9f4770a80
matched_evaluation,project_pool_scalability,BiLo-NSGA,8,analytic_ref1p05_unclipped,1.0500000000,0,0.0084069172,0,0,0,37,5684408ae1c778522cdc108ed518879704ed225282a942674c91b2c9f4770a80
matched_evaluation,project_pool_scalability,BiLo-NSGA,8,analytic_ref1p1_unclipped,1.1000000000,0,0.0238270190,0,0,0,37,5684408ae1c778522cdc108ed518879704ed225282a942674c91b2c9f4770a80
matched_evaluation,project_pool_scalability,BiLo-NSGA,8,analytic_ref1p2_unclipped,1.2000000000,0,0.0851482220,0,0,0,37,5684408ae1c778522cdc108ed518879704ed225282a942674c91b2c9f4770a80
matched_evaluation,project_pool_scalability,NSGA-II,8,reported_empirical_ref1p1_clipped,1.1000000000,1,0.1774112915,4,0,4,38,1fc5cb6fb57d9054c53a115ec0c4fb7738749bbf770d95380b3f9e1def84644c
matched_evaluation,project_pool_scalability,NSGA-II,8,reported_empirical_ref1p1_unclipped,1.1000000000,0,0.2152503803,4,0,4,38,1fc5cb6fb57d9054c53a115ec0c4fb7738749bbf770d95380b3f9e1def84644c
matched_evaluation,project_pool_scalability,NSGA-II,8,expanded_empirical_ref1p1_unclipped,1.1000000000,0,0.2606958769,1,0,1,38,1fc5cb6fb57d9054c53a115ec0c4fb7738749bbf770d95380b3f9e1def84644c
matched_evaluation,project_pool_scalability,NSGA-II,8,analytic_ref1p05_unclipped,1.0500000000,0,0.0094140765,0,0,0,38,1fc5cb6fb57d9054c53a115ec0c4fb7738749bbf770d95380b3f9e1def84644c
matched_evaluation,project_pool_scalability,NSGA-II,8,analytic_ref1p1_unclipped,1.1000000000,0,0.0264044359,0,0,0,38,1fc5cb6fb57d9054c53a115ec0c4fb7738749bbf770d95380b3f9e1def84644c
matched_evaluation,project_pool_scalability,NSGA-II,8,analytic_ref1p2_unclipped,1.2000000000,0,0.0924410825,0,0,0,38,1fc5cb6fb57d9054c53a115ec0c4fb7738749bbf770d95380b3f9e1def84644c
matched_evaluation,project_pool_scalability,BiLo-NSGA,9,reported_empirical_ref1p1_clipped,1.1000000000,1,0.1656420951,0,0,0,39,5b3b6aeac0d1973c3143569110fde212199362722575f15da57919f5f5d8a8a8
matched_evaluation,project_pool_scalability,BiLo-NSGA,9,reported_empirical_ref1p1_unclipped,1.1000000000,0,0.1656420951,0,0,0,39,5b3b6aeac0d1973c3143569110fde212199362722575f15da57919f5f5d8a8a8
matched_evaluation,project_pool_scalability,BiLo-NSGA,9,expanded_empirical_ref1p1_unclipped,1.1000000000,0,0.2068032376,0,0,0,39,5b3b6aeac0d1973c3143569110fde212199362722575f15da57919f5f5d8a8a8
matched_evaluation,project_pool_scalability,BiLo-NSGA,9,analytic_ref1p05_unclipped,1.0500000000,0,0.0084013692,0,0,0,39,5b3b6aeac0d1973c3143569110fde212199362722575f15da57919f5f5d8a8a8
matched_evaluation,project_pool_scalability,BiLo-NSGA,9,analytic_ref1p1_unclipped,1.1000000000,0,0.0238801737,0,0,0,39,5b3b6aeac0d1973c3143569110fde212199362722575f15da57919f5f5d8a8a8
matched_evaluation,project_pool_scalability,BiLo-NSGA,9,analytic_ref1p2_unclipped,1.2000000000,0,0.0856475905,0,0,0,39,5b3b6aeac0d1973c3143569110fde212199362722575f15da57919f5f5d8a8a8
matched_evaluation,project_pool_scalability,NSGA-II,9,reported_empirical_ref1p1_clipped,1.1000000000,1,0.1763511853,6,0,6,38,85dd24cdb4899bad25fa088843cf2ff35aa8216310645ea11f0f7b65b1dccb7f
matched_evaluation,project_pool_scalability,NSGA-II,9,reported_empirical_ref1p1_unclipped,1.1000000000,0,0.2182563089,6,0,6,38,85dd24cdb4899bad25fa088843cf2ff35aa8216310645ea11f0f7b65b1dccb7f
matched_evaluation,project_pool_scalability,NSGA-II,9,expanded_empirical_ref1p1_unclipped,1.1000000000,0,0.2638448595,1,0,1,38,85dd24cdb4899bad25fa088843cf2ff35aa8216310645ea11f0f7b65b1dccb7f
matched_evaluation,project_pool_scalability,NSGA-II,9,analytic_ref1p05_unclipped,1.0500000000,0,0.0087162353,0,0,0,38,85dd24cdb4899bad25fa088843cf2ff35aa8216310645ea11f0f7b65b1dccb7f
matched_evaluation,project_pool_scalability,NSGA-II,9,analytic_ref1p1_unclipped,1.1000000000,0,0.0248703689,0,0,0,38,85dd24cdb4899bad25fa088843cf2ff35aa8216310645ea11f0f7b65b1dccb7f
matched_evaluation,project_pool_scalability,NSGA-II,9,analytic_ref1p2_unclipped,1.2000000000,0,0.0886052990,0,0,0,38,85dd24cdb4899bad25fa088843cf2ff35aa8216310645ea11f0f7b65b1dccb7f
matched_evaluation,project_pool_scalability,Pareto Local Search,9,reported_empirical_ref1p1_clipped,1.1000000000,1,0.1029809901,0,0,0,40,a0e1c5147cd28a402a287a5477231604349b3369357857bed0245aa15ae6dd7a
matched_evaluation,project_pool_scalability,Pareto Local Search,9,reported_empirical_ref1p1_unclipped,1.1000000000,0,0.1029809901,0,0,0,40,a0e1c5147cd28a402a287a5477231604349b3369357857bed0245aa15ae6dd7a
matched_evaluation,project_pool_scalability,Pareto Local Search,9,expanded_empirical_ref1p1_unclipped,1.1000000000,0,0.1466325897,0,0,0,40,a0e1c5147cd28a402a287a5477231604349b3369357857bed0245aa15ae6dd7a
matched_evaluation,project_pool_scalability,Pareto Local Search,9,analytic_ref1p05_unclipped,1.0500000000,0,0.0066268850,0,0,0,40,a0e1c5147cd28a402a287a5477231604349b3369357857bed0245aa15ae6dd7a
matched_evaluation,project_pool_scalability,Pareto Local Search,9,analytic_ref1p1_unclipped,1.1000000000,0,0.0199631988,0,0,0,40,a0e1c5147cd28a402a287a5477231604349b3369357857bed0245aa15ae6dd7a
matched_evaluation,project_pool_scalability,Pareto Local Search,9,analytic_ref1p2_unclipped,1.2000000000,0,0.0754426575,0,0,0,40,a0e1c5147cd28a402a287a5477231604349b3369357857bed0245aa15ae6dd7a
matched_evaluation,project_pool_scalability,NSGA-II,10,reported_empirical_ref1p1_clipped,1.1000000000,1,0.1762249071,5,0,5,38,93204715cb711f8e129dfc7a410fedf69d21f799e615897010d4bb95f39cbb7b
matched_evaluation,project_pool_scalability,NSGA-II,10,reported_empirical_ref1p1_unclipped,1.1000000000,0,0.1987226641,5,0,5,38,93204715cb711f8e129dfc7a410fedf69d21f799e615897010d4bb95f39cbb7b
matched_evaluation,project_pool_scalability,NSGA-II,10,expanded_empirical_ref1p1_unclipped,1.1000000000,0,0.2440953985,0,0,0,38,93204715cb711f8e129dfc7a410fedf69d21f799e615897010d4bb95f39cbb7b
matched_evaluation,project_pool_scalability,NSGA-II,10,analytic_ref1p05_unclipped,1.0500000000,0,0.0088742647,0,0,0,38,93204715cb711f8e129dfc7a410fedf69d21f799e615897010d4bb95f39cbb7b
matched_evaluation,project_pool_scalability,NSGA-II,10,analytic_ref1p1_unclipped,1.1000000000,0,0.0251930425,0,0,0,38,93204715cb711f8e129dfc7a410fedf69d21f799e615897010d4bb95f39cbb7b
matched_evaluation,project_pool_scalability,NSGA-II,10,analytic_ref1p2_unclipped,1.2000000000,0,0.0892047324,0,0,0,38,93204715cb711f8e129dfc7a410fedf69d21f799e615897010d4bb95f39cbb7b
matched_evaluation,project_pool_scalability,Pareto Local Search,10,reported_empirical_ref1p1_clipped,1.1000000000,1,0.1391774409,0,0,0,40,1fb97e1bbba6b8da5535ce7dd15c45393582612757201b0c2bbb2bfdee98b79b
matched_evaluation,project_pool_scalability,Pareto Local Search,10,reported_empirical_ref1p1_unclipped,1.1000000000,0,0.1391774409,0,0,0,40,1fb97e1bbba6b8da5535ce7dd15c45393582612757201b0c2bbb2bfdee98b79b
matched_evaluation,project_pool_scalability,Pareto Local Search,10,expanded_empirical_ref1p1_unclipped,1.1000000000,0,0.1809041078,0,0,0,40,1fb97e1bbba6b8da5535ce7dd15c45393582612757201b0c2bbb2bfdee98b79b
matched_evaluation,project_pool_scalability,Pareto Local Search,10,analytic_ref1p05_unclipped,1.0500000000,0,0.0076009945,0,0,0,40,1fb97e1bbba6b8da5535ce7dd15c45393582612757201b0c2bbb2bfdee98b79b
matched_evaluation,project_pool_scalability,Pareto Local Search,10,analytic_ref1p1_unclipped,1.1000000000,0,0.0219068855,0,0,0,40,1fb97e1bbba6b8da5535ce7dd15c45393582612757201b0c2bbb2bfdee98b79b
matched_evaluation,project_pool_scalability,Pareto Local Search,10,analytic_ref1p2_unclipped,1.2000000000,0,0.0799419823,0,0,0,40,1fb97e1bbba6b8da5535ce7dd15c45393582612757201b0c2bbb2bfdee98b79b
matched_evaluation,project_pool_scalability,BiLo-NSGA,10,reported_empirical_ref1p1_clipped,1.1000000000,1,0.1682293958,0,0,0,39,9f0b3aef456e7d90daac9d8aeeefc6f397ea21da97d57f27e194e2704c5309b6
matched_evaluation,project_pool_scalability,BiLo-NSGA,10,reported_empirical_ref1p1_unclipped,1.1000000000,0,0.1682293958,0,0,0,39,9f0b3aef456e7d90daac9d8aeeefc6f397ea21da97d57f27e194e2704c5309b6
matched_evaluation,project_pool_scalability,BiLo-NSGA,10,expanded_empirical_ref1p1_unclipped,1.1000000000,0,0.2084020017,0,0,0,39,9f0b3aef456e7d90daac9d8aeeefc6f397ea21da97d57f27e194e2704c5309b6
matched_evaluation,project_pool_scalability,BiLo-NSGA,10,analytic_ref1p05_unclipped,1.0500000000,0,0.0085230226,0,0,0,39,9f0b3aef456e7d90daac9d8aeeefc6f397ea21da97d57f27e194e2704c5309b6
matched_evaluation,project_pool_scalability,BiLo-NSGA,10,analytic_ref1p1_unclipped,1.1000000000,0,0.0238779186,0,0,0,39,9f0b3aef456e7d90daac9d8aeeefc6f397ea21da97d57f27e194e2704c5309b6
matched_evaluation,project_pool_scalability,BiLo-NSGA,10,analytic_ref1p2_unclipped,1.2000000000,0,0.0846299288,0,0,0,39,9f0b3aef456e7d90daac9d8aeeefc6f397ea21da97d57f27e194e2704c5309b6
matched_evaluation,project_pool_scalability,Pareto Local Search,11,reported_empirical_ref1p1_clipped,1.1000000000,1,0.1307174517,0,0,0,40,31540d3203624d139d617adf9e2deabc41faec4f290bbd70ee1f082f26a18a27
matched_evaluation,project_pool_scalability,Pareto Local Search,11,reported_empirical_ref1p1_unclipped,1.1000000000,0,0.1307174517,0,0,0,40,31540d3203624d139d617adf9e2deabc41faec4f290bbd70ee1f082f26a18a27
matched_evaluation,project_pool_scalability,Pareto Local Search,11,expanded_empirical_ref1p1_unclipped,1.1000000000,0,0.1734193336,0,0,0,40,31540d3203624d139d617adf9e2deabc41faec4f290bbd70ee1f082f26a18a27
matched_evaluation,project_pool_scalability,Pareto Local Search,11,analytic_ref1p05_unclipped,1.0500000000,0,0.0069640784,0,0,0,40,31540d3203624d139d617adf9e2deabc41faec4f290bbd70ee1f082f26a18a27
matched_evaluation,project_pool_scalability,Pareto Local Search,11,analytic_ref1p1_unclipped,1.1000000000,0,0.0206691613,0,0,0,40,31540d3203624d139d617adf9e2deabc41faec4f290bbd70ee1f082f26a18a27
matched_evaluation,project_pool_scalability,Pareto Local Search,11,analytic_ref1p2_unclipped,1.2000000000,0,0.0773298323,0,0,0,40,31540d3203624d139d617adf9e2deabc41faec4f290bbd70ee1f082f26a18a27
matched_evaluation,project_pool_scalability,BiLo-NSGA,11,reported_empirical_ref1p1_clipped,1.1000000000,1,0.1685904789,0,0,0,38,07089a4760fdd9ffe5cd37d40ad67105fda61e778ae266e08aa7d1c899bc5e19
matched_evaluation,project_pool_scalability,BiLo-NSGA,11,reported_empirical_ref1p1_unclipped,1.1000000000,0,0.1685904789,0,0,0,38,07089a4760fdd9ffe5cd37d40ad67105fda61e778ae266e08aa7d1c899bc5e19
matched_evaluation,project_pool_scalability,BiLo-NSGA,11,expanded_empirical_ref1p1_unclipped,1.1000000000,0,0.2098747828,0,0,0,38,07089a4760fdd9ffe5cd37d40ad67105fda61e778ae266e08aa7d1c899bc5e19
matched_evaluation,project_pool_scalability,BiLo-NSGA,11,analytic_ref1p05_unclipped,1.0500000000,0,0.0085952255,0,0,0,38,07089a4760fdd9ffe5cd37d40ad67105fda61e778ae266e08aa7d1c899bc5e19
matched_evaluation,project_pool_scalability,BiLo-NSGA,11,analytic_ref1p1_unclipped,1.1000000000,0,0.0242039609,0,0,0,38,07089a4760fdd9ffe5cd37d40ad67105fda61e778ae266e08aa7d1c899bc5e19
matched_evaluation,project_pool_scalability,BiLo-NSGA,11,analytic_ref1p2_unclipped,1.2000000000,0,0.0858801935,0,0,0,38,07089a4760fdd9ffe5cd37d40ad67105fda61e778ae266e08aa7d1c899bc5e19
matched_evaluation,project_pool_scalability,NSGA-II,11,reported_empirical_ref1p1_clipped,1.1000000000,1,0.1779228476,2,0,2,39,1f3f4dcbe3c8c9c5cded254d7d18465ac7f5b825f7507663cccdad2c2bb7d826
matched_evaluation,project_pool_scalability,NSGA-II,11,reported_empirical_ref1p1_unclipped,1.1000000000,0,0.1971124225,2,0,2,39,1f3f4dcbe3c8c9c5cded254d7d18465ac7f5b825f7507663cccdad2c2bb7d826
matched_evaluation,project_pool_scalability,NSGA-II,11,expanded_empirical_ref1p1_unclipped,1.1000000000,0,0.2412542822,0,0,0,39,1f3f4dcbe3c8c9c5cded254d7d18465ac7f5b825f7507663cccdad2c2bb7d826
matched_evaluation,project_pool_scalability,NSGA-II,11,analytic_ref1p05_unclipped,1.0500000000,0,0.0095488153,0,0,0,39,1f3f4dcbe3c8c9c5cded254d7d18465ac7f5b825f7507663cccdad2c2bb7d826
matched_evaluation,project_pool_scalability,NSGA-II,11,analytic_ref1p1_unclipped,1.1000000000,0,0.0266774509,0,0,0,39,1f3f4dcbe3c8c9c5cded254d7d18465ac7f5b825f7507663cccdad2c2bb7d826
matched_evaluation,project_pool_scalability,NSGA-II,11,analytic_ref1p2_unclipped,1.2000000000,0,0.0929494964,0,0,0,39,1f3f4dcbe3c8c9c5cded254d7d18465ac7f5b825f7507663cccdad2c2bb7d826
matched_evaluation,project_pool_scalability,BiLo-NSGA,12,reported_empirical_ref1p1_clipped,1.1000000000,1,0.1837348692,1,0,1,39,a8f17760c15788736046b8bcb2116f6dc066b96ab804a86aa571027c5326fecf
matched_evaluation,project_pool_scalability,BiLo-NSGA,12,reported_empirical_ref1p1_unclipped,1.1000000000,0,0.1851583397,1,0,1,39,a8f17760c15788736046b8bcb2116f6dc066b96ab804a86aa571027c5326fecf
matched_evaluation,project_pool_scalability,BiLo-NSGA,12,expanded_empirical_ref1p1_unclipped,1.1000000000,0,0.2253767114,0,0,0,39,a8f17760c15788736046b8bcb2116f6dc066b96ab804a86aa571027c5326fecf
matched_evaluation,project_pool_scalability,BiLo-NSGA,12,analytic_ref1p05_unclipped,1.0500000000,0,0.0088620559,0,0,0,39,a8f17760c15788736046b8bcb2116f6dc066b96ab804a86aa571027c5326fecf
matched_evaluation,project_pool_scalability,BiLo-NSGA,12,analytic_ref1p1_unclipped,1.1000000000,0,0.0249240570,0,0,0,39,a8f17760c15788736046b8bcb2116f6dc066b96ab804a86aa571027c5326fecf
matched_evaluation,project_pool_scalability,BiLo-NSGA,12,analytic_ref1p2_unclipped,1.2000000000,0,0.0882413897,0,0,0,39,a8f17760c15788736046b8bcb2116f6dc066b96ab804a86aa571027c5326fecf
matched_evaluation,project_pool_scalability,NSGA-II,12,reported_empirical_ref1p1_clipped,1.1000000000,1,0.1764620003,7,0,7,39,bea6d25fe4e9b8e6589cf0f03fac9b6865b9f1821d5499c57e04a7d46e459e7b
matched_evaluation,project_pool_scalability,NSGA-II,12,reported_empirical_ref1p1_unclipped,1.1000000000,0,0.2171812838,7,0,7,39,bea6d25fe4e9b8e6589cf0f03fac9b6865b9f1821d5499c57e04a7d46e459e7b
matched_evaluation,project_pool_scalability,NSGA-II,12,expanded_empirical_ref1p1_unclipped,1.1000000000,0,0.2628275576,1,0,1,39,bea6d25fe4e9b8e6589cf0f03fac9b6865b9f1821d5499c57e04a7d46e459e7b
matched_evaluation,project_pool_scalability,NSGA-II,12,analytic_ref1p05_unclipped,1.0500000000,0,0.0098828046,0,0,0,39,bea6d25fe4e9b8e6589cf0f03fac9b6865b9f1821d5499c57e04a7d46e459e7b
matched_evaluation,project_pool_scalability,NSGA-II,12,analytic_ref1p1_unclipped,1.1000000000,0,0.0275486159,0,0,0,39,bea6d25fe4e9b8e6589cf0f03fac9b6865b9f1821d5499c57e04a7d46e459e7b
matched_evaluation,project_pool_scalability,NSGA-II,12,analytic_ref1p2_unclipped,1.2000000000,0,0.0954794760,0,0,0,39,bea6d25fe4e9b8e6589cf0f03fac9b6865b9f1821d5499c57e04a7d46e459e7b
matched_evaluation,project_pool_scalability,Pareto Local Search,12,reported_empirical_ref1p1_clipped,1.1000000000,1,0.1514332177,0,0,0,40,6da5c566f5d5a10e864627b7c8807c04d7adffe2cd83897a1cd5fc5eaa00cadd
matched_evaluation,project_pool_scalability,Pareto Local Search,12,reported_empirical_ref1p1_unclipped,1.1000000000,0,0.1514332177,0,0,0,40,6da5c566f5d5a10e864627b7c8807c04d7adffe2cd83897a1cd5fc5eaa00cadd
matched_evaluation,project_pool_scalability,Pareto Local Search,12,expanded_empirical_ref1p1_unclipped,1.1000000000,0,0.1925301933,0,0,0,40,6da5c566f5d5a10e864627b7c8807c04d7adffe2cd83897a1cd5fc5eaa00cadd
matched_evaluation,project_pool_scalability,Pareto Local Search,12,analytic_ref1p05_unclipped,1.0500000000,0,0.0083606009,0,0,0,40,6da5c566f5d5a10e864627b7c8807c04d7adffe2cd83897a1cd5fc5eaa00cadd
matched_evaluation,project_pool_scalability,Pareto Local Search,12,analytic_ref1p1_unclipped,1.1000000000,0,0.0235717295,0,0,0,40,6da5c566f5d5a10e864627b7c8807c04d7adffe2cd83897a1cd5fc5eaa00cadd
matched_evaluation,project_pool_scalability,Pareto Local Search,12,analytic_ref1p2_unclipped,1.2000000000,0,0.0842102014,0,0,0,40,6da5c566f5d5a10e864627b7c8807c04d7adffe2cd83897a1cd5fc5eaa00cadd
matched_evaluation,project_pool_scalability,NSGA-II,13,reported_empirical_ref1p1_clipped,1.1000000000,1,0.1763611209,6,0,6,38,ebb281b2b8386ec6f61d1909053ebb184a649437b1cc88b44e3296a9cab4a1ae
matched_evaluation,project_pool_scalability,NSGA-II,13,reported_empirical_ref1p1_unclipped,1.1000000000,0,0.2180614558,6,0,6,38,ebb281b2b8386ec6f61d1909053ebb184a649437b1cc88b44e3296a9cab4a1ae
matched_evaluation,project_pool_scalability,NSGA-II,13,expanded_empirical_ref1p1_unclipped,1.1000000000,0,0.2635518733,1,0,1,38,ebb281b2b8386ec6f61d1909053ebb184a649437b1cc88b44e3296a9cab4a1ae
matched_evaluation,project_pool_scalability,NSGA-II,13,analytic_ref1p05_unclipped,1.0500000000,0,0.0095302023,0,0,0,38,ebb281b2b8386ec6f61d1909053ebb184a649437b1cc88b44e3296a9cab4a1ae
matched_evaluation,project_pool_scalability,NSGA-II,13,analytic_ref1p1_unclipped,1.1000000000,0,0.0268796261,0,0,0,38,ebb281b2b8386ec6f61d1909053ebb184a649437b1cc88b44e3296a9cab4a1ae
matched_evaluation,project_pool_scalability,NSGA-II,13,analytic_ref1p2_unclipped,1.2000000000,0,0.0941158800,0,0,0,38,ebb281b2b8386ec6f61d1909053ebb184a649437b1cc88b44e3296a9cab4a1ae
matched_evaluation,project_pool_scalability,Pareto Local Search,13,reported_empirical_ref1p1_clipped,1.1000000000,1,0.1148567463,0,0,0,40,b78e63bb66f7ac4956c5f574d56c2fa6173cbd61a74ceb9dcc57d1913d89aa64
matched_evaluation,project_pool_scalability,Pareto Local Search,13,reported_empirical_ref1p1_unclipped,1.1000000000,0,0.1148567463,0,0,0,40,b78e63bb66f7ac4956c5f574d56c2fa6173cbd61a74ceb9dcc57d1913d89aa64
matched_evaluation,project_pool_scalability,Pareto Local Search,13,expanded_empirical_ref1p1_unclipped,1.1000000000,0,0.1581389962,0,0,0,40,b78e63bb66f7ac4956c5f574d56c2fa6173cbd61a74ceb9dcc57d1913d89aa64
matched_evaluation,project_pool_scalability,Pareto Local Search,13,analytic_ref1p05_unclipped,1.0500000000,0,0.0071943739,0,0,0,40,b78e63bb66f7ac4956c5f574d56c2fa6173cbd61a74ceb9dcc57d1913d89aa64
matched_evaluation,project_pool_scalability,Pareto Local Search,13,analytic_ref1p1_unclipped,1.1000000000,0,0.0211652852,0,0,0,40,b78e63bb66f7ac4956c5f574d56c2fa6173cbd61a74ceb9dcc57d1913d89aa64
matched_evaluation,project_pool_scalability,Pareto Local Search,13,analytic_ref1p2_unclipped,1.2000000000,0,0.0784818041,0,0,0,40,b78e63bb66f7ac4956c5f574d56c2fa6173cbd61a74ceb9dcc57d1913d89aa64
matched_evaluation,project_pool_scalability,BiLo-NSGA,13,reported_empirical_ref1p1_clipped,1.1000000000,1,0.1749734153,0,0,0,37,eda991715d122876eeeef82655c59d106c9051e3f2314eb90973d369f79c148a
matched_evaluation,project_pool_scalability,BiLo-NSGA,13,reported_empirical_ref1p1_unclipped,1.1000000000,0,0.1749734153,0,0,0,37,eda991715d122876eeeef82655c59d106c9051e3f2314eb90973d369f79c148a
matched_evaluation,project_pool_scalability,BiLo-NSGA,13,expanded_empirical_ref1p1_unclipped,1.1000000000,0,0.2159334833,0,0,0,37,eda991715d122876eeeef82655c59d106c9051e3f2314eb90973d369f79c148a
matched_evaluation,project_pool_scalability,BiLo-NSGA,13,analytic_ref1p05_unclipped,1.0500000000,0,0.0083640787,0,0,0,37,eda991715d122876eeeef82655c59d106c9051e3f2314eb90973d369f79c148a
matched_evaluation,project_pool_scalability,BiLo-NSGA,13,analytic_ref1p1_unclipped,1.1000000000,0,0.0235544236,0,0,0,37,eda991715d122876eeeef82655c59d106c9051e3f2314eb90973d369f79c148a
matched_evaluation,project_pool_scalability,BiLo-NSGA,13,analytic_ref1p2_unclipped,1.2000000000,0,0.0840546308,0,0,0,37,eda991715d122876eeeef82655c59d106c9051e3f2314eb90973d369f79c148a
matched_evaluation,project_pool_scalability,Pareto Local Search,14,reported_empirical_ref1p1_clipped,1.1000000000,1,0.1347365215,0,0,0,40,d0f6ca8025163a7650212e5a4cc35c1a62e74a5527eca3f4e335bc3d7a5ab3cb
matched_evaluation,project_pool_scalability,Pareto Local Search,14,reported_empirical_ref1p1_unclipped,1.1000000000,0,0.1347365215,0,0,0,40,d0f6ca8025163a7650212e5a4cc35c1a62e74a5527eca3f4e335bc3d7a5ab3cb
matched_evaluation,project_pool_scalability,Pareto Local Search,14,expanded_empirical_ref1p1_unclipped,1.1000000000,0,0.1766807287,0,0,0,40,d0f6ca8025163a7650212e5a4cc35c1a62e74a5527eca3f4e335bc3d7a5ab3cb
matched_evaluation,project_pool_scalability,Pareto Local Search,14,analytic_ref1p05_unclipped,1.0500000000,0,0.0081076536,0,0,0,40,d0f6ca8025163a7650212e5a4cc35c1a62e74a5527eca3f4e335bc3d7a5ab3cb
matched_evaluation,project_pool_scalability,Pareto Local Search,14,analytic_ref1p1_unclipped,1.1000000000,0,0.0229239874,0,0,0,40,d0f6ca8025163a7650212e5a4cc35c1a62e74a5527eca3f4e335bc3d7a5ab3cb
matched_evaluation,project_pool_scalability,Pareto Local Search,14,analytic_ref1p2_unclipped,1.2000000000,0,0.0821333559,0,0,0,40,d0f6ca8025163a7650212e5a4cc35c1a62e74a5527eca3f4e335bc3d7a5ab3cb
matched_evaluation,project_pool_scalability,BiLo-NSGA,14,reported_empirical_ref1p1_clipped,1.1000000000,1,0.1810771591,0,0,0,39,91fbe2cd1351558f2eca45d7164c2f74c1f550146021a715cfbe245d8060228f
matched_evaluation,project_pool_scalability,BiLo-NSGA,14,reported_empirical_ref1p1_unclipped,1.1000000000,0,0.1810771591,0,0,0,39,91fbe2cd1351558f2eca45d7164c2f74c1f550146021a715cfbe245d8060228f
matched_evaluation,project_pool_scalability,BiLo-NSGA,14,expanded_empirical_ref1p1_unclipped,1.1000000000,0,0.2214928138,0,0,0,39,91fbe2cd1351558f2eca45d7164c2f74c1f550146021a715cfbe245d8060228f
matched_evaluation,project_pool_scalability,BiLo-NSGA,14,analytic_ref1p05_unclipped,1.0500000000,0,0.0085347021,0,0,0,39,91fbe2cd1351558f2eca45d7164c2f74c1f550146021a715cfbe245d8060228f
matched_evaluation,project_pool_scalability,BiLo-NSGA,14,analytic_ref1p1_unclipped,1.1000000000,0,0.0240307960,0,0,0,39,91fbe2cd1351558f2eca45d7164c2f74c1f550146021a715cfbe245d8060228f
matched_evaluation,project_pool_scalability,BiLo-NSGA,14,analytic_ref1p2_unclipped,1.2000000000,0,0.0853149907,0,0,0,39,91fbe2cd1351558f2eca45d7164c2f74c1f550146021a715cfbe245d8060228f
matched_evaluation,project_pool_scalability,NSGA-II,14,reported_empirical_ref1p1_clipped,1.1000000000,1,0.1750759437,9,0,9,37,1c2b1e5b1a9f4710bae4698b88ec095b8098913c49ae850c76417fa64072e718
matched_evaluation,project_pool_scalability,NSGA-II,14,reported_empirical_ref1p1_unclipped,1.1000000000,0,0.2394608471,9,0,9,37,1c2b1e5b1a9f4710bae4698b88ec095b8098913c49ae850c76417fa64072e718
matched_evaluation,project_pool_scalability,NSGA-II,14,expanded_empirical_ref1p1_unclipped,1.1000000000,0,0.2852082469,5,0,5,37,1c2b1e5b1a9f4710bae4698b88ec095b8098913c49ae850c76417fa64072e718
matched_evaluation,project_pool_scalability,NSGA-II,14,analytic_ref1p05_unclipped,1.0500000000,0,0.0097524496,0,0,0,37,1c2b1e5b1a9f4710bae4698b88ec095b8098913c49ae850c76417fa64072e718
matched_evaluation,project_pool_scalability,NSGA-II,14,analytic_ref1p1_unclipped,1.1000000000,0,0.0270452642,0,0,0,37,1c2b1e5b1a9f4710bae4698b88ec095b8098913c49ae850c76417fa64072e718
matched_evaluation,project_pool_scalability,NSGA-II,14,analytic_ref1p2_unclipped,1.2000000000,0,0.0937468804,0,0,0,37,1c2b1e5b1a9f4710bae4698b88ec095b8098913c49ae850c76417fa64072e718
matched_evaluation,project_pool_scalability,BiLo-NSGA,15,reported_empirical_ref1p1_clipped,1.1000000000,1,0.1832444444,1,0,1,39,60a948172d0f8733748509142aed1fa2cf1d11f05bd45aa2b1ac1863f0c2b8ee
matched_evaluation,project_pool_scalability,BiLo-NSGA,15,reported_empirical_ref1p1_unclipped,1.1000000000,0,0.1967873632,1,0,1,39,60a948172d0f8733748509142aed1fa2cf1d11f05bd45aa2b1ac1863f0c2b8ee
matched_evaluation,project_pool_scalability,BiLo-NSGA,15,expanded_empirical_ref1p1_unclipped,1.1000000000,0,0.2374535026,0,0,0,39,60a948172d0f8733748509142aed1fa2cf1d11f05bd45aa2b1ac1863f0c2b8ee
matched_evaluation,project_pool_scalability,BiLo-NSGA,15,analytic_ref1p05_unclipped,1.0500000000,0,0.0088797814,0,0,0,39,60a948172d0f8733748509142aed1fa2cf1d11f05bd45aa2b1ac1863f0c2b8ee
matched_evaluation,project_pool_scalability,BiLo-NSGA,15,analytic_ref1p1_unclipped,1.1000000000,0,0.0250963796,0,0,0,39,60a948172d0f8733748509142aed1fa2cf1d11f05bd45aa2b1ac1863f0c2b8ee
matched_evaluation,project_pool_scalability,BiLo-NSGA,15,analytic_ref1p2_unclipped,1.2000000000,0,0.0891685461,0,0,0,39,60a948172d0f8733748509142aed1fa2cf1d11f05bd45aa2b1ac1863f0c2b8ee
matched_evaluation,project_pool_scalability,NSGA-II,15,reported_empirical_ref1p1_clipped,1.1000000000,1,0.1785650404,4,0,4,39,27cac6869f5c10219eef87f047c3b551ade35c79e16516f439cd16ad85e925c6
matched_evaluation,project_pool_scalability,NSGA-II,15,reported_empirical_ref1p1_unclipped,1.1000000000,0,0.2138489740,4,0,4,39,27cac6869f5c10219eef87f047c3b551ade35c79e16516f439cd16ad85e925c6
matched_evaluation,project_pool_scalability,NSGA-II,15,expanded_empirical_ref1p1_unclipped,1.1000000000,0,0.2582415426,1,0,1,39,27cac6869f5c10219eef87f047c3b551ade35c79e16516f439cd16ad85e925c6
matched_evaluation,project_pool_scalability,NSGA-II,15,analytic_ref1p05_unclipped,1.0500000000,0,0.0096614796,0,0,0,39,27cac6869f5c10219eef87f047c3b551ade35c79e16516f439cd16ad85e925c6
matched_evaluation,project_pool_scalability,NSGA-II,15,analytic_ref1p1_unclipped,1.1000000000,0,0.0266562108,0,0,0,39,27cac6869f5c10219eef87f047c3b551ade35c79e16516f439cd16ad85e925c6
matched_evaluation,project_pool_scalability,NSGA-II,15,analytic_ref1p2_unclipped,1.2000000000,0,0.0919655044,0,0,0,39,27cac6869f5c10219eef87f047c3b551ade35c79e16516f439cd16ad85e925c6
matched_evaluation,project_pool_scalability,Pareto Local Search,15,reported_empirical_ref1p1_clipped,1.1000000000,1,0.1227173745,0,0,0,40,879ef25915326a1083ae46d6bdb207a1aa575ffe3a1ec69f24de8bfa9fe75a8c
matched_evaluation,project_pool_scalability,Pareto Local Search,15,reported_empirical_ref1p1_unclipped,1.1000000000,0,0.1227173745,0,0,0,40,879ef25915326a1083ae46d6bdb207a1aa575ffe3a1ec69f24de8bfa9fe75a8c
matched_evaluation,project_pool_scalability,Pareto Local Search,15,expanded_empirical_ref1p1_unclipped,1.1000000000,0,0.1657441554,0,0,0,40,879ef25915326a1083ae46d6bdb207a1aa575ffe3a1ec69f24de8bfa9fe75a8c
matched_evaluation,project_pool_scalability,Pareto Local Search,15,analytic_ref1p05_unclipped,1.0500000000,0,0.0074615537,0,0,0,40,879ef25915326a1083ae46d6bdb207a1aa575ffe3a1ec69f24de8bfa9fe75a8c
matched_evaluation,project_pool_scalability,Pareto Local Search,15,analytic_ref1p1_unclipped,1.1000000000,0,0.0216201419,0,0,0,40,879ef25915326a1083ae46d6bdb207a1aa575ffe3a1ec69f24de8bfa9fe75a8c
matched_evaluation,project_pool_scalability,Pareto Local Search,15,analytic_ref1p2_unclipped,1.2000000000,0,0.0792633060,0,0,0,40,879ef25915326a1083ae46d6bdb207a1aa575ffe3a1ec69f24de8bfa9fe75a8c
matched_evaluation,project_pool_scalability,NSGA-II,16,reported_empirical_ref1p1_clipped,1.1000000000,1,0.1782765385,9,0,9,39,bf80f806e33c8730a3a0494f32c8935583d030595a1839f95ab944dadd48a4f0
matched_evaluation,project_pool_scalability,NSGA-II,16,reported_empirical_ref1p1_unclipped,1.1000000000,0,0.2349409082,9,0,9,39,bf80f806e33c8730a3a0494f32c8935583d030595a1839f95ab944dadd48a4f0
matched_evaluation,project_pool_scalability,NSGA-II,16,expanded_empirical_ref1p1_unclipped,1.1000000000,0,0.2785409869,4,0,4,39,bf80f806e33c8730a3a0494f32c8935583d030595a1839f95ab944dadd48a4f0
matched_evaluation,project_pool_scalability,NSGA-II,16,analytic_ref1p05_unclipped,1.0500000000,0,0.0103623471,0,0,0,39,bf80f806e33c8730a3a0494f32c8935583d030595a1839f95ab944dadd48a4f0
matched_evaluation,project_pool_scalability,NSGA-II,16,analytic_ref1p1_unclipped,1.1000000000,0,0.0283816747,0,0,0,39,bf80f806e33c8730a3a0494f32c8935583d030595a1839f95ab944dadd48a4f0
matched_evaluation,project_pool_scalability,NSGA-II,16,analytic_ref1p2_unclipped,1.2000000000,0,0.0972470441,0,0,0,39,bf80f806e33c8730a3a0494f32c8935583d030595a1839f95ab944dadd48a4f0
matched_evaluation,project_pool_scalability,Pareto Local Search,16,reported_empirical_ref1p1_clipped,1.1000000000,1,0.1553633487,0,0,0,40,7eac8f8d9b4e2d4ffca9bceb8e8862e80dc9c0c048da211a700806a13b55c1be
matched_evaluation,project_pool_scalability,Pareto Local Search,16,reported_empirical_ref1p1_unclipped,1.1000000000,0,0.1553633487,0,0,0,40,7eac8f8d9b4e2d4ffca9bceb8e8862e80dc9c0c048da211a700806a13b55c1be
matched_evaluation,project_pool_scalability,Pareto Local Search,16,expanded_empirical_ref1p1_unclipped,1.1000000000,0,0.1970875638,0,0,0,40,7eac8f8d9b4e2d4ffca9bceb8e8862e80dc9c0c048da211a700806a13b55c1be
matched_evaluation,project_pool_scalability,Pareto Local Search,16,analytic_ref1p05_unclipped,1.0500000000,0,0.0082444924,0,0,0,40,7eac8f8d9b4e2d4ffca9bceb8e8862e80dc9c0c048da211a700806a13b55c1be
matched_evaluation,project_pool_scalability,Pareto Local Search,16,analytic_ref1p1_unclipped,1.1000000000,0,0.0234128086,0,0,0,40,7eac8f8d9b4e2d4ffca9bceb8e8862e80dc9c0c048da211a700806a13b55c1be
matched_evaluation,project_pool_scalability,Pareto Local Search,16,analytic_ref1p2_unclipped,1.2000000000,0,0.0840554295,0,0,0,40,7eac8f8d9b4e2d4ffca9bceb8e8862e80dc9c0c048da211a700806a13b55c1be
matched_evaluation,project_pool_scalability,BiLo-NSGA,16,reported_empirical_ref1p1_clipped,1.1000000000,1,0.1825481732,0,0,0,39,23d9d9b666e477e234e3f2967c48641f1b657564fb1fb724c7db3f8e2c066aee
matched_evaluation,project_pool_scalability,BiLo-NSGA,16,reported_empirical_ref1p1_unclipped,1.1000000000,0,0.1825481732,0,0,0,39,23d9d9b666e477e234e3f2967c48641f1b657564fb1fb724c7db3f8e2c066aee
matched_evaluation,project_pool_scalability,BiLo-NSGA,16,expanded_empirical_ref1p1_unclipped,1.1000000000,0,0.2229032491,0,0,0,39,23d9d9b666e477e234e3f2967c48641f1b657564fb1fb724c7db3f8e2c066aee
matched_evaluation,project_pool_scalability,BiLo-NSGA,16,analytic_ref1p05_unclipped,1.0500000000,0,0.0092848716,0,0,0,39,23d9d9b666e477e234e3f2967c48641f1b657564fb1fb724c7db3f8e2c066aee
matched_evaluation,project_pool_scalability,BiLo-NSGA,16,analytic_ref1p1_unclipped,1.1000000000,0,0.0257483417,0,0,0,39,23d9d9b666e477e234e3f2967c48641f1b657564fb1fb724c7db3f8e2c066aee
matched_evaluation,project_pool_scalability,BiLo-NSGA,16,analytic_ref1p2_unclipped,1.2000000000,0,0.0899014759,0,0,0,39,23d9d9b666e477e234e3f2967c48641f1b657564fb1fb724c7db3f8e2c066aee
matched_evaluation,project_pool_scalability,Pareto Local Search,17,reported_empirical_ref1p1_clipped,1.1000000000,1,0.1296312183,0,0,0,40,2a366127987fe44394f8a15eae8254d23b3e286d6067a457742f251c647eb0d8
matched_evaluation,project_pool_scalability,Pareto Local Search,17,reported_empirical_ref1p1_unclipped,1.1000000000,0,0.1296312183,0,0,0,40,2a366127987fe44394f8a15eae8254d23b3e286d6067a457742f251c647eb0d8
matched_evaluation,project_pool_scalability,Pareto Local Search,17,expanded_empirical_ref1p1_unclipped,1.1000000000,0,0.1724744928,0,0,0,40,2a366127987fe44394f8a15eae8254d23b3e286d6067a457742f251c647eb0d8
matched_evaluation,project_pool_scalability,Pareto Local Search,17,analytic_ref1p05_unclipped,1.0500000000,0,0.0080154816,0,0,0,40,2a366127987fe44394f8a15eae8254d23b3e286d6067a457742f251c647eb0d8
matched_evaluation,project_pool_scalability,Pareto Local Search,17,analytic_ref1p1_unclipped,1.1000000000,0,0.0229158355,0,0,0,40,2a366127987fe44394f8a15eae8254d23b3e286d6067a457742f251c647eb0d8
matched_evaluation,project_pool_scalability,Pareto Local Search,17,analytic_ref1p2_unclipped,1.2000000000,0,0.0826856991,0,0,0,40,2a366127987fe44394f8a15eae8254d23b3e286d6067a457742f251c647eb0d8
matched_evaluation,project_pool_scalability,BiLo-NSGA,17,reported_empirical_ref1p1_clipped,1.1000000000,1,0.1835446407,1,0,1,39,b761b32ee95147c269d18892b5a7dd012cc8dcb8d6a44d0368384aa649314fd3
matched_evaluation,project_pool_scalability,BiLo-NSGA,17,reported_empirical_ref1p1_unclipped,1.1000000000,0,0.1877274667,1,0,1,39,b761b32ee95147c269d18892b5a7dd012cc8dcb8d6a44d0368384aa649314fd3
matched_evaluation,project_pool_scalability,BiLo-NSGA,17,expanded_empirical_ref1p1_unclipped,1.1000000000,0,0.2285967972,0,0,0,39,b761b32ee95147c269d18892b5a7dd012cc8dcb8d6a44d0368384aa649314fd3
matched_evaluation,project_pool_scalability,BiLo-NSGA,17,analytic_ref1p05_unclipped,1.0500000000,0,0.0087774224,0,0,0,39,b761b32ee95147c269d18892b5a7dd012cc8dcb8d6a44d0368384aa649314fd3
matched_evaluation,project_pool_scalability,BiLo-NSGA,17,analytic_ref1p1_unclipped,1.1000000000,0,0.0248213782,0,0,0,39,b761b32ee95147c269d18892b5a7dd012cc8dcb8d6a44d0368384aa649314fd3
matched_evaluation,project_pool_scalability,BiLo-NSGA,17,analytic_ref1p2_unclipped,1.2000000000,0,0.0881896080,0,0,0,39,b761b32ee95147c269d18892b5a7dd012cc8dcb8d6a44d0368384aa649314fd3
matched_evaluation,project_pool_scalability,NSGA-II,17,reported_empirical_ref1p1_clipped,1.1000000000,1,0.1785135736,8,0,8,39,56c343fc272ad8fb69c99809625b25a1168b1ba226cd9228836e1d581af9a890
matched_evaluation,project_pool_scalability,NSGA-II,17,reported_empirical_ref1p1_unclipped,1.1000000000,0,0.2538579261,8,0,8,39,56c343fc272ad8fb69c99809625b25a1168b1ba226cd9228836e1d581af9a890
matched_evaluation,project_pool_scalability,NSGA-II,17,expanded_empirical_ref1p1_unclipped,1.1000000000,0,0.2984408975,5,0,5,39,56c343fc272ad8fb69c99809625b25a1168b1ba226cd9228836e1d581af9a890
matched_evaluation,project_pool_scalability,NSGA-II,17,analytic_ref1p05_unclipped,1.0500000000,0,0.0099127245,0,0,0,39,56c343fc272ad8fb69c99809625b25a1168b1ba226cd9228836e1d581af9a890
matched_evaluation,project_pool_scalability,NSGA-II,17,analytic_ref1p1_unclipped,1.1000000000,0,0.0274750486,0,0,0,39,56c343fc272ad8fb69c99809625b25a1168b1ba226cd9228836e1d581af9a890
matched_evaluation,project_pool_scalability,NSGA-II,17,analytic_ref1p2_unclipped,1.2000000000,0,0.0951561898,0,0,0,39,56c343fc272ad8fb69c99809625b25a1168b1ba226cd9228836e1d581af9a890
matched_evaluation,project_pool_scalability,BiLo-NSGA,18,reported_empirical_ref1p1_clipped,1.1000000000,1,0.1746236346,0,0,0,39,8e76d6014296f03bb9b354abdfe6eef859a5d0009cc794731f9764b2e4f4eecc
matched_evaluation,project_pool_scalability,BiLo-NSGA,18,reported_empirical_ref1p1_unclipped,1.1000000000,0,0.1746236346,0,0,0,39,8e76d6014296f03bb9b354abdfe6eef859a5d0009cc794731f9764b2e4f4eecc
matched_evaluation,project_pool_scalability,BiLo-NSGA,18,expanded_empirical_ref1p1_unclipped,1.1000000000,0,0.2150380464,0,0,0,39,8e76d6014296f03bb9b354abdfe6eef859a5d0009cc794731f9764b2e4f4eecc
matched_evaluation,project_pool_scalability,BiLo-NSGA,18,analytic_ref1p05_unclipped,1.0500000000,0,0.0079248265,0,0,0,39,8e76d6014296f03bb9b354abdfe6eef859a5d0009cc794731f9764b2e4f4eecc
matched_evaluation,project_pool_scalability,BiLo-NSGA,18,analytic_ref1p1_unclipped,1.1000000000,0,0.0230227341,0,0,0,39,8e76d6014296f03bb9b354abdfe6eef859a5d0009cc794731f9764b2e4f4eecc
matched_evaluation,project_pool_scalability,BiLo-NSGA,18,analytic_ref1p2_unclipped,1.2000000000,0,0.0837705245,0,0,0,39,8e76d6014296f03bb9b354abdfe6eef859a5d0009cc794731f9764b2e4f4eecc
matched_evaluation,project_pool_scalability,NSGA-II,18,reported_empirical_ref1p1_clipped,1.1000000000,1,0.1771817347,8,0,8,38,8d396c6d2c0670120e21277bf5065ff7d91565d5dedfec6c7bf0fdb8bdac6915
matched_evaluation,project_pool_scalability,NSGA-II,18,reported_empirical_ref1p1_unclipped,1.1000000000,0,0.2223910462,8,0,8,38,8d396c6d2c0670120e21277bf5065ff7d91565d5dedfec6c7bf0fdb8bdac6915
matched_evaluation,project_pool_scalability,NSGA-II,18,expanded_empirical_ref1p1_unclipped,1.1000000000,0,0.2666070984,2,0,2,38,8d396c6d2c0670120e21277bf5065ff7d91565d5dedfec6c7bf0fdb8bdac6915
matched_evaluation,project_pool_scalability,NSGA-II,18,analytic_ref1p05_unclipped,1.0500000000,0,0.0098553043,0,0,0,38,8d396c6d2c0670120e21277bf5065ff7d91565d5dedfec6c7bf0fdb8bdac6915
matched_evaluation,project_pool_scalability,NSGA-II,18,analytic_ref1p1_unclipped,1.1000000000,0,0.0273063274,0,0,0,38,8d396c6d2c0670120e21277bf5065ff7d91565d5dedfec6c7bf0fdb8bdac6915
matched_evaluation,project_pool_scalability,NSGA-II,18,analytic_ref1p2_unclipped,1.2000000000,0,0.0943908618,0,0,0,38,8d396c6d2c0670120e21277bf5065ff7d91565d5dedfec6c7bf0fdb8bdac6915
matched_evaluation,project_pool_scalability,Pareto Local Search,18,reported_empirical_ref1p1_clipped,1.1000000000,1,0.1215002394,0,0,0,40,81343aa81c734bb976b9b3b5199e44b67362f16c974590c6bb5134e82c180c5b
matched_evaluation,project_pool_scalability,Pareto Local Search,18,reported_empirical_ref1p1_unclipped,1.1000000000,0,0.1215002394,0,0,0,40,81343aa81c734bb976b9b3b5199e44b67362f16c974590c6bb5134e82c180c5b
matched_evaluation,project_pool_scalability,Pareto Local Search,18,expanded_empirical_ref1p1_unclipped,1.1000000000,0,0.1639204754,0,0,0,40,81343aa81c734bb976b9b3b5199e44b67362f16c974590c6bb5134e82c180c5b
matched_evaluation,project_pool_scalability,Pareto Local Search,18,analytic_ref1p05_unclipped,1.0500000000,0,0.0069474106,0,0,0,40,81343aa81c734bb976b9b3b5199e44b67362f16c974590c6bb5134e82c180c5b
matched_evaluation,project_pool_scalability,Pareto Local Search,18,analytic_ref1p1_unclipped,1.1000000000,0,0.0205635348,0,0,0,40,81343aa81c734bb976b9b3b5199e44b67362f16c974590c6bb5134e82c180c5b
matched_evaluation,project_pool_scalability,Pareto Local Search,18,analytic_ref1p2_unclipped,1.2000000000,0,0.0768633811,0,0,0,40,81343aa81c734bb976b9b3b5199e44b67362f16c974590c6bb5134e82c180c5b
matched_evaluation,project_pool_scalability,NSGA-II,19,reported_empirical_ref1p1_clipped,1.1000000000,1,0.1792734938,6,0,6,39,7289dd016323e9fd906ea7f105545aed32cb460d5d26df13c3107eefb370f438
matched_evaluation,project_pool_scalability,NSGA-II,19,reported_empirical_ref1p1_unclipped,1.1000000000,0,0.2321540830,6,0,6,39,7289dd016323e9fd906ea7f105545aed32cb460d5d26df13c3107eefb370f438
matched_evaluation,project_pool_scalability,NSGA-II,19,expanded_empirical_ref1p1_unclipped,1.1000000000,0,0.2757578772,2,0,2,39,7289dd016323e9fd906ea7f105545aed32cb460d5d26df13c3107eefb370f438
matched_evaluation,project_pool_scalability,NSGA-II,19,analytic_ref1p05_unclipped,1.0500000000,0,0.0099812404,0,0,0,39,7289dd016323e9fd906ea7f105545aed32cb460d5d26df13c3107eefb370f438
matched_evaluation,project_pool_scalability,NSGA-II,19,analytic_ref1p1_unclipped,1.1000000000,0,0.0272471314,0,0,0,39,7289dd016323e9fd906ea7f105545aed32cb460d5d26df13c3107eefb370f438
matched_evaluation,project_pool_scalability,NSGA-II,19,analytic_ref1p2_unclipped,1.2000000000,0,0.0929980024,0,0,0,39,7289dd016323e9fd906ea7f105545aed32cb460d5d26df13c3107eefb370f438
matched_evaluation,project_pool_scalability,Pareto Local Search,19,reported_empirical_ref1p1_clipped,1.1000000000,1,0.1553735122,0,0,0,40,4b6b099cd1771274e58c98ee0ad858fbf39016205a4a85c5b27964aee8f5fbe8
matched_evaluation,project_pool_scalability,Pareto Local Search,19,reported_empirical_ref1p1_unclipped,1.1000000000,0,0.1553735122,0,0,0,40,4b6b099cd1771274e58c98ee0ad858fbf39016205a4a85c5b27964aee8f5fbe8
matched_evaluation,project_pool_scalability,Pareto Local Search,19,expanded_empirical_ref1p1_unclipped,1.1000000000,0,0.1970320737,0,0,0,40,4b6b099cd1771274e58c98ee0ad858fbf39016205a4a85c5b27964aee8f5fbe8
matched_evaluation,project_pool_scalability,Pareto Local Search,19,analytic_ref1p05_unclipped,1.0500000000,0,0.0083309635,0,0,0,40,4b6b099cd1771274e58c98ee0ad858fbf39016205a4a85c5b27964aee8f5fbe8
matched_evaluation,project_pool_scalability,Pareto Local Search,19,analytic_ref1p1_unclipped,1.1000000000,0,0.0234977604,0,0,0,40,4b6b099cd1771274e58c98ee0ad858fbf39016205a4a85c5b27964aee8f5fbe8
matched_evaluation,project_pool_scalability,Pareto Local Search,19,analytic_ref1p2_unclipped,1.2000000000,0,0.0840806489,0,0,0,40,4b6b099cd1771274e58c98ee0ad858fbf39016205a4a85c5b27964aee8f5fbe8
matched_evaluation,project_pool_scalability,BiLo-NSGA,19,reported_empirical_ref1p1_clipped,1.1000000000,1,0.1807847294,0,0,0,38,37a885b01c56fc1fe94e89ebad22a40463fce36abd07f40b6524e4c9df80410b
matched_evaluation,project_pool_scalability,BiLo-NSGA,19,reported_empirical_ref1p1_unclipped,1.1000000000,0,0.1807847294,0,0,0,38,37a885b01c56fc1fe94e89ebad22a40463fce36abd07f40b6524e4c9df80410b
matched_evaluation,project_pool_scalability,BiLo-NSGA,19,expanded_empirical_ref1p1_unclipped,1.1000000000,0,0.2205278434,0,0,0,38,37a885b01c56fc1fe94e89ebad22a40463fce36abd07f40b6524e4c9df80410b
matched_evaluation,project_pool_scalability,BiLo-NSGA,19,analytic_ref1p05_unclipped,1.0500000000,0,0.0086424787,0,0,0,38,37a885b01c56fc1fe94e89ebad22a40463fce36abd07f40b6524e4c9df80410b
matched_evaluation,project_pool_scalability,BiLo-NSGA,19,analytic_ref1p1_unclipped,1.1000000000,0,0.0243948041,0,0,0,38,37a885b01c56fc1fe94e89ebad22a40463fce36abd07f40b6524e4c9df80410b
matched_evaluation,project_pool_scalability,BiLo-NSGA,19,analytic_ref1p2_unclipped,1.2000000000,0,0.0869411139,0,0,0,38,37a885b01c56fc1fe94e89ebad22a40463fce36abd07f40b6524e4c9df80410b
matched_evaluation,project_pool_scalability,Pareto Local Search,20,reported_empirical_ref1p1_clipped,1.1000000000,1,0.1030490503,0,0,0,40,a74e8627548ed946d24b5196e8e01d4cf307ff367a6b8e215cf0c829acd2286a
matched_evaluation,project_pool_scalability,Pareto Local Search,20,reported_empirical_ref1p1_unclipped,1.1000000000,0,0.1030490503,0,0,0,40,a74e8627548ed946d24b5196e8e01d4cf307ff367a6b8e215cf0c829acd2286a
matched_evaluation,project_pool_scalability,Pareto Local Search,20,expanded_empirical_ref1p1_unclipped,1.1000000000,0,0.1456783336,0,0,0,40,a74e8627548ed946d24b5196e8e01d4cf307ff367a6b8e215cf0c829acd2286a
matched_evaluation,project_pool_scalability,Pareto Local Search,20,analytic_ref1p05_unclipped,1.0500000000,0,0.0064624789,0,0,0,40,a74e8627548ed946d24b5196e8e01d4cf307ff367a6b8e215cf0c829acd2286a
matched_evaluation,project_pool_scalability,Pareto Local Search,20,analytic_ref1p1_unclipped,1.1000000000,0,0.0194787894,0,0,0,40,a74e8627548ed946d24b5196e8e01d4cf307ff367a6b8e215cf0c829acd2286a
matched_evaluation,project_pool_scalability,Pareto Local Search,20,analytic_ref1p2_unclipped,1.2000000000,0,0.0739075503,0,0,0,40,a74e8627548ed946d24b5196e8e01d4cf307ff367a6b8e215cf0c829acd2286a
matched_evaluation,project_pool_scalability,BiLo-NSGA,20,reported_empirical_ref1p1_clipped,1.1000000000,1,0.1808866862,0,0,0,39,3d4bdb0ed242cb80e728e03c0c85bb930c1da101523215110ce0f6067835ac7a
matched_evaluation,project_pool_scalability,BiLo-NSGA,20,reported_empirical_ref1p1_unclipped,1.1000000000,0,0.1808866862,0,0,0,39,3d4bdb0ed242cb80e728e03c0c85bb930c1da101523215110ce0f6067835ac7a
matched_evaluation,project_pool_scalability,BiLo-NSGA,20,expanded_empirical_ref1p1_unclipped,1.1000000000,0,0.2209074686,0,0,0,39,3d4bdb0ed242cb80e728e03c0c85bb930c1da101523215110ce0f6067835ac7a
matched_evaluation,project_pool_scalability,BiLo-NSGA,20,analytic_ref1p05_unclipped,1.0500000000,0,0.0088976289,0,0,0,39,3d4bdb0ed242cb80e728e03c0c85bb930c1da101523215110ce0f6067835ac7a
matched_evaluation,project_pool_scalability,BiLo-NSGA,20,analytic_ref1p1_unclipped,1.1000000000,0,0.0248952438,0,0,0,39,3d4bdb0ed242cb80e728e03c0c85bb930c1da101523215110ce0f6067835ac7a
matched_evaluation,project_pool_scalability,BiLo-NSGA,20,analytic_ref1p2_unclipped,1.2000000000,0,0.0878642660,0,0,0,39,3d4bdb0ed242cb80e728e03c0c85bb930c1da101523215110ce0f6067835ac7a
matched_evaluation,project_pool_scalability,NSGA-II,20,reported_empirical_ref1p1_clipped,1.1000000000,1,0.1761123422,7,0,7,39,34c2d66dfc546379ef99ba36a79845298284f25ef68ba40ab2b9a02ac5069414
matched_evaluation,project_pool_scalability,NSGA-II,20,reported_empirical_ref1p1_unclipped,1.1000000000,0,0.2335971522,7,0,7,39,34c2d66dfc546379ef99ba36a79845298284f25ef68ba40ab2b9a02ac5069414
matched_evaluation,project_pool_scalability,NSGA-II,20,expanded_empirical_ref1p1_unclipped,1.1000000000,0,0.2796853963,4,0,4,39,34c2d66dfc546379ef99ba36a79845298284f25ef68ba40ab2b9a02ac5069414
matched_evaluation,project_pool_scalability,NSGA-II,20,analytic_ref1p05_unclipped,1.0500000000,0,0.0094143086,0,0,0,39,34c2d66dfc546379ef99ba36a79845298284f25ef68ba40ab2b9a02ac5069414
matched_evaluation,project_pool_scalability,NSGA-II,20,analytic_ref1p1_unclipped,1.1000000000,0,0.0263224582,0,0,0,39,34c2d66dfc546379ef99ba36a79845298284f25ef68ba40ab2b9a02ac5069414
matched_evaluation,project_pool_scalability,NSGA-II,20,analytic_ref1p2_unclipped,1.2000000000,0,0.0918353860,0,0,0,39,34c2d66dfc546379ef99ba36a79845298284f25ef68ba40ab2b9a02ac5069414
matched_evaluation,project_pool_scalability,BiLo-NSGA,21,reported_empirical_ref1p1_clipped,1.1000000000,1,0.1830080871,1,0,1,38,d4f19ea2db7f282286fbed7c291cfed0f397873381d36b9bba2cf4530167912b
matched_evaluation,project_pool_scalability,BiLo-NSGA,21,reported_empirical_ref1p1_unclipped,1.1000000000,0,0.1864993334,1,0,1,38,d4f19ea2db7f282286fbed7c291cfed0f397873381d36b9bba2cf4530167912b
matched_evaluation,project_pool_scalability,BiLo-NSGA,21,expanded_empirical_ref1p1_unclipped,1.1000000000,0,0.2272695606,0,0,0,38,d4f19ea2db7f282286fbed7c291cfed0f397873381d36b9bba2cf4530167912b
matched_evaluation,project_pool_scalability,BiLo-NSGA,21,analytic_ref1p05_unclipped,1.0500000000,0,0.0087400754,0,0,0,38,d4f19ea2db7f282286fbed7c291cfed0f397873381d36b9bba2cf4530167912b
matched_evaluation,project_pool_scalability,BiLo-NSGA,21,analytic_ref1p1_unclipped,1.1000000000,0,0.0247098495,0,0,0,38,d4f19ea2db7f282286fbed7c291cfed0f397873381d36b9bba2cf4530167912b
matched_evaluation,project_pool_scalability,BiLo-NSGA,21,analytic_ref1p2_unclipped,1.2000000000,0,0.0878750097,0,0,0,38,d4f19ea2db7f282286fbed7c291cfed0f397873381d36b9bba2cf4530167912b
matched_evaluation,project_pool_scalability,NSGA-II,21,reported_empirical_ref1p1_clipped,1.1000000000,1,0.1780755353,7,0,7,39,3bb9e545f1881b99ad3dced0e702978400385a53f1de713e76eb5c8ae1c10568
matched_evaluation,project_pool_scalability,NSGA-II,21,reported_empirical_ref1p1_unclipped,1.1000000000,0,0.2330970898,7,0,7,39,3bb9e545f1881b99ad3dced0e702978400385a53f1de713e76eb5c8ae1c10568
matched_evaluation,project_pool_scalability,NSGA-II,21,expanded_empirical_ref1p1_unclipped,1.1000000000,0,0.2773155551,3,0,3,39,3bb9e545f1881b99ad3dced0e702978400385a53f1de713e76eb5c8ae1c10568
matched_evaluation,project_pool_scalability,NSGA-II,21,analytic_ref1p05_unclipped,1.0500000000,0,0.0105208950,0,0,0,39,3bb9e545f1881b99ad3dced0e702978400385a53f1de713e76eb5c8ae1c10568
matched_evaluation,project_pool_scalability,NSGA-II,21,analytic_ref1p1_unclipped,1.1000000000,0,0.0288245135,0,0,0,39,3bb9e545f1881b99ad3dced0e702978400385a53f1de713e76eb5c8ae1c10568
matched_evaluation,project_pool_scalability,NSGA-II,21,analytic_ref1p2_unclipped,1.2000000000,0,0.0983142021,0,0,0,39,3bb9e545f1881b99ad3dced0e702978400385a53f1de713e76eb5c8ae1c10568
matched_evaluation,project_pool_scalability,Pareto Local Search,21,reported_empirical_ref1p1_clipped,1.1000000000,1,0.1106951619,0,0,0,40,e5d71485d7e4f3f9e934e7aaf59f8e440cf0dcea521cfb5828bf451eca89ebb0
matched_evaluation,project_pool_scalability,Pareto Local Search,21,reported_empirical_ref1p1_unclipped,1.1000000000,0,0.1106951619,0,0,0,40,e5d71485d7e4f3f9e934e7aaf59f8e440cf0dcea521cfb5828bf451eca89ebb0
matched_evaluation,project_pool_scalability,Pareto Local Search,21,expanded_empirical_ref1p1_unclipped,1.1000000000,0,0.1542392962,0,0,0,40,e5d71485d7e4f3f9e934e7aaf59f8e440cf0dcea521cfb5828bf451eca89ebb0
matched_evaluation,project_pool_scalability,Pareto Local Search,21,analytic_ref1p05_unclipped,1.0500000000,0,0.0071309240,0,0,0,40,e5d71485d7e4f3f9e934e7aaf59f8e440cf0dcea521cfb5828bf451eca89ebb0
matched_evaluation,project_pool_scalability,Pareto Local Search,21,analytic_ref1p1_unclipped,1.1000000000,0,0.0209658640,0,0,0,40,e5d71485d7e4f3f9e934e7aaf59f8e440cf0dcea521cfb5828bf451eca89ebb0
matched_evaluation,project_pool_scalability,Pareto Local Search,21,analytic_ref1p2_unclipped,1.2000000000,0,0.0775837721,0,0,0,40,e5d71485d7e4f3f9e934e7aaf59f8e440cf0dcea521cfb5828bf451eca89ebb0
matched_evaluation,project_pool_scalability,NSGA-II,22,reported_empirical_ref1p1_clipped,1.1000000000,1,0.1765456396,8,0,8,39,3c8b27d5cf21a32294977d6b411238fe08d606f568231342ed0c84e135674108
matched_evaluation,project_pool_scalability,NSGA-II,22,reported_empirical_ref1p1_unclipped,1.1000000000,0,0.2255544232,8,0,8,39,3c8b27d5cf21a32294977d6b411238fe08d606f568231342ed0c84e135674108
matched_evaluation,project_pool_scalability,NSGA-II,22,expanded_empirical_ref1p1_unclipped,1.1000000000,0,0.2710978680,2,0,2,39,3c8b27d5cf21a32294977d6b411238fe08d606f568231342ed0c84e135674108
matched_evaluation,project_pool_scalability,NSGA-II,22,analytic_ref1p05_unclipped,1.0500000000,0,0.0099643409,0,0,0,39,3c8b27d5cf21a32294977d6b411238fe08d606f568231342ed0c84e135674108
matched_evaluation,project_pool_scalability,NSGA-II,22,analytic_ref1p1_unclipped,1.1000000000,0,0.0273783848,0,0,0,39,3c8b27d5cf21a32294977d6b411238fe08d606f568231342ed0c84e135674108
matched_evaluation,project_pool_scalability,NSGA-II,22,analytic_ref1p2_unclipped,1.2000000000,0,0.0939190986,0,0,0,39,3c8b27d5cf21a32294977d6b411238fe08d606f568231342ed0c84e135674108
matched_evaluation,project_pool_scalability,Pareto Local Search,22,reported_empirical_ref1p1_clipped,1.1000000000,1,0.1330654463,0,0,0,40,c06101acdcdad15f8acd03ed6e6be13da30be38c9b7717f9a3ad6fb625d9e601
matched_evaluation,project_pool_scalability,Pareto Local Search,22,reported_empirical_ref1p1_unclipped,1.1000000000,0,0.1330654463,0,0,0,40,c06101acdcdad15f8acd03ed6e6be13da30be38c9b7717f9a3ad6fb625d9e601
matched_evaluation,project_pool_scalability,Pareto Local Search,22,expanded_empirical_ref1p1_unclipped,1.1000000000,0,0.1755521246,0,0,0,40,c06101acdcdad15f8acd03ed6e6be13da30be38c9b7717f9a3ad6fb625d9e601
matched_evaluation,project_pool_scalability,Pareto Local Search,22,analytic_ref1p05_unclipped,1.0500000000,0,0.0078978888,0,0,0,40,c06101acdcdad15f8acd03ed6e6be13da30be38c9b7717f9a3ad6fb625d9e601
matched_evaluation,project_pool_scalability,Pareto Local Search,22,analytic_ref1p1_unclipped,1.1000000000,0,0.0226105736,0,0,0,40,c06101acdcdad15f8acd03ed6e6be13da30be38c9b7717f9a3ad6fb625d9e601
matched_evaluation,project_pool_scalability,Pareto Local Search,22,analytic_ref1p2_unclipped,1.2000000000,0,0.0819014782,0,0,0,40,c06101acdcdad15f8acd03ed6e6be13da30be38c9b7717f9a3ad6fb625d9e601
matched_evaluation,project_pool_scalability,BiLo-NSGA,22,reported_empirical_ref1p1_clipped,1.1000000000,1,0.1487686914,0,0,0,38,f72a663387c38ca4fd20284e396fe1eb1b64d1d4df8f64dbf463f7571729bd26
matched_evaluation,project_pool_scalability,BiLo-NSGA,22,reported_empirical_ref1p1_unclipped,1.1000000000,0,0.1487686914,0,0,0,38,f72a663387c38ca4fd20284e396fe1eb1b64d1d4df8f64dbf463f7571729bd26
matched_evaluation,project_pool_scalability,BiLo-NSGA,22,expanded_empirical_ref1p1_unclipped,1.1000000000,0,0.1903280365,0,0,0,38,f72a663387c38ca4fd20284e396fe1eb1b64d1d4df8f64dbf463f7571729bd26
matched_evaluation,project_pool_scalability,BiLo-NSGA,22,analytic_ref1p05_unclipped,1.0500000000,0,0.0077873949,0,0,0,38,f72a663387c38ca4fd20284e396fe1eb1b64d1d4df8f64dbf463f7571729bd26
matched_evaluation,project_pool_scalability,BiLo-NSGA,22,analytic_ref1p1_unclipped,1.1000000000,0,0.0223133259,0,0,0,38,f72a663387c38ca4fd20284e396fe1eb1b64d1d4df8f64dbf463f7571729bd26
matched_evaluation,project_pool_scalability,BiLo-NSGA,22,analytic_ref1p2_unclipped,1.2000000000,0,0.0806589288,0,0,0,38,f72a663387c38ca4fd20284e396fe1eb1b64d1d4df8f64dbf463f7571729bd26
matched_evaluation,project_pool_scalability,Pareto Local Search,23,reported_empirical_ref1p1_clipped,1.1000000000,1,0.1226569107,0,0,0,40,828c85d501b0c4f99977d93955036df253f054fccc9f6720a3114c7b38bd6e6e
matched_evaluation,project_pool_scalability,Pareto Local Search,23,reported_empirical_ref1p1_unclipped,1.1000000000,0,0.1226569107,0,0,0,40,828c85d501b0c4f99977d93955036df253f054fccc9f6720a3114c7b38bd6e6e
matched_evaluation,project_pool_scalability,Pareto Local Search,23,expanded_empirical_ref1p1_unclipped,1.1000000000,0,0.1639323472,0,0,0,40,828c85d501b0c4f99977d93955036df253f054fccc9f6720a3114c7b38bd6e6e
matched_evaluation,project_pool_scalability,Pareto Local Search,23,analytic_ref1p05_unclipped,1.0500000000,0,0.0069163842,0,0,0,40,828c85d501b0c4f99977d93955036df253f054fccc9f6720a3114c7b38bd6e6e
matched_evaluation,project_pool_scalability,Pareto Local Search,23,analytic_ref1p1_unclipped,1.1000000000,0,0.0203950511,0,0,0,40,828c85d501b0c4f99977d93955036df253f054fccc9f6720a3114c7b38bd6e6e
matched_evaluation,project_pool_scalability,Pareto Local Search,23,analytic_ref1p2_unclipped,1.2000000000,0,0.0760125181,0,0,0,40,828c85d501b0c4f99977d93955036df253f054fccc9f6720a3114c7b38bd6e6e
matched_evaluation,project_pool_scalability,BiLo-NSGA,23,reported_empirical_ref1p1_clipped,1.1000000000,1,0.1818552092,0,0,0,38,bb3d5c0435cdaf21b919913324aca7212046cafb4329bded21e15050062ab9cc
matched_evaluation,project_pool_scalability,BiLo-NSGA,23,reported_empirical_ref1p1_unclipped,1.1000000000,0,0.1818552092,0,0,0,38,bb3d5c0435cdaf21b919913324aca7212046cafb4329bded21e15050062ab9cc
matched_evaluation,project_pool_scalability,BiLo-NSGA,23,expanded_empirical_ref1p1_unclipped,1.1000000000,0,0.2223083218,0,0,0,38,bb3d5c0435cdaf21b919913324aca7212046cafb4329bded21e15050062ab9cc
matched_evaluation,project_pool_scalability,BiLo-NSGA,23,analytic_ref1p05_unclipped,1.0500000000,0,0.0087208989,0,0,0,38,bb3d5c0435cdaf21b919913324aca7212046cafb4329bded21e15050062ab9cc
matched_evaluation,project_pool_scalability,BiLo-NSGA,23,analytic_ref1p1_unclipped,1.1000000000,0,0.0244452138,0,0,0,38,bb3d5c0435cdaf21b919913324aca7212046cafb4329bded21e15050062ab9cc
matched_evaluation,project_pool_scalability,BiLo-NSGA,23,analytic_ref1p2_unclipped,1.2000000000,0,0.0865693926,0,0,0,38,bb3d5c0435cdaf21b919913324aca7212046cafb4329bded21e15050062ab9cc
matched_evaluation,project_pool_scalability,NSGA-II,23,reported_empirical_ref1p1_clipped,1.1000000000,1,0.1774462765,7,0,7,38,a48aaaa0f57ea588b8bb352c5929a8b43164d78fc43508990e1a7670ab9348af
matched_evaluation,project_pool_scalability,NSGA-II,23,reported_empirical_ref1p1_unclipped,1.1000000000,0,0.2431090617,7,0,7,38,a48aaaa0f57ea588b8bb352c5929a8b43164d78fc43508990e1a7670ab9348af
matched_evaluation,project_pool_scalability,NSGA-II,23,expanded_empirical_ref1p1_unclipped,1.1000000000,0,0.2876760641,3,0,3,38,a48aaaa0f57ea588b8bb352c5929a8b43164d78fc43508990e1a7670ab9348af
matched_evaluation,project_pool_scalability,NSGA-II,23,analytic_ref1p05_unclipped,1.0500000000,0,0.0100492501,0,0,0,38,a48aaaa0f57ea588b8bb352c5929a8b43164d78fc43508990e1a7670ab9348af
matched_evaluation,project_pool_scalability,NSGA-II,23,analytic_ref1p1_unclipped,1.1000000000,0,0.0279051040,0,0,0,38,a48aaaa0f57ea588b8bb352c5929a8b43164d78fc43508990e1a7670ab9348af
matched_evaluation,project_pool_scalability,NSGA-II,23,analytic_ref1p2_unclipped,1.2000000000,0,0.0964613922,0,0,0,38,a48aaaa0f57ea588b8bb352c5929a8b43164d78fc43508990e1a7670ab9348af
matched_evaluation,project_pool_scalability,BiLo-NSGA,24,reported_empirical_ref1p1_clipped,1.1000000000,1,0.1689457367,0,0,0,39,91ad91105d78f57d24784eedd61cdc110c932842d3c12ecc2c3f625ff5f9b612
matched_evaluation,project_pool_scalability,BiLo-NSGA,24,reported_empirical_ref1p1_unclipped,1.1000000000,0,0.1689457367,0,0,0,39,91ad91105d78f57d24784eedd61cdc110c932842d3c12ecc2c3f625ff5f9b612
matched_evaluation,project_pool_scalability,BiLo-NSGA,24,expanded_empirical_ref1p1_unclipped,1.1000000000,0,0.2092484720,0,0,0,39,91ad91105d78f57d24784eedd61cdc110c932842d3c12ecc2c3f625ff5f9b612
matched_evaluation,project_pool_scalability,BiLo-NSGA,24,analytic_ref1p05_unclipped,1.0500000000,0,0.0086625050,0,0,0,39,91ad91105d78f57d24784eedd61cdc110c932842d3c12ecc2c3f625ff5f9b612
matched_evaluation,project_pool_scalability,BiLo-NSGA,24,analytic_ref1p1_unclipped,1.1000000000,0,0.0245011649,0,0,0,39,91ad91105d78f57d24784eedd61cdc110c932842d3c12ecc2c3f625ff5f9b612
matched_evaluation,project_pool_scalability,BiLo-NSGA,24,analytic_ref1p2_unclipped,1.2000000000,0,0.0869649661,0,0,0,39,91ad91105d78f57d24784eedd61cdc110c932842d3c12ecc2c3f625ff5f9b612
matched_evaluation,project_pool_scalability,NSGA-II,24,reported_empirical_ref1p1_clipped,1.1000000000,1,0.1787576761,5,0,5,39,dbfe9ed336b84727f373eac361d946fb7aeaac6b0e0d91cb3536ebe654d64246
matched_evaluation,project_pool_scalability,NSGA-II,24,reported_empirical_ref1p1_unclipped,1.1000000000,0,0.2185055258,5,0,5,39,dbfe9ed336b84727f373eac361d946fb7aeaac6b0e0d91cb3536ebe654d64246
matched_evaluation,project_pool_scalability,NSGA-II,24,expanded_empirical_ref1p1_unclipped,1.1000000000,0,0.2628130440,1,0,1,39,dbfe9ed336b84727f373eac361d946fb7aeaac6b0e0d91cb3536ebe654d64246
matched_evaluation,project_pool_scalability,NSGA-II,24,analytic_ref1p05_unclipped,1.0500000000,0,0.0102217541,0,0,0,39,dbfe9ed336b84727f373eac361d946fb7aeaac6b0e0d91cb3536ebe654d64246
matched_evaluation,project_pool_scalability,NSGA-II,24,analytic_ref1p1_unclipped,1.1000000000,0,0.0281181980,0,0,0,39,dbfe9ed336b84727f373eac361d946fb7aeaac6b0e0d91cb3536ebe654d64246
matched_evaluation,project_pool_scalability,NSGA-II,24,analytic_ref1p2_unclipped,1.2000000000,0,0.0962024159,0,0,0,39,dbfe9ed336b84727f373eac361d946fb7aeaac6b0e0d91cb3536ebe654d64246
matched_evaluation,project_pool_scalability,Pareto Local Search,24,reported_empirical_ref1p1_clipped,1.1000000000,1,0.1339081243,0,0,0,40,f16d7500319471cceacdec023cddd50eb6f299e23d86d2d5e74ddc4acd1ba6c3
matched_evaluation,project_pool_scalability,Pareto Local Search,24,reported_empirical_ref1p1_unclipped,1.1000000000,0,0.1339081243,0,0,0,40,f16d7500319471cceacdec023cddd50eb6f299e23d86d2d5e74ddc4acd1ba6c3
matched_evaluation,project_pool_scalability,Pareto Local Search,24,expanded_empirical_ref1p1_unclipped,1.1000000000,0,0.1764201945,0,0,0,40,f16d7500319471cceacdec023cddd50eb6f299e23d86d2d5e74ddc4acd1ba6c3
matched_evaluation,project_pool_scalability,Pareto Local Search,24,analytic_ref1p05_unclipped,1.0500000000,0,0.0079482466,0,0,0,40,f16d7500319471cceacdec023cddd50eb6f299e23d86d2d5e74ddc4acd1ba6c3
matched_evaluation,project_pool_scalability,Pareto Local Search,24,analytic_ref1p1_unclipped,1.1000000000,0,0.0227350625,0,0,0,40,f16d7500319471cceacdec023cddd50eb6f299e23d86d2d5e74ddc4acd1ba6c3
matched_evaluation,project_pool_scalability,Pareto Local Search,24,analytic_ref1p2_unclipped,1.2000000000,0,0.0821389732,0,0,0,40,f16d7500319471cceacdec023cddd50eb6f299e23d86d2d5e74ddc4acd1ba6c3
matched_evaluation,project_pool_scalability,NSGA-II,25,reported_empirical_ref1p1_clipped,1.1000000000,1,0.1776312126,7,0,7,39,ff403afb5b60673d690bd541fd83dd2f644f52fb27bb091e034fef45f6755bbe
matched_evaluation,project_pool_scalability,NSGA-II,25,reported_empirical_ref1p1_unclipped,1.1000000000,0,0.2319714414,7,0,7,39,ff403afb5b60673d690bd541fd83dd2f644f52fb27bb091e034fef45f6755bbe
matched_evaluation,project_pool_scalability,NSGA-II,25,expanded_empirical_ref1p1_unclipped,1.1000000000,0,0.2760226669,3,0,3,39,ff403afb5b60673d690bd541fd83dd2f644f52fb27bb091e034fef45f6755bbe
matched_evaluation,project_pool_scalability,NSGA-II,25,analytic_ref1p05_unclipped,1.0500000000,0,0.0096680451,0,0,0,39,ff403afb5b60673d690bd541fd83dd2f644f52fb27bb091e034fef45f6755bbe
matched_evaluation,project_pool_scalability,NSGA-II,25,analytic_ref1p1_unclipped,1.1000000000,0,0.0270501081,0,0,0,39,ff403afb5b60673d690bd541fd83dd2f644f52fb27bb091e034fef45f6755bbe
matched_evaluation,project_pool_scalability,NSGA-II,25,analytic_ref1p2_unclipped,1.2000000000,0,0.0944719527,0,0,0,39,ff403afb5b60673d690bd541fd83dd2f644f52fb27bb091e034fef45f6755bbe
matched_evaluation,project_pool_scalability,Pareto Local Search,25,reported_empirical_ref1p1_clipped,1.1000000000,1,0.1162383762,0,0,0,40,740668d14624e0cc7b5a1f08a01224dff966dda7635aace071bcdd7daf418d0a
matched_evaluation,project_pool_scalability,Pareto Local Search,25,reported_empirical_ref1p1_unclipped,1.1000000000,0,0.1162383762,0,0,0,40,740668d14624e0cc7b5a1f08a01224dff966dda7635aace071bcdd7daf418d0a
matched_evaluation,project_pool_scalability,Pareto Local Search,25,expanded_empirical_ref1p1_unclipped,1.1000000000,0,0.1595185091,0,0,0,40,740668d14624e0cc7b5a1f08a01224dff966dda7635aace071bcdd7daf418d0a
matched_evaluation,project_pool_scalability,Pareto Local Search,25,analytic_ref1p05_unclipped,1.0500000000,0,0.0072463378,0,0,0,40,740668d14624e0cc7b5a1f08a01224dff966dda7635aace071bcdd7daf418d0a
matched_evaluation,project_pool_scalability,Pareto Local Search,25,analytic_ref1p1_unclipped,1.1000000000,0,0.0212329854,0,0,0,40,740668d14624e0cc7b5a1f08a01224dff966dda7635aace071bcdd7daf418d0a
matched_evaluation,project_pool_scalability,Pareto Local Search,25,analytic_ref1p2_unclipped,1.2000000000,0,0.0784223556,0,0,0,40,740668d14624e0cc7b5a1f08a01224dff966dda7635aace071bcdd7daf418d0a
matched_evaluation,project_pool_scalability,BiLo-NSGA,25,reported_empirical_ref1p1_clipped,1.1000000000,1,0.1824174264,0,0,0,38,18b414aa2dbc0f442110f730411cba763f8ca8632179c443e5dc4318db467938
matched_evaluation,project_pool_scalability,BiLo-NSGA,25,reported_empirical_ref1p1_unclipped,1.1000000000,0,0.1824174264,0,0,0,38,18b414aa2dbc0f442110f730411cba763f8ca8632179c443e5dc4318db467938
matched_evaluation,project_pool_scalability,BiLo-NSGA,25,expanded_empirical_ref1p1_unclipped,1.1000000000,0,0.2224411945,0,0,0,38,18b414aa2dbc0f442110f730411cba763f8ca8632179c443e5dc4318db467938
matched_evaluation,project_pool_scalability,BiLo-NSGA,25,analytic_ref1p05_unclipped,1.0500000000,0,0.0078352552,0,0,0,38,18b414aa2dbc0f442110f730411cba763f8ca8632179c443e5dc4318db467938
matched_evaluation,project_pool_scalability,BiLo-NSGA,25,analytic_ref1p1_unclipped,1.1000000000,0,0.0226474781,0,0,0,38,18b414aa2dbc0f442110f730411cba763f8ca8632179c443e5dc4318db467938
matched_evaluation,project_pool_scalability,BiLo-NSGA,25,analytic_ref1p2_unclipped,1.2000000000,0,0.0827087523,0,0,0,38,18b414aa2dbc0f442110f730411cba763f8ca8632179c443e5dc4318db467938
matched_evaluation,project_pool_scalability,Pareto Local Search,26,reported_empirical_ref1p1_clipped,1.1000000000,1,0.1337632344,0,0,0,40,ac38ab53979b566fc33aef78e221a7984bf73eabb66b1708a0530853d964efe0
matched_evaluation,project_pool_scalability,Pareto Local Search,26,reported_empirical_ref1p1_unclipped,1.1000000000,0,0.1337632344,0,0,0,40,ac38ab53979b566fc33aef78e221a7984bf73eabb66b1708a0530853d964efe0
matched_evaluation,project_pool_scalability,Pareto Local Search,26,expanded_empirical_ref1p1_unclipped,1.1000000000,0,0.1769739261,0,0,0,40,ac38ab53979b566fc33aef78e221a7984bf73eabb66b1708a0530853d964efe0
matched_evaluation,project_pool_scalability,Pareto Local Search,26,analytic_ref1p05_unclipped,1.0500000000,0,0.0079484322,0,0,0,40,ac38ab53979b566fc33aef78e221a7984bf73eabb66b1708a0530853d964efe0
matched_evaluation,project_pool_scalability,Pareto Local Search,26,analytic_ref1p1_unclipped,1.1000000000,0,0.0227137491,0,0,0,40,ac38ab53979b566fc33aef78e221a7984bf73eabb66b1708a0530853d964efe0
matched_evaluation,project_pool_scalability,Pareto Local Search,26,analytic_ref1p2_unclipped,1.2000000000,0,0.0820602923,0,0,0,40,ac38ab53979b566fc33aef78e221a7984bf73eabb66b1708a0530853d964efe0
matched_evaluation,project_pool_scalability,BiLo-NSGA,26,reported_empirical_ref1p1_clipped,1.1000000000,1,0.1797161239,0,0,0,39,41d5def09cedb39d298fe9a168d429287b7f3aa70555727b5ed73a6c5c0caeb1
matched_evaluation,project_pool_scalability,BiLo-NSGA,26,reported_empirical_ref1p1_unclipped,1.1000000000,0,0.1797161239,0,0,0,39,41d5def09cedb39d298fe9a168d429287b7f3aa70555727b5ed73a6c5c0caeb1
matched_evaluation,project_pool_scalability,BiLo-NSGA,26,expanded_empirical_ref1p1_unclipped,1.1000000000,0,0.2200053158,0,0,0,39,41d5def09cedb39d298fe9a168d429287b7f3aa70555727b5ed73a6c5c0caeb1
matched_evaluation,project_pool_scalability,BiLo-NSGA,26,analytic_ref1p05_unclipped,1.0500000000,0,0.0082627131,0,0,0,39,41d5def09cedb39d298fe9a168d429287b7f3aa70555727b5ed73a6c5c0caeb1
matched_evaluation,project_pool_scalability,BiLo-NSGA,26,analytic_ref1p1_unclipped,1.1000000000,0,0.0231301267,0,0,0,39,41d5def09cedb39d298fe9a168d429287b7f3aa70555727b5ed73a6c5c0caeb1
matched_evaluation,project_pool_scalability,BiLo-NSGA,26,analytic_ref1p2_unclipped,1.2000000000,0,0.0822518394,0,0,0,39,41d5def09cedb39d298fe9a168d429287b7f3aa70555727b5ed73a6c5c0caeb1
matched_evaluation,project_pool_scalability,NSGA-II,26,reported_empirical_ref1p1_clipped,1.1000000000,1,0.1790522410,3,0,3,39,fbbfa1d1b9f78b12edffc4d0f85fb512f6ba121f0c57f293f08d425dfff0a1e6
matched_evaluation,project_pool_scalability,NSGA-II,26,reported_empirical_ref1p1_unclipped,1.1000000000,0,0.1957005084,3,0,3,39,fbbfa1d1b9f78b12edffc4d0f85fb512f6ba121f0c57f293f08d425dfff0a1e6
matched_evaluation,project_pool_scalability,NSGA-II,26,expanded_empirical_ref1p1_unclipped,1.1000000000,0,0.2391434360,0,0,0,39,fbbfa1d1b9f78b12edffc4d0f85fb512f6ba121f0c57f293f08d425dfff0a1e6
matched_evaluation,project_pool_scalability,NSGA-II,26,analytic_ref1p05_unclipped,1.0500000000,0,0.0095370940,0,0,0,39,fbbfa1d1b9f78b12edffc4d0f85fb512f6ba121f0c57f293f08d425dfff0a1e6
matched_evaluation,project_pool_scalability,NSGA-II,26,analytic_ref1p1_unclipped,1.1000000000,0,0.0265431785,0,0,0,39,fbbfa1d1b9f78b12edffc4d0f85fb512f6ba121f0c57f293f08d425dfff0a1e6
matched_evaluation,project_pool_scalability,NSGA-II,26,analytic_ref1p2_unclipped,1.2000000000,0,0.0923810833,0,0,0,39,fbbfa1d1b9f78b12edffc4d0f85fb512f6ba121f0c57f293f08d425dfff0a1e6
matched_evaluation,project_pool_scalability,BiLo-NSGA,27,reported_empirical_ref1p1_clipped,1.1000000000,1,0.1648968917,0,0,0,39,a22f4a236769c8d64fe626bd862c3767e3670203d8d48da6d356aab41dcbebeb
matched_evaluation,project_pool_scalability,BiLo-NSGA,27,reported_empirical_ref1p1_unclipped,1.1000000000,0,0.1648968917,0,0,0,39,a22f4a236769c8d64fe626bd862c3767e3670203d8d48da6d356aab41dcbebeb
matched_evaluation,project_pool_scalability,BiLo-NSGA,27,expanded_empirical_ref1p1_unclipped,1.1000000000,0,0.2058675338,0,0,0,39,a22f4a236769c8d64fe626bd862c3767e3670203d8d48da6d356aab41dcbebeb
matched_evaluation,project_pool_scalability,BiLo-NSGA,27,analytic_ref1p05_unclipped,1.0500000000,0,0.0077848443,0,0,0,39,a22f4a236769c8d64fe626bd862c3767e3670203d8d48da6d356aab41dcbebeb
matched_evaluation,project_pool_scalability,BiLo-NSGA,27,analytic_ref1p1_unclipped,1.1000000000,0,0.0226944043,0,0,0,39,a22f4a236769c8d64fe626bd862c3767e3670203d8d48da6d356aab41dcbebeb
matched_evaluation,project_pool_scalability,BiLo-NSGA,27,analytic_ref1p2_unclipped,1.2000000000,0,0.0831253544,0,0,0,39,a22f4a236769c8d64fe626bd862c3767e3670203d8d48da6d356aab41dcbebeb
matched_evaluation,project_pool_scalability,NSGA-II,27,reported_empirical_ref1p1_clipped,1.1000000000,1,0.1752204544,3,0,3,39,a26bebe8d6987c01ad7724032684b2085ddf3d1773580d8c80467faa5654c2d7
matched_evaluation,project_pool_scalability,NSGA-II,27,reported_empirical_ref1p1_unclipped,1.1000000000,0,0.1967038992,3,0,3,39,a26bebe8d6987c01ad7724032684b2085ddf3d1773580d8c80467faa5654c2d7
matched_evaluation,project_pool_scalability,NSGA-II,27,expanded_empirical_ref1p1_unclipped,1.1000000000,0,0.2425576319,0,0,0,39,a26bebe8d6987c01ad7724032684b2085ddf3d1773580d8c80467faa5654c2d7
matched_evaluation,project_pool_scalability,NSGA-II,27,analytic_ref1p05_unclipped,1.0500000000,0,0.0092619185,0,0,0,39,a26bebe8d6987c01ad7724032684b2085ddf3d1773580d8c80467faa5654c2d7
matched_evaluation,project_pool_scalability,NSGA-II,27,analytic_ref1p1_unclipped,1.1000000000,0,0.0261467919,0,0,0,39,a26bebe8d6987c01ad7724032684b2085ddf3d1773580d8c80467faa5654c2d7
matched_evaluation,project_pool_scalability,NSGA-II,27,analytic_ref1p2_unclipped,1.2000000000,0,0.0917797763,0,0,0,39,a26bebe8d6987c01ad7724032684b2085ddf3d1773580d8c80467faa5654c2d7
matched_evaluation,project_pool_scalability,Pareto Local Search,27,reported_empirical_ref1p1_clipped,1.1000000000,1,0.1083193358,0,0,0,40,99554a21c20bdb41c0133570bfb9febfe1dcf00d665bc2bcaa33380a96d69a59
matched_evaluation,project_pool_scalability,Pareto Local Search,27,reported_empirical_ref1p1_unclipped,1.1000000000,0,0.1083193358,0,0,0,40,99554a21c20bdb41c0133570bfb9febfe1dcf00d665bc2bcaa33380a96d69a59
matched_evaluation,project_pool_scalability,Pareto Local Search,27,expanded_empirical_ref1p1_unclipped,1.1000000000,0,0.1512110330,0,0,0,40,99554a21c20bdb41c0133570bfb9febfe1dcf00d665bc2bcaa33380a96d69a59
matched_evaluation,project_pool_scalability,Pareto Local Search,27,analytic_ref1p05_unclipped,1.0500000000,0,0.0071079436,0,0,0,40,99554a21c20bdb41c0133570bfb9febfe1dcf00d665bc2bcaa33380a96d69a59
matched_evaluation,project_pool_scalability,Pareto Local Search,27,analytic_ref1p1_unclipped,1.1000000000,0,0.0208652644,0,0,0,40,99554a21c20bdb41c0133570bfb9febfe1dcf00d665bc2bcaa33380a96d69a59
matched_evaluation,project_pool_scalability,Pareto Local Search,27,analytic_ref1p2_unclipped,1.2000000000,0,0.0774359156,0,0,0,40,99554a21c20bdb41c0133570bfb9febfe1dcf00d665bc2bcaa33380a96d69a59
matched_evaluation,project_pool_scalability,NSGA-II,28,reported_empirical_ref1p1_clipped,1.1000000000,1,0.1768918857,8,0,8,39,dc1b5d25e83148e59cdae54180b1201025f325e6170b8fd5333adca5f056ce15
matched_evaluation,project_pool_scalability,NSGA-II,28,reported_empirical_ref1p1_unclipped,1.1000000000,0,0.2331715805,8,0,8,39,dc1b5d25e83148e59cdae54180b1201025f325e6170b8fd5333adca5f056ce15
matched_evaluation,project_pool_scalability,NSGA-II,28,expanded_empirical_ref1p1_unclipped,1.1000000000,0,0.2775206349,3,0,3,39,dc1b5d25e83148e59cdae54180b1201025f325e6170b8fd5333adca5f056ce15
matched_evaluation,project_pool_scalability,NSGA-II,28,analytic_ref1p05_unclipped,1.0500000000,0,0.0105916333,0,0,0,39,dc1b5d25e83148e59cdae54180b1201025f325e6170b8fd5333adca5f056ce15
matched_evaluation,project_pool_scalability,NSGA-II,28,analytic_ref1p1_unclipped,1.1000000000,0,0.0291136654,0,0,0,39,dc1b5d25e83148e59cdae54180b1201025f325e6170b8fd5333adca5f056ce15
matched_evaluation,project_pool_scalability,NSGA-II,28,analytic_ref1p2_unclipped,1.2000000000,0,0.0993339785,0,0,0,39,dc1b5d25e83148e59cdae54180b1201025f325e6170b8fd5333adca5f056ce15
matched_evaluation,project_pool_scalability,Pareto Local Search,28,reported_empirical_ref1p1_clipped,1.1000000000,1,0.1224169898,0,0,0,40,f4bec45b2c017b89589f7102e18d0e093f99c220883fa4a7ed0e101ce02d8bd8
matched_evaluation,project_pool_scalability,Pareto Local Search,28,reported_empirical_ref1p1_unclipped,1.1000000000,0,0.1224169898,0,0,0,40,f4bec45b2c017b89589f7102e18d0e093f99c220883fa4a7ed0e101ce02d8bd8
matched_evaluation,project_pool_scalability,Pareto Local Search,28,expanded_empirical_ref1p1_unclipped,1.1000000000,0,0.1648535790,0,0,0,40,f4bec45b2c017b89589f7102e18d0e093f99c220883fa4a7ed0e101ce02d8bd8
matched_evaluation,project_pool_scalability,Pareto Local Search,28,analytic_ref1p05_unclipped,1.0500000000,0,0.0074956269,0,0,0,40,f4bec45b2c017b89589f7102e18d0e093f99c220883fa4a7ed0e101ce02d8bd8
matched_evaluation,project_pool_scalability,Pareto Local Search,28,analytic_ref1p1_unclipped,1.1000000000,0,0.0216877856,0,0,0,40,f4bec45b2c017b89589f7102e18d0e093f99c220883fa4a7ed0e101ce02d8bd8
matched_evaluation,project_pool_scalability,Pareto Local Search,28,analytic_ref1p2_unclipped,1.2000000000,0,0.0792708782,0,0,0,40,f4bec45b2c017b89589f7102e18d0e093f99c220883fa4a7ed0e101ce02d8bd8
matched_evaluation,project_pool_scalability,BiLo-NSGA,28,reported_empirical_ref1p1_clipped,1.1000000000,1,0.1675356972,0,0,0,38,6a21c93a03124fca13b8d75106380460c44875d5b605c9f6cf1999209a930a3a
matched_evaluation,project_pool_scalability,BiLo-NSGA,28,reported_empirical_ref1p1_unclipped,1.1000000000,0,0.1675356972,0,0,0,38,6a21c93a03124fca13b8d75106380460c44875d5b605c9f6cf1999209a930a3a
matched_evaluation,project_pool_scalability,BiLo-NSGA,28,expanded_empirical_ref1p1_unclipped,1.1000000000,0,0.2081536369,0,0,0,38,6a21c93a03124fca13b8d75106380460c44875d5b605c9f6cf1999209a930a3a
matched_evaluation,project_pool_scalability,BiLo-NSGA,28,analytic_ref1p05_unclipped,1.0500000000,0,0.0069571696,0,0,0,38,6a21c93a03124fca13b8d75106380460c44875d5b605c9f6cf1999209a930a3a
matched_evaluation,project_pool_scalability,BiLo-NSGA,28,analytic_ref1p1_unclipped,1.1000000000,0,0.0208770318,0,0,0,38,6a21c93a03124fca13b8d75106380460c44875d5b605c9f6cf1999209a930a3a
matched_evaluation,project_pool_scalability,BiLo-NSGA,28,analytic_ref1p2_unclipped,1.2000000000,0,0.0785038595,0,0,0,38,6a21c93a03124fca13b8d75106380460c44875d5b605c9f6cf1999209a930a3a
matched_evaluation,project_pool_scalability,Pareto Local Search,29,reported_empirical_ref1p1_clipped,1.1000000000,1,0.1208924857,0,0,0,40,3b016e1ca0ce8196f11e0ea5f00b6a42a56e91ba691c45091091a0a454a9c717
matched_evaluation,project_pool_scalability,Pareto Local Search,29,reported_empirical_ref1p1_unclipped,1.1000000000,0,0.1208924857,0,0,0,40,3b016e1ca0ce8196f11e0ea5f00b6a42a56e91ba691c45091091a0a454a9c717
matched_evaluation,project_pool_scalability,Pareto Local Search,29,expanded_empirical_ref1p1_unclipped,1.1000000000,0,0.1634214567,0,0,0,40,3b016e1ca0ce8196f11e0ea5f00b6a42a56e91ba691c45091091a0a454a9c717
matched_evaluation,project_pool_scalability,Pareto Local Search,29,analytic_ref1p05_unclipped,1.0500000000,0,0.0069179453,0,0,0,40,3b016e1ca0ce8196f11e0ea5f00b6a42a56e91ba691c45091091a0a454a9c717
matched_evaluation,project_pool_scalability,Pareto Local Search,29,analytic_ref1p1_unclipped,1.1000000000,0,0.0205619134,0,0,0,40,3b016e1ca0ce8196f11e0ea5f00b6a42a56e91ba691c45091091a0a454a9c717
matched_evaluation,project_pool_scalability,Pareto Local Search,29,analytic_ref1p2_unclipped,1.2000000000,0,0.0771135806,0,0,0,40,3b016e1ca0ce8196f11e0ea5f00b6a42a56e91ba691c45091091a0a454a9c717
matched_evaluation,project_pool_scalability,BiLo-NSGA,29,reported_empirical_ref1p1_clipped,1.1000000000,1,0.1825016591,1,0,1,39,fd955740484a1aee9c89eb5d2a801621eb9527c0029592a744ecdc1d33f25631
matched_evaluation,project_pool_scalability,BiLo-NSGA,29,reported_empirical_ref1p1_unclipped,1.1000000000,0,0.1836801418,1,0,1,39,fd955740484a1aee9c89eb5d2a801621eb9527c0029592a744ecdc1d33f25631
matched_evaluation,project_pool_scalability,BiLo-NSGA,29,expanded_empirical_ref1p1_unclipped,1.1000000000,0,0.2235335146,0,0,0,39,fd955740484a1aee9c89eb5d2a801621eb9527c0029592a744ecdc1d33f25631
matched_evaluation,project_pool_scalability,BiLo-NSGA,29,analytic_ref1p05_unclipped,1.0500000000,0,0.0081235649,0,0,0,39,fd955740484a1aee9c89eb5d2a801621eb9527c0029592a744ecdc1d33f25631
matched_evaluation,project_pool_scalability,BiLo-NSGA,29,analytic_ref1p1_unclipped,1.1000000000,0,0.0232831252,0,0,0,39,fd955740484a1aee9c89eb5d2a801621eb9527c0029592a744ecdc1d33f25631
matched_evaluation,project_pool_scalability,BiLo-NSGA,29,analytic_ref1p2_unclipped,1.2000000000,0,0.0843121735,0,0,0,39,fd955740484a1aee9c89eb5d2a801621eb9527c0029592a744ecdc1d33f25631
matched_evaluation,project_pool_scalability,NSGA-II,29,reported_empirical_ref1p1_clipped,1.1000000000,1,0.1761687596,5,0,5,39,9cf79183a7f7857365693a7c43560d5d5ba729fae9ad20eca8c3403b49ad15f5
matched_evaluation,project_pool_scalability,NSGA-II,29,reported_empirical_ref1p1_unclipped,1.1000000000,0,0.2071625679,5,0,5,39,9cf79183a7f7857365693a7c43560d5d5ba729fae9ad20eca8c3403b49ad15f5
matched_evaluation,project_pool_scalability,NSGA-II,29,expanded_empirical_ref1p1_unclipped,1.1000000000,0,0.2523356925,0,0,0,39,9cf79183a7f7857365693a7c43560d5d5ba729fae9ad20eca8c3403b49ad15f5
matched_evaluation,project_pool_scalability,NSGA-II,29,analytic_ref1p05_unclipped,1.0500000000,0,0.0097891363,0,0,0,39,9cf79183a7f7857365693a7c43560d5d5ba729fae9ad20eca8c3403b49ad15f5
matched_evaluation,project_pool_scalability,NSGA-II,29,analytic_ref1p1_unclipped,1.1000000000,0,0.0273781312,0,0,0,39,9cf79183a7f7857365693a7c43560d5d5ba729fae9ad20eca8c3403b49ad15f5
matched_evaluation,project_pool_scalability,NSGA-II,29,analytic_ref1p2_unclipped,1.2000000000,0,0.0949350354,0,0,0,39,9cf79183a7f7857365693a7c43560d5d5ba729fae9ad20eca8c3403b49ad15f5
